1.000000000000,2.025400000000,0.000000000000,-0.160000000000
2.000000000000,2.025400000000,0.086502530790,-0.134600565300
3.000000000000,2.025400000000,0.145541119300,-0.066466402080
4.000000000000,2.025400000000,0.158371430700,0.022770374120
5.000000000000,2.025400000000,0.120919931900,0.104777717400
6.000000000000,2.025400000000,0.045077209090,0.153518875800
7.000000000000,2.025400000000,-0.045077209090,0.153518875800
8.000000000000,2.025400000000,-0.120919931900,0.104777717400
9.000000000000,2.025400000000,-0.158371430700,0.022770374120
10.000000000000,2.025400000000,-0.145541119300,-0.066466402080
11.000000000000,2.025400000000,-0.086502530790,-0.134600565300
12.000000000000,2.025400000000,0.000000000000,-0.135000000000
13.000000000000,2.025400000000,0.086776327310,-0.103415999800
14.000000000000,2.025400000000,0.132949046700,-0.023442503990
15.000000000000,2.025400000000,0.116913429500,0.067500000000
16.000000000000,2.025400000000,0.046172719350,0.126858503800
17.000000000000,2.025400000000,-0.046172719350,0.126858503800
18.000000000000,2.025400000000,-0.116913429500,0.067500000000
19.000000000000,2.025400000000,-0.132949046700,-0.023442503990
20.000000000000,2.025400000000,-0.086776327310,-0.103415999800
21.000000000000,0.000000000000,0.000000000000,-0.800000000000
22.000000000000,0.000000000000,0.098310632530,-0.793936407700
23.000000000000,0.000000000000,0.195130976100,-0.775837548800
24.000000000000,0.000000000000,0.288993332900,-0.745977783500
25.000000000000,0.000000000000,0.378474845500,-0.704809755400
26.000000000000,0.000000000000,0.462219065100,-0.652957529900
27.000000000000,0.000000000000,0.538956514900,-0.591207133800
28.000000000000,0.000000000000,0.607523933300,-0.520494640200
29.000000000000,0.000000000000,0.666881908200,-0.441891978400
30.000000000000,0.000000000000,0.716130633100,-0.356590684600
31.000000000000,0.000000000000,0.754523547600,-0.265883839600
32.000000000000,0.000000000000,0.781478654200,-0.171146466600
33.000000000000,0.000000000000,0.796587341000,-0.073814687570
34.000000000000,0.000000000000,0.799620575800,0.024636046840
35.000000000000,0.000000000000,0.790532377700,0.122713323900
36.000000000000,0.000000000000,0.769460514500,0.218930392100
37.000000000000,0.000000000000,0.736724414400,0.311828698600
38.000000000000,0.000000000000,0.692820323000,0.400000000000
39.000000000000,0.000000000000,0.638413781800,0.482107709100
40.000000000000,0.000000000000,0.574329538500,0.556907156800
41.000000000000,0.000000000000,0.501539044700,0.623264459600
42.000000000000,0.000000000000,0.421145730300,0.680173708600
43.000000000000,0.000000000000,0.334368275900,0.726772217500
44.000000000000,0.000000000000,0.242522139300,0.762353600300
45.000000000000,0.000000000000,0.146999614300,0.786378479700
46.000000000000,0.000000000000,0.049248724910,0.798482663000
47.000000000000,0.000000000000,-0.049248724910,0.798482663000
48.000000000000,0.000000000000,-0.146999614300,0.786378479700
49.000000000000,0.000000000000,-0.242522139300,0.762353600300
50.000000000000,0.000000000000,-0.334368275900,0.726772217500
51.000000000000,0.000000000000,-0.421145730300,0.680173708600
52.000000000000,0.000000000000,-0.501539044700,0.623264459600
53.000000000000,0.000000000000,-0.574329538500,0.556907156800
54.000000000000,0.000000000000,-0.638413781800,0.482107709100
55.000000000000,0.000000000000,-0.692820323000,0.400000000000
56.000000000000,0.000000000000,-0.736724414400,0.311828698600
57.000000000000,0.000000000000,-0.769460514500,0.218930392100
58.000000000000,0.000000000000,-0.790532377700,0.122713323900
59.000000000000,0.000000000000,-0.799620575800,0.024636046840
60.000000000000,0.000000000000,-0.796587341000,-0.073814687570
61.000000000000,0.000000000000,-0.781478654200,-0.171146466600
62.000000000000,0.000000000000,-0.754523547600,-0.265883839600
63.000000000000,0.000000000000,-0.716130633100,-0.356590684600
64.000000000000,0.000000000000,-0.666881908200,-0.441891978400
65.000000000000,0.000000000000,-0.607523933300,-0.520494640200
66.000000000000,0.000000000000,-0.538956514900,-0.591207133800
67.000000000000,0.000000000000,-0.462219065100,-0.652957529900
68.000000000000,0.000000000000,-0.378474845500,-0.704809755400
69.000000000000,0.000000000000,-0.288993332900,-0.745977783500
70.000000000000,0.000000000000,-0.195130976100,-0.775837548800
71.000000000000,0.000000000000,-0.098310632530,-0.793936407700
72.000000000000,1.600000000000,0.000000000000,-0.800000000000
73.000000000000,1.600000000000,0.098310632530,-0.793936407700
74.000000000000,1.600000000000,0.195130976100,-0.775837548800
75.000000000000,1.600000000000,0.288993332900,-0.745977783500
76.000000000000,1.600000000000,0.378474845500,-0.704809755400
77.000000000000,1.600000000000,0.462219065100,-0.652957529900
78.000000000000,1.600000000000,0.538956514900,-0.591207133800
79.000000000000,1.600000000000,0.607523933300,-0.520494640200
80.000000000000,1.600000000000,0.666881908200,-0.441891978400
81.000000000000,1.600000000000,0.716130633100,-0.356590684600
82.000000000000,1.600000000000,0.754523547600,-0.265883839600
83.000000000000,1.600000000000,0.781478654200,-0.171146466600
84.000000000000,1.600000000000,0.796587341000,-0.073814687570
85.000000000000,1.600000000000,0.799620575800,0.024636046840
86.000000000000,1.600000000000,0.790532377700,0.122713323900
87.000000000000,1.600000000000,0.769460514500,0.218930392100
88.000000000000,1.600000000000,0.736724414400,0.311828698600
89.000000000000,1.600000000000,0.692820323000,0.400000000000
90.000000000000,1.600000000000,0.638413781800,0.482107709100
91.000000000000,1.600000000000,0.574329538500,0.556907156800
92.000000000000,1.600000000000,0.501539044700,0.623264459600
93.000000000000,1.600000000000,0.421145730300,0.680173708600
94.000000000000,1.600000000000,0.334368275900,0.726772217500
95.000000000000,1.600000000000,0.242522139300,0.762353600300
96.000000000000,1.600000000000,0.146999614300,0.786378479700
97.000000000000,1.600000000000,0.049248724910,0.798482663000
98.000000000000,1.600000000000,-0.049248724910,0.798482663000
99.000000000000,1.600000000000,-0.146999614300,0.786378479700
100.000000000000,1.600000000000,-0.242522139300,0.762353600300
101.000000000000,1.600000000000,-0.334368275900,0.726772217500
102.000000000000,1.600000000000,-0.421145730300,0.680173708600
103.000000000000,1.600000000000,-0.501539044700,0.623264459600
104.000000000000,1.600000000000,-0.574329538500,0.556907156800
105.000000000000,1.600000000000,-0.638413781800,0.482107709100
106.000000000000,1.600000000000,-0.692820323000,0.400000000000
107.000000000000,1.600000000000,-0.736724414400,0.311828698600
108.000000000000,1.600000000000,-0.769460514500,0.218930392100
109.000000000000,1.600000000000,-0.790532377700,0.122713323900
110.000000000000,1.600000000000,-0.799620575800,0.024636046840
111.000000000000,1.600000000000,-0.796587341000,-0.073814687570
112.000000000000,1.600000000000,-0.781478654200,-0.171146466600
113.000000000000,1.600000000000,-0.754523547600,-0.265883839600
114.000000000000,1.600000000000,-0.716130633100,-0.356590684600
115.000000000000,1.600000000000,-0.666881908200,-0.441891978400
116.000000000000,1.600000000000,-0.607523933300,-0.520494640200
117.000000000000,1.600000000000,-0.538956514900,-0.591207133800
118.000000000000,1.600000000000,-0.462219065100,-0.652957529900
119.000000000000,1.600000000000,-0.378474845500,-0.704809755400
120.000000000000,1.600000000000,-0.288993332900,-0.745977783500
121.000000000000,1.600000000000,-0.195130976100,-0.775837548800
122.000000000000,1.600000000000,-0.098310632530,-0.793936407700
123.000000000000,1.600000000000,0.000000000000,-0.160000000000
124.000000000000,1.600000000000,0.086502530790,-0.134600565300
125.000000000000,1.600000000000,0.145541119300,-0.066466402080
126.000000000000,1.600000000000,0.158371430700,0.022770374120
127.000000000000,1.600000000000,0.120919931900,0.104777717400
128.000000000000,1.600000000000,0.045077209090,0.153518875800
129.000000000000,1.600000000000,-0.045077209090,0.153518875800
130.000000000000,1.600000000000,-0.120919931900,0.104777717400
131.000000000000,1.600000000000,-0.158371430700,0.022770374120
132.000000000000,1.600000000000,-0.145541119300,-0.066466402080
133.000000000000,1.600000000000,-0.086502530790,-0.134600565300
134.000000000000,0.000000000000,0.000000000000,0.228600000000
135.000000000000,0.000000000000,0.092979996610,0.208836491600
136.000000000000,0.000000000000,0.169882907100,0.152963256600
137.000000000000,0.000000000000,0.217411519600,0.070641284910
138.000000000000,0.000000000000,0.227347705300,-0.023895206700
139.000000000000,0.000000000000,0.197973407300,-0.114300000000
140.000000000000,0.000000000000,0.134367708700,-0.184941284900
141.000000000000,0.000000000000,0.047528612520,-0.223604541500
142.000000000000,0.000000000000,-0.047528612520,-0.223604541500
143.000000000000,0.000000000000,-0.134367708700,-0.184941284900
144.000000000000,0.000000000000,-0.197973407300,-0.114300000000
145.000000000000,0.000000000000,-0.227347705300,-0.023895206700
146.000000000000,0.000000000000,-0.217411519600,0.070641284910
147.000000000000,0.000000000000,-0.169882907100,0.152963256600
148.000000000000,0.000000000000,-0.092979996610,0.208836491600
149.000000000000,0.800000000000,0.000000000000,0.228600000000
150.000000000000,0.800000000000,0.092979996610,0.208836491600
151.000000000000,0.800000000000,0.169882907100,0.152963256600
152.000000000000,0.800000000000,0.217411519600,0.070641284910
153.000000000000,0.800000000000,0.227347705300,-0.023895206700
154.000000000000,0.800000000000,0.197973407300,-0.114300000000
155.000000000000,0.800000000000,0.134367708700,-0.184941284900
156.000000000000,0.800000000000,0.047528612520,-0.223604541500
157.000000000000,0.800000000000,-0.047528612520,-0.223604541500
158.000000000000,0.800000000000,-0.134367708700,-0.184941284900
159.000000000000,0.800000000000,-0.197973407300,-0.114300000000
160.000000000000,0.800000000000,-0.227347705300,-0.023895206700
161.000000000000,0.800000000000,-0.217411519600,0.070641284910
162.000000000000,0.800000000000,-0.169882907100,0.152963256600
163.000000000000,0.800000000000,-0.092979996610,0.208836491600
164.000000000000,0.800000000000,0.000000000000,0.203600000000
165.000000000000,0.800000000000,0.094617637830,0.180278846800
166.000000000000,0.800000000000,0.167559515100,0.115657982400
167.000000000000,0.800000000000,0.202115526800,0.024541268100
168.000000000000,0.800000000000,0.190369307000,-0.072197555000
169.000000000000,0.800000000000,0.135011773200,-0.152396788300
170.000000000000,0.800000000000,0.048724669250,-0.197683754000
171.000000000000,0.800000000000,-0.048724669250,-0.197683754000
172.000000000000,0.800000000000,-0.135011773200,-0.152396788300
173.000000000000,0.800000000000,-0.190369307000,-0.072197555000
174.000000000000,0.800000000000,-0.202115526800,0.024541268100
175.000000000000,0.800000000000,-0.167559515100,0.115657982400
176.000000000000,0.800000000000,-0.094617637830,0.180278846800
177.000000000000,-0.500000000000,0.000000000000,-0.203600000000
178.000000000000,-0.500000000000,0.094617637830,-0.180278846800
179.000000000000,-0.500000000000,0.167559515100,-0.115657982400
180.000000000000,-0.500000000000,0.202115526800,-0.024541268100
181.000000000000,-0.500000000000,0.190369307000,0.072197555000
182.000000000000,-0.500000000000,0.135011773200,0.152396788300
183.000000000000,-0.500000000000,0.048724669250,0.197683754000
184.000000000000,-0.500000000000,-0.048724669250,0.197683754000
185.000000000000,-0.500000000000,-0.135011773200,0.152396788300
186.000000000000,-0.500000000000,-0.190369307000,0.072197555000
187.000000000000,-0.500000000000,-0.202115526800,-0.024541268100
188.000000000000,-0.500000000000,-0.167559515100,-0.115657982400
189.000000000000,-0.500000000000,-0.094617637830,-0.180278846800
190.000000000000,1.200000000000,0.000000000000,-0.160000000000
191.000000000000,1.200000000000,0.086502530790,-0.134600565300
192.000000000000,1.200000000000,0.145541119300,-0.066466402080
193.000000000000,1.200000000000,0.158371430700,0.022770374120
194.000000000000,1.200000000000,0.120919931900,0.104777717400
195.000000000000,1.200000000000,0.045077209090,0.153518875800
196.000000000000,1.200000000000,-0.045077209090,0.153518875800
197.000000000000,1.200000000000,-0.120919931900,0.104777717400
198.000000000000,1.200000000000,-0.158371430700,0.022770374120
199.000000000000,1.200000000000,-0.145541119300,-0.066466402080
200.000000000000,1.200000000000,-0.086502530790,-0.134600565300
201.000000000000,1.200000000000,0.000000000000,-0.135000000000
202.000000000000,1.200000000000,0.086776327310,-0.103415999800
203.000000000000,1.200000000000,0.132949046700,-0.023442503990
204.000000000000,1.200000000000,0.116913429500,0.067500000000
205.000000000000,1.200000000000,0.046172719350,0.126858503800
206.000000000000,1.200000000000,-0.046172719350,0.126858503800
207.000000000000,1.200000000000,-0.116913429500,0.067500000000
208.000000000000,1.200000000000,-0.132949046700,-0.023442503990
209.000000000000,1.200000000000,-0.086776327310,-0.103415999800
210.000000000000,1.625000000000,0.000000000000,-0.160000000000
211.000000000000,1.625000000000,0.086502530790,-0.134600565300
212.000000000000,1.625000000000,0.145541119300,-0.066466402080
213.000000000000,1.625000000000,0.158371430700,0.022770374120
214.000000000000,1.625000000000,0.120919931900,0.104777717400
215.000000000000,1.625000000000,0.045077209090,0.153518875800
216.000000000000,1.625000000000,-0.045077209090,0.153518875800
217.000000000000,1.625000000000,-0.120919931900,0.104777717400
218.000000000000,1.625000000000,-0.158371430700,0.022770374120
219.000000000000,1.625000000000,-0.145541119300,-0.066466402080
220.000000000000,1.625000000000,-0.086502530790,-0.134600565300
221.000000000000,1.625000000000,0.000000000000,-0.800000000000
222.000000000000,1.625000000000,0.098310632530,-0.793936407700
223.000000000000,1.625000000000,0.195130976100,-0.775837548800
224.000000000000,1.625000000000,0.288993332900,-0.745977783500
225.000000000000,1.625000000000,0.378474845500,-0.704809755400
226.000000000000,1.625000000000,0.462219065100,-0.652957529900
227.000000000000,1.625000000000,0.538956514900,-0.591207133800
228.000000000000,1.625000000000,0.607523933300,-0.520494640200
229.000000000000,1.625000000000,0.666881908200,-0.441891978400
230.000000000000,1.625000000000,0.716130633100,-0.356590684600
231.000000000000,1.625000000000,0.754523547600,-0.265883839600
232.000000000000,1.625000000000,0.781478654200,-0.171146466600
233.000000000000,1.625000000000,0.796587341000,-0.073814687570
234.000000000000,1.625000000000,0.799620575800,0.024636046840
235.000000000000,1.625000000000,0.790532377700,0.122713323900
236.000000000000,1.625000000000,0.769460514500,0.218930392100
237.000000000000,1.625000000000,0.736724414400,0.311828698600
238.000000000000,1.625000000000,0.692820323000,0.400000000000
239.000000000000,1.625000000000,0.638413781800,0.482107709100
240.000000000000,1.625000000000,0.574329538500,0.556907156800
241.000000000000,1.625000000000,0.501539044700,0.623264459600
242.000000000000,1.625000000000,0.421145730300,0.680173708600
243.000000000000,1.625000000000,0.334368275900,0.726772217500
244.000000000000,1.625000000000,0.242522139300,0.762353600300
245.000000000000,1.625000000000,0.146999614300,0.786378479700
246.000000000000,1.625000000000,0.049248724910,0.798482663000
247.000000000000,1.625000000000,-0.049248724910,0.798482663000
248.000000000000,1.625000000000,-0.146999614300,0.786378479700
249.000000000000,1.625000000000,-0.242522139300,0.762353600300
250.000000000000,1.625000000000,-0.334368275900,0.726772217500
251.000000000000,1.625000000000,-0.421145730300,0.680173708600
252.000000000000,1.625000000000,-0.501539044700,0.623264459600
253.000000000000,1.625000000000,-0.574329538500,0.556907156800
254.000000000000,1.625000000000,-0.638413781800,0.482107709100
255.000000000000,1.625000000000,-0.692820323000,0.400000000000
256.000000000000,1.625000000000,-0.736724414400,0.311828698600
257.000000000000,1.625000000000,-0.769460514500,0.218930392100
258.000000000000,1.625000000000,-0.790532377700,0.122713323900
259.000000000000,1.625000000000,-0.799620575800,0.024636046840
260.000000000000,1.625000000000,-0.796587341000,-0.073814687570
261.000000000000,1.625000000000,-0.781478654200,-0.171146466600
262.000000000000,1.625000000000,-0.754523547600,-0.265883839600
263.000000000000,1.625000000000,-0.716130633100,-0.356590684600
264.000000000000,1.625000000000,-0.666881908200,-0.441891978400
265.000000000000,1.625000000000,-0.607523933300,-0.520494640200
266.000000000000,1.625000000000,-0.538956514900,-0.591207133800
267.000000000000,1.625000000000,-0.462219065100,-0.652957529900
268.000000000000,1.625000000000,-0.378474845500,-0.704809755400
269.000000000000,1.625000000000,-0.288993332900,-0.745977783500
270.000000000000,1.625000000000,-0.195130976100,-0.775837548800
271.000000000000,1.625000000000,-0.098310632530,-0.793936407700
272.000000000000,3.225400000000,0.000000000000,-0.800000000000
273.000000000000,3.225400000000,0.098310632530,-0.793936407700
274.000000000000,3.225400000000,0.195130976100,-0.775837548800
275.000000000000,3.225400000000,0.288993332900,-0.745977783500
276.000000000000,3.225400000000,0.378474845500,-0.704809755400
277.000000000000,3.225400000000,0.462219065100,-0.652957529900
278.000000000000,3.225400000000,0.538956514900,-0.591207133800
279.000000000000,3.225400000000,0.607523933300,-0.520494640200
280.000000000000,3.225400000000,0.666881908200,-0.441891978400
281.000000000000,3.225400000000,0.716130633100,-0.356590684600
282.000000000000,3.225400000000,0.754523547600,-0.265883839600
283.000000000000,3.225400000000,0.781478654200,-0.171146466600
284.000000000000,3.225400000000,0.796587341000,-0.073814687570
285.000000000000,3.225400000000,0.799620575800,0.024636046840
286.000000000000,3.225400000000,0.790532377700,0.122713323900
287.000000000000,3.225400000000,0.769460514500,0.218930392100
288.000000000000,3.225400000000,0.736724414400,0.311828698600
289.000000000000,3.225400000000,0.692820323000,0.400000000000
290.000000000000,3.225400000000,0.638413781800,0.482107709100
291.000000000000,3.225400000000,0.574329538500,0.556907156800
292.000000000000,3.225400000000,0.501539044700,0.623264459600
293.000000000000,3.225400000000,0.421145730300,0.680173708600
294.000000000000,3.225400000000,0.334368275900,0.726772217500
295.000000000000,3.225400000000,0.242522139300,0.762353600300
296.000000000000,3.225400000000,0.146999614300,0.786378479700
297.000000000000,3.225400000000,0.049248724910,0.798482663000
298.000000000000,3.225400000000,-0.049248724910,0.798482663000
299.000000000000,3.225400000000,-0.146999614300,0.786378479700
300.000000000000,3.225400000000,-0.242522139300,0.762353600300
301.000000000000,3.225400000000,-0.334368275900,0.726772217500
302.000000000000,3.225400000000,-0.421145730300,0.680173708600
303.000000000000,3.225400000000,-0.501539044700,0.623264459600
304.000000000000,3.225400000000,-0.574329538500,0.556907156800
305.000000000000,3.225400000000,-0.638413781800,0.482107709100
306.000000000000,3.225400000000,-0.692820323000,0.400000000000
307.000000000000,3.225400000000,-0.736724414400,0.311828698600
308.000000000000,3.225400000000,-0.769460514500,0.218930392100
309.000000000000,3.225400000000,-0.790532377700,0.122713323900
310.000000000000,3.225400000000,-0.799620575800,0.024636046840
311.000000000000,3.225400000000,-0.796587341000,-0.073814687570
312.000000000000,3.225400000000,-0.781478654200,-0.171146466600
313.000000000000,3.225400000000,-0.754523547600,-0.265883839600
314.000000000000,3.225400000000,-0.716130633100,-0.356590684600
315.000000000000,3.225400000000,-0.666881908200,-0.441891978400
316.000000000000,3.225400000000,-0.607523933300,-0.520494640200
317.000000000000,3.225400000000,-0.538956514900,-0.591207133800
318.000000000000,3.225400000000,-0.462219065100,-0.652957529900
319.000000000000,3.225400000000,-0.378474845500,-0.704809755400
320.000000000000,3.225400000000,-0.288993332900,-0.745977783500
321.000000000000,3.225400000000,-0.195130976100,-0.775837548800
322.000000000000,3.225400000000,-0.098310632530,-0.793936407700
323.000000000000,3.225400000000,0.000000000000,-0.228600000000
324.000000000000,3.225400000000,0.092979996610,-0.208836491600
325.000000000000,3.225400000000,0.169882907100,-0.152963256600
326.000000000000,3.225400000000,0.217411519600,-0.070641284910
327.000000000000,3.225400000000,0.227347705300,0.023895206700
328.000000000000,3.225400000000,0.197973407300,0.114300000000
329.000000000000,3.225400000000,0.134367708700,0.184941284900
330.000000000000,3.225400000000,0.047528612520,0.223604541500
331.000000000000,3.225400000000,-0.047528612520,0.223604541500
332.000000000000,3.225400000000,-0.134367708700,0.184941284900
333.000000000000,3.225400000000,-0.197973407300,0.114300000000
334.000000000000,3.225400000000,-0.227347705300,0.023895206700
335.000000000000,3.225400000000,-0.217411519600,-0.070641284910
336.000000000000,3.225400000000,-0.169882907100,-0.152963256600
337.000000000000,3.225400000000,-0.092979996610,-0.208836491600
338.000000000000,2.425400000000,0.000000000000,-0.228600000000
339.000000000000,2.425400000000,0.092979996610,-0.208836491600
340.000000000000,2.425400000000,0.169882907100,-0.152963256600
341.000000000000,2.425400000000,0.217411519600,-0.070641284910
342.000000000000,2.425400000000,0.227347705300,0.023895206700
343.000000000000,2.425400000000,0.197973407300,0.114300000000
344.000000000000,2.425400000000,0.134367708700,0.184941284900
345.000000000000,2.425400000000,0.047528612520,0.223604541500
346.000000000000,2.425400000000,-0.047528612520,0.223604541500
347.000000000000,2.425400000000,-0.134367708700,0.184941284900
348.000000000000,2.425400000000,-0.197973407300,0.114300000000
349.000000000000,2.425400000000,-0.227347705300,0.023895206700
350.000000000000,2.425400000000,-0.217411519600,-0.070641284910
351.000000000000,2.425400000000,-0.169882907100,-0.152963256600
352.000000000000,2.425400000000,-0.092979996610,-0.208836491600
353.000000000000,2.425400000000,0.000000000000,-0.203600000000
354.000000000000,2.425400000000,0.094617637830,-0.180278846800
355.000000000000,2.425400000000,0.167559515100,-0.115657982400
356.000000000000,2.425400000000,0.202115526800,-0.024541268100
357.000000000000,2.425400000000,0.190369307000,0.072197555000
358.000000000000,2.425400000000,0.135011773200,0.152396788300
359.000000000000,2.425400000000,0.048724669250,0.197683754000
360.000000000000,2.425400000000,-0.048724669250,0.197683754000
361.000000000000,2.425400000000,-0.135011773200,0.152396788300
362.000000000000,2.425400000000,-0.190369307000,0.072197555000
363.000000000000,2.425400000000,-0.202115526800,-0.024541268100
364.000000000000,2.425400000000,-0.167559515100,-0.115657982400
365.000000000000,2.425400000000,-0.094617637830,-0.180278846800
366.000000000000,3.725400000000,0.000000000000,-0.203600000000
367.000000000000,3.725400000000,0.094617637830,-0.180278846800
368.000000000000,3.725400000000,0.167559515100,-0.115657982400
369.000000000000,3.725400000000,0.202115526800,-0.024541268100
370.000000000000,3.725400000000,0.190369307000,0.072197555000
371.000000000000,3.725400000000,0.135011773200,0.152396788300
372.000000000000,3.725400000000,0.048724669250,0.197683754000
373.000000000000,3.725400000000,-0.048724669250,0.197683754000
374.000000000000,3.725400000000,-0.135011773200,0.152396788300
375.000000000000,3.725400000000,-0.190369307000,0.072197555000
376.000000000000,3.725400000000,-0.202115526800,-0.024541268100
377.000000000000,3.725400000000,-0.167559515100,-0.115657982400
378.000000000000,3.725400000000,-0.094617637830,-0.180278846800
379.000000000000,2.513281141000,-0.190369307000,-0.072197555000
380.000000000000,3.637518859000,-0.190369307000,-0.072197555000
381.000000000000,2.513281141000,0.048724669250,-0.197683754000
382.000000000000,3.637518859000,0.048724669250,-0.197683754000
383.000000000000,2.513281141000,0.190369307000,-0.072197555000
384.000000000000,2.513281141000,-0.094617637830,0.180278846800
385.000000000000,3.637518859000,0.190369307000,-0.072197555000
386.000000000000,3.637518859000,-0.094617637830,0.180278846800
387.000000000000,2.513281141000,0.167559515100,0.115657982400
388.000000000000,2.513281141000,-0.167559515100,0.115657982400
389.000000000000,3.637518859000,0.167559515100,0.115657982400
390.000000000000,3.637518859000,-0.167559515100,0.115657982400
391.000000000000,2.513281141000,0.135011773200,-0.152396788300
392.000000000000,2.513281141000,0.094617637830,0.180278846800
393.000000000000,3.637518859000,0.135011773200,-0.152396788300
394.000000000000,3.637518859000,0.094617637830,0.180278846800
395.000000000000,2.513281141000,-0.202115526800,0.024541268100
396.000000000000,3.637518859000,-0.202115526800,0.024541268100
397.000000000000,2.513281141000,0.202115526800,0.024541268100
398.000000000000,2.513281141000,0.000000000000,0.203600000000
399.000000000000,2.513281141000,-0.135011773200,-0.152396788300
400.000000000000,3.637518859000,0.202115526800,0.024541268100
401.000000000000,3.637518859000,0.000000000000,0.203600000000
402.000000000000,3.637518859000,-0.135011773200,-0.152396788300
403.000000000000,2.513281141000,-0.048724669250,-0.197683754000
404.000000000000,3.637518859000,-0.048724669250,-0.197683754000
405.000000000000,2.601162281000,-0.202115526800,-0.024541268100
406.000000000000,2.601162281000,-0.167559515100,-0.115657982400
407.000000000000,3.549637719000,-0.167559515100,-0.115657982400
408.000000000000,3.549637719000,-0.202115526800,-0.024541268100
409.000000000000,2.601162281000,0.000000000000,-0.203600000000
410.000000000000,2.601162281000,0.094617637830,-0.180278846800
411.000000000000,3.549637719000,0.094617637830,-0.180278846800
412.000000000000,3.549637719000,0.000000000000,-0.203600000000
413.000000000000,2.601162281000,0.167559515100,-0.115657982400
414.000000000000,2.601162281000,0.202115526800,-0.024541268100
415.000000000000,2.601162281000,-0.048724669250,0.197683754000
416.000000000000,2.601162281000,-0.135011773200,0.152396788300
417.000000000000,3.549637719000,0.202115526800,-0.024541268100
418.000000000000,3.549637719000,0.167559515100,-0.115657982400
419.000000000000,3.549637719000,-0.135011773200,0.152396788300
420.000000000000,3.549637719000,-0.048724669250,0.197683754000
421.000000000000,2.601162281000,0.190369307000,0.072197555000
422.000000000000,2.601162281000,0.135011773200,0.152396788300
423.000000000000,2.601162281000,-0.190369307000,0.072197555000
424.000000000000,3.549637719000,0.135011773200,0.152396788300
425.000000000000,3.549637719000,0.190369307000,0.072197555000
426.000000000000,3.549637719000,-0.190369307000,0.072197555000
427.000000000000,2.601162281000,0.048724669250,0.197683754000
428.000000000000,3.549637719000,0.048724669250,0.197683754000
429.000000000000,2.601162281000,-0.094617637830,-0.180278846800
430.000000000000,3.549637719000,-0.094617637830,-0.180278846800
431.000000000000,2.689043422000,-0.202115526800,0.024541268100
432.000000000000,2.689043422000,-0.190369307000,-0.072197555000
433.000000000000,2.689043422000,-0.135011773200,-0.152396788300
434.000000000000,3.461756578000,-0.135011773200,-0.152396788300
435.000000000000,3.461756578000,-0.190369307000,-0.072197555000
436.000000000000,3.461756578000,-0.202115526800,0.024541268100
437.000000000000,2.689043422000,-0.048724669250,-0.197683754000
438.000000000000,2.689043422000,0.048724669250,-0.197683754000
439.000000000000,2.689043422000,0.135011773200,-0.152396788300
440.000000000000,3.461756578000,0.135011773200,-0.152396788300
441.000000000000,3.461756578000,0.048724669250,-0.197683754000
442.000000000000,3.461756578000,-0.048724669250,-0.197683754000
443.000000000000,2.689043422000,0.190369307000,-0.072197555000
444.000000000000,2.689043422000,0.202115526800,0.024541268100
445.000000000000,2.689043422000,0.000000000000,0.203600000000
446.000000000000,2.689043422000,-0.094617637830,0.180278846800
447.000000000000,2.689043422000,-0.167559515100,0.115657982400
448.000000000000,3.461756578000,0.202115526800,0.024541268100
449.000000000000,3.461756578000,0.190369307000,-0.072197555000
450.000000000000,3.461756578000,-0.167559515100,0.115657982400
451.000000000000,3.461756578000,-0.094617637830,0.180278846800
452.000000000000,3.461756578000,0.000000000000,0.203600000000
453.000000000000,2.689043422000,0.167559515100,0.115657982400
454.000000000000,2.689043422000,0.094617637830,0.180278846800
455.000000000000,3.461756578000,0.094617637830,0.180278846800
456.000000000000,3.461756578000,0.167559515100,0.115657982400
457.000000000000,2.776924563000,-0.190369307000,0.072197555000
458.000000000000,2.776924563000,-0.202115526800,-0.024541268100
459.000000000000,2.776924563000,-0.167559515100,-0.115657982400
460.000000000000,2.776924563000,-0.094617637830,-0.180278846800
461.000000000000,3.373875437000,-0.094617637830,-0.180278846800
462.000000000000,3.373875437000,-0.167559515100,-0.115657982400
463.000000000000,3.373875437000,-0.202115526800,-0.024541268100
464.000000000000,3.373875437000,-0.190369307000,0.072197555000
465.000000000000,2.776924563000,0.000000000000,-0.203600000000
466.000000000000,2.776924563000,0.094617637830,-0.180278846800
467.000000000000,2.776924563000,0.167559515100,-0.115657982400
468.000000000000,3.373875437000,0.167559515100,-0.115657982400
469.000000000000,3.373875437000,0.094617637830,-0.180278846800
470.000000000000,3.373875437000,0.000000000000,-0.203600000000
471.000000000000,2.776924563000,0.202115526800,-0.024541268100
472.000000000000,2.776924563000,0.190369307000,0.072197555000
473.000000000000,2.776924563000,0.048724669250,0.197683754000
474.000000000000,2.776924563000,-0.048724669250,0.197683754000
475.000000000000,2.776924563000,-0.135011773200,0.152396788300
476.000000000000,3.373875437000,0.190369307000,0.072197555000
477.000000000000,3.373875437000,0.202115526800,-0.024541268100
478.000000000000,3.373875437000,-0.135011773200,0.152396788300
479.000000000000,3.373875437000,-0.048724669250,0.197683754000
480.000000000000,3.373875437000,0.048724669250,0.197683754000
481.000000000000,2.776924563000,0.135011773200,0.152396788300
482.000000000000,3.373875437000,0.135011773200,0.152396788300
483.000000000000,2.864805703000,-0.167559515100,0.115657982400
484.000000000000,2.864805703000,-0.202115526800,0.024541268100
485.000000000000,2.864805703000,-0.190369307000,-0.072197555000
486.000000000000,2.864805703000,-0.135011773200,-0.152396788300
487.000000000000,2.864805703000,-0.048724669250,-0.197683754000
488.000000000000,3.278654292000,-0.041338903770,-0.199359110700
489.000000000000,3.278023356000,-0.128818547600,-0.157666552500
490.000000000000,3.277975340000,-0.187323632300,-0.079767266450
491.000000000000,3.277971010000,-0.202936591500,0.016422540020
492.000000000000,3.277970534000,-0.172059435500,0.108850864300
493.000000000000,2.864805703000,0.048724669250,-0.197683754000
494.000000000000,2.864805703000,0.135011773200,-0.152396788300
495.000000000000,2.864805703000,0.190369307000,-0.072197555000
496.000000000000,3.278654292000,0.192922704100,-0.065067582000
497.000000000000,3.278023356000,0.140989625800,-0.146883918200
498.000000000000,3.277338021000,0.057138895240,-0.195417774700
499.000000000000,2.864805703000,0.202115526800,0.024541268100
500.000000000000,2.864805703000,0.167559515100,0.115657982400
501.000000000000,2.864805703000,0.094617637830,0.180278846800
502.000000000000,2.864805703000,0.000000000000,0.203600000000
503.000000000000,2.864805703000,-0.094617637830,0.180278846800
504.000000000000,3.278654292000,0.163142157200,0.121809673400
505.000000000000,3.277377091000,0.200883532400,0.033147645810
506.000000000000,3.277970473000,-0.101765519900,0.176342674800
507.000000000000,3.277970465000,-0.008158360494,0.203436479400
508.000000000000,3.277333866000,0.086816814940,0.184162430100
509.000000000000,2.962486008000,-0.129183156800,0.157367951000
510.000000000000,2.960940269000,-0.187369538800,0.079659374510
511.000000000000,2.960743132000,-0.202934950500,-0.016442806310
512.000000000000,2.960715436000,-0.172057714400,-0.108853584700
513.000000000000,2.960711386000,-0.101765092100,-0.176342921700
514.000000000000,2.960620021000,-0.012023462240,-0.203244671200
515.000000000000,3.167691739000,0.014104802330,-0.203110843000
516.000000000000,3.185071336000,-0.080780318380,-0.186889004900
517.000000000000,3.186827307000,-0.156221229900,-0.130567558500
518.000000000000,3.186960826000,-0.198906219700,-0.043465799900
519.000000000000,3.186971282000,-0.196338245600,0.053891124680
520.000000000000,3.187157489000,-0.149505706500,0.138206381000
521.000000000000,2.976732795000,0.085582416310,-0.184739302900
522.000000000000,2.952686844000,0.167559515100,-0.115657982400
523.000000000000,2.960455701000,0.200349989700,-0.036233156630
524.000000000000,3.167762710000,0.203342625900,-0.010234084320
525.000000000000,3.185413596000,0.176186715700,-0.102035294000
526.000000000000,3.176093141000,0.113560709600,-0.168987944100
527.000000000000,2.976991668000,0.193642543600,0.062892967070
528.000000000000,2.952686844000,0.135011773200,0.152396788300
529.000000000000,2.960455701000,0.060118498770,0.194521788300
530.000000000000,2.983118663000,-0.030791903710,0.201258089700
531.000000000000,3.186165381000,0.121392137600,0.163453078700
532.000000000000,3.176093141000,0.181444062600,0.092363478360
533.000000000000,3.186141727000,-0.066207527350,0.192534473100
534.000000000000,3.185830786000,0.034378731810,0.200676512800
535.000000000000,3.045629066000,-0.092819445130,0.181211232000
536.000000000000,3.042634852000,-0.159319765300,0.126768183600
537.000000000000,3.042056398000,-0.199537427900,0.040469431190
538.000000000000,3.041894594000,-0.195703075100,-0.056153952580
539.000000000000,3.041626611000,-0.148420628200,-0.139371005400
540.000000000000,3.042289671000,-0.075473863390,-0.189094304400
541.000000000000,3.058206164000,0.008898508603,-0.203405448700
542.000000000000,3.087564679000,0.089756476280,-0.182747735900
543.000000000000,3.114338077000,-0.051199360330,-0.197057315300
544.000000000000,3.115297817000,-0.119397746700,-0.164915548400
545.000000000000,3.116225166000,-0.180384170300,-0.094416688670
546.000000000000,3.116338592000,-0.203599240200,-0.000556216452
547.000000000000,3.116798087000,-0.181308049900,0.092630184230
548.000000000000,3.114879100000,-0.117898003000,0.165991026500
549.000000000000,3.035667841000,0.141787718600,-0.146113664200
550.000000000000,3.040414982000,0.182569601700,-0.090118258660
551.000000000000,3.058192653000,0.203116541900,-0.014022495990
552.000000000000,3.088350940000,0.192416426300,0.066549822610
553.000000000000,3.115179918000,0.190023925800,-0.073101762170
554.000000000000,3.110232016000,0.157469559400,-0.129059280400
555.000000000000,3.035883393000,0.162055499700,0.123251673500
556.000000000000,3.040377875000,0.110261219700,0.171159058900
557.000000000000,3.044498566000,0.046751608030,0.198159650700
558.000000000000,3.113679468000,0.080491417640,0.187013613600
559.000000000000,3.110232016000,0.146471499200,0.141418032500
560.000000000000,3.096319526000,-0.021821025390,0.202427277900
561.000000000000,3.137415099000,-0.134367708700,-0.184941284900
562.000000000000,2.513384901000,-0.134367708700,-0.184941284900
563.000000000000,3.137415099000,0.134367708700,-0.184941284900
564.000000000000,3.137415099000,0.227347705300,-0.023895206700
565.000000000000,3.137415099000,0.169882907100,0.152963256600
566.000000000000,2.513384901000,0.134367708700,-0.184941284900
567.000000000000,2.513384901000,0.227347705300,-0.023895206700
568.000000000000,2.513384901000,0.169882907100,0.152963256600
569.000000000000,3.137415099000,-0.092979996610,0.208836491600
570.000000000000,2.513384901000,-0.092979996610,0.208836491600
571.000000000000,3.137415099000,0.197973407300,-0.114300000000
572.000000000000,3.137415099000,-0.197973407300,-0.114300000000
573.000000000000,2.513384901000,0.197973407300,-0.114300000000
574.000000000000,2.513384901000,-0.197973407300,-0.114300000000
575.000000000000,3.137415099000,0.000000000000,0.228600000000
576.000000000000,3.137415099000,-0.169882907100,0.152963256600
577.000000000000,2.513384901000,0.000000000000,0.228600000000
578.000000000000,2.513384901000,-0.169882907100,0.152963256600
579.000000000000,3.137415099000,0.092979996610,0.208836491600
580.000000000000,3.137415099000,-0.217411519600,0.070641284910
581.000000000000,3.137415099000,-0.227347705300,-0.023895206700
582.000000000000,2.513384901000,0.092979996610,0.208836491600
583.000000000000,2.513384901000,-0.217411519600,0.070641284910
584.000000000000,2.513384901000,-0.227347705300,-0.023895206700
585.000000000000,3.137415099000,0.217411519600,0.070641284910
586.000000000000,2.513384901000,0.217411519600,0.070641284910
587.000000000000,3.137415099000,0.047528612520,-0.223604541500
588.000000000000,2.513384901000,0.047528612520,-0.223604541500
589.000000000000,3.137415099000,-0.047528612520,-0.223604541500
590.000000000000,2.513384901000,-0.047528612520,-0.223604541500
591.000000000000,3.049430197000,-0.169882907100,-0.152963256600
592.000000000000,3.049430197000,-0.092979996610,-0.208836491600
593.000000000000,2.601369803000,-0.092979996610,-0.208836491600
594.000000000000,2.601369803000,-0.169882907100,-0.152963256600
595.000000000000,3.049430197000,0.092979996610,-0.208836491600
596.000000000000,3.049430197000,0.169882907100,-0.152963256600
597.000000000000,3.049430197000,0.217411519600,-0.070641284910
598.000000000000,3.049430197000,0.227347705300,0.023895206700
599.000000000000,3.049430197000,0.197973407300,0.114300000000
600.000000000000,3.049430197000,0.134367708700,0.184941284900
601.000000000000,2.601369803000,0.169882907100,-0.152963256600
602.000000000000,2.601369803000,0.092979996610,-0.208836491600
603.000000000000,2.601369803000,0.227347705300,0.023895206700
604.000000000000,2.601369803000,0.217411519600,-0.070641284910
605.000000000000,2.601369803000,0.134367708700,0.184941284900
606.000000000000,2.601369803000,0.197973407300,0.114300000000
607.000000000000,3.049430197000,-0.047528612520,0.223604541500
608.000000000000,3.049430197000,-0.134367708700,0.184941284900
609.000000000000,2.601369803000,-0.134367708700,0.184941284900
610.000000000000,2.601369803000,-0.047528612520,0.223604541500
611.000000000000,3.049430197000,-0.217411519600,-0.070641284910
612.000000000000,2.601369803000,-0.217411519600,-0.070641284910
613.000000000000,3.049430197000,0.047528612520,0.223604541500
614.000000000000,3.049430197000,-0.197973407300,0.114300000000
615.000000000000,2.601369803000,0.047528612520,0.223604541500
616.000000000000,2.601369803000,-0.197973407300,0.114300000000
617.000000000000,3.049430197000,-0.227347705300,0.023895206700
618.000000000000,2.601369803000,-0.227347705300,0.023895206700
619.000000000000,3.049430197000,0.000000000000,-0.228600000000
620.000000000000,2.601369803000,0.000000000000,-0.228600000000
621.000000000000,2.954101412000,-0.201624878300,-0.107728215700
622.000000000000,2.952913337000,-0.141298709400,-0.179701515700
623.000000000000,2.952835199000,-0.056049355690,-0.221622268100
624.000000000000,2.689354704000,-0.047528612520,-0.223604541500
625.000000000000,2.689354704000,-0.134367708700,-0.184941284900
626.000000000000,2.689354704000,-0.197973407300,-0.114300000000
627.000000000000,2.952666396000,0.039730068130,-0.225121037900
628.000000000000,2.952638262000,0.127949547900,-0.189438309800
629.000000000000,2.952757035000,0.193507880100,-0.121707273100
630.000000000000,2.952814693000,0.226268602400,-0.032565004920
631.000000000000,2.952826166000,0.219955179200,0.062271013770
632.000000000000,2.952828135000,0.175612246700,0.146349919100
633.000000000000,2.952828458000,0.100904134600,0.205125121900
634.000000000000,2.689354704000,0.197973407300,-0.114300000000
635.000000000000,2.689354704000,0.134367708700,-0.184941284900
636.000000000000,2.689354704000,0.047528612520,-0.223604541500
637.000000000000,2.689354704000,0.217411519600,0.070641284910
638.000000000000,2.689354704000,0.227347705300,-0.023895206700
639.000000000000,2.689354704000,0.092979996610,0.208836491600
640.000000000000,2.689354704000,0.169882907100,0.152963256600
641.000000000000,2.952665273000,0.007943732570,0.228461938000
642.000000000000,2.952638075000,-0.085767058430,0.211900853400
643.000000000000,2.952757016000,-0.163974906700,0.159280224700
644.000000000000,2.689354704000,-0.169882907100,0.152963256600
645.000000000000,2.689354704000,-0.092979996610,0.208836491600
646.000000000000,2.689354704000,0.000000000000,0.228600000000
647.000000000000,2.952877432000,-0.228027044100,-0.016174892390
648.000000000000,2.689354704000,-0.227347705300,-0.023895206700
649.000000000000,2.951907428000,-0.214629236900,0.078690855120
650.000000000000,2.689354704000,-0.217411519600,0.070641284910
651.000000000000,2.851428744000,-0.223207615800,-0.049359094950
652.000000000000,2.851428744000,-0.183834150900,-0.135878493300
653.000000000000,2.851428744000,-0.112674091300,-0.198903265800
654.000000000000,2.851428744000,-0.022031657660,-0.227535856600
655.000000000000,2.770853147000,0.010821221000,-0.228343734700
656.000000000000,2.770713133000,-0.083111616900,-0.212956378500
657.000000000000,2.770689798000,-0.162558061200,-0.160725967900
658.000000000000,2.770679363000,-0.213684551200,-0.081221133930
659.000000000000,2.858451420000,0.071318499380,-0.217190312000
660.000000000000,2.859804574000,0.152023013400,-0.170724817700
661.000000000000,2.860087093000,0.207799211000,-0.095275641790
662.000000000000,2.860145702000,0.228583611600,-0.002737245532
663.000000000000,2.860157710000,0.209949560600,0.090438609050
664.000000000000,2.860160093000,0.155018385400,0.168009702700
665.000000000000,2.860133347000,0.072305397380,0.216863757900
666.000000000000,2.771858756000,0.217723157400,-0.069674864490
667.000000000000,2.771858756000,0.170560681000,-0.152207142100
668.000000000000,2.771693227000,0.098167773600,-0.206448657600
669.000000000000,2.771858756000,0.197463743300,0.115178253500
670.000000000000,2.771858756000,0.227239321900,0.024904830180
671.000000000000,2.771858756000,0.046534911240,0.223813453700
672.000000000000,2.771858756000,0.133544889600,0.185536310400
673.000000000000,2.859485251000,-0.023030362320,0.227436941600
674.000000000000,2.859976845000,-0.112985472800,0.198726553200
675.000000000000,2.859964591000,-0.183979598200,0.135681492600
676.000000000000,2.772275788000,-0.202883714600,0.105338304300
677.000000000000,2.773769977000,-0.142453256700,0.178787666400
678.000000000000,2.771693227000,-0.053099482740,0.222347486900
679.000000000000,2.859889517000,-0.223623853000,0.047437668300
680.000000000000,2.771693227000,-0.227873668900,0.018208543040
681.000000000000,1.712831345000,-0.049248724910,-0.798482663000
682.000000000000,3.137568655000,-0.049248724910,-0.798482663000
683.000000000000,1.712831345000,0.334368275900,-0.726772217500
684.000000000000,3.137568655000,0.334368275900,-0.726772217500
685.000000000000,1.712831345000,-0.692820323000,-0.400000000000
686.000000000000,1.712831345000,-0.146999614300,-0.786378479700
687.000000000000,3.137568655000,-0.692820323000,-0.400000000000
688.000000000000,3.137568655000,-0.146999614300,-0.786378479700
689.000000000000,1.712831345000,0.146999614300,-0.786378479700
690.000000000000,3.137568655000,0.146999614300,-0.786378479700
691.000000000000,1.712831345000,-0.242522139300,-0.762353600300
692.000000000000,3.137568655000,-0.242522139300,-0.762353600300
693.000000000000,1.712831345000,0.049248724910,-0.798482663000
694.000000000000,3.137568655000,0.049248724910,-0.798482663000
695.000000000000,1.712831345000,0.462219065100,0.652957529900
696.000000000000,3.137568655000,0.462219065100,0.652957529900
697.000000000000,1.712831345000,-0.574329538500,-0.556907156800
698.000000000000,3.137568655000,-0.574329538500,-0.556907156800
699.000000000000,1.712831345000,-0.781478654200,0.171146466600
700.000000000000,3.137568655000,-0.781478654200,0.171146466600
701.000000000000,1.712831345000,0.421145730300,-0.680173708600
702.000000000000,1.712831345000,0.736724414400,-0.311828698600
703.000000000000,1.712831345000,0.195130976100,0.775837548800
704.000000000000,1.712831345000,-0.288993332900,0.745977783500
705.000000000000,1.712831345000,-0.421145730300,-0.680173708600
706.000000000000,3.137568655000,0.421145730300,-0.680173708600
707.000000000000,3.137568655000,0.736724414400,-0.311828698600
708.000000000000,3.137568655000,0.195130976100,0.775837548800
709.000000000000,3.137568655000,-0.288993332900,0.745977783500
710.000000000000,3.137568655000,-0.421145730300,-0.680173708600
711.000000000000,1.712831345000,0.638413781800,-0.482107709100
712.000000000000,3.137568655000,0.638413781800,-0.482107709100
713.000000000000,1.712831345000,0.501539044700,-0.623264459600
714.000000000000,1.712831345000,0.716130633100,0.356590684600
715.000000000000,1.712831345000,0.607523933300,0.520494640200
716.000000000000,1.712831345000,0.378474845500,0.704809755400
717.000000000000,1.712831345000,-0.716130633100,0.356590684600
718.000000000000,1.712831345000,-0.501539044700,-0.623264459600
719.000000000000,3.137568655000,0.501539044700,-0.623264459600
720.000000000000,3.137568655000,0.716130633100,0.356590684600
721.000000000000,3.137568655000,0.607523933300,0.520494640200
722.000000000000,3.137568655000,0.378474845500,0.704809755400
723.000000000000,3.137568655000,-0.716130633100,0.356590684600
724.000000000000,3.137568655000,-0.501539044700,-0.623264459600
725.000000000000,1.712831345000,0.692820323000,-0.400000000000
726.000000000000,1.712831345000,0.288993332900,0.745977783500
727.000000000000,1.712831345000,0.098310632530,0.793936407700
728.000000000000,1.712831345000,-0.538956514900,0.591207133800
729.000000000000,1.712831345000,-0.334368275900,-0.726772217500
730.000000000000,3.137568655000,0.692820323000,-0.400000000000
731.000000000000,3.137568655000,0.288993332900,0.745977783500
732.000000000000,3.137568655000,0.098310632530,0.793936407700
733.000000000000,3.137568655000,-0.538956514900,0.591207133800
734.000000000000,3.137568655000,-0.334368275900,-0.726772217500
735.000000000000,1.712831345000,0.754523547600,0.265883839600
736.000000000000,3.137568655000,0.754523547600,0.265883839600
737.000000000000,1.712831345000,0.242522139300,-0.762353600300
738.000000000000,1.712831345000,0.000000000000,0.800000000000
739.000000000000,1.712831345000,-0.098310632530,0.793936407700
740.000000000000,1.712831345000,-0.195130976100,0.775837548800
741.000000000000,1.712831345000,-0.378474845500,0.704809755400
742.000000000000,1.712831345000,-0.666881908200,0.441891978400
743.000000000000,3.137568655000,0.242522139300,-0.762353600300
744.000000000000,3.137568655000,0.000000000000,0.800000000000
745.000000000000,3.137568655000,-0.098310632530,0.793936407700
746.000000000000,3.137568655000,-0.195130976100,0.775837548800
747.000000000000,3.137568655000,-0.378474845500,0.704809755400
748.000000000000,3.137568655000,-0.666881908200,0.441891978400
749.000000000000,1.712831345000,0.538956514900,0.591207133800
750.000000000000,1.712831345000,-0.462219065100,0.652957529900
751.000000000000,1.712831345000,-0.796587341000,0.073814687570
752.000000000000,1.712831345000,-0.638413781800,-0.482107709100
753.000000000000,3.137568655000,0.538956514900,0.591207133800
754.000000000000,3.137568655000,-0.462219065100,0.652957529900
755.000000000000,3.137568655000,-0.796587341000,0.073814687570
756.000000000000,3.137568655000,-0.638413781800,-0.482107709100
757.000000000000,1.712831345000,0.796587341000,0.073814687570
758.000000000000,1.712831345000,-0.754523547600,0.265883839600
759.000000000000,1.712831345000,-0.769460514500,-0.218930392100
760.000000000000,3.137568655000,0.796587341000,0.073814687570
761.000000000000,3.137568655000,-0.754523547600,0.265883839600
762.000000000000,3.137568655000,-0.769460514500,-0.218930392100
763.000000000000,1.712831345000,0.769460514500,-0.218930392100
764.000000000000,1.712831345000,0.781478654200,0.171146466600
765.000000000000,1.712831345000,-0.790532377700,-0.122713323900
766.000000000000,3.137568655000,0.769460514500,-0.218930392100
767.000000000000,3.137568655000,0.781478654200,0.171146466600
768.000000000000,3.137568655000,-0.790532377700,-0.122713323900
769.000000000000,1.712831345000,0.799620575800,-0.024636046840
770.000000000000,1.712831345000,-0.799620575800,-0.024636046840
771.000000000000,3.137568655000,0.799620575800,-0.024636046840
772.000000000000,3.137568655000,-0.799620575800,-0.024636046840
773.000000000000,1.712831345000,0.666881908200,0.441891978400
774.000000000000,3.137568655000,0.666881908200,0.441891978400
775.000000000000,1.712831345000,0.790532377700,-0.122713323900
776.000000000000,3.137568655000,0.790532377700,-0.122713323900
777.000000000000,1.712831345000,-0.607523933300,0.520494640200
778.000000000000,3.137568655000,-0.607523933300,0.520494640200
779.000000000000,1.712831345000,0.574329538500,-0.556907156800
780.000000000000,3.137568655000,0.574329538500,-0.556907156800
781.000000000000,1.712831345000,-0.736724414400,-0.311828698600
782.000000000000,3.137568655000,-0.736724414400,-0.311828698600
783.000000000000,1.800662690000,-0.098310632530,-0.793936407700
784.000000000000,1.800662690000,0.000000000000,-0.800000000000
785.000000000000,3.049737310000,0.000000000000,-0.800000000000
786.000000000000,3.049737310000,-0.098310632530,-0.793936407700
787.000000000000,1.800662690000,0.288993332900,-0.745977783500
788.000000000000,1.800662690000,0.378474845500,-0.704809755400
789.000000000000,3.049737310000,0.378474845500,-0.704809755400
790.000000000000,3.049737310000,0.288993332900,-0.745977783500
791.000000000000,1.800662690000,-0.716130633100,-0.356590684600
792.000000000000,1.800662690000,-0.666881908200,-0.441891978400
793.000000000000,1.800662690000,-0.195130976100,-0.775837548800
794.000000000000,3.049737310000,-0.666881908200,-0.441891978400
795.000000000000,3.049737310000,-0.716130633100,-0.356590684600
796.000000000000,3.049737310000,-0.195130976100,-0.775837548800
797.000000000000,1.800662690000,0.098310632530,-0.793936407700
798.000000000000,1.800662690000,0.195130976100,-0.775837548800
799.000000000000,3.049737310000,0.195130976100,-0.775837548800
800.000000000000,3.049737310000,0.098310632530,-0.793936407700
801.000000000000,1.800662690000,-0.288993332900,-0.745977783500
802.000000000000,3.049737310000,-0.288993332900,-0.745977783500
803.000000000000,1.800662690000,0.501539044700,0.623264459600
804.000000000000,1.800662690000,0.421145730300,0.680173708600
805.000000000000,3.049737310000,0.421145730300,0.680173708600
806.000000000000,3.049737310000,0.501539044700,0.623264459600
807.000000000000,1.800662690000,-0.607523933300,-0.520494640200
808.000000000000,1.800662690000,-0.538956514900,-0.591207133800
809.000000000000,3.049737310000,-0.538956514900,-0.591207133800
810.000000000000,3.049737310000,-0.607523933300,-0.520494640200
811.000000000000,1.800662690000,-0.769460514500,0.218930392100
812.000000000000,1.800662690000,-0.790532377700,0.122713323900
813.000000000000,3.049737310000,-0.790532377700,0.122713323900
814.000000000000,3.049737310000,-0.769460514500,0.218930392100
815.000000000000,1.800662690000,0.462219065100,-0.652957529900
816.000000000000,1.800662690000,0.716130633100,-0.356590684600
817.000000000000,1.800662690000,0.754523547600,-0.265883839600
818.000000000000,1.800662690000,0.242522139300,0.762353600300
819.000000000000,1.800662690000,0.146999614300,0.786378479700
820.000000000000,1.800662690000,-0.242522139300,0.762353600300
821.000000000000,1.800662690000,-0.334368275900,0.726772217500
822.000000000000,1.800662690000,-0.462219065100,-0.652957529900
823.000000000000,1.800662690000,-0.378474845500,-0.704809755400
824.000000000000,3.049737310000,0.462219065100,-0.652957529900
825.000000000000,3.049737310000,0.754523547600,-0.265883839600
826.000000000000,3.049737310000,0.716130633100,-0.356590684600
827.000000000000,3.049737310000,0.146999614300,0.786378479700
828.000000000000,3.049737310000,0.242522139300,0.762353600300
829.000000000000,3.049737310000,-0.334368275900,0.726772217500
830.000000000000,3.049737310000,-0.242522139300,0.762353600300
831.000000000000,3.049737310000,-0.378474845500,-0.704809755400
832.000000000000,3.049737310000,-0.462219065100,-0.652957529900
833.000000000000,1.800662690000,0.607523933300,-0.520494640200
834.000000000000,1.800662690000,0.666881908200,-0.441891978400
835.000000000000,3.049737310000,0.666881908200,-0.441891978400
836.000000000000,3.049737310000,0.607523933300,-0.520494640200
837.000000000000,1.800662690000,0.538956514900,-0.591207133800
838.000000000000,1.800662690000,0.736724414400,0.311828698600
839.000000000000,1.800662690000,0.692820323000,0.400000000000
840.000000000000,1.800662690000,0.638413781800,0.482107709100
841.000000000000,1.800662690000,0.574329538500,0.556907156800
842.000000000000,1.800662690000,0.334368275900,0.726772217500
843.000000000000,1.800662690000,-0.692820323000,0.400000000000
844.000000000000,1.800662690000,-0.736724414400,0.311828698600
845.000000000000,3.049737310000,0.538956514900,-0.591207133800
846.000000000000,3.049737310000,0.692820323000,0.400000000000
847.000000000000,3.049737310000,0.736724414400,0.311828698600
848.000000000000,3.049737310000,0.574329538500,0.556907156800
849.000000000000,3.049737310000,0.638413781800,0.482107709100
850.000000000000,3.049737310000,0.334368275900,0.726772217500
851.000000000000,3.049737310000,-0.736724414400,0.311828698600
852.000000000000,3.049737310000,-0.692820323000,0.400000000000
853.000000000000,1.800662690000,0.049248724910,0.798482663000
854.000000000000,1.800662690000,-0.501539044700,0.623264459600
855.000000000000,1.800662690000,-0.574329538500,0.556907156800
856.000000000000,3.049737310000,0.049248724910,0.798482663000
857.000000000000,3.049737310000,-0.574329538500,0.556907156800
858.000000000000,3.049737310000,-0.501539044700,0.623264459600
859.000000000000,1.800662690000,0.769460514500,0.218930392100
860.000000000000,3.049737310000,0.769460514500,0.218930392100
861.000000000000,1.800662690000,-0.049248724910,0.798482663000
862.000000000000,1.800662690000,-0.146999614300,0.786378479700
863.000000000000,1.800662690000,-0.421145730300,0.680173708600
864.000000000000,1.800662690000,-0.638413781800,0.482107709100
865.000000000000,3.049737310000,-0.049248724910,0.798482663000
866.000000000000,3.049737310000,-0.146999614300,0.786378479700
867.000000000000,3.049737310000,-0.421145730300,0.680173708600
868.000000000000,3.049737310000,-0.638413781800,0.482107709100
869.000000000000,1.800662690000,-0.799620575800,0.024636046840
870.000000000000,3.049737310000,-0.799620575800,0.024636046840
871.000000000000,1.800662690000,0.799620575800,0.024636046840
872.000000000000,1.800662690000,0.790532377700,0.122713323900
873.000000000000,1.800662690000,-0.781478654200,-0.171146466600
874.000000000000,1.800662690000,-0.754523547600,-0.265883839600
875.000000000000,3.049737310000,0.790532377700,0.122713323900
876.000000000000,3.049737310000,0.799620575800,0.024636046840
877.000000000000,3.049737310000,-0.754523547600,-0.265883839600
878.000000000000,3.049737310000,-0.781478654200,-0.171146466600
879.000000000000,1.800662690000,0.781478654200,-0.171146466600
880.000000000000,1.800662690000,-0.796587341000,-0.073814687570
881.000000000000,3.049737310000,0.781478654200,-0.171146466600
882.000000000000,3.049737310000,-0.796587341000,-0.073814687570
883.000000000000,1.800662690000,0.796587341000,-0.073814687570
884.000000000000,3.049737310000,0.796587341000,-0.073814687570
885.000000000000,1.888494035000,-0.146999614300,-0.786378479700
886.000000000000,1.888494035000,-0.049248724910,-0.798482663000
887.000000000000,1.888494035000,0.049248724910,-0.798482663000
888.000000000000,2.961905965000,0.049248724910,-0.798482663000
889.000000000000,2.961905965000,-0.049248724910,-0.798482663000
890.000000000000,2.961905965000,-0.146999614300,-0.786378479700
891.000000000000,1.888494035000,0.242522139300,-0.762353600300
892.000000000000,1.888494035000,0.334368275900,-0.726772217500
893.000000000000,1.888494035000,0.421145730300,-0.680173708600
894.000000000000,2.961905965000,0.421145730300,-0.680173708600
895.000000000000,2.961905965000,0.334368275900,-0.726772217500
896.000000000000,2.961905965000,0.242522139300,-0.762353600300
897.000000000000,1.888494035000,-0.736724414400,-0.311828698600
898.000000000000,1.888494035000,-0.692820323000,-0.400000000000
899.000000000000,1.888494035000,-0.638413781800,-0.482107709100
900.000000000000,1.888494035000,-0.242522139300,-0.762353600300
901.000000000000,2.961905965000,-0.638413781800,-0.482107709100
902.000000000000,2.961905965000,-0.692820323000,-0.400000000000
903.000000000000,2.961905965000,-0.736724414400,-0.311828698600
904.000000000000,2.961905965000,-0.242522139300,-0.762353600300
905.000000000000,1.888494035000,0.146999614300,-0.786378479700
906.000000000000,2.961905965000,0.146999614300,-0.786378479700
907.000000000000,1.888494035000,-0.334368275900,-0.726772217500
908.000000000000,2.961905965000,-0.334368275900,-0.726772217500
909.000000000000,1.888494035000,0.538956514900,0.591207133800
910.000000000000,1.888494035000,0.462219065100,0.652957529900
911.000000000000,1.888494035000,0.378474845500,0.704809755400
912.000000000000,2.961905965000,0.378474845500,0.704809755400
913.000000000000,2.961905965000,0.462219065100,0.652957529900
914.000000000000,2.961905965000,0.538956514900,0.591207133800
915.000000000000,1.888494035000,-0.574329538500,-0.556907156800
916.000000000000,1.888494035000,-0.501539044700,-0.623264459600
917.000000000000,2.961905965000,-0.501539044700,-0.623264459600
918.000000000000,2.961905965000,-0.574329538500,-0.556907156800
919.000000000000,1.888494035000,-0.754523547600,0.265883839600
920.000000000000,1.888494035000,-0.781478654200,0.171146466600
921.000000000000,1.888494035000,-0.796587341000,0.073814687570
922.000000000000,2.961905965000,-0.796587341000,0.073814687570
923.000000000000,2.961905965000,-0.781478654200,0.171146466600
924.000000000000,2.961905965000,-0.754523547600,0.265883839600
925.000000000000,1.888494035000,0.501539044700,-0.623264459600
926.000000000000,1.888494035000,0.692820323000,-0.400000000000
927.000000000000,1.888494035000,0.736724414400,-0.311828698600
928.000000000000,1.888494035000,0.769460514500,-0.218930392100
929.000000000000,1.888494035000,0.288993332900,0.745977783500
930.000000000000,1.888494035000,0.195130976100,0.775837548800
931.000000000000,1.888494035000,0.098310632530,0.793936407700
932.000000000000,1.888494035000,-0.195130976100,0.775837548800
933.000000000000,1.888494035000,-0.288993332900,0.745977783500
934.000000000000,1.888494035000,-0.378474845500,0.704809755400
935.000000000000,1.888494035000,-0.421145730300,-0.680173708600
936.000000000000,2.961905965000,0.501539044700,-0.623264459600
937.000000000000,2.961905965000,0.769460514500,-0.218930392100
938.000000000000,2.961905965000,0.736724414400,-0.311828698600
939.000000000000,2.961905965000,0.692820323000,-0.400000000000
940.000000000000,2.961905965000,0.098310632530,0.793936407700
941.000000000000,2.961905965000,0.195130976100,0.775837548800
942.000000000000,2.961905965000,0.288993332900,0.745977783500
943.000000000000,2.961905965000,-0.378474845500,0.704809755400
944.000000000000,2.961905965000,-0.288993332900,0.745977783500
945.000000000000,2.961905965000,-0.195130976100,0.775837548800
946.000000000000,2.961905965000,-0.421145730300,-0.680173708600
947.000000000000,1.888494035000,0.574329538500,-0.556907156800
948.000000000000,1.888494035000,0.638413781800,-0.482107709100
949.000000000000,2.961905965000,0.638413781800,-0.482107709100
950.000000000000,2.961905965000,0.574329538500,-0.556907156800
951.000000000000,1.888494035000,0.754523547600,0.265883839600
952.000000000000,1.888494035000,0.716130633100,0.356590684600
953.000000000000,1.888494035000,0.666881908200,0.441891978400
954.000000000000,1.888494035000,0.607523933300,0.520494640200
955.000000000000,1.888494035000,-0.666881908200,0.441891978400
956.000000000000,1.888494035000,-0.716130633100,0.356590684600
957.000000000000,2.961905965000,0.666881908200,0.441891978400
958.000000000000,2.961905965000,0.716130633100,0.356590684600
959.000000000000,2.961905965000,0.754523547600,0.265883839600
960.000000000000,2.961905965000,0.607523933300,0.520494640200
961.000000000000,2.961905965000,-0.716130633100,0.356590684600
962.000000000000,2.961905965000,-0.666881908200,0.441891978400
963.000000000000,1.888494035000,0.000000000000,0.800000000000
964.000000000000,1.888494035000,-0.462219065100,0.652957529900
965.000000000000,1.888494035000,-0.538956514900,0.591207133800
966.000000000000,1.888494035000,-0.607523933300,0.520494640200
967.000000000000,2.961905965000,0.000000000000,0.800000000000
968.000000000000,2.961905965000,-0.607523933300,0.520494640200
969.000000000000,2.961905965000,-0.538956514900,0.591207133800
970.000000000000,2.961905965000,-0.462219065100,0.652957529900
971.000000000000,1.888494035000,0.781478654200,0.171146466600
972.000000000000,2.961905965000,0.781478654200,0.171146466600
973.000000000000,1.888494035000,-0.098310632530,0.793936407700
974.000000000000,2.961905965000,-0.098310632530,0.793936407700
975.000000000000,1.888494035000,-0.799620575800,-0.024636046840
976.000000000000,2.961905965000,-0.799620575800,-0.024636046840
977.000000000000,1.888494035000,0.799620575800,-0.024636046840
978.000000000000,1.888494035000,0.796587341000,0.073814687570
979.000000000000,1.888494035000,-0.790532377700,-0.122713323900
980.000000000000,1.888494035000,-0.769460514500,-0.218930392100
981.000000000000,2.961905965000,0.796587341000,0.073814687570
982.000000000000,2.961905965000,0.799620575800,-0.024636046840
983.000000000000,2.961905965000,-0.769460514500,-0.218930392100
984.000000000000,2.961905965000,-0.790532377700,-0.122713323900
985.000000000000,1.888494035000,0.790532377700,-0.122713323900
986.000000000000,2.961905965000,0.790532377700,-0.122713323900
987.000000000000,1.976325380000,-0.195130976100,-0.775837548800
988.000000000000,1.976325380000,-0.098310632530,-0.793936407700
989.000000000000,1.976325380000,0.000000000000,-0.800000000000
990.000000000000,1.976325380000,0.098310632530,-0.793936407700
991.000000000000,2.874074620000,0.098310632530,-0.793936407700
992.000000000000,2.874074620000,0.000000000000,-0.800000000000
993.000000000000,2.874074620000,-0.098310632530,-0.793936407700
994.000000000000,2.874074620000,-0.195130976100,-0.775837548800
995.000000000000,1.976325380000,0.195130976100,-0.775837548800
996.000000000000,1.976325380000,0.288993332900,-0.745977783500
997.000000000000,1.976325380000,0.378474845500,-0.704809755400
998.000000000000,1.976325380000,0.462219065100,-0.652957529900
999.000000000000,2.874074620000,0.462219065100,-0.652957529900
1000.000000000000,2.874074620000,0.378474845500,-0.704809755400
1001.000000000000,2.874074620000,0.288993332900,-0.745977783500
1002.000000000000,2.874074620000,0.195130976100,-0.775837548800
1003.000000000000,1.976325380000,-0.754523547600,-0.265883839600
1004.000000000000,1.976325380000,-0.716130633100,-0.356590684600
1005.000000000000,1.976325380000,-0.666881908200,-0.441891978400
1006.000000000000,1.976325380000,-0.607523933300,-0.520494640200
1007.000000000000,1.976325380000,-0.288993332900,-0.745977783500
1008.000000000000,2.874074620000,-0.607523933300,-0.520494640200
1009.000000000000,2.874074620000,-0.666881908200,-0.441891978400
1010.000000000000,2.874074620000,-0.716130633100,-0.356590684600
1011.000000000000,2.874074620000,-0.754523547600,-0.265883839600
1012.000000000000,2.874074620000,-0.288993332900,-0.745977783500
1013.000000000000,1.976325380000,-0.378474845500,-0.704809755400
1014.000000000000,2.874074620000,-0.378474845500,-0.704809755400
1015.000000000000,1.976325380000,0.574329538500,0.556907156800
1016.000000000000,1.976325380000,0.501539044700,0.623264459600
1017.000000000000,1.976325380000,0.421145730300,0.680173708600
1018.000000000000,1.976325380000,0.334368275900,0.726772217500
1019.000000000000,2.874074620000,0.334368275900,0.726772217500
1020.000000000000,2.874074620000,0.421145730300,0.680173708600
1021.000000000000,2.874074620000,0.501539044700,0.623264459600
1022.000000000000,2.874074620000,0.574329538500,0.556907156800
1023.000000000000,1.976325380000,-0.538956514900,-0.591207133800
1024.000000000000,1.976325380000,-0.462219065100,-0.652957529900
1025.000000000000,2.874074620000,-0.462219065100,-0.652957529900
1026.000000000000,2.874074620000,-0.538956514900,-0.591207133800
1027.000000000000,1.976325380000,-0.736724414400,0.311828698600
1028.000000000000,1.976325380000,-0.769460514500,0.218930392100
1029.000000000000,1.976325380000,-0.790532377700,0.122713323900
1030.000000000000,1.976325380000,-0.799620575800,0.024636046840
1031.000000000000,2.874074620000,-0.799620575800,0.024636046840
1032.000000000000,2.874074620000,-0.790532377700,0.122713323900
1033.000000000000,2.874074620000,-0.769460514500,0.218930392100
1034.000000000000,2.874074620000,-0.736724414400,0.311828698600
1035.000000000000,1.976325380000,0.538956514900,-0.591207133800
1036.000000000000,1.976325380000,0.666881908200,-0.441891978400
1037.000000000000,1.976325380000,0.716130633100,-0.356590684600
1038.000000000000,1.976325380000,0.754523547600,-0.265883839600
1039.000000000000,1.976325380000,0.781478654200,-0.171146466600
1040.000000000000,1.976325380000,0.242522139300,0.762353600300
1041.000000000000,1.976325380000,0.146999614300,0.786378479700
1042.000000000000,1.976325380000,0.049248724910,0.798482663000
1043.000000000000,1.976325380000,-0.146999614300,0.786378479700
1044.000000000000,1.976325380000,-0.242522139300,0.762353600300
1045.000000000000,1.976325380000,-0.334368275900,0.726772217500
1046.000000000000,1.976325380000,-0.421145730300,0.680173708600
1047.000000000000,2.874074620000,0.538956514900,-0.591207133800
1048.000000000000,2.874074620000,0.781478654200,-0.171146466600
1049.000000000000,2.874074620000,0.754523547600,-0.265883839600
1050.000000000000,2.874074620000,0.716130633100,-0.356590684600
1051.000000000000,2.874074620000,0.666881908200,-0.441891978400
1052.000000000000,2.874074620000,0.049248724910,0.798482663000
1053.000000000000,2.874074620000,0.146999614300,0.786378479700
1054.000000000000,2.874074620000,0.242522139300,0.762353600300
1055.000000000000,2.874074620000,-0.421145730300,0.680173708600
1056.000000000000,2.874074620000,-0.334368275900,0.726772217500
1057.000000000000,2.874074620000,-0.242522139300,0.762353600300
1058.000000000000,2.874074620000,-0.146999614300,0.786378479700
1059.000000000000,1.976325380000,0.607523933300,-0.520494640200
1060.000000000000,2.874074620000,0.607523933300,-0.520494640200
1061.000000000000,1.976325380000,0.769460514500,0.218930392100
1062.000000000000,1.976325380000,0.736724414400,0.311828698600
1063.000000000000,1.976325380000,0.692820323000,0.400000000000
1064.000000000000,1.976325380000,0.638413781800,0.482107709100
1065.000000000000,1.976325380000,-0.638413781800,0.482107709100
1066.000000000000,1.976325380000,-0.692820323000,0.400000000000
1067.000000000000,2.874074620000,0.638413781800,0.482107709100
1068.000000000000,2.874074620000,0.692820323000,0.400000000000
1069.000000000000,2.874074620000,0.736724414400,0.311828698600
1070.000000000000,2.874074620000,0.769460514500,0.218930392100
1071.000000000000,2.874074620000,-0.692820323000,0.400000000000
1072.000000000000,2.874074620000,-0.638413781800,0.482107709100
1073.000000000000,1.976325380000,-0.049248724910,0.798482663000
1074.000000000000,1.976325380000,-0.501539044700,0.623264459600
1075.000000000000,1.976325380000,-0.574329538500,0.556907156800
1076.000000000000,2.874074620000,-0.049248724910,0.798482663000
1077.000000000000,2.874074620000,-0.574329538500,0.556907156800
1078.000000000000,2.874074620000,-0.501539044700,0.623264459600
1079.000000000000,1.976325380000,0.790532377700,0.122713323900
1080.000000000000,2.874074620000,0.790532377700,0.122713323900
1081.000000000000,1.976325380000,-0.796587341000,-0.073814687570
1082.000000000000,2.874074620000,-0.796587341000,-0.073814687570
1083.000000000000,1.976325380000,0.796587341000,-0.073814687570
1084.000000000000,1.976325380000,0.799620575800,0.024636046840
1085.000000000000,1.976325380000,-0.781478654200,-0.171146466600
1086.000000000000,2.874074620000,0.799620575800,0.024636046840
1087.000000000000,2.874074620000,0.796587341000,-0.073814687570
1088.000000000000,2.874074620000,-0.781478654200,-0.171146466600
1089.000000000000,2.064156725000,-0.242522139300,-0.762353600300
1090.000000000000,2.064156725000,-0.146999614300,-0.786378479700
1091.000000000000,2.064156725000,-0.049248724910,-0.798482663000
1092.000000000000,2.064156725000,0.049248724910,-0.798482663000
1093.000000000000,2.064156725000,0.146999614300,-0.786378479700
1094.000000000000,2.786243275000,0.146999614300,-0.786378479700
1095.000000000000,2.786243275000,0.049248724910,-0.798482663000
1096.000000000000,2.786243275000,-0.049248724910,-0.798482663000
1097.000000000000,2.786243275000,-0.146999614300,-0.786378479700
1098.000000000000,2.786243275000,-0.242522139300,-0.762353600300
1099.000000000000,2.064156725000,0.242522139300,-0.762353600300
1100.000000000000,2.064156725000,0.334368275900,-0.726772217500
1101.000000000000,2.064156725000,0.421145730300,-0.680173708600
1102.000000000000,2.064156725000,0.501539044700,-0.623264459600
1103.000000000000,2.786243275000,0.501539044700,-0.623264459600
1104.000000000000,2.786243275000,0.421145730300,-0.680173708600
1105.000000000000,2.786243275000,0.334368275900,-0.726772217500
1106.000000000000,2.786243275000,0.242522139300,-0.762353600300
1107.000000000000,2.064156725000,-0.769460514500,-0.218930392100
1108.000000000000,2.064156725000,-0.736724414400,-0.311828698600
1109.000000000000,2.064156725000,-0.692820323000,-0.400000000000
1110.000000000000,2.064156725000,-0.638413781800,-0.482107709100
1111.000000000000,2.064156725000,-0.574329538500,-0.556907156800
1112.000000000000,2.064156725000,-0.334368275900,-0.726772217500
1113.000000000000,2.786243275000,-0.574329538500,-0.556907156800
1114.000000000000,2.786243275000,-0.638413781800,-0.482107709100
1115.000000000000,2.786243275000,-0.692820323000,-0.400000000000
1116.000000000000,2.786243275000,-0.736724414400,-0.311828698600
1117.000000000000,2.786243275000,-0.769460514500,-0.218930392100
1118.000000000000,2.786243275000,-0.334368275900,-0.726772217500
1119.000000000000,2.064156725000,-0.421145730300,-0.680173708600
1120.000000000000,2.786243275000,-0.421145730300,-0.680173708600
1121.000000000000,2.064156725000,0.607523933300,0.520494640200
1122.000000000000,2.064156725000,0.538956514900,0.591207133800
1123.000000000000,2.064156725000,0.462219065100,0.652957529900
1124.000000000000,2.064156725000,0.378474845500,0.704809755400
1125.000000000000,2.064156725000,0.288993332900,0.745977783500
1126.000000000000,2.786243275000,0.288993332900,0.745977783500
1127.000000000000,2.786243275000,0.378474845500,0.704809755400
1128.000000000000,2.786243275000,0.462219065100,0.652957529900
1129.000000000000,2.786243275000,0.538956514900,0.591207133800
1130.000000000000,2.786243275000,0.607523933300,0.520494640200
1131.000000000000,2.064156725000,-0.501539044700,-0.623264459600
1132.000000000000,2.786243275000,-0.501539044700,-0.623264459600
1133.000000000000,2.064156725000,-0.716130633100,0.356590684600
1134.000000000000,2.064156725000,-0.754523547600,0.265883839600
1135.000000000000,2.064156725000,-0.781478654200,0.171146466600
1136.000000000000,2.064156725000,-0.796587341000,0.073814687570
1137.000000000000,2.064156725000,-0.799620575800,-0.024636046840
1138.000000000000,2.786243275000,-0.799620575800,-0.024636046840
1139.000000000000,2.786243275000,-0.796587341000,0.073814687570
1140.000000000000,2.786243275000,-0.781478654200,0.171146466600
1141.000000000000,2.786243275000,-0.754523547600,0.265883839600
1142.000000000000,2.786243275000,-0.716130633100,0.356590684600
1143.000000000000,2.064156725000,0.574329538500,-0.556907156800
1144.000000000000,2.064156725000,0.638413781800,-0.482107709100
1145.000000000000,2.064156725000,0.692820323000,-0.400000000000
1146.000000000000,2.064156725000,0.736724414400,-0.311828698600
1147.000000000000,2.064156725000,0.769460514500,-0.218930392100
1148.000000000000,2.064156725000,0.790532377700,-0.122713323900
1149.000000000000,2.064156725000,0.195130976100,0.775837548800
1150.000000000000,2.064156725000,0.098310632530,0.793936407700
1151.000000000000,2.064156725000,0.000000000000,0.800000000000
1152.000000000000,2.064156725000,-0.098310632530,0.793936407700
1153.000000000000,2.064156725000,-0.195130976100,0.775837548800
1154.000000000000,2.064156725000,-0.288993332900,0.745977783500
1155.000000000000,2.064156725000,-0.378474845500,0.704809755400
1156.000000000000,2.064156725000,-0.462219065100,0.652957529900
1157.000000000000,2.786243275000,0.574329538500,-0.556907156800
1158.000000000000,2.786243275000,0.790532377700,-0.122713323900
1159.000000000000,2.786243275000,0.769460514500,-0.218930392100
1160.000000000000,2.786243275000,0.736724414400,-0.311828698600
1161.000000000000,2.786243275000,0.692820323000,-0.400000000000
1162.000000000000,2.786243275000,0.638413781800,-0.482107709100
1163.000000000000,2.786243275000,0.000000000000,0.800000000000
1164.000000000000,2.786243275000,0.098310632530,0.793936407700
1165.000000000000,2.786243275000,0.195130976100,0.775837548800
1166.000000000000,2.786243275000,-0.462219065100,0.652957529900
1167.000000000000,2.786243275000,-0.378474845500,0.704809755400
1168.000000000000,2.786243275000,-0.288993332900,0.745977783500
1169.000000000000,2.786243275000,-0.195130976100,0.775837548800
1170.000000000000,2.786243275000,-0.098310632530,0.793936407700
1171.000000000000,2.064156725000,0.781478654200,0.171146466600
1172.000000000000,2.064156725000,0.754523547600,0.265883839600
1173.000000000000,2.064156725000,0.716130633100,0.356590684600
1174.000000000000,2.064156725000,0.666881908200,0.441891978400
1175.000000000000,2.064156725000,-0.607523933300,0.520494640200
1176.000000000000,2.064156725000,-0.666881908200,0.441891978400
1177.000000000000,2.786243275000,0.666881908200,0.441891978400
1178.000000000000,2.786243275000,0.716130633100,0.356590684600
1179.000000000000,2.786243275000,0.754523547600,0.265883839600
1180.000000000000,2.786243275000,0.781478654200,0.171146466600
1181.000000000000,2.786243275000,-0.666881908200,0.441891978400
1182.000000000000,2.786243275000,-0.607523933300,0.520494640200
1183.000000000000,2.064156725000,-0.538956514900,0.591207133800
1184.000000000000,2.786243275000,-0.538956514900,0.591207133800
1185.000000000000,2.064156725000,0.796587341000,0.073814687570
1186.000000000000,2.786243275000,0.796587341000,0.073814687570
1187.000000000000,2.064156725000,-0.790532377700,-0.122713323900
1188.000000000000,2.786243275000,-0.790532377700,-0.122713323900
1189.000000000000,2.064156725000,0.799620575800,-0.024636046840
1190.000000000000,2.786243275000,0.799620575800,-0.024636046840
1191.000000000000,2.151988070000,-0.288993332900,-0.745977783500
1192.000000000000,2.151988070000,-0.195130976100,-0.775837548800
1193.000000000000,2.151988070000,-0.098310632530,-0.793936407700
1194.000000000000,2.151988070000,0.000000000000,-0.800000000000
1195.000000000000,2.151988070000,0.098310632530,-0.793936407700
1196.000000000000,2.151988070000,0.195130976100,-0.775837548800
1197.000000000000,2.698411930000,0.195130976100,-0.775837548800
1198.000000000000,2.698411930000,0.098310632530,-0.793936407700
1199.000000000000,2.698411930000,0.000000000000,-0.800000000000
1200.000000000000,2.698411930000,-0.098310632530,-0.793936407700
1201.000000000000,2.698411930000,-0.195130976100,-0.775837548800
1202.000000000000,2.698411930000,-0.288993332900,-0.745977783500
1203.000000000000,2.151988070000,0.288993332900,-0.745977783500
1204.000000000000,2.151988070000,0.378474845500,-0.704809755400
1205.000000000000,2.151988070000,0.462219065100,-0.652957529900
1206.000000000000,2.151988070000,0.538956514900,-0.591207133800
1207.000000000000,2.698411930000,0.538956514900,-0.591207133800
1208.000000000000,2.698411930000,0.462219065100,-0.652957529900
1209.000000000000,2.698411930000,0.378474845500,-0.704809755400
1210.000000000000,2.698411930000,0.288993332900,-0.745977783500
1211.000000000000,2.151988070000,-0.781478654200,-0.171146466600
1212.000000000000,2.151988070000,-0.754523547600,-0.265883839600
1213.000000000000,2.151988070000,-0.716130633100,-0.356590684600
1214.000000000000,2.151988070000,-0.666881908200,-0.441891978400
1215.000000000000,2.151988070000,-0.607523933300,-0.520494640200
1216.000000000000,2.151988070000,-0.538956514900,-0.591207133800
1217.000000000000,2.151988070000,-0.378474845500,-0.704809755400
1218.000000000000,2.698411930000,-0.538956514900,-0.591207133800
1219.000000000000,2.698411930000,-0.607523933300,-0.520494640200
1220.000000000000,2.698411930000,-0.666881908200,-0.441891978400
1221.000000000000,2.698411930000,-0.716130633100,-0.356590684600
1222.000000000000,2.698411930000,-0.754523547600,-0.265883839600
1223.000000000000,2.698411930000,-0.781478654200,-0.171146466600
1224.000000000000,2.698411930000,-0.378474845500,-0.704809755400
1225.000000000000,2.151988070000,-0.462219065100,-0.652957529900
1226.000000000000,2.698411930000,-0.462219065100,-0.652957529900
1227.000000000000,2.151988070000,0.638413781800,0.482107709100
1228.000000000000,2.151988070000,0.574329538500,0.556907156800
1229.000000000000,2.151988070000,0.501539044700,0.623264459600
1230.000000000000,2.151988070000,0.421145730300,0.680173708600
1231.000000000000,2.151988070000,0.334368275900,0.726772217500
1232.000000000000,2.151988070000,0.242522139300,0.762353600300
1233.000000000000,2.698411930000,0.242522139300,0.762353600300
1234.000000000000,2.698411930000,0.334368275900,0.726772217500
1235.000000000000,2.698411930000,0.421145730300,0.680173708600
1236.000000000000,2.698411930000,0.501539044700,0.623264459600
1237.000000000000,2.698411930000,0.574329538500,0.556907156800
1238.000000000000,2.698411930000,0.638413781800,0.482107709100
1239.000000000000,2.151988070000,-0.692820323000,0.400000000000
1240.000000000000,2.151988070000,-0.736724414400,0.311828698600
1241.000000000000,2.151988070000,-0.769460514500,0.218930392100
1242.000000000000,2.151988070000,-0.790532377700,0.122713323900
1243.000000000000,2.151988070000,-0.799620575800,0.024636046840
1244.000000000000,2.151988070000,-0.796587341000,-0.073814687570
1245.000000000000,2.698411930000,-0.796587341000,-0.073814687570
1246.000000000000,2.698411930000,-0.799620575800,0.024636046840
1247.000000000000,2.698411930000,-0.790532377700,0.122713323900
1248.000000000000,2.698411930000,-0.769460514500,0.218930392100
1249.000000000000,2.698411930000,-0.736724414400,0.311828698600
1250.000000000000,2.698411930000,-0.692820323000,0.400000000000
1251.000000000000,2.151988070000,0.607523933300,-0.520494640200
1252.000000000000,2.151988070000,0.666881908200,-0.441891978400
1253.000000000000,2.151988070000,0.716130633100,-0.356590684600
1254.000000000000,2.151988070000,0.754523547600,-0.265883839600
1255.000000000000,2.151988070000,0.781478654200,-0.171146466600
1256.000000000000,2.151988070000,0.796587341000,-0.073814687570
1257.000000000000,2.151988070000,0.146999614300,0.786378479700
1258.000000000000,2.151988070000,0.049248724910,0.798482663000
1259.000000000000,2.151988070000,-0.049248724910,0.798482663000
1260.000000000000,2.151988070000,-0.146999614300,0.786378479700
1261.000000000000,2.151988070000,-0.242522139300,0.762353600300
1262.000000000000,2.151988070000,-0.334368275900,0.726772217500
1263.000000000000,2.151988070000,-0.421145730300,0.680173708600
1264.000000000000,2.151988070000,-0.501539044700,0.623264459600
1265.000000000000,2.698411930000,0.607523933300,-0.520494640200
1266.000000000000,2.698411930000,0.796587341000,-0.073814687570
1267.000000000000,2.698411930000,0.781478654200,-0.171146466600
1268.000000000000,2.698411930000,0.754523547600,-0.265883839600
1269.000000000000,2.698411930000,0.716130633100,-0.356590684600
1270.000000000000,2.698411930000,0.666881908200,-0.441891978400
1271.000000000000,2.698411930000,-0.049248724910,0.798482663000
1272.000000000000,2.698411930000,0.049248724910,0.798482663000
1273.000000000000,2.698411930000,0.146999614300,0.786378479700
1274.000000000000,2.698411930000,-0.501539044700,0.623264459600
1275.000000000000,2.698411930000,-0.421145730300,0.680173708600
1276.000000000000,2.698411930000,-0.334368275900,0.726772217500
1277.000000000000,2.698411930000,-0.242522139300,0.762353600300
1278.000000000000,2.698411930000,-0.146999614300,0.786378479700
1279.000000000000,2.151988070000,0.790532377700,0.122713323900
1280.000000000000,2.151988070000,0.769460514500,0.218930392100
1281.000000000000,2.151988070000,0.736724414400,0.311828698600
1282.000000000000,2.151988070000,0.692820323000,0.400000000000
1283.000000000000,2.151988070000,-0.574329538500,0.556907156800
1284.000000000000,2.151988070000,-0.638413781800,0.482107709100
1285.000000000000,2.698411930000,0.692820323000,0.400000000000
1286.000000000000,2.698411930000,0.736724414400,0.311828698600
1287.000000000000,2.698411930000,0.769460514500,0.218930392100
1288.000000000000,2.698411930000,0.790532377700,0.122713323900
1289.000000000000,2.698411930000,-0.638413781800,0.482107709100
1290.000000000000,2.698411930000,-0.574329538500,0.556907156800
1291.000000000000,2.151988070000,0.799620575800,0.024636046840
1292.000000000000,2.698411930000,0.799620575800,0.024636046840
1293.000000000000,2.239819415000,-0.334368275900,-0.726772217500
1294.000000000000,2.239819415000,-0.242522139300,-0.762353600300
1295.000000000000,2.239819415000,-0.146999614300,-0.786378479700
1296.000000000000,2.239819415000,-0.049248724910,-0.798482663000
1297.000000000000,2.239819415000,0.049248724910,-0.798482663000
1298.000000000000,2.239819415000,0.146999614300,-0.786378479700
1299.000000000000,2.239819415000,0.242522139300,-0.762353600300
1300.000000000000,2.603260214000,0.249501684900,-0.760097960300
1301.000000000000,2.602040153000,0.155399262700,-0.784761791300
1302.000000000000,2.601836809000,0.057985297520,-0.797895798500
1303.000000000000,2.601802918000,-0.040472671780,-0.798975570900
1304.000000000000,2.601797270000,-0.138345151600,-0.787947091500
1305.000000000000,2.601796328000,-0.234125150200,-0.764974126400
1306.000000000000,2.601796172000,-0.326356823000,-0.730404835700
1307.000000000000,2.239819415000,0.334368275900,-0.726772217500
1308.000000000000,2.247139786000,0.414891766100,-0.684006449100
1309.000000000000,2.239819415000,0.501539044700,-0.623264459600
1310.000000000000,2.239819415000,0.574329538500,-0.556907156800
1311.000000000000,2.603260214000,0.579411474400,-0.551617932300
1312.000000000000,2.602040153000,0.508174392600,-0.617866317800
1313.000000000000,2.601836809000,0.428565115500,-0.675523457600
1314.000000000000,2.600582856000,0.343432810300,-0.722532978400
1315.000000000000,2.239819415000,-0.790532377700,-0.122713323900
1316.000000000000,2.239819415000,-0.769460514500,-0.218930392100
1317.000000000000,2.239819415000,-0.736724414400,-0.311828698600
1318.000000000000,2.239819415000,-0.692820323000,-0.400000000000
1319.000000000000,2.239819415000,-0.638413781800,-0.482107709100
1320.000000000000,2.239819415000,-0.574329538500,-0.556907156800
1321.000000000000,2.239819415000,-0.501539044700,-0.623264459600
1322.000000000000,2.239819415000,-0.421145730300,-0.680173708600
1323.000000000000,2.603260214000,-0.495803481300,-0.627836688900
1324.000000000000,2.602040153000,-0.568342191500,-0.563016121700
1325.000000000000,2.601836809000,-0.633098793500,-0.489066373500
1326.000000000000,2.601802918000,-0.688383627900,-0.407588003900
1327.000000000000,2.601797270000,-0.733251590800,-0.319909525600
1328.000000000000,2.601796328000,-0.767006788600,-0.227377629000
1329.000000000000,2.601796172000,-0.789135291000,-0.131398221200
1330.000000000000,2.600576084000,-0.412599226500,-0.685391769900
1331.000000000000,2.239819415000,0.666881908200,0.441891978400
1332.000000000000,2.239819415000,0.607523933300,0.520494640200
1333.000000000000,2.239819415000,0.538956514900,0.591207133800
1334.000000000000,2.239819415000,0.462219065100,0.652957529900
1335.000000000000,2.239819415000,0.378474845500,0.704809755400
1336.000000000000,2.239819415000,0.288993332900,0.745977783500
1337.000000000000,2.239819415000,0.195130976100,0.775837548800
1338.000000000000,2.603260214000,0.188009405400,0.777594022300
1339.000000000000,2.602040153000,0.281000731100,0.749025092400
1340.000000000000,2.601836809000,0.370737917400,0.708910006000
1341.000000000000,2.601802918000,0.455016996900,0.657996605200
1342.000000000000,2.601797270000,0.532424110100,0.597096781900
1343.000000000000,2.601796328000,0.601764198500,0.527143101500
1344.000000000000,2.601796172000,0.661982760800,0.449197979100
1345.000000000000,2.239819415000,-0.666881908200,0.441891978400
1346.000000000000,2.239819415000,-0.716130633100,0.356590684600
1347.000000000000,2.239819415000,-0.754523547600,0.265883839600
1348.000000000000,2.239819415000,-0.781478654200,0.171146466600
1349.000000000000,2.239819415000,-0.796587341000,0.073814687570
1350.000000000000,2.239819415000,-0.799620575800,-0.024636046840
1351.000000000000,2.601796145000,-0.799301349400,-0.033426828240
1352.000000000000,2.601796141000,-0.797350818700,0.065051302410
1353.000000000000,2.601796140000,-0.783313262700,0.162543325200
1354.000000000000,2.601796140000,-0.757401476000,0.257571357400
1355.000000000000,2.601796140000,-0.720008255000,0.348694870500
1356.000000000000,2.601796140000,-0.671700442800,0.434532524800
1357.000000000000,2.239819415000,0.638413781800,-0.482107709100
1358.000000000000,2.247139786000,0.689123749100,-0.406335401300
1359.000000000000,2.239819415000,0.736724414400,-0.311828698600
1360.000000000000,2.239819415000,0.769460514500,-0.218930392100
1361.000000000000,2.239819415000,0.790532377700,-0.122713323900
1362.000000000000,2.239819415000,0.799620575800,-0.024636046840
1363.000000000000,2.239819415000,0.098310632530,0.793936407700
1364.000000000000,2.247139786000,0.007334905435,0.799966373800
1365.000000000000,2.239819415000,-0.098310632530,0.793936407700
1366.000000000000,2.239819415000,-0.195130976100,0.775837548800
1367.000000000000,2.239819415000,-0.288993332900,0.745977783500
1368.000000000000,2.239819415000,-0.378474845500,0.704809755400
1369.000000000000,2.239819415000,-0.462219065100,0.652957529900
1370.000000000000,2.239819415000,-0.538956514900,0.591207133800
1371.000000000000,2.602040153000,0.643530946800,-0.475255637100
1372.000000000000,2.603260214000,0.799812844300,-0.017303584690
1373.000000000000,2.602040153000,0.791799254300,-0.114253844000
1374.000000000000,2.601836809000,0.771810652500,-0.210495407600
1375.000000000000,2.601802918000,0.740106066000,-0.303715345500
1376.000000000000,2.600373864000,0.697870964200,-0.391121614400
1377.000000000000,2.603260214000,-0.105585810900,0.793001662400
1378.000000000000,2.602040153000,-0.008553694209,0.799954270100
1379.000000000000,2.600616747000,0.088405555620,0.795100281600
1380.000000000000,2.603260214000,-0.544354421600,0.586240789900
1381.000000000000,2.602040153000,-0.469174142400,0.647978104600
1382.000000000000,2.601836809000,-0.386166432200,0.700625068500
1383.000000000000,2.601802918000,-0.297172088400,0.742757531000
1384.000000000000,2.600577208000,-0.204825525800,0.773334664900
1385.000000000000,2.239819415000,0.796587341000,0.073814687570
1386.000000000000,2.247139786000,0.783014985400,0.163974182800
1387.000000000000,2.248359847000,0.757323278600,0.257801186400
1388.000000000000,2.239819415000,0.716130633100,0.356590684600
1389.000000000000,2.239819415000,-0.607523933300,0.520494640200
1390.000000000000,2.601796145000,0.712166429000,0.364443380300
1391.000000000000,2.601796141000,0.751554393000,0.274164174100
1392.000000000000,2.601796140000,0.779549560300,0.179728915300
1393.000000000000,2.600576078000,0.795601024100,0.083779534380
1394.000000000000,2.600576078000,-0.613991207000,0.512849683400
1395.000000000000,2.327650760000,-0.378474845500,-0.704809755400
1396.000000000000,2.327650760000,-0.288993332900,-0.745977783500
1397.000000000000,2.327650760000,-0.195130976100,-0.775837548800
1398.000000000000,2.327650760000,-0.098310632530,-0.793936407700
1399.000000000000,2.327650760000,0.000000000000,-0.800000000000
1400.000000000000,2.327650760000,0.098310632530,-0.793936407700
1401.000000000000,2.327650760000,0.195130976100,-0.775837548800
1402.000000000000,2.331793837000,0.280031554500,-0.749387969300
1403.000000000000,2.500788128000,0.309362550800,-0.737763384900
1404.000000000000,2.500788128000,0.216355259000,-0.770188549600
1405.000000000000,2.500788128000,0.120068242100,-0.790938440900
1406.000000000000,2.500788128000,0.021961113010,-0.799698511600
1407.000000000000,2.500788128000,-0.076478924180,-0.796335968100
1408.000000000000,2.500788128000,-0.173759618800,-0.780901783100
1409.000000000000,2.500788128000,-0.268406294800,-0.753629923100
1410.000000000000,2.500788128000,-0.358984204900,-0.714933801600
1411.000000000000,2.336864488000,0.359485049300,-0.714682096700
1412.000000000000,2.349611872000,0.444120280400,-0.665400012400
1413.000000000000,2.327650760000,0.538956514900,-0.591207133800
1414.000000000000,2.331793837000,0.601241834100,-0.527738815100
1415.000000000000,2.500788128000,0.621583283600,-0.503621109100
1416.000000000000,2.500788128000,0.554982861900,-0.576189225000
1417.000000000000,2.500788128000,0.479969465700,-0.640022899600
1418.000000000000,2.512270720000,0.398177638200,-0.693869273300
1419.000000000000,2.327650760000,-0.796587341000,-0.073814687570
1420.000000000000,2.327650760000,-0.781478654200,-0.171146466600
1421.000000000000,2.327650760000,-0.754523547600,-0.265883839600
1422.000000000000,2.327650760000,-0.716130633100,-0.356590684600
1423.000000000000,2.327650760000,-0.666881908200,-0.441891978400
1424.000000000000,2.327650760000,-0.607523933300,-0.520494640200
1425.000000000000,2.331793837000,-0.546003796400,-0.584704929200
1426.000000000000,2.349611872000,-0.479969465700,-0.640022899600
1427.000000000000,2.500788128000,-0.444120280400,-0.665400012400
1428.000000000000,2.496522297000,-0.528123331700,-0.600904107500
1429.000000000000,2.505447913000,-0.601822548900,-0.527076483600
1430.000000000000,2.500788128000,-0.654500037200,-0.460032282900
1431.000000000000,2.500788128000,-0.706071841400,-0.376115081900
1432.000000000000,2.500788128000,-0.746940316200,-0.286496359600
1433.000000000000,2.500788128000,-0.776485937200,-0.192534644500
1434.000000000000,2.500788128000,-0.794260822900,-0.095654300500
1435.000000000000,2.327650760000,0.692820323000,0.400000000000
1436.000000000000,2.327650760000,0.638413781800,0.482107709100
1437.000000000000,2.327650760000,0.574329538500,0.556907156800
1438.000000000000,2.327650760000,0.501539044700,0.623264459600
1439.000000000000,2.327650760000,0.421145730300,0.680173708600
1440.000000000000,2.327650760000,0.334368275900,0.726772217500
1441.000000000000,2.327650760000,0.242522139300,0.762353600300
1442.000000000000,2.331793837000,0.156414303300,0.784560109700
1443.000000000000,2.500788128000,0.125357032600,0.790117468700
1444.000000000000,2.500788128000,0.221503075300,0.768723869600
1445.000000000000,2.500788128000,0.314291357200,0.735677200100
1446.000000000000,2.500788128000,0.402315302500,0.691478414200
1447.000000000000,2.500788128000,0.484240557900,0.636797520400
1448.000000000000,2.500788128000,0.558825220100,0.572463425400
1449.000000000000,2.500788128000,0.624938661600,0.499451368300
1450.000000000000,2.500788128000,0.681578669900,0.418868137600
1451.000000000000,2.327650760000,-0.638413781800,0.482107709100
1452.000000000000,2.327650760000,-0.692820323000,0.400000000000
1453.000000000000,2.327650760000,-0.736724414400,0.311828698600
1454.000000000000,2.327650760000,-0.769460514500,0.218930392100
1455.000000000000,2.331793837000,-0.789004795900,0.132179544600
1456.000000000000,2.349611872000,-0.798642936600,0.046577459780
1457.000000000000,2.500788128000,-0.799995524200,0.002676065210
1458.000000000000,2.496278285000,-0.792664928400,0.108084740900
1459.000000000000,2.505359798000,-0.771820994200,0.210457484900
1460.000000000000,2.500788128000,-0.745006903700,0.291487072600
1461.000000000000,2.500788128000,-0.703539782900,0.380830374100
1462.000000000000,2.500788128000,-0.651407716300,0.464400675300
1463.000000000000,2.336864488000,0.654822207200,-0.459573581700
1464.000000000000,2.349611872000,0.706071841400,-0.376115081900
1465.000000000000,2.327650760000,0.754523547600,-0.265883839600
1466.000000000000,2.327650760000,0.781478654200,-0.171146466600
1467.000000000000,2.327650760000,0.796587341000,-0.073814687570
1468.000000000000,2.331793837000,0.799858417500,0.015050314130
1469.000000000000,2.336864488000,0.070591293030,0.796879457200
1470.000000000000,2.349611872000,-0.027310705020,0.799533692500
1471.000000000000,2.327650760000,-0.146999614300,0.786378479700
1472.000000000000,2.327650760000,-0.242522139300,0.762353600300
1473.000000000000,2.327650760000,-0.334368275900,0.726772217500
1474.000000000000,2.327650760000,-0.421145730300,0.680173708600
1475.000000000000,2.331793837000,-0.494032796500,0.629230956000
1476.000000000000,2.349611872000,-0.558825220100,0.572463425400
1477.000000000000,2.512269779000,0.679064990400,-0.422931127800
1478.000000000000,2.500788128000,0.798642936600,0.046577459780
1479.000000000000,2.500788128000,0.798313454600,-0.051919438960
1480.000000000000,2.500788128000,0.785882354400,-0.149629291900
1481.000000000000,2.500788128000,0.761538078800,-0.245070917400
1482.000000000000,2.500788128000,0.725649662200,-0.336797517500
1483.000000000000,2.500788128000,-0.168531399200,0.782046780900
1484.000000000000,2.500788128000,-0.071149625000,0.796829800400
1485.000000000000,2.512310259000,0.026777069980,0.799551742200
1486.000000000000,2.500788128000,-0.589400972600,0.540931135600
1487.000000000000,2.496522297000,-0.512782979300,0.614046916900
1488.000000000000,2.505447913000,-0.428524225600,0.675549397200
1489.000000000000,2.500788128000,-0.354193174200,0.717319451400
1490.000000000000,2.500788128000,-0.263358409200,0.755408729300
1491.000000000000,2.336864488000,0.793532170200,0.101521893400
1492.000000000000,2.340337467000,0.775257739600,0.197421977300
1493.000000000000,2.337415490000,0.741183393500,0.301076696600
1494.000000000000,2.500788128000,0.727886640400,0.331935292900
1495.000000000000,2.515484678000,0.763813390800,0.237884644300
1496.000000000000,2.513115639000,0.785273501100,0.152792435800
1497.000000000000,2.421584471000,-0.414101591300,-0.684485114600
1498.000000000000,2.415702049000,-0.326551516300,-0.730317812500
1499.000000000000,2.414721645000,-0.234277412300,-0.764927509000
1500.000000000000,2.414558244000,-0.138492268100,-0.787921247100
1501.000000000000,2.414531011000,-0.040614789590,-0.798968359100
1502.000000000000,2.414526472000,0.057877151530,-0.797903650400
1503.000000000000,2.414525716000,0.155491528100,-0.784743515200
1504.000000000000,2.415750046000,0.241822489400,-0.762575821600
1505.000000000000,2.408574419000,0.309959032700,-0.737512981600
1506.000000000000,2.423837920000,0.378922619200,-0.704569122700
1507.000000000000,2.421584471000,0.507979924500,-0.618026210100
1508.000000000000,2.415750046000,0.573818269800,-0.557433936300
1509.000000000000,2.408574419000,0.621990327200,-0.503118309000
1510.000000000000,2.423837764000,0.667162657000,-0.441467993200
1511.000000000000,2.434917895000,0.445174985800,-0.664694841300
1512.000000000000,2.421584471000,-0.799323638400,-0.032889527620
1513.000000000000,2.415702049000,-0.789170289900,-0.131187855900
1514.000000000000,2.414721645000,-0.767052032600,-0.227224953200
1515.000000000000,2.414558244000,-0.733311308900,-0.319772613300
1516.000000000000,2.414531011000,-0.688456117000,-0.407465550600
1517.000000000000,2.415750046000,-0.638855902800,-0.481521687500
1518.000000000000,2.415750046000,-0.574840323500,-0.556379908400
1519.000000000000,2.408104715000,-0.523700937100,-0.604762208200
1520.000000000000,2.420922243000,0.716339118200,0.356171682900
1521.000000000000,2.415750046000,0.667287114500,0.441279850800
1522.000000000000,2.415750046000,0.608001291700,0.519936947400
1523.000000000000,2.415750046000,0.539498789100,0.590712329800
1524.000000000000,2.415750046000,0.462818034800,0.652533115400
1525.000000000000,2.415750046000,0.379121430800,0.704462164100
1526.000000000000,2.415750046000,0.289677732400,0.745712284600
1527.000000000000,2.415750046000,0.195842814900,0.775658166900
1528.000000000000,2.408574419000,0.124718073100,0.790218578800
1529.000000000000,2.423844510000,0.048747922910,0.798513393800
1530.000000000000,2.421584471000,-0.612864828000,0.514195198900
1531.000000000000,2.415702049000,-0.671584568500,0.434711591100
1532.000000000000,2.414721645000,-0.719938753100,0.348838346200
1533.000000000000,2.415750046000,-0.754279250700,0.266576090500
1534.000000000000,2.415750046000,-0.781321278500,0.171863491800
1535.000000000000,2.408117404000,-0.793406339900,0.102500633500
1536.000000000000,2.421584471000,0.739920725800,-0.304166598200
1537.000000000000,2.415702049000,0.771767013500,-0.210655351000
1538.000000000000,2.414721645000,0.791811323100,-0.114170173900
1539.000000000000,2.415750046000,0.799597632700,-0.025369781080
1540.000000000000,2.408574419000,0.798605011300,0.047223257040
1541.000000000000,2.421584471000,-0.106544361900,0.792873444500
1542.000000000000,2.415702049000,-0.203450621300,0.773697515000
1543.000000000000,2.414721645000,-0.297031390600,0.742813807800
1544.000000000000,2.415750046000,-0.377827941400,0.705156753300
1545.000000000000,2.415750046000,-0.461619706300,0.653381394600
1546.000000000000,2.408104715000,-0.517273779600,0.610268659700
1547.000000000000,2.434917895000,0.706667437800,-0.374994843200
1548.000000000000,2.424567223000,0.789598173900,0.128587416700
1549.000000000000,2.434917895000,-0.028578658410,0.799489374700
1550.000000000000,2.436090124000,0.761517825000,0.245133845400
1551.000000000000,1.928636606000,-0.054592527610,-0.150398324200
1552.000000000000,1.741568043000,-0.032492139940,-0.156666080700
1553.000000000000,1.928636606000,-0.077912966820,0.139748236500
1554.000000000000,1.928636606000,-0.159485683300,-0.012818611990
1555.000000000000,1.740441773000,-0.095471671760,0.128394547800
1556.000000000000,1.740441773000,-0.156452154400,-0.033507064550
1557.000000000000,1.922833252000,0.155037735500,-0.039538596040
1558.000000000000,1.908342283000,0.013254729410,0.159450030300
1559.000000000000,1.726149203000,0.159976192700,0.002760031752
1560.000000000000,1.735252929000,-0.022098201460,0.158466619500
1561.000000000000,1.923868258000,0.110990282000,-0.115243903500
1562.000000000000,1.923349996000,0.151203774000,0.052320347240
1563.000000000000,1.923429576000,0.097620890540,0.126768141600
1564.000000000000,1.735252929000,0.134232324700,-0.087072860400
1565.000000000000,1.725024805000,0.134503367900,0.086653586360
1566.000000000000,1.724840615000,0.068900342380,0.144404788100
1567.000000000000,1.911624025000,-0.139537131300,0.078290414370
1568.000000000000,1.911652200000,-0.129150958100,-0.094445910580
1569.000000000000,1.730001734000,-0.149712796000,0.056445360480
1570.000000000000,1.730080993000,-0.113474803400,-0.112798355400
1571.000000000000,1.913238480000,0.033078500650,-0.156543325600
1572.000000000000,1.744486434000,0.069301487110,-0.144212703600
1573.000000000000,1.826218199000,-0.091802874110,-0.131042864400
1574.000000000000,1.843347521000,-0.027836631940,-0.157559899500
1575.000000000000,1.829931840000,-0.044468988550,0.153696158200
1576.000000000000,1.842821159000,-0.100187477500,0.124749626600
1577.000000000000,1.826017277000,-0.157272933700,0.029414695730
1578.000000000000,1.842484656000,-0.155097369000,-0.039304021750
1579.000000000000,1.825472102000,0.127476890600,-0.096693548670
1580.000000000000,1.827059014000,0.159939761100,-0.004390081316
1581.000000000000,1.819405217000,0.093848193240,0.129585943000
1582.000000000000,1.802052920000,0.017077721520,0.159085987500
1583.000000000000,1.844058702000,0.078496784160,-0.139421142100
1584.000000000000,1.857046473000,0.137825387200,0.081265999290
1585.000000000000,1.920062318000,0.075393727840,0.111985650000
1586.000000000000,1.915198705000,-0.134993265600,0.001348424865
1587.000000000000,1.915198705000,-0.104277591700,-0.085739045130
1588.000000000000,1.305656493000,0.097453981420,0.093422275200
1589.000000000000,1.310201295000,-0.127313364000,0.044903311140
1590.000000000000,1.310201295000,-0.126390987100,-0.047437520940
1591.000000000000,1.915198705000,0.066328862600,-0.117581809800
1592.000000000000,1.310201295000,0.024769273830,-0.132708263000
1593.000000000000,1.915198705000,-0.022113395300,0.133176566100
1594.000000000000,1.915198705000,-0.102544090200,0.087804951880
1595.000000000000,1.310201295000,0.022113395300,0.133176566100
1596.000000000000,1.310201295000,-0.068664402980,0.116233384900
1597.000000000000,1.915198705000,0.126390987100,-0.047437520940
1598.000000000000,1.915198705000,0.127313364000,0.044903311140
1599.000000000000,1.310201295000,0.104277591700,-0.085739045130
1600.000000000000,1.310201295000,0.134993265600,0.001348424865
1601.000000000000,1.915198705000,-0.024769273830,-0.132708263000
1602.000000000000,1.310201295000,-0.066328862600,-0.117581809800
1603.000000000000,1.815929289000,0.025247546360,0.132618103600
1604.000000000000,1.815523046000,0.098336117590,0.092493286120
1605.000000000000,1.804997409000,-0.118238459000,-0.065151107610
1606.000000000000,1.804997409000,-0.132454239200,0.026093572450
1607.000000000000,1.804997409000,-0.048697589710,-0.125910860400
1608.000000000000,1.413362592000,0.129128029900,0.039382126440
1609.000000000000,1.412861464000,0.076749818440,0.111060638300
1610.000000000000,1.420402591000,-0.088824816210,0.101661949700
1611.000000000000,1.420402591000,-0.133390798500,0.020782080380
1612.000000000000,1.420402591000,-0.115541743800,-0.069821955350
1613.000000000000,1.804997409000,0.115541743800,-0.069821955350
1614.000000000000,1.804997409000,0.043629422970,-0.127755522200
1615.000000000000,1.420402591000,-0.043629422970,-0.127755522200
1616.000000000000,1.420402591000,0.048697589710,-0.125910860400
1617.000000000000,1.804997409000,-0.084693208820,0.105128780000
1618.000000000000,1.420402591000,-0.002696715199,0.134973063000
1619.000000000000,1.804997409000,0.133390798500,0.020782080380
1620.000000000000,1.420402591000,0.118238459000,-0.065151107610
1621.000000000000,1.711078174000,-0.033810192130,0.130697631600
1622.000000000000,1.714956025000,0.053518974570,0.123938369200
1623.000000000000,1.713460054000,0.114588678000,0.071375309950
1624.000000000000,1.694796114000,-0.070972541650,-0.114838575100
1625.000000000000,1.701719620000,-0.130541267700,-0.034408973210
1626.000000000000,1.701674432000,-0.121436948400,0.058975143660
1627.000000000000,1.702039870000,0.011177912370,-0.134536442200
1628.000000000000,1.512006951000,0.133841410000,-0.017648710270
1629.000000000000,1.526018776000,0.117172245200,0.067049719980
1630.000000000000,1.520166137000,0.046534863640,0.126726108100
1631.000000000000,1.522563677000,-0.040633701380,0.128739668800
1632.000000000000,1.524239990000,-0.111842771100,0.075605519370
1633.000000000000,1.530603886000,-0.134939394200,-0.004044736484
1634.000000000000,1.530603886000,-0.100769666600,-0.089835818560
1635.000000000000,1.704289614000,0.134760359600,-0.008040240717
1636.000000000000,1.702001708000,0.096051749010,-0.094863383410
1637.000000000000,1.524505616000,-0.008788543606,-0.134713627700
1638.000000000000,1.518752329000,0.087239315700,-0.103025733700
1639.000000000000,1.617853342000,-0.077603385280,0.110465897900
1640.000000000000,1.617657962000,0.003530044282,0.134953839500
1641.000000000000,1.619901662000,0.084197419850,0.105526273900
1642.000000000000,1.625688497000,0.125054342300,0.050856774220
1643.000000000000,1.612198825000,-0.037223954250,-0.129766626000
1644.000000000000,1.612198825000,-0.111927582700,-0.075479906190
1645.000000000000,1.612198825000,-0.134259051200,0.014124700610
1646.000000000000,1.612198825000,0.054897176050,-0.123334099300
1647.000000000000,1.606496074000,0.126456124900,-0.047263606330
1648.000000000000,1.503451573000,-0.053730926330,-0.150708286300
1649.000000000000,1.318020445000,-0.030847215860,-0.156998246100
1650.000000000000,1.503451573000,-0.078711449360,0.139300063700
1651.000000000000,1.503451573000,-0.159409712600,-0.013731114980
1652.000000000000,1.316934670000,-0.096827316320,0.127375314800
1653.000000000000,1.316934670000,-0.156088182600,-0.035163606900
1654.000000000000,1.497472936000,0.155040166000,-0.039529064270
1655.000000000000,1.483610490000,0.012574583560,0.159505109200
1656.000000000000,1.301130900000,0.159976136000,0.002763314992
1657.000000000000,1.310252929000,-0.022098201460,0.158466619500
1658.000000000000,1.489747071000,0.105289835800,-0.120474273100
1659.000000000000,1.497963823000,0.151202559000,0.052323858250
1660.000000000000,1.498066899000,0.097611749870,0.126775180100
1661.000000000000,1.310252929000,0.134232324700,-0.087072860400
1662.000000000000,1.300028943000,0.134488332200,0.086676920230
1663.000000000000,1.299967995000,0.068606238080,0.144544747700
1664.000000000000,1.487566705000,-0.140327671500,0.076864456140
1665.000000000000,1.487566705000,-0.128212590100,-0.095715890770
1666.000000000000,1.304835732000,-0.150009059900,0.055653229510
1667.000000000000,1.304924423000,-0.112850397400,-0.113423048000
1668.000000000000,1.489061945000,0.034149441440,-0.156313197300
1669.000000000000,1.319542876000,0.069498548730,-0.144117839700
1670.000000000000,1.402156283000,-0.087415077260,-0.134009717100
1671.000000000000,1.419066635000,-0.026739160900,-0.157749856700
1672.000000000000,1.405391566000,-0.048848745280,0.152360756400
1673.000000000000,1.401960539000,-0.158159495400,0.024198636320
1674.000000000000,1.418073533000,-0.154699198100,-0.040843091120
1675.000000000000,1.382224012000,-0.136275197200,0.083839552850
1676.000000000000,1.400263611000,0.127540561800,-0.096609549690
1677.000000000000,1.401854364000,0.159941161800,-0.004338750918
1678.000000000000,1.399100374000,0.087147687110,0.134183757000
1679.000000000000,1.379126436000,0.014767359130,0.159317058400
1680.000000000000,1.423690483000,0.086503186790,-0.134600143700
1681.000000000000,1.430746772000,0.133459094600,0.088253442320
1682.000000000000,0.712118859400,-0.190369307000,0.072197555000
1683.000000000000,-0.412118859400,-0.190369307000,-0.072197555000
1684.000000000000,0.712118859400,0.048724669250,0.197683754000
1685.000000000000,-0.412118859400,0.048724669250,-0.197683754000
1686.000000000000,0.712118859400,0.190369307000,0.072197555000
1687.000000000000,0.712118859400,-0.094617637830,-0.180278846800
1688.000000000000,-0.412118859400,0.190369307000,-0.072197555000
1689.000000000000,-0.412118859400,-0.094617637830,0.180278846800
1690.000000000000,0.712118859400,0.167559515100,-0.115657982400
1691.000000000000,0.712118859400,-0.167559515100,-0.115657982400
1692.000000000000,-0.412118859400,0.167559515100,0.115657982400
1693.000000000000,-0.412118859400,-0.167559515100,0.115657982400
1694.000000000000,0.712118859400,0.135011773200,0.152396788300
1695.000000000000,0.712118859400,0.094617637830,-0.180278846800
1696.000000000000,-0.412118859400,0.135011773200,-0.152396788300
1697.000000000000,-0.412118859400,0.094617637830,0.180278846800
1698.000000000000,0.712118859400,-0.202115526800,-0.024541268100
1699.000000000000,-0.412118859400,-0.202115526800,0.024541268100
1700.000000000000,0.712118859400,0.202115526800,-0.024541268100
1701.000000000000,0.712118859400,0.000000000000,-0.203600000000
1702.000000000000,0.712118859400,-0.135011773200,0.152396788300
1703.000000000000,-0.412118859400,0.202115526800,0.024541268100
1704.000000000000,-0.412118859400,0.000000000000,0.203600000000
1705.000000000000,-0.412118859400,-0.135011773200,-0.152396788300
1706.000000000000,0.712118859400,-0.048724669250,0.197683754000
1707.000000000000,-0.412118859400,-0.048724669250,-0.197683754000
1708.000000000000,0.624237718700,-0.202115526800,0.024541268100
1709.000000000000,0.624237718700,-0.167559515100,0.115657982400
1710.000000000000,-0.324237718700,-0.202115526800,-0.024541268100
1711.000000000000,-0.324237718700,-0.167559515100,-0.115657982400
1712.000000000000,0.624237718700,0.000000000000,0.203600000000
1713.000000000000,0.624237718700,0.094617637830,0.180278846800
1714.000000000000,-0.324237718700,0.000000000000,-0.203600000000
1715.000000000000,-0.324237718700,0.094617637830,-0.180278846800
1716.000000000000,0.624237718700,0.167559515100,0.115657982400
1717.000000000000,0.624237718700,0.202115526800,0.024541268100
1718.000000000000,0.624237718700,-0.048724669250,-0.197683754000
1719.000000000000,0.624237718700,-0.135011773200,-0.152396788300
1720.000000000000,-0.324237718700,0.167559515100,-0.115657982400
1721.000000000000,-0.324237718700,0.202115526800,-0.024541268100
1722.000000000000,-0.324237718700,-0.048724669250,0.197683754000
1723.000000000000,-0.324237718700,-0.135011773200,0.152396788300
1724.000000000000,0.624237718700,0.190369307000,-0.072197555000
1725.000000000000,0.624237718700,0.135011773200,-0.152396788300
1726.000000000000,0.624237718700,-0.190369307000,-0.072197555000
1727.000000000000,-0.324237718700,0.190369307000,0.072197555000
1728.000000000000,-0.324237718700,0.135011773200,0.152396788300
1729.000000000000,-0.324237718700,-0.190369307000,0.072197555000
1730.000000000000,0.624237718700,0.048724669250,-0.197683754000
1731.000000000000,-0.324237718700,0.048724669250,0.197683754000
1732.000000000000,0.624237718700,-0.094617637830,0.180278846800
1733.000000000000,-0.324237718700,-0.094617637830,-0.180278846800
1734.000000000000,0.536356578100,-0.202115526800,-0.024541268100
1735.000000000000,0.536356578100,-0.190369307000,0.072197555000
1736.000000000000,0.536356578100,-0.135011773200,0.152396788300
1737.000000000000,-0.236356578100,-0.202115526800,0.024541268100
1738.000000000000,-0.236356578100,-0.190369307000,-0.072197555000
1739.000000000000,-0.236356578100,-0.135011773200,-0.152396788300
1740.000000000000,0.536356578100,-0.048724669250,0.197683754000
1741.000000000000,0.536356578100,0.048724669250,0.197683754000
1742.000000000000,0.536356578100,0.135011773200,0.152396788300
1743.000000000000,-0.236356578100,-0.048724669250,-0.197683754000
1744.000000000000,-0.236356578100,0.048724669250,-0.197683754000
1745.000000000000,-0.236356578100,0.135011773200,-0.152396788300
1746.000000000000,0.536356578100,0.190369307000,0.072197555000
1747.000000000000,0.536356578100,0.202115526800,-0.024541268100
1748.000000000000,0.536356578100,0.000000000000,-0.203600000000
1749.000000000000,0.536356578100,-0.094617637830,-0.180278846800
1750.000000000000,0.536356578100,-0.167559515100,-0.115657982400
1751.000000000000,-0.236356578100,0.190369307000,-0.072197555000
1752.000000000000,-0.236356578100,0.202115526800,0.024541268100
1753.000000000000,-0.236356578100,0.000000000000,0.203600000000
1754.000000000000,-0.236356578100,-0.094617637830,0.180278846800
1755.000000000000,-0.236356578100,-0.167559515100,0.115657982400
1756.000000000000,0.536356578100,0.167559515100,-0.115657982400
1757.000000000000,0.536356578100,0.094617637830,-0.180278846800
1758.000000000000,-0.236356578100,0.167559515100,0.115657982400
1759.000000000000,-0.236356578100,0.094617637830,0.180278846800
1760.000000000000,0.448475437400,-0.190369307000,-0.072197555000
1761.000000000000,0.448475437400,-0.202115526800,0.024541268100
1762.000000000000,0.448475437400,-0.167559515100,0.115657982400
1763.000000000000,0.448475437400,-0.094617637830,0.180278846800
1764.000000000000,-0.148475437400,-0.190369307000,0.072197555000
1765.000000000000,-0.148475437400,-0.202115526800,-0.024541268100
1766.000000000000,-0.148475437400,-0.167559515100,-0.115657982400
1767.000000000000,-0.148475437400,-0.094617637830,-0.180278846800
1768.000000000000,0.448475437400,0.000000000000,0.203600000000
1769.000000000000,0.448475437400,0.094617637830,0.180278846800
1770.000000000000,0.448475437400,0.167559515100,0.115657982400
1771.000000000000,-0.148475437400,0.000000000000,-0.203600000000
1772.000000000000,-0.148475437400,0.094617637830,-0.180278846800
1773.000000000000,-0.148475437400,0.167559515100,-0.115657982400
1774.000000000000,0.448475437400,0.202115526800,0.024541268100
1775.000000000000,0.448475437400,0.190369307000,-0.072197555000
1776.000000000000,0.448475437400,0.048724669250,-0.197683754000
1777.000000000000,0.448475437400,-0.048724669250,-0.197683754000
1778.000000000000,0.448475437400,-0.135011773200,-0.152396788300
1779.000000000000,-0.148475437400,0.202115526800,-0.024541268100
1780.000000000000,-0.148475437400,0.190369307000,0.072197555000
1781.000000000000,-0.148475437400,0.048724669250,0.197683754000
1782.000000000000,-0.148475437400,-0.048724669250,0.197683754000
1783.000000000000,-0.148475437400,-0.135011773200,0.152396788300
1784.000000000000,0.448475437400,0.135011773200,-0.152396788300
1785.000000000000,-0.148475437400,0.135011773200,0.152396788300
1786.000000000000,0.360594296800,-0.167559515100,-0.115657982400
1787.000000000000,0.360594296800,-0.202115526800,-0.024541268100
1788.000000000000,0.360594296800,-0.190369307000,0.072197555000
1789.000000000000,0.360594296800,-0.135011773200,0.152396788300
1790.000000000000,0.360594296800,-0.048724669250,0.197683754000
1791.000000000000,-0.053254291850,-0.163142157200,0.121809673400
1792.000000000000,-0.052623356140,-0.200974330900,0.032592611470
1793.000000000000,-0.052575339650,-0.193109233900,-0.064511888680
1794.000000000000,-0.052571009620,-0.141010061600,-0.146864299700
1795.000000000000,-0.060594296800,-0.048724669250,-0.197683754000
1796.000000000000,0.360594296800,0.048724669250,0.197683754000
1797.000000000000,0.360594296800,0.135011773200,0.152396788300
1798.000000000000,0.360594296800,0.190369307000,0.072197555000
1799.000000000000,-0.060594296800,0.048724669250,-0.197683754000
1800.000000000000,-0.060594296800,0.135011773200,-0.152396788300
1801.000000000000,-0.060594296800,0.190369307000,-0.072197555000
1802.000000000000,0.360594296800,0.202115526800,-0.024541268100
1803.000000000000,0.353254291900,0.171745029400,-0.109346261400
1804.000000000000,0.352623356100,0.101741101000,-0.176356764400
1805.000000000000,0.352575339600,0.008157814311,-0.203436501300
1806.000000000000,0.360594296800,-0.094617637830,-0.180278846800
1807.000000000000,-0.053254291850,0.202888412600,0.017007411230
1808.000000000000,-0.052623356140,0.172044345900,0.108874712500
1809.000000000000,-0.052575339650,0.101765042000,0.176342950600
1810.000000000000,-0.052571009620,0.008158501830,0.203436473700
1811.000000000000,-0.051933930100,-0.086816782360,0.184162445400
1812.000000000000,0.262913992400,-0.129183156800,-0.157367951000
1813.000000000000,0.264459731000,-0.187369538800,-0.079659374510
1814.000000000000,0.264656868200,-0.202934950500,0.016442806310
1815.000000000000,0.264684563900,-0.172057714400,0.108853584700
1816.000000000000,0.264688614300,-0.101765092100,0.176342921700
1817.000000000000,0.264689216600,-0.008158285672,0.203436482400
1818.000000000000,0.038164390230,-0.116544755600,0.166943942500
1819.000000000000,0.038315872790,-0.180405368000,0.094376179110
1820.000000000000,0.038408744830,-0.203599979700,-0.000090995554
1821.000000000000,0.039332435850,-0.180740207800,-0.093733330630
1822.000000000000,0.060491400210,-0.108725164400,-0.172138893400
1823.000000000000,0.027286843850,0.000000000000,-0.203600000000
1824.000000000000,0.264689306800,0.087317787510,0.183925430500
1825.000000000000,0.264689320300,0.162790464900,0.122279289100
1826.000000000000,0.264780051300,0.200313511400,0.036434285180
1827.000000000000,0.034626848790,0.088745027120,-0.183241043900
1828.000000000000,0.035219262080,0.160463494300,-0.125317305300
1829.000000000000,0.038925737530,0.197724191100,-0.048560315750
1830.000000000000,0.261073002000,0.197644614800,-0.048883189860
1831.000000000000,0.261481294700,0.152329274600,-0.135087942100
1832.000000000000,0.237222292000,0.068971183290,-0.191561833000
1833.000000000000,0.257342780300,-0.037531390710,-0.200110856100
1834.000000000000,0.038518462510,0.197659196400,0.048824195810
1835.000000000000,0.038425811330,0.152351706700,0.135062642700
1836.000000000000,0.061644267270,0.064464118460,0.193125185900
1837.000000000000,0.026218701260,-0.037269672690,0.200159764900
1838.000000000000,0.170011435100,-0.080625973200,-0.186955643000
1839.000000000000,0.172492989600,-0.153068599000,-0.134249633200
1840.000000000000,0.183222930600,-0.197077147700,-0.051122967930
1841.000000000000,0.183794655300,-0.198671619300,0.044525809210
1842.000000000000,0.183786229500,-0.155353567000,0.131598743200
1843.000000000000,0.183655734300,-0.076330070280,0.188750312200
1844.000000000000,0.172659096100,0.024331718130,0.202140860500
1845.000000000000,0.115167984500,-0.053636588170,0.196407933700
1846.000000000000,0.115167984500,-0.138768158100,0.148984423000
1847.000000000000,0.115167984500,-0.192109615400,0.067430376420
1848.000000000000,0.115167984500,-0.201441075000,-0.029571156750
1849.000000000000,0.114210870700,-0.176091005600,-0.102200380400
1850.000000000000,0.115855782700,-0.032410258680,-0.201003818700
1851.000000000000,0.126524745600,0.039692843280,-0.199693360400
1852.000000000000,0.172714174500,0.115413961400,0.167727688600
1853.000000000000,0.181897936500,0.176462836500,0.101557015200
1854.000000000000,0.179545938100,0.202664739400,0.019492650240
1855.000000000000,0.127235837100,0.112843163200,-0.169467933600
1856.000000000000,0.121490498200,0.170882203400,-0.110689803300
1857.000000000000,0.117858156700,0.202664434300,-0.019495822300
1858.000000000000,0.182141843300,0.188510604900,-0.076920165420
1859.000000000000,0.185914353100,0.144988583400,-0.142937996000
1860.000000000000,0.181391407100,-0.008703717839,-0.203413876900
1861.000000000000,0.109012356000,0.187729009600,0.078808495430
1862.000000000000,0.112740539200,0.145942032300,0.141964373100
1863.000000000000,0.087984901470,-0.134367708700,0.184941284900
1864.000000000000,0.712015098500,-0.134367708700,0.184941284900
1865.000000000000,0.087984901470,-0.169882907100,-0.152963256600
1866.000000000000,0.712015098500,-0.169882907100,-0.152963256600
1867.000000000000,0.087984901470,0.047528612520,0.223604541500
1868.000000000000,0.087984901470,0.197973407300,0.114300000000
1869.000000000000,0.087984901470,0.217411519600,-0.070641284910
1870.000000000000,0.087984901470,-0.217411519600,-0.070641284910
1871.000000000000,0.712015098500,0.047528612520,0.223604541500
1872.000000000000,0.712015098500,0.197973407300,0.114300000000
1873.000000000000,0.712015098500,0.217411519600,-0.070641284910
1874.000000000000,0.712015098500,-0.217411519600,-0.070641284910
1875.000000000000,0.087984901470,0.227347705300,0.023895206700
1876.000000000000,0.087984901470,0.169882907100,-0.152963256600
1877.000000000000,0.087984901470,0.092979996610,-0.208836491600
1878.000000000000,0.087984901470,-0.197973407300,0.114300000000
1879.000000000000,0.712015098500,0.227347705300,0.023895206700
1880.000000000000,0.712015098500,0.169882907100,-0.152963256600
1881.000000000000,0.712015098500,0.092979996610,-0.208836491600
1882.000000000000,0.712015098500,-0.197973407300,0.114300000000
1883.000000000000,0.087984901470,0.000000000000,-0.228600000000
1884.000000000000,0.087984901470,-0.227347705300,0.023895206700
1885.000000000000,0.712015098500,0.000000000000,-0.228600000000
1886.000000000000,0.712015098500,-0.227347705300,0.023895206700
1887.000000000000,0.087984901470,-0.092979996610,-0.208836491600
1888.000000000000,0.712015098500,-0.092979996610,-0.208836491600
1889.000000000000,0.087984901470,0.134367708700,0.184941284900
1890.000000000000,0.712015098500,0.134367708700,0.184941284900
1891.000000000000,0.087984901470,-0.047528612520,0.223604541500
1892.000000000000,0.712015098500,-0.047528612520,0.223604541500
1893.000000000000,0.175969802900,-0.169882907100,0.152963256600
1894.000000000000,0.175969802900,-0.092979996610,0.208836491600
1895.000000000000,0.624030197100,-0.092979996610,0.208836491600
1896.000000000000,0.624030197100,-0.169882907100,0.152963256600
1897.000000000000,0.175969802900,-0.134367708700,-0.184941284900
1898.000000000000,0.175969802900,-0.197973407300,-0.114300000000
1899.000000000000,0.624030197100,-0.197973407300,-0.114300000000
1900.000000000000,0.624030197100,-0.134367708700,-0.184941284900
1901.000000000000,0.175969802900,0.000000000000,0.228600000000
1902.000000000000,0.175969802900,0.092979996610,0.208836491600
1903.000000000000,0.175969802900,0.169882907100,0.152963256600
1904.000000000000,0.175969802900,0.217411519600,0.070641284910
1905.000000000000,0.175969802900,0.227347705300,-0.023895206700
1906.000000000000,0.175969802900,0.197973407300,-0.114300000000
1907.000000000000,0.175969802900,-0.227347705300,-0.023895206700
1908.000000000000,0.624030197100,0.092979996610,0.208836491600
1909.000000000000,0.624030197100,0.000000000000,0.228600000000
1910.000000000000,0.624030197100,0.217411519600,0.070641284910
1911.000000000000,0.624030197100,0.169882907100,0.152963256600
1912.000000000000,0.624030197100,0.197973407300,-0.114300000000
1913.000000000000,0.624030197100,0.227347705300,-0.023895206700
1914.000000000000,0.624030197100,-0.227347705300,-0.023895206700
1915.000000000000,0.175969802900,0.134367708700,-0.184941284900
1916.000000000000,0.175969802900,0.047528612520,-0.223604541500
1917.000000000000,0.175969802900,-0.217411519600,0.070641284910
1918.000000000000,0.624030197100,0.134367708700,-0.184941284900
1919.000000000000,0.624030197100,0.047528612520,-0.223604541500
1920.000000000000,0.624030197100,-0.217411519600,0.070641284910
1921.000000000000,0.175969802900,-0.047528612520,-0.223604541500
1922.000000000000,0.624030197100,-0.047528612520,-0.223604541500
1923.000000000000,0.271298587700,-0.201624878300,0.107728215700
1924.000000000000,0.272486662800,-0.141298709400,0.179701515700
1925.000000000000,0.272564801200,-0.056049355690,0.221622268100
1926.000000000000,0.536045295600,-0.047528612520,0.223604541500
1927.000000000000,0.536045295600,-0.134367708700,0.184941284900
1928.000000000000,0.536045295600,-0.197973407300,0.114300000000
1929.000000000000,0.271298587700,-0.086062530540,-0.211781021000
1930.000000000000,0.272486662800,-0.163947355000,-0.159308583500
1931.000000000000,0.272564801200,-0.214549445100,-0.078908146570
1932.000000000000,0.536045295600,-0.217411519600,-0.070641284910
1933.000000000000,0.536045295600,-0.169882907100,-0.152963256600
1934.000000000000,0.536045295600,-0.092979996610,-0.208836491600
1935.000000000000,0.272733603800,0.039730068130,0.225121037900
1936.000000000000,0.272761737600,0.127949547900,0.189438309800
1937.000000000000,0.272642964600,0.193507880100,0.121707273100
1938.000000000000,0.272585307300,0.226268602400,0.032565004920
1939.000000000000,0.272573833900,0.219955179200,-0.062271013770
1940.000000000000,0.272571865500,0.175612246700,-0.146349919100
1941.000000000000,0.273108834100,-0.228126048900,0.014712777200
1942.000000000000,0.536045295600,0.134367708700,0.184941284900
1943.000000000000,0.536045295600,0.047528612520,0.223604541500
1944.000000000000,0.536045295600,0.227347705300,0.023895206700
1945.000000000000,0.536045295600,0.197973407300,0.114300000000
1946.000000000000,0.536045295600,0.169882907100,-0.152963256600
1947.000000000000,0.536045295600,0.217411519600,-0.070641284910
1948.000000000000,0.536045295600,-0.227347705300,0.023895206700
1949.000000000000,0.272734781200,0.100180764300,-0.205479377200
1950.000000000000,0.273485265200,0.008552443254,-0.228439960900
1951.000000000000,0.536045295600,0.092979996610,-0.208836491600
1952.000000000000,0.536045295600,0.000000000000,-0.228600000000
1953.000000000000,0.373971255700,-0.223207615800,0.049359094950
1954.000000000000,0.373971255700,-0.183834150900,0.135878493300
1955.000000000000,0.373971255700,-0.112674091300,0.198903265800
1956.000000000000,0.373971255700,-0.022031657660,0.227535856600
1957.000000000000,0.454546853300,0.010821221000,0.228343734700
1958.000000000000,0.454686866600,-0.083111616900,0.212956378500
1959.000000000000,0.454710202100,-0.162558061200,0.160725967900
1960.000000000000,0.454714091400,-0.213878495500,0.080709040030
1961.000000000000,0.373971255700,-0.025757151600,-0.227144291500
1962.000000000000,0.373971255700,-0.115918235400,-0.197030258300
1963.000000000000,0.373971255700,-0.186036003300,-0.132847903500
1964.000000000000,0.373971255700,-0.223986456100,-0.045694939370
1965.000000000000,0.454714739600,-0.228215021200,-0.013261376150
1966.000000000000,0.454714847600,-0.203090869300,-0.104938357200
1967.000000000000,0.454714865600,-0.142850455400,-0.178470466500
1968.000000000000,0.454721437400,-0.058439797700,-0.221003959300
1969.000000000000,0.366948579900,0.071318499380,0.217190312000
1970.000000000000,0.365595425800,0.152023013400,0.170724817700
1971.000000000000,0.365312906800,0.207799211000,0.095275641790
1972.000000000000,0.365254298500,0.228583611600,0.002737245532
1973.000000000000,0.365242290100,0.209949560600,-0.090438609050
1974.000000000000,0.365267113300,0.154259924500,-0.168706359400
1975.000000000000,0.453541243600,0.170560681000,0.152207142100
1976.000000000000,0.453706773400,0.098167773600,0.206448657600
1977.000000000000,0.453541243600,0.227239321900,-0.024904830180
1978.000000000000,0.453541243600,0.217723157400,0.069674864490
1979.000000000000,0.453541243600,0.133544889600,-0.185536310400
1980.000000000000,0.453541243600,0.197463743300,-0.115178253500
1981.000000000000,0.366029644000,0.071571278330,-0.217107144300
1982.000000000000,0.453706773400,0.041928079160,-0.224722042000
1983.000000000000,0.087831344970,-0.049248724910,-0.798482663000
1984.000000000000,1.512168655000,-0.049248724910,-0.798482663000
1985.000000000000,0.087831344970,0.334368275900,-0.726772217500
1986.000000000000,1.512168655000,0.334368275900,-0.726772217500
1987.000000000000,0.087831344970,-0.692820323000,-0.400000000000
1988.000000000000,0.087831344970,-0.146999614300,-0.786378479700
1989.000000000000,1.512168655000,-0.692820323000,-0.400000000000
1990.000000000000,1.512168655000,-0.146999614300,-0.786378479700
1991.000000000000,0.087831344970,0.146999614300,-0.786378479700
1992.000000000000,1.512168655000,0.146999614300,-0.786378479700
1993.000000000000,0.087831344970,-0.242522139300,-0.762353600300
1994.000000000000,1.512168655000,-0.242522139300,-0.762353600300
1995.000000000000,0.087831344970,0.049248724910,-0.798482663000
1996.000000000000,1.512168655000,0.049248724910,-0.798482663000
1997.000000000000,0.087831344970,0.462219065100,0.652957529900
1998.000000000000,1.512168655000,0.462219065100,0.652957529900
1999.000000000000,0.087831344970,-0.574329538500,-0.556907156800
2000.000000000000,1.512168655000,-0.574329538500,-0.556907156800
2001.000000000000,0.087831344970,-0.781478654200,0.171146466600
2002.000000000000,1.512168655000,-0.781478654200,0.171146466600
2003.000000000000,0.087831344970,0.421145730300,-0.680173708600
2004.000000000000,0.087831344970,0.736724414400,-0.311828698600
2005.000000000000,0.087831344970,0.195130976100,0.775837548800
2006.000000000000,0.087831344970,-0.288993332900,0.745977783500
2007.000000000000,0.087831344970,-0.421145730300,-0.680173708600
2008.000000000000,1.512168655000,0.421145730300,-0.680173708600
2009.000000000000,1.512168655000,0.736724414400,-0.311828698600
2010.000000000000,1.512168655000,0.195130976100,0.775837548800
2011.000000000000,1.512168655000,-0.288993332900,0.745977783500
2012.000000000000,1.512168655000,-0.421145730300,-0.680173708600
2013.000000000000,0.087831344970,0.638413781800,-0.482107709100
2014.000000000000,1.512168655000,0.638413781800,-0.482107709100
2015.000000000000,0.087831344970,0.501539044700,-0.623264459600
2016.000000000000,0.087831344970,0.716130633100,0.356590684600
2017.000000000000,0.087831344970,0.607523933300,0.520494640200
2018.000000000000,0.087831344970,0.378474845500,0.704809755400
2019.000000000000,0.087831344970,-0.716130633100,0.356590684600
2020.000000000000,0.087831344970,-0.501539044700,-0.623264459600
2021.000000000000,1.512168655000,0.501539044700,-0.623264459600
2022.000000000000,1.512168655000,0.716130633100,0.356590684600
2023.000000000000,1.512168655000,0.607523933300,0.520494640200
2024.000000000000,1.512168655000,0.378474845500,0.704809755400
2025.000000000000,1.512168655000,-0.716130633100,0.356590684600
2026.000000000000,1.512168655000,-0.501539044700,-0.623264459600
2027.000000000000,0.087831344970,0.692820323000,-0.400000000000
2028.000000000000,0.087831344970,0.288993332900,0.745977783500
2029.000000000000,0.087831344970,0.098310632530,0.793936407700
2030.000000000000,0.087831344970,-0.538956514900,0.591207133800
2031.000000000000,0.087831344970,-0.334368275900,-0.726772217500
2032.000000000000,1.512168655000,0.692820323000,-0.400000000000
2033.000000000000,1.512168655000,0.288993332900,0.745977783500
2034.000000000000,1.512168655000,0.098310632530,0.793936407700
2035.000000000000,1.512168655000,-0.538956514900,0.591207133800
2036.000000000000,1.512168655000,-0.334368275900,-0.726772217500
2037.000000000000,0.087831344970,0.754523547600,0.265883839600
2038.000000000000,1.512168655000,0.754523547600,0.265883839600
2039.000000000000,0.087831344970,0.242522139300,-0.762353600300
2040.000000000000,0.087831344970,0.000000000000,0.800000000000
2041.000000000000,0.087831344970,-0.098310632530,0.793936407700
2042.000000000000,0.087831344970,-0.195130976100,0.775837548800
2043.000000000000,0.087831344970,-0.378474845500,0.704809755400
2044.000000000000,0.087831344970,-0.666881908200,0.441891978400
2045.000000000000,1.512168655000,0.242522139300,-0.762353600300
2046.000000000000,1.512168655000,0.000000000000,0.800000000000
2047.000000000000,1.512168655000,-0.098310632530,0.793936407700
2048.000000000000,1.512168655000,-0.195130976100,0.775837548800
2049.000000000000,1.512168655000,-0.378474845500,0.704809755400
2050.000000000000,1.512168655000,-0.666881908200,0.441891978400
2051.000000000000,0.087831344970,0.538956514900,0.591207133800
2052.000000000000,0.087831344970,-0.462219065100,0.652957529900
2053.000000000000,0.087831344970,-0.796587341000,0.073814687570
2054.000000000000,0.087831344970,-0.638413781800,-0.482107709100
2055.000000000000,1.512168655000,0.538956514900,0.591207133800
2056.000000000000,1.512168655000,-0.462219065100,0.652957529900
2057.000000000000,1.512168655000,-0.796587341000,0.073814687570
2058.000000000000,1.512168655000,-0.638413781800,-0.482107709100
2059.000000000000,0.087831344970,0.796587341000,0.073814687570
2060.000000000000,0.087831344970,-0.754523547600,0.265883839600
2061.000000000000,0.087831344970,-0.769460514500,-0.218930392100
2062.000000000000,1.512168655000,0.796587341000,0.073814687570
2063.000000000000,1.512168655000,-0.754523547600,0.265883839600
2064.000000000000,1.512168655000,-0.769460514500,-0.218930392100
2065.000000000000,0.087831344970,0.769460514500,-0.218930392100
2066.000000000000,0.087831344970,0.781478654200,0.171146466600
2067.000000000000,0.087831344970,-0.790532377700,-0.122713323900
2068.000000000000,1.512168655000,0.769460514500,-0.218930392100
2069.000000000000,1.512168655000,0.781478654200,0.171146466600
2070.000000000000,1.512168655000,-0.790532377700,-0.122713323900
2071.000000000000,0.087831344970,0.799620575800,-0.024636046840
2072.000000000000,0.087831344970,-0.799620575800,-0.024636046840
2073.000000000000,1.512168655000,0.799620575800,-0.024636046840
2074.000000000000,1.512168655000,-0.799620575800,-0.024636046840
2075.000000000000,0.087831344970,0.666881908200,0.441891978400
2076.000000000000,1.512168655000,0.666881908200,0.441891978400
2077.000000000000,0.087831344970,0.790532377700,-0.122713323900
2078.000000000000,1.512168655000,0.790532377700,-0.122713323900
2079.000000000000,0.087831344970,-0.607523933300,0.520494640200
2080.000000000000,1.512168655000,-0.607523933300,0.520494640200
2081.000000000000,0.087831344970,0.574329538500,-0.556907156800
2082.000000000000,1.512168655000,0.574329538500,-0.556907156800
2083.000000000000,0.087831344970,-0.736724414400,-0.311828698600
2084.000000000000,1.512168655000,-0.736724414400,-0.311828698600
2085.000000000000,0.175662689900,-0.098310632530,-0.793936407700
2086.000000000000,0.175662689900,0.000000000000,-0.800000000000
2087.000000000000,1.424337310000,0.000000000000,-0.800000000000
2088.000000000000,1.424337310000,-0.098310632530,-0.793936407700
2089.000000000000,0.175662689900,0.288993332900,-0.745977783500
2090.000000000000,0.175662689900,0.378474845500,-0.704809755400
2091.000000000000,1.424337310000,0.378474845500,-0.704809755400
2092.000000000000,1.424337310000,0.288993332900,-0.745977783500
2093.000000000000,0.175662689900,-0.716130633100,-0.356590684600
2094.000000000000,0.175662689900,-0.666881908200,-0.441891978400
2095.000000000000,0.175662689900,-0.195130976100,-0.775837548800
2096.000000000000,1.424337310000,-0.666881908200,-0.441891978400
2097.000000000000,1.424337310000,-0.716130633100,-0.356590684600
2098.000000000000,1.424337310000,-0.195130976100,-0.775837548800
2099.000000000000,0.175662689900,0.098310632530,-0.793936407700
2100.000000000000,0.175662689900,0.195130976100,-0.775837548800
2101.000000000000,1.424337310000,0.195130976100,-0.775837548800
2102.000000000000,1.424337310000,0.098310632530,-0.793936407700
2103.000000000000,0.175662689900,-0.288993332900,-0.745977783500
2104.000000000000,1.424337310000,-0.288993332900,-0.745977783500
2105.000000000000,0.175662689900,0.501539044700,0.623264459600
2106.000000000000,0.175662689900,0.421145730300,0.680173708600
2107.000000000000,1.424337310000,0.421145730300,0.680173708600
2108.000000000000,1.424337310000,0.501539044700,0.623264459600
2109.000000000000,0.175662689900,-0.607523933300,-0.520494640200
2110.000000000000,0.175662689900,-0.538956514900,-0.591207133800
2111.000000000000,1.424337310000,-0.538956514900,-0.591207133800
2112.000000000000,1.424337310000,-0.607523933300,-0.520494640200
2113.000000000000,0.175662689900,-0.769460514500,0.218930392100
2114.000000000000,0.175662689900,-0.790532377700,0.122713323900
2115.000000000000,1.424337310000,-0.790532377700,0.122713323900
2116.000000000000,1.424337310000,-0.769460514500,0.218930392100
2117.000000000000,0.175662689900,0.462219065100,-0.652957529900
2118.000000000000,0.175662689900,0.716130633100,-0.356590684600
2119.000000000000,0.175662689900,0.754523547600,-0.265883839600
2120.000000000000,0.175662689900,0.242522139300,0.762353600300
2121.000000000000,0.175662689900,0.146999614300,0.786378479700
2122.000000000000,0.175662689900,-0.242522139300,0.762353600300
2123.000000000000,0.175662689900,-0.334368275900,0.726772217500
2124.000000000000,0.175662689900,-0.462219065100,-0.652957529900
2125.000000000000,0.175662689900,-0.378474845500,-0.704809755400
2126.000000000000,1.424337310000,0.462219065100,-0.652957529900
2127.000000000000,1.424337310000,0.754523547600,-0.265883839600
2128.000000000000,1.424337310000,0.716130633100,-0.356590684600
2129.000000000000,1.424337310000,0.146999614300,0.786378479700
2130.000000000000,1.424337310000,0.242522139300,0.762353600300
2131.000000000000,1.424337310000,-0.334368275900,0.726772217500
2132.000000000000,1.424337310000,-0.242522139300,0.762353600300
2133.000000000000,1.424337310000,-0.378474845500,-0.704809755400
2134.000000000000,1.424337310000,-0.462219065100,-0.652957529900
2135.000000000000,0.175662689900,0.607523933300,-0.520494640200
2136.000000000000,0.175662689900,0.666881908200,-0.441891978400
2137.000000000000,1.424337310000,0.666881908200,-0.441891978400
2138.000000000000,1.424337310000,0.607523933300,-0.520494640200
2139.000000000000,0.175662689900,0.538956514900,-0.591207133800
2140.000000000000,0.175662689900,0.736724414400,0.311828698600
2141.000000000000,0.175662689900,0.692820323000,0.400000000000
2142.000000000000,0.175662689900,0.638413781800,0.482107709100
2143.000000000000,0.175662689900,0.574329538500,0.556907156800
2144.000000000000,0.175662689900,0.334368275900,0.726772217500
2145.000000000000,0.175662689900,-0.692820323000,0.400000000000
2146.000000000000,0.175662689900,-0.736724414400,0.311828698600
2147.000000000000,1.424337310000,0.538956514900,-0.591207133800
2148.000000000000,1.424337310000,0.692820323000,0.400000000000
2149.000000000000,1.424337310000,0.736724414400,0.311828698600
2150.000000000000,1.424337310000,0.574329538500,0.556907156800
2151.000000000000,1.424337310000,0.638413781800,0.482107709100
2152.000000000000,1.424337310000,0.334368275900,0.726772217500
2153.000000000000,1.424337310000,-0.736724414400,0.311828698600
2154.000000000000,1.424337310000,-0.692820323000,0.400000000000
2155.000000000000,0.175662689900,0.049248724910,0.798482663000
2156.000000000000,0.175662689900,-0.501539044700,0.623264459600
2157.000000000000,0.175662689900,-0.574329538500,0.556907156800
2158.000000000000,1.424337310000,0.049248724910,0.798482663000
2159.000000000000,1.424337310000,-0.574329538500,0.556907156800
2160.000000000000,1.424337310000,-0.501539044700,0.623264459600
2161.000000000000,0.175662689900,0.769460514500,0.218930392100
2162.000000000000,1.424337310000,0.769460514500,0.218930392100
2163.000000000000,0.175662689900,-0.049248724910,0.798482663000
2164.000000000000,0.175662689900,-0.146999614300,0.786378479700
2165.000000000000,0.175662689900,-0.421145730300,0.680173708600
2166.000000000000,0.175662689900,-0.638413781800,0.482107709100
2167.000000000000,1.424337310000,-0.049248724910,0.798482663000
2168.000000000000,1.424337310000,-0.146999614300,0.786378479700
2169.000000000000,1.424337310000,-0.421145730300,0.680173708600
2170.000000000000,1.424337310000,-0.638413781800,0.482107709100
2171.000000000000,0.175662689900,-0.799620575800,0.024636046840
2172.000000000000,1.424337310000,-0.799620575800,0.024636046840
2173.000000000000,0.175662689900,0.799620575800,0.024636046840
2174.000000000000,0.175662689900,0.790532377700,0.122713323900
2175.000000000000,0.175662689900,-0.781478654200,-0.171146466600
2176.000000000000,0.175662689900,-0.754523547600,-0.265883839600
2177.000000000000,1.424337310000,0.790532377700,0.122713323900
2178.000000000000,1.424337310000,0.799620575800,0.024636046840
2179.000000000000,1.424337310000,-0.754523547600,-0.265883839600
2180.000000000000,1.424337310000,-0.781478654200,-0.171146466600
2181.000000000000,0.175662689900,0.781478654200,-0.171146466600
2182.000000000000,0.175662689900,-0.796587341000,-0.073814687570
2183.000000000000,1.424337310000,0.781478654200,-0.171146466600
2184.000000000000,1.424337310000,-0.796587341000,-0.073814687570
2185.000000000000,0.175662689900,0.796587341000,-0.073814687570
2186.000000000000,1.424337310000,0.796587341000,-0.073814687570
2187.000000000000,0.263494034900,-0.146999614300,-0.786378479700
2188.000000000000,0.263494034900,-0.049248724910,-0.798482663000
2189.000000000000,0.263494034900,0.049248724910,-0.798482663000
2190.000000000000,1.336505965000,0.049248724910,-0.798482663000
2191.000000000000,1.336505965000,-0.049248724910,-0.798482663000
2192.000000000000,1.336505965000,-0.146999614300,-0.786378479700
2193.000000000000,0.263494034900,0.242522139300,-0.762353600300
2194.000000000000,0.263494034900,0.334368275900,-0.726772217500
2195.000000000000,0.263494034900,0.421145730300,-0.680173708600
2196.000000000000,1.336505965000,0.421145730300,-0.680173708600
2197.000000000000,1.336505965000,0.334368275900,-0.726772217500
2198.000000000000,1.336505965000,0.242522139300,-0.762353600300
2199.000000000000,0.263494034900,-0.736724414400,-0.311828698600
2200.000000000000,0.263494034900,-0.692820323000,-0.400000000000
2201.000000000000,0.263494034900,-0.638413781800,-0.482107709100
2202.000000000000,0.263494034900,-0.242522139300,-0.762353600300
2203.000000000000,1.336505965000,-0.638413781800,-0.482107709100
2204.000000000000,1.336505965000,-0.692820323000,-0.400000000000
2205.000000000000,1.336505965000,-0.736724414400,-0.311828698600
2206.000000000000,1.336505965000,-0.242522139300,-0.762353600300
2207.000000000000,0.263494034900,0.146999614300,-0.786378479700
2208.000000000000,1.336505965000,0.146999614300,-0.786378479700
2209.000000000000,0.263494034900,-0.334368275900,-0.726772217500
2210.000000000000,1.336505965000,-0.334368275900,-0.726772217500
2211.000000000000,0.263494034900,0.538956514900,0.591207133800
2212.000000000000,0.263494034900,0.462219065100,0.652957529900
2213.000000000000,0.263494034900,0.378474845500,0.704809755400
2214.000000000000,1.336505965000,0.378474845500,0.704809755400
2215.000000000000,1.336505965000,0.462219065100,0.652957529900
2216.000000000000,1.336505965000,0.538956514900,0.591207133800
2217.000000000000,0.263494034900,-0.574329538500,-0.556907156800
2218.000000000000,0.263494034900,-0.501539044700,-0.623264459600
2219.000000000000,1.336505965000,-0.501539044700,-0.623264459600
2220.000000000000,1.336505965000,-0.574329538500,-0.556907156800
2221.000000000000,0.263494034900,-0.754523547600,0.265883839600
2222.000000000000,0.263494034900,-0.781478654200,0.171146466600
2223.000000000000,0.263494034900,-0.796587341000,0.073814687570
2224.000000000000,1.336505965000,-0.796587341000,0.073814687570
2225.000000000000,1.336505965000,-0.781478654200,0.171146466600
2226.000000000000,1.336505965000,-0.754523547600,0.265883839600
2227.000000000000,0.263494034900,0.501539044700,-0.623264459600
2228.000000000000,0.263494034900,0.692820323000,-0.400000000000
2229.000000000000,0.263494034900,0.736724414400,-0.311828698600
2230.000000000000,0.263494034900,0.769460514500,-0.218930392100
2231.000000000000,0.263494034900,0.288993332900,0.745977783500
2232.000000000000,0.263494034900,0.195130976100,0.775837548800
2233.000000000000,0.263494034900,0.098310632530,0.793936407700
2234.000000000000,0.263494034900,-0.195130976100,0.775837548800
2235.000000000000,0.263494034900,-0.288993332900,0.745977783500
2236.000000000000,0.263494034900,-0.378474845500,0.704809755400
2237.000000000000,0.263494034900,-0.421145730300,-0.680173708600
2238.000000000000,1.336505965000,0.501539044700,-0.623264459600
2239.000000000000,1.336505965000,0.769460514500,-0.218930392100
2240.000000000000,1.336505965000,0.736724414400,-0.311828698600
2241.000000000000,1.336505965000,0.692820323000,-0.400000000000
2242.000000000000,1.336505965000,0.098310632530,0.793936407700
2243.000000000000,1.336505965000,0.195130976100,0.775837548800
2244.000000000000,1.336505965000,0.288993332900,0.745977783500
2245.000000000000,1.336505965000,-0.378474845500,0.704809755400
2246.000000000000,1.336505965000,-0.288993332900,0.745977783500
2247.000000000000,1.336505965000,-0.195130976100,0.775837548800
2248.000000000000,1.336505965000,-0.421145730300,-0.680173708600
2249.000000000000,0.263494034900,0.574329538500,-0.556907156800
2250.000000000000,0.263494034900,0.638413781800,-0.482107709100
2251.000000000000,1.336505965000,0.638413781800,-0.482107709100
2252.000000000000,1.336505965000,0.574329538500,-0.556907156800
2253.000000000000,0.263494034900,0.754523547600,0.265883839600
2254.000000000000,0.263494034900,0.716130633100,0.356590684600
2255.000000000000,0.263494034900,0.666881908200,0.441891978400
2256.000000000000,0.263494034900,0.607523933300,0.520494640200
2257.000000000000,0.263494034900,-0.666881908200,0.441891978400
2258.000000000000,0.263494034900,-0.716130633100,0.356590684600
2259.000000000000,1.336505965000,0.666881908200,0.441891978400
2260.000000000000,1.336505965000,0.716130633100,0.356590684600
2261.000000000000,1.336505965000,0.754523547600,0.265883839600
2262.000000000000,1.336505965000,0.607523933300,0.520494640200
2263.000000000000,1.336505965000,-0.716130633100,0.356590684600
2264.000000000000,1.336505965000,-0.666881908200,0.441891978400
2265.000000000000,0.263494034900,0.000000000000,0.800000000000
2266.000000000000,0.263494034900,-0.462219065100,0.652957529900
2267.000000000000,0.263494034900,-0.538956514900,0.591207133800
2268.000000000000,0.263494034900,-0.607523933300,0.520494640200
2269.000000000000,1.336505965000,0.000000000000,0.800000000000
2270.000000000000,1.336505965000,-0.607523933300,0.520494640200
2271.000000000000,1.336505965000,-0.538956514900,0.591207133800
2272.000000000000,1.336505965000,-0.462219065100,0.652957529900
2273.000000000000,0.263494034900,0.781478654200,0.171146466600
2274.000000000000,1.336505965000,0.781478654200,0.171146466600
2275.000000000000,0.263494034900,-0.098310632530,0.793936407700
2276.000000000000,1.336505965000,-0.098310632530,0.793936407700
2277.000000000000,0.263494034900,-0.799620575800,-0.024636046840
2278.000000000000,1.336505965000,-0.799620575800,-0.024636046840
2279.000000000000,0.263494034900,0.799620575800,-0.024636046840
2280.000000000000,0.263494034900,0.796587341000,0.073814687570
2281.000000000000,0.263494034900,-0.790532377700,-0.122713323900
2282.000000000000,0.263494034900,-0.769460514500,-0.218930392100
2283.000000000000,1.336505965000,0.796587341000,0.073814687570
2284.000000000000,1.336505965000,0.799620575800,-0.024636046840
2285.000000000000,1.336505965000,-0.769460514500,-0.218930392100
2286.000000000000,1.336505965000,-0.790532377700,-0.122713323900
2287.000000000000,0.263494034900,0.790532377700,-0.122713323900
2288.000000000000,1.336505965000,0.790532377700,-0.122713323900
2289.000000000000,0.351325379900,-0.195130976100,-0.775837548800
2290.000000000000,0.351325379900,-0.098310632530,-0.793936407700
2291.000000000000,0.351325379900,0.000000000000,-0.800000000000
2292.000000000000,0.351325379900,0.098310632530,-0.793936407700
2293.000000000000,1.248674620000,0.098310632530,-0.793936407700
2294.000000000000,1.248674620000,0.000000000000,-0.800000000000
2295.000000000000,1.248674620000,-0.098310632530,-0.793936407700
2296.000000000000,1.248674620000,-0.195130976100,-0.775837548800
2297.000000000000,0.351325379900,0.195130976100,-0.775837548800
2298.000000000000,0.351325379900,0.288993332900,-0.745977783500
2299.000000000000,0.351325379900,0.378474845500,-0.704809755400
2300.000000000000,0.351325379900,0.462219065100,-0.652957529900
2301.000000000000,1.248674620000,0.462219065100,-0.652957529900
2302.000000000000,1.248674620000,0.378474845500,-0.704809755400
2303.000000000000,1.248674620000,0.288993332900,-0.745977783500
2304.000000000000,1.248674620000,0.195130976100,-0.775837548800
2305.000000000000,0.351325379900,-0.754523547600,-0.265883839600
2306.000000000000,0.351325379900,-0.716130633100,-0.356590684600
2307.000000000000,0.351325379900,-0.666881908200,-0.441891978400
2308.000000000000,0.351325379900,-0.607523933300,-0.520494640200
2309.000000000000,0.351325379900,-0.288993332900,-0.745977783500
2310.000000000000,1.248674620000,-0.607523933300,-0.520494640200
2311.000000000000,1.248674620000,-0.666881908200,-0.441891978400
2312.000000000000,1.248674620000,-0.716130633100,-0.356590684600
2313.000000000000,1.248674620000,-0.754523547600,-0.265883839600
2314.000000000000,1.248674620000,-0.288993332900,-0.745977783500
2315.000000000000,0.351325379900,-0.378474845500,-0.704809755400
2316.000000000000,1.248674620000,-0.378474845500,-0.704809755400
2317.000000000000,0.351325379900,0.574329538500,0.556907156800
2318.000000000000,0.351325379900,0.501539044700,0.623264459600
2319.000000000000,0.351325379900,0.421145730300,0.680173708600
2320.000000000000,0.351325379900,0.334368275900,0.726772217500
2321.000000000000,1.248674620000,0.334368275900,0.726772217500
2322.000000000000,1.248674620000,0.421145730300,0.680173708600
2323.000000000000,1.248674620000,0.501539044700,0.623264459600
2324.000000000000,1.248674620000,0.574329538500,0.556907156800
2325.000000000000,0.351325379900,-0.538956514900,-0.591207133800
2326.000000000000,0.351325379900,-0.462219065100,-0.652957529900
2327.000000000000,1.248674620000,-0.462219065100,-0.652957529900
2328.000000000000,1.248674620000,-0.538956514900,-0.591207133800
2329.000000000000,0.351325379900,-0.736724414400,0.311828698600
2330.000000000000,0.351325379900,-0.769460514500,0.218930392100
2331.000000000000,0.351325379900,-0.790532377700,0.122713323900
2332.000000000000,0.351325379900,-0.799620575800,0.024636046840
2333.000000000000,1.248674620000,-0.799620575800,0.024636046840
2334.000000000000,1.248674620000,-0.790532377700,0.122713323900
2335.000000000000,1.248674620000,-0.769460514500,0.218930392100
2336.000000000000,1.248674620000,-0.736724414400,0.311828698600
2337.000000000000,0.351325379900,0.538956514900,-0.591207133800
2338.000000000000,0.351325379900,0.666881908200,-0.441891978400
2339.000000000000,0.351325379900,0.716130633100,-0.356590684600
2340.000000000000,0.351325379900,0.754523547600,-0.265883839600
2341.000000000000,0.351325379900,0.781478654200,-0.171146466600
2342.000000000000,0.351325379900,0.242522139300,0.762353600300
2343.000000000000,0.351325379900,0.146999614300,0.786378479700
2344.000000000000,0.351325379900,0.049248724910,0.798482663000
2345.000000000000,0.351325379900,-0.146999614300,0.786378479700
2346.000000000000,0.351325379900,-0.242522139300,0.762353600300
2347.000000000000,0.351325379900,-0.334368275900,0.726772217500
2348.000000000000,0.351325379900,-0.421145730300,0.680173708600
2349.000000000000,1.248674620000,0.538956514900,-0.591207133800
2350.000000000000,1.248674620000,0.781478654200,-0.171146466600
2351.000000000000,1.248674620000,0.754523547600,-0.265883839600
2352.000000000000,1.248674620000,0.716130633100,-0.356590684600
2353.000000000000,1.248674620000,0.666881908200,-0.441891978400
2354.000000000000,1.248674620000,0.049248724910,0.798482663000
2355.000000000000,1.248674620000,0.146999614300,0.786378479700
2356.000000000000,1.248674620000,0.242522139300,0.762353600300
2357.000000000000,1.248674620000,-0.421145730300,0.680173708600
2358.000000000000,1.248674620000,-0.334368275900,0.726772217500
2359.000000000000,1.248674620000,-0.242522139300,0.762353600300
2360.000000000000,1.248674620000,-0.146999614300,0.786378479700
2361.000000000000,0.351325379900,0.607523933300,-0.520494640200
2362.000000000000,1.248674620000,0.607523933300,-0.520494640200
2363.000000000000,0.351325379900,0.769460514500,0.218930392100
2364.000000000000,0.351325379900,0.736724414400,0.311828698600
2365.000000000000,0.351325379900,0.692820323000,0.400000000000
2366.000000000000,0.351325379900,0.638413781800,0.482107709100
2367.000000000000,0.351325379900,-0.638413781800,0.482107709100
2368.000000000000,0.351325379900,-0.692820323000,0.400000000000
2369.000000000000,1.248674620000,0.638413781800,0.482107709100
2370.000000000000,1.248674620000,0.692820323000,0.400000000000
2371.000000000000,1.248674620000,0.736724414400,0.311828698600
2372.000000000000,1.248674620000,0.769460514500,0.218930392100
2373.000000000000,1.248674620000,-0.692820323000,0.400000000000
2374.000000000000,1.248674620000,-0.638413781800,0.482107709100
2375.000000000000,0.351325379900,-0.049248724910,0.798482663000
2376.000000000000,0.351325379900,-0.501539044700,0.623264459600
2377.000000000000,0.351325379900,-0.574329538500,0.556907156800
2378.000000000000,1.248674620000,-0.049248724910,0.798482663000
2379.000000000000,1.248674620000,-0.574329538500,0.556907156800
2380.000000000000,1.248674620000,-0.501539044700,0.623264459600
2381.000000000000,0.351325379900,0.790532377700,0.122713323900
2382.000000000000,1.248674620000,0.790532377700,0.122713323900
2383.000000000000,0.351325379900,-0.796587341000,-0.073814687570
2384.000000000000,1.248674620000,-0.796587341000,-0.073814687570
2385.000000000000,0.351325379900,0.796587341000,-0.073814687570
2386.000000000000,0.351325379900,0.799620575800,0.024636046840
2387.000000000000,0.351325379900,-0.781478654200,-0.171146466600
2388.000000000000,1.248674620000,0.799620575800,0.024636046840
2389.000000000000,1.248674620000,0.796587341000,-0.073814687570
2390.000000000000,1.248674620000,-0.781478654200,-0.171146466600
2391.000000000000,0.439156724800,-0.242522139300,-0.762353600300
2392.000000000000,0.439156724800,-0.146999614300,-0.786378479700
2393.000000000000,0.439156724800,-0.049248724910,-0.798482663000
2394.000000000000,0.439156724800,0.049248724910,-0.798482663000
2395.000000000000,0.439156724800,0.146999614300,-0.786378479700
2396.000000000000,1.160843275000,0.146999614300,-0.786378479700
2397.000000000000,1.160843275000,0.049248724910,-0.798482663000
2398.000000000000,1.160843275000,-0.049248724910,-0.798482663000
2399.000000000000,1.160843275000,-0.146999614300,-0.786378479700
2400.000000000000,1.160843275000,-0.242522139300,-0.762353600300
2401.000000000000,0.439156724800,0.242522139300,-0.762353600300
2402.000000000000,0.439156724800,0.334368275900,-0.726772217500
2403.000000000000,0.439156724800,0.421145730300,-0.680173708600
2404.000000000000,0.439156724800,0.501539044700,-0.623264459600
2405.000000000000,1.160843275000,0.501539044700,-0.623264459600
2406.000000000000,1.160843275000,0.421145730300,-0.680173708600
2407.000000000000,1.160843275000,0.334368275900,-0.726772217500
2408.000000000000,1.160843275000,0.242522139300,-0.762353600300
2409.000000000000,0.439156724800,-0.769460514500,-0.218930392100
2410.000000000000,0.439156724800,-0.736724414400,-0.311828698600
2411.000000000000,0.439156724800,-0.692820323000,-0.400000000000
2412.000000000000,0.439156724800,-0.638413781800,-0.482107709100
2413.000000000000,0.439156724800,-0.574329538500,-0.556907156800
2414.000000000000,0.439156724800,-0.334368275900,-0.726772217500
2415.000000000000,1.160843275000,-0.574329538500,-0.556907156800
2416.000000000000,1.160843275000,-0.638413781800,-0.482107709100
2417.000000000000,1.160843275000,-0.692820323000,-0.400000000000
2418.000000000000,1.160843275000,-0.736724414400,-0.311828698600
2419.000000000000,1.160843275000,-0.769460514500,-0.218930392100
2420.000000000000,1.160843275000,-0.334368275900,-0.726772217500
2421.000000000000,0.439156724800,-0.421145730300,-0.680173708600
2422.000000000000,1.160843275000,-0.421145730300,-0.680173708600
2423.000000000000,0.439156724800,0.607523933300,0.520494640200
2424.000000000000,0.439156724800,0.538956514900,0.591207133800
2425.000000000000,0.439156724800,0.462219065100,0.652957529900
2426.000000000000,0.439156724800,0.378474845500,0.704809755400
2427.000000000000,0.439156724800,0.288993332900,0.745977783500
2428.000000000000,1.160843275000,0.288993332900,0.745977783500
2429.000000000000,1.160843275000,0.378474845500,0.704809755400
2430.000000000000,1.160843275000,0.462219065100,0.652957529900
2431.000000000000,1.160843275000,0.538956514900,0.591207133800
2432.000000000000,1.160843275000,0.607523933300,0.520494640200
2433.000000000000,0.439156724800,-0.501539044700,-0.623264459600
2434.000000000000,1.160843275000,-0.501539044700,-0.623264459600
2435.000000000000,0.439156724800,-0.716130633100,0.356590684600
2436.000000000000,0.439156724800,-0.754523547600,0.265883839600
2437.000000000000,0.439156724800,-0.781478654200,0.171146466600
2438.000000000000,0.439156724800,-0.796587341000,0.073814687570
2439.000000000000,0.439156724800,-0.799620575800,-0.024636046840
2440.000000000000,1.160843275000,-0.799620575800,-0.024636046840
2441.000000000000,1.160843275000,-0.796587341000,0.073814687570
2442.000000000000,1.160843275000,-0.781478654200,0.171146466600
2443.000000000000,1.160843275000,-0.754523547600,0.265883839600
2444.000000000000,1.160843275000,-0.716130633100,0.356590684600
2445.000000000000,0.439156724800,0.574329538500,-0.556907156800
2446.000000000000,0.439156724800,0.638413781800,-0.482107709100
2447.000000000000,0.439156724800,0.692820323000,-0.400000000000
2448.000000000000,0.439156724800,0.736724414400,-0.311828698600
2449.000000000000,0.439156724800,0.769460514500,-0.218930392100
2450.000000000000,0.439156724800,0.790532377700,-0.122713323900
2451.000000000000,0.439156724800,0.195130976100,0.775837548800
2452.000000000000,0.439156724800,0.098310632530,0.793936407700
2453.000000000000,0.439156724800,0.000000000000,0.800000000000
2454.000000000000,0.439156724800,-0.098310632530,0.793936407700
2455.000000000000,0.439156724800,-0.195130976100,0.775837548800
2456.000000000000,0.439156724800,-0.288993332900,0.745977783500
2457.000000000000,0.439156724800,-0.378474845500,0.704809755400
2458.000000000000,0.439156724800,-0.462219065100,0.652957529900
2459.000000000000,1.160843275000,0.574329538500,-0.556907156800
2460.000000000000,1.160843275000,0.790532377700,-0.122713323900
2461.000000000000,1.160843275000,0.769460514500,-0.218930392100
2462.000000000000,1.160843275000,0.736724414400,-0.311828698600
2463.000000000000,1.160843275000,0.692820323000,-0.400000000000
2464.000000000000,1.160843275000,0.638413781800,-0.482107709100
2465.000000000000,1.160843275000,0.000000000000,0.800000000000
2466.000000000000,1.160843275000,0.098310632530,0.793936407700
2467.000000000000,1.160843275000,0.195130976100,0.775837548800
2468.000000000000,1.160843275000,-0.462219065100,0.652957529900
2469.000000000000,1.160843275000,-0.378474845500,0.704809755400
2470.000000000000,1.160843275000,-0.288993332900,0.745977783500
2471.000000000000,1.160843275000,-0.195130976100,0.775837548800
2472.000000000000,1.160843275000,-0.098310632530,0.793936407700
2473.000000000000,0.439156724800,0.781478654200,0.171146466600
2474.000000000000,0.439156724800,0.754523547600,0.265883839600
2475.000000000000,0.439156724800,0.716130633100,0.356590684600
2476.000000000000,0.439156724800,0.666881908200,0.441891978400
2477.000000000000,0.439156724800,-0.607523933300,0.520494640200
2478.000000000000,0.439156724800,-0.666881908200,0.441891978400
2479.000000000000,1.160843275000,0.666881908200,0.441891978400
2480.000000000000,1.160843275000,0.716130633100,0.356590684600
2481.000000000000,1.160843275000,0.754523547600,0.265883839600
2482.000000000000,1.160843275000,0.781478654200,0.171146466600
2483.000000000000,1.160843275000,-0.666881908200,0.441891978400
2484.000000000000,1.160843275000,-0.607523933300,0.520494640200
2485.000000000000,0.439156724800,-0.538956514900,0.591207133800
2486.000000000000,1.160843275000,-0.538956514900,0.591207133800
2487.000000000000,0.439156724800,0.796587341000,0.073814687570
2488.000000000000,1.160843275000,0.796587341000,0.073814687570
2489.000000000000,0.439156724800,-0.790532377700,-0.122713323900
2490.000000000000,1.160843275000,-0.790532377700,-0.122713323900
2491.000000000000,0.439156724800,0.799620575800,-0.024636046840
2492.000000000000,1.160843275000,0.799620575800,-0.024636046840
2493.000000000000,0.526988069800,-0.288993332900,-0.745977783500
2494.000000000000,0.526988069800,-0.195130976100,-0.775837548800
2495.000000000000,0.526988069800,-0.098310632530,-0.793936407700
2496.000000000000,0.526988069800,0.000000000000,-0.800000000000
2497.000000000000,0.526988069800,0.098310632530,-0.793936407700
2498.000000000000,0.526988069800,0.195130976100,-0.775837548800
2499.000000000000,1.073011930000,0.195130976100,-0.775837548800
2500.000000000000,1.073011930000,0.098310632530,-0.793936407700
2501.000000000000,1.073011930000,0.000000000000,-0.800000000000
2502.000000000000,1.073011930000,-0.098310632530,-0.793936407700
2503.000000000000,1.073011930000,-0.195130976100,-0.775837548800
2504.000000000000,1.073011930000,-0.288993332900,-0.745977783500
2505.000000000000,0.526988069800,0.288993332900,-0.745977783500
2506.000000000000,0.526988069800,0.378474845500,-0.704809755400
2507.000000000000,0.526988069800,0.462219065100,-0.652957529900
2508.000000000000,0.526988069800,0.538956514900,-0.591207133800
2509.000000000000,1.073011930000,0.538956514900,-0.591207133800
2510.000000000000,1.073011930000,0.462219065100,-0.652957529900
2511.000000000000,1.073011930000,0.378474845500,-0.704809755400
2512.000000000000,1.073011930000,0.288993332900,-0.745977783500
2513.000000000000,0.526988069800,-0.781478654200,-0.171146466600
2514.000000000000,0.526988069800,-0.754523547600,-0.265883839600
2515.000000000000,0.526988069800,-0.716130633100,-0.356590684600
2516.000000000000,0.526988069800,-0.666881908200,-0.441891978400
2517.000000000000,0.526988069800,-0.607523933300,-0.520494640200
2518.000000000000,0.526988069800,-0.538956514900,-0.591207133800
2519.000000000000,0.526988069800,-0.378474845500,-0.704809755400
2520.000000000000,1.073011930000,-0.538956514900,-0.591207133800
2521.000000000000,1.073011930000,-0.607523933300,-0.520494640200
2522.000000000000,1.073011930000,-0.666881908200,-0.441891978400
2523.000000000000,1.073011930000,-0.716130633100,-0.356590684600
2524.000000000000,1.073011930000,-0.754523547600,-0.265883839600
2525.000000000000,1.073011930000,-0.781478654200,-0.171146466600
2526.000000000000,1.073011930000,-0.378474845500,-0.704809755400
2527.000000000000,0.526988069800,-0.462219065100,-0.652957529900
2528.000000000000,1.073011930000,-0.462219065100,-0.652957529900
2529.000000000000,0.526988069800,0.638413781800,0.482107709100
2530.000000000000,0.526988069800,0.574329538500,0.556907156800
2531.000000000000,0.526988069800,0.501539044700,0.623264459600
2532.000000000000,0.526988069800,0.421145730300,0.680173708600
2533.000000000000,0.526988069800,0.334368275900,0.726772217500
2534.000000000000,0.526988069800,0.242522139300,0.762353600300
2535.000000000000,1.073011930000,0.242522139300,0.762353600300
2536.000000000000,1.073011930000,0.334368275900,0.726772217500
2537.000000000000,1.073011930000,0.421145730300,0.680173708600
2538.000000000000,1.073011930000,0.501539044700,0.623264459600
2539.000000000000,1.073011930000,0.574329538500,0.556907156800
2540.000000000000,1.073011930000,0.638413781800,0.482107709100
2541.000000000000,0.526988069800,-0.692820323000,0.400000000000
2542.000000000000,0.526988069800,-0.736724414400,0.311828698600
2543.000000000000,0.526988069800,-0.769460514500,0.218930392100
2544.000000000000,0.526988069800,-0.790532377700,0.122713323900
2545.000000000000,0.526988069800,-0.799620575800,0.024636046840
2546.000000000000,0.526988069800,-0.796587341000,-0.073814687570
2547.000000000000,1.073011930000,-0.796587341000,-0.073814687570
2548.000000000000,1.073011930000,-0.799620575800,0.024636046840
2549.000000000000,1.073011930000,-0.790532377700,0.122713323900
2550.000000000000,1.073011930000,-0.769460514500,0.218930392100
2551.000000000000,1.073011930000,-0.736724414400,0.311828698600
2552.000000000000,1.073011930000,-0.692820323000,0.400000000000
2553.000000000000,0.526988069800,0.607523933300,-0.520494640200
2554.000000000000,0.526988069800,0.666881908200,-0.441891978400
2555.000000000000,0.526988069800,0.716130633100,-0.356590684600
2556.000000000000,0.526988069800,0.754523547600,-0.265883839600
2557.000000000000,0.526988069800,0.781478654200,-0.171146466600
2558.000000000000,0.526988069800,0.796587341000,-0.073814687570
2559.000000000000,0.526988069800,0.146999614300,0.786378479700
2560.000000000000,0.526988069800,0.049248724910,0.798482663000
2561.000000000000,0.526988069800,-0.049248724910,0.798482663000
2562.000000000000,0.526988069800,-0.146999614300,0.786378479700
2563.000000000000,0.526988069800,-0.242522139300,0.762353600300
2564.000000000000,0.526988069800,-0.334368275900,0.726772217500
2565.000000000000,0.526988069800,-0.421145730300,0.680173708600
2566.000000000000,0.526988069800,-0.501539044700,0.623264459600
2567.000000000000,1.073011930000,0.607523933300,-0.520494640200
2568.000000000000,1.073011930000,0.796587341000,-0.073814687570
2569.000000000000,1.073011930000,0.781478654200,-0.171146466600
2570.000000000000,1.073011930000,0.754523547600,-0.265883839600
2571.000000000000,1.073011930000,0.716130633100,-0.356590684600
2572.000000000000,1.073011930000,0.666881908200,-0.441891978400
2573.000000000000,1.073011930000,-0.049248724910,0.798482663000
2574.000000000000,1.073011930000,0.049248724910,0.798482663000
2575.000000000000,1.073011930000,0.146999614300,0.786378479700
2576.000000000000,1.073011930000,-0.501539044700,0.623264459600
2577.000000000000,1.073011930000,-0.421145730300,0.680173708600
2578.000000000000,1.073011930000,-0.334368275900,0.726772217500
2579.000000000000,1.073011930000,-0.242522139300,0.762353600300
2580.000000000000,1.073011930000,-0.146999614300,0.786378479700
2581.000000000000,0.526988069800,0.790532377700,0.122713323900
2582.000000000000,0.526988069800,0.769460514500,0.218930392100
2583.000000000000,0.526988069800,0.736724414400,0.311828698600
2584.000000000000,0.526988069800,0.692820323000,0.400000000000
2585.000000000000,0.526988069800,-0.574329538500,0.556907156800
2586.000000000000,0.526988069800,-0.638413781800,0.482107709100
2587.000000000000,1.073011930000,0.692820323000,0.400000000000
2588.000000000000,1.073011930000,0.736724414400,0.311828698600
2589.000000000000,1.073011930000,0.769460514500,0.218930392100
2590.000000000000,1.073011930000,0.790532377700,0.122713323900
2591.000000000000,1.073011930000,-0.638413781800,0.482107709100
2592.000000000000,1.073011930000,-0.574329538500,0.556907156800
2593.000000000000,0.526988069800,0.799620575800,0.024636046840
2594.000000000000,1.073011930000,0.799620575800,0.024636046840
2595.000000000000,0.614819414800,-0.334368275900,-0.726772217500
2596.000000000000,0.614819414800,-0.242522139300,-0.762353600300
2597.000000000000,0.614819414800,-0.146999614300,-0.786378479700
2598.000000000000,0.614819414800,-0.049248724910,-0.798482663000
2599.000000000000,0.614819414800,0.049248724910,-0.798482663000
2600.000000000000,0.614819414800,0.146999614300,-0.786378479700
2601.000000000000,0.614819414800,0.242522139300,-0.762353600300
2602.000000000000,0.977860214400,0.249501684900,-0.760097960300
2603.000000000000,0.976640152600,0.155399262700,-0.784761791300
2604.000000000000,0.976436808900,0.057985297520,-0.797895798500
2605.000000000000,0.976402918300,-0.040472671780,-0.798975570900
2606.000000000000,0.976397269900,-0.138345151600,-0.787947091500
2607.000000000000,0.976396328500,-0.234125150200,-0.764974126400
2608.000000000000,0.976396171600,-0.326356823000,-0.730404835700
2609.000000000000,0.614819414800,0.334368275900,-0.726772217500
2610.000000000000,0.622139785600,0.414891766100,-0.684006449100
2611.000000000000,0.614819414800,0.501539044700,-0.623264459600
2612.000000000000,0.614819414800,0.574329538500,-0.556907156800
2613.000000000000,0.977860214400,0.579411474400,-0.551617932300
2614.000000000000,0.976640152600,0.508174392600,-0.617866317800
2615.000000000000,0.976436808900,0.428565115500,-0.675523457600
2616.000000000000,0.975182856500,0.343432810300,-0.722532978400
2617.000000000000,0.614819414800,-0.790532377700,-0.122713323900
2618.000000000000,0.614819414800,-0.769460514500,-0.218930392100
2619.000000000000,0.614819414800,-0.736724414400,-0.311828698600
2620.000000000000,0.614819414800,-0.692820323000,-0.400000000000
2621.000000000000,0.614819414800,-0.638413781800,-0.482107709100
2622.000000000000,0.614819414800,-0.574329538500,-0.556907156800
2623.000000000000,0.614819414800,-0.501539044700,-0.623264459600
2624.000000000000,0.614819414800,-0.421145730300,-0.680173708600
2625.000000000000,0.977860214400,-0.495803481300,-0.627836688900
2626.000000000000,0.976640152600,-0.568342191500,-0.563016121700
2627.000000000000,0.976436808900,-0.633098793500,-0.489066373500
2628.000000000000,0.976402918300,-0.688383627900,-0.407588003900
2629.000000000000,0.976397269900,-0.733251590800,-0.319909525600
2630.000000000000,0.976396328500,-0.767006788600,-0.227377629000
2631.000000000000,0.976396171600,-0.789135291000,-0.131398221200
2632.000000000000,0.975176083600,-0.412599226500,-0.685391769900
2633.000000000000,0.614819414800,0.666881908200,0.441891978400
2634.000000000000,0.614819414800,0.607523933300,0.520494640200
2635.000000000000,0.614819414800,0.538956514900,0.591207133800
2636.000000000000,0.614819414800,0.462219065100,0.652957529900
2637.000000000000,0.614819414800,0.378474845500,0.704809755400
2638.000000000000,0.614819414800,0.288993332900,0.745977783500
2639.000000000000,0.614819414800,0.195130976100,0.775837548800
2640.000000000000,0.977860214400,0.188009405400,0.777594022300
2641.000000000000,0.976640152600,0.281000731100,0.749025092400
2642.000000000000,0.976436808900,0.370737917400,0.708910006000
2643.000000000000,0.976402918300,0.455016996900,0.657996605200
2644.000000000000,0.976397269900,0.532424110100,0.597096781900
2645.000000000000,0.976396328500,0.601764198500,0.527143101500
2646.000000000000,0.976396171600,0.661982760800,0.449197979100
2647.000000000000,0.614819414800,-0.666881908200,0.441891978400
2648.000000000000,0.614819414800,-0.716130633100,0.356590684600
2649.000000000000,0.614819414800,-0.754523547600,0.265883839600
2650.000000000000,0.614819414800,-0.781478654200,0.171146466600
2651.000000000000,0.614819414800,-0.796587341000,0.073814687570
2652.000000000000,0.614819414800,-0.799620575800,-0.024636046840
2653.000000000000,0.976396145400,-0.799301349400,-0.033426828240
2654.000000000000,0.976396141100,-0.797350818700,0.065051302410
2655.000000000000,0.976396140300,-0.783313262700,0.162543325200
2656.000000000000,0.976396140200,-0.757401476000,0.257571357400
2657.000000000000,0.976396140200,-0.720008255000,0.348694870500
2658.000000000000,0.976396140200,-0.671700442800,0.434532524800
2659.000000000000,0.614819414800,0.638413781800,-0.482107709100
2660.000000000000,0.622139785600,0.689123749100,-0.406335401300
2661.000000000000,0.614819414800,0.736724414400,-0.311828698600
2662.000000000000,0.614819414800,0.769460514500,-0.218930392100
2663.000000000000,0.614819414800,0.790532377700,-0.122713323900
2664.000000000000,0.614819414800,0.799620575800,-0.024636046840
2665.000000000000,0.614819414800,0.098310632530,0.793936407700
2666.000000000000,0.622139785600,0.007334905435,0.799966373800
2667.000000000000,0.614819414800,-0.098310632530,0.793936407700
2668.000000000000,0.614819414800,-0.195130976100,0.775837548800
2669.000000000000,0.614819414800,-0.288993332900,0.745977783500
2670.000000000000,0.614819414800,-0.378474845500,0.704809755400
2671.000000000000,0.614819414800,-0.462219065100,0.652957529900
2672.000000000000,0.614819414800,-0.538956514900,0.591207133800
2673.000000000000,0.976640152600,0.643530946800,-0.475255637100
2674.000000000000,0.977860214400,0.799812844300,-0.017303584690
2675.000000000000,0.976640152600,0.791799254300,-0.114253844000
2676.000000000000,0.976436808900,0.771810652500,-0.210495407600
2677.000000000000,0.976402918300,0.740106066000,-0.303715345500
2678.000000000000,0.974973864400,0.697870964200,-0.391121614400
2679.000000000000,0.977860214400,-0.105585810900,0.793001662400
2680.000000000000,0.976640152600,-0.008553694209,0.799954270100
2681.000000000000,0.975216747100,0.088405555620,0.795100281600
2682.000000000000,0.977860214400,-0.544354421600,0.586240789900
2683.000000000000,0.976640152600,-0.469174142400,0.647978104600
2684.000000000000,0.976436808900,-0.386166432200,0.700625068500
2685.000000000000,0.976402918300,-0.297172088400,0.742757531000
2686.000000000000,0.975177208100,-0.204825525800,0.773334664900
2687.000000000000,0.614819414800,0.796587341000,0.073814687570
2688.000000000000,0.622139785600,0.783014985400,0.163974182800
2689.000000000000,0.623359847400,0.757323278600,0.257801186400
2690.000000000000,0.614819414800,0.716130633100,0.356590684600
2691.000000000000,0.614819414800,-0.607523933300,0.520494640200
2692.000000000000,0.976396145400,0.712166429000,0.364443380300
2693.000000000000,0.976396141100,0.751554393000,0.274164174100
2694.000000000000,0.976396140300,0.779549560300,0.179728915300
2695.000000000000,0.975176078400,0.795601024100,0.083779534380
2696.000000000000,0.975176078400,-0.613991207000,0.512849683400
2697.000000000000,0.702650759700,-0.378474845500,-0.704809755400
2698.000000000000,0.702650759700,-0.288993332900,-0.745977783500
2699.000000000000,0.702650759700,-0.195130976100,-0.775837548800
2700.000000000000,0.702650759700,-0.098310632530,-0.793936407700
2701.000000000000,0.702650759700,0.000000000000,-0.800000000000
2702.000000000000,0.702650759700,0.098310632530,-0.793936407700
2703.000000000000,0.702650759700,0.195130976100,-0.775837548800
2704.000000000000,0.706287602000,0.277029975300,-0.750502760000
2705.000000000000,0.875388127700,0.309362550800,-0.737763384900
2706.000000000000,0.875388127700,0.216355259000,-0.770188549600
2707.000000000000,0.875388127700,0.120068242100,-0.790938440900
2708.000000000000,0.875388127700,0.021961113010,-0.799698511600
2709.000000000000,0.875388127700,-0.076478924180,-0.796335968100
2710.000000000000,0.875388127700,-0.173759618800,-0.780901783100
2711.000000000000,0.875388127700,-0.268406294800,-0.753629923100
2712.000000000000,0.875388127700,-0.358984204900,-0.714933801600
2713.000000000000,0.724611872300,0.358984204900,-0.714933801600
2714.000000000000,0.724611872300,0.444120280400,-0.665400012400
2715.000000000000,0.702650759700,0.538956514900,-0.591207133800
2716.000000000000,0.706287602000,0.599124806600,-0.530140987000
2717.000000000000,0.875388127700,0.621583283600,-0.503621109100
2718.000000000000,0.875388127700,0.554982861900,-0.576189225000
2719.000000000000,0.875388127700,0.479969465700,-0.640022899600
2720.000000000000,0.886089599000,0.397720644000,-0.694131320000
2721.000000000000,0.702650759700,-0.796587341000,-0.073814687570
2722.000000000000,0.702650759700,-0.781478654200,-0.171146466600
2723.000000000000,0.702650759700,-0.754523547600,-0.265883839600
2724.000000000000,0.702650759700,-0.716130633100,-0.356590684600
2725.000000000000,0.702650759700,-0.666881908200,-0.441891978400
2726.000000000000,0.702650759700,-0.607523933300,-0.520494640200
2727.000000000000,0.706287602000,-0.548339635100,-0.582514930800
2728.000000000000,0.724611872300,-0.479969465700,-0.640022899600
2729.000000000000,0.884843543100,-0.451779033500,-0.660223980800
2730.000000000000,0.875388127700,-0.522523945200,-0.605779437400
2731.000000000000,0.875388127700,-0.593006679600,-0.536975863500
2732.000000000000,0.875388127700,-0.654500037200,-0.460032282900
2733.000000000000,0.875388127700,-0.706071841400,-0.376115081900
2734.000000000000,0.875388127700,-0.746940316200,-0.286496359600
2735.000000000000,0.875388127700,-0.776485937200,-0.192534644500
2736.000000000000,0.875388127700,-0.794260822900,-0.095654300500
2737.000000000000,0.702650759700,0.692820323000,0.400000000000
2738.000000000000,0.702650759700,0.638413781800,0.482107709100
2739.000000000000,0.702650759700,0.574329538500,0.556907156800
2740.000000000000,0.702650759700,0.501539044700,0.623264459600
2741.000000000000,0.702650759700,0.421145730300,0.680173708600
2742.000000000000,0.702650759700,0.334368275900,0.726772217500
2743.000000000000,0.702650759700,0.242522139300,0.762353600300
2744.000000000000,0.706287602000,0.159553159100,0.783927796100
2745.000000000000,0.875388127700,0.125357032600,0.790117468700
2746.000000000000,0.875388127700,0.221503075300,0.768723869600
2747.000000000000,0.875388127700,0.314291357200,0.735677200100
2748.000000000000,0.875388127700,0.402315302500,0.691478414200
2749.000000000000,0.875388127700,0.484240557900,0.636797520400
2750.000000000000,0.875388127700,0.558825220100,0.572463425400
2751.000000000000,0.875388127700,0.624938661600,0.499451368300
2752.000000000000,0.875388127700,0.681578669900,0.418868137600
2753.000000000000,0.702650759700,-0.638413781800,0.482107709100
2754.000000000000,0.702650759700,-0.692820323000,0.400000000000
2755.000000000000,0.702650759700,-0.736724414400,0.311828698600
2756.000000000000,0.702650759700,-0.769460514500,0.218930392100
2757.000000000000,0.706287602000,-0.788469443400,0.135336383800
2758.000000000000,0.724611872300,-0.798642936600,0.046577459780
2759.000000000000,0.884802874600,-0.799911804200,0.011878786000
2760.000000000000,0.875388127700,-0.793603108700,0.100965864500
2761.000000000000,0.875388127700,-0.775180479200,0.197725124200
2762.000000000000,0.875388127700,-0.745006903700,0.291487072600
2763.000000000000,0.875388127700,-0.703539782900,0.380830374100
2764.000000000000,0.875388127700,-0.651407716300,0.464400675300
2765.000000000000,0.724611872300,0.654500037200,-0.460032282900
2766.000000000000,0.724611872300,0.706071841400,-0.376115081900
2767.000000000000,0.702650759700,0.754523547600,-0.265883839600
2768.000000000000,0.702650759700,0.781478654200,-0.171146466600
2769.000000000000,0.702650759700,0.796587341000,-0.073814687570
2770.000000000000,0.706287602000,0.799912248100,0.011848855400
2771.000000000000,0.724611872300,0.071149625000,0.796829800400
2772.000000000000,0.724611872300,-0.027310705020,0.799533692500
2773.000000000000,0.702650759700,-0.146999614300,0.786378479700
2774.000000000000,0.702650759700,-0.242522139300,0.762353600300
2775.000000000000,0.702650759700,-0.334368275900,0.726772217500
2776.000000000000,0.702650759700,-0.421145730300,0.680173708600
2777.000000000000,0.706287602000,-0.491510417500,0.631203223600
2778.000000000000,0.724611872300,-0.558825220100,0.572463425400
2779.000000000000,0.886088657600,0.678786335600,-0.423378212300
2780.000000000000,0.875388127700,0.798642936600,0.046577459780
2781.000000000000,0.875388127700,0.798313454600,-0.051919438960
2782.000000000000,0.875388127700,0.785882354400,-0.149629291900
2783.000000000000,0.875388127700,0.761538078800,-0.245070917400
2784.000000000000,0.875388127700,0.725649662200,-0.336797517500
2785.000000000000,0.875388127700,-0.168531399200,0.782046780900
2786.000000000000,0.875388127700,-0.071149625000,0.796829800400
2787.000000000000,0.886129138100,0.027303561050,0.799533936500
2788.000000000000,0.884843542300,-0.583111408700,0.547705290300
2789.000000000000,0.875388127700,-0.518459511000,0.609261631300
2790.000000000000,0.875388127700,-0.439658731700,0.668356341800
2791.000000000000,0.875388127700,-0.354193174200,0.717319451400
2792.000000000000,0.875388127700,-0.263358409200,0.755408729300
2793.000000000000,0.724611872300,0.793603108700,0.100965864500
2794.000000000000,0.724611872300,0.775180479200,0.197725124200
2795.000000000000,0.712543955800,0.741210459800,0.301010056700
2796.000000000000,0.875388127700,0.727886640400,0.331935292900
2797.000000000000,0.890045526100,0.763874040000,0.237689821200
2798.000000000000,0.886947768000,0.785350565500,0.152395831000
2799.000000000000,0.795730810300,-0.426365592300,-0.676913865800
2800.000000000000,0.790526339200,-0.335056239700,-0.726455309200
2801.000000000000,0.790526339200,-0.243243832900,-0.762123636800
2802.000000000000,0.790526339200,-0.147744097700,-0.786238946900
2803.000000000000,0.790526339200,-0.050004712470,-0.798435676000
2804.000000000000,0.790526339200,0.048492693200,-0.798528934200
2805.000000000000,0.790526339200,0.146254999100,-0.786517307700
2806.000000000000,0.781703135800,0.233044575700,-0.765304008700
2807.000000000000,0.794667107300,0.295626804400,-0.743373925100
2808.000000000000,0.804623778200,0.373400790100,-0.707511024600
2809.000000000000,0.796346185700,0.507604374600,-0.618334698100
2810.000000000000,0.781743696400,0.567593270300,-0.563771123400
2811.000000000000,0.794673867400,0.612169374900,-0.515022966900
2812.000000000000,0.804623778200,0.663689556600,-0.446672332400
2813.000000000000,0.809517895300,0.442879498100,-0.666226500600
2814.000000000000,0.795730810300,-0.799786432000,-0.018484134460
2815.000000000000,0.790526339200,-0.790648209300,-0.121964786700
2816.000000000000,0.790526339200,-0.769667454700,-0.218201762700
2817.000000000000,0.790526339200,-0.737019326000,-0.311131022400
2818.000000000000,0.790526339200,-0.693198735600,-0.399343853000
2819.000000000000,0.790526339200,-0.638869959000,-0.481503037800
2820.000000000000,0.781703135800,-0.581195149300,-0.549738299900
2821.000000000000,0.795482793500,-0.536417387000,-0.593511909700
2822.000000000000,0.809517895300,-0.484759256800,-0.636402752100
2823.000000000000,0.792759044600,0.715385388500,0.358083434300
2824.000000000000,0.790526339200,0.667299996000,0.441260371300
2825.000000000000,0.790526339200,0.608016469400,0.519919198500
2826.000000000000,0.790526339200,0.539516032900,0.590696580500
2827.000000000000,0.790526339200,0.462837083200,0.652519604600
2828.000000000000,0.790526339200,0.379141995200,0.704451096600
2829.000000000000,0.790526339200,0.289699501000,0.745703828000
2830.000000000000,0.781703135800,0.204742152900,0.773356742300
2831.000000000000,0.794667107300,0.139988968300,0.787656707400
2832.000000000000,0.804623778200,0.054984808720,0.798108182400
2833.000000000000,0.795730810300,-0.603501986000,0.525152694900
2834.000000000000,0.790526339200,-0.666463222500,0.442523189300
2835.000000000000,0.790526339200,-0.715792689200,0.357268562900
2836.000000000000,0.790526339200,-0.754271468500,0.266598109200
2837.000000000000,0.781703135800,-0.779295001000,0.180829481600
2838.000000000000,0.795482793500,-0.791051119000,0.119323623300
2839.000000000000,0.809517895300,-0.798270885900,0.052569883750
2840.000000000000,0.796346185700,0.739735805500,-0.304616050100
2841.000000000000,0.790491716600,0.771744743700,-0.210736922800
2842.000000000000,0.789515971800,0.791808765600,-0.114187909400
2843.000000000000,0.781373684000,0.799284618500,-0.033824526050
2844.000000000000,0.794612198600,0.799364552900,0.031879640800
2845.000000000000,0.796346185700,-0.106062664900,0.792938024800
2846.000000000000,0.790491716600,-0.203368843200,0.773719014600
2847.000000000000,0.789515971800,-0.297014752400,0.742820460700
2848.000000000000,0.789353347600,-0.386064118900,0.700681451200
2849.000000000000,0.781365321800,-0.454692061200,0.658221185800
2850.000000000000,0.795426491100,-0.504301913500,0.621031062100
2851.000000000000,0.809517895300,0.705369703300,-0.377430234200
2852.000000000000,0.801038132700,0.789403148300,0.129779310500
2853.000000000000,0.817419820400,-0.024515464300,0.799624281800
2854.000000000000,0.809517895300,-0.554513201400,0.576641231200
2855.000000000000,0.800056957400,0.761439394800,0.245377358400
2856.000000000000,3.225400000000,0.009214398112,0.516591876700
2857.000000000000,3.225400000000,-0.456748462600,-0.254846886300
2858.000000000000,3.225400000000,0.449919430100,-0.267233782600
2859.000000000000,3.225400000000,0.375519267200,0.334115637200
2860.000000000000,3.225400000000,-0.386151466400,0.335603584300
2861.000000000000,3.225400000000,-0.097565490720,-0.502218765300
2862.000000000000,3.225400000000,-0.518609761700,0.032084583880
2863.000000000000,3.225400000000,0.513484153700,0.024265626910
2864.000000000000,3.225400000000,0.222557541100,-0.463043736000
2865.000000000000,3.225400000000,-0.271971996100,-0.366959018200
2866.000000000000,3.225400000000,-0.181809830500,0.419014168200
2867.000000000000,3.225400000000,0.193505761100,0.423323593100
2868.000000000000,3.225400000000,0.176747741100,-0.569055032100
2869.000000000000,3.225400000000,0.662311002100,0.215974345500
2870.000000000000,3.225400000000,-0.587897577900,0.120119986200
2871.000000000000,3.225400000000,0.485352167800,-0.358227924800
2872.000000000000,3.225400000000,-0.510307512900,-0.493065252600
2873.000000000000,3.225400000000,-0.171853269800,0.688471865500
2874.000000000000,3.225400000000,0.668654678300,-0.199023305300
2875.000000000000,3.225400000000,-0.555654754000,-0.240438796600
2876.000000000000,3.225400000000,0.081414084120,0.594813593500
2877.000000000000,3.225400000000,-0.191201945000,-0.569749094600
2878.000000000000,3.225400000000,-0.397816218100,0.450460291500
2879.000000000000,3.225400000000,0.402440151700,0.564740959200
2880.000000000000,3.225400000000,0.117180176800,-0.486082364800
2881.000000000000,3.225400000000,0.428595695500,0.231824265200
2882.000000000000,3.225400000000,-0.485633886200,0.133291763000
2883.000000000000,3.225400000000,0.190769712700,0.584981395300
2884.000000000000,3.225400000000,-0.326029886600,0.525699549400
2885.000000000000,3.225400000000,-0.292254227000,-0.545199944500
2886.000000000000,3.225400000000,-0.080012115710,-0.599631355600
2887.000000000000,3.225400000000,-0.600789104400,0.388890171800
2888.000000000000,3.225400000000,0.475750718000,0.358733200400
2889.000000000000,3.225400000000,0.206225191000,-0.347750344200
2890.000000000000,3.225400000000,0.414793273900,-0.007370009104
2891.000000000000,3.225400000000,-0.426667451000,-0.015948088910
2892.000000000000,3.225400000000,0.375103542900,-0.544167646300
2893.000000000000,3.225400000000,0.655455102400,-0.054826872990
2894.000000000000,3.225400000000,-0.658512231400,-0.053692480820
2895.000000000000,3.225400000000,0.270204645600,0.258803155900
2896.000000000000,3.225400000000,0.306444831800,-0.203870117200
2897.000000000000,3.225400000000,-0.318673299900,-0.204734468900
2898.000000000000,3.225400000000,0.468785859600,-0.108518102700
2899.000000000000,3.225400000000,-0.543213164300,0.261211913100
2900.000000000000,3.225400000000,-0.321894995600,0.144961869400
2901.000000000000,3.225400000000,0.051538474610,-0.352249092400
2902.000000000000,3.225400000000,0.344384635900,-0.361228434200
2903.000000000000,3.225400000000,-0.472576430400,-0.109711880800
2904.000000000000,3.225400000000,0.313284549700,0.173062134100
2905.000000000000,3.225400000000,0.300532121700,0.482472012400
2906.000000000000,3.225400000000,-0.159291287900,0.525406363900
2907.000000000000,3.225400000000,-0.372483153100,-0.402364730800
2908.000000000000,3.225400000000,0.077082180750,-0.579847775500
2909.000000000000,3.225400000000,-0.014422676200,0.619443906700
2910.000000000000,3.225400000000,-0.528539470900,-0.322957509600
2911.000000000000,3.225400000000,0.573249646900,-0.272140046200
2912.000000000000,3.225400000000,0.120517187600,0.323464065600
2913.000000000000,3.225400000000,-0.120087159600,0.323464065600
2914.000000000000,3.225400000000,-0.220084514600,-0.265730564100
2915.000000000000,3.225400000000,0.575035072500,0.123673547100
2916.000000000000,3.225400000000,-0.640570321900,0.234045984900
2917.000000000000,3.225400000000,0.410549594100,0.121634199300
2918.000000000000,3.225400000000,0.555588187400,0.224734258600
2919.000000000000,3.225400000000,0.506973281900,-0.479063761400
2920.000000000000,3.225400000000,-0.668654678300,-0.199023305300
2921.000000000000,3.225400000000,0.128785032300,-0.680587109900
2922.000000000000,3.225400000000,0.406063082700,0.441596649000
2923.000000000000,3.225400000000,0.626686882400,0.318155561200
2924.000000000000,3.225400000000,-0.360619052900,-0.105620063100
2925.000000000000,3.225400000000,0.358003131900,-0.115237525300
2926.000000000000,3.225400000000,-0.455282816600,0.238933031800
2927.000000000000,3.225400000000,0.017300380570,-0.494352277300
2928.000000000000,3.225400000000,0.031219541550,-0.692668347700
2929.000000000000,3.225400000000,0.060688621760,0.417253833800
2930.000000000000,3.225400000000,0.287893703400,0.567347570900
2931.000000000000,3.225400000000,-0.395369755900,-0.494700230700
2932.000000000000,3.225400000000,-0.230738084100,0.589750347200
2933.000000000000,3.225400000000,0.531351971900,0.456988110900
2934.000000000000,3.225400000000,-0.130087321000,-0.688658350600
2935.000000000000,3.225400000000,0.309655318000,0.064109850450
2936.000000000000,3.225400000000,-0.295652985400,0.392823437100
2937.000000000000,3.225400000000,-0.088087319780,0.476558836900
2938.000000000000,3.225400000000,-0.192368577400,-0.452454710900
2939.000000000000,3.225400000000,0.301129408500,0.388939164000
2940.000000000000,3.225400000000,-0.500101945100,0.347184493800
2941.000000000000,3.225400000000,-0.531351971900,0.456988110900
2942.000000000000,3.225400000000,0.569236874600,-0.166475977300
2943.000000000000,3.225400000000,0.200291081100,-0.241063331400
2944.000000000000,3.225400000000,-0.284925383000,-0.634576845500
2945.000000000000,3.225400000000,-0.407096976900,0.564041039300
2946.000000000000,3.225400000000,0.065331405000,0.696648129800
2947.000000000000,3.225400000000,-0.635980667100,-0.291745419800
2948.000000000000,3.225400000000,0.160256993100,0.675931627600
2949.000000000000,3.225400000000,0.580659570100,-0.398599936500
2950.000000000000,3.225400000000,0.125844870300,0.506443122900
2951.000000000000,3.225400000000,0.689214963300,0.121416655900
2952.000000000000,3.225400000000,-0.689214963300,0.121416655900
2953.000000000000,3.225400000000,0.239457586900,-0.657585998500
2954.000000000000,3.225400000000,-0.576983337400,-0.158079190300
2955.000000000000,3.225400000000,0.425678958900,-0.420146097800
2956.000000000000,3.225400000000,0.340541588300,-0.464549808300
2957.000000000000,3.225400000000,-0.570173872000,-0.070954803310
2958.000000000000,3.225400000000,0.558971425900,-0.062708776680
2959.000000000000,3.225400000000,-0.325312195900,-0.005436582930
2960.000000000000,3.225400000000,0.293983377500,-0.040862428350
2961.000000000000,3.225400000000,0.455919087600,-0.566000576000
2962.000000000000,3.225400000000,-0.718032823300,-0.111835344500
2963.000000000000,3.225400000000,0.717423006900,-0.112181408900
2964.000000000000,3.225400000000,-0.430609886300,-0.332276170400
2965.000000000000,3.225400000000,-0.077954735110,0.554591881400
2966.000000000000,3.225400000000,0.278414964500,-0.300314432300
2967.000000000000,3.225400000000,-0.226452645800,0.341798013700
2968.000000000000,3.225400000000,-0.182779434200,-0.367012748700
2969.000000000000,3.225400000000,0.226882673700,0.341798013700
2970.000000000000,3.225400000000,-0.327919209500,0.619855485200
2971.000000000000,3.225400000000,-0.372851005100,-0.593914117800
2972.000000000000,3.225400000000,0.255704625400,0.652718185600
2973.000000000000,3.225400000000,0.617665620300,0.402715694000
2974.000000000000,3.225400000000,-0.036601200980,-0.407542079500
2975.000000000000,3.225400000000,-0.335373150100,0.236639109300
2976.000000000000,3.225400000000,0.343410433900,0.258333330300
2977.000000000000,3.225400000000,0.402083275200,-0.193548795000
2978.000000000000,3.225400000000,-0.401812906300,-0.180198520300
2979.000000000000,3.225400000000,-0.479955312500,0.527268554000
2980.000000000000,3.225400000000,-0.216650305500,-0.679287768800
2981.000000000000,3.225400000000,0.494522414600,0.160133628200
2982.000000000000,3.225400000000,0.491263417300,0.548560473200
2983.000000000000,3.225400000000,0.219709233800,0.512913538900
2984.000000000000,3.225400000000,-0.048331847870,-0.727095953000
2985.000000000000,3.225400000000,-0.105321733800,0.738533125600
2986.000000000000,3.225400000000,-0.586927589400,-0.460477864600
2987.000000000000,3.225400000000,-0.283372591200,-0.459009260800
2988.000000000000,3.225400000000,-0.255827382200,0.474912491300
2989.000000000000,3.225400000000,0.495467821900,-0.200790869800
2990.000000000000,3.225400000000,-0.601823926200,-0.382766291600
2991.000000000000,3.225400000000,-0.030579747520,0.712523874500
2992.000000000000,3.225400000000,0.643747659500,-0.333132510500
2993.000000000000,3.225400000000,0.363155343300,-0.275730596000
2994.000000000000,3.225400000000,0.127072985300,-0.302263690900
2995.000000000000,3.225400000000,-0.652567417400,0.329065791700
2996.000000000000,3.225400000000,0.638466164900,-0.125207099600
2997.000000000000,3.225400000000,0.012097167490,0.295464304000
2998.000000000000,3.225400000000,-0.262614429600,-0.147970051600
2999.000000000000,3.225400000000,0.261928173100,-0.137255699200
3000.000000000000,3.225400000000,0.340310497400,0.638350528400
3001.000000000000,3.225400000000,-0.254163265700,0.677225675900
3002.000000000000,3.225400000000,-0.459413031500,-0.558724691700
3003.000000000000,3.225400000000,0.621895053100,0.031975073910
3004.000000000000,3.225400000000,-0.623482722900,0.032037609690
3005.000000000000,3.225400000000,0.284129384900,-0.555624261100
3006.000000000000,3.225400000000,0.223483725500,0.199670215700
3007.000000000000,3.225400000000,-0.244002039500,0.188165767900
3008.000000000000,3.225400000000,-0.039650818070,-0.305097747400
3009.000000000000,3.225400000000,-0.115752122700,0.630604529900
3010.000000000000,3.225400000000,-0.488809440100,-0.415307236600
3011.000000000000,3.225400000000,-0.638471388500,-0.118717024800
3012.000000000000,3.225400000000,-0.144715871300,-0.306756607100
3013.000000000000,3.225400000000,-0.195973724200,0.266063941000
3014.000000000000,3.225400000000,-0.726059075800,0.009016855671
3015.000000000000,3.225400000000,0.725464439700,0.008872102697
3016.000000000000,3.225400000000,0.353159703700,-0.634123119100
3017.000000000000,3.225400000000,-0.366389420500,0.067641469950
3018.000000000000,3.225400000000,-0.284381823800,-0.076059096340
3019.000000000000,3.225400000000,0.054028742820,-0.273181573100
3020.000000000000,3.225400000000,-0.437014746800,0.072480344610
3021.000000000000,3.225400000000,0.130459217500,-0.396627096600
3022.000000000000,3.225400000000,0.538297600500,0.300290419100
3023.000000000000,3.225400000000,-0.308319399600,-0.285467415000
3024.000000000000,3.225400000000,-0.096906861040,0.401183763200
3025.000000000000,3.225400000000,-0.023257569650,0.437855113000
3026.000000000000,3.225400000000,0.058180936510,-0.428373351200
3027.000000000000,3.225400000000,-0.397356341800,0.152936150300
3028.000000000000,3.225400000000,0.413698107200,-0.336513367100
3029.000000000000,3.225400000000,-0.547518058200,0.194314015500
3030.000000000000,3.225400000000,-0.279232427600,0.086033247610
3031.000000000000,3.225400000000,0.277867617200,-0.387141473700
3032.000000000000,3.225400000000,-0.305196782800,0.315037637400
3033.000000000000,3.225400000000,-0.120108073200,-0.421682356800
3034.000000000000,3.225400000000,0.306413129500,0.316403572000
3035.000000000000,3.225400000000,-0.477041505000,-0.187171912200
3036.000000000000,3.225400000000,-0.377450514600,-0.260674955300
3037.000000000000,3.225400000000,0.000116489256,-0.569451971100
3038.000000000000,1.625000000000,0.002085758209,0.476000770600
3039.000000000000,1.625000000000,0.476569133900,-0.075063369530
3040.000000000000,1.625000000000,-0.455964263700,-0.071763406400
3041.000000000000,1.625000000000,-0.156816563400,-0.454174848200
3042.000000000000,1.625000000000,0.187747940100,-0.440289176900
3043.000000000000,1.625000000000,0.418230947400,0.249620384400
3044.000000000000,1.625000000000,-0.406870121000,0.252388858800
3045.000000000000,1.625000000000,-0.293777978900,-0.252248678100
3046.000000000000,1.625000000000,0.526388292200,-0.288298660800
3047.000000000000,1.625000000000,-0.193767396300,0.580312602200
3048.000000000000,1.625000000000,0.181999011500,0.575358224300
3049.000000000000,1.625000000000,0.329406086000,-0.255214860900
3050.000000000000,1.625000000000,-0.202392181400,0.364194814700
3051.000000000000,1.625000000000,0.217393068600,0.373787904400
3052.000000000000,1.625000000000,-0.511035554900,-0.309635247200
3053.000000000000,1.625000000000,-0.384079774900,-0.457818657900
3054.000000000000,1.625000000000,0.104694173000,-0.631281202000
3055.000000000000,1.625000000000,-0.609863965200,0.196286188700
3056.000000000000,1.625000000000,0.596480349100,0.200276911200
3057.000000000000,1.625000000000,0.406771901900,-0.375990298800
3058.000000000000,1.625000000000,-0.302107798300,0.450551364900
3059.000000000000,1.625000000000,0.292727798300,0.442392109800
3060.000000000000,1.625000000000,-0.542792556100,0.439020375400
3061.000000000000,1.625000000000,0.473829593100,0.364023339300
3062.000000000000,1.625000000000,0.294279535700,-0.517468320600
3063.000000000000,1.625000000000,-0.700534960400,-0.009712645151
3064.000000000000,1.625000000000,0.580583023100,-0.038548347470
3065.000000000000,1.625000000000,-0.118244284300,-0.569989723100
3066.000000000000,1.625000000000,-0.324037223800,0.175849364000
3067.000000000000,1.625000000000,0.328878252400,0.181326803000
3068.000000000000,1.625000000000,0.125165293400,-0.346859451300
3069.000000000000,1.625000000000,-0.046938919070,-0.258406349200
3070.000000000000,1.625000000000,-0.003253284386,0.572864206200
3071.000000000000,1.625000000000,-0.570958100700,-0.119932107500
3072.000000000000,1.625000000000,-0.250277158300,-0.019012927410
3073.000000000000,1.625000000000,0.372785811100,-0.043825964210
3074.000000000000,1.625000000000,0.001446971225,0.368923381400
3075.000000000000,1.625000000000,0.543990707500,0.048964570120
3076.000000000000,1.625000000000,-0.533768193300,0.046803384540
3077.000000000000,1.625000000000,-0.000386628772,-0.412945380800
3078.000000000000,1.625000000000,-0.252561451000,-0.636467292800
3079.000000000000,1.625000000000,-0.398742548500,0.025252670760
3080.000000000000,1.625000000000,-0.573876945100,0.316232269100
3081.000000000000,1.625000000000,0.172438392700,0.242431867700
3082.000000000000,1.625000000000,0.663102779800,-0.203599044500
3083.000000000000,1.625000000000,0.466766524700,0.493898295000
3084.000000000000,1.625000000000,-0.169106178200,0.256410495200
3085.000000000000,1.625000000000,0.424634227600,-0.532787087500
3086.000000000000,1.625000000000,0.210236334500,-0.206317606600
3087.000000000000,1.625000000000,0.700535955200,0.067328084920
3088.000000000000,1.625000000000,-0.067748724320,-0.693832312000
3089.000000000000,1.625000000000,-0.401823415100,0.536907915100
3090.000000000000,1.625000000000,0.076452927160,0.695866007300
3091.000000000000,1.625000000000,-0.164754858800,-0.256981270700
3092.000000000000,1.625000000000,-0.284271429100,-0.135439864200
3093.000000000000,1.625000000000,-0.374942113400,-0.164544876800
3094.000000000000,1.625000000000,-0.223378625900,-0.358949421900
3095.000000000000,1.625000000000,0.566513161600,-0.143639421400
3096.000000000000,1.625000000000,0.454063622300,-0.190863597400
3097.000000000000,1.625000000000,-0.632779557200,-0.287759548700
3098.000000000000,1.625000000000,-0.262448266000,-0.456518852700
3099.000000000000,1.625000000000,-0.093574059490,0.710889641800
3100.000000000000,1.625000000000,0.040796618240,-0.496706433400
3101.000000000000,1.625000000000,0.417271121900,0.126760326700
3102.000000000000,1.625000000000,0.678212840400,-0.112492712600
3103.000000000000,1.625000000000,0.284115829500,-0.628578203800
3104.000000000000,1.625000000000,-0.096101597890,0.518895336500
3105.000000000000,1.625000000000,0.585724827600,0.377010587200
3106.000000000000,1.625000000000,0.098354220050,0.523473089900
3107.000000000000,1.625000000000,0.258577013000,-0.347752018900
3108.000000000000,1.625000000000,-0.298974041000,0.293653248400
3109.000000000000,1.625000000000,-0.459801992300,0.163524873000
3110.000000000000,1.625000000000,-0.495801850300,-0.489156643400
3111.000000000000,1.625000000000,-0.471451280700,0.346066904600
3112.000000000000,1.625000000000,0.304836665100,0.292586697500
3113.000000000000,1.625000000000,0.104185487900,0.408891808300
3114.000000000000,1.625000000000,0.234706539800,0.114013151800
3115.000000000000,1.625000000000,-0.228329872400,0.100972339900
3116.000000000000,1.625000000000,0.069314047300,-0.242960930600
3117.000000000000,1.625000000000,0.256187210100,-0.052818319320
3118.000000000000,1.625000000000,0.000864276290,0.255661097300
3119.000000000000,1.625000000000,-0.302892114400,-0.554087324600
3120.000000000000,1.625000000000,0.335968042900,-0.137437676200
3121.000000000000,1.625000000000,-0.093877838130,-0.356812698400
3122.000000000000,1.625000000000,-0.688233243900,-0.107036422300
3123.000000000000,1.625000000000,-0.568601240900,-0.220422781900
3124.000000000000,1.625000000000,0.180950835000,-0.557901412700
3125.000000000000,1.625000000000,-0.656155213700,0.091344801030
3126.000000000000,1.625000000000,0.530695579200,0.270723026600
3127.000000000000,1.625000000000,-0.197231976800,0.479752467100
3128.000000000000,1.625000000000,0.195850795100,0.477145352800
3129.000000000000,1.625000000000,-0.406327907000,-0.276161862600
3130.000000000000,1.625000000000,0.199743707100,-0.678653189000
3131.000000000000,1.625000000000,-0.345010134700,-0.360249227000
3132.000000000000,1.625000000000,0.639713654300,0.300358904200
3133.000000000000,1.625000000000,-0.602988747900,-0.370070999800
3134.000000000000,1.625000000000,0.006477354320,-0.590589746500
3135.000000000000,1.625000000000,0.046936985020,-0.710072294200
3136.000000000000,1.625000000000,0.694616791700,0.155132208800
3137.000000000000,1.625000000000,-0.368095850600,0.631840066000
3138.000000000000,1.625000000000,-0.083616082360,0.312793787900
3139.000000000000,1.625000000000,-0.341506988800,-0.055093596700
3140.000000000000,1.625000000000,-0.289549123300,0.555350483000
3141.000000000000,1.625000000000,-0.160990414600,-0.163504736400
3142.000000000000,1.625000000000,-0.166961317100,-0.654525840600
3143.000000000000,1.625000000000,-0.447557664900,-0.383726952600
3144.000000000000,1.625000000000,0.144320643700,0.319441308400
3145.000000000000,1.625000000000,0.589876744800,-0.370873900400
3146.000000000000,1.625000000000,-0.271949133900,0.652429727600
3147.000000000000,1.625000000000,-0.172637364600,0.680863391200
3148.000000000000,1.625000000000,-0.432256669400,0.445401438100
3149.000000000000,1.625000000000,0.269787179700,0.641955771500
3150.000000000000,1.625000000000,0.169489477000,0.668683167500
3151.000000000000,1.625000000000,-0.048896319070,-0.482905483200
3152.000000000000,1.625000000000,0.450262105200,0.023568386950
3153.000000000000,1.625000000000,-0.514740953800,0.238511572000
3154.000000000000,1.625000000000,0.353257092100,-0.439231095700
3155.000000000000,1.625000000000,-0.368443910300,0.376846637400
3156.000000000000,1.625000000000,0.382729374400,0.416269456800
3157.000000000000,1.625000000000,-0.667712830500,0.249689898500
3158.000000000000,1.625000000000,0.494119367800,0.192985866600
3159.000000000000,1.625000000000,0.081580459270,-0.415335309400
3160.000000000000,1.625000000000,0.287930089900,0.028995556360
3161.000000000000,1.625000000000,-0.706931017400,0.154613930200
3162.000000000000,1.625000000000,-0.390210493900,-0.611327190500
3163.000000000000,1.625000000000,-0.319973437500,0.062281269950
3164.000000000000,1.625000000000,-0.395424932400,0.108914168100
3165.000000000000,1.625000000000,0.166559801400,-0.270883583500
3166.000000000000,1.625000000000,-0.242846639600,0.205167815000
3167.000000000000,1.625000000000,0.243368079200,0.205167815000
3168.000000000000,1.625000000000,0.420179707600,-0.299336882900
3169.000000000000,1.625000000000,0.615179298100,0.107694711600
3170.000000000000,1.625000000000,-0.490548244700,0.520300269000
3171.000000000000,1.625000000000,-0.612492273800,0.025874561790
3172.000000000000,1.625000000000,-0.545601770200,-0.027927607960
3173.000000000000,1.625000000000,-0.656351406100,0.333778207900
3174.000000000000,1.625000000000,-0.225469987500,-0.186052622400
3175.000000000000,1.625000000000,0.360366293700,0.509535626600
3176.000000000000,1.625000000000,0.447114159100,-0.435328798300
3177.000000000000,1.625000000000,-0.734596520800,0.069149806880
3178.000000000000,1.625000000000,0.216471369900,0.286683118600
3179.000000000000,1.625000000000,0.248545042600,-0.250645359700
3180.000000000000,1.625000000000,0.027378457390,-0.327234487500
3181.000000000000,1.625000000000,0.086418845020,0.605990305900
3182.000000000000,1.625000000000,0.118138534400,-0.487289018700
3183.000000000000,1.625000000000,-0.094086291950,0.621329872000
3184.000000000000,1.625000000000,-0.481102376900,-0.193650583300
3185.000000000000,1.625000000000,-0.095021366290,0.419115978100
3186.000000000000,1.625000000000,0.153098891200,0.177643884500
3187.000000000000,1.625000000000,0.136137582300,-0.191843076900
3188.000000000000,1.625000000000,0.480186558200,-0.356329495100
3189.000000000000,1.625000000000,0.274051283500,0.535726156100
3190.000000000000,1.625000000000,-0.662588996500,-0.198220812300
3191.000000000000,1.625000000000,-0.213414123900,-0.113238222900
3192.000000000000,1.625000000000,0.373397593000,0.038112903270
3193.000000000000,1.625000000000,0.135101355000,-0.723611854500
3194.000000000000,1.625000000000,-0.091994782350,0.212765551600
3195.000000000000,1.625000000000,0.687399144800,0.237305423000
3196.000000000000,1.625000000000,0.069846958250,0.323470850500
3197.000000000000,1.625000000000,0.582322513900,-0.451680242400
3198.000000000000,1.625000000000,0.383379463600,0.333900933100
3199.000000000000,1.625000000000,0.624716648400,0.030811311910
3200.000000000000,1.625000000000,0.518826281600,-0.492713847900
3201.000000000000,1.625000000000,0.280586319500,-0.420828215700
3202.000000000000,1.625000000000,-0.622680034200,-0.050778042760
3203.000000000000,1.625000000000,0.407742814100,0.588401937700
3204.000000000000,1.625000000000,-0.466103673100,-0.564934563600
3205.000000000000,1.625000000000,-0.223846216200,-0.706152408600
3206.000000000000,1.625000000000,0.354219635100,0.643821356100
3207.000000000000,1.625000000000,0.232070759800,-0.123863017600
3208.000000000000,1.625000000000,0.102083194800,0.245953879400
3209.000000000000,1.625000000000,-0.096453537170,-0.200886698100
3210.000000000000,1.625000000000,-0.465153832900,0.083809720850
3211.000000000000,1.625000000000,-0.479068133100,0.010943275830
3212.000000000000,1.625000000000,-0.207954878300,-0.525803761700
3213.000000000000,1.625000000000,0.274784122000,-0.182375078900
3214.000000000000,1.625000000000,0.635864187000,-0.286053151400
3215.000000000000,1.625000000000,0.547812853100,0.454789417500
3216.000000000000,1.625000000000,0.368744700700,-0.607320179400
3217.000000000000,1.625000000000,0.693871232800,-0.020053367380
3218.000000000000,1.625000000000,-0.007512868245,0.684936607400
3219.000000000000,1.625000000000,-0.542380288100,-0.432460125400
3220.000000000000,1.625000000000,-0.150399573200,-0.724856903500
3221.000000000000,1.625000000000,0.566151302000,-0.227513424400
3222.000000000000,1.625000000000,0.517210226800,0.116877513200
3223.000000000000,1.625000000000,-0.566791984100,0.123128182900
3224.000000000000,1.625000000000,-0.315518152200,-0.670638523100
3225.000000000000,1.625000000000,0.336822284000,-0.354047020600
3226.000000000000,0.000000000000,-0.305814723600,0.420150389300
3227.000000000000,0.000000000000,0.297259513900,0.416050476100
3228.000000000000,0.000000000000,-0.499999174900,0.051139960070
3229.000000000000,0.000000000000,0.508940025300,0.049409059520
3230.000000000000,0.000000000000,-0.210953552900,-0.474918522500
3231.000000000000,0.000000000000,0.210813294400,-0.473488798800
3232.000000000000,0.000000000000,-0.015802417540,0.534442836200
3233.000000000000,0.000000000000,0.438188795500,-0.269464443200
3234.000000000000,0.000000000000,-0.454939858000,-0.280906709900
3235.000000000000,0.000000000000,-0.008076359613,-0.456978412700
3236.000000000000,0.000000000000,0.399793086200,0.221494874800
3237.000000000000,0.000000000000,-0.395111625700,0.229603398200
3238.000000000000,0.000000000000,-0.548777979500,-0.242446146600
3239.000000000000,0.000000000000,0.673243993300,-0.208539069400
3240.000000000000,0.000000000000,0.064424471540,0.596478749600
3241.000000000000,0.000000000000,0.434200215100,-0.556056039100
3242.000000000000,0.000000000000,-0.311095718900,-0.518466243600
3243.000000000000,0.000000000000,-0.293457074600,0.528649899600
3244.000000000000,0.000000000000,0.173890561400,-0.574951822900
3245.000000000000,0.000000000000,-0.130857868700,-0.697815351200
3246.000000000000,0.000000000000,0.656282809200,0.239151220100
3247.000000000000,0.000000000000,-0.584868159000,0.136882274600
3248.000000000000,0.000000000000,0.410977595000,0.438069549600
3249.000000000000,0.000000000000,-0.538896872900,0.462233908700
3250.000000000000,0.000000000000,-0.457931775400,-0.168927637100
3251.000000000000,0.000000000000,0.470902907200,-0.063278535470
3252.000000000000,0.000000000000,0.082670262650,0.481044382700
3253.000000000000,0.000000000000,-0.570178033500,0.239920812700
3254.000000000000,0.000000000000,0.492866533000,0.373828263900
3255.000000000000,0.000000000000,0.077311504360,-0.613749071800
3256.000000000000,0.000000000000,0.587819714000,-0.064444422400
3257.000000000000,0.000000000000,-0.700704902600,-0.032740106580
3258.000000000000,0.000000000000,0.321998695400,0.623198303200
3259.000000000000,0.000000000000,-0.324613770600,-0.258291974600
3260.000000000000,0.000000000000,0.230245143000,-0.208792262100
3261.000000000000,0.000000000000,-0.061380525340,0.410269763900
3262.000000000000,0.000000000000,-0.506162188400,-0.424982812700
3263.000000000000,0.000000000000,0.533525894400,-0.391731181600
3264.000000000000,0.000000000000,-0.114964823000,0.650840719000
3265.000000000000,0.000000000000,0.347348739500,-0.145838448700
3266.000000000000,0.000000000000,-0.139512883400,-0.352286382500
3267.000000000000,0.000000000000,0.371805293000,0.057936391590
3268.000000000000,0.000000000000,-0.233027989100,0.298052882000
3269.000000000000,0.000000000000,0.322054088600,-0.371777759600
3270.000000000000,0.000000000000,0.230123965500,0.583268291400
3271.000000000000,0.000000000000,-0.610338956600,-0.093689943320
3272.000000000000,0.000000000000,0.113459255700,0.336341808600
3273.000000000000,0.000000000000,-0.347931082800,-0.069895227960
3274.000000000000,0.000000000000,0.510123682200,-0.171270203900
3275.000000000000,0.000000000000,-0.155738663500,0.458912617200
3276.000000000000,0.000000000000,-0.319560656500,-0.364329952800
3277.000000000000,0.000000000000,-0.449479730800,0.339456140900
3278.000000000000,0.000000000000,0.531948031100,0.228542628800
3279.000000000000,0.000000000000,-0.069758859200,-0.559117053600
3280.000000000000,0.000000000000,0.307625338800,-0.554276894500
3281.000000000000,0.000000000000,-0.372400224500,0.495083707400
3282.000000000000,0.000000000000,-0.242591836300,-0.570066832300
3283.000000000000,0.000000000000,-0.310255641900,0.151685524500
3284.000000000000,0.000000000000,0.310255641900,0.151685524500
3285.000000000000,0.000000000000,-0.024390110070,-0.328478607200
3286.000000000000,0.000000000000,0.602552480500,-0.291417953300
3287.000000000000,0.000000000000,-0.652970070300,-0.192640697100
3288.000000000000,0.000000000000,0.159653300800,0.661809019700
3289.000000000000,0.000000000000,-0.260767931600,0.646919209800
3290.000000000000,0.000000000000,-0.429864537600,-0.549291280100
3291.000000000000,0.000000000000,0.693720159700,-0.019904187520
3292.000000000000,0.000000000000,-0.140490391400,0.348239959700
3293.000000000000,0.000000000000,-0.231339453100,-0.295788227100
3294.000000000000,0.000000000000,0.197630345000,0.473262954300
3295.000000000000,0.000000000000,-0.499707502100,-0.063248547610
3296.000000000000,0.000000000000,-0.035925413480,-0.632365395800
3297.000000000000,0.000000000000,0.560383927100,0.309152203900
3298.000000000000,0.000000000000,-0.529704436400,0.347233360200
3299.000000000000,0.000000000000,-0.468951648200,0.147803883700
3300.000000000000,0.000000000000,-0.354881006200,0.335197390500
3301.000000000000,0.000000000000,0.362933568700,0.331750279600
3302.000000000000,0.000000000000,0.470659587700,0.144451850600
3303.000000000000,0.000000000000,0.107081396700,-0.480482682500
3304.000000000000,0.000000000000,-0.114067432900,-0.474956021200
3305.000000000000,0.000000000000,0.309629104600,0.519624389600
3306.000000000000,0.000000000000,0.405584068300,0.571444427500
3307.000000000000,0.000000000000,-0.604822464000,0.008334476471
3308.000000000000,0.000000000000,-0.697677406300,0.065523900990
3309.000000000000,0.000000000000,0.318859280500,-0.224584169200
3310.000000000000,0.000000000000,0.367480689800,-0.467561991800
3311.000000000000,0.000000000000,0.137687218800,-0.681622448300
3312.000000000000,0.000000000000,0.523738531800,0.457716832600
3313.000000000000,0.000000000000,-0.658263666200,0.224712462000
3314.000000000000,0.000000000000,0.231441954300,-0.660464803100
3315.000000000000,0.000000000000,-0.350079722100,0.605829274500
3316.000000000000,0.000000000000,-0.349623692800,-0.606092580200
3317.000000000000,0.000000000000,0.056836598710,0.697480707800
3318.000000000000,0.000000000000,-0.632454297400,-0.299518422400
3319.000000000000,0.000000000000,-0.378393985700,-0.463250596400
3320.000000000000,0.000000000000,-0.211989790000,0.559324078900
3321.000000000000,0.000000000000,0.371822874300,-0.049081964760
3322.000000000000,0.000000000000,0.228059987100,-0.371996265500
3323.000000000000,0.000000000000,-0.423449611000,-0.388252609900
3324.000000000000,0.000000000000,-0.124511819500,0.560844427700
3325.000000000000,0.000000000000,0.420367927400,-0.371236791200
3326.000000000000,0.000000000000,-0.037724702720,0.321430000000
3327.000000000000,0.000000000000,-0.259504189300,-0.193385550300
3328.000000000000,0.000000000000,0.693220645600,-0.112244866400
3329.000000000000,0.000000000000,0.588938438200,0.141269355000
3330.000000000000,0.000000000000,-0.521080473600,-0.506368033700
3331.000000000000,0.000000000000,-0.177987344500,0.704452934000
3332.000000000000,0.000000000000,0.526402528600,-0.495913181600
3333.000000000000,0.000000000000,-0.157624048300,-0.538615095800
3334.000000000000,0.000000000000,-0.387604857300,0.405602099900
3335.000000000000,0.000000000000,-0.318335489300,0.258618317100
3336.000000000000,0.000000000000,0.318335489300,0.258618317100
3337.000000000000,0.000000000000,0.074141110780,-0.392955733500
3338.000000000000,0.000000000000,0.283849418900,-0.077248313830
3339.000000000000,0.000000000000,-0.626009206700,0.316015642400
3340.000000000000,0.000000000000,0.592544964200,0.391738711100
3341.000000000000,0.000000000000,0.039623607260,-0.700418672300
3342.000000000000,0.000000000000,-0.221509989900,-0.380623880400
3343.000000000000,0.000000000000,-0.218874952600,0.382145217900
3344.000000000000,0.000000000000,-0.409993988200,-0.001949722956
3345.000000000000,0.000000000000,0.203177041700,0.356569509100
3346.000000000000,0.000000000000,0.429318751900,0.010743182670
3347.000000000000,0.000000000000,-0.696408695800,0.152674009700
3348.000000000000,0.000000000000,0.480423921300,0.526770629100
3349.000000000000,0.000000000000,0.181662795700,-0.280262443500
3350.000000000000,0.000000000000,-0.513117354100,0.541676544200
3351.000000000000,0.000000000000,0.704865284100,0.151702990000
3352.000000000000,0.000000000000,-0.212546971600,-0.715210947700
3353.000000000000,0.000000000000,0.288918412000,-0.450223365700
3354.000000000000,0.000000000000,0.609068173300,0.019274557640
3355.000000000000,0.000000000000,0.035280087790,-0.538454393200
3356.000000000000,0.000000000000,0.448675131900,0.299780648700
3357.000000000000,0.000000000000,-0.483955217100,0.238673746000
3358.000000000000,0.000000000000,0.512489849400,-0.290570896500
3359.000000000000,0.000000000000,0.727951836600,0.068297518480
3360.000000000000,0.000000000000,0.331365329700,-0.643924416500
3361.000000000000,0.000000000000,-0.269279298400,-0.660389902300
3362.000000000000,0.000000000000,-0.437274776300,0.563397657400
3363.000000000000,0.000000000000,0.456395451100,-0.456499837000
3364.000000000000,0.000000000000,-0.599036376100,0.405601220600
3365.000000000000,0.000000000000,0.647046688700,0.327627257100
3366.000000000000,0.000000000000,-0.051742109110,-0.721600223200
3367.000000000000,0.000000000000,-0.170838317200,0.250787834800
3368.000000000000,0.000000000000,0.163275602300,0.246671676600
3369.000000000000,0.000000000000,-0.295261735900,0.018064981940
3370.000000000000,0.000000000000,0.295261735900,0.018064981940
3371.000000000000,0.000000000000,-0.126561090700,-0.273586204600
3372.000000000000,0.000000000000,-0.025974018040,0.625352019900
3373.000000000000,0.000000000000,-0.528583719800,-0.335170164000
3374.000000000000,0.000000000000,0.584094727200,-0.215866061400
3375.000000000000,0.000000000000,0.401307053300,-0.208244246700
3376.000000000000,0.000000000000,0.682287983500,-0.291059329300
3377.000000000000,0.000000000000,0.631604169800,-0.366654196500
3378.000000000000,0.000000000000,-0.460170193200,0.446872923600
3379.000000000000,0.000000000000,-0.156974706400,-0.621918649400
3380.000000000000,0.000000000000,0.422018923800,-0.130865789700
3381.000000000000,0.000000000000,0.274938041700,-0.293397959900
3382.000000000000,0.000000000000,0.252386918200,0.660376690400
3383.000000000000,0.000000000000,-0.698096446600,-0.111614865700
3384.000000000000,0.000000000000,0.258575138000,0.218616666000
3385.000000000000,0.000000000000,-0.258405801900,0.219954194300
3386.000000000000,0.000000000000,-0.058293513330,0.723972042300
3387.000000000000,0.000000000000,0.591605576200,-0.446011014000
3388.000000000000,0.000000000000,-0.597831421900,-0.412469684200
3389.000000000000,0.000000000000,-0.347930411000,-0.161665925700
3390.000000000000,0.000000000000,0.033958407260,0.382149545100
3391.000000000000,0.000000000000,0.273669624200,-0.155267715100
3392.000000000000,0.000000000000,-0.186022629400,-0.227875181500
3393.000000000000,0.000000000000,-0.104354746500,0.275496762300
3394.000000000000,0.000000000000,-0.087760912190,-0.409432877700
3395.000000000000,0.000000000000,0.397119153600,0.131039781800
3396.000000000000,0.000000000000,-0.392335623800,0.138064381700
3397.000000000000,0.000000000000,0.152411079100,-0.412981684400
3398.000000000000,0.000000000000,0.092649254520,-0.295380163500
3399.000000000000,0.000000000000,-0.278169282500,-0.093961041480
3400.000000000000,0.000000000000,0.057711995120,0.287882190000
3401.000000000000,0.000000000000,-0.278652998200,-0.430677037800
3402.000000000000,0.000000000000,-0.233650754100,0.456659087300
3403.000000000000,0.000000000000,-0.555856013300,-0.159905911300
3404.000000000000,0.000000000000,0.139445428700,0.561338391100
3405.000000000000,0.000000000000,-0.379855502400,-0.315047262300
3406.000000000000,0.000000000000,-0.082911180120,0.486488149500
3407.000000000000,0.000000000000,0.284280371600,0.334003538200
3408.000000000000,0.000000000000,-0.431651287900,0.079017396230
3409.000000000000,0.000000000000,-0.285865528300,0.341627578000
3410.000000000000,0.000000000000,-0.153383578100,-0.418411536400
3411.000000000000,0.000000000000,-0.008512221729,0.456449287900
3412.000000000000,0.000000000000,-0.391040559600,-0.235596439300
3413.000000000000,0.000000000000,0.365271077300,-0.295774270400
3414.000000000000,1.600000000000,0.002085758209,0.476000770600
3415.000000000000,1.600000000000,0.463488600100,-0.075555807150
3416.000000000000,1.600000000000,-0.464776081800,-0.078941394610
3417.000000000000,1.600000000000,-0.151248404400,-0.452712739200
3418.000000000000,1.600000000000,0.187747940100,-0.440289176900
3419.000000000000,1.600000000000,0.406870121000,0.252388858800
3420.000000000000,1.600000000000,-0.406870121000,0.252388858800
3421.000000000000,1.600000000000,-0.305940494500,-0.262679796200
3422.000000000000,1.600000000000,0.547509777700,-0.289673761800
3423.000000000000,1.600000000000,-0.181891850800,0.575114073500
3424.000000000000,1.600000000000,0.187323014200,0.582884081900
3425.000000000000,1.600000000000,0.340669370600,-0.279522883200
3426.000000000000,1.600000000000,-0.209259337000,0.352924183700
3427.000000000000,1.600000000000,0.226167766100,0.379489390600
3428.000000000000,1.600000000000,-0.511035554900,-0.309635247200
3429.000000000000,1.600000000000,-0.384079774900,-0.457818657900
3430.000000000000,1.600000000000,0.100737696500,-0.632651018100
3431.000000000000,1.600000000000,-0.605772214500,0.195103752600
3432.000000000000,1.600000000000,0.598701234800,0.187551092100
3433.000000000000,1.600000000000,0.399256238300,-0.367212291700
3434.000000000000,1.600000000000,-0.292228125800,0.440941639000
3435.000000000000,1.600000000000,0.303498303700,0.450551364900
3436.000000000000,1.600000000000,-0.467786064100,0.367749697600
3437.000000000000,1.600000000000,0.542057560700,0.437804872300
3438.000000000000,1.600000000000,0.350765899700,-0.603576123900
3439.000000000000,1.600000000000,-0.554710986800,-0.026384418520
3440.000000000000,1.600000000000,0.702934200000,-0.015816379790
3441.000000000000,1.600000000000,-0.112479339600,-0.681030616800
3442.000000000000,1.600000000000,-0.324037223800,0.175849364000
3443.000000000000,1.600000000000,0.324037223800,0.175849364000
3444.000000000000,1.600000000000,0.151206011900,-0.339569078200
3445.000000000000,1.600000000000,-0.103210995800,-0.351456393000
3446.000000000000,1.600000000000,-0.003253284386,0.572864206200
3447.000000000000,1.600000000000,-0.211652123600,-0.658183643300
3448.000000000000,1.600000000000,-0.239975691300,-0.025386861780
3449.000000000000,1.600000000000,0.367772523600,-0.046153466700
3450.000000000000,1.600000000000,0.001446971225,0.368923381400
3451.000000000000,1.600000000000,0.522214824600,0.057096248000
3452.000000000000,1.600000000000,-0.535366102900,0.046673077450
3453.000000000000,1.600000000000,0.005928538625,-0.402626356300
3454.000000000000,1.600000000000,-0.028272863390,-0.523230211000
3455.000000000000,1.600000000000,-0.672707766100,-0.158882685100
3456.000000000000,1.600000000000,-0.398742548500,0.025252670760
3457.000000000000,1.600000000000,0.570861721900,0.312239699900
3458.000000000000,1.600000000000,0.224777783700,-0.615397103300
3459.000000000000,1.600000000000,0.172438392700,0.242431867700
3460.000000000000,1.600000000000,-0.464978169700,0.492439821100
3461.000000000000,1.600000000000,-0.170250704200,0.254532056700
3462.000000000000,1.600000000000,0.202638133100,-0.201091723000
3463.000000000000,1.600000000000,-0.697949728500,0.050418964240
3464.000000000000,1.600000000000,0.469106390600,-0.479209722500
3465.000000000000,1.600000000000,0.402518667900,0.536907915100
3466.000000000000,1.600000000000,0.076452927160,0.695866007300
3467.000000000000,1.600000000000,-0.284271429100,-0.135439864200
3468.000000000000,1.600000000000,-0.196221513700,-0.198640183400
3469.000000000000,1.600000000000,-0.223378625900,-0.358949421900
3470.000000000000,1.600000000000,-0.388502363200,-0.166410170600
3471.000000000000,1.600000000000,-0.391748886100,-0.602792372100
3472.000000000000,1.600000000000,-0.262448266000,-0.456518852700
3473.000000000000,1.600000000000,-0.491172528500,-0.201134502900
3474.000000000000,1.600000000000,-0.093652388160,0.710866310700
3475.000000000000,1.600000000000,0.429459978600,0.117277318800
3476.000000000000,1.600000000000,-0.003912865957,-0.280519624700
3477.000000000000,1.600000000000,0.519390728600,-0.189314126700
3478.000000000000,1.600000000000,-0.096202884720,0.518040376300
3479.000000000000,1.600000000000,-0.577755118100,0.376947480500
3480.000000000000,1.600000000000,0.098355004150,0.524303802900
3481.000000000000,1.600000000000,0.400235158900,-0.162677702900
3482.000000000000,1.600000000000,0.258577013000,-0.347752018900
3483.000000000000,1.600000000000,-0.302493697400,0.292780493800
3484.000000000000,1.600000000000,0.082138273240,-0.488985497500
3485.000000000000,1.600000000000,-0.478856030700,0.168813501000
3486.000000000000,1.600000000000,-0.486430003900,-0.495031253700
3487.000000000000,1.600000000000,0.469130420400,0.342314300400
3488.000000000000,1.600000000000,0.270096791900,-0.518669366200
3489.000000000000,1.600000000000,0.103281848900,0.420097792600
3490.000000000000,1.600000000000,0.305674030300,0.308291836700
3491.000000000000,1.600000000000,-0.126648048400,-0.568124832200
3492.000000000000,1.600000000000,0.233950149800,0.113707813100
3493.000000000000,1.600000000000,-0.228329872400,0.100972339900
3494.000000000000,1.600000000000,0.256187210100,-0.052818319320
3495.000000000000,1.600000000000,0.000864276290,0.255661097300
3496.000000000000,1.600000000000,-0.589294423100,-0.230925673000
3497.000000000000,1.600000000000,0.642659171100,-0.286028311200
3498.000000000000,1.600000000000,0.105833913200,-0.240730011000
3499.000000000000,1.600000000000,-0.009375236379,-0.660788061000
3500.000000000000,1.600000000000,0.629254926600,0.081947486880
3501.000000000000,1.600000000000,-0.530695579200,0.270723026600
3502.000000000000,1.600000000000,-0.190323997600,0.470143863300
3503.000000000000,1.600000000000,0.450992741200,-0.277661672400
3504.000000000000,1.600000000000,0.205174526400,0.488797684700
3505.000000000000,1.600000000000,-0.408488024700,-0.286157521700
3506.000000000000,1.600000000000,-0.613583085100,-0.333112972700
3507.000000000000,1.600000000000,-0.345010134700,-0.360249227000
3508.000000000000,1.600000000000,-0.640892150900,0.301617681000
3509.000000000000,1.600000000000,-0.100067189900,-0.239579904100
3510.000000000000,1.600000000000,0.502785677900,0.219969975500
3511.000000000000,1.600000000000,-0.701238258700,0.159514391800
3512.000000000000,1.600000000000,0.368443477000,0.631840066000
3513.000000000000,1.600000000000,0.567994143800,-0.460550845100
3514.000000000000,1.600000000000,-0.093995330920,0.310499956400
3515.000000000000,1.600000000000,-0.341506988800,-0.055093596700
3516.000000000000,1.600000000000,0.506324546600,-0.373818845100
3517.000000000000,1.600000000000,-0.554692467700,-0.411134808100
3518.000000000000,1.600000000000,0.291508219800,0.557099802600
3519.000000000000,1.600000000000,-0.661515598200,-0.051285977110
3520.000000000000,1.600000000000,-0.447557664900,-0.383726952600
3521.000000000000,1.600000000000,0.293052636800,-0.187639627900
3522.000000000000,1.600000000000,0.144320643700,0.319441308400
3523.000000000000,1.600000000000,0.603087987900,-0.368604777300
3524.000000000000,1.600000000000,-0.270081632700,0.643580963700
3525.000000000000,1.600000000000,-0.239044817500,-0.557496913300
3526.000000000000,1.600000000000,-0.172738651400,0.680008431100
3527.000000000000,1.600000000000,0.592278598300,-0.009742244316
3528.000000000000,1.600000000000,0.272992013000,0.652429727600
3529.000000000000,1.600000000000,0.169489477000,0.668683167500
3530.000000000000,1.600000000000,0.432604295700,0.445401438100
3531.000000000000,1.600000000000,-0.574337682800,-0.125346140900
3532.000000000000,1.600000000000,0.374172351200,-0.495194173500
3533.000000000000,1.600000000000,0.443400420900,0.012498487830
3534.000000000000,1.600000000000,-0.379178913100,0.415761712600
3535.000000000000,1.600000000000,0.157219800000,-0.545045913900
3536.000000000000,1.600000000000,0.316374682100,-0.421473096200
3537.000000000000,1.600000000000,0.369139163000,0.376846637400
3538.000000000000,1.600000000000,0.667712830500,0.249689898500
3539.000000000000,1.600000000000,0.144502475700,-0.697991056400
3540.000000000000,1.600000000000,0.287264918000,0.028443863020
3541.000000000000,1.600000000000,0.697812244200,0.154770133100
3542.000000000000,1.600000000000,0.617827197200,0.392430376200
3543.000000000000,1.600000000000,0.044503973010,-0.722262002000
3544.000000000000,1.600000000000,0.294127140100,-0.671494048700
3545.000000000000,1.600000000000,0.650486074900,-0.177544964900
3546.000000000000,1.600000000000,-0.319973437500,0.062281269950
3547.000000000000,1.600000000000,-0.395424932400,0.108914168100
3548.000000000000,1.600000000000,0.191038002300,-0.277320881900
3549.000000000000,1.600000000000,-0.242846639600,0.205167815000
3550.000000000000,1.600000000000,0.563253387900,-0.090862937760
3551.000000000000,1.600000000000,0.238304475300,0.213178281900
3552.000000000000,1.600000000000,-0.169279940700,-0.288780427900
3553.000000000000,1.600000000000,-0.635133371400,0.111851953500
3554.000000000000,1.600000000000,-0.671908991300,-0.248404761600
3555.000000000000,1.600000000000,0.490609821500,0.520057168400
3556.000000000000,1.600000000000,0.439044044300,-0.564428936700
3557.000000000000,1.600000000000,-0.359044793900,0.508427363700
3558.000000000000,1.600000000000,0.532169896000,0.134373931900
3559.000000000000,1.600000000000,0.731211581100,0.067788605290
3560.000000000000,1.600000000000,-0.044449866300,-0.735537465100
3561.000000000000,1.600000000000,0.216638842900,0.289824146400
3562.000000000000,1.600000000000,0.253655180400,-0.256234713000
3563.000000000000,1.600000000000,-0.330285783400,-0.530521986800
3564.000000000000,1.600000000000,0.086418845020,0.605990305900
3565.000000000000,1.600000000000,-0.092517725160,0.621185832700
3566.000000000000,1.600000000000,0.715338178900,-0.101555666200
3567.000000000000,1.600000000000,-0.094833736100,0.418349499000
3568.000000000000,1.600000000000,0.152128892300,0.178928072600
3569.000000000000,1.600000000000,-0.461162060800,-0.574444258400
3570.000000000000,1.600000000000,-0.272798774500,0.534537830400
3571.000000000000,1.600000000000,-0.307313950700,-0.627628377100
3572.000000000000,1.600000000000,-0.190502456800,-0.112106775300
3573.000000000000,1.600000000000,0.373771772800,0.037885366300
3574.000000000000,1.600000000000,-0.099610161100,0.209310957400
3575.000000000000,1.600000000000,-0.694901445200,0.244113718800
3576.000000000000,1.600000000000,0.322405352500,-0.111862987300
3577.000000000000,1.600000000000,0.069846958250,0.323470850500
3578.000000000000,1.600000000000,-0.356181345100,0.644358555500
3579.000000000000,1.600000000000,-0.611718762200,0.042140737560
3580.000000000000,1.600000000000,-0.407685221700,0.586280498000
3581.000000000000,1.600000000000,0.232070759800,-0.123863017600
3582.000000000000,1.600000000000,0.102083194800,0.245953879400
3583.000000000000,1.600000000000,-0.474654866800,0.078364754180
3584.000000000000,1.600000000000,-0.480551692900,0.008453186484
3585.000000000000,1.600000000000,-0.544652534400,0.455230373000
3586.000000000000,1.600000000000,-0.007512868245,0.684936607400
3587.000000000000,1.600000000000,-0.737437473100,-0.027297375860
3588.000000000000,1.600000000000,0.156855239800,-0.141527376500
3589.000000000000,1.600000000000,0.071481149870,-0.333745163000
3590.000000000000,1.600000000000,-0.558987893300,0.112081921300
3591.000000000000,1.600000000000,0.510579235200,-0.014766915080
3592.000000000000,1.600000000000,-0.072477037820,-0.440633785900
3593.000000000000,1.600000000000,-0.055628046710,-0.604998450800
3594.000000000000,1.600000000000,0.035201288220,-0.578913203200
3595.000000000000,1.600000000000,-0.310670795100,0.368934256600
3596.000000000000,3.725400000000,-0.005873107910,0.023828144070
3597.000000000000,3.725400000000,0.051318759310,-0.094332986560
3598.000000000000,3.725400000000,-0.061593622210,-0.096941668510
3599.000000000000,3.725400000000,0.117370786700,-0.003013899803
3600.000000000000,3.725400000000,-0.116325587100,-0.008833792193
3601.000000000000,3.725400000000,0.078039143670,0.095388243880
3602.000000000000,3.725400000000,-0.082114875750,0.094576953160
3603.000000000000,3.725400000000,-0.001989767998,0.121832169800
3604.000000000000,-0.500000000000,-0.005873107910,0.023828144070
3605.000000000000,-0.500000000000,0.051318759310,-0.094332986560
3606.000000000000,-0.500000000000,-0.061593622210,-0.096941668510
3607.000000000000,-0.500000000000,0.117370786700,-0.003013899803
3608.000000000000,-0.500000000000,-0.116325587100,-0.008833792193
3609.000000000000,-0.500000000000,0.078039143670,0.095388243880
3610.000000000000,-0.500000000000,-0.082114875750,0.094576953160
3611.000000000000,-0.500000000000,-0.001989767998,0.121832169800
3612.000000000000,-0.280297148400,0.090421203350,-0.080106196040
3613.000000000000,-0.114758125800,0.029783604960,-0.125144381600
3614.000000000000,-0.357444021000,0.048724721670,0.104342030100
3615.000000000000,-0.403763833800,0.121301687200,-0.052490172130
3616.000000000000,-0.408621277700,-0.061264105750,-0.027315772210
3617.000000000000,-0.409092751100,-0.015771179690,-0.128048786700
3618.000000000000,-0.408309916300,0.119668014900,0.059409120260
3619.000000000000,-0.408754071700,-0.120076328500,-0.067774539480
3620.000000000000,-0.416117811300,-0.116239926600,0.046850741700
3621.000000000000,0.050284183740,-0.029075288780,-0.099728891430
3622.000000000000,0.006742895519,0.029581244170,0.124921237600
3623.000000000000,0.175186037400,0.046466320600,-0.114966656000
3624.000000000000,0.381993443300,0.038479528110,-0.110919562100
3625.000000000000,0.568549620300,-0.023937731820,-0.116313107200
3626.000000000000,0.746579507900,0.101148927600,0.069818063640
3627.000000000000,1.126500638000,0.042859105120,-0.116836437300
3628.000000000000,1.138803320000,0.052813728300,0.132201361100
3629.000000000000,0.868603223600,0.205230139900,-0.070130920570
3630.000000000000,0.868752488100,-0.082568082390,-0.204489196800
3631.000000000000,1.126786711000,-0.070723286780,0.128385032300
3632.000000000000,1.241236939000,0.010317713320,-0.049899431870
3633.000000000000,0.864896475400,-0.201427177900,-0.024095983390
3634.000000000000,1.099791529000,-0.211105320600,-0.689783604500
3635.000000000000,1.103859895000,0.119850573300,-0.711879131800
3636.000000000000,1.103724693000,0.659263082300,-0.279042128900
3637.000000000000,0.917714318400,-0.023802887110,-0.711970215500
3638.000000000000,1.045960480000,0.332357697200,0.632029965000
3639.000000000000,1.039601343000,-0.002851231403,0.714713018900
3640.000000000000,1.009189130000,0.707072467400,0.115538768400
3641.000000000000,1.215158680000,0.514627163800,-0.493022040100
3642.000000000000,0.944705544300,0.546387248100,-0.450113167700
3643.000000000000,0.925382272500,0.313529627600,-0.644011218000
3644.000000000000,1.036518337000,-0.346046991700,0.624580538400
3645.000000000000,1.039515571000,0.593618458300,0.396863287100
3646.000000000000,1.106057809000,-0.575662502400,-0.419240794000
3647.000000000000,0.786982736500,0.281064014600,-0.094579316410
3648.000000000000,0.848100543700,-0.296118277100,-0.651585898900
3649.000000000000,0.767260325200,0.067107690990,0.288728643700
3650.000000000000,1.118876866000,-0.717378459800,-0.019826304030
3651.000000000000,0.943184877300,-0.655780478400,-0.243942563200
3652.000000000000,1.228445657000,0.713695538900,-0.035950659820
3653.000000000000,1.236374204000,0.485635912800,0.530779904600
3654.000000000000,1.216141720000,0.182779025500,0.696491925800
3655.000000000000,1.213011369000,-0.163716607300,0.691703309400
3656.000000000000,0.846168041400,-0.189491550000,0.692265251800
3657.000000000000,1.090830987000,-0.639875046100,0.330704541500
3658.000000000000,0.772320957600,0.261580327300,0.146417010100
3659.000000000000,1.365621494000,0.004743356067,0.045905049800
3660.000000000000,0.816849995200,-0.517202923400,-0.506068381200
3661.000000000000,1.523479348000,-0.100864460400,-0.401750425000
3662.000000000000,0.746734517100,0.118982283300,-0.707138180700
3663.000000000000,1.505920441000,0.140364075100,-0.422947917600
3664.000000000000,1.217987578000,-0.483292119100,0.530146200300
3665.000000000000,0.836418627100,-0.439564923800,0.566013968900
3666.000000000000,1.516294235000,0.393430539000,-0.240866988200
3667.000000000000,0.764632091800,0.489804054200,-0.525223135500
3668.000000000000,1.317950373000,0.153370983800,0.186475334900
3669.000000000000,0.780494999700,-0.259088340000,0.143550218800
3670.000000000000,0.670425936700,-0.128022098400,-0.699777486600
3671.000000000000,1.508953905000,-0.025991239840,0.421202383000
3672.000000000000,1.504155839000,-0.349771310200,-0.301129667400
3673.000000000000,0.819965533000,-0.719515253600,0.000954424171
3674.000000000000,1.391191095000,-0.303263317200,-0.651052951500
3675.000000000000,1.367193007000,0.000000000000,-0.717374564700
3676.000000000000,1.367193007000,0.377649043700,0.609924147700
3677.000000000000,1.516643835000,-0.273608327000,0.342748248200
3678.000000000000,1.305818923000,0.660634195100,0.279622471200
3679.000000000000,1.516354929000,-0.447989249000,-0.008010943140
3680.000000000000,0.670228024700,-0.663857870100,-0.286014407800
3681.000000000000,1.368169103000,0.696880455300,-0.148401440800
3682.000000000000,1.523450651000,0.402366132000,0.037703200400
3683.000000000000,0.581410202700,0.596539427700,-0.399365877100
3684.000000000000,1.397542410000,0.373326083100,-0.618954989700
3685.000000000000,1.516364373000,0.157550558000,-0.603953422300
3686.000000000000,0.589121004900,0.046216943950,0.708733256300
3687.000000000000,1.388940208000,-0.006302335048,0.710039173800
3688.000000000000,1.367193007000,-0.299834120500,0.651709879000
3689.000000000000,0.645754574400,0.296552299600,0.030150527340
3690.000000000000,1.529022510000,0.214356444100,-0.245946247400
3691.000000000000,1.505346019000,0.460637249700,-0.399235998400
3692.000000000000,1.441490095000,-0.129173729600,-0.706229967700
3693.000000000000,0.584091304000,-0.413106713900,-0.583578566600
3694.000000000000,1.507311073000,0.062685619300,-0.269732554700
3695.000000000000,1.504152791000,0.268965230100,0.167815133300
3696.000000000000,0.636540908400,0.179513690800,0.260280600900
3697.000000000000,1.506242499000,-0.150413661700,0.625562983800
3698.000000000000,0.652417972500,-0.300176466400,0.655700482700
3699.000000000000,1.511702505000,-0.473216657000,0.234247757100
3700.000000000000,1.557848244000,0.051832298600,-0.016468209250
3701.000000000000,1.362306078000,-0.675189999900,-0.233659853100
3702.000000000000,1.389142637000,0.719482213800,0.067857812830
3703.000000000000,1.425582491000,0.217280669900,-0.085485676710
3704.000000000000,0.586795759600,0.336439738700,-0.630671554200
3705.000000000000,1.514508633000,-0.155189548100,-0.242333505100
3706.000000000000,1.505633417000,-0.028920766850,-0.231687697600
3707.000000000000,0.491153051900,0.054139260590,-0.712798496600
3708.000000000000,1.526030631000,0.124836726200,-0.211665203200
3709.000000000000,1.526308523000,-0.406341804800,0.475147950000
3710.000000000000,1.386159789000,0.551680160600,0.471409900200
3711.000000000000,1.513454873000,-0.516121847300,-0.373002114400
3712.000000000000,1.446388631000,-0.437088750500,-0.544674137100
3713.000000000000,0.600346609300,-0.710569866300,-0.073671350860
3714.000000000000,0.489111354100,0.699089750600,-0.231609104100
3715.000000000000,1.485687624000,-0.228160758900,-0.080626662970
3716.000000000000,1.505711951000,-0.274159632300,-0.672185089300
3717.000000000000,1.514248950000,-0.178174885700,-0.701705051900
3718.000000000000,1.515299866000,0.223364539200,-0.677109323300
3719.000000000000,1.518430192000,0.096295683710,-0.689857269700
3720.000000000000,1.462961302000,0.095212828510,0.217824136500
3721.000000000000,1.491475221000,0.457653000100,0.554034178600
3722.000000000000,1.516446165000,0.147743778700,0.619185851700
3723.000000000000,1.470040114000,-0.055550482890,0.233979909800
3724.000000000000,0.577771049600,-0.656694058600,0.281463289800
3725.000000000000,0.577261045600,-0.509559478900,0.494972265200
3726.000000000000,1.462190284000,0.668382097400,0.242483811200
3727.000000000000,1.516230581000,0.597752312200,-0.314768950100
3728.000000000000,1.521892173000,0.211266363000,-0.081049246320
3729.000000000000,1.514328863000,-0.362231978700,-0.642377702600
3730.000000000000,1.518632599000,-0.091463216560,-0.723253723000
3731.000000000000,1.525473399000,0.225667831100,0.051560420510
3732.000000000000,1.523775846000,0.169254168000,0.154606080000
3733.000000000000,1.519365503000,0.056522526330,0.223890494000
3734.000000000000,1.514590992000,0.300843963100,0.626592072500
3735.000000000000,1.513605153000,0.032691076300,0.723225713800
3736.000000000000,1.517726737000,-0.129540971900,0.201610489500
3737.000000000000,1.532122809000,-0.234953071400,0.681120474100
3738.000000000000,1.409495490000,-0.223951293300,0.091792197340
3739.000000000000,1.512697920000,-0.295443800600,0.617690903100
3740.000000000000,1.487628218000,0.617603658300,0.341042316600
3741.000000000000,0.507850035800,0.636654548300,0.311629649100
3742.000000000000,1.502799123000,-0.643973450600,-0.313992036700
3743.000000000000,1.522596857000,-0.609315115700,-0.011843219360
3744.000000000000,1.486061650000,0.715999218100,-0.074688913010
3745.000000000000,1.505741966000,0.474336804900,-0.530738895800
3746.000000000000,1.535040856000,-0.162396031900,-0.144479981000
3747.000000000000,1.516496918000,0.417343003100,-0.606987530200
3748.000000000000,1.530191871000,-0.002211321673,-0.712633627100
3749.000000000000,1.513246360000,0.224288974500,0.682563358400
3750.000000000000,1.535540047000,0.135794392300,0.702904854800
3751.000000000000,1.528245262000,-0.068828869370,0.726842232200
3752.000000000000,1.449919351000,-0.700914563500,0.157240162300
3753.000000000000,1.517575588000,-0.551043996500,-0.467419410000
3754.000000000000,1.543162504000,-0.610917779200,-0.400109999700
3755.000000000000,1.515168219000,0.711345868400,-0.155473794500
3756.000000000000,0.404951530900,-0.166007671600,-0.695540467100
3757.000000000000,1.453073014000,-0.598944132400,0.391541121900
3758.000000000000,1.486937112000,-0.659106634100,0.289473358400
3759.000000000000,1.513693123000,-0.523861131400,0.498240862400
3760.000000000000,1.513551274000,-0.463910169600,0.566221650000
3761.000000000000,1.539468457000,0.684255864400,0.197921225800
3762.000000000000,1.518736466000,-0.492345478700,-0.543827940500
3763.000000000000,1.520068996000,-0.243548294800,0.047689812850
3764.000000000000,1.473400604000,-0.686283716300,-0.150921060600
3765.000000000000,1.508241074000,-0.695898957600,-0.074285665160
3766.000000000000,1.514664638000,0.676622548600,-0.246105350300
3767.000000000000,1.518008252000,0.730467415000,0.027299705050
3768.000000000000,1.539456033000,0.719430308800,0.113204428300
3769.000000000000,0.425710492000,0.308300711000,0.017988650720
3770.000000000000,0.408469683200,0.483292119100,-0.530146200300
3771.000000000000,1.507594815000,0.543866856500,0.500657084000
3772.000000000000,0.402266809100,0.296764160000,0.654992441700
3773.000000000000,0.403031356300,-0.232222901600,0.675763963300
3774.000000000000,1.516942624000,-0.624985278400,0.363567598300
3775.000000000000,1.517748607000,-0.585429988500,0.434755161700
3776.000000000000,1.531225312000,0.599710542900,0.425706525500
3777.000000000000,0.464285027900,-0.586803867500,-0.398198253500
3778.000000000000,0.309771226700,0.215613204300,-0.685010718100
3779.000000000000,1.539436058000,-0.702721441100,0.117871833700
3780.000000000000,0.353326056600,0.031499366310,0.307939032100
3781.000000000000,1.535848863000,-0.678907048600,0.205679958900
3782.000000000000,1.748989998000,-0.023196909250,-0.035295293760
3783.000000000000,0.408930842800,-0.706141143000,0.105180794100
3784.000000000000,0.294181076600,0.642167376500,-0.319761359000
3785.000000000000,0.322039241300,-0.454313071800,-0.559631257400
3786.000000000000,0.321572886000,0.488301230600,0.532057564000
3787.000000000000,0.393314500700,-0.602682320600,0.388511405300
3788.000000000000,0.244963003700,0.008898048138,-0.710646964800
3789.000000000000,0.237770329500,0.068247491200,-0.303895463300
3790.000000000000,0.325556148700,-0.422354526900,0.583897193100
3791.000000000000,0.319023021400,-0.684149622200,-0.183824097300
3792.000000000000,0.059367638020,-0.167470952900,-0.458245195400
3793.000000000000,0.226966126400,-0.044255117750,0.718286901300
3794.000000000000,0.248094387800,0.289958126500,0.113580872800
3795.000000000000,0.234587953900,0.618256672700,0.349928563000
3796.000000000000,0.244542101800,0.271655884600,-0.146566995900
3797.000000000000,0.261826707600,0.713159588600,-0.076683038540
3798.000000000000,0.206349731600,0.515011753300,-0.499388786500
3799.000000000000,0.238558645800,-0.595811344500,-0.396657165500
3800.000000000000,0.088320230750,0.191851820300,0.530320907400
3801.000000000000,0.085911135950,-0.089550126850,0.447880566000
3802.000000000000,0.076886019090,-0.332925207200,-0.309385580800
3803.000000000000,0.081592912400,0.246016836000,-0.587651422600
3804.000000000000,0.144975648300,-0.131817230400,-0.705159899500
3805.000000000000,0.242549428100,-0.304681359900,-0.035547891040
3806.000000000000,0.206349731600,0.700766136800,0.153470152400
3807.000000000000,0.077056187280,0.392315178700,0.005279576137
3808.000000000000,0.083243781970,0.231178595400,-0.314542684400
3809.000000000000,0.088607959380,0.386630970200,-0.518975612500
3810.000000000000,0.083402572620,0.088966814840,-0.658754355400
3811.000000000000,0.078604251850,-0.083887968540,-0.363399289100
3812.000000000000,0.079126794100,-0.302355758800,-0.567492043300
3813.000000000000,0.185010717000,0.179480303000,0.255348667500
3814.000000000000,0.084176956880,-0.150488810800,0.590336408500
3815.000000000000,0.217671898400,-0.660940877000,0.297402963400
3816.000000000000,0.255815319000,-0.226903682800,0.207291267900
3817.000000000000,1.861061849000,0.043234702990,0.015054974300
3818.000000000000,0.235677121800,-0.708475682800,0.026693871800
3819.000000000000,0.084195508550,0.561978583500,-0.324222350200
3820.000000000000,0.146898218900,0.687678557500,-0.192092430400
3821.000000000000,0.086750040510,-0.452052073700,-0.441140690300
3822.000000000000,0.080566520370,0.044920381050,-0.334421360600
3823.000000000000,0.078019250560,0.374222900300,0.513936171300
3824.000000000000,0.149148718100,0.091706655470,0.707558962400
3825.000000000000,0.152225884400,0.047732217530,0.301912029500
3826.000000000000,0.073755032600,-0.197464444400,0.342812686500
3827.000000000000,0.081964787620,-0.338645673800,0.543187627200
3828.000000000000,0.223570693600,-0.549233810600,0.471663704800
3829.000000000000,0.107961880900,0.717926031100,0.023509509110
3830.000000000000,0.072400614880,0.548345188400,-0.442928990500
3831.000000000000,0.078721745420,0.175480990100,-0.244358803800
3832.000000000000,0.087471477970,0.171079869000,-0.702311064800
3833.000000000000,0.109225475300,0.302081316200,0.649397767500
3834.000000000000,0.077090915140,0.548775056400,0.414802612000
3835.000000000000,0.084425292970,-0.585868021100,-0.198330918400
3836.000000000000,0.144371164100,-0.704541638000,0.153690824600
3837.000000000000,0.112716400100,0.291244952700,0.094631221560
3838.000000000000,0.116146056800,0.658046999500,0.289350998600
3839.000000000000,0.082379253770,0.711072996600,-0.159924258700
3840.000000000000,0.065660520830,0.308932422200,-0.131808598200
3841.000000000000,0.087291901430,-0.581680509500,-0.351750292600
3842.000000000000,0.067191850690,0.010417251530,-0.711815887100
3843.000000000000,0.079999217310,-0.057347525420,-0.290281479400
3844.000000000000,0.112912141800,-0.182536201200,-0.247950959900
3845.000000000000,0.061540304760,-0.082040865740,-0.710830317600
3846.000000000000,0.062349659050,-0.175156796800,-0.689554304300
3847.000000000000,0.088813162730,-0.408150770100,-0.599288772300
3848.000000000000,0.084011002190,0.218187452800,0.694846436800
3849.000000000000,0.068504240530,0.113455758400,0.722936827900
3850.000000000000,0.112716952800,0.227568283400,0.204903402800
3851.000000000000,0.088470049620,0.380386646300,0.617833534200
3852.000000000000,0.104014310000,-0.303407179100,-0.032691793120
3853.000000000000,0.083248273250,-0.672542966700,-0.088982039870
3854.000000000000,0.062971767030,0.713206345900,-0.066910688140
3855.000000000000,0.063102732560,0.301916274000,-0.031732679090
3856.000000000000,0.057166278260,0.710141746600,0.110234389700
3857.000000000000,0.089288692640,0.487024091800,-0.542753520200
3858.000000000000,0.064625050320,0.610128731600,-0.398386722000
3859.000000000000,0.108625492900,-0.264816964100,-0.146599359300
3860.000000000000,0.077961764540,0.006662430801,0.279304063300
3861.000000000000,0.081048549740,0.106224418100,0.280802552000
3862.000000000000,0.075096681260,-0.120664684300,0.694796577100
3863.000000000000,0.063098934840,-0.123449624500,0.277272396300
3864.000000000000,0.084503800290,-0.313226609200,0.652164890600
3865.000000000000,0.087126189890,0.710202869300,0.203261534100
3866.000000000000,0.046463429720,0.228828846800,0.161686157700
3867.000000000000,0.059176318240,0.649228229800,-0.331453626300
3868.000000000000,0.063432579090,-0.471292074600,-0.527472051800
3869.000000000000,0.067253103300,-0.553125974300,-0.458271902000
3870.000000000000,0.087073067470,0.457915024100,0.566363451400
3871.000000000000,0.066354096660,-0.224659192600,0.672466776400
3872.000000000000,0.121547966000,-0.241772061500,0.189374739100
3873.000000000000,0.064426692580,-0.474064327700,0.502773938700
3874.000000000000,0.118518386600,-0.621264597100,0.358687282400
3875.000000000000,0.111446894000,-0.285889633000,0.092079761340
3876.000000000000,0.075054900520,0.517064057800,0.505528176400
3877.000000000000,0.097163210380,-0.678998320300,-0.248832020000
3878.000000000000,0.085747178450,-0.711708819700,-0.162173824800
3879.000000000000,0.070956493520,-0.720913763900,0.016658083010
3880.000000000000,0.071347046970,0.625676017000,0.355674147400
3881.000000000000,0.085786962420,-0.675107339400,0.282842094300
3882.000000000000,0.082902134060,-0.728206159900,0.113637078200
3883.000000000000,0.065813218010,-0.688546159300,0.197287153500
3884.000000000000,0.068249262170,-0.571354861000,0.420135049200
3885.000000000000,0.047717042710,-0.239876096200,0.158841728500
3886.000000000000,2.091586056000,0.121534094500,-0.064605851310
3887.000000000000,2.459561657000,0.119070954300,-0.045157656480
3888.000000000000,2.094390445000,-0.035428827960,0.127680426500
3889.000000000000,2.360939727000,0.206602255300,0.075590616900
3890.000000000000,2.096954415000,-0.121755497700,-0.064441635300
3891.000000000000,2.342347850000,0.043693721830,-0.228059127700
3892.000000000000,2.112261958000,0.712522240700,-0.105953940500
3893.000000000000,2.116868412000,0.574461214300,-0.429675117800
3894.000000000000,2.104839786000,0.681280692500,0.228687667400
3895.000000000000,2.358363370000,-0.199972810700,0.069691804810
3896.000000000000,2.121301028000,0.217474017600,-0.683616352800
3897.000000000000,2.109317121000,0.487272131400,0.523861352400
3898.000000000000,2.639496321000,0.084969347310,-0.084587699240
3899.000000000000,2.280136706000,0.403642948300,-0.586258333800
3900.000000000000,2.309679352000,0.649310358700,-0.281574475500
3901.000000000000,2.189526151000,0.000526179719,0.712165480200
3902.000000000000,2.445597458000,0.311021558400,-0.027907353700
3903.000000000000,2.121301028000,-0.708884775400,-0.110039271700
3904.000000000000,2.125320950000,-0.510470531400,-0.506923968400
3905.000000000000,2.133691644000,-0.207514834300,-0.688818945400
3906.000000000000,2.280737826000,0.289694416700,0.646002825100
3907.000000000000,2.226684665000,-0.290962374600,0.651337198200
3908.000000000000,2.371646460000,0.546310725300,0.450021896800
3909.000000000000,2.121301028000,-0.676595001900,0.238422879600
3910.000000000000,2.268695507000,-0.647887496500,-0.312847436900
3911.000000000000,2.459845748000,0.050893962170,-0.306355561200
3912.000000000000,2.033469683000,0.217474017600,0.683616352800
3913.000000000000,2.300497233000,-0.387982976700,-0.596687481600
3914.000000000000,1.715867929000,0.430468815300,-0.023203805220
3915.000000000000,2.489731370000,0.226422901700,-0.206741688000
3916.000000000000,1.958736201000,0.451654796400,-0.545178753800
3917.000000000000,2.450598314000,0.000000000000,0.298011055300
3918.000000000000,2.006537069000,-0.404617917000,0.593024587500
3919.000000000000,2.265804468000,-0.510077476500,0.497847758400
3920.000000000000,2.550137012000,0.660992957900,0.249894999100
3921.000000000000,1.919181077000,0.621264597100,0.358687282400
3922.000000000000,2.387219582000,-0.714302942800,-0.074634262900
3923.000000000000,2.384682796000,-0.689733643500,0.184787884100
3924.000000000000,1.695504721000,0.130180871300,-0.448723264100
3925.000000000000,1.706564461000,0.308268461000,-0.319004633500
3926.000000000000,1.705542663000,0.404179235100,0.174290568300
3927.000000000000,1.930854975000,-0.043081410700,0.707668774300
3928.000000000000,1.860181230000,0.378145325200,0.606185137900
3929.000000000000,1.706990680000,0.159683979600,0.356901949500
3930.000000000000,2.811947837000,0.117435431100,0.002704030026
3931.000000000000,1.701757656000,-0.446962729200,0.007762716112
3932.000000000000,2.524404964000,-0.610570338100,-0.371561438100
3933.000000000000,1.718427881000,-0.348372006900,-0.296219922600
3934.000000000000,2.489350211000,-0.115338779000,-0.284085936600
3935.000000000000,1.728621038000,-0.111325211000,-0.422788602100
3936.000000000000,1.828597136000,0.685133038900,-0.201535830900
3937.000000000000,2.623682691000,0.668086411800,-0.225735522400
3938.000000000000,1.839997274000,0.571562166900,-0.445453575100
3939.000000000000,2.544328761000,0.331465450100,0.643774089400
3940.000000000000,1.891825876000,-0.059291218990,0.232059953500
3941.000000000000,2.446598461000,-0.377236263100,0.601634045400
3942.000000000000,2.638768363000,0.698123775200,0.033342216520
3943.000000000000,1.938912880000,-0.590269494500,0.415743706900
3944.000000000000,1.714456653000,-0.396903112400,0.197254365300
3945.000000000000,1.831349732000,0.714314371300,0.066190974210
3946.000000000000,2.576597455000,0.227040844800,0.204428494900
3947.000000000000,1.702376011000,0.591500108600,0.256147145900
3948.000000000000,2.538157249000,-0.264582531600,0.152756795900
3949.000000000000,2.641644609000,0.332182112000,-0.621014140000
3950.000000000000,2.635324648000,0.004893805021,-0.712944448800
3951.000000000000,1.715342977000,0.161796238300,-0.622611934600
3952.000000000000,1.704934396000,0.278623323400,-0.103818779400
3953.000000000000,1.707615585000,0.410859753400,-0.452924432500
3954.000000000000,1.867889946000,-0.298439360400,0.650046433000
3955.000000000000,1.826862434000,0.167800688400,0.697484140400
3956.000000000000,1.827999711000,-0.692475212100,-0.199119715500
3957.000000000000,1.704652820000,0.064194517680,-0.311413286200
3958.000000000000,1.712436569000,-0.053394271850,-0.628441370600
3959.000000000000,1.823785900000,-0.307400688900,-0.657472548700
3960.000000000000,1.711985768000,0.236167050500,-0.001451771219
3961.000000000000,2.721067519000,0.224199149400,-0.212099873600
3962.000000000000,2.635474721000,-0.135747264400,0.699663861700
3963.000000000000,1.711518537000,0.015163183240,0.317488137500
3964.000000000000,1.708120170000,0.543932283000,0.400400716700
3965.000000000000,1.825641766000,-0.705675281400,0.147011727100
3966.000000000000,1.715012458000,-0.442479763300,-0.443567417900
3967.000000000000,1.764636071000,0.175274268800,-0.165477425200
3968.000000000000,1.718691393000,0.705067121200,-0.161320587700
3969.000000000000,1.711741875000,0.721457832900,-0.075698179190
3970.000000000000,1.713518862000,0.315713355300,-0.584455568000
3971.000000000000,2.654058563000,0.065896786080,0.305966348100
3972.000000000000,1.769975648000,0.000000000000,0.717374564700
3973.000000000000,1.708716595000,-0.140595622500,0.622549035700
3974.000000000000,1.695058172000,0.206246261100,0.156654557500
3975.000000000000,1.716414731000,0.638109846500,0.348783892500
3976.000000000000,1.749790548000,0.458931895600,0.547088403600
3977.000000000000,1.733755481000,0.303422598900,0.654362196000
3978.000000000000,2.641877145000,-0.723700148100,0.009535067299
3979.000000000000,1.717740829000,-0.236975619600,0.251743852900
3980.000000000000,1.779879666000,-0.624559995500,-0.358716254400
3981.000000000000,1.706028409000,0.257688578800,-0.674139936500
3982.000000000000,1.701336562000,0.006654061343,-0.246123041100
3983.000000000000,1.720048175000,0.684050118300,-0.252723633900
3984.000000000000,1.685054966000,0.170437225900,-0.150443758500
3985.000000000000,1.704690789000,0.214334621500,0.082027386740
3986.000000000000,1.713132001000,0.414060632600,-0.602386188600
3987.000000000000,1.726904008000,0.482787842400,-0.526022848700
3988.000000000000,1.712435347000,0.646656948700,-0.333740335900
3989.000000000000,2.664993326000,-0.414966306900,0.581270678500
3990.000000000000,1.831338135000,-0.479544354000,0.535969797900
3991.000000000000,1.712587352000,-0.353510408300,0.578696207900
3992.000000000000,2.747263267000,0.286330259000,0.100674876200
3993.000000000000,1.703403545000,0.052809986700,0.218312938800
3994.000000000000,1.784160607000,-0.631884071900,0.321617706000
3995.000000000000,1.765759672000,-0.242240142800,0.016200385340
3996.000000000000,1.769682704000,-0.217585284200,-0.102842267400
3997.000000000000,1.693428502000,-0.631777787300,0.006059633036
3998.000000000000,2.711897744000,-0.287805253300,-0.097443866960
3999.000000000000,2.665080694000,-0.433589681300,-0.555564873700
4000.000000000000,1.760616061000,-0.119880122700,-0.209894309200
4001.000000000000,1.704541367000,0.093638018030,-0.713015307400
4002.000000000000,1.684694198000,-0.001934747929,-0.710144404700
4003.000000000000,1.747416088000,-0.166757918300,-0.698987917200
4004.000000000000,1.699848914000,-0.102974689300,-0.715526490500
4005.000000000000,1.716919104000,0.718196343500,0.015672842670
4006.000000000000,1.713767967000,0.715297100200,0.107887050300
4007.000000000000,1.709817423000,0.036508215440,0.726878152700
4008.000000000000,1.714479234000,-0.120253563200,0.195346587800
4009.000000000000,1.701381087000,0.714026549100,0.201055055500
4010.000000000000,1.692717873000,0.140047594600,0.701686893400
4011.000000000000,1.696210888000,0.234089948900,0.697924236800
4012.000000000000,1.702909001000,0.522553409800,0.501581995500
4013.000000000000,2.928591833000,-0.041853871670,0.113244912800
4014.000000000000,2.725373969000,-0.669316051900,0.241930211700
4015.000000000000,1.702547128000,-0.547708609600,-0.477321035200
4016.000000000000,1.712903983000,-0.651535974300,-0.325435698400
4017.000000000000,1.692534488000,-0.060846786280,0.724735911300
4018.000000000000,1.703155044000,-0.066109908330,0.245984917000
4019.000000000000,1.703011509000,-0.219635008100,0.669650792100
4020.000000000000,1.706528978000,-0.669062170100,0.196611259300
4021.000000000000,1.717971258000,-0.704472455200,-0.164243579400
4022.000000000000,1.695485184000,-0.685910494700,-0.252738394100
4023.000000000000,1.686626654000,-0.712064585300,-0.067890815180
4024.000000000000,1.698522983000,-0.334607828700,-0.624606308900
4025.000000000000,1.686192430000,-0.483682368800,-0.534296294700
4026.000000000000,1.666669357000,-0.606067016200,-0.438915906700
4027.000000000000,2.802769865000,0.065169417720,-0.299203710000
4028.000000000000,1.691713479000,-0.067334535610,-0.210440142600
4029.000000000000,2.729207660000,-0.207258052000,-0.686421311300
4030.000000000000,1.689401010000,-0.256284285800,-0.679140801200
4031.000000000000,2.835939500000,0.296550392000,-0.076294476980
4032.000000000000,2.821141560000,0.386167060700,0.605358011000
4033.000000000000,1.710964083000,-0.464636901500,0.560157547900
4034.000000000000,1.712930557000,-0.598888848700,0.352588417100
4035.000000000000,1.683884934000,-0.213407979400,-0.030683435210
4036.000000000000,1.709545902000,-0.698443315600,0.108502547900
4037.000000000000,1.701039398000,-0.744917352400,0.028024402860
4038.000000000000,1.712317839000,-0.535890113100,0.505409267000
4039.000000000000,2.898812099000,0.561046998500,0.459896777600
4040.000000000000,3.006767353000,-0.000742055794,-0.122186155600
4041.000000000000,2.923929401000,0.217397294100,-0.214374001000
4042.000000000000,2.889520737000,0.028156828680,0.312033742500
4043.000000000000,3.034239079000,-0.023311000620,0.125133715800
4044.000000000000,3.037948077000,0.113712487000,0.040967009730
4045.000000000000,2.826100009000,-0.548782171300,0.470721169600
4046.000000000000,2.875374237000,-0.204144596600,-0.227442841700
4047.000000000000,2.903409920000,-0.349251487300,0.625091485700
4048.000000000000,2.886151075000,-0.306253249300,-0.006627879210
4049.000000000000,3.008448831000,0.540553429800,-0.453274555400
4050.000000000000,2.987252322000,0.709411646500,-0.066007204180
4051.000000000000,2.990137035000,0.268444467800,0.145555921800
4052.000000000000,3.132571258000,0.538575363500,0.164791803900
4053.000000000000,2.975210557000,-0.014145089290,-0.316272320400
4054.000000000000,3.138463971000,0.545691903500,-0.205522538400
4055.000000000000,2.994637620000,0.287181290900,0.659917291300
4056.000000000000,3.022344566000,0.319197446400,-0.042779953960
4057.000000000000,2.988213058000,-0.491417635700,-0.524673440200
4058.000000000000,2.992593007000,-0.714314371300,-0.066190974210
4059.000000000000,3.139228474000,0.216996567800,-0.529404686200
4060.000000000000,2.989513585000,0.015651284880,-0.706489327200
4061.000000000000,2.995729271000,0.036655373480,0.721123228600
4062.000000000000,2.968778730000,-0.175672043600,0.252255870100
4063.000000000000,3.076439413000,0.707067643200,0.080423069160
4064.000000000000,3.134537083000,0.481060643500,0.408673693800
4065.000000000000,3.143780774000,0.240505947800,0.384686923600
4066.000000000000,3.142763052000,-0.493592735400,-0.227034130700
4067.000000000000,3.138252757000,-0.225875297500,-0.499062009800
4068.000000000000,3.079003868000,0.263818014500,-0.148953393000
4069.000000000000,3.148861173000,0.460924854300,-0.502269564400
4070.000000000000,3.122904184000,0.703090227300,-0.156368924100
4071.000000000000,3.003380629000,-0.185683665800,0.695034283100
4072.000000000000,3.109667893000,0.266367033100,0.167290489300
4073.000000000000,3.080424352000,0.414480250800,0.585518904700
4074.000000000000,3.145539419000,-0.496392114100,0.266969990400
4075.000000000000,3.140619605000,0.152774682400,-0.349404497000
4076.000000000000,3.106881613000,0.598005148300,-0.396252582100
4077.000000000000,3.137408158000,0.627628344200,-0.273676075500
4078.000000000000,3.071592707000,-0.000129003185,0.312546681600
4079.000000000000,3.013336304000,-0.474641490200,0.532418001300
4080.000000000000,3.106559103000,0.696343917500,0.194959285900
4081.000000000000,3.104142842000,0.620370984100,0.358678536500
4082.000000000000,3.021042867000,-0.292326111700,0.097967040970
4083.000000000000,3.019050268000,-0.700766136800,0.153470152400
4084.000000000000,3.135150882000,-0.266018757700,-0.312228732400
4085.000000000000,3.085443745000,-0.560001096100,-0.437614364900
4086.000000000000,3.158291431000,-0.351385479200,-0.156411766700
4087.000000000000,3.148193130000,-0.152831858500,-0.359480225700
4088.000000000000,3.077487777000,0.136591025400,-0.718485473100
4089.000000000000,3.080607050000,-0.139765179300,-0.710744847100
4090.000000000000,3.137312009000,0.565052261700,-0.466052779300
4091.000000000000,3.154471260000,0.691993138800,-0.067685630420
4092.000000000000,3.143731546000,0.202243777100,0.637877069500
4093.000000000000,3.152625143000,-0.285455767200,0.582587175000
4094.000000000000,3.158198977000,0.303375037300,0.026203060110
4095.000000000000,3.138514584000,0.675240766300,0.281986201800
4096.000000000000,3.146343180000,0.210499044600,0.308721382500
4097.000000000000,3.155325459000,-0.629284825300,-0.156890867000
4098.000000000000,3.150104513000,-0.317276406900,-0.582161579200
4099.000000000000,3.109161031000,0.260701193000,-0.671451338600
4100.000000000000,3.162222612000,0.226580559100,-0.204014051800
4101.000000000000,3.146041773000,0.399744679100,-0.588330304400
4102.000000000000,3.161816270000,0.283841182700,-0.114952075300
4103.000000000000,3.143501050000,0.583677776500,0.437779574000
4104.000000000000,3.160234118000,0.516896221300,0.500893993600
4105.000000000000,3.168767982000,0.448480335200,0.564239945100
4106.000000000000,3.151528719000,0.371797363800,0.621390204700
4107.000000000000,3.114218981000,-0.647612498100,-0.328207701000
4108.000000000000,3.146922231000,0.139630134400,-0.260230702200
4109.000000000000,3.134824437000,0.187791198400,-0.704670219100
4110.000000000000,3.127623501000,0.080807262150,-0.725979714200
4111.000000000000,3.112684674000,0.000000000000,-0.306251985100
4112.000000000000,3.145842666000,0.135349207300,0.707200358100
4113.000000000000,3.102348057000,-0.048693825350,0.714765282300
4114.000000000000,3.142481148000,0.037112328240,0.726490107300
4115.000000000000,3.133193982000,-0.063959890360,0.282840165700
4116.000000000000,3.142821482000,-0.278847885700,0.272580229300
4117.000000000000,3.154076602000,0.296973231000,0.648491852800
4118.000000000000,3.125672142000,-0.655825936200,0.284986940000
4119.000000000000,3.106881613000,-0.572477261100,0.432314760000
4120.000000000000,3.136971740000,-0.679585587300,0.054157040410
4121.000000000000,3.140331470000,-0.684576543600,-0.242382139900
4122.000000000000,3.168973428000,-0.302603286100,0.032644992510
4123.000000000000,3.156063508000,-0.284849740800,-0.100729413200
4124.000000000000,3.157683206000,-0.135730466100,-0.276064446200
4125.000000000000,3.153848056000,-0.696233501600,-0.064853327260
4126.000000000000,3.138586047000,-0.006406100374,-0.731891558600
4127.000000000000,3.137127603000,-0.092931983510,-0.726119850000
4128.000000000000,3.138928447000,-0.180067133700,-0.706993135300
4129.000000000000,3.126003673000,-0.274584262100,-0.672124064200
4130.000000000000,3.180755669000,0.197714060600,0.721217309600
4131.000000000000,3.145830364000,0.059442860560,0.299135408900
4132.000000000000,3.179489615000,-0.132880634700,0.253282009400
4133.000000000000,3.227323995000,0.101216813500,0.063083193410
4134.000000000000,3.166661729000,-0.688267915700,0.202699950100
4135.000000000000,3.166035089000,-0.546505703400,-0.470853210100
4136.000000000000,3.168245309000,-0.483697206900,-0.530590560500
4137.000000000000,3.150391601000,-0.422657611300,-0.603444781900
4138.000000000000,3.173634036000,-0.707846561400,-0.164692990800
4139.000000000000,3.171282231000,-0.120314581100,0.709868077600
4140.000000000000,3.126499268000,-0.288679088700,0.675833294000
4141.000000000000,3.160408705000,-0.214960606600,0.682121011200
4142.000000000000,3.123178404000,-0.383739515400,0.615296454800
4143.000000000000,3.137052582000,-0.451117796100,0.562653708600
4144.000000000000,3.134957659000,-0.511045285600,0.507767684300
4145.000000000000,3.162492399000,-0.262136967000,0.152899578600
4146.000000000000,3.126643717000,-0.222456823400,-0.199266870000
4147.000000000000,3.405661335000,0.005194469397,0.120488653100
4148.000000000000,3.584393212000,0.097544511560,0.067330114900
4149.000000000000,3.584393212000,-0.097544511560,0.067330114900
4150.000000000000,3.584393212000,0.028364990550,-0.115081290500
4151.000000000000,3.638246349000,0.095603509570,-0.072241603880
4152.000000000000,3.683094684000,-0.018150701930,-0.123382157900
4153.000000000000,3.657154952000,-0.108998493700,0.029431156800
4154.000000000000,3.646807481000,-0.128535536700,-0.056298768810
4155.000000000000,3.426959330000,0.097034074350,-0.066977785540
4156.000000000000,3.320014714000,-0.138116236600,0.022053615520
4157.000000000000,3.226032466000,-0.022082600290,-0.114925842400
4158.000000000000,3.244119200000,-0.062208777090,0.110570643200
4159.000000000000,3.142924847000,-0.462266535200,0.411077468800
4160.000000000000,3.025935326000,-0.258241580900,-0.151064725200
4161.000000000000,3.021433325000,-0.183759825300,-0.247997210100
4162.000000000000,3.152830677000,-0.475259253100,0.034527070550
4163.000000000000,3.148203343000,0.070886522350,0.485543383800
4164.000000000000,2.893842831000,-0.286714302200,-0.656407039500
4165.000000000000,2.898881690000,-0.669558158600,-0.285993375100
4166.000000000000,3.146131365000,-0.143062812800,0.473659789700
4167.000000000000,3.152008865000,-0.046481411970,-0.512270730600
4168.000000000000,2.902491932000,0.379905616000,-0.603416335700
4169.000000000000,3.134387596000,0.513244711000,-0.045634530640
4170.000000000000,2.896972365000,0.665676215000,-0.275075018000
4171.000000000000,2.919711286000,0.667795069100,0.282449044000
4172.000000000000,2.801768526000,-0.140746046700,0.264006496900
4173.000000000000,3.018235662000,-0.137623128000,0.000063946386
4174.000000000000,2.725393675000,-0.109068847900,-0.289082174300
4175.000000000000,2.812901109000,0.182269023300,-0.685041133600
4176.000000000000,1.706275459000,-0.289341179300,0.111453166800
4177.000000000000,2.734978302000,0.641877034500,0.318660528100
4178.000000000000,1.717202488000,-0.430600122600,0.385252035500
4179.000000000000,2.755542986000,0.131676329600,0.704406147100
4180.000000000000,1.946786600000,-0.440353904900,-0.562404538900
4181.000000000000,1.865838619000,-0.539525943100,-0.473573768100
4182.000000000000,2.583586024000,-0.128947721900,0.270668720100
4183.000000000000,2.653231716000,0.537467940300,-0.457113381400
4184.000000000000,1.948477080000,0.051924057140,-0.699470860900
4185.000000000000,1.856874520000,-0.096849718240,-0.708343681900
4186.000000000000,1.711054638000,-0.542972746300,-0.180388864400
4187.000000000000,1.703895185000,0.135422292500,0.568761506100
4188.000000000000,1.859521617000,0.216604883000,-0.076751078990
4189.000000000000,2.461589856000,-0.551208220600,0.456146760700
4190.000000000000,2.675318529000,0.476543283700,0.534139329500
4191.000000000000,2.005364410000,-0.198533565700,0.092740762930
4192.000000000000,1.697410051000,0.513829709000,-0.435952409400
4193.000000000000,1.711992798000,0.466877207400,-0.259499713700
4194.000000000000,1.900559292000,-0.020451213750,-0.231271771400
4195.000000000000,2.366036950000,-0.131265504800,-0.705842168600
4196.000000000000,1.985661549000,-0.175017445800,-0.156509937600
4197.000000000000,2.490969172000,-0.286353036400,-0.092812869100
4198.000000000000,2.753659122000,-0.020757336490,0.136160600400
4199.000000000000,2.821762612000,-0.051172237820,-0.102507707000
4200.000000000000,1.873203611000,0.091339525190,0.217661430400
4201.000000000000,1.988876899000,0.221101652100,0.091420592590
4202.000000000000,2.372859956000,0.105869417400,0.700999660100
4203.000000000000,2.388591871000,-0.147711174600,0.701396593300
4204.000000000000,2.359501927000,0.215965323800,-0.688850290200
4205.000000000000,2.384467374000,0.719054438600,0.082424436790
4206.000000000000,2.655367094000,0.064874923010,0.095716888530
4207.000000000000,2.542351380000,-0.114117475600,-0.011823016930
4208.000000000000,2.453505838000,-0.005921540431,0.128014813900
4209.000000000000,2.453411630000,-0.044432395750,-0.129321924400
4210.000000000000,0.078092792150,-0.393941971500,-0.087478987340
4211.000000000000,0.096729872400,-0.561022454400,0.069671526650
4212.000000000000,0.232606874000,-0.278078125900,0.665729912800
4213.000000000000,0.238267036800,0.381968256700,0.610098225000
4214.000000000000,0.097200159000,0.526448623400,-0.101575675700
4215.000000000000,1.977904648000,-0.039254981490,-0.058559941910
4216.000000000000,1.840422063000,0.010120079150,-0.068916806520
4217.000000000000,1.847415314000,-0.037393002680,0.054867297450
4218.000000000000,0.083461282510,-0.453551144700,0.281730916800
4219.000000000000,0.075880776150,0.277551987600,0.377111942800
4220.000000000000,0.241520836800,-0.246965913500,-0.676038418700
4221.000000000000,0.087852512050,0.528721167300,0.178245845000
4222.000000000000,0.203988678400,-0.067061677890,0.301477316200
4223.000000000000,0.477284496900,-0.291272651500,-0.083510007750
4224.000000000000,0.461049073000,-0.175537684300,0.250059948900
4225.000000000000,0.419771992600,0.190329151700,0.237274508400
4226.000000000000,0.404508347400,-0.215926777000,-0.225104549200
4227.000000000000,1.658272184000,-0.058715758800,0.016020274760
4228.000000000000,0.399517540700,0.078401470460,0.715350890300
4229.000000000000,0.428726974500,0.114188109700,-0.283546110400
4230.000000000000,0.469571101400,0.706019317500,0.114633135200
4231.000000000000,1.509426620000,-0.522125813700,0.341386321500
4232.000000000000,0.516338417400,-0.080848067450,-0.305416421500
4233.000000000000,1.309443315000,-0.715749823200,0.017269879440
4234.000000000000,1.512995057000,-0.343244241200,0.108631103200
4235.000000000000,1.529664835000,0.616728487200,0.250929933200
4236.000000000000,0.526793295200,-0.291898448800,0.099910158050
4237.000000000000,1.373753833000,0.240577001900,0.692960568600
4238.000000000000,1.517535844000,0.175612200700,0.429777767700
4239.000000000000,0.681226278400,-0.302667481600,-0.029504558500
4240.000000000000,1.306895593000,-0.531155418600,-0.475005763100
4241.000000000000,1.510429937000,0.423624626400,0.388187458600
4242.000000000000,1.367193007000,-0.515011753300,0.499388786500
4243.000000000000,0.677520808600,0.124737935900,-0.296284038500
4244.000000000000,1.519187027000,0.564803213000,0.078784574700
4245.000000000000,1.448427734000,-0.046213923300,-0.015887736180
4246.000000000000,1.265891609000,-0.676166118600,0.231654185000
4247.000000000000,0.644794434100,-0.066437120060,0.297855239600
4248.000000000000,0.742637382200,0.487126174300,0.530161875800
4249.000000000000,0.664792424100,0.256156853900,0.672514261600
4250.000000000000,0.724302611000,-0.182534182900,-0.232639445200
4251.000000000000,1.467614058000,0.550829918300,-0.460091300900
4252.000000000000,0.745022653400,0.731421170300,-0.004430561793
4253.000000000000,0.685176698400,0.675551649900,0.224898999600
4254.000000000000,1.308660394000,0.168487554800,-0.691681308300
4255.000000000000,1.502228659000,0.312316842600,-0.484489375800
4256.000000000000,0.498657244200,0.255590456100,-0.154153607100
4257.000000000000,1.243646590000,-0.224481121900,-0.035585601850
4258.000000000000,1.261945363000,-0.082277703520,0.217708443900
4259.000000000000,1.520565680000,-0.017562858420,-0.566813560300
4260.000000000000,1.514869761000,-0.273615388700,-0.514313068700
4261.000000000000,0.913491892600,-0.662638713800,0.223333379100
4262.000000000000,1.280438851000,0.148471046100,-0.180897074600
4263.000000000000,1.234228012000,-0.060814483560,-0.237045907300
4264.000000000000,1.350864700000,0.015093873080,-0.037359811370
4265.000000000000,0.818371412100,0.092320045420,0.711176970400
4266.000000000000,0.941628158000,0.698734806100,-0.140588374100
4267.000000000000,0.757285187900,0.651113135300,-0.315436896600
4268.000000000000,0.782950176600,-0.003138089104,-0.311308700700
4269.000000000000,1.267001768000,-0.038216298370,0.037897041690
4270.000000000000,1.273731248000,0.052177192400,0.037076782900
4271.000000000000,0.743588758200,0.074778071990,-0.112191165000
4272.000000000000,0.664502917600,-0.061448757920,0.098310210070
4273.000000000000,0.598419062000,0.114278787500,-0.017899540380
4274.000000000000,0.501601084300,-0.055081510960,0.104949050800
4275.000000000000,0.304094055700,-0.035820457340,0.099308402760
4276.000000000000,0.303544571000,0.131049288100,0.005731210740
4277.000000000000,0.294654261300,-0.107528096100,-0.059395693170
4278.000000000000,0.150086961400,-0.025563522400,0.106165115400
4279.000000000000,-0.018573352520,0.120922967100,-0.027877180560
4280.000000000000,-0.003396946824,-0.110935229700,0.026858243820
4281.000000000000,-0.201794085500,-0.121983977400,-0.009078826398
4282.000000000000,-0.183522723500,0.098267652290,0.076367706430
4283.000000000000,0.756571804600,-0.107150526800,-0.067119017760
4284.000000000000,1.980029957000,0.061249648010,0.025729969860
4285.000000000000,1.960282315000,-0.014098524320,0.048801843930
4286.000000000000,3.420697708000,-0.078170882940,-0.089702810180
4287.000000000000,1.531266519000,0.621213728300,-0.099336306660
4288.000000000000,1.527966056000,0.330747327300,-0.649522802300
4289.000000000000,1.689850464000,-0.171284913600,0.102232532500
4290.000000000000,-0.230237739900,0.009902653361,-0.131464694800
4291.000000000000,-0.423579983000,0.021058516710,-0.024506664520
4292.000000000000,-0.312771959900,0.095811090950,0.043721098540
4293.000000000000,-0.386621831200,-0.017548018830,0.062411547650
4294.000000000000,-0.055275749790,-0.057597917040,-0.116427541000
4295.000000000000,0.268064077700,0.010715884310,-0.109967009900
4296.000000000000,0.444221069300,-0.016690217680,-0.138273108600
4297.000000000000,1.148125914000,0.175717553900,0.103946632000
4298.000000000000,0.849369034300,0.028703774890,0.135379056700
4299.000000000000,1.129525982000,0.119565969100,-0.056014877200
4300.000000000000,1.131800617000,-0.027465182160,-0.200554504900
4301.000000000000,0.947531865300,0.030594135620,-0.085991433000
4302.000000000000,1.140500516000,-0.020616342290,-0.039861005180
4303.000000000000,0.874091355400,-0.209377330700,-0.145400017600
4304.000000000000,0.865820280000,-0.234046138100,0.081307711180
4305.000000000000,1.104347094000,-0.026517104400,-0.722838089400
4306.000000000000,0.994600759400,0.094906137160,-0.704107876000
4307.000000000000,1.003659050000,-0.168880523900,-0.695302093200
4308.000000000000,1.156916676000,-0.027826457350,0.220747703500
4309.000000000000,1.021700256000,0.155799071500,0.704928063800
4310.000000000000,0.852307579800,0.287577030600,0.001749140130
4311.000000000000,1.122320868000,0.574857744400,-0.447039771000
4312.000000000000,1.125306583000,0.383035056700,-0.619337400800
4313.000000000000,0.845957865800,0.225290743900,-0.165410819600
4314.000000000000,1.024319049000,0.611090793000,-0.372365886500
4315.000000000000,1.037082071000,0.249600041800,-0.673432239700
4316.000000000000,0.926273087500,0.442238453400,-0.564144881700
4317.000000000000,1.028929224000,-0.198590996300,0.689093214300
4318.000000000000,1.120376262000,0.676777920000,0.245051713400
4319.000000000000,1.026408192000,0.465724967600,0.543393809700
4320.000000000000,0.936402942500,0.659353340900,0.283988074600
4321.000000000000,1.131701184000,-0.430032117200,-0.575492319600
4322.000000000000,0.974295362600,-0.333340076100,-0.628969501700
4323.000000000000,0.823928841100,-0.152937270400,-0.699860826200
4324.000000000000,1.024574289000,-0.623407233700,-0.337971011800
4325.000000000000,1.030108240000,-0.688945389800,-0.145622356500
4326.000000000000,1.111917384000,0.711620035200,0.035130093120
4327.000000000000,1.195428078000,0.696743636500,-0.214901873600
4328.000000000000,1.110790385000,0.519850771500,0.485716985200
4329.000000000000,1.146924009000,0.373697943900,0.617656849900
4330.000000000000,1.113117702000,0.235080723900,0.677320687300
4331.000000000000,1.138298533000,0.039642877090,0.723969663500
4332.000000000000,1.119648214000,-0.112763122200,0.704990388200
4333.000000000000,1.168717461000,-0.301704402900,0.655231363200
4334.000000000000,0.938253943700,-0.284243514200,0.652874736100
4335.000000000000,0.925628309700,-0.082140468930,0.712240895200
4336.000000000000,1.019666230000,-0.536253396200,0.487024251900
4337.000000000000,1.123187854000,-0.699721767000,0.135244772000
4338.000000000000,0.845886503300,-0.458524984200,-0.581082072000
4339.000000000000,0.980320213000,-0.519284253300,-0.477044736100
4340.000000000000,0.842080528100,-0.636654928800,-0.338272528900
4341.000000000000,0.834382524300,0.081898097530,-0.707115991700
4342.000000000000,0.827369189300,0.182602477500,-0.711150608000
4343.000000000000,1.115885886000,-0.430837771000,0.573602784200
4344.000000000000,0.769888845400,0.347848902400,-0.577515724100
4345.000000000000,0.849975908300,-0.547954664700,0.419301456700
4346.000000000000,0.857085998500,-0.166384416200,0.205175612700
4347.000000000000,0.751473656100,-0.224318744500,-0.670843766500
4348.000000000000,0.660084849500,0.024516676020,-0.717614865900
4349.000000000000,0.964926957900,-0.717446816700,0.024291884740
4350.000000000000,1.250123686000,-0.299619690400,-0.651243800600
4351.000000000000,1.523768531000,-0.123124362100,0.447141898100
4352.000000000000,1.518399576000,-0.442653923500,-0.173029782500
4353.000000000000,0.808065614200,-0.653712426300,-0.155966020900
4354.000000000000,1.518367489000,0.413814236800,-0.066767482770
4355.000000000000,0.696096108800,0.566274469700,-0.453614932900
4356.000000000000,1.291158282000,0.434752284800,-0.571469215400
4357.000000000000,1.518946562000,0.208387631600,-0.519810612500
4358.000000000000,0.721988146400,-0.083770756020,0.702448637700
4359.000000000000,1.282772425000,0.067795933790,0.707697876900
4360.000000000000,1.292932579000,-0.063818847000,0.711351588500
4361.000000000000,1.294417668000,-0.395651120600,0.594814690100
4362.000000000000,1.521004033000,0.206410129800,-0.333192344600
4363.000000000000,1.347502365000,0.561950206900,-0.425071585600
4364.000000000000,0.711475216600,-0.458464929300,-0.547067363900
4365.000000000000,0.579609730300,-0.271745948900,-0.656983736400
4366.000000000000,1.512924503000,-0.012999684040,-0.342701951000
4367.000000000000,1.520357835000,0.365087529400,0.193968240500
4368.000000000000,1.338452556000,0.262448947900,0.127906184900
4369.000000000000,0.782198460200,0.168087509800,0.282960580400
4370.000000000000,1.374022705000,-0.207746091000,0.688470598300
4371.000000000000,0.753433255400,-0.249798357200,0.667204473700
4372.000000000000,0.753698187500,-0.359654980600,0.621502646700
4373.000000000000,1.526806472000,-0.520923705100,0.096052120530
4374.000000000000,1.497239969000,-0.436532099800,0.319092887800
4375.000000000000,1.396423141000,0.058727254800,0.016827599790
4376.000000000000,1.203660540000,-0.696808708500,-0.173235448300
4377.000000000000,1.348659785000,0.685608580600,-0.024606082840
4378.000000000000,1.293935814000,0.707440374000,0.133085755900
4379.000000000000,1.521029901000,0.284062846400,-0.162276689500
4380.000000000000,0.661038181500,0.239315225000,-0.665471115300
4381.000000000000,0.579549989300,0.473081311000,-0.555035689100
4382.000000000000,1.478958098000,-0.217891804800,-0.352809181700
4383.000000000000,1.499683748000,-0.259735810200,-0.210724213700
4384.000000000000,0.483746535000,0.195528024600,-0.689930337200
4385.000000000000,1.248659840000,0.536656274400,0.401340315000
4386.000000000000,1.345059667000,0.465435852000,0.504754369700
4387.000000000000,1.458545043000,-0.401226320200,-0.420799596400
4388.000000000000,0.655043447600,-0.695494966200,-0.171067321000
4389.000000000000,0.731195776300,-0.714228812200,-0.015695543390
4390.000000000000,0.563089412500,0.649987043500,-0.301361896900
4391.000000000000,1.429151364000,-0.220080847400,-0.670566990800
4392.000000000000,1.491334931000,-0.122236758100,-0.605427209000
4393.000000000000,1.506417380000,0.034173950590,0.538946971200
4394.000000000000,1.518877887000,-0.073540333480,0.342114528000
4395.000000000000,0.560999926400,-0.701178428400,0.134637599000
4396.000000000000,0.572995958600,-0.617063144900,0.379556845300
4397.000000000000,0.572912420400,-0.389952316500,0.592413543900
4398.000000000000,1.518508894000,0.479888035900,-0.292371211800
4399.000000000000,1.465163952000,0.281450356600,0.063599580000
4400.000000000000,1.446207487000,0.215637667600,0.128830158000
4401.000000000000,1.503522692000,0.368238341400,0.487495115800
4402.000000000000,1.440299368000,0.102561749700,0.673208670900
4403.000000000000,1.513558337000,-0.216897234300,0.239352601500
4404.000000000000,1.425898465000,-0.339143546700,0.631565566600
4405.000000000000,1.498328127000,-0.295867654100,0.466746946300
4406.000000000000,1.370337258000,0.584412704500,0.364702432800
4407.000000000000,0.567023580400,0.300255024600,0.189345143100
4408.000000000000,1.457809991000,-0.134943391100,0.702532834800
4409.000000000000,1.458002259000,-0.595609083500,-0.391299675800
4410.000000000000,0.491587843800,-0.065001742630,-0.716374768600
4411.000000000000,1.515951988000,-0.568727412200,0.245228118300
4412.000000000000,1.470816037000,-0.330361419400,-0.014216483160
4413.000000000000,1.453629709000,-0.683496481300,-0.235285656000
4414.000000000000,1.479054277000,-0.591894297700,-0.113880877900
4415.000000000000,1.510766024000,-0.728424883600,0.010386520120
4416.000000000000,1.384973744000,0.645601023000,-0.247632043200
4417.000000000000,0.537180407800,0.301865788100,-0.031727372810
4418.000000000000,0.485551779400,0.560495873500,-0.452399112000
4419.000000000000,0.533102745300,-0.261304798800,0.671705269000
4420.000000000000,0.559258767500,-0.070564771240,0.726073481600
4421.000000000000,0.572208514300,-0.640093736300,-0.323253665600
4422.000000000000,0.481009886900,-0.479299652100,-0.542975526000
4423.000000000000,0.404049587000,0.108489383700,-0.711359308300
4424.000000000000,0.392585225000,0.363183581000,-0.619583976600
4425.000000000000,1.522656986000,-0.617925862900,0.142157236700
4426.000000000000,0.481392885000,-0.680090898700,0.216452945300
4427.000000000000,0.479284948000,-0.710627811700,0.013894898590
4428.000000000000,0.395241052400,0.669502543400,-0.259366667100
4429.000000000000,0.397859183500,-0.321499766500,-0.641262985600
4430.000000000000,0.394753389600,0.405498778500,0.597333862400
4431.000000000000,0.479098895600,0.538170195400,0.472766472200
4432.000000000000,0.497732632800,-0.568384606700,0.436077572400
4433.000000000000,0.314094954700,-0.102651925500,-0.701725599500
4434.000000000000,0.387825992100,-0.327198806300,0.643866358300
4435.000000000000,0.387606412700,-0.651893206400,-0.295291631000
4436.000000000000,0.444089027700,-0.706064739200,-0.151485179000
4437.000000000000,0.095013666930,-0.056613993710,-0.558734942900
4438.000000000000,0.325930865900,-0.094335849300,0.715819501800
4439.000000000000,0.346111983900,0.643060171300,0.310503289300
4440.000000000000,0.303543040300,0.557232417300,0.448968443800
4441.000000000000,0.333521907800,0.297187587800,-0.095805876570
4442.000000000000,0.355500812400,0.709402396300,-0.110525252100
4443.000000000000,0.341034093500,0.530317739900,-0.437475723900
4444.000000000000,0.349028008800,-0.575640650800,-0.431250647400
4445.000000000000,0.269975417500,0.240070218100,0.657712651700
4446.000000000000,0.068492140800,0.039576398330,0.504420934900
4447.000000000000,0.177667804200,0.210224965500,-0.663497190000
4448.000000000000,0.295816741700,0.714065595300,0.023897945920
4449.000000000000,0.171370964700,0.198996702900,-0.261851146100
4450.000000000000,0.227124138100,0.425094901000,-0.577097542000
4451.000000000000,0.159406106300,0.373955834500,-0.597610966400
4452.000000000000,0.073100725190,0.300114651100,-0.413245854800
4453.000000000000,0.165717693200,0.043603928660,-0.704196540400
4454.000000000000,0.082910718400,0.120084031500,-0.542145637200
4455.000000000000,0.231281970800,-0.044738926480,-0.322861759200
4456.000000000000,0.218550889200,-0.398989277000,-0.598755953500
4457.000000000000,0.092143232920,-0.258519407100,-0.446080750300
4458.000000000000,0.295945659600,-0.687703796800,0.183070756500
4459.000000000000,0.309335214100,-0.294460734000,0.085486164560
4460.000000000000,0.328956287300,-0.714858459600,0.085489979200
4461.000000000000,0.303892902200,-0.713444939100,-0.087586690410
4462.000000000000,0.160590688900,0.615718738100,-0.335748174000
4463.000000000000,0.079211748470,0.409398339200,-0.287247340600
4464.000000000000,0.220349071300,-0.512144863400,-0.489444949000
4465.000000000000,0.062772371330,-0.012192224620,-0.388998272500
4466.000000000000,0.074113178930,0.137522121300,-0.343500661300
4467.000000000000,0.173067422100,0.480987529900,0.526727209200
4468.000000000000,0.086225167520,-0.003506189236,0.678442612700
4469.000000000000,0.230260441900,0.090548502610,0.318200676200
4470.000000000000,0.203220669900,-0.412520982500,0.601864134300
4471.000000000000,0.075968826060,-0.269340095400,0.437628629800
4472.000000000000,0.333986604200,-0.493779993100,0.465681945500
4473.000000000000,0.256293552400,-0.595239074400,0.370990644200
4474.000000000000,0.093724409220,0.427854802100,-0.410588029500
4475.000000000000,0.112858151000,0.152789165000,-0.597502703500
4476.000000000000,0.108626142000,0.272270662200,-0.664153823000
4477.000000000000,0.073929228180,0.271959574400,0.559467673400
4478.000000000000,0.163618054600,0.598326861400,0.393993580200
4479.000000000000,0.100136381700,0.390545671300,0.404871363400
4480.000000000000,0.069883622110,-0.401182711800,-0.281403570600
4481.000000000000,0.177628875600,0.338067903900,0.018091951340
4482.000000000000,0.236441120700,0.656613776700,0.255349144300
4483.000000000000,0.171978377600,0.304649007000,-0.102972045900
4484.000000000000,0.067221749480,-0.232637236800,-0.337753529000
4485.000000000000,0.115755476600,-0.256271409200,-0.678598020500
4486.000000000000,0.130052288200,-0.375541597800,-0.499507897300
4487.000000000000,0.068756579650,0.112404482300,0.639750481500
4488.000000000000,0.147752975400,0.346004330800,0.183763668400
4489.000000000000,0.090627830250,0.616856032900,-0.030645545840
4490.000000000000,0.080163809470,0.414219138300,-0.601491708600
4491.000000000000,0.077180123790,-0.273937365200,-0.228108886100
4492.000000000000,0.093136248540,0.052526297700,0.359474197900
4493.000000000000,0.093382683340,-0.056414082830,0.347435318800
4494.000000000000,0.125762413300,-0.241967961000,0.575370141100
4495.000000000000,0.097594370670,0.657351026000,-0.255131432800
4496.000000000000,0.156269407000,-0.570920195700,-0.432097678700
4497.000000000000,0.156134858000,-0.174337090500,0.286167731000
4498.000000000000,0.086311230010,-0.413629899200,0.591633205500
4499.000000000000,0.070902920470,-0.327365482900,0.172996277400
4500.000000000000,0.202713690100,-0.703892525700,-0.181656114300
4501.000000000000,0.168740364200,-0.613244638500,-0.265276195000
4502.000000000000,0.153555969800,-0.722904318200,-0.030806961160
4503.000000000000,0.169663305900,-0.659431279900,0.216924330400
4504.000000000000,2.304771348000,0.084029967560,0.246728593300
4505.000000000000,2.079357736000,-0.097790916980,0.189620567800
4506.000000000000,2.090577560000,0.127863425600,0.029123116630
4507.000000000000,2.356088647000,0.119209531100,-0.053647606940
4508.000000000000,2.087181885000,0.101759486900,-0.149017908100
4509.000000000000,2.263846545000,-0.080166266500,-0.231869253500
4510.000000000000,2.072741212000,0.211702133700,-0.046083450810
4511.000000000000,2.110198243000,0.668241525600,-0.262942059500
4512.000000000000,2.107678235000,0.717401828900,0.048407572880
4513.000000000000,2.112970584000,-0.166294785900,0.046624535520
4514.000000000000,2.351239172000,-0.220476437100,-0.053646699550
4515.000000000000,2.112653485000,0.580457596200,0.413223115100
4516.000000000000,2.523115006000,0.047904233180,-0.107312414500
4517.000000000000,2.109393574000,0.360980842100,-0.620526958600
4518.000000000000,2.187095351000,0.499337835900,-0.504940517000
4519.000000000000,2.201377648000,0.610752070800,-0.351125298200
4520.000000000000,2.297489614000,0.712005811300,-0.096628025640
4521.000000000000,2.025954640000,-0.648771742200,-0.309693484900
4522.000000000000,2.114446351000,-0.388690321400,-0.600766522900
4523.000000000000,2.194647072000,0.395979659400,0.591859277700
4524.000000000000,2.195720090000,0.133683724100,0.704080008800
4525.000000000000,2.191942664000,-0.150540375600,0.686446217600
4526.000000000000,2.244655669000,0.514032059900,0.498002579000
4527.000000000000,2.383387881000,0.421851855400,0.576954380100
4528.000000000000,2.296267648000,0.652139764100,0.289179337100
4529.000000000000,2.120571034000,-0.715884783400,0.042200760590
4530.000000000000,2.195909071000,-0.684196685300,-0.217668602800
4531.000000000000,2.192719023000,-0.578927630800,-0.420206954000
4532.000000000000,2.365820192000,0.111121017200,-0.279288151600
4533.000000000000,2.032519541000,0.373527682900,0.614436148500
4534.000000000000,2.217933156000,-0.482513652600,-0.520777722500
4535.000000000000,2.225896969000,-0.258499143200,-0.652085924900
4536.000000000000,2.411545134000,0.491874890800,-0.489261403700
4537.000000000000,2.366853124000,0.206386243400,-0.131754371100
4538.000000000000,2.021088692000,0.533355923700,-0.470717403200
4539.000000000000,2.096523547000,-0.358660723600,0.626707179800
4540.000000000000,2.378470320000,-0.230734027700,0.173904169500
4541.000000000000,2.285365833000,-0.405859117200,0.603386345700
4542.000000000000,2.227050514000,-0.622256782400,0.359038264800
4543.000000000000,2.098788494000,-0.495864796500,0.473550215800
4544.000000000000,2.392377049000,0.624312599000,0.321880322400
4545.000000000000,2.020100464000,0.652161584400,0.300317799200
4546.000000000000,2.243532608000,-0.712511157000,-0.066023881790
4547.000000000000,2.458484774000,-0.706358935600,0.091384629550
4548.000000000000,2.244408509000,-0.689631024100,0.196216943700
4549.000000000000,1.706138478000,0.475576136400,0.122967736100
4550.000000000000,2.017731576000,0.030218426600,0.715850806500
4551.000000000000,1.928632867000,0.476710605700,0.539689347400
4552.000000000000,1.935406212000,0.283754266800,0.657147085300
4553.000000000000,1.730671270000,0.344867415800,0.310824725900
4554.000000000000,2.745233313000,0.081350585970,-0.091825829230
4555.000000000000,2.414482411000,-0.636574129900,-0.329228530200
4556.000000000000,2.453666648000,-0.489497789200,-0.517688980600
4557.000000000000,1.716932997000,-0.240614072200,-0.415836998100
4558.000000000000,1.692680937000,0.026521719680,-0.461480145800
4559.000000000000,1.720774699000,0.568477194200,-0.082299674490
4560.000000000000,1.978271349000,0.703734910700,-0.110562021600
4561.000000000000,2.552615512000,0.307221271600,-0.132978846600
4562.000000000000,2.449650183000,0.684855889500,-0.224800975900
4563.000000000000,1.843722225000,0.493058436000,-0.512416357300
4564.000000000000,1.832210244000,0.645200947100,-0.294194003600
4565.000000000000,2.394936970000,0.296558606600,0.648886611900
4566.000000000000,2.637217723000,0.710517603800,-0.091022568260
4567.000000000000,2.561434139000,0.694689260800,0.162273649600
4568.000000000000,2.076863760000,-0.606073865300,0.370179830400
4569.000000000000,1.701305902000,-0.504838550200,0.092929719930
4570.000000000000,2.440877293000,0.234365935500,0.211024036200
4571.000000000000,1.861211504000,0.667329906500,0.290875575100
4572.000000000000,2.544657740000,0.156840852700,-0.302540523200
4573.000000000000,2.541978904000,-0.027385614240,-0.325499449400
4574.000000000000,2.648031971000,0.158386579100,-0.695239863900
4575.000000000000,1.935647093000,0.285280172100,-0.659195755700
4576.000000000000,1.931223022000,-0.198530822800,0.690033669700
4577.000000000000,1.987557063000,-0.700783704600,-0.104471822700
4578.000000000000,1.715866442000,0.152816655200,-0.348818472500
4579.000000000000,1.720275697000,-0.083615998040,-0.522993714100
4580.000000000000,1.975178139000,-0.299617684100,-0.651239439700
4581.000000000000,1.724276980000,0.329550006900,-0.014601075090
4582.000000000000,2.539324555000,-0.252630616200,0.669762705100
4583.000000000000,1.787191308000,0.021787765990,0.245990832800
4584.000000000000,1.847998063000,0.567455566900,0.436850149500
4585.000000000000,1.708379378000,0.488046925400,0.284757111200
4586.000000000000,1.983911875000,-0.703380768900,0.156072726500
4587.000000000000,1.693292000000,-0.461633048700,-0.337024807800
4588.000000000000,1.695031031000,0.257348344300,-0.214630085400
4589.000000000000,1.700177206000,0.132632353300,-0.238624570200
4590.000000000000,1.808637490000,0.697307787600,-0.065346749830
4591.000000000000,1.709210785000,0.220458116600,-0.518094648200
4592.000000000000,1.849190926000,0.408983023300,-0.593002793300
4593.000000000000,2.526295033000,0.135329351600,0.686207311000
4594.000000000000,1.868313753000,0.057488976340,0.684460009900
4595.000000000000,1.807511177000,-0.082674635000,0.656616977800
4596.000000000000,1.791349574000,0.216149701200,0.083140799850
4597.000000000000,1.762765971000,0.660328352800,0.251427090100
4598.000000000000,1.727284868000,0.280627336100,0.496467690200
4599.000000000000,1.782030076000,0.379440864900,0.608248347200
4600.000000000000,2.501690927000,-0.710809661700,-0.042908659240
4601.000000000000,1.704341346000,-0.308210780300,0.244933066700
4602.000000000000,1.713345111000,-0.089396548480,0.366647535900
4603.000000000000,1.709388067000,0.176030469000,-0.713876611100
4604.000000000000,1.712726210000,-0.034507073050,-0.336868934800
4605.000000000000,2.583437825000,-0.456500421600,0.566755459200
4606.000000000000,2.737558377000,-0.270708929000,0.669325267900
4607.000000000000,1.931912774000,-0.530474395800,0.486958565400
4608.000000000000,1.861311020000,-0.397621098100,0.566868550900
4609.000000000000,1.802470485000,-0.358325184100,0.632319334300
4610.000000000000,1.705848741000,-0.223052545700,0.542387398300
4611.000000000000,1.747290107000,-0.282774453900,0.657186955700
4612.000000000000,2.586533138000,0.304781100300,0.111965450400
4613.000000000000,1.700508474000,0.161646606100,0.242835737900
4614.000000000000,1.877961266000,-0.657396554900,0.281300276100
4615.000000000000,1.706897782000,-0.335901135400,0.015225358020
4616.000000000000,1.715491299000,-0.334857442700,-0.149043266800
4617.000000000000,1.844833145000,-0.726706549800,0.026474636680
4618.000000000000,2.681982028000,-0.626525505300,-0.297524484400
4619.000000000000,2.660378293000,-0.294195011900,0.056672340050
4620.000000000000,2.695926044000,-0.542097373800,-0.450703191100
4621.000000000000,2.568005348000,-0.305097347100,-0.619577689300
4622.000000000000,1.746309442000,-0.233250765800,-0.184803715300
4623.000000000000,1.727913412000,0.053138828420,-0.639640579200
4624.000000000000,1.716270571000,-0.015425517530,0.643024499500
4625.000000000000,1.844622400000,-0.161327023200,0.210033200900
4626.000000000000,1.754772173000,0.421628232800,0.448647046400
4627.000000000000,2.742391960000,-0.711807728300,0.088256496140
4628.000000000000,1.804675074000,-0.665301663100,0.239750043200
4629.000000000000,1.772145881000,-0.486439623200,-0.506954056100
4630.000000000000,1.730251466000,-0.368534387200,-0.523357970300
4631.000000000000,2.746153442000,-0.055335627260,-0.714191814700
4632.000000000000,2.741116210000,-0.362336644100,-0.614831532600
4633.000000000000,1.735150972000,-0.268179459100,-0.594438014600
4634.000000000000,2.697525230000,0.331812329300,0.625433552800
4635.000000000000,1.801785663000,-0.560480293600,0.395976717400
4636.000000000000,1.764715039000,-0.566760180300,0.243737884600
4637.000000000000,1.683087235000,-0.167835280100,-0.113276861700
4638.000000000000,2.824771669000,0.469830208500,0.547976086600
4639.000000000000,2.905508631000,0.090060052250,-0.085125051840
4640.000000000000,2.851762098000,0.194554747800,-0.242494627100
4641.000000000000,2.774696080000,0.122438481100,0.278321961200
4642.000000000000,2.781339859000,-0.015039945740,0.299820320300
4643.000000000000,2.961064828000,0.053628054990,0.064663741700
4644.000000000000,3.063129660000,0.095791368310,-0.079898739160
4645.000000000000,2.739502547000,-0.487775327400,0.509021666100
4646.000000000000,2.747751591000,-0.601332662000,0.410815452700
4647.000000000000,2.808149268000,-0.290086495100,-0.025667069890
4648.000000000000,2.836849972000,-0.293278635700,0.129888207500
4649.000000000000,2.865181913000,0.730433906700,-0.013140476990
4650.000000000000,2.866088777000,0.298582182000,0.038235734120
4651.000000000000,2.850124931000,0.247356630300,0.183028447300
4652.000000000000,2.906854317000,0.264399920500,0.675248880400
4653.000000000000,2.930071644000,0.296647303600,-0.146303459600
4654.000000000000,3.057893461000,0.539648239800,0.445666960100
4655.000000000000,3.138521697000,0.482433545200,0.267680615800
4656.000000000000,3.118594803000,-0.369654407800,-0.453785822900
4657.000000000000,3.149464400000,0.392432511500,-0.239288019900
4658.000000000000,2.977052545000,0.482280563700,-0.535342197700
4659.000000000000,3.146640995000,0.344781114700,-0.412975339600
4660.000000000000,3.149266286000,0.632330893700,-0.170797413600
4661.000000000000,3.001798005000,-0.282916276900,0.662365622000
4662.000000000000,3.070855736000,0.310536133700,0.084912328020
4663.000000000000,3.107372610000,0.325699982100,0.485585046800
4664.000000000000,2.978921099000,-0.594252399100,0.397965198800
4665.000000000000,3.036103518000,0.135548291100,-0.308610421600
4666.000000000000,3.141989665000,0.161143414700,-0.459546570400
4667.000000000000,3.139684073000,0.532086307400,-0.318027935800
4668.000000000000,2.976852075000,-0.068110898800,0.328865855500
4669.000000000000,2.897003472000,-0.427869500200,0.516769331200
4670.000000000000,3.004771458000,-0.395045699600,0.599572892900
4671.000000000000,3.148370522000,0.634541141100,0.137966639900
4672.000000000000,3.001734173000,-0.705581349100,0.046612101630
4673.000000000000,2.873961618000,-0.680407383200,0.236880678000
4674.000000000000,3.146903050000,-0.403013139300,-0.297836356400
4675.000000000000,3.134907627000,-0.235777248800,-0.396732650400
4676.000000000000,3.083144576000,0.498012952200,-0.399259731300
4677.000000000000,3.152543296000,0.720496530200,0.036019910910
4678.000000000000,3.006071367000,0.203106715000,0.684869547700
4679.000000000000,3.068144901000,0.214828336400,0.224594229700
4680.000000000000,3.011188727000,0.102516201900,0.297352501400
4681.000000000000,2.982497201000,-0.701055184900,-0.165852091600
4682.000000000000,3.011278355000,-0.403237060200,-0.596889326300
4683.000000000000,3.119805544000,0.313301164700,-0.565396364500
4684.000000000000,3.121953530000,0.369726184800,-0.039353609170
4685.000000000000,3.119382268000,0.527087162200,0.346966624500
4686.000000000000,3.101619983000,0.450853702300,0.494628111700
4687.000000000000,3.113984383000,-0.513345677800,-0.344241977100
4688.000000000000,3.142995784000,-0.591551073400,-0.261295794500
4689.000000000000,3.125744208000,0.108836186100,-0.645952300900
4690.000000000000,3.149469925000,-0.071976122840,-0.350347057400
4691.000000000000,3.000025827000,-0.071139740010,0.690338565700
4692.000000000000,3.126779820000,-0.142857806900,0.273380402900
4693.000000000000,3.139987848000,-0.371097476400,0.280818409200
4694.000000000000,3.083948306000,-0.247854544400,0.188607714800
4695.000000000000,3.067655871000,0.258038275100,0.651093080100
4696.000000000000,3.137709593000,-0.590276558900,0.215910847300
4697.000000000000,3.137944347000,-0.625752529900,0.364380602400
4698.000000000000,3.144715412000,-0.123352460100,-0.647011168000
4699.000000000000,3.068435582000,-0.260499699900,-0.579471712500
4700.000000000000,3.139032513000,0.036812429160,0.118651667200
4701.000000000000,3.111567531000,-0.686431636700,0.134541262500
4702.000000000000,3.152971188000,-0.589132144100,-0.392403363100
4703.000000000000,3.091448446000,-0.476881275500,-0.492354838800
4704.000000000000,3.142456623000,-0.354782506400,0.103587339500
4705.000000000000,3.125380534000,-0.311072121700,-0.230102821400
4706.000000000000,3.340928552000,0.100221264100,0.069177743790
4707.000000000000,3.518340923000,-0.022636365620,0.119716062800
4708.000000000000,3.629557311000,-0.043432957230,0.078506046490
4709.000000000000,3.468015324000,-0.097105955190,0.058874215150
4710.000000000000,3.597466588000,0.121080930000,-0.006961908393
4711.000000000000,3.602220333000,0.014392132350,-0.019759700720
4712.000000000000,3.569118066000,-0.137352161300,-0.011194181190
4713.000000000000,3.457146907000,0.092593469950,0.045228191630
4714.000000000000,3.314723426000,0.063951216250,-0.087606975550
4715.000000000000,3.231766744000,-0.132305157700,0.003484988676
4716.000000000000,3.344175548000,-0.068590103890,0.061523942910
4717.000000000000,3.110863140000,-0.392619207000,0.481632809700
4718.000000000000,2.882408061000,-0.285272840800,-0.170032143100
4719.000000000000,2.994770799000,-0.299908605400,-0.024691986220
4720.000000000000,3.073193085000,-0.174058106600,-0.305687752400
4721.000000000000,2.955889402000,-0.104272667200,-0.299991150900
4722.000000000000,3.134099986000,-0.429769421800,-0.059813503980
4723.000000000000,3.153914779000,-0.603028084000,-0.012713772500
4724.000000000000,3.150533325000,0.096810248020,0.555631954800
4725.000000000000,3.161549568000,0.008597543388,0.436394270500
4726.000000000000,3.145598967000,-0.009206188560,0.574709220800
4727.000000000000,3.147090883000,0.193442479100,0.474086121400
4728.000000000000,2.991669038000,-0.166148881500,-0.695510020100
4729.000000000000,3.025798452000,-0.597746238600,-0.352431039300
4730.000000000000,2.834876974000,-0.707868705600,-0.123767663600
4731.000000000000,3.133538476000,-0.206069356400,0.615108619200
4732.000000000000,3.149535507000,-0.249518536000,0.388542799200
4733.000000000000,3.120399151000,-0.123273748900,-0.446406487000
4734.000000000000,2.803835465000,0.417285997600,-0.575712703500
4735.000000000000,2.995622842000,0.241676356400,-0.670151483400
4736.000000000000,3.073980075000,0.623615423000,-0.088693858080
4737.000000000000,3.128337864000,0.467491315900,0.063715208450
4738.000000000000,2.781066468000,0.671823116400,-0.239086671800
4739.000000000000,2.921580679000,0.697568900500,-0.169607549600
4740.000000000000,2.842497837000,0.577649601200,-0.416265470100
4741.000000000000,2.987774159000,0.578188733200,-0.369962308200
4742.000000000000,2.917990293000,0.610444490400,0.377971226300
4743.000000000000,2.999718312000,0.670981093700,0.148094408900
4744.000000000000,3.013875410000,0.657138057100,0.308699888700
4745.000000000000,3.004126991000,-0.095833208840,-0.073339179250
4746.000000000000,2.929669608000,-0.134567586200,0.051489689100
4747.000000000000,2.994428525000,-0.082087319890,0.048479563100
4748.000000000000,2.599850084000,-0.173163654300,-0.255120087400
4749.000000000000,2.935276500000,0.103390626300,-0.705729855200
4750.000000000000,2.832339356000,0.280856364800,-0.652980094200
4751.000000000000,2.737912606000,0.061114639010,-0.713497347200
4752.000000000000,2.632735027000,0.605626274800,0.360366798900
4753.000000000000,2.643065361000,0.665680923600,0.207517656400
4754.000000000000,2.811637927000,0.575201405100,0.428553094400
4755.000000000000,2.824729597000,0.657819880600,0.219856377500
4756.000000000000,1.713865396000,-0.328963361600,0.407782147600
4757.000000000000,1.715889303000,-0.512288631000,0.388578216600
4758.000000000000,1.770691241000,-0.462998552200,0.476021805100
4759.000000000000,2.873795931000,0.082335874150,0.704395203300
4760.000000000000,1.849871223000,-0.395873028400,-0.596422771100
4761.000000000000,1.976851680000,-0.504156986400,-0.456627412000
4762.000000000000,2.590494573000,-0.025326092610,0.316268398300
4763.000000000000,2.640264777000,-0.239674628500,0.234181213800
4764.000000000000,2.459557262000,-0.113079925100,0.293946173100
4765.000000000000,2.651425275000,0.466434454600,-0.542905389100
4766.000000000000,2.553772124000,0.608263166800,-0.360333930800
4767.000000000000,2.132538910000,0.033488646590,-0.720639745300
4768.000000000000,2.018809042000,0.151118739300,-0.701961352100
4769.000000000000,1.864368166000,-0.192545156000,-0.672276164800
4770.000000000000,1.777369816000,-0.078642038540,-0.669544771800
4771.000000000000,1.961415833000,-0.057046727810,-0.678914007300
4772.000000000000,1.769280865000,-0.618619774000,-0.238030518400
4773.000000000000,1.707397530000,-0.514892418700,-0.065067210680
4774.000000000000,1.718051695000,-0.617360627700,-0.097540171890
4775.000000000000,1.695854489000,0.083901526670,0.485921169800
4776.000000000000,1.764245111000,0.210088526100,0.640257383600
4777.000000000000,1.777430840000,0.234918956400,-0.060197953400
4778.000000000000,1.879078160000,0.198390299800,-0.178410634500
4779.000000000000,2.401298511000,-0.445672787100,0.510736920600
4780.000000000000,2.371481818000,-0.638687972400,0.336724657000
4781.000000000000,2.506693848000,0.534309268300,0.476578069400
4782.000000000000,2.552438344000,0.417089493300,0.574883537300
4783.000000000000,1.720976328000,0.412034923500,-0.135277743000
4784.000000000000,1.702833010000,0.537585513400,-0.285860086500
4785.000000000000,1.725757668000,0.402018646400,-0.356422733500
4786.000000000000,1.787292958000,-0.038810790180,-0.245535236400
4787.000000000000,2.496654532000,-0.112015035600,-0.706023703000
4788.000000000000,2.376315674000,-0.276940029100,-0.662525731000
4789.000000000000,1.905457237000,-0.125078030800,-0.220695084100
4790.000000000000,2.602422154000,-0.270509544200,-0.143996282100
4791.000000000000,2.841855811000,-0.078130462350,0.100052973700
4792.000000000000,2.814498557000,0.059724022350,0.106591920300
4793.000000000000,2.684136459000,-0.094009500030,-0.039495800270
4794.000000000000,2.283885462000,-0.019305332310,0.718486826100
4795.000000000000,2.508642064000,-0.103032654500,0.705382782100
4796.000000000000,2.320401417000,-0.251345182500,0.672390690400
4797.000000000000,2.376121742000,0.332569615600,-0.641235079100
4798.000000000000,2.234075245000,0.173786444300,-0.688687719600
4799.000000000000,2.369567648000,0.066909238570,-0.715234437300
4800.000000000000,2.497361496000,0.729703318800,-0.002347466242
4801.000000000000,2.571217186000,0.102554190900,0.024132921580
4802.000000000000,2.543628957000,-0.022578774550,0.119940753600
4803.000000000000,2.466293060000,-0.126114627900,0.011236216700
4804.000000000000,2.358419587000,-0.087765775840,0.104178948000
4805.000000000000,2.454858283000,0.095947095540,0.052828231900
4806.000000000000,2.548855146000,-0.057828811460,-0.115482462800
4807.000000000000,0.090664490230,-0.483762090000,-0.118041879900
4808.000000000000,0.165110065900,-0.344710625400,-0.108775562300
4809.000000000000,0.161730872000,-0.359568632000,0.051863493630
4810.000000000000,0.098334866330,-0.639287142500,-0.003118212536
4811.000000000000,0.217301812500,-0.156926993300,0.702943630600
4812.000000000000,0.336834383100,0.339749828900,0.632694607600
4813.000000000000,0.133349754300,0.317262385100,0.553174168400
4814.000000000000,0.096483279170,0.412300765700,-0.105892072800
4815.000000000000,0.078620494900,0.482379773900,-0.007930179749
4816.000000000000,0.088040630480,0.603221525500,-0.140579945500
4817.000000000000,2.061652644000,-0.019854927770,-0.049951245810
4818.000000000000,1.931584674000,0.016358793940,-0.040326388300
4819.000000000000,1.775742801000,0.025145104180,0.053170098610
4820.000000000000,0.125062318100,-0.512195565100,0.373458195700
4821.000000000000,0.071687070590,-0.525441444700,0.240367092400
4822.000000000000,0.138468574000,-0.287229006000,0.321938959800
4823.000000000000,0.131150718600,0.226349979400,0.328009726900
4824.000000000000,0.116450480700,0.620681629400,0.175358286500
4825.000000000000,0.106966154700,0.544212913300,0.291776088700
4826.000000000000,0.307539344900,-0.155474013900,0.268949520600
4827.000000000000,0.374113460400,-0.283754556500,-0.132291179900
4828.000000000000,0.279310254200,0.250947420100,0.211108916700
4829.000000000000,0.535950200600,0.123360195400,0.277071535400
4830.000000000000,1.544302707000,-0.056599555800,0.013799362610
4831.000000000000,1.652195570000,0.071644956810,-0.004019347136
4832.000000000000,0.396108871000,0.196539891500,0.688996556400
4833.000000000000,0.243066895200,0.055910435490,0.693426002300
4834.000000000000,0.467938795800,0.686959580300,0.217913114900
4835.000000000000,0.571255095600,0.714439063200,-0.033008384670
4836.000000000000,1.489075104000,-0.467791621700,0.405061397000
4837.000000000000,0.553311790400,-0.174916751400,-0.260290789600
4838.000000000000,1.372065397000,-0.674382649400,-0.132709238300
4839.000000000000,0.620878611100,-0.259325488500,0.161327995100
4840.000000000000,1.283970773000,0.272394269500,0.636066336200
4841.000000000000,1.431851039000,0.224905417000,0.637102658600
4842.000000000000,1.502729607000,0.153320357600,0.518702582300
4843.000000000000,1.473628767000,0.221491551500,0.273683019700
4844.000000000000,1.516256217000,0.080753152700,0.380023093900
4845.000000000000,0.538926088300,-0.304963800500,0.002606211093
4846.000000000000,1.239305228000,-0.621583755200,-0.369677843000
4847.000000000000,1.443253586000,-0.503665286600,-0.469062453400
4848.000000000000,1.480542091000,0.479857739700,0.455757213100
4849.000000000000,1.504529150000,0.272287450300,0.397461066400
4850.000000000000,1.451881946000,0.515526053100,0.308624155400
4851.000000000000,1.445003513000,-0.460731261100,0.501517235400
4852.000000000000,0.536379684600,0.178475755800,-0.245650803500
4853.000000000000,0.537066311900,0.068578520440,-0.292860848700
4854.000000000000,1.473557264000,0.643141911700,0.022672003010
4855.000000000000,1.324125237000,-0.675824764600,0.163956246400
4856.000000000000,1.238217149000,-0.626838316100,0.371665460200
4857.000000000000,1.377711680000,-0.625834704700,0.312426284200
4858.000000000000,0.772328564800,-0.057536510830,0.322827559900
4859.000000000000,0.515404647600,-0.073823113780,0.302846036100
4860.000000000000,0.575620170200,0.206320983100,0.686422595800
4861.000000000000,0.659480522000,0.397424119700,0.596574291200
4862.000000000000,0.822747490900,0.372418116900,0.615416932200
4863.000000000000,1.487994584000,0.524283726100,-0.365914981500
4864.000000000000,1.521948352000,0.601516383700,-0.394957153700
4865.000000000000,1.417181468000,0.463955428800,-0.464854710000
4866.000000000000,0.885433170700,0.712134972700,0.086891796150
4867.000000000000,0.613265234100,0.659521701800,0.279820501500
4868.000000000000,0.588391099800,0.709239424400,0.099780860600
4869.000000000000,0.754317910700,0.703318727800,0.106105880500
4870.000000000000,0.742593901000,0.606816673700,0.383835421000
4871.000000000000,1.204787283000,0.220100699600,-0.659481547800
4872.000000000000,1.372277366000,0.282042521100,-0.672189861300
4873.000000000000,1.403350534000,0.096311338310,-0.689442355400
4874.000000000000,1.513395866000,0.389751925900,-0.431798595000
4875.000000000000,1.159136269000,-0.220234823100,-0.032489720060
4876.000000000000,1.242853804000,-0.226254548700,0.068857444720
4877.000000000000,1.318459467000,-0.208973199300,-0.116611803000
4878.000000000000,1.402751929000,0.008048629675,0.251525776800
4879.000000000000,1.509894041000,0.034765650790,-0.453984483900
4880.000000000000,1.451113036000,-0.028378460660,-0.657511472400
4881.000000000000,1.494066829000,-0.349098202800,-0.540201186300
4882.000000000000,1.005177924000,-0.665288394300,0.266854895500
4883.000000000000,0.798203899700,-0.692916376000,0.199469546600
4884.000000000000,1.397688432000,0.185842206200,-0.165988982300
4885.000000000000,1.429034759000,-0.067869986560,-0.269049322400
4886.000000000000,0.941374836000,0.052124560190,0.718417872600
4887.000000000000,0.740275051900,0.160668793700,0.720794606200
4888.000000000000,0.951430442500,0.688827605800,-0.234328525200
4889.000000000000,0.827774628300,0.713839327800,-0.070874618800
4890.000000000000,0.830013563800,0.689893626100,-0.200220626000
4891.000000000000,0.845404930800,0.605163719000,-0.392373323600
4892.000000000000,0.835666891100,-0.113129940000,-0.312195372700
4893.000000000000,0.691003155200,-0.068115155080,-0.310238612100
4894.000000000000,0.666715977500,0.022759602440,-0.128465580500
4895.000000000000,0.759688685100,0.109916529800,-0.028993241120
4896.000000000000,0.668612148000,0.049199317160,0.126922372100
4897.000000000000,0.452716759400,0.102078947400,-0.004277973695
4898.000000000000,0.582904743800,0.065769729480,-0.091734356220
4899.000000000000,0.545987969500,-0.124455708700,0.037748746490
4900.000000000000,0.379902023100,-0.105898045200,0.073712371970
4901.000000000000,0.326634703300,0.049540471980,0.133298706900
4902.000000000000,0.183240201100,0.107178389400,0.023284692430
4903.000000000000,0.193231704800,-0.113144182400,-0.061514326080
4904.000000000000,0.087309932590,0.078695299560,0.111453877200
4905.000000000000,-0.104773209900,0.097925386470,-0.075485707480
4906.000000000000,-0.032560034490,0.027807879710,-0.123077402500
4907.000000000000,0.072820136980,0.122845178000,-0.065020238390
4908.000000000000,-0.010127082600,0.096145371780,0.060504865060
4909.000000000000,0.067180456050,-0.069581989220,0.065557385080
4910.000000000000,-0.093804397270,-0.082059996600,0.085353080890
4911.000000000000,-0.308040894300,-0.125000107900,0.008972673574
4912.000000000000,-0.096650521230,0.044032279950,0.106383749300
4913.000000000000,-0.262645416500,0.022553148280,0.121391270300
4914.000000000000,0.686148225200,-0.137726509900,-0.027426446360
4915.000000000000,0.755589793500,-0.111719337600,0.050351496980
4916.000000000000,3.295880190000,-0.035647588370,-0.052832578480
4917.000000000000,3.502812923000,-0.044000779160,-0.120422180500
4918.000000000000,3.417736117000,0.014607223520,-0.119114590400
4919.000000000000,3.395777449000,-0.018313854260,-0.024488764300
4920.000000000000,3.488474426000,0.014237121840,-0.045478850170
4921.000000000000,3.499576705000,-0.126532429400,-0.054331001950
4922.000000000000,3.265870748000,-0.063106250700,0.025456486120
4923.000000000000,3.228131893000,0.020413846950,-0.029170345630
4924.000000000000,3.324846191000,-0.110185655200,-0.053779539230
4925.000000000000,0.758135104000,-0.004395329997,0.106302194400
4926.000000000000,0.851002749600,-0.078100461840,0.007722136419
4927.000000000000,0.711074324400,-0.040059289080,-0.005315052109
4928.000000000000,0.661269889100,-0.076395559870,-0.086919894510
4929.000000000000,0.628934458000,-0.113886673100,0.011678536330
4930.000000000000,-0.198920130000,-0.087951732130,0.081476492120
4931.000000000000,-0.291650949500,-0.084835469790,0.111353159600
4932.000000000000,-0.240810722900,0.028925637470,0.003454752031
4933.000000000000,-0.105919512100,0.051276462860,0.009739366222
4934.000000000000,-0.323429320900,-0.030327385980,-0.073728015550
4935.000000000000,-0.098381899600,-0.028550532660,0.007559780753
4936.000000000000,0.018446994420,0.040886618490,-0.029591353060
4937.000000000000,0.113737022400,-0.091639955630,-0.084487463630
4938.000000000000,0.074026313330,0.122745266000,0.018629232600
4939.000000000000,0.150140022800,0.119712121700,-0.059744427890
4940.000000000000,0.172953681600,0.051108406460,0.105622097200
4941.000000000000,0.210190602900,-0.064031033530,-0.124693586700
4942.000000000000,0.236829953600,-0.092186761430,0.095367635610
4943.000000000000,0.258687565200,-0.043793777650,-0.010104399200
4944.000000000000,0.411775496500,0.005510982269,0.010159795500
4945.000000000000,0.370705574100,0.111523738900,0.054037324460
4946.000000000000,0.399054392800,-0.114932802800,-0.038434725280
4947.000000000000,0.315173206200,-0.120595268700,0.003552449275
4948.000000000000,0.483723146200,0.071006040430,-0.109248495000
4949.000000000000,0.667854853900,0.025149738280,-0.040008821330
4950.000000000000,0.492986937100,0.067722966320,0.099913160610
4951.000000000000,0.584513296700,0.014144333390,0.119096314300
4952.000000000000,0.857958827200,0.102008489600,-0.072211876400
4953.000000000000,0.758502519100,-0.018105414130,-0.076610436170
4954.000000000000,0.693368561900,0.028231381740,-0.294418555500
4955.000000000000,0.650519023400,-0.189293512900,-0.284748334900
4956.000000000000,0.611736351300,-0.099994857620,-0.335478967200
4957.000000000000,0.754234918100,-0.145639138000,-0.628505291900
4958.000000000000,0.843620834300,-0.242010948700,-0.278280974700
4959.000000000000,0.883905700000,-0.026896183860,-0.304277066500
4960.000000000000,0.819678704100,0.564159374800,-0.270408325000
4961.000000000000,0.919374466300,0.612972821900,-0.303778685600
4962.000000000000,0.795544289300,0.547768875800,-0.462094730300
4963.000000000000,0.750914718200,0.672433623300,-0.142769537700
4964.000000000000,0.941584334500,0.683448214000,-0.028200628850
4965.000000000000,1.040921125000,0.676868056100,-0.177282965900
4966.000000000000,1.004764479000,0.632140289400,-0.279918510000
4967.000000000000,0.853517252600,0.219387392600,0.675711564200
4968.000000000000,0.699022112000,0.049896200450,0.686198330400
4969.000000000000,0.849853531400,-0.006210862765,0.694138571600
4970.000000000000,0.958726616100,0.007223446505,0.634066162600
4971.000000000000,1.428222807000,0.081692219890,-0.297208416800
4972.000000000000,1.320070642000,-0.149904682700,-0.199867478200
4973.000000000000,1.424781364000,-0.056878928810,-0.417031992600
4974.000000000000,1.454818594000,-0.118936001000,-0.342346722800
4975.000000000000,1.475421028000,0.213157298600,-0.186385253600
4976.000000000000,1.353601625000,0.274300729900,-0.161786914500
4977.000000000000,0.865991420600,-0.677304694500,0.138886646000
4978.000000000000,0.742435688100,-0.636020835900,0.338656400500
4979.000000000000,0.702683840200,-0.691715748300,0.087706403650
4980.000000000000,0.692113260000,-0.688087327400,0.225859549700
4981.000000000000,1.029216841000,-0.684950670500,0.173755839500
4982.000000000000,1.000183910000,-0.593174778700,0.344565657600
4983.000000000000,1.526279242000,-0.401414747700,-0.484226864300
4984.000000000000,1.451292165000,-0.248436130400,-0.578656836100
4985.000000000000,1.396964147000,-0.368330851400,-0.510973531500
4986.000000000000,1.423519784000,-0.354743404900,-0.602715444700
4987.000000000000,1.372922610000,-0.081797278420,-0.661923330000
4988.000000000000,1.441796593000,0.068662455490,-0.609754259200
4989.000000000000,1.488709333000,0.107890960200,-0.530978053400
4990.000000000000,1.505287918000,-0.074922876420,-0.501863941400
4991.000000000000,1.461393940000,-0.132056656000,0.287372811500
4992.000000000000,1.435592405000,0.034002592360,0.424874248300
4993.000000000000,1.492607659000,0.016105186290,0.316966721900
4994.000000000000,1.273865497000,0.096101598080,0.266699657900
4995.000000000000,1.395005625000,-0.277317652900,-0.071881066870
4996.000000000000,1.236402795000,-0.283401048700,-0.098234726870
4997.000000000000,1.288920412000,-0.579919351400,0.232810009200
4998.000000000000,1.149393830000,-0.230654933100,0.088107420540
4999.000000000000,1.258517443000,-0.174708991500,0.166826778200
5000.000000000000,1.174303205000,-0.162073205200,-0.188345863100
5001.000000000000,1.124818414000,-0.115172801600,0.007733438313
5002.000000000000,1.520411045000,0.289749572000,-0.319579294200
5003.000000000000,1.420144739000,0.414171563200,-0.379472628000
5004.000000000000,1.410656890000,0.154999790100,-0.659346022000
5005.000000000000,1.251763930000,0.310237888100,-0.604330929200
5006.000000000000,1.471842558000,0.272709030700,-0.579214332800
5007.000000000000,1.231462086000,0.095302450100,-0.660051903100
5008.000000000000,1.133215539000,0.290493939900,-0.633557487700
5009.000000000000,0.591336751600,0.590562321600,0.359781029900
5010.000000000000,0.743189589400,0.556008058400,0.454883860500
5011.000000000000,0.855273145400,0.586867252900,0.412494830900
5012.000000000000,0.784867827000,0.630656823300,0.276261738400
5013.000000000000,0.671721001000,0.702388580800,0.030804223960
5014.000000000000,0.562664975300,0.703693957400,0.231109620400
5015.000000000000,0.583844720100,0.371584067000,0.044604410760
5016.000000000000,0.517419588100,0.692804221900,0.036802285530
5017.000000000000,0.909480188200,0.664950641600,0.170373225200
5018.000000000000,1.385000842000,0.431950711400,-0.561137407500
5019.000000000000,1.421563262000,0.512187268700,-0.393499670400
5020.000000000000,1.416733542000,0.592933387500,-0.364418866500
5021.000000000000,1.430756727000,0.540147664300,-0.285136407600
5022.000000000000,0.917224718300,0.414044489700,0.579378887800
5023.000000000000,0.913028473500,0.326677760500,0.640258560800
5024.000000000000,0.719695099100,0.326155790400,0.646206593700
5025.000000000000,0.537621051600,0.313747486400,0.624608626200
5026.000000000000,0.572585725100,0.458323470900,0.539086513900
5027.000000000000,0.480779799100,0.123949859700,0.687410829700
5028.000000000000,0.473012755400,0.267130214100,0.646914205700
5029.000000000000,0.596681187300,0.013717696520,0.334165184000
5030.000000000000,0.412145257300,-0.085164458480,0.310006775700
5031.000000000000,0.584349775500,-0.280306207600,0.567599525900
5032.000000000000,0.479267423400,0.028581095240,0.326085573100
5033.000000000000,0.597976742100,-0.134364092100,0.281690284000
5034.000000000000,0.877928199100,-0.077869866590,0.250144789100
5035.000000000000,0.840266561300,-0.214721695700,0.603083445900
5036.000000000000,1.385161177000,-0.696092186800,0.244760760100
5037.000000000000,1.333988239000,-0.576884924600,0.395090694000
5038.000000000000,1.438592126000,-0.513287639700,0.268037372700
5039.000000000000,1.306044558000,-0.647457243400,0.315958577000
5040.000000000000,1.150913237000,-0.559165629700,0.441830062000
5041.000000000000,1.181769664000,-0.640576279300,0.282077373900
5042.000000000000,1.225276106000,-0.676166771500,0.104402692200
5043.000000000000,1.385022951000,-0.624979997700,0.082553236150
5044.000000000000,1.475290631000,0.523860028800,0.013598340220
5045.000000000000,1.527986712000,0.627764035400,-0.029263806700
5046.000000000000,1.450711716000,0.646069940700,0.102939605300
5047.000000000000,1.427513085000,0.628962877300,-0.089373489910
5048.000000000000,0.523514489700,0.154585350500,-0.352042684900
5049.000000000000,0.626579581500,0.269577953800,-0.208923276100
5050.000000000000,0.432065517200,0.222287391700,-0.251695050700
5051.000000000000,1.403414862000,-0.408728452300,0.548362219600
5052.000000000000,1.428206419000,-0.384150672900,0.432394541300
5053.000000000000,1.382148877000,-0.480556547300,0.409890347500
5054.000000000000,1.526106038000,0.521635894300,0.371572614400
5055.000000000000,1.414035897000,0.411456992100,0.390940982700
5056.000000000000,1.511615160000,0.437813421300,0.290199520000
5057.000000000000,1.483849555000,0.504872624900,0.194060704600
5058.000000000000,1.368393090000,0.275630239500,0.546890310300
5059.000000000000,1.529686981000,0.246561757300,0.518432246000
5060.000000000000,1.427915405000,0.394540014800,0.495660129700
5061.000000000000,1.349546205000,-0.441190555500,-0.521786207600
5062.000000000000,1.418895264000,-0.488398242800,-0.354721377700
5063.000000000000,1.145971818000,-0.651246972300,-0.323847845000
5064.000000000000,1.370167958000,-0.595814731000,-0.360314823300
5065.000000000000,1.262500838000,-0.647839454100,-0.248244691500
5066.000000000000,0.429028969500,-0.633996103100,0.060796318850
5067.000000000000,0.631466956100,-0.297768362700,0.079853212020
5068.000000000000,0.451256106700,-0.322870130600,0.004538974413
5069.000000000000,0.562114877900,-0.384491152900,-0.047403322850
5070.000000000000,1.509631193000,0.180078575500,0.335654984500
5071.000000000000,1.522047411000,0.169990231600,0.235738791100
5072.000000000000,1.418142145000,0.316591252700,0.206556501100
5073.000000000000,1.477568736000,0.324906631300,0.282540751500
5074.000000000000,1.401217371000,0.305971491700,0.642194966000
5075.000000000000,1.263110912000,0.373116672800,0.566581962400
5076.000000000000,0.512972652600,-0.237605366000,0.171954054300
5077.000000000000,1.447272221000,-0.715271945200,-0.024218169930
5078.000000000000,1.400892786000,-0.587855828900,-0.187927605500
5079.000000000000,1.263471992000,-0.665285604200,-0.068977275220
5080.000000000000,0.577889941700,-0.263718232500,-0.170145936400
5081.000000000000,1.499164347000,-0.353247878200,0.395127195200
5082.000000000000,0.447551430100,0.714221642700,-0.066182381640
5083.000000000000,0.394546937700,0.636711112000,0.169824753800
5084.000000000000,0.324003888500,0.007200282019,0.731082033100
5085.000000000000,0.225818307300,0.153697450300,0.702039420300
5086.000000000000,0.219449959200,-0.020952168390,0.612080741900
5087.000000000000,0.370885764700,0.223681477000,0.589182318700
5088.000000000000,1.668448706000,0.017967290060,0.051633348870
5089.000000000000,1.631002114000,0.012816152190,-0.044632820420
5090.000000000000,1.585538800000,0.020125501680,0.055158619290
5091.000000000000,0.511609470200,0.201945512500,0.233311925000
5092.000000000000,0.389110049100,0.271492698300,0.182755545900
5093.000000000000,0.288431873800,0.534434422100,0.331119769000
5094.000000000000,0.316586476000,0.177462772700,0.265451796900
5095.000000000000,0.164706997700,0.298375757200,0.268284214800
5096.000000000000,0.274744993700,-0.269172883900,-0.168091971800
5097.000000000000,0.357132230600,-0.243857901600,0.216125078900
5098.000000000000,0.248708096600,-0.241652835800,0.306822812900
5099.000000000000,0.072753107080,0.600032555100,0.244699333400
5100.000000000000,0.086800704720,0.411133934800,0.290965763300
5101.000000000000,0.165470896800,0.535698206300,0.222246388800
5102.000000000000,0.179488303600,0.577505550400,0.272502448500
5103.000000000000,0.169446412600,0.496601521500,0.371611429000
5104.000000000000,0.103710724200,0.617379437700,0.064458958390
5105.000000000000,0.178132580100,0.147596632000,0.422861389000
5106.000000000000,0.110599334800,-0.341980269100,0.245860909000
5107.000000000000,0.191748750900,-0.378362033200,0.429721561400
5108.000000000000,0.197689589200,-0.266411011100,0.244213371100
5109.000000000000,0.161257907100,-0.492444147800,0.264202683000
5110.000000000000,0.059736341890,-0.569917858200,0.326916341600
5111.000000000000,0.077255481140,-0.532595432500,0.162727133400
5112.000000000000,0.128865345800,-0.518304239300,0.471277854000
5113.000000000000,2.096758812000,-0.089411623550,0.050737920930
5114.000000000000,2.103557948000,-0.049765822360,-0.131612758500
5115.000000000000,2.072961139000,0.017899305500,0.048445602210
5116.000000000000,0.151953749900,0.676337706800,-0.097161962480
5117.000000000000,0.174454261000,0.522241769500,-0.240873377100
5118.000000000000,0.172479652000,0.468537724300,-0.055189744080
5119.000000000000,0.162967668000,0.456030925400,0.059504869740
5120.000000000000,0.087636141700,0.462463266000,-0.190899733500
5121.000000000000,0.120551754000,0.356761723000,-0.053389318860
5122.000000000000,0.135927543200,0.356999610700,-0.199833431300
5123.000000000000,0.163830012800,0.243242016200,0.587990103700
5124.000000000000,0.174690430300,0.351926302100,0.457008162100
5125.000000000000,0.294220971900,0.410799208500,0.561994420100
5126.000000000000,0.141726112800,-0.175188258400,0.678301711600
5127.000000000000,0.090289156640,-0.564356864300,-0.076561060660
5128.000000000000,0.181483681200,-0.628531405200,-0.063679361960
5129.000000000000,0.188348934100,-0.614141079200,0.075993497580
5130.000000000000,0.173300295800,-0.435552770700,-0.062721875290
5131.000000000000,0.187813442900,-0.297538698100,0.142203327000
5132.000000000000,0.087081592530,-0.357894775700,-0.196616490100
5133.000000000000,0.103340460900,-0.466114146900,-0.220039343900
5134.000000000000,2.616172488000,0.026623844470,-0.112413545400
5135.000000000000,2.601390307000,-0.095849089180,-0.075486175560
5136.000000000000,2.499553706000,-0.026512374520,-0.049049952630
5137.000000000000,2.544058711000,0.048230088170,0.095323623700
5138.000000000000,2.370479334000,0.113588110100,0.077786587920
5139.000000000000,2.284534594000,-0.180389520800,0.121575447200
5140.000000000000,2.407843798000,-0.084555007570,-0.054282882720
5141.000000000000,2.358691580000,0.000966540613,0.177224237800
5142.000000000000,2.454083527000,-0.079531867350,0.090884013090
5143.000000000000,2.666472538000,-0.049857091350,0.103814369600
5144.000000000000,2.563443761000,-0.088268155300,0.081624737150
5145.000000000000,2.550351224000,0.110559383900,-0.070467000850
5146.000000000000,2.683799804000,0.093412477030,0.006092809671
5147.000000000000,2.408526439000,0.717027155200,-0.053448673670
5148.000000000000,2.575563658000,0.720643202600,0.076974749100
5149.000000000000,2.539556630000,0.659558654100,-0.120825582100
5150.000000000000,2.495417907000,0.687920673700,0.070201617720
5151.000000000000,2.239851717000,0.000000000000,-0.716848669900
5152.000000000000,2.488731953000,0.142930191800,-0.682506049900
5153.000000000000,2.459317276000,-0.008918955458,-0.720692987400
5154.000000000000,2.280662738000,0.306132942200,-0.628878590100
5155.000000000000,2.156878696000,0.106985502800,-0.667223517300
5156.000000000000,2.496992113000,0.388471163600,-0.556093086200
5157.000000000000,2.307561100000,-0.137462997400,0.671943908700
5158.000000000000,2.438114730000,-0.258528978500,0.645263045400
5159.000000000000,2.272340506000,-0.280146416700,0.571284289500
5160.000000000000,2.466323410000,0.027003621720,0.720817009100
5161.000000000000,2.490691087000,-0.044845827520,0.382911711300
5162.000000000000,2.575070884000,-0.191716785700,0.698348069200
5163.000000000000,2.227783711000,0.038163469860,0.633253165000
5164.000000000000,2.772336428000,-0.115538531500,0.014028917640
5165.000000000000,2.722899016000,0.013961465420,-0.094672080890
5166.000000000000,2.866971079000,-0.014465214330,0.023708280100
5167.000000000000,2.890814738000,0.100524075900,0.033068721380
5168.000000000000,2.722554910000,-0.278502527300,-0.233037273000
5169.000000000000,2.640934554000,-0.362845126900,-0.065666363360
5170.000000000000,2.485184363000,-0.268705050700,-0.202961048300
5171.000000000000,2.031416465000,-0.087155178280,-0.228396088700
5172.000000000000,1.860419776000,-0.182669408100,-0.153548437700
5173.000000000000,1.807508375000,-0.128464369300,-0.306850652500
5174.000000000000,2.482158608000,-0.288082650400,-0.654417269100
5175.000000000000,2.617651776000,-0.162313798400,-0.683718471700
5176.000000000000,1.784713886000,0.080872229610,-0.384680906800
5177.000000000000,1.792569634000,0.067954652260,-0.271164178300
5178.000000000000,1.733718457000,-0.109009135400,-0.280124080800
5179.000000000000,1.708260772000,0.478811838600,-0.360997722100
5180.000000000000,1.944572781000,0.448717374500,-0.452195714000
5181.000000000000,1.789724047000,0.350997426400,-0.396738547200
5182.000000000000,1.793618404000,0.524185375300,-0.210900191000
5183.000000000000,1.780227152000,0.550681390600,-0.356660887000
5184.000000000000,1.708933740000,0.507995835100,-0.129134063100
5185.000000000000,1.761614578000,0.284955792900,-0.182966084100
5186.000000000000,1.709078135000,0.372718161000,-0.245847547100
5187.000000000000,1.808811893000,0.384494702200,-0.060006712890
5188.000000000000,2.621231648000,0.337015015600,0.636713318500
5189.000000000000,2.461065480000,0.461613129400,0.531454915000
5190.000000000000,2.469632672000,0.364847834500,0.606184737400
5191.000000000000,2.571592890000,0.496881159000,0.526410696400
5192.000000000000,2.460996268000,0.600612605100,0.393347997500
5193.000000000000,2.534884374000,-0.664223138500,0.284098167900
5194.000000000000,2.460458532000,-0.616010007000,0.360977380500
5195.000000000000,2.309415602000,-0.662802062100,0.253267915500
5196.000000000000,2.315411766000,-0.576706450300,0.389195920200
5197.000000000000,2.352784387000,-0.548397669600,0.481741945700
5198.000000000000,2.494202769000,-0.440716810800,0.532040763800
5199.000000000000,1.987556023000,0.098065336940,-0.247358331700
5200.000000000000,1.966740897000,0.233061735100,-0.120212884200
5201.000000000000,1.828622725000,0.290727177300,0.008637418673
5202.000000000000,1.822861394000,0.294108894400,0.607927007300
5203.000000000000,1.747482714000,0.298321404200,0.573158908500
5204.000000000000,1.746010634000,0.100375951900,0.651892502600
5205.000000000000,1.722252176000,0.211639710900,0.527329845000
5206.000000000000,1.873836449000,0.029378049240,0.310816346700
5207.000000000000,1.815084728000,-0.016201257510,0.583562899800
5208.000000000000,1.717151392000,0.086969897430,0.389102925300
5209.000000000000,1.775533489000,-0.705236546500,-0.097475775840
5210.000000000000,1.793188039000,-0.550915227000,-0.152584053700
5211.000000000000,1.804631885000,-0.641070897000,-0.144850594500
5212.000000000000,1.781535994000,-0.590830263000,-0.039191304540
5213.000000000000,1.712353074000,-0.455683310900,-0.135357191500
5214.000000000000,1.703321641000,-0.574575316500,-0.281747485100
5215.000000000000,1.892577709000,-0.644925820500,-0.318360430200
5216.000000000000,2.120803805000,-0.063483489190,-0.717628572200
5217.000000000000,1.938822105000,-0.165559961700,-0.713083582300
5218.000000000000,1.805830156000,-0.055905098750,-0.593679815200
5219.000000000000,2.050088410000,-0.023179946980,-0.686969752600
5220.000000000000,1.762658475000,0.003026663454,-0.703125136100
5221.000000000000,1.726558493000,-0.142617320100,-0.609385780500
5222.000000000000,1.803357006000,-0.187771348500,-0.448111601200
5223.000000000000,1.904659528000,0.164442553900,-0.675445803300
5224.000000000000,2.040422981000,0.238271854600,-0.673132857000
5225.000000000000,2.425754110000,0.623957389100,-0.302740423300
5226.000000000000,2.465990076000,0.581368822200,-0.421788509400
5227.000000000000,2.671127019000,0.597912699800,-0.363641989500
5228.000000000000,2.521524740000,0.634211862900,-0.268378302000
5229.000000000000,2.739462638000,0.494938089500,-0.472446885700
5230.000000000000,2.699988842000,0.409779495800,-0.589476675400
5231.000000000000,2.469664903000,-0.237762491900,0.229362323700
5232.000000000000,2.718412054000,-0.262538214100,0.152127236800
5233.000000000000,2.776465054000,-0.489761302600,0.407395197100
5234.000000000000,2.676311931000,-0.151415141500,0.313080861600
5235.000000000000,2.021272098000,-0.581990338800,-0.414610909700
5236.000000000000,1.906435467000,-0.439277435400,-0.445738514800
5237.000000000000,2.038816477000,-0.438067587800,-0.531954595900
5238.000000000000,1.867332835000,-0.463796907700,-0.534482250500
5239.000000000000,1.917534357000,-0.365799415100,-0.621079005500
5240.000000000000,1.767854053000,-0.439838877500,-0.575378785200
5241.000000000000,2.786703388000,0.036909319530,0.685588519700
5242.000000000000,2.929471352000,0.172679247600,0.702676781500
5243.000000000000,2.895864605000,-0.017639647930,0.686300686300
5244.000000000000,2.860090819000,0.168035382700,0.675581317500
5245.000000000000,1.798451929000,-0.387796342800,0.403700847300
5246.000000000000,1.711320192000,-0.388628323200,0.479693111300
5247.000000000000,1.785332805000,-0.379449052500,0.526740185600
5248.000000000000,1.690734709000,-0.448693411000,0.300464389700
5249.000000000000,1.693260270000,-0.260993313000,0.339000048600
5250.000000000000,2.835856528000,0.608178646900,0.323773550800
5251.000000000000,2.725775339000,0.656028134200,0.117312737900
5252.000000000000,2.893329952000,0.695329712700,0.140830815300
5253.000000000000,2.652507252000,0.333531608300,0.193137462700
5254.000000000000,2.706976726000,0.563717469800,0.396230665600
5255.000000000000,2.745173981000,0.504675413400,0.479688926200
5256.000000000000,2.661905304000,0.666737248400,0.286083360800
5257.000000000000,2.681874056000,0.070092672900,-0.627140454900
5258.000000000000,2.827066436000,0.005508678949,-0.698177451200
5259.000000000000,2.718326256000,0.227199223800,-0.651763747800
5260.000000000000,2.854524827000,0.330627465700,-0.549506924300
5261.000000000000,2.905834264000,0.243005779900,-0.687221196400
5262.000000000000,3.055446167000,0.170091891000,-0.648107247000
5263.000000000000,2.545714854000,-0.144092550800,-0.350902820000
5264.000000000000,2.963235879000,0.015832830580,-0.025257317540
5265.000000000000,3.089845912000,-0.092636963450,0.032086384010
5266.000000000000,2.911044434000,-0.108987161900,-0.013867839380
5267.000000000000,3.065732248000,0.608572444300,0.244016651100
5268.000000000000,2.999329463000,0.610094065700,0.389186267400
5269.000000000000,3.065714795000,0.579767502200,0.129621293400
5270.000000000000,2.945355102000,0.677913338800,0.040235795410
5271.000000000000,3.001996919000,0.624423572900,-0.230193012100
5272.000000000000,3.061212085000,0.481893842600,-0.251566905300
5273.000000000000,3.063326427000,0.622709891900,-0.331564055800
5274.000000000000,2.921489716000,0.581526658900,-0.447409683500
5275.000000000000,2.891880313000,0.288232144700,-0.256594575900
5276.000000000000,2.804459067000,0.609843732200,-0.317284805500
5277.000000000000,3.013926685000,0.687764512000,-0.158457303400
5278.000000000000,2.814612736000,0.682742124800,-0.116517798200
5279.000000000000,2.710946771000,0.681984599200,-0.162597074100
5280.000000000000,3.135480183000,0.372751543500,0.060583103180
5281.000000000000,3.114489043000,0.440289298400,0.163528749700
5282.000000000000,2.990767476000,0.400107029600,0.049918278700
5283.000000000000,3.092592602000,0.581587893900,0.029775862650
5284.000000000000,3.061715475000,0.651808623100,0.007178552085
5285.000000000000,3.030924846000,0.316091224400,-0.620442558200
5286.000000000000,2.871587312000,0.448563389500,-0.538296003200
5287.000000000000,3.015877378000,-0.150673728100,-0.595469778000
5288.000000000000,3.040605641000,-0.075603653840,-0.378938326900
5289.000000000000,2.987029565000,-0.293849567900,0.568075077800
5290.000000000000,3.135713156000,-0.139247276800,0.357908922600
5291.000000000000,3.154285802000,-0.348370694700,0.373317577600
5292.000000000000,3.098959680000,-0.265338399200,0.481448852800
5293.000000000000,3.142645837000,-0.112977472100,0.632034156900
5294.000000000000,2.742779542000,-0.707482663800,-0.046718460950
5295.000000000000,2.754203740000,-0.690530799600,-0.172879484900
5296.000000000000,2.900425497000,-0.678473658900,-0.005098681882
5297.000000000000,3.015608852000,-0.653534948000,-0.265877128900
5298.000000000000,2.852154981000,-0.582566486500,-0.425157223100
5299.000000000000,3.050263770000,-0.455100540500,-0.290142853900
5300.000000000000,3.043964002000,-0.220318786700,-0.679797236600
5301.000000000000,2.808435903000,-0.147240992100,-0.651316777800
5302.000000000000,3.112642528000,0.143500623200,0.377701920100
5303.000000000000,3.070870719000,0.119151675600,0.517163362800
5304.000000000000,3.122918399000,0.255137295800,0.558555256600
5305.000000000000,3.136684775000,-0.053113790370,0.477542790700
5306.000000000000,3.086808900000,0.027401358810,0.662671041200
5307.000000000000,3.130879889000,-0.571856447800,0.079843223230
5308.000000000000,3.070318238000,-0.510880536700,-0.010422176370
5309.000000000000,3.074215232000,-0.637679460100,-0.051900620350
5310.000000000000,3.074925382000,-0.330468739000,-0.043137608420
5311.000000000000,2.838101550000,-0.126469611000,-0.280405001100
5312.000000000000,2.985406389000,-0.185700846600,-0.344262516100
5313.000000000000,3.047503914000,-0.267841997900,-0.245481416300
5314.000000000000,2.937785574000,-0.326238773600,-0.106211759500
5315.000000000000,2.925551793000,-0.322741180600,0.070415022160
5316.000000000000,2.790578740000,-0.302669038500,-0.113555805200
5317.000000000000,3.040096896000,-0.424299695900,0.418457720300
5318.000000000000,3.078702316000,-0.323758583000,0.550395539100
5319.000000000000,3.298688969000,0.023796431530,0.110978320500
5320.000000000000,3.319499913000,0.121198211400,-0.016944430900
5321.000000000000,3.506468337000,0.066431866030,0.111328204300
5322.000000000000,3.664642695000,0.056778969260,-0.003806170260
5323.000000000000,3.537388373000,0.002690779544,0.039657297610
5324.000000000000,3.663317875000,0.118756927700,0.070390654360
5325.000000000000,3.418286150000,-0.116745491500,-0.027908208740
5326.000000000000,3.619284299000,0.043282214860,0.104846303300
5327.000000000000,3.067329005000,-0.327188326700,-0.140117829100
5328.000000000000,3.056451413000,-0.336505787200,0.213271811100
5329.000000000000,3.147667981000,-0.438302206900,0.171436244500
5330.000000000000,3.147974051000,-0.417515725800,-0.399236571600
5331.000000000000,3.080203526000,-0.369397355200,-0.533926613200
5332.000000000000,3.062566287000,-0.613502669800,0.167195706100
5333.000000000000,3.051795779000,0.079986018490,0.113690852100
5334.000000000000,3.007775609000,-0.296342813100,-0.650435663800
5335.000000000000,3.106708093000,-0.146446173700,-0.562584841900
5336.000000000000,3.096018291000,-0.019627200200,-0.639090584600
5337.000000000000,3.143032427000,-0.522928707100,0.357957644500
5338.000000000000,3.043313538000,-0.631052853500,0.327855550300
5339.000000000000,3.075357130000,0.144792621300,0.624291427800
5340.000000000000,3.064856350000,-0.229873465800,0.281976863200
5341.000000000000,2.971427481000,-0.264483442100,0.207433971200
5342.000000000000,3.052681459000,-0.113605083600,0.311862102000
5343.000000000000,3.141240234000,0.125584651200,-0.562166662700
5344.000000000000,3.127293861000,0.383931601100,0.397221200300
5345.000000000000,3.019905437000,0.392130557600,0.501341301700
5346.000000000000,3.028036025000,0.347467881800,-0.134976399900
5347.000000000000,3.107018207000,0.354917031700,-0.652765776900
5348.000000000000,3.063689485000,0.412037462800,-0.550332177100
5349.000000000000,2.916250850000,-0.404251240300,-0.544739189700
5350.000000000000,2.998846664000,0.239685716300,0.282270419800
5351.000000000000,3.087965837000,0.133032616600,0.292757991500
5352.000000000000,2.858528589000,0.112863556600,0.285034852600
5353.000000000000,2.978797795000,0.027047829110,0.307937213700
5354.000000000000,3.156160327000,0.727041245500,0.125715785200
5355.000000000000,3.081007233000,0.498526409200,-0.495503185100
5356.000000000000,3.136104704000,0.437214710900,-0.320750116400
5357.000000000000,3.143250077000,-0.290968823200,-0.470998615300
5358.000000000000,2.836137221000,-0.709034938800,0.142680818000
5359.000000000000,2.838729853000,-0.629100724300,0.332490919800
5360.000000000000,2.767982311000,-0.407153061400,0.570632604800
5361.000000000000,2.944181987000,-0.496715050000,0.440047150600
5362.000000000000,2.865367712000,-0.092873077980,0.291085540700
5363.000000000000,3.127915906000,0.076150236710,-0.413348936800
5364.000000000000,3.056858119000,0.236689859200,-0.460118587600
5365.000000000000,3.088842584000,0.208683294300,-0.211021452900
5366.000000000000,2.925532940000,0.132397292500,-0.274733213100
5367.000000000000,3.049791128000,0.029070417770,-0.339047635500
5368.000000000000,3.075883006000,-0.234694566200,0.685162066900
5369.000000000000,2.912789916000,-0.226851260600,0.653920516700
5370.000000000000,3.120501287000,0.463442017200,-0.146430316200
5371.000000000000,2.926288076000,0.328970639200,-0.033202740110
5372.000000000000,2.987498214000,0.241094265800,-0.181569221000
5373.000000000000,2.776707414000,0.273154120900,0.634391047500
5374.000000000000,2.821047429000,-0.364040067700,0.037371716900
5375.000000000000,2.610958334000,-0.586944802600,0.434360144700
5376.000000000000,2.740555699000,-0.633477673900,0.336585181800
5377.000000000000,3.148260804000,0.043502606790,-0.097146045370
5378.000000000000,3.132845226000,0.085395973440,-0.007118739199
5379.000000000000,2.979976568000,0.069558324150,-0.101962615100
5380.000000000000,2.677619968000,0.144034430900,0.270074300500
5381.000000000000,2.795153683000,0.240832967000,-0.179301481500
5382.000000000000,2.841549010000,0.034676782240,-0.077175696590
5383.000000000000,2.754017401000,0.426046254200,0.586757520600
5384.000000000000,1.704109330000,-0.531740019600,0.186765528400
5385.000000000000,1.866310405000,-0.538999432300,0.291519510100
5386.000000000000,1.842103142000,-0.541925499000,0.473003487700
5387.000000000000,1.855965520000,-0.626404118900,0.377180442200
5388.000000000000,1.698153289000,-0.278554542900,-0.498018953800
5389.000000000000,2.690571675000,-0.303382152800,-0.669263435300
5390.000000000000,2.783158231000,-0.258949720400,-0.659553338700
5391.000000000000,1.783249668000,-0.408016771900,-0.417971027900
5392.000000000000,1.781981135000,-0.534999823100,-0.419928336500
5393.000000000000,1.854920795000,-0.597976087200,0.187306120500
5394.000000000000,2.626869487000,-0.688703467500,0.120136773200
5395.000000000000,1.837215410000,0.475056894100,0.527478142700
5396.000000000000,1.717605599000,0.343544908900,0.404646033000
5397.000000000000,1.789924161000,0.504213954800,0.358464205300
5398.000000000000,1.780927071000,-0.194559014700,0.116760576500
5399.000000000000,1.801652493000,-0.071030915600,0.224827361700
5400.000000000000,1.948035762000,-0.142307240500,0.215109299800
5401.000000000000,1.727693242000,-0.222766186400,-0.297943166800
5402.000000000000,1.685204451000,-0.287273781500,-0.207396894200
5403.000000000000,2.543502955000,-0.418190080100,-0.548799059900
5404.000000000000,2.557312240000,-0.518485714500,-0.508847280800
5405.000000000000,2.644679943000,-0.602476405900,-0.376566610800
5406.000000000000,2.511129472000,-0.679210258800,-0.178604837400
5407.000000000000,2.801807721000,-0.635350021500,-0.323923050600
5408.000000000000,1.773887908000,-0.707057901900,0.076855592400
5409.000000000000,1.937018607000,-0.716663335500,0.052433615870
5410.000000000000,1.713461715000,-0.288393807200,-0.073606396300
5411.000000000000,1.805397192000,-0.337282145500,-0.029190614060
5412.000000000000,1.724034728000,-0.400260881000,0.105541666100
5413.000000000000,1.984727042000,-0.632271383100,0.263599173200
5414.000000000000,1.911164992000,-0.664231390600,0.213953087400
5415.000000000000,1.774894520000,0.100359317900,0.307046416800
5416.000000000000,1.798849079000,0.205571411500,0.210468029500
5417.000000000000,1.705960115000,0.232578502800,0.305512613100
5418.000000000000,2.635535904000,0.306640770400,-0.001147676017
5419.000000000000,1.819294561000,-0.201948676200,0.656620944000
5420.000000000000,1.791439762000,-0.286738946000,0.566030263000
5421.000000000000,1.709825406000,-0.142394305000,0.485751648400
5422.000000000000,1.933475899000,-0.314929041300,0.542472454900
5423.000000000000,1.931759117000,-0.468623872100,0.559959181200
5424.000000000000,2.623508788000,-0.312947309100,0.647332792500
5425.000000000000,1.718003878000,-0.155231352200,0.293349892100
5426.000000000000,2.411470972000,-0.712176430800,0.003323224364
5427.000000000000,2.547964291000,-0.722915848600,0.047086088910
5428.000000000000,1.710526661000,0.202209972400,0.429423524400
5429.000000000000,1.733695440000,0.581517404900,0.148239608500
5430.000000000000,1.783135011000,0.677311528000,0.151451217400
5431.000000000000,1.800614247000,0.597187034300,0.337420895900
5432.000000000000,1.711569331000,0.322455633300,0.112689327700
5433.000000000000,1.973504118000,0.113790304200,0.668566699500
5434.000000000000,2.449936124000,0.202410293000,0.676770954600
5435.000000000000,1.790762551000,0.416822295400,-0.484669718500
5436.000000000000,1.791540463000,0.352846974900,-0.592937657200
5437.000000000000,1.931141307000,0.380745614800,-0.604110770800
5438.000000000000,1.693870741000,0.236529824000,-0.414702413400
5439.000000000000,1.910032493000,0.714733775400,-0.050189137970
5440.000000000000,1.779440694000,0.617204196400,-0.153171357200
5441.000000000000,1.777173476000,0.644668001200,0.023732245970
5442.000000000000,1.778828703000,0.202823970700,-0.248032208300
5443.000000000000,1.724000693000,-0.376885031000,-0.379954576500
5444.000000000000,2.094700737000,-0.702799764200,0.139598851600
5445.000000000000,1.707826190000,0.414251810600,0.263373751900
5446.000000000000,1.951701662000,0.557465011000,0.415288824200
5447.000000000000,2.080032069000,-0.298067834300,-0.641408336200
5448.000000000000,1.724460487000,0.027965371460,-0.551832156000
5449.000000000000,2.025581040000,-0.688257894700,-0.200222892700
5450.000000000000,2.049057678000,-0.701987375800,-0.028495318370
5451.000000000000,2.064442309000,-0.222631493700,0.691627486100
5452.000000000000,2.630593705000,0.054278144220,-0.293791963200
5453.000000000000,2.640011476000,-0.097033681060,-0.290820890800
5454.000000000000,2.436858476000,-0.043371292880,-0.341546564300
5455.000000000000,2.647103572000,0.199978256500,-0.236633916400
5456.000000000000,2.438617728000,0.116649411800,-0.368641668800
5457.000000000000,2.393786758000,0.147986872600,0.268745600900
5458.000000000000,2.368924606000,0.310273600600,0.098047355640
5459.000000000000,2.360468980000,0.209428952200,0.177613750500
5460.000000000000,1.731014618000,-0.606132810500,0.093218374580
5461.000000000000,2.113473250000,-0.571428537700,0.445121687700
5462.000000000000,2.143619830000,-0.615379613100,0.318672223400
5463.000000000000,2.456473991000,0.697350642300,0.165432606200
5464.000000000000,2.327260534000,0.348089850600,0.596861360100
5465.000000000000,2.346927499000,0.209641059500,0.659991412400
5466.000000000000,1.962755003000,0.626320414000,-0.361964997400
5467.000000000000,1.936455468000,0.664454439300,-0.215358895200
5468.000000000000,2.349457952000,0.653130817100,-0.154750269600
5469.000000000000,2.020665418000,0.708893953300,-0.011792211920
5470.000000000000,2.049979508000,0.674455961000,-0.175618480300
5471.000000000000,1.734927885000,0.511567280500,0.048134816330
5472.000000000000,2.296431899000,-0.515736046500,-0.438461124100
5473.000000000000,2.390067344000,-0.426474431800,-0.598565866700
5474.000000000000,2.432692959000,-0.570408494200,-0.396309572900
5475.000000000000,2.371285621000,-0.694620221000,-0.215206748800
5476.000000000000,1.949453003000,0.371017929300,0.593904009000
5477.000000000000,2.110252813000,0.076931385530,0.687663508400
5478.000000000000,2.191548847000,-0.708473512900,0.095165905400
5479.000000000000,2.429428847000,-0.306524253600,0.111690684300
5480.000000000000,2.325667028000,-0.722003914200,-0.013519763350
5481.000000000000,1.945713843000,0.704459124500,0.145047344900
5482.000000000000,2.104050640000,0.635064992000,0.316035707000
5483.000000000000,2.336146431000,0.587120014700,0.379356202300
5484.000000000000,2.461886844000,0.650478367300,0.262182472700
5485.000000000000,2.117234097000,-0.417570273800,0.553673810000
5486.000000000000,2.081876992000,0.430083544500,-0.529283762800
5487.000000000000,2.155226550000,0.163000647300,-0.111107021900
5488.000000000000,2.296530950000,0.566350938100,-0.360325876600
5489.000000000000,2.365182909000,0.488794023500,-0.552765992600
5490.000000000000,2.200804646000,-0.353622729900,-0.624410180200
5491.000000000000,2.146905382000,-0.463774094100,-0.569418130000
5492.000000000000,2.110973305000,0.301628609700,0.618691727200
5493.000000000000,2.098195544000,0.416764788100,0.558918500000
5494.000000000000,2.115067387000,-0.625521275700,-0.351517349600
5495.000000000000,2.293625702000,0.697416011000,0.162060062900
5496.000000000000,2.348710860000,0.495850872100,0.522719018300
5497.000000000000,2.151927330000,0.536312827700,0.473425827800
5498.000000000000,2.285301609000,0.718414455700,0.039199600920
5499.000000000000,2.205965430000,0.679318728700,-0.169654311300
5500.000000000000,2.089253314000,0.617461038600,-0.344801394100
5501.000000000000,2.190085099000,0.405129225500,-0.545428275800
5502.000000000000,2.432700584000,0.047359207620,-0.096112860550
5503.000000000000,2.115763017000,-0.210851816700,-0.089594173480
5504.000000000000,2.111960877000,0.701148048000,0.138890218400
5505.000000000000,2.105778652000,0.106203896300,0.125018150800
5506.000000000000,2.103101678000,0.005661581015,0.220297790700
5507.000000000000,0.229601500700,-0.683565055300,0.122376851700
5508.000000000000,0.234873464300,-0.688749562700,-0.256045808400
5509.000000000000,0.166360700500,-0.345555047100,0.609510695700
5510.000000000000,0.178993660700,-0.107114267600,0.365489176500
5511.000000000000,0.191849912400,-0.495785385700,-0.378993733000
5512.000000000000,0.202449974200,0.645126671900,-0.241272656500
5513.000000000000,0.131432539100,-0.148130413800,0.500797041000
5514.000000000000,0.115718832300,-0.004460641633,0.442031411200
5515.000000000000,0.155405016400,-0.267886955800,-0.293436569900
5516.000000000000,0.097136630720,0.393601946300,0.111597107300
5517.000000000000,0.078613512810,0.116697231800,0.560930810600
5518.000000000000,0.129858400600,0.072326499460,0.594891353100
5519.000000000000,0.146118227000,-0.467581984900,-0.551539979600
5520.000000000000,0.256289338200,-0.330946808200,-0.534208609900
5521.000000000000,0.081917468800,-0.355108646700,-0.401653112300
5522.000000000000,0.157037041700,-0.336593929100,-0.576012797900
5523.000000000000,0.072462781720,-0.181072242200,-0.586831512600
5524.000000000000,0.151002476200,-0.187535450100,-0.394210531700
5525.000000000000,0.295560320300,0.338288598600,0.052567636780
5526.000000000000,0.105317838400,-0.489095401800,-0.328379791300
5527.000000000000,0.102110548700,0.294159241800,0.453392863100
5528.000000000000,0.107909770500,0.453076767700,0.475682437100
5529.000000000000,0.149884616500,0.540857882900,0.480309133100
5530.000000000000,0.188877455200,0.304085792900,-0.621539167000
5531.000000000000,0.159098015400,0.077191009490,-0.591664066100
5532.000000000000,0.162872050900,0.183657874200,-0.537184650700
5533.000000000000,0.162893631700,0.126236377900,-0.686215796800
5534.000000000000,0.165315254700,0.385300989300,-0.360901037700
5535.000000000000,0.163835354800,0.503437649200,-0.393121827600
5536.000000000000,0.171101464700,0.438899644600,-0.487972360000
5537.000000000000,0.307448079000,-0.562249116900,0.444351291400
5538.000000000000,0.308475899400,-0.551913429200,0.298074205600
5539.000000000000,0.451637628600,-0.456135419300,0.501436091600
5540.000000000000,0.251567496200,-0.458294187100,0.532149950100
5541.000000000000,0.280529829700,-0.356067942000,0.610718723200
5542.000000000000,0.253632397100,0.010236411140,0.300233114000
5543.000000000000,0.108889108000,-0.041027691650,0.600576368900
5544.000000000000,0.146901726800,0.088339802510,-0.305652721300
5545.000000000000,0.148755536400,-0.074140603650,-0.420701876000
5546.000000000000,0.115510640100,0.026860935400,-0.485245769600
5547.000000000000,0.242633486900,0.562840867100,-0.382425590900
5548.000000000000,0.146702279000,-0.130898940200,-0.323127488200
5549.000000000000,0.393864728100,-0.114880183600,-0.299063446000
5550.000000000000,0.191134836600,-0.009596612925,-0.646331199400
5551.000000000000,0.324730639400,0.422332510600,-0.580548110900
5552.000000000000,0.205873647500,0.720999887100,0.034038070230
5553.000000000000,0.419822860800,-0.514289122400,-0.459363384500
5554.000000000000,0.404731355200,0.607036301700,-0.330741692100
5555.000000000000,0.424647990400,0.697494900000,-0.177131683000
5556.000000000000,0.418480284200,0.559432650900,0.410258319000
5557.000000000000,0.372445339400,0.526330215300,0.494333845300
5558.000000000000,0.445187213100,-0.039785348100,0.713607105300
5559.000000000000,0.074198585030,-0.103258193500,-0.634443008200
5560.000000000000,0.498501426600,-0.657305502400,-0.237615715700
5561.000000000000,0.496715350400,-0.722394307300,-0.074230662010
5562.000000000000,0.424547246500,-0.661590688500,-0.213059836400
5563.000000000000,0.338229304400,-0.012236457220,-0.692470647800
5564.000000000000,0.329331646800,-0.201686332000,-0.689900276800
5565.000000000000,0.236965620000,-0.157045199600,-0.689117794600
5566.000000000000,0.507092649500,-0.351984633700,-0.616373555800
5567.000000000000,0.423797616900,-0.401098351300,-0.567343449900
5568.000000000000,0.446006495600,-0.235126580300,-0.688551062000
5569.000000000000,0.574014566600,-0.717457643200,0.022882228440
5570.000000000000,0.468403149800,-0.607825866200,0.324781310700
5571.000000000000,0.541984197000,-0.606496319700,0.178639033800
5572.000000000000,1.424141846000,-0.605894078800,0.198183448900
5573.000000000000,0.508806740800,0.395931112400,-0.575335855000
5574.000000000000,0.462904261000,0.265428716900,-0.642028023000
5575.000000000000,0.591159572300,-0.417863717600,-0.482328747600
5576.000000000000,0.567408512100,-0.159294622900,0.696172089200
5577.000000000000,0.643277307000,-0.032703223150,0.695374371100
5578.000000000000,0.493653971700,0.482109739200,-0.520256408800
5579.000000000000,0.581178913800,0.520740177600,-0.485876582400
5580.000000000000,0.645867371200,0.294037875500,-0.050214971870
5581.000000000000,1.262978419000,0.658254443000,-0.275382700500
5582.000000000000,1.490049700000,0.607161458300,-0.199639395800
5583.000000000000,1.527959464000,-0.527768335400,-0.084280942130
5584.000000000000,1.480666776000,-0.589790129400,-0.204620048300
5585.000000000000,1.494147440000,-0.322522490800,-0.131914887200
5586.000000000000,1.430843426000,-0.403876808900,0.059618290400
5587.000000000000,0.539801294500,-0.181689491600,-0.675117275300
5588.000000000000,0.603156173800,-0.046297107420,-0.696690716200
5589.000000000000,1.443275114000,-0.233457004800,0.663262986000
5590.000000000000,1.375521805000,-0.122800409100,0.622725653400
5591.000000000000,0.678512737100,0.294125676300,0.136821712500
5592.000000000000,0.497547616600,0.303180431000,0.074487430100
5593.000000000000,1.267505832000,0.594715985100,0.340198489900
5594.000000000000,1.396921379000,0.638720734800,0.289418647500
5595.000000000000,1.521805766000,-0.186806491800,0.524676376700
5596.000000000000,1.479564533000,-0.217421412600,0.441108708700
5597.000000000000,1.499654508000,-0.364891431400,0.547873412400
5598.000000000000,1.489716997000,-0.237425637600,0.117616953900
5599.000000000000,1.503615140000,-0.314440050100,0.250283973900
5600.000000000000,1.459321739000,0.009101038361,0.633407993800
5601.000000000000,1.330971347000,0.151468478100,0.664162157400
5602.000000000000,1.515508532000,0.395828175000,0.592593284700
5603.000000000000,1.416703597000,0.158366137500,0.203727030000
5604.000000000000,1.361525696000,0.277397559200,0.053589707610
5605.000000000000,1.346158056000,0.193447995400,0.096666591110
5606.000000000000,1.542792874000,0.334586411600,0.091927003350
5607.000000000000,1.487136667000,0.315128772200,-0.074316234500
5608.000000000000,0.663591375100,-0.428110100900,0.544681071000
5609.000000000000,1.498494340000,-0.089935994980,0.562787028400
5610.000000000000,1.511967765000,-0.187215255300,-0.515999802300
5611.000000000000,0.668809203400,0.598669749400,-0.345826076600
5612.000000000000,0.742726771300,-0.720999189700,-0.117136520800
5613.000000000000,1.526312112000,-0.309164235000,-0.438508667400
5614.000000000000,1.290129617000,0.529652269700,0.485494268500
5615.000000000000,0.589177319200,0.115361257100,-0.674449806200
5616.000000000000,0.563682901000,0.272886027300,-0.658156447400
5617.000000000000,1.527002153000,-0.235089213100,-0.284723611300
5618.000000000000,1.533194777000,-0.350913515900,-0.220455416500
5619.000000000000,0.637693772200,0.411650456500,-0.584895839400
5620.000000000000,0.767086760700,0.280671334200,-0.639894575700
5621.000000000000,0.700327037700,0.306714509000,-0.605922211300
5622.000000000000,1.487061626000,0.394284018900,-0.155352897900
5623.000000000000,1.355282516000,0.669358036200,0.209555590000
5624.000000000000,1.198311124000,0.683612277600,0.189569601000
5625.000000000000,1.283728373000,0.724210282100,0.050325875750
5626.000000000000,1.292402368000,0.631884197700,-0.091167898350
5627.000000000000,1.144748838000,-0.675362294700,-0.099313740820
5628.000000000000,1.458379005000,0.029095306320,-0.054759223660
5629.000000000000,1.519324880000,-0.462841158100,0.153178821000
5630.000000000000,0.829659926000,-0.313500147000,0.622953014800
5631.000000000000,0.777950849900,-0.165578042600,0.700757952100
5632.000000000000,0.860214472400,0.104138790500,0.282496520200
5633.000000000000,0.707886640200,0.230941428500,0.215046378000
5634.000000000000,1.234194143000,0.218861536400,0.043360830130
5635.000000000000,0.673646020000,-0.296154350800,-0.620365890000
5636.000000000000,0.639696836100,-0.195453111500,-0.663641629600
5637.000000000000,1.215717978000,0.568409588000,-0.405057020100
5638.000000000000,1.316500892000,0.481523633700,-0.498486651000
5639.000000000000,1.519491855000,0.252008568600,-0.415221485500
5640.000000000000,1.521616092000,0.129417209300,-0.324734304400
5641.000000000000,1.272188500000,-0.295574038700,0.635958569900
5642.000000000000,1.321792893000,-0.457163668600,0.555266502800
5643.000000000000,1.228146188000,0.018973412270,0.733138148600
5644.000000000000,1.189111051000,0.443458101100,-0.537867519600
5645.000000000000,0.925361469400,-0.704352386300,-0.130054546500
5646.000000000000,0.880600955600,-0.297801013900,-0.064421940110
5647.000000000000,0.829848828900,-0.645857333400,-0.257819032300
5648.000000000000,1.515184794000,-0.462742483900,-0.284877115600
5649.000000000000,1.194398513000,-0.385415436300,-0.615804462200
5650.000000000000,1.051288449000,-0.722485425300,0.047251386390
5651.000000000000,0.786492833800,0.009427106068,-0.722520820500
5652.000000000000,0.775375815300,-0.506594966500,0.524370696900
5653.000000000000,0.907014730400,-0.474881411800,0.494259218200
5654.000000000000,0.840527597500,0.381252495300,-0.632458301200
5655.000000000000,1.100457094000,-0.314931538500,0.548163208500
5656.000000000000,0.988462557800,-0.441371859000,0.527500397000
5657.000000000000,0.902952467600,0.131812163700,-0.699421335300
5658.000000000000,0.924017178500,-0.604122621400,-0.388422406700
5659.000000000000,0.760553249500,-0.582947399800,-0.414041962900
5660.000000000000,1.034299260000,-0.469937934200,-0.541646344900
5661.000000000000,1.007691654000,-0.573222622900,-0.413154818500
5662.000000000000,1.021129112000,-0.094165503050,0.694683492200
5663.000000000000,0.958129987500,-0.176228918100,0.655576084100
5664.000000000000,1.086005882000,-0.267983600800,0.653474118100
5665.000000000000,1.067653882000,0.067499373470,0.710716676500
5666.000000000000,1.008746457000,0.252380443000,0.653523755100
5667.000000000000,1.098082089000,0.413819720000,0.472333143800
5668.000000000000,1.075321424000,0.400052084700,0.590901132600
5669.000000000000,1.004784218000,0.522999257400,0.463019648900
5670.000000000000,1.057299167000,-0.649615809900,-0.241493953000
5671.000000000000,0.899036483200,-0.209889491400,-0.677142127000
5672.000000000000,1.037421344000,-0.285801323000,-0.663472495200
5673.000000000000,1.196472449000,-0.495726643700,-0.513654041600
5674.000000000000,1.030243169000,0.641296180400,0.309093135900
5675.000000000000,1.016866910000,0.676725008000,0.219244400700
5676.000000000000,1.072910506000,0.449657098300,-0.571146529500
5677.000000000000,1.030414147000,0.318670632700,-0.596682073000
5678.000000000000,1.133066254000,0.594324600300,-0.360345721500
5679.000000000000,1.203266013000,0.172439120700,-0.144346892600
5680.000000000000,0.746304219000,0.325115901600,-0.013126025930
5681.000000000000,0.897815074400,0.221611607400,0.033145188230
5682.000000000000,1.026848302000,-0.066265792560,-0.709853835100
5683.000000000000,1.075049850000,0.054977678810,-0.715536377900
5684.000000000000,1.254403656000,-0.039178904050,-0.715247708000
5685.000000000000,1.113528188000,-0.120086940600,-0.709851171600
5686.000000000000,1.053125240000,-0.006697818605,-0.112739234900
5687.000000000000,0.304679543900,0.101636642700,-0.067075784660
5688.000000000000,0.368629877300,-0.044523786600,-0.074728626020
5689.000000000000,-0.152054103800,-0.037538728590,-0.095165686140
5690.000000000000,-0.000760886030,-0.113537653300,-0.054841118970
5691.000000000000,-0.102804937300,-0.114464510700,-0.021873125780
5692.000000000000,0.066864692500,-0.038197554300,-0.019053475370
5693.000000000000,-0.178709004100,-0.049854918380,0.006567042376
5694.000000000000,-0.246825919600,-0.073163258140,-0.059660500670
5695.000000000000,0.471590121300,-0.080527894870,-0.075138913630
5696.000000000000,0.308218738000,0.024059739090,-0.019366657020
5697.000000000000,0.225170682500,0.045433002650,-0.028871624940
5698.000000000000,0.400462815400,0.100760386300,-0.080117635680
5699.000000000000,0.958012783300,-0.154517181100,-0.039886836180
5700.000000000000,1.061357660000,-0.093681951400,-0.203979607400
5701.000000000000,1.054320715000,0.040314136630,-0.022616884390
5702.000000000000,1.057850143000,0.051294107320,-0.197429188300
5703.000000000000,1.044574841000,-0.109024862400,-0.632404274800
5704.000000000000,1.216286863000,-0.140083302000,-0.664578420700
5705.000000000000,1.164680133000,0.021866250370,-0.692495489000
5706.000000000000,1.306154591000,-0.007010609409,-0.630976886600
5707.000000000000,1.004268471000,0.017078525050,-0.698549448600
5708.000000000000,0.931206247700,-0.123532536700,-0.697087872200
5709.000000000000,0.998890693800,0.606516195300,0.148290822700
5710.000000000000,0.887582523700,0.116848616900,0.159061726500
5711.000000000000,0.956789045200,0.160798380500,-0.057928246140
5712.000000000000,0.847946853500,0.147713502100,0.047783533940
5713.000000000000,0.824827228500,0.329199848500,0.073907352030
5714.000000000000,0.779742651200,0.616161548000,0.095480109640
5715.000000000000,0.726249594800,0.382069535300,-0.093187868950
5716.000000000000,0.670538370900,0.392200936700,0.064964697690
5717.000000000000,1.297259920000,0.270120878400,-0.051652139190
5718.000000000000,1.054365574000,0.558741813000,-0.229548771700
5719.000000000000,0.956582432600,0.138644694300,-0.599172646300
5720.000000000000,1.132927799000,0.296724903500,-0.550308809200
5721.000000000000,0.985784935600,0.391537572200,-0.571661636700
5722.000000000000,1.047130375000,0.515716573800,-0.481379982400
5723.000000000000,1.140924097000,0.613168008200,0.317541358000
5724.000000000000,1.189337003000,-0.388726534200,-0.498270494900
5725.000000000000,1.203201680000,-0.566755212300,-0.452361222300
5726.000000000000,1.116233578000,-0.416445294600,-0.484949701800
5727.000000000000,1.130673751000,-0.289024387900,-0.640812504400
5728.000000000000,0.966946893200,-0.231578114300,-0.601505216600
5729.000000000000,0.815818620500,-0.242147467600,-0.597963659000
5730.000000000000,1.125393863000,-0.662984302200,-0.210115742500
5731.000000000000,0.959695374100,-0.600623029500,-0.183299486700
5732.000000000000,0.925685903400,0.504716966400,0.518341047800
5733.000000000000,0.965134012200,0.590901020000,0.439025327000
5734.000000000000,1.075650402000,0.488408663900,0.396782939200
5735.000000000000,0.979727480300,0.409221919100,0.480424861000
5736.000000000000,1.166210289000,0.423984766400,0.546573503600
5737.000000000000,1.099211819000,0.320740056800,0.558809467700
5738.000000000000,1.215767848000,0.229542165400,0.231933667000
5739.000000000000,0.950543383700,0.210384279800,0.685937385600
5740.000000000000,1.144969011000,0.103227790900,0.626247667100
5741.000000000000,1.001933678000,0.086056400210,0.656798969600
5742.000000000000,1.149791149000,-0.216040973900,0.602353529200
5743.000000000000,1.014599219000,-0.235244966000,0.587250456900
5744.000000000000,0.875486921900,-0.123663936100,0.622002350600
5745.000000000000,0.935824692200,-0.500267997500,-0.382142256700
5746.000000000000,0.952091033500,-0.435683869800,-0.565547383400
5747.000000000000,0.670831113800,-0.289872232200,-0.292874661200
5748.000000000000,0.667655990700,-0.542785837200,-0.469838896200
5749.000000000000,0.755220892900,-0.562231235100,-0.278009415500
5750.000000000000,0.931062183700,0.221078282300,-0.687198243000
5751.000000000000,0.927609711600,-0.371402778500,0.610364475900
5752.000000000000,0.977164072500,-0.433236227500,0.446245715100
5753.000000000000,1.263786452000,-0.316547064900,0.525410394900
5754.000000000000,1.210074051000,-0.130970577000,0.270747281900
5755.000000000000,0.824599958800,0.389217182000,-0.512888276900
5756.000000000000,0.825211139600,-0.417122681800,0.478036730100
5757.000000000000,0.958163586000,-0.541755491200,0.428001876200
5758.000000000000,0.743516894400,-0.448586418400,0.582134730800
5759.000000000000,0.726435562000,-0.520145057800,0.426081258000
5760.000000000000,0.850268537900,-0.068141785890,-0.717982798300
5761.000000000000,0.713330065400,-0.058459431030,-0.695612484800
5762.000000000000,1.041742264000,-0.636056429700,0.004314730245
5763.000000000000,1.171170080000,-0.700004502000,0.043713441790
5764.000000000000,1.299461221000,-0.356601208900,-0.596214020200
5765.000000000000,1.527394566000,-0.572767611100,-0.320086224100
5766.000000000000,1.426028454000,-0.406005166500,-0.301167815200
5767.000000000000,0.733422857900,-0.659555351700,-0.224883198300
5768.000000000000,0.787490371200,-0.363302152200,0.035345227840
5769.000000000000,0.823481248900,-0.631242654700,-0.067613458900
5770.000000000000,0.875110402700,-0.686869975300,-0.047497375010
5771.000000000000,1.245515186000,0.452605314300,-0.419334962600
5772.000000000000,1.233553587000,0.392636536100,-0.615183821500
5773.000000000000,1.289799313000,-0.485169226600,0.448463658700
5774.000000000000,1.208777893000,-0.382549272600,0.602249635500
5775.000000000000,1.450547603000,0.168178176800,-0.360166273000
5776.000000000000,1.415652488000,0.306384690400,-0.466560839000
5777.000000000000,1.318462898000,0.592589288000,-0.338854992000
5778.000000000000,0.621770522000,-0.204416981900,-0.572546336300
5779.000000000000,0.781977552900,-0.374124424700,-0.577234320100
5780.000000000000,0.667433234200,-0.393290976200,-0.543996341200
5781.000000000000,0.623663829100,0.247053060800,0.218784012500
5782.000000000000,0.742965054800,0.312006510800,0.225018958400
5783.000000000000,0.886366079800,-0.018154454290,0.352673508600
5784.000000000000,0.811124660600,0.117366617800,0.366829051400
5785.000000000000,0.821080876100,-0.083126644230,0.692088546700
5786.000000000000,0.741664275500,-0.177207105500,0.603524992400
5787.000000000000,1.429071513000,-0.507263913000,0.114414842000
5788.000000000000,1.427970158000,-0.417759182100,0.195093850900
5789.000000000000,1.520870975000,-0.420369207300,0.087772765500
5790.000000000000,1.268022651000,0.614162046500,0.143730869700
5791.000000000000,1.307170070000,0.590442960200,-0.187745267300
5792.000000000000,1.354961789000,0.580487611700,-0.012551655300
5793.000000000000,1.227233792000,0.689073332200,-0.126185202300
5794.000000000000,1.102954898000,0.699494792800,0.143186128900
5795.000000000000,1.397020040000,0.702334634000,0.160036450500
5796.000000000000,1.341619955000,0.544406111500,0.266251391500
5797.000000000000,1.406845564000,0.593563537800,0.163560157400
5798.000000000000,1.497945262000,0.524798927500,-0.134362244000
5799.000000000000,1.426136615000,0.416493905800,-0.248202098000
5800.000000000000,1.414005960000,0.351216678700,-0.143165406500
5801.000000000000,0.735752949600,0.196881153100,-0.580172570000
5802.000000000000,0.712077042100,0.409785816400,-0.551862401600
5803.000000000000,0.635688331800,0.360714147900,-0.498542690700
5804.000000000000,1.425095430000,-0.194338256000,-0.259393204500
5805.000000000000,0.497112371800,0.192010792100,-0.592776767300
5806.000000000000,0.541927502700,0.278622812200,-0.560761662100
5807.000000000000,0.560923015500,0.038782707140,-0.388911455500
5808.000000000000,1.443557221000,-0.304261800800,-0.374351466500
5809.000000000000,1.528409413000,-0.216605619300,-0.427563207400
5810.000000000000,0.665284985000,-0.631256790400,-0.091251386500
5811.000000000000,0.580195154800,0.514258142700,-0.342944723000
5812.000000000000,0.721320846900,0.620356661400,-0.235734183000
5813.000000000000,0.741494192900,0.533065401300,-0.343680331900
5814.000000000000,1.394615357000,-0.197395424200,-0.521121804100
5815.000000000000,1.531117917000,-0.205359145700,-0.606900082400
5816.000000000000,1.423092870000,-0.013623635840,0.543809159600
5817.000000000000,1.435501643000,-0.187125648200,0.548638824800
5818.000000000000,1.415711123000,-0.060940276610,0.628399631700
5819.000000000000,0.585926675000,-0.402587922100,0.487180311800
5820.000000000000,1.440563003000,0.350234132300,0.021746663010
5821.000000000000,1.471184526000,0.357418633400,0.101530919300
5822.000000000000,1.363903972000,0.133605531400,0.310954660200
5823.000000000000,1.339143165000,0.242961732500,0.240131162300
5824.000000000000,1.464538526000,0.308815072600,0.545905220600
5825.000000000000,1.400646134000,0.172064969500,0.568313743300
5826.000000000000,1.427133625000,0.089330690550,0.582394012200
5827.000000000000,1.437946348000,-0.280871697700,0.350603637400
5828.000000000000,1.420604147000,-0.311200974800,0.094009855690
5829.000000000000,1.408262305000,-0.319658845600,0.519592279700
5830.000000000000,1.502026398000,-0.175583275900,0.371615331700
5831.000000000000,1.420255652000,-0.113252403800,0.412495224400
5832.000000000000,0.504869272500,0.274293196500,0.146868735600
5833.000000000000,0.417688183000,0.372206170500,0.103188523200
5834.000000000000,0.484334157300,0.385403369500,0.008237097218
5835.000000000000,1.376248827000,-0.116738082400,0.702280523100
5836.000000000000,0.571973792900,-0.108517105800,-0.714095701300
5837.000000000000,0.459710721700,-0.177406111100,-0.609618016800
5838.000000000000,1.366818272000,-0.581063001000,-0.084520473690
5839.000000000000,1.398665955000,-0.380980938000,-0.101344009700
5840.000000000000,1.471906764000,-0.436770494400,-0.086225896170
5841.000000000000,1.419621143000,-0.258211371800,-0.171436338800
5842.000000000000,1.449215855000,-0.512307269900,-0.138727851700
5843.000000000000,1.537664103000,0.569484348200,-0.231646271300
5844.000000000000,1.450005233000,0.673182805700,-0.171149201700
5845.000000000000,0.589944302200,0.279665411100,-0.123909804500
5846.000000000000,0.440127028100,0.455949407400,-0.435733132700
5847.000000000000,0.545709915700,-0.003626263190,0.630597654900
5848.000000000000,0.466143993500,-0.434015698200,-0.460416037900
5849.000000000000,0.488715406100,0.346058213000,-0.637460980200
5850.000000000000,1.341399113000,-0.560453029800,0.149090715100
5851.000000000000,0.610293522600,-0.625678223700,0.072496022310
5852.000000000000,0.570134063400,-0.332278127500,0.183575853000
5853.000000000000,0.433113512200,-0.597135120600,0.204708374400
5854.000000000000,0.517785978800,-0.626600225800,0.057534843900
5855.000000000000,0.640226371900,-0.623314473700,0.187960128000
5856.000000000000,0.429975207500,-0.517664908400,0.355017069300
5857.000000000000,0.392393336500,-0.636590476200,0.285723980600
5858.000000000000,0.351757230900,-0.347496517100,-0.532832260300
5859.000000000000,0.293176402500,-0.197461051700,-0.596707416100
5860.000000000000,0.178125020000,-0.183555684200,-0.625050075100
5861.000000000000,0.215194419000,-0.067160993220,-0.706508163800
5862.000000000000,0.422861180200,-0.005840437570,-0.723987514700
5863.000000000000,0.319108040700,0.036288378500,-0.615068306500
5864.000000000000,0.359060123000,-0.587827762000,-0.217732793200
5865.000000000000,0.546833450000,-0.715240199900,-0.159639660500
5866.000000000000,0.469241494200,-0.630761956700,-0.057915789590
5867.000000000000,0.606388316400,-0.688435916800,-0.239859024300
5868.000000000000,0.113896144700,-0.013496169370,-0.639923532500
5869.000000000000,0.511651058100,0.033282868370,0.728290249500
5870.000000000000,0.378475009000,-0.021665589800,0.643922702000
5871.000000000000,0.365337215600,0.393293218000,0.481930677700
5872.000000000000,0.455102740100,0.463229492300,0.546371124200
5873.000000000000,0.532834711300,0.552960788200,0.390864702700
5874.000000000000,0.395948370200,0.553266190900,0.294895720000
5875.000000000000,0.346642731500,0.619717841400,-0.210065472900
5876.000000000000,0.516689541500,0.599126655300,-0.367488137100
5877.000000000000,0.406216367000,0.592905859100,-0.421656564700
5878.000000000000,0.285999328200,-0.426324357700,-0.450478801100
5879.000000000000,0.218633659800,0.632368766900,-0.027666393500
5880.000000000000,0.152093553600,0.668328323600,0.088448260860
5881.000000000000,0.295843200000,0.495494873600,-0.550008156800
5882.000000000000,0.246550316900,0.350106895900,-0.526483181300
5883.000000000000,0.270693645300,0.353518792600,-0.630387515700
5884.000000000000,0.458316946200,-0.146943753300,-0.272206067700
5885.000000000000,0.306440423400,-0.182687398300,-0.289589122400
5886.000000000000,0.321183116400,-0.074217105340,-0.301026489200
5887.000000000000,0.414256827500,-0.023127896220,-0.334894904500
5888.000000000000,0.145057971200,-0.024384937650,-0.333929519000
5889.000000000000,0.223987030100,-0.129166882700,-0.391604518400
5890.000000000000,0.230735365800,0.454933909400,-0.343732669200
5891.000000000000,0.238775241800,0.551019378600,-0.292604806000
5892.000000000000,0.060803330220,0.109764811200,-0.433241454800
5893.000000000000,0.218894652900,0.070343859000,-0.503623318100
5894.000000000000,0.189669187500,0.135580911500,-0.372118919800
5895.000000000000,0.201645614100,-0.105367548600,0.565827756400
5896.000000000000,0.165018183300,-0.092954268910,0.650875421800
5897.000000000000,0.155008455200,0.022739354110,0.539103985800
5898.000000000000,0.349507395000,-0.023014155730,0.393382581300
5899.000000000000,0.312826115800,-0.376039224100,0.509658714800
5900.000000000000,0.215905683100,-0.342271235600,0.521344431000
5901.000000000000,0.316736661300,-0.267442706300,0.647322711700
5902.000000000000,0.202395135700,-0.461944999500,0.423892812200
5903.000000000000,0.341956376900,-0.447525230200,0.514359985500
5904.000000000000,0.488702747200,-0.430768824500,0.578434420900
5905.000000000000,0.228560811800,-0.596119366800,0.164416902600
5906.000000000000,0.318647490800,-0.361167125300,0.177979828000
5907.000000000000,0.411469920000,-0.540289677900,0.448122950800
5908.000000000000,0.152860339600,0.473847745300,-0.306494965900
5909.000000000000,0.174795167000,0.296175760100,-0.309455063900
5910.000000000000,0.208527285900,0.149362524700,-0.602475477400
5911.000000000000,0.110571424000,0.233837914700,-0.484424408400
5912.000000000000,0.113841964100,0.307976417800,-0.572459243500
5913.000000000000,0.226849376000,0.549236868300,0.435535968100
5914.000000000000,0.194436129000,0.446884118100,0.452585531500
5915.000000000000,0.194408428300,0.241164254600,0.411446754900
5916.000000000000,0.105831038300,0.186401336100,0.434880819000
5917.000000000000,0.164824412700,0.312598267600,0.366880653500
5918.000000000000,0.170427389800,-0.522257604700,-0.232109974100
5919.000000000000,0.146585136300,-0.486703990700,-0.433711007700
5920.000000000000,0.161592369100,-0.385635986300,-0.341845705600
5921.000000000000,0.252410853100,0.421773954400,0.140763266100
5922.000000000000,0.258945262800,0.325043461300,-0.048677123450
5923.000000000000,0.389552130500,0.289466185300,0.105682658400
5924.000000000000,0.253880748200,0.431234757000,0.015462326930
5925.000000000000,0.138861836100,-0.287148280600,-0.379964257900
5926.000000000000,0.182737181400,-0.300396061500,-0.504312188200
5927.000000000000,0.199679517500,-0.303724668900,-0.631985223900
5928.000000000000,0.225820593500,0.109093313400,0.600495685600
5929.000000000000,0.164410963200,0.012332937270,0.659118484900
5930.000000000000,0.109404018000,0.526449774800,0.084286591920
5931.000000000000,0.123528074900,0.447586440200,0.201219224300
5932.000000000000,0.190827230400,-0.301856319300,-0.190957030300
5933.000000000000,0.120460093100,0.079871362130,0.451792642500
5934.000000000000,0.068003072550,-0.230810787600,0.514573699100
5935.000000000000,0.142128873800,-0.153399825700,0.414106328100
5936.000000000000,0.148200327300,0.583454379900,-0.199795291200
5937.000000000000,0.276802599700,0.650601838300,-0.156116342600
5938.000000000000,0.245711703000,-0.166781258000,0.362026064200
5939.000000000000,0.158849119300,-0.254699984800,0.650446109300
5940.000000000000,0.240549956900,-0.613170107200,-0.196484051800
5941.000000000000,2.339207932000,-0.077696418820,0.260954348000
5942.000000000000,2.051063600000,0.153586112900,0.576803869200
5943.000000000000,2.049175321000,-0.089539634050,0.279319982600
5944.000000000000,2.184805792000,-0.066588530380,0.169545758600
5945.000000000000,2.065499191000,0.099695944610,0.220305209800
5946.000000000000,1.982016904000,0.023898340460,0.264294777600
5947.000000000000,2.176264429000,0.150680190000,0.018460159940
5948.000000000000,2.211253355000,0.714037077500,0.077519984360
5949.000000000000,2.190049569000,0.691158050700,0.181042723200
5950.000000000000,2.063707216000,0.620775682000,0.139164513800
5951.000000000000,2.029772932000,0.698645090900,0.088321138890
5952.000000000000,2.056012288000,-0.551751593000,-0.310918040900
5953.000000000000,2.312953305000,-0.285416942900,0.048292444340
5954.000000000000,2.060044876000,-0.215285396100,-0.211576103000
5955.000000000000,1.998055077000,-0.263785638800,-0.003871338288
5956.000000000000,2.186704207000,-0.148575569500,-0.036058053950
5957.000000000000,2.416825688000,0.002021089272,-0.004144611366
5958.000000000000,2.323417118000,0.011609628010,-0.114104696800
5959.000000000000,2.153736312000,0.414548345500,-0.450551393600
5960.000000000000,2.194322029000,0.530402399400,-0.274913955200
5961.000000000000,2.021268509000,0.649515369600,-0.286334985500
5962.000000000000,2.200815612000,0.649317865000,-0.266203290900
5963.000000000000,2.262336433000,0.610581614400,-0.088321977720
5964.000000000000,2.234553642000,0.705516109900,-0.028759745470
5965.000000000000,2.220938365000,0.561146288800,0.396205917000
5966.000000000000,2.167404065000,0.452922993900,0.444398194300
5967.000000000000,2.049478966000,0.525545541800,0.456012982500
5968.000000000000,2.288800915000,0.421044595400,0.560852695800
5969.000000000000,2.354217724000,0.633320712800,0.224539229000
5970.000000000000,2.102234528000,-0.550836220200,-0.419022830500
5971.000000000000,2.083720499000,-0.651331661400,-0.256893515900
5972.000000000000,2.177202127000,-0.646114460600,-0.277303189300
5973.000000000000,2.196342473000,0.223262735300,0.661154104100
5974.000000000000,2.194411358000,0.320650128800,0.636417582100
5975.000000000000,2.143865681000,-0.385047948400,-0.507601021400
5976.000000000000,2.456015144000,0.464677143100,-0.547405750100
5977.000000000000,2.385249152000,0.424136555700,-0.475382892400
5978.000000000000,2.392516260000,0.568925475200,-0.450160986300
5979.000000000000,2.276705161000,0.544234137100,-0.464146065200
5980.000000000000,2.362647216000,0.621139698600,-0.374342766500
5981.000000000000,2.369689202000,0.562278824300,-0.266061723200
5982.000000000000,2.342876797000,0.141786164600,-0.168029477000
5983.000000000000,2.298620891000,0.275895416100,-0.051452627900
5984.000000000000,1.990662672000,0.356434912900,-0.506452424400
5985.000000000000,2.191730322000,-0.494120960400,0.520265931700
5986.000000000000,2.018041503000,-0.472467269200,0.520651544800
5987.000000000000,2.124669139000,-0.296871821000,0.557254704500
5988.000000000000,2.459289675000,0.558272075400,0.293455989000
5989.000000000000,2.349223832000,0.291162474500,0.220199084200
5990.000000000000,2.040586534000,0.588871972700,0.375283188500
5991.000000000000,1.812769968000,0.597456335300,0.098072173050
5992.000000000000,1.925400530000,0.702280521100,0.048924093400
5993.000000000000,2.382081357000,-0.609845366300,0.130730944700
5994.000000000000,2.277839454000,-0.727777556300,0.095031765320
5995.000000000000,2.396796912000,-0.549831889400,0.305578003100
5996.000000000000,2.515745239000,-0.302605984600,0.030576179620
5997.000000000000,2.087584313000,-0.002542771910,0.639821168600
5998.000000000000,1.820476452000,0.394256768300,0.420662024400
5999.000000000000,1.904982148000,0.265349222400,0.561552135000
6000.000000000000,2.463415903000,-0.658819181400,-0.251342141300
6001.000000000000,2.426382263000,-0.686576335800,-0.142061804700
6002.000000000000,2.412038251000,-0.339508411400,-0.139965444700
6003.000000000000,2.317252970000,-0.667566894700,-0.148525589400
6004.000000000000,2.279779185000,-0.677860686600,-0.218392205400
6005.000000000000,2.353266927000,-0.575811609600,-0.428810651300
6006.000000000000,2.508084954000,-0.559945353700,-0.442936699700
6007.000000000000,2.542439471000,-0.459551233500,-0.420221534200
6008.000000000000,2.326674765000,-0.470889210100,-0.511645657100
6009.000000000000,2.413029766000,-0.278059185600,-0.559820089700
6010.000000000000,2.465495771000,-0.368690993800,-0.582780759900
6011.000000000000,1.705178192000,0.609215308200,0.059060266640
6012.000000000000,1.811196264000,0.456780915500,0.067933189420
6013.000000000000,1.982606591000,0.591642327900,-0.127088317100
6014.000000000000,2.437205366000,0.621869601000,-0.135881428600
6015.000000000000,1.857982290000,0.592188496100,-0.215042295800
6016.000000000000,1.885165112000,0.511082990600,-0.378819796600
6017.000000000000,1.868314611000,0.622825882200,-0.367396050100
6018.000000000000,2.427870232000,0.209761779000,0.591365448900
6019.000000000000,2.069685069000,-0.571537566500,0.203980284000
6020.000000000000,2.094941103000,-0.516989610700,0.352798004700
6021.000000000000,2.211833257000,-0.657755848100,0.266025376000
6022.000000000000,2.021887331000,-0.567159855700,0.439710721800
6023.000000000000,1.836399376000,-0.629124887000,0.067444621190
6024.000000000000,1.805536884000,-0.525674332600,0.137453547200
6025.000000000000,2.343848738000,0.122638925200,0.173701845200
6026.000000000000,2.471550395000,0.328107907400,0.137603663100
6027.000000000000,2.514283298000,0.059360466990,0.383398262200
6028.000000000000,2.351834638000,0.039627181660,0.276751044300
6029.000000000000,2.471175488000,0.005777789455,-0.428669036900
6030.000000000000,2.344082918000,0.066525559220,-0.377547025600
6031.000000000000,2.459383615000,0.154055857200,-0.276349800900
6032.000000000000,2.534932315000,0.066908043480,-0.361566505000
6033.000000000000,2.359405036000,0.242827669700,-0.578477271800
6034.000000000000,2.683297128000,0.350373846700,-0.515202406200
6035.000000000000,2.685648478000,0.143734708000,-0.266220873200
6036.000000000000,2.642150763000,0.245472820900,-0.177002503700
6037.000000000000,2.484487028000,-0.094653555590,-0.388612615200
6038.000000000000,2.732421474000,-0.000568676318,-0.327431243800
6039.000000000000,2.649936341000,-0.166373909300,-0.345653301200
6040.000000000000,1.999661360000,-0.124545736000,0.690933914500
6041.000000000000,2.001930816000,-0.315647330500,0.619901689700
6042.000000000000,2.147216665000,-0.280615672900,0.649664245500
6043.000000000000,2.023777076000,-0.699052439400,0.076018629630
6044.000000000000,2.160320336000,-0.691043047400,-0.040376173010
6045.000000000000,1.912317933000,-0.657417406800,-0.206136675000
6046.000000000000,1.793588913000,0.098763355030,-0.583409696100
6047.000000000000,1.701879749000,0.104605239700,-0.536037183300
6048.000000000000,1.806130116000,0.050353298470,-0.518018219900
6049.000000000000,2.026764089000,-0.208363536500,-0.678754984700
6050.000000000000,2.022046562000,-0.381648830700,-0.617933822900
6051.000000000000,1.890587755000,0.523756701600,0.353248214500
6052.000000000000,1.776623130000,-0.307132986300,-0.434620562100
6053.000000000000,1.812402261000,0.186038780300,-0.380810478400
6054.000000000000,1.798279525000,0.297169502000,-0.270756385200
6055.000000000000,1.839811659000,0.134053918100,-0.210282964700
6056.000000000000,1.695011153000,0.637525237000,-0.017499125560
6057.000000000000,1.761131990000,0.587618101700,-0.257662139000
6058.000000000000,1.803863871000,0.534167817200,-0.110844557400
6059.000000000000,1.699199044000,0.317166160900,-0.477210904200
6060.000000000000,2.007058605000,0.332748455100,-0.644643676600
6061.000000000000,1.807192681000,0.232259292900,-0.676612179700
6062.000000000000,2.561591917000,0.229665041300,0.650617135300
6063.000000000000,2.452303141000,0.105209780800,0.621123893200
6064.000000000000,1.900315390000,0.134184619200,0.704828759900
6065.000000000000,1.712031234000,0.284943728000,0.228623430400
6066.000000000000,1.758056417000,0.282430612800,0.048929188370
6067.000000000000,1.835224063000,0.296750141700,0.132699085000
6068.000000000000,1.736014563000,0.488553305500,0.181394764200
6069.000000000000,1.794073275000,0.119161715500,0.465179548500
6070.000000000000,2.572620185000,-0.641506750900,0.023831844700
6071.000000000000,1.734888256000,-0.186351389600,0.382380432000
6072.000000000000,1.768958333000,-0.212551592700,0.216531279500
6073.000000000000,1.757798347000,-0.068723904670,0.294153212400
6074.000000000000,2.667577125000,-0.214351915900,0.598990316700
6075.000000000000,2.488265963000,-0.302180252700,0.559049820900
6076.000000000000,2.714867190000,-0.337357012300,0.605126464000
6077.000000000000,1.900442149000,-0.438579885300,0.467067640200
6078.000000000000,1.851817721000,-0.210113818700,0.554492476300
6079.000000000000,1.819255700000,-0.313520508000,0.468812280500
6080.000000000000,1.713568496000,-0.041821243910,0.545229639300
6081.000000000000,1.739897618000,-0.130990623100,0.709423937300
6082.000000000000,2.619788382000,0.628966279100,-0.064128826060
6083.000000000000,2.757869622000,0.292171273700,0.004205514846
6084.000000000000,1.892762519000,0.186451685600,0.142913038100
6085.000000000000,1.774333177000,0.098929115310,0.217855846800
6086.000000000000,1.801201533000,0.044525314700,0.381445234400
6087.000000000000,1.948742420000,-0.572928154400,0.215765267500
6088.000000000000,1.855506304000,-0.336310438100,0.093367497140
6089.000000000000,1.797032504000,-0.398120348100,0.024637098990
6090.000000000000,1.824178673000,-0.311704237900,-0.122246699300
6091.000000000000,1.844334422000,-0.248898055800,-0.037518361770
6092.000000000000,2.761631201000,-0.563092842100,-0.400084899100
6093.000000000000,2.592036473000,-0.678032823100,-0.093275994170
6094.000000000000,2.592749688000,-0.663571483300,-0.244763336700
6095.000000000000,2.633672298000,-0.364718410200,-0.591254627700
6096.000000000000,1.777128485000,-0.296424915700,-0.240329118500
6097.000000000000,1.717129111000,-0.154943550900,-0.371454419800
6098.000000000000,1.907006840000,-0.220059433400,0.150031615100
6099.000000000000,1.730940588000,0.371125832800,0.504365472100
6100.000000000000,2.555277376000,-0.690950133700,0.204269906800
6101.000000000000,1.848371185000,-0.466254890800,-0.352567337100
6102.000000000000,2.843091606000,-0.252072604900,-0.592444879200
6103.000000000000,2.668806111000,-0.212407571200,-0.610627340300
6104.000000000000,1.708977957000,-0.195653135900,-0.546851464100
6105.000000000000,1.921551215000,-0.620266774500,0.332304425700
6106.000000000000,1.905132105000,-0.513177042800,0.383315067900
6107.000000000000,1.769113705000,-0.453788671100,0.271727427400
6108.000000000000,2.810000555000,0.326282662300,0.531068390200
6109.000000000000,2.912367457000,-0.041557913210,-0.090419221160
6110.000000000000,2.778518864000,0.029317797000,0.001528045520
6111.000000000000,2.825518551000,0.343732663000,-0.164356398000
6112.000000000000,2.792604402000,0.249589054900,-0.284473734100
6113.000000000000,2.747085579000,0.215076674900,0.210145519200
6114.000000000000,2.706117670000,0.138612127000,0.354107148800
6115.000000000000,2.985347129000,0.114560199600,-0.027585243330
6116.000000000000,3.217535447000,0.122239944500,-0.056777655820
6117.000000000000,3.044579843000,0.036358708210,-0.034809412310
6118.000000000000,3.135486683000,-0.021786029760,-0.017178434200
6119.000000000000,2.660012474000,-0.647050412700,0.353318061500
6120.000000000000,2.682350152000,-0.568612306400,0.388839680100
6121.000000000000,2.783186840000,-0.569949034900,0.278999641400
6122.000000000000,2.642398491000,-0.509105238500,0.495930813400
6123.000000000000,2.581672950000,-0.600273540900,0.334095324500
6124.000000000000,2.770153780000,-0.417399806200,-0.089204880230
6125.000000000000,2.922621097000,-0.395314392000,-0.003647984262
6126.000000000000,2.742762943000,-0.313060291300,0.074346594160
6127.000000000000,2.745105197000,0.201129483100,0.688804195300
6128.000000000000,2.990062755000,0.210894403700,-0.259422350800
6129.000000000000,3.037123920000,0.317281521400,-0.217775172000
6130.000000000000,2.960877071000,0.434043576700,-0.056757985360
6131.000000000000,2.980956113000,0.313497032900,0.049450935050
6132.000000000000,3.121137162000,0.357092512000,-0.143333835900
6133.000000000000,3.051584171000,0.527343925900,-0.176732093100
6134.000000000000,2.915830723000,-0.148445344700,0.727236457300
6135.000000000000,2.991740994000,-0.202162213500,0.599954648700
6136.000000000000,2.787652350000,-0.219343501700,0.708690229000
6137.000000000000,2.862235857000,-0.266794380600,0.550296136100
6138.000000000000,2.920811679000,0.004665693275,-0.394923486900
6139.000000000000,3.077534735000,-0.021013301160,-0.428240870500
6140.000000000000,3.044441273000,0.135045239600,-0.402196848700
6141.000000000000,2.989777225000,0.431783674200,-0.460309035500
6142.000000000000,2.956026682000,0.308337388600,-0.556020709700
6143.000000000000,3.061094580000,0.225054850600,-0.571159778200
6144.000000000000,3.055843551000,0.352702332800,-0.470317426700
6145.000000000000,3.134367914000,0.043112501560,-0.495008618200
6146.000000000000,2.841086161000,-0.036502384580,0.385235764600
6147.000000000000,2.881301353000,-0.526243606300,0.368281383200
6148.000000000000,3.033305360000,-0.511557928300,0.369538553200
6149.000000000000,2.976388809000,-0.399243195600,0.455634387900
6150.000000000000,2.845315441000,-0.413086286200,0.592150393400
6151.000000000000,2.720601078000,-0.367374377900,0.481612075000
6152.000000000000,2.927862284000,-0.623698864200,0.310719757000
6153.000000000000,2.929692175000,-0.624956963300,0.082148579780
6154.000000000000,2.920954930000,-0.682970361200,0.137211256300
6155.000000000000,3.053066192000,-0.305727743100,-0.461530694200
6156.000000000000,3.142053009000,0.424694337300,-0.415067857100
6157.000000000000,3.008198326000,0.003489548463,0.398003507000
6158.000000000000,2.935825173000,0.168278476900,0.264021384400
6159.000000000000,3.005342150000,0.174135673900,0.350167021300
6160.000000000000,3.025844215000,0.464871359600,0.357663414500
6161.000000000000,3.103267529000,0.374486901700,0.281133536000
6162.000000000000,3.035790534000,0.321362313100,0.417290994000
6163.000000000000,2.783744487000,-0.488935840500,-0.528799608600
6164.000000000000,2.818985897000,-0.333733412100,-0.639272626900
6165.000000000000,3.006438938000,-0.338873374100,-0.547557734600
6166.000000000000,2.885077838000,-0.487291729800,-0.509230542800
6167.000000000000,3.172524097000,0.303588655900,-0.628732976100
6168.000000000000,3.001805447000,0.479474923900,0.519569707700
6169.000000000000,2.899559306000,0.397044573800,0.539004918300
6170.000000000000,3.019524417000,0.320338223400,0.560473171900
6171.000000000000,3.165971263000,0.426486439500,0.322499079600
6172.000000000000,3.100844694000,0.029457332750,-0.576989077200
6173.000000000000,3.112500177000,-0.055741081850,0.378312941100
6174.000000000000,2.993521140000,-0.217345715800,0.372492024300
6175.000000000000,2.910417659000,-0.267771783200,0.150396261000
6176.000000000000,2.978396922000,-0.358725256000,0.162146824700
6177.000000000000,3.035466565000,-0.344175867800,0.309216774300
6178.000000000000,2.983204388000,0.115501756200,0.693895473900
6179.000000000000,3.072331699000,0.045762052620,0.581023396800
6180.000000000000,3.063034680000,-0.454140441800,0.312076784400
6181.000000000000,2.981976227000,-0.075571693720,-0.669375586100
6182.000000000000,3.159892701000,-0.216680370400,-0.614050545500
6183.000000000000,3.040144926000,-0.198052031400,-0.498506639200
6184.000000000000,2.948021436000,-0.219727862000,-0.610752908100
6185.000000000000,3.091151636000,-0.367137419300,-0.619096129500
6186.000000000000,3.074514579000,-0.373844391400,-0.335467382500
6187.000000000000,3.071859333000,-0.438960423300,-0.383289683000
6188.000000000000,2.987120511000,-0.336412929200,-0.209249462200
6189.000000000000,3.050920758000,-0.462429168700,-0.120759444400
6190.000000000000,3.022357740000,-0.396970423100,-0.071938630210
6191.000000000000,3.435613203000,0.006586523103,0.043630390800
6192.000000000000,3.399533069000,0.089047564940,-0.006970408098
6193.000000000000,3.316869535000,0.026915669840,0.023493480420
6194.000000000000,3.196708105000,0.001165488397,0.072103122820
6195.000000000000,3.057342901000,-0.326225334600,0.409103431400
6196.000000000000,2.794251327000,-0.257886798400,-0.210633799300
6197.000000000000,3.033876614000,-0.257434328100,-0.337741995200
6198.000000000000,3.088302228000,-0.334900594500,0.039387791180
6199.000000000000,3.068425775000,-0.630353553900,0.059857964330
6200.000000000000,3.074030369000,-0.730636434000,-0.053115489130
6201.000000000000,3.107016370000,-0.576890764200,-0.096894796780
6202.000000000000,3.062375228000,-0.050028561210,0.585114887000
6203.000000000000,2.925129992000,0.221279498700,0.607945263300
6204.000000000000,2.851651412000,-0.074733244160,-0.685349306500
6205.000000000000,2.767263820000,-0.042588458510,-0.607691307400
6206.000000000000,3.037690633000,-0.555259575500,-0.248523385800
6207.000000000000,2.920727495000,-0.613807310100,-0.359182196600
6208.000000000000,2.984015168000,-0.553770298400,-0.420469920700
6209.000000000000,2.809876219000,-0.722448178000,0.030526368150
6210.000000000000,3.067831094000,-0.081900303360,-0.283158261600
6211.000000000000,2.806799676000,0.551077224000,-0.484216742600
6212.000000000000,3.002155177000,0.558837216100,0.015690076280
6213.000000000000,3.152808842000,0.562416320800,0.083157391260
6214.000000000000,3.139588210000,0.639654051600,0.075875083010
6215.000000000000,2.852344667000,0.371233767800,0.122669766700
6216.000000000000,3.007348219000,0.355968470900,0.150888024100
6217.000000000000,3.055578508000,0.467531870800,-0.019901492820
6218.000000000000,3.040261230000,0.465176434100,0.116299074200
6219.000000000000,2.694416921000,0.589792496900,-0.205508845200
6220.000000000000,2.603570783000,0.677362203100,-0.161971674400
6221.000000000000,2.784239451000,0.696157738000,-0.008112858468
6222.000000000000,3.072272312000,0.679999451600,-0.240204948200
6223.000000000000,2.965951855000,0.627208853000,-0.100982413800
6224.000000000000,2.874689446000,0.545698968200,-0.316414383100
6225.000000000000,2.705746040000,0.634765167400,-0.278329252500
6226.000000000000,2.892972248000,0.620709094200,-0.371491520700
6227.000000000000,2.928049816000,0.601216695600,0.149273191800
6228.000000000000,2.828172459000,-0.115275592600,-0.057680555680
6229.000000000000,3.132765031000,-0.053550183690,0.099316735810
6230.000000000000,2.520681581000,-0.218743644700,-0.312028255500
6231.000000000000,3.017389159000,0.083999059010,-0.628409709800
6232.000000000000,2.788879840000,0.186851084900,-0.571315686200
6233.000000000000,2.748942298000,0.302041022900,-0.579461653000
6234.000000000000,2.605057688000,0.239499126300,-0.642949786900
6235.000000000000,2.840217383000,0.094938177730,-0.696317012700
6236.000000000000,2.911943895000,-0.001341913513,-0.696718379200
6237.000000000000,2.582725905000,0.081042284150,-0.641657440200
6238.000000000000,2.707799661000,0.580690744500,0.226703653500
6239.000000000000,2.648916974000,0.531748976700,0.482158655700
6240.000000000000,2.533546124000,0.450563625600,0.446789172100
6241.000000000000,2.800229432000,0.708917780100,0.098941638590
6242.000000000000,2.741477888000,0.688821391900,0.200913952600
6243.000000000000,2.647714377000,0.721921478100,0.143091699200
6244.000000000000,1.717375406000,-0.361468007600,0.312279134800
6245.000000000000,1.698871219000,-0.519609754900,0.284371796200
6246.000000000000,2.636378052000,0.038070174810,0.715314382000
6247.000000000000,2.738537698000,-0.072949886010,0.714035603100
6248.000000000000,1.901776130000,-0.288200803100,-0.559914277900
6249.000000000000,1.932542749000,-0.507213100400,-0.383074389100
6250.000000000000,2.826911473000,-0.438559047300,0.472547459700
6251.000000000000,2.748947175000,-0.277977814100,0.261851433300
6252.000000000000,2.603516045000,-0.331840230600,0.178226693700
6253.000000000000,2.520942793000,-0.194908807000,0.322742852000
6254.000000000000,2.584288705000,0.402673010400,-0.581193123600
6255.000000000000,2.752560973000,0.547486607300,-0.409281371900
6256.000000000000,2.590865728000,0.563439009400,-0.269284425800
6257.000000000000,2.505441220000,0.539441601200,-0.488776679600
6258.000000000000,1.796587096000,0.131739302100,-0.704743020300
6259.000000000000,1.979338988000,0.109308587500,-0.624832741100
6260.000000000000,1.917767448000,-0.053162520600,-0.327925405500
6261.000000000000,1.800410428000,-0.147739568100,-0.542392730300
6262.000000000000,1.866187257000,0.001184636978,-0.658713558100
6263.000000000000,2.044101461000,0.076325892610,-0.702533751700
6264.000000000000,2.085648788000,-0.123141021100,-0.677580495300
6265.000000000000,1.914768642000,-0.098989061770,-0.625656627600
6266.000000000000,2.214641139000,-0.099223429230,-0.660403243800
6267.000000000000,1.811160220000,-0.654123733200,-0.285226882000
6268.000000000000,1.727107318000,-0.477923134500,-0.236257910100
6269.000000000000,1.709836735000,-0.560040863100,-0.383122261900
6270.000000000000,1.871865755000,-0.666993354100,-0.045968214090
6271.000000000000,1.708661295000,0.000079082118,0.424288474900
6272.000000000000,1.742008557000,0.054830245100,0.573725993100
6273.000000000000,1.797308794000,0.028147405110,0.658210533900
6274.000000000000,1.942701719000,0.252413192300,-0.041826436030
6275.000000000000,1.856347356000,0.300963094000,-0.092989988290
6276.000000000000,1.973242969000,0.128894783600,-0.174636317000
6277.000000000000,2.543361699000,-0.526737899700,0.487382182800
6278.000000000000,2.408355376000,-0.498886468800,0.394324461400
6279.000000000000,2.427229767000,-0.648348836200,0.260195716800
6280.000000000000,2.570861416000,0.557979198700,0.419692305600
6281.000000000000,2.539960793000,0.610965841100,0.339916639100
6282.000000000000,1.790610217000,0.413558103500,-0.203615030100
6283.000000000000,1.690020440000,0.523458384500,-0.208652741400
6284.000000000000,1.826345525000,-0.018603789470,-0.328491828900
6285.000000000000,2.668050430000,-0.099608695310,-0.720019273300
6286.000000000000,2.587220323000,-0.053736065360,-0.670855332400
6287.000000000000,2.626047843000,-0.275793157900,-0.663883247300
6288.000000000000,2.438067035000,-0.195810734800,-0.679398728600
6289.000000000000,2.129900907000,-0.006041960535,-0.230633092500
6290.000000000000,2.422674754000,-0.190302509700,-0.249265118100
6291.000000000000,2.534485826000,-0.349794934600,-0.165169410700
6292.000000000000,2.564568854000,-0.309976541200,-0.071718323940
6293.000000000000,2.646616138000,-0.003028813380,-0.035480104210
6294.000000000000,2.660289893000,-0.044636749650,-0.117237626400
6295.000000000000,2.254218495000,-0.063280459450,0.631259013000
6296.000000000000,2.275637126000,0.087603757190,0.697319475500
6297.000000000000,2.550480512000,-0.162058173800,0.615166544500
6298.000000000000,2.367675986000,-0.026670798050,0.688531316900
6299.000000000000,2.247081211000,-0.189843301400,0.605448060800
6300.000000000000,2.374265353000,-0.289414532600,0.566573491900
6301.000000000000,2.447217789000,-0.194660517700,0.693955079000
6302.000000000000,2.514742298000,-0.304285110900,0.626053569400
6303.000000000000,2.251814305000,0.088531777730,-0.612276604200
6304.000000000000,2.146264523000,0.306453586000,-0.666482058700
6305.000000000000,2.344561505000,-0.026833028390,-0.700103610000
6306.000000000000,2.419192999000,0.148214467400,-0.712418393500
6307.000000000000,2.452210048000,0.251671610100,-0.641639148900
6308.000000000000,2.462804441000,0.713823823300,-0.144051762000
6309.000000000000,2.495931975000,0.048322612190,-0.011959214570
6310.000000000000,2.614683038000,-0.097932012720,0.003313640901
6311.000000000000,2.381849029000,-0.090991005050,0.016924652670
6312.000000000000,2.380596028000,0.007854905377,0.069020374140
6313.000000000000,2.358135307000,-0.131720263500,-0.097059492310
6314.000000000000,2.099441329000,-0.219091492400,0.146430443200
6315.000000000000,0.168969238200,-0.428923389500,-0.168842641000
6316.000000000000,0.176421498100,-0.395367790800,0.153771639800
6317.000000000000,0.080158710500,-0.482192721700,-0.002600755615
6318.000000000000,0.258074300300,-0.392804110800,0.008890185378
6319.000000000000,0.170890928500,-0.543719852200,-0.021999393650
6320.000000000000,0.159552806100,-0.638479907600,-0.147765536800
6321.000000000000,0.305498744800,0.298550734500,0.516755709000
6322.000000000000,0.239795614100,0.357063084700,0.509447654700
6323.000000000000,0.157824943100,0.170797401400,0.643727122200
6324.000000000000,0.139881383000,0.244340391900,-0.191749611500
6325.000000000000,0.197404891300,0.440003890700,-0.196902566700
6326.000000000000,0.142030937300,0.550870183800,-0.012466320780
6327.000000000000,0.098376534590,-0.602756249500,0.248445444900
6328.000000000000,0.097135730820,-0.441576437800,0.172671442100
6329.000000000000,0.233796153400,-0.354410878600,0.338349195200
6330.000000000000,0.069476305880,-0.412444688900,0.455855443700
6331.000000000000,0.328152310400,0.147157868100,0.393366241300
6332.000000000000,0.228007024500,0.482768510200,0.282451898200
6333.000000000000,0.267036830200,0.599925523800,0.168052960900
6334.000000000000,0.097145311180,0.331660443800,0.296542426400
6335.000000000000,0.434422497400,-0.285189835000,0.115291143400
6336.000000000000,0.564998448000,0.203873933000,0.328255056500
6337.000000000000,0.472405082500,0.186570995800,0.562671055200
6338.000000000000,0.321407577700,0.131169565300,0.709729325500
6339.000000000000,0.310487985100,0.679733620300,0.097613739880
6340.000000000000,0.486560019500,0.607084134200,0.158646455500
6341.000000000000,0.316582823600,0.665061194100,0.208074770400
6342.000000000000,0.507394011000,-0.232380067600,-0.201064256700
6343.000000000000,0.602263728400,-0.272086611600,-0.084502606800
6344.000000000000,1.363725248000,-0.691693993400,-0.046544953330
6345.000000000000,1.305650023000,-0.616470715800,-0.004215928961
6346.000000000000,1.331573879000,-0.553112444600,-0.273266882500
6347.000000000000,1.465118878000,-0.671517007300,0.061619075030
6348.000000000000,1.317493503000,0.386198797500,0.452843205500
6349.000000000000,1.302985752000,0.443459998300,0.569480574100
6350.000000000000,1.410370204000,0.283890278400,0.331890471500
6351.000000000000,1.412065608000,0.411600045500,0.265908952300
6352.000000000000,0.350043263600,-0.314032904900,-0.036737579380
6353.000000000000,0.392992952000,-0.705548572600,-0.015176150850
6354.000000000000,1.312138342000,-0.713199094600,-0.162825669500
6355.000000000000,1.312909360000,-0.638855292100,-0.323828857400
6356.000000000000,1.340086064000,-0.501601155500,-0.397721012100
6357.000000000000,1.410732096000,0.319830050600,0.451474324600
6358.000000000000,1.531318741000,0.542221262100,0.268719675400
6359.000000000000,1.523522017000,0.443390355000,0.191437611800
6360.000000000000,1.326282545000,0.490722717500,0.410870146400
6361.000000000000,1.313954939000,-0.517951738900,0.320730316300
6362.000000000000,1.404548726000,-0.570321340500,0.452826310900
6363.000000000000,1.428869629000,-0.434441766600,0.348589526600
6364.000000000000,0.275828661600,0.190872100400,-0.253229551100
6365.000000000000,0.422037490700,0.275756510700,-0.147274401700
6366.000000000000,0.766628288400,0.214705977400,-0.267504502800
6367.000000000000,1.401061110000,-0.720875962200,0.085092557220
6368.000000000000,1.185103768000,-0.676770210700,0.189311335100
6369.000000000000,1.232522967000,-0.560833124200,0.308734488200
6370.000000000000,1.111700022000,-0.506220558600,0.503557771200
6371.000000000000,1.068329009000,-0.548462054700,0.400659014100
6372.000000000000,1.143367832000,-0.599625076500,0.381641322100
6373.000000000000,0.883158029800,-0.140074672300,0.318936012800
6374.000000000000,1.061338973000,-0.004523068518,0.179603226600
6375.000000000000,0.884540808600,-0.083151733060,0.148285506900
6376.000000000000,0.703754747900,-0.236683107100,0.230450508200
6377.000000000000,0.571941165400,-0.086744101420,0.377692624500
6378.000000000000,0.430790051100,0.114307257900,0.281885773100
6379.000000000000,0.661304083100,0.090337287280,0.277949930900
6380.000000000000,0.560220792000,0.125511266600,0.708349423300
6381.000000000000,0.641053239900,0.528108660200,0.453353350700
6382.000000000000,0.552628012700,0.373422131400,0.579172567300
6383.000000000000,0.617388470800,0.320308769300,0.610621103000
6384.000000000000,0.716508640200,0.224354458300,0.600521543200
6385.000000000000,0.805769121300,0.264143397600,0.635507407000
6386.000000000000,1.463154149000,0.654649665100,-0.320407064300
6387.000000000000,1.429034620000,0.371450099400,-0.547663847900
6388.000000000000,0.773546611300,0.669704563900,0.183318888300
6389.000000000000,0.587972804500,0.629659976500,0.021575420650
6390.000000000000,0.639669082200,0.685437020400,0.174873701300
6391.000000000000,0.657837212900,0.699207035100,-0.075807021150
6392.000000000000,0.895271728300,0.581508158700,0.346300246100
6393.000000000000,1.111107118000,0.214979343300,-0.680515370600
6394.000000000000,1.287490186000,0.056202666820,-0.708787624400
6395.000000000000,1.285921127000,0.166555228100,-0.592770074100
6396.000000000000,1.287588670000,0.254393807900,-0.653098463000
6397.000000000000,1.483664341000,0.375536504700,-0.322746344300
6398.000000000000,1.268812416000,-0.244606730700,-0.209213762800
6399.000000000000,1.119824447000,-0.263186889500,-0.129072889900
6400.000000000000,1.408336152000,-0.184972806300,0.186887616200
6401.000000000000,1.321893700000,-0.205826240700,0.116753086700
6402.000000000000,1.331957405000,-0.238383481600,0.002424974226
6403.000000000000,1.283122846000,-0.007644873160,0.264583170900
6404.000000000000,1.512330619000,0.081389737870,0.460646170200
6405.000000000000,1.427400838000,0.011644189980,-0.517251262900
6406.000000000000,0.867190844000,-0.596016166600,0.321811471000
6407.000000000000,0.648495614200,-0.622111052800,0.317183508600
6408.000000000000,0.791936400100,-0.692620004900,0.093384787720
6409.000000000000,0.883938691800,-0.721714375600,0.057732266760
6410.000000000000,1.417205481000,0.134237647600,-0.227270165800
6411.000000000000,1.369525768000,-0.127869723800,-0.340162336300
6412.000000000000,1.441314097000,0.060291583020,-0.384441749200
6413.000000000000,1.366102821000,-0.099555587140,-0.223818969600
6414.000000000000,1.348853130000,0.008009251028,-0.245211392600
6415.000000000000,0.781066824500,-0.001476416001,0.736510763900
6416.000000000000,1.028541784000,0.726432395600,-0.064692302730
6417.000000000000,0.893655108600,0.596488678100,-0.109732065800
6418.000000000000,0.870953797000,0.490195441700,-0.498978733600
6419.000000000000,0.867853024600,0.510293633800,-0.372554328300
6420.000000000000,0.835727401700,0.668528376400,-0.282180252900
6421.000000000000,0.832094233300,-0.036691047070,-0.385591067100
6422.000000000000,0.917291859100,-0.144881712000,-0.282130263900
6423.000000000000,0.869090949500,-0.092055809540,-0.086701331450
6424.000000000000,0.794984236700,-0.044435471670,-0.000744376910
6425.000000000000,0.750648087200,0.025633196150,0.009517874363
6426.000000000000,0.577297463900,-0.028050553540,-0.020174923230
6427.000000000000,0.595952422600,0.079371503160,0.064968946440
6428.000000000000,0.405918633000,-0.021380209500,0.106023169400
6429.000000000000,0.674166394200,0.093082974450,0.042584215210
6430.000000000000,0.479221609000,0.005417104131,-0.056373915330
6431.000000000000,0.217732730800,-0.131007005000,0.019612107440
6432.000000000000,0.161934915300,-0.018003677480,-0.059036821210
6433.000000000000,0.264071037400,0.091588517090,0.079746237110
6434.000000000000,0.131705971000,0.047255836090,-0.021728142090
6435.000000000000,-0.017158732450,-0.016854915100,0.037546170030
6436.000000000000,-0.188315876700,0.107804095800,-0.031047790670
6437.000000000000,-0.351127384400,0.036781743320,-0.005997713802
6438.000000000000,-0.292111282800,-0.035863500520,0.036272418730
6439.000000000000,-0.173673820500,-0.007857807034,0.082814934660
6440.000000000000,3.217365810000,-0.091093234100,-0.062797877900
6441.000000000000,3.534416333000,0.085210860550,-0.043312690890
6442.000000000000,3.108890250000,-0.110239347800,-0.055996257190
6443.000000000000,-0.369150293900,0.057620358480,-0.108087638900
6444.000000000000,0.097259343450,0.028613007290,0.049778775640
6445.000000000000,0.156193581100,-0.053077234620,0.018436534990
6446.000000000000,0.531588367700,0.085289851530,-0.021159451810
6447.000000000000,0.476977927800,-0.050185027930,0.020334819660
6448.000000000000,0.616358815800,0.008822158740,0.022341326630
6449.000000000000,0.572688638400,-0.062851093910,0.079953598710
6450.000000000000,0.855293191000,0.040297758240,0.023906300800
6451.000000000000,0.841439161100,0.017035040870,-0.066494145930
6452.000000000000,0.956792950400,-0.131090776500,-0.146808798100
6453.000000000000,0.945690661700,-0.048161448090,-0.031266450650
6454.000000000000,0.943851069200,-0.062834452520,-0.365731659400
6455.000000000000,0.954770821900,-0.052353512110,-0.237873981900
6456.000000000000,0.878410243200,-0.185756488300,-0.371214752700
6457.000000000000,0.712132847300,-0.006941020442,-0.385418890800
6458.000000000000,0.865181593700,-0.005939085751,-0.640809444500
6459.000000000000,0.849670510300,0.063699884050,-0.361764890500
6460.000000000000,0.763566284800,-0.071430373170,-0.365645685700
6461.000000000000,0.792670598200,0.444087971800,-0.425881428200
6462.000000000000,0.811761883800,0.325936131200,-0.230509758900
6463.000000000000,1.015278055000,0.495636220600,-0.368245090700
6464.000000000000,0.902998061900,0.516468449000,-0.265704559600
6465.000000000000,0.984206471700,0.482908176100,-0.491060153400
6466.000000000000,0.902635931400,0.615707075100,-0.218399815600
6467.000000000000,0.860837134500,0.661761629700,-0.128044292400
6468.000000000000,0.815156004500,0.395518521300,-0.005983842865
6469.000000000000,0.854037131300,0.630156723100,-0.006106955419
6470.000000000000,1.000899984000,0.623024784100,-0.098115116820
6471.000000000000,1.121850058000,0.683881894000,-0.095976372780
6472.000000000000,1.045874080000,0.634509845800,-0.014273946040
6473.000000000000,0.780426798300,0.045821608770,0.643259475400
6474.000000000000,1.353776733000,-0.012992463660,-0.344896149400
6475.000000000000,1.330161955000,0.095311762960,-0.299483865300
6476.000000000000,1.254035975000,0.048998981420,-0.223077321500
6477.000000000000,1.429965638000,-0.180174526800,-0.161337504000
6478.000000000000,1.320194821000,-0.191052346200,-0.283980225500
6479.000000000000,1.350364332000,0.081422095390,-0.401275835000
6480.000000000000,1.399147401000,-0.188993765500,-0.404038903100
6481.000000000000,1.418173077000,0.235663974100,-0.262181064300
6482.000000000000,0.959038126500,-0.630585301800,0.095620280330
6483.000000000000,0.860202356900,-0.626918195100,0.028119896680
6484.000000000000,0.797049668300,-0.605358902100,0.180275304500
6485.000000000000,0.574543029500,-0.544634463400,0.316336587000
6486.000000000000,0.805300715700,-0.652006126500,0.279663730900
6487.000000000000,0.918341063300,-0.610245286500,0.388360723900
6488.000000000000,0.847674084400,-0.342987801200,0.140525499000
6489.000000000000,0.783499183800,-0.574018188000,0.373609867700
6490.000000000000,1.409867250000,-0.107429034100,-0.497378979500
6491.000000000000,1.389454905000,-0.043483243720,-0.573782646100
6492.000000000000,1.410343540000,0.085724388180,0.495912965200
6493.000000000000,1.349492289000,0.074023921790,0.227916656100
6494.000000000000,1.188816828000,-0.048444094800,0.327430707500
6495.000000000000,1.333728419000,-0.064962639580,0.330466973600
6496.000000000000,1.313700336000,-0.344481312300,-0.045214205450
6497.000000000000,1.292621974000,-0.305284601900,0.079856247050
6498.000000000000,1.388273116000,-0.097874887810,0.246259723100
6499.000000000000,1.388255316000,-0.292872716500,0.247250088700
6500.000000000000,1.427298278000,-0.220941636300,0.289560666100
6501.000000000000,1.120550619000,-0.555217293400,-0.304366355000
6502.000000000000,1.079856788000,-0.246035519900,-0.002454570038
6503.000000000000,1.120475665000,-0.127966986400,-0.112233575400
6504.000000000000,0.968135637400,-0.255508795200,-0.103621406800
6505.000000000000,1.349197683000,-0.304808017600,-0.144247176400
6506.000000000000,1.211893733000,-0.200592656500,-0.119975743400
6507.000000000000,1.432847886000,0.262758716200,-0.382819727600
6508.000000000000,1.372526373000,0.222101255800,-0.595605969000
6509.000000000000,1.210092350000,0.248633679200,-0.568781376100
6510.000000000000,1.337786629000,0.079334820650,-0.624250074800
6511.000000000000,0.897919013600,0.528422605100,0.421968980200
6512.000000000000,0.978688833300,0.547556456800,0.349615495400
6513.000000000000,0.887862005000,0.561641861500,0.195108958300
6514.000000000000,0.696443348200,0.586569969700,-0.118604202100
6515.000000000000,0.596773105400,0.709007572000,-0.147146085100
6516.000000000000,0.701459812900,0.596841981600,0.178549647000
6517.000000000000,0.450949175400,0.604418170000,0.022550891400
6518.000000000000,0.876249036100,0.651284901700,0.231926898500
6519.000000000000,1.303414442000,0.362419708100,-0.487837181000
6520.000000000000,1.396945116000,0.379226384700,-0.458176770800
6521.000000000000,1.520398120000,0.363810299900,-0.560514172900
6522.000000000000,0.886047067400,0.236965546900,0.571678676300
6523.000000000000,0.756057467500,0.318969279600,0.533869187000
6524.000000000000,0.613658981600,0.276933027200,0.531888490400
6525.000000000000,0.616225597300,0.098443308920,0.620704379100
6526.000000000000,0.457181887500,0.321543273100,0.549115287600
6527.000000000000,0.586814876500,0.485555166900,0.355336903700
6528.000000000000,0.704334411600,0.157461005600,0.351414311400
6529.000000000000,0.447013276400,0.222028374300,0.313268721100
6530.000000000000,0.406014143800,0.097305522550,0.379182716100
6531.000000000000,0.438757727300,-0.172531937100,0.344010121700
6532.000000000000,0.644462960500,-0.142723879000,0.368148408900
6533.000000000000,0.504723828200,-0.150307704500,0.581084256900
6534.000000000000,0.783082185900,-0.155617451200,0.297787801600
6535.000000000000,1.051615154000,-0.163661723900,0.113954940700
6536.000000000000,0.964735367400,-0.180557131700,0.070045962380
6537.000000000000,0.975392030900,-0.022681711070,0.175896544000
6538.000000000000,1.090948659000,0.069253868140,0.230312469200
6539.000000000000,1.059683661000,-0.004331951021,0.076617631700
6540.000000000000,0.837685266400,-0.092478674870,0.409221802200
6541.000000000000,1.107706896000,-0.550652161700,0.302036872000
6542.000000000000,1.213978603000,-0.518781188100,0.375614650400
6543.000000000000,0.998372255200,-0.496727900700,0.346078971800
6544.000000000000,1.125065205000,-0.478202763000,0.407262651300
6545.000000000000,1.181711860000,-0.605229430100,0.106425347400
6546.000000000000,1.253314913000,-0.626431633600,0.153311987300
6547.000000000000,0.745393781400,0.270421056300,-0.183526715900
6548.000000000000,0.621765304100,0.215085505800,-0.341313830100
6549.000000000000,0.675807456400,0.196496120900,-0.230041324300
6550.000000000000,0.345672663200,0.262012814800,-0.217375503000
6551.000000000000,0.399625092300,0.360944390500,-0.081783612000
6552.000000000000,0.455586520900,0.330184993100,-0.221934083900
6553.000000000000,0.326872538800,0.104503075400,-0.303615876800
6554.000000000000,1.365297669000,-0.364825785300,0.365517462200
6555.000000000000,1.348026407000,-0.450465408500,0.312477981900
6556.000000000000,1.429574596000,-0.548482247000,0.328509465500
6557.000000000000,1.372869184000,-0.535327083200,0.241879334400
6558.000000000000,1.254314759000,0.467468249000,0.428118932300
6559.000000000000,1.310726891000,0.395945183300,0.350384492800
6560.000000000000,1.357584901000,0.480567169200,0.328743794200
6561.000000000000,1.420838727000,0.500674862500,0.398020384000
6562.000000000000,1.435700484000,0.422397628000,0.156929332700
6563.000000000000,1.512835827000,0.453693855000,0.107883293600
6564.000000000000,1.377336435000,0.220830669600,0.427994698900
6565.000000000000,1.355313876000,0.322471895000,0.372498094400
6566.000000000000,1.468130688000,0.354189154600,0.367529801300
6567.000000000000,1.319193049000,-0.354586091300,-0.435080285600
6568.000000000000,1.197757980000,-0.430204630000,-0.416823178600
6569.000000000000,1.381912012000,-0.429847496300,-0.449252613200
6570.000000000000,1.278088269000,-0.549080651700,-0.334370406700
6571.000000000000,1.338659979000,-0.459235016400,-0.313433821000
6572.000000000000,1.292407764000,-0.618569114900,-0.156734254000
6573.000000000000,0.375326055600,-0.626055453700,-0.107651562200
6574.000000000000,0.449885645700,-0.374428907800,-0.121059785700
6575.000000000000,0.288332902700,-0.389826246700,-0.087482643700
6576.000000000000,0.359780626200,-0.378771477400,0.048718535460
6577.000000000000,1.172501305000,0.349081191800,0.484690718600
6578.000000000000,1.411022708000,-0.618061077800,-0.005890487536
6579.000000000000,1.460534971000,-0.581594699400,0.075096163850
6580.000000000000,1.375937056000,-0.479976388500,-0.224813145400
6581.000000000000,1.169205250000,-0.612570411900,-0.016780201850
6582.000000000000,0.706588797600,-0.275251909800,-0.131850476400
6583.000000000000,0.548077271100,-0.354283484900,-0.148268248700
6584.000000000000,0.473929643000,-0.245828511400,-0.299857241400
6585.000000000000,0.336613134200,0.541441682900,0.220261826600
6586.000000000000,0.442023791600,0.592246523400,0.236121345500
6587.000000000000,0.243573480700,0.603444246900,0.084232361430
6588.000000000000,0.311447951300,0.160170785500,0.608307812400
6589.000000000000,0.356780138100,-0.271883954000,0.138787745700
6590.000000000000,0.418504961000,-0.364240636700,0.172312306600
6591.000000000000,0.182801417400,0.399845525200,0.256868166500
6592.000000000000,0.154165318700,0.461147965900,0.278901223800
6593.000000000000,0.269595371200,0.396724703200,0.391615870300
6594.000000000000,0.257530866300,0.070972225560,0.417206270500
6595.000000000000,0.238817683400,0.170148315300,0.479841862700
6596.000000000000,0.073156846610,-0.380014589200,0.350326015400
6597.000000000000,0.160757062700,-0.437428901700,0.515866316700
6598.000000000000,0.313606440100,-0.422797187900,0.399989728500
6599.000000000000,0.203648158800,-0.360321199000,0.251977973200
6600.000000000000,0.208964571900,-0.280134971100,0.395841093200
6601.000000000000,0.181866425400,-0.500491128600,0.064118451700
6602.000000000000,0.105864780700,-0.467577549100,0.096114681870
6603.000000000000,0.185934937900,-0.496855169200,0.145964518600
6604.000000000000,0.194265916100,-0.576662208000,0.297509445200
6605.000000000000,0.209146708300,0.587302962300,-0.095958908380
6606.000000000000,0.180040637100,0.385145426100,-0.272662998000
6607.000000000000,0.192497418700,0.393676722800,-0.097952801620
6608.000000000000,0.059319601920,0.272129427100,-0.229633339300
6609.000000000000,0.236516084300,0.246876214100,-0.233471107000
6610.000000000000,0.172364632800,0.160467367800,0.557898507400
6611.000000000000,0.186309035300,0.257196288600,0.682750009300
6612.000000000000,0.203920780700,0.293004681900,0.527765027500
6613.000000000000,0.173662797100,0.396069569900,0.559543630900
6614.000000000000,0.275194805900,0.308867887200,0.598264896500
6615.000000000000,0.203897266600,-0.531312226200,-0.127554032300
6616.000000000000,0.256114871500,-0.611631093500,-0.002301713877
6617.000000000000,0.260095392400,-0.372678695300,0.107811813300
6618.000000000000,0.080442709160,-0.386385533300,0.002114975932
6619.000000000000,0.159461401900,-0.375311077400,-0.260311952300
6620.000000000000,2.095895371000,-0.287830469600,0.010721012060
6621.000000000000,2.013269665000,-0.291570174300,0.110991853500
6622.000000000000,2.162965633000,-0.161194710700,0.246939464900
6623.000000000000,2.173387926000,-0.174214915800,0.140930797600
6624.000000000000,2.047829016000,-0.181745506800,0.254963618000
6625.000000000000,2.282263789000,-0.116088361000,0.025238874890
6626.000000000000,2.316735423000,-0.194481231400,-0.162694334500
6627.000000000000,2.276016705000,0.064212383000,0.004081140449
6628.000000000000,2.277488801000,-0.018523396400,0.103832184400
6629.000000000000,2.684253068000,-0.114922380200,0.051631950780
6630.000000000000,2.612523277000,0.004113495792,0.052616500060
6631.000000000000,2.549398630000,0.266847745800,-0.543168181400
6632.000000000000,2.541022274000,0.325241524500,-0.623025043300
6633.000000000000,2.519175400000,0.236466432300,-0.681366245600
6634.000000000000,2.411339944000,0.172629068000,-0.612047862600
6635.000000000000,2.434379598000,0.317734739500,-0.555780983800
6636.000000000000,2.318439728000,0.135834559600,-0.683504491300
6637.000000000000,2.339601691000,-0.106789661800,-0.610718549000
6638.000000000000,2.252188367000,-0.008674014286,-0.629357970500
6639.000000000000,2.216810770000,0.369071581600,-0.621771464600
6640.000000000000,2.171630421000,0.216934459700,-0.601735228100
6641.000000000000,2.571386105000,-0.361780271100,0.524396752300
6642.000000000000,2.556427692000,-0.380755575100,0.617601846900
6643.000000000000,2.565061021000,-0.227061070900,0.526313135500
6644.000000000000,2.484378375000,-0.213715927300,0.600076373000
6645.000000000000,2.310619658000,-0.212714432800,0.505268951400
6646.000000000000,2.375882245000,-0.367467116900,0.513861977800
6647.000000000000,2.131398381000,-0.198827423900,0.596063964600
6648.000000000000,2.338102790000,0.066082089570,0.618904734000
6649.000000000000,2.397197928000,0.033891476600,0.632007257800
6650.000000000000,2.520669106000,-0.009811473525,0.635778798100
6651.000000000000,2.640285522000,-0.101577758900,0.581549098000
6652.000000000000,2.155099900000,-0.064943011630,0.630210727500
6653.000000000000,2.579112455000,-0.380337838300,0.011562952960
6654.000000000000,2.630783270000,-0.323803104000,-0.234847693600
6655.000000000000,2.563210238000,-0.594393155400,-0.177674843500
6656.000000000000,2.455553133000,-0.368599091600,-0.228365811400
6657.000000000000,2.370398229000,-0.104749003200,-0.298768482300
6658.000000000000,2.434806290000,-0.226668854100,-0.365457713000
6659.000000000000,2.265191090000,0.063195178790,-0.182125663000
6660.000000000000,2.056304062000,0.032582972430,-0.252295606100
6661.000000000000,2.134625647000,-0.101654260000,-0.219405470500
6662.000000000000,2.546558143000,-0.218077133000,-0.693534617200
6663.000000000000,2.573724561000,-0.148337997700,-0.593139160500
6664.000000000000,2.326264710000,-0.190577127300,-0.664992474700
6665.000000000000,2.538301022000,0.053515970520,-0.690675527300
6666.000000000000,2.660706315000,-0.091206630800,-0.617611872700
6667.000000000000,1.832119480000,-0.114718956700,-0.465839896200
6668.000000000000,1.917510620000,0.053291190220,-0.310365565200
6669.000000000000,1.823956787000,0.015744263960,-0.429689377000
6670.000000000000,1.794622847000,-0.084097767530,-0.401059216900
6671.000000000000,1.872572038000,0.372253872800,-0.325673448500
6672.000000000000,1.808675041000,0.475537615200,-0.284593935600
6673.000000000000,1.849248584000,0.351968771300,-0.167413499200
6674.000000000000,1.826522568000,0.428470164900,-0.125786108900
6675.000000000000,2.579717238000,0.507427839600,0.299444198300
6676.000000000000,2.508728600000,0.513205950500,0.366931991000
6677.000000000000,2.474413971000,-0.675659059000,0.159720655300
6678.000000000000,2.364612650000,-0.582286275300,0.233148113100
6679.000000000000,2.491057967000,-0.567256913100,0.273209633400
6680.000000000000,2.499975128000,-0.334509327800,0.280132740700
6681.000000000000,2.331431081000,-0.469925616800,0.339298402600
6682.000000000000,2.634977345000,-0.433777789800,0.426403383000
6683.000000000000,1.927647184000,0.200469744800,-0.263314489300
6684.000000000000,1.914449929000,0.341596099700,-0.022375391540
6685.000000000000,1.893935587000,0.246075743200,0.048414160350
6686.000000000000,1.898860198000,0.020336066500,0.617465999400
6687.000000000000,1.794944649000,-0.045751005160,0.467043683700
6688.000000000000,1.895330710000,-0.557333557400,-0.064455951080
6689.000000000000,1.888054148000,-0.714822362100,-0.122646077200
6690.000000000000,1.767905143000,-0.683926014700,-0.004106242785
6691.000000000000,1.778597992000,-0.540120982400,-0.310420747800
6692.000000000000,1.787887881000,-0.385651313600,-0.205509154700
6693.000000000000,1.729374208000,-0.412995366700,-0.267802256600
6694.000000000000,2.119053377000,-0.176922150600,-0.587518820000
6695.000000000000,1.952426085000,-0.197836081300,-0.611558845600
6696.000000000000,1.901245902000,-0.009297595878,-0.556238715100
6697.000000000000,2.075907058000,0.053776219410,-0.622016367900
6698.000000000000,1.873774924000,0.102890091100,-0.689450107900
6699.000000000000,1.791729338000,-0.254606146900,-0.516393196100
6700.000000000000,1.969204504000,-0.148069717700,-0.308008225500
6701.000000000000,1.888071231000,0.186859651500,-0.586741252300
6702.000000000000,1.823799052000,0.174001922700,-0.610744075800
6703.000000000000,2.477812961000,0.421772541500,-0.448603745200
6704.000000000000,2.554342854000,0.457309865600,-0.545900598200
6705.000000000000,2.579899010000,0.576762647400,-0.430829675300
6706.000000000000,2.696607109000,0.440582512400,-0.405465227500
6707.000000000000,2.541350930000,0.551524487400,-0.120346649000
6708.000000000000,2.499235536000,0.535442387300,-0.317102204500
6709.000000000000,2.613788061000,0.664225453400,-0.317593670500
6710.000000000000,2.694372186000,0.532378257600,-0.285695952800
6711.000000000000,2.844343913000,0.507650827300,-0.391983190100
6712.000000000000,2.581161947000,-0.132321195600,0.371701455700
6713.000000000000,2.757588083000,-0.390825687100,0.205429626000
6714.000000000000,2.524926893000,-0.364903790700,0.108788578200
6715.000000000000,2.656913409000,-0.505699977400,0.294563100500
6716.000000000000,2.638291108000,-0.266682685000,0.125865747800
6717.000000000000,2.882513601000,-0.405439770500,0.384080001800
6718.000000000000,2.897992768000,-0.206772644600,0.288664544600
6719.000000000000,2.720834548000,-0.190710684400,0.237632417500
6720.000000000000,2.830285042000,-0.205748445100,0.225037804200
6721.000000000000,2.832330556000,-0.347081775600,0.518197848500
6722.000000000000,1.867564303000,-0.572988973500,-0.369303462500
6723.000000000000,1.981685943000,-0.412342818800,-0.401171069800
6724.000000000000,1.943955857000,-0.540115344800,-0.271779522300
6725.000000000000,1.826462649000,-0.374067523300,-0.506423245500
6726.000000000000,2.861909722000,-0.140634819200,0.642137252700
6727.000000000000,2.712064660000,0.022927779580,0.693024973000
6728.000000000000,2.676325195000,-0.038825166600,0.719917786400
6729.000000000000,2.734354721000,-0.165007340500,0.700486681500
6730.000000000000,2.638473697000,0.136057260900,0.675211890900
6731.000000000000,2.551845391000,0.063612656950,0.723768786000
6732.000000000000,1.792266023000,-0.350288126600,0.243945112500
6733.000000000000,1.779640097000,-0.289822658200,0.348716503700
6734.000000000000,2.819595526000,0.612251565100,0.124011224800
6735.000000000000,2.577310644000,0.307097352100,0.557538003700
6736.000000000000,2.424591135000,0.255654308600,0.288832824300
6737.000000000000,2.683002212000,0.420193801100,0.467266970800
6738.000000000000,2.611833974000,0.606373906500,0.103745915900
6739.000000000000,2.627853243000,0.155846879200,-0.587921877600
6740.000000000000,2.894118112000,-0.058688122540,-0.604066413600
6741.000000000000,2.922583203000,0.059757225330,-0.617060487000
6742.000000000000,2.783892475000,0.071237981800,-0.562633585300
6743.000000000000,2.767412271000,0.265651337300,-0.488639463800
6744.000000000000,2.784015792000,0.356673202800,-0.502657782400
6745.000000000000,2.904111110000,0.228264536700,-0.574588670800
6746.000000000000,2.730387943000,0.130502504100,-0.641804100200
6747.000000000000,3.041404971000,0.129319905500,-0.528906750100
6748.000000000000,3.017174434000,0.090130465430,-0.712003903800
6749.000000000000,2.577690896000,-0.213182647200,-0.414421544800
6750.000000000000,2.970377596000,0.529024628200,0.224409564500
6751.000000000000,2.928537616000,0.494424655300,0.073281780810
6752.000000000000,3.010524956000,0.627543095500,0.070881143830
6753.000000000000,2.800491700000,0.580443746100,-0.242027536800
6754.000000000000,2.957714828000,0.518378688900,-0.218317999400
6755.000000000000,3.002931437000,0.540222181700,-0.085903145940
6756.000000000000,2.720700724000,0.641161856000,-0.062075491860
6757.000000000000,2.658407942000,0.594217933300,-0.135923186700
6758.000000000000,3.063927137000,0.403350862000,-0.085233312430
6759.000000000000,2.920693468000,0.329034999000,0.208099557200
6760.000000000000,2.850743435000,0.395000031100,0.034284840780
6761.000000000000,2.773949330000,0.329578612500,0.201439846500
6762.000000000000,2.767328069000,-0.633632255000,0.018930714820
6763.000000000000,2.861395990000,-0.695722441500,-0.054434729670
6764.000000000000,2.981693612000,-0.431655890000,-0.379410014400
6765.000000000000,3.034386379000,-0.594188626300,-0.153588506900
6766.000000000000,2.783780188000,-0.138790568100,-0.540263328900
6767.000000000000,2.893270188000,-0.177138491200,-0.672751415100
6768.000000000000,2.978607776000,0.141806202900,0.595551865900
6769.000000000000,2.919477631000,0.329838785900,0.601423128100
6770.000000000000,2.832690236000,0.172177114400,0.574795381800
6771.000000000000,2.961133906000,-0.015606145650,0.581169909100
6772.000000000000,3.048358623000,-0.171017714800,0.529877339100
6773.000000000000,3.047315763000,-0.010172544940,0.500350925500
6774.000000000000,3.144122195000,-0.506603776000,-0.131672600000
6775.000000000000,3.025312832000,-0.549179061300,0.104665225900
6776.000000000000,2.984308019000,-0.591863072000,0.000364965981
6777.000000000000,2.986918569000,-0.396075639700,0.077048913170
6778.000000000000,2.969678168000,-0.256965105900,-0.432493213400
6779.000000000000,3.063167206000,-0.176218514700,-0.381262350100
6780.000000000000,2.744137632000,-0.247350708200,-0.308551878900
6781.000000000000,2.769367416000,-0.187273167300,-0.231787186100
6782.000000000000,2.762840287000,-0.357729285200,-0.239028190600
6783.000000000000,3.024707530000,-0.292087851700,0.467743800500
6784.000000000000,3.088747503000,-0.386384589700,0.365382835600
6785.000000000000,2.942262388000,-0.423825806100,-0.144137884300
6786.000000000000,3.075970779000,-0.405256249800,-0.208429218800
6787.000000000000,2.946498303000,-0.245545816500,-0.267354921800
6788.000000000000,2.987023948000,-0.263176854700,-0.540532020800
6789.000000000000,3.039389299000,-0.095936081810,-0.508811852600
6790.000000000000,2.916256704000,-0.498300958700,0.259325561900
6791.000000000000,3.066596002000,-0.496910130500,0.201279163100
6792.000000000000,2.987482872000,-0.272066815900,0.312106110700
6793.000000000000,3.064010424000,-0.210617609900,0.412209486400
6794.000000000000,2.891220194000,-0.132196409900,0.380681364000
6795.000000000000,3.080136833000,0.055847769370,0.373953615000
6796.000000000000,3.099006709000,0.312287227100,0.607014605000
6797.000000000000,2.974273432000,0.417007731200,0.593554588500
6798.000000000000,3.016318881000,0.229513582800,0.504712913600
6799.000000000000,2.956386727000,0.323695658200,0.490509652700
6800.000000000000,2.944797567000,0.425445229000,0.458739087700
6801.000000000000,2.818609270000,-0.419196979700,-0.575044841000
6802.000000000000,2.768795434000,-0.287853262100,-0.572710213700
6803.000000000000,3.117876770000,0.276620120000,0.259640596800
6804.000000000000,3.116540219000,0.299353736600,0.345859939600
6805.000000000000,2.964669708000,0.535371663600,0.419675069900
6806.000000000000,3.037381006000,0.535431246900,0.313583786700
6807.000000000000,2.839967613000,0.164858338400,0.350557405600
6808.000000000000,3.049086759000,0.398809445500,-0.370094680000
6809.000000000000,2.982277246000,-0.660641255200,0.241055606400
6810.000000000000,2.858107697000,-0.614857591000,0.155285546000
6811.000000000000,2.798325991000,-0.325649394500,0.602168233700
6812.000000000000,3.044980777000,-0.388501398700,0.528867097900
6813.000000000000,3.047704648000,-0.522990115800,0.460153995600
6814.000000000000,2.895030965000,-0.594585191200,0.426688979300
6815.000000000000,2.762670395000,-0.093354837890,0.363847355900
6816.000000000000,2.961809493000,0.324931106400,-0.436143690200
6817.000000000000,3.034551153000,0.286746480100,-0.526792592800
6818.000000000000,3.009138924000,0.034570116710,-0.421016113100
6819.000000000000,3.052570099000,0.217299518000,-0.361128601800
6820.000000000000,2.883107631000,-0.143790687300,-0.354304624600
6821.000000000000,2.835430772000,0.005262211971,-0.357095157200
6822.000000000000,3.057932853000,0.602609208300,-0.165752042800
6823.000000000000,3.014717995000,0.440973878300,-0.173108168900
6824.000000000000,3.113147839000,0.296495791700,-0.308408179900
6825.000000000000,2.642438257000,0.224258252000,0.670070656800
6826.000000000000,2.738800522000,-0.310724739200,-0.008761514519
6827.000000000000,2.857878869000,-0.358391608200,-0.073060692300
6828.000000000000,2.605532085000,0.183868040200,0.346208949800
6829.000000000000,2.663612775000,0.240683925400,0.284924400300
6830.000000000000,2.734022152000,0.291766886700,-0.140297480700
6831.000000000000,2.749283643000,0.019264257970,0.082027653710
6832.000000000000,1.826067780000,-0.466458319300,0.366651251800
6833.000000000000,1.985270781000,-0.400044332300,0.429795917900
6834.000000000000,2.003449516000,-0.555833852200,0.329793979100
6835.000000000000,1.722249174000,-0.186169098400,-0.478321434400
6836.000000000000,1.859501393000,-0.332402243300,-0.332204407300
6837.000000000000,2.542082968000,-0.719544060900,0.128369435500
6838.000000000000,2.629354307000,-0.601304145300,0.213704578700
6839.000000000000,1.855528843000,0.381016261200,0.500538250000
6840.000000000000,1.855360349000,-0.246575859400,0.064450943030
6841.000000000000,1.806303209000,-0.272781114700,0.163904492300
6842.000000000000,1.800919720000,-0.214953925500,-0.373326925100
6843.000000000000,2.626227259000,-0.371707784100,-0.489648175700
6844.000000000000,2.621947628000,-0.554944397600,-0.271577592900
6845.000000000000,2.675046632000,-0.667631978200,-0.144167969900
6846.000000000000,1.919935546000,-0.270912326900,-0.140377398700
6847.000000000000,1.890106487000,-0.397487142300,0.009544120986
6848.000000000000,1.771536225000,-0.535385524300,0.035954740290
6849.000000000000,1.767789272000,-0.313349827600,0.082718107460
6850.000000000000,1.813676354000,-0.402605687100,0.151264185100
6851.000000000000,1.975123379000,-0.623265625700,0.094839259090
6852.000000000000,2.026678722000,-0.631713409400,0.166700280900
6853.000000000000,1.997797640000,0.228982067500,0.189806822500
6854.000000000000,2.568484116000,0.689794710300,-0.013771733500
6855.000000000000,1.800025641000,-0.124640159800,0.548966686300
6856.000000000000,1.792006029000,-0.216552959000,0.457222415000
6857.000000000000,1.949067238000,-0.155373694200,0.587994831700
6858.000000000000,1.812111548000,-0.142678361000,0.319968283800
6859.000000000000,1.694625039000,-0.227977570600,0.160931599600
6860.000000000000,1.706730178000,-0.238638717000,0.436360077400
6861.000000000000,2.449953450000,-0.607113937200,0.073096122930
6862.000000000000,1.776434687000,0.245225630800,0.397922724500
6863.000000000000,1.801188729000,0.140169747400,0.561252434000
6864.000000000000,1.829941663000,0.570800527300,0.190488159200
6865.000000000000,1.821276139000,0.436547393800,0.193712308500
6866.000000000000,1.822266907000,0.294581597800,0.254093961000
6867.000000000000,1.787670270000,0.373969803300,0.058284776190
6868.000000000000,1.878424551000,0.175225187100,0.606287003900
6869.000000000000,2.497953625000,0.177752200200,0.600996553300
6870.000000000000,2.047472003000,0.276497825900,-0.572922804700
6871.000000000000,1.942707470000,0.293264802900,-0.572900998100
6872.000000000000,1.763516309000,0.264952896800,-0.419819428400
6873.000000000000,1.876609497000,0.610338468800,0.006500960916
6874.000000000000,1.832701554000,0.484398845600,-0.023094904600
6875.000000000000,1.883738187000,0.625020307000,-0.118928808400
6876.000000000000,1.848150308000,0.551102673500,-0.285971842700
6877.000000000000,1.825065591000,0.146472861000,-0.466984749100
6878.000000000000,1.970158597000,0.459042093000,0.422411721000
6879.000000000000,1.991150216000,0.562620972300,0.304762107300
6880.000000000000,1.854833016000,0.469183051800,0.428483736800
6881.000000000000,1.772635426000,0.165884546200,-0.538235948000
6882.000000000000,2.107133483000,-0.568112363000,-0.215739931800
6883.000000000000,2.228365980000,-0.626661842600,0.004173071766
6884.000000000000,2.186727834000,-0.627675283300,-0.098271965150
6885.000000000000,2.021485789000,-0.344814766600,0.514141701500
6886.000000000000,2.043070112000,-0.054463216780,0.686914245300
6887.000000000000,2.605397290000,0.016895014690,-0.413995078400
6888.000000000000,2.634630930000,0.288488924300,-0.091595692440
6889.000000000000,2.336399757000,0.174530482800,-0.366422857500
6890.000000000000,2.256991175000,0.302125013900,-0.535861565300
6891.000000000000,2.555842240000,0.080899293370,-0.278689398600
6892.000000000000,2.383467586000,0.010191768390,-0.297654037700
6893.000000000000,2.288311202000,0.006879120268,0.235500722200
6894.000000000000,2.555619395000,0.079547730430,0.309386130700
6895.000000000000,2.430040191000,0.334671044500,0.053124158240
6896.000000000000,2.394317096000,0.391691591200,0.157098808200
6897.000000000000,2.275192083000,0.131415726100,0.079192657640
6898.000000000000,2.185275584000,-0.596622546800,0.211167111600
6899.000000000000,2.233074049000,-0.503844720300,0.377044459300
6900.000000000000,2.405848290000,0.327663239100,0.521743635100
6901.000000000000,1.943622689000,0.575770400100,-0.428612918500
6902.000000000000,1.781205570000,0.469929659900,-0.424497524500
6903.000000000000,2.016656963000,0.533926617100,-0.287694667200
6904.000000000000,2.464799698000,0.592492489200,-0.209396937900
6905.000000000000,2.404360498000,0.638774407400,0.018646973880
6906.000000000000,2.372493663000,0.625140647700,-0.068951612250
6907.000000000000,2.151226899000,0.619948280200,-0.104976597700
6908.000000000000,2.051487296000,0.634650619700,-0.069620247230
6909.000000000000,2.445931427000,-0.408751110500,-0.463000916100
6910.000000000000,2.498432863000,-0.265799694100,-0.559916259800
6911.000000000000,2.240974647000,-0.322343585800,-0.544770437700
6912.000000000000,2.645690216000,-0.496390257000,-0.423065262300
6913.000000000000,2.378815900000,-0.541193696100,-0.328499649900
6914.000000000000,2.330227050000,-0.596575727900,-0.361596032700
6915.000000000000,2.408691998000,-0.329744508600,0.017309305260
6916.000000000000,2.021010464000,0.266785480100,0.573592147900
6917.000000000000,1.775354198000,0.423002765800,0.365524706100
6918.000000000000,2.124330926000,0.078686984590,0.576085033900
6919.000000000000,2.315245053000,-0.666286782100,0.126528483700
6920.000000000000,1.888994353000,0.635800156000,0.124271832400
6921.000000000000,2.263818492000,0.214787289900,0.179294174500
6922.000000000000,2.318547363000,0.466482373200,0.387917648800
6923.000000000000,2.229986226000,-0.343168694000,0.503881765900
6924.000000000000,2.018265914000,0.388634009800,-0.423712228400
6925.000000000000,2.355180441000,0.203441882600,-0.014528193760
6926.000000000000,2.372900366000,0.351931501500,-0.097254527160
6927.000000000000,2.181393031000,0.247698915000,-0.038848429310
6928.000000000000,2.401886484000,0.535915908000,-0.341978897300
6929.000000000000,2.280474085000,0.545769911400,-0.273449678600
6930.000000000000,2.245380193000,0.447461237400,-0.454029749400
6931.000000000000,2.225205331000,0.515605456300,-0.367572402100
6932.000000000000,2.341124529000,0.482764840900,-0.405892509700
6933.000000000000,2.162144108000,-0.462467199900,-0.425645083800
6934.000000000000,2.178575452000,0.257267430900,0.561731046500
6935.000000000000,2.201807670000,0.453289819400,0.533859425700
6936.000000000000,2.032356186000,0.484455809400,0.546258114400
6937.000000000000,2.149296395000,0.600493246500,0.205460282300
6938.000000000000,2.176520284000,0.631700693900,-0.003049309272
6939.000000000000,2.304124359000,0.652787365500,-0.019925606950
6940.000000000000,2.149871185000,0.598636354400,-0.199701335100
6941.000000000000,2.334673128000,-0.047321074130,-0.161402936300
6942.000000000000,2.033541361000,-0.228506819900,-0.094231968210
6943.000000000000,2.024282180000,0.684948061900,0.205585951400
6944.000000000000,1.988692836000,-0.058209310850,0.221942395000
6945.000000000000,1.937866347000,-0.060500456750,0.328786738800
6946.000000000000,2.159662803000,0.093235018120,0.224855556400
6947.000000000000,2.277449630000,-0.041702723460,0.186185657000
6948.000000000000,2.336272918000,-0.178751389700,0.233169092700
6949.000000000000,0.309130340400,-0.568136505800,-0.296092918200
6950.000000000000,0.255543473900,-0.638348760400,-0.107550600200
6951.000000000000,0.240596416200,-0.255598337800,0.566169353100
6952.000000000000,0.233871899600,-0.088579178180,0.429706792000
6953.000000000000,0.270221506200,0.685973569700,-0.247953423200
6954.000000000000,0.176392803000,-0.230803110000,0.483907963200
6955.000000000000,0.219562258200,-0.200733402300,-0.231307424600
6956.000000000000,0.195314030000,0.520444332700,0.147382680500
6957.000000000000,0.315966396000,0.048972596630,0.606742302000
6958.000000000000,0.141050078400,-0.256202605400,-0.581053472200
6959.000000000000,0.249619892200,-0.240703625200,-0.555483311000
6960.000000000000,0.300248506500,-0.307417389300,-0.638746671800
6961.000000000000,0.238671199800,-0.276249072300,-0.379636460600
6962.000000000000,0.211554427400,-0.354121782700,-0.429279703100
6963.000000000000,0.341588299000,0.425106622900,0.068972328180
6964.000000000000,0.320438572100,0.348901777200,0.182422013600
6965.000000000000,0.200778580000,0.361005194800,0.119684041800
6966.000000000000,0.205200175600,-0.458091341000,-0.278690034300
6967.000000000000,0.273177578100,0.183279217500,0.337870398800
6968.000000000000,0.214494587600,0.272388844000,-0.497265360000
6969.000000000000,0.160129849200,0.279662506900,-0.386808111300
6970.000000000000,0.160445095100,0.127429778300,-0.470011719000
6971.000000000000,0.311840861000,0.105320009400,-0.685991878800
6972.000000000000,0.069241715320,0.309218955300,-0.301570782700
6973.000000000000,0.487576374500,-0.464030515600,0.420473198500
6974.000000000000,0.289289464100,-0.319812864400,0.260623160800
6975.000000000000,0.296086830000,-0.609947806900,0.118829585400
6976.000000000000,0.138246213400,-0.612514932700,0.154399649900
6977.000000000000,0.489914675200,-0.342872805100,0.626091579700
6978.000000000000,0.494149975700,-0.357007931800,0.514132058900
6979.000000000000,0.410727334300,-0.375218825100,0.590813300000
6980.000000000000,0.301081191000,-0.200902652200,0.695801741800
6981.000000000000,0.349214906200,-0.119307832900,0.615686286500
6982.000000000000,0.266020348700,-0.101047766700,0.351339023200
6983.000000000000,0.260583609100,-0.107016574500,0.639454285900
6984.000000000000,0.198396010900,0.054598454020,-0.392314962600
6985.000000000000,0.203019284900,-0.008417274502,-0.565481584000
6986.000000000000,0.330284809200,0.490882367000,-0.317839256700
6987.000000000000,0.292167019500,0.424932505600,-0.467188593900
6988.000000000000,0.379404475000,-0.109508197000,-0.411641706400
6989.000000000000,0.219549651300,-0.197773965900,-0.323910549700
6990.000000000000,0.494146154800,0.067225017860,-0.366143463700
6991.000000000000,0.273591821500,0.279920949600,-0.589077788500
6992.000000000000,0.354446406100,0.349722939000,-0.497169504000
6993.000000000000,0.333085706700,-0.514678866200,-0.471571085600
6994.000000000000,0.386680388400,-0.428037341600,-0.487969917700
6995.000000000000,0.430022859700,0.526266815900,-0.370420417800
6996.000000000000,0.510927093300,0.571281170400,-0.285553493900
6997.000000000000,0.490887329500,0.531642833000,0.318674489800
6998.000000000000,0.399806494000,0.460761240000,0.434131160000
6999.000000000000,0.483849431400,0.046988639370,0.648409482700
7000.000000000000,0.606320160300,-0.590918530800,-0.240778584400
7001.000000000000,0.568650127000,-0.636402551800,-0.059169596120
7002.000000000000,0.472427454800,-0.550591054400,0.030575790660
7003.000000000000,0.433728052000,-0.570279545700,-0.295091715700
7004.000000000000,0.375109779600,-0.044565097060,-0.629392625600
7005.000000000000,0.267943586800,-0.040709284400,-0.633880205100
7006.000000000000,0.172478962000,-0.092921709230,-0.615657230600
7007.000000000000,0.159787390800,-0.159233535500,-0.503271034500
7008.000000000000,0.365859764700,-0.249906835000,-0.601008177800
7009.000000000000,0.472889199800,-0.308424855200,-0.513563356800
7010.000000000000,0.380918347400,-0.688750296400,0.193307318400
7011.000000000000,0.390830507200,-0.519922476700,0.261290758100
7012.000000000000,0.616411585200,-0.543389542600,0.147409466900
7013.000000000000,0.489007257600,-0.720347848200,0.101280426600
7014.000000000000,0.725276784300,-0.616599244500,0.043158948470
7015.000000000000,0.655712403200,-0.639109860800,-0.007379983317
7016.000000000000,0.435267008300,0.298435020300,-0.556369032400
7017.000000000000,0.559046846000,-0.512394113900,-0.441338470800
7018.000000000000,0.534581399300,0.330712604300,-0.485906957600
7019.000000000000,1.416002910000,0.568692949200,-0.189519102200
7020.000000000000,1.509875148000,0.479988552100,-0.196768504000
7021.000000000000,1.532111050000,-0.533167847700,-0.177096326000
7022.000000000000,1.398596522000,-0.471641506800,-0.037838125860
7023.000000000000,1.398156126000,-0.293095529600,-0.280559558400
7024.000000000000,1.541340981000,-0.384302874400,-0.063890126520
7025.000000000000,0.527616112000,-0.112521208700,-0.598490972500
7026.000000000000,0.554384942200,-0.268842462900,-0.585000532600
7027.000000000000,1.287656790000,-0.105046080700,0.627401849800
7028.000000000000,0.507353312800,0.406752849300,0.109413502900
7029.000000000000,0.474984168100,0.287949787400,0.248653034500
7030.000000000000,1.378345187000,-0.217493872600,0.436642325600
7031.000000000000,1.391580952000,-0.112254970000,0.536684445800
7032.000000000000,1.429437077000,-0.043582419020,0.468318878100
7033.000000000000,1.329826837000,-0.252336140900,0.542088533300
7034.000000000000,1.429043854000,-0.242431851300,0.006024343031
7035.000000000000,1.330276897000,-0.007188821006,0.628903683000
7036.000000000000,1.298807383000,0.203763519300,0.520862473300
7037.000000000000,1.276082123000,0.184908477800,0.272097442700
7038.000000000000,1.276358558000,0.227172827800,0.157601662700
7039.000000000000,1.443235723000,0.109674793300,0.296863617700
7040.000000000000,1.367531725000,0.310385519800,-0.070429422770
7041.000000000000,0.654594408700,-0.456032275900,0.440749409900
7042.000000000000,0.662340788500,-0.328903185100,0.482614846900
7043.000000000000,1.475013524000,-0.267281273000,0.543539778400
7044.000000000000,1.447563399000,-0.249672337500,-0.464024003300
7045.000000000000,1.347484052000,-0.305169119400,-0.559940063800
7046.000000000000,1.391763667000,-0.138817998200,-0.607813639900
7047.000000000000,0.661642806000,0.527277532700,-0.273613368000
7048.000000000000,0.682419806500,0.462648484000,-0.406871489500
7049.000000000000,0.802374445800,0.592082555000,-0.171991142200
7050.000000000000,0.765776378900,-0.562900541000,-0.116892308700
7051.000000000000,1.540174614000,-0.292547572800,-0.348978910000
7052.000000000000,0.576527572900,0.161128488200,-0.540861453000
7053.000000000000,0.393402682900,0.135444095700,-0.628942588400
7054.000000000000,0.480015369200,0.108712125100,-0.651048488300
7055.000000000000,0.739455963300,0.331726726900,-0.511763250100
7056.000000000000,0.848588643800,0.088506792750,-0.598489957300
7057.000000000000,0.660297963300,0.137885451900,-0.622579063400
7058.000000000000,1.425103078000,0.446828872200,-0.113437253600
7059.000000000000,1.318146013000,0.502933382200,-0.271649167500
7060.000000000000,1.505927279000,0.593076236700,0.160436173900
7061.000000000000,1.352666739000,0.631488737700,0.081595867930
7062.000000000000,1.450952185000,0.573388807000,0.243554550900
7063.000000000000,1.247589505000,0.573008431100,0.264082550000
7064.000000000000,1.115113223000,0.601164949400,0.175734593300
7065.000000000000,1.298209041000,0.724507003500,-0.094364897240
7066.000000000000,1.281590747000,0.693483746700,-0.189290400500
7067.000000000000,1.225827652000,0.559353246100,-0.129649013300
7068.000000000000,1.231667417000,0.635147356600,0.067108574760
7069.000000000000,1.371756687000,0.590794431500,-0.128938110900
7070.000000000000,1.445745142000,-0.488785298500,0.042844776940
7071.000000000000,0.647828433700,-0.127309769700,0.705229113800
7072.000000000000,0.655462550600,-0.199087503800,0.613553057400
7073.000000000000,0.917909874800,0.102466818000,0.365002312100
7074.000000000000,0.897004200400,0.004741463925,0.239717431200
7075.000000000000,0.842847748400,0.272178290600,0.232318684200
7076.000000000000,0.764273204100,0.348051295500,0.140238380300
7077.000000000000,0.673049005200,-0.276984704300,-0.523132257500
7078.000000000000,0.695159037600,-0.418775535800,-0.456443885600
7079.000000000000,0.946474444500,-0.330556232000,-0.527840898700
7080.000000000000,0.675583267900,-0.095268110970,-0.599526111000
7081.000000000000,1.429495438000,0.175357505200,-0.501855228900
7082.000000000000,1.199024451000,-0.274260817100,0.500389480700
7083.000000000000,1.233222995000,0.343652346400,-0.515804463100
7084.000000000000,1.116976868000,0.458301397300,-0.435183035300
7085.000000000000,0.980827070800,-0.609713648900,-0.078031782720
7086.000000000000,0.982214167200,-0.694591589300,-0.058463373320
7087.000000000000,0.677093030300,-0.376864465200,0.019442877430
7088.000000000000,0.734872494400,-0.316619646200,0.083665069450
7089.000000000000,0.798762028400,-0.572166045700,-0.212146887900
7090.000000000000,1.507533817000,-0.430925728100,-0.353592771500
7091.000000000000,1.461434103000,-0.501619594400,-0.232349480500
7092.000000000000,1.221088559000,-0.315777574500,-0.553288617700
7093.000000000000,1.246984368000,-0.427855620200,-0.548817000600
7094.000000000000,1.354129478000,-0.416764944400,-0.603799928400
7095.000000000000,0.807027453400,-0.070375016490,-0.628088776700
7096.000000000000,0.617460656700,-0.560133168300,0.421425949100
7097.000000000000,0.783335797600,-0.472208145300,0.432234226900
7098.000000000000,0.745738359800,-0.371059193300,0.523523402500
7099.000000000000,0.896413406800,-0.458069768700,0.408944258800
7100.000000000000,0.919409639400,-0.355987349600,0.488218017000
7101.000000000000,0.925188190200,0.268083652300,-0.557130641400
7102.000000000000,1.129259516000,-0.147212945400,0.191074145700
7103.000000000000,0.748488037500,-0.634469151500,-0.336974607300
7104.000000000000,0.818926992700,-0.540810058700,-0.340109993000
7105.000000000000,0.681405975900,-0.594079652900,-0.371805419700
7106.000000000000,0.608732876300,-0.479732226800,-0.527452409200
7107.000000000000,1.049104627000,-0.397919621300,-0.583020682000
7108.000000000000,0.884081289600,-0.376648433500,-0.603685962800
7109.000000000000,0.959733989300,-0.551053431600,-0.295532512000
7110.000000000000,0.868736606400,-0.536209948200,-0.444047084400
7111.000000000000,1.047094406000,-0.127068757300,0.602051033400
7112.000000000000,1.216861489000,-0.229570086800,0.589008946000
7113.000000000000,1.056310680000,0.000880899534,0.613156163700
7114.000000000000,1.055065681000,0.152211547700,0.550612349500
7115.000000000000,1.153344441000,0.292332670800,0.640044246900
7116.000000000000,1.140619993000,0.564017030400,0.399216966100
7117.000000000000,1.068374318000,-0.599727901300,-0.137336982900
7118.000000000000,1.183156941000,-0.218629487200,-0.684868975000
7119.000000000000,1.098622323000,-0.391589161000,-0.635426190300
7120.000000000000,1.093852971000,-0.510344608300,-0.475974650500
7121.000000000000,1.067968271000,-0.001047839135,-0.624401273200
7122.000000000000,1.196140550000,0.287659361700,-0.030983856030
7123.000000000000,1.246239707000,0.263211008000,-0.157828681300
7124.000000000000,1.405015264000,0.273089799100,-0.006838469303
7125.000000000000,0.633422643400,0.403183976300,0.159961399700
7126.000000000000,0.618544089200,0.442211854400,-0.016385352540
7127.000000000000,0.949022533100,0.142581618400,0.056197760200
7128.000000000000,0.897629147800,0.122254083000,-0.161383421900
7129.000000000000,1.074415089000,0.157766206400,-0.147251966300
7130.000000000000,0.968812716900,0.640974701300,0.047183842040
7131.000000000000,0.963939982300,-0.047317118550,-0.638446439300
7132.000000000000,1.213052777000,-0.028580322150,-0.623732891500
7133.000000000000,1.271497240000,-0.093011687890,-0.613854647800
7134.000000000000,1.317658407000,-0.179090448000,-0.693577497600
7135.000000000000,1.031818686000,0.096095554280,-0.089742019110
7136.000000000000,1.046971202000,-0.070322025200,-0.022618188130
7137.000000000000,1.136637315000,0.054921055040,0.036005186070
7138.000000000000,0.370787944700,0.067548692220,-0.024487243040
7139.000000000000,0.355412177700,-0.052118266400,0.019789899390
7140.000000000000,1.055408214000,0.110523305300,0.083679960990
7141.000000000000,1.040775104000,-0.174386902500,-0.087108483100
7142.000000000000,1.004573913000,-0.070534979070,-0.111919791500
7143.000000000000,0.978408287000,-0.076171777550,0.073046204980
7144.000000000000,0.977728321200,0.030825606610,-0.177572397300
7145.000000000000,1.057932150000,0.196337997500,-0.060162517530
7146.000000000000,0.953705006800,0.093943361370,-0.011721435950
7147.000000000000,1.333970690000,-0.223367633000,-0.611682389000
7148.000000000000,1.240643249000,-0.194605303100,-0.606306531800
7149.000000000000,1.312658046000,-0.080732181650,-0.415541756000
7150.000000000000,1.197154478000,-0.117732383800,-0.547571033000
7151.000000000000,1.222287076000,0.085120994810,-0.573792440300
7152.000000000000,1.127241861000,-0.053395222100,-0.633009545000
7153.000000000000,0.901227195100,-0.104244616000,-0.603346756200
7154.000000000000,0.919371297400,0.058105108240,-0.628496320700
7155.000000000000,1.022408046000,-0.032260316180,-0.535727655900
7156.000000000000,1.003094442000,0.555518198300,-0.006518157572
7157.000000000000,0.886162026600,0.601023133500,0.092650458950
7158.000000000000,1.063589849000,0.605959598100,0.076901062000
7159.000000000000,1.122923268000,0.084801867440,-0.209421583800
7160.000000000000,1.137732817000,0.296489003100,-0.141319343300
7161.000000000000,0.950903997900,0.202198211700,-0.176328125900
7162.000000000000,0.869367101700,0.010410285690,-0.162744626200
7163.000000000000,0.887850608600,0.043714751410,-0.253157727700
7164.000000000000,0.866817829700,0.165460414000,-0.247141738800
7165.000000000000,0.904882588600,0.080494051510,0.075728017330
7166.000000000000,0.967403174300,0.207135080400,0.124369195100
7167.000000000000,0.705462500800,0.487184419200,0.031229894290
7168.000000000000,0.600082337200,0.383567373200,-0.182507547700
7169.000000000000,0.521731403200,0.465514311600,0.045943251430
7170.000000000000,0.472031129300,0.482801326700,0.130863073300
7171.000000000000,0.741875630700,0.424029566900,0.213800385600
7172.000000000000,0.594687086600,0.370938619900,0.236266097500
7173.000000000000,1.299449026000,0.238706029100,-0.300423627300
7174.000000000000,1.252787777000,0.344941237600,-0.088273395110
7175.000000000000,1.153774150000,-0.505127841200,-0.411434524800
7176.000000000000,1.038616984000,-0.426668828000,-0.439737357400
7177.000000000000,0.993430964000,-0.497119311700,-0.197432644200
7178.000000000000,1.210014392000,-0.629918768300,-0.126845053000
7179.000000000000,1.037959658000,-0.547028710200,-0.048332237840
7180.000000000000,1.105429616000,-0.582169210700,-0.063002160310
7181.000000000000,1.140376609000,0.521969944000,0.274150264900
7182.000000000000,1.182676023000,0.472174497500,0.431484240700
7183.000000000000,1.243121006000,0.186998352800,0.598682842600
7184.000000000000,1.140938660000,0.207923801900,0.577004030900
7185.000000000000,1.213661865000,0.285565195400,0.554878740600
7186.000000000000,1.077767679000,0.177445363700,0.630346165000
7187.000000000000,1.001522201000,0.300367116300,0.566345170700
7188.000000000000,1.116637220000,0.062621589600,0.528596961100
7189.000000000000,0.927718981100,0.102276329500,0.592165094900
7190.000000000000,1.119980270000,-0.018082280430,0.675706115600
7191.000000000000,0.970107661800,-0.077669339920,0.599331479700
7192.000000000000,1.272935358000,-0.204748400600,0.614414926000
7193.000000000000,1.205716209000,-0.172905685800,0.527188640500
7194.000000000000,1.192099345000,-0.137001064500,0.616806634100
7195.000000000000,0.938807234700,-0.098181526250,0.397463979300
7196.000000000000,1.098049074000,-0.172478505500,0.625988617800
7197.000000000000,0.809316406600,-0.433718907500,-0.480294550500
7198.000000000000,0.883991987800,-0.429032730000,-0.517515373800
7199.000000000000,0.773382463700,-0.485542334800,-0.410761891300
7200.000000000000,0.862964637400,-0.553144486300,-0.248626963400
7201.000000000000,1.024864546000,-0.565257256200,-0.263840171900
7202.000000000000,0.832419426200,-0.315266978000,-0.518767049300
7203.000000000000,1.046987410000,-0.281535522500,-0.584262569600
7204.000000000000,0.523427418900,-0.495614510900,-0.490312806900
7205.000000000000,0.600225764000,-0.579583768200,-0.413163509600
7206.000000000000,0.658395708700,-0.499234609700,-0.303044527800
7207.000000000000,1.196597333000,-0.122054890500,0.171700406600
7208.000000000000,0.971392361100,-0.119206868500,0.144256479700
7209.000000000000,1.191869017000,-0.215272030100,0.229509562400
7210.000000000000,1.000468990000,0.343650337400,-0.483565984800
7211.000000000000,0.834125897100,0.215245196900,-0.550192836800
7212.000000000000,0.817210956100,0.285643237800,-0.448699519100
7213.000000000000,0.832406881200,-0.201854722200,0.364440967800
7214.000000000000,0.808967741900,-0.298604116500,0.511659272200
7215.000000000000,0.866638325600,-0.358893639400,0.557518323300
7216.000000000000,0.991137713000,-0.341302380100,0.540142509400
7217.000000000000,0.812998329900,-0.480457748900,0.332200552700
7218.000000000000,0.966563430900,-0.405964936700,0.338564663800
7219.000000000000,0.773550006100,-0.349213583200,0.425264629600
7220.000000000000,0.695993401800,-0.533964768100,0.333651405800
7221.000000000000,0.685731796100,-0.606506772500,0.407313784000
7222.000000000000,0.679351792800,-0.524144960600,0.513763531700
7223.000000000000,0.710932550600,-0.120958137300,-0.478423186800
7224.000000000000,0.856236740000,-0.001932898468,-0.552901546800
7225.000000000000,0.730174071300,0.002117931028,-0.613376620700
7226.000000000000,1.301280699000,-0.343750277500,-0.503058595300
7227.000000000000,1.286895762000,-0.424243550000,-0.446560224500
7228.000000000000,1.207061983000,-0.228582521100,-0.281611907700
7229.000000000000,1.444753599000,-0.553478287200,-0.289014055000
7230.000000000000,1.441842086000,-0.419364824900,-0.199123299200
7231.000000000000,0.698321695200,-0.559402757600,-0.202504985600
7232.000000000000,0.653351286800,-0.386441267000,0.109617021200
7233.000000000000,0.587519278700,-0.550927121700,0.020095398220
7234.000000000000,0.671133935500,-0.407770779100,-0.065294984400
7235.000000000000,0.880163373300,-0.547173584600,-0.066877658880
7236.000000000000,0.953384702600,-0.637605036300,0.000690855791
7237.000000000000,1.184862950000,0.514941866800,-0.337508091500
7238.000000000000,1.173049728000,0.506165657500,-0.402806659500
7239.000000000000,1.097401030000,0.387011336800,-0.478471038600
7240.000000000000,1.299756823000,0.269991225700,-0.534527839000
7241.000000000000,1.183432791000,-0.385883500400,0.490954977300
7242.000000000000,1.289925007000,-0.283858154900,0.444526519500
7243.000000000000,1.411237246000,0.251895989300,-0.528612773200
7244.000000000000,1.319274959000,0.086806883450,-0.517325037400
7245.000000000000,1.420097414000,0.075918211900,-0.472145401800
7246.000000000000,0.626992074700,-0.456864431500,-0.399699903700
7247.000000000000,0.635262463500,-0.333659436700,-0.482130578300
7248.000000000000,0.729050336000,-0.199045006400,-0.566190629900
7249.000000000000,0.754801260500,-0.285081281500,-0.555287355500
7250.000000000000,0.749553124200,0.294062631400,0.063296704550
7251.000000000000,0.861954504500,0.410943180300,0.087760164270
7252.000000000000,0.865155071000,0.216041984100,0.384338515200
7253.000000000000,1.050683956000,0.377866463200,0.395628645800
7254.000000000000,0.884178128200,0.186367940200,0.210015047000
7255.000000000000,0.932908106300,0.023832432330,0.146250028200
7256.000000000000,0.939427617500,0.107303250500,0.253271341500
7257.000000000000,0.682918317800,-0.087565876390,0.612317121100
7258.000000000000,0.613060036100,-0.218663809000,0.498255292300
7259.000000000000,0.575035476000,-0.190517428000,0.612280397400
7260.000000000000,1.458572392000,-0.540865262700,-0.036471285320
7261.000000000000,1.321355424000,0.532322568800,-0.085739743310
7262.000000000000,1.432405393000,0.538724831100,-0.059053375860
7263.000000000000,1.186397644000,0.585398909000,0.123494848900
7264.000000000000,1.279593200000,0.549102859400,0.068127491480
7265.000000000000,1.169733731000,0.628119459100,-0.009279597039
7266.000000000000,1.138052339000,0.605258807000,-0.188504932200
7267.000000000000,1.238102050000,0.569839194700,-0.240713089800
7268.000000000000,1.292221109000,0.426185256400,0.240276364400
7269.000000000000,1.216204848000,0.658589936300,0.290128438400
7270.000000000000,1.374913686000,0.488594835900,0.194656287600
7271.000000000000,1.377730984000,0.517625855100,0.064523447940
7272.000000000000,1.336049244000,0.489515041200,-0.368841914400
7273.000000000000,1.420031367000,0.387446359300,-0.050606691440
7274.000000000000,1.410141809000,0.488107518400,-0.197709329500
7275.000000000000,0.638104905400,0.224998637600,-0.551750348700
7276.000000000000,0.741476459700,0.096278161130,-0.598533093500
7277.000000000000,0.569916254400,0.065924910020,-0.583729468900
7278.000000000000,0.658916793400,0.152748615100,-0.704963849100
7279.000000000000,0.791944440300,0.153430139300,-0.632689717400
7280.000000000000,0.719501583800,0.402786862900,-0.459060573400
7281.000000000000,0.448444976700,0.092493943410,-0.553730946400
7282.000000000000,0.364146256900,0.240477146800,-0.609936554700
7283.000000000000,0.316506372300,0.103316908100,-0.538334206100
7284.000000000000,0.478413423000,0.216248054000,-0.494582299700
7285.000000000000,0.624067490700,0.142366820700,-0.390776919800
7286.000000000000,0.755495015300,-0.572105640100,-0.012381167510
7287.000000000000,0.770746943600,0.494943459200,-0.237599496500
7288.000000000000,0.883543459400,0.541052822100,-0.182133848400
7289.000000000000,0.710767085100,0.539799113000,-0.192036043700
7290.000000000000,0.788830574500,0.596959327200,-0.068499522790
7291.000000000000,0.688427499500,0.305848374900,-0.305814258800
7292.000000000000,0.580669279800,0.420255712800,-0.417029034700
7293.000000000000,0.596530623300,0.586845003600,-0.229969292300
7294.000000000000,1.333519281000,-0.245684849300,-0.468708350000
7295.000000000000,0.610729843400,-0.377423014800,0.401945059500
7296.000000000000,1.436930481000,0.144306597800,0.416973153700
7297.000000000000,1.392489999000,0.051660887510,0.363362542300
7298.000000000000,1.179433928000,0.278943568400,0.129191471700
7299.000000000000,1.198162621000,0.151878269700,0.319393387700
7300.000000000000,1.327720559000,0.236841995300,0.330000049800
7301.000000000000,1.309504068000,0.298514476800,0.480373002500
7302.000000000000,1.239139980000,-0.035617943680,0.634180443700
7303.000000000000,1.353584397000,-0.172422354600,0.485059866700
7304.000000000000,0.497751160700,0.301632586800,0.353422269100
7305.000000000000,0.422798825900,0.353459958400,0.307003348800
7306.000000000000,0.596232344300,0.286526069300,0.095759839720
7307.000000000000,0.556928402500,-0.187115986200,-0.503162442800
7308.000000000000,0.505971330300,-0.028481732100,-0.626317586400
7309.000000000000,1.333632809000,-0.284646236300,-0.370814832000
7310.000000000000,1.347912982000,-0.235326259100,-0.217475499200
7311.000000000000,1.351088447000,-0.425188151900,0.023340588690
7312.000000000000,1.361345122000,-0.545814079300,0.030378790040
7313.000000000000,1.294706888000,-0.474655450200,-0.131114035600
7314.000000000000,0.415309825400,0.284160997000,-0.327204228400
7315.000000000000,0.465917772800,0.386812632800,-0.490838311400
7316.000000000000,0.478561589700,-0.481547161600,-0.390873383200
7317.000000000000,0.543039190700,-0.532370839700,-0.312582657500
7318.000000000000,0.725651165800,-0.610607145300,0.134594153500
7319.000000000000,0.455862786200,-0.643268618300,0.135937173900
7320.000000000000,0.487165641800,-0.474646936000,0.129282154800
7321.000000000000,0.284908120800,-0.408748013900,0.271816390000
7322.000000000000,0.324112775900,-0.506805894200,0.123090203100
7323.000000000000,0.496790974300,-0.548806018100,0.264816753400
7324.000000000000,0.326367788100,-0.585122131500,0.196027058200
7325.000000000000,0.344160716900,-0.463147545200,0.313932697100
7326.000000000000,0.393321298300,-0.330731217500,-0.450135901200
7327.000000000000,0.393394083900,-0.184934697000,-0.511419039700
7328.000000000000,0.539534300500,-0.339621012900,-0.489038783500
7329.000000000000,0.173139183400,-0.047100686930,-0.486924810200
7330.000000000000,0.248835381800,-0.107884943800,-0.555235634900
7331.000000000000,0.228555964400,-0.248362694700,-0.461413280300
7332.000000000000,0.381105293100,-0.146087333400,-0.590418475600
7333.000000000000,0.460226288500,-0.545811515700,-0.205881060500
7334.000000000000,0.324844931600,-0.469449337700,-0.012333036680
7335.000000000000,0.470178700300,-0.421197568600,0.000214917080
7336.000000000000,0.547295713800,-0.592064908700,-0.141488269700
7337.000000000000,0.411620786200,0.103239141500,0.624024231100
7338.000000000000,0.458629460900,-0.041623698210,0.618243515200
7339.000000000000,0.502956603600,0.107807799700,0.580015040800
7340.000000000000,0.352584919200,0.511752082800,0.393699505400
7341.000000000000,0.582207989400,0.534043008400,0.285714973800
7342.000000000000,0.484661664300,0.590642317200,-0.161446727400
7343.000000000000,0.426195204300,0.543072110500,-0.241655784800
7344.000000000000,0.380026073500,0.441779238400,-0.389804287700
7345.000000000000,0.322574351000,0.584377386900,-0.371583201000
7346.000000000000,0.311614644600,-0.527022247000,-0.363305992400
7347.000000000000,0.251636309300,0.334256447900,-0.418524473700
7348.000000000000,0.488925056600,-0.040475685200,-0.407663066400
7349.000000000000,0.277684681700,-0.294401357400,-0.280782410900
7350.000000000000,0.275079515200,-0.218114087000,-0.388677446900
7351.000000000000,0.383916805100,-0.188719506600,-0.351118323900
7352.000000000000,0.295575509900,-0.040780253600,-0.383003631600
7353.000000000000,0.281427608000,0.394717966800,-0.208876078800
7354.000000000000,0.125015817900,0.079594274940,-0.413481701100
7355.000000000000,0.261416827600,0.119079231000,-0.438078387100
7356.000000000000,0.311918614500,-0.058378083580,0.559894315700
7357.000000000000,0.308405899100,-0.173257925600,0.569720800200
7358.000000000000,0.340369259200,-0.159797481400,0.368337724400
7359.000000000000,0.321947110600,-0.062666183610,0.310313064600
7360.000000000000,0.263644435700,-0.005062959292,0.372504403100
7361.000000000000,0.234584433100,-0.145636649200,0.270289433900
7362.000000000000,0.411675323500,-0.130792769400,0.676475819800
7363.000000000000,0.393658893100,-0.378825364500,0.487373372500
7364.000000000000,0.424855221000,-0.282555792900,0.573792062100
7365.000000000000,0.321848898500,-0.303195787700,0.359627616500
7366.000000000000,0.229135040900,0.091346100450,-0.740493147700
7367.000000000000,0.202325914200,0.201460339600,-0.432490487600
7368.000000000000,0.151139596500,0.350650507600,-0.443717102100
7369.000000000000,0.289313222900,0.300808455100,0.306261854500
7370.000000000000,0.304977305200,0.242712446800,0.413369383300
7371.000000000000,0.315676890300,0.094921652960,0.316433239000
7372.000000000000,0.279145685600,-0.461218012400,-0.176161894100
7373.000000000000,0.258662462100,-0.430006422600,-0.353494657400
7374.000000000000,0.172526461200,-0.553318511500,-0.326598080700
7375.000000000000,0.349223715100,0.450548741700,0.176121491300
7376.000000000000,0.370294122500,0.393708951000,0.000572307353
7377.000000000000,0.298538278600,0.527154023800,0.041434657630
7378.000000000000,0.366764498300,0.038100746830,0.474347542100
7379.000000000000,0.271879464300,0.075331057240,0.507313931200
7380.000000000000,0.150998960600,-0.319623325000,0.453731882400
7381.000000000000,0.245763811300,-0.184844486400,0.431451093100
7382.000000000000,0.261663922800,-0.270127032800,0.471502677800
7383.000000000000,0.254656262300,0.584369019300,-0.202141750700
7384.000000000000,0.190460792400,-0.062753572200,0.493777224100
7385.000000000000,0.289140782400,-0.559765145900,-0.144052640400
7386.000000000000,0.282450041700,-0.554649524700,-0.058880376290
7387.000000000000,0.194387032100,-0.719929592300,-0.100566356200
7388.000000000000,0.317741095300,-0.636874124500,-0.040867844470
7389.000000000000,0.259733155000,-0.622491574400,-0.322895097200
7390.000000000000,2.394780388000,-0.225762511300,0.308829287600
7391.000000000000,2.242220561000,-0.117719211100,0.261813789100
7392.000000000000,2.271555938000,-0.267208038900,0.196094534200
7393.000000000000,2.198939444000,-0.118195195900,0.097122841630
7394.000000000000,2.230940208000,0.042735687100,0.185349791900
7395.000000000000,2.239979785000,0.055950429730,0.314298737900
7396.000000000000,2.160843886000,0.200563203100,0.178373335500
7397.000000000000,1.884368360000,-0.253132910200,0.422330945700
7398.000000000000,1.971013194000,0.029631582070,0.360741052500
7399.000000000000,1.864994780000,-0.072911413730,0.402062684300
7400.000000000000,1.943207356000,0.603477693300,0.217509861600
7401.000000000000,2.074938296000,-0.296623313100,-0.136112313300
7402.000000000000,1.944087895000,-0.214309144600,-0.062935177650
7403.000000000000,2.220554586000,-0.039247781890,-0.142742569300
7404.000000000000,2.339598875000,-0.041822766810,-0.260162476700
7405.000000000000,2.206694952000,0.495676586100,-0.192468628900
7406.000000000000,2.040526965000,0.577061870300,-0.218859042200
7407.000000000000,2.255959296000,0.613739577300,0.062369782310
7408.000000000000,2.068717447000,0.599425639000,0.033346220090
7409.000000000000,2.129159985000,0.711336671900,-0.026808326720
7410.000000000000,2.118220816000,0.526815292300,0.307399819800
7411.000000000000,2.037391331000,0.577460434400,0.213797216100
7412.000000000000,2.302358633000,0.564098289500,0.254047463600
7413.000000000000,2.202236121000,0.566393669300,0.292985288700
7414.000000000000,1.987423010000,0.416358385400,0.514118300000
7415.000000000000,2.150836214000,0.376717302500,0.489990122600
7416.000000000000,2.248462142000,0.370436161300,0.460606595500
7417.000000000000,2.351920170000,0.200704561200,0.532527005200
7418.000000000000,2.104132698000,0.202746874000,0.598703228700
7419.000000000000,2.407816409000,-0.283013179400,-0.237694701400
7420.000000000000,2.259519163000,-0.401448284200,-0.465230326700
7421.000000000000,2.283496315000,-0.515317656300,-0.324793882900
7422.000000000000,2.059974213000,-0.474909346700,-0.439486012300
7423.000000000000,2.236358374000,-0.480260327500,-0.417611756800
7424.000000000000,2.392218070000,0.388459419000,-0.388591991200
7425.000000000000,2.128384406000,0.468712213600,-0.311283564400
7426.000000000000,2.118676651000,0.493962878700,-0.437643258800
7427.000000000000,2.244982746000,0.372623543700,-0.498665475900
7428.000000000000,2.263935890000,0.582679310800,-0.184733139100
7429.000000000000,2.437456066000,0.473279387200,-0.390633248100
7430.000000000000,2.248177877000,0.231256501900,0.065436112320
7431.000000000000,2.255573782000,0.178859316800,-0.051626125580
7432.000000000000,2.027175782000,0.306780604000,-0.062421806790
7433.000000000000,2.430909601000,0.520238739900,-0.146899767900
7434.000000000000,2.479535595000,0.354575184400,-0.213911948400
7435.000000000000,2.443607353000,0.340703488800,-0.134570722200
7436.000000000000,2.295228459000,0.207163800700,-0.117158332200
7437.000000000000,2.075843257000,0.136228070300,-0.266818498300
7438.000000000000,1.987780611000,0.484122923100,-0.378435306200
7439.000000000000,2.095815520000,0.337706518200,-0.489947625000
7440.000000000000,1.954267285000,0.341435093500,-0.403672846000
7441.000000000000,2.114005441000,-0.435181745700,0.385590051800
7442.000000000000,2.216811111000,-0.429814969200,0.553504584700
7443.000000000000,2.245614779000,-0.431547407500,0.456082228200
7444.000000000000,2.210907986000,-0.260266127500,0.480895051800
7445.000000000000,2.376354045000,0.395320567100,0.486953367900
7446.000000000000,2.396741169000,0.451817885500,0.393197245900
7447.000000000000,1.857774629000,0.692359146000,0.199979199800
7448.000000000000,2.292401626000,-0.590832392000,0.186846018200
7449.000000000000,2.329648246000,-0.596270088200,0.030198918060
7450.000000000000,2.211895862000,0.143459350300,0.589886602400
7451.000000000000,2.028462069000,0.074609536330,0.616705311000
7452.000000000000,1.876615173000,0.416600705700,0.353261234000
7453.000000000000,1.806126802000,0.428141806000,0.302681682800
7454.000000000000,1.976097603000,0.137338322700,0.563112017400
7455.000000000000,1.956225841000,0.201512123200,0.623748685100
7456.000000000000,2.504525812000,-0.362729396200,-0.017375752390
7457.000000000000,2.315687332000,-0.325133118000,-0.047960332550
7458.000000000000,2.409380495000,-0.554257751100,-0.198153156200
7459.000000000000,2.392721932000,-0.484302422800,-0.417650271400
7460.000000000000,2.725187193000,-0.408926274800,-0.423040205000
7461.000000000000,2.589200985000,-0.533519998300,-0.352530072300
7462.000000000000,2.305610962000,-0.241969781500,-0.586959521400
7463.000000000000,2.155493451000,-0.275476968500,-0.559816996800
7464.000000000000,2.513073150000,-0.356939658000,-0.479020544800
7465.000000000000,2.446816665000,-0.160423409500,-0.556989686100
7466.000000000000,2.591466473000,-0.245066926300,-0.526203578800
7467.000000000000,2.070412786000,0.567834181500,-0.139833133200
7468.000000000000,1.953898332000,0.637272960300,-0.042054996060
7469.000000000000,2.430574977000,0.537949558400,-0.048928881940
7470.000000000000,2.457967841000,0.614241518900,0.108333378300
7471.000000000000,2.522178586000,0.487658363500,-0.211562682500
7472.000000000000,1.888983421000,0.501974880700,-0.214314590800
7473.000000000000,1.932716842000,0.581065402700,-0.278262027300
7474.000000000000,1.867833164000,0.390621398300,-0.428267970400
7475.000000000000,2.485955385000,0.288891077400,0.515178548500
7476.000000000000,2.270038200000,-0.559945978300,0.278265307500
7477.000000000000,2.233470594000,-0.566969325800,0.455058806200
7478.000000000000,2.150616697000,-0.511690606300,0.249272159700
7479.000000000000,2.149837261000,-0.611085395100,0.121858228900
7480.000000000000,2.195981989000,0.055175445290,0.062202247680
7481.000000000000,2.485667369000,0.380661717900,0.235973076000
7482.000000000000,2.530942497000,0.332592186600,0.051009811150
7483.000000000000,2.502172685000,0.183482909900,0.286037453400
7484.000000000000,2.619302514000,0.111296576000,0.408578731100
7485.000000000000,2.343049256000,-0.039244453190,-0.364383936000
7486.000000000000,2.273664047000,0.204081279100,-0.586881951100
7487.000000000000,2.386952859000,0.189505326900,-0.304421183300
7488.000000000000,2.386204605000,0.116051312700,-0.451392321800
7489.000000000000,2.697427130000,0.383033823400,-0.035378441770
7490.000000000000,2.646035184000,0.340957678900,-0.167973720100
7491.000000000000,2.531513543000,-0.110786020500,-0.485026562500
7492.000000000000,2.709994306000,0.088174617500,-0.401287508900
7493.000000000000,2.564951635000,-0.030518133480,-0.575867223400
7494.000000000000,2.609094968000,-0.094288576470,-0.394622291400
7495.000000000000,2.657956709000,-0.023996442460,-0.347150026200
7496.000000000000,2.539713706000,0.083385327510,-0.458329462300
7497.000000000000,2.703567677000,0.017775826460,-0.529805084400
7498.000000000000,2.033882103000,-0.134747741100,0.600146561300
7499.000000000000,1.971882686000,-0.060179210330,0.622506045300
7500.000000000000,2.030106153000,-0.232825560400,0.531404073200
7501.000000000000,1.928920229000,-0.332403390700,0.448901582200
7502.000000000000,2.214634480000,-0.713775399600,-0.138247974700
7503.000000000000,2.069970321000,-0.634814959100,-0.136699999400
7504.000000000000,1.798882807000,0.244323758600,-0.524120953100
7505.000000000000,1.860714628000,0.144568571200,-0.530790877700
7506.000000000000,1.911766531000,0.428687504400,0.047310759140
7507.000000000000,1.769557335000,0.228125605000,-0.327727614500
7508.000000000000,1.852647935000,0.276782938200,-0.606921857100
7509.000000000000,2.012447121000,0.197033774800,-0.583056432700
7510.000000000000,2.027185467000,0.389045942900,-0.583111052400
7511.000000000000,2.572166352000,0.131469659600,0.594402470800
7512.000000000000,1.833061310000,0.231788370300,0.538430045100
7513.000000000000,1.712561880000,0.412418726300,0.071253515990
7514.000000000000,1.814811498000,0.203426395000,0.311848295000
7515.000000000000,1.780538338000,0.281480889000,0.325026023400
7516.000000000000,1.900156059000,0.264560433800,0.211448831300
7517.000000000000,1.813755679000,0.506578043200,0.129741048900
7518.000000000000,1.870707294000,0.047580798410,0.514148382700
7519.000000000000,2.520741648000,-0.554342845000,0.162254598600
7520.000000000000,2.509370459000,-0.607900045800,-0.075416512340
7521.000000000000,2.369987040000,-0.678773986300,0.061684335660
7522.000000000000,1.852529196000,-0.226936644800,0.266832665600
7523.000000000000,1.932294801000,-0.234980028100,0.602569236900
7524.000000000000,1.971794747000,0.133872856000,0.200586449200
7525.000000000000,1.996820537000,-0.523840449800,0.139670050200
7526.000000000000,1.964557282000,-0.630524340600,0.011953111670
7527.000000000000,1.784449952000,-0.458694366500,0.075064919860
7528.000000000000,1.865042207000,-0.416093113100,0.250909109400
7529.000000000000,1.872727114000,-0.553654414700,0.005208832868
7530.000000000000,1.806511908000,-0.498038414000,-0.057464561680
7531.000000000000,1.895332051000,-0.371296349600,-0.141002861500
7532.000000000000,1.923714405000,-0.306754748400,-0.037378922140
7533.000000000000,2.014348989000,-0.359414759900,0.025366811700
7534.000000000000,1.867187688000,-0.330473158100,-0.230252914300
7535.000000000000,2.719892564000,-0.575263139000,-0.229499345700
7536.000000000000,2.662801330000,-0.647054534600,-0.047336589870
7537.000000000000,2.580626744000,-0.643018099300,-0.321735842200
7538.000000000000,2.607366371000,-0.412836014100,-0.190356615000
7539.000000000000,2.743930447000,-0.407087086400,-0.509930183800
7540.000000000000,1.797567994000,-0.304524612500,-0.350542402000
7541.000000000000,1.870399849000,-0.129784611300,-0.366098290600
7542.000000000000,1.873552564000,-0.267559073100,-0.431875183500
7543.000000000000,1.890844120000,-0.324458456000,0.190069473500
7544.000000000000,1.941310301000,-0.288486864100,0.067841337070
7545.000000000000,2.766126495000,-0.619389388600,0.115283810100
7546.000000000000,2.634570369000,-0.683827175000,0.249827450600
7547.000000000000,2.585884993000,-0.509342727800,0.288746837600
7548.000000000000,1.854384406000,-0.371486822000,-0.415386079800
7549.000000000000,1.917929995000,-0.399038538600,-0.279139766400
7550.000000000000,2.074425299000,-0.602842117600,0.282644851200
7551.000000000000,1.994727724000,-0.474476877600,0.397386694200
7552.000000000000,2.570859986000,0.295021045300,0.297991898400
7553.000000000000,2.686886342000,0.262055568000,0.164079652200
7554.000000000000,2.760078345000,0.215792120700,0.319830146900
7555.000000000000,2.836265280000,-0.395038346000,-0.166371341600
7556.000000000000,2.865006039000,-0.456408297900,-0.082546598250
7557.000000000000,2.725386024000,-0.416488864600,0.004920898971
7558.000000000000,2.731884698000,0.251452041500,0.559734486300
7559.000000000000,2.992239091000,0.278127179700,-0.321917481700
7560.000000000000,3.041687092000,0.380822284200,-0.304186659100
7561.000000000000,3.122541573000,0.304107877800,-0.223419246400
7562.000000000000,2.923679635000,0.387389996100,-0.207770731000
7563.000000000000,2.927498650000,0.485390536800,-0.134570956500
7564.000000000000,2.787838173000,-0.110388525600,-0.366394969400
7565.000000000000,2.852877636000,0.110056287600,-0.362721887900
7566.000000000000,2.904651812000,-0.071909868980,-0.400017095600
7567.000000000000,2.902709314000,-0.246296610800,-0.362231777100
7568.000000000000,3.130949904000,0.238341618600,-0.394580839300
7569.000000000000,2.968206987000,0.211564280800,-0.408432669700
7570.000000000000,2.999530037000,0.028071969380,-0.539612112500
7571.000000000000,2.972004980000,0.245508536500,-0.594946021100
7572.000000000000,2.810617531000,0.333239981300,-0.399718311900
7573.000000000000,2.869898308000,0.251674944600,-0.478215109200
7574.000000000000,2.941249666000,0.415162310400,-0.372440674600
7575.000000000000,2.896309153000,0.340409093000,-0.461687880200
7576.000000000000,2.793200108000,-0.194695527800,0.364768100100
7577.000000000000,2.826533702000,-0.089396931300,0.464277444800
7578.000000000000,2.948012005000,-0.357127510300,0.515990845900
7579.000000000000,2.830526715000,-0.273608546300,0.660369696000
7580.000000000000,2.767023313000,-0.266205022400,0.517434744900
7581.000000000000,2.935646298000,-0.551019235000,0.166279317100
7582.000000000000,3.027232538000,-0.565409854200,0.246689966000
7583.000000000000,3.000011413000,0.471608149800,-0.350276041500
7584.000000000000,2.963995135000,0.255287348900,0.399952500500
7585.000000000000,2.968574427000,0.065073585000,0.384457251000
7586.000000000000,2.802541769000,0.043694416640,0.382684276800
7587.000000000000,2.893823775000,0.526583263800,0.307957112100
7588.000000000000,3.026659516000,0.452715300200,0.246271614600
7589.000000000000,3.066850822000,0.239999199200,0.413560704100
7590.000000000000,3.045959435000,0.362751130900,0.346990413200
7591.000000000000,3.113623510000,0.345602437100,0.175650150200
7592.000000000000,2.900466943000,-0.303506629500,-0.548269663200
7593.000000000000,2.691703492000,-0.287652087100,-0.588340377100
7594.000000000000,3.039116594000,0.428449215400,0.424989596900
7595.000000000000,2.819561006000,0.422688661500,0.443201270300
7596.000000000000,2.906040821000,0.253901821300,0.504400008800
7597.000000000000,2.987724753000,-0.127780953800,0.416804111900
7598.000000000000,2.987263630000,-0.199232892800,0.466995875100
7599.000000000000,2.955402988000,-0.319900130900,0.391489604200
7600.000000000000,2.915667008000,-0.320624735700,0.281605388900
7601.000000000000,3.143106371000,-0.523943608700,0.151138009700
7602.000000000000,3.103071041000,-0.458476155400,0.093588083750
7603.000000000000,2.958646592000,-0.406202041100,0.295952517300
7604.000000000000,2.948418993000,-0.173868687400,-0.519161219700
7605.000000000000,2.984988190000,-0.453225598700,-0.219860478500
7606.000000000000,3.065771953000,-0.498640028000,-0.180119955600
7607.000000000000,3.059513184000,-0.346585127100,-0.267149559500
7608.000000000000,2.687822657000,-0.380048580200,-0.148847775800
7609.000000000000,2.838169386000,-0.222544580100,-0.306121641800
7610.000000000000,2.622154252000,-0.260684734100,-0.329296599100
7611.000000000000,2.971038348000,-0.150223086300,-0.432248616500
7612.000000000000,2.960845785000,-0.342788736300,-0.460114921400
7613.000000000000,2.971334476000,-0.471055449100,0.040644921430
7614.000000000000,2.973777841000,-0.625618526800,-0.093775783230
7615.000000000000,3.147757132000,-0.506190110900,-0.053078643650
7616.000000000000,3.038013082000,-0.094248487490,0.497921127500
7617.000000000000,3.142444748000,-0.210820397000,0.512173235200
7618.000000000000,2.979918980000,-0.093931058700,0.578836066300
7619.000000000000,2.848684335000,0.014136779820,0.611273492100
7620.000000000000,2.726052099000,0.106643497400,0.637841689700
7621.000000000000,3.012869733000,0.070945911840,0.642086335600
7622.000000000000,2.939643269000,-0.113865362700,-0.576512375200
7623.000000000000,2.728639609000,-0.115252297600,-0.647869817700
7624.000000000000,2.954388702000,-0.460947840500,-0.461012234200
7625.000000000000,2.850557005000,-0.615853117600,0.073708680730
7626.000000000000,2.740976722000,0.385550474300,0.122385287400
7627.000000000000,2.933710742000,0.403216133900,0.096110901130
7628.000000000000,2.830247740000,0.412523469700,-0.062940052590
7629.000000000000,2.917331049000,0.246371016400,0.226948994000
7630.000000000000,3.005792125000,0.377763755600,0.281893967900
7631.000000000000,2.723239078000,0.535393360200,-0.111878863200
7632.000000000000,2.578191778000,0.599550195000,-0.181499684400
7633.000000000000,2.681282385000,0.601422737900,0.019393194150
7634.000000000000,2.697212732000,0.712364866800,-0.011257080010
7635.000000000000,2.916553280000,0.543903912600,-0.047608331810
7636.000000000000,2.963108533000,0.499227383900,-0.005260597767
7637.000000000000,2.876151863000,0.589040503100,-0.136692916600
7638.000000000000,2.798952879000,0.502189781900,-0.310902845300
7639.000000000000,2.912963916000,0.579438226100,0.044504720820
7640.000000000000,2.982239641000,0.557549453400,0.121748640400
7641.000000000000,2.958180521000,0.097531619160,-0.530983955600
7642.000000000000,2.818957619000,0.115945153100,-0.628224525100
7643.000000000000,2.700532230000,0.132625589700,-0.552517314500
7644.000000000000,2.897493017000,0.176427202600,-0.642604664800
7645.000000000000,2.806173378000,0.414035731000,-0.435645117800
7646.000000000000,2.636642990000,0.221218837700,-0.328712587100
7647.000000000000,2.670741241000,0.249224995200,-0.531613246200
7648.000000000000,2.511532312000,0.180401842600,-0.587542690300
7649.000000000000,2.557639966000,0.156032087300,-0.670689929500
7650.000000000000,2.586167225000,0.586101139500,0.208434671100
7651.000000000000,2.579434099000,0.360188192800,0.486332894600
7652.000000000000,2.636227893000,0.480367908300,0.377574680200
7653.000000000000,2.703879923000,0.376811918400,0.520598148300
7654.000000000000,2.572027257000,-0.036287059300,0.702889785400
7655.000000000000,2.727624562000,-0.104246428900,0.604036611700
7656.000000000000,2.650511716000,-0.241248515800,0.692649769200
7657.000000000000,2.656383647000,-0.015098261310,0.634820679100
7658.000000000000,1.923990839000,-0.362784934000,-0.495721679100
7659.000000000000,1.852484035000,-0.552709328300,-0.254382357400
7660.000000000000,2.791876925000,-0.353525312500,0.424033039500
7661.000000000000,2.799641249000,-0.311860959500,0.205948774800
7662.000000000000,2.695496575000,-0.233341052600,0.321432226500
7663.000000000000,2.818578345000,-0.457866817500,0.311033581500
7664.000000000000,2.447408053000,-0.406913895600,0.179059145100
7665.000000000000,2.832211435000,-0.400867234700,0.141979167000
7666.000000000000,2.670055658000,-0.175128129200,0.501284320300
7667.000000000000,2.477529040000,-0.141124756600,0.411572968300
7668.000000000000,2.891942536000,0.513295399200,-0.483934823400
7669.000000000000,2.624826704000,0.500406580600,-0.349073279200
7670.000000000000,2.556483695000,0.380486760500,-0.478608850900
7671.000000000000,2.552020880000,0.487420149000,-0.418670079900
7672.000000000000,1.891217054000,0.083867234320,-0.592169106900
7673.000000000000,2.120046838000,-0.098774239230,-0.320171094900
7674.000000000000,1.878498634000,-0.184507838600,-0.543483556500
7675.000000000000,1.996098922000,0.075153689690,-0.527958076500
7676.000000000000,2.150410693000,-0.031940849870,-0.643402448400
7677.000000000000,1.975830726000,-0.086671017920,-0.572672825900
7678.000000000000,1.809891124000,0.017313239670,-0.612577600200
7679.000000000000,1.824442821000,-0.038503763440,-0.499302685600
7680.000000000000,2.023777605000,-0.242380810900,-0.554209544700
7681.000000000000,2.206236520000,-0.199647466400,-0.616467411900
7682.000000000000,1.821075782000,-0.448482317900,-0.265448054200
7683.000000000000,1.872289132000,-0.607644887900,-0.124422219100
7684.000000000000,1.967592345000,0.294897523900,0.035723233780
7685.000000000000,1.977517481000,0.307171472000,-0.212794388400
7686.000000000000,1.829888272000,0.135568290100,-0.322303530200
7687.000000000000,2.515326437000,-0.438907019300,0.435207754600
7688.000000000000,2.738269516000,-0.425562169300,0.433018996800
7689.000000000000,1.846792278000,0.275496265400,-0.201140889500
7690.000000000000,1.788554985000,0.378559296000,-0.278314512200
7691.000000000000,1.870122329000,-0.050878770870,-0.409438704200
7692.000000000000,2.191021741000,-0.205502209400,-0.140588011700
7693.000000000000,2.186678185000,0.032091492010,-0.152995481500
7694.000000000000,2.441736003000,-0.131443722900,-0.338486674200
7695.000000000000,2.569824183000,-0.259951432600,-0.239868494400
7696.000000000000,2.097666690000,-0.147254731800,0.679590027300
7697.000000000000,2.461405267000,-0.099528574020,0.630376996100
7698.000000000000,2.444720953000,0.028405432770,0.554429133400
7699.000000000000,2.384427131000,0.147787351900,0.610563940000
7700.000000000000,2.367899168000,-0.150362195700,0.564643926000
7701.000000000000,2.462646185000,-0.225917966100,0.493473834400
7702.000000000000,2.588030774000,-0.304310108400,0.583310174600
7703.000000000000,2.526749045000,-0.303737891400,0.452704293400
7704.000000000000,2.230602437000,0.262880080600,-0.669138217200
7705.000000000000,2.302150008000,0.057835892800,-0.672216424800
7706.000000000000,2.293831648000,-0.055306151540,-0.598302063700
7707.000000000000,2.372821034000,0.401634475600,-0.563533391800
7708.000000000000,2.319253760000,-0.037205368440,-0.014665369260
7709.000000000000,2.254832722000,-0.170510180600,-0.076022013190
7710.000000000000,2.212087053000,-0.201896293800,0.056943627670
7711.000000000000,1.991790266000,-0.256603521800,0.182287582300
7712.000000000000,0.055410473670,-0.334618960700,0.069110869590
7713.000000000000,0.248717010800,0.221312837000,0.564569651700
7714.000000000000,0.172679785900,0.219463615300,0.501768010800
7715.000000000000,0.285693085000,0.414650563100,-0.096364734390
7716.000000000000,0.194443452500,0.509561958300,-0.133015349900
7717.000000000000,0.249243569100,-0.598719253500,0.238105651600
7718.000000000000,0.230409317000,-0.475313341600,0.325653240000
7719.000000000000,0.276372668900,0.458342846300,0.482975620200
7720.000000000000,0.175684855100,0.390113502500,0.337965612100
7721.000000000000,0.221525872400,0.473769896100,0.217394881300
7722.000000000000,0.544837290200,-0.325687653600,-0.264508275500
7723.000000000000,0.465344524900,-0.317471514000,-0.175843887700
7724.000000000000,0.752797674600,-0.271083460300,-0.226063354800
7725.000000000000,1.233716129000,-0.390752688900,-0.003523100559
7726.000000000000,1.333149173000,-0.388297231200,-0.255516417200
7727.000000000000,1.435776421000,-0.645710597500,-0.083240477840
7728.000000000000,1.364374053000,-0.383815740700,-0.370098169200
7729.000000000000,1.258559642000,-0.452355196100,-0.371003360900
7730.000000000000,1.225154766000,-0.528934951300,-0.248203937600
7731.000000000000,1.333821350000,0.331786637900,0.278221900700
7732.000000000000,1.435307116000,0.506402672100,0.109785851600
7733.000000000000,1.314757257000,-0.456328474000,0.215136518800
7734.000000000000,1.260287207000,-0.417162184500,0.370457993200
7735.000000000000,1.403801955000,-0.364711755700,0.280553489600
7736.000000000000,1.255764011000,-0.396274021600,0.468442101500
7737.000000000000,0.326600762100,0.015534163370,-0.308145161000
7738.000000000000,0.551352642700,0.281172802000,-0.247429152200
7739.000000000000,0.769886805400,0.353326524200,-0.150161512900
7740.000000000000,1.193436788000,-0.559913459100,0.216432334600
7741.000000000000,1.257755083000,-0.562950130100,0.066440037440
7742.000000000000,1.042823303000,-0.584465956500,0.128048530400
7743.000000000000,1.042171778000,-0.472318874200,0.440740221100
7744.000000000000,0.815085657700,-0.144996904000,0.531859994400
7745.000000000000,0.815253899500,-0.009860538133,0.402557146500
7746.000000000000,1.184472593000,0.063486401620,0.246278485300
7747.000000000000,1.073581012000,-0.019187102720,0.285331569000
7748.000000000000,0.843911498300,-0.137936115100,0.060631144940
7749.000000000000,0.979546405900,-0.318115848700,-0.007972916010
7750.000000000000,0.935310181400,-0.256707438500,0.141436588000
7751.000000000000,0.703282766700,-0.142654443000,0.255180545400
7752.000000000000,0.457319108700,-0.062352246250,0.413233288500
7753.000000000000,0.547583399400,0.117875814000,0.357702140900
7754.000000000000,0.658862884700,0.265562069500,0.336882944500
7755.000000000000,0.697595704200,0.073233985160,0.370693859100
7756.000000000000,0.745989255500,0.457167387500,0.414440669700
7757.000000000000,0.522846082400,0.247708301000,0.543952547000
7758.000000000000,0.653116212700,0.165648296800,0.666228038600
7759.000000000000,0.648107725100,0.370606377600,0.498574037500
7760.000000000000,0.845569493300,0.350807767900,0.521987410600
7761.000000000000,0.737418672100,0.397982142400,0.600140830100
7762.000000000000,1.345031001000,0.322671671800,-0.415078460700
7763.000000000000,1.325304122000,0.360944666200,-0.576521111600
7764.000000000000,0.808177570800,0.583010851900,0.194544891500
7765.000000000000,0.392583835900,0.658144336700,0.071980226370
7766.000000000000,0.658027584100,0.566258219200,0.279852133700
7767.000000000000,0.605941663000,0.566722613000,0.127117977400
7768.000000000000,0.661751463500,0.688606610900,-0.197822405900
7769.000000000000,0.685767480300,0.605374266900,-0.026855091890
7770.000000000000,0.958737710900,0.584055113800,0.241174730900
7771.000000000000,0.842625291200,0.512525088500,0.492129721600
7772.000000000000,1.310500265000,0.010260059960,-0.538671952400
7773.000000000000,1.185211454000,-0.291866330900,-0.178084193200
7774.000000000000,0.978743798200,-0.203590079800,-0.206123724700
7775.000000000000,1.086251404000,-0.185983655500,-0.185494783100
7776.000000000000,1.304497979000,-0.203960270800,0.263657118200
7777.000000000000,1.444535275000,-0.253441087100,0.188903345600
7778.000000000000,1.373887860000,-0.138742182300,0.305805444400
7779.000000000000,1.341073980000,-0.295581558500,0.172962749600
7780.000000000000,1.410712885000,-0.046525709490,0.348015860300
7781.000000000000,0.877294245600,-0.544915530200,0.076942458130
7782.000000000000,0.861151035100,-0.588489077500,0.228079424300
7783.000000000000,1.448558990000,0.324330860800,-0.215839799300
7784.000000000000,1.305162092000,-0.088404672440,-0.304144074300
7785.000000000000,1.456296273000,-0.108552949200,-0.187516863200
7786.000000000000,0.989302823400,0.573187733000,-0.167503786700
7787.000000000000,0.814520024700,0.681582226900,0.038109860630
7788.000000000000,0.951319142800,0.466273162900,-0.388486310600
7789.000000000000,0.989572407400,0.521540270200,-0.252393400700
7790.000000000000,1.055925352000,0.549142895300,-0.313528045400
7791.000000000000,1.010521894000,-0.112416636500,-0.304367530300
7792.000000000000,0.522875462600,0.029985138770,0.032286206630
7793.000000000000,3.084517683000,-0.028904752130,-0.117643234100
7794.000000000000,1.014003591000,-0.292748125300,-0.466459633700
7795.000000000000,1.149787864000,-0.020763690940,-0.297956797700
7796.000000000000,1.045480723000,-0.243155320900,-0.282398224200
7797.000000000000,1.137118862000,-0.136455051000,-0.270112248100
7798.000000000000,1.064775726000,0.449753796300,-0.278628999100
7799.000000000000,0.926115820700,0.457940521300,-0.202178403500
7800.000000000000,0.896196304100,0.362855159600,-0.447533016700
7801.000000000000,1.042693943000,0.402314570100,-0.367558064300
7802.000000000000,0.783004183900,0.556876623200,0.024346596230
7803.000000000000,0.929113681000,0.502819053700,-0.114557117800
7804.000000000000,1.081726351000,0.511432029300,-0.151940359400
7805.000000000000,1.291066973000,-0.182751323600,-0.368701478000
7806.000000000000,1.337639792000,0.326248131000,-0.264035008400
7807.000000000000,1.429991394000,0.323263841000,-0.309572164600
7808.000000000000,0.776350484700,-0.526435818400,0.248532673700
7809.000000000000,0.991972086400,-0.566599043700,0.224623865900
7810.000000000000,0.890567622300,-0.604838747000,0.150059302500
7811.000000000000,0.767498746700,-0.519146613600,0.077456609040
7812.000000000000,0.989863817100,-0.535274891900,0.047150556650
7813.000000000000,1.352152412000,-0.058093529940,0.425186236100
7814.000000000000,1.348264416000,-0.388104994300,0.129666782600
7815.000000000000,1.291881872000,-0.346380991200,0.270033023100
7816.000000000000,1.260733190000,-0.259517379800,0.191188007800
7817.000000000000,1.292664168000,-0.196657043000,0.394500893100
7818.000000000000,1.400361603000,-0.189569456700,0.364578544500
7819.000000000000,1.037903091000,-0.287233256600,-0.194246241700
7820.000000000000,0.888396748000,-0.153553511000,-0.191748078500
7821.000000000000,1.130685106000,-0.374458069100,-0.125418692400
7822.000000000000,1.258247744000,-0.374473441500,-0.139683657100
7823.000000000000,1.238256601000,-0.328058581300,-0.257813399100
7824.000000000000,1.260360589000,0.059198926280,-0.467017787100
7825.000000000000,1.306123681000,-0.121788350700,-0.523744540300
7826.000000000000,0.829463631600,0.449623281600,0.559280207300
7827.000000000000,0.877515909800,0.430291527000,0.421875766400
7828.000000000000,1.051477431000,0.520045249300,0.164589102700
7829.000000000000,1.050033196000,0.569893213600,0.250774694500
7830.000000000000,0.968121965500,0.483906752200,0.242245021900
7831.000000000000,0.590875093000,0.537534803400,0.014838256170
7832.000000000000,0.688596288200,0.579370485300,0.049849183130
7833.000000000000,0.723116132300,0.512195512900,-0.058206132940
7834.000000000000,0.590547719200,0.598965849100,-0.086204822460
7835.000000000000,0.661337761000,0.662640166200,-0.280278869500
7836.000000000000,0.686533576700,0.501761136700,0.179098442200
7837.000000000000,0.689527602400,0.512340339900,0.357873198200
7838.000000000000,0.335237780300,0.566009997900,0.123980426000
7839.000000000000,0.335762203200,0.587109085100,-0.038109372010
7840.000000000000,0.830893305900,0.513334441200,0.275128782500
7841.000000000000,0.840571812900,0.515902456300,0.128531679300
7842.000000000000,1.351196871000,0.214580409400,-0.423534548900
7843.000000000000,1.230818657000,0.325387232500,-0.424231305500
7844.000000000000,0.744542417700,0.389845225000,0.505038556200
7845.000000000000,0.926390562500,0.327284698700,0.542637433800
7846.000000000000,0.806498714100,0.275859579300,0.468104697400
7847.000000000000,0.556577938800,0.337908036600,0.480677114500
7848.000000000000,0.669554014500,0.461230023000,0.540517698200
7849.000000000000,0.688081021500,0.300277361900,0.451716202900
7850.000000000000,0.552087099500,0.153511404600,0.626800250900
7851.000000000000,0.712276638900,0.111338799200,0.598180596800
7852.000000000000,0.465920556300,0.197259931500,0.397018638700
7853.000000000000,0.655467475700,-0.059663624210,0.452901196900
7854.000000000000,0.779081238300,0.283830496300,0.334665527500
7855.000000000000,0.604082107100,0.303165241900,0.362847321500
7856.000000000000,0.656317294900,0.323009079500,0.285520738700
7857.000000000000,0.484010328300,0.057893425500,0.414181863300
7858.000000000000,0.435565433200,-0.182058660500,0.555497828400
7859.000000000000,0.384684286200,-0.094176993090,0.372553877100
7860.000000000000,0.709843646500,-0.207509883800,0.339977676800
7861.000000000000,1.026285955000,-0.248414142400,0.088704736840
7862.000000000000,0.814962359300,-0.272287839500,0.230713375300
7863.000000000000,0.959801256400,-0.172888721400,0.222724095800
7864.000000000000,0.936111622100,-0.335606405900,0.075530418910
7865.000000000000,0.900955170600,-0.182479478500,0.140003636700
7866.000000000000,1.007257449000,-0.227467839900,-0.013316025890
7867.000000000000,0.914896939700,-0.250216118500,0.027053769060
7868.000000000000,0.948993862200,-0.364394801600,-0.091313142900
7869.000000000000,0.972666498000,-0.040862790170,0.312892991500
7870.000000000000,1.127992013000,-0.101683541300,0.355609586100
7871.000000000000,1.032884976000,-0.070586222870,0.224214953300
7872.000000000000,1.107360161000,0.065493191380,0.327275051800
7873.000000000000,1.129322866000,0.163025919000,0.255454145600
7874.000000000000,1.232685918000,0.053904467800,0.328625844600
7875.000000000000,0.886784873200,-0.046149381290,0.589361860000
7876.000000000000,0.849167598400,0.096472976270,0.459760434900
7877.000000000000,0.935278424000,-0.149433733200,0.549585206000
7878.000000000000,0.764875694300,-0.206345015900,0.493064721100
7879.000000000000,0.776476745800,-0.079335202670,0.588407936700
7880.000000000000,1.074834764000,-0.382787520700,0.495093083400
7881.000000000000,1.062849760000,-0.628356170600,0.264056159600
7882.000000000000,1.141310516000,-0.478901068000,0.151089427900
7883.000000000000,1.243817446000,-0.518920555600,-0.029880311160
7884.000000000000,1.248723982000,-0.486044213900,0.142335036200
7885.000000000000,1.336481259000,-0.474959325500,0.087274543450
7886.000000000000,1.158791674000,-0.479411490000,0.290731389300
7887.000000000000,0.759357241700,0.408292875000,-0.253945643000
7888.000000000000,0.699542251100,0.371861619900,-0.197976657100
7889.000000000000,0.538908819400,0.264748705900,-0.363747496800
7890.000000000000,0.613117646100,0.358141322200,-0.261031596400
7891.000000000000,0.356609998700,0.029743382540,-0.390244407900
7892.000000000000,1.165248000000,-0.410902233600,0.394231930200
7893.000000000000,1.371499468000,0.448424242800,0.121693735300
7894.000000000000,1.249914127000,0.326350554000,0.190559101400
7895.000000000000,1.246596061000,0.303891175700,0.321393159800
7896.000000000000,1.352246392000,0.368706522100,0.183063007000
7897.000000000000,1.153295525000,-0.456773929100,-0.297285973000
7898.000000000000,1.143988388000,-0.555385027200,-0.204029937900
7899.000000000000,1.278590099000,-0.463773345500,-0.207228451900
7900.000000000000,1.228960615000,-0.529592330500,-0.141288685100
7901.000000000000,1.311373090000,-0.305436973300,-0.293523623300
7902.000000000000,1.417791336000,-0.337306567300,-0.207379230600
7903.000000000000,1.187669569000,-0.281954333000,0.037155443330
7904.000000000000,0.751865763700,-0.487880727700,-0.226935939500
7905.000000000000,0.779860575400,-0.342642683700,-0.302159968200
7906.000000000000,0.809053590300,-0.287235697200,-0.155112681300
7907.000000000000,0.375274968400,-0.476105061800,-0.207034355900
7908.000000000000,0.403845536100,-0.322018373200,-0.240242979200
7909.000000000000,0.506262880800,-0.410243536900,-0.201769629800
7910.000000000000,0.515636534900,-0.376084713400,-0.381131040400
7911.000000000000,0.599867008300,-0.264199081100,-0.270398947800
7912.000000000000,0.295133570000,0.418022662800,0.246891118500
7913.000000000000,0.284255315200,0.463714662800,0.394682515900
7914.000000000000,0.159838531700,-0.398884271100,0.344443037600
7915.000000000000,0.257790605400,-0.506490612700,0.221834802800
7916.000000000000,0.274159012100,0.494604864600,-0.167778462200
7917.000000000000,0.259102444200,0.524666832800,-0.049401977420
7918.000000000000,0.340415782100,0.345368351700,-0.170710686500
7919.000000000000,1.976105410000,-0.217638163300,0.281813450700
7920.000000000000,2.002478335000,-0.403564907300,0.318987425700
7921.000000000000,2.278838182000,-0.214773937500,0.002997379445
7922.000000000000,2.204952269000,-0.288090498900,0.120883988300
7923.000000000000,2.134742581000,-0.247984975900,0.072526581680
7924.000000000000,2.210237486000,-0.069803789030,-0.025507678580
7925.000000000000,2.262125664000,-0.272004770900,-0.110776831900
7926.000000000000,2.241743250000,0.011855476790,-0.063279233710
7927.000000000000,2.344732979000,0.333630470700,-0.485539955200
7928.000000000000,2.346008552000,0.026892880960,-0.596099403500
7929.000000000000,2.242904455000,-0.165730073600,-0.522654207300
7930.000000000000,2.427034315000,-0.289825165400,0.400880044200
7931.000000000000,2.597315498000,-0.242853897300,0.406802922400
7932.000000000000,2.610851855000,-0.364043314400,0.432312472500
7933.000000000000,2.443678313000,-0.357109900000,0.486423215100
7934.000000000000,2.612690776000,-0.279827673500,0.478737852600
7935.000000000000,2.518676102000,-0.114551476600,0.523256566700
7936.000000000000,2.387836505000,-0.144342192700,0.469362858600
7937.000000000000,2.338462574000,-0.030859974580,0.614108561400
7938.000000000000,2.301694646000,0.127096395000,0.603787273000
7939.000000000000,2.359324663000,0.090497383520,0.548806574800
7940.000000000000,2.498501889000,0.117108009200,0.503473096500
7941.000000000000,2.133576838000,-0.085855922300,0.718831995300
7942.000000000000,2.481274408000,-0.292576204300,-0.298531113000
7943.000000000000,2.387444585000,-0.136621479900,-0.405258132800
7944.000000000000,2.091214231000,0.041928208400,-0.122540430800
7945.000000000000,2.200218295000,0.081135334170,-0.276815821900
7946.000000000000,2.238150810000,-0.005317231513,-0.233590822600
7947.000000000000,2.234236659000,-0.179935383600,-0.280436376900
7948.000000000000,2.013492281000,-0.079137147120,-0.390273056600
7949.000000000000,1.937351549000,0.023606123320,-0.432419506200
7950.000000000000,1.916291461000,-0.087724670830,-0.491052776100
7951.000000000000,1.910954453000,0.300817634200,-0.281200912000
7952.000000000000,2.741379410000,-0.375463744100,0.330437934900
7953.000000000000,2.740711988000,-0.499237706100,0.339916685900
7954.000000000000,2.499266172000,-0.512023607300,0.360752282300
7955.000000000000,1.897914020000,0.207741492500,-0.397331729000
7956.000000000000,2.092830029000,0.368580018700,-0.120015092200
7957.000000000000,2.057661354000,0.207106395400,-0.154154614000
7958.000000000000,2.025510575000,0.452893090600,-0.290656449400
7959.000000000000,1.933544931000,0.342963478500,0.122820350400
7960.000000000000,2.066818998000,0.244573271700,0.055437751470
7961.000000000000,1.991881513000,0.383774347100,0.008418697028
7962.000000000000,1.905869402000,-0.518408676600,-0.155776794600
7963.000000000000,1.977363817000,-0.607686813900,-0.103842933600
7964.000000000000,2.233875974000,-0.192981455100,-0.708092420000
7965.000000000000,2.020729005000,-0.341499773200,-0.462171086200
7966.000000000000,2.106547654000,-0.216778367100,-0.486570228800
7967.000000000000,2.074045771000,-0.320304799300,-0.533912294600
7968.000000000000,2.024720298000,-0.160064346800,-0.590151947000
7969.000000000000,1.960878792000,-0.247461280100,-0.488120912900
7970.000000000000,2.009730705000,0.000960528738,-0.598055733300
7971.000000000000,2.055204200000,-0.075597154550,-0.587903929200
7972.000000000000,2.189447165000,0.012795775300,-0.547127130600
7973.000000000000,1.958415766000,0.180413744900,-0.486992491600
7974.000000000000,2.085458135000,0.123853215100,-0.533475427500
7975.000000000000,2.053567711000,-0.159901905100,-0.310520502000
7976.000000000000,2.625144244000,0.420324918300,-0.457954597200
7977.000000000000,2.548508826000,0.421944893100,-0.344023935000
7978.000000000000,2.491930717000,0.292151539000,-0.451051427200
7979.000000000000,2.592023607000,0.254325726000,-0.446522534500
7980.000000000000,2.598749137000,0.342279560000,-0.533926290200
7981.000000000000,2.732109561000,0.485238934600,-0.327277845000
7982.000000000000,2.620057993000,0.459365397200,-0.255308270700
7983.000000000000,2.924228908000,0.513312384200,-0.390735077600
7984.000000000000,2.902300303000,0.412763453600,-0.472715834600
7985.000000000000,2.680099674000,-0.192962121400,0.392810959700
7986.000000000000,2.771817362000,-0.189633409900,0.544333631700
7987.000000000000,2.695084199000,-0.053456035330,0.526063065000
7988.000000000000,2.838223689000,-0.465587708200,0.051639207990
7989.000000000000,2.889339923000,-0.410931449100,0.212993352400
7990.000000000000,2.735018024000,-0.405231843200,0.108626297900
7991.000000000000,2.339166825000,-0.398980487300,0.067591136840
7992.000000000000,2.347953086000,-0.305366397200,0.242501004900
7993.000000000000,2.416796379000,-0.534575101300,0.091752005960
7994.000000000000,2.502485825000,-0.459385717700,0.246743446100
7995.000000000000,2.934504652000,-0.477557030400,0.341609016900
7996.000000000000,2.861424528000,-0.538011902400,0.278409771300
7997.000000000000,2.830401600000,-0.297157174100,0.325012042300
7998.000000000000,2.833022955000,-0.263998314300,0.443888457400
7999.000000000000,1.934810970000,-0.330433682900,-0.403104683800
8000.000000000000,2.566281388000,0.048769888680,0.655282981200
8001.000000000000,2.567417789000,-0.056940353100,0.599998770400
8002.000000000000,2.643858670000,0.097398543910,0.570219815800
8003.000000000000,2.738139669000,0.026895358550,0.592091233600
8004.000000000000,2.790377968000,-0.045225402440,0.562822438200
8005.000000000000,2.695883183000,0.294649314100,0.363388399200
8006.000000000000,2.641397745000,0.299691992000,0.464369756600
8007.000000000000,2.670074845000,0.303034266400,0.556705446300
8008.000000000000,2.743490769000,0.484904730800,0.328090681500
8009.000000000000,2.547895496000,0.413750556100,0.335002497700
8010.000000000000,2.672526399000,0.546608195400,0.303792640400
8011.000000000000,2.618860763000,0.522870767200,0.167095185800
8012.000000000000,2.482888078000,0.573739249700,0.193858889200
8013.000000000000,2.423199358000,0.199806184600,-0.529897080100
8014.000000000000,2.612502971000,0.067840082860,-0.549207968800
8015.000000000000,2.735763541000,0.180665399000,-0.481557231200
8016.000000000000,2.581881709000,0.288509388800,-0.246199761500
8017.000000000000,2.694217961000,0.295142656800,-0.251005501700
8018.000000000000,2.579101146000,0.144152011500,-0.400945755600
8019.000000000000,2.697921136000,0.279913981300,-0.414632051300
8020.000000000000,2.825970941000,0.416635757500,-0.341758929900
8021.000000000000,2.867460373000,0.129520093100,-0.557316753000
8022.000000000000,2.752410517000,0.080216490570,-0.470918758000
8023.000000000000,2.892588243000,0.029303196520,-0.530487670000
8024.000000000000,2.988397623000,0.192916053900,-0.487985794800
8025.000000000000,2.935160670000,0.111543613000,-0.390213258900
8026.000000000000,2.940839153000,0.486306883300,0.154953859900
8027.000000000000,2.792706698000,0.584964502000,-0.052117431730
8028.000000000000,2.886274647000,0.629647196700,-0.039164395170
8029.000000000000,2.769693495000,0.616907173200,0.033440281320
8030.000000000000,2.862934028000,0.532919563500,0.118937355300
8031.000000000000,2.839223286000,0.517659859400,0.022594633300
8032.000000000000,2.853330888000,0.495511531800,-0.217997675800
8033.000000000000,2.903438640000,0.586215598300,-0.259260496600
8034.000000000000,2.572770827000,0.584347614200,0.008645259547
8035.000000000000,2.774484955000,0.441450972800,-0.147562638400
8036.000000000000,2.936757335000,0.313420147100,0.323328976600
8037.000000000000,2.897391550000,0.462244419500,0.224507969100
8038.000000000000,2.918418030000,0.303095266900,0.124635960500
8039.000000000000,2.771444670000,0.419571760600,0.020439410080
8040.000000000000,2.839293583000,-0.574849813200,-0.026453729790
8041.000000000000,2.917950359000,-0.537132450500,0.053626321700
8042.000000000000,2.874139596000,-0.416534782500,-0.438600898900
8043.000000000000,2.856990443000,-0.148274286800,-0.580426358200
8044.000000000000,2.963579237000,-0.049720756880,-0.486559208500
8045.000000000000,2.981811894000,-0.042665132850,-0.569678392800
8046.000000000000,3.145668738000,0.063883460950,0.639205464600
8047.000000000000,2.814761140000,0.093641179440,0.608288790000
8048.000000000000,2.708919130000,0.181868571800,0.597708708400
8049.000000000000,2.872807298000,-0.069984089060,0.593005318400
8050.000000000000,2.907751152000,0.026718799270,0.437599206100
8051.000000000000,2.952233767000,-0.042145963530,0.497712185500
8052.000000000000,3.047413128000,-0.144587528100,0.623924328600
8053.000000000000,2.898911372000,-0.175220035000,0.555303835000
8054.000000000000,3.081077180000,-0.406453232300,0.021485703750
8055.000000000000,2.993829059000,-0.518693377200,-0.143317804900
8056.000000000000,2.940322417000,-0.605364912400,-0.186349023600
8057.000000000000,2.994794717000,-0.475995224900,0.133732016400
8058.000000000000,2.967551535000,-0.332905796600,-0.324488806300
8059.000000000000,2.882817501000,-0.299886512300,-0.442803245100
8060.000000000000,2.859716804000,-0.179695097000,-0.440172841500
8061.000000000000,2.578199179000,-0.351291772100,-0.402064156600
8062.000000000000,2.700831840000,-0.321692067800,-0.304335292100
8063.000000000000,2.683707260000,-0.236870775700,-0.399460045700
8064.000000000000,2.724883550000,-0.325116486400,-0.166723812500
8065.000000000000,2.664831902000,-0.464048414800,-0.097941177670
8066.000000000000,2.829275108000,-0.524566291800,-0.329040699200
8067.000000000000,2.952642178000,-0.513436087600,-0.309879268000
8068.000000000000,2.994897269000,-0.436580357100,0.219639170400
8069.000000000000,2.986914039000,-0.411625619700,0.373502190400
8070.000000000000,2.960675473000,-0.140538756600,0.329728513300
8071.000000000000,2.885439882000,0.338902528400,0.444664074200
8072.000000000000,2.849077690000,0.259164205100,0.590333978400
8073.000000000000,2.914775277000,0.441071661700,0.379582430300
8074.000000000000,2.878611558000,0.498520278600,0.434220896800
8075.000000000000,3.052823035000,0.387274935800,0.205589755800
8076.000000000000,3.056689913000,0.241947240400,0.332559520600
8077.000000000000,2.979982617000,0.163278704900,0.433407186400
8078.000000000000,3.056844273000,0.532200625900,0.207680560900
8079.000000000000,2.893656075000,0.583034535800,0.215051942500
8080.000000000000,2.684118347000,0.047207453840,0.391445459300
8081.000000000000,3.023894355000,0.053684926480,0.465044107700
8082.000000000000,2.985512509000,0.421670716200,-0.264417024100
8083.000000000000,2.984452279000,0.540274758900,-0.284936017600
8084.000000000000,2.988695133000,-0.630452911800,0.140038311600
8085.000000000000,2.893547619000,0.294861519800,-0.372610877200
8086.000000000000,2.799187265000,0.228754192600,-0.395364545600
8087.000000000000,2.896587087000,0.210725949600,-0.325125091000
8088.000000000000,2.720931658000,-0.014916398520,-0.444586110000
8089.000000000000,2.960433184000,0.383694976100,-0.108197484200
8090.000000000000,2.654361933000,-0.298269545900,-0.035612229490
8091.000000000000,2.785314232000,-0.491940079800,-0.144078692100
8092.000000000000,2.720168971000,0.307593602700,0.257076395700
8093.000000000000,2.497344643000,0.292026197500,0.244756315200
8094.000000000000,2.513412243000,0.243462182800,0.362021917500
8095.000000000000,2.025989136000,-0.488964452800,-0.240861162800
8096.000000000000,1.963657798000,-0.332392788900,-0.212162577100
8097.000000000000,2.619579637000,-0.493267667100,0.178979220600
8098.000000000000,2.690368910000,-0.567768652400,0.076848006160
8099.000000000000,2.770828216000,-0.564624320900,0.188673787600
8100.000000000000,1.963030642000,-0.380907030700,0.101573581400
8101.000000000000,1.878165677000,-0.326904459300,0.291639451500
8102.000000000000,1.893529301000,-0.229509493700,-0.339072372900
8103.000000000000,2.780722882000,-0.463911360200,-0.430838417200
8104.000000000000,2.740701778000,-0.449098218700,-0.581139858600
8105.000000000000,2.493545159000,-0.431500738900,-0.141311632500
8106.000000000000,2.525716927000,-0.547987674000,-0.274121597000
8107.000000000000,2.587067966000,-0.549966336500,-0.034621270750
8108.000000000000,2.646862524000,-0.597411978900,-0.185389853700
8109.000000000000,1.842752731000,-0.255901539100,-0.178883856000
8110.000000000000,1.960628424000,-0.396075906200,-0.054038264860
8111.000000000000,2.045240736000,-0.343692980500,-0.044856544020
8112.000000000000,2.157384010000,-0.547318690700,-0.075734835080
8113.000000000000,1.987024667000,-0.328302455200,-0.114592535600
8114.000000000000,1.857057054000,-0.408375992400,-0.076697397050
8115.000000000000,1.916893616000,-0.463878873500,0.139026853800
8116.000000000000,1.982335466000,-0.533233891500,0.016131415080
8117.000000000000,1.841065636000,-0.485671940000,0.216804526200
8118.000000000000,1.964785021000,0.206089975100,0.296282713200
8119.000000000000,1.937733617000,-0.220340486200,0.492664334800
8120.000000000000,1.865175260000,-0.225721502000,0.356521936900
8121.000000000000,2.276208833000,-0.672326112000,0.037937096420
8122.000000000000,2.367262994000,-0.624447461800,-0.098266474940
8123.000000000000,2.439649719000,-0.580752095000,0.189611800100
8124.000000000000,2.562972999000,-0.620954002300,0.095654774110
8125.000000000000,1.774784578000,0.052268613730,0.488548938600
8126.000000000000,1.888323423000,0.151866162600,0.446929338200
8127.000000000000,1.961721307000,0.019610760590,0.536024348900
8128.000000000000,1.850786752000,0.013984650060,0.435279647700
8129.000000000000,1.944627849000,0.499638867800,0.246518186100
8130.000000000000,1.899808376000,0.560911205500,0.113752975600
8131.000000000000,1.881636500000,0.199276393600,0.266078093300
8132.000000000000,1.878493554000,0.364304640500,0.208095766600
8133.000000000000,1.885231922000,0.313844920100,0.294399843000
8134.000000000000,1.922350247000,0.201827027600,0.510643054000
8135.000000000000,1.814968901000,0.313068976700,0.536812960100
8136.000000000000,1.854801984000,0.323145448600,-0.524318357900
8137.000000000000,2.250213558000,-0.635179934700,-0.158786022600
8138.000000000000,2.078508146000,-0.293023896200,0.458193668100
8139.000000000000,1.884488244000,-0.056734077130,0.588940988500
8140.000000000000,1.910659481000,-0.110656065200,0.660281187800
8141.000000000000,2.015035567000,0.000175465013,0.617023083600
8142.000000000000,2.102472277000,-0.117802149300,0.522194873100
8143.000000000000,2.699541056000,-0.071702477070,-0.532896409500
8144.000000000000,2.637013198000,-0.008146950560,-0.555044991700
8145.000000000000,2.547413388000,0.001057316725,-0.503986603600
8146.000000000000,2.639447979000,-0.157386819100,-0.482673840300
8147.000000000000,2.483331723000,-0.084353480300,-0.607105856400
8148.000000000000,2.442254912000,-0.202005448700,-0.470747064300
8149.000000000000,2.593725845000,0.426979536800,-0.127037459200
8150.000000000000,2.708941552000,0.290922401900,-0.059260954330
8151.000000000000,2.429345968000,0.283313671600,-0.238328965700
8152.000000000000,2.325275916000,0.126226721000,-0.582028485900
8153.000000000000,2.279153197000,-0.105879124900,-0.325561177400
8154.000000000000,2.508788360000,0.141764167200,0.389391831000
8155.000000000000,2.419404328000,0.103793563000,0.347945202400
8156.000000000000,2.600343194000,0.156888838600,0.270312972800
8157.000000000000,2.447337099000,0.423804095800,0.065908796550
8158.000000000000,2.502917108000,0.255166133000,0.140628343200
8159.000000000000,2.472016536000,0.451667167700,0.313385492100
8160.000000000000,2.145375227000,-0.020453315620,0.069266656900
8161.000000000000,2.211630077000,0.129124045300,0.130234471100
8162.000000000000,2.242017255000,-0.636521486800,0.117382427800
8163.000000000000,2.216423872000,-0.414194342300,0.333964098300
8164.000000000000,2.173834492000,-0.573741978400,0.393744601900
8165.000000000000,2.333779215000,-0.491101764400,0.242740022800
8166.000000000000,1.886500930000,0.301938894000,-0.385153296800
8167.000000000000,1.933164246000,0.579229451300,-0.191183416700
8168.000000000000,1.883059548000,0.396719622700,-0.219273225200
8169.000000000000,1.920857386000,0.531475686800,-0.077975964410
8170.000000000000,2.447063615000,0.439126933400,-0.286275838800
8171.000000000000,2.338299035000,0.565925726100,0.159130259700
8172.000000000000,2.312794387000,0.572700161200,-0.011260064150
8173.000000000000,1.969808084000,0.607026878300,0.066858461480
8174.000000000000,2.418180390000,-0.338888539900,-0.503909232900
8175.000000000000,2.288701976000,-0.300742239300,-0.653697718800
8176.000000000000,2.324599450000,-0.321295334400,-0.514950607500
8177.000000000000,2.703634700000,-0.481533893300,-0.336642429400
8178.000000000000,2.373266024000,-0.443998119400,-0.309364656600
8179.000000000000,2.354303686000,-0.401515269100,-0.443647696500
8180.000000000000,2.438097930000,-0.414800124000,0.056123163850
8181.000000000000,1.930875615000,0.102172157400,0.605160257200
8182.000000000000,1.847188277000,0.491948114000,0.274977945600
8183.000000000000,2.157917107000,0.194151487400,0.500519689300
8184.000000000000,1.932076074000,0.698135539100,0.237366623400
8185.000000000000,2.351398256000,0.491704277600,0.310238321900
8186.000000000000,2.346992139000,0.372334389700,0.384103469800
8187.000000000000,2.321934510000,0.450864392000,0.460756111100
8188.000000000000,2.326778989000,0.300765054400,0.500589447700
8189.000000000000,2.288144367000,-0.299917993400,0.474533580500
8190.000000000000,2.168804553000,-0.413345249200,0.458791016000
8191.000000000000,2.073657236000,-0.390396728100,0.450179445300
8192.000000000000,2.059437769000,0.329112847500,-0.385261721900
8193.000000000000,2.135591715000,0.281716949500,-0.516149345900
8194.000000000000,2.069012873000,0.520404053900,-0.351018781400
8195.000000000000,1.989463067000,0.166018603200,-0.312485828000
8196.000000000000,2.313965086000,0.294211636600,-0.166074464900
8197.000000000000,2.230995904000,0.173526687400,-0.169307485300
8198.000000000000,2.282815819000,0.486226859800,-0.101352293700
8199.000000000000,2.365552231000,0.577513710100,-0.192762496900
8200.000000000000,1.963816438000,0.351575471200,-0.114564596600
8201.000000000000,2.261133058000,0.102886001100,-0.102523429000
8202.000000000000,2.278115187000,0.361871400600,0.173172897800
8203.000000000000,2.310614123000,0.281471568400,0.057320230620
8204.000000000000,2.051517211000,0.457624115500,-0.458668573500
8205.000000000000,2.100277690000,0.414286359500,-0.385110682100
8206.000000000000,2.276063900000,0.461575631200,-0.275979120000
8207.000000000000,2.174494067000,-0.517681300100,-0.346300508100
8208.000000000000,2.018407963000,-0.499080082100,-0.370050669400
8209.000000000000,2.045853262000,-0.539070695000,-0.503658814700
8210.000000000000,2.316552843000,-0.566445061600,-0.244584930600
8211.000000000000,2.361229118000,-0.254165406900,-0.151268008300
8212.000000000000,2.139729410000,0.139847217700,0.643328766700
8213.000000000000,2.060321922000,0.430150896500,0.471412051300
8214.000000000000,2.104845155000,0.270507697000,0.538921004300
8215.000000000000,2.056860230000,0.348679584100,0.518615093900
8216.000000000000,2.171702181000,0.501448739600,0.378394024100
8217.000000000000,2.098453042000,0.525225104400,0.136870764900
8218.000000000000,2.050436501000,0.504968798800,0.360203371300
8219.000000000000,2.157184690000,0.613128772000,0.105584751300
8220.000000000000,2.339854551000,-0.133019388300,-0.222065165700
8221.000000000000,1.877938978000,0.591392529700,0.268327975100
8222.000000000000,1.796430514000,-0.115937193500,0.416603190000
8223.000000000000,2.091946681000,-0.009328536939,0.344334859400
8224.000000000000,2.275094872000,0.164098316000,0.311420947200
8225.000000000000,2.219492413000,-0.020609996770,0.268870762900
8226.000000000000,2.288199218000,-0.116964941500,0.170910569700
8227.000000000000,2.261497190000,-0.239639465000,0.310341923700
8228.000000000000,0.362531931000,-0.591400799900,-0.355707751000
8229.000000000000,0.369201671900,-0.570381520500,-0.010512787870
8230.000000000000,0.317961200100,-0.633757068300,0.056458180910
8231.000000000000,0.355142021300,-0.481705080500,-0.090114282290
8232.000000000000,0.296154537100,-0.525865604700,0.054993154200
8233.000000000000,0.285756502100,-0.024507908300,0.465410448300
8234.000000000000,0.229869293500,-0.158126150600,0.498253708400
8235.000000000000,0.259853602000,-0.340232490000,0.425835941600
8236.000000000000,0.340543147300,-0.237895807600,0.437944389500
8237.000000000000,0.322100324800,0.143100122700,0.464528391400
8238.000000000000,0.403295992400,-0.016920456940,0.555916005600
8239.000000000000,0.257713062700,0.493459953200,0.091230147280
8240.000000000000,0.459676215000,0.517564815900,0.032114466480
8241.000000000000,0.422132160500,0.447611156100,0.252724131200
8242.000000000000,0.313940204300,-0.351156075800,-0.421547007100
8243.000000000000,0.337154328700,-0.443544453300,-0.365038244700
8244.000000000000,0.264503244400,-0.372216332000,-0.239466964400
8245.000000000000,0.252519916400,-0.524224388900,-0.319243490200
8246.000000000000,0.379103080000,0.178450279800,0.343074753300
8247.000000000000,0.361051211800,0.327281248000,0.428263010000
8248.000000000000,0.368547332100,0.266164082700,0.287748364300
8249.000000000000,0.223336396600,0.254493965000,0.293203890200
8250.000000000000,0.323767067800,0.189307378000,-0.432138412300
8251.000000000000,0.265639925700,0.193623999900,-0.506853068300
8252.000000000000,0.257624083000,0.258311392100,-0.422214944500
8253.000000000000,0.484700481200,-0.358186564700,0.382207295600
8254.000000000000,0.408063415500,-0.259048808700,0.348382554900
8255.000000000000,0.333841426000,-0.287344385300,0.545483241500
8256.000000000000,0.495825355900,-0.233277164000,0.578991497700
8257.000000000000,0.490672233300,-0.103202725600,0.649275359800
8258.000000000000,0.170438345800,-0.021707413160,0.384455881900
8259.000000000000,0.288834169900,0.035478854150,-0.445166768400
8260.000000000000,0.248153493500,0.342727912200,-0.316345933000
8261.000000000000,0.365696833700,0.361795030200,-0.280429709500
8262.000000000000,0.276067118300,-0.074465114310,-0.459941734500
8263.000000000000,0.298301765400,-0.133276281400,-0.368455848000
8264.000000000000,0.452717731500,-0.162148907500,-0.441580534300
8265.000000000000,0.346718725600,-0.293660954400,-0.380776747500
8266.000000000000,0.518009973600,0.005116764143,-0.506958573400
8267.000000000000,0.597825864900,-0.060302593150,-0.442002659800
8268.000000000000,0.347271565400,0.322313029500,-0.400769341600
8269.000000000000,0.473995462400,0.631076459600,-0.223771677200
8270.000000000000,0.335474256600,0.560471508300,-0.265658894300
8271.000000000000,0.537155096000,0.491869300800,-0.238998935200
8272.000000000000,0.529764208800,0.663607588400,-0.142864092200
8273.000000000000,0.515448622200,0.465229164200,-0.050687632420
8274.000000000000,0.541236139800,0.554020989000,0.220046987100
8275.000000000000,0.541033061700,-0.487364825700,-0.054727571400
8276.000000000000,0.446505440700,-0.579700602900,-0.132943799100
8277.000000000000,0.638122198300,-0.589655702200,-0.153278957200
8278.000000000000,0.568361911400,-0.386447276000,0.064089917460
8279.000000000000,0.462751927200,-0.376689642300,0.084327259960
8280.000000000000,0.403838256800,-0.473625944100,0.045893644740
8281.000000000000,0.230352531300,-0.504917077600,0.002196664222
8282.000000000000,0.416593348400,-0.088877545320,-0.689977810200
8283.000000000000,0.322785931900,-0.246006064900,-0.477093607700
8284.000000000000,0.287119721500,-0.163305453100,-0.491329765700
8285.000000000000,0.570105936300,-0.247978974400,-0.471068977700
8286.000000000000,0.343421453700,-0.453266663500,0.183048959100
8287.000000000000,0.438738207800,-0.466862709800,0.210561697200
8288.000000000000,0.392300540400,-0.548993419600,0.121641201800
8289.000000000000,0.537058854500,-0.497124406500,0.190548893900
8290.000000000000,0.531312469000,-0.534793734600,0.102306996100
8291.000000000000,0.360003265300,0.202707652900,-0.333130792200
8292.000000000000,1.375207151000,-0.477444936500,-0.128547425400
8293.000000000000,0.431703329000,0.026489753180,-0.639868291600
8294.000000000000,0.631036801000,0.011110746310,-0.629483108500
8295.000000000000,0.495413039600,0.414333051800,0.337572361800
8296.000000000000,1.288065094000,-0.144655934800,0.555749878700
8297.000000000000,1.281562102000,-0.206455371000,0.480992880200
8298.000000000000,1.279721643000,0.066042321000,0.599580502500
8299.000000000000,1.134248156000,-0.069817189110,0.602384736800
8300.000000000000,1.208038284000,-0.055815108990,0.707794832000
8301.000000000000,1.345646340000,0.383494123600,0.521533148500
8302.000000000000,1.223430367000,0.240227743100,0.468136832700
8303.000000000000,1.298490878000,0.168624335000,0.412903955000
8304.000000000000,1.402349447000,0.204622313500,0.337689356200
8305.000000000000,1.293413258000,0.323574490600,-0.000268923042
8306.000000000000,0.976287666100,0.309010293100,0.043779208020
8307.000000000000,1.119111597000,0.277532405000,0.053216382490
8308.000000000000,1.451672594000,0.230430997000,0.493737595900
8309.000000000000,1.348939141000,0.141051453600,0.477231566000
8310.000000000000,0.740978001800,-0.418278962000,0.295171875600
8311.000000000000,0.552714599300,-0.297547110300,0.430525590800
8312.000000000000,0.611695102100,-0.281808594800,0.289183175000
8313.000000000000,0.603476589400,-0.457561594200,0.340991551200
8314.000000000000,1.248911844000,-0.282577045000,-0.442655302000
8315.000000000000,0.737880577500,0.378095457600,-0.364835036200
8316.000000000000,0.676573921500,0.335731340000,-0.421631305700
8317.000000000000,0.655447570000,-0.523696777000,-0.076095993200
8318.000000000000,0.797450530500,-0.463261735300,-0.057972877300
8319.000000000000,0.711212812400,0.237936871900,-0.414572184400
8320.000000000000,0.688264561700,0.124287239900,-0.525541750700
8321.000000000000,0.516442507700,0.137144603800,-0.438494161300
8322.000000000000,0.719864591400,0.090487854860,-0.381259945800
8323.000000000000,0.387224674400,0.174196440300,-0.535032880000
8324.000000000000,0.309626995600,0.171365493000,-0.623494182500
8325.000000000000,0.309659362900,0.014925921390,-0.520684081300
8326.000000000000,0.354288365600,0.321498814700,-0.570755050700
8327.000000000000,0.880710471500,0.181236547800,-0.610333729700
8328.000000000000,0.630542290000,0.311758569100,-0.567718119000
8329.000000000000,1.318514791000,0.495148161300,-0.172572733500
8330.000000000000,1.389397933000,0.485440049200,-0.027509979030
8331.000000000000,1.243584048000,0.507477641100,-0.312906231900
8332.000000000000,1.264789107000,0.501783481900,0.178548897600
8333.000000000000,1.205119992000,0.582160180400,0.207211838300
8334.000000000000,1.258236392000,0.479188169700,0.332069021400
8335.000000000000,1.140929315000,0.528044465100,-0.258697031300
8336.000000000000,1.177060325000,0.539519124700,0.045576879750
8337.000000000000,1.133198082000,0.606662948900,0.064150253580
8338.000000000000,1.527049849000,0.510873462400,-0.047544602100
8339.000000000000,1.316071837000,0.403440330600,-0.013041382290
8340.000000000000,0.590548136800,-0.072415391690,0.634413647000
8341.000000000000,0.651427727600,0.010869577830,0.604320477400
8342.000000000000,1.002022654000,0.083704786110,0.151039164800
8343.000000000000,0.968371316900,0.222587944500,0.285383143700
8344.000000000000,0.973411703500,0.036395472480,0.039540685280
8345.000000000000,0.938550547800,0.311277863700,0.185714115400
8346.000000000000,0.867688178800,0.203700032000,0.293351415500
8347.000000000000,1.113463493000,0.236746160300,0.494320869000
8348.000000000000,1.141440309000,0.438447447800,0.349951577700
8349.000000000000,0.785217648700,0.465546180600,0.081603316020
8350.000000000000,0.851044813600,0.387665557700,0.176444947400
8351.000000000000,0.948391420700,0.517650514800,0.135256273500
8352.000000000000,0.756933428500,-0.312274568800,-0.660857264700
8353.000000000000,0.761823949500,-0.228457167100,-0.477460863000
8354.000000000000,0.817510104900,-0.152140916600,-0.532702842700
8355.000000000000,0.687705708400,-0.349229701100,-0.380989056200
8356.000000000000,0.695716976100,-0.506662075500,-0.399997621200
8357.000000000000,1.072327253000,0.288635769200,-0.494431417000
8358.000000000000,0.907208053400,-0.527109156600,-0.167931191900
8359.000000000000,0.790886341100,0.046853891480,-0.634476734400
8360.000000000000,0.762926161700,-0.075672195040,-0.541275377800
8361.000000000000,0.874867618800,0.119966707500,-0.505970411600
8362.000000000000,0.924552507800,-0.085500318880,-0.497052398100
8363.000000000000,0.882956487700,-0.372348533500,0.380940756400
8364.000000000000,0.907396088900,-0.475376402700,0.302703319000
8365.000000000000,0.920837145800,-0.270293023300,0.543722245700
8366.000000000000,0.696138121300,-0.270119366000,0.606378716300
8367.000000000000,0.839039225100,0.281235563100,-0.324609211500
8368.000000000000,1.142094808000,-0.200913399400,-0.590656443200
8369.000000000000,0.880141496300,-0.369737086800,-0.449096733200
8370.000000000000,0.949201666400,-0.461724855200,-0.447202251800
8371.000000000000,1.132436750000,-0.135184121400,0.542087551000
8372.000000000000,0.980756552400,0.013676492000,0.538535486200
8373.000000000000,0.967959460400,0.200128248600,0.545540440800
8374.000000000000,1.208740014000,0.121756074100,0.555220616300
8375.000000000000,1.209268863000,0.558840361800,0.469099317200
8376.000000000000,1.174372137000,0.240466633600,-0.201651881800
8377.000000000000,1.354535119000,0.170258474500,-0.320308622000
8378.000000000000,0.539679821600,0.446035239200,0.189196200000
8379.000000000000,0.568532356000,0.380747236400,-0.078698429010
8380.000000000000,1.001213722000,0.072480792200,-0.292980809600
8381.000000000000,0.793363195700,0.116178307600,-0.300535559900
8382.000000000000,1.065384985000,0.254121176500,-0.131017903800
8383.000000000000,0.942522801500,0.585928379400,-0.033395290880
8384.000000000000,1.013774050000,0.064473579230,-0.536651680000
8385.000000000000,1.096804682000,-0.116341009700,-0.549354722800
8386.000000000000,0.844001677500,-0.151358812100,-0.629707959300
8387.000000000000,1.141307661000,0.115011588700,-0.644407618000
8388.000000000000,1.347895090000,-0.000969252995,-0.457600904700
8389.000000000000,1.041831541000,0.137209938100,0.014956030930
8390.000000000000,1.145974991000,0.202244643200,-0.061550047120
8391.000000000000,1.039667105000,-0.158472948600,0.032767115320
8392.000000000000,1.020280629000,-0.146646174300,-0.159914260600
8393.000000000000,1.094884632000,0.294236489800,-0.056791965210
8394.000000000000,1.120359668000,0.194578168600,0.015050737940
8395.000000000000,1.284320180000,0.029663124670,-0.387304330200
8396.000000000000,1.248212372000,-0.036898929120,-0.474233483500
8397.000000000000,1.127385886000,0.237346425800,-0.505343034100
8398.000000000000,1.038244624000,0.084488325340,-0.613999346300
8399.000000000000,0.897522871700,-0.183770930800,-0.533737048200
8400.000000000000,1.160203900000,-0.205436060100,-0.369469683100
8401.000000000000,1.101070852000,-0.224310479400,-0.497865483300
8402.000000000000,1.000295159000,-0.124181693600,-0.533048492500
8403.000000000000,0.997695238800,-0.030080377810,-0.447328545200
8404.000000000000,0.937199889000,0.037887889980,-0.523014991400
8405.000000000000,0.894288021500,0.529852129400,0.039430566330
8406.000000000000,0.899609740800,0.291507225400,-0.110829003400
8407.000000000000,1.097712619000,0.294355514600,-0.224498531300
8408.000000000000,0.716581678200,0.178837862200,-0.349416740400
8409.000000000000,0.817725467400,0.145685565100,-0.392581071000
8410.000000000000,0.903196416300,0.117430993500,-0.322626920000
8411.000000000000,0.967821989400,0.123266597900,-0.245517520800
8412.000000000000,1.027469645000,-0.013341068650,-0.270916387300
8413.000000000000,0.955267433000,0.041720499450,-0.326413625100
8414.000000000000,0.508999260600,0.421712334000,-0.153995589700
8415.000000000000,0.645312895500,0.454893107100,-0.118309094200
8416.000000000000,0.475132883800,0.510748055400,0.205152659100
8417.000000000000,0.661306323700,0.467139490000,0.257849870000
8418.000000000000,0.498796002100,0.361523525400,0.245477358800
8419.000000000000,0.609450485100,0.464350593200,0.106107734700
8420.000000000000,0.528606979000,0.516871156600,0.122746780700
8421.000000000000,1.240740621000,0.188562737500,-0.381694672100
8422.000000000000,1.364941857000,0.273909270400,-0.346145470100
8423.000000000000,1.173263747000,0.093910491480,0.459196167000
8424.000000000000,1.269428373000,0.095847741840,0.494631302800
8425.000000000000,1.181741509000,0.026083880120,0.577993176400
8426.000000000000,0.973175570300,0.276191555900,0.491824409200
8427.000000000000,1.037866920000,0.145459006000,0.473657150200
8428.000000000000,1.029111138000,0.228802215500,0.481559573700
8429.000000000000,0.892421700500,0.160534939100,0.509604775900
8430.000000000000,0.829268430700,-0.038591748810,0.516252637900
8431.000000000000,1.049098719000,-0.084727996890,0.512530116400
8432.000000000000,0.955218688200,-0.007743494370,0.398807789700
8433.000000000000,1.084215618000,-0.272475726200,0.452694895700
8434.000000000000,0.969594319200,-0.354203371000,-0.424699549700
8435.000000000000,0.792441992300,-0.343353474300,-0.407215434100
8436.000000000000,0.903927824900,-0.263506650500,-0.474396739100
8437.000000000000,0.763771048200,0.273200234000,-0.350750487400
8438.000000000000,0.860610605600,0.370906152200,-0.315522064300
8439.000000000000,0.913312463100,0.297734084900,-0.203088929000
8440.000000000000,0.688840107000,-0.236706043200,0.528789695200
8441.000000000000,0.874069923200,-0.199592809800,0.454110090900
8442.000000000000,0.883795149400,-0.487885427000,0.221080405900
8443.000000000000,0.930312572800,-0.560512825200,0.283987512800
8444.000000000000,0.853060266200,-0.382563720700,0.275617837800
8445.000000000000,0.994017265300,-0.443100317100,0.269605013900
8446.000000000000,0.929626224200,-0.245697634700,0.315112553400
8447.000000000000,0.802933669900,-0.265406811900,0.414853691800
8448.000000000000,0.808108418000,-0.116927414400,-0.448453777300
8449.000000000000,0.988380122100,-0.143873468700,-0.419682844100
8450.000000000000,0.766213457000,0.043663881890,-0.505980389300
8451.000000000000,0.786466287900,0.191633315700,-0.471828085600
8452.000000000000,0.899872085500,0.210086597600,-0.461165939800
8453.000000000000,0.673855803600,-0.018318944030,-0.527757068300
8454.000000000000,0.819377361700,-0.473392530400,-0.161069298300
8455.000000000000,0.981295735300,-0.447767051400,-0.107386591700
8456.000000000000,0.903167196600,-0.474593075000,-0.269755117100
8457.000000000000,1.010257085000,0.223891921200,-0.528567838900
8458.000000000000,1.089793750000,0.303328457200,-0.427398436900
8459.000000000000,0.719372536800,-0.426857879000,-0.343986333200
8460.000000000000,0.681894577000,-0.225441274900,-0.404761977600
8461.000000000000,0.602524186300,-0.290641255000,-0.365623488900
8462.000000000000,0.658706409900,-0.188221791600,-0.503478102900
8463.000000000000,0.933722234100,0.412449092000,0.228359847700
8464.000000000000,1.043088656000,0.487611850500,0.072709693510
8465.000000000000,0.804906348900,0.357234809600,0.282746040800
8466.000000000000,0.790793657200,0.484084965600,0.186348198500
8467.000000000000,0.714265261500,0.430194186000,0.139603129400
8468.000000000000,0.758410683600,0.556014422800,0.117100291200
8469.000000000000,0.799095266600,0.480463172400,-0.013281064440
8470.000000000000,1.152815533000,0.294505412700,0.249007553700
8471.000000000000,1.044188884000,0.455330762700,0.239025496200
8472.000000000000,1.191757499000,0.435418392200,0.247590902200
8473.000000000000,1.204442977000,0.371476157300,0.401294472600
8474.000000000000,1.102990861000,0.180134216000,0.344929287900
8475.000000000000,0.963636697100,0.184742536000,0.341207776900
8476.000000000000,0.902870471000,0.291688582700,0.309265086400
8477.000000000000,0.856655608500,0.262647092900,0.137387584100
8478.000000000000,0.997908910100,0.218238722300,0.203043890900
8479.000000000000,0.915152662700,0.331679945200,0.098315876830
8480.000000000000,0.894587071400,-0.034534143030,0.064213132890
8481.000000000000,1.077316342000,0.146086837800,0.160553919500
8482.000000000000,0.590763314400,0.046747827840,0.533115762200
8483.000000000000,0.703320649200,-0.029631709900,0.524045937500
8484.000000000000,0.520643054600,-0.071381134040,0.547291990400
8485.000000000000,1.290512888000,0.360871620200,0.079479884900
8486.000000000000,1.334184850000,0.423167617800,-0.101388449300
8487.000000000000,1.404798509000,0.422624070900,0.049535610990
8488.000000000000,1.220235400000,0.383274784600,0.008380418485
8489.000000000000,1.313747596000,0.486935935600,-0.004949249696
8490.000000000000,1.099026412000,0.567292564000,-0.008091035353
8491.000000000000,1.160351283000,0.669155889800,0.109139589200
8492.000000000000,1.123850848000,0.536082954200,0.105287436300
8493.000000000000,1.209060623000,0.503693857500,0.109418298000
8494.000000000000,1.245406137000,0.557163641800,-0.023553856790
8495.000000000000,1.183937737000,0.433287381100,-0.263907133700
8496.000000000000,1.151755904000,0.514106027800,-0.165184964900
8497.000000000000,1.309948055000,0.420531455100,0.149387524100
8498.000000000000,1.285330378000,0.418976879200,-0.310184740800
8499.000000000000,1.226949819000,0.602672312500,-0.322844153800
8500.000000000000,0.615435271000,0.282296221900,-0.456316395900
8501.000000000000,0.374233530100,0.239355584700,-0.457858749600
8502.000000000000,0.407088836700,-0.030301728080,-0.482355506200
8503.000000000000,0.365341730800,0.073997087830,-0.475306703700
8504.000000000000,0.640992018500,0.057894369180,-0.356612831000
8505.000000000000,0.439786498200,0.206974432000,-0.390498774900
8506.000000000000,0.601504229800,0.080084596820,-0.484141818900
8507.000000000000,0.519963672100,0.077914447990,-0.480080521200
8508.000000000000,0.632699342400,0.189798576400,-0.466174959600
8509.000000000000,0.833494233000,-0.437275600400,0.054466797870
8510.000000000000,0.856088566100,-0.384117639000,-0.084469324170
8511.000000000000,0.736816711500,-0.459427284300,0.007595965916
8512.000000000000,0.647518141000,-0.485878538800,-0.201310002600
8513.000000000000,0.627896844700,-0.455783503100,0.009373451176
8514.000000000000,0.659706730400,0.377089450300,-0.352241049300
8515.000000000000,0.645777141000,0.434575564500,-0.477025815400
8516.000000000000,0.673702432700,0.439340761300,-0.309648947700
8517.000000000000,1.251812627000,-0.353219744000,-0.375636281700
8518.000000000000,1.226002675000,-0.188591133100,-0.467086770900
8519.000000000000,1.236384849000,-0.278088372700,-0.339691435700
8520.000000000000,0.492036006700,-0.449146124200,0.300390773400
8521.000000000000,0.604275824500,-0.419588224900,0.200996526400
8522.000000000000,0.698053988400,-0.421917079000,0.357410219700
8523.000000000000,0.517254561100,-0.225597893600,0.347538945300
8524.000000000000,0.636420972500,-0.246243038200,0.392562913500
8525.000000000000,0.425503519900,-0.305669452400,0.454963573300
8526.000000000000,0.515026422400,-0.191680958300,0.458804693800
8527.000000000000,0.758081556100,-0.338920262000,0.200400926700
8528.000000000000,0.707486050400,-0.322625090500,0.298709896100
8529.000000000000,1.204116005000,0.237660333200,0.398828513200
8530.000000000000,1.222224934000,-0.133310765500,0.421366492900
8531.000000000000,1.215293242000,-0.225538979000,0.425219205000
8532.000000000000,1.269446588000,-0.015721528240,0.530581229600
8533.000000000000,0.543622523000,0.412626345700,0.420488620000
8534.000000000000,0.356859256700,0.449945535400,0.316829495500
8535.000000000000,0.570911347300,0.373159078800,0.336571059400
8536.000000000000,0.440703466400,0.379531440500,0.397838611300
8537.000000000000,0.578453596600,-0.041831413620,-0.549758985200
8538.000000000000,1.343842712000,-0.398779814400,-0.158812533200
8539.000000000000,0.297950512400,0.275618638500,-0.334833473100
8540.000000000000,0.524116600900,-0.474994679800,0.029502099950
8541.000000000000,0.508364041800,-0.407849085000,0.218460640500
8542.000000000000,0.396249134400,-0.434865871000,0.114297465700
8543.000000000000,0.259997745800,-0.464275710800,0.132676236000
8544.000000000000,0.537130299800,-0.235965123400,-0.370871943600
8545.000000000000,0.367399518400,-0.105009930300,-0.496465109100
8546.000000000000,0.428726745900,-0.252939516000,-0.421099934700
8547.000000000000,0.431139810100,-0.087766159650,-0.579245833400
8548.000000000000,0.250120333000,-0.471075324300,-0.084626184520
8549.000000000000,0.439148298900,-0.513425753800,-0.048882262250
8550.000000000000,0.387745906000,-0.420083965100,-0.036125633900
8551.000000000000,0.368694330100,-0.529574434200,-0.138006544600
8552.000000000000,0.466827815900,-0.496932358600,-0.137427860700
8553.000000000000,0.572700755600,0.632198465400,0.155804735100
8554.000000000000,0.614457875100,0.598694046100,0.208610329200
8555.000000000000,0.506573530000,0.535664096900,-0.072254438430
8556.000000000000,0.426818302400,0.462446913100,-0.010635962100
8557.000000000000,0.504630986900,0.609695410700,-0.052485918770
8558.000000000000,0.445293704700,0.436582003900,-0.275081724300
8559.000000000000,0.361415177700,0.525801348700,-0.175244192500
8560.000000000000,0.293046121700,0.399076281400,-0.363228793200
8561.000000000000,0.543840995000,-0.137717414800,-0.422732576000
8562.000000000000,0.416562938200,-0.340679554000,-0.352924474600
8563.000000000000,0.377195145200,-0.211424522100,0.502427804800
8564.000000000000,0.354735336600,-0.216842997700,0.301363443500
8565.000000000000,0.452934868500,-0.266020045600,0.262673814000
8566.000000000000,0.423671969000,-0.195185839400,0.425419913600
8567.000000000000,0.402495460800,-0.379981350000,0.374343968900
8568.000000000000,0.351846885400,0.354040808200,0.262670220200
8569.000000000000,0.440539933400,0.226481621200,0.482804465000
8570.000000000000,0.246505857600,0.316039182400,0.404767545700
8571.000000000000,0.341126162600,0.389836425300,0.341434874300
8572.000000000000,0.375731641900,0.219953948800,0.437611399500
8573.000000000000,0.467277736200,0.142982768300,0.351124859600
8574.000000000000,0.272616260600,-0.537773096600,-0.231163022500
8575.000000000000,0.357454224500,-0.508541264500,-0.285373796100
8576.000000000000,0.322007148600,-0.343494511900,-0.145896971200
8577.000000000000,0.332203447200,-0.358199590600,-0.300296929400
8578.000000000000,0.305145499900,-0.464032789900,-0.276748343800
8579.000000000000,0.416283696500,0.366843165600,0.222491990000
8580.000000000000,0.433046532000,0.555428490700,0.101508614300
8581.000000000000,0.390391668600,0.104454180100,0.537980622300
8582.000000000000,0.378006935000,-0.074767790100,0.470288889900
8583.000000000000,0.208019758000,-0.186441182100,0.602044635400
8584.000000000000,0.209487502300,0.015745890450,0.457673181500
8585.000000000000,0.260135507000,0.011572879830,0.541216673200
8586.000000000000,0.479588634700,-0.642777317800,-0.325939805600
8587.000000000000,2.118037466000,-0.232293531600,0.295970773800
8588.000000000000,2.316231903000,-0.162667928400,0.349570741800
8589.000000000000,2.345499580000,-0.312577256600,0.341613841100
8590.000000000000,2.260047467000,-0.334962213100,0.250023855700
8591.000000000000,2.217947096000,-0.332427149700,0.402475921000
8592.000000000000,2.233448500000,-0.187147971000,0.200126597100
8593.000000000000,2.165085942000,-0.092784011730,0.340669856600
8594.000000000000,2.181829389000,0.306151558700,0.408688702300
8595.000000000000,2.331646875000,0.258097353000,0.335201130400
8596.000000000000,2.323595325000,0.080003601430,0.370303441400
8597.000000000000,2.231972813000,0.146993647500,0.237830147700
8598.000000000000,2.179551369000,0.132022496800,0.340831630700
8599.000000000000,2.044997753000,0.078307648550,0.331500320700
8600.000000000000,1.994086364000,-0.039871863420,0.422189824400
8601.000000000000,1.864394452000,-0.155821927000,0.440225790000
8602.000000000000,2.340339695000,-0.190755303000,-0.320960217100
8603.000000000000,2.218601581000,0.521499552600,0.132452658600
8604.000000000000,2.009997845000,0.292933699400,0.297346758000
8605.000000000000,2.143486047000,0.418894831700,0.344583280800
8606.000000000000,2.090172985000,0.473211844300,0.406982431600
8607.000000000000,2.063008333000,0.462792292400,0.254390510800
8608.000000000000,1.959455696000,0.456250768500,0.317735462600
8609.000000000000,2.018043102000,0.496686618700,0.058829957720
8610.000000000000,2.269956283000,0.515641732000,0.336970243000
8611.000000000000,1.964845027000,0.307075598200,0.470732235200
8612.000000000000,2.294348357000,-0.345527544100,-0.158296187200
8613.000000000000,2.328238275000,-0.239929630500,-0.253107426100
8614.000000000000,2.210428812000,-0.576474544400,-0.222133686800
8615.000000000000,2.340441987000,-0.528339211500,-0.143220930300
8616.000000000000,2.372355066000,-0.494649989000,-0.246345398900
8617.000000000000,2.104878019000,-0.456666564100,-0.341916939200
8618.000000000000,2.026133100000,-0.403752014300,-0.307829463500
8619.000000000000,2.248260555000,0.370465853900,-0.385895013600
8620.000000000000,2.336443447000,0.488995149900,-0.198432224800
8621.000000000000,2.167168777000,0.421739556000,-0.249724961200
8622.000000000000,2.336196636000,0.404328192900,-0.338059516400
8623.000000000000,2.335587386000,0.333713684000,-0.008646285156
8624.000000000000,2.213521542000,0.314835391600,0.103317556900
8625.000000000000,2.321259946000,0.385333596400,0.257181529100
8626.000000000000,2.179138573000,0.093418006470,-0.071938710450
8627.000000000000,1.916403839000,0.432594410800,-0.056922031240
8628.000000000000,1.912401935000,0.281686683100,-0.177099088300
8629.000000000000,1.928320850000,0.445641061500,-0.144239479200
8630.000000000000,2.054539918000,0.299663674400,-0.141221715600
8631.000000000000,2.343783052000,0.469568142900,0.003806801675
8632.000000000000,2.287289302000,0.369499522900,-0.107416923800
8633.000000000000,2.154422888000,0.516616499100,-0.057196159630
8634.000000000000,2.281735334000,0.098902203690,-0.284933168500
8635.000000000000,2.159781499000,0.094480527470,-0.191402069700
8636.000000000000,2.132120010000,0.247083403700,-0.154729434700
8637.000000000000,2.290307541000,0.195552165500,-0.250929372800
8638.000000000000,2.363870113000,0.396067966000,-0.184470691500
8639.000000000000,2.027986552000,0.103979468200,-0.440291724900
8640.000000000000,2.010935149000,0.284410601300,-0.308779749700
8641.000000000000,1.974823560000,0.106463238000,-0.384111122500
8642.000000000000,2.046058909000,0.190092024800,-0.498751907600
8643.000000000000,2.235886764000,0.227662853700,-0.468614359900
8644.000000000000,2.012872112000,-0.329909900800,0.389710401900
8645.000000000000,2.124802162000,-0.352736266500,0.395415307500
8646.000000000000,2.265303841000,0.228342891200,0.566725525700
8647.000000000000,2.398412189000,0.263851225800,0.438486374400
8648.000000000000,2.357356961000,0.272020079800,0.578339501000
8649.000000000000,2.247514891000,0.455871962300,0.415061546500
8650.000000000000,2.462780798000,0.382918210700,0.413341505600
8651.000000000000,2.393788056000,0.486521883900,0.171370251500
8652.000000000000,2.022318014000,0.199930360000,0.486492406700
8653.000000000000,1.891485256000,0.117775839000,0.534147001900
8654.000000000000,2.544401243000,-0.450451105700,0.084864960520
8655.000000000000,2.536116714000,-0.460953182000,-0.009212502699
8656.000000000000,2.374556390000,-0.383997930800,0.159171617600
8657.000000000000,2.398446087000,-0.311947948000,-0.359683670600
8658.000000000000,2.410583112000,-0.407712855400,-0.379724123000
8659.000000000000,2.580538888000,-0.435916334100,-0.302984126000
8660.000000000000,2.637424468000,-0.418971158400,-0.386925350200
8661.000000000000,2.792671381000,-0.399887916900,-0.345239482300
8662.000000000000,2.662550795000,-0.479054480200,-0.220521394000
8663.000000000000,2.350918090000,-0.213634953300,-0.524837650400
8664.000000000000,2.252286373000,-0.306188192400,-0.449089960800
8665.000000000000,2.324105911000,0.541323487600,0.077857231190
8666.000000000000,2.342797272000,0.634310187400,0.086189467170
8667.000000000000,2.256969629000,0.595289596500,0.142408488300
8668.000000000000,2.473807453000,0.357143548000,-0.337835568500
8669.000000000000,2.416399946000,0.454807903700,-0.180488518000
8670.000000000000,2.541150842000,0.400936906000,-0.266706799200
8671.000000000000,2.051720848000,0.528967787500,-0.067528167080
8672.000000000000,1.819985492000,0.611114125700,-0.063447252310
8673.000000000000,1.974050392000,0.380224250900,-0.279539428100
8674.000000000000,1.926264636000,0.285237434400,-0.460888088000
8675.000000000000,2.240985659000,-0.491367889800,0.186152644800
8676.000000000000,2.387200517000,-0.492217245000,0.154278062400
8677.000000000000,2.374377185000,-0.401947656100,0.251925059100
8678.000000000000,2.284504926000,-0.433209236200,0.391692610000
8679.000000000000,2.109491728000,-0.417922733000,0.297841968700
8680.000000000000,2.147547346000,0.028997185230,0.128211831600
8681.000000000000,2.142815717000,0.207356943600,0.071006861380
8682.000000000000,2.145434495000,0.043141865000,-0.014696525390
8683.000000000000,2.138771959000,-0.046374148490,-0.019719166520
8684.000000000000,2.210573178000,-0.033151100900,0.047283907460
8685.000000000000,2.547158851000,0.449203542600,0.221513457000
8686.000000000000,2.553912650000,0.337165212900,0.184852330100
8687.000000000000,2.522753026000,0.363586166800,-0.046028532810
8688.000000000000,2.458791045000,0.047593789310,0.440738181900
8689.000000000000,2.388475515000,0.135010735500,0.443047427700
8690.000000000000,2.579254401000,0.202996390200,0.443064022900
8691.000000000000,2.208516048000,-0.023867918410,-0.338601103100
8692.000000000000,2.287603715000,-0.075877935160,-0.419432250700
8693.000000000000,2.206298020000,-0.177071031600,-0.373189941500
8694.000000000000,2.316067202000,0.044382563640,-0.503066741300
8695.000000000000,2.388410102000,0.101075825300,-0.535360645600
8696.000000000000,2.322377383000,0.185169551300,-0.492367678900
8697.000000000000,2.637090287000,0.514997865800,-0.175511379100
8698.000000000000,2.482782302000,0.446688761600,-0.118501844200
8699.000000000000,2.670228770000,0.474493908100,-0.017065746390
8700.000000000000,2.434791685000,-0.094128228400,-0.470173034000
8701.000000000000,2.471919991000,-0.290193915900,-0.432883775300
8702.000000000000,2.397498174000,-0.059754838500,-0.652737824700
8703.000000000000,2.441289264000,0.038949445100,-0.632383868200
8704.000000000000,2.624523776000,-0.092455173410,-0.543514181300
8705.000000000000,2.534149869000,-0.192785144300,-0.503338638500
8706.000000000000,2.720100103000,-0.236522103600,-0.503488126800
8707.000000000000,2.750700670000,-0.138517946100,-0.468428760500
8708.000000000000,2.519772765000,0.078536788290,-0.570391262500
8709.000000000000,2.643301739000,0.027900993400,-0.479865105400
8710.000000000000,2.803013940000,-0.049463582480,-0.515448839000
8711.000000000000,2.300086350000,-0.036344120720,0.524294145300
8712.000000000000,2.054924197000,0.011402328500,0.549235967400
8713.000000000000,2.216730652000,-0.161439131100,0.493625386500
8714.000000000000,2.133374894000,-0.214212297300,0.477363972100
8715.000000000000,1.878993812000,-0.055807455640,0.495363723400
8716.000000000000,1.986854403000,-0.272140417000,0.445838243600
8717.000000000000,1.775496022000,0.334527677000,-0.486679174500
8718.000000000000,1.878854552000,0.243528125400,0.370956076200
8719.000000000000,1.853914052000,0.411716612300,0.125143518100
8720.000000000000,1.782112535000,0.365343904500,0.191575751700
8721.000000000000,1.887252677000,0.169192814600,0.358034558100
8722.000000000000,1.935419702000,0.110467724500,0.304393177000
8723.000000000000,1.939567522000,0.055415450080,0.445398141700
8724.000000000000,2.639374052000,-0.556166463600,0.126121008900
8725.000000000000,2.436613301000,-0.550646976300,-0.028603830370
8726.000000000000,1.922985857000,-0.140234814300,0.368653665700
8727.000000000000,1.896376241000,-0.527145448600,0.182153884500
8728.000000000000,1.938886596000,-0.470856667400,0.238323939000
8729.000000000000,1.921600817000,-0.471620822300,-0.039815062160
8730.000000000000,1.965676934000,-0.451014754400,0.051215556960
8731.000000000000,2.076540722000,-0.605146347600,-0.042307983090
8732.000000000000,2.046365649000,-0.579190878100,0.082096714860
8733.000000000000,1.835468635000,-0.457080570800,-0.176712501700
8734.000000000000,2.041389600000,-0.399347456300,-0.121036204100
8735.000000000000,2.119825780000,-0.384081654600,-0.013575086450
8736.000000000000,1.928671773000,-0.231236205400,-0.240623915700
8737.000000000000,2.602269190000,-0.508468414000,-0.160829058200
8738.000000000000,2.689589466000,-0.535435481600,-0.111746199100
8739.000000000000,2.689052403000,-0.682786284900,-0.241387398900
8740.000000000000,2.559148805000,-0.422310381200,-0.085731117800
8741.000000000000,1.991653520000,-0.246821709400,-0.382402734700
8742.000000000000,1.910509000000,-0.389205519200,0.366241041200
8743.000000000000,1.967388554000,-0.371946329300,0.215503834900
8744.000000000000,1.938060049000,-0.263640846000,0.245462438100
8745.000000000000,2.734665010000,-0.449626669200,0.253376555300
8746.000000000000,2.852933125000,-0.509880813200,0.164791570800
8747.000000000000,2.699592387000,-0.607494218800,0.165347768800
8748.000000000000,2.752250263000,-0.505496635800,-0.031359599950
8749.000000000000,2.740388516000,-0.509569264900,0.071924221260
8750.000000000000,2.609560803000,-0.425251521300,0.262769556700
8751.000000000000,1.988311071000,-0.426942035000,-0.190011247800
8752.000000000000,2.002237226000,-0.574239279800,-0.203361704800
8753.000000000000,2.472863082000,0.324606664900,0.328117290600
8754.000000000000,2.662189145000,0.369250506600,0.315859413200
8755.000000000000,2.692169769000,0.410970464200,0.225121922300
8756.000000000000,2.779914995000,0.333621722900,0.313399057600
8757.000000000000,2.877562691000,-0.495329886900,-0.223388908200
8758.000000000000,2.820984598000,-0.587533737200,-0.167158345800
8759.000000000000,2.873293680000,0.409465615800,-0.136008537200
8760.000000000000,2.835764625000,0.288267009500,-0.334564082300
8761.000000000000,2.870053687000,0.176453443200,-0.412156161600
8762.000000000000,2.730794253000,0.170970984500,-0.340416929100
8763.000000000000,2.942885680000,0.354838238800,-0.319276701700
8764.000000000000,3.058574017000,0.569885236600,-0.251467334700
8765.000000000000,2.896963749000,0.452011904000,-0.306892607700
8766.000000000000,2.992171571000,0.062387887120,0.562300326600
8767.000000000000,2.935921429000,0.100182648600,0.464702410100
8768.000000000000,2.752367184000,0.067182399300,0.484660496300
8769.000000000000,2.599631880000,-0.039218266430,0.412617590700
8770.000000000000,2.674898421000,-0.040896242070,0.297330653700
8771.000000000000,2.762370026000,-0.020320522080,0.448848842300
8772.000000000000,2.820267107000,0.527328828100,0.255318536800
8773.000000000000,2.993768321000,0.608859941900,0.217969995600
8774.000000000000,2.939771675000,0.157828624700,0.516589908300
8775.000000000000,2.908668494000,0.495071081000,0.513563761600
8776.000000000000,2.816507774000,0.504241592100,0.375452892600
8777.000000000000,2.807941888000,0.244223058100,0.491938013600
8778.000000000000,2.852068276000,0.256415577000,0.377335277100
8779.000000000000,2.995715766000,-0.487951157900,0.303060697600
8780.000000000000,2.891495770000,-0.496320473400,-0.402688317200
8781.000000000000,2.957718110000,-0.597899573200,-0.270902517800
8782.000000000000,2.893466604000,-0.425391465900,-0.312906349800
8783.000000000000,2.611528064000,-0.447628630500,-0.010538625770
8784.000000000000,2.743841876000,-0.417180534500,-0.190525368100
8785.000000000000,2.756865701000,-0.310908783800,-0.394222597000
8786.000000000000,2.617389504000,-0.293772955700,-0.456413369100
8787.000000000000,2.885667934000,-0.113769873000,-0.494530564300
8788.000000000000,2.902096818000,-0.349123391200,-0.388305566800
8789.000000000000,2.878143130000,-0.296078950800,-0.262848362300
8790.000000000000,2.922136847000,-0.438838074100,0.132587406500
8791.000000000000,2.896879105000,-0.554308411300,-0.113601043200
8792.000000000000,2.967013306000,-0.491306893800,-0.061221704360
8793.000000000000,2.816819729000,-0.175295850200,0.472550258600
8794.000000000000,3.057730038000,-0.232541340800,0.603966248800
8795.000000000000,3.108996906000,-0.125751164500,0.556748777600
8796.000000000000,2.852748374000,-0.025229286980,0.493743636500
8797.000000000000,2.825736181000,-0.121157393800,0.547729229700
8798.000000000000,2.640576929000,0.212187654800,0.518371908500
8799.000000000000,2.904844262000,0.093375574430,0.635898920000
8800.000000000000,2.749736772000,0.468860206800,-0.047839479330
8801.000000000000,2.793570300000,0.480765211100,0.164273735000
8802.000000000000,2.842355631000,0.390188126300,0.224455916100
8803.000000000000,2.819701581000,0.529944553400,-0.144964024800
8804.000000000000,2.795850596000,0.415699680600,-0.256196689600
8805.000000000000,2.506652170000,0.645361238600,-0.044075485580
8806.000000000000,2.524767788000,0.569998462400,0.071005210240
8807.000000000000,2.894258228000,0.440816002800,-0.001252201339
8808.000000000000,2.738425724000,0.553964538800,0.101105439700
8809.000000000000,2.885154024000,0.050404364580,-0.316467979300
8810.000000000000,2.856329370000,0.062488042820,-0.431601792300
8811.000000000000,2.649346626000,0.111127774400,-0.473151501400
8812.000000000000,2.969559932000,0.164796677400,-0.590687692200
8813.000000000000,2.638702109000,0.376116882100,-0.361882213500
8814.000000000000,2.660228591000,0.189134945000,-0.438739889200
8815.000000000000,2.719031986000,0.352484578800,-0.429243952200
8816.000000000000,2.515898054000,0.210837098900,-0.381469782000
8817.000000000000,2.409662928000,0.283940813300,-0.498464071400
8818.000000000000,2.484765433000,0.183131137000,-0.435739949300
8819.000000000000,2.624257376000,0.422585349700,0.145892238900
8820.000000000000,2.606339902000,0.381710525500,0.403714681900
8821.000000000000,2.734075111000,0.349398539100,0.428955327300
8822.000000000000,2.658683810000,0.016191485630,0.533724871000
8823.000000000000,1.920788689000,-0.413362194600,-0.372087870700
8824.000000000000,2.900663006000,-0.246987974100,0.373046797500
8825.000000000000,2.933145510000,-0.261907510100,0.470520502900
8826.000000000000,2.743894201000,-0.281598402200,0.392596310200
8827.000000000000,2.795369067000,-0.391101861500,0.274018002800
8828.000000000000,2.540510126000,-0.422830516200,0.325958844900
8829.000000000000,2.418994738000,-0.329027227600,0.216328255500
8830.000000000000,2.641742431000,-0.426286875100,0.080863686560
8831.000000000000,2.597867646000,-0.143746616000,0.454851639000
8832.000000000000,2.125783119000,-0.203769272400,-0.244907530300
8833.000000000000,2.069050374000,0.140083530200,-0.617090671600
8834.000000000000,2.173968077000,0.135153563500,-0.577018308800
8835.000000000000,2.059483659000,0.023235741490,-0.519181129800
8836.000000000000,2.140571580000,-0.120952204500,-0.493385286000
8837.000000000000,2.022973004000,-0.141413057100,-0.489655205300
8838.000000000000,1.993342043000,-0.324013028200,-0.558831807700
8839.000000000000,2.106602416000,-0.307425691200,-0.444446013700
8840.000000000000,2.052922190000,-0.261155842900,-0.461554517400
8841.000000000000,2.100073303000,0.344903370800,-0.016621607490
8842.000000000000,2.067219205000,0.164090032200,0.123420002500
8843.000000000000,1.931725087000,0.474838784400,-0.297604119100
8844.000000000000,2.002018680000,0.194159710300,-0.218278003900
8845.000000000000,2.590791771000,-0.501515632200,0.396561543100
8846.000000000000,2.656180084000,-0.421632116400,0.333799445700
8847.000000000000,1.871629479000,0.101872413700,-0.394500648200
8848.000000000000,2.013616024000,0.007731839355,-0.347235110100
8849.000000000000,2.104343833000,-0.013594904790,0.718849685600
8850.000000000000,2.280133828000,0.146842925900,0.502935164700
8851.000000000000,2.398435620000,-0.067130778140,0.540832658400
8852.000000000000,2.386238390000,-0.208054690600,0.426507097100
8853.000000000000,2.454536230000,-0.152296256800,0.539645861000
8854.000000000000,2.659364324000,-0.289752052000,0.543345009800
8855.000000000000,2.477662313000,-0.351507578100,0.384345130400
8856.000000000000,2.517988696000,-0.209682889200,0.442621802700
8857.000000000000,2.195074710000,-0.298483680100,-0.050616938890
8858.000000000000,2.254876221000,-0.121425613400,-0.159609186500
8859.000000000000,2.174251808000,-0.110730269400,-0.100391339500
8860.000000000000,2.107602465000,-0.309652212900,0.149740984100
8861.000000000000,0.296761622800,0.570808859300,-0.127649307800
8862.000000000000,0.161202306900,-0.551138577400,0.216829698900
8863.000000000000,0.623595156600,-0.367555117700,-0.222240528100
8864.000000000000,0.654872828200,-0.223588996100,-0.202498023900
8865.000000000000,0.542865938500,-0.436383712500,-0.323144805900
8866.000000000000,0.542644267500,-0.421149433400,-0.426809588100
8867.000000000000,1.058991731000,-0.349063420900,0.090744705790
8868.000000000000,1.144735457000,-0.336691710800,-0.041266712940
8869.000000000000,1.186549757000,-0.369590035000,0.104519234300
8870.000000000000,1.208787214000,-0.439213692100,-0.095312242860
8871.000000000000,1.168250372000,-0.567034073600,-0.118027442800
8872.000000000000,1.237678050000,-0.407478640200,-0.271323975600
8873.000000000000,1.084935510000,-0.485009861000,-0.240073737300
8874.000000000000,1.082748461000,-0.355115117900,-0.406525736800
8875.000000000000,1.131284019000,-0.368459482000,-0.236522808800
8876.000000000000,1.198646861000,-0.483521713700,0.451769801500
8877.000000000000,1.054043139000,-0.381336129500,0.392034826800
8878.000000000000,1.183417538000,-0.365507876600,0.308569818500
8879.000000000000,0.537479913400,0.382198168900,-0.255909236100
8880.000000000000,0.508401167300,0.226142722500,-0.308656064800
8881.000000000000,0.481362140000,0.390003879700,-0.384769260900
8882.000000000000,0.755350516100,0.446021115300,-0.161337645300
8883.000000000000,0.704896143900,0.272204432600,-0.120406188600
8884.000000000000,1.092993427000,-0.511670002800,0.213024103000
8885.000000000000,1.230708940000,-0.459714898900,0.054001900380
8886.000000000000,1.305195343000,-0.473390547900,0.010668410560
8887.000000000000,1.052919146000,-0.500608956300,0.120874909700
8888.000000000000,1.138083543000,-0.515405935900,0.076155716000
8889.000000000000,0.716208097100,-0.134247508300,0.517784845500
8890.000000000000,0.756070898900,0.123471878300,0.431418876400
8891.000000000000,1.257875790000,-0.031647014040,0.398383382100
8892.000000000000,1.204059204000,0.135426042500,0.192870716900
8893.000000000000,1.015306144000,0.065616986320,0.333663105100
8894.000000000000,1.163849084000,-0.006920101896,0.412513146500
8895.000000000000,0.972127301900,-0.132674588200,0.301396288400
8896.000000000000,1.109297410000,-0.103788615500,0.274690342300
8897.000000000000,1.058222020000,-0.177513479300,0.209555858500
8898.000000000000,0.988872543600,0.034130732250,0.249264683100
8899.000000000000,1.021009843000,-0.344598569100,-0.115145352500
8900.000000000000,0.851265199700,-0.257384227100,0.013453972440
8901.000000000000,0.786801889700,-0.255412471600,0.313812839800
8902.000000000000,0.727214407100,-0.128508560100,0.409710282300
8903.000000000000,0.588599431100,-0.005827673809,0.438613841700
8904.000000000000,0.691841780500,0.353729162000,0.386024184300
8905.000000000000,0.580107291600,0.287223811500,0.277286584000
8906.000000000000,0.631570498200,0.222931320000,0.424723072600
8907.000000000000,0.774962864200,0.360960839300,0.395738226600
8908.000000000000,0.733533350100,0.224401662300,0.402881828600
8909.000000000000,0.680863157200,-0.035167760490,0.381732364900
8910.000000000000,0.604258520400,-0.150032696600,0.450676807900
8911.000000000000,0.820227413900,0.138865952100,0.588717723500
8912.000000000000,0.702519878500,0.222705867600,0.508534695800
8913.000000000000,0.632273393400,0.429129531600,0.421501326000
8914.000000000000,0.488352682100,0.402668293100,0.474630210200
8915.000000000000,0.900170125200,0.402073733400,0.489599779000
8916.000000000000,1.171913421000,0.411257259000,-0.354749587700
8917.000000000000,1.280316883000,0.258415529000,-0.430002640200
8918.000000000000,1.251425987000,0.329863294900,-0.328682476500
8919.000000000000,1.395755051000,0.146903635800,-0.427156356500
8920.000000000000,1.331037202000,0.192713000300,-0.497277413300
8921.000000000000,0.786452727700,0.544325445300,0.351510554700
8922.000000000000,0.920778167300,0.454678874000,0.330147402500
8923.000000000000,0.725456402000,0.422623201200,-0.016424919840
8924.000000000000,0.653153497600,0.643654937600,0.104814868100
8925.000000000000,0.747517622500,0.642183193300,0.024545739070
8926.000000000000,1.317001913000,-0.434621818500,-0.065234763240
8927.000000000000,0.916061538200,-0.238673415900,-0.249482292800
8928.000000000000,1.122265361000,-0.261765152200,-0.246180319300
8929.000000000000,1.357344178000,-0.259302549400,0.350746276600
8930.000000000000,1.266113766000,-0.159864347600,0.320656294300
8931.000000000000,1.231743139000,-0.246614572700,0.314788423100
8932.000000000000,0.964075606400,-0.506309334400,-0.039174500950
8933.000000000000,0.932532584200,-0.518184145000,0.134700043500
8934.000000000000,0.678288085900,-0.534767311100,0.054928251710
8935.000000000000,0.719440030000,-0.514522686300,0.164856014000
8936.000000000000,0.717917521400,-0.595671578800,0.252786531900
8937.000000000000,1.357792597000,0.386043908400,-0.335227396000
8938.000000000000,1.446805980000,0.325066838500,-0.395322514300
8939.000000000000,1.312774153000,0.236867467700,-0.222428072800
8940.000000000000,1.328154815000,-0.147669814400,-0.442499079000
8941.000000000000,0.956839910200,0.359062909200,-0.377394467000
8942.000000000000,0.927837266300,0.344136448100,-0.527010512500
8943.000000000000,1.240374222000,-0.151180695900,-0.247238585100
8944.000000000000,1.039725437000,-0.350410940300,-0.511239327200
8945.000000000000,1.139549323000,-0.314204520900,-0.554321578300
8946.000000000000,1.110554369000,-0.317949956400,-0.454755632200
8947.000000000000,1.176967885000,-0.080034344740,-0.334154655200
8948.000000000000,0.947256378700,0.282367306900,-0.453995457100
8949.000000000000,1.005540860000,0.341933115700,-0.228817533900
8950.000000000000,0.959963443600,0.421285405500,-0.292575918600
8951.000000000000,0.928048170800,0.253031578900,-0.359326632600
8952.000000000000,1.040150386000,0.317259866900,-0.314891234300
8953.000000000000,1.246240944000,0.314041663900,-0.235277858700
8954.000000000000,1.240845645000,0.197945704700,-0.249057379900
8955.000000000000,0.660702382800,-0.495910904000,0.248542642300
8956.000000000000,0.812586232300,-0.513420378500,0.152296378300
8957.000000000000,0.625352553900,-0.470449105600,0.127600730000
8958.000000000000,0.766888209700,-0.410583401700,0.140529048500
8959.000000000000,0.991580431200,-0.481562226300,0.188729344900
8960.000000000000,0.912194829400,-0.424175650300,0.141359823700
8961.000000000000,0.924893672900,-0.477238774400,0.049088653220
8962.000000000000,1.059228673000,-0.385594185100,-0.014180644230
8963.000000000000,0.902561098000,-0.447120581300,-0.031609624160
8964.000000000000,1.280054397000,-0.321708754600,0.382681543300
8965.000000000000,1.129776463000,-0.199034640300,0.300668842900
8966.000000000000,1.183992518000,-0.308083058800,0.210097786900
8967.000000000000,1.122337176000,-0.305666092700,-0.340274096800
8968.000000000000,1.052128277000,-0.319867365400,-0.282889578900
8969.000000000000,0.880874166100,-0.330365928800,-0.181424313000
8970.000000000000,0.968958589300,-0.219362840300,-0.321426025500
8971.000000000000,0.777619129600,0.434211820800,-0.079601702110
8972.000000000000,0.839274599200,0.485940270100,0.367307962800
8973.000000000000,0.865904603000,0.398546358300,0.328567453900
8974.000000000000,1.004806346000,0.459489645500,0.356648640200
8975.000000000000,0.746941054500,0.439072229500,0.323851654800
8976.000000000000,1.219197755000,0.164036352300,-0.491799943900
8977.000000000000,1.384251018000,0.135837860300,-0.553278502500
8978.000000000000,1.182790723000,0.268045793600,-0.376475180200
8979.000000000000,1.198674583000,0.255417241600,-0.470678604500
8980.000000000000,1.114882614000,0.493573683800,-0.354081828100
8981.000000000000,1.129842273000,0.351522689300,-0.284280571400
8982.000000000000,1.146182357000,0.350144200100,-0.388008512800
8983.000000000000,0.911290184400,0.325536431400,0.399554980100
8984.000000000000,0.431034518900,0.315573068800,0.459432098000
8985.000000000000,0.809456009100,0.183661439400,0.485234691500
8986.000000000000,0.646199501500,0.141070069000,0.519300632200
8987.000000000000,0.769351182000,0.176801756900,0.645459899000
8988.000000000000,0.789363492100,0.053416222340,0.549528083400
8989.000000000000,0.880486517900,0.052676551820,0.547129973000
8990.000000000000,0.600484621700,-0.133395784800,0.585146789800
8991.000000000000,0.691447559700,-0.203717477400,0.439235236600
8992.000000000000,0.597643261000,-0.053191182440,0.531665473200
8993.000000000000,0.533082869400,-0.082713987000,0.461500074900
8994.000000000000,0.674401221200,0.048710527180,0.451543343800
8995.000000000000,0.555335079800,0.242767578300,0.407796595800
8996.000000000000,0.497769282200,0.027765360420,0.486180784200
8997.000000000000,0.859962252200,-0.213521812000,0.277407929800
8998.000000000000,0.865195458400,-0.293001647600,0.301406493000
8999.000000000000,0.766515241100,-0.352602696300,-0.064722793820
9000.000000000000,1.067912960000,-0.419032665300,-0.168458541700
9001.000000000000,1.061216846000,-0.293868351300,-0.061365354310
9002.000000000000,1.027554833000,-0.304077126800,0.230355601300
9003.000000000000,1.029294138000,-0.096818016830,0.378385589800
9004.000000000000,1.125718152000,-0.028882848500,0.502782303000
9005.000000000000,1.254079276000,0.061354273080,0.420058876100
9006.000000000000,1.035094268000,0.145561836100,0.263128806800
9007.000000000000,1.029259001000,0.154687935400,0.385660873400
9008.000000000000,0.988436536200,0.063391843400,0.437272089300
9009.000000000000,1.319785483000,0.017577412770,0.367927318800
9010.000000000000,1.341044296000,0.010651956070,0.466878549600
9011.000000000000,1.273555961000,-0.089761049500,0.473781026800
9012.000000000000,1.149334222000,-0.437098844200,-0.022348168660
9013.000000000000,1.083152121000,-0.422851975900,0.088984781920
9014.000000000000,1.088040267000,-0.562595829000,0.030942506510
9015.000000000000,1.109476071000,-0.598029679000,0.179808011000
9016.000000000000,1.100407025000,-0.429070918600,0.240031847500
9017.000000000000,0.856173339600,0.393570309600,-0.154318290600
9018.000000000000,0.690598831100,0.466910684900,-0.213633143500
9019.000000000000,0.424172838300,0.363503513300,-0.353144529400
9020.000000000000,0.501078355200,0.472856545600,-0.335541986000
9021.000000000000,0.454539710600,0.308130668200,-0.427737753300
9022.000000000000,0.503149586600,0.318170483200,-0.318740027800
9023.000000000000,0.556951471600,0.411654785800,-0.321317152600
9024.000000000000,0.544509157300,0.332484277400,-0.171811955400
9025.000000000000,0.610340671500,0.463319612800,-0.239064048100
9026.000000000000,1.236606643000,-0.454362162800,0.292836244800
9027.000000000000,1.116051382000,-0.335434773700,0.362185051000
9028.000000000000,1.078031852000,-0.436271518100,0.329552853400
9029.000000000000,0.982557147100,-0.302523734200,0.423063690600
9030.000000000000,1.241836486000,-0.573552154000,0.455916672900
9031.000000000000,1.175243706000,-0.450573079100,-0.173011289700
9032.000000000000,1.066461734000,-0.488341112400,-0.390880070900
9033.000000000000,0.990336499700,-0.439856920900,-0.341696797700
9034.000000000000,1.265753975000,-0.360180603000,0.174408549000
9035.000000000000,1.125967607000,-0.355737961900,0.036979217210
9036.000000000000,1.217176637000,-0.268639356300,0.124187165000
9037.000000000000,0.608206526300,-0.380863110600,-0.324823512500
9038.000000000000,0.453070897900,-0.468781581900,-0.283105546900
9039.000000000000,0.515581890800,-0.480863579200,-0.225780787300
9040.000000000000,0.460256755700,-0.383354274300,-0.300147230300
9041.000000000000,0.760649734400,-0.375902067700,-0.190759065000
9042.000000000000,0.594952535600,-0.428908078100,-0.133929093200
9043.000000000000,0.377939419000,0.605056406900,-0.143435499200
9044.000000000000,0.360597860800,0.514775989000,-0.085854692360
9045.000000000000,2.050913511000,-0.295599904500,0.258097341700
9046.000000000000,2.047429518000,-0.428094198600,0.160853377200
9047.000000000000,2.170218431000,-0.266625986700,0.219299191700
9048.000000000000,2.137706747000,-0.348631691700,0.061800250250
9049.000000000000,2.110120117000,-0.160779239900,-0.150979438700
9050.000000000000,2.208639189000,-0.281181085800,0.028768831450
9051.000000000000,2.175099877000,-0.415129672300,-0.064419071170
9052.000000000000,2.375088919000,-0.401350090800,0.414956678700
9053.000000000000,2.589963877000,-0.337450294700,0.335858564800
9054.000000000000,2.470431006000,-0.271706473700,0.318994170500
9055.000000000000,2.431671117000,-0.431503619000,0.295423131900
9056.000000000000,2.693163598000,-0.271229037500,0.451440317100
9057.000000000000,2.443713072000,-0.062964508040,0.463582519200
9058.000000000000,2.332020591000,-0.015330791080,0.448546405000
9059.000000000000,2.243676035000,0.246663495100,0.472174895300
9060.000000000000,2.323551302000,0.214553721500,0.428651193500
9061.000000000000,2.185189299000,0.079600106070,0.461977574000
9062.000000000000,2.252828435000,0.046445743400,0.516394315400
9063.000000000000,2.126188812000,0.072194293840,-0.320316870400
9064.000000000000,1.860208262000,0.032879969310,-0.365479035600
9065.000000000000,1.920515195000,0.123019117300,-0.464522804200
9066.000000000000,2.661756367000,-0.347177144300,0.251900014800
9067.000000000000,2.074033461000,0.226331110100,-0.252985532300
9068.000000000000,1.932699101000,0.423027579500,-0.370464527600
9069.000000000000,2.077250332000,0.193955975700,0.224731509000
9070.000000000000,2.097296345000,0.266514251100,0.141896984000
9071.000000000000,2.103288184000,0.440823298600,0.135056333400
9072.000000000000,2.221785185000,0.307547304600,0.021376902500
9073.000000000000,2.046577049000,0.413699519500,-0.062894171090
9074.000000000000,2.076496783000,-0.177527010400,-0.401304743500
9075.000000000000,1.993579018000,-0.175371501200,-0.417860564000
9076.000000000000,2.203398277000,-0.268428662800,-0.325114152400
9077.000000000000,2.172115176000,-0.233025483800,-0.451255379300
9078.000000000000,2.173381134000,-0.348812137600,-0.431888166000
9079.000000000000,2.089493315000,-0.056400872870,-0.487791034000
9080.000000000000,2.193281041000,-0.059187351610,-0.563325564500
9081.000000000000,2.183801196000,-0.069678269540,-0.451898385400
9082.000000000000,2.272041846000,0.116206303100,-0.514128181300
9083.000000000000,2.132661727000,0.060890900860,-0.575523803200
9084.000000000000,2.135156178000,0.178582741200,-0.460791941400
9085.000000000000,2.081743293000,-0.292833929400,-0.263875495900
9086.000000000000,2.672405298000,-0.079197340050,0.406018317700
9087.000000000000,2.542631066000,-0.079639519240,0.455536884200
9088.000000000000,2.589043808000,-0.526913023200,0.057811247170
9089.000000000000,2.702270161000,-0.489725913200,0.147807136400
9090.000000000000,2.619764670000,-0.361113314200,0.100638683100
9091.000000000000,2.512757082000,-0.341348104700,0.199954180500
9092.000000000000,2.805385172000,-0.472585513700,0.223047854100
9093.000000000000,2.895055627000,-0.178519138500,0.457983877700
9094.000000000000,2.881353332000,-0.341646104600,0.449222912600
9095.000000000000,2.558815947000,0.045590191730,0.575483178200
9096.000000000000,2.637672118000,0.013744453750,0.457018702800
9097.000000000000,2.833252068000,0.365301202000,0.363182397300
9098.000000000000,2.801512620000,0.293668234200,0.411055610200
9099.000000000000,2.737823015000,0.427013746400,0.370267904800
9100.000000000000,2.542769399000,0.310613609900,0.417514518600
9101.000000000000,2.610212874000,0.453024576300,0.477690334000
9102.000000000000,2.534994764000,0.410166347700,0.113654647900
9103.000000000000,2.599305834000,0.387518831800,0.241867401600
9104.000000000000,2.639090079000,0.404185021600,0.066599751250
9105.000000000000,2.707741123000,0.482726142100,0.159658923100
9106.000000000000,2.378535855000,0.256112722300,-0.384147806600
9107.000000000000,2.566305634000,0.160795688000,-0.487461978600
9108.000000000000,2.475852406000,0.122613710100,-0.493935725400
9109.000000000000,2.568224992000,0.304947461100,-0.367107108300
9110.000000000000,2.751292763000,0.338255587700,-0.336141507700
9111.000000000000,2.622565108000,0.371093592400,-0.268023068800
9112.000000000000,2.805011643000,-0.028200568970,-0.424356331600
9113.000000000000,2.816628250000,0.139818999900,-0.471039660400
9114.000000000000,2.962798873000,0.077998063310,-0.320644478800
9115.000000000000,2.644372529000,0.524827705800,0.074733857180
9116.000000000000,2.845044598000,0.504039822000,-0.078596804060
9117.000000000000,2.486464641000,0.573638887700,0.018657517020
9118.000000000000,2.531724305000,0.497378604600,0.140494317800
9119.000000000000,2.850530523000,0.349771115800,-0.300484512400
9120.000000000000,2.685715222000,0.400642494200,-0.200153937500
9121.000000000000,2.774245096000,0.420104918500,0.186655280500
9122.000000000000,2.849880970000,0.421272005700,0.318951992100
9123.000000000000,2.674878299000,0.451388088900,-0.104868756800
9124.000000000000,2.904561687000,0.054472053390,0.537746120500
9125.000000000000,2.730682213000,0.173453278800,0.489252593400
9126.000000000000,2.530901009000,0.211470750300,0.536481306700
9127.000000000000,2.585527188000,0.102987268500,0.490491275900
9128.000000000000,2.754207687000,-0.106702958400,0.492961770500
9129.000000000000,3.045749103000,-0.536225979900,-0.089357127970
9130.000000000000,2.821827155000,-0.522223914400,-0.085344972910
9131.000000000000,2.908397563000,-0.380718313100,-0.234631211800
9132.000000000000,2.856524839000,-0.322271138300,-0.338525504400
9133.000000000000,2.810410512000,-0.360384959300,-0.432113960600
9134.000000000000,2.707305881000,-0.326782956500,-0.513054304100
9135.000000000000,2.807655719000,-0.249847613500,-0.500760443400
9136.000000000000,2.776538039000,-0.464568471300,-0.250780163100
9137.000000000000,2.719766973000,-0.517366116600,-0.176977880600
9138.000000000000,2.670397534000,-0.563053211200,-0.013370085800
9139.000000000000,2.664423132000,-0.360750241900,0.019177161900
9140.000000000000,2.989501055000,-0.402189652700,-0.281772084700
9141.000000000000,2.886535505000,-0.591956161000,-0.248284083600
9142.000000000000,2.919284453000,-0.546431153100,-0.465259686900
9143.000000000000,2.901745914000,0.182380802000,0.421773129900
9144.000000000000,2.819848887000,0.243592136600,0.280427375400
9145.000000000000,2.749544294000,0.113356140200,0.419495112200
9146.000000000000,2.884405025000,0.103325272300,0.389447002400
9147.000000000000,2.819120685000,0.152089300000,-0.319446526100
9148.000000000000,2.840166565000,-0.683427574600,-0.222939877500
9149.000000000000,2.801607411000,-0.538224531500,-0.234307946000
9150.000000000000,2.389698946000,0.326863549400,0.319054181000
9151.000000000000,2.080639144000,-0.483785859000,-0.176851187000
9152.000000000000,2.012706374000,-0.491557309000,-0.091398759720
9153.000000000000,2.676572940000,-0.661726572800,0.074036792410
9154.000000000000,2.698602726000,-0.693815628800,0.163727449300
9155.000000000000,2.704786882000,-0.525846950400,0.221703940300
9156.000000000000,1.979840718000,-0.319556737000,0.304016810800
9157.000000000000,1.924201470000,-0.427478505300,0.301006793600
9158.000000000000,1.941584467000,-0.316254691700,-0.309922410900
9159.000000000000,2.556048921000,-0.512074775600,-0.097054597660
9160.000000000000,2.538569952000,-0.468636817800,-0.228802294500
9161.000000000000,1.829412009000,-0.239399322100,-0.285346902400
9162.000000000000,2.089995757000,-0.530789191900,0.004110741025
9163.000000000000,2.096386567000,-0.626765404400,0.058908147360
9164.000000000000,2.100554869000,-0.514776372000,0.129292513500
9165.000000000000,1.874322768000,-0.477917695200,0.057055862460
9166.000000000000,2.032655014000,-0.478862475000,0.253059000300
9167.000000000000,1.905151412000,-0.553505993300,0.096765682790
9168.000000000000,2.049951738000,-0.171487947100,0.356289121900
9169.000000000000,1.984745802000,-0.139704544800,0.465663856200
9170.000000000000,1.907996812000,-0.161781662500,0.280406331000
9171.000000000000,2.384824292000,-0.446545835800,-0.084878474580
9172.000000000000,2.035046493000,0.049509509530,0.438171777900
9173.000000000000,1.981806802000,0.139906434200,0.457655540400
9174.000000000000,1.884485877000,0.084396318590,0.389042640400
9175.000000000000,1.854066533000,0.217757816900,0.446283290100
9176.000000000000,1.928796508000,0.432926222100,0.165143315700
9177.000000000000,2.006320540000,0.226017637500,0.381633593600
9178.000000000000,1.927040902000,0.341166851400,0.382526424900
9179.000000000000,2.151165153000,-0.265486673600,0.373168765800
9180.000000000000,2.146718788000,-0.126061086200,0.419901001200
9181.000000000000,2.195402463000,-0.119255434100,0.582329812800
9182.000000000000,2.146339516000,-0.021649074620,0.521874821200
9183.000000000000,2.713665938000,-0.123657714600,-0.401574090000
9184.000000000000,2.760120774000,-0.205801147900,-0.589968538800
9185.000000000000,2.551203094000,-0.285173252400,-0.479194750000
9186.000000000000,2.404089306000,-0.041605459930,-0.560629341800
9187.000000000000,2.389480675000,-0.272625923700,-0.449498693900
9188.000000000000,2.493724138000,-0.365665550200,-0.372263275500
9189.000000000000,2.348493141000,-0.122191253400,-0.498262249400
9190.000000000000,2.372718090000,-0.001630051251,-0.472842181900
9191.000000000000,2.616041271000,0.528473980600,-0.059212147950
9192.000000000000,2.602918771000,0.418206669000,-0.024288684080
9193.000000000000,2.440734851000,0.430775841300,-0.031028667190
9194.000000000000,2.735079783000,0.497802954400,-0.213654348700
9195.000000000000,2.242950112000,0.026390303510,-0.441341775800
9196.000000000000,2.483171104000,0.219128748500,0.455362302700
9197.000000000000,2.395580004000,0.009499741042,0.383179082600
9198.000000000000,2.444889631000,0.482863190100,0.234903909400
9199.000000000000,2.186434348000,-0.412895071400,0.232686558800
9200.000000000000,2.336817102000,-0.496447486900,0.433894108400
9201.000000000000,2.283967547000,-0.404338580500,0.214128075600
9202.000000000000,2.301731770000,-0.526455315000,0.115436369100
9203.000000000000,2.475325928000,-0.476463418100,0.144394860800
9204.000000000000,2.008058333000,0.257511331500,-0.398275586300
9205.000000000000,2.084954434000,0.378676235300,-0.287310037400
9206.000000000000,2.027538998000,0.397523616400,-0.190187911200
9207.000000000000,2.089802403000,0.496400434800,0.013915075980
9208.000000000000,2.579645371000,0.384093553200,-0.201610726100
9209.000000000000,2.377278732000,0.443042966100,-0.099928182370
9210.000000000000,2.393134757000,0.357883221200,-0.276180136600
9211.000000000000,2.265886720000,0.512405714200,0.227386371400
9212.000000000000,2.366953629000,0.464574841500,0.094573625090
9213.000000000000,2.256997551000,0.497681169400,0.021233484190
9214.000000000000,2.263708740000,-0.392770293200,-0.358673019400
9215.000000000000,2.529051957000,-0.359775558700,-0.259802369700
9216.000000000000,2.465882015000,-0.453998677000,-0.316971487100
9217.000000000000,2.347206345000,-0.342608825200,-0.250963219700
9218.000000000000,2.327798555000,-0.309947553100,0.137826701800
9219.000000000000,2.078387822000,0.286719173600,0.456656005300
9220.000000000000,2.406607319000,0.548589356400,0.237737347200
9221.000000000000,2.263964887000,0.338484960600,0.342703992300
9222.000000000000,2.424405061000,0.218116240700,0.364682847800
9223.000000000000,2.263452656000,0.188338746800,0.633408283000
9224.000000000000,2.233415636000,0.173584831200,-0.344315143900
9225.000000000000,2.110563998000,0.258174433000,-0.425768584900
9226.000000000000,2.255347404000,0.392088236400,-0.202711025700
9227.000000000000,2.224458737000,0.300444629200,-0.271888708800
9228.000000000000,2.216321509000,0.289818131900,-0.132348222100
9229.000000000000,2.142851070000,0.324738711200,-0.076172141790
9230.000000000000,2.204830670000,0.528033852500,-0.108098510600
9231.000000000000,1.978171292000,0.520198408900,-0.190210423200
9232.000000000000,2.193933111000,0.301410625700,0.217922539900
9233.000000000000,2.227902460000,0.418754386600,-0.304037343600
9234.000000000000,2.360144621000,0.456542027600,-0.280982504000
9235.000000000000,2.278266270000,-0.446365851300,-0.185717326400
9236.000000000000,2.249892673000,-0.542996581000,-0.036445847660
9237.000000000000,1.978794305000,0.618192453700,0.145146275400
9238.000000000000,2.051513037000,0.326919062000,0.363557795200
9239.000000000000,1.957080860000,0.368952069500,0.265259514400
9240.000000000000,2.288618718000,-0.056200561180,0.359917917300
9241.000000000000,2.317418495000,-0.264253025800,0.390994731900
9242.000000000000,2.391512401000,-0.125838277600,0.359106143700
9243.000000000000,0.199990137400,0.089469474410,0.501528803200
9244.000000000000,0.465274754100,0.122358628400,0.469810057100
9245.000000000000,0.428034334900,0.460369925600,0.092535592930
9246.000000000000,0.343470648400,-0.402597587500,-0.196248632300
9247.000000000000,0.389212383100,-0.428948497700,-0.282869718100
9248.000000000000,0.385774931500,-0.268652074100,-0.310612392300
9249.000000000000,0.383888978500,-0.424019079400,-0.138685384300
9250.000000000000,0.253385823900,-0.302633462500,-0.111564476700
9251.000000000000,0.375292808900,0.264328409500,0.499391623400
9252.000000000000,0.405853707200,0.279456235300,0.380426021400
9253.000000000000,0.376558811100,-0.331201359700,0.277097998000
9254.000000000000,0.332328772800,-0.329816703200,0.434445372000
9255.000000000000,0.465259242000,-0.255363732900,0.398691305300
9256.000000000000,0.436641794400,-0.249340638100,0.175622456400
9257.000000000000,0.521594509300,-0.303390228100,0.307870410100
9258.000000000000,0.548247519300,-0.227380058100,0.251373985300
9259.000000000000,0.507696783400,-0.297635023300,-0.391840680800
9260.000000000000,0.599804166800,-0.121201159300,-0.531332615500
9261.000000000000,0.457609166600,-0.085528580720,-0.516115502700
9262.000000000000,0.631166405700,-0.142048737100,-0.422926258600
9263.000000000000,0.265955071500,0.441048005000,-0.283358921300
9264.000000000000,0.367951685700,0.436362640900,-0.112392570100
9265.000000000000,0.469163043700,0.489104081300,-0.163188245400
9266.000000000000,0.368143029700,0.449014236500,-0.212361407700
9267.000000000000,0.514410720000,0.555555163400,0.018301606710
9268.000000000000,0.379777300400,0.525498939400,0.032674418590
9269.000000000000,0.559923559600,0.506579293700,-0.160674605300
9270.000000000000,0.524527870600,-0.555939561800,-0.055210803100
9271.000000000000,0.471611802800,-0.230574103700,-0.527397805800
9272.000000000000,0.324000429300,-0.056428243490,-0.548963853300
9273.000000000000,0.556905538800,0.452777683300,0.269024448400
9274.000000000000,0.490137295500,0.476400801400,0.399180761500
9275.000000000000,0.554443077800,0.505943122000,0.471524762000
9276.000000000000,1.105641130000,-0.167264836400,0.419022728000
9277.000000000000,1.137882092000,0.309937001400,0.404639163600
9278.000000000000,1.129448354000,0.176762568600,0.419575556600
9279.000000000000,1.290307537000,0.256065352700,0.417411533800
9280.000000000000,1.168709322000,0.251106636900,0.339332005100
9281.000000000000,0.675079687100,-0.328217843400,0.397337866900
9282.000000000000,0.565252496300,-0.378359408300,0.270835314200
9283.000000000000,0.660918480000,-0.345093007000,0.200096967600
9284.000000000000,1.127534290000,-0.142664093800,-0.438239877000
9285.000000000000,1.271570326000,-0.245682592400,-0.545524455800
9286.000000000000,1.172271085000,-0.284302293500,-0.451053838500
9287.000000000000,0.789630600600,0.440747413700,-0.332241472600
9288.000000000000,0.599305734400,0.305488873800,-0.333589068000
9289.000000000000,0.534895626500,0.240926843500,-0.451096398300
9290.000000000000,0.700295007900,0.275049468900,-0.497505248800
9291.000000000000,0.704090749200,0.128298433900,-0.447678878600
9292.000000000000,0.427429387800,0.063855685620,-0.415810620700
9293.000000000000,0.647966310100,0.005422717082,-0.450027672300
9294.000000000000,0.345060864500,0.109466124800,-0.392132497900
9295.000000000000,0.410076370100,0.014640067100,-0.560758854900
9296.000000000000,1.340295964000,0.393105881400,-0.208034937000
9297.000000000000,1.303867452000,0.442108549800,0.076568012680
9298.000000000000,1.108948590000,0.398469900000,-0.088452937410
9299.000000000000,1.213780281000,0.467813796700,-0.075890130660
9300.000000000000,1.125514810000,0.580704190000,-0.093855161440
9301.000000000000,1.100876453000,0.415530951700,-0.192111693700
9302.000000000000,1.235675734000,0.493946304400,-0.202272041000
9303.000000000000,1.149221197000,0.488097869500,0.184790649700
9304.000000000000,1.204313962000,0.395048385300,0.124840183600
9305.000000000000,1.195808455000,0.326213000300,0.049993441840
9306.000000000000,1.380754569000,0.362846909100,0.104905474600
9307.000000000000,1.071348444000,0.225508248200,0.109810349900
9308.000000000000,0.979948829300,0.382168104200,0.125788995400
9309.000000000000,0.921153181800,0.360760295500,0.005640771466
9310.000000000000,1.031875336000,0.286716127600,0.230235424600
9311.000000000000,0.884257720000,0.359015607200,0.250178020600
9312.000000000000,0.961195924800,0.242504919000,0.428148488000
9313.000000000000,1.136426954000,0.349909549000,0.319091240100
9314.000000000000,1.125590925000,0.235928510500,0.183744366400
9315.000000000000,0.893367542900,0.435178371400,-0.002308308692
9316.000000000000,0.738763217300,0.533669994300,0.214351668400
9317.000000000000,0.692608633400,0.507316525400,0.106822914200
9318.000000000000,0.783101227200,-0.160715514700,-0.368344783800
9319.000000000000,0.754309578600,-0.271032290400,-0.378492515800
9320.000000000000,0.744778767300,-0.302776502000,-0.450223846000
9321.000000000000,0.798788060500,-0.464145649200,-0.312563633600
9322.000000000000,1.061565957000,0.204178837900,-0.440623414700
9323.000000000000,1.151192503000,0.315262131700,-0.467964182900
9324.000000000000,1.104579518000,0.125377086900,-0.531443647800
9325.000000000000,1.055203916000,0.174032859500,-0.611803683700
9326.000000000000,0.997086675500,0.135939314500,-0.494612491700
9327.000000000000,0.715955867100,-0.447451830600,-0.131499167000
9328.000000000000,0.751272552600,-0.043890261270,-0.454365998000
9329.000000000000,0.843985496500,0.220248286300,-0.388442689900
9330.000000000000,0.921298402200,0.118027785700,-0.414173056600
9331.000000000000,0.797320660200,0.096145958260,-0.438113836800
9332.000000000000,0.987260448800,-0.225504611500,-0.516754029100
9333.000000000000,0.871826106800,-0.145359510900,-0.429296655600
9334.000000000000,1.057962051000,-0.067484615850,-0.391877052200
9335.000000000000,0.897715718600,-0.017639066220,-0.447857219200
9336.000000000000,0.867579346500,-0.303129484700,0.451618319900
9337.000000000000,0.901515878400,-0.326926381100,0.226012137300
9338.000000000000,0.807281159600,-0.146517759300,0.451161860900
9339.000000000000,0.899618223800,-0.266026370800,-0.567004072100
9340.000000000000,0.885357661400,-0.304083948000,-0.373669841200
9341.000000000000,0.996357238900,-0.178266316300,0.481237805300
9342.000000000000,1.079664019000,-0.206730152900,0.538897638900
9343.000000000000,0.919686190000,-0.081375726840,0.488581646400
9344.000000000000,1.338312252000,0.128408547800,0.564400605100
9345.000000000000,1.249489266000,0.131157209700,-0.315244253800
9346.000000000000,1.094558776000,0.062857295460,-0.307749329200
9347.000000000000,1.063094929000,0.153793621200,-0.244248109300
9348.000000000000,0.952090614100,0.271823293800,-0.045235914010
9349.000000000000,0.836757844100,0.352605640300,-0.078740498290
9350.000000000000,1.145178770000,-0.009315129091,-0.527583160100
9351.000000000000,1.077055423000,-0.161936572000,-0.353254765400
9352.000000000000,1.192025495000,0.016081079730,-0.412500270400
9353.000000000000,1.223655033000,0.001483260947,-0.317734235600
9354.000000000000,1.022172068000,0.247744284500,0.012489757270
9355.000000000000,1.041692627000,0.324388856200,0.088087676440
9356.000000000000,1.014829719000,0.342644539300,-0.036845025340
9357.000000000000,1.183900837000,0.078151342020,-0.298642570900
9358.000000000000,1.245998028000,-0.058942006710,-0.384451307600
9359.000000000000,1.139706231000,0.123445572900,-0.387980508100
9360.000000000000,1.164711026000,-0.076872610100,-0.428194945600
9361.000000000000,1.150751007000,0.081603011460,-0.459598365300
9362.000000000000,1.049492610000,-0.178857056900,-0.445369382700
9363.000000000000,1.086469043000,-0.089252221660,-0.317267638900
9364.000000000000,1.147161492000,0.047475549380,-0.592876786200
9365.000000000000,0.948799886800,0.386672144600,-0.083010851640
9366.000000000000,0.980645100300,0.294012962900,-0.140924234900
9367.000000000000,1.145778318000,0.172714928700,-0.297904311100
9368.000000000000,0.967471654100,0.222802294200,-0.284551047600
9369.000000000000,1.044732728000,0.052371784680,-0.394922383100
9370.000000000000,0.975837634000,-0.199501166300,0.379936613000
9371.000000000000,1.025275071000,-0.274618816000,0.506796336200
9372.000000000000,0.831307861800,-0.428480276900,-0.389010083300
9373.000000000000,0.812744696400,-0.255568046500,-0.357882466000
9374.000000000000,0.963801637100,-0.323518709800,-0.317992917100
9375.000000000000,0.879365929700,-0.324429132200,-0.282985892900
9376.000000000000,0.765015870800,-0.060306214360,0.455676141300
9377.000000000000,0.871219606800,-0.407290599900,0.195012600600
9378.000000000000,0.962377340000,-0.325235816800,0.298726827000
9379.000000000000,0.972995798700,-0.343296130200,0.178919637100
9380.000000000000,0.801318673400,0.022627410660,-0.412647573400
9381.000000000000,0.930279290400,0.049418667740,-0.384420014600
9382.000000000000,0.945894546300,-0.197273500700,-0.446047613800
9383.000000000000,0.983416123100,0.204342358000,-0.407460665200
9384.000000000000,0.670296705200,-0.411796464500,-0.196651055800
9385.000000000000,1.147186043000,0.206886243900,-0.593846938200
9386.000000000000,0.756018170400,-0.215958842900,-0.303945212500
9387.000000000000,1.013115709000,0.406105159600,0.012284400350
9388.000000000000,0.950245143300,0.446437992900,0.077336288800
9389.000000000000,0.869151805600,0.526101623400,-0.040753515350
9390.000000000000,1.098563777000,0.230789152100,0.279890169100
9391.000000000000,1.121850256000,0.367471182200,0.197631109300
9392.000000000000,1.053079785000,0.399225453800,0.323370161600
9393.000000000000,1.046165548000,0.261383692300,0.391985531100
9394.000000000000,0.947323342300,0.165512736400,0.447174270500
9395.000000000000,0.969793735300,0.380565713600,0.308799299300
9396.000000000000,1.026508170000,0.383239708200,0.217182752400
9397.000000000000,0.994809407200,0.447140945300,0.149896081200
9398.000000000000,1.143459771000,0.428029257200,0.035569107790
9399.000000000000,1.254144652000,0.391568815200,-0.159615713000
9400.000000000000,1.006172342000,0.455025173600,-0.180054992900
9401.000000000000,1.070993781000,0.495753420800,-0.035300004110
9402.000000000000,0.869784246600,0.450087513500,-0.291073015400
9403.000000000000,1.173508482000,-0.352453945100,-0.413108590000
9404.000000000000,0.711119706800,-0.423453665500,0.210481823600
9405.000000000000,0.542414554700,-0.412937528800,0.345661624000
9406.000000000000,0.734106264900,-0.279151257300,0.384188163400
9407.000000000000,1.166020520000,0.089191367950,0.377112066500
9408.000000000000,1.091680482000,0.085342996350,0.422025990300
9409.000000000000,1.172079513000,-0.080998202780,0.458355398000
9410.000000000000,0.640951271400,0.395973583400,0.307305469100
9411.000000000000,0.335201624100,0.477066098700,-0.020853442520
9412.000000000000,0.398802497900,0.655467541600,-0.025110436320
9413.000000000000,0.429670814000,0.572789861700,-0.054337729930
9414.000000000000,0.492712284400,-0.325685163000,0.200179129100
9415.000000000000,0.245353509100,-0.376920266100,-0.156909328700
9416.000000000000,0.333978251300,-0.276259664400,-0.220170402600
9417.000000000000,0.590785329800,0.082376467640,0.440789467300
9418.000000000000,0.539498899100,0.156613393300,0.456277226800
9419.000000000000,2.305335141000,-0.113719223100,0.437299256400
9420.000000000000,2.304035967000,-0.358021868900,0.400690443200
9421.000000000000,2.266784450000,0.036275470870,0.405491525400
9422.000000000000,2.238488414000,-0.146456995700,0.373449696200
9423.000000000000,1.964135550000,0.292265026900,0.222066052000
9424.000000000000,2.061894380000,0.360157739800,0.265465538800
9425.000000000000,2.092640861000,0.254078033600,0.366206934300
9426.000000000000,2.001822878000,0.519915183300,0.142181222200
9427.000000000000,2.172401782000,-0.543265961300,0.046605924610
9428.000000000000,2.295741264000,-0.588679597800,-0.085686478830
9429.000000000000,2.196885056000,-0.471141030400,-0.116376174200
9430.000000000000,2.183327718000,-0.431721116000,-0.278119426300
9431.000000000000,2.378734621000,-0.422722531400,-0.196317121200
9432.000000000000,2.151140296000,0.383638919300,-0.305652483400
9433.000000000000,2.308213074000,0.341272053500,-0.319508029900
9434.000000000000,2.177522271000,0.212335327400,0.288028440200
9435.000000000000,2.265972483000,0.249656130500,0.270825793300
9436.000000000000,2.175392083000,0.373914333700,0.157079717200
9437.000000000000,2.085655499000,0.471639784900,-0.164270028800
9438.000000000000,2.215569274000,0.451715852200,-0.031514763700
9439.000000000000,2.195687381000,0.421634688100,-0.109288158100
9440.000000000000,2.234340269000,0.338227305500,-0.051661073490
9441.000000000000,2.146166158000,0.329269656800,-0.207424088600
9442.000000000000,2.153254864000,0.196562786600,-0.283349984600
9443.000000000000,2.071710869000,0.188220621600,-0.344250465300
9444.000000000000,2.153883271000,0.347572446600,-0.363779278700
9445.000000000000,2.030476827000,0.269029134300,-0.469124183400
9446.000000000000,2.189644435000,0.327989578800,-0.444564397900
9447.000000000000,2.205300572000,0.136329364800,-0.432894805300
9448.000000000000,2.254577610000,0.099434287100,-0.389213808600
9449.000000000000,2.345897581000,0.163014922900,0.358721658500
9450.000000000000,2.290079953000,0.291145187100,0.413025765400
9451.000000000000,2.219853316000,0.390823940800,0.264164713400
9452.000000000000,2.151351412000,0.204121054500,0.405338505600
9453.000000000000,2.245922113000,-0.374389336500,0.145511195600
9454.000000000000,2.292917073000,-0.304027334000,-0.323781950700
9455.000000000000,2.491425802000,-0.514628413600,-0.355943392100
9456.000000000000,2.421750684000,-0.365583098800,-0.296003461300
9457.000000000000,2.325952678000,-0.313905011600,-0.410239370100
9458.000000000000,2.167254526000,0.534847186300,0.031189305870
9459.000000000000,2.228446333000,0.559014005500,-0.034850509070
9460.000000000000,2.458802490000,0.521327371900,0.120519422000
9461.000000000000,2.263132420000,0.387635489900,0.025798776740
9462.000000000000,2.308163143000,0.454952277700,0.166191016900
9463.000000000000,2.413303017000,0.521352623900,0.039089936420
9464.000000000000,2.160518775000,0.494584504200,0.227188845200
9465.000000000000,2.296382843000,0.412271461500,-0.046123991370
9466.000000000000,1.990826070000,0.473893592500,-0.012682165080
9467.000000000000,2.143449197000,0.421154533900,-0.033202574130
9468.000000000000,2.111262136000,0.284297792600,-0.311974075200
9469.000000000000,2.566076925000,-0.425721398900,0.178060479000
9470.000000000000,2.348823774000,-0.500094128900,0.031935154680
9471.000000000000,2.314406073000,-0.437451990700,0.151867758800
9472.000000000000,2.305200924000,-0.394863129700,0.301957363200
9473.000000000000,2.312610912000,-0.402268058200,0.490985649600
9474.000000000000,2.166506520000,-0.331827437600,0.293724059000
9475.000000000000,2.395876238000,0.409788481300,0.299485075300
9476.000000000000,2.131673466000,0.027520504260,-0.452297342500
9477.000000000000,2.270434264000,-0.058859175650,-0.501413052100
9478.000000000000,2.766840752000,0.602097125400,-0.154823241100
9479.000000000000,2.528528919000,0.480872201400,-0.032982528650
9480.000000000000,2.451011169000,0.042134324560,-0.526595293500
9481.000000000000,2.321056968000,-0.212994499200,-0.453364686700
9482.000000000000,2.107166406000,-0.029995087460,0.427582945000
9483.000000000000,2.228784930000,-0.055704465580,0.434960114800
9484.000000000000,2.092678673000,0.043689900820,0.485614580300
9485.000000000000,2.285454941000,-0.113399961300,0.556477200900
9486.000000000000,2.133822629000,-0.193339404200,0.407934845000
9487.000000000000,2.069931234000,-0.257464888100,0.387420248000
9488.000000000000,2.078291751000,0.201301187500,0.328552954700
9489.000000000000,1.904817965000,0.423862761000,0.249121361000
9490.000000000000,1.996037818000,0.407201479300,0.111508028900
9491.000000000000,2.130221330000,0.074264844630,0.387997149000
9492.000000000000,2.443094559000,-0.454096364500,-0.040262086100
9493.000000000000,2.396714412000,-0.379653293500,-0.040343092100
9494.000000000000,1.899472973000,-0.131983408600,0.523037889300
9495.000000000000,1.979050032000,-0.070000301440,0.532125543400
9496.000000000000,2.050928073000,-0.072083391820,0.355075162200
9497.000000000000,2.109616701000,-0.432698041700,0.210081094300
9498.000000000000,2.482585497000,-0.548970708300,-0.168683313400
9499.000000000000,2.024263928000,-0.305929161500,-0.298734222100
9500.000000000000,1.969131771000,-0.206341580100,0.371412976300
9501.000000000000,2.096227474000,-0.546544446500,-0.114579022300
9502.000000000000,2.084219686000,-0.413843576600,-0.209622794800
9503.000000000000,2.750154691000,-0.566578483200,-0.308324090300
9504.000000000000,2.836239310000,0.151849722700,0.480995076900
9505.000000000000,2.692082479000,-0.416277199800,-0.267035683600
9506.000000000000,2.836122557000,-0.377999850300,-0.261974800700
9507.000000000000,2.813235044000,-0.344321306000,-0.524318703100
9508.000000000000,2.766509104000,-0.229729633200,-0.392758882200
9509.000000000000,2.663970616000,-0.336286448900,-0.399062807800
9510.000000000000,2.678289756000,-0.461188812500,-0.482192053400
9511.000000000000,2.737296701000,-0.591743133700,-0.099992543120
9512.000000000000,2.538536700000,0.015278302000,0.492460028200
9513.000000000000,2.696377815000,0.214493003500,0.415400757700
9514.000000000000,2.712921611000,0.381968579900,-0.115418682600
9515.000000000000,2.755849016000,0.411775815800,0.271163040900
9516.000000000000,2.759051041000,0.498837691100,0.244525934200
9517.000000000000,2.701215305000,0.412630480100,-0.293440250800
9518.000000000000,2.750268163000,0.524643728600,0.016589808550
9519.000000000000,2.709813334000,0.450304756800,0.054733653420
9520.000000000000,2.653121146000,0.314226506800,-0.322395477300
9521.000000000000,2.508998780000,0.271703037200,-0.312399610900
9522.000000000000,2.296307215000,0.261181780500,-0.415561988500
9523.000000000000,2.604020452000,0.269928319200,0.377548935700
9524.000000000000,2.602137072000,-0.068179277290,0.501962926500
9525.000000000000,2.570809334000,-0.279591891900,0.280378691200
9526.000000000000,2.479415242000,-0.509183790100,0.045321413310
9527.000000000000,2.177118379000,-0.272301435400,-0.391705972500
9528.000000000000,2.175295817000,-0.307527554800,-0.165207507400
9529.000000000000,2.103908564000,0.197892085100,-0.539990879300
9530.000000000000,2.087915886000,-0.059292835740,-0.383907370800
9531.000000000000,2.237710211000,-0.141595577500,-0.438977536100
9532.000000000000,2.103134832000,-0.006426099635,-0.572187816200
9533.000000000000,1.995314244000,-0.036977563220,-0.497854349800
9534.000000000000,1.939208446000,-0.113938960700,-0.414708475700
9535.000000000000,2.145941878000,-0.201915155100,-0.345912603000
9536.000000000000,2.056709141000,-0.062701638060,-0.298668751900
9537.000000000000,2.120270811000,0.349830562900,0.084025690770
9538.000000000000,2.667798278000,-0.304105743000,0.318396268300
9539.000000000000,2.106238037000,-0.007796500578,-0.330862160000
9540.000000000000,2.263147860000,0.151031123600,0.402416137900
9541.000000000000,2.242561180000,0.318916313100,0.544879886000
9542.000000000000,2.229458066000,-0.378284844000,0.021739562160
9543.000000000000,2.254978914000,-0.395556584000,-0.081267062650
9544.000000000000,0.578715872600,-0.519020491100,-0.229065878800
9545.000000000000,0.440372456200,-0.429141012800,-0.200637662300
9546.000000000000,1.117085391000,-0.291705326100,0.109315650700
9547.000000000000,1.196766552000,-0.430639234400,0.214629539500
9548.000000000000,1.082251823000,-0.407664896200,-0.329837028800
9549.000000000000,1.110650333000,-0.479917410000,-0.117519251900
9550.000000000000,1.042090932000,-0.358669969900,0.277337899000
9551.000000000000,1.196218071000,-0.317202948000,0.422770366600
9552.000000000000,0.567157801900,0.336603913000,-0.401956107100
9553.000000000000,0.401600842500,0.398437937300,-0.451670520100
9554.000000000000,1.053712282000,-0.472955680800,-0.000652463735
9555.000000000000,0.912708016400,0.010548401020,0.480452018800
9556.000000000000,1.049260978000,-0.157317519800,0.308867883400
9557.000000000000,1.039760671000,-0.416629857000,-0.260503425700
9558.000000000000,0.448359738100,-0.043198506540,0.494569882700
9559.000000000000,0.750270392600,0.024478437630,0.472271465300
9560.000000000000,0.553567564300,-0.158021147900,0.531750641900
9561.000000000000,0.831769387100,0.009393854247,0.463059086700
9562.000000000000,0.738561415100,0.006756398994,0.582968381900
9563.000000000000,0.733572910100,0.125276155700,0.501206906100
9564.000000000000,0.968996666300,0.405803255000,0.392696367500
9565.000000000000,1.108941974000,0.267685018900,-0.333498706200
9566.000000000000,0.810039709800,0.430274482000,0.250312439500
9567.000000000000,0.998745364800,-0.414436894300,0.012948043860
9568.000000000000,0.840026290900,-0.520168106100,0.018352882740
9569.000000000000,0.868501131700,-0.487261891600,-0.107022407800
9570.000000000000,0.995076052000,-0.426129591900,0.104989446800
9571.000000000000,0.938804100500,0.310549364600,-0.307836820500
9572.000000000000,0.888467772200,0.366615763000,-0.247774124900
9573.000000000000,0.950440548000,0.519096740400,-0.328503207700
9574.000000000000,0.892384388300,-0.426229870100,-0.161065970700
9575.000000000000,0.926934182900,-0.558454999600,-0.001806036830
9576.000000000000,0.807542448400,-0.595433473400,0.082898847070
9577.000000000000,0.683376965400,0.053533379870,0.540483171600
9578.000000000000,0.987859528400,-0.378920310800,-0.188500606900
9579.000000000000,0.954067112700,-0.394300418200,-0.262165809500
9580.000000000000,1.059313340000,-0.277986421400,0.363556313300
9581.000000000000,1.026243958000,-0.246691779300,0.276003248900
9582.000000000000,1.012845708000,-0.031927820770,0.461800198100
9583.000000000000,1.148282097000,-0.255519158900,0.376071363500
9584.000000000000,1.086203022000,-0.361556344300,0.177033715600
9585.000000000000,1.122482507000,-0.280397987000,0.297476875900
9586.000000000000,2.200059012000,-0.378750556500,-0.140458104000
9587.000000000000,2.222229415000,-0.477831087200,-0.011765826780
9588.000000000000,2.174942634000,-0.405773368500,0.081595352810
9589.000000000000,2.244849864000,0.228380623300,0.371799071000
9590.000000000000,2.072115431000,0.043885906020,-0.376621545200
9591.000000000000,2.072058335000,0.399968906400,0.043996725450
9592.000000000000,2.073954780000,0.359972950100,0.177537708700
9593.000000000000,2.173219787000,0.435597303500,0.070917562050
9594.000000000000,1.980167511000,-0.018415020050,-0.259209697300
9595.000000000000,2.151514561000,-0.135522824800,-0.406137308300
9596.000000000000,2.232345379000,-0.356706068000,-0.244286463600
9597.000000000000,2.066586415000,-0.333105119300,-0.192841997100
9598.000000000000,2.158053650000,-0.285268299300,-0.270411125100
9599.000000000000,2.191148306000,-0.348113030200,-0.308939496500
9600.000000000000,2.258906499000,-0.235687996600,-0.402481223800
9601.000000000000,2.559601268000,-0.201097933600,0.228100159700
9602.000000000000,2.180017994000,0.234350444900,-0.372693615900
9603.000000000000,2.270149378000,0.274313262200,-0.344867560400
9604.000000000000,2.285516992000,0.159144976900,-0.433308491500
9605.000000000000,2.715413029000,0.240585871400,-0.315136693500
9606.000000000000,2.796629530000,0.450758265400,0.077561446920
9607.000000000000,2.783978746000,0.569875554300,0.179927931400
9608.000000000000,2.122687122000,-0.476921974900,-0.037597710660
9609.000000000000,2.012106467000,-0.276560104800,-0.204022554800
9610.000000000000,2.119639687000,-0.333388574000,-0.347824556400
9611.000000000000,2.494741139000,-0.503452730600,-0.061693683860
9612.000000000000,2.437471384000,-0.451988251700,-0.242424129200
9613.000000000000,2.125978288000,-0.361411000300,0.235985477500
9614.000000000000,2.059272241000,-0.118983579500,0.429871775400
9615.000000000000,2.144261310000,-0.063633342480,0.275936034200
9616.000000000000,2.062204904000,0.148039539800,0.388216772500
9617.000000000000,2.188461197000,-0.007852751486,0.389007680600
9618.000000000000,2.139315294000,0.048257576060,0.299901656700
9619.000000000000,1.930318801000,0.483266679100,0.086615756090
9620.000000000000,2.111279669000,0.268376305000,0.278050658100
9621.000000000000,2.066912541000,-0.354686533900,0.334014545200
9622.000000000000,2.208561591000,-0.226403165700,0.402616891500
9623.000000000000,2.083497855000,0.133687583000,0.479745713600
9624.000000000000,2.212975314000,-0.075711678940,0.517513261800
9625.000000000000,2.563509447000,0.514344406600,0.048545820780
9626.000000000000,2.107488421000,0.115082237500,-0.413805211700
9627.000000000000,2.263309162000,-0.344745839100,0.326716500000
9628.000000000000,2.358968486000,-0.394954079400,0.593947711300
9629.000000000000,2.293215377000,-0.483931531200,-0.087997148260
9630.000000000000,2.577500402000,-0.371210857600,0.244434956100
9631.000000000000,2.134403852000,0.390532042100,0.231833105000
9632.000000000000,2.225435152000,0.441552264000,0.189651718000
9633.000000000000,2.262867964000,0.435975504500,0.099398260580
9634.000000000000,2.310909769000,0.384166836600,0.084661792880
9635.000000000000,2.348534230000,-0.376034065500,-0.351354494500
9636.000000000000,2.194414212000,-0.331671578800,0.199795755800
9637.000000000000,2.282467119000,0.317680708500,0.260279014400
9638.000000000000,2.337197193000,0.194547367800,0.269655704300
9639.000000000000,2.203758941000,0.303096144300,0.318574907100
9640.000000000000,2.420189792000,-0.501496391400,-0.132409883100
9641.000000000000,2.094797346000,-0.475382527900,-0.254980499500
9642.000000000000,2.243899286000,-0.540192721000,-0.140456260900
9643.000000000000,2.219354379000,-0.546597968000,0.127930951100
9644.000000000000,2.253112885000,-0.551730471000,0.052780070660
9645.000000000000,2.032886743000,0.401582791100,0.335085350100
9646.000000000000,0.462770318800,-0.350983875800,0.290020525600
9647.000000000000,1.190625294000,0.016939208390,0.486542018800
9648.000000000000,1.025835985000,0.444324166700,-0.091724993090
9649.000000000000,1.173665426000,0.345540862800,-0.185455356900
9650.000000000000,1.097918551000,0.345772342800,0.014637931910
9651.000000000000,1.058240372000,0.398984703900,0.104900854300
9652.000000000000,1.234269668000,0.470810581000,0.024376994870
9653.000000000000,0.918274450300,0.446305956400,0.142857037300
9654.000000000000,1.051253074000,0.310862750300,0.305693476400
9655.000000000000,1.211624933000,0.372159766500,0.283962850000
9656.000000000000,0.811829085000,0.512419610800,-0.122623451800
9657.000000000000,0.646193138300,-0.354159358800,-0.122066106700
9658.000000000000,1.005299653000,0.290750790600,-0.398612976100
9659.000000000000,1.026958772000,0.133628866000,-0.359235950900
9660.000000000000,0.987497889400,-0.252675489400,-0.404520417500
9661.000000000000,0.963525317900,-0.303148726900,-0.210576196100
9662.000000000000,1.084199071000,0.015419448790,-0.459753781500
9663.000000000000,1.049911683000,0.342507654700,-0.140288121700
9664.000000000000,1.064542461000,-0.253124189700,-0.368374977800
9665.000000000000,1.233645925000,-0.144556025000,-0.403687622400
9666.000000000000,1.086182614000,-0.071184856540,-0.487858862400
9667.000000000000,1.119074457000,0.006747894444,-0.361483418100
9668.000000000000,1.186777953000,0.423087545800,-0.165007511700
9669.000000000000,0.962026123400,0.490669440300,-0.019950177720
9670.000000000000,2.246995494000,-0.465459819600,0.077621462780
9671.000000000000,2.163105644000,-0.462189566100,0.140015426900
9672.000000000000,2.359994268000,-0.541002008000,-0.057221890970
9673.000000000000,2.303940543000,-0.347684387300,0.542385270000
9674.000000000000,2.135524345000,0.332458431600,0.325847767900
9675.000000000000,1.923132094000,0.520728729100,0.016201307860
9676.000000000000,1.968416718000,0.127116568300,0.378767186800
9677.000000000000,2.447605052000,-0.559011693000,-0.264994094300
9678.000000000000,2.072949239000,-0.442651178200,0.065882950520
9679.000000000000,2.618779632000,-0.215164894800,0.319159396000
9680.000000000000,2.146788357000,-0.354958860800,-0.220226138600
9681.000000000000,2.246306286000,-0.265822376800,-0.224639994600
9682.000000000000,2.294248813000,-0.426672212000,-0.286374443300
9683.000000000000,2.171881402000,0.368592212200,0.013721197100
9684.000000000000,1.100179457000,-0.248603146900,0.196687006200
9685.000000000000,1.075316352000,-0.026142344000,0.395047866900
9686.000000000000,0.837780531900,-0.414250989300,-0.247455720200
9687.000000000000,0.892273460600,-0.411051934500,-0.340183335000
9688.000000000000,0.732300565400,-0.434657709400,-0.265719364000
9689.000000000000,1.017484235000,-0.261180539000,0.175177671800
9690.000000000000,2.162672940000,-0.443708265600,-0.194628216400
9691.000000000000,2.050170431000,-0.365461708400,0.122329744400
9692.000000000000,2.040603752000,-0.434919692900,-0.030494580090
9693.000000000000,2.113856346000,-0.445740390300,-0.112787145500
9694.000000000000,0.061678987110,0.563395883100,0.060864295900
9695.000000000000,0.263527539400,-0.303602990200,0.178773021300
9696.000000000000,1.524574698000,0.050674621550,-0.591498534200
9697.000000000000,0.329723065200,0.031295769880,0.048626204750
9698.000000000000,1.235836782000,-0.063603052620,-0.039755934110
9699.000000000000,1.383674744000,0.048618722770,-0.565773870800
9700.000000000000,-0.355429775000,-0.033136344040,0.130047650800
9701.000000000000,1.250988829000,0.353375579400,0.653754454500
9702.000000000000,-0.186563866000,0.013408437970,-0.048046379140
9703.000000000000,1.251845843000,-0.488271539500,-0.446881705700
9704.000000000000,0.233732552500,-0.004899028725,0.132057857200
9705.000000000000,3.172687170000,-0.095624977400,0.030751628310
9706.000000000000,0.732785761600,-0.449127207200,0.492004619700
9707.000000000000,1.013518267000,0.169091251400,-0.692732805300
9708.000000000000,0.405812693300,0.065829340960,0.110598749800
9709.000000000000,1.160860555000,0.048883105340,-0.057030895380
9710.000000000000,3.337946210000,-0.016942122450,-0.135499329900
9711.000000000000,1.174326475000,-0.034309975920,0.043934537590
9712.000000000000,0.078601063200,-0.013847666790,0.125575566200
9713.000000000000,-0.116062846700,0.127476636700,0.007865524501
9714.000000000000,-0.437703737500,0.028421063880,0.082662229840
9715.000000000000,0.793682428900,0.012446233920,-0.143826985800
9716.000000000000,0.701275293400,0.008261305711,0.296161278500
9717.000000000000,1.020315926000,0.720617157300,0.035502976270
9718.000000000000,1.543029424000,-0.631426661000,0.059074674670
9719.000000000000,0.147990370200,0.126560210800,0.082624532750
9720.000000000000,-0.070698904450,0.026053078940,-0.055082328450
9721.000000000000,0.104446053600,-0.137826818900,-0.001275999595
9722.000000000000,-0.001494819028,-0.073868187920,0.114907678200
9723.000000000000,-0.185815850100,0.091913673120,-0.101995693600
9724.000000000000,0.951277318300,-0.266049637700,-0.671222747700
9725.000000000000,0.794334502900,-0.144808266200,-0.018185558960
9726.000000000000,0.078960844820,0.049650955850,-0.105391305300
9727.000000000000,1.337911394000,-0.060823815490,-0.000766235569
9728.000000000000,1.462862240000,0.355829319700,-0.632958972900
9729.000000000000,0.853080903700,0.255478494200,-0.655479633300
9730.000000000000,1.425289792000,0.472395902800,-0.333852343800
9731.000000000000,1.209684707000,-0.537056386500,-0.357629588000
9732.000000000000,1.146828621000,-0.221441948000,0.493203022600
9733.000000000000,1.364521899000,0.084816086610,0.709059512700
9734.000000000000,1.532343543000,-0.023626391810,-0.062880035350
9735.000000000000,1.381604803000,0.519494637000,-0.518441589200
9736.000000000000,0.307380404800,-0.715571674400,-0.003573663412
9737.000000000000,0.531685657900,0.134476560300,0.021641771560
9738.000000000000,0.938621392400,-0.046944870810,-0.153011425000
9739.000000000000,1.118942274000,0.137730769700,0.506176642500
9740.000000000000,1.073225967000,0.361833118700,-0.544513673000
9741.000000000000,0.773840994800,-0.103054968300,-0.260515932200
9742.000000000000,0.481330729500,-0.133492593400,0.002651868524
9743.000000000000,0.669759279500,0.121537305800,-0.046727932950
9744.000000000000,2.352060378000,0.214638006900,-0.085212757380
9745.000000000000,1.372230612000,-0.330775486400,0.029759503160
9746.000000000000,1.521409464000,-0.423513760600,-0.588963035800
9747.000000000000,0.601960306000,-0.354800886900,0.527938576100
9748.000000000000,0.802535839000,0.441597326800,0.486783656000
9749.000000000000,-0.257141075400,0.131532628200,0.011378359400
9750.000000000000,0.216034659800,0.296583104000,0.194972678800
9751.000000000000,0.979342798100,-0.542608087300,-0.120687791800
9752.000000000000,1.044583203000,-0.083016693570,0.311294852800
9753.000000000000,1.540157443000,0.521557781300,-0.427005379300
9754.000000000000,0.553314943200,-0.100838264900,-0.059996527240
9755.000000000000,0.332834668900,0.609654548400,0.382696134600
9756.000000000000,1.117983764000,0.480546652400,-0.508086939600
9757.000000000000,1.000670327000,-0.485097212700,-0.271791125200
9758.000000000000,2.202505716000,-0.226739093000,0.676532230300
9759.000000000000,0.074275767270,0.300223261000,0.203419732300
9760.000000000000,1.110808344000,-0.502486345400,-0.552753668400
9761.000000000000,1.457649077000,-0.528615429600,0.176029397700
9762.000000000000,0.656517139600,-0.626943526400,-0.214329562200
9763.000000000000,0.732294424000,-0.523997691500,-0.334050803900
9764.000000000000,0.757933168000,0.334150242900,-0.436322509400
9765.000000000000,1.430448529000,0.497878747900,0.533534733800
9766.000000000000,0.237769524200,0.225178532500,-0.592580818900
9767.000000000000,0.924750964500,-0.638707482400,-0.318525057100
9768.000000000000,0.935168965200,0.583520687600,-0.393819013900
9769.000000000000,0.504188038300,0.191820370700,0.719047814300
9770.000000000000,1.359032149000,0.127949088800,-0.164190592200
9771.000000000000,0.836403018600,0.027196550980,0.323463502300
9772.000000000000,0.727169257500,0.115586984900,0.662067927500
9773.000000000000,0.651974390000,-0.724882508800,0.131567946500
9774.000000000000,0.923568575600,0.137572209000,0.700825850300
9775.000000000000,0.722928356100,0.728544494100,-0.105881730600
9776.000000000000,1.345152878000,-0.284174678300,0.488250109800
9777.000000000000,0.971321091200,0.634209613300,0.365119647300
9778.000000000000,1.296278444000,0.136553923200,-0.435744012200
9779.000000000000,1.490914651000,0.032640710750,0.034386722510
9780.000000000000,1.328055182000,0.201317568100,-0.123582536700
9781.000000000000,1.437774351000,0.192849248500,-0.589718922100
9782.000000000000,1.034969483000,0.341459877400,0.484392394900
9783.000000000000,1.217077642000,0.274474382900,0.694112421000
9784.000000000000,0.657573226200,0.320541392400,-0.666347214400
9785.000000000000,1.376546717000,-0.576554722100,-0.432656688000
9786.000000000000,0.537701643400,0.136856824700,-0.618485837500
9787.000000000000,1.354492675000,0.570377179400,-0.263309199700
9788.000000000000,1.223021708000,0.146733789100,0.407467383000
9789.000000000000,0.939883516100,-0.536520500100,0.512166053600
9790.000000000000,1.280674548000,0.538644030000,-0.440822717000
9791.000000000000,0.774995569200,0.434007479500,-0.597085095000
9792.000000000000,1.190627725000,-0.230744709400,-0.528780183400
9793.000000000000,1.529689502000,-0.091459156450,-0.301191706800
9794.000000000000,1.545374629000,0.275243029700,0.274477538000
9795.000000000000,1.547144903000,-0.573809976800,0.317278133000
9796.000000000000,1.544942653000,0.662492740600,0.302176903100
9797.000000000000,1.539719794000,0.331811564000,-0.374130052300
9798.000000000000,0.740782227400,-0.527242668600,-0.486282907300
9799.000000000000,0.930078545000,-0.509153999000,-0.540749862100
9800.000000000000,1.234990203000,-0.724182320100,0.152997222800
9801.000000000000,1.517642522000,0.062676525630,0.643442098000
9802.000000000000,1.262313488000,0.429764352500,0.489490162400
9803.000000000000,0.935638132700,-0.469270168800,0.573500044000
9804.000000000000,0.827987700400,0.074844840840,-0.147857414000
9805.000000000000,0.349380811300,-0.181901411100,-0.444638965200
9806.000000000000,1.502322885000,-0.396417811300,0.240370566500
9807.000000000000,0.673508153200,-0.715311910300,-0.079977105020
9808.000000000000,1.452561231000,-0.124197761000,0.493649175200
9809.000000000000,1.211207940000,0.329520186700,-0.657689457500
9810.000000000000,0.920044497100,-0.657064586100,0.327339134900
9811.000000000000,0.602100492400,-0.570907341800,0.249315794600
9812.000000000000,0.468045870100,0.346178503700,-0.126437420600
9813.000000000000,1.346968164000,-0.197978428800,0.591404744900
9814.000000000000,0.653432972200,0.620546491700,0.386174143200
9815.000000000000,0.753597726300,0.249370447500,0.698860079500
9816.000000000000,1.538132911000,0.661467230200,0.088636935090
9817.000000000000,0.209631351400,-0.292584029500,0.028947569090
9818.000000000000,0.360985763600,0.452700034800,-0.489742434300
9819.000000000000,0.076273863810,0.353474633400,-0.350059907300
9820.000000000000,0.757377249200,-0.134729589800,-0.712268935800
9821.000000000000,1.016334356000,0.282895994300,0.142159537100
9822.000000000000,0.845346097700,-0.611469965500,-0.397765930800
9823.000000000000,1.461182494000,0.155171652700,-0.724907296100
9824.000000000000,0.488119701800,0.014574968660,-0.309267681800
9825.000000000000,1.283197535000,-0.394443762200,0.069208299160
9826.000000000000,1.179247726000,0.194762860500,0.635094725400
9827.000000000000,0.616803033100,-0.319427453500,-0.013729428580
9828.000000000000,0.264627477400,0.561725143000,0.242762125900
9829.000000000000,0.663414055600,0.141621906800,0.436323067100
9830.000000000000,1.065007437000,-0.645839445600,-0.068445749760
9831.000000000000,0.818590911800,-0.413200464400,0.635354724300
9832.000000000000,1.126660296000,-0.048435963110,-0.114261139700
9833.000000000000,1.423080728000,-0.294976807200,-0.518045367000
9834.000000000000,0.927545291900,0.528263300500,-0.529734502600
9835.000000000000,1.046394662000,-0.195666615900,-0.611647873000
9836.000000000000,0.505719199700,0.057438247790,-0.608251201500
9837.000000000000,1.288872616000,0.121664617200,0.340855276500
9838.000000000000,0.672764191700,-0.394800734000,-0.269683602700
9839.000000000000,1.535998650000,-0.358995598000,0.013292340960
9840.000000000000,0.911516411900,-0.133491219300,0.040685764930
9841.000000000000,0.790647639500,0.136505873800,-0.538400288600
9842.000000000000,0.114043234200,-0.532826579300,0.300467124200
9843.000000000000,1.166703401000,-0.290240332700,0.580887666400
9844.000000000000,0.687166188100,-0.398502930800,-0.625777035300
9845.000000000000,0.739377672500,0.606088190100,-0.381485378000
9846.000000000000,0.049522857310,0.346047038600,0.438357263400
9847.000000000000,0.296273042900,-0.518491934800,0.524922686000
9848.000000000000,0.458890452600,0.421791242700,0.172791674400
9849.000000000000,0.901285866100,0.051074312990,-0.711754250100
9850.000000000000,1.266816045000,0.637715530600,0.001452124416
9851.000000000000,0.948019816200,0.157394263400,-0.356949939100
9852.000000000000,0.598579110200,-0.335444422400,-0.606746103700
9853.000000000000,0.797240595300,-0.055649610630,-0.138015242200
9854.000000000000,1.539165347000,0.190143835600,-0.163966203300
9855.000000000000,0.921307628100,0.409803042100,-0.508997387900
9856.000000000000,1.520457690000,0.295185432500,-0.244121125100
9857.000000000000,0.646832019100,0.128156671900,0.724971281200
9858.000000000000,1.236680135000,-0.305276003600,-0.020755835460
9859.000000000000,1.353751651000,-0.357494858700,0.555033169600
9860.000000000000,1.186531310000,-0.083910550130,-0.712180436400
9861.000000000000,0.708843728700,0.639096951500,0.303930723300
9862.000000000000,1.126029417000,-0.191211975100,0.701170655900
9863.000000000000,1.558342433000,0.152535588800,0.362312311400
9864.000000000000,1.440525747000,-0.054420600770,-0.727564335700
9865.000000000000,1.432564796000,0.729489762000,-0.011460545860
9866.000000000000,1.233553388000,-0.115166085500,-0.459311836100
9867.000000000000,1.519282027000,-0.225712883100,0.603243696700
9868.000000000000,0.482067747000,-0.264526255800,-0.606608152400
9869.000000000000,0.133687403800,-0.041016253840,-0.711085233800
9870.000000000000,0.518432390200,-0.153388225900,0.322086834500
9871.000000000000,1.271062606000,0.434649969900,-0.495870690300
9872.000000000000,0.838839239900,0.117439748200,0.133013920900
9873.000000000000,1.204111503000,-0.068130834710,0.554011181300
9874.000000000000,1.459721362000,-0.047330430400,0.725930803600
9875.000000000000,0.484317347400,-0.196506546200,0.675721542800
9876.000000000000,1.434936337000,0.182950410300,0.712848024200
9877.000000000000,0.610365506000,-0.230945679200,0.684572382500
9878.000000000000,1.302792342000,-0.188686487100,0.691693283300
9879.000000000000,1.449736805000,0.386659897600,0.602662914100
9880.000000000000,0.583402881800,-0.697567694900,0.209529098800
9881.000000000000,1.133356431000,0.699087325600,-0.182132758400
9882.000000000000,0.746462869700,0.207243975300,-0.687138065000
9883.000000000000,1.289822984000,0.196995308700,0.713257878900
9884.000000000000,1.858113629000,0.240584473700,0.619540986900
9885.000000000000,1.546767580000,0.222788132100,0.601008048100
9886.000000000000,1.172765146000,-0.593872259200,-0.404770217000
9887.000000000000,0.588554426100,0.129256655300,-0.304169391000
9888.000000000000,0.532926126100,-0.395559152500,0.434649551500
9889.000000000000,0.916759057600,-0.219793663700,0.705492406700
9890.000000000000,1.397406672000,0.352620595900,0.315942112700
9891.000000000000,0.862478656200,0.188148660300,-0.325983630300
9892.000000000000,0.400886626200,0.533696761100,-0.473927247400
9893.000000000000,1.035332931000,-0.614274937900,0.412302482200
9894.000000000000,1.313637781000,0.340103338400,-0.655940913200
9895.000000000000,0.266660655400,0.492145104000,-0.418777225000
9896.000000000000,1.405589113000,-0.249927629700,0.594970266300
9897.000000000000,0.580401022200,0.677840560900,-0.224532662000
9898.000000000000,0.392551854500,-0.519928675000,0.524577234100
9899.000000000000,1.396973365000,-0.730337952300,-0.097226946080
9900.000000000000,0.744671186200,-0.280341501300,0.562207049800
9901.000000000000,0.980409491500,-0.422694720600,-0.487694627400
9902.000000000000,1.540443237000,0.361724343600,0.325980083300
9903.000000000000,1.341154925000,0.214227674100,0.611763339300
9904.000000000000,0.657030786800,-0.064934736950,-0.744884119300
9905.000000000000,0.609479105900,0.330705594100,0.423231671700
9906.000000000000,1.295935150000,0.594782879100,0.421352377800
9907.000000000000,0.852675948100,0.303592203600,0.595816744400
9908.000000000000,1.518899875000,0.321222477000,0.011633033870
9909.000000000000,0.228907239800,0.111185965300,-0.058905379310
9910.000000000000,0.587980794400,-0.180597900200,-0.354451031600
9911.000000000000,0.405317246200,0.219193808300,-0.692207094800
9912.000000000000,0.351986730900,0.152905272900,-0.235842750500
9913.000000000000,0.457673113000,0.350613996500,0.630201455900
9914.000000000000,1.524306695000,-0.460609610100,-0.429973143900
9915.000000000000,1.307426849000,0.583081310800,0.203935360300
9916.000000000000,1.434619975000,0.268116602700,-0.147898522700
9917.000000000000,0.838598460500,0.090448203100,-0.215286382600
9918.000000000000,0.383551819800,0.702517981700,0.236767485400
9919.000000000000,1.243260651000,-0.720577574700,-0.115738319700
9920.000000000000,1.477879311000,0.231220858800,-0.008990556904
9921.000000000000,1.182714822000,0.160006365100,-0.722423012000
9922.000000000000,1.335189905000,-0.314930274500,-0.217378330300
9923.000000000000,0.480536285600,-0.570956727600,-0.482201012100
9924.000000000000,1.127141876000,-0.359773949300,0.623129570300
9925.000000000000,1.540740807000,-0.686337564100,-0.200937457000
9926.000000000000,0.390339118700,-0.713520105600,-0.108020824300
9927.000000000000,1.356118741000,-0.071329042320,-0.728634547100
9928.000000000000,1.452852937000,0.584612360000,0.421243363600
9929.000000000000,1.198862072000,-0.240622455300,0.680012842200
9930.000000000000,0.489118665500,0.608131137500,0.416104861200
9931.000000000000,1.403486470000,-0.389492866400,-0.027253509840
9932.000000000000,0.165550685700,0.454866602800,-0.570221391700
9933.000000000000,0.476404138900,-0.318647715400,-0.247778168600
9934.000000000000,0.334327801800,-0.523397839000,0.381132027300
9935.000000000000,0.144050893600,0.020627555820,0.738279410200
9936.000000000000,1.537546449000,-0.280460306500,0.151125939800
9937.000000000000,1.300717728000,-0.737939422800,-0.061823409240
9938.000000000000,0.497419311700,-0.250827699400,-0.449979169200
9939.000000000000,1.512841537000,-0.380156703500,0.633799002900
9940.000000000000,1.230388475000,0.013648249160,-0.525515305900
9941.000000000000,1.695156447000,-0.240019626700,0.052583161960
9942.000000000000,1.544851590000,0.359231469500,-0.128938938400
9943.000000000000,0.131886395800,-0.344793701300,-0.648268638800
9944.000000000000,1.529386127000,-0.543326267700,-0.248316449100
9945.000000000000,0.232037065200,-0.342586109200,-0.321859351000
9946.000000000000,1.740765115000,0.058106838250,-0.026347687010
9947.000000000000,1.536114550000,-0.292517165400,-0.594862186600
9948.000000000000,1.515543481000,-0.057379878870,0.494780684500
9949.000000000000,0.472140177300,0.668693424400,-0.311154166400
9950.000000000000,1.012008842000,-0.047552530450,-0.180238436200
9951.000000000000,1.366576672000,-0.529580098400,-0.506069981700
9952.000000000000,0.613629901400,0.146093358700,0.361200253700
9953.000000000000,1.545810260000,0.392266882500,-0.320084536200
9954.000000000000,1.349009060000,0.016645282460,0.561905364800
9955.000000000000,0.744537584800,0.701711794600,-0.226937213300
9956.000000000000,0.060921003620,0.445758749300,0.070496270220
9957.000000000000,0.132310249300,-0.095061456180,0.279170058600
9958.000000000000,1.548391361000,-0.498336631100,0.428361360900
9959.000000000000,0.182050202300,0.061206907340,0.388046109600
9960.000000000000,0.824526880500,0.530135546600,-0.534116876800
9961.000000000000,0.826838385800,0.171755068300,0.728347664100
9962.000000000000,0.170877256500,-0.582307571300,0.409559334500
9963.000000000000,0.855600049900,0.250357434700,-0.249597466600
9964.000000000000,1.538460870000,-0.074662583180,0.262198062600
9965.000000000000,0.146208869400,-0.223087966200,-0.200524882300
9966.000000000000,0.482414936500,-0.426120054000,-0.603896492800
9967.000000000000,0.096910863610,0.340406314000,-0.624587385900
9968.000000000000,0.578192938800,0.034339452130,-0.716814403400
9969.000000000000,0.999388465300,0.400385260500,0.594875493300
9970.000000000000,1.378033906000,-0.476554706000,0.169242082800
9971.000000000000,1.236631023000,-0.676422943600,0.014153601610
9972.000000000000,1.529332772000,-0.042965916710,0.639282928300
9973.000000000000,0.637749343600,-0.198063929100,0.285653018100
9974.000000000000,1.400426246000,0.522115962800,-0.123691801700
9975.000000000000,1.028207768000,0.382355485200,-0.639657435600
9976.000000000000,0.067713953830,-0.157853116400,-0.367312665700
9977.000000000000,2.202046384000,-0.248537855000,0.572320856600
9978.000000000000,0.329170059200,0.048552406890,-0.749050439200
9979.000000000000,0.784365729200,-0.577120112800,0.464868620500
9980.000000000000,0.391153994800,-0.509162896100,-0.370474837700
9981.000000000000,0.713118140000,-0.636723935600,-0.149152431000
9982.000000000000,0.067427485980,0.022494981170,-0.594384223800
9983.000000000000,0.881828603900,-0.274903516500,0.373876281000
9984.000000000000,1.352435899000,0.103231049900,0.419721667500
9985.000000000000,0.204940992400,0.644182619600,-0.140610659100
9986.000000000000,0.240965744000,0.465186272100,0.580448793800
9987.000000000000,0.228479426600,0.272122121600,-0.685484091000
9988.000000000000,1.378769054000,-0.707197129600,0.018945791660
9989.000000000000,0.247973744100,-0.416476666700,-0.521144188700
9990.000000000000,0.084485102630,-0.654387128600,-0.332766080400
9991.000000000000,0.053493098100,-0.287086307100,0.331629356100
9992.000000000000,1.326379982000,-0.427032998200,0.412529012500
9993.000000000000,0.063743306110,0.024629603390,0.592958240800
9994.000000000000,0.716248600100,0.227789116900,0.299326790700
9995.000000000000,2.050977188000,0.063654927720,-0.023910053370
9996.000000000000,0.823194387800,-0.739238827100,0.138116970200
9997.000000000000,0.229689892800,0.173484328200,-0.720203386400
9998.000000000000,0.275136259700,0.440149174300,0.319226879700
9999.000000000000,1.343353135000,-0.632089640700,0.228979064900
10000.000000000000,0.304677592400,-0.193477659300,0.498762718300
10001.000000000000,0.162434059100,0.680700165900,0.216546311800
10002.000000000000,0.366130016900,-0.207610138200,0.608437037300
10003.000000000000,0.331238691300,-0.625534620800,0.357517315600
10004.000000000000,0.062534622110,0.348617984400,0.142333803700
10005.000000000000,0.073156530150,-0.218995785200,-0.520381182400
10006.000000000000,0.652389911700,0.528562750500,-0.040817843690
10007.000000000000,0.270003054900,-0.517699820900,-0.427794419500
10008.000000000000,2.367591719000,-0.156304392000,0.143056170300
10009.000000000000,0.150111459100,-0.224743393000,0.375575328900
10010.000000000000,1.788989985000,-0.279871859600,0.243485546300
10011.000000000000,0.393829492800,-0.522342747100,-0.530425277100
10012.000000000000,0.366301896400,0.326382653800,0.562079754200
10013.000000000000,0.291694949100,-0.656337975500,-0.262617168900
10014.000000000000,0.317688564600,0.214437233500,0.508839498200
10015.000000000000,0.335110172700,0.279583825600,0.660106342500
10016.000000000000,1.882132874000,-0.056009465860,-0.024904865880
10017.000000000000,2.001061400000,-0.072279657290,0.021363724150
10018.000000000000,2.400755031000,-0.329309296200,0.646936011700
10019.000000000000,1.274918136000,0.674469643800,0.218967928500
10020.000000000000,0.085201486940,0.202491854400,0.613567776000
10021.000000000000,0.078175231490,-0.655969979400,0.098632659800
10022.000000000000,0.132842288200,-0.624036415900,-0.388844029500
10023.000000000000,0.083011289210,-0.578988940700,-0.274715291600
10024.000000000000,0.233386678600,0.063980055540,-0.608946864200
10025.000000000000,0.667337535200,-0.581245736600,-0.293951174800
10026.000000000000,2.737770488000,-0.085809427150,-0.104988911900
10027.000000000000,0.223812287800,0.539624187400,0.518975851300
10028.000000000000,0.087698849710,-0.063575952110,0.528554010400
10029.000000000000,0.084907510950,-0.514939163600,-0.397580632400
10030.000000000000,0.185827177800,-0.433438858500,-0.427567246600
10031.000000000000,0.402847252600,-0.280476687900,-0.507229358100
10032.000000000000,0.223534231900,-0.123794213000,-0.270330356100
10033.000000000000,0.068460274710,-0.416315213400,-0.167457715300
10034.000000000000,2.419715710000,-0.178731410200,0.260526172400
10035.000000000000,0.294111112600,0.290072790300,-0.472576420300
10036.000000000000,0.123616834900,0.129017445400,0.351400123300
10037.000000000000,0.165808602400,0.594088482700,-0.425249394600
10038.000000000000,0.096478530490,0.184865178700,-0.415907497500
10039.000000000000,0.342096898800,-0.384505531600,-0.605803851100
10040.000000000000,0.215644746900,0.138155759300,-0.285970381200
10041.000000000000,1.992997064000,0.560597805600,-0.355893139100
10042.000000000000,2.451252773000,0.744491932700,0.055985376180
10043.000000000000,1.676835344000,0.232133704800,-0.608561009300
10044.000000000000,3.136895209000,0.287485094300,-0.479204287200
10045.000000000000,0.131974053600,-0.436886366700,0.433810045800
10046.000000000000,1.759502134000,-0.618477206400,0.162949039200
10047.000000000000,2.988226259000,0.166168429800,-0.710843452300
10048.000000000000,2.950320295000,0.404588887900,0.192718490100
10049.000000000000,1.988350891000,0.037708886660,-0.061468992240
10050.000000000000,2.892026196000,0.716695860800,-0.098064403150
10051.000000000000,1.706031204000,-0.658577596900,0.286402155300
10052.000000000000,2.382805341000,0.067395967880,-0.007460875737
10053.000000000000,2.526794300000,-0.081296184360,0.304110697300
10054.000000000000,2.297711298000,-0.335704766100,0.638262323000
10055.000000000000,2.448552284000,-0.347227179900,-0.652811768600
10056.000000000000,2.266906996000,0.379736301400,0.634770724600
10057.000000000000,2.483564395000,-0.667128325200,0.021185187330
10058.000000000000,2.396043767000,0.269794402900,0.148625154400
10059.000000000000,2.163204439000,-0.212529362800,-0.015872818510
10060.000000000000,2.443235659000,-0.239971435200,-0.148160569500
10061.000000000000,0.919863641900,0.377842061300,-0.604108308700
10062.000000000000,2.871299010000,0.247766947900,-0.167070733500
10063.000000000000,2.523504866000,0.673552754000,-0.192570644800
10064.000000000000,2.290721645000,0.705748390700,-0.200789268200
10065.000000000000,3.086179680000,-0.297832189100,0.343596160300
10066.000000000000,2.156590109000,-0.336626053600,0.483015829900
10067.000000000000,1.755980306000,0.564633577900,-0.465718169600
10068.000000000000,1.934621479000,0.120758011700,-0.739783501800
10069.000000000000,2.088447853000,-0.128198548700,0.115932884800
10070.000000000000,2.346695017000,0.326122641900,-0.556626013300
10071.000000000000,2.905387251000,-0.527230341500,0.516766808300
10072.000000000000,2.485270368000,0.276244373800,0.052872847780
10073.000000000000,2.730897634000,0.420016325300,-0.496602634500
10074.000000000000,2.972901953000,0.370060531400,-0.508164872600
10075.000000000000,2.118699057000,0.706937923800,-0.180321749800
10076.000000000000,1.921672368000,-0.395524553900,0.622795047700
10077.000000000000,2.340565211000,-0.206458699100,0.618528078100
10078.000000000000,1.909985490000,0.527862339800,0.494510977400
10079.000000000000,1.814194531000,0.052967908490,-0.699146330400
10080.000000000000,2.459512409000,0.651820409300,-0.361676264000
10081.000000000000,2.994571054000,0.203910179700,0.208144100300
10082.000000000000,1.769575871000,0.165218523400,0.143615364100
10083.000000000000,1.707206707000,0.048577805290,-0.379518406300
10084.000000000000,2.436636131000,0.067320090090,0.136746930100
10085.000000000000,2.382916147000,0.652252635200,-0.228089585300
10086.000000000000,2.178312018000,-0.489010567500,0.428096018300
10087.000000000000,2.272888394000,-0.614963665400,-0.412055766900
10088.000000000000,1.833099129000,-0.600905276900,-0.200871356200
10089.000000000000,1.698949775000,0.198223597700,-0.070485464940
10090.000000000000,1.762495468000,0.495775529000,0.452061778600
10091.000000000000,3.145311668000,-0.002755686514,-0.397484505600
10092.000000000000,2.111411709000,0.583448137400,-0.045992433470
10093.000000000000,2.407301621000,0.532788899800,0.352653378500
10094.000000000000,1.987424213000,-0.118206007800,0.341581759800
10095.000000000000,1.678628733000,-0.147081359400,0.405563094400
10096.000000000000,1.688433721000,-0.282564582600,0.604460957400
10097.000000000000,2.387793472000,0.283867975700,-0.089165540850
10098.000000000000,1.922256259000,0.533597622100,-0.500692039100
10099.000000000000,2.018560344000,0.115422162300,0.724830596000
10100.000000000000,1.755280338000,0.079373114240,-0.455751696300
10101.000000000000,1.748648520000,0.480909440800,-0.074608259280
10102.000000000000,1.896815472000,0.709280996700,-0.149532509000
10103.000000000000,2.194214434000,0.558166508900,-0.447123432700
10104.000000000000,2.200352436000,0.583695306400,-0.147845137800
10105.000000000000,1.844800415000,0.632546751900,0.389898250800
10106.000000000000,2.169729750000,-0.693131564600,0.169328808600
10107.000000000000,2.444396269000,-0.530278072300,0.531192578600
10108.000000000000,2.214070492000,-0.420493990300,-0.575216653300
10109.000000000000,1.683995281000,0.633617503400,-0.108613849000
10110.000000000000,2.369313234000,0.059041114570,-0.149602140600
10111.000000000000,2.277973727000,0.494061577600,-0.534345313700
10112.000000000000,3.059311697000,-0.240322575000,-0.422893937200
10113.000000000000,3.073370921000,0.098656172730,0.694386670200
10114.000000000000,1.824679026000,-0.316025691500,-0.584021204600
10115.000000000000,2.478363269000,-0.027916173380,0.038410377580
10116.000000000000,3.155870146000,0.304998822600,0.438916591300
10117.000000000000,3.084693176000,-0.555832679700,0.307549737200
10118.000000000000,1.780251566000,0.448423902300,-0.566924137300
10119.000000000000,2.853454897000,0.667874118200,-0.201891314400
10120.000000000000,0.666925578100,0.341310523800,-0.129842848600
10121.000000000000,1.929027614000,0.050469980380,0.740461563300
10122.000000000000,1.976900136000,-0.425583051300,-0.484687370400
10123.000000000000,2.894188261000,-0.043229190580,-0.322770807300
10124.000000000000,2.237611061000,0.598122549200,0.219134347900
10125.000000000000,2.786683184000,0.354989239300,-0.034920283570
10126.000000000000,3.080491620000,-0.105798573600,0.109367672100
10127.000000000000,1.962596038000,0.137988545300,-0.555568272200
10128.000000000000,2.977278381000,0.374031510400,0.393057271900
10129.000000000000,3.156575684000,-0.385862887000,0.031704539990
10130.000000000000,1.725156690000,-0.399177007800,-0.069136062150
10131.000000000000,1.705737607000,0.443833405000,0.367001511300
10132.000000000000,1.675779247000,-0.197589385500,-0.622926536600
10133.000000000000,2.289036607000,0.549906936500,0.439509359100
10134.000000000000,2.820763685000,0.055776134230,0.521314876000
10135.000000000000,1.695539842000,-0.618305848300,-0.190622228900
10136.000000000000,2.216877610000,-0.549524204000,-0.482499520000
10137.000000000000,3.152009091000,-0.478163787500,-0.433354392000
10138.000000000000,2.078576817000,-0.186316670300,-0.000071528015
10139.000000000000,1.903236555000,-0.662015881200,0.124154705800
10140.000000000000,2.676167966000,-0.214688809000,-0.276751893600
10141.000000000000,1.890717145000,0.502862053500,0.187163681700
10142.000000000000,3.035276967000,0.325645148500,-0.393087192400
10143.000000000000,1.678944880000,0.239319038600,0.585777095000
10144.000000000000,2.535706201000,-0.604863013200,0.224870449200
10145.000000000000,2.577060888000,0.025168924940,-0.017127438580
10146.000000000000,2.674158320000,-0.732721125600,-0.102634386800
10147.000000000000,2.629804192000,0.003298155471,0.135309646200
10148.000000000000,1.836182883000,0.264266722300,-0.441108411100
10149.000000000000,1.675880127000,-0.573386173600,0.060410253120
10150.000000000000,1.760489408000,0.251573279700,-0.605660894300
10151.000000000000,2.478135699000,0.269482626600,0.600098026900
10152.000000000000,3.053483782000,0.380622885900,0.010518271590
10153.000000000000,2.722336051000,0.312578714700,-0.672265343300
10154.000000000000,2.219769273000,-0.718196955300,0.020519280340
10155.000000000000,2.984095722000,-0.341987301900,0.243426298300
10156.000000000000,2.469818877000,0.268146037000,-0.122187538900
10157.000000000000,2.470439868000,-0.366930065700,-0.082993143760
10158.000000000000,2.154638404000,-0.283344819600,-0.650003028900
10159.000000000000,2.727681520000,0.285809465400,0.496414814000
10160.000000000000,1.706039516000,-0.335442943700,-0.434995560400
10161.000000000000,2.583215620000,0.194434359100,-0.224040541400
10162.000000000000,1.877481943000,-0.014908265670,-0.734675189200
10163.000000000000,2.846427229000,-0.187242946500,0.710238593200
10164.000000000000,1.756265291000,0.587101436500,0.440357745200
10165.000000000000,1.802780005000,-0.179709458300,-0.245217255500
10166.000000000000,2.220944615000,-0.023941422000,0.572718765700
10167.000000000000,2.284444999000,-0.105051567000,-0.694968598200
10168.000000000000,2.798387471000,-0.191581160800,0.631202528700
10169.000000000000,1.790886818000,0.089620202490,0.719955352000
10170.000000000000,1.956606310000,-0.721322811500,-0.024982084350
10171.000000000000,2.817706835000,-0.287445188700,0.045904475940
10172.000000000000,1.944009597000,0.674920641300,-0.303061447100
10173.000000000000,1.706515779000,0.554905327600,0.328091669300
10174.000000000000,2.039044069000,0.288421732900,0.667674160500
10175.000000000000,2.825009676000,-0.527752388700,-0.481070033000
10176.000000000000,1.875434039000,-0.150949854400,0.616906365200
10177.000000000000,2.375710308000,-0.608072337900,0.414962770200
10178.000000000000,2.634687939000,-0.515628754300,-0.518440965200
10179.000000000000,1.691579768000,-0.190410258100,-0.221325326300
10180.000000000000,1.994196401000,0.476572755100,-0.118001295400
10181.000000000000,1.692523389000,0.582354997100,-0.364786668600
10182.000000000000,2.538271167000,-0.377588120400,-0.641295718000
10183.000000000000,2.570051970000,0.006521649370,-0.744825549100
10184.000000000000,2.762331426000,0.565526299800,0.333010226000
10185.000000000000,3.168131570000,-0.324223294600,0.478272650500
10186.000000000000,2.978960240000,0.699782177900,-0.232473100900
10187.000000000000,2.879064830000,-0.486921033000,-0.145632174000
10188.000000000000,1.708736184000,-0.072983472650,0.450089142700
10189.000000000000,2.550410036000,-0.329990065800,-0.550615177000
10190.000000000000,3.007086580000,0.735234590600,0.028276573770
10191.000000000000,1.696878552000,0.231594938600,-0.288803743600
10192.000000000000,1.699229361000,0.391654435500,0.596712059300
10193.000000000000,3.079706809000,-0.670290278900,-0.159953489700
10194.000000000000,2.476808478000,0.367909239000,0.509083719400
10195.000000000000,2.318183824000,-0.654190774100,-0.047769225290
10196.000000000000,3.163387649000,0.691301489500,-0.247384363400
10197.000000000000,2.196512334000,0.664942608200,0.276210633300
10198.000000000000,1.902239665000,-0.477635543500,-0.273808909400
10199.000000000000,3.172737730000,0.330859463600,0.298273947500
10200.000000000000,2.401698147000,-0.540365625000,-0.482608839900
10201.000000000000,2.729017817000,0.090377935460,-0.303443304700
10202.000000000000,1.953594741000,-0.237504742200,-0.687326147000
10203.000000000000,1.883245825000,0.221586356500,0.689803409100
10204.000000000000,2.470590794000,0.287232417900,0.428000446500
10205.000000000000,1.704026889000,0.368316942100,-0.088060222820
10206.000000000000,2.861875941000,0.649670023200,0.036185857170
10207.000000000000,3.067418896000,0.177188435500,0.455546397700
10208.000000000000,3.165774374000,-0.193200503700,0.306541572500
10209.000000000000,1.712213146000,-0.293426318300,-0.359893978700
10210.000000000000,2.887599696000,-0.656616809000,-0.155058343600
10211.000000000000,2.981167129000,0.723377876500,0.094884286400
10212.000000000000,3.014610449000,0.303883790900,0.222335651200
10213.000000000000,1.753414616000,-0.459262375300,0.174747326300
10214.000000000000,2.737883664000,0.110889967900,0.079440934050
10215.000000000000,2.926659680000,-0.447514799600,0.587894811500
10216.000000000000,2.137436830000,0.336031919900,0.552768259300
10217.000000000000,1.768834864000,0.422930778400,0.130825122800
10218.000000000000,1.757134761000,-0.218820843800,0.602768180900
10219.000000000000,1.755587391000,0.160280416700,0.716868133600
10220.000000000000,2.648176573000,0.725698901400,-0.165139024100
10221.000000000000,2.548755309000,-0.055117075320,-0.414584465400
10222.000000000000,2.138349715000,-0.658038114800,-0.180001113300
10223.000000000000,1.826091288000,-0.014360651740,0.303104083300
10224.000000000000,2.350672725000,0.552621750400,-0.108534523200
10225.000000000000,1.849770584000,-0.084743699940,-0.260329576900
10226.000000000000,2.396722947000,-0.286870767700,0.493875657500
10227.000000000000,1.687062425000,-0.464483779100,0.227872910400
10228.000000000000,2.894230963000,0.035284132680,0.123858878600
10229.000000000000,2.646918593000,0.066314748410,0.647763449500
10230.000000000000,2.662364623000,0.307182504500,0.097320828870
10231.000000000000,2.137773164000,0.396934080500,-0.186080906400
10232.000000000000,1.863165259000,-0.408137003200,0.076279135870
10233.000000000000,2.940323571000,0.319050949100,-0.642635093000
10234.000000000000,3.038874749000,0.003315378344,0.047909277610
10235.000000000000,1.972756498000,0.225552385900,-0.665063915100
10236.000000000000,2.343487934000,0.265089633700,-0.483943994700
10237.000000000000,2.465379052000,0.106048710100,0.264392148900
10238.000000000000,1.773242778000,0.567799692000,-0.016865331240
10239.000000000000,3.141626968000,0.573039020000,-0.109892248900
10240.000000000000,2.194220596000,0.293003020700,-0.611753346400
10241.000000000000,2.705582415000,0.090296553010,0.737079611500
10242.000000000000,2.008147442000,0.440109862100,0.214207728500
10243.000000000000,2.347663373000,-0.086835206150,0.737454898300
10244.000000000000,2.866271435000,-0.397166740100,0.294742550800
10245.000000000000,1.864429338000,-0.333832329400,0.390356177100
10246.000000000000,2.624762196000,-0.578050196300,-0.104220156400
10247.000000000000,2.425715913000,0.247539393900,0.526120822300
10248.000000000000,2.254019213000,0.608789043700,0.347824168900
10249.000000000000,2.987594225000,0.644641442300,-0.301411293400
10250.000000000000,1.957109213000,0.023800573890,0.669493037800
10251.000000000000,2.242851110000,-0.481733104900,0.291984902800
10252.000000000000,1.850396270000,-0.024462793560,0.709738995800
10253.000000000000,3.076312209000,0.207653793900,-0.289055751200
10254.000000000000,1.937705641000,0.267055962900,0.129404036700
10255.000000000000,2.590929542000,-0.230420657400,-0.621333433700
10256.000000000000,3.151194013000,-0.397478615000,-0.525677664000
10257.000000000000,3.060902065000,-0.329416886700,0.643785111800
10258.000000000000,2.839532220000,-0.484373196400,0.555131828000
10259.000000000000,3.093334170000,0.294195708700,-0.064795276740
10260.000000000000,3.075344991000,0.725887319000,-0.054352746320
10261.000000000000,3.155647554000,0.505889583900,-0.413910076900
10262.000000000000,3.573211256000,-0.069514596850,-0.090699745230
10263.000000000000,2.105347094000,-0.371242839900,-0.279626265900
10264.000000000000,2.906778689000,-0.061990984540,-0.741915984700
10265.000000000000,2.891861671000,-0.727478988100,0.065026088540
10266.000000000000,2.564669545000,-0.104981477000,-0.285237375800
10267.000000000000,2.997687456000,0.269320878000,-0.107893042900
10268.000000000000,3.075511122000,-0.458210515200,-0.570089773300
10269.000000000000,2.106399535000,0.129965932600,-0.727064109200
10270.000000000000,1.933294061000,-0.574434868000,-0.462511096700
10271.000000000000,2.326159265000,-0.441184897300,-0.021229414670
10272.000000000000,3.129834191000,0.182685924200,0.546161757600
10273.000000000000,2.997437378000,-0.394886427000,0.002752717540
10274.000000000000,3.066972855000,-0.342666182900,-0.397324475100
10275.000000000000,3.138787920000,0.588009209300,0.253966941800
10276.000000000000,3.058088091000,-0.691970923200,0.099762001380
10277.000000000000,3.074019118000,0.636119929100,0.141532545900
10278.000000000000,3.172334175000,-0.312614396200,-0.394030350700
10279.000000000000,2.271525205000,-0.164481409500,-0.621495537300
10280.000000000000,2.039043756000,0.490005397600,-0.555431013300
10281.000000000000,2.612621717000,0.325988487900,-0.453185678000
10282.000000000000,3.140063383000,0.380728000200,-0.489317498200
10283.000000000000,2.949607705000,0.431184859400,-0.572273272400
10284.000000000000,3.177172735000,-0.426923362300,0.503057800400
10285.000000000000,1.695754528000,0.275268950600,0.359202263800
10286.000000000000,2.733180578000,0.060940156690,0.322525918300
10287.000000000000,3.166140807000,-0.029292452220,0.667728923800
10288.000000000000,2.941430447000,-0.718746954400,0.201547547900
10289.000000000000,3.019538650000,-0.390433394800,-0.150998254300
10290.000000000000,0.823055075600,-0.055587029010,0.095052798760
10291.000000000000,3.012946955000,-0.211930104700,0.177427210000
10292.000000000000,0.076961591010,0.490630483800,-0.263171878000
10293.000000000000,2.623129047000,0.450162879700,0.288295144500
10294.000000000000,3.070889002000,-0.388853269200,0.147956555300
10295.000000000000,2.039827703000,-0.437979550100,0.351731216900
10296.000000000000,2.802329085000,0.357308786800,-0.626705265000
10297.000000000000,3.173664745000,0.337191524200,0.219232847500
10298.000000000000,2.779641423000,0.616736107100,-0.410244253300
10299.000000000000,2.751435499000,0.662987182700,-0.336937745100
10300.000000000000,2.934490830000,-0.241900205500,-0.695648260400
10301.000000000000,2.521200129000,0.734407144000,-0.082428968140
10302.000000000000,2.686193040000,0.120904443200,0.427420270500
10303.000000000000,2.750352306000,-0.044253841440,-0.264356006400
10304.000000000000,2.820240153000,-0.327944693200,-0.205808441300
10305.000000000000,3.172104136000,0.568429114500,0.369627849000
10306.000000000000,1.779142567000,-0.235611931500,-0.674317962700
10307.000000000000,1.702092962000,0.095243922860,0.281469143500
10308.000000000000,3.175944503000,-0.485203878800,-0.303263269600
10309.000000000000,2.402242995000,0.049690390660,0.491673463100
10310.000000000000,1.868064629000,-0.252233991400,0.489328236400
10311.000000000000,1.881569342000,-0.148534535700,-0.289661269500
10312.000000000000,3.157896181000,0.428741058300,-0.074431219480
10313.000000000000,1.761945972000,-0.456456881200,-0.342680743600
10314.000000000000,3.093541655000,-0.155123446800,0.704852882500
10315.000000000000,3.150741638000,0.470003821000,-0.232258771500
10316.000000000000,2.808151339000,-0.562269645200,0.370214522900
10317.000000000000,2.982793996000,0.613957801300,-0.022500041650
10318.000000000000,3.038859691000,0.355029561000,0.629780621000
10319.000000000000,3.169344949000,0.282812960200,0.109774358000
10320.000000000000,3.060131711000,-0.054588643060,-0.580503664900
10321.000000000000,2.968133794000,0.506948024200,0.323652020600
10322.000000000000,1.902537219000,0.121879091000,-0.286716203800
10323.000000000000,3.105167237000,-0.281929833000,0.117209194300
10324.000000000000,2.817868776000,0.053846449310,0.296107170000
10325.000000000000,2.973956378000,-0.147584175800,0.523940544700
10326.000000000000,3.137809876000,0.387874819700,0.522431725400
10327.000000000000,3.330763443000,-0.033654081040,0.147496346500
10328.000000000000,3.096345365000,-0.723864993600,0.034280785700
10329.000000000000,3.042911118000,0.230091962700,0.586701844600
10330.000000000000,3.067136846000,0.500111923200,-0.329541137100
10331.000000000000,2.901400014000,-0.337978415100,0.174442758900
10332.000000000000,3.160533326000,-0.341820600500,0.180773457700
10333.000000000000,2.945629125000,-0.144426238200,0.626319930100
10334.000000000000,2.880652905000,-0.469168136000,-0.578031436000
10335.000000000000,0.961541568200,-0.718374893700,0.129054911600
10336.000000000000,3.146727404000,-0.532544201800,0.011528317680
10337.000000000000,1.398568559000,-0.306301808500,0.427541344100
10338.000000000000,3.490358447000,0.142902610900,-0.003392837150
10339.000000000000,2.750196495000,-0.024262329790,0.647083554100
10340.000000000000,1.692693819000,-0.421734541900,-0.593311383000
10341.000000000000,3.597378461000,-0.068797884720,-0.005856552760
10342.000000000000,-0.355362557100,-0.099922879260,0.088730886380
10343.000000000000,0.059499326360,0.467795069700,0.252155647900
10344.000000000000,1.266073138000,0.287687800700,0.074279495630
10345.000000000000,1.399251642000,-0.218372308900,-0.334652371300
10346.000000000000,0.668117290600,0.732664925400,0.117749441800
10347.000000000000,0.157854563600,-0.722620244000,0.067864334970
10348.000000000000,1.254677431000,-0.141887840500,-0.158034571800
10349.000000000000,1.429205508000,0.574815557600,0.052513210730
10350.000000000000,0.521751387700,-0.430760900200,0.495520560000
10351.000000000000,0.055285712020,0.203864238000,-0.529688115600
10352.000000000000,0.057135313660,-0.474523619400,0.417123297800
10353.000000000000,0.477522076900,-0.684463398000,0.303342274900
10354.000000000000,0.877990705000,-0.688827933400,-0.188523672100
10355.000000000000,0.749373744000,-0.201983194800,0.194558148500
10356.000000000000,0.328828859200,0.235366342100,0.152607557500
10357.000000000000,0.485524151400,-0.509200621000,0.525339714300
10358.000000000000,1.744667516000,-0.043111601950,0.057251813420
10359.000000000000,0.949908695600,0.715025938200,0.226852570600
10360.000000000000,0.972966618200,0.158446582400,0.199052237300
10361.000000000000,0.257723585100,-0.417374271900,0.470455665700
10362.000000000000,0.108025388400,-0.385028258700,0.098902522680
10363.000000000000,0.317830082900,0.707404617600,-0.177769338700
10364.000000000000,0.074300086090,0.464505240800,0.348298467900
10365.000000000000,0.068458338960,0.187757507700,0.279234144000
10366.000000000000,0.147265733000,-0.548759361600,-0.168269574600
10367.000000000000,0.064088350100,-0.237120902800,0.252523739100
10368.000000000000,0.186233270000,-0.645817799300,0.000404629486
10369.000000000000,0.057959896640,0.122262550600,0.450961194700
10370.000000000000,1.809840241000,-0.379492547900,-0.313672380000
10371.000000000000,2.641986110000,0.410705264100,0.580963674200
10372.000000000000,2.067874929000,0.320461226200,-0.220719910900
10373.000000000000,2.419501119000,-0.286434476400,-0.046362005880
10374.000000000000,2.148374868000,0.540222621300,-0.361158720200
10375.000000000000,2.288179649000,0.248875134800,0.698488242800
10376.000000000000,2.434889424000,-0.060200397250,-0.277901844000
10377.000000000000,2.642024156000,0.085812379820,-0.714508711900
10378.000000000000,2.207230358000,-0.103569033800,-0.364551290700
10379.000000000000,2.270693855000,0.603575172100,-0.426746389600
10380.000000000000,3.064336152000,-0.685946232400,0.227131220300
10381.000000000000,2.127151066000,0.470430971300,-0.095626239670
10382.000000000000,3.172594644000,-0.580227188900,0.306725023500
10383.000000000000,2.528665288000,0.363375440600,-0.413702205600
10384.000000000000,1.694243871000,-0.589940586200,0.225090742500
10385.000000000000,2.453315890000,0.125316019300,0.726931691800
10386.000000000000,2.150569349000,0.576282635900,0.353182250300
10387.000000000000,1.774573363000,0.624754612800,-0.391371625400
10388.000000000000,1.801730396000,0.199908885900,0.475920348400
10389.000000000000,2.514180923000,-0.013090245480,-0.651041320300
10390.000000000000,3.128334222000,0.079231848030,-0.319019403200
10391.000000000000,2.942667560000,-0.684427684900,-0.226455061500
10392.000000000000,2.699240836000,-0.017858163560,-0.650939403400
10393.000000000000,2.598955954000,-0.304385036300,0.003064995499
10394.000000000000,1.707858989000,-0.297773218100,0.512978455700
10395.000000000000,2.786572990000,-0.659139567700,0.195970985400
10396.000000000000,2.771790800000,0.061096162680,-0.648035577100
10397.000000000000,2.230670437000,-0.096105818050,0.724900784100
10398.000000000000,2.464156460000,0.443500818400,0.145383421100
10399.000000000000,1.925737715000,-0.274288584500,0.343385986600
10400.000000000000,3.106635588000,0.216092587800,0.707327813800
10401.000000000000,1.787506690000,-0.544319334000,-0.232049376200
10402.000000000000,3.160441530000,0.022450148440,-0.643996458200
10403.000000000000,2.404132273000,-0.214222074100,-0.603741147600
10404.000000000000,3.059333733000,-0.406694797300,0.249099241300
10405.000000000000,3.064892884000,0.030734254120,-0.677831848500
10406.000000000000,2.756982237000,0.142222139200,-0.714313733300
10407.000000000000,0.547202523000,0.635499622500,0.220653915100
10408.000000000000,3.120809584000,-0.412516891800,-0.134643872700
10409.000000000000,1.785745322000,0.340134339500,0.445401222100
10410.000000000000,2.733142675000,0.118072063900,0.554635064000
10411.000000000000,3.166386305000,0.306796842800,0.526466308900
10412.000000000000,2.810837040000,0.689543463400,0.290643006900
10413.000000000000,2.203288030000,-0.367360246800,0.604999016700
10414.000000000000,2.194706692000,0.699829890900,-0.092244411000
10415.000000000000,1.695602795000,0.333919259000,-0.172495361300
10416.000000000000,2.616155192000,0.141014355900,-0.276642273400
10417.000000000000,2.368665416000,-0.735410559700,-0.145679147600
10418.000000000000,2.028514632000,-0.234753342700,-0.304927091200
10419.000000000000,2.750529404000,-0.070718947000,0.073460687020
10420.000000000000,0.171526542300,-0.359534632500,-0.030820345520
10421.000000000000,0.813118451500,-0.007502299944,0.598045709700
10422.000000000000,0.593079211300,-0.360916198100,-0.418795720600
10423.000000000000,0.571636727900,0.493388523800,-0.089956483370
10424.000000000000,0.615380911000,-0.116508415800,-0.258357477000
10425.000000000000,0.680675736300,0.367818310400,-0.034797062360
10426.000000000000,0.774999372400,-0.665845087100,0.025008844860
10427.000000000000,0.548408992000,-0.190135008200,-0.590643004500
10428.000000000000,1.345500845000,0.207162355100,-0.026182847100
10429.000000000000,0.423070031700,0.641618161200,0.372216234900
10430.000000000000,0.703148457900,0.208272512700,-0.510439700200
10431.000000000000,0.843057709400,-0.547601900400,-0.136519241400
10432.000000000000,0.697591783900,-0.185171851000,0.695769975700
10433.000000000000,0.894722606400,0.737615588800,0.008990297492
10434.000000000000,1.541231798000,-0.161717742800,-0.345917767200
10435.000000000000,2.145416747000,-0.617228922200,-0.009588843662
10436.000000000000,0.306913350400,-0.042353214680,-0.137941564300
10437.000000000000,3.059458285000,-0.045419294650,-0.034235057030
10438.000000000000,0.528455158000,-0.522284281500,0.364802158300
10439.000000000000,0.867766839100,0.039159260990,0.406216971800
10440.000000000000,0.830635427800,-0.629969521300,0.375058358400
10441.000000000000,0.533559024000,0.620311424900,0.086233053700
10442.000000000000,0.758333933600,-0.358658144100,-0.489598830600
10443.000000000000,0.901262730500,0.158191625000,-0.008511267322
10444.000000000000,0.381370647800,0.721683904600,0.146540074800
10445.000000000000,1.026718966000,0.450233613400,0.433349475800
10446.000000000000,1.222091718000,0.432410504600,0.615678256200
10447.000000000000,1.189530971000,0.107740438000,0.709426742900
10448.000000000000,1.361179259000,0.353346537700,0.022386670730
10449.000000000000,0.138122551000,0.000407883679,-0.424894290600
10450.000000000000,1.043335230000,0.079443867630,0.590334273600
10451.000000000000,0.732396348000,0.377451799100,-0.637633010800
10452.000000000000,0.833095615100,-0.723887901100,-0.090632385800
10453.000000000000,1.204512952000,0.729844133700,0.115926456600
10454.000000000000,1.157782141000,0.030849797430,-0.244535379300
10455.000000000000,1.368767584000,0.330483145200,-0.512930021200
10456.000000000000,1.249168287000,0.053609629750,0.204708246900
10457.000000000000,0.484000528200,-0.148685291000,-0.711365027300
10458.000000000000,1.193291724000,-0.367845142200,-0.186523244800
10459.000000000000,0.366459991800,-0.403433413100,0.249233387400
10460.000000000000,1.379877193000,-0.311450609500,-0.449358709600
10461.000000000000,1.437750624000,-0.001180017339,-0.303454377600
10462.000000000000,0.570888672200,-0.461851436200,0.553923824300
10463.000000000000,1.548825853000,0.370989614200,0.432534686600
10464.000000000000,0.928650848900,0.036645983830,0.325284386400
10465.000000000000,1.540566979000,-0.293564300100,-0.028335758040
10466.000000000000,0.698152041100,0.062870999420,-0.658349801400
10467.000000000000,1.343065199000,-0.142137628900,0.401091805400
10468.000000000000,1.389051004000,0.230336621100,0.182178666600
10469.000000000000,0.971030666400,0.229994396200,-0.610797741600
10470.000000000000,0.350881024600,0.299043708500,-0.655966363100
10471.000000000000,1.171244493000,0.361318564600,-0.559729164900
10472.000000000000,0.295390178200,-0.033932574320,0.657378593300
10473.000000000000,1.459783091000,-0.361871134200,0.333324229300
10474.000000000000,0.207198372000,-0.439947840200,0.080030214820
10475.000000000000,0.660250031300,-0.743392777300,0.027600610090
10476.000000000000,0.189527129100,0.603520143700,0.161952127000
10477.000000000000,1.332483799000,0.415915900100,-0.427869508500
10478.000000000000,2.101424443000,0.531634480700,-0.498508785200
10479.000000000000,2.042605827000,-0.686320388400,0.221727403800
10480.000000000000,2.458064236000,-0.123125736400,-0.073492328480
10481.000000000000,1.866817510000,0.372110912300,0.039247304670
10482.000000000000,2.198349056000,0.126992558500,-0.726800998500
10483.000000000000,2.667810174000,-0.059852006640,-0.455020285700
10484.000000000000,1.749509487000,0.470805689400,-0.170912168400
10485.000000000000,1.937539181000,0.006060692874,-0.629316178200
10486.000000000000,1.893963815000,-0.404640631300,0.167023010600
10487.000000000000,1.752908028000,0.018349887190,-0.319689355600
10488.000000000000,1.848210551000,0.300185620700,0.681265547900
10489.000000000000,1.963924661000,-0.616651161100,-0.364794348400
10490.000000000000,2.587668430000,0.502917410300,-0.505906095900
10491.000000000000,0.527373291700,-0.577447967000,-0.234769529300
10492.000000000000,2.657018166000,-0.493954761300,0.031707279140
10493.000000000000,1.983854513000,-0.266125648800,0.684432891400
10494.000000000000,1.841464216000,-0.475034870400,-0.436172459400
10495.000000000000,1.851739105000,0.115784392200,0.302722741000
10496.000000000000,2.905698754000,0.205610106000,0.318967351500
10497.000000000000,2.583245137000,-0.284945913800,0.086927435030
10498.000000000000,2.432760713000,0.538811410400,0.510678447100
10499.000000000000,2.277112181000,-0.089795022070,-0.066946765770
10500.000000000000,1.827511126000,-0.222248377100,-0.591995885800
10501.000000000000,2.119465869000,0.142371703200,0.280466039100
10502.000000000000,2.097203416000,-0.126488678000,-0.444118741000
10503.000000000000,2.104850749000,-0.505578660000,0.555882413400
10504.000000000000,1.705132624000,0.310410803800,-0.403783923700
10505.000000000000,2.314949596000,0.409261044100,-0.431733234600
10506.000000000000,2.473932836000,-0.426286034900,0.368179923600
10507.000000000000,2.616796986000,-0.568248383300,-0.450501039900
10508.000000000000,1.857757848000,-0.132485613700,0.722348443200
10509.000000000000,2.647948892000,-0.432807783000,0.505145053800
10510.000000000000,1.965172082000,-0.655344600400,-0.269684525400
10511.000000000000,1.857391021000,0.048526986840,-0.211326587400
10512.000000000000,3.034479035000,0.110545032500,0.405908662000
10513.000000000000,3.084099663000,0.441808405100,0.333086404500
10514.000000000000,2.969217180000,0.308432786600,-0.244228059600
10515.000000000000,2.947030550000,-0.346376930500,-0.625891800500
10516.000000000000,2.838346100000,-0.210135636800,-0.714570821500
10517.000000000000,3.065960650000,0.429135869300,-0.444001947200
10518.000000000000,2.552128511000,0.484450713100,-0.286151374800
10519.000000000000,2.985140998000,0.115583443400,-0.460664099900
10520.000000000000,2.767592573000,0.170730215800,-0.252458664800
10521.000000000000,3.051545205000,0.319254159900,0.278639077600
10522.000000000000,-0.302108750200,0.029969370990,-0.113359035100
10523.000000000000,2.817958110000,0.522043872600,0.487782720200
10524.000000000000,2.375594381000,0.680633654600,0.155896762000
10525.000000000000,2.834636915000,-0.012704335810,0.742514602400
10526.000000000000,2.131275656000,0.162437237300,-0.222250486700
10527.000000000000,1.805197308000,0.241178447900,-0.135881856100
10528.000000000000,2.516960120000,0.404104394300,0.018541827630
10529.000000000000,2.544004225000,-0.065107494770,-0.733595650300
10530.000000000000,0.586984711800,-0.427760709400,-0.228039838000
10531.000000000000,2.401371204000,0.559462205700,0.125280822200
10532.000000000000,1.821622135000,-0.139358810000,-0.624248356600
10533.000000000000,1.807706623000,0.159183562900,0.387866832200
10534.000000000000,2.469139676000,0.360357789900,-0.644879031200
10535.000000000000,2.365008744000,-0.157261928800,-0.012314518170
10536.000000000000,2.157513873000,-0.540973506100,0.160425543100
10537.000000000000,0.311335928700,-0.207803114100,0.175276719900
10538.000000000000,0.055562419610,0.365701406200,-0.201138286300
10539.000000000000,1.211629891000,0.622319937800,0.388940886800
10540.000000000000,1.205751321000,0.619603624300,-0.073408174890
10541.000000000000,1.542872169000,-0.627503415400,-0.136153042000
10542.000000000000,0.467247975000,-0.150203462000,-0.354327317700
10543.000000000000,1.028365776000,-0.336525706100,-0.349959023300
10544.000000000000,1.300210851000,-0.486463756400,-0.555199077600
10545.000000000000,1.076403570000,0.223758729500,-0.288169048600
10546.000000000000,0.967623255200,0.108490471400,0.521001064100
10547.000000000000,1.206874940000,0.062908464150,-0.741680043400
10548.000000000000,1.022334676000,-0.421483911800,0.599558261600
10549.000000000000,1.534586832000,-0.370767129000,-0.391216094100
10550.000000000000,0.595224758900,0.200787601100,-0.623055720800
10551.000000000000,0.758730288100,-0.229231594100,-0.154946681000
10552.000000000000,1.032325551000,-0.492691341700,0.549520571200
10553.000000000000,1.062901841000,0.540992351600,-0.402852635300
10554.000000000000,0.952852770900,-0.073964535020,0.229296415700
10555.000000000000,0.470115236000,0.325899175100,0.168988554700
10556.000000000000,0.214459069000,0.009740818524,0.041748338840
10557.000000000000,1.164637155000,-0.505297480100,-0.067506755880
10558.000000000000,1.467205720000,0.159567533500,-0.276740724100
10559.000000000000,1.418603774000,-0.438269936900,0.267274818200
10560.000000000000,0.677280964200,-0.320313123600,-0.216408929900
10561.000000000000,0.802700448300,-0.140703912300,0.634189467300
10562.000000000000,0.939924789900,-0.546738684200,0.352764195500
10563.000000000000,0.848567062500,0.054723185990,0.218829062000
10564.000000000000,1.226277924000,0.503094321900,0.250292996100
10565.000000000000,1.375473168000,0.670052545300,-0.336359881300
10566.000000000000,0.994739619200,0.215975791800,-0.104561856300
10567.000000000000,1.400901766000,-0.642411193100,-0.295894234100
10568.000000000000,1.330401710000,0.090934882090,-0.223081441600
10569.000000000000,0.494174247400,0.424218966200,0.613639449000
10570.000000000000,0.683282299000,0.313029522400,0.565448768000
10571.000000000000,1.467978653000,-0.267877711400,-0.306861548300
10572.000000000000,0.427819209900,-0.363244570200,-0.496116186600
10573.000000000000,0.925753274100,-0.743085662400,-0.040462101620
10574.000000000000,0.398991468500,0.516424533900,0.181709573400
10575.000000000000,1.474543995000,0.191926352200,0.579661803200
10576.000000000000,0.775182140400,0.335557297900,-0.294148234400
10577.000000000000,0.870281119500,0.588899471100,0.274943028700
10578.000000000000,1.033087921000,0.211584327900,0.307764577000
10579.000000000000,0.478034131200,-0.560930990200,0.142333147900
10580.000000000000,1.064629573000,0.591113612400,-0.157951263900
10581.000000000000,0.134850554600,0.440486029700,-0.243630696000
10582.000000000000,0.255266467400,0.265198226800,0.477081404400
10583.000000000000,0.425985085800,-0.087099173890,0.567172157100
10584.000000000000,1.924149522000,-0.224944960400,0.027946511810
10585.000000000000,2.697148831000,-0.139765444100,-0.562066363400
10586.000000000000,2.010441057000,0.309628389800,0.102406906000
10587.000000000000,2.463957830000,-0.476344854600,-0.415814520900
10588.000000000000,2.803282473000,-0.557243933700,0.136854557300
10589.000000000000,2.667968598000,-0.231950263200,-0.189552257600
10590.000000000000,2.744859087000,-0.230697194200,-0.157676727700
10591.000000000000,2.742312969000,-0.049782638540,-0.027798543990
10592.000000000000,1.978069239000,0.161027900200,0.118282227500
10593.000000000000,1.778875162000,0.334244212400,-0.122214942100
10594.000000000000,1.728859796000,0.561549547200,-0.165185928200
10595.000000000000,2.012747924000,0.379408387000,0.428216221300
10596.000000000000,1.680592062000,0.546939124700,0.191095886300
10597.000000000000,2.707707477000,-0.558737361200,0.466029097700
10598.000000000000,1.997395366000,0.224707335500,0.021956964680
10599.000000000000,1.911923645000,0.418883742800,0.453442724200
10600.000000000000,2.598650050000,-0.443052810000,-0.486180271800
10601.000000000000,0.323007078400,0.659539261100,-0.003238223238
10602.000000000000,2.272092382000,0.230259742300,-0.180388624000
10603.000000000000,2.385483470000,0.280487077300,0.004197526118
10604.000000000000,2.815760608000,0.043062437200,-0.492622707200
10605.000000000000,2.907895812000,-0.242152107500,-0.518917757500
10606.000000000000,2.191506489000,0.390404418100,0.399101700900
10607.000000000000,2.529678849000,-0.181442559300,-0.239182428300
10608.000000000000,2.514810624000,0.634333464200,0.160688382000
10609.000000000000,2.916529550000,-0.734414156600,-0.087581692770
10610.000000000000,2.674867791000,0.164065284300,0.732109568700
10611.000000000000,2.656077050000,0.261111489300,-0.695155113500
10612.000000000000,2.528687336000,0.538442297600,0.251392393100
10613.000000000000,2.420575243000,0.326852722400,0.235645769800
10614.000000000000,2.778557870000,0.052941371470,-0.381063772100
10615.000000000000,2.766890553000,0.320309921400,-0.212771847100
10616.000000000000,3.151818707000,0.210739318000,-0.611628263700
10617.000000000000,3.508519018000,-0.059543116920,-0.018971916810
10618.000000000000,2.522555850000,0.388688723000,-0.141292930100
10619.000000000000,2.923496135000,-0.087680105950,0.438123989400
10620.000000000000,2.602648818000,-0.715295958000,-0.165841833800
10621.000000000000,2.850884281000,0.319717282400,0.648014516400
10622.000000000000,3.122334075000,0.118031275800,0.063627169810
10623.000000000000,2.948340905000,0.613110242400,-0.185488514000
10624.000000000000,2.850032105000,0.321005670300,0.261784242400
10625.000000000000,3.026022238000,-0.411018972400,-0.487915998600
10626.000000000000,2.064683643000,-0.391385785600,-0.402489833900
10627.000000000000,2.493638888000,-0.185918591200,-0.413328344600
10628.000000000000,1.883381557000,-0.321065416100,0.025761750440
10629.000000000000,2.309167544000,0.053957669400,0.130230566200
10630.000000000000,2.296644910000,-0.151948656300,-0.378302326000
10631.000000000000,2.338947652000,-0.403387600000,-0.114287214300
10632.000000000000,2.572125810000,-0.239137899200,0.607785890000
10633.000000000000,2.019992689000,-0.215015395500,0.619131405500
10634.000000000000,2.020995809000,0.141559650300,0.300450273800
10635.000000000000,1.976771213000,0.245809782900,-0.524814442100
10636.000000000000,1.680128157000,0.643949223000,0.148763705500
10637.000000000000,1.837293208000,0.097516739760,0.625499809000
10638.000000000000,1.753941991000,0.341224255300,-0.663452157800
10639.000000000000,1.834908650000,0.543291030800,0.045483634540
10640.000000000000,0.376276183500,-0.559029835200,0.329940972200
10641.000000000000,1.970992110000,0.185238662400,0.714394614900
10642.000000000000,1.689565655000,0.528374755000,-0.015228893330
10643.000000000000,2.405806954000,0.183955721700,-0.228857022800
10644.000000000000,2.340891211000,0.506889823800,-0.485527205100
10645.000000000000,0.067521224770,0.565310820500,-0.219901730000
10646.000000000000,0.485140407700,-0.435325321900,-0.101262154200
10647.000000000000,0.115125448100,0.100359790900,-0.736097074700
10648.000000000000,0.114516164400,0.501635180500,-0.474425953300
10649.000000000000,0.373700896800,0.340451370600,0.055813475900
10650.000000000000,0.890854670100,-0.205350212000,-0.604972489500
10651.000000000000,0.303959044900,-0.649313955600,0.279397445300
10652.000000000000,0.831311963900,-0.312646897700,-0.449391771800
10653.000000000000,1.077409780000,-0.403661738400,-0.079182838530
10654.000000000000,0.889759619900,-0.626588181000,-0.098204901470
10655.000000000000,0.831565272500,0.719425919300,0.169458985400
10656.000000000000,0.851346452300,-0.267257447800,0.683684574200
10657.000000000000,0.708676983800,0.451228051200,0.467199852400
10658.000000000000,0.414643227600,0.726525647400,0.025510689010
10659.000000000000,1.124495539000,-0.136013868600,0.084436895210
10660.000000000000,1.050728443000,-0.084845465070,0.105209597500
10661.000000000000,0.708933723400,-0.447171709900,0.087222529440
10662.000000000000,0.844671723700,-0.515257003600,0.526700627200
10663.000000000000,1.099867677000,0.018543896100,0.463197902700
10664.000000000000,1.047846218000,-0.520756837300,-0.329604342500
10665.000000000000,0.916768407900,-0.403891480400,0.054811699030
10666.000000000000,1.027936630000,0.251012792800,-0.202811316600
10667.000000000000,1.392727719000,0.176683477600,0.501071352100
10668.000000000000,1.296781541000,-0.383818684900,-0.339886729000
10669.000000000000,1.248862973000,0.200958053900,-0.057242899330
10670.000000000000,0.431650619800,0.543469386500,-0.128302742800
10671.000000000000,0.543362713900,0.363953961700,0.152639173300
10672.000000000000,0.952335230100,-0.005137606365,-0.577501908600
10673.000000000000,1.236638566000,0.180084575900,0.136366357500
10674.000000000000,0.761296813200,-0.284253554600,-0.007161023845
10675.000000000000,1.422153226000,0.291748935800,0.116771113200
10676.000000000000,0.772696890700,0.202394382500,-0.184234000400
10677.000000000000,1.174365651000,0.368085259200,-0.080296657460
10678.000000000000,0.557383661000,0.232023480100,0.607718068000
10679.000000000000,1.107232480000,-0.689398405000,0.249577302600
10680.000000000000,0.788740540300,0.228969060100,0.559880313800
10681.000000000000,0.984567160300,0.053243409430,-0.457795402200
10682.000000000000,1.057149520000,-0.323684584000,0.019172960250
10683.000000000000,0.608927870200,-0.447548305300,-0.061976315600
10684.000000000000,0.270856275500,0.488796656300,0.161267858300
10685.000000000000,1.125583805000,0.458652413500,0.109386154400
10686.000000000000,1.276313098000,0.050127260850,-0.298707105100
10687.000000000000,0.231814523500,-0.010352431910,-0.494648492700
10688.000000000000,0.866111435900,0.180175032200,0.115878898400
10689.000000000000,0.640688488100,0.523381147100,-0.407875502100
10690.000000000000,0.797838619000,-0.417280804200,0.374760195300
10691.000000000000,1.289471714000,-0.532305903100,-0.176310156200
10692.000000000000,0.714213395300,0.375231327400,0.286873587200
10693.000000000000,0.510521966200,-0.407667899300,-0.517097170300
10694.000000000000,0.243425209400,-0.678483316000,-0.043457769200
10695.000000000000,0.439066730000,0.287970966600,-0.064606515130
10696.000000000000,0.767288566900,0.244910836400,-0.527532707400
10697.000000000000,0.383739461900,-0.356480838600,-0.093941430200
10698.000000000000,0.293691753900,0.343922748900,0.468251807600
10699.000000000000,0.347444455500,-0.035456100310,-0.433357734900
10700.000000000000,0.396446782700,0.043093998160,-0.283230870500
10701.000000000000,0.279453512700,-0.117957425500,-0.630388076700
10702.000000000000,0.786008786200,0.054302389460,0.414896819700
10703.000000000000,2.429672180000,-0.504645934600,0.225781772900
10704.000000000000,1.080423897000,-0.340680449600,-0.190583543300
10705.000000000000,0.222382600500,0.718793324800,-0.166337517800
10706.000000000000,2.017679863000,0.182545927000,-0.417924632000
10707.000000000000,1.953012315000,-0.391835890900,0.510591520800
10708.000000000000,2.353475997000,-0.617858592100,-0.174443322600
10709.000000000000,2.143230748000,0.140949060600,-0.329185717400
10710.000000000000,2.295871223000,0.030505047790,-0.321198390900
10711.000000000000,2.122627059000,0.270618262000,0.688075405900
10712.000000000000,2.684537139000,-0.556396233700,-0.349598699300
10713.000000000000,2.685772395000,-0.354599724500,0.393808060900
10714.000000000000,2.600852121000,-0.341475967100,-0.320821578800
10715.000000000000,2.416206996000,-0.062663770270,-0.399594721700
10716.000000000000,2.773676747000,-0.240051083000,0.168044568500
10717.000000000000,2.498543165000,0.224785342000,-0.492220840900
10718.000000000000,2.223805101000,-0.579294731300,-0.333135386100
10719.000000000000,1.978384016000,0.217129589500,0.543540940200
10720.000000000000,2.278358543000,0.460140515100,-0.355417896900
10721.000000000000,1.762508536000,0.258284443900,0.149613418500
10722.000000000000,2.637635231000,0.190372621500,-0.506134591400
10723.000000000000,2.823129498000,-0.635977792100,-0.078242974870
10724.000000000000,2.751014803000,0.336846123500,0.581355512100
10725.000000000000,2.876770659000,-0.050316602030,-0.498471444500
10726.000000000000,2.593299451000,0.033876449660,0.390670954400
10727.000000000000,2.074721666000,-0.059835178120,0.591524624300
10728.000000000000,2.906081373000,0.742775153100,0.070550776440
10729.000000000000,2.894967372000,-0.506700484500,-0.024293349100
10730.000000000000,2.820102090000,0.745556492900,-0.077508231490
10731.000000000000,2.407940307000,-0.216403697400,0.547825733400
10732.000000000000,2.692356786000,-0.356825251000,-0.222385365500
10733.000000000000,3.158996301000,0.618521498200,-0.012525505170
10734.000000000000,1.952967244000,-0.155961468300,-0.521954446900
10735.000000000000,3.048925942000,-0.245525868500,0.526699695400
10736.000000000000,2.768541963000,0.443438537700,-0.375058901100
10737.000000000000,3.014217134000,0.685547601600,0.232409819400
10738.000000000000,2.790945815000,-0.305444950100,-0.291198732100
10739.000000000000,2.825687532000,-0.551030909600,0.081121237090
10740.000000000000,2.701216411000,-0.379133024600,-0.354209104800
10741.000000000000,2.777308190000,-0.626233983500,-0.236971129600
10742.000000000000,3.021380886000,-0.511248002200,-0.358139538300
10743.000000000000,2.912351112000,0.137912854900,-0.484474211900
10744.000000000000,2.860454953000,0.448623879200,0.120266945800
10745.000000000000,2.695014635000,0.521178153100,-0.381502159200
10746.000000000000,3.175237721000,0.293493317800,-0.344640370000
10747.000000000000,2.448988859000,0.230127844400,-0.307919021100
10748.000000000000,2.172965543000,0.289999163300,0.488936945900
10749.000000000000,2.029000440000,-0.105032937300,-0.732770973200
10750.000000000000,2.101821395000,0.364643932700,0.417563274100
10751.000000000000,2.026710556000,0.417510415100,-0.352090542900
10752.000000000000,2.001290118000,-0.120496041700,-0.648404168000
10753.000000000000,2.046365718000,-0.367057597500,0.227566169200
10754.000000000000,2.562948200000,0.102869016100,-0.735153131400
10755.000000000000,2.599482739000,-0.142967066200,0.546032368200
10756.000000000000,0.254006267300,0.180637666600,0.404607791600
10757.000000000000,2.054232463000,0.136640330000,0.647875527100
10758.000000000000,2.223398486000,0.147494626600,-0.225799082400
10759.000000000000,0.143910270900,-0.438246981700,0.028535014020
10760.000000000000,0.058117061340,-0.610048178300,0.171812019200
10761.000000000000,0.798326264200,-0.160237231800,0.222262678300
10762.000000000000,1.286635966000,-0.101682484100,-0.714294482500
10763.000000000000,1.303566860000,-0.644666672800,0.079707878580
10764.000000000000,1.204874873000,0.038972159050,0.664633213900
10765.000000000000,1.201361884000,0.528654628100,0.335115295000
10766.000000000000,0.850628183700,0.304351027400,-0.544218137900
10767.000000000000,1.235112232000,0.092657959560,-0.389422657300
10768.000000000000,0.789330731900,-0.421869534300,0.230708174500
10769.000000000000,0.844928069000,0.656175938300,0.350323012500
10770.000000000000,1.391993024000,0.017918112070,-0.644004039100
10771.000000000000,1.067829550000,0.520676386500,0.326296043300
10772.000000000000,3.499882512000,0.068392236630,-0.118884501000
10773.000000000000,0.128198186700,-0.103022388300,0.102085360700
10774.000000000000,0.680730498700,0.010386705510,0.061159744370
10775.000000000000,1.245677792000,-0.505327824600,0.247358809900
10776.000000000000,0.873786901200,0.414502552600,-0.074640372370
10777.000000000000,0.745052123200,-0.649422299500,-0.058127351450
10778.000000000000,0.526038620800,-0.084267136100,-0.482968503500
10779.000000000000,0.408059807200,-0.422894185500,-0.405439197300
10780.000000000000,1.172770957000,-0.209355140900,0.150774851600
10781.000000000000,1.029076716000,-0.227498526900,-0.139337238000
10782.000000000000,1.305155685000,-0.273587458000,-0.067626001810
10783.000000000000,1.535787681000,-0.532859368600,0.000164217177
10784.000000000000,1.447455149000,-0.334606673200,0.175282524400
10785.000000000000,0.926978427600,0.188655803100,-0.544852535300
10786.000000000000,0.482593623000,0.006857062357,0.563352761800
10787.000000000000,0.694633196500,-0.092871891580,-0.397940690500
10788.000000000000,0.554601317000,0.146476578700,0.538359243400
10789.000000000000,1.333393551000,0.521495435100,0.138153014800
10790.000000000000,0.413014585900,0.005218474642,0.405055111400
10791.000000000000,2.120435461000,-0.291059253700,-0.091499815930
10792.000000000000,0.799898235200,-0.405569572700,-0.117987689000
10793.000000000000,1.176122653000,0.258828457100,-0.280074465500
10794.000000000000,0.271392718900,0.166699540700,-0.356645588200
10795.000000000000,0.666926378900,0.496035062100,-0.533442793000
10796.000000000000,0.401123210800,-0.454895955600,0.408818460000
10797.000000000000,0.364271382600,-0.355703172100,0.115339500200
10798.000000000000,0.051976301400,0.469250955900,0.424506095500
10799.000000000000,0.218986609100,0.375864606800,-0.168098158800
10800.000000000000,2.026540709000,-0.142485703400,0.174575994900
10801.000000000000,1.867530160000,0.390601915300,-0.510471498100
10802.000000000000,2.311864999000,0.025709956130,0.665551210500
10803.000000000000,2.659840381000,0.191875015800,0.209044208100
10804.000000000000,2.946499108000,0.046035759050,-0.469437418800
10805.000000000000,2.029189349000,-0.325395470200,-0.382434663100
10806.000000000000,2.349495785000,0.273989860600,-0.287278017700
10807.000000000000,2.207223841000,0.185439352700,-0.524510514700
10808.000000000000,1.792350366000,-0.217720646500,0.335283699200
10809.000000000000,2.073455646000,0.212467424900,0.423077101100
10810.000000000000,1.686579129000,-0.387270118500,-0.217001765600
10811.000000000000,2.377158470000,0.321951145100,-0.175047197400
10812.000000000000,1.879119721000,0.213215832100,-0.501664074700
10813.000000000000,2.330408355000,-0.045174342160,-0.537017071700
10814.000000000000,2.385380421000,-0.042979601120,0.324793627800
10815.000000000000,2.747890386000,-0.189550447800,0.445083889900
10816.000000000000,2.814574944000,-0.443465228800,-0.028065621110
10817.000000000000,1.906615994000,-0.180605728800,-0.427006596600
10818.000000000000,2.938006096000,0.669312834500,0.199278661200
10819.000000000000,2.126488807000,-0.261317821500,-0.188442712200
10820.000000000000,2.840304663000,0.021020100520,-0.607880886700
10821.000000000000,2.323464824000,-0.475135797700,-0.376899109700
10822.000000000000,2.957933322000,-0.227109092900,-0.189245203800
10823.000000000000,3.068756878000,-0.022096973890,-0.503981132600
10824.000000000000,3.077792416000,0.413362438900,-0.206991631600
10825.000000000000,2.544373968000,0.638080502500,0.068368922490
10826.000000000000,3.163718794000,0.228775312500,-0.283325623900
10827.000000000000,2.160083741000,-0.008481425928,-0.083337486770
10828.000000000000,2.181503025000,0.056707391220,-0.384573332000
10829.000000000000,1.895524558000,-0.414443400100,-0.204918159400
10830.000000000000,2.723766289000,-0.618015657600,-0.386310700600
10831.000000000000,2.607368524000,0.608216088900,0.282280949000
10832.000000000000,2.433434611000,0.518059327900,-0.238676866900
10833.000000000000,0.403569138900,-0.424861287100,0.304937293800
10834.000000000000,2.622391885000,0.004101129367,-0.631743530600
10835.000000000000,2.141401357000,0.509191712600,-0.223849617300
10836.000000000000,0.881731901100,0.466013649400,0.223310830000
10837.000000000000,0.577974228200,-0.475192173700,0.422836629700
10838.000000000000,0.834185583400,-0.064156522060,-0.496876176800
10839.000000000000,1.251036718000,0.326019405200,0.440305716500
10840.000000000000,0.634100648200,-0.025756972280,-0.354264293400
10841.000000000000,0.472251260700,-0.115298216800,-0.647999768100
10842.000000000000,0.428354664900,-0.309081549900,-0.564348640300
10843.000000000000,1.302097004000,0.331775281900,-0.159981677300
10844.000000000000,1.458176202000,0.452011937300,-0.002416673496
10845.000000000000,1.152788502000,0.158664455100,-0.209567591300
10846.000000000000,0.959884440100,0.321277955000,0.258967824700
10847.000000000000,1.236650418000,-0.359730958600,-0.461558367000
10848.000000000000,0.897409519400,0.272035380500,0.471713237900
10849.000000000000,1.331219592000,-0.513516392400,-0.068507851690
10850.000000000000,0.973917015400,-0.131642706300,-0.223477587700
10851.000000000000,1.335896707000,-0.068370199480,0.543925716500
10852.000000000000,1.210002096000,0.180774195900,0.504563320600
10853.000000000000,1.182115440000,-0.359296379600,-0.308789199800
10854.000000000000,0.830904579900,-0.236470055700,-0.082145967230
10855.000000000000,0.343366252400,0.211568477100,0.214048039400
10856.000000000000,0.950153366800,0.372194639100,-0.177206474700
10857.000000000000,0.497487216500,0.276984225000,0.455504951800
10858.000000000000,0.880185682000,0.054022949790,0.638151643900
10859.000000000000,0.465684871700,-0.135287120500,0.499271936700
10860.000000000000,1.213417007000,-0.596820320100,-0.187425532900
10861.000000000000,0.764237706100,-0.213325966900,0.411809000500
10862.000000000000,0.236583658200,-0.410031069800,0.206922363800
10863.000000000000,1.151137589000,-0.437390939200,0.070968274190
10864.000000000000,0.538727302700,-0.404861861900,0.147180277800
10865.000000000000,0.855029589200,-0.542127255000,0.305110348000
10866.000000000000,0.853792031200,0.470134771800,-0.211564180600
10867.000000000000,0.659506571500,0.063351599970,-0.571831085500
10868.000000000000,0.683961604400,0.370602079900,0.193697565500
10869.000000000000,0.494507448100,-0.646178307700,-0.147427260200
10870.000000000000,0.270684415400,0.055714803910,-0.371897667800
10871.000000000000,0.328852901300,-0.375292747400,0.333449910000
10872.000000000000,1.793040402000,-0.045576794520,0.378385509200
10873.000000000000,2.473195448000,0.458535811300,0.384307010000
10874.000000000000,1.863593891000,0.338747738500,-0.646659505700
10875.000000000000,2.108828415000,0.657346624400,0.081661579890
10876.000000000000,2.357684799000,-0.232021036900,-0.384293494000
10877.000000000000,2.551387736000,0.349997693600,-0.311094410900
10878.000000000000,2.213871198000,0.483032101100,0.286148575600
10879.000000000000,1.785652711000,-0.386226355900,-0.115666920500
10880.000000000000,1.760460311000,0.388422277300,-0.534309065400
10881.000000000000,1.939414874000,0.264257623600,0.323336838900
10882.000000000000,2.765987903000,-0.178869616900,-0.337473424200
10883.000000000000,1.869011476000,0.073593762610,-0.485815395000
10884.000000000000,2.518608745000,-0.576221326900,0.026051376790
10885.000000000000,2.783694370000,0.181942792900,0.402373204500
10886.000000000000,2.751719869000,-0.268213385500,0.591445998500
10887.000000000000,2.959329799000,-0.533318724000,-0.206633360000
10888.000000000000,2.758361406000,-0.008443362900,0.517559175500
10889.000000000000,3.078554164000,-0.115954025200,0.422514030100
10890.000000000000,2.705308703000,0.565760828700,-0.042647787700
10891.000000000000,2.508395008000,0.130859576500,-0.366361683000
10892.000000000000,2.982888380000,0.176493047600,-0.330596136200
10893.000000000000,2.245661216000,-0.244413519900,-0.533348478800
10894.000000000000,2.425519395000,-0.028758444850,0.617423618200
10895.000000000000,2.834814927000,-0.105668064500,-0.444972558400
10896.000000000000,2.140303150000,0.284169833000,0.036916777710
10897.000000000000,2.041517716000,0.084340983710,-0.325018353700
10898.000000000000,1.976550283000,0.450006394700,-0.215259599500
10899.000000000000,1.825521508000,0.433075304600,-0.357533548800
10900.000000000000,2.432013181000,0.158584073900,0.529850984400
10901.000000000000,2.406769934000,-0.169716938300,0.622243868400
10902.000000000000,2.742293800000,-0.093122840280,0.284206775700
10903.000000000000,2.269376911000,0.090909850000,-0.727154016300
10904.000000000000,0.579141869700,-0.479623521700,0.256988813200
10905.000000000000,0.295668700900,-0.247701881300,0.386154078700
10906.000000000000,0.816459725600,-0.184440468800,-0.233018785700
10907.000000000000,1.143363804000,0.177989799100,-0.466248028400
10908.000000000000,0.987472201700,0.424469338600,-0.438856508800
10909.000000000000,0.726907438100,-0.031834708810,0.648133780500
10910.000000000000,0.940633884200,0.472407236900,0.438357299600
10911.000000000000,0.421051447500,0.643174984500,-0.105855403800
10912.000000000000,0.937897839000,-0.376978858700,-0.015287802030
10913.000000000000,1.273219073000,-0.111247054900,0.365778889800
10914.000000000000,0.573121035500,-0.184743596200,0.357252439800
10915.000000000000,1.339924613000,0.044487318530,0.306883304900
10916.000000000000,1.135686912000,-0.327930855300,0.475086191000
10917.000000000000,1.202671705000,-0.353684018300,-0.100574984300
10918.000000000000,2.272609547000,-0.195249989600,0.427025085800
10919.000000000000,2.488467398000,0.004425055978,-0.571192416700
10920.000000000000,1.855001859000,0.257681772700,-0.341096403800
10921.000000000000,2.774791736000,-0.335177966900,0.137991333700
10922.000000000000,2.890646405000,0.530252600800,0.378318617100
10923.000000000000,2.245869970000,-0.491208273900,-0.245625076500
10924.000000000000,2.648400352000,0.001822828638,0.350408526300
10925.000000000000,2.546781080000,-0.281701525300,-0.363020368800
10926.000000000000,2.782433479000,0.134577919800,-0.393667501100
10927.000000000000,2.316352610000,0.069186190160,0.478599980900
10928.000000000000,2.145238933000,-0.543993416200,-0.280928708900
10929.000000000000,2.036291794000,-0.207887141400,0.441732035400
10930.000000000000,1.864247602000,-0.090849712700,0.317210736800
10931.000000000000,1.928832380000,-0.092908937890,0.434614288700
10932.000000000000,2.367846618000,-0.063792582650,0.406239399400
10933.000000000000,1.771116499000,0.532976323800,0.258195071400
10934.000000000000,1.854333634000,0.278569815500,0.467165658800
10935.000000000000,2.187559204000,0.086415303940,-0.499175088200
10936.000000000000,2.104476087000,0.176745154000,0.707048730700
10937.000000000000,2.356799609000,-0.082844805350,0.184297161900
10938.000000000000,1.013632266000,0.007338725524,-0.362783874500
10939.000000000000,1.240811225000,0.121877773100,0.642021649900
10940.000000000000,0.782705674500,-0.352093696100,0.284703656100
10941.000000000000,0.973675129400,0.287225189400,0.353946740000
10942.000000000000,0.845473083000,0.302434159500,0.364893232600
10943.000000000000,0.695438327500,-0.141441941900,-0.322166249700
10944.000000000000,1.219447174000,-0.134378858600,-0.332842240100
10945.000000000000,1.095622548000,0.318258619100,0.128416292700
10946.000000000000,0.646566897900,-0.399236455300,0.273111204400
10947.000000000000,0.552982451600,-0.502358773200,-0.157932317100
10948.000000000000,0.469768940300,0.370969498200,-0.297298622700
10949.000000000000,0.618920712900,0.545088691600,-0.159190457300
10950.000000000000,1.054284884000,-0.485038979400,0.262492107800
10951.000000000000,1.196066166000,0.703668627500,0.039932800540
10952.000000000000,0.501681460400,-0.269335659500,0.481499527900
10953.000000000000,0.311534093500,-0.433790630900,0.086199111860
10954.000000000000,0.283581342700,0.494980489000,-0.234394729800
10955.000000000000,0.888779115300,-0.562406434600,-0.339465288300
10956.000000000000,0.460979637200,-0.399388324000,0.447292191900
10957.000000000000,0.307143745000,-0.094600243250,0.408263253700
10958.000000000000,2.453040616000,-0.203418404100,0.348037874000
10959.000000000000,2.298010800000,0.118978063800,-0.225716675700
10960.000000000000,2.181484126000,-0.067674906000,-0.283242186600
10961.000000000000,2.639340023000,0.226085818100,0.595781794400
10962.000000000000,2.661427913000,0.144809360600,0.489585325300
10963.000000000000,2.338054270000,0.322893622500,-0.402941061700
10964.000000000000,2.047523405000,0.315040654600,0.013738929130
10965.000000000000,1.064513170000,-0.550888071300,-0.197052731200
10966.000000000000,0.944940148900,-0.403767599500,0.239816022500
10967.000000000000,0.576578940400,0.216773210200,0.494082858600
10968.000000000000,1.159653971000,0.518246492700,-0.046420912820
10969.000000000000,0.888258161900,0.310856177100,-0.385965327300
10970.000000000000,1.200462558000,-0.164930274100,0.358720370700
10971.000000000000,1.122018064000,-0.336828637000,0.252378253200
10972.000000000000,1.032202086000,-0.427639092100,0.189119293100
10973.000000000000,0.532602791500,0.504758808800,-0.410047691600
10974.000000000000,1.121278809000,-0.427723529200,-0.398453199800
10975.000000000000,2.438577086000,-0.339824283400,0.315695823100
10976.000000000000,2.177628568000,-0.400181045500,-0.367937712200
10977.000000000000,2.665472380000,-0.415249985900,0.199850229200
10978.000000000000,1.937374453000,0.352816388700,0.047405950360
10979.000000000000,2.716308714000,0.348907381500,0.042081287310
10980.000000000000,2.928229642000,0.400890581500,0.292949441700
10981.000000000000,1.941321785000,-0.429488627500,-0.120836780800
10982.000000000000,2.691220734000,-0.591131353900,0.279319522800
10983.000000000000,1.962654481000,-0.496927424800,0.309918391300
10984.000000000000,2.035340972000,-0.254144570900,0.320283826400
10985.000000000000,2.497344006000,0.494869275500,0.045801870450
10986.000000000000,2.419583833000,-0.591244990000,-0.126080117500
10987.000000000000,2.321607901000,0.375027978000,-0.248479208100
10988.000000000000,2.263157576000,0.416424656200,0.342243484400
10989.000000000000,0.354189735200,0.488307708200,0.109767331400
10990.000000000000,0.583459057800,0.593374646100,0.454578793700
10991.000000000000,0.392668486600,0.071965746140,-0.336895259100
10992.000000000000,0.421492425300,0.140354306800,-0.450097256200
10993.000000000000,0.867684258600,0.067169274880,-0.453057218600
10994.000000000000,0.825000281300,-0.238974276800,-0.524955658200
10995.000000000000,1.106874214000,0.520038435000,0.034158967230
10996.000000000000,2.319161973000,-0.472047737400,0.553623615600
10997.000000000000,2.177978639000,-0.179383307000,0.338491812300
10998.000000000000,2.504610469000,-0.159445580400,0.232506636100
10999.000000000000,2.688502117000,0.474130621000,0.275259649900
11000.000000000000,1.129164203000,0.228311040200,-0.408677200100
11001.000000000000,2.223866140000,-0.326847620400,-0.381523454200
11002.000000000000,2.150692251000,-0.457021027500,0.030241922720
11003.000000000000,2.096454663000,-0.255184457000,-0.370751456900
11004.000000000000,2.045195769000,-0.048509058910,0.488036222600
11005.000000000000,2.134401348000,-0.381246348900,0.154052419100
11006.000000000000,1.023137253000,0.544676161400,-0.084331132010
11007.000000000000,-0.432724802200,-0.061902966430,0.116691503500
11008.000000000000,0.751914147300,0.011677165890,0.369123691400
11009.000000000000,1.382117716000,-0.045143540360,-0.065049463380
11010.000000000000,1.024865884000,0.420637460000,-0.513710212600
11011.000000000000,0.670780565800,-0.355343211800,0.587126233300
11012.000000000000,0.583948926000,-0.643187157800,-0.172035379300
11013.000000000000,0.490476055700,0.184171595400,0.648392942600
11014.000000000000,0.886439211000,0.150943489700,0.644673733800
11015.000000000000,1.306900849000,0.125735069400,-0.373102561300
11016.000000000000,1.451313393000,-0.027296392050,0.066292015960
11017.000000000000,0.973129833600,0.333498154400,0.441973687500
11018.000000000000,1.292431155000,-0.586926268300,-0.412434486600
11019.000000000000,0.848425103100,0.451190924000,-0.577275631200
11020.000000000000,1.531413224000,-0.389103025500,0.177744051000
11021.000000000000,0.421603672900,0.393531818800,-0.169353686300
11022.000000000000,0.976346340000,-0.152705548200,-0.608331456500
11023.000000000000,1.387467181000,0.444083727500,0.566278828300
11024.000000000000,0.406382530600,-0.442711501800,0.563133937100
11025.000000000000,0.431581145300,0.672264522000,0.283985073900
11026.000000000000,1.203756841000,-0.736109975100,-0.044871197520
11027.000000000000,1.524964301000,-0.201911885800,0.161863868000
11028.000000000000,1.340065816000,-0.392263928500,0.483781091000
11029.000000000000,0.778718244500,0.239378141900,0.262731603600
11030.000000000000,0.310250602000,0.489064567600,0.262942325500
11031.000000000000,0.288646646000,-0.114324843800,0.491217976200
11032.000000000000,0.201070370000,0.158528028800,0.351389116800
11033.000000000000,0.147030265900,0.192331124400,-0.337148841000
11034.000000000000,2.035923520000,0.606216478800,-0.418891487000
11035.000000000000,2.562799309000,0.708746792500,-0.247840812100
11036.000000000000,2.812741809000,0.442564115800,-0.497917267000
11037.000000000000,3.019051684000,0.172620550200,0.262377746200
11038.000000000000,2.343963352000,0.567345573800,0.300614319700
11039.000000000000,2.441297928000,0.487133738800,0.444052424400
11040.000000000000,1.746498301000,0.649770070400,-0.064878391110
11041.000000000000,3.151250805000,-0.344475780200,-0.047390720100
11042.000000000000,2.821971477000,-0.118799759900,0.716438513400
11043.000000000000,2.651421451000,0.105343749200,-0.342362047600
11044.000000000000,1.891333748000,-0.265030693000,-0.638689849600
11045.000000000000,2.354290065000,-0.319538969100,0.443931251900
11046.000000000000,2.120833255000,0.276147078000,-0.599054811200
11047.000000000000,2.191895776000,-0.554160631600,0.313231134700
11048.000000000000,2.857689928000,-0.130414902700,-0.733904002400
11049.000000000000,2.311225578000,-0.145567691000,-0.557327978900
11050.000000000000,3.155722637000,0.407125886300,0.238103501500
11051.000000000000,2.674010454000,0.067100953000,0.481389337200
11052.000000000000,2.820038975000,-0.040997066900,-0.297662668300
11053.000000000000,2.366020867000,0.015153660690,0.552868240400
11054.000000000000,3.132007759000,0.432285654600,-0.009874216187
11055.000000000000,3.147828730000,-0.068308450480,-0.587291807500
11056.000000000000,2.916764433000,-0.085184624660,0.653106204900
11057.000000000000,0.069429647860,0.373830200500,0.223711067200
11058.000000000000,0.954755373700,0.728555927700,0.051689866090
11059.000000000000,2.174747894000,-0.661959309000,0.039495896580
11060.000000000000,1.110546007000,0.140461089500,0.699031984800
11061.000000000000,0.227511096000,-0.012708406750,-0.421664684000
11062.000000000000,1.375860143000,0.302725986400,-0.591676663000
11063.000000000000,1.427397004000,0.052868045850,-0.210569355100
11064.000000000000,1.272183108000,0.382771626900,-0.387177898400
11065.000000000000,2.535594614000,0.452528565700,-0.490503460700
11066.000000000000,2.419339556000,0.618055106800,0.173434233100
11067.000000000000,1.035659539000,0.243134902100,-0.358458949100
11068.000000000000,0.567399305400,0.194563178200,-0.694926015600
11069.000000000000,0.472214167500,-0.351956298600,-0.442860854300
11070.000000000000,0.905924484000,0.523279202600,0.295678512600
11071.000000000000,0.363514981500,-0.136121029600,0.525006042500
11072.000000000000,0.294758691000,0.655794526600,-0.084056345940
11073.000000000000,0.339151376900,0.606998558600,0.051983300930
11074.000000000000,0.342760940400,0.312466902700,-0.022664213220
11075.000000000000,0.629877858400,0.207536321200,0.592755862300
11076.000000000000,0.389151421400,-0.352287610200,-0.165727850500
11077.000000000000,2.726694565000,0.724399325700,-0.078717902560
11078.000000000000,3.042158230000,-0.494176779900,-0.434602334700
11079.000000000000,2.770021584000,0.568771786400,-0.347604657200
11080.000000000000,3.135731607000,0.361084164600,-0.339741427200
11081.000000000000,2.119112474000,-0.369024040000,-0.116510813000
11082.000000000000,0.221717887300,0.232969982600,-0.340039005000
11083.000000000000,0.236717355600,0.321281387700,-0.202672416300
11084.000000000000,2.306436360000,0.010259765370,0.321740921000
11085.000000000000,2.113663706000,0.560656400800,-0.283260078800
11086.000000000000,2.075019758000,0.476382246900,-0.249018803000
11087.000000000000,0.583185105300,-0.016968322430,-0.295491683000
11088.000000000000,1.185340107000,-0.612532107100,-0.254018769400
11089.000000000000,0.170385217600,-0.432186990400,0.238007255200
11090.000000000000,0.793774436900,-0.579507268900,0.309008696200
11091.000000000000,2.382722908000,-0.097868092310,0.629335018500
11092.000000000000,0.867556166600,-0.356908821600,0.009857078545
11093.000000000000,1.849226541000,0.198590307600,-0.279712808900
11094.000000000000,1.920648528000,-0.025521823270,0.445683447000
11095.000000000000,0.642571169800,0.630409160600,-0.171392881800
11096.000000000000,2.697942807000,-0.327483963800,0.165064171200
11097.000000000000,0.426617968200,0.140213180800,-0.358171708400
11098.000000000000,1.184682904000,-0.680600919300,-0.027285948340
11099.000000000000,0.790139624800,0.209488245500,0.207105353200
11100.000000000000,0.351382794700,-0.151406183500,0.453268748300
11101.000000000000,1.901018879000,0.001151561471,0.375450572400
11102.000000000000,0.545002090400,0.269939448500,0.686787714800
11103.000000000000,1.508894087000,0.066810258160,-0.364601662200
11104.000000000000,1.134720826000,0.119737034200,0.061545744150
11105.000000000000,1.310864496000,0.077851408080,-0.023806665990
11106.000000000000,3.157007528000,-0.060684958860,-0.103594040400
11107.000000000000,1.550129408000,0.431692670000,0.507538823300
11108.000000000000,0.769140955700,-0.470513647500,-0.579752163100
11109.000000000000,1.324230445000,-0.133048630700,0.207446576800
11110.000000000000,0.982295845500,0.550369601700,0.074573986400
11111.000000000000,1.462776773000,0.043162344900,-0.714942905500
11112.000000000000,1.425661241000,0.202774871000,0.053885130770
11113.000000000000,1.103131999000,0.482393269800,0.561850940400
11114.000000000000,1.463298088000,0.293119741100,0.688733154900
11115.000000000000,1.231666010000,0.121195622300,-0.237028978600
11116.000000000000,1.534428211000,-0.140661998800,0.699931851300
11117.000000000000,1.227896701000,0.006960826887,0.064921346900
11118.000000000000,0.830344937800,-0.295229798300,0.062700083020
11119.000000000000,0.049076376160,-0.114760285800,-0.538828907300
11120.000000000000,0.994664198100,0.159446309700,0.624859556100
11121.000000000000,0.466798634800,0.262813788300,0.166956066300
11122.000000000000,0.568223683500,0.396658386000,-0.524082274700
11123.000000000000,0.400527454100,0.423237850000,-0.574865088500
11124.000000000000,0.990587747100,0.122785407100,-0.154619295900
11125.000000000000,1.136917533000,-0.130815464400,-0.634406296400
11126.000000000000,1.488932490000,-0.310626363800,0.676981022900
11127.000000000000,0.887198257300,0.417378493900,-0.371239404000
11128.000000000000,1.525556518000,-0.042003253680,-0.631254961600
11129.000000000000,1.161564324000,0.665715193000,-0.322092681000
11130.000000000000,1.549330935000,0.665628482700,-0.336462967400
11131.000000000000,0.461344776900,-0.288938685900,0.659628061000
11132.000000000000,1.335640838000,-0.275073972500,-0.678269146300
11133.000000000000,0.127921151300,0.600575028400,0.457353063300
11134.000000000000,1.541546875000,-0.038392143510,0.199321162600
11135.000000000000,0.187373711700,0.013241259830,-0.283202308300
11136.000000000000,0.714792633100,0.481309154900,-0.460364205100
11137.000000000000,0.360191585400,-0.639927399800,0.128146012000
11138.000000000000,1.311627414000,0.536420046900,0.356316912000
11139.000000000000,1.468198939000,0.718300340600,0.087750770910
11140.000000000000,0.856365544700,-0.226567879900,0.139138816600
11141.000000000000,1.134734731000,-0.732007704900,-0.171369841000
11142.000000000000,0.834104219800,0.304872893500,-0.162837834200
11143.000000000000,2.156042407000,-0.527900157100,-0.171961784800
11144.000000000000,1.545841703000,-0.538483256000,0.178177074300
11145.000000000000,0.535437735200,0.701122896100,0.164766767300
11146.000000000000,0.046042294450,0.486909087000,-0.098838136520
11147.000000000000,0.572782039600,-0.216493005300,0.421627453300
11148.000000000000,1.086524908000,-0.655148219400,0.069193235010
11149.000000000000,0.569487725500,-0.323137987900,0.660750438300
11150.000000000000,0.437034665900,0.464643251700,-0.114901945700
11151.000000000000,0.047208980990,0.227527963000,-0.159695537100
11152.000000000000,0.205078919500,0.536322356500,0.048866558950
11153.000000000000,0.061349910010,0.183022946000,-0.626886541400
11154.000000000000,1.540333388000,-0.630849560400,-0.226512404900
11155.000000000000,0.198559321700,0.319873647400,0.611684468400
11156.000000000000,0.216883995700,0.410338800700,-0.412130096700
11157.000000000000,1.261712416000,-0.173913062100,-0.091972786360
11158.000000000000,0.191049016300,-0.193057054300,-0.693096374600
11159.000000000000,0.147337028300,-0.657871626000,0.304757815500
11160.000000000000,1.991984799000,0.511399538500,0.496922905400
11161.000000000000,2.392368919000,0.151962485100,0.015134637100
11162.000000000000,2.817793771000,0.103133899000,-0.105875607300
11163.000000000000,0.126740236200,-0.526636149300,-0.490103167100
11164.000000000000,2.378550696000,-0.345359636700,-0.621622026500
11165.000000000000,2.004130542000,-0.634190233500,0.368037841100
11166.000000000000,2.470444130000,0.115935409200,-0.113823157100
11167.000000000000,2.644878099000,0.606869120000,0.437120503700
11168.000000000000,0.167325474700,-0.288204523900,-0.068660079250
11169.000000000000,2.476224284000,-0.702348502500,0.233353667600
11170.000000000000,1.930189192000,0.662796727500,0.298419405900
11171.000000000000,2.308628107000,-0.618555253600,0.323222056000
11172.000000000000,2.292809880000,-0.737392672200,-0.118697270200
11173.000000000000,1.789995844000,0.221850667600,0.011513893170
11174.000000000000,2.562256556000,0.267766467500,0.488864810100
11175.000000000000,1.668355689000,0.167549350800,-0.660367804400
11176.000000000000,2.312854873000,0.218017646800,0.124049351200
11177.000000000000,1.891413581000,0.390683877900,-0.114755668100
11178.000000000000,2.468619042000,-0.692347683500,0.305962492000
11179.000000000000,1.759818420000,-0.069619823780,0.600052753400
11180.000000000000,2.902246950000,0.006205495850,-0.141784946700
11181.000000000000,2.772254049000,0.409276643500,0.520865138100
11182.000000000000,1.713476431000,-0.563448541100,0.434209775600
11183.000000000000,1.749105143000,-0.426767355700,0.595861786500
11184.000000000000,2.323537082000,0.121372099900,0.303926562700
11185.000000000000,1.966109984000,-0.086957131030,-0.180925054200
11186.000000000000,1.777649938000,-0.133831879400,0.223221518200
11187.000000000000,0.154109860100,0.354731182700,-0.524053738800
11188.000000000000,2.989876934000,-0.561099292300,0.318855544700
11189.000000000000,2.696168813000,-0.488164266000,0.412872387800
11190.000000000000,3.053854819000,0.530327201000,0.056728215800
11191.000000000000,2.919977416000,0.366477879800,0.041389585190
11192.000000000000,2.779123754000,-0.653463497800,0.289626461900
11193.000000000000,1.687699066000,0.624637042800,-0.232557035700
11194.000000000000,0.282475262800,0.136245835500,0.540363622600
11195.000000000000,2.173699959000,0.456695805000,-0.385667450100
11196.000000000000,2.516670471000,-0.272036080300,0.364768488300
11197.000000000000,1.865833348000,0.006520017997,0.225877162200
11198.000000000000,1.770377243000,-0.369966579200,-0.612994771700
11199.000000000000,2.999207386000,0.406621346200,-0.608710763500
11200.000000000000,3.087811069000,-0.173562918000,-0.647472472800
11201.000000000000,2.459201774000,0.366003828700,-0.499010390300
11202.000000000000,2.434864675000,-0.065236549980,0.702935471700
11203.000000000000,1.931815790000,0.218651266200,0.411987746300
11204.000000000000,3.140326726000,0.180412356300,0.228291906900
11205.000000000000,3.146507373000,-0.200935435000,0.215489925400
11206.000000000000,2.933203753000,-0.163891475100,-0.266452896200
11207.000000000000,3.169818944000,-0.600477839800,-0.102190272800
11208.000000000000,3.059022289000,0.395574412300,0.099005268610
11209.000000000000,2.784384271000,0.149381014000,0.644777682300
11210.000000000000,2.955575174000,0.601930445300,0.307694169600
11211.000000000000,3.160731906000,-0.017566727680,0.344677822100
11212.000000000000,3.157215862000,-0.044141582320,-0.677405779200
11213.000000000000,-0.050283713370,-0.030663237720,0.140091643100
11214.000000000000,-0.008321376102,0.094502950850,-0.099419540850
11215.000000000000,0.338096889000,0.074419572270,0.397215558800
11216.000000000000,1.182251908000,-0.716766561400,-0.242532073500
11217.000000000000,0.050693671730,-0.330615973900,-0.477590540400
11218.000000000000,0.311834676900,0.701271996700,0.281735463100
11219.000000000000,0.050838811820,0.650303305900,0.039093588270
11220.000000000000,1.351632683000,-0.068833404730,0.648333321900
11221.000000000000,0.040398313120,-0.733150388200,-0.076581496380
11222.000000000000,0.386025968800,0.637157775900,0.242975644900
11223.000000000000,0.094776729380,-0.423878858700,-0.364493332400
11224.000000000000,1.550862668000,0.114338961400,0.288842695000
11225.000000000000,1.759474339000,-0.522058841500,0.329219874300
11226.000000000000,2.879483225000,0.380486651300,-0.384413023800
11227.000000000000,3.157113934000,0.058064300330,0.383208867200
11228.000000000000,2.941766845000,0.116159298600,0.332675641900
11229.000000000000,1.674504258000,-0.530387296600,0.006363136761
11230.000000000000,0.133007068100,0.722665730100,0.133100756900
11231.000000000000,0.639959083300,0.000204725190,0.507200698800
11232.000000000000,1.048950417000,-0.532021931400,-0.531894037200
11233.000000000000,0.531012453400,-0.000402145560,0.394802496100
11234.000000000000,1.037075470000,0.587626471100,-0.460272361800
11235.000000000000,0.594475682900,-0.139704492700,-0.629748432700
11236.000000000000,0.897913276400,-0.047939705530,0.414967116000
11237.000000000000,0.584961155900,0.559862066900,-0.299045978200
11238.000000000000,1.472736372000,-0.159817454700,-0.455705259400
11239.000000000000,0.743859807300,-0.732232378500,0.142428819600
11240.000000000000,1.381202215000,-0.400681305900,0.642261548200
11241.000000000000,1.452386604000,0.242331430300,-0.459548619700
11242.000000000000,0.132508366700,-0.080323820980,0.732491840200
11243.000000000000,0.692932209800,-0.128527344200,0.326283548500
11244.000000000000,0.144838590000,0.453751312600,0.129336553300
11245.000000000000,0.384199815500,-0.288032141900,0.049326798950
11246.000000000000,1.991521428000,-0.469781483600,-0.303289021100
11247.000000000000,2.877080625000,-0.267177663800,0.235304951600
11248.000000000000,2.171477707000,-0.479275841900,0.333081760700
11249.000000000000,2.275956704000,-0.058644509300,-0.754319745800
11250.000000000000,1.682787924000,-0.222619441700,-0.150730478400
11251.000000000000,1.672410109000,-0.575876127200,-0.044403884710
11252.000000000000,3.093611132000,0.005113857724,0.414439751300
11253.000000000000,2.086934684000,0.282826101900,-0.661568435500
11254.000000000000,2.369815854000,0.134499605400,-0.643335518400
11255.000000000000,2.713520400000,0.246240423800,0.650885525200
11256.000000000000,3.188036051000,0.384372743800,-0.368794798700
11257.000000000000,3.063612662000,0.563233081500,-0.031666817870
11258.000000000000,2.864857988000,-0.357338370100,-0.611551002000
11259.000000000000,2.798852363000,0.339524983500,0.062185023830
11260.000000000000,2.195919893000,0.049155316270,-0.755392538800
11261.000000000000,1.871732441000,-0.072970701380,-0.562747640300
11262.000000000000,2.196593367000,-0.051997743680,-0.745930597200
11263.000000000000,1.763045663000,-0.011895641170,-0.467791772800
11264.000000000000,0.696222621200,-0.305075798100,0.158556502100
11265.000000000000,0.767351965400,0.399976034900,0.051062354700
11266.000000000000,1.452347747000,-0.325900244300,-0.443925847100
11267.000000000000,0.837701652600,0.638718063200,0.138481497300
11268.000000000000,1.540778029000,0.484047937300,0.018854876620
11269.000000000000,2.266003966000,-0.083245288330,0.118158721400
11270.000000000000,0.248515854600,-0.565799984900,0.084382620840
11271.000000000000,2.385739677000,0.371816093300,0.632261953700
11272.000000000000,2.408127101000,-0.340328422000,-0.421793966100
11273.000000000000,1.691206304000,-0.140478472200,-0.178967245800
11274.000000000000,2.707523037000,0.743415745600,0.059002517910
11275.000000000000,3.076204950000,0.688598257700,0.287742747000
11276.000000000000,2.778230764000,-0.355067141700,-0.046370531710
11277.000000000000,1.830992478000,-0.387015604100,0.322254196300
11278.000000000000,2.886702444000,-0.609793262300,0.225898526800
11279.000000000000,3.181306573000,-0.398926684100,0.112426896200
11280.000000000000,2.478544906000,0.065394283770,-0.734971685500
11281.000000000000,2.631460472000,0.360158283400,-0.075507141680
11282.000000000000,2.817967590000,0.230356466800,0.679433160600
11283.000000000000,2.577925875000,0.226884521100,-0.149436699600
11284.000000000000,2.515008660000,-0.211504828200,-0.620691970900
11285.000000000000,2.174988331000,-0.140975653700,-0.722925201800
11286.000000000000,0.076288735160,-0.093527891700,-0.448194483600
11287.000000000000,0.490371291800,-0.141379656400,0.391112698800
11288.000000000000,1.200242040000,0.152973104700,-0.598375049000
11289.000000000000,1.340989402000,0.067688643090,0.516861437600
11290.000000000000,0.820460220200,-0.326072727000,-0.235799713200
11291.000000000000,1.059121774000,0.239778999200,0.587818902600
11292.000000000000,1.455893863000,-0.131842127800,0.163093839900
11293.000000000000,0.973566294600,-0.116394200400,0.014973434780
11294.000000000000,1.539814862000,-0.167133256900,0.306280514900
11295.000000000000,0.434183814100,0.460615974800,0.344796849900
11296.000000000000,1.474973175000,0.698374550400,0.163776270500
11297.000000000000,1.112298400000,0.417432424800,0.275212341100
11298.000000000000,0.521217053400,0.347691994200,0.401807332500
11299.000000000000,1.063582688000,0.213397443800,0.214408374300
11300.000000000000,0.065130719750,0.288768007900,-0.500684795500
11301.000000000000,2.350461674000,-0.097784579960,0.489814916200
11302.000000000000,2.420506880000,-0.633743165000,-0.030596455970
11303.000000000000,1.859854907000,-0.383507177300,0.483593801700
11304.000000000000,1.930993106000,0.051146221970,-0.230427466000
11305.000000000000,2.806777825000,-0.418997427000,-0.473130073100
11306.000000000000,3.060736555000,0.506179663300,-0.106313809700
11307.000000000000,2.529336523000,-0.583199109700,0.404629656800
11308.000000000000,2.933387440000,-0.117447143900,-0.672155861300
11309.000000000000,3.113268762000,-0.566385368500,-0.171750855500
11310.000000000000,2.802226858000,-0.396771214800,0.366176174300
11311.000000000000,3.008057614000,-0.011378857490,-0.634122596000
11312.000000000000,0.607564441100,0.426031100000,0.222014688900
11313.000000000000,0.789512396300,0.193668323700,-0.334179304000
11314.000000000000,0.308791302000,0.294429254800,-0.262901988100
11315.000000000000,1.265056121000,-0.570628680800,-0.091416748160
11316.000000000000,1.211946561000,0.635159702700,-0.168915757300
11317.000000000000,0.609835646600,0.510031688900,0.200865753300
11318.000000000000,0.239842409500,0.342077501200,0.250337733800
11319.000000000000,2.374857711000,-0.404180599700,-0.519858942000
11320.000000000000,2.766877449000,-0.134858985700,-0.727482193700
11321.000000000000,2.616068684000,-0.049861681410,-0.488824667300
11322.000000000000,2.696939497000,-0.006457950920,0.019837610500
11323.000000000000,2.909940728000,-0.601032906200,-0.058725132190
11324.000000000000,1.953561370000,0.248102662500,-0.359560265300
11325.000000000000,1.758324834000,0.179551752800,-0.442939663900
11326.000000000000,2.461393355000,0.118853784000,-0.601277068900
11327.000000000000,1.200676739000,0.385288230000,-0.455354420500
11328.000000000000,1.380098104000,0.046470898720,0.627742520800
11329.000000000000,1.362562974000,-0.376940359500,0.219517885900
11330.000000000000,1.142397397000,0.363029586300,0.083544465820
11331.000000000000,0.923076903900,-0.584875067800,-0.467558612400
11332.000000000000,1.078494545000,0.240029689100,-0.584186282000
11333.000000000000,1.195590112000,-0.254315093200,-0.598442097500
11334.000000000000,0.756731808000,-0.396116552300,-0.423169016900
11335.000000000000,1.047248020000,-0.154735757400,-0.252771711700
11336.000000000000,0.465831360800,0.039130209960,-0.469782424700
11337.000000000000,0.104610391600,-0.141230121700,0.343874716700
11338.000000000000,2.886225683000,-0.399656403100,0.080178455210
11339.000000000000,2.957712534000,0.025610995440,0.664471456000
11340.000000000000,2.777198182000,-0.484372454200,0.154159168100
11341.000000000000,2.937258397000,-0.028050330590,0.381881641300
11342.000000000000,2.630484995000,-0.357356144200,-0.144159762100
11343.000000000000,2.375987245000,-0.399998864800,0.336880935900
11344.000000000000,0.926519972900,-0.257258211800,0.226293179400
11345.000000000000,0.990530184600,-0.189174664200,0.151875847200
11346.000000000000,1.069910536000,0.101488077600,-0.455888226300
11347.000000000000,2.032049904000,0.300387126300,0.217167824300
11348.000000000000,2.730030536000,-0.031737839190,0.353763632200
11349.000000000000,2.946725252000,0.556299694900,-0.117776685100
11350.000000000000,2.173713160000,0.240820269100,-0.225454064100
11351.000000000000,2.409949149000,-0.620531951700,-0.231235952700
11352.000000000000,2.136961754000,0.543443035300,-0.127425439500
11353.000000000000,2.214905320000,-0.460542366800,-0.345190781800
11354.000000000000,1.952919166000,0.376406266800,-0.178516933800
11355.000000000000,0.797929931800,0.494111418500,0.444210527000
11356.000000000000,0.489559910600,-0.130842611400,0.731696881300
11357.000000000000,0.317575185600,0.260726845500,-0.536016497000
11358.000000000000,1.159231195000,-0.147399358600,-0.501482596500
11359.000000000000,1.261373208000,-0.046933971370,-0.556350061300
11360.000000000000,1.254636429000,0.211455682000,0.371328459800
11361.000000000000,1.020049308000,0.285718298800,-0.079339571250
11362.000000000000,1.054054410000,0.434770517700,0.169040333600
11363.000000000000,1.185854129000,0.603895568500,-0.271203825000
11364.000000000000,0.283704908000,0.602754250700,0.021081011790
11365.000000000000,2.393514829000,-0.260702226600,-0.303746212000
11366.000000000000,1.998507008000,0.570319736700,-0.007166059548
11367.000000000000,2.480260282000,-0.037724858840,0.542962002200
11368.000000000000,2.903104463000,-0.084463699130,0.521990265600
11369.000000000000,2.547546560000,0.572232412800,0.127761560800
11370.000000000000,2.400629790000,0.230159322700,-0.446897693800
11371.000000000000,2.015045234000,0.089883947560,0.508683538300
11372.000000000000,2.228155941000,-0.134115835900,-0.595054143600
11373.000000000000,1.265523725000,-0.472934643700,-0.301860359600
11374.000000000000,0.746848099200,0.664874460300,-0.046601128420
11375.000000000000,2.265264760000,-0.227068709600,-0.318213724800
11376.000000000000,0.362847750900,0.729634174400,-0.044340804950
11377.000000000000,2.296338977000,0.445515516600,0.294470819300
11378.000000000000,2.827934143000,0.085180163810,0.437538479300
11379.000000000000,2.366655078000,-0.067861974210,-0.459787092200
11380.000000000000,2.387629519000,0.385221657100,0.015652835840
11381.000000000000,2.031803536000,0.010420415070,-0.431633824300
11382.000000000000,0.720972242800,-0.405204880600,0.436592416300
11383.000000000000,0.732163087100,0.521345791100,0.284413031900
11384.000000000000,1.261521741000,0.412961541900,-0.236234406900
11385.000000000000,0.746404901100,-0.351655966300,0.354816947800
11386.000000000000,-0.033054270740,-0.038227409830,-0.045477787380
11387.000000000000,0.185765800900,0.252348013300,0.149680419400
11388.000000000000,0.172048446200,0.263282298600,-0.577215229100
11389.000000000000,1.390084954000,-0.245010165200,0.512501875000
11390.000000000000,1.272377844000,-0.729977102800,0.086998300120
11391.000000000000,0.920901307800,-0.413271459700,0.522885136100
11392.000000000000,1.413923280000,0.216406898800,-0.697551882700
11393.000000000000,1.063387163000,-0.730937844100,-0.074197006860
11394.000000000000,0.773814429600,0.607131387000,-0.456039215700
11395.000000000000,0.273556769300,0.580299794300,-0.454430976100
11396.000000000000,0.052848213300,-0.346052584900,-0.661636131900
11397.000000000000,0.815155424700,-0.325608301500,0.361455777000
11398.000000000000,2.005890694000,0.007477297416,-0.004332054819
11399.000000000000,0.154168202100,-0.458007795300,-0.484834614400
11400.000000000000,2.415004885000,-0.259230663000,0.244330089300
11401.000000000000,0.050343208820,0.241338972900,-0.452531877200
11402.000000000000,2.424736787000,0.256817538200,0.086379627800
11403.000000000000,2.549364672000,0.727900751500,-0.154380436700
11404.000000000000,1.748888994000,-0.008149058447,-0.395814737700
11405.000000000000,2.566234439000,-0.031539334010,0.032695811450
11406.000000000000,2.306019553000,0.013486523420,0.565396541200
11407.000000000000,2.141011623000,0.001630312654,0.609854320700
11408.000000000000,2.750633505000,-0.566022408300,-0.482181229200
11409.000000000000,3.152730890000,-0.366904644600,0.548079601100
11410.000000000000,2.613996370000,-0.312698403200,-0.566360226000
11411.000000000000,3.180448287000,0.264994401800,0.317212219100
11412.000000000000,3.087395753000,0.251444208800,0.470565722200
11413.000000000000,1.986286874000,0.373898221200,0.204504064400
11414.000000000000,3.080261347000,0.306450482300,0.012252833100
11415.000000000000,2.021393159000,-0.352810393900,-0.249379070500
11416.000000000000,1.943874761000,-0.507580540600,-0.519116820100
11417.000000000000,2.794889209000,0.114062600100,0.343885853900
11418.000000000000,2.628127320000,0.485680315600,0.234806022500
11419.000000000000,3.074387997000,-0.092415875290,-0.649693553800
11420.000000000000,2.969625142000,-0.227360066300,0.538406132200
11421.000000000000,2.809301654000,-0.075814678320,0.649413083000
11422.000000000000,0.070020147850,0.264901568300,0.283210297900
11423.000000000000,2.284360455000,0.168748799000,0.697030152600
11424.000000000000,0.569335980500,0.589624306800,0.288411644500
11425.000000000000,0.496969814200,-0.138987089100,-0.535177972700
11426.000000000000,0.858746405300,-0.606228814900,-0.173646485700
11427.000000000000,1.362324618000,0.274064126200,-0.468128240500
11428.000000000000,1.325304831000,-0.171694373600,0.333254239600
11429.000000000000,0.987609028700,0.296776933300,-0.681485767700
11430.000000000000,2.071736131000,-0.284674693600,0.669749733400
11431.000000000000,1.666250037000,0.358258068500,-0.397868031200
11432.000000000000,2.300925461000,0.407947164900,-0.511158143300
11433.000000000000,2.582957476000,-0.445964464400,0.479823003600
11434.000000000000,3.051975432000,0.075854582110,-0.481659170200
11435.000000000000,2.425129717000,0.397437487100,-0.606256945900
11436.000000000000,1.676086502000,0.351172159600,-0.661329420000
11437.000000000000,1.057213882000,-0.124129213200,0.156239444200
11438.000000000000,1.075638780000,0.005872901189,0.534575378100
11439.000000000000,1.115333632000,0.217183749600,-0.200799321100
11440.000000000000,0.745607278700,0.172547385100,0.558449173500
11441.000000000000,2.401877283000,0.015662881030,-0.384164643100
11442.000000000000,2.187896585000,-0.647712682200,-0.344863035300
11443.000000000000,2.422012866000,0.196305077000,-0.381917605700
11444.000000000000,0.267310036200,0.345905414600,-0.128668816100
11445.000000000000,2.400627295000,0.312630992700,-0.340358516100
11446.000000000000,2.262449083000,0.003805877351,-0.544810224300
11447.000000000000,0.559118452200,-0.040709447960,-0.364896177000
11448.000000000000,0.540022675200,-0.094571647150,-0.663691152500
11449.000000000000,0.923195727900,0.262376764300,0.227388663000
11450.000000000000,2.469997123000,-0.042428619640,-0.523595022000
11451.000000000000,2.739020712000,0.215332592000,-0.407887782300
11452.000000000000,0.837416320800,0.351963263300,0.447136336100
11453.000000000000,2.418179010000,0.323434943500,-0.428579704700
11454.000000000000,0.827014251200,-0.241977047100,-0.438925548800
11455.000000000000,2.116504712000,-0.144632031900,0.308334691800
11456.000000000000,1.088114602000,0.195894131100,-0.361702659700
11457.000000000000,2.786056060000,0.493935320100,-0.537897499700
11458.000000000000,2.092924628000,0.215533211700,-0.597609895600
11459.000000000000,1.349302613000,-0.222230433000,0.192707742500
11460.000000000000,1.547466316000,-0.310011799000,0.680899219300
11461.000000000000,0.822094146500,0.363749824700,-0.390843721000
11462.000000000000,0.892287092300,0.441947886100,-0.440517095600
11463.000000000000,0.462122733700,0.406821522800,-0.058526519510
11464.000000000000,2.287203028000,0.281680299900,0.148573967700
11465.000000000000,3.141647028000,0.119215038800,0.433212952600
11466.000000000000,1.453014716000,-0.421758681000,0.602958476700
11467.000000000000,2.908796955000,-0.209791664700,0.206068442200
11468.000000000000,3.030873108000,-0.056545108290,0.412787548000
11469.000000000000,2.823365501000,0.296079341400,0.133178081300
11470.000000000000,2.733121197000,0.680177797200,0.040794892040
11471.000000000000,2.714591600000,-0.358029513300,-0.069535481100
11472.000000000000,2.157607502000,-0.130830320200,-0.647282241300
11473.000000000000,0.056654794230,-0.158331817700,0.411621843400
11474.000000000000,3.005378806000,-0.004847534388,0.628940463000
11475.000000000000,2.347683618000,-0.647212321700,-0.280503828800
11476.000000000000,2.351511802000,0.475548436900,0.231538333500
11477.000000000000,1.441052881000,0.284416259200,-0.663900318100
11478.000000000000,1.047936648000,0.070402970970,0.500899345200
11479.000000000000,0.605170984000,-0.081469087330,-0.633224557800
11480.000000000000,2.462932864000,0.273135570500,-0.382582836400
11481.000000000000,-0.450800385000,-0.044547595580,0.047904563570
11482.000000000000,0.123063903600,-0.023625625230,-0.146418963600
11483.000000000000,1.025860068000,-0.671905140200,0.330474099400
11484.000000000000,1.556084328000,0.709973294700,-0.198237678500
11485.000000000000,1.543393732000,0.302360252700,-0.585557363900
11486.000000000000,1.029471207000,-0.237444100000,-0.709593840500
11487.000000000000,1.553494127000,0.045244701650,-0.212337910100
11488.000000000000,1.551552673000,0.581295428700,-0.159731990700
11489.000000000000,1.553844098000,-0.474736154200,0.295294148100
11490.000000000000,0.664725674100,0.624413353500,-0.418567191400
11491.000000000000,0.056959735580,0.338586703600,0.575978754000
11492.000000000000,0.920653360500,-0.129735789200,0.184980521600
11493.000000000000,0.050421243040,0.539773228900,-0.025695583800
11494.000000000000,0.052858164670,-0.303648795700,-0.136406049100
11495.000000000000,0.668929275700,-0.274871558000,-0.699007098700
11496.000000000000,0.044044206660,-0.287050922500,0.592715015700
11497.000000000000,0.042879945440,-0.369665301300,-0.544933067700
11498.000000000000,0.057371075470,0.482739513700,-0.350212028800
11499.000000000000,0.219653055500,-0.725004796100,0.203537494500
11500.000000000000,1.671458180000,-0.192049833500,-0.728483184500
11501.000000000000,2.118260187000,0.385793178300,0.634209730900
11502.000000000000,3.175085125000,-0.355523150300,-0.654882320800
11503.000000000000,2.482331482000,-0.463378340500,-0.593031297100
11504.000000000000,1.683022226000,0.670801543300,0.259500686400
11505.000000000000,2.379936092000,0.696005137800,0.264510073600
11506.000000000000,1.691371964000,-0.461111690500,0.468468764500
11507.000000000000,2.665460231000,-0.225578812800,-0.723601259000
11508.000000000000,1.667192035000,0.080670024940,-0.188676929000
11509.000000000000,2.826971553000,0.186728576600,0.243493652300
11510.000000000000,3.036508679000,-0.065908615180,-0.711267232100
11511.000000000000,3.221141121000,0.031295271340,0.143483179000
11512.000000000000,3.174786041000,0.133376343400,0.615650767100
11513.000000000000,3.169401564000,-0.139895379300,-0.514517307700
11514.000000000000,3.158240400000,-0.438740111100,0.326774327600
11515.000000000000,1.679383663000,-0.097827667690,-0.250738784500
11516.000000000000,3.122334075000,0.123530305900,-0.071611486650
11517.000000000000,0.050161640630,-0.040352140730,0.459034770100
11518.000000000000,2.334782810000,0.730057375200,-0.004465696253
11519.000000000000,2.323335529000,0.712692684100,0.233097488600
11520.000000000000,3.215500621000,0.047885235170,-0.151763312000
11521.000000000000,2.413246687000,-0.092765652490,-0.724272532400
11522.000000000000,1.544116393000,-0.375480851100,0.331617815100
11523.000000000000,0.389307470700,0.147096667500,0.441360973700
11524.000000000000,1.380719935000,0.739379676700,-0.080338498250
11525.000000000000,0.137271180400,0.124058859500,0.503800623400
11526.000000000000,1.886403366000,0.547374693800,-0.156577624200
11527.000000000000,0.504605832300,0.150571881800,-0.714197551500
11528.000000000000,2.373483695000,0.730291637600,-0.161415197000
11529.000000000000,3.171375787000,-0.414109131400,-0.199828160700
11530.000000000000,2.204686489000,0.053862825950,-0.643924677800
11531.000000000000,1.739885625000,-0.309953892000,0.178101162400
11532.000000000000,2.320266576000,0.138460132700,0.006526007935
11533.000000000000,0.657158033900,0.319748189200,0.221522783800
11534.000000000000,2.652038203000,-0.279540748400,0.369568908100
11535.000000000000,0.609418433100,-0.349737693200,0.344762441800
11536.000000000000,0.715215943800,-0.268147113200,0.460332882800
11537.000000000000,0.509022462700,0.128371621500,-0.528369790600
11538.000000000000,1.158194014000,-0.086128178700,-0.051879971750
11539.000000000000,1.547692698000,0.342810523400,-0.191730350400
11540.000000000000,1.551257688000,-0.726070487500,-0.119547555900
11541.000000000000,0.262167211200,-0.503986120300,0.432552287700
11542.000000000000,0.083487622190,-0.131421914700,-0.281352125100
11543.000000000000,0.220201161000,0.117939042700,-0.670221265900
11544.000000000000,1.680871413000,0.471934956300,0.438218370800
11545.000000000000,1.675242929000,0.323493757500,0.574136770900
11546.000000000000,3.179553964000,0.523913698200,-0.133948254200
11547.000000000000,1.664418309000,-0.407834053800,-0.536417572300
11548.000000000000,3.660788397000,-0.062993899770,-0.057998837750
11549.000000000000,2.396472953000,-0.129791162700,-0.625347560500
11550.000000000000,1.815352474000,0.356075523600,0.348976105200
11551.000000000000,1.326262371000,0.159788111800,-0.229557359400
11552.000000000000,0.048164648590,0.093485753830,-0.738847943800
11553.000000000000,2.122902595000,-0.126227425900,0.606984512900
11554.000000000000,1.974549599000,-0.141390846100,0.145227472200
11555.000000000000,1.285395006000,-0.096472732360,0.295556363700
11556.000000000000,1.669031890000,-0.632698153000,0.407002692300
11557.000000000000,0.803129772200,0.407829297600,0.119693770000
11558.000000000000,1.978891655000,0.028624780270,-0.194604586600
11559.000000000000,0.376960942000,0.181039560400,0.512676815600
11560.000000000000,1.859424557000,0.483940717100,-0.142458967300
11561.000000000000,1.691510079000,0.440413083800,0.502565759500
11562.000000000000,1.676232607000,0.476559499300,0.564303059900
