1.00000000000000,0.50000000000000,0.51250000000000,0.00000000000000
2.00000000000000,0.50000000000000,0.51011271240000,-0.00734731565400
3.00000000000000,0.50000000000000,0.50386271240000,-0.01188820645000
4.00000000000000,0.50000000000000,0.49613728760000,-0.01188820645000
5.00000000000000,0.50000000000000,0.48988728760000,-0.00734731565400
6.00000000000000,0.50000000000000,0.48750000000000,0.00000000000000
7.00000000000000,0.50000000000000,0.48988728760000,0.00734731565400
8.00000000000000,0.50000000000000,0.49613728760000,0.01188820645000
9.00000000000000,0.50000000000000,0.50386271240000,0.01188820645000
10.00000000000000,0.50000000000000,0.51011271240000,0.00734731565400
11.00000000000000,-0.50000000000000,0.51250000000000,0.00000000000000
12.00000000000000,-0.50000000000000,0.51011271240000,0.00734731565400
13.00000000000000,-0.50000000000000,0.50386271240000,0.01188820645000
14.00000000000000,-0.50000000000000,0.49613728760000,0.01188820645000
15.00000000000000,-0.50000000000000,0.48988728760000,0.00734731565400
16.00000000000000,-0.50000000000000,0.48750000000000,0.00000000000000
17.00000000000000,-0.50000000000000,0.48988728760000,-0.00734731565400
18.00000000000000,-0.50000000000000,0.49613728760000,-0.01188820645000
19.00000000000000,-0.50000000000000,0.50386271240000,-0.01188820645000
20.00000000000000,-0.50000000000000,0.51011271240000,-0.00734731565400
21.00000000000000,0.49251153100000,0.50802338230000,-0.00958516231300
22.00000000000000,0.49120126310000,0.50584565870000,0.01104890377000
23.00000000000000,-0.49258748460000,0.50780086310000,0.00976711500900
24.00000000000000,-0.49120126310000,0.50584565870000,-0.01104890377000
25.00000000000000,-0.49251153100000,0.50085703560000,0.01247058499000
26.00000000000000,-0.49213711270000,0.49844590830000,-0.01240301573000
27.00000000000000,0.49296632190000,0.51188820650000,-0.00386271243000
28.00000000000000,-0.49120126310000,0.51231453980000,0.00214525274900
29.00000000000000,0.49226652630000,0.51171613090000,0.00435686560100
30.00000000000000,-0.49120126310000,0.51122361990000,-0.00550275895500
31.00000000000000,0.49120126310000,0.49415434130000,-0.01104890377000
32.00000000000000,0.49120126310000,0.49129827590000,0.00897385081800
33.00000000000000,-0.49120126310000,0.49415434130000,0.01104890377000
34.00000000000000,-0.49190286600000,0.49155194130000,-0.00921305080000
35.00000000000000,0.49120126310000,0.50176514550000,-0.01237474288000
36.00000000000000,0.49120126310000,0.49823485450000,0.01237474288000
37.00000000000000,0.49120126310000,0.48877638010000,-0.00550275895500
38.00000000000000,0.49120126310000,0.48768546020000,0.00214525274900
39.00000000000000,-0.49120126310000,0.48877638010000,0.00550275895500
40.00000000000000,-0.49120126310000,0.48768546020000,-0.00214525274900
41.00000000000000,0.48410206160000,0.50815910170000,-0.00946990284000
42.00000000000000,0.48301674630000,0.50114503620000,0.01244744521000
43.00000000000000,0.48376379100000,0.50908478210000,0.00858584500100
44.00000000000000,-0.48375608770000,0.51061925830000,0.00659403927400
45.00000000000000,-0.48421096500000,0.49991342250000,-0.01249970017000
46.00000000000000,-0.48240252620000,0.50765514300000,-0.00988173999500
47.00000000000000,-0.48387182550000,0.50147683170000,0.01241245214000
48.00000000000000,-0.48462268990000,0.49328581680000,-0.01054370636000
49.00000000000000,0.48458731650000,0.51249975280000,-0.00007861481817
50.00000000000000,-0.48240252620000,0.51200148180000,-0.00349491541900
51.00000000000000,0.48317548100000,0.49969088360000,-0.01249617730000
52.00000000000000,0.48240252620000,0.49234485700000,-0.00988173999500
53.00000000000000,0.48240252620000,0.48823633750000,0.00422684806000
54.00000000000000,0.48240252620000,0.49296747610000,0.01033409925000
55.00000000000000,-0.48240252620000,0.49234485700000,0.00988173999500
56.00000000000000,-0.48240252620000,0.48823633750000,-0.00422684806000
57.00000000000000,0.48240252620000,0.48799851820000,-0.00349491541900
58.00000000000000,-0.48240252620000,0.48799851820000,0.00349491541900
59.00000000000000,0.47673058020000,0.50537834200000,-0.01128376876000
60.00000000000000,0.47536884810000,0.49650508460000,0.01200148183000
61.00000000000000,0.47630988130000,0.50546359680000,0.01124273588000
62.00000000000000,0.47504328480000,0.51085163820000,0.00620418795300
63.00000000000000,-0.47689638220000,0.51223051640000,0.00258156320800
64.00000000000000,-0.47710517120000,0.49390104420000,-0.01091112908000
65.00000000000000,-0.47546940700000,0.50100808920000,-0.01245928393000
66.00000000000000,-0.47360378940000,0.50923747150000,-0.00842134911300
67.00000000000000,-0.47539362010000,0.49969576090000,0.01249629699000
68.00000000000000,0.47519162870000,0.49746393220000,-0.01224003105000
69.00000000000000,0.47360378940000,0.49076252850000,-0.00842134911300
70.00000000000000,0.47360378940000,0.48757678380000,-0.00138336505100
71.00000000000000,0.47406949290000,0.48955118460000,0.00686092241500
72.00000000000000,-0.47408032080000,0.49117735830000,0.00885499817800
73.00000000000000,-0.47337272340000,0.48766743650000,0.00203908761300
74.00000000000000,0.47679907680000,0.51194056060000,-0.00369770379400
75.00000000000000,-0.47515234300000,0.50787313370000,0.00970895286400
76.00000000000000,-0.47247408940000,0.48886361910000,-0.00567723707600
77.00000000000000,0.46914515230000,0.50990876880000,-0.00762012477200
78.00000000000000,0.46844303670000,0.50317394010000,-0.01209033101000
79.00000000000000,0.46707360710000,0.49462427300000,0.01128501479000
80.00000000000000,0.46795540400000,0.50556503440000,0.01119287236000
81.00000000000000,0.46796207130000,0.51249210920000,0.00044407961270
82.00000000000000,-0.46891026540000,0.51239233790000,-0.00163705858300
83.00000000000000,-0.46687342080000,0.51125868380000,0.00543065727000
84.00000000000000,-0.46871719660000,0.49397967060000,-0.01095470828000
85.00000000000000,-0.46695139940000,0.50219882340000,-0.01230508739000
86.00000000000000,-0.46634948660000,0.50482029870000,0.01153320078000
87.00000000000000,-0.46652827030000,0.49698404210000,0.01213070476000
88.00000000000000,0.46667426580000,0.49600572910000,-0.01184465278000
89.00000000000000,0.46480505250000,0.48945430940000,-0.00671106622500
90.00000000000000,0.46458410930000,0.48761760870000,0.00171066827000
91.00000000000000,-0.46539290390000,0.48988784700000,0.00734808554800
92.00000000000000,-0.46418379090000,0.48752068760000,0.00071886170010
93.00000000000000,0.46569463290000,0.51018772630000,0.00724294359500
94.00000000000000,-0.46325066350000,0.51017257910000,-0.00726420224000
95.00000000000000,-0.46204892240000,0.48957983770000,-0.00690436225900
96.00000000000000,0.46046803950000,0.51181399910000,-0.00408404531200
97.00000000000000,0.46090124950000,0.50775188230000,-0.00980603492000
98.00000000000000,0.45973231570000,0.50241451230000,-0.01226458847000
99.00000000000000,0.45935273820000,0.49052118940000,0.00814875137200
100.00000000000000,0.45938315560000,0.50550253870000,0.01122372791000
101.00000000000000,0.45776761340000,0.51175781390000,0.00424308991700
102.00000000000000,-0.45983426220000,0.51249696420000,0.00027547305190
103.00000000000000,-0.45827812900000,0.51007480360000,0.00739921163600
104.00000000000000,-0.45969339820000,0.49566486010000,-0.01172418705000
105.00000000000000,-0.45629868470000,0.50474275830000,-0.01156530345000
106.00000000000000,-0.45770757370000,0.50234436070000,0.01227819095000
107.00000000000000,-0.45977932000000,0.49425984660000,0.01110408208000
108.00000000000000,0.45779614630000,0.49548808680000,-0.01165729984000
109.00000000000000,0.45623460120000,0.48877086370000,-0.00549149324900
110.00000000000000,-0.45570608180000,0.48957322050000,0.00689436507000
111.00000000000000,-0.45468494650000,0.48759741750000,-0.00155754560000
112.00000000000000,0.45444636390000,0.48769635630000,0.00220688710900
113.00000000000000,0.45791171810000,0.49708790610000,0.01215605648000
114.00000000000000,-0.45301230830000,0.51122653680000,-0.00549680548600
115.00000000000000,-0.45175646870000,0.49091720070000,-0.00858794257100
116.00000000000000,0.45063862590000,0.51240389140000,-0.00154708726500
117.00000000000000,0.45250764800000,0.50960695490000,-0.00799727559600
118.00000000000000,0.45145883590000,0.50262270800000,-0.01222175939000
119.00000000000000,0.45100018030000,0.49146368790000,0.00913134029400
120.00000000000000,0.45047131100000,0.50718172850000,0.01023097138000
121.00000000000000,-0.44974072920000,0.51227611440000,0.00235521011000
122.00000000000000,-0.44977825910000,0.50844652540000,0.00921445651700
123.00000000000000,-0.45192151580000,0.49720891990000,-0.01218441101000
124.00000000000000,-0.44652473930000,0.50765115730000,-0.00988482636700
125.00000000000000,-0.44995471100000,0.49768085910000,0.01228297950000
126.00000000000000,0.44935392570000,0.49376976390000,-0.01083670423000
127.00000000000000,0.44685772680000,0.48820578460000,-0.00414083120400
128.00000000000000,-0.44693315840000,0.48876094170000,0.00547115782900
129.00000000000000,-0.44504742140000,0.48768398810000,-0.00213678540700
130.00000000000000,0.44847245800000,0.51140501130000,0.00511622104900
131.00000000000000,0.44420205700000,0.48821400850000,0.00416418105400
132.00000000000000,0.44807227980000,0.49922728530000,0.01247609362000
133.00000000000000,-0.44280449090000,0.51202170080000,-0.00342472054300
134.00000000000000,-0.44738107880000,0.50169350670000,-0.01238475011000
135.00000000000000,-0.44745529910000,0.49219362270000,0.00976270827900
136.00000000000000,-0.44239748560000,0.49107644780000,-0.00875329746500
137.00000000000000,0.44129591910000,0.51245049340000,0.00111140194700
138.00000000000000,0.44305236850000,0.51098389590000,-0.00596691131000
139.00000000000000,0.44214341320000,0.50118876000000,-0.01244334560000
140.00000000000000,0.44089621910000,0.49307766120000,0.01040822876000
141.00000000000000,0.44100581600000,0.50850061590000,0.00916458011700
142.00000000000000,-0.43970018480000,0.51165385310000,0.00452080820600
143.00000000000000,-0.44164337540000,0.50514070460000,0.01139399648000
144.00000000000000,-0.43972374910000,0.50366906950000,-0.01194939033000
145.00000000000000,-0.43709839480000,0.50907696920000,-0.00859410441200
146.00000000000000,-0.44097868550000,0.49816432600000,0.01236447739000
147.00000000000000,0.43934705760000,0.49129139530000,-0.00896717365800
148.00000000000000,0.43729808340000,0.48757483280000,-0.00136573052500
149.00000000000000,-0.43927010950000,0.49222906420000,0.00979094261200
150.00000000000000,-0.43771910450000,0.48831141270000,0.00443022879600
151.00000000000000,-0.43546171020000,0.48808698410000,-0.00378550558800
152.00000000000000,0.44485399940000,0.50699231120000,-0.01036135047000
153.00000000000000,0.43398684400000,0.48911740600000,0.00614972751000
154.00000000000000,0.43945714640000,0.50101615280000,0.01245862888000
155.00000000000000,-0.43263474480000,0.51245502720000,-0.00105938540800
156.00000000000000,-0.44155872740000,0.49827019960000,-0.01237973306000
157.00000000000000,-0.43235324890000,0.49278176080000,-0.01020524484000
158.00000000000000,0.43294397160000,0.51061908550000,0.00659431749800
159.00000000000000,0.43373678320000,0.51200343900000,-0.00348818765200
160.00000000000000,0.43558507270000,0.50780382820000,-0.00976474603100
161.00000000000000,0.43337097280000,0.49871112580000,-0.01243337457000
162.00000000000000,0.43083483190000,0.49594921050000,0.01182544311000
163.00000000000000,-0.42950220800000,0.51022428220000,0.00719124839700
164.00000000000000,-0.43253255980000,0.50443634530000,0.01168626718000
165.00000000000000,-0.43458695810000,0.49896360980000,-0.01245696173000
166.00000000000000,-0.43107739160000,0.50487139770000,-0.01151171075000
167.00000000000000,-0.42718190130000,0.51019425250000,-0.00723375527600
168.00000000000000,-0.43176096810000,0.49719596780000,0.01218143683000
169.00000000000000,0.43044410260000,0.49093936370000,-0.00861132220400
170.00000000000000,0.42701924210000,0.48751320050000,0.00057431628600
171.00000000000000,-0.43026906110000,0.49130986370000,0.00898507268000
172.00000000000000,-0.42750793180000,0.48769402690000,0.00219386087200
173.00000000000000,-0.42529096380000,0.48903005140000,-0.00599251439800
174.00000000000000,0.43261595350000,0.50491556760000,0.01149291937000
175.00000000000000,0.42380775370000,0.49046770990000,0.00808612675600
176.00000000000000,-0.42251358290000,0.51240222350000,0.00156040164200
177.00000000000000,-0.42197898240000,0.49416027590000,-0.01105204156000
178.00000000000000,0.42461346150000,0.50770701100000,0.00984134045900
179.00000000000000,0.42617490790000,0.51240469410000,0.00154063731600
180.00000000000000,0.42614169500000,0.51033817350000,-0.00702653316200
181.00000000000000,0.42590695850000,0.50369071310000,-0.01194272317000
182.00000000000000,0.42410132710000,0.49610977780000,-0.01187923279000
183.00000000000000,0.42204136980000,0.49629411020000,0.01193802249000
184.00000000000000,-0.41997983350000,0.50841852830000,0.00924004228000
185.00000000000000,-0.42388470720000,0.50187192240000,0.01235904149000
186.00000000000000,-0.42664535010000,0.49926182230000,-0.01247818471000
187.00000000000000,-0.42122799600000,0.50582147460000,-0.01106166504000
188.00000000000000,-0.41801993020000,0.51114384190000,-0.00566257773400
189.00000000000000,-0.42340426270000,0.49600070770000,0.01184295830000
190.00000000000000,0.42088765180000,0.48878094600000,-0.00551206192500
191.00000000000000,0.41686424920000,0.48785697090000,0.00296594761800
192.00000000000000,-0.42193159070000,0.49099422660000,0.00866868192400
193.00000000000000,-0.41800767990000,0.48752157430000,-0.00073409274630
194.00000000000000,-0.41555108650000,0.48970974350000,-0.00709652178900
195.00000000000000,0.41462054670000,0.49259685470000,0.01007191339000
196.00000000000000,-0.41245553270000,0.51171809820000,0.00435157157600
197.00000000000000,-0.41807729800000,0.48835823050000,0.00455183512900
198.00000000000000,-0.41193928460000,0.49551509690000,-0.01166771803000
199.00000000000000,-0.41846306040000,0.50019318890000,-0.01249850703000
200.00000000000000,0.41605209620000,0.50190750180000,0.01235360016000
201.00000000000000,0.41777883290000,0.51076791650000,0.00634838361800
202.00000000000000,0.41820174350000,0.51237812020000,-0.00174130420400
203.00000000000000,0.41640335480000,0.50812450360000,-0.00949960220300
204.00000000000000,0.41694496080000,0.50044492180000,-0.01249207928000
205.00000000000000,0.41455208400000,0.49267753700000,-0.01013072234000
206.00000000000000,-0.41051692030000,0.50609861420000,0.01091132005000
207.00000000000000,-0.41538780870000,0.49941705050000,0.01248639940000
208.00000000000000,-0.41198179150000,0.50563950830000,-0.01115553431000
209.00000000000000,-0.40855825930000,0.51165818230000,-0.00450963257500
210.00000000000000,-0.41613542700000,0.49451498120000,0.01123230022000
211.00000000000000,0.41075011590000,0.48799342900000,-0.00347739149900
212.00000000000000,0.40675691990000,0.48872057960000,0.00538745532000
213.00000000000000,-0.41286802700000,0.49071124380000,0.00836474796800
214.00000000000000,-0.41050029380000,0.48810985040000,0.00385672691900
215.00000000000000,-0.40855808240000,0.48763547710000,-0.00183536705500
216.00000000000000,-0.40589864720000,0.49011921070000,-0.00765637006700
217.00000000000000,0.40713716760000,0.49646733050000,0.01199042311000
218.00000000000000,-0.40292281100000,0.50995324350000,0.00756194042300
219.00000000000000,-0.40412005280000,0.51240189640000,0.00156299858900
220.00000000000000,-0.40146459080000,0.49531099730000,-0.01158720217000
221.00000000000000,0.41066154230000,0.50840329990000,0.00925389378400
222.00000000000000,0.41007050450000,0.51208897370000,0.00317910599700
223.00000000000000,0.41017190710000,0.51172014880000,-0.00434604547800
224.00000000000000,0.40877558100000,0.50390548550000,-0.01187422348000
225.00000000000000,0.40889409050000,0.49722492890000,-0.01218806714000
226.00000000000000,0.40370232850000,0.49157019220000,-0.00922975301500
227.00000000000000,-0.40122069350000,0.50332063790000,0.01205086569000
228.00000000000000,-0.40711702840000,0.49624660960000,0.01192317325000
229.00000000000000,-0.40283860310000,0.50789434480000,-0.00969171398100
230.00000000000000,-0.39962597940000,0.51180183880000,-0.00411905350800
231.00000000000000,0.40108900620000,0.48760157070000,-0.00159026784000
232.00000000000000,0.39906475870000,0.49270531340000,0.01015074120000
233.00000000000000,-0.40378868680000,0.49061440520000,0.00825594398800
234.00000000000000,-0.40170802720000,0.48792138110000,0.00321822396200
235.00000000000000,-0.39980859390000,0.48767639640000,-0.00209255704400
236.00000000000000,-0.39779815880000,0.49013575690000,-0.00767767598500
237.00000000000000,-0.40410310980000,0.50160282590000,-0.01239681206000
238.00000000000000,0.39835211600000,0.50044683010000,0.01249201116000
239.00000000000000,-0.39580358820000,0.51214677010000,0.00295058913600
240.00000000000000,-0.39379238430000,0.50864682580000,0.00902676044400
241.00000000000000,0.39793213630000,0.48862645310000,0.00518579127100
242.00000000000000,-0.39174946660000,0.49376654340000,-0.01083485202000
243.00000000000000,-0.39487397930000,0.50131343370000,-0.01243080415000
244.00000000000000,0.40160793340000,0.50958351240000,0.00802535299200
245.00000000000000,0.40116795940000,0.51246569410000,-0.00092545700920
246.00000000000000,0.40057740470000,0.50907388350000,-0.00859736227600
247.00000000000000,0.39991200350000,0.49990647060000,-0.01249965008000
248.00000000000000,0.39430109840000,0.48950192230000,-0.00678530509400
249.00000000000000,-0.39014018380000,0.50203485540000,0.01233326249000
250.00000000000000,-0.39423858100000,0.50812335640000,-0.00950058319000
251.00000000000000,-0.39065120020000,0.51207801010000,-0.00322050801900
252.00000000000000,-0.39743632600000,0.49544619610000,0.01164099954000
253.00000000000000,0.39269836820000,0.48750000170000,0.00000653320060
254.00000000000000,0.39046392370000,0.49062855150000,0.00827199811500
255.00000000000000,0.39287206040000,0.49591712410000,0.01181440325000
256.00000000000000,-0.39512106760000,0.48997722350000,0.00746953487200
257.00000000000000,-0.39424501670000,0.48775780480000,0.00252560043300
258.00000000000000,-0.39007091000000,0.48784820550000,-0.00292982789700
259.00000000000000,0.39523651650000,0.49389541360000,-0.01090797987000
260.00000000000000,0.39177966380000,0.50632771640000,0.01078007448000
261.00000000000000,-0.38681739120000,0.51179221220000,0.00414653237100
262.00000000000000,-0.38421177340000,0.50783979360000,0.00973589421000
263.00000000000000,-0.38358598560000,0.49097135250000,-0.00864485541100
264.00000000000000,-0.38488391960000,0.49988108260000,-0.01249943433000
265.00000000000000,0.39242273500000,0.51131858220000,0.00530468625100
266.00000000000000,0.39215788010000,0.50698551070000,-0.01036593657000
267.00000000000000,0.38953462290000,0.49960829540000,-0.01249386119000
268.00000000000000,0.38758341820000,0.49324922190000,-0.01052031343000
269.00000000000000,0.38597082960000,0.48879926540000,-0.00554919316900
270.00000000000000,-0.37940063060000,0.50188381650000,0.01235723413000
271.00000000000000,-0.38861955950000,0.49359870130000,0.01073654391000
272.00000000000000,-0.38399861480000,0.50878078440000,-0.00889650634700
273.00000000000000,-0.38067151480000,0.51228945790000,-0.00228456217000
274.00000000000000,0.38428953120000,0.48777477880000,0.00260652396000
275.00000000000000,0.38577683690000,0.49659669240000,0.01202778025000
276.00000000000000,-0.38570006420000,0.48891963250000,0.00578579784400
277.00000000000000,-0.37977763020000,0.48757142470000,-0.00133436019200
278.00000000000000,0.39043522610000,0.51211356730000,-0.00308407002400
279.00000000000000,0.38382038320000,0.50437109120000,0.01171083094000
280.00000000000000,0.38551186400000,0.50904656630000,0.00862610216200
281.00000000000000,-0.37763608660000,0.51162406600000,0.00459685644600
282.00000000000000,-0.37460109240000,0.50767307410000,0.00986782318500
283.00000000000000,-0.38389990820000,0.49668335740000,0.01205196590000
284.00000000000000,0.38023766020000,0.49173790550000,0.00938018097000
285.00000000000000,-0.37404031830000,0.49014171240000,-0.00768532147400
286.00000000000000,-0.37747054710000,0.49526615180000,-0.01156895335000
287.00000000000000,0.38335073150000,0.51224334200000,0.00252003494300
288.00000000000000,0.38243646630000,0.50518171100000,-0.01137540639000
289.00000000000000,0.38020123060000,0.49869109050000,-0.01243128135000
290.00000000000000,0.37868333720000,0.49231321920000,-0.00985714974200
291.00000000000000,0.37781482270000,0.48807009280000,-0.00373193182900
292.00000000000000,-0.36925049400000,0.50159238150000,0.01239815798000
293.00000000000000,-0.37430033200000,0.49448244550000,0.01121635379000
294.00000000000000,-0.37331354140000,0.50969383980000,-0.00789173427500
295.00000000000000,-0.37104170470000,0.51240399590000,-0.00154624882500
296.00000000000000,0.37531293630000,0.48790991590000,0.00317488036100
297.00000000000000,0.37560694530000,0.49860911050000,0.01242237603000
298.00000000000000,-0.37704805290000,0.48943507860000,0.00668075121400
299.00000000000000,-0.36939578580000,0.48752033120000,-0.00071264777790
300.00000000000000,-0.37519351160000,0.50274495200000,-0.01219488575000
301.00000000000000,0.38056157920000,0.51132486140000,-0.00529126771700
302.00000000000000,0.37793025020000,0.50874090570000,0.00893569065200
303.00000000000000,-0.36803743680000,0.51161094460000,0.00462989912700
304.00000000000000,-0.36621632450000,0.50754294710000,0.00996764508600
305.00000000000000,0.37057054110000,0.49139475950000,0.00906641256000
306.00000000000000,-0.36363902190000,0.48976714430000,-0.00717904337400
307.00000000000000,-0.36802037920000,0.49545917470000,-0.01164606825000
308.00000000000000,0.37457530510000,0.51240757630000,0.00151725112100
309.00000000000000,0.37234730890000,0.50429194580000,-0.01174006818000
310.00000000000000,0.37058186850000,0.49760129540000,-0.01226768993000
311.00000000000000,0.36994666150000,0.49162557470000,-0.00928003238500
312.00000000000000,0.36849980540000,0.48802410730000,-0.00358161884600
313.00000000000000,-0.36124280500000,0.50218277580000,0.01230794418000
314.00000000000000,-0.36387649680000,0.49461017040000,0.01127828607000
315.00000000000000,-0.36572727660000,0.50486597960000,-0.01151400202000
316.00000000000000,-0.36353202330000,0.51027484980000,-0.00711881035700
317.00000000000000,-0.36083694770000,0.51247913610000,-0.00072191520550
318.00000000000000,0.36682493370000,0.48785912760000,0.00297476325500
319.00000000000000,0.36533826290000,0.49785572790000,0.01231471061000
320.00000000000000,0.36951047510000,0.50558284900000,0.01118399737000
321.00000000000000,-0.36990829130000,0.48968930360000,0.00706679139300
322.00000000000000,-0.35963306410000,0.48751893620000,-0.00068778314910
323.00000000000000,0.37066709090000,0.51075775300000,-0.00636559114700
324.00000000000000,0.37040126170000,0.51030745730000,0.00707151497500
325.00000000000000,-0.35813641260000,0.51022543530000,0.00718960863300
326.00000000000000,0.36175165790000,0.49066186130000,0.00830958274100
327.00000000000000,-0.36193455140000,0.48885808570000,0.00566636970400
328.00000000000000,-0.35386818330000,0.48905096250000,-0.00603063657100
329.00000000000000,-0.35722779260000,0.49552699280000,-0.01167228369000
330.00000000000000,0.36433529350000,0.51248570240000,0.00059769211530
331.00000000000000,0.36261808080000,0.50167778790000,-0.01238688935000
332.00000000000000,0.36172054110000,0.49598102830000,-0.01183629444000
333.00000000000000,0.36080630200000,0.49089894730000,-0.00856859617900
334.00000000000000,0.35918349070000,0.48761643950000,-0.00170218364300
335.00000000000000,-0.35207676770000,0.50456645950000,0.01163604088000
336.00000000000000,-0.35462593660000,0.49715460290000,0.01217184108000
337.00000000000000,-0.35666764900000,0.50473521810000,-0.01156839270000
338.00000000000000,-0.35351824060000,0.51109927670000,-0.00574943962600
339.00000000000000,-0.35061946220000,0.51241921490000,0.00141883836400
340.00000000000000,0.35569179790000,0.49490546290000,0.01141471382000
341.00000000000000,0.36126620560000,0.50541895530000,0.01126432081000
342.00000000000000,-0.35208994570000,0.48808139760000,0.00376787970800
343.00000000000000,0.36090066620000,0.50935209730000,-0.00829386977200
344.00000000000000,-0.34720132620000,0.51000946130000,0.00748736837200
345.00000000000000,-0.35655194350000,0.49148011210000,0.00914666660700
346.00000000000000,0.35371207270000,0.48877606560000,0.00550211753100
347.00000000000000,0.35676446600000,0.50117761740000,0.01244440505000
348.00000000000000,-0.34514232670000,0.48800943360000,-0.00353218316900
349.00000000000000,-0.34763161510000,0.49357257090000,-0.01072092140000
350.00000000000000,0.35421612250000,0.51232139240000,-0.00210553801300
351.00000000000000,0.35371829400000,0.50192906160000,-0.01235025187000
352.00000000000000,0.35287402910000,0.49552084220000,-0.01166992484000
353.00000000000000,0.35140013560000,0.48974610950000,-0.00714896697100
354.00000000000000,0.35690475630000,0.51085965000000,0.00619015358900
355.00000000000000,-0.34271117370000,0.50462146000000,0.01161430614000
356.00000000000000,-0.34591716220000,0.49827715120000,0.01238070240000
357.00000000000000,-0.34806526350000,0.49195971370000,0.00957098718800
358.00000000000000,-0.34670199670000,0.50733411890000,-0.01012228730000
359.00000000000000,-0.34325578930000,0.51186822040000,-0.00392369017900
360.00000000000000,-0.34046762750000,0.51234606210000,0.00195569723800
361.00000000000000,0.34932813940000,0.48755913010000,-0.00121439585600
362.00000000000000,0.34738525860000,0.49210658660000,0.00969247259900
363.00000000000000,0.34756937760000,0.50039663900000,0.01249370551000
364.00000000000000,0.35297994350000,0.50651282770000,0.01066925841000
365.00000000000000,-0.34089519390000,0.48839122220000,0.00463532932900
366.00000000000000,-0.35054814030000,0.50028235160000,-0.01249681070000
367.00000000000000,0.35137517710000,0.50864262210000,-0.00903078531300
368.00000000000000,-0.33732379790000,0.50954166660000,0.00807506033700
369.00000000000000,0.34606638650000,0.48826177890000,0.00429699500300
370.00000000000000,-0.33545839000000,0.48779977980000,-0.00272114439000
371.00000000000000,-0.33872340000000,0.49128468410000,-0.00896065111800
372.00000000000000,-0.34029256220000,0.49992661960000,-0.01249978461000
373.00000000000000,0.34809498280000,0.51138828690000,0.00515334075500
374.00000000000000,0.34505887170000,0.51222567460000,-0.00260439630100
375.00000000000000,0.34568141790000,0.50138790310000,-0.01242271005000
376.00000000000000,0.34398221850000,0.49463264180000,-0.01128899754000
377.00000000000000,0.34397399210000,0.48925667400000,-0.00638990973600
378.00000000000000,-0.33260590180000,0.50343080050000,0.01201996706000
379.00000000000000,-0.33709559690000,0.49785318490000,0.01231426753000
380.00000000000000,-0.34084573290000,0.49328556900000,0.01054354857000
381.00000000000000,-0.33640720750000,0.50872975130000,-0.00894658832700
382.00000000000000,-0.33313391600000,0.51207995590000,-0.00321320193300
383.00000000000000,-0.33017927510000,0.51210498240000,0.00311759551400
384.00000000000000,0.34007373990000,0.48761408160000,-0.00168494076700
385.00000000000000,0.33954994510000,0.48999107180000,0.00748808091200
386.00000000000000,0.33987499850000,0.49564006240000,0.01171498801000
387.00000000000000,0.34301011710000,0.50703141870000,0.01033485128000
388.00000000000000,-0.32998671120000,0.48793785800000,0.00327944062700
389.00000000000000,0.34181231510000,0.50824904590000,-0.00939165811600
390.00000000000000,-0.32699978040000,0.50850483160000,0.00916066810900
391.00000000000000,0.33949404170000,0.50180885710000,0.01236842900000
392.00000000000000,-0.33310697840000,0.49167662310000,0.00932584561900
393.00000000000000,-0.32529461990000,0.48790398180000,-0.00315219678500
394.00000000000000,-0.32928820680000,0.49039683170000,-0.00800182216100
395.00000000000000,-0.33117960460000,0.49518486000000,-0.01153535552000
396.00000000000000,0.33868505860000,0.51168221120000,0.00444701494800
397.00000000000000,0.33523560240000,0.51184355870000,-0.00399751393400
398.00000000000000,0.33681230320000,0.50111390440000,-0.01245026976000
399.00000000000000,0.33542907330000,0.49284328120000,-0.01024848167000
400.00000000000000,-0.32245123060000,0.50187385430000,0.01235874872000
401.00000000000000,-0.32740033470000,0.49669862300000,0.01205615651000
402.00000000000000,-0.33051270950000,0.50308393540000,-0.01211360156000
403.00000000000000,-0.32610262410000,0.50939018620000,-0.00825072134900
404.00000000000000,-0.32292574620000,0.51229647670000,-0.00224647752800
405.00000000000000,-0.31985860960000,0.51166388640000,0.00449485869200
406.00000000000000,0.33227167800000,0.48792107130000,0.00321706118300
407.00000000000000,0.33195691250000,0.49242831410000,0.00994583194000
408.00000000000000,0.33248917000000,0.49927249450000,0.01247881147000
409.00000000000000,0.33424068830000,0.50735822100000,0.01010478025000
410.00000000000000,-0.32365816900000,0.49064953580000,0.00829571084500
411.00000000000000,-0.32004244280000,0.48770894200000,0.00227593764100
412.00000000000000,0.33182156390000,0.50737282940000,-0.01009412636000
413.00000000000000,0.33041587140000,0.48844751850000,-0.00477390521300
414.00000000000000,-0.31668735210000,0.50727403140000,0.01016555295000
415.00000000000000,-0.31620443630000,0.48817873690000,-0.00406297160200
416.00000000000000,-0.31997762940000,0.49074438730000,-0.00840140661300
417.00000000000000,-0.32248135820000,0.49478256610000,-0.01135906615000
418.00000000000000,0.32919691690000,0.51227147170000,0.00237928209300
419.00000000000000,0.32551310880000,0.51155128030000,-0.00477681100800
420.00000000000000,0.32796300380000,0.49976253040000,-0.01249774412000
421.00000000000000,0.32522845550000,0.49273334310000,-0.01017082582000
422.00000000000000,-0.31227845750000,0.50016679880000,0.01249888708000
423.00000000000000,-0.31755740950000,0.49479010170000,0.01136252436000
424.00000000000000,-0.32010458730000,0.50379330900000,-0.01191053346000
425.00000000000000,-0.31581344320000,0.51007387810000,-0.00740047163100
426.00000000000000,-0.31265032340000,0.51246388000000,-0.00094957658280
427.00000000000000,-0.30953120600000,0.51100061030000,0.00593604011800
428.00000000000000,0.32307725170000,0.48751170280000,0.00054077150860
429.00000000000000,0.32362096590000,0.48979607560000,0.00722010580500
430.00000000000000,0.32408572580000,0.49606855110000,0.01186565250000
431.00000000000000,0.32525746720000,0.50303331290000,0.01212637674000
432.00000000000000,-0.31412399060000,0.48979913090000,0.00722442180800
433.00000000000000,-0.31083939370000,0.48753876510000,0.00098367888410
434.00000000000000,0.32238497550000,0.50719333500000,-0.01022281430000
435.00000000000000,0.32143725410000,0.48876316540000,-0.00547572360100
436.00000000000000,-0.30638856800000,0.50583971140000,0.01105204828000
437.00000000000000,0.32495158930000,0.50944410460000,0.00818894919500
438.00000000000000,-0.30723306210000,0.48881971250000,-0.00559027463700
439.00000000000000,-0.31228552700000,0.49097653620000,-0.00865026598800
440.00000000000000,-0.31345461680000,0.49665057370000,-0.01204289598000
441.00000000000000,0.31868199320000,0.51243441590000,0.00127878917200
442.00000000000000,0.31560275370000,0.51111171000000,-0.00572537351400
443.00000000000000,0.31833921380000,0.49986803380000,-0.01249930338000
444.00000000000000,0.31491240880000,0.49273679160000,-0.01017328877000
445.00000000000000,-0.30273629130000,0.49811648540000,0.01235728015000
446.00000000000000,-0.30753802620000,0.49317206330000,0.01047040019000
447.00000000000000,-0.30975352210000,0.50490128900000,-0.01149901586000
448.00000000000000,-0.30550806210000,0.51079428140000,-0.00630345054700
449.00000000000000,-0.30234323780000,0.51248726320000,0.00056414420650
450.00000000000000,-0.29920573810000,0.51008950620000,0.00737915060600
451.00000000000000,0.31384844750000,0.48782852050000,-0.00284694330700
452.00000000000000,0.31467962460000,0.48807913870000,0.00376072663600
453.00000000000000,0.31552806690000,0.49258065990000,0.01005998967000
454.00000000000000,0.31530534540000,0.50082315600000,0.01247286712000
455.00000000000000,0.31769493900000,0.50799575860000,0.00960821752600
456.00000000000000,-0.30371634470000,0.48912230940000,0.00615839654200
457.00000000000000,-0.30116493080000,0.48750394220000,-0.00031390961640
458.00000000000000,0.31227098640000,0.50545088180000,-0.01124890608000
459.00000000000000,-0.29610620230000,0.50419606840000,0.01177467664000
460.00000000000000,-0.29778679090000,0.49018723880000,-0.00774336605300
461.00000000000000,-0.30478215400000,0.49349800940000,-0.01067586618000
462.00000000000000,0.30917183930000,0.51249715500000,-0.00026667888340
463.00000000000000,0.30658875860000,0.51052613740000,-0.00674169358500
464.00000000000000,0.30800585230000,0.49820929510000,-0.01237107012000
465.00000000000000,0.30643282280000,0.49127923970000,-0.00895535259900
466.00000000000000,-0.29256453570000,0.49633707830000,0.01195127628000
467.00000000000000,-0.29746499710000,0.49171538510000,0.00936029676500
468.00000000000000,-0.30437576280000,0.49950898550000,-0.01249035247000
469.00000000000000,-0.29867987140000,0.50564460670000,-0.01115295546000
470.00000000000000,-0.29518814870000,0.51147121400000,-0.00496600934000
471.00000000000000,-0.29202111550000,0.51230030550000,0.00222541806200
472.00000000000000,-0.28888750490000,0.50890342170000,0.00877377238400
473.00000000000000,0.30599218740000,0.48750250260000,-0.00025011552850
474.00000000000000,0.30674956650000,0.48989348310000,0.00735583555000
475.00000000000000,0.30807130100000,0.49560683660000,0.01170256877000
476.00000000000000,0.30892531680000,0.50730589010000,0.01014268063000
477.00000000000000,0.31137789340000,0.51108374160000,0.00577933142700
478.00000000000000,-0.29357615560000,0.48835346200000,0.00453962040600
479.00000000000000,-0.29093455610000,0.48773304730000,-0.00240247202200
480.00000000000000,0.30179853770000,0.50532685300000,-0.01130816685000
481.00000000000000,-0.28584376920000,0.50234429080000,0.01227820429000
482.00000000000000,0.30708420700000,0.50181070200000,0.01236815905000
483.00000000000000,-0.28770684870000,0.49164751290000,-0.00929978278700
484.00000000000000,-0.29509873500000,0.49704542830000,-0.01214580200000
485.00000000000000,0.30173965890000,0.51123545290000,0.00547855805000
486.00000000000000,0.29942146360000,0.51245982510000,-0.00100137813800
487.00000000000000,0.29802591660000,0.51047835260000,-0.00681572648500
488.00000000000000,0.29895721620000,0.49788043550000,-0.01231898723000
489.00000000000000,0.29857425960000,0.48934250000000,-0.00653205121000
490.00000000000000,-0.28242817580000,0.49452262460000,0.01123602947000
491.00000000000000,-0.28739120300000,0.49039504390000,0.00799967617300
492.00000000000000,-0.28868956040000,0.50804705390000,-0.00956529787800
493.00000000000000,-0.28576303280000,0.51194199290000,-0.00369307521700
494.00000000000000,-0.28299944700000,0.51204761470000,0.00333241343900
495.00000000000000,-0.27859142720000,0.50741557070000,0.01006276858000
496.00000000000000,0.29664797030000,0.48833301450000,0.00448680847600
497.00000000000000,0.29888656000000,0.49305740210000,0.01039472625000
498.00000000000000,0.30016495960000,0.49883393840000,0.01244549317000
499.00000000000000,0.30006635380000,0.50559074590000,0.01118005191000
500.00000000000000,-0.28339706210000,0.48778544850000,0.00265607454300
501.00000000000000,-0.28073640880000,0.48836909620000,-0.00457952802500
502.00000000000000,0.29138507960000,0.50592021180000,-0.01100913675000
503.00000000000000,-0.27560577950000,0.50029644510000,0.01249648432000
504.00000000000000,-0.27795343660000,0.49423713410000,-0.01109231159000
505.00000000000000,-0.28503189700000,0.49836661980000,-0.01239282330000
506.00000000000000,0.29192899820000,0.51175590120000,0.00424838651600
507.00000000000000,0.29114581790000,0.51222865320000,-0.00259037451900
508.00000000000000,0.29103337340000,0.49463145220000,-0.01128843187000
509.00000000000000,0.29067528020000,0.48813364110000,-0.00392931620800
510.00000000000000,-0.27193329100000,0.49335759250000,0.01058907089000
511.00000000000000,-0.27734295580000,0.48924087940000,0.00636327941600
512.00000000000000,-0.28133012210000,0.50366383710000,-0.01195099569000
513.00000000000000,-0.27948336310000,0.50894528250000,-0.00873108933900
514.00000000000000,-0.27590005370000,0.51211427980000,-0.00308126988400
515.00000000000000,-0.27304335710000,0.51166119810000,0.00450182840200
516.00000000000000,-0.26917905630000,0.50611370540000,0.01090287149000
517.00000000000000,0.28929860890000,0.49114188400000,0.00881951133600
518.00000000000000,0.29135682830000,0.49670382250000,0.01205757910000
519.00000000000000,0.29347822770000,0.50201778570000,0.01233606668000
520.00000000000000,0.29321478950000,0.50858616930000,0.00908447555700
521.00000000000000,-0.27320457900000,0.48750856350000,0.00046261608170
522.00000000000000,-0.27057892700000,0.48949181420000,-0.00676964046500
523.00000000000000,0.28518918140000,0.51065284770000,-0.00653963578500
524.00000000000000,0.28731330820000,0.48787558680000,0.00304115167900
525.00000000000000,-0.26660798160000,0.49910688170000,0.01246805276000
526.00000000000000,-0.26815976950000,0.49643490230000,-0.01198082127000
527.00000000000000,0.28448447130000,0.50842506080000,0.00923408637700
528.00000000000000,0.28252752310000,0.51240320760000,0.00155255968800
529.00000000000000,0.28060703980000,0.50621190290000,-0.01084722374000
530.00000000000000,0.28348677920000,0.49872980510000,-0.01243529674000
531.00000000000000,0.28287974340000,0.49202398780000,-0.00962461582500
532.00000000000000,0.28031996240000,0.48781095480000,-0.00277077198800
533.00000000000000,-0.26186553040000,0.49255159140000,0.01003848641000
534.00000000000000,-0.26744357390000,0.48866419620000,0.00526778427100
535.00000000000000,-0.27155545270000,0.50395394700000,-0.01185817451000
536.00000000000000,-0.27121498410000,0.50951992570000,-0.00810067985500
537.00000000000000,-0.26616476850000,0.51209860770000,-0.00314224301000
538.00000000000000,-0.26374986980000,0.51091390220000,0.00609399204900
539.00000000000000,-0.26007094890000,0.50549559200000,0.01122713090000
540.00000000000000,0.27993287600000,0.48915873720000,0.00622230021300
541.00000000000000,0.28132981620000,0.49472055510000,0.01133037781000
542.00000000000000,0.28411756510000,0.50150117840000,0.01240953115000
543.00000000000000,-0.26302113450000,0.48766035730000,-0.00199580008800
544.00000000000000,-0.26047358250000,0.49118092180000,-0.00885854729500
545.00000000000000,0.27744994930000,0.51133248780000,-0.00527491433800
546.00000000000000,-0.25805872400000,0.49891254370000,0.01245260771000
547.00000000000000,-0.25813226940000,0.49924015390000,-0.01247688398000
548.00000000000000,0.27474098320000,0.50913478660000,0.00853262413200
549.00000000000000,0.27236520170000,0.51244098650000,0.00121319987300
550.00000000000000,0.27148818560000,0.50749016400000,-0.01000736947000
551.00000000000000,0.27424779400000,0.50078847410000,-0.01247510756000
552.00000000000000,0.27693876290000,0.49500598420000,-0.01145904911000
553.00000000000000,0.27374491390000,0.49003178660000,-0.00754219601100
554.00000000000000,0.27202672250000,0.48750160610000,-0.00020037314500
555.00000000000000,-0.25145031850000,0.49304500410000,0.01038643498000
556.00000000000000,-0.25608719120000,0.48814019430000,0.00394905173600
557.00000000000000,-0.26304300610000,0.50685000940000,-0.01045597302000
558.00000000000000,-0.25639881420000,0.51249814770000,0.00021518208770
559.00000000000000,-0.25345344910000,0.51015204730000,0.00729286885700
560.00000000000000,-0.25011344820000,0.50364528780000,0.01195666664000
561.00000000000000,0.27137212510000,0.49251939350000,0.01001451580000
562.00000000000000,0.27427414380000,0.50068191620000,0.01248138575000
563.00000000000000,-0.25362274200000,0.48834112010000,-0.00450782863700
564.00000000000000,-0.25043633320000,0.49350422540000,-0.01067964947000
565.00000000000000,0.26945157160000,0.51149793320000,-0.00490382832800
566.00000000000000,-0.25741214450000,0.51086651610000,-0.00617809262000
567.00000000000000,-0.24811792420000,0.50136577030000,-0.01242516283000
568.00000000000000,0.26553116700000,0.51031579440000,0.00705934745800
569.00000000000000,0.26326655630000,0.51249811510000,0.00021707057920
570.00000000000000,0.26258810800000,0.50939739070000,-0.00824251468800
571.00000000000000,0.26492804910000,0.50310351300000,-0.01210860055000
572.00000000000000,0.26848251030000,0.49530077450000,-0.01158306005000
573.00000000000000,0.26388666770000,0.48933119890000,-0.00651357679800
574.00000000000000,0.26459638640000,0.48806613570000,0.00371925837600
575.00000000000000,-0.24400253770000,0.49822427820000,0.01237322966000
576.00000000000000,-0.24570357870000,0.48852868300000,0.00496577151500
577.00000000000000,-0.25318469100000,0.50689994790000,-0.01042308589000
578.00000000000000,-0.24943052120000,0.51140204360000,-0.00512283146100
579.00000000000000,-0.24668894190000,0.51241659640000,0.00144157332500
580.00000000000000,-0.24325429760000,0.50967370450000,0.00791640328200
581.00000000000000,0.26458639900000,0.49786239670000,0.01231586993000
582.00000000000000,-0.24286824890000,0.48983059160000,-0.00726864037200
583.00000000000000,-0.24048996290000,0.49649507630000,-0.01199856282000
584.00000000000000,0.26747732870000,0.50486023620000,0.01151642757000
585.00000000000000,0.26194312930000,0.49206546380000,0.00965883711900
586.00000000000000,-0.23955048160000,0.50457041560000,0.01163448760000
587.00000000000000,-0.24115783020000,0.49175862000000,0.00939838579700
588.00000000000000,-0.23779212330000,0.50477798120000,-0.01155079631000
589.00000000000000,-0.24545934480000,0.50794214610000,-0.00965258079700
590.00000000000000,0.25847565840000,0.50439512450000,0.01170183236000
591.00000000000000,0.25628394080000,0.51123968570000,0.00546986881500
592.00000000000000,0.25620412260000,0.51207466900000,-0.00323301240000
593.00000000000000,0.25463497990000,0.50532521080000,-0.01130894026000
594.00000000000000,0.25788706650000,0.49777552520000,-0.01230047608000
595.00000000000000,0.25549352940000,0.48765743060000,-0.00197761979800
596.00000000000000,0.25440815100000,0.48887066560000,0.00569103823500
597.00000000000000,-0.23545694940000,0.49785814870000,0.01231513187000
598.00000000000000,-0.23633843720000,0.48787857180000,0.00305302755100
599.00000000000000,-0.24103532800000,0.48753533880000,-0.00093926623320
600.00000000000000,-0.23959698970000,0.51160515170000,-0.00464440040800
601.00000000000000,-0.23707155280000,0.51235618820000,0.00189066469700
602.00000000000000,-0.23382559230000,0.50989900780000,0.00763280052800
603.00000000000000,0.25441892380000,0.49578397580000,0.01176754606000
604.00000000000000,-0.23294442120000,0.49209256160000,-0.00968103390000
605.00000000000000,-0.23089934640000,0.49822321240000,-0.01237307665000
606.00000000000000,0.25479359980000,0.49073726840000,-0.00839355727500
607.00000000000000,-0.23013870880000,0.50483196900000,0.01152831624000
608.00000000000000,-0.23077596230000,0.49123964300000,0.00891662180400
609.00000000000000,-0.23446177680000,0.48839419420000,-0.00464276549700
610.00000000000000,-0.22733730880000,0.50479073750000,-0.01154551144000
611.00000000000000,0.24904754980000,0.50783296620000,0.00974138799100
612.00000000000000,0.24882793360000,0.51238543740000,0.00168847307400
613.00000000000000,0.24766580390000,0.51086356220000,-0.00618328518400
614.00000000000000,0.24767099520000,0.49952916920000,-0.01249112959000
615.00000000000000,0.24759801060000,0.48909697530000,-0.00611343220300
616.00000000000000,0.24662466950000,0.48756520140000,0.00127506213900
617.00000000000000,0.24605654000000,0.49047882390000,0.00809921015000
618.00000000000000,-0.22573219910000,0.49810806550000,0.01235599385000
619.00000000000000,-0.22566679770000,0.48792415940000,0.00322863349100
620.00000000000000,-0.22946918230000,0.51213622760000,-0.00299365656200
621.00000000000000,-0.22702738500000,0.51227896560000,0.00234030019300
622.00000000000000,-0.22403000880000,0.50992328890000,0.00760120637200
623.00000000000000,0.24962393370000,0.50139609100000,0.01242179254000
624.00000000000000,-0.22631903580000,0.48979263350000,-0.00721523867100
625.00000000000000,-0.22556574070000,0.49343609950000,-0.01063791381000
626.00000000000000,-0.22053620790000,0.49886918510000,-0.01244874523000
627.00000000000000,-0.23197806450000,0.50925262320000,-0.00840469887200
628.00000000000000,0.24483810410000,0.50537644370000,-0.01128467337000
629.00000000000000,-0.22208864620000,0.50459095700000,0.01162639729000
630.00000000000000,-0.22048402200000,0.49173604540000,0.00937854219000
631.00000000000000,-0.22912224480000,0.48770011100000,-0.00222771847300
632.00000000000000,-0.21731213960000,0.50637046110000,-0.01075486984000
633.00000000000000,-0.22350586230000,0.50996854250000,-0.00754176112600
634.00000000000000,0.24070165060000,0.50173576610000,0.01237889801000
635.00000000000000,0.24124609450000,0.51035017070000,0.00700884918400
636.00000000000000,0.24025126050000,0.51249122450000,-0.00046830701730
637.00000000000000,0.23869939330000,0.50967951720000,-0.00790929500300
638.00000000000000,0.23738476170000,0.50035271960000,-0.01249502256000
639.00000000000000,0.24136460820000,0.49305080540000,-0.01039031733000
640.00000000000000,0.23922509290000,0.48804561000000,-0.00365274688100
641.00000000000000,0.23793707460000,0.48792301170000,0.00322433751300
642.00000000000000,0.23722041550000,0.49178318490000,0.00941986994900
643.00000000000000,-0.21709476450000,0.49850691650000,0.01241050771000
644.00000000000000,-0.21563356920000,0.48790530350000,0.00315726398300
645.00000000000000,-0.22049679220000,0.48796051140000,-0.00336165342300
646.00000000000000,-0.22040868480000,0.51230316250000,-0.00220956847000
647.00000000000000,-0.21889633720000,0.51208852850000,0.00318079842800
648.00000000000000,-0.21394802120000,0.50892931610000,0.00874741757800
649.00000000000000,-0.21750655930000,0.49141508550000,-0.00908566142900
650.00000000000000,-0.21055580100000,0.50220429470000,-0.01230410846000
651.00000000000000,-0.21013712190000,0.49301465020000,0.01036604494000
652.00000000000000,-0.21192197740000,0.49627913540000,-0.01193336359000
653.00000000000000,-0.20802782940000,0.50922120960000,-0.00843915238300
654.00000000000000,-0.21551761620000,0.51078355340000,-0.00632178585500
655.00000000000000,0.23302548080000,0.50561976970000,0.01116549096000
656.00000000000000,0.23225064760000,0.51088585300000,0.00614395678800
657.00000000000000,0.23244926200000,0.51231512900000,-0.00214186789400
658.00000000000000,0.23086211720000,0.50739086340000,-0.01008092943000
659.00000000000000,0.23073044920000,0.49466587060000,-0.01130473632000
660.00000000000000,0.23298157960000,0.49003803670000,-0.00755044941600
661.00000000000000,0.23055524360000,0.48768699560000,-0.00215404795500
662.00000000000000,0.22932090280000,0.48817728170000,0.00405873531500
663.00000000000000,0.23143104390000,0.49758026680000,0.01226355948000
664.00000000000000,-0.21005551750000,0.50248356060000,0.01225079291000
665.00000000000000,-0.20549951220000,0.48839925600000,0.00465539883300
666.00000000000000,-0.21074434940000,0.48790731480000,-0.00316495901200
667.00000000000000,-0.21198798210000,0.51245752690000,-0.00102957478700
668.00000000000000,-0.20710774060000,0.49093910880000,-0.00861105402800
669.00000000000000,-0.20350372830000,0.49713104110000,-0.01216630900000
670.00000000000000,-0.20104569590000,0.50409896830000,-0.01180882971000
671.00000000000000,0.22843476160000,0.50073048340000,-0.01247863751000
672.00000000000000,0.22786284410000,0.49175501980000,0.00939522756200
673.00000000000000,-0.20403185540000,0.50761819290000,0.00991025413300
674.00000000000000,-0.20248574010000,0.49933161730000,0.01248211779000
675.00000000000000,-0.19972309010000,0.49259001120000,0.01006687966000
676.00000000000000,-0.20552239320000,0.51178231450000,0.00417457365700
677.00000000000000,-0.19850222250000,0.51043899670000,-0.00687585256800
678.00000000000000,0.22405774450000,0.50644773090000,0.01070872385000
679.00000000000000,0.22367751190000,0.51196832730000,0.00360681878200
680.00000000000000,0.22566966430000,0.51092553300000,-0.00607311523700
681.00000000000000,0.22156658690000,0.50606148010000,-0.01093199248000
682.00000000000000,0.22173196500000,0.49668993350000,-0.01205377367000
683.00000000000000,0.22359645400000,0.49025494710000,-0.00782840618600
684.00000000000000,0.22182329810000,0.48750768940000,-0.00043837734100
685.00000000000000,0.22121255800000,0.48941168200000,0.00664360764600
686.00000000000000,0.22178719220000,0.49757259290000,0.01226204286000
687.00000000000000,-0.19512191140000,0.48817258820000,0.00404503765400
688.00000000000000,-0.19981305140000,0.48767474680000,-0.00208281880100
689.00000000000000,-0.19680119390000,0.49204597360000,-0.00964279336900
690.00000000000000,-0.19404622050000,0.49793012140000,-0.01232743293000
691.00000000000000,-0.19139366680000,0.50616180290000,-0.01087576135000
692.00000000000000,-0.19660942000000,0.51206230450000,0.00327884265700
693.00000000000000,-0.19568615320000,0.50530922130000,0.01131645568000
694.00000000000000,-0.19281663150000,0.49821346670000,0.01237167325000
695.00000000000000,-0.18932410340000,0.49205336870000,0.00964888861500
696.00000000000000,-0.18878668430000,0.51179303880000,-0.00414418105900
697.00000000000000,0.21494295560000,0.50875764150000,0.00891928890500
698.00000000000000,0.21740401900000,0.51211491250000,-0.00307878128700
699.00000000000000,0.21354303670000,0.50110934270000,-0.01245067704000
700.00000000000000,0.21302799970000,0.49265715940000,-0.01011596225000
701.00000000000000,0.21548985950000,0.48830576490000,-0.00441529912600
702.00000000000000,0.21342369600000,0.48769112680000,0.00217753063100
703.00000000000000,0.21364964280000,0.49128793810000,0.00896381490000
704.00000000000000,-0.18474768130000,0.48796647890000,0.00338295269800
705.00000000000000,-0.18988289050000,0.48776613360000,-0.00256564075200
706.00000000000000,-0.18761873910000,0.49194799780000,-0.00956113282100
707.00000000000000,-0.18467182670000,0.50016425110000,-0.01249892082000
708.00000000000000,-0.18203717950000,0.50678144080000,-0.01050057430000
709.00000000000000,0.21448719330000,0.50265907360000,0.01221389894000
710.00000000000000,0.21402002990000,0.51200606370000,0.00347914262400
711.00000000000000,0.21164831530000,0.50883689860000,-0.00884077049800
712.00000000000000,0.21234939460000,0.49671839230000,0.01206155260000
713.00000000000000,-0.18916279290000,0.51041232980000,0.00691616862900
714.00000000000000,-0.18623153960000,0.50428110570000,0.01174402547000
715.00000000000000,-0.18364574900000,0.49748661750000,0.01224470940000
716.00000000000000,-0.17892678910000,0.49151767490000,0.00918151188100
717.00000000000000,-0.17855694650000,0.51169209080000,-0.00442097415800
718.00000000000000,0.20601340090000,0.50549439160000,0.01122771844000
719.00000000000000,0.20679290600000,0.51068031000000,0.00649468849200
720.00000000000000,0.20720442400000,0.51240908350000,-0.00150487434300
721.00000000000000,0.20404476420000,0.50418938400000,-0.01177705660000
722.00000000000000,0.20530554890000,0.49777023400000,-0.01229951802000
723.00000000000000,0.20612704740000,0.48828033400000,-0.00434734739800
724.00000000000000,0.20577422830000,0.48867369100000,0.00528816823900
725.00000000000000,0.20575016210000,0.49368276700000,0.01078622120000
726.00000000000000,-0.17437666660000,0.48779084420000,0.00268076774400
727.00000000000000,-0.17902984840000,0.48800250090000,-0.00350856310500
728.00000000000000,-0.17778560390000,0.49377782510000,-0.01084133474000
729.00000000000000,-0.17531582740000,0.50133250030000,-0.01242877480000
730.00000000000000,-0.17403503220000,0.50767070900000,-0.00986966176000
731.00000000000000,-0.18203119180000,0.51229880200000,0.00223371210600
732.00000000000000,0.20554569150000,0.50001402220000,0.01249999214000
733.00000000000000,0.20125024780000,0.50962154850000,-0.00797971209700
734.00000000000000,0.20391087330000,0.49217695120000,-0.00974935418600
735.00000000000000,-0.17931104370000,0.50911435050000,0.00855444996900
736.00000000000000,-0.17687977020000,0.50309094460000,0.01211181496000
737.00000000000000,-0.17501989780000,0.49702677070000,0.01214124818000
738.00000000000000,-0.16853121970000,0.49098751270000,0.00866170150500
739.00000000000000,-0.16860255840000,0.51134231490000,-0.00525375040500
740.00000000000000,-0.17244700320000,0.51230588920000,0.00219433141900
741.00000000000000,0.19806567760000,0.50248767190000,0.01224995871000
742.00000000000000,0.19833858530000,0.50843617540000,0.00922393328900
743.00000000000000,0.20027242200000,0.51186816320000,0.00392386319700
744.00000000000000,0.19646372550000,0.51231659330000,-0.00213343147800
745.00000000000000,0.19465264260000,0.50518088060000,-0.01137578464000
746.00000000000000,0.19695319960000,0.50034851050000,-0.01249514067000
747.00000000000000,0.19751920530000,0.49512045740000,-0.01150826066000
748.00000000000000,0.19757456530000,0.48973676010000,-0.00713553829800
749.00000000000000,0.19846670590000,0.48751926820000,0.00069378164540
750.00000000000000,0.19767793130000,0.49166899720000,0.00931903391300
751.00000000000000,0.19941080020000,0.49656039100000,0.01201744940000
752.00000000000000,-0.16400918900000,0.48765109770000,0.00193768192800
753.00000000000000,-0.16815343310000,0.48806917000000,-0.00372898054400
754.00000000000000,-0.17155515780000,0.49059011510000,-0.00822824810000
755.00000000000000,-0.16828846000000,0.49584227810000,-0.01178827165000
756.00000000000000,-0.16578523360000,0.50419988870000,-0.01177331451000
757.00000000000000,0.19082489060000,0.50979701030000,-0.00776328464400
758.00000000000000,-0.16879522030000,0.50838562070000,0.00926991720700
759.00000000000000,-0.16774231290000,0.50131342560000,0.01243080501000
760.00000000000000,-0.15813762150000,0.49046731760000,0.00808566430200
761.00000000000000,-0.16013837520000,0.50990292590000,-0.00762771653000
762.00000000000000,-0.16258421840000,0.51236212840000,0.00185142699900
763.00000000000000,0.19076434020000,0.49675848780000,0.01207238993000
764.00000000000000,0.18861171660000,0.50639471430000,0.01074046690000
765.00000000000000,0.19207402480000,0.51174956870000,0.00426586858200
766.00000000000000,0.18548488790000,0.51244443510000,-0.00117730012100
767.00000000000000,0.18480728420000,0.50515919390000,-0.01138563651000
768.00000000000000,0.18857388470000,0.50058269770000,-0.01248641115000
769.00000000000000,0.19163784890000,0.49696594860000,-0.01212619199000
770.00000000000000,0.19057588760000,0.49246624640000,-0.00997459557000
771.00000000000000,0.18901552260000,0.48792911260000,-0.00324710276700
772.00000000000000,0.19068764470000,0.48869461590000,0.00533275634700
773.00000000000000,-0.15995675420000,0.49710327000000,0.01215972677000
774.00000000000000,-0.15364561400000,0.48755330610000,0.00115317475100
775.00000000000000,-0.15787083490000,0.48831746160000,-0.00444615526200
776.00000000000000,-0.16255351930000,0.49135555550000,-0.00902904084100
777.00000000000000,-0.15816112590000,0.49747203970000,-0.01224170808000
778.00000000000000,-0.15498129810000,0.50419071620000,-0.01177658259000
779.00000000000000,0.18053913520000,0.50995770400000,-0.00755606585500
780.00000000000000,-0.16005399550000,0.50576085820000,0.01109335443000
781.00000000000000,-0.15069311470000,0.49524922970000,0.01156201458000
782.00000000000000,-0.14823526140000,0.48963659670000,0.00698926833200
783.00000000000000,-0.14974868010000,0.50998777070000,-0.00751627804800
784.00000000000000,-0.15329880260000,0.51241604150000,-0.00144634525300
785.00000000000000,0.18124859860000,0.49991150270000,0.01249968672000
786.00000000000000,0.18241310450000,0.51078260090000,0.00632341037100
787.00000000000000,0.17593836340000,0.51242319000000,-0.00138360027100
788.00000000000000,0.17528201840000,0.50503394130000,-0.01144156609000
789.00000000000000,0.17885942370000,0.49849067010000,-0.01240854235000
790.00000000000000,0.18650644800000,0.49587844650000,-0.01180096593000
791.00000000000000,0.18288519510000,0.49178915210000,-0.00942507173700
792.00000000000000,0.18182110150000,0.48767541530000,0.00208677086700
793.00000000000000,0.18337545210000,0.49186965130000,0.00949460002900
794.00000000000000,-0.15196290020000,0.50290644090000,0.01215740931000
795.00000000000000,-0.14397751580000,0.48750081910000,0.00014309776160
796.00000000000000,-0.14790430470000,0.48881447100000,-0.00557977956500
797.00000000000000,-0.15182726150000,0.49206829600000,-0.00966116310000
798.00000000000000,-0.14803139260000,0.49821552100000,-0.01237196972000
799.00000000000000,-0.14435217010000,0.50520432150000,-0.01136507975000
800.00000000000000,-0.15418868160000,0.51058017230000,0.00665657226800
801.00000000000000,0.17937342160000,0.50690489470000,0.01041980946000
802.00000000000000,0.17068617270000,0.50964492760000,-0.00795143833100
803.00000000000000,0.18016287520000,0.48835249710000,-0.00453714412900
804.00000000000000,-0.14316355030000,0.50211650570000,0.01231951313000
805.00000000000000,-0.14160937130000,0.49490245220000,0.01141336962000
806.00000000000000,-0.13863799030000,0.48878536530000,0.00552104773100
807.00000000000000,-0.13981794460000,0.51053537020000,-0.00672725614000
808.00000000000000,-0.14441944340000,0.51234652150000,-0.00195279488900
809.00000000000000,-0.14733468080000,0.51209588380000,0.00315271248000
810.00000000000000,0.17439190000000,0.49379491820000,0.01085112714000
811.00000000000000,0.17289865300000,0.50264864840000,0.01221616394000
812.00000000000000,0.17369318100000,0.51045717680000,0.00684817157200
813.00000000000000,0.16551640870000,0.51242804670000,-0.00133927449100
814.00000000000000,0.16647017140000,0.50470654590000,-0.01158008745000
815.00000000000000,0.17037458900000,0.50088273530000,-0.01246879218000
816.00000000000000,0.17446844940000,0.49160699570000,-0.00926323259600
817.00000000000000,0.17214887550000,0.48765670130000,-0.00197306314600
818.00000000000000,0.17571779230000,0.48909770560000,0.00611473441300
819.00000000000000,-0.14509444700000,0.50879259490000,0.00888483394400
820.00000000000000,-0.13504580880000,0.48765775390000,-0.00197963688600
821.00000000000000,-0.14021799530000,0.48867293470000,-0.00528654813100
822.00000000000000,-0.14177061040000,0.49301648410000,-0.01036728054000
823.00000000000000,-0.13707479250000,0.49894129680000,-0.01245508521000
824.00000000000000,-0.13396415550000,0.50662464670000,-0.01060019135000
825.00000000000000,0.16026298690000,0.50967361230000,-0.00791651591000
826.00000000000000,-0.13611919620000,0.50875552640000,0.00892136524600
827.00000000000000,-0.13390260180000,0.50156922240000,0.01240111047000
828.00000000000000,-0.13288707730000,0.49291151010000,0.01029579095000
829.00000000000000,-0.12852178870000,0.48787565160000,0.00304141037400
830.00000000000000,-0.13044554440000,0.51139660720000,-0.00513491421200
831.00000000000000,-0.13517714110000,0.51249426680000,-0.00037854617020
832.00000000000000,-0.14052643090000,0.51206590090000,0.00326558357700
833.00000000000000,0.16765967920000,0.48909186840000,0.00610431532200
834.00000000000000,0.16566787630000,0.49508048700000,0.01149123106000
835.00000000000000,0.16454383400000,0.51093895160000,0.00604891219400
836.00000000000000,0.15511530840000,0.51230604160000,-0.00219347677500
837.00000000000000,0.15857667480000,0.50242969190000,-0.01226159032000
838.00000000000000,0.16444129890000,0.49839218720000,-0.01239616627000
839.00000000000000,0.16491822050000,0.49109719550000,-0.00877439864300
840.00000000000000,-0.12586557230000,0.48852317510000,-0.00495302841800
841.00000000000000,-0.13172613050000,0.49112871110000,-0.00880626103600
842.00000000000000,-0.12710255120000,0.50194118960000,-0.01234835142000
843.00000000000000,-0.12449638530000,0.50805520320000,-0.00955843616500
844.00000000000000,0.16361951460000,0.50120502720000,0.01244178080000
845.00000000000000,0.15678931750000,0.51156471250000,0.00474419918500
846.00000000000000,0.15052446520000,0.50980437100000,-0.00775398667000
847.00000000000000,0.15315010940000,0.50592104130000,-0.01100869068000
848.00000000000000,0.16192005020000,0.48760887810000,-0.00164623721500
849.00000000000000,-0.12705955530000,0.50915684900000,0.00850894336600
850.00000000000000,-0.12598838650000,0.49706426310000,0.01215036826000
851.00000000000000,-0.12357711740000,0.49093029050000,0.00860176553700
852.00000000000000,-0.11847026630000,0.48750111730000,0.00016712638050
853.00000000000000,-0.12761275420000,0.49615763810000,-0.01189479949000
854.00000000000000,-0.12068240660000,0.51199310860000,-0.00352354185400
855.00000000000000,-0.12594229070000,0.51241087830000,0.00148999958000
856.00000000000000,0.15848353280000,0.48947693340000,0.00674648564300
857.00000000000000,0.15688847820000,0.49552453880000,0.01167134298000
858.00000000000000,0.15731359580000,0.50578076840000,0.01108299223000
859.00000000000000,0.14790919150000,0.51191927910000,0.00376573838000
860.00000000000000,0.14541142710000,0.51216709180000,-0.00286563739700
861.00000000000000,0.14995702220000,0.49894041290000,-0.01245501005000
862.00000000000000,0.15571073990000,0.49519408170000,-0.01153920053000
863.00000000000000,0.15476361110000,0.48953559110000,-0.00683711533100
864.00000000000000,-0.12461736330000,0.50344076060000,0.01201711974000
865.00000000000000,-0.11615315800000,0.49050059350000,-0.00812473233100
866.00000000000000,-0.11920280900000,0.49675506400000,-0.01207147009000
867.00000000000000,-0.11720054020000,0.50320558120000,-0.01208198034000
868.00000000000000,-0.11425116970000,0.50948899850000,-0.00813688558200
869.00000000000000,0.14940367440000,0.50811636470000,0.00950655686200
870.00000000000000,0.14276511130000,0.50962932270000,-0.00797032900100
871.00000000000000,0.14498834340000,0.50569903430000,-0.01112524192000
872.00000000000000,0.15199331440000,0.48753352230000,0.00091484083430
873.00000000000000,-0.11831876780000,0.50874870160000,0.00892805805500
874.00000000000000,-0.11772653150000,0.50088230130000,0.01246882289000
875.00000000000000,-0.11827473590000,0.49439477490000,0.01117279965000
876.00000000000000,-0.11441022430000,0.48986622450000,0.00731823707900
877.00000000000000,-0.10893283520000,0.48802310060000,-0.00357825101600
878.00000000000000,-0.11129227920000,0.51240745690000,-0.00151822684800
879.00000000000000,-0.11796841210000,0.51221838400000,0.00263838836000
880.00000000000000,0.14986865270000,0.49074885570000,0.00840632675800
881.00000000000000,0.14913338940000,0.49847869620000,0.01240708002000
882.00000000000000,0.14066165350000,0.50939799740000,0.00824182288600
883.00000000000000,0.13924604920000,0.51219694470000,0.00273578887100
884.00000000000000,0.13683915240000,0.51166481590000,-0.00449244588800
885.00000000000000,0.13944278620000,0.49834029340000,-0.01238932500000
886.00000000000000,0.14698861580000,0.49265438940000,-0.01011395097000
887.00000000000000,0.14467972600000,0.48828563490000,-0.00436161103900
888.00000000000000,-0.10963663590000,0.48783357250000,0.00286845623800
889.00000000000000,-0.10646577490000,0.49223965470000,-0.00979933877500
890.00000000000000,-0.11049686030000,0.49878827390000,-0.01244113017000
891.00000000000000,-0.10692051730000,0.50513538050000,-0.01139639712000
892.00000000000000,-0.10403449900000,0.51075520190000,-0.00636990048000
893.00000000000000,0.14177288990000,0.50261186650000,0.01222408088000
894.00000000000000,0.13435216360000,0.50651631210000,-0.01066713067000
895.00000000000000,0.14216609550000,0.48805121990000,0.00367105642200
896.00000000000000,-0.11004345900000,0.50602963450000,0.01094958940000
897.00000000000000,-0.10941293210000,0.49627843140000,0.01193314406000
898.00000000000000,-0.10419754280000,0.49076470940000,0.00842374074300
899.00000000000000,-0.10203999940000,0.48765118150000,0.00193821597900
900.00000000000000,-0.09986036881000,0.48855556140000,-0.00502740746800
901.00000000000000,-0.10174718070000,0.51246387820000,0.00094959976840
902.00000000000000,-0.10995584280000,0.51116306990000,0.00562457739300
903.00000000000000,0.14150859660000,0.49304786000000,0.01038834678000
904.00000000000000,0.13363791340000,0.50498793020000,0.01146169935000
905.00000000000000,0.13240660980000,0.51010160640000,0.00736257760300
906.00000000000000,0.13057102830000,0.51246465660000,0.00093932715720
907.00000000000000,0.12745780900000,0.51063381290000,-0.00657054204800
908.00000000000000,0.12922567640000,0.49954991280000,-0.01249189423000
909.00000000000000,0.13840438530000,0.49114319970000,-0.00882083263300
910.00000000000000,0.13467087710000,0.48757749760000,-0.00138976053300
911.00000000000000,-0.09620610252000,0.49371801830000,-0.01080678982000
912.00000000000000,-0.10162365070000,0.50003604610000,-0.01249994803000
913.00000000000000,-0.09667789020000,0.50707645320000,-0.01030406763000
914.00000000000000,-0.09385356996000,0.51175803940000,-0.00424246511900
915.00000000000000,0.13441726720000,0.49727505980000,0.01219937296000
916.00000000000000,0.12376392960000,0.50570161290000,-0.01112392065000
917.00000000000000,0.13109723190000,0.49318466820000,-0.01047860928000
918.00000000000000,0.13246594890000,0.48931199720000,0.00648202095500
919.00000000000000,-0.10163967500000,0.50948136510000,0.00814577903800
920.00000000000000,-0.10286869940000,0.50329497030000,0.01205790905000
921.00000000000000,-0.09820006624000,0.49729972770000,0.01220485681000
922.00000000000000,-0.09519194941000,0.49067733490000,0.00832693908400
923.00000000000000,-0.09322462269000,0.48758940320000,0.00149234252100
924.00000000000000,-0.09038392276000,0.48899534110000,-0.00592853126300
925.00000000000000,-0.09144970928000,0.51167805890000,0.00445790755800
926.00000000000000,0.12639124730000,0.49968126370000,0.01249593563000
927.00000000000000,0.12518766040000,0.50632776150000,0.01078004800000
928.00000000000000,0.12369621760000,0.51111040010000,0.00572791496800
929.00000000000000,0.12113364400000,0.51246805100000,-0.00089314224410
930.00000000000000,0.11784211670000,0.51023614720000,-0.00717434946800
931.00000000000000,0.11880556790000,0.49929563290000,-0.01248013890000
932.00000000000000,0.12252916780000,0.49380981070000,-0.01085962968000
933.00000000000000,0.13131995650000,0.48911382410000,-0.00614338461200
934.00000000000000,0.12567901820000,0.48757857150000,-0.00139932598200
935.00000000000000,-0.08583570500000,0.49436456530000,-0.01115759272000
936.00000000000000,-0.09122424861000,0.50084523540000,-0.01247139034000
937.00000000000000,-0.08591879738000,0.50843372300000,-0.00922617560700
938.00000000000000,-0.08371805494000,0.51237556430000,-0.00175937754000
939.00000000000000,0.12682869250000,0.49319810650000,0.01048733736000
940.00000000000000,0.11437502470000,0.50524559580000,-0.01134608851000
941.00000000000000,0.12223614450000,0.48918106100000,0.00626103503700
942.00000000000000,-0.09474311295000,0.50587841200000,0.01103151270000
943.00000000000000,-0.08835515540000,0.49544594530000,0.01164090140000
944.00000000000000,-0.08596540931000,0.49011409550000,0.00764976418600
945.00000000000000,-0.08316237497000,0.48750000110000,-0.00000515418629
946.00000000000000,-0.07998857069000,0.48936829920000,-0.00657395904800
947.00000000000000,-0.08097315904000,0.51090287030000,0.00611370749000
948.00000000000000,0.11904761070000,0.49492196980000,0.01142206678000
949.00000000000000,0.11796532520000,0.50198300880000,0.01234170474000
950.00000000000000,0.11665428550000,0.50839725920000,0.00925937566200
951.00000000000000,0.11610826700000,0.51177290380000,0.00420103992500
952.00000000000000,0.11067740460000,0.51245692750000,-0.00103680148300
953.00000000000000,0.10881237880000,0.50983393930000,-0.00771645244900
954.00000000000000,0.10894769360000,0.49926602970000,-0.01247843290000
955.00000000000000,0.11249752450000,0.49317731120000,-0.01047382057000
956.00000000000000,0.11659773160000,0.48894442810000,-0.00583303781400
957.00000000000000,0.11633600720000,0.48753798830000,0.00097378881760
958.00000000000000,-0.09011267030000,0.50110356040000,0.01245119088000
959.00000000000000,-0.07546847924000,0.49505160110000,-0.01147882174000
960.00000000000000,-0.08081727601000,0.50155278400000,-0.01240317950000
961.00000000000000,-0.07595214912000,0.51093740330000,-0.00605171132500
962.00000000000000,-0.07364123530000,0.51245661460000,0.00104055362000
963.00000000000000,-0.08599860617000,0.50692310160000,0.01040772140000
964.00000000000000,0.10635022080000,0.50526194160000,-0.01133851714000
965.00000000000000,0.11181668950000,0.48991598390000,0.00738665139500
966.00000000000000,-0.08187863444000,0.50072238860000,0.01247910873000
967.00000000000000,-0.07882142465000,0.49415512350000,0.01104931755000
968.00000000000000,-0.07626455084000,0.48899284170000,0.00592388948700
969.00000000000000,-0.07280958096000,0.48758536900000,-0.00145840183200
970.00000000000000,-0.06959511348000,0.48979813930000,-0.00722302134500
971.00000000000000,-0.07640955020000,0.50651030040000,-0.01067080076000
972.00000000000000,-0.07122164425000,0.50965395460000,0.00794047613600
973.00000000000000,-0.07693006237000,0.50594406950000,0.01099627381000
974.00000000000000,0.10927476730000,0.49720174210000,0.01218276457000
975.00000000000000,0.10919669980000,0.50467412320000,0.01159321235000
976.00000000000000,0.10730381620000,0.51050264130000,0.00677823908900
977.00000000000000,0.10144017760000,0.51199564730000,-0.00351488904800
978.00000000000000,0.10037224300000,0.50894321170000,-0.00873321048400
979.00000000000000,0.09905295542000,0.50122469860000,-0.01243985986000
980.00000000000000,0.10241189240000,0.49389335850000,-0.01090682952000
981.00000000000000,0.10598388860000,0.48906775830000,-0.00606103053300
982.00000000000000,0.10862331020000,0.48750185720000,-0.00021547019330
983.00000000000000,-0.06510517832000,0.49578936820000,-0.01176947660000
984.00000000000000,-0.07109233180000,0.50195490360000,-0.01234618775000
985.00000000000000,-0.06826719668000,0.50759780930000,-0.00992589007600
986.00000000000000,-0.06626877801000,0.51178291620000,-0.00417287491300
987.00000000000000,-0.06364179856000,0.51182130580000,0.00406284747800
988.00000000000000,0.10202638420000,0.51231199140000,0.00215983074500
989.00000000000000,0.10147231660000,0.48838766300000,0.00462640577100
990.00000000000000,-0.07106766079000,0.49948600920000,0.01248942807000
991.00000000000000,-0.06939713710000,0.49315877790000,0.01046172452000
992.00000000000000,-0.06626740089000,0.48843412890000,0.00474137377000
993.00000000000000,-0.06257381956000,0.48766255940000,-0.00200936797900
994.00000000000000,-0.05920390402000,0.49029027100000,-0.00787217649400
995.00000000000000,-0.06121338901000,0.50635735830000,0.01076262028000
996.00000000000000,-0.07007361826000,0.50486476860000,0.01151451372000
997.00000000000000,0.10230366300000,0.49179024750000,0.00942602586000
998.00000000000000,0.10133157170000,0.50113270710000,0.01244857320000
999.00000000000000,0.10222197630000,0.50659506230000,0.01061862293000
1000.00000000000000,0.09359046913000,0.51238784180000,0.00167074129100
1001.00000000000000,0.09298491155000,0.51150251830000,-0.00489306371100
1002.00000000000000,0.09218525489000,0.50782171710000,-0.00975042260300
1003.00000000000000,0.09228052283000,0.49538880420000,-0.01161838514000
1004.00000000000000,0.09564893139000,0.48961956910000,-0.00696395394300
1005.00000000000000,0.09882648100000,0.48754144800000,-0.00101709530300
1006.00000000000000,-0.05474621919000,0.49657963680000,-0.01202294123000
1007.00000000000000,-0.06101591773000,0.50255547770000,-0.01223599336000
1008.00000000000000,-0.05867297047000,0.50889859310000,-0.00877866962700
1009.00000000000000,-0.05661584026000,0.51234511820000,-0.00196164632800
1010.00000000000000,-0.05397694720000,0.51117301600000,0.00560479381300
1011.00000000000000,0.10078532350000,0.49586835390000,0.01179743620000
1012.00000000000000,0.09002082090000,0.50158218340000,-0.01239946353000
1013.00000000000000,0.09258405512000,0.48823097960000,0.00421190684400
1014.00000000000000,0.09556680550000,0.48998059170000,0.00747405231600
1015.00000000000000,-0.06143205074000,0.49687269670000,0.01210247803000
1016.00000000000000,-0.06151777463000,0.49143233860000,0.00910193269900
1017.00000000000000,-0.05587168370000,0.48818763010000,0.00408875485800
1018.00000000000000,-0.05227866719000,0.48778242770000,-0.00264214451700
1019.00000000000000,-0.04881524104000,0.49084991990000,-0.00851622186800
1020.00000000000000,-0.04981663521000,0.50638961340000,0.01074350223000
1021.00000000000000,0.09400829477000,0.49753157620000,0.01225385180000
1022.00000000000000,0.09411030103000,0.50660736960000,0.01061096917000
1023.00000000000000,0.08558703990000,0.51247159640000,-0.00084219000640
1024.00000000000000,0.08521191601000,0.51016847810000,-0.00726994175400
1025.00000000000000,0.08398357100000,0.50494652670000,-0.01147962864000
1026.00000000000000,0.08303110630000,0.49702201290000,-0.01214008207000
1027.00000000000000,0.08558790382000,0.49053223810000,-0.00816158587700
1028.00000000000000,0.08877829912000,0.48762943820000,-0.00179421285600
1029.00000000000000,-0.04439206685000,0.49742363780000,-0.01223161305000
1030.00000000000000,-0.04958661590000,0.50381612570000,-0.01190324262000
1031.00000000000000,-0.04929641612000,0.51064708920000,-0.00654900694700
1032.00000000000000,-0.04652681874000,0.51248911470000,0.00052155075130
1033.00000000000000,-0.04508339037000,0.51061292520000,0.00660422729700
1034.00000000000000,-0.05329776236000,0.49992945940000,0.01249980096000
1035.00000000000000,0.08678200113000,0.51030558880000,0.00707423778300
1036.00000000000000,0.08196774465000,0.48849600700000,0.00488959557400
1037.00000000000000,0.08889268385000,0.49185390650000,0.00948109490800
1038.00000000000000,-0.05434504206000,0.49292857140000,0.01030751653000
1039.00000000000000,-0.04591729592000,0.48786561190000,0.00300110414600
1040.00000000000000,-0.04257851353000,0.48793625280000,-0.00327353084100
1041.00000000000000,-0.03842946487000,0.49148239720000,-0.00914879458300
1042.00000000000000,-0.04058326050000,0.50574775230000,0.01110015063000
1043.00000000000000,-0.04432802384000,0.50065928410000,0.01248260167000
1044.00000000000000,0.08550400225000,0.50037825860000,0.01249427550000
1045.00000000000000,0.07868567594000,0.51148508420000,0.00493384642900
1046.00000000000000,0.07737898814000,0.51222645580000,-0.00260072644700
1047.00000000000000,0.07716423839000,0.50852185570000,-0.00914483324500
1048.00000000000000,0.07601125137000,0.50178131200000,-0.01237242610000
1049.00000000000000,0.07518287521000,0.49134238650000,-0.00901641441900
1050.00000000000000,0.07855102417000,0.48789748070000,-0.00312714345700
1051.00000000000000,-0.04764013097000,0.48988766560000,0.00734783588600
1052.00000000000000,-0.03404341968000,0.49832218130000,-0.01238688518000
1053.00000000000000,-0.03852072475000,0.50423369480000,-0.01176120011000
1054.00000000000000,-0.04128614424000,0.50889219960000,-0.00878514574600
1055.00000000000000,-0.04205453899000,0.51173236530000,-0.00431295783600
1056.00000000000000,-0.03845241840000,0.51245942070000,0.00100639694600
1057.00000000000000,-0.03555411731000,0.51023690680000,0.00717326565300
1058.00000000000000,-0.04722847154000,0.49538639610000,0.01161742910000
1059.00000000000000,0.07955393724000,0.50611364500000,0.01090290535000
1060.00000000000000,0.07176960642000,0.48781660640000,0.00279551776900
1061.00000000000000,0.08049038842000,0.49352491930000,0.01069220887000
1062.00000000000000,-0.03901582150000,0.49082402240000,0.00848831172100
1063.00000000000000,-0.03633141301000,0.48781704620000,0.00279743378200
1064.00000000000000,-0.03294056206000,0.48816257820000,-0.00401564993700
1065.00000000000000,-0.02804700294000,0.49219325810000,-0.00976241676400
1066.00000000000000,-0.03059882317000,0.50538173410000,0.01128215132000
1067.00000000000000,-0.03549028893000,0.49998747450000,0.01249999372000
1068.00000000000000,0.07507203577000,0.49930227550000,0.01248051203000
1069.00000000000000,0.07149821206000,0.50769114530000,0.00985374463900
1070.00000000000000,0.06940183902000,0.51203954630000,0.00336144690100
1071.00000000000000,0.06895619555000,0.51141599370000,-0.00509166842100
1072.00000000000000,0.06855324814000,0.50644216940000,-0.01071207048000
1073.00000000000000,0.06818669983000,0.49786454530000,-0.01231624266000
1074.00000000000000,0.06820894075000,0.48820104550000,-0.00412730815000
1075.00000000000000,0.07357199550000,0.49114742230000,0.00882507040200
1076.00000000000000,-0.02440795222000,0.49843597700000,-0.01240176729000
1077.00000000000000,-0.02855375485000,0.50468441330000,-0.01158905827000
1078.00000000000000,-0.03204044897000,0.50866639340000,-0.00900797562500
1079.00000000000000,-0.03515068063000,0.51160398570000,-0.00464731271200
1080.00000000000000,-0.02867191919000,0.51242636540000,0.00135478525600
1081.00000000000000,-0.02584284480000,0.51021310660000,0.00720711127700
1082.00000000000000,0.06624299028000,0.49142546880000,-0.00909546119300
1083.00000000000000,0.06230736473000,0.48761456060000,0.00168845805300
1084.00000000000000,0.06479015770000,0.49009383590000,0.00762351058900
1085.00000000000000,-0.02877719238000,0.48999337910000,0.00749116407100
1086.00000000000000,-0.02651807282000,0.48761371900000,0.00168227301600
1087.00000000000000,-0.02504615547000,0.48845358580000,-0.00478856130400
1088.00000000000000,-0.01898511361000,0.49210803360000,-0.00969365085600
1089.00000000000000,-0.02033115235000,0.50533454430000,0.01130454057000
1090.00000000000000,-0.02579127510000,0.49786487240000,0.01231629937000
1091.00000000000000,0.06504436221000,0.50168619260000,0.01238574804000
1092.00000000000000,0.06257910410000,0.50875381720000,0.00892304233800
1093.00000000000000,0.06190142081000,0.51249988760000,0.00005300492107
1094.00000000000000,0.06045195341000,0.51045962780000,-0.00684442737400
1095.00000000000000,0.06043806466000,0.50386056660000,-0.01188890347000
1096.00000000000000,0.06030545514000,0.49618853990000,-0.01190473736000
1097.00000000000000,0.05828717613000,0.48892908800000,-0.00580387012600
1098.00000000000000,0.06682870896000,0.49517444690000,0.01153100332000
1099.00000000000000,-0.01643219265000,0.49842876250000,-0.01240085533000
1100.00000000000000,-0.01862168247000,0.50443034550000,-0.01168854307000
1101.00000000000000,-0.02284063171000,0.51041284960000,-0.00691538593100
1102.00000000000000,-0.01955535615000,0.51245319130000,0.00108075227300
1103.00000000000000,-0.01708627196000,0.51024587940000,0.00716044381000
1104.00000000000000,0.05383897197000,0.48760952800000,0.00165112215100
1105.00000000000000,0.05659541432000,0.48964977030000,0.00700876197500
1106.00000000000000,0.05825960909000,0.49562772940000,0.01171039066000
1107.00000000000000,-0.01901608535000,0.48930839610000,0.00647607946800
1108.00000000000000,-0.01833826046000,0.48750385250000,-0.00031031996560
1109.00000000000000,-0.01084451651000,0.49425571030000,-0.01110194289000
1110.00000000000000,-0.01097118719000,0.50697783130000,0.01037110747000
1111.00000000000000,-0.01525914082000,0.49923198260000,0.01247638366000
1112.00000000000000,0.05630825825000,0.50404392630000,0.01182779184000
1113.00000000000000,0.05482464001000,0.51109475320000,0.00575816387800
1114.00000000000000,0.05299316306000,0.51233847620000,-0.00200299905800
1115.00000000000000,0.05252611755000,0.50841815750000,-0.00924038011800
1116.00000000000000,0.05219272308000,0.50218211530000,-0.01230806130000
1117.00000000000000,0.05117079124000,0.49414302040000,-0.01104290677000
1118.00000000000000,0.04830958599000,0.48819373190000,-0.00410634074400
1119.00000000000000,-0.02013770169000,0.49339892060000,0.01061488346000
1120.00000000000000,-0.01141950625000,0.48841910160000,-0.00470455023200
1121.00000000000000,-0.00815178416500,0.50262222780000,-0.01222186243000
1122.00000000000000,-0.01198777056000,0.50912725690000,-0.00854067803400
1123.00000000000000,-0.00959738618500,0.51218568530000,0.00278551119000
1124.00000000000000,0.04587737910000,0.48823191280000,0.00421451332000
1125.00000000000000,0.04938922911000,0.49292550970000,0.01030541545000
1126.00000000000000,-0.01160264402000,0.49303737880000,0.01038132488000
1127.00000000000000,-0.00922176191900,0.48832379470000,0.00446276025600
1128.00000000000000,-0.00387093383800,0.48954383040000,-0.00684970933200
1129.00000000000000,-0.00130114269900,0.49674601200000,-0.01206903319000
1130.00000000000000,-0.00282381641400,0.50957489160000,0.00803563625900
1131.00000000000000,-0.00422016258700,0.50047697610000,0.01249089644000
1132.00000000000000,0.04945231821000,0.49908764790000,0.01246666008000
1133.00000000000000,0.04829250930000,0.50683440210000,0.01046618113000
1134.00000000000000,0.04566045832000,0.51200903660000,0.00346886729300
1135.00000000000000,0.04450134017000,0.51154447520000,-0.00479323401000
1136.00000000000000,0.04380923158000,0.50730761040000,-0.01014144127000
1137.00000000000000,0.04329254282000,0.50009445200000,-0.01249964315000
1138.00000000000000,0.04189664439000,0.49175328000000,-0.00939370050800
1139.00000000000000,0.03916714877000,0.48793610040000,-0.00327296900000
1140.00000000000000,-0.00490602689800,0.48752558740000,-0.00079939313700
1141.00000000000000,0.00269398488700,0.50435725460000,-0.01171598619000
1142.00000000000000,-0.00237393484200,0.50915732310000,-0.00850843313500
1143.00000000000000,0.00032566047510,0.51249999950000,0.00000363957798
1144.00000000000000,0.03735013048000,0.48867356200000,0.00528789212400
1145.00000000000000,0.04066116666000,0.49417298340000,0.01105874664000
1146.00000000000000,-0.00233067551200,0.49220730480000,0.00977363299300
1147.00000000000000,0.00302357988800,0.48750050720000,0.00011260802690
1148.00000000000000,0.00608831550800,0.49112073480000,-0.00879821859100
1149.00000000000000,0.00889743936500,0.49897824840000,-0.01245817096000
1150.00000000000000,0.00652593043100,0.51047993190000,0.00681329784000
1151.00000000000000,0.00423830687700,0.50500989890000,0.01145211391000
1152.00000000000000,0.04044907307000,0.50178726320000,0.01237156782000
1153.00000000000000,0.03900165564000,0.50845100490000,0.00921034833600
1154.00000000000000,0.03738748862000,0.51242573510000,0.00136055378700
1155.00000000000000,0.03620954873000,0.51104251400000,-0.00585772011800
1156.00000000000000,0.03515587761000,0.50580681880000,-0.01106936562000
1157.00000000000000,0.03520530449000,0.49775362210000,-0.01229649488000
1158.00000000000000,0.03260129452000,0.49118130440000,-0.00885892817300
1159.00000000000000,0.03016462372000,0.48773685220000,-0.00242181854000
1160.00000000000000,0.01253191412000,0.50643675120000,-0.01071532705000
1161.00000000000000,0.00697825281700,0.51040753090000,-0.00692338794600
1162.00000000000000,0.01075245213000,0.51249800380000,0.00022338716560
1163.00000000000000,0.00560142694300,0.49745859890000,0.01223892482000
1164.00000000000000,0.02774540399000,0.48880134570000,0.00555339018700
1165.00000000000000,0.03234205775000,0.49731692340000,0.01220864858000
1166.00000000000000,0.00626559464200,0.49089899980000,0.00856865193200
1167.00000000000000,0.01135125231000,0.48763523570000,-0.00183374023500
1168.00000000000000,0.01617352864000,0.49317592350000,-0.01047291649000
1169.00000000000000,0.01905547778000,0.50143649270000,-0.01241718522000
1170.00000000000000,0.01524729904000,0.51051763150000,0.00675495582100
1171.00000000000000,0.01220644976000,0.50660319520000,0.01061356739000
1172.00000000000000,0.01098269518000,0.50182015200000,0.01236677187000
1173.00000000000000,0.03270661641000,0.50414213300000,0.01179375826000
1174.00000000000000,0.03094172488000,0.51030652960000,0.00707286694500
1175.00000000000000,0.02921318483000,0.51249837640000,-0.00020146431420
1176.00000000000000,0.02800297110000,0.51008061410000,-0.00739129350800
1177.00000000000000,0.02712888535000,0.50311157450000,-0.01210653146000
1178.00000000000000,0.02577296772000,0.49629975200000,-0.01193977240000
1179.00000000000000,0.02377621664000,0.48970928960000,-0.00709586353900
1180.00000000000000,0.02198726943000,0.48751104710000,0.00052540980980
1181.00000000000000,0.03262719999000,0.49225204160000,0.00980913554300
1182.00000000000000,0.01191465510000,0.48864095740000,0.00521748515100
1183.00000000000000,0.02068123773000,0.50842669480000,-0.00923259524700
1184.00000000000000,0.01614879220000,0.51130681400000,-0.00532972389100
1185.00000000000000,0.01765519495000,0.51245906930000,0.00101073834700
1186.00000000000000,0.01561339849000,0.49532398700000,0.01159245025000
1187.00000000000000,0.01965979558000,0.48990503110000,0.00737167575200
1188.00000000000000,0.02541692820000,0.49340972590000,0.01062159534000
1189.00000000000000,0.02460834989000,0.49966387420000,0.01249547996000
1190.00000000000000,0.01622879052000,0.48765268390000,0.00194776421700
1191.00000000000000,0.01713473830000,0.48808738290000,-0.00378676029100
1192.00000000000000,0.02312097469000,0.51088932960000,0.00613779286600
1193.00000000000000,0.01913196061000,0.50697867270000,0.01037054133000
1194.00000000000000,0.01817578105000,0.50256019630000,0.01223500695000
1195.00000000000000,0.02545493964000,0.50545166950000,0.01124852435000
1196.00000000000000,0.02243592355000,0.51216178020000,-0.00288809678800
1197.00000000000000,-0.50000000000000,0.49871242920000,-0.00396273533500
1198.00000000000000,-0.50000000000000,0.50128757080000,0.00396273533500
1199.00000000000000,-0.50000000000000,0.50570014150000,-0.00169229010700
1200.00000000000000,-0.50000000000000,0.49429985850000,0.00169229010700
1201.00000000000000,0.50000000000000,0.50128757080000,0.00396273533500
1202.00000000000000,0.50000000000000,0.49871242920000,-0.00396273533500
1203.00000000000000,0.50000000000000,0.49429985850000,0.00169229010700
1204.00000000000000,0.50000000000000,0.50570014150000,-0.00169229010700
1205.00000000000000,-0.16598501970000,0.49498075020000,-0.00342094775200
1206.00000000000000,-0.17359485390000,0.49508267040000,-0.00164588820700
1207.00000000000000,-0.16040867690000,0.50117918820000,-0.00490064798700
1208.00000000000000,-0.15881459410000,0.49487286040000,0.00046637812330
1209.00000000000000,-0.16723891720000,0.50499524510000,0.00048804189140
1210.00000000000000,-0.18013687370000,0.49909547050000,0.00546449351400
1211.00000000000000,-0.15215773030000,0.49414050620000,-0.00139578839800
1212.00000000000000,-0.15001862630000,0.50482175490000,0.00300069123000
1213.00000000000000,-0.14964691950000,0.50335268040000,-0.00464616648100
1214.00000000000000,-0.18366496430000,0.50472366060000,-0.00146953964500
1215.00000000000000,-0.18815522100000,0.49891010070000,0.00510143114300
1216.00000000000000,-0.14661031440000,0.49592697150000,-0.00384931576700
1217.00000000000000,-0.18535163390000,0.49560816150000,-0.00093460145510
1218.00000000000000,-0.14492827800000,0.50565530210000,-0.00290836585500
1219.00000000000000,-0.13957995890000,0.49428351950000,-0.00070998989610
1220.00000000000000,-0.19430089570000,0.49537408260000,-0.00072832155700
1221.00000000000000,-0.13552825590000,0.50476604070000,-0.00219505368600
1222.00000000000000,-0.20501665300000,0.49796836500000,0.00472384746600
1223.00000000000000,-0.13102265310000,0.49451883090000,-0.00138817567800
1224.00000000000000,-0.12557409680000,0.50528078580000,-0.00189352850000
1225.00000000000000,-0.20605658190000,0.50083376390000,-0.00499647411700
1226.00000000000000,-0.12217420430000,0.49943248430000,0.00529360891500
1227.00000000000000,-0.21368017300000,0.49607400160000,-0.00368442102500
1228.00000000000000,-0.21535430240000,0.49727744840000,0.00398332305600
1229.00000000000000,-0.21271439150000,0.50462533060000,-0.00429894584100
1230.00000000000000,-0.11390265400000,0.50037128020000,-0.00607688697200
1231.00000000000000,-0.11569688410000,0.50443620170000,0.00007333563543
1232.00000000000000,-0.21899149830000,0.50412071870000,0.00359525303700
1233.00000000000000,-0.22273389020000,0.49507621340000,-0.00409594143900
1234.00000000000000,-0.22503587190000,0.49710471990000,0.00301997045500
1235.00000000000000,-0.22270600830000,0.50226702930000,-0.00476515647600
1236.00000000000000,-0.22494516750000,0.50601719610000,-0.00120904421600
1237.00000000000000,-0.10912988550000,0.49522488490000,0.00418182585300
1238.00000000000000,-0.10676834490000,0.50546973240000,-0.00111650337800
1239.00000000000000,-0.10248742990000,0.50188174020000,-0.00410152428000
1240.00000000000000,-0.10381362910000,0.49877856900000,0.00488527147700
1241.00000000000000,-0.23218660010000,0.50614660770000,0.00092287628090
1242.00000000000000,-0.23011531890000,0.49417523890000,-0.00280548099200
1243.00000000000000,-0.23596682830000,0.49648463530000,0.00378836586300
1244.00000000000000,-0.23256493950000,0.50220165640000,-0.00487220135200
1245.00000000000000,-0.23776797480000,0.49527998250000,-0.00328655161200
1246.00000000000000,-0.24458439010000,0.50153304280000,0.00454958490800
1247.00000000000000,-0.24713003700000,0.49546890750000,-0.00172504729800
1248.00000000000000,-0.09166324897000,0.50327811020000,-0.00345534102100
1249.00000000000000,-0.09178950003000,0.49850615360000,0.00477518423200
1250.00000000000000,-0.24321873800000,0.50141138940000,-0.00475307714300
1251.00000000000000,-0.25127327400000,0.50417439040000,0.00043913602900
1252.00000000000000,-0.08588671298000,0.50447796650000,0.00177396643500
1253.00000000000000,-0.25458189570000,0.49692400360000,-0.00345953172400
1254.00000000000000,-0.25705711360000,0.49785591370000,0.00303846640400
1255.00000000000000,-0.08471990152000,0.49697276940000,-0.00258904806900
1256.00000000000000,-0.08378155965000,0.49741821160000,0.00529817978900
1257.00000000000000,-0.07541600586000,0.49962175390000,0.00614674814700
1258.00000000000000,-0.07890850269000,0.50436358510000,0.00082740235780
1259.00000000000000,-0.26313147010000,0.49500117300000,0.00189900749000
1260.00000000000000,-0.07496308476000,0.50080461150000,-0.00482861015800
1261.00000000000000,-0.07721959675000,0.49489312970000,-0.00074155011610
1262.00000000000000,-0.26786449310000,0.50375630530000,0.00149466670100
1263.00000000000000,-0.26811981620000,0.49499618270000,-0.00033778646800
1264.00000000000000,-0.06795088340000,0.49512847640000,-0.00095261065170
1265.00000000000000,-0.06638170674000,0.50087050760000,-0.00559688380900
1266.00000000000000,-0.06924709472000,0.50464454040000,0.00108657605900
1267.00000000000000,-0.27744677920000,0.49739687770000,0.00389741468000
1268.00000000000000,-0.06106270387000,0.49492379090000,0.00202625116600
1269.00000000000000,-0.28073619260000,0.50413733100000,-0.00286809220800
1270.00000000000000,-0.05530677097000,0.50126311370000,-0.00459633259800
1271.00000000000000,-0.28262690340000,0.49746182910000,-0.00378131008300
1272.00000000000000,-0.28756889850000,0.49679572760000,0.00382371075600
1273.00000000000000,-0.05107636021000,0.49440279370000,0.00164319201700
1274.00000000000000,-0.05551482092000,0.50251216890000,0.00435239029500
1275.00000000000000,-0.29012470280000,0.50471289640000,-0.00061816404190
1276.00000000000000,-0.29378095200000,0.49673498260000,-0.00357176887000
1277.00000000000000,-0.04831800071000,0.49940170880000,0.00567096850200
1278.00000000000000,-0.04402841560000,0.49620123740000,-0.00300362894000
1279.00000000000000,-0.29781986950000,0.49871387950000,0.00445698945600
1280.00000000000000,-0.04183170834000,0.50681277030000,0.00031603029470
1281.00000000000000,-0.30038248630000,0.50445394710000,-0.00198903252700
1282.00000000000000,-0.30255797090000,0.49550592020000,-0.00306518021100
1283.00000000000000,-0.03497922712000,0.50259519110000,0.00436175649700
1284.00000000000000,-0.03363056518000,0.50171548560000,-0.00488354316300
1285.00000000000000,-0.30751888780000,0.49958902890000,0.00517458540900
1286.00000000000000,-0.30749769340000,0.50501628880000,-0.00007127354009
1287.00000000000000,-0.03141350877000,0.49469014430000,0.00106700533000
1288.00000000000000,-0.31273485520000,0.49428054380000,-0.00146034704700
1289.00000000000000,-0.31405629710000,0.50389583920000,0.00160530010200
1290.00000000000000,-0.02651325383000,0.50260396800000,0.00560647895700
1291.00000000000000,-0.02201746394000,0.50175171390000,-0.00609984041700
1292.00000000000000,-0.31737140530000,0.50038794210000,0.00520189162900
1293.00000000000000,-0.01947857936000,0.49819979350000,0.00539178737600
1294.00000000000000,-0.32122551390000,0.50359851100000,-0.00244059789000
1295.00000000000000,-0.32501296100000,0.50490561340000,0.00152629874300
1296.00000000000000,-0.01325005241000,0.50106780700000,-0.00483842387700
1297.00000000000000,-0.32529568900000,0.49659202140000,-0.00326852253400
1298.00000000000000,-0.32739361880000,0.50119292190000,0.00528269413200
1299.00000000000000,-0.01081300422000,0.49960132510000,0.00480438155400
1300.00000000000000,-0.33055172860000,0.50292469460000,-0.00234358456400
1301.00000000000000,-0.33399281240000,0.49659537060000,-0.00436015866800
1302.00000000000000,-0.33557951550000,0.50461776740000,0.00097156216380
1303.00000000000000,-0.33542981880000,0.49521988630000,0.00168788532700
1304.00000000000000,-0.33922305300000,0.50097955270000,0.00609171247500
1305.00000000000000,-0.00272440521800,0.50130568450000,-0.00457452413400
1306.00000000000000,0.00553810947800,0.50520173280000,0.00009216683675
1307.00000000000000,-0.34553821220000,0.50516584510000,0.00060306281460
1308.00000000000000,-0.34608812360000,0.49596019480000,0.00220844028100
1309.00000000000000,0.00792618284300,0.49463947240000,-0.00007055173107
1310.00000000000000,0.01409301934000,0.49969902800000,-0.00446183290200
1311.00000000000000,-0.35252351230000,0.50345262560000,0.00287234395600
1312.00000000000000,-0.35281304340000,0.50182581050000,-0.00489858691700
1313.00000000000000,0.01558959647000,0.50250440320000,0.00567991848900
1314.00000000000000,-0.35761429340000,0.49487842580000,0.00267994364400
1315.00000000000000,0.02384618497000,0.49486066190000,0.00318574835100
1316.00000000000000,-0.36341278900000,0.50472543160000,0.00266597802100
1317.00000000000000,-0.36835832060000,0.49592050230000,-0.00350838396000
1318.00000000000000,-0.36900036650000,0.49880363020000,0.00485487798000
1319.00000000000000,0.03114392763000,0.49912901480000,-0.00714644279100
1320.00000000000000,0.03139020231000,0.49547278520000,0.00350588095800
1321.00000000000000,-0.37315080550000,0.50406352250000,0.00176031546300
1322.00000000000000,-0.37899593270000,0.49822581340000,0.00447038716400
1323.00000000000000,-0.37861665730000,0.49584347070000,-0.00333933383800
1324.00000000000000,-0.38566237370000,0.50499277070000,-0.00111712555900
1325.00000000000000,0.04372226922000,0.49517944000000,-0.00166684885300
1326.00000000000000,-0.39097239280000,0.49484645800000,0.00146392637700
1327.00000000000000,-0.39494686180000,0.50538102610000,-0.00194789790500
1328.00000000000000,-0.39649483960000,0.49751565130000,-0.00374874725600
1329.00000000000000,-0.39567085020000,0.50113920530000,0.00481069712200
1330.00000000000000,0.05330631858000,0.49530476980000,-0.00173732831200
1331.00000000000000,-0.40403963150000,0.49378586430000,-0.00061338568690
1332.00000000000000,-0.40306765800000,0.50467134940000,-0.00093516517070
1333.00000000000000,0.06378763587000,0.50329665530000,-0.00440068713700
1334.00000000000000,0.06284134725000,0.49587243240000,-0.00263444187300
1335.00000000000000,-0.41315277830000,0.49391928750000,-0.00083182192200
1336.00000000000000,-0.41058283400000,0.49717995440000,0.00539206667800
1337.00000000000000,-0.41666943800000,0.49898897430000,-0.00512436250200
1338.00000000000000,0.07000604721000,0.49936074750000,0.00570278401700
1339.00000000000000,0.07323429945000,0.49593389620000,-0.00131656769400
1340.00000000000000,-0.42517674930000,0.50351182310000,0.00339187823300
1341.00000000000000,-0.42528336990000,0.50184959380000,-0.00537517847600
1342.00000000000000,0.07998322428000,0.49932081290000,0.00458170405200
1343.00000000000000,0.08458150657000,0.49588905930000,-0.00027120859140
1344.00000000000000,-0.43063273110000,0.49679502310000,-0.00168493198500
1345.00000000000000,-0.43492735340000,0.50236990960000,-0.00529653441800
1346.00000000000000,0.08846204266000,0.50331044530000,-0.00478454687700
1347.00000000000000,0.09359173862000,0.49508478540000,-0.00051936385050
1348.00000000000000,-0.44012756220000,0.49560148700000,-0.00034401478380
1349.00000000000000,0.10123280050000,0.49425211670000,-0.00250492487300
1350.00000000000000,-0.44678760070000,0.49941361510000,-0.00570511153900
1351.00000000000000,0.10404450040000,0.50033100990000,-0.00547610152500
1352.00000000000000,0.10616067190000,0.49536305100000,0.00377703190300
1353.00000000000000,0.11128984830000,0.49535194340000,-0.00246954075300
1354.00000000000000,-0.45519232620000,0.50508103820000,0.00032611721940
1355.00000000000000,-0.45702138490000,0.49672514910000,-0.00238535733500
1356.00000000000000,0.11108447690000,0.50394666040000,0.00338803223900
1357.00000000000000,0.11747150980000,0.49789223460000,-0.00467535133700
1358.00000000000000,-0.46181426640000,0.49901532950000,0.00474621151300
1359.00000000000000,0.11653832820000,0.49612580320000,0.00217736656500
1360.00000000000000,0.12275415870000,0.50382001100000,-0.00293211239600
1361.00000000000000,-0.46689475300000,0.49571465570000,-0.00273225795300
1362.00000000000000,0.12768292300000,0.49625768210000,-0.00501884698600
1363.00000000000000,0.12904976280000,0.50256883940000,-0.00438958952000
1364.00000000000000,-0.47254789370000,0.50523361540000,0.00096208240990
1365.00000000000000,0.12794083460000,0.49563278840000,0.00276876511900
1366.00000000000000,0.13963101960000,0.50286680000000,-0.00403113968200
1367.00000000000000,-0.48559063310000,0.49669005040000,0.00232563656000
1368.00000000000000,0.14043559480000,0.49481418360000,-0.00117001283500
1369.00000000000000,0.15003332930000,0.50512403400000,-0.00148098393900
1370.00000000000000,-0.49497123280000,0.49671073980000,0.00317299659900
1371.00000000000000,0.15031435410000,0.49507413150000,-0.00334316682700
1372.00000000000000,-0.49367930920000,0.49447846580000,-0.00333127611300
1373.00000000000000,-0.49476780950000,0.50504786940000,-0.00012928782910
1374.00000000000000,-0.49453521080000,0.50191348750000,-0.00550360030700
1375.00000000000000,0.15417080300000,0.50022992420000,-0.00595085074800
1376.00000000000000,0.16024463410000,0.50440434890000,-0.00042382532230
1377.00000000000000,0.16661131590000,0.49594423090000,-0.00114749568400
1378.00000000000000,0.17130221630000,0.50156740040000,-0.00576382249300
1379.00000000000000,0.17888604780000,0.49657613880000,-0.00378384973600
1380.00000000000000,0.17794904580000,0.50410241840000,0.00302327807400
1381.00000000000000,0.18329932380000,0.50005947190000,-0.00690463005900
1382.00000000000000,0.18567827280000,0.50411647380000,-0.00337788548300
1383.00000000000000,0.19095833710000,0.50379439460000,-0.00020444282960
1384.00000000000000,0.19901928290000,0.50214170040000,-0.00545867498600
1385.00000000000000,0.20231478260000,0.50603302170000,-0.00076208763990
1386.00000000000000,0.20918385420000,0.49714047560000,-0.00411599284700
1387.00000000000000,0.20984416970000,0.50122185040000,0.00610969985000
1388.00000000000000,0.21208059640000,0.50465784330000,-0.00053255105270
1389.00000000000000,0.21859039760000,0.49720149120000,-0.00414345595100
1390.00000000000000,0.22625056000000,0.49858982100000,0.00476932492400
1391.00000000000000,0.22602703180000,0.50266548250000,-0.00469956654300
1392.00000000000000,0.23693186870000,0.49627831010000,-0.00451621941000
1393.00000000000000,0.24254982990000,0.50025138830000,-0.00482055690100
1394.00000000000000,0.25285861440000,0.49996706730000,-0.00456736167700
1395.00000000000000,0.25950266610000,0.49660899300000,0.00162246308100
1396.00000000000000,0.26707925910000,0.50389674860000,-0.00400377430200
1397.00000000000000,0.27042260670000,0.50045222790000,0.00511090864600
1398.00000000000000,0.27251174250000,0.49871486060000,-0.00512451469400
1399.00000000000000,0.27772762100000,0.50461939380000,0.00029716947800
1400.00000000000000,0.28465850340000,0.49578975350000,0.00306060946400
1401.00000000000000,0.28600110030000,0.50257249310000,-0.00429888500100
1402.00000000000000,0.29357765530000,0.49721123980000,0.00339933664100
1403.00000000000000,0.29726153060000,0.50448060900000,0.00227033872100
1404.00000000000000,0.30358203850000,0.49852010000000,0.00632241117600
1405.00000000000000,0.30595209560000,0.50477552560000,0.00311046906900
1406.00000000000000,0.30703395040000,0.50226265800000,-0.00459214662600
1407.00000000000000,0.31458390140000,0.50462582390000,-0.00014408000380
1408.00000000000000,0.31848004420000,0.49456498690000,-0.00055512144340
1409.00000000000000,0.32288016890000,0.50680302760000,0.00132219421400
1410.00000000000000,0.33051531340000,0.49765433890000,-0.00413356549500
1411.00000000000000,0.33367901930000,0.50397585920000,0.00065779502260
1412.00000000000000,0.34376067800000,0.50388545760000,0.00182119350400
1413.00000000000000,0.34470520820000,0.49427565830000,-0.00075245457960
1414.00000000000000,0.35679410750000,0.50314591120000,-0.00230939251600
1415.00000000000000,0.35224811000000,0.50036973450000,0.00479828819600
1416.00000000000000,0.35464773730000,0.49459031270000,-0.00106832674800
1417.00000000000000,0.36039594180000,0.49881534750000,0.00515982130100
1418.00000000000000,0.36686338680000,0.50218987380000,-0.00435461471900
1419.00000000000000,0.37006386530000,0.49948710020000,0.00430837548700
1420.00000000000000,0.37697190870000,0.50148380570000,-0.00400576804400
1421.00000000000000,0.38164127190000,0.49930244030000,0.00425200145100
1422.00000000000000,0.38773623720000,0.50376542860000,0.00279139229300
1423.00000000000000,0.39475440000000,0.49880325940000,-0.00553936122400
1424.00000000000000,0.39470090960000,0.49612701320000,0.00421936014200
1425.00000000000000,0.40512255130000,0.50516298720000,-0.00073508460170
1426.00000000000000,0.40920570780000,0.49623928090000,-0.00410339474400
1427.00000000000000,0.42035104150000,0.49702897150000,-0.00527881446100
1428.00000000000000,0.42864835750000,0.49894594970000,-0.00479159572500
1429.00000000000000,0.43592700130000,0.49865976600000,0.00368595069300
1430.00000000000000,0.43859615330000,0.50538816490000,-0.00250065516300
1431.00000000000000,0.44593904460000,0.49733028080000,0.00390532325000
1432.00000000000000,0.44751532900000,0.50513476160000,-0.00278137069400
1433.00000000000000,0.45961862640000,0.49547784320000,0.00030720184340
1434.00000000000000,0.46294256680000,0.50481465820000,0.00113917555800
1435.00000000000000,0.47199587270000,0.49833205910000,-0.00559120016900
1436.00000000000000,0.48039319120000,0.50299507390000,0.00169358906000
1437.00000000000000,0.49426562470000,0.49571448490000,-0.00245868179900
1438.00000000000000,0.49468073320000,0.49842156460000,0.00422093968300
1439.00000000000000,0.49536109270000,0.49268784610000,0.00391727717300
1440.00000000000000,0.49490872370000,0.50167288560000,-0.00498582462600
1441.00000000000000,0.49476743580000,0.50387594510000,0.00499257902800
1442.00000000000000,0.48951843510000,0.50487824800000,-0.00012544160070
1443.00000000000000,0.48720012240000,0.49926209530000,-0.00543594388400
1444.00000000000000,0.48695343390000,0.49475306060000,0.00248496132800
1445.00000000000000,0.47728141770000,0.49576432030000,0.00145095956700
1446.00000000000000,0.47141740410000,0.50429455850000,-0.00050120887520
1447.00000000000000,0.47922678160000,0.49893056820000,-0.00559325225900
1448.00000000000000,0.48171480560000,0.50488888650000,-0.00493543097600
1449.00000000000000,0.47855853080000,0.49844979540000,0.00679335848900
1450.00000000000000,0.46482751770000,0.50239402360000,-0.00552992018400
1451.00000000000000,0.46837711850000,0.49555861040000,-0.00105044819400
1452.00000000000000,0.45637748500000,0.50447543050000,-0.00319787239900
1453.00000000000000,0.46307286140000,0.49902927940000,0.00606719753300
1454.00000000000000,0.45399701700000,0.49582195730000,0.00475994974800
1455.00000000000000,0.45299910160000,0.49832991410000,-0.00371709885400
1456.00000000000000,0.46056034640000,0.49677523540000,-0.00604197788000
1457.00000000000000,0.44348105200000,0.50510010720000,0.00384580041200
1458.00000000000000,0.44406160020000,0.49832437860000,-0.00378618884700
1459.00000000000000,0.43052911990000,0.50442772940000,0.00076096811930
1460.00000000000000,0.43569734340000,0.49903204630000,-0.00533570569100
1461.00000000000000,0.42768992500000,0.49634918850000,0.00245210546900
1462.00000000000000,0.44037466330000,0.49322943350000,0.00094568835780
1463.00000000000000,0.43761601370000,0.50512578860000,0.00531879193900
1464.00000000000000,0.42496801430000,0.49468360680000,-0.00296106535900
1465.00000000000000,0.41473004780000,0.50466861370000,0.00115445377700
1466.00000000000000,0.41973039990000,0.49712698840000,0.00328294869100
1467.00000000000000,0.42228061300000,0.50329028430000,-0.00306054440800
1468.00000000000000,0.41445658190000,0.49340988920000,-0.00139931457400
1469.00000000000000,0.41303846760000,0.50089848420000,-0.00440296713400
1470.00000000000000,0.40322243760000,0.49924993740000,-0.00573169726200
1471.00000000000000,0.40565081880000,0.49386781230000,-0.00060278900200
1472.00000000000000,0.40079334950000,0.49925814150000,0.00383943049100
1473.00000000000000,0.40688898980000,0.50310077510000,0.00591618308400
1474.00000000000000,0.38894671290000,0.49509459400000,-0.00078756746140
1475.00000000000000,0.39260157930000,0.50170181820000,0.00694288580600
1476.00000000000000,0.39820054230000,0.49341874560000,-0.00172278518200
1477.00000000000000,0.39480854050000,0.50402698640000,-0.00101587097600
1478.00000000000000,0.38439180100000,0.50526476750000,-0.00268381474700
1479.00000000000000,0.38117020780000,0.50531498100000,0.00379475374200
1480.00000000000000,0.37954795770000,0.49453673650000,0.00056227173970
1481.00000000000000,0.37522419830000,0.50681528810000,0.00064471124020
1482.00000000000000,0.37234934060000,0.49405021790000,-0.00281005052900
1483.00000000000000,0.38344256320000,0.49798584330000,-0.00475857967900
1484.00000000000000,0.36337146670000,0.49422367620000,0.00405916561900
1485.00000000000000,0.37581314750000,0.50284532180000,0.00536433952600
1486.00000000000000,0.36402954390000,0.49555835060000,-0.00382986596800
1487.00000000000000,0.36484075110000,0.50690775130000,-0.00025874676440
1488.00000000000000,0.34918897010000,0.49548121100000,0.00457136417100
1489.00000000000000,0.35846769880000,0.49900530170000,-0.00722262541800
1490.00000000000000,0.34619532050000,0.50362406800000,0.00704872600500
1491.00000000000000,0.34944220610000,0.50574163200000,-0.00044427523710
1492.00000000000000,0.33618314230000,0.49454493050000,0.00151128401100
1493.00000000000000,0.33941751200000,0.49814949740000,-0.00337588093700
1494.00000000000000,0.34834035090000,0.49855889230000,-0.00478646300000
1495.00000000000000,0.33892140630000,0.50552009280000,-0.00273647377800
1496.00000000000000,0.32834221350000,0.50293158600000,0.00431505243100
1497.00000000000000,0.32818522240000,0.50659503780000,-0.00278468519600
1498.00000000000000,0.33721306880000,0.50131003550000,0.00559299504700
1499.00000000000000,0.32287028060000,0.50005913420000,-0.00456567720700
1500.00000000000000,0.32921598760000,0.49624188100000,0.00331930006600
1501.00000000000000,0.32470604270000,0.49327744210000,-0.00153885083500
1502.00000000000000,0.33217103790000,0.50379021550000,-0.00609677929400
1503.00000000000000,0.32129150460000,0.50005361500000,0.00522007325500
1504.00000000000000,0.32066428450000,0.50703654430000,-0.00365269286700
1505.00000000000000,0.30957146190000,0.49523418700000,0.00139950907800
1506.00000000000000,0.31287335460000,0.50134229080000,0.00666116782100
1507.00000000000000,0.30340392360000,0.49777856740000,-0.00367119445800
1508.00000000000000,0.31212980590000,0.49619118610000,-0.00546619542300
1509.00000000000000,0.30164081470000,0.50567108620000,-0.00345488280500
1510.00000000000000,0.29312049600000,0.50453114390000,-0.00426302078300
1511.00000000000000,0.28939503790000,0.50476258860000,0.00396620130900
1512.00000000000000,0.29741279550000,0.49983953350000,0.00745066874100
1513.00000000000000,0.29250631710000,0.49336648030000,-0.00129537607900
1514.00000000000000,0.28117226410000,0.49856010650000,-0.00424391758100
1515.00000000000000,0.27945265200000,0.50046306290000,0.00492537421500
1516.00000000000000,0.27666775650000,0.50454956590000,-0.00600785245100
1517.00000000000000,0.26816088000000,0.49597423550000,-0.00078876596370
1518.00000000000000,0.27781115710000,0.49416766410000,-0.00171506119200
1519.00000000000000,0.26233589700000,0.50318865550000,0.00572306974800
1520.00000000000000,0.27004712440000,0.50576171800000,0.00097064138540
1521.00000000000000,0.25913196570000,0.50500301430000,-0.00219627032800
1522.00000000000000,0.26272782580000,0.49855792920000,-0.00532522499200
1523.00000000000000,0.24975724940000,0.50589215750000,-0.00407981493600
1524.00000000000000,0.24981994310000,0.49432868360000,-0.00013022353730
1525.00000000000000,0.23710886980000,0.50467778740000,-0.00073661314550
1526.00000000000000,0.24462551680000,0.50248217040000,0.00313785672400
1527.00000000000000,0.24280335710000,0.50703807260000,-0.00126534020600
1528.00000000000000,0.24148760960000,0.49475203520000,0.00084443348000
1529.00000000000000,0.23543548070000,0.49294100430000,0.00146548360400
1530.00000000000000,0.23328424880000,0.50258044010000,-0.00555603381400
1531.00000000000000,0.22904358660000,0.49599677740000,-0.00350446189100
1532.00000000000000,0.22917439490000,0.50486058750000,0.00174995746400
1533.00000000000000,0.22141457840000,0.50429364580000,-0.00122578139000
1534.00000000000000,0.22442676330000,0.49428107070000,0.00079883285500
1535.00000000000000,0.21653730810000,0.49505472740000,0.00311490485200
1536.00000000000000,0.21937725450000,0.50266484950000,-0.00622231429200
1537.00000000000000,0.20206436090000,0.49836661180000,0.00671667173200
1538.00000000000000,0.20846104500000,0.49392598640000,0.00325905571600
1539.00000000000000,0.20141996470000,0.49417105910000,-0.00291032320200
1540.00000000000000,0.20644647720000,0.50440963050000,-0.00529983904200
1541.00000000000000,0.19318274830000,0.49662579260000,-0.00610751434900
1542.00000000000000,0.18627322700000,0.50580831040000,0.00377535385000
1543.00000000000000,0.19794301790000,0.50480669870000,0.00323698986100
1544.00000000000000,0.18623172950000,0.49543161180000,-0.00016435932140
1545.00000000000000,0.17797924470000,0.49648469460000,0.00420522803500
1546.00000000000000,0.16955233290000,0.50239932570000,0.00351286091400
1547.00000000000000,0.16587751420000,0.50523910270000,-0.00345230073400
1548.00000000000000,0.17710937140000,0.50320955260000,-0.00382963351700
1549.00000000000000,0.16215806270000,0.49729344650000,0.00489090968300
1550.00000000000000,0.15934462030000,0.49570641740000,-0.00340595206100
1551.00000000000000,0.16050195650000,0.50356486460000,0.00656435220500
1552.00000000000000,-0.48700267310000,0.50419680180000,-0.00370393896200
1553.00000000000000,-0.48751088190000,0.50465325090000,0.00355290617000
1554.00000000000000,-0.48611115770000,0.49312018290000,-0.00258984421800
1555.00000000000000,0.15436080990000,0.49613571960000,0.00280416985100
1556.00000000000000,0.14574536170000,0.49775331950000,0.00359740794300
1557.00000000000000,0.14246980430000,0.50697874770000,0.00080821011790
1558.00000000000000,0.13806772750000,0.50165657790000,0.00511982745700
1559.00000000000000,0.13478614770000,0.49694385080000,-0.00632354541900
1560.00000000000000,-0.47694535330000,0.49590421690000,-0.00191488182100
1561.00000000000000,-0.47829679360000,0.49922315680000,0.00535928020400
1562.00000000000000,0.14531566610000,0.49873676800000,-0.00624641895800
1563.00000000000000,0.12282423010000,0.50092084230000,0.00537093033100
1564.00000000000000,-0.46417525840000,0.50443546620000,-0.00107663252800
1565.00000000000000,-0.47921095330000,0.50401386800000,-0.00266002078600
1566.00000000000000,-0.47027051970000,0.49941155520000,0.00458300272800
1567.00000000000000,-0.47153363470000,0.50085607120000,-0.00489186803200
1568.00000000000000,0.11781823770000,0.50550350220000,0.00283705219400
1569.00000000000000,0.11297608270000,0.49816056180000,0.00761483288600
1570.00000000000000,0.12192131040000,0.49453249360000,-0.00160688699000
1571.00000000000000,-0.46021873430000,0.49296423110000,0.00249413836500
1572.00000000000000,0.10499738660000,0.50643605010000,-0.00152031716100
1573.00000000000000,0.11258245740000,0.50434810700000,-0.00279769227400
1574.00000000000000,0.10469167150000,0.50209233510000,0.00625461624000
1575.00000000000000,-0.45138747240000,0.49512938850000,0.00378278081700
1576.00000000000000,-0.45673596790000,0.50153556410000,-0.00605984442600
1577.00000000000000,-0.44824567400000,0.50549677560000,-0.00318223926500
1578.00000000000000,-0.45437376360000,0.50155941180000,0.00569828984600
1579.00000000000000,0.09692610284000,0.50319819160000,-0.00424422491100
1580.00000000000000,-0.44788712220000,0.49419005300000,-0.00123784277400
1581.00000000000000,0.09920458546000,0.49517872940000,0.00466497942800
1582.00000000000000,0.09550529279000,0.49748292330000,-0.00716028202000
1583.00000000000000,-0.43528680410000,0.49942101460000,0.00490816100300
1584.00000000000000,-0.43730755910000,0.49667261700000,-0.00665555443200
1585.00000000000000,-0.44422809390000,0.49650884290000,0.00639274203700
1586.00000000000000,0.09067527448000,0.49793872870000,0.00581681345800
1587.00000000000000,0.08050610337000,0.50387309660000,-0.00311672432800
1588.00000000000000,0.09115245528000,0.50471224630000,0.00156119180800
1589.00000000000000,-0.43845433380000,0.50550227310000,-0.00090159341720
1590.00000000000000,-0.42172546940000,0.49506356810000,0.00095495526240
1591.00000000000000,-0.43388814540000,0.49360654480000,0.00361307384000
1592.00000000000000,0.07934130310000,0.49605165390000,-0.00587963301700
1593.00000000000000,0.08455388473000,0.50371470120000,0.00422270607900
1594.00000000000000,-0.41836480750000,0.49984811610000,0.00536476546200
1595.00000000000000,-0.42775561940000,0.50620233350000,-0.00086314587250
1596.00000000000000,-0.42917534050000,0.49848815880000,0.00666336310900
1597.00000000000000,0.07034230669000,0.49780969570000,-0.00644503122600
1598.00000000000000,0.07681153380000,0.49474107030000,0.00378547188600
1599.00000000000000,0.06275360931000,0.49754122360000,0.00587526781000
1600.00000000000000,0.06638249027000,0.50493541160000,0.00411470989200
1601.00000000000000,0.07429985493000,0.50402591540000,0.00331018195400
1602.00000000000000,-0.41261975840000,0.50380237090000,-0.00171594024300
1603.00000000000000,-0.40562382620000,0.50163153880000,0.00452772166100
1604.00000000000000,0.06771674494000,0.49358298860000,0.00308542732200
1605.00000000000000,0.05540032438000,0.50188139020000,-0.00367971130700
1606.00000000000000,-0.40793008890000,0.50321021070000,-0.00673220439500
1607.00000000000000,-0.39703984150000,0.49251167530000,0.00082332103670
1608.00000000000000,0.05238166926000,0.50206749790000,0.00410257602200
1609.00000000000000,0.05092831952000,0.49472018990000,0.00460566613600
1610.00000000000000,0.05916127646000,0.49252108990000,0.00189456588100
1611.00000000000000,-0.39999947870000,0.50318357830000,-0.00674983472600
1612.00000000000000,-0.39007123410000,0.50059913640000,-0.00566716441700
1613.00000000000000,-0.38970264970000,0.50630525150000,0.00305883539100
1614.00000000000000,-0.38480364660000,0.49577340900000,-0.00108084258300
1615.00000000000000,-0.38638370450000,0.49972709000000,0.00541408437400
1616.00000000000000,0.03665063640000,0.49585730090000,-0.00349963200700
1617.00000000000000,0.04839322124000,0.49943510460000,-0.00603206851200
1618.00000000000000,0.04112398968000,0.50434173640000,0.00109986079600
1619.00000000000000,0.04153472432000,0.49573971110000,0.00441947555900
1620.00000000000000,-0.37866234300000,0.50418681930000,-0.00406986113500
1621.00000000000000,-0.37371193950000,0.49352703670000,0.00026846453480
1622.00000000000000,-0.37379771720000,0.50197558490000,0.00749479619200
1623.00000000000000,-0.38054889340000,0.50564108620000,0.00415052800900
1624.00000000000000,-0.36796047250000,0.50374949220000,-0.00344138081900
1625.00000000000000,0.02936619115000,0.50268365610000,0.00500607227100
1626.00000000000000,0.03613939276000,0.50059273510000,0.00535242665100
1627.00000000000000,0.02286955646000,0.50039535830000,-0.00569719327200
1628.00000000000000,0.03087258690000,0.50325814860000,-0.00255929873500
1629.00000000000000,-0.36364973430000,0.49493570720000,-0.00004523036888
1630.00000000000000,-0.37427193620000,0.49840818700000,-0.00616427036300
1631.00000000000000,0.01583317269000,0.49429791590000,0.00250524886400
1632.00000000000000,0.01865685599000,0.49324155180000,-0.00254567828400
1633.00000000000000,-0.35192910820000,0.49678627870000,0.00630384893300
1634.00000000000000,-0.35965552070000,0.50080123850000,0.00647134159700
1635.00000000000000,0.02184267320000,0.50638080450000,0.00083597757650
1636.00000000000000,0.01415854051000,0.50603765260000,-0.00149148652600
1637.00000000000000,-0.35877829980000,0.50292538560000,-0.00217320463700
1638.00000000000000,-0.34523044840000,0.49908998770000,-0.00582245713000
1639.00000000000000,-0.35216515260000,0.49513632560000,-0.00306677953200
1640.00000000000000,-0.34701475490000,0.50210687220000,0.00669985868900
1641.00000000000000,0.00656806309600,0.50195008310000,-0.00425023563000
1642.00000000000000,0.01013607975000,0.49875109510000,0.00429869971200
1643.00000000000000,0.00251918928800,0.49806119170000,0.00349133669800
1644.00000000000000,0.00055259035470,0.49571395240000,-0.00311819554600
1645.00000000000000,0.00001524755522,0.50481472280000,0.00391933434000
1646.00000000000000,-0.00852641604200,0.50453608750000,-0.00292793248900
1647.00000000000000,-0.00706266951600,0.49695419800000,-0.00521880859800
1648.00000000000000,-0.34189449880000,0.49322293540000,-0.00226784569700
1649.00000000000000,-0.33079733880000,0.50587961560000,0.00447779207700
1650.00000000000000,-0.01347511889000,0.49448687170000,-0.00028050114110
1651.00000000000000,-0.00504882244100,0.49430999580000,0.00126613632400
1652.00000000000000,-0.01410517752000,0.50427426900000,0.00308330187600
1653.00000000000000,-0.32837287010000,0.49388831940000,0.00200526325800
1654.00000000000000,-0.33321266680000,0.49827840010000,0.00623245202600
1655.00000000000000,-0.31745823800000,0.49741770030000,-0.00503323338800
1656.00000000000000,-0.32627234910000,0.50036558970000,-0.00717200657300
1657.00000000000000,-0.01683117860000,0.50585285410000,-0.00312666680200
1658.00000000000000,-0.32050630270000,0.50519039600000,0.00511123795800
1659.00000000000000,-0.02250290270000,0.49371892040000,-0.00026333893330
1660.00000000000000,-0.31931246200000,0.49324217430000,0.00161427436500
1661.00000000000000,-0.32298841500000,0.49830953880000,0.00498710735100
1662.00000000000000,-0.02833300021000,0.50525348730000,-0.00150932157700
1663.00000000000000,-0.31025837610000,0.50451252110000,0.00629797041200
1664.00000000000000,-0.30826080200000,0.49860158280000,-0.00450955152200
1665.00000000000000,-0.30310262120000,0.50512313790000,0.00525447657800
1666.00000000000000,-0.31270873150000,0.50472678580000,-0.00519472369800
1667.00000000000000,-0.02698571247000,0.49751742240000,-0.00590214117500
1668.00000000000000,-0.04119026458000,0.49703655600000,0.00549212207600
1669.00000000000000,-0.03065663905000,0.49829726180000,0.00653485893800
1670.00000000000000,-0.30674553860000,0.49297340770000,0.00117644835700
1671.00000000000000,-0.29586639850000,0.50745586130000,0.00149352751500
1672.00000000000000,-0.04616339923000,0.50321532350000,-0.00564743492500
1673.00000000000000,-0.03806980572000,0.49387894110000,-0.00129541516400
1674.00000000000000,-0.03908089964000,0.50019035260000,-0.00603467171400
1675.00000000000000,-0.04844217596000,0.50498176570000,0.00110265276700
1676.00000000000000,-0.28828928020000,0.49992754940000,-0.00636233213200
1677.00000000000000,-0.29679165190000,0.49279589900000,0.00030917327200
1678.00000000000000,-0.29473575640000,0.50283358410000,-0.00606149381200
1679.00000000000000,-0.06066142083000,0.50695974710000,0.00294924263400
1680.00000000000000,-0.28406226910000,0.50309222140000,0.00422145689500
1681.00000000000000,-0.29200869670000,0.50282815030000,0.00678141657500
1682.00000000000000,-0.27583465110000,0.49480247260000,-0.00235763691400
1683.00000000000000,-0.28687482150000,0.49319032710000,-0.00081161407110
1684.00000000000000,-0.06216532608000,0.49644313980000,-0.00540955200100
1685.00000000000000,-0.27381166630000,0.50581783670000,-0.00426140316100
1686.00000000000000,-0.27721158990000,0.50460501340000,0.00447117070200
1687.00000000000000,-0.06708837731000,0.49792299570000,0.00619581421700
1688.00000000000000,-0.05520083097000,0.49334255030000,-0.00345267769900
1689.00000000000000,-0.26996289960000,0.49903409690000,0.00601288504100
1690.00000000000000,-0.07177410059000,0.49545470880000,-0.00624830986500
1691.00000000000000,-0.07190600497000,0.49493324200000,0.00300920247600
1692.00000000000000,-0.26230192840000,0.49931303410000,-0.00391398792600
1693.00000000000000,-0.26098217590000,0.50550945760000,-0.00033265539980
1694.00000000000000,-0.26289163980000,0.50166648550000,0.00603871397200
1695.00000000000000,-0.26722933380000,0.50434809530000,-0.00546932988900
1696.00000000000000,-0.08188730944000,0.50419671990000,-0.00510762293700
1697.00000000000000,-0.09022888071000,0.49264496330000,0.00079733006340
1698.00000000000000,-0.09213214217000,0.49699678110000,-0.00443987678000
1699.00000000000000,-0.25001174940000,0.50206339900000,-0.00646709639000
1700.00000000000000,-0.24434947150000,0.50684993000000,-0.00038184984340
1701.00000000000000,-0.09696330592000,0.50410519010000,0.00128773426500
1702.00000000000000,-0.09823547036000,0.49444435100000,0.00156968324700
1703.00000000000000,-0.23810752610000,0.50509140110000,0.00426911056100
1704.00000000000000,-0.24707312280000,0.49509255840000,0.00563458957900
1705.00000000000000,-0.10720506750000,0.49855395970000,-0.00657862762200
1706.00000000000000,-0.11483261640000,0.49802796470000,0.00502353483800
1707.00000000000000,-0.11270642840000,0.49452851300000,-0.00109074758700
1708.00000000000000,-0.21966114110000,0.49484465210000,0.00183437905800
1709.00000000000000,-0.22651193670000,0.50371276890000,0.00548871366500
1710.00000000000000,-0.23206620310000,0.50041109010000,0.00587443191500
1711.00000000000000,-0.11973649360000,0.50350015530000,-0.00618826246000
1712.00000000000000,-0.11980574970000,0.49684930800000,-0.00246883216100
1713.00000000000000,-0.20932133760000,0.50378477100000,0.00157355223500
1714.00000000000000,-0.21669299840000,0.50008412690000,-0.00709313147300
1715.00000000000000,-0.20838106890000,0.49399101270000,0.00077985567860
1716.00000000000000,-0.13010025590000,0.50175393090000,0.00577180007500
1717.00000000000000,-0.20043880910000,0.49709898720000,-0.00379117813300
1718.00000000000000,-0.20101469330000,0.50439394470000,0.00210144600200
1719.00000000000000,-0.13006054500000,0.50338053160000,-0.00603626396700
1720.00000000000000,-0.13507405340000,0.49428631070000,0.00379788878900
1721.00000000000000,-0.13490500410000,0.50488380680000,0.00266215096800
1722.00000000000000,-0.14079952530000,0.50115047980000,-0.00609343731200
1723.00000000000000,-0.19095668890000,0.49842758220000,-0.00656211017900
1724.00000000000000,-0.14344522320000,0.49439950140000,0.00328527512200
1725.00000000000000,-0.17766670830000,0.49458219900000,0.00271726034900
1726.00000000000000,-0.18285347630000,0.49959537560000,-0.00663041052300
1727.00000000000000,-0.17561999810000,0.50559154080000,0.00195353064300
1728.00000000000000,-0.17686828180000,0.50367290920000,-0.00492949020000
1729.00000000000000,-0.15536750000000,0.50539219270000,-0.00458208170700
1730.00000000000000,-0.15421563870000,0.49918914230000,-0.00728124651200
1731.00000000000000,-0.15688272250000,0.50243411760000,0.00493600553300
1732.00000000000000,-0.14716096390000,0.49900668330000,0.00529848390200
1733.00000000000000,-0.14179594620000,0.50686937900000,0.00198992423000
1734.00000000000000,-0.15435654630000,0.49658019720000,0.00537991832000
1735.00000000000000,-0.17178745300000,0.50000303850000,0.00584493253200
1736.00000000000000,-0.16248522330000,0.50343210790000,0.00452260953400
1737.00000000000000,-0.16972198420000,0.50172526160000,-0.00475988965900
1738.00000000000000,-0.16395426530000,0.49619528230000,0.00481620303200
1739.00000000000000,-0.19681205370000,0.50455282710000,-0.00393768971600
1740.00000000000000,-0.13909806700000,0.50039690300000,0.00505457039500
1741.00000000000000,-0.12755118630000,0.49648442590000,0.00433789838200
1742.00000000000000,-0.19812547430000,0.49926093120000,0.00477206688400
1743.00000000000000,-0.19175867320000,0.50410865600000,0.00360508065100
1744.00000000000000,-0.11906492710000,0.49399803380000,0.00383668054700
1745.00000000000000,-0.10385271620000,0.49385148910000,-0.00196824764900
1746.00000000000000,-0.09848177857000,0.49901220270000,-0.00615622821700
1747.00000000000000,-0.08629616494000,0.50113240680000,-0.00628455587500
1748.00000000000000,-0.25621069830000,0.50436533850000,-0.00468493732600
1749.00000000000000,-0.27564006680000,0.49909307440000,-0.00688874842200
1750.00000000000000,-0.06083419105000,0.50486656490000,-0.00389200763500
1751.00000000000000,-0.04949663883000,0.49875665190000,-0.00440314608500
1752.00000000000000,-0.35982599380000,0.49487002190000,-0.00478443268600
1753.00000000000000,-0.33951327240000,0.50449409890000,-0.00455284815700
1754.00000000000000,0.03485644719000,0.50663573580000,0.00249448652600
1755.00000000000000,0.04507231227000,0.50141984780000,0.00632912399800
1756.00000000000000,0.03872461813000,0.50309325250000,-0.00410823430000
1757.00000000000000,0.04846953667000,0.50561328700000,-0.00066458549790
1758.00000000000000,0.06016935972000,0.50356284380000,0.00333565308300
1759.00000000000000,-0.40678948750000,0.49858137270000,-0.00439325738400
1760.00000000000000,-0.40135164090000,0.49644482400000,0.00510116174700
1761.00000000000000,-0.41930922730000,0.50546839380000,0.00194875886100
1762.00000000000000,0.07267137412000,0.50379033340000,-0.00436649490600
1763.00000000000000,-0.44189083060000,0.50314846960000,-0.00573982283900
1764.00000000000000,-0.43390561530000,0.50481813210000,0.00355563374400
1765.00000000000000,-0.44450931080000,0.50275551580000,0.00278788304400
1766.00000000000000,0.09705957684000,0.50161672630000,0.00577441995500
1767.00000000000000,0.09945528442000,0.50651956830000,0.00244351979300
1768.00000000000000,-0.46994276370000,0.49300160760000,0.00176520826600
1769.00000000000000,0.13003635960000,0.50296090110000,0.00475864769200
1770.00000000000000,-0.48121797950000,0.50520612420000,0.00318208896700
1771.00000000000000,-0.48149696480000,0.49840559010000,-0.00628000288600
1772.00000000000000,0.13586976810000,0.49464205570000,0.00431014604600
1773.00000000000000,0.14609817330000,0.50429388820000,0.00600957689700
1774.00000000000000,0.15409750870000,0.50229694860000,0.00603063778300
1775.00000000000000,-0.48860255720000,0.49802113320000,-0.00697721211300
1776.00000000000000,0.17148645830000,0.49498278750000,0.00460007471000
1777.00000000000000,0.19501973810000,0.49689486870000,0.00315437342200
1778.00000000000000,0.18873761270000,0.49812093970000,0.00608462893200
1779.00000000000000,0.21937788530000,0.50110388440000,0.00424297154100
1780.00000000000000,0.23545831000000,0.49937135270000,0.00380199358300
1781.00000000000000,0.24459605640000,0.49744793180000,0.00599409113100
1782.00000000000000,0.25428770260000,0.50487209700000,0.00277999033800
1783.00000000000000,0.25789192440000,0.49862973160000,0.00833456698000
1784.00000000000000,0.27484554020000,0.49591685680000,0.00387935341900
1785.00000000000000,0.28730860900000,0.49727909300000,-0.00560066125800
1786.00000000000000,0.29682073840000,0.49831130540000,-0.00507545657100
1787.00000000000000,0.29978179810000,0.49406420320000,0.00173006500700
1788.00000000000000,0.31873396780000,0.49542004660000,-0.00667016845100
1789.00000000000000,0.35410318290000,0.50550665330000,0.00442407410900
1790.00000000000000,0.38788820170000,0.50028850780000,-0.00620726103400
1791.00000000000000,0.39866337760000,0.50523672810000,0.00499256680800
1792.00000000000000,0.41206083350000,0.49693903670000,0.00414620347100
1793.00000000000000,0.42375206960000,0.50443360020000,0.00460954515200
1794.00000000000000,0.43332743760000,0.49329317910000,-0.00159990678000
1795.00000000000000,0.43110535370000,0.50435994900000,-0.00591507096700
1796.00000000000000,0.44978773110000,0.49287525180000,-0.00123631855900
1797.00000000000000,0.45686645920000,0.50209431350000,0.00426997018700
1798.00000000000000,0.47133557130000,0.49973000970000,0.00450936726000
1799.00000000000000,0.47468309250000,0.50381522930000,-0.00531494392100
1800.00000000000000,0.48796502920000,0.50049219840000,0.00478357224100
1801.00000000000000,0.42705989750000,0.49977052390000,0.00714575929800
1802.00000000000000,0.25240709940000,0.50007928080000,0.00665306908700
1803.00000000000000,0.23071976240000,0.49392502060000,0.00404503244300
1804.00000000000000,0.23864641570000,0.50494285680000,0.00454308735500
1805.00000000000000,0.19286133190000,0.49247648990000,-0.00249336009000
1806.00000000000000,0.13497632000000,0.50658940050000,0.00010565817980
1807.00000000000000,-0.36212685440000,0.50044924410000,-0.00649526766800
1808.00000000000000,-0.18360130270000,0.50449475440000,0.00606799991500
1809.00000000000000,-0.19178986810000,0.49355327760000,0.00445447187100
1810.00000000000000,-0.13369275270000,0.49911949930000,-0.00644312064000
1811.00000000000000,-0.13034344130000,0.50737531120000,0.00204496657000
1812.00000000000000,-0.12229823010000,0.50618919400000,0.00451180738400
1813.00000000000000,-0.23119195360000,0.49154243140000,0.00179755587400
1814.00000000000000,-0.22721462480000,0.49737330280000,-0.00738182210900
1815.00000000000000,-0.24202530480000,0.49498530900000,0.00267099643400
1816.00000000000000,-0.25214084340000,0.49333450700000,0.00202763982000
1817.00000000000000,-0.07526350853000,0.50635704880000,0.00556435331400
1818.00000000000000,-0.07989011146000,0.49633898070000,-0.00732444205400
1819.00000000000000,-0.03564706241000,0.50694504780000,-0.00138726419500
1820.00000000000000,-0.31174058260000,0.49512306320000,0.00420361271200
1821.00000000000000,0.02155908145000,0.49955684510000,0.00668620039400
1822.00000000000000,-0.42443509490000,0.49589004310000,-0.00692418503900
1823.00000000000000,0.12392301040000,0.49916335520000,-0.00785332113600
1824.00000000000000,-0.49257587560000,0.50277375170000,0.00584082439200
1825.00000000000000,-0.48969474540000,0.49958894800000,-0.00118241474300
1826.00000000000000,0.17321428860000,0.49611063810000,-0.00213754034100
1827.00000000000000,0.18990219270000,0.50095118170000,-0.00756272489000
1828.00000000000000,0.48304182500000,0.49346949420000,-0.00118931493500
1829.00000000000000,0.46597981520000,0.49395245110000,0.00474179581000
1830.00000000000000,0.45074270730000,0.50331631330000,0.00435103720600
1831.00000000000000,0.38706904040000,0.49655314030000,0.00604926909100
1832.00000000000000,0.37505339210000,0.49471740490000,0.00600364263600
1833.00000000000000,0.34263432530000,0.49701895500000,0.00559406148800
1834.00000000000000,0.34370149040000,0.50302577150000,-0.00554479726200
1835.00000000000000,0.31543583660000,0.50299507080000,-0.00676163568000
1836.00000000000000,0.28414088270000,0.50409320740000,0.00167510648700
1837.00000000000000,0.26469091220000,0.50119795650000,0.00057543905100
1838.00000000000000,0.20386939520000,0.50005016970000,0.00101066876500
1839.00000000000000,0.17144553700000,0.50749410990000,-0.00047909552570
1840.00000000000000,0.16455342110000,0.49885477510000,-0.00635784794800
1841.00000000000000,-0.47794602630000,0.49284437900000,0.00278053011500
1842.00000000000000,-0.45795180020000,0.50669727510000,-0.00543479545900
1843.00000000000000,-0.46332850930000,0.50168429350000,-0.00666572956700
1844.00000000000000,-0.45182774540000,0.50381330660000,-0.00675938676400
1845.00000000000000,-0.45131959460000,0.49944025620000,-0.00266304165500
1846.00000000000000,0.08874774566000,0.49241229790000,0.00379740513500
1847.00000000000000,-0.41691696800000,0.49358347510000,0.00603104357500
1848.00000000000000,-0.41115278640000,0.50570651480000,0.00430799093300
1849.00000000000000,0.05653318414000,0.49764059530000,0.00450037855200
1850.00000000000000,0.02739971525000,0.49494004620000,-0.00211150191200
1851.00000000000000,0.01154685635000,0.49453597340000,-0.00488317374400
1852.00000000000000,0.02031808869000,0.49930027430000,0.00021176237490
1853.00000000000000,0.00132696895600,0.50667932870000,-0.00340746734000
1854.00000000000000,-0.00681147811000,0.50478233220000,0.00459572834300
1855.00000000000000,-0.30304848100000,0.50499688160000,-0.00680409840000
1856.00000000000000,-0.02505476280000,0.49491280470000,0.00526052784100
1857.00000000000000,-0.03977883148000,0.50027763280000,-0.00086258359190
1858.00000000000000,-0.03287116973000,0.49458976150000,-0.00581255123200
1859.00000000000000,-0.27149766550000,0.49949009050000,-0.00302716649800
1860.00000000000000,-0.10952479330000,0.50178733140000,0.00633720604700
1861.00000000000000,-0.12611379220000,0.49899123520000,-0.00643436363000
1862.00000000000000,-0.19995510200000,0.49314544900000,0.00265732192300
1863.00000000000000,-0.20663405670000,0.50688054040000,-0.00132571969600
1864.00000000000000,-0.18941766000000,0.50210876770000,-0.00215417035400
1865.00000000000000,-0.16438718780000,0.50657451260000,-0.00455000403700
1866.00000000000000,-0.17767069130000,0.50050258950000,-0.00022009763580
1867.00000000000000,-0.10896714880000,0.49938603440000,-0.00010908723740
1868.00000000000000,-0.06300153200000,0.50094543980000,0.00133716971800
1869.00000000000000,-0.34030397810000,0.49879112010000,-0.00232346554200
1870.00000000000000,0.05621245732000,0.50706271920000,-0.00126948576600
1871.00000000000000,-0.42003883180000,0.50548192980000,-0.00527711137000
1872.00000000000000,0.06778505616000,0.50053210100000,0.00032517811980
1873.00000000000000,0.10330357810000,0.49998943720000,0.00029275114680
1874.00000000000000,0.18333712150000,0.50080795980000,0.00305550061400
1875.00000000000000,0.19378240390000,0.50258828040000,0.00706959629000
1876.00000000000000,0.28568111500000,0.49261750560000,-0.00231079970400
1877.00000000000000,0.36134264270000,0.50561438700000,0.00576166228000
1878.00000000000000,0.13260814560000,0.49812443370000,0.00083747159960
1879.00000000000000,-0.17401955800000,0.49734336250000,-0.00752387210100
1880.00000000000000,-0.11526747810000,0.50458120020000,0.00678226490900
1881.00000000000000,-0.04366278473000,0.50300380330000,0.00623846747600
1882.00000000000000,-0.30020424140000,0.49898896450000,-0.00737855080900
1883.00000000000000,-0.46814135660000,0.50609207520000,-0.00518810989700
1884.00000000000000,0.20302904300000,0.50519210800000,0.00545954185900
1885.00000000000000,0.47732244770000,0.49243507420000,-0.00295520337600
1886.00000000000000,-0.03075987168000,0.50707604490000,0.00430309779500
1887.00000000000000,-0.25864460480000,0.49264234380000,-0.00199257830600
1888.00000000000000,-0.26516696910000,0.49358143780000,-0.00467006415700
1889.00000000000000,-0.02178610581000,0.50545628120000,0.00168864685900
1890.00000000000000,-0.14355064890000,0.50053194450000,-0.00009663621118
1891.00000000000000,-0.25559840410000,0.50419141260000,0.00577377388000
1892.00000000000000,-0.17001668980000,0.49884911750000,0.00123774607900
1893.00000000000000,-0.23728233250000,0.49976345130000,-0.00753657404700
1894.00000000000000,-0.17106303680000,0.49303509160000,0.00350790664900
1895.00000000000000,-0.24547351590000,0.49706326600000,-0.00743913094700
1896.00000000000000,-0.27990577370000,0.49253881360000,0.00158642272500
1897.00000000000000,-0.04835338211000,0.49212353930000,-0.00282905307600
1898.00000000000000,-0.17923081830000,0.49636220690000,-0.00425862066600
1899.00000000000000,-0.31813891030000,0.50781360810000,-0.00074137561960
1900.00000000000000,-0.32827663820000,0.50768261820000,-0.00119204656600
1901.00000000000000,-0.00356112509800,0.49844601210000,0.00699251815700
1902.00000000000000,-0.01826212741000,0.49845202010000,-0.00259706091900
1903.00000000000000,0.04734614488000,0.49972735240000,0.00048091704080
1904.00000000000000,0.00600468928100,0.49756655080000,-0.00694689405600
1905.00000000000000,0.00861509983700,0.50462448790000,0.00597146546600
1906.00000000000000,-0.37973752080000,0.49280670370000,0.00165056214200
1907.00000000000000,-0.39009510250000,0.50607900220000,-0.00383740969900
1908.00000000000000,-0.38886067960000,0.49489668590000,-0.00499839362500
1909.00000000000000,0.05661747367000,0.49776786150000,-0.00712185234700
1910.00000000000000,-0.35482552740000,0.50831668060000,-0.00039308972030
1911.00000000000000,0.06889552345000,0.50722038520000,-0.00051599099560
1912.00000000000000,0.08427424451000,0.49578515250000,0.00607504396500
1913.00000000000000,-0.45622787320000,0.49656321570000,0.00639481378300
1914.00000000000000,0.40681867510000,0.49885631160000,0.00201461038200
1915.00000000000000,-0.47368101480000,0.49596091340000,-0.00692447312300
1916.00000000000000,0.08753171551000,0.49679083430000,-0.00667354194200
1917.00000000000000,0.16110688820000,0.49291845910000,0.00166315425600
1918.00000000000000,0.21669895760000,0.50655497410000,0.00386105708300
1919.00000000000000,-0.46538054710000,0.50475655010000,0.00550074283200
1920.00000000000000,-0.16383316220000,0.49793710910000,-0.00801666939200
1921.00000000000000,0.14725077720000,0.49224516340000,0.00126788516500
1922.00000000000000,0.15944351370000,0.50370622580000,-0.00645311497000
1923.00000000000000,0.21265811860000,0.50332150010000,-0.00714055673800
1924.00000000000000,0.42189972920000,0.49253054480000,0.00052849245030
1925.00000000000000,0.25715379540000,0.49306214810000,-0.00322539664300
1926.00000000000000,0.20188173190000,0.49373485000000,0.00411226759500
1927.00000000000000,0.24538049630000,0.49412926670000,-0.00492722878000
1928.00000000000000,0.44793522150000,0.50021058110000,-0.00777417276800
1929.00000000000000,0.26583172270000,0.49561780980000,0.00503838489600
1930.00000000000000,-0.15602848670000,0.50642252670000,0.00176330232800
1931.00000000000000,0.17723898800000,0.49233703650000,-0.00036521608000
1932.00000000000000,0.02592755935000,0.50078498280000,0.00000690258784
1933.00000000000000,-0.23769757250000,0.50255636940000,-0.00106068956900
1934.00000000000000,-0.21750088030000,0.50170348830000,-0.00177011425600
1935.00000000000000,-0.09931763724000,0.50642525310000,-0.00359994949400
1936.00000000000000,-0.16259045250000,0.49949874790000,0.00026621516170
1937.00000000000000,-0.25081420020000,0.49926233680000,0.00491762840800
1938.00000000000000,-0.21775439100000,0.50708698570000,-0.00294245444500
1939.00000000000000,-0.22909522270000,0.49934604140000,-0.00060029757310
1940.00000000000000,-0.21465116180000,0.50310338230000,0.00636537031700
1941.00000000000000,-0.09832812830000,0.50111078620000,0.00698824215700
1942.00000000000000,-0.06441845342000,0.50440760790000,0.00623451412200
1943.00000000000000,-0.27273138600000,0.49211853110000,0.00301274647400
1944.00000000000000,-0.02639961705000,0.49972664670000,0.00051331099900
1945.00000000000000,-0.43078830150000,0.49869210750000,-0.00775186181200
1946.00000000000000,0.35588280530000,0.49435517520000,0.00504473104300
1947.00000000000000,-0.08171816214000,0.50361200170000,0.00751060466700
1948.00000000000000,-0.39040098870000,0.50123370620000,0.00075025498800
1949.00000000000000,0.40325737750000,0.49397511900000,0.00448745793100
1950.00000000000000,0.46834419130000,0.50545423650000,0.00583590390400
1951.00000000000000,-0.18623838200000,0.50408739820000,-0.00663099089400
1952.00000000000000,0.26047049340000,0.50304026820000,-0.00747224898800
1953.00000000000000,-0.15378384030000,0.50082626000000,-0.00040496835820
1954.00000000000000,-0.15969625230000,0.50569200390000,-0.00098177353410
1955.00000000000000,-0.19085105820000,0.49349956200000,-0.00495369730500
1956.00000000000000,-0.18427618590000,0.49454437980000,0.00585025898100
1957.00000000000000,-0.15826751300000,0.49429040000000,-0.00590253227700
1958.00000000000000,-0.12482072390000,0.49501082870000,0.00073580082410
1959.00000000000000,-0.24901040410000,0.50577995050000,0.00553518625900
1960.00000000000000,-0.13494245760000,0.49868248780000,0.00097284661850
1961.00000000000000,-0.22094490270000,0.49835543950000,0.00755407777300
1962.00000000000000,-0.08944706089000,0.50738965140000,-0.00132573819400
1963.00000000000000,-0.08964591611000,0.50415983150000,0.00525797253200
1964.00000000000000,-0.28151076080000,0.49991854260000,0.00842074664300
1965.00000000000000,-0.09670200390000,0.49286964800000,-0.00428492917800
1966.00000000000000,-0.00374370600400,0.50686715980000,-0.00009335134889
1967.00000000000000,0.15653112540000,0.49175703100000,-0.00049523577360
1968.00000000000000,-0.38337318500000,0.49864058790000,-0.00697784841600
1969.00000000000000,0.10632590240000,0.49495899780000,-0.00464422449400
1970.00000000000000,0.17065747120000,0.49597414060000,-0.00701885667500
1971.00000000000000,0.17934691330000,0.50754956090000,-0.00175513154600
1972.00000000000000,0.18717501580000,0.49429955950000,-0.00549377073000
1973.00000000000000,0.28871245160000,0.49974782510000,-0.00113155963800
1974.00000000000000,-0.00654954959900,0.50073369490000,0.00088925635750
1975.00000000000000,-0.21506173450000,0.50663977930000,0.00166041058900
1976.00000000000000,-0.12993689670000,0.50099813180000,-0.00019937787520
