$MeshFormat
4.1 0 8
$EndMeshFormat
$Entities
4 6 5 1
1 100 4.898587196589413e-15 20 0 
2 0 4.898587196589413e-15 20 0 
3 50 17.32050807568877 10 0 
4 50 70 10 0 
1 -1.000000011686097e-07 -9.99999951014128e-08 19.9999999 100.0000001 1.000000048985872e-07 20.0000001 0 2 2 -1 
2 -1e-07 -20.0000001 -20.0000001 1e-07 20.0000001 20.0000001 0 2 2 -2 
3 99.99999990000001 -20.0000001 -20.0000001 100.0000001 20.0000001 20.0000001 0 2 1 -1 
4 39.98759451732464 17.32050782795417 -10.0000002477346 60.01240548261716 20.01242300334328 10.0000002477346 0 2 3 -3 
5 49.9999999 17.32050797568877 9.999999900000001 50.0000001 70.00000009999999 10.0000001 0 2 3 -4 
6 39.9999999 69.99999990000001 -10.0000001 60.0000001 70.00000009999999 10.0000001 0 2 4 -4 
1 -1.000000011686097e-07 -20.0000001 -20.0000001 100.0000001 20.0000001 20.0000001 0 5 1 -3 -1 2 -4 
2 -1e-07 -20.0000001 -20.0000001 1e-07 20.0000001 20.0000001 0 1 2 
3 99.99999990000001 -20.0000001 -20.0000001 100.0000001 20.0000001 20.0000001 0 1 3 
4 39.9999999 17.32050797568877 -10.0000001 60.0000001 70.00000009999999 10.0000001 0 4 5 -6 -5 4 
5 39.9999999 69.99999990000001 -10.0000001 60.0000001 70.00000009999999 10.0000001 0 1 6 
1 -1.000000011686097e-07 -20.0000001 -20.0000001 100.0000001 70.00000009999999 20.0000001 0 5 1 -2 3 4 5 
$EndEntities
$Nodes
16 1185 1 1185
0 1 0 1
1
100 4.898587196589413e-15 20
0 2 0 1
2
0 4.898587196589413e-15 20
0 3 0 1
3
50 17.32050807568877 10
0 4 0 1
4
50 70 10
1 1 0 7
5
6
7
8
9
10
11
12.50000000000003 4.898587196589413e-15 20
25.00000000000004 4.898587196589413e-15 20
37.50000000000008 4.898587196589413e-15 20
50.00000000000013 4.898587196589413e-15 20
62.50000000000014 4.898587196589413e-15 20
75.00000000000009 4.898587196589413e-15 20
87.50000000000006 4.898587196589413e-15 20
1 2 0 8
12
13
14
15
16
17
18
19
0 -12.85575219373079 15.32088886237955
0 -19.69615506024417 3.472963553338582
0 -17.32050807568876 -10.00000000000001
0 -6.840402866513352 -18.79385241571817
0 6.840402866513373 -18.79385241571817
0 17.32050807568877 -10.00000000000001
0 19.69615506024416 3.472963553338599
0 12.85575219373078 15.32088886237957
1 3 0 8
20
21
22
23
24
25
26
27
100 -12.85575219373079 15.32088886237955
100 -19.69615506024417 3.472963553338582
100 -17.32050807568876 -10.00000000000001
100 -6.840402866513352 -18.79385241571817
100 6.840402866513373 -18.79385241571817
100 17.32050807568877 -10.00000000000001
100 19.69615506024416 3.472963553338599
100 12.85575219373078 15.32088886237957
1 4 0 4
28
29
30
31
59.49715725123775 19.75337933885018 3.131134706897879
55.89220613986646 18.29530248424364 -8.07972196193203
44.10779363187336 18.2953025632088 -8.079721779594834
40.50284311075676 19.75337915879394 3.131135827277993
1 5 0 3
32
33
34
50 30.49038105676658 10
50 43.66025403784439 10
50 56.83012701892219 10
1 6 0 6
35
36
37
38
39
40
57.8183148246803 70 6.234898018587329
59.74927912181823 70 -2.225209339563148
54.33883739117557 70 -9.009688679024194
45.66116260882443 70 -9.009688679024194
40.25072087818177 70 -2.225209339563154
42.1816851753197 70 6.234898018587334
2 1 0 495
41
42
43
44
45
46
47
48
49
50
51
52
53
54
55
56
57
58
59
60
61
62
63
64
65
66
67
68
69
70
71
72
73
74
75
76
77
78
79
80
81
82
83
84
85
86
87
88
89
90
91
92
93
94
95
96
97
98
99
100
101
102
103
104
105
106
107
108
109
110
111
112
113
114
115
116
117
118
119
120
121
122
123
124
125
126
127
128
129
130
131
132
133
134
135
136
137
138
139
140
141
142
143
144
145
146
147
148
149
150
151
152
153
154
155
156
157
158
159
160
161
162
163
164
165
166
167
168
169
170
171
172
173
174
175
176
177
178
179
180
181
182
183
184
185
186
187
188
189
190
191
192
193
194
195
196
197
198
199
200
201
202
203
204
205
206
207
208
209
210
211
212
213
214
215
216
217
218
219
220
221
222
223
224
225
226
227
228
229
230
231
232
233
234
235
236
237
238
239
240
241
242
243
244
245
246
247
248
249
250
251
252
253
254
255
256
257
258
259
260
261
262
263
264
265
266
267
268
269
270
271
272
273
274
275
276
277
278
279
280
281
282
283
284
285
286
287
288
289
290
291
292
293
294
295
296
297
298
299
300
301
302
303
304
305
306
307
308
309
310
311
312
313
314
315
316
317
318
319
320
321
322
323
324
325
326
327
328
329
330
331
332
333
334
335
336
337
338
339
340
341
342
343
344
345
346
347
348
349
350
351
352
353
354
355
356
357
358
359
360
361
362
363
364
365
366
367
368
369
370
371
372
373
374
375
376
377
378
379
380
381
382
383
384
385
386
387
388
389
390
391
392
393
394
395
396
397
398
399
400
401
402
403
404
405
406
407
408
409
410
411
412
413
414
415
416
417
418
419
420
421
422
423
424
425
426
427
428
429
430
431
432
433
434
435
436
437
438
439
440
441
442
443
444
445
446
447
448
449
450
451
452
453
454
455
456
457
458
459
460
461
462
463
464
465
466
467
468
469
470
471
472
473
474
475
476
477
478
479
480
481
482
483
484
485
486
487
488
489
490
491
492
493
494
495
496
497
498
499
500
501
502
503
504
505
506
507
508
509
510
511
512
513
514
515
516
517
518
519
520
521
522
523
524
525
526
527
528
529
530
531
532
533
534
535
31.30276649352636 -11.52089415403351 16.34836376802145
56.25000000000013 -10.42134497809726 17.07031249999504
87.99540293402131 -19.54016668856108 -4.264022254075122
11.70471635277661 -13.77062063124604 -14.50413759691698
88.21362896674538 1.53142747957078e-14 -20
11.78637103325473 12.85575219373079 -15.32088886237956
32.54521504650824 18.80155852822723 -6.819193274108438
11.72298898738619 17.08080663368797 10.40413594406383
67.43635846218557 19.19164227105326 -5.628575924683047
88.21362896674536 17.32050807568877 10
80.78213802489209 -10.62705135011813 16.94301565843438
11.78637103325468 -17.32050807568878 9.999999999999982
43.7500000000001 -10.42134497808213 17.07031250000428
68.75000000000011 -10.42134497809725 17.07031249999505
68.75000000000011 10.42134497808949 17.07031249999979
31.2673074160693 10.7251094228198 16.88111453277129
81.25000000000007 10.30748232731288 17.13930593904353
18.77618759765811 -10.55068405594742 16.99067585329015
18.44226782553268 9.946106516710921 17.35151189834017
11.78637103325464 -19.69615506024416 -3.472963553338628
11.7515061600786 0.3235523141924366 -19.99738267623993
88.19210550871506 -13.20210303556151 -15.02346416238337
11.16113120864327 19.58894649131526 -4.034002399650694
88.21362896674535 19.69615506024416 -3.472963553338624
88.23447638772825 13.08020805949377 -15.12971107193902
89.38738336713119 -17.06500169250222 10.43003917705472
90.80484321367383 -10.81935370332354 16.82086755914745
60.16254778660593 15.28439769548828 12.89911574822679
67.11722778232472 18.43347338818216 7.759320772282853
39.77269538910216 15.90961223579526 12.11958078922839
33.38815104095524 18.45443952245884 7.709323051468862
52.17124896611239 12.14409455335985 15.89090832769026
43.7500000000001 7.617822830013807 18.4923977712605
92.05408552079174 -19.65663065760526 3.690104495877184
46.77625029719722 13.92061617810853 14.3602383413989
47.8917339117477 10.51976120981553 17.00983903769993
37.03524813074129 5.609812127152787 19.19713540865015
39.73026051640402 10.1196306821906 17.25088620494805
30.61776121001405 3.998104188857811 19.59630482756986
24.76662664663799 5.41434528927574 19.25317805164897
51.98228297154768 7.058252259638018 18.71312574209116
56.62071949843329 8.770246625616489 17.97450344587751
57.12974549076645 12.71843365242545 15.43507192820467
61.17810128147046 10.42374525037066 17.06884691346709
64.94007539080167 13.52849132207306 14.73023837378723
64.3364919836672 16.55690004812822 11.21913814855186
69.1263977640799 16.44329060253353 11.384998645614
72.08813411715397 18.28177385020667 8.110286363002206
74.20096553031833 15.97687009898253 12.03077810618407
77.04362109010913 18.07367363561744 8.56401315465985
74.89837120029762 19.53709345724131 4.278081257178139
79.88001050896128 19.43715290969216 4.71137843579199
77.73957098162812 19.9987914581883 0.2198640759531484
72.75267744263758 19.9992774167453 -0.1700082588030631
75.67081089140297 19.55076468409854 -4.215163136464064
80.48097446433557 19.63569811882003 -3.799915707824014
78.44031473181215 18.28377586337717 -8.105772028486037
79.12399284817718 15.83457683404822 12.21745376445614
73.45591492207011 18.08704865404561 -8.535729083457777
76.30484229661369 15.97442496650857 -12.03402455496031
71.37761850922392 15.59304982896182 -12.52424836193828
74.18013745099972 12.81842682981403 -15.3521312399518
49.85802658570941 10.93752956369739 -16.74426609449472
69.16748764248092 12.47260063306488 -15.63439264723992
72.02079226268106 9.055233883501648 -17.83263130654261
67.02911379910879 8.683687403184967 -18.01648059649183
69.87910218850294 4.842769224262875 -19.40483409464076
64.89298853705108 4.436475285489508 -19.50173548793135
67.73928880718093 0.3616666460745041 -19.99672966355042
62.75485471551596 -0.048407828809238 -19.99994141696695
65.59904825651186 -4.135656629902834 -19.5677373306047
60.61546247411646 -4.53512254355995 -19.47903138030468
63.45949014296749 -8.423137726745802 -18.1397560853577
58.47583261226649 -8.791747959452291 -17.96399643223819
61.31943701896439 -12.28072469801239 -15.78555671782368
56.33573205543054 -12.59980781429281 -15.53205855779864
59.17896735846537 -15.51077287119566 -12.62600193799211
54.19572247950049 -15.7659365315858 -12.30590286334198
51.35264006155374 -12.91488659278565 -15.2710741041842
49.21277065443752 -16.01344562429571 -11.98205154544599
46.36910892455675 -13.22370698986624 -15.00445178759166
44.22908195853373 -16.25463042245777 -11.65276747512411
41.38581379124628 -13.52730604859405 -14.73132686039078
39.24578682522517 -16.48916411943175 -11.31845690200058
64.16226249175395 -15.24974612998634 -12.94006348403928
62.02265196968401 -17.76537632645701 -9.186479411578784
36.40293510186793 -13.82506439773093 -14.45225222581563
38.54254562395969 -10.22791778195407 -17.18690483611252
47.07233629199639 -18.2941448645461 -8.082342709573849
34.26252433535039 -16.71625861642793 -10.98028678444689
33.55925049064886 -10.57670191933493 -16.97449193671306
35.69907569790304 -6.496122674026712 -18.91561234018069
67.00599649441767 -17.57444188941748 -9.546674409211203
64.86550369306194 -19.26893967699835 -5.357981310549582
55.63245798989297 -4.931096473499777 -19.38257690734228
37.10575985920273 -18.60923863056505 -7.327771666112808
32.12275755682458 -18.75478528284908 -6.946799910334795
34.96550392416082 -19.77928753812115 -2.963070111274026
29.98246655435573 -19.83559586114692 -2.559128139279298
68.44377813459485 -8.052490434571238 -18.307304493047
30.71596960428183 -6.87986602993714 -18.77944204203408
32.8565163220896 -2.488719927921231 -19.84455273167848
69.8484427322515 -19.15561805048526 -5.749982356835837
67.7087718603693 -19.95750027590709 -1.303143406217603
62.72547672706033 -19.97994702581507 -0.8953864225146033
37.83930442278166 -2.083663534523218 -19.89116251692943
34.9964630840484 2.029204694129263 -19.89679190998699
30.01274112226096 1.622549199936816 -19.93407469871086
29.28001264641104 -16.93754192524951 -10.63577329254508
32.20786383958247 6.164773014068259 -19.02618126910957
71.98883215541034 -17.3762102412553 -9.902894407782718
32.82570592714844 -19.9396106602357 1.553037899799882
37.80900106046806 -19.96716339866196 1.145594086548232
27.84224867632383 -19.90376087574889 1.959669104978581
27.17611176904988 5.676780034013503 -19.17743904814784
72.69206699367818 -19.9267327644386 -1.710357078112342
70.5520400276742 -19.80206686323313 2.806803866329922
72.72237035581439 0.7710275794352197 -19.98513238564484
75.53491871704192 -19.85521385083872 2.402182952537607
29.34157845171207 9.979402154807172 -17.33238392814532
35.66875958234004 -19.2003414851417 5.59882906096862
40.65226922778358 -19.31062586663199 5.205739970356133
37.18922106981329 6.736412692740544 -18.83137658359271
73.3953081950053 -18.80921265043734 6.798052623408254
68.4118835826648 -18.66605301031161 7.181814883177972
25.03037783767037 1.215916497045987 -19.96300446005589
77.00635175188238 9.429825425293121 -17.63741456247189
24.99914262655116 -19.88377678936044 -2.153002691798377
22.85910110768339 -19.85958217733341 2.36579706267067
25.70227321195675 -18.95573062960949 6.378109147520491
22.18692296998556 5.273189836474376 -19.29231631890021
59.9463096601828 3.938535985449086 -19.6083638861411
38.5126408544654 -17.64910153662979 9.407933617417374
43.4955937371256 -17.83694848996543 9.046726953231198
45.63568574834072 -19.41279068734769 4.810775169266038
48.4788325284088 -18.0184246621709 8.679652797990904
50.61901446635068 -19.50706219235058 4.412994972098468
53.46224766579375 -18.19175909971792 8.31022868866016
78.37860332831055 -18.94409192779644 6.412595498797506
77.67536212698363 -19.8876573191251 -2.116857661027228
76.25908522285225 -17.07511838344101 10.41346878765548
33.52855692921128 -17.45335711671765 9.766285135931739
48.50913589058182 -9.517703907280099 -17.59014816121073
66.27933633372101 15.19941357144917 -12.9991471675663
28.57606278379489 -10.9216483229593 -16.75462914867411
25.73359691068818 -7.263167876253926 -18.63454835517494
23.59309475716727 -11.26125176353448 -16.52828511123558
20.74939205675559 -7.641807112886666 -18.48249939941659
20.71908869446608 -18.82153796660409 6.763853086198786
23.61373441459673 -16.94802792060688 10.61905596568404
51.26728332085565 -15.96678916450699 12.04415392529431
56.35754119001782 -16.31284430142711 11.57113264971918
58.47888692771006 -18.40627993722324 7.823609069513456
61.30358057363028 -16.37916391612683 11.4770636230984
18.04895970109872 -19.80507706201676 2.785484260874158
20.12681421025034 0.8621799265201342 -19.9814075023334
17.20288268842762 4.878032155274216 -19.39599964663102
19.34290965454413 9.107873815178328 -17.80580339571312
36.44623735781592 -15.31356918412371 12.8644704066299
81.24007734994674 16.20284515944375 -11.72466667923187
47.77559132708057 -19.99728648787284 0.3294436551800271
52.75888646038837 -19.99984427961802 -0.07892269021291599
81.13903667740519 -17.26018476029188 10.10376276644439
83.25640576336332 -19.06989643225035 6.028187958520003
18.70414399776089 -16.77637288932966 10.88821898559011
18.73187879015823 -11.52387075992735 -16.34626571142447
21.45251045698474 -14.6610065791488 -13.60348801176212
15.76609692344538 -8.017583357136886 -18.32261872962928
76.79231690963013 12.41357407043195 15.68130029040639
16.27009167842112 -14.79629367533048 -13.45621393533022
19.40120554107621 -17.29198860454026 -10.04923529928769
11.83440235673495 -16.33382673453222 -11.54149488611768
31.35610700084421 -14.32686994996889 13.95495601700981
21.40716512086968 -14.10643994515263 14.17774143063
79.081877871622 -14.32862107436098 13.95315799764979
84.01542523072251 -14.88844864801919 13.3541790034167
76.16352891339868 -11.2512606996719 16.53508792441149
14.34080409047725 8.928001013691881 -17.89667002264714
16.43903476237643 -13.96493975222684 14.31713860087534
23.77562246908279 -10.71245732709431 16.88914616003969
13.7389977516283 -10.63195833629987 16.9399368928926
11.43298100755198 -14.11527558302894 14.16894474599809
26.33957342896793 -14.26628725191497 14.0168843915418
69.87309453270878 19.62090372510433 3.87558215113381
67.75762601285598 19.99161671565126 -0.579017352497296
64.78231005237014 19.8321720807288 2.585527133944113
63.43810133679577 -18.52791991277793 7.531014785916105
65.57242554112409 -19.74212264372152 3.201342455948477
53.49342590104526 -9.156610097584833 -17.78078995772706
28.56638538553359 -17.05769851510647 10.44197880517551
30.65275032739214 -19.03054346758255 6.151293793052906
24.32848289228139 9.468573517968794 -17.61664314036076
21.48516175444164 12.87240496809594 -15.30690008908855
43.52719118060919 -9.874289946565838 -17.39248107807362
45.66624332625382 -5.718935240009248 -19.16491011511873
40.68158814603877 -6.109363604986578 -19.04404569260601
24.30166437074764 -17.14198146036971 -10.30303215623153
27.13963909842741 -18.89089080694142 -6.567666596304655
22.15502486044918 -19.00383413486181 -6.233320798311366
16.88591304000664 -19.07988490007309 -5.996498328188126
42.79418813066611 -19.98639723754701 0.7375130256296453
39.94732541800404 -19.71482306589193 -3.365375384793698
44.92939863935928 -19.64203039564977 -3.767046845523762
49.91118549980276 -19.5603669706281 -4.170376958305012
54.89719265735575 -19.47225169540639 -4.564144378823149
59.882208559753 -19.37432024146286 -4.96343783896226
42.09035972431211 -18.45566473964597 -7.706389492997909
57.74324118864504 -19.99406125661407 -0.487354559601241
55.59949911710186 -19.59728495684943 3.993297174020856
50.65124972914882 -5.326062923052247 -19.27778653631397
47.80759979239494 -1.270643641302897 -19.95959580594799
42.82543475143209 -1.677180258361123 -19.9295525885797
44.89352907898301 3.082591143934723 -19.76101292543819
49.94236961323328 3.266215736754228 -19.73149347517767
47.08798537159956 7.45629361315605 -18.55811643336705
52.1665034384069 7.291747653298763 -18.62338358517625
54.97138543307175 11.25187538182028 -16.53466964871046
44.61753234420549 11.44714884992533 -16.40008485367235
42.05304324214075 7.622056148009921 -18.4906533166512
39.59357598298423 11.57115532150858 -16.31282821970254
34.48937654069719 10.74377752328705 -16.8692395954919
31.18635966193339 13.68579774227584 -14.58420173192615
36.10763997682922 14.36913001834663 -13.91143783064317
32.79164432630547 17.01941356466916 -10.50426398729371
27.90911919010411 16.14727877051805 -11.80107572669445
40.02543072018616 2.954410689582259 -19.78058283967594
60.59842170899807 -19.68025760586965 3.561946176826614
71.25827968675512 -16.84744726904821 10.7779181902926
66.2522538081901 -16.63582311393012 11.1017741520006
64.49741335962419 -12.79616461027332 15.37069195796952
57.04192063681872 -17.94926765547863 -8.821779334804788
52.06007801766808 -18.12662527405724 -8.451358244324362
46.42377649444528 -15.86006801620762 12.18434415638643
48.51464602342359 -12.6230822740763 15.51314906464515
41.26536723681226 -15.63037174766223 12.4776391609103
74.82898303138091 -19.0351707185613 -6.136959810462063
76.97251210053369 -17.17251772372179 -10.25205516120846
74.13304432204785 -14.71074556143925 -13.54968505267172
79.09274528952373 -14.44519627257899 -13.83243668507722
76.27734811038474 -11.2998041209888 -16.50195221261062
81.89187973765586 -16.94204600628418 -10.62859713795524
81.18451151851268 -11.00352524353821 -16.70097099616718
78.42057656723384 -7.323529578675153 -18.61090848159407
83.24338249956722 -6.865684890666338 -18.78463124423995
80.48961056034902 -2.994894704554929 -19.77449381674861
73.4367037855876 -7.672926385220292 -18.46960207170123
70.58298287155465 -3.733645400048257 -19.64840685721615
75.56725487139101 -3.327115540651889 -19.72131593426647
77.72475954934274 1.160248275591392 -19.96631723525866
83.18116041286042 1.342869930622635 -19.95486658310272
71.2906971523135 -11.6277896558559 -16.27250772681244
66.30609850336005 -11.95501716474315 -16.03363853249463
69.14909647325626 -14.98251776908236 -13.24855317757873
80.51460776989309 -19.89986962870692 1.998796828211347
86.31472006830153 -19.96499522905378 1.182778721426715
27.87544515691282 -2.893897576526556 -19.78952644245369
22.89302670119206 -3.274534015792674 -19.73011472291575
17.94394282707088 -3.327053708381897 -19.72132636567689
31.42203341346664 -14.11767099879473 -14.16655800008563
26.44104276179202 -14.39584340683256 -13.88379244320354
79.81086157291315 -18.9005269247654 -6.539883941341639
79.10198481997145 13.18344927053607 -15.03983594761598
81.90533768027151 10.02443837373623 -17.30637556772545
74.86239732184521 5.237960872082911 -19.30191093914094
79.89405180152154 5.724805361723197 -19.16315745304999
20.01584749324022 -19.9235910403319 -1.746573805370473
57.76824331695494 -0.4838154883282537 -19.99414720795197
52.78786667988885 -0.862619019010319 -19.98138855105024
62.08002266750485 8.261862999424803 -18.21377554980667
64.19256585382763 12.2083253573123 -15.84161582572957
54.92898264819677 3.547814798263746 -19.68281001679437
82.73338868896987 -19.79108694180846 -2.883206142782468
39.28720636129827 -11.79308611233051 16.1531148682586
84.73428047771695 -18.55984798986084 -7.451982460611309
89.6664502815871 -18.19646662761332 -8.299915798979814
82.01540991975597 17.87708263650405 8.967157654887394
85.00955017143845 19.3329592139874 5.122176103015179
84.34859474004003 15.32277914649204 12.85349910443957
89.17739057200615 14.32789188086003 13.95390677374567
82.72189808338193 19.98948905933989 0.6483264197383732
83.80788593122016 18.82160712420146 -6.763660640674453
86.26577337200307 16.43744438670709 -11.39343767411362
15.67540086321128 -18.54751287474654 7.482630965182715
11.30103120036176 -19.25346900137093 5.41331057794106
84.83445234155438 6.02626029916374 -19.07050567779268
93.89093737092745 -19.25368788983334 -5.412531999063393
85.90820343255882 -11.02007699897422 16.69005401239551
16.6385365641307 12.50789882199283 -15.60616759678014
18.54866699141756 15.74502440850321 -12.3326479871777
88.92661684742613 -14.39408944507652 13.88561086330511
90.19116578321767 19.24914508336215 5.428665909749347
93.14928505513279 17.99490243390533 8.728315209376198
59.30221266608114 -13.4211492718489 14.82810683205208
61.81051027270912 -9.652572136748777 17.51650225201541
90.30991072219624 5.105504319951084 -19.33736863275251
87.76489803602803 19.95694488025902 1.311621533180745
26.37730066087115 13.4114325052347 -14.83689583968069
85.57906281286112 11.97301437324541 16.02020370713365
90.21835488119117 10.56236339260747 16.98341778213401
86.40884368942429 7.702975084293399 18.45709009705363
88.06780834373976 -19.11039129111834 5.898554458538822
83.86347092710656 -14.11318143529244 -14.17103065322057
69.15162178115239 -13.46607451478005 14.78732014809957
12.46443999968933 4.646973471218597 -19.45265117041352
9.302791783246539 8.407717295476735 -18.14690854882289
7.529732877062212 3.961287399831837 -19.60378030217472
6.649879882657221 12.12123766012449 -15.90834993287423
8.369558526375211 16.2039944304551 -11.72307828591877
13.36119911329264 16.11236844537743 -11.84869541681301
16.54249431185443 18.13310351964912 -8.437449658853597
21.45984111944548 17.89899134317865 -8.923346283587541
19.58737071761347 19.43522078543487 -4.719342435276388
24.42407041757535 19.32002206088736 -5.170758896605569
22.42312538797755 19.98818800533608 -0.687270153097742
27.39624480599074 19.96876343991751 -1.117357006786062
25.33270154274495 19.70527666058561 3.42082909976219
20.38691176842914 19.61436366146085 3.908546808721136
23.31296355823785 18.40937498466579 7.81632347551978
18.46882728557786 18.24500460303204 8.192667882646012
15.40812739407195 19.49814729378441 4.452218785042758
21.3471577918023 16.16717863112736 11.77379866947024
26.1870148392192 16.49828967545849 11.30515094037492
24.26866156935091 13.5865396741575 14.67671419911637
30.83539429204883 19.76601742156891 3.050336914216891
11.2976409489105 18.64146824989016 -7.245388981161539
16.29813805070496 15.84795557379274 12.20009443123665
11.82900307868938 14.09151187783771 14.19257880008981
17.50207537109878 19.99118504673546 -0.5937343068919878
29.05508879719112 13.86895088768171 14.4101423058578
28.16783543042911 18.50966455024816 7.575771791526368
4.16681073936798 19.59531580434667 -4.002948729114774
7.507690207493249 19.80918641551341 2.756108407780611
4.366298751158052 17.75149190517874 9.213280368054235
7.699795783475021 15.66069223491167 12.43956264196525
62.77465946127904 18.76412632097668 6.921528979237922
74.0114115233997 -13.86160045511593 14.41721307405595
8.650858273715638 -11.6195732391268 16.27837577095971
57.10077673715058 7.595219210879939 -18.50169303438689
59.58898768011544 11.80280328292455 -16.14601606169725
61.34280648515135 15.11236388539592 -13.10024647842097
63.39898000771672 18.19672326736681 -8.299353127254639
8.199689564473577 18.4675733943706 7.677807820174662
83.73055296205706 13.47596427736711 -14.77830798146816
71.74070099319457 13.25149956515924 14.97991185803789
73.48099127393088 9.562970433503583 17.5655798790685
86.56591150556046 -16.45326417051816 -11.37058037811365
91.30774874598363 -15.97807605557759 -12.02917642909015
56.21968141363475 15.6283766052916 -12.48013800737692
94.11479009705479 -17.56811726358956 -9.558308208713846
13.36143099279609 -3.778057602292109 -19.63991549762276
10.99458025523115 -8.869545096613711 -17.92571253197863
8.431326504266552 -3.827736468638526 -19.63029377076804
7.089051183185265 -18.34461394473706 7.967128668382277
6.961474764156501 -10.92535082722432 -16.75221505658487
7.673119843556073 -15.31521522906381 -12.86251073808888
95.29158778428311 -11.67938665143943 -16.23551438809927
93.31026361296513 -6.614279806739721 -18.87462059587305
91.03342215177499 -9.973283093935176 -17.33590563911291
15.60487422040758 -19.98409203150086 -0.7975372571258166
12.33336863277975 -18.39598565380496 -7.84778387986075
7.527983862585789 -17.58547175050732 -9.526341549204968
11.57289810215529 -19.97807487511574 0.9362287563780242
7.255891382906253 -19.97734881915488 -0.9515955852204788
7.924130937168482 -19.67516909386585 3.589947231894386
91.3038222171794 15.74017940467766 -12.33883107545287
89.76306340449769 18.22792842353472 -8.230590828518643
93.38266160941849 12.69201107526801 -15.45680610169107
90.32463314431041 9.420346976537759 -17.64247893130769
31.87919406196854 19.95922475650892 -1.276458820002244
70.23238872223639 6.118997310382776 19.04095249496538
64.84135590558311 7.972709856124842 18.34218900649674
60.543775669786 5.929683469606532 19.1007553240775
56.03084416212593 4.737975467421091 19.43068677299173
54.11262786065335 -13.52565723682738 14.73284074141369
30.67727003177377 16.53151378409256 11.25651153805466
33.72452946671488 14.38003465732347 13.90016558369633
85.02339609302912 -3.031736243685302 -19.76887896034383
88.00310776130367 -6.793602588295786 -18.81082039338797
12.93789852815737 19.99697844343851 0.3476393715553878
91.10396328157691 6.099073730900643 19.04734363697568
7.793153679221687 19.91741378532046 -1.815661891522315
7.567915911335033 12.40623993320362 15.68710332469905
11.93116819859916 11.18609380549794 16.57924320874148
7.549577057688277 8.129984318467372 18.27302260113183
68.56700991675628 17.7560133739721 -9.204563491188702
8.133675652685939 -15.16039027994791 13.04463746371132
92.20309970910287 19.93747486406912 -1.580220251930799
15.84780628646877 13.29308524074205 14.94302127357001
39.71370569285492 -7.806439301617434 18.41356851428214
35.70805549635259 -9.704006947228006 17.48806018883028
32.36280425274118 -4.274320258622307 19.5379166321983
45.23410902064619 -4.459204611776723 19.49655082906485
51.51687780292927 -6.310706230500026 18.97827670976288
47.51788017531027 -8.612402830331501 18.05066529211868
57.80687453786615 -4.543012550897106 19.47719273823595
3.900327395839958 19.99743676736377 0.3201917164568688
23.10324507267308 15.85548962946135 -12.19030141588155
35.47536698068479 10.51239761483286 17.014390861493
7.538762200913587 -19.01462000843621 -6.200340791825676
5.106060345551924 -1.068384362210256 -19.97144348450018
51.20065971077275 16.23178324637135 -11.68457156436719
46.77603878368415 14.69544283638739 -13.56628025077142
41.2570260643403 14.70945801046516 -13.55108279947999
37.84923176713773 17.66746713193486 -9.373398804169252
38.99232687542638 19.55713906854803 -4.185488197746139
27.03841293822882 10.93734905077782 16.74438400603168
92.23699216417688 19.38190884457799 -4.933721672375698
71.2895458956871 19.49298114315485 -4.474783363762937
63.27842205298832 19.79428860572115 -2.861142882384232
85.41110717355554 -10.28066256289305 -17.15540664828232
29.51284739258582 18.13190799458201 -8.440018511591838
84.6669015481953 -7.185402947907932 18.66467209666958
79.81638015144094 -6.071283402492897 19.05621992543679
15.77313490882346 0.768445557523324 -19.98523183315927
86.30832620243197 9.51952769149867 -17.58916122305979
28.48666182409298 7.456639983733054 18.55797726458876
65.6352848262498 -5.367679460788367 19.26624034953968
61.5719621806362 -6.273409738500906 18.99063796329344
71.94072805155062 -5.461783817746229 19.23977436271552
75.73453216733368 -7.450561022153592 18.56041864978173
19.85413800280688 13.54161502118015 14.71817456813677
22.84326921556104 10.04572408078889 17.29402867155765
15.03702635884692 6.436487168971353 18.93598777258971
19.79309364320974 6.253950436134796 18.99705513868846
77.85090918133876 5.470664301617915 19.23725115755895
82.02725663299036 7.743334149778845 18.44019458261948
15.91600058995118 -6.565446712726875 18.89166243246856
22.48009527196329 -7.038945326855477 18.72039659530586
26.72542193296077 -7.00698552702307 18.7323824919333
11.01236326267533 -6.942366589970379 18.75642679538038
6.034949836377201 -7.098793816092627 18.6977839958805
85.407690716701 -17.12927066117422 10.32415064866045
93.7622759326066 19.94880381271098 1.430114135993355
92.71718201339137 19.25964803864388 5.391285322403271
91.43244799121143 -19.9806950102662 -0.8785367987304167
35.983562811619 -6.169745475085874 19.02456939782494
25.64186483920585 18.00477458132523 -8.707932721126456
11.42930630124105 19.26740195437054 5.363508360086557
94.34250773667928 -14.9950546490327 13.23436194429195
94.53246292481842 -17.98038054776273 8.758191329129307
11.9501911183279 6.795903854674553 18.80998912275123
77.46214802122813 8.705356926359947 18.00602012618771
28.48629563600461 19.3629467366439 -5.007623555529235
32.90256683952224 7.150028117570661 18.67825200381312
90.41410179131317 -5.291827586519644 19.28721236453183
93.74923542116738 -10.70591560248253 16.89329367271288
96.20724363275303 -7.231924230813448 18.64669600545291
7.816958258351384 19.17293356723746 -5.691978428130142
15.36683786974449 19.4830293437299 -4.517916288662252
72.63649176533224 -9.695509190758818 17.49277283714367
34.59537224399915 -12.59194397786147 15.53843450474977
52.24698080984411 -10.03732284920654 17.29890603537681
6.914714129114079 -7.777042654591513 -18.42600356964755
34.56367253963101 4.532346955686506 19.47967738627309
52.0876845406008 13.86846117745641 -14.41061360835771
81.45000696712891 13.46424597204687 14.78898510392852
34.78425450540549 16.49717644961493 11.30677536657869
4.808553708509352 19.20939039103314 5.567703368973948
84.35375544746766 19.79028890035539 -2.888678805348649
7.961821047710145 0.4871770035102948 -19.99406558374886
35.96182337327254 18.89283824974877 -6.562062394463329
35.50301497631465 19.70921177573049 -3.398083456804255
44.31596828546144 10.82256084162242 16.81880426277032
74.48941473150401 5.315292657083976 19.28075890543599
44.07285257060337 -13.47682839229339 14.77751997070803
88.31164777749284 -8.284672778084877 18.20341168462823
15.52110205602975 -17.14196550637053 -10.3030587001338
27.62159526303766 -11.34084900203212 16.47377139312996
64.94660093791286 10.69621239245484 16.89943905742127
55.36789878289844 -7.919214140430818 18.36534909545693
39.52275470345141 18.02500245404358 8.665984452543336
14.96812213341176 -16.22587581514033 11.69277358164623
43.8713676898442 16.74570775645826 10.93532220537162
95.00614438928473 9.391460866867522 17.65787254416839
93.9611416142852 13.05439664075375 15.15198760380555
14.88765836374721 -11.19619805446288 -16.57242134165197
65.43274329449477 -8.509371548768115 18.09946396568185
42.54366536946341 13.8920893264359 14.3878370211205
14.25341025546981 -19.67535671001308 3.588918825181628
14.65689375585253 18.37222348650017 7.903252758332576
89.53584768256893 -3.629972237821683 -19.66782401671938
94.08005459245798 -1.019366497578907 -19.97400540561691
91.58874612337016 -18.84405480957273 6.70086549139879
55.1367299708708 15.31872721242132 12.85832790806886
58.42230830403565 17.62846619426541 9.446543263948023
30.849493577281 -8.409930511085124 18.1458829710411
91.77944603347287 -13.00697298264614 -15.19271713120182
94.6227958222791 -15.33142734022852 -12.84318246040651
68.77531165107392 -7.875655649092162 18.38407049858444
87.18454972464781 3.406762372348169 -19.70771346803968
37.33568565350871 13.51904040168953 14.73891266740821
43.52171421165859 -7.927484952339981 18.36178047822224
91.94965833431831 15.78541625501563 12.2809052457825
95.13708679070579 15.82286514956943 12.23261780889688
58.42165442618357 -7.383340460217753 18.58726132727766
2 2 0 30
536
537
538
539
540
541
542
543
544
545
546
547
548
549
550
551
552
553
554
555
556
557
558
559
560
561
562
563
564
565
0 -4.543666454872664 -4.873649052908634
0 1.843416244132975 7.072755438397381
0 6.714266478925822 -8.988793957168554
0 -8.660254037844389 4.999999999999992
0 11.04174770225391 6.946709067736245
0 13.18164093875367 -1.590082677844989
0 8.172611703833498 1.412187844351878
0 6.840402866513384 11.84792530904095
0 6.317553716498564 6.866444464570353
0 0.8533506821569667 11.63742812742415
0 -5.274407672035687 12.36326823713205
0 -2.464655012995462 8.392554779570176
0 -1.601738251582055 3.419372178624362
0 3.185452925103254 2.415458683239728
0 -0.4572950316129131 -1.312727146698086
0 -5.54980712365555 0.7638236304794942
0 0.4852872953989724 -6.381940970123222
0 -12.85367684979981 -3.399408665564035
0 4.568865471863813 -2.872372119839291
0 -8.274687013464563 -2.952544904482061
0 -8.973890353428343 -8.384980291461128
0 -4.010400860230895 -10.29042671009385
0 0.6378305828187841 -12.64977329376439
0 9.312869459534241 -4.378417172637493
0 12.76911612434953 2.479267338434678
0 -11.0069160170017 0.5769667227543942
0 -4.861021389516709 5.41529631942215
0 3.963680877325472 9.356138334858208
0 -10.43406952327402 9.645658830656764
0 -6.338881527133253 8.163355633356227
2 3 0 29
566
567
568
569
570
571
572
573
574
575
576
577
578
579
580
581
582
583
584
585
586
587
588
589
590
591
592
593
594
100 4.464755881957993 -5.320888862379574
100 -1.901895131345285 6.323145506021326
100 -5.744316645089831 -6.745321902085333
100 9.949175837515451 6.174186634460753
100 -11.04174770225391 6.946709067736231
100 -12.9124247311957 -2.680881435933988
100 -8.268523138911188 1.315100557227781
100 -5.634986563253507 12.18538484622906
100 -6.486159949325312 7.097094555258725
100 -2.176037128265307e-14 13.05407289332279
100 5.941018657931192 11.5583136844812
100 1.250759401968938 8.356826687219948
100 1.287475490079842 3.399359746880473
100 -3.078755844414667 1.877039127247978
100 0.4151572095106609 -1.491030610249763
100 5.673680258554825 0.8172089219189154
100 -0.959499830453453 -6.282650165285638
100 13.93074566299942 -2.225331001220351
100 -4.492976681623748 -2.619280554616119
100 9.840191398400933 -4.146475209375339
100 3.120834586057351 -10.14062036702634
100 8.317338561723684 -9.680367370899887
100 -2.450195345636908 -11.60831873515922
100 -8.740039294560574 -4.057377021376118
100 -12.97971265815125 2.263472935592152
100 9.842918365961626 0.8929475908022998
100 -2.702330782285866 9.709887750581228
100 4.855910555599449 5.704580262150587
100 -9.60613611917743 -8.956003316495819
2 4 0 110
595
596
597
598
599
600
601
602
603
604
605
606
607
608
609
610
611
612
613
614
615
616
617
618
619
620
621
622
623
624
625
626
627
628
629
630
631
632
633
634
635
636
637
638
639
640
641
642
643
644
645
646
647
648
649
650
651
652
653
654
655
656
657
658
659
660
661
662
663
664
665
666
667
668
669
670
671
672
673
674
675
676
677
678
679
680
681
682
683
684
685
686
687
688
689
690
691
692
693
694
695
696
697
698
699
700
701
702
703
704
49.7883111440378 63.89764182808754 -9.99775914034047
49.50776810496512 28.81362557096233 -9.987878040980995
59.36358415399562 49.91908402631881 3.510454641644298
59.91560734029429 33.06311745260847 1.296430126579187
59.74927912181823 62.55044879145464 2.225209339563138
40.6309317269415 50.24519052838329 3.495791712154563
40.19684187668401 33.25018797624641 1.974358328486431
40.25072087818176 62.55044879145463 2.225209339563134
58.39629590851541 63.39455459024933 -5.431594150582991
41.53539664453947 63.38214971104804 -5.324517821805696
59.25506704329396 25.26197548938995 -3.787312242756602
40.75235482892758 25.18800019203191 -3.805398637454544
59.63855418793113 26.46223553995669 2.664258464622976
59.94133944420195 28.97501185985249 -1.081559085373732
59.32908848927607 33.17250602059205 -3.601125929380502
59.93998447580967 37.43587794038012 -1.093941781203578
58.17233593772495 37.52592481008415 -5.763065618311956
59.3778142045864 41.79642582894388 -3.472261618060695
56.52666847533197 41.8842898662362 -7.576450264675922
58.25566757640331 46.15884975772924 -5.643044645217953
54.4924871261827 46.24534724364765 -8.934067350377582
52.04380722641495 41.97104343514648 -9.78891475196582
49.60651185469646 46.33179811510092 -9.992255354998971
47.0502444709019 42.05729541119175 -9.555048001896965
56.63909902287834 50.51994413492767 -7.478125711996012
44.81887829560301 46.41824607321597 -8.55312678990709
42.79364849910742 42.14409953456187 -6.933144888546845
47.19292144845652 50.6928786203251 -9.597932590170895
44.69279990975701 37.78289243553221 -8.475472093171255
42.89770537526444 50.77975384931765 -7.039702484015379
59.88649612097573 41.7083008693062 1.502396235994984
44.92742359566569 55.03253499354395 -8.617944570614902
41.40141486414252 55.14039445881265 -5.105324050578073
49.75576599062578 54.96749858352874 -9.997017042531485
56.420788934163 33.24445023827584 -7.666385684462394
41.26871219745276 37.89170313503394 -4.874896235725404
40.33806326221248 42.2300674634701 -2.578173476512368
42.69070054639321 33.50791927639819 -6.824525001602927
59.25376566692167 50.49142953401798 -3.790490862896495
58.32491203490495 54.79848916975093 -5.540382623167337
59.92334160474938 54.83084164116529 -1.235836314181606
46.90753788114468 33.42147155635428 -9.509820084704279
44.88787765560082 29.17144123823621 -8.594545080217721
40.43157709813174 50.61904145693579 -2.9060769382456
40.00117165513534 55.12916840061241 -0.153074262797972
40.88748430708495 55.36616099806876 4.118501881312783
40.01227850354503 46.56143790786599 -0.4953981320629226
40.0009570148903 37.96061445728181 -0.1383451550594997
54.3594358626949 37.59999870766552 -8.999739938412086
59.26057833768047 37.47609701177962 3.773816218588722
59.95574769626965 46.06010686507733 -0.9397275180718239
52.18964177053114 50.60644039897382 -9.757328984755267
41.3861991142869 46.48103838690101 -5.079609660327069
49.45143840118775 37.67911728763927 -9.984942672459795
40.22102845147624 42.17420563094847 2.090864762045352
40.966183413643 38.10198643142115 4.288374736897559
52.02194468253037 33.07254495726181 -9.793453920899776
54.63996722947828 54.8643804180214 -8.858369156304542
56.75009546111828 59.15564437783004 -7.378089946984271
42.89159418252208 59.18552149882579 -7.033531597572168
59.27252602187941 58.84093725970572 -3.744363921091142
54.49430093855389 63.57207214366782 -8.933155045879008
40.52229990966418 59.09296155305141 -3.189545578550108
45.17118796323565 63.4684011251446 -8.756858701246681
58.09710750952748 29.19783815267939 -5.868291913253268
40.37839045561078 26.46605274489658 2.724817383847653
40.12530336316529 29.08233231769661 -1.578089455793034
54.53494134608616 29.13107401244055 -8.912592607516528
47.0841972417434 59.11888455265661 -9.565463620491336
43.42479637051972 51.58692163657251 7.534367739291023
42.67155972629802 46.49240496348842 6.8039667220514
42.24837430445575 42.29096984998393 6.317618148968656
52.10830302885296 59.15291313698104 -9.775226766603906
59.35928507745081 45.71166849715312 3.521900458418243
58.30661493553426 42.24071249635789 5.567777681693049
57.60807427314705 37.12620592614942 6.489777026545522
58.06259995037362 30.71494181081486 5.915613412000077
56.97273887993504 25.86059167436798 7.168048026641719
43.82374785173335 60.5766821302573 7.864725640544089
43.23394950403963 56.48548998405373 7.363461189285538
56.57002870387764 25.27572300912207 -7.538880741212441
55.63520201563666 63.28943972124853 8.261022832734731
43.81427033352757 30.80069461642571 7.857273604331402
43.02726188662449 25.86059243451254 7.168048772314579
41.87846291167696 29.22327617950768 -5.834435304551189
40.5039596024862 33.58101204702783 -3.134520181588582
57.00301025940892 48.00442803043283 7.138476539613569
56.42534525331489 55.03125093616185 7.662567348852722
58.44944811590807 59.47860704184328 5.348534989749769
41.50861914510016 59.83175063164514 5.281709115148281
50.85336781897698 22.41146654440747 -9.963521634720049
46.57416240936298 24.46556870798632 -9.394872899756459
42.35262530304944 63.90504287607788 6.443419918369458
45.1807646071893 65.31385951978427 8.762132744296945
59.95199335467692 58.52840102774643 0.9786870125154746
59.35433686580609 54.72235326917527 3.535022178292685
45.58285145659038 35.36011317025832 8.971554979235998
43.08332119468908 25.38198222776602 -7.222157178029481
42.53774297428863 34.89740300626956 6.656930229634482
43.43394887943165 38.71101323825626 7.54234530382182
40.03551014424423 58.89574737883787 0.8419868850169133
58.34233024155592 51.77307833957948 5.514120613554033
59.87952222605359 62.25181270872622 -1.547591866388911
52.80259390183848 25.92924010542453 -9.59924306502225
40.11231310996983 62.66066964990622 -1.494539382125965
58.27363009838728 63.25512386693777 5.616675617752915
40.64884610148182 45.7279384470804 3.543433471398629
59.75525838421794 66.46681528132954 2.198848302440529
59.99744847723159 51.06283054186038 -0.2258848049332046
59.04352617427134 33.92860531181029 4.267860627441958
2 5 0 6
705
706
707
708
709
710
49.15823813888871 70 -1.085636220021131
52.04799193071431 70 4.252699064135752
54.17931294310461 70 0.1028131957640162
47.53756029695353 70 3.884750155652792
51.71301565078047 70 -4.883605138815788
44.5396774861236 70 -0.1465654519437076
3 1 0 475
711
712
713
714
715
716
717
718
719
720
721
722
723
724
725
726
727
728
729
730
731
732
733
734
735
736
737
738
739
740
741
742
743
744
745
746
747
748
749
750
751
752
753
754
755
756
757
758
759
760
761
762
763
764
765
766
767
768
769
770
771
772
773
774
775
776
777
778
779
780
781
782
783
784
785
786
787
788
789
790
791
792
793
794
795
796
797
798
799
800
801
802
803
804
805
806
807
808
809
810
811
812
813
814
815
816
817
818
819
820
821
822
823
824
825
826
827
828
829
830
831
832
833
834
835
836
837
838
839
840
841
842
843
844
845
846
847
848
849
850
851
852
853
854
855
856
857
858
859
860
861
862
863
864
865
866
867
868
869
870
871
872
873
874
875
876
877
878
879
880
881
882
883
884
885
886
887
888
889
890
891
892
893
894
895
896
897
898
899
900
901
902
903
904
905
906
907
908
909
910
911
912
913
914
915
916
917
918
919
920
921
922
923
924
925
926
927
928
929
930
931
932
933
934
935
936
937
938
939
940
941
942
943
944
945
946
947
948
949
950
951
952
953
954
955
956
957
958
959
960
961
962
963
964
965
966
967
968
969
970
971
972
973
974
975
976
977
978
979
980
981
982
983
984
985
986
987
988
989
990
991
992
993
994
995
996
997
998
999
1000
1001
1002
1003
1004
1005
1006
1007
1008
1009
1010
1011
1012
1013
1014
1015
1016
1017
1018
1019
1020
1021
1022
1023
1024
1025
1026
1027
1028
1029
1030
1031
1032
1033
1034
1035
1036
1037
1038
1039
1040
1041
1042
1043
1044
1045
1046
1047
1048
1049
1050
1051
1052
1053
1054
1055
1056
1057
1058
1059
1060
1061
1062
1063
1064
1065
1066
1067
1068
1069
1070
1071
1072
1073
1074
1075
1076
1077
1078
1079
1080
1081
1082
1083
1084
1085
1086
1087
1088
1089
1090
1091
1092
1093
1094
1095
1096
1097
1098
1099
1100
1101
1102
1103
1104
1105
1106
1107
1108
1109
1110
1111
1112
1113
1114
1115
1116
1117
1118
1119
1120
1121
1122
1123
1124
1125
1126
1127
1128
1129
1130
1131
1132
1133
1134
1135
1136
1137
1138
1139
1140
1141
1142
1143
1144
1145
1146
1147
1148
1149
1150
1151
1152
1153
1154
1155
1156
1157
1158
1159
1160
1161
1162
1163
1164
1165
1166
1167
1168
1169
1170
1171
1172
1173
1174
1175
1176
1177
1178
1179
1180
1181
1182
1183
1184
1185
65.17038393229166 -0.0005058585899408996 -0.0002820828367653405
29.56389783053436 -0.001446085044729983 0.005338065016443849
47.31987323961793 -2.114541929017523 0.5691043241937608
82.09954160567044 -2.049650492865371 -2.069861080069082
15.1150780663543 -3.490293904138305 3.33679344802545
88.27540999531443 -2.172247536379797 8.047209519827984
19.1878379407031 6.777698077497016 -3.071663539213143
75.09360596766834 7.091242461499395 2.860448148273467
56.96150917279993 -3.528779747652916 7.602984383877871
55.82905070211268 0.2457785053184254 -7.920868061265622
39.06086998850072 5.541759770535179 5.529180068340905
38.47980085433978 -2.850556386497807 -7.625773806364897
20.95929343912276 -4.334194859423958 -7.025569777678024
37.53124259121196 -8.049459463963208 2.762922949836424
73.27059700621595 2.93006398435766 -7.931674128567222
73.02347679470681 -8.503369249831991 1.367425526003198
22.24732796554715 4.256135045362775 7.556925525644219
86.92048305434722 8.006246651663719 2.053375177797236
58.64505415995703 -8.738955816784472 -2.048777758146597
11.56283504063074 7.048881625922071 5.241317478966009
24.21986969634978 -9.153018334756347 2.069355236194129
55.0497579855288 7.780754093856435 2.230194308999257
11.48957031037714 1.22312477715951 -8.898334732833794
46.01372233732967 5.108607525076772 -7.569172433379716
42.87528279807599 -2.883432000940436 9.620415367767407
28.88594699067842 9.435629485262794 -3.418099331980113
66.84762744519466 5.283487323148458 8.51401045906796
49.98221186576939 52.82827498814866 -0.100906980641243
50.06160432410221 35.41253895755533 -0.1182183384646303
68.40597667396842 -6.229058638741304 -7.640624860059239
77.9749363201189 -1.731662898606899 7.39609566683679
28.5573580255624 1.689341146577537 -9.920503366057378
10.40222168035206 -8.40755008760968 -4.723611003468792
67.8778530401696 -4.630764471164198 8.990151558683216
30.14560247080097 -8.035412512214622 -5.871424640368
67.23214836304551 9.414049759402575 -3.059466586532714
89.72230219981128 -8.291442334279445 -5.268850881940732
88.51457079368296 1.074256662484085 -9.649921693756301
30.22461378866944 -4.769690549235388 8.81291501558025
48.84843374279306 -6.720510350178849 -8.016694058255194
30.26964187412715 8.848341431393752 5.85921595514681
81.79142412305384 6.688327189950134 -5.877786934686316
36.6035406162842 6.474700374321559 -8.15431862498073
48.27048136032862 5.228664263006491 8.796837294479849
51.30181565529415 -10.08447118063749 3.775659704032213
84.88254525049265 -9.885876993785581 3.080600805921752
64.1800285362516 3.98194847303387 -10.10556858469779
9.877209540427453 9.533332362137632 -4.043747998875595
77.48556415315332 -5.235166558216424 -9.52160756370403
46.07167330753478 9.049091944718743 0.7329710847694013
21.19585484766025 -5.459677073909744 9.831185476290454
48.58016732659738 44.11370548852621 0.02029071052934306
90.87942680396374 0.1095401433882235 -0.4590149632095475
44.48595697857284 -11.08100190519842 -1.721787921873786
19.70931237715972 3.321195655026756 -11.11200171461269
64.92726730478454 -10.85983305950822 3.63116122176811
7.997696433939134 -4.353361559313433 7.459721084079646
8.650134032190286 1.073724272642569 -0.551899657646119
81.55155995074267 6.346066981810009 9.072747346468251
58.5964060760299 9.808558549993451 -5.90090261120207
90.06719160196846 6.011933607944181 9.747806487145503
12.78656268148801 -11.49409806520752 2.673109915303447
79.58125915274721 -10.92516224415322 -3.521412556595305
32.87062064194239 2.393238017269212 12.28560014321069
58.09996219220864 4.935951045970661 10.08625834783421
22.70088645992369 11.42328079381672 3.072973793521793
62.6845027515254 10.92544399264921 3.859079129389928
60.3766508014687 -6.464157003815817 -9.883484345606309
74.12300881871566 -0.4728535493575565 -0.4113248996544403
37.69837353824501 -0.3605351764934803 0.08749760912475343
55.3085179412454 -0.1987565541703735 0.2711340317661772
75.16458872806668 11.28499555360117 -4.223846050583863
21.56665299167939 -0.2835123503387709 -0.149342750463429
43.98212106442065 -10.23133809029713 6.83639370903028
50.07239401294137 -6.194057110545548 10.64275754619407
52.2013822053943 60.51783934777272 0.4276455014935383
37.72033479136797 -10.67101804038689 -6.011409301954963
18.40741541716466 -11.34892585976336 -3.418846079141988
80.82405753913055 1.670318984510057 -12.18881287016386
78.13614056758726 -9.755696748991898 7.425835837263647
37.72079617995454 11.43805205382585 -0.9223569191604035
74.22482146689855 4.10723807972197 11.37679321820256
14.34195566198103 -5.77162757118252 -10.95412981608815
31.27469545009483 -12.29431371786061 0.6317903660780368
44.81201209404674 -1.266342231565859 -12.21345447217619
15.29244412007055 12.27232416068809 0.8339739363290959
49.99979626785915 25.44796644943526 -0.04863742454101594
80.5491775367432 12.44917501566167 1.303085358506716
51.94992585703178 -12.17693776044181 -3.587289243753143
14.13809861480724 -8.422351316807148 9.558000214627864
23.52422364094633 9.273609897634138 -8.643444385441168
68.17107038549028 -12.26887270524141 -3.070529359934239
6.959107128349893 2.640090751008952 8.45908403318524
15.07566854535672 0.6632773145968889 11.02578659944893
32.53270351238589 -4.343003433837775 -11.95372861064985
92.31095801249921 -6.930646856645962 3.048437277703524
85.07851620773536 -5.740417033716499 -10.90303871610983
90.47318838373647 9.183854646081585 -6.173385467120147
69.86792453435734 11.54305173003198 5.791410419940941
69.1232635502308 -0.8975944854937312 -12.78931217475263
58.12411151204881 -10.87132569155924 6.747732949334416
37.04893067297376 -7.627354093781261 10.27773843625974
51.53448431485419 8.616949286184433 -4.186469910413082
52.50709630365323 6.128348094968544 -11.20856871500376
16.57316584358935 7.708591183282843 10.41036549111891
83.75633086500034 1.733475655154092 3.908888996944265
52.71700715049206 0.4380687902546319 11.95653435888092
33.88067527840975 5.611761777499511 0.6579162837790403
14.72126799624212 -2.718358518736729 -3.811744307786955
25.35010142741852 5.400534446947892 0.9449425651557676
14.09830141176176 8.122414812105598 -10.03441121816298
84.68413884237816 -8.136859793082904 10.1319519136227
25.90830761908958 -6.861928162103041 -11.45239292772334
40.98505482072436 5.348998744821422 -2.561750000764516
42.02918040904312 11.1976721038079 -6.828454429201646
73.73015044084006 -10.91813035810794 -7.535117707994435
36.4650935824065 -1.369618744312123 6.996161440507364
61.14698895757168 5.760743395513186 -0.7059623625362197
42.42752562241776 -7.804225069904366 -10.73632262824121
69.48961115332172 8.630226800317466 -9.711030507099935
51.70269811372489 -2.532149742852357 -12.90229946916587
71.42702259654877 0.6152495598046039 5.97345507588744
25.27569866898439 -12.67965052428244 -3.899138214922591
19.00678935945651 -11.87715002009195 5.883295367341002
76.77019356590957 8.458879841470738 -10.42667854945864
30.24559118561242 8.417669493625336 -10.14768091678475
92.61011714717282 -5.041936590869586 -11.48609101539355
36.63027002023563 1.337049207340451 -13.03565437149131
63.02094711654088 -0.2269342789620355 6.625638805485687
60.0174621844649 -0.4907134422354583 -13.41804449951861
40.23388123368034 3.484333528637983 12.69751480399023
6.720431357654173 -7.923083724678848 1.392023638209446
15.09650848396096 2.973704797778606 0.9575905785994623
92.54413374990246 12.63405977353933 0.1795988073636372
8.244026921324714 12.67238040642904 2.220599785254075
86.23652198280772 13.1137392410873 -2.47566399992722
36.53485896567186 12.13337407092888 6.018820095210557
93.52367093885098 1.628144852417994 5.715574779772782
25.02744685874396 -1.685812926871017 5.591362947873716
21.59602608779489 13.10164959763384 -3.396949355934228
62.23681065252076 -1.142092986400547 -6.048583559775004
74.25131524525072 -5.803781329507948 11.81579665206347
71.25996875543416 -10.5499094974923 7.748518636033695
49.47339629405676 -0.3982616433367728 -5.632652137872139
33.51888955326498 1.146182890008433 -5.358193735033644
52.38850685050787 18.72209035653021 -0.1389066514652622
57.76556917625054 13.707637463273 -0.1990146243773139
28.67337462989522 -11.17908950570209 6.890522983897656
91.9404961702767 -8.051136750292246 10.20911353400544
64.9790408154273 -6.469225107903105 -1.851996526491653
77.61121433698899 11.49487273599728 7.279011415338628
52.27245182794211 -5.583726874380849 -2.352512821290953
68.67246138655227 5.332734716034111 2.061992616621602
24.25162715338032 3.095039109491342 -5.131718565227162
41.97112946502145 -4.912605246265604 -2.308255747402197
6.606001360337167 -2.739013303500807 -5.973095372010938
61.76316287622321 -6.994489235372651 11.14756176812979
59.34466940477295 -0.9420902251545211 13.62263824950123
54.63673180684529 -9.835926722750649 -9.246128734880546
51.17029936594633 0.2299711473160473 5.477439617352192
90.24295970877124 -12.51708007182637 5.744880309252645
25.77115010834282 -4.699443507381364 -2.406257308536782
8.056226424904697 -3.435484837584879 -12.7177218612802
62.52984065135812 -11.73376182656679 -6.498667420946276
46.34250471228322 1.106648571771332 13.60059820333221
31.28353508551491 -5.922024832587961 2.390341091094943
86.12007189732755 11.12114451639912 7.937163912521347
53.42988244410317 9.96175498929102 8.684146958555178
24.746690231621 10.09720686917377 9.153209828118623
26.50066210237596 4.689247193507105 12.75403587536686
21.43224164845493 0.4143517755512458 12.90123270644413
77.25550795596162 -13.50317216556989 2.078445736373913
70.1269692898791 -0.7360408022517713 14.37814198861532
79.31979294256655 -6.625853050020465 1.758008671322838
50.05360023802182 3.850806873120317 0.09955347731477493
21.21485078149574 -2.670183877864117 -13.39150946176204
93.12234191168601 6.129251140250659 0.9401867124967158
47.31828073911561 13.63393368912751 -3.797279499639501
46.38349020807649 57.93996698877334 1.500133877670932
44.28829628066711 1.604353616390442 5.045937300697599
35.99360924176351 -1.564613218624556 14.13648556351509
38.67948028473997 -13.67727684993942 -0.3117087539347771
42.82656356545226 8.965437228713119 9.871018805591779
79.47213469549658 3.714150474864719 -0.5730437565626638
60.36685805676607 -3.921785296175392 1.972926439508925
56.04846362163221 -13.72816663983029 1.221645218611448
35.25622906609577 -5.611072529173375 -2.763057356042212
84.54822706583413 -11.42239545694095 -7.730273698744234
86.13749698481993 7.314698808598904 -11.11910392274819
19.15754615983694 -9.967906314106829 -9.729773466303753
43.10817704810673 13.61500425817788 4.867980708164248
70.89043240407074 13.83533169330639 -0.1384386784691567
53.88486968141505 40.54605800650161 -0.4186154355111285
87.32623568891003 4.012307249441722 -4.08544116208645
93.0096586078588 0.3132629955214387 12.58506200396731
93.88494088166713 -3.190996910555528 -5.298053856841519
67.70665514406262 3.30393869348874 -4.832484628572003
86.5657524481435 -3.810134695798295 2.126728043345348
34.06655453512747 12.19748582782562 -6.28449953939673
41.55263275407736 5.565195574450405 -12.31440977575425
52.70146557956457 47.8789314832099 -3.044968545175097
6.052739164663079 4.226017012145723 -6.036640310878268
42.78667207156014 -4.981071104190447 3.812767186146979
73.78338859554543 -5.418138330428784 -4.371995053751461
29.75153219943667 2.532563327172983 5.810803089006254
74.74538226843615 1.777492325746139 -13.98992117780296
17.8213519786656 7.612069515728316 4.236153744078768
82.7814126345999 -1.366735329405258 13.55586283766236
87.93229912412247 -4.455506078799651 13.59179542679697
15.59424556327461 12.47592914051743 -5.569010071928087
87.14695124249018 -13.40666136589155 -2.008822300434862
53.75479253310273 30.39806021141993 -1.385588401485456
15.21461364551954 -0.2039059606196376 -13.78087018142064
49.24671381565978 12.51713758461252 4.829337207450904
36.49908793350855 8.265636847278877 12.02402195513896
68.85482659293437 -4.125290081666785 2.861032409253069
47.7217232274393 30.42329259597443 -3.131215968982195
93.64505544892539 -12.78483929004006 -0.1288279880752321
19.39646566961368 -6.082523491177364 -0.3121538863620477
72.18252080753109 -6.285786492745435 -12.55791177231458
58.64305548014113 5.643281988825153 -12.68208403531191
93.56100298299432 3.335535900960802 -6.081401290537357
5.851481945678099 5.554062034284087 2.944389508089035
78.97936508893258 1.198335493208122 -6.306165951327198
61.8697945014983 -13.88622159885907 -0.7704435799195152
55.42843393006972 -5.347457712459408 13.02875203365385
46.25232765321056 -12.24846278970443 -7.475713113238668
80.99100609167772 12.9370335971582 -5.960955369128517
87.54098504715267 -2.583450122760197 -4.833015651186595
58.51957256286 3.163838672197196 4.246386892352862
65.56810974476892 -5.848984847031018 -13.02708727000391
14.34608000628187 12.28875063499421 6.929650559804597
72.75897709942824 5.914132700437707 -2.643577931125312
43.09956879071171 0.3049502142555029 -5.230598028211213
70.20281098749277 -13.73131753983637 2.673603774048161
54.93746378516991 14.63174910084484 5.099776966304033
55.93794595247176 4.476296650120817 -3.559781625006535
48.51460910528845 39.6911322364461 -4.150149299890989
34.67436181248425 -12.67255528584944 5.881513204294135
38.34002963397886 -4.444351711867008 -13.70206008509173
49.97399874169783 57.30348748462104 -4.315182548065084
13.6666609262959 4.862948309472737 -4.598133216769312
33.61602286022322 -10.02993387494796 -10.35058643159368
10.17393061325773 7.359823802824986 11.60275645867343
6.489680888120262 9.784529273610566 7.339910071578132
84.45685849811851 -7.56948095505063 -2.453449376778817
25.02744054442488 5.454646534096775 -13.11644824327288
91.46527076394072 9.970050316354344 5.452844490918068
47.28059096975452 4.088694226804988 -13.34988009449972
12.1204446474536 1.083863530816775 5.816969358589006
92.42580190408505 -10.6588984709278 -9.878979114681179
9.155013842728192 -9.340618655314666 -10.82545303410839
64.82637990235204 1.015785613903292 12.20206405377749
94.68711311250685 -3.6545033353673 7.696887499535826
21.32980968047711 -14.26158332458407 0.9128349542975931
46.76164198896396 -13.8526124087694 3.023453155028953
19.08517915487258 -0.7497062309849842 6.843155659654294
14.12744550860479 -12.1319521939811 -7.450071273002275
64.20750826609296 11.73967309739172 -8.115089516111549
18.56787939920342 1.438779033673533 -5.596743549458058
26.67305460376677 14.09930697326822 -0.4581507205913589
32.30158037957672 12.79979724140972 1.622057079673898
62.45049356590364 9.693770918334231 10.18376905446306
46.86594930492284 48.81668979138144 -3.123301520084371
73.73828209156031 -14.18567108075951 -2.61600541946943
85.60290554352197 -0.9909753019956371 -14.30212312671128
45.07012469726708 -6.665824468615271 13.1254172574125
26.2004728791267 -8.287991325603851 11.51862419508278
27.88251028314737 -2.059109795670348 14.76633256038416
76.97258731520805 -0.7749099823809154 13.08749266420242
57.44429192824443 -13.91821528517263 -4.59895095814927
32.58777135510471 -13.27039816124769 -4.979600290683754
53.70104754708891 45.70039889767364 2.238704624657289
7.7176333014741 -11.25541694837318 7.360918796721342
48.35710318165233 -5.352552807878659 5.213312284211909
73.52934635578471 -5.2083961729407 6.101724727573931
26.88976102552365 -1.853791068337084 -14.18213822797041
11.11569906026328 -3.967021014871625 13.06346625314078
9.847592345677223 1.786456065696061 13.54542216927108
27.64763820961062 13.13399660356175 -7.247956649525264
69.09454379579948 -2.155447927666025 -3.625804020794229
85.5949331919483 2.420717801881855 10.25516059507486
68.50758708254513 4.727376332128731 -13.82023198963326
54.98671871234758 -5.804732185307189 2.708791065355838
11.70163558648389 4.383542638568832 -13.73103279074371
6.253130385873528 2.342510762902714 -11.85048094055863
8.215910934733184 7.690682843519852 -10.29999879298052
79.12668519867694 -10.72937160509377 -9.465027404893005
45.65283801080613 39.12305917970463 0.9279643383005083
11.26456900031355 -13.85943564493591 -2.549940514578454
7.318650545944025 -13.86644718098512 1.971941694506957
57.4776538361401 -3.457248622449848 -3.892456176738209
80.67582796514161 -3.931900132159992 -14.11339000036919
87.68628970637226 13.58021618056536 3.027530261296187
55.96788810552037 -6.274347052621889 -13.50012098963595
81.44566177638946 7.243270781593332 3.444665883772116
67.77170456109071 -11.78620788345039 -8.735347888135539
42.08190738942316 -2.300228151562203 15.22716567736226
30.79129556906345 8.210842263965525 11.49179100792699
82.5696468978457 -4.795418697696547 6.047934425234772
5.577190940490809 -0.5670302996466363 3.956936049804013
29.29014232336907 -2.477821040795664 -6.202193341626873
52.8887171340768 -11.10455126709899 9.283287788739994
10.69081890642699 -4.186329277269852 -0.1214323733827865
48.54112313040377 10.52621751095122 -9.297089676315771
79.82473038784886 -5.49495698506161 11.14159397801119
27.33119895435717 -11.72060369181385 -9.031902507247786
54.70237042039528 1.995574454151833 -14.29878768267216
85.58902661594399 7.403182182360778 12.79583556092703
65.66495330021064 -11.03557567004004 9.450140574049787
26.60151932619662 -14.49387060114868 2.850727347399129
19.22159441938133 8.795735284408414 -12.20043001337456
62.49956053506862 12.36711774569571 -2.837149508319379
19.87832074290748 12.51222738682119 7.789068167168591
47.12555248072891 -6.226565441705555 -13.30133930797673
47.97065704640296 30.46561833262833 3.151311274200577
91.69608156232829 -13.8728957043816 -5.305432417241125
29.33262362960452 4.052194985429471 -3.56056867276728
40.06961907422372 -13.77705431374077 5.076623547143498
88.40767741899566 3.655359523020528 -14.42450349361998
11.17829367076075 14.47505293366972 -2.049272157364851
77.24477812781845 3.734771172007819 6.729100807391514
75.52525512002535 14.19514969094748 2.898335159770286
94.91133753578762 -7.585960619955637 -1.914229022939922
54.4674055864062 55.80828697660742 -1.428420315663108
63.48289193738591 -6.080989472397899 5.983660971080537
48.08615991195909 10.63544932631663 9.885508488215539
31.54330012650276 -9.501683736443773 11.25386863804837
70.15836991892047 13.12985307867834 -6.259256224548732
31.86218857901111 4.312615240107277 -13.69067175185879
83.53521031818831 -1.139176849803762 -8.314569789384308
47.67774503449547 63.80174622987712 3.196181371819554
47.36677166467825 62.17247212776196 -2.40692844847823
82.87673778711815 -12.67677375868333 7.461796732597413
42.87112847451581 13.29900902588232 -0.6032933780463499
53.80046126537748 4.873697554699 6.697800831517141
93.63836873673948 7.027157805412105 -11.7568952278808
93.80943090701281 0.9045070553051309 -12.94637823996741
27.44851749680541 13.59141057587499 5.042975895609816
63.44530399030719 5.528552294494515 4.245657215557133
72.43979193149393 -2.407514029877344 -8.723817215246779
53.94841307071119 10.70135517632824 -8.610208538013048
53.6001314617946 13.83379450078307 -3.962741447956761
21.1778753296671 5.852102396591416 12.65624062047466
58.29682777271054 8.979566436031469 6.43883556372518
16.50182529198618 -4.413731347924731 12.38814604624523
88.95206794268553 3.443540746521893 14.41297619942464
70.78878597939828 8.92837096791828 11.03381045111
68.81057918987972 4.501919423213709 13.55253326358263
82.01807469694232 -14.8533613787099 -0.4414553922276294
63.16599262222117 6.882055905234211 -5.624134962396411
32.07456524039633 -4.805552540680848 13.90734588288491
10.74093267228638 6.034021580630339 -0.008950833085357601
88.62473464490922 3.815016943594315 5.019190082932493
78.87586433911378 -0.9334007785092113 2.124914177293552
14.40217281110786 -7.989456889884417 -1.111890632697177
47.95039510108666 -7.460542016269776 0.2676990863786348
5.341876576729584 -3.175456767286468 -0.7527548335241446
19.02007891079558 -10.29391675329889 11.09910750898957
53.84759241251655 -4.753675702539557 -7.652095632220997
4.949708570155513 9.438924604894529 -1.149540525668002
86.0486503824319 11.9738713441142 -8.075554377998582
16.16412731784984 -7.320194228155085 -6.155030316809952
19.14608997253654 -6.593494294098651 5.014032487956555
23.61332228035816 -0.2556177890378686 -9.258494089814585
64.79631717152813 1.128222857170506 -15.19678597231704
44.87438779230674 2.575259088025881 -0.1732104430731207
77.78445502512446 8.029060155006338 12.61798086305451
81.35652265121863 4.008133225959367 14.14889073983172
23.64408358614735 -11.98251536218788 8.582868577775239
53.16683916396809 5.73860014602953 11.90844005298277
79.09175853515634 -5.716582826857548 -4.475135871034706
69.48092681960961 -5.796385840157785 13.73462777813648
49.81208386444441 7.280635589362119 4.147243348075492
47.86145465175296 -15.16950698139923 -2.000882932038691
71.86045692367939 5.824562173626513 6.869093847406056
14.16976313727221 -13.23648953054287 7.439305849009889
44.61345000988764 6.882634909506493 5.340902456757574
47.97734236261731 -1.5231471842925 9.31251351781424
39.62808075421825 2.183611777147092 -8.74133501348067
24.66207258713185 -8.038819576132678 -6.345304533058568
88.10179364744423 -7.129627639780556 6.23290183302795
61.32113553633387 -14.57137883757153 4.72926154360687
60.17806914178288 0.6525445563402374 -1.545460471602529
41.46590826748183 -14.14619311934666 -4.751300363563272
81.17017436965985 6.927546240060744 -13.02538480621104
54.95683765455716 35.65359322806117 -2.039256940465199
54.08144399460731 33.63609233870226 2.689601438333666
53.07743773824813 28.21626445352157 3.739411229564094
65.60471835391093 14.63033457939436 1.070213778359971
25.79379393925695 -6.803323147573217 6.496153043797436
44.18728670657572 -4.499837339204033 -7.05230438644557
95.13354348087289 6.51575347344697 7.662417355445668
13.22215344872076 -3.412998612523686 8.288527496124175
62.92820395605221 8.652237054876238 -12.17737446064306
78.01167790111145 15.25443647172007 -2.32469193386768
91.10785972029693 11.01359215547361 10.49707476834146
5.196655698696431 9.375545213113607 -6.374445511936138
51.60009144455292 11.22596592743393 0.3432973806029065
16.0900094577136 -14.72823098964082 0.003226462979060485
45.58330686851092 35.49614266135607 -2.894158719174398
5.196710885902474 -7.475359504229122 -3.928868866968645
6.65482617325091 -12.79072587821057 -6.135621296174897
41.49667908336472 -10.21428049427151 11.50605010791368
59.1410512194694 4.269758600616804 -7.673240203033135
23.91363362741239 8.62520039043496 -2.717057555661035
40.96548036131483 9.427313555922312 2.625352234288397
54.3679125475427 50.93520544921337 2.14382634419395
34.01452846650024 5.354596116556598 6.799894322089036
36.55197510106378 6.522600278729924 -13.34946990212577
63.49606963430364 -10.33002632585596 -11.40715051166751
33.62929494956347 0.4810363085788966 3.122141633201893
19.66298324218617 15.23804345518367 1.034350753870921
79.05058276012259 8.698538929939211 -1.955922060398501
50.17485674317016 52.20257025597548 -5.249027922612086
48.29010642723772 6.06426073174408 14.07900932586511
27.14929460403211 0.4792529597390236 9.797817123518413
62.12173711010862 5.550867390956141 13.82145423503573
11.01081444513094 12.40508240632199 -8.569945926990755
11.26982026199287 -6.819361674112089 4.297007172870304
66.96435269356429 -0.644960387310816 -8.093269627035927
86.40778780603651 -14.97278406033102 3.011993611762472
18.41914145634982 -6.988575168262401 -13.88779426889152
48.2651727901649 -12.92222913139443 7.87505310942661
90.5186598082169 -4.951042102612059 -1.357994621811887
49.22461592605365 44.69835968520414 -5.123063198350489
33.62913498266049 7.559993798884267 -4.098059647198397
45.34688984375826 47.98946421243927 2.024617627824502
50.15842358853836 34.89106335089589 -5.29166305513864
51.79785437057353 4.078432348438477 -6.560941664263012
17.12856625030939 -1.799258921222501 -9.30097400427319
30.70691226378219 14.96051631825665 -3.535050696779817
32.36446627949937 12.32455192407661 8.935166650307233
45.85619968632088 54.75703649240346 -2.527979261734035
66.32648633487572 8.560729368091652 12.80878576385294
49.87936179928725 -10.87851620137544 -10.81442160262193
76.71027798299619 6.111983380298152 -5.883690517414554
19.67194355952788 2.931037189496915 3.344683502187931
38.42281588949298 10.77206107028339 -10.73080640829967
31.70579478465662 -0.5434259825336687 -15.2647178207614
22.11230092363801 1.938315904500068 -15.40089527870026
16.31441204394063 3.678428467721924 7.106731374055952
20.06213333163479 13.02119539474082 -8.276099751435705
75.66137938728997 -3.193280550768117 -14.62920914200447
33.64490664369963 -7.736439743808489 6.507170521868993
5.313834275237003 -1.768148966207168 12.08856300757128
6.222442002719736 -7.806217963699154 12.173240993591
49.72292513817481 -2.952775623150759 15.04241209914538
73.22039871201642 6.602458753938642 -13.5495687749225
81.65651225444842 11.23901529087539 10.27263725297103
95.50761085061043 1.630442424608745 1.025160568341097
27.9345225886162 9.659904795327916 1.498435542448583
27.88187959512303 -9.164702767351857 -1.395463661892001
11.35420008498561 -3.630977625859671 -7.476676445020595
21.28707699077646 -13.69178877649365 -6.940400558196627
57.24341630978383 -9.939777688004353 11.6984708771245
46.61659950211545 15.62708056949327 1.849869136849834
60.37444764682783 -8.912916542193772 2.683605248300299
45.49741019856471 53.02573440764044 2.193136678539776
49.54985334860624 50.29380562335215 4.811357382400704
38.9734228958375 -11.46614480270651 -10.82237917705592
41.35179520838927 1.234089531102188 -15.1045723013963
43.90445542908522 10.07102384950351 -11.489745716027
45.70177170673985 8.897504953175826 -4.278917587133706
42.48570306506789 -9.080036783208838 -5.87552637961876
9.174921604057586 0.5348195979144801 -15.28798695295079
51.32950085531633 -15.39448336610288 1.622351492682811
95.65091081557458 -10.68857984175143 -5.910979523186015
7.441867375845479 13.72923086343636 -5.307586268238037
34.56045488393614 -5.926481899699899 -7.686747394351173
85.91724447283615 0.7958330142431422 -0.5124668074452539
57.60330093701439 9.731249739717551 11.44317301907802
90.05103757436369 10.59045357675159 -11.06142841432684
10.22230471603784 12.09345555747673 9.840334178098475
58.38970601671357 10.29882849169046 -10.87346026373919
$EndNodes
$Elements
16 6391 1 6391
0 1 15 1
1 1 
0 2 15 1
2 2 
0 3 15 1
3 3 
0 4 15 1
4 4 
1 1 1 8
5 2 5 
6 5 6 
7 6 7 
8 7 8 
9 8 9 
10 9 10 
11 10 11 
12 11 1 
1 2 1 9
13 2 12 
14 12 13 
15 13 14 
16 14 15 
17 15 16 
18 16 17 
19 17 18 
20 18 19 
21 19 2 
1 3 1 9
22 1 20 
23 20 21 
24 21 22 
25 22 23 
26 23 24 
27 24 25 
28 25 26 
29 26 27 
30 27 1 
1 4 1 5
31 3 28 
32 28 29 
33 29 30 
34 30 31 
35 31 3 
1 5 1 4
36 3 32 
37 32 33 
38 33 34 
39 34 4 
1 6 1 7
40 4 35 
41 35 36 
42 36 37 
43 37 38 
44 38 39 
45 39 40 
46 40 4 
2 1 2 1029
47 1 420 11 
48 11 485 1 
49 1 487 20 
50 27 514 1 
51 1 514 420 
52 485 487 1 
53 5 424 2 
54 2 471 5 
55 12 471 2 
56 2 424 19 
57 3 525 28 
58 31 513 3 
59 3 75 72 
60 72 524 3 
61 3 513 75 
62 524 525 3 
63 6 464 5 
64 5 467 6 
65 5 481 424 
66 5 464 463 
67 463 481 5 
68 5 470 467 
69 5 471 470 
70 7 79 6 
71 6 431 7 
72 79 80 6 
73 80 464 6 
74 6 469 431 
75 467 468 6 
76 468 469 6 
77 8 73 7 
78 7 432 8 
79 73 77 7 
80 77 494 7 
81 7 494 79 
82 429 432 7 
83 7 476 429 
84 431 476 7 
85 9 413 8 
86 8 435 9 
87 8 81 73 
88 8 413 81 
89 432 433 8 
90 433 435 8 
91 10 410 9 
92 9 457 10 
93 410 411 9 
94 411 412 9 
95 412 413 9 
96 435 458 9 
97 9 458 457 
98 10 453 11 
99 11 465 10 
100 10 504 410 
101 10 460 453 
102 457 459 10 
103 459 460 10 
104 465 504 10 
105 11 420 340 
106 340 466 11 
107 11 453 452 
108 452 485 11 
109 11 466 465 
110 13 393 12 
111 12 426 377 
112 377 471 12 
113 393 426 12 
114 14 403 13 
115 13 404 393 
116 403 404 13 
117 15 394 14 
118 394 395 14 
119 395 401 14 
120 401 439 14 
121 14 439 403 
122 16 440 15 
123 15 493 394 
124 440 493 15 
125 17 347 16 
126 345 346 16 
127 16 347 345 
128 346 440 16 
129 18 371 17 
130 17 348 347 
131 17 488 348 
132 371 488 17 
133 19 373 18 
134 18 436 371 
135 373 498 18 
136 18 498 436 
137 19 374 373 
138 19 422 374 
139 19 424 422 
140 20 480 21 
141 479 480 20 
142 20 486 479 
143 20 487 486 
144 21 326 22 
145 74 475 21 
146 21 480 74 
147 21 475 326 
148 22 396 23 
149 326 389 22 
150 389 528 22 
151 22 528 396 
152 23 522 24 
153 396 397 23 
154 397 522 23 
155 24 407 25 
156 335 408 24 
157 24 522 335 
158 24 408 407 
159 25 447 26 
160 405 406 25 
161 25 407 405 
162 406 447 25 
163 26 534 27 
164 26 474 332 
165 332 534 26 
166 447 473 26 
167 473 474 26 
168 27 515 514 
169 27 534 515 
170 28 449 29 
171 28 375 226 
172 226 449 28 
173 28 525 375 
174 29 441 30 
175 29 381 380 
176 380 388 29 
177 29 449 381 
178 388 441 29 
179 30 445 31 
180 441 442 30 
181 442 443 30 
182 443 444 30 
183 444 445 30 
184 31 364 71 
185 71 511 31 
186 31 409 364 
187 31 502 409 
188 445 502 31 
189 511 513 31 
190 213 491 41 
191 41 508 213 
192 41 491 430 
193 430 526 41 
194 41 526 508 
195 333 334 42 
196 42 414 333 
197 334 535 42 
198 42 492 414 
199 42 510 492 
200 42 535 510 
201 295 312 43 
202 43 475 295 
203 312 314 43 
204 314 315 43 
205 315 326 43 
206 326 475 43 
207 210 212 44 
208 44 516 210 
209 212 395 44 
210 44 394 391 
211 391 516 44 
212 44 395 394 
213 45 417 290 
214 290 530 45 
215 335 522 45 
216 45 530 335 
217 45 521 417 
218 45 522 521 
219 46 328 218 
220 218 345 46 
221 46 349 328 
222 345 347 46 
223 347 348 46 
224 348 349 46 
225 264 451 47 
226 47 501 264 
227 47 483 409 
228 409 502 47 
229 451 483 47 
230 47 502 501 
231 48 367 366 
232 366 520 48 
233 48 374 367 
234 48 382 374 
235 48 478 382 
236 48 520 478 
237 225 448 49 
238 49 449 225 
239 49 425 381 
240 381 449 49 
241 49 448 425 
242 50 317 316 
243 316 318 50 
244 50 331 317 
245 318 319 50 
246 319 533 50 
247 50 332 331 
248 50 533 332 
249 215 216 51 
250 51 217 215 
251 216 327 51 
252 51 460 217 
253 327 452 51 
254 452 453 51 
255 453 460 51 
256 222 426 52 
257 52 512 222 
258 52 324 323 
259 323 512 52 
260 52 393 324 
261 52 426 393 
262 274 434 53 
263 53 505 274 
264 53 429 313 
265 313 505 53 
266 53 532 429 
267 434 532 53 
268 270 343 54 
269 54 517 270 
270 343 490 54 
271 490 529 54 
272 54 529 517 
273 55 384 85 
274 85 509 55 
275 55 385 384 
276 55 410 385 
277 55 411 410 
278 55 509 411 
279 56 416 369 
280 369 446 56 
281 56 438 416 
282 56 484 438 
283 446 456 56 
284 456 484 56 
285 209 482 57 
286 57 496 209 
287 57 340 338 
288 338 496 57 
289 57 466 340 
290 57 482 466 
291 58 219 214 
292 214 220 58 
293 58 221 219 
294 220 468 58 
295 58 467 221 
296 58 468 467 
297 59 428 423 
298 423 463 59 
299 59 461 428 
300 59 462 461 
301 59 464 462 
302 463 464 59 
303 240 399 60 
304 60 400 240 
305 399 402 60 
306 60 439 400 
307 402 403 60 
308 403 439 60 
309 61 346 344 
310 344 454 61 
311 61 500 346 
312 390 392 61 
313 61 454 390 
314 392 500 61 
315 62 386 342 
316 342 450 62 
317 62 387 386 
318 62 527 387 
319 62 450 398 
320 398 527 62 
321 365 488 63 
322 63 489 365 
323 63 421 419 
324 419 489 63 
325 63 488 421 
326 64 406 321 
327 321 499 64 
328 336 427 64 
329 64 499 336 
330 64 447 406 
331 427 447 64 
332 65 383 322 
333 322 405 65 
334 65 455 383 
335 405 407 65 
336 407 408 65 
337 408 455 65 
338 330 472 66 
339 66 479 330 
340 66 472 341 
341 341 523 66 
342 66 480 479 
343 66 523 480 
344 327 330 67 
345 67 506 327 
346 330 479 67 
347 479 486 67 
348 67 486 485 
349 485 506 67 
350 83 84 68 
351 68 524 83 
352 84 85 68 
353 85 86 68 
354 86 525 68 
355 68 525 524 
356 86 87 69 
357 69 375 86 
358 87 88 69 
359 88 224 69 
360 224 226 69 
361 226 375 69 
362 70 511 497 
363 497 531 70 
364 70 513 511 
365 70 518 513 
366 70 531 518 
367 364 370 71 
368 370 415 71 
369 415 497 71 
370 497 511 71 
371 75 76 72 
372 76 81 72 
373 81 82 72 
374 82 83 72 
375 83 524 72 
376 73 81 76 
377 76 503 73 
378 73 78 77 
379 73 503 78 
380 74 341 295 
381 295 475 74 
382 74 523 341 
383 480 523 74 
384 75 503 76 
385 75 518 503 
386 513 518 75 
387 78 438 77 
388 438 484 77 
389 484 494 77 
390 78 531 438 
391 503 518 78 
392 518 531 78 
393 79 456 80 
394 79 484 456 
395 79 494 484 
396 80 456 446 
397 446 462 80 
398 462 464 80 
399 81 413 82 
400 82 84 83 
401 82 412 84 
402 82 413 412 
403 84 509 85 
404 84 412 411 
405 411 509 84 
406 85 87 86 
407 85 384 87 
408 375 525 86 
409 87 89 88 
410 87 384 89 
411 89 90 88 
412 90 91 88 
413 91 224 88 
414 89 98 90 
415 89 209 98 
416 89 384 209 
417 90 92 91 
418 90 316 92 
419 98 316 90 
420 92 93 91 
421 93 94 91 
422 94 224 91 
423 92 320 93 
424 316 317 92 
425 317 320 92 
426 93 95 94 
427 93 96 95 
428 93 320 96 
429 95 448 94 
430 94 225 224 
431 94 448 225 
432 96 97 95 
433 97 99 95 
434 99 448 95 
435 96 321 97 
436 320 499 96 
437 96 499 321 
438 97 100 99 
439 97 200 100 
440 97 321 200 
441 209 496 98 
442 98 318 316 
443 98 496 318 
444 100 101 99 
445 101 425 99 
446 425 448 99 
447 100 102 101 
448 100 302 102 
449 200 302 100 
450 102 104 101 
451 104 184 101 
452 184 425 101 
453 102 105 104 
454 102 167 105 
455 102 302 167 
456 103 256 255 
457 255 258 103 
458 103 257 256 
459 103 495 257 
460 258 442 103 
461 442 495 103 
462 105 106 104 
463 106 310 104 
464 104 310 184 
465 105 107 106 
466 105 304 107 
467 167 304 105 
468 107 108 106 
469 108 309 106 
470 309 310 106 
471 107 109 108 
472 107 158 109 
473 107 304 158 
474 109 110 108 
475 110 172 108 
476 172 309 108 
477 109 111 110 
478 109 287 111 
479 158 287 109 
480 111 112 110 
481 112 307 110 
482 110 307 172 
483 111 113 112 
484 111 140 113 
485 111 287 140 
486 113 114 112 
487 114 135 112 
488 135 307 112 
489 113 115 114 
490 113 292 115 
491 140 292 113 
492 115 116 114 
493 116 229 114 
494 114 229 135 
495 115 117 116 
496 115 125 117 
497 115 292 125 
498 117 118 116 
499 118 119 116 
500 119 229 116 
501 117 271 118 
502 125 126 117 
503 126 271 117 
504 118 120 119 
505 118 272 120 
506 271 272 118 
507 120 121 119 
508 121 183 119 
509 183 229 119 
510 120 122 121 
511 120 129 122 
512 120 272 129 
513 122 123 121 
514 123 234 121 
515 121 234 183 
516 122 124 123 
517 122 247 124 
518 129 247 122 
519 124 127 123 
520 127 128 123 
521 128 234 123 
522 124 130 127 
523 124 136 130 
524 124 247 136 
525 125 133 126 
526 125 293 133 
527 292 293 125 
528 133 134 126 
529 134 246 126 
530 246 271 126 
531 127 131 128 
532 130 299 127 
533 127 299 131 
534 131 132 128 
535 132 236 128 
536 128 236 234 
537 129 244 243 
538 243 247 129 
539 129 272 244 
540 136 137 130 
541 137 149 130 
542 149 299 130 
543 131 141 132 
544 131 185 141 
545 131 299 185 
546 141 142 132 
547 142 146 132 
548 146 236 132 
549 133 143 134 
550 133 151 143 
551 133 293 151 
552 143 144 134 
553 144 145 134 
554 145 246 134 
555 229 250 135 
556 250 308 135 
557 135 308 307 
558 136 138 137 
559 136 242 138 
560 136 247 242 
561 138 139 137 
562 139 238 137 
563 137 238 149 
564 138 152 139 
565 138 153 152 
566 138 242 153 
567 152 154 139 
568 154 168 139 
569 168 238 139 
570 140 287 286 
571 286 291 140 
572 291 292 140 
573 141 296 142 
574 185 186 141 
575 186 296 141 
576 142 147 146 
577 142 148 147 
578 142 296 148 
579 143 156 144 
580 151 276 143 
581 143 276 156 
582 144 228 145 
583 156 157 144 
584 157 228 144 
585 228 267 145 
586 145 248 246 
587 145 267 248 
588 147 266 146 
589 146 252 236 
590 146 266 252 
591 148 150 147 
592 150 163 147 
593 163 266 147 
594 148 155 150 
595 148 166 155 
596 148 296 166 
597 149 238 237 
598 237 300 149 
599 149 300 299 
600 155 160 150 
601 160 261 150 
602 150 261 163 
603 151 277 276 
604 151 278 277 
605 151 293 278 
606 153 161 152 
607 152 231 154 
608 161 231 152 
609 153 162 161 
610 153 241 162 
611 153 242 241 
612 154 169 168 
613 154 170 169 
614 154 231 170 
615 155 232 160 
616 166 171 155 
617 171 232 155 
618 156 159 157 
619 156 180 159 
620 156 276 180 
621 159 164 157 
622 164 165 157 
623 165 228 157 
624 158 288 287 
625 158 289 288 
626 158 304 289 
627 159 179 164 
628 159 294 179 
629 180 294 159 
630 232 337 160 
631 160 262 261 
632 160 337 262 
633 162 173 161 
634 173 182 161 
635 182 231 161 
636 162 174 173 
637 162 175 174 
638 162 241 175 
639 163 260 259 
640 259 266 163 
641 163 261 260 
642 164 268 165 
643 179 181 164 
644 181 268 164 
645 227 228 165 
646 165 269 227 
647 268 269 165 
648 166 196 171 
649 166 297 196 
650 296 297 166 
651 302 303 167 
652 303 305 167 
653 167 305 304 
654 169 306 168 
655 168 239 238 
656 168 306 239 
657 170 189 169 
658 189 195 169 
659 195 306 169 
660 170 190 189 
661 170 230 190 
662 170 231 230 
663 196 197 171 
664 197 198 171 
665 198 232 171 
666 307 311 172 
667 172 378 309 
668 311 378 172 
669 174 275 173 
670 173 199 182 
671 173 275 199 
672 175 176 174 
673 176 273 174 
674 273 275 174 
675 175 177 176 
676 175 201 177 
677 175 241 201 
678 177 178 176 
679 178 191 176 
680 191 273 176 
681 177 249 178 
682 201 202 177 
683 202 249 177 
684 178 192 191 
685 178 193 192 
686 178 249 193 
687 179 203 181 
688 179 204 203 
689 179 294 204 
690 276 301 180 
691 180 312 294 
692 301 312 180 
693 203 215 181 
694 215 376 181 
695 181 376 268 
696 199 213 182 
697 213 230 182 
698 230 231 182 
699 183 250 229 
700 234 235 183 
701 235 250 183 
702 310 380 184 
703 380 381 184 
704 381 425 184 
705 185 187 186 
706 185 300 187 
707 299 300 185 
708 187 188 186 
709 188 297 186 
710 186 297 296 
711 187 206 188 
712 187 207 206 
713 187 300 207 
714 206 208 188 
715 208 298 188 
716 188 298 297 
717 190 205 189 
718 189 323 195 
719 205 323 189 
720 190 214 205 
721 190 223 214 
722 190 230 223 
723 192 414 191 
724 191 274 273 
725 191 414 274 
726 193 194 192 
727 194 333 192 
728 333 414 192 
729 193 227 194 
730 193 267 227 
731 249 267 193 
732 227 269 194 
733 269 270 194 
734 270 333 194 
735 195 399 306 
736 323 519 195 
737 195 519 399 
738 196 454 197 
739 297 298 196 
740 298 454 196 
741 197 218 198 
742 197 344 218 
743 197 454 344 
744 218 328 198 
745 198 233 232 
746 198 328 233 
747 199 491 213 
748 275 313 199 
749 313 491 199 
750 200 383 302 
751 321 322 200 
752 322 383 200 
753 201 244 202 
754 241 243 201 
755 243 244 201 
756 244 245 202 
757 245 248 202 
758 248 249 202 
759 204 472 203 
760 203 216 215 
761 203 472 216 
762 294 295 204 
763 295 341 204 
764 341 472 204 
765 214 219 205 
766 219 512 205 
767 205 512 323 
768 207 210 206 
769 206 516 208 
770 210 516 206 
771 207 211 210 
772 207 237 211 
773 207 300 237 
774 208 390 298 
775 208 391 390 
776 208 516 391 
777 384 385 209 
778 385 482 209 
779 211 507 210 
780 210 507 212 
781 237 239 211 
782 239 240 211 
783 240 507 211 
784 212 401 395 
785 400 401 212 
786 212 507 400 
787 223 230 213 
788 213 508 223 
789 214 223 220 
790 217 376 215 
791 216 330 327 
792 216 472 330 
793 217 490 376 
794 460 490 217 
795 344 345 218 
796 221 222 219 
797 222 512 219 
798 223 508 220 
799 220 469 468 
800 220 508 469 
801 221 377 222 
802 221 470 377 
803 467 470 221 
804 377 426 222 
805 225 226 224 
806 225 449 226 
807 227 267 228 
808 233 337 232 
809 328 329 233 
810 329 437 233 
811 233 437 337 
812 234 236 235 
813 236 252 235 
814 235 251 250 
815 235 252 251 
816 238 239 237 
817 239 306 240 
818 306 399 240 
819 400 507 240 
820 242 243 241 
821 242 247 243 
822 244 272 245 
823 246 248 245 
824 245 271 246 
825 245 272 271 
826 248 267 249 
827 251 308 250 
828 252 253 251 
829 253 254 251 
830 254 308 251 
831 252 266 253 
832 253 255 254 
833 253 259 255 
834 253 266 259 
835 255 256 254 
836 256 311 254 
837 254 311 308 
838 255 259 258 
839 257 378 256 
840 256 378 311 
841 257 379 378 
842 257 388 379 
843 257 495 388 
844 259 260 258 
845 260 443 258 
846 258 443 442 
847 261 263 260 
848 263 443 260 
849 262 263 261 
850 262 264 263 
851 262 265 264 
852 262 337 265 
853 264 444 263 
854 263 444 443 
855 265 451 264 
856 264 501 444 
857 337 437 265 
858 437 477 265 
859 265 477 451 
860 268 343 269 
861 268 376 343 
862 269 343 270 
863 270 334 333 
864 270 517 334 
865 274 505 273 
866 273 505 275 
867 414 492 274 
868 274 492 434 
869 275 505 313 
870 277 301 276 
871 278 279 277 
872 279 281 277 
873 281 301 277 
874 278 280 279 
875 278 291 280 
876 278 293 291 
877 280 282 279 
878 279 342 281 
879 282 342 279 
880 280 283 282 
881 280 286 283 
882 280 291 286 
883 281 314 301 
884 281 386 314 
885 342 386 281 
886 283 284 282 
887 284 450 282 
888 282 450 342 
889 283 285 284 
890 283 288 285 
891 286 288 283 
892 285 417 284 
893 417 418 284 
894 418 450 284 
895 288 289 285 
896 289 290 285 
897 290 417 285 
898 287 288 286 
899 289 305 290 
900 304 305 289 
901 305 325 290 
902 325 530 290 
903 291 293 292 
904 294 312 295 
905 390 454 298 
906 301 314 312 
907 302 383 303 
908 303 325 305 
909 303 455 325 
910 383 455 303 
911 308 311 307 
912 309 379 310 
913 378 379 309 
914 379 380 310 
915 429 430 313 
916 430 491 313 
917 314 386 315 
918 315 389 326 
919 386 387 315 
920 387 389 315 
921 317 336 320 
922 331 336 317 
923 318 338 319 
924 318 496 338 
925 338 339 319 
926 339 515 319 
927 515 533 319 
928 336 499 320 
929 321 406 322 
930 322 406 405 
931 324 519 323 
932 393 404 324 
933 324 404 402 
934 402 519 324 
935 325 455 335 
936 335 530 325 
937 327 506 452 
938 328 349 329 
939 349 350 329 
940 350 351 329 
941 351 437 329 
942 332 474 331 
943 331 473 336 
944 331 474 473 
945 533 534 332 
946 334 517 458 
947 458 535 334 
948 335 455 408 
949 336 473 427 
950 338 340 339 
951 340 420 339 
952 420 514 339 
953 514 515 339 
954 376 490 343 
955 344 346 345 
956 346 500 440 
957 348 365 349 
958 348 488 365 
959 349 365 350 
960 350 352 351 
961 350 489 352 
962 365 489 350 
963 352 353 351 
964 353 477 351 
965 351 477 437 
966 352 354 353 
967 352 368 354 
968 352 489 368 
969 354 355 353 
970 355 483 353 
971 353 483 477 
972 354 356 355 
973 354 357 356 
974 354 368 357 
975 356 364 355 
976 364 409 355 
977 409 483 355 
978 357 358 356 
979 358 370 356 
980 356 370 364 
981 357 359 358 
982 357 360 359 
983 357 368 360 
984 359 361 358 
985 361 362 358 
986 362 370 358 
987 360 520 359 
988 359 366 361 
989 359 520 366 
990 368 419 360 
991 419 478 360 
992 478 520 360 
993 361 363 362 
994 361 461 363 
995 366 461 361 
996 363 369 362 
997 369 415 362 
998 362 415 370 
999 363 446 369 
1000 363 462 446 
1001 461 462 363 
1002 367 428 366 
1003 428 461 366 
1004 374 422 367 
1005 422 423 367 
1006 423 428 367 
1007 368 489 419 
1008 369 416 415 
1009 371 436 421 
1010 421 488 371 
1011 382 478 372 
1012 372 498 382 
1013 419 421 372 
1014 372 478 419 
1015 421 436 372 
1016 436 498 372 
1017 374 382 373 
1018 382 498 373 
1019 470 471 377 
1020 379 388 380 
1021 410 504 385 
1022 385 504 482 
1023 387 528 389 
1024 527 528 387 
1025 388 495 441 
1026 391 392 390 
1027 391 493 392 
1028 394 493 391 
1029 392 493 440 
1030 440 500 392 
1031 396 398 397 
1032 396 527 398 
1033 396 528 527 
1034 398 418 397 
1035 418 521 397 
1036 521 522 397 
1037 398 450 418 
1038 399 519 402 
1039 400 439 401 
1040 402 404 403 
1041 416 497 415 
1042 438 531 416 
1043 416 531 497 
1044 417 521 418 
1045 422 424 423 
1046 424 481 423 
1047 423 481 463 
1048 427 473 447 
1049 429 476 430 
1050 429 532 432 
1051 476 526 430 
1052 469 526 431 
1053 431 526 476 
1054 432 434 433 
1055 432 532 434 
1056 434 492 433 
1057 433 510 435 
1058 492 510 433 
1059 435 535 458 
1060 510 535 435 
1061 441 495 442 
1062 444 501 445 
1063 501 502 445 
1064 477 483 451 
1065 452 506 485 
1066 458 517 457 
1067 457 529 459 
1068 517 529 457 
1069 459 490 460 
1070 459 529 490 
1071 466 482 465 
1072 482 504 465 
1073 508 526 469 
1074 486 487 485 
1075 515 534 533 
2 2 2 67
1076 12 2 546 
1077 2 19 543 
1078 2 543 545 
1079 2 545 546 
1080 13 12 564 
1081 12 546 564 
1082 14 13 553 
1083 13 539 561 
1084 539 13 564 
1085 553 13 561 
1086 15 14 556 
1087 14 553 556 
1088 16 15 558 
1089 15 556 557 
1090 15 557 558 
1091 17 16 538 
1092 538 16 558 
1093 18 17 541 
1094 17 538 559 
1095 541 17 559 
1096 19 18 540 
1097 540 18 560 
1098 18 541 560 
1099 19 540 543 
1100 550 536 551 
1101 536 550 552 
1102 551 536 555 
1103 536 552 557 
1104 555 536 556 
1105 556 536 557 
1106 537 544 549 
1107 544 537 563 
1108 545 537 547 
1109 537 545 563 
1110 547 537 548 
1111 548 537 549 
1112 538 552 554 
1113 552 538 558 
1114 538 554 559 
1115 539 551 561 
1116 551 539 562 
1117 562 539 565 
1118 539 564 565 
1119 540 542 544 
1120 542 540 560 
1121 543 540 544 
1122 542 541 559 
1123 541 542 560 
1124 544 542 549 
1125 549 542 554 
1126 554 542 559 
1127 543 544 563 
1128 545 543 563 
1129 546 545 547 
1130 546 547 565 
1131 564 546 565 
1132 547 548 562 
1133 547 562 565 
1134 548 549 550 
1135 548 550 551 
1136 548 551 562 
1137 550 549 554 
1138 552 550 554 
1139 551 555 561 
1140 557 552 558 
1141 553 555 556 
1142 555 553 561 
2 3 2 65
1143 20 573 1 
1144 1 576 27 
1145 573 575 1 
1146 575 576 1 
1147 21 570 20 
1148 570 573 20 
1149 22 571 21 
1150 21 590 570 
1151 571 590 21 
1152 23 594 22 
1153 22 594 571 
1154 24 588 23 
1155 588 594 23 
1156 25 587 24 
1157 24 587 586 
1158 586 588 24 
1159 26 583 25 
1160 583 585 25 
1161 585 587 25 
1162 27 569 26 
1163 569 591 26 
1164 26 591 583 
1165 27 576 569 
1166 566 581 580 
1167 580 582 566 
1168 566 585 581 
1169 582 586 566 
1170 566 587 585 
1171 586 587 566 
1172 574 579 567 
1173 567 592 574 
1174 567 578 577 
1175 577 592 567 
1176 567 579 578 
1177 582 584 568 
1178 568 588 582 
1179 584 589 568 
1180 568 594 588 
1181 589 594 568 
1182 576 593 569 
1183 581 591 569 
1184 569 593 581 
1185 572 574 570 
1186 570 590 572 
1187 570 574 573 
1188 571 589 572 
1189 572 590 571 
1190 571 594 589 
1191 572 579 574 
1192 572 584 579 
1193 572 589 584 
1194 574 592 573 
1195 573 592 575 
1196 575 577 576 
1197 575 592 577 
1198 577 593 576 
1199 578 593 577 
1200 579 580 578 
1201 580 581 578 
1202 581 593 578 
1203 579 584 580 
1204 580 584 582 
1205 585 591 581 
1206 582 588 586 
1207 583 591 585 
2 4 2 238
1208 28 672 3 
1209 3 678 31 
1210 3 672 32 
1211 32 678 3 
1212 34 676 4 
1213 4 688 34 
1214 4 676 35 
1215 40 688 4 
1216 29 605 28 
1217 605 607 28 
1218 607 672 28 
1219 30 685 29 
1220 29 675 605 
1221 29 685 675 
1222 31 606 30 
1223 606 692 30 
1224 30 686 685 
1225 30 692 686 
1226 31 660 606 
1227 31 678 660 
1228 32 670 33 
1229 33 691 32 
1230 32 671 670 
1231 32 672 671 
1232 677 678 32 
1233 32 691 677 
1234 34 664 33 
1235 33 681 34 
1236 664 665 33 
1237 665 666 33 
1238 666 694 33 
1239 33 670 669 
1240 669 681 33 
1241 33 694 691 
1242 34 674 664 
1243 673 674 34 
1244 34 688 673 
1245 34 682 676 
1246 681 682 34 
1247 35 702 36 
1248 676 700 35 
1249 700 702 35 
1250 36 603 37 
1251 36 697 603 
1252 36 702 697 
1253 37 595 38 
1254 37 656 595 
1255 603 656 37 
1256 38 604 39 
1257 595 658 38 
1258 38 658 604 
1259 39 602 40 
1260 39 699 602 
1261 604 699 39 
1262 602 687 40 
1263 687 688 40 
1264 656 667 595 
1265 595 663 658 
1266 595 667 663 
1267 596 637 636 
1268 636 651 596 
1269 596 686 637 
1270 651 662 596 
1271 662 698 596 
1272 596 698 686 
1273 597 668 645 
1274 645 703 597 
1275 597 681 668 
1276 597 696 681 
1277 690 696 597 
1278 597 703 690 
1279 607 608 598 
1280 598 671 607 
1281 608 609 598 
1282 609 610 598 
1283 610 644 598 
1284 644 704 598 
1285 598 704 671 
1286 683 689 599 
1287 599 700 683 
1288 689 697 599 
1289 697 702 599 
1290 599 702 700 
1291 600 639 638 
1292 638 641 600 
1293 600 640 639 
1294 600 664 640 
1295 641 701 600 
1296 600 665 664 
1297 600 701 665 
1298 601 650 642 
1299 642 680 601 
1300 601 693 650 
1301 601 661 660 
1302 660 677 601 
1303 601 680 661 
1304 677 693 601 
1305 684 687 602 
1306 602 695 684 
1307 602 699 695 
1308 603 655 653 
1309 653 656 603 
1310 603 697 655 
1311 654 657 604 
1312 604 658 654 
1313 657 699 604 
1314 605 608 607 
1315 605 659 608 
1316 605 675 659 
1317 660 661 606 
1318 661 679 606 
1319 679 692 606 
1320 671 672 607 
1321 608 659 609 
1322 609 611 610 
1323 609 629 611 
1324 609 659 629 
1325 611 612 610 
1326 612 625 610 
1327 625 644 610 
1328 611 613 612 
1329 611 643 613 
1330 629 643 611 
1331 613 614 612 
1332 614 645 612 
1333 612 645 625 
1334 613 615 614 
1335 613 616 615 
1336 613 643 616 
1337 615 619 614 
1338 619 633 614 
1339 633 645 614 
1340 616 617 615 
1341 617 646 615 
1342 615 646 619 
1343 616 618 617 
1344 616 648 618 
1345 643 648 616 
1346 618 620 617 
1347 620 622 617 
1348 622 646 617 
1349 618 621 620 
1350 618 623 621 
1351 618 648 623 
1352 619 634 633 
1353 619 652 634 
1354 646 652 619 
1355 621 647 620 
1356 620 624 622 
1357 620 647 624 
1358 623 630 621 
1359 630 631 621 
1360 631 647 621 
1361 624 626 622 
1362 626 628 622 
1363 628 646 622 
1364 623 632 630 
1365 623 636 632 
1366 623 648 636 
1367 624 627 626 
1368 624 638 627 
1369 624 647 638 
1370 625 669 644 
1371 645 668 625 
1372 668 669 625 
1373 627 654 626 
1374 626 663 628 
1375 654 663 626 
1376 638 639 627 
1377 639 657 627 
1378 627 657 654 
1379 628 652 646 
1380 628 667 652 
1381 663 667 628 
1382 629 651 643 
1383 629 662 651 
1384 659 662 629 
1385 630 642 631 
1386 632 680 630 
1387 630 680 642 
1388 641 647 631 
1389 631 649 641 
1390 642 649 631 
1391 636 637 632 
1392 637 679 632 
1393 679 680 632 
1394 634 635 633 
1395 635 703 633 
1396 633 703 645 
1397 634 655 635 
1398 652 653 634 
1399 653 655 634 
1400 655 689 635 
1401 689 690 635 
1402 690 703 635 
1403 648 651 636 
1404 637 692 679 
1405 686 692 637 
1406 638 647 641 
1407 640 695 639 
1408 639 695 657 
1409 664 674 640 
1410 674 684 640 
1411 684 695 640 
1412 649 701 641 
1413 642 650 649 
1414 643 651 648 
1415 669 670 644 
1416 670 704 644 
1417 650 666 649 
1418 666 701 649 
1419 650 694 666 
1420 693 694 650 
1421 652 667 653 
1422 653 667 656 
1423 658 663 654 
1424 655 697 689 
1425 695 699 657 
1426 659 675 662 
1427 660 678 677 
1428 661 680 679 
1429 675 698 662 
1430 665 701 666 
1431 668 681 669 
1432 671 704 670 
1433 673 684 674 
1434 673 687 684 
1435 673 688 687 
1436 685 698 675 
1437 682 683 676 
1438 683 700 676 
1439 691 693 677 
1440 681 696 682 
1441 682 690 683 
1442 682 696 690 
1443 683 690 689 
1444 686 698 685 
1445 691 694 693 
2 5 2 17
1446 35 706 4 
1447 4 708 40 
1448 706 708 4 
1449 36 707 35 
1450 35 707 706 
1451 37 709 36 
1452 36 709 707 
1453 38 709 37 
1454 39 710 38 
1455 705 709 38 
1456 38 710 705 
1457 40 710 39 
1458 708 710 40 
1459 706 707 705 
1460 705 708 706 
1461 707 709 705 
1462 705 710 708 
3 1 4 4929
1463 1034 1135 806 1161 
1464 728 894 752 904 
1465 100 835 782 1039 
1466 726 802 860 914 
1467 721 841 827 890 
1468 806 921 756 1135 
1469 827 841 735 890 
1470 724 784 764 913 
1471 752 846 728 904 
1472 752 728 846 1124 
1473 301 773 277 975 
1474 398 837 807 961 
1475 164 853 181 882 
1476 831 959 854 1140 
1477 728 752 894 1124 
1478 181 853 790 882 
1479 794 892 787 897 
1480 773 826 277 975 
1481 832 883 852 980 
1482 716 806 763 848 
1483 101 835 100 1039 
1484 521 976 837 1048 
1485 197 995 765 1022 
1486 763 806 716 908 
1487 565 984 767 1157 
1488 62 807 898 961 
1489 741 918 992 1079 
1490 806 871 756 921 
1491 809 863 777 1100 
1492 62 398 807 961 
1493 871 921 806 928 
1494 764 784 724 1029 
1495 746 863 809 1100 
1496 794 897 787 982 
1497 112 778 113 941 
1498 746 777 863 1100 
1499 806 928 921 1135 
1500 889 1169 738 1170 
1501 112 840 778 941 
1502 727 751 820 879 
1503 787 892 794 982 
1504 164 853 882 945 
1505 778 840 112 1005 
1506 744 963 867 1083 
1507 727 879 880 915 
1508 831 814 959 1140 
1509 724 892 794 897 
1510 228 144 935 945 
1511 717 765 821 1022 
1512 277 826 773 998 
1513 101 830 835 1039 
1514 740 860 802 914 
1515 301 277 276 975 
1516 751 880 879 915 
1517 802 935 144 945 
1518 587 1047 808 1183 
1519 728 894 1006 1124 
1520 783 872 849 929 
1521 713 862 1067 1102 
1522 834 1066 929 1110 
1523 178 1013 896 1177 
1524 713 854 862 1102 
1525 795 854 831 959 
1526 778 729 860 1002 
1527 727 751 879 915 
1528 736 801 836 1028 
1529 731 849 872 929 
1530 834 929 788 1110 
1531 754 875 841 890 
1532 727 820 751 915 
1533 736 864 801 1028 
1534 754 890 841 1088 
1535 811 896 178 1013 
1536 726 914 860 991 
1537 656 951 786 1043 
1538 759 998 280 1003 
1539 778 860 851 1002 
1540 906 1135 1034 1161 
1541 929 1066 788 1110 
1542 821 717 1022 1153 
1543 717 821 765 970 
1544 797 922 698 927 
1545 752 808 846 904 
1546 748 752 899 1041 
1547 865 892 787 1175 
1548 726 802 766 860 
1549 711 832 779 863 
1550 807 837 418 976 
1551 820 879 751 1162 
1552 801 864 836 1028 
1553 301 898 773 1060 
1554 711 839 832 863 
1555 754 841 893 1088 
1556 744 852 832 883 
1557 894 904 728 1181 
1558 316 877 798 1004 
1559 740 851 778 860 
1560 712 897 876 1012 
1561 750 1067 862 1102 
1562 790 852 217 1016 
1563 719 785 994 1013 
1564 752 846 808 1072 
1565 921 928 747 1135 
1566 717 952 821 970 
1567 832 792 883 980 
1568 116 869 117 1121 
1569 759 934 916 1051 
1570 778 740 860 874 
1571 921 956 756 1135 
1572 876 897 872 1012 
1573 30 856 797 1167 
1574 750 862 854 1102 
1575 789 916 759 934 
1576 734 824 825 1090 
1577 821 920 717 1153 
1578 152 892 794 949 
1579 789 899 752 1041 
1580 711 779 832 926 
1581 197 923 765 995 
1582 738 786 682 1035 
1583 753 825 824 1090 
1584 712 876 872 1012 
1585 817 868 775 1081 
1586 745 872 897 1012 
1587 729 799 896 994 
1588 742 805 838 855 
1589 741 992 816 1032 
1590 717 843 796 1063 
1591 780 890 827 913 
1592 816 992 769 1032 
1593 117 869 874 1121 
1594 741 832 852 980 
1595 741 1032 980 1079 
1596 764 892 865 1175 
1597 729 862 799 994 
1598 806 1135 763 1161 
1599 718 863 902 943 
1600 741 980 918 1079 
1601 752 748 904 1041 
1602 784 812 735 913 
1603 759 1003 280 1154 
1604 788 929 834 965 
1605 215 822 790 1016 
1606 780 855 824 1090 
1607 755 896 799 994 
1608 724 865 764 892 
1609 848 964 806 1161 
1610 314 898 301 1060 
1611 863 907 779 991 
1612 726 860 766 926 
1613 825 910 734 1090 
1614 770 813 732 857 
1615 236 795 950 1025 
1616 280 998 282 1003 
1617 763 848 806 1161 
1618 86 777 809 973 
1619 803 989 545 1156 
1620 753 910 825 1090 
1621 752 748 899 904 
1622 729 778 860 874 
1623 301 277 773 998 
1624 755 896 1013 1177 
1625 215 790 217 1016 
1626 788 965 834 1110 
1627 782 835 100 938 
1628 742 836 801 864 
1629 755 994 785 1013 
1630 776 879 820 1162 
1631 711 863 779 991 
1632 139 794 833 1021 
1633 516 900 793 968 
1634 280 930 826 998 
1635 755 799 862 994 
1636 316 798 877 1160 
1637 753 836 742 855 
1638 766 228 935 945 
1639 717 801 765 1022 
1640 682 738 1035 1118 
1641 49 1023 1039 1100 
1642 832 839 737 863 
1643 726 860 926 991 
1644 727 820 776 879 
1645 812 827 735 913 
1646 809 902 746 1100 
1647 741 992 918 1010 
1648 906 1034 584 1161 
1649 721 827 780 890 
1650 894 934 904 1181 
1651 822 871 330 1044 
1652 764 892 241 966 
1653 717 796 952 1063 
1654 342 807 282 998 
1655 832 963 883 1059 
1656 621 647 631 762 
1657 872 876 849 1101 
1658 806 848 716 964 
1659 718 863 809 902 
1660 421 845 436 1179 
1661 742 836 753 1040 
1662 749 876 849 915 
1663 752 904 894 934 
1664 721 780 824 1077 
1665 647 762 621 1136 
1666 741 816 992 1010 
1667 735 841 875 890 
1668 808 844 728 887 
1669 773 898 301 998 
1670 152 161 892 949 
1671 185 805 823 953 
1672 463 815 804 954 
1673 463 954 804 989 
1674 235 795 236 1025 
1675 780 913 865 1077 
1676 742 753 855 1040 
1677 813 857 770 1053 
1678 780 818 824 855 
1679 738 1118 682 1170 
1680 849 876 712 915 
1681 487 905 859 919 
1682 809 863 746 902 
1683 712 915 876 1122 
1684 197 218 995 1022 
1685 763 1135 906 1161 
1686 717 796 843 917 
1687 711 907 863 991 
1688 138 794 152 892 
1689 836 864 742 1028 
1690 418 807 398 837 
1691 139 833 794 982 
1692 726 802 914 975 
1693 563 803 544 955 
1694 117 874 869 981 
1695 724 780 876 1122 
1696 775 719 817 1046 
1697 832 737 963 1059 
1698 724 827 812 913 
1699 100 782 99 1039 
1700 739 1026 999 1111 
1701 200 1072 938 1096 
1702 278 826 280 930 
1703 826 914 802 975 
1704 342 898 807 998 
1705 484 925 774 1009 
1706 766 165 945 1020 
1707 764 724 892 1029 
1708 750 764 799 1067 
1709 721 890 780 1077 
1710 281 301 898 998 
1711 138 794 892 982 
1712 813 732 857 1109 
1713 796 920 717 952 
1714 714 934 894 1181 
1715 744 883 832 963 
1716 849 872 712 876 
1717 283 280 1003 1154 
1718 151 802 975 1007 
1719 251 795 831 959 
1720 780 824 944 1090 
1721 165 766 228 1093 
1722 728 846 808 904 
1723 772 1066 834 1110 
1724 758 920 796 952 
1725 824 855 818 1137 
1726 151 802 143 975 
1727 849 929 731 1074 
1728 767 842 562 1011 
1729 852 853 376 1083 
1730 841 890 721 1088 
1731 579 1034 806 1161 
1732 752 938 1072 1096 
1733 86 973 809 1145 
1734 790 822 215 1044 
1735 800 984 222 1157 
1736 143 802 151 1007 
1737 241 892 764 1095 
1738 731 788 929 1091 
1739 741 852 832 986 
1740 621 762 631 948 
1741 521 418 837 976 
1742 228 766 165 945 
1743 721 827 841 1119 
1744 193 178 811 896 
1745 801 1022 717 1153 
1746 906 932 582 1048 
1747 876 915 749 1122 
1748 898 956 807 1082 
1749 780 722 855 1090 
1750 724 812 784 913 
1751 739 903 33 1098 
1752 804 815 463 1054 
1753 773 726 914 975 
1754 151 975 826 1007 
1755 282 998 807 1003 
1756 660 797 927 1026 
1757 808 887 728 904 
1758 316 861 798 1160 
1759 750 799 764 937 
1760 280 930 759 1154 
1761 780 890 913 1077 
1762 280 759 930 998 
1763 653 786 656 951 
1764 957 987 155 1040 
1765 813 857 1053 1109 
1766 731 833 788 1091 
1767 774 841 827 1119 
1768 280 826 278 998 
1769 217 790 376 852 
1770 748 899 808 1047 
1771 832 839 744 963 
1772 798 846 728 1124 
1773 376 852 790 853 
1774 806 859 574 964 
1775 30 888 856 1167 
1776 719 839 775 868 
1777 200 938 835 1096 
1778 768 550 912 1068 
1779 822 859 330 871 
1780 746 902 863 943 
1781 764 966 241 1085 
1782 744 853 766 926 
1783 766 853 726 926 
1784 732 828 770 857 
1785 755 985 785 994 
1786 291 826 930 1007 
1787 779 725 934 1051 
1788 724 827 780 1122 
1789 779 934 914 1051 
1790 898 807 998 1082 
1791 956 1041 807 1082 
1792 516 210 900 968 
1793 101 830 102 835 
1794 728 844 808 846 
1795 180 773 301 975 
1796 929 1066 834 1074 
1797 613 903 911 1136 
1798 779 907 863 943 
1799 780 944 722 1090 
1800 722 838 805 855 
1801 724 876 827 1122 
1802 764 1085 241 1095 
1803 831 1018 814 1140 
1804 775 940 719 1046 
1805 826 975 802 1007 
1806 737 863 839 1050 
1807 535 868 867 936 
1808 251 831 254 959 
1809 719 785 985 994 
1810 778 874 869 1121 
1811 748 808 932 1047 
1812 731 876 872 1101 
1813 765 801 717 864 
1814 200 835 302 1096 
1815 866 912 550 1068 
1816 720 1018 831 1140 
1817 711 832 839 926 
1818 768 819 733 952 
1819 796 758 952 1063 
1820 832 852 744 986 
1821 62 807 342 898 
1822 725 916 934 1051 
1823 70 893 847 901 
1824 740 860 914 991 
1825 737 839 832 963 
1826 742 855 836 1028 
1827 770 732 813 947 
1828 798 1006 877 1160 
1829 721 780 818 824 
1830 478 845 796 942 
1831 838 855 753 1040 
1832 724 764 865 913 
1833 847 893 70 925 
1834 823 900 207 1017 
1835 613 948 903 1136 
1836 766 802 726 945 
1837 148 155 987 1040 
1838 291 293 826 1007 
1839 69 809 777 1100 
1840 769 728 877 1064 
1841 254 959 831 1018 
1842 49 1023 969 1039 
1843 717 796 776 850 
1844 88 861 809 1033 
1845 729 869 778 874 
1846 631 948 762 999 
1847 796 845 478 1031 
1848 662 698 922 927 
1849 643 903 613 948 
1850 801 836 742 957 
1851 717 776 820 1116 
1852 731 872 849 1101 
1853 796 843 917 1063 
1854 724 780 827 913 
1855 775 839 737 963 
1856 742 864 801 957 
1857 841 721 893 1088 
1858 853 945 165 1020 
1859 795 734 854 959 
1860 778 869 729 1070 
1861 865 913 713 1077 
1862 784 735 977 985 
1863 798 861 1006 1160 
1864 728 1006 894 1181 
1865 723 864 783 872 
1866 498 560 845 955 
1867 791 824 753 825 
1868 719 785 870 985 
1869 229 1005 1025 1146 
1870 841 754 893 1126 
1871 139 833 168 1021 
1872 778 729 1002 1070 
1873 773 914 826 975 
1874 517 1020 867 1083 
1875 241 966 892 1029 
1876 892 982 787 1095 
1877 836 855 753 1137 
1878 733 819 768 1164 
1879 135 1005 840 1018 
1880 725 907 993 1131 
1881 136 982 892 1095 
1882 841 875 754 1126 
1883 748 899 789 1041 
1884 836 1028 855 1137 
1885 152 161 153 892 
1886 136 787 982 1095 
1887 779 832 718 863 
1888 739 33 903 999 
1889 726 884 779 986 
1890 1000 1001 842 1113 
1891 301 773 180 1060 
1892 712 855 780 897 
1893 712 783 864 872 
1894 148 1040 987 1150 
1895 827 890 735 913 
1896 179 882 790 1044 
1897 116 117 115 1121 
1898 807 837 748 939 
1899 747 837 807 939 
1900 759 916 789 1154 
1901 613 903 614 911 
1902 141 185 805 823 
1903 769 1006 728 1064 
1904 775 737 839 1050 
1905 320 846 798 1106 
1906 733 821 765 995 
1907 719 775 839 940 
1908 711 839 863 1050 
1909 291 293 278 826 
1910 742 855 838 1040 
1911 324 1001 984 1087 
1912 381 969 770 1185 
1913 621 762 948 1136 
1914 737 809 777 973 
1915 712 820 783 849 
1916 717 820 776 917 
1917 747 898 807 961 
1918 724 876 780 897 
1919 747 956 921 1135 
1920 647 974 762 1136 
1921 777 746 863 1050 
1922 725 907 830 993 
1923 749 827 774 891 
1924 743 1000 842 1113 
1925 752 835 938 1096 
1926 777 828 746 1050 
1927 717 776 796 917 
1928 320 798 846 1004 
1929 131 805 185 953 
1930 750 1067 1102 1175 
1931 757 993 907 1131 
1932 766 744 926 1036 
1933 797 856 3 1167 
1934 283 280 282 1003 
1935 728 769 877 1006 
1936 718 832 779 1032 
1937 327 859 822 919 
1938 979 1101 761 1127 
1939 207 823 187 900 
1940 383 1072 200 1096 
1941 579 806 964 1161 
1942 784 812 724 1029 
1943 840 941 112 1076 
1944 199 1029 949 1114 
1945 764 913 784 1067 
1946 772 834 1066 1074 
1947 941 1076 840 1131 
1948 768 933 549 1011 
1949 783 929 849 1074 
1950 774 827 749 915 
1951 180 773 975 1060 
1952 720 814 1018 1140 
1953 775 817 719 868 
1954 193 249 178 896 
1955 702 599 700 786 
1956 135 840 307 1018 
1957 719 994 811 1013 
1958 759 998 807 1082 
1959 763 728 887 904 
1960 765 995 821 1022 
1961 717 952 843 1063 
1962 111 112 941 1076 
1963 716 848 763 1064 
1964 753 855 824 1137 
1965 761 979 978 1101 
1966 390 873 793 923 
1967 734 854 959 1140 
1968 763 728 904 1181 
1969 732 777 828 857 
1970 743 842 1112 1113 
1971 769 877 771 1064 
1972 715 783 819 843 
1973 136 138 892 982 
1974 207 187 823 1017 
1975 713 781 870 994 
1976 643 903 948 1097 
1977 750 764 1067 1175 
1978 791 825 753 909 
1979 768 912 866 1068 
1980 958 1004 877 1107 
1981 735 812 784 1114 
1982 832 883 792 1059 
1983 228 766 935 1093 
1984 450 62 398 807 
1985 791 847 818 1117 
1986 405 587 808 1183 
1987 178 1134 1013 1177 
1988 165 228 227 1093 
1989 719 785 817 870 
1990 562 1011 842 1068 
1991 726 779 884 914 
1992 721 818 847 1117 
1993 716 763 908 1064 
1994 185 953 823 1017 
1995 770 828 732 947 
1996 740 778 851 1131 
1997 314 921 898 1060 
1998 49 1039 902 1100 
1999 386 961 898 1027 
2000 740 941 778 1131 
2001 519 402 324 772 
2002 86 777 69 809 
2003 272 869 799 981 
2004 763 887 728 1064 
2005 830 907 757 993 
2006 949 1029 812 1114 
2007 751 880 915 1009 
2008 763 1064 728 1181 
2009 86 375 777 973 
2010 733 765 923 995 
2011 718 902 782 943 
2012 750 831 795 854 
2013 478 845 942 1184 
2014 712 872 864 1012 
2015 729 869 874 981 
2016 276 277 826 975 
2017 631 647 641 762 
2018 779 986 884 1065 
2019 199 949 812 1114 
2020 749 891 774 1062 
2021 753 824 855 1090 
2022 719 870 817 1046 
2023 831 959 814 1018 
2024 662 927 922 1139 
2025 505 1114 977 1134 
2026 742 838 805 1150 
2027 141 823 805 987 
2028 101 102 100 835 
2029 733 768 866 1164 
2030 799 869 272 1146 
2031 613 616 948 1136 
2032 775 963 737 1128 
2033 804 960 954 1152 
2034 736 801 864 1116 
2035 807 956 939 1041 
2036 718 1032 779 1065 
2037 89 809 861 1058 
2038 504 792 883 1059 
2039 837 976 748 1048 
2040 803 989 767 1104 
2041 139 794 138 982 
2042 712 897 780 1122 
2043 445 825 791 909 
2044 720 831 854 1140 
2045 740 802 826 914 
2046 767 1156 565 1157 
2047 236 235 252 795 
2048 686 797 698 927 
2049 839 867 744 963 
2050 954 960 804 989 
2051 709 656 786 1043 
2052 252 236 795 950 
2053 933 1063 912 1071 
2054 720 781 854 1002 
2055 723 864 872 1075 
2056 712 849 783 872 
2057 839 868 867 963 
2058 725 779 907 991 
2059 95 902 782 1106 
2060 726 773 914 1082 
2061 912 933 768 1063 
2062 725 907 779 943 
2063 97 782 100 938 
2064 752 1072 899 1096 
2065 139 238 833 982 
2066 45 976 521 1048 
2067 179 181 790 882 
2068 719 985 870 994 
2069 726 884 773 1082 
2070 713 1067 865 1102 
2071 755 896 811 1013 
2072 712 783 820 864 
2073 641 762 647 974 
2074 746 1039 1023 1100 
2075 918 992 716 1010 
2076 807 837 747 961 
2077 718 782 902 1033 
2078 916 759 1051 1154 
2079 749 1101 979 1127 
2080 324 772 402 1001 
2081 88 89 809 861 
2082 278 291 826 930 
2083 726 853 766 945 
2084 144 802 134 935 
2085 317 316 798 1004 
2086 45 1030 976 1048 
2087 728 816 1006 1181 
2088 771 992 769 1064 
2089 712 876 897 1122 
2090 118 869 272 981 
2091 472 330 871 1044 
2092 831 1005 869 1146 
2093 831 869 750 1146 
2094 786 951 653 1035 
2095 746 863 828 907 
2096 713 862 781 994 
2097 762 911 738 1170 
2098 718 779 894 1065 
2099 748 932 906 1048 
2100 829 950 795 1025 
2101 376 217 215 790 
2102 725 779 934 1147 
2103 324 772 1001 1087 
2104 229 1005 831 1025 
2105 550 768 549 1011 
2106 712 855 897 1012 
2107 516 793 44 968 
2108 741 792 832 980 
2109 402 772 519 1110 
2110 778 720 840 1005 
2111 725 943 779 1147 
2112 828 863 746 1050 
2113 894 1006 816 1181 
2114 749 978 979 1101 
2115 261 836 1120 1149 
2116 879 880 751 1009 
2117 89 1058 861 1078 
2118 728 798 877 1004 
2119 320 499 846 1106 
2120 728 877 798 1006 
2121 128 950 131 953 
2122 768 912 554 933 
2123 808 899 748 904 
2124 752 899 808 904 
2125 660 927 661 1026 
2126 717 765 864 970 
2127 135 831 1005 1018 
2128 752 808 899 1072 
2129 762 983 911 1170 
2130 131 141 185 805 
2131 134 874 802 1007 
2132 818 847 791 972 
2133 713 781 854 885 
2134 791 753 824 1137 
2135 343 376 853 1083 
2136 641 762 974 1138 
2137 782 835 830 1039 
2138 748 906 837 1048 
2139 914 934 779 1082 
2140 784 764 966 1029 
2141 752 904 934 1041 
2142 831 1025 1005 1146 
2143 272 937 799 1146 
2144 655 786 653 1035 
2145 1032 1078 861 1086 
2146 751 847 818 972 
2147 761 978 220 1069 
2148 197 1022 765 1151 
2149 854 885 734 1077 
2150 189 1021 965 1080 
2151 766 853 744 1020 
2152 713 854 781 862 
2153 714 779 934 1082 
2154 359 1024 942 1123 
2155 717 820 917 1148 
2156 731 929 872 1091 
2157 352 920 850 1123 
2158 861 1078 1058 1086 
2159 789 752 1096 1147 
2160 198 1022 197 1151 
2161 69 777 375 1100 
2162 87 809 1058 1145 
2163 733 912 768 952 
2164 719 867 839 868 
2165 789 1096 835 1147 
2166 817 870 785 1089 
2167 830 782 943 1147 
2168 139 152 138 794 
2169 767 989 988 1104 
2170 131 950 805 953 
2171 719 940 870 1046 
2172 718 779 863 943 
2173 835 1096 752 1147 
2174 271 118 272 981 
2175 1013 1134 755 1177 
2176 884 914 779 1082 
2177 756 882 790 884 
2178 828 863 711 907 
2179 745 897 794 982 
2180 274 977 785 1134 
2181 722 855 805 1180 
2182 779 926 711 991 
2183 777 809 737 1050 
2184 727 849 820 915 
2185 931 1076 309 1105 
2186 113 941 778 1121 
2187 776 820 727 917 
2188 263 909 836 1149 
2189 325 789 1030 1096 
2190 251 831 795 1025 
2191 784 977 785 985 
2192 62 898 386 961 
2193 818 847 751 1119 
2194 721 847 818 1119 
2195 733 866 768 912 
2196 231 949 794 1021 
2197 781 854 885 1140 
2198 713 870 985 994 
2199 731 834 929 965 
2200 777 863 809 1050 
2201 750 869 831 1070 
2202 305 916 1096 1159 
2203 781 862 854 1002 
2204 613 612 614 903 
2205 781 885 947 1140 
2206 721 824 818 1117 
2207 133 874 134 1007 
2208 809 973 737 1145 
2209 129 799 272 937 
2210 785 977 735 985 
2211 796 920 489 1123 
2212 207 300 187 1017 
2213 329 821 1022 1153 
2214 567 964 848 1161 
2215 803 960 954 989 
2216 799 937 129 1085 
2217 776 850 796 1123 
2218 822 918 716 1010 
2219 712 818 820 915 
2220 718 894 1032 1065 
2221 766 935 802 945 
2222 808 904 748 932 
2223 790 853 726 882 
2224 252 950 795 1172 
2225 859 905 716 919 
2226 272 799 129 1085 
2227 133 134 802 1007 
2228 805 855 742 1012 
2229 716 905 859 964 
2230 376 790 181 853 
2231 723 783 819 929 
2232 767 1011 960 1014 
2233 231 858 949 1021 
2234 803 960 989 1104 
2235 781 870 719 940 
2236 516 793 900 1133 
2237 549 768 554 933 
2238 254 831 308 1018 
2239 128 950 953 1171 
2240 869 1005 831 1070 
2241 712 820 849 915 
2242 756 882 884 1060 
2243 179 790 181 1044 
2244 315 898 921 1027 
2245 305 1096 167 1159 
2246 721 1077 824 1117 
2247 381 770 969 1023 
2248 750 799 862 1067 
2249 894 934 779 1147 
2250 557 873 866 962 
2251 287 930 810 941 
2252 728 1006 798 1124 
2253 333 867 1020 1166 
2254 565 767 547 1156 
2255 173 1029 199 1114 
2256 772 1000 402 1001 
2257 79 774 494 891 
2258 911 1035 619 1125 
2259 775 973 737 1050 
2260 450 398 418 807 
2261 461 1024 879 1054 
2262 204 882 1044 1060 
2263 811 1020 867 1166 
2264 802 874 134 935 
2265 954 960 730 1152 
2266 568 906 837 1178 
2267 790 882 756 1044 
2268 748 837 906 939 
2269 490 852 376 1083 
2270 753 791 909 1137 
2271 749 812 827 891 
2272 793 962 44 968 
2273 977 1114 784 1134 
2274 723 819 783 970 
2275 152 794 231 949 
2276 101 100 99 1039 
2277 766 1020 744 1036 
2278 725 779 991 1051 
2279 643 611 613 903 
2280 748 837 807 976 
2281 327 330 822 859 
2282 715 819 783 929 
2283 92 798 861 1033 
2284 643 611 903 1097 
2285 148 155 166 987 
2286 765 970 733 1141 
2287 740 874 778 1121 
2288 735 841 827 891 
2289 189 965 834 1080 
2290 579 584 1034 1161 
2291 342 62 450 807 
2292 287 140 930 941 
2293 720 1005 778 1070 
2294 802 945 144 975 
2295 337 836 801 957 
2296 785 977 784 1134 
2297 887 904 808 932 
2298 251 308 254 831 
2299 783 849 967 1074 
2300 179 164 181 882 
2301 108 1076 993 1105 
2302 830 835 782 1147 
2303 849 761 1101 1127 
2304 984 1001 772 1087 
2305 100 97 99 782 
2306 792 1078 1032 1086 
2307 744 839 832 926 
2308 86 809 87 1145 
2309 785 719 936 1013 
2310 865 1102 1067 1175 
2311 749 1062 774 1127 
2312 812 891 749 1062 
2313 894 779 943 1147 
2314 821 995 218 1022 
2315 643 613 616 948 
2316 716 848 771 905 
2317 864 1012 872 1075 
2318 779 1032 832 1065 
2319 768 843 819 952 
2320 756 884 773 1060 
2321 92 798 316 861 
2322 643 1097 948 1139 
2323 779 1065 884 1082 
2324 830 943 782 1039 
2325 724 794 876 897 
2326 702 697 599 786 
2327 762 738 1138 1170 
2328 315 898 314 921 
2329 716 992 816 1010 
2330 809 863 737 1050 
2331 309 931 172 1076 
2332 907 1061 851 1094 
2333 752 789 934 1147 
2334 734 885 813 1174 
2335 727 915 880 1127 
2336 765 923 197 1151 
2337 531 70 893 925 
2338 732 885 781 1046 
2339 734 813 885 1140 
2340 187 900 823 1133 
2341 794 949 858 1021 
2342 832 986 779 1065 
2343 734 1077 885 1174 
2344 735 890 875 1089 
2345 478 382 845 1184 
2346 461 815 1024 1054 
2347 468 881 761 1056 
2348 304 916 305 1159 
2349 352 489 920 1123 
2350 734 885 854 1140 
2351 724 827 876 1155 
2352 566 887 932 1161 
2353 199 173 949 1029 
2354 747 939 807 956 
2355 721 1088 1077 1117 
2356 245 896 799 1177 
2357 774 915 749 1127 
2358 906 961 837 1178 
2359 767 1014 960 1130 
2360 550 768 1011 1068 
2361 726 914 884 1082 
2362 723 783 864 970 
2363 113 114 115 1121 
2364 827 841 774 891 
2365 309 1076 108 1105 
2366 718 782 1033 1124 
2367 179 204 882 1044 
2368 102 835 830 1159 
2369 565 562 547 767 
2370 383 200 302 1096 
2371 778 840 720 851 
2372 860 851 1002 1094 
2373 860 1002 895 1094 
2374 724 865 780 913 
2375 795 854 734 944 
2376 745 794 897 1163 
2377 314 281 301 898 
2378 324 984 52 1087 
2379 342 450 282 807 
2380 229 831 250 1025 
2381 849 1074 731 1101 
2382 222 984 800 1087 
2383 776 727 879 917 
2384 95 99 782 1039 
2385 812 949 724 1029 
2386 505 977 274 1134 
2387 773 884 882 1060 
2388 828 1061 907 1094 
2389 980 1032 792 1079 
2390 812 1029 784 1114 
2391 761 881 468 979 
2392 304 305 167 1159 
2393 767 989 803 1156 
2394 337 801 233 957 
2395 229 1025 183 1146 
2396 727 820 849 1148 
2397 774 1062 979 1127 
2398 747 928 1034 1135 
2399 1052 1115 947 1140 
2400 421 1031 845 1179 
2401 774 925 841 1119 
2402 775 868 839 963 
2403 756 921 871 1132 
2404 141 186 823 987 
2405 746 828 777 1023 
2406 51 822 215 1016 
2407 387 961 386 1027 
2408 747 906 837 939 
2409 741 986 832 1065 
2410 841 925 721 1119 
2411 787 865 722 897 
2412 828 857 777 1023 
2413 193 896 811 1093 
2414 390 873 923 1176 
2415 802 860 740 874 
2416 402 1000 772 1110 
2417 735 891 812 1008 
2418 619 911 633 1035 
2419 747 807 898 956 
2420 747 961 906 1178 
2421 950 1171 829 1180 
2422 827 749 915 1122 
2423 759 807 1041 1082 
2424 360 359 942 1123 
2425 746 943 830 1039 
2426 846 938 752 1124 
2427 772 842 743 1000 
2428 158 109 810 993 
2429 713 913 890 1077 
2430 814 1115 1052 1140 
2431 336 846 844 1004 
2432 770 857 828 1023 
2433 531 847 70 925 
2434 843 960 768 1014 
2435 784 966 764 1067 
2436 791 901 847 1117 
2437 712 820 818 1028 
2438 875 890 754 1089 
2439 727 917 820 1148 
2440 810 916 158 993 
2441 775 737 973 1128 
2442 789 899 748 1030 
2443 726 882 853 945 
2444 914 934 759 1051 
2445 645 614 903 911 
2446 892 949 161 1029 
2447 776 917 879 1024 
2448 819 843 783 970 
2449 803 767 960 1104 
2450 717 820 783 864 
2451 601 999 1026 1111 
2452 662 596 698 927 
2453 725 993 810 1131 
2454 715 960 843 1014 
2455 988 989 767 1156 
2456 243 241 1085 1095 
2457 717 920 821 952 
2458 776 1024 358 1123 
2459 905 716 919 1057 
2460 554 768 550 912 
2461 738 911 762 974 
2462 795 950 722 1090 
2463 716 992 919 1057 
2464 390 391 793 873 
2465 291 930 140 941 
2466 787 722 865 1175 
2467 738 974 762 1138 
2468 780 897 876 1122 
2469 717 850 776 1116 
2470 712 1012 864 1028 
2471 714 1041 956 1082 
2472 185 299 953 1017 
2473 837 906 747 961 
2474 132 805 131 950 
2475 750 854 795 1102 
2476 691 1026 739 1098 
2477 383 899 1072 1096 
2478 686 698 596 927 
2479 768 819 1014 1164 
2480 735 784 913 985 
2481 803 954 543 989 
2482 788 965 306 1165 
2483 795 950 1090 1172 
2484 291 140 292 941 
2485 438 925 484 1009 
2486 879 917 727 1024 
2487 1012 1075 823 1091 
2488 122 121 829 937 
2489 158 107 109 993 
2490 156 144 945 975 
2491 769 816 1006 1064 
2492 818 824 791 1117 
2493 783 849 820 1148 
2494 118 272 869 1146 
2495 706 707 786 1042 
2496 428 942 815 1184 
2497 88 809 224 1033 
2498 731 929 834 1074 
2499 767 984 800 1157 
2500 789 752 899 1096 
2501 382 955 845 1184 
2502 811 719 1013 1166 
2503 135 308 831 1018 
2504 756 908 806 1135 
2505 349 920 821 1153 
2506 88 90 861 1033 
2507 865 944 780 1077 
2508 499 938 846 1106 
2509 859 871 822 1092 
2510 461 879 363 1054 
2511 711 828 907 1094 
2512 799 896 245 981 
2513 145 228 144 935 
2514 207 1017 900 1165 
2515 716 918 822 919 
2516 138 152 153 892 
2517 861 1058 809 1086 
2518 234 235 236 1025 
2519 715 783 967 1074 
2520 369 879 362 1143 
2521 645 614 612 903 
2522 866 962 743 1112 
2523 356 776 358 1123 
2524 768 1014 866 1164 
2525 809 902 224 1033 
2526 419 796 478 1031 
2527 817 936 435 1158 
2528 827 876 749 1122 
2529 492 785 936 1013 
2530 788 723 929 1091 
2531 801 864 765 957 
2532 730 845 796 1063 
2533 796 845 758 1063 
2534 249 178 896 1177 
2535 936 1013 719 1166 
2536 489 920 796 1031 
2537 158 810 287 1154 
2538 713 985 862 994 
2539 554 933 912 1071 
2540 262 836 263 909 
2541 550 554 549 768 
2542 1058 1078 792 1086 
2543 876 897 794 1163 
2544 757 851 840 1131 
2545 535 936 867 1166 
2546 848 905 577 1103 
2547 799 755 1067 1085 
2548 826 930 759 998 
2549 831 750 1025 1146 
2550 478 796 360 942 
2551 179 181 203 1044 
2552 542 955 933 1071 
2553 69 86 375 777 
2554 675 698 797 922 
2555 771 877 769 1019 
2556 833 982 238 1017 
2557 862 985 713 1067 
2558 233 957 801 1022 
2559 809 718 902 1033 
2560 847 925 531 1143 
2561 787 722 829 1180 
2562 862 994 985 1067 
2563 759 934 914 1082 
2564 212 968 962 1113 
2565 136 787 130 982 
2566 756 1044 882 1060 
2567 789 289 1003 1154 
2568 725 830 943 1147 
2569 805 987 823 1012 
2570 729 799 869 981 
2571 285 789 289 1003 
2572 287 810 111 941 
2573 719 895 781 940 
2574 912 952 733 997 
2575 757 840 1076 1131 
2576 791 825 445 1045 
2577 746 902 1039 1100 
2578 796 917 730 1063 
2579 743 842 772 1066 
2580 645 911 903 983 
2581 232 337 233 957 
2582 123 122 121 829 
2583 188 823 186 886 
2584 278 280 291 930 
2585 717 783 820 1148 
2586 750 937 764 1175 
2587 210 516 44 968 
2588 804 954 815 1152 
2589 824 825 791 1045 
2590 245 202 896 1177 
2591 261 263 836 1149 
2592 264 836 909 990 
2593 723 823 900 1133 
2594 772 1074 1066 1130 
2595 781 885 870 1046 
2596 716 771 848 1064 
2597 44 793 516 962 
2598 726 779 926 986 
2599 143 802 144 975 
2600 879 1049 362 1143 
2601 323 1087 834 1110 
2602 390 923 793 1133 
2603 337 801 836 990 
2604 514 905 771 1103 
2605 713 944 854 1102 
2606 130 787 136 1171 
2607 253 795 251 959 
2608 789 305 916 1096 
2609 721 780 827 1122 
2610 613 911 615 1136 
2611 413 775 868 1081 
2612 714 779 894 934 
2613 762 903 33 999 
2614 815 727 917 1024 
2615 742 1040 838 1150 
2616 580 932 906 1161 
2617 947 1052 770 1115 
2618 435 817 868 936 
2619 711 926 839 1036 
2620 773 726 882 884 
2621 715 929 783 1074 
2622 806 1034 928 1135 
2623 547 1011 803 1156 
2624 732 781 940 1046 
2625 175 966 241 1029 
2626 802 874 740 1007 
2627 811 994 755 1013 
2628 188 823 886 1133 
2629 732 828 777 1055 
2630 723 886 823 1133 
2631 799 755 1085 1177 
2632 773 882 726 975 
2633 811 194 1020 1166 
2634 136 138 242 892 
2635 722 950 829 1180 
2636 892 966 764 1029 
2637 158 916 810 1154 
2638 966 1067 755 1085 
2639 714 939 956 1041 
2640 135 112 840 1005 
2641 633 1035 911 1118 
2642 752 934 789 1041 
2643 96 938 499 1106 
2644 750 862 799 1070 
2645 349 821 329 1153 
2646 724 812 827 1155 
2647 103 959 1015 1173 
2648 823 1012 987 1075 
2649 519 772 324 1087 
2650 854 1002 862 1070 
2651 750 799 869 1070 
2652 787 829 1171 1180 
2653 853 1020 343 1083 
2654 413 868 817 1081 
2655 504 385 792 1059 
2656 320 317 798 1004 
2657 720 1002 854 1070 
2658 246 134 874 935 
2659 164 882 159 945 
2660 812 949 199 1038 
2661 852 883 459 980 
2662 1066 1074 715 1130 
2663 724 780 865 897 
2664 885 890 870 1084 
2665 765 733 923 1141 
2666 78 893 841 925 
2667 360 942 796 1123 
2668 810 1076 941 1131 
2669 180 975 882 1060 
2670 535 458 867 868 
2671 418 284 807 976 
2672 865 1067 764 1175 
2673 731 876 858 1163 
2674 745 823 805 953 
2675 779 714 1065 1082 
2676 631 630 948 999 
2677 722 780 855 897 
2678 562 842 551 1068 
2679 159 945 882 975 
2680 714 894 779 1065 
2681 152 231 794 1021 
2682 162 175 241 1029 
2683 803 730 954 960 
2684 758 845 796 1031 
2685 777 946 857 1055 
2686 683 786 689 1035 
2687 117 126 874 981 
2688 819 843 768 1014 
2689 706 707 700 786 
2690 285 290 789 1003 
2691 789 916 289 1154 
2692 756 956 908 1135 
2693 239 965 833 1165 
2694 825 1045 824 1174 
2695 180 301 276 975 
2696 742 987 957 1040 
2697 723 1075 1012 1091 
2698 200 100 835 938 
2699 933 955 845 1071 
2700 881 979 761 1127 
2701 141 186 185 823 
2702 306 965 788 1110 
2703 385 1058 792 1059 
2704 292 1007 941 1121 
2705 758 952 912 997 
2706 29 857 856 1053 
2707 122 937 829 1171 
2708 899 748 1030 1047 
2709 198 957 1022 1151 
2710 358 776 356 1049 
2711 168 833 239 965 
2712 711 839 940 1094 
2713 748 906 932 939 
2714 368 796 489 1123 
2715 718 861 809 1086 
2716 702 700 707 786 
2717 685 797 30 856 
2718 774 979 880 1127 
2719 136 892 242 1095 
2720 711 839 895 1036 
2721 621 631 630 948 
2722 777 857 732 1055 
2723 858 876 794 1163 
2724 130 136 124 1171 
2725 562 547 767 1011 
2726 49 902 225 1100 
2727 386 898 315 1027 
2728 769 992 771 1019 
2729 235 251 795 1025 
2730 188 187 823 1133 
2731 800 988 221 1056 
2732 809 737 1058 1145 
2733 337 160 836 957 
2734 198 171 957 1151 
2735 855 1012 805 1180 
2736 734 910 795 1090 
2737 198 218 197 1022 
2738 766 860 802 935 
2739 336 64 844 846 
2740 746 907 828 1061 
2741 814 959 256 1018 
2742 629 662 922 1139 
2743 904 932 763 939 
2744 953 1171 950 1180 
2745 829 937 121 1146 
2746 746 907 830 943 
2747 400 968 212 1113 
2748 492 1013 936 1166 
2749 519 772 1087 1110 
2750 914 991 779 1051 
2751 221 800 1056 1069 
2752 960 1011 768 1014 
2753 601 999 693 1026 
2754 807 998 759 1003 
2755 721 890 1077 1088 
2756 782 902 746 943 
2757 301 281 277 998 
2758 744 867 839 1036 
2759 711 895 926 1036 
2760 767 800 988 1157 
2761 192 811 178 1013 
2762 250 831 251 1025 
2763 585 887 808 932 
2764 570 871 806 928 
2765 655 689 786 1035 
2766 436 498 560 845 
2767 270 867 517 1020 
2768 879 1024 358 1049 
2769 145 144 134 935 
2770 717 783 843 970 
2771 717 796 850 920 
2772 79 880 774 979 
2773 731 833 1091 1163 
2774 966 1085 755 1177 
2775 159 156 945 975 
2776 272 120 937 1146 
2777 749 876 827 1155 
2778 789 916 835 1096 
2779 50 877 1004 1107 
2780 895 940 839 1094 
2781 849 881 761 1127 
2782 51 215 217 1016 
2783 712 864 820 1028 
2784 721 818 780 1122 
2785 851 860 740 991 
2786 797 1026 678 1099 
2787 796 845 730 942 
2788 763 932 906 939 
2789 743 962 866 1164 
2790 537 803 547 1011 
2791 918 1010 822 1016 
2792 741 1010 918 1016 
2793 103 959 814 1015 
2794 757 1076 931 1105 
2795 795 829 722 950 
2796 789 748 976 1030 
2797 763 904 887 932 
2798 339 1019 771 1057 
2799 117 271 126 981 
2800 547 767 1011 1156 
2801 134 143 133 802 
2802 30 797 606 1167 
2803 274 785 1013 1134 
2804 818 855 780 1122 
2805 749 979 1062 1127 
2806 741 884 790 986 
2807 860 874 802 935 
2808 170 1021 189 1080 
2809 711 895 839 1094 
2810 866 962 873 1164 
2811 731 1091 872 1163 
2812 968 1000 240 1110 
2813 788 833 731 965 
2814 712 780 855 1122 
2815 719 817 785 936 
2816 122 829 123 1171 
2817 193 178 192 811 
2818 172 931 840 1076 
2819 715 843 819 1014 
2820 139 168 154 1021 
2821 585 844 808 887 
2822 773 884 756 956 
2823 832 1032 741 1065 
2824 784 985 785 1134 
2825 921 928 871 1132 
2826 224 902 809 1100 
2827 490 376 343 1083 
2828 312 314 301 1060 
2829 107 158 916 993 
2830 130 787 953 982 
2831 270 1020 517 1083 
2832 195 323 834 1110 
2833 291 292 293 1007 
2834 519 1087 323 1110 
2835 748 932 904 939 
2836 893 1037 503 1126 
2837 768 933 960 1063 
2838 854 734 944 1077 
2839 619 1035 634 1125 
2840 580 906 584 1161 
2841 122 1095 937 1171 
2842 718 894 779 943 
2843 132 805 950 1150 
2844 712 855 818 1122 
2845 769 792 1032 1079 
2846 793 873 733 923 
2847 601 1026 927 1111 
2848 89 209 1058 1078 
2849 711 907 851 1094 
2850 740 941 930 1007 
2851 357 356 358 1123 
2852 305 789 325 1096 
2853 548 1011 562 1068 
2854 369 1009 879 1143 
2855 725 830 907 943 
2856 713 865 944 1102 
2857 838 1090 950 1172 
2858 711 895 860 926 
2859 788 968 240 1110 
2860 735 827 812 891 
2861 139 238 168 833 
2862 240 788 306 1165 
2863 761 468 978 979 
2864 149 238 982 1017 
2865 787 829 722 1175 
2866 135 307 308 1018 
2867 794 892 724 949 
2868 719 870 781 994 
2869 821 733 952 997 
2870 153 892 161 1029 
2871 186 886 823 987 
2872 778 851 720 1002 
2873 132 950 142 1150 
2874 791 824 818 1137 
2875 860 926 895 1036 
2876 793 873 391 962 
2877 906 932 763 1161 
2878 804 1054 881 1152 
2879 165 227 269 1020 
2880 413 868 775 1128 
2881 722 780 865 944 
2882 784 966 174 1029 
2883 805 823 745 1012 
2884 765 957 864 1075 
2885 254 256 959 1018 
2886 872 876 731 1163 
2887 882 975 773 1060 
2888 253 795 959 1172 
2889 711 940 839 1050 
2890 809 861 718 1033 
2891 796 917 776 1024 
2892 919 992 918 1057 
2893 135 112 307 840 
2894 838 855 722 1090 
2895 753 855 838 1090 
2896 720 831 1005 1070 
2897 357 358 1024 1123 
2898 477 990 850 1153 
2899 590 806 572 928 
2900 723 872 1012 1075 
2901 775 839 940 1050 
2902 289 285 290 789 
2903 849 881 727 967 
2904 761 881 849 967 
2905 734 795 944 1090 
2906 251 795 253 1172 
2907 156 143 144 975 
2908 229 119 1005 1146 
2909 767 842 1011 1014 
2910 434 492 785 1158 
2911 715 783 843 1148 
2912 706 786 676 1042 
2913 740 914 826 930 
2914 759 826 914 930 
2915 400 1000 968 1113 
2916 570 859 806 871 
2917 723 823 1075 1091 
2918 851 860 711 1094 
2919 149 982 953 1017 
2920 723 1012 872 1091 
2921 849 727 881 1127 
2922 157 159 156 945 
2923 793 733 873 1164 
2924 796 1024 776 1123 
2925 317 316 92 798 
2926 587 932 808 1047 
2927 776 358 1024 1049 
2928 805 742 987 1012 
2929 306 788 240 1110 
2930 119 869 1005 1146 
2931 754 870 890 1084 
2932 829 121 1025 1146 
2933 1052 1115 814 1185 
2934 795 831 750 1025 
2935 390 793 208 1133 
2936 652 619 634 1125 
2937 140 287 111 941 
2938 836 909 753 1149 
2939 567 579 964 1161 
2940 282 807 450 1003 
2941 187 186 188 823 
2942 867 1020 744 1083 
2943 244 272 129 1085 
2944 378 931 814 1018 
2945 960 804 989 1104 
2946 741 790 884 1010 
2947 652 634 1035 1125 
2948 747 898 961 1027 
2949 839 867 719 1036 
2950 358 362 879 1049 
2951 92 861 90 1033 
2952 811 896 755 994 
2953 161 152 231 949 
2954 766 945 853 1020 
2955 773 898 998 1082 
2956 823 900 1017 1091 
2957 472 330 66 871 
2958 818 1028 820 1162 
2959 368 489 796 1031 
2960 768 960 933 1011 
2961 547 803 537 1156 
2962 130 953 787 1171 
2963 730 942 845 1184 
2964 130 953 149 982 
2965 356 971 776 1123 
2966 531 893 78 925 
2967 908 1064 763 1181 
2968 461 363 462 1054 
2969 755 966 784 1067 
2970 725 835 830 1147 
2971 788 900 723 1091 
2972 752 938 846 1072 
2973 774 915 880 1009 
2974 717 843 783 1148 
2975 743 772 1000 1066 
2976 182 949 858 1038 
2977 727 881 1054 1152 
2978 781 713 870 885 
2979 82 775 1081 1182 
2980 740 851 991 1131 
2981 729 874 860 935 
2982 82 1128 775 1182 
2983 899 1030 789 1096 
2984 229 250 183 1025 
2985 327 67 859 919 
2986 768 952 912 1063 
2987 715 960 1014 1130 
2988 722 829 795 1102 
2989 437 801 337 990 
2990 722 865 780 897 
2991 755 784 985 1067 
2992 284 450 807 1003 
2993 860 895 711 1094 
2994 264 836 262 909 
2995 835 1096 916 1159 
2996 333 1020 194 1166 
2997 847 893 721 1117 
2998 769 992 816 1064 
2999 492 936 785 1158 
3000 716 992 771 1064 
3001 95 782 99 1106 
3002 552 550 866 912 
3003 262 836 264 990 
3004 836 753 1120 1149 
3005 168 833 965 1021 
3006 111 110 112 1076 
3007 178 177 1134 1177 
3008 268 853 164 945 
3009 244 799 272 1085 
3010 772 842 1000 1001 
3011 741 832 792 1032 
3012 942 1024 796 1123 
3013 387 386 315 1027 
3014 771 1019 339 1107 
3015 174 966 784 1134 
3016 560 845 955 1071 
3017 783 723 872 929 
3018 987 1012 742 1075 
3019 730 960 933 1063 
3020 711 940 1050 1094 
3021 667 653 656 951 
3022 847 901 893 1117 
3023 719 839 895 940 
3024 884 908 714 1065 
3025 884 1010 908 1065 
3026 726 926 853 986 
3027 914 930 740 1051 
3028 777 737 973 1050 
3029 781 732 940 947 
3030 718 863 832 1086 
3031 865 913 764 1067 
3032 734 795 910 959 
3033 181 376 215 790 
3034 732 781 885 947 
3035 302 200 100 835 
3036 791 1045 901 1117 
3037 274 785 492 1013 
3038 514 771 905 1057 
3039 99 782 97 1106 
3040 64 427 336 844 
3041 444 825 445 909 
3042 133 802 143 1007 
3043 108 309 172 1076 
3044 731 858 794 1163 
3045 284 282 450 1003 
3046 753 909 825 1149 
3047 94 902 95 1106 
3048 759 930 914 1051 
3049 744 853 926 986 
3050 234 128 829 950 
3051 773 956 898 1082 
3052 729 862 1002 1070 
3053 196 923 886 1151 
3054 723 900 788 1073 
3055 358 879 362 1024 
3056 807 976 284 1003 
3057 261 263 262 836 
3058 823 953 745 1017 
3059 116 115 114 1005 
3060 730 845 955 1184 
3061 290 976 789 1003 
3062 766 811 1020 1036 
3063 870 985 785 1089 
3064 246 134 126 874 
3065 287 810 930 1154 
3066 353 971 850 990 
3067 525 777 375 973 
3068 525 777 973 1055 
3069 864 1028 736 1116 
3070 497 847 531 1143 
3071 854 944 795 1102 
3072 289 789 305 916 
3073 232 957 233 1022 
3074 95 448 99 1039 
3075 239 306 965 1165 
3076 270 54 1020 1083 
3077 716 908 816 1064 
3078 110 840 112 1076 
3079 904 1041 939 1181 
3080 757 840 851 1115 
3081 976 1030 748 1048 
3082 477 850 351 1153 
3083 46 995 821 997 
3084 790 882 726 884 
3085 878 1055 946 1182 
3086 719 867 811 1036 
3087 913 985 890 1089 
3088 221 1056 58 1069 
3089 723 788 929 1073 
3090 661 927 601 1026 
3091 859 905 573 964 
3092 525 375 777 946 
3093 871 1044 822 1092 
3094 251 252 795 1172 
3095 723 970 864 1075 
3096 756 773 956 1060 
3097 745 787 897 982 
3098 164 268 181 853 
3099 759 789 934 1041 
3100 329 821 328 1022 
3101 896 994 811 1168 
3102 204 1060 1044 1132 
3103 785 985 755 1134 
3104 734 825 824 1174 
3105 766 926 860 1036 
3106 792 1058 385 1078 
3107 88 90 89 861 
3108 735 785 985 1089 
3109 755 862 799 1067 
3110 686 692 797 927 
3111 713 870 885 890 
3112 196 197 923 1151 
3113 735 913 890 1089 
3114 851 1094 1061 1115 
3115 683 689 690 1035 
3116 909 1137 972 1142 
3117 268 165 853 945 
3118 461 815 428 1024 
3119 204 294 882 1060 
3120 731 965 1021 1080 
3121 718 1032 861 1086 
3122 734 910 825 1173 
3123 116 119 869 1005 
3124 967 1074 1056 1104 
3125 972 1137 736 1142 
3126 846 938 798 1106 
3127 748 1047 932 1048 
3128 721 893 847 925 
3129 731 929 788 965 
3130 273 1114 505 1134 
3131 195 834 965 1110 
3132 778 1002 720 1070 
3133 842 1014 767 1130 
3134 256 378 814 1018 
3135 657 1043 889 1144 
3136 735 784 977 1114 
3137 806 908 763 1135 
3138 428 815 366 1024 
3139 885 890 1084 1088 
3140 885 1077 890 1088 
3141 776 971 356 1049 
3142 720 851 840 1115 
3143 792 769 1078 1079 
3144 786 1042 705 1043 
3145 931 814 1115 1185 
3146 173 275 1029 1114 
3147 731 858 876 1101 
3148 729 895 860 1002 
3149 761 1056 967 1074 
3150 62 527 398 961 
3151 683 599 689 786 
3152 146 950 838 1150 
3153 683 682 786 1035 
3154 372 498 436 845 
3155 758 821 952 997 
3156 732 924 878 946 
3157 719 1036 811 1168 
3158 808 1047 899 1183 
3159 619 633 634 1035 
3160 369 362 415 1143 
3161 286 930 280 1154 
3162 790 726 853 986 
3163 731 834 965 1080 
3164 791 972 909 1137 
3165 477 353 850 990 
3166 391 516 793 962 
3167 128 953 127 1171 
3168 749 827 812 1155 
3169 128 132 131 950 
3170 111 941 810 1076 
3171 815 954 730 1152 
3172 592 905 577 964 
3173 567 848 578 1161 
3174 73 841 875 1008 
3175 903 948 739 999 
3176 762 948 903 999 
3177 246 935 874 981 
3178 798 938 846 1124 
3179 759 789 1003 1154 
3180 142 950 146 1150 
3181 235 251 252 795 
3182 746 782 943 1039 
3183 909 736 1137 1142 
3184 849 876 749 1101 
3185 832 926 779 986 
3186 898 921 773 1060 
3187 654 1043 657 1144 
3188 349 821 920 1129 
3189 179 204 294 882 
3190 836 957 160 1040 
3191 222 52 984 1087 
3192 128 131 127 953 
3193 268 164 165 945 
3194 33 903 762 983 
3195 387 62 386 961 
3196 216 822 330 1044 
3197 613 614 615 911 
3198 317 92 320 798 
3199 270 517 54 1083 
3200 122 124 1095 1171 
3201 525 946 777 1055 
3202 141 987 805 1150 
3203 229 183 119 1146 
3204 718 1033 798 1124 
3205 216 215 822 1044 
3206 544 803 933 955 
3207 760 824 1045 1174 
3208 537 933 803 1011 
3209 131 132 141 805 
3210 825 910 753 1149 
3211 504 792 385 1078 
3212 969 1023 746 1039 
3213 828 940 732 947 
3214 711 863 828 1050 
3215 577 905 848 964 
3216 444 825 909 1149 
3217 758 912 1063 1071 
3218 722 950 838 1090 
3219 867 1020 811 1036 
3220 361 362 879 1024 
3221 844 958 474 1004 
3222 361 358 362 1024 
3223 744 883 963 1083 
3224 824 1045 791 1117 
3225 320 846 336 1004 
3226 305 290 325 789 
3227 760 1045 824 1117 
3228 134 144 143 802 
3229 714 939 1041 1181 
3230 69 224 809 1100 
3231 70 531 497 847 
3232 152 154 231 1021 
3233 777 746 1023 1100 
3234 111 287 109 810 
3235 454 196 197 923 
3236 104 102 101 830 
3237 478 942 48 1184 
3238 314 312 921 1060 
3239 70 847 511 901 
3240 79 456 484 1009 
3241 735 985 913 1089 
3242 172 840 931 1018 
3243 366 815 428 942 
3244 740 826 802 1007 
3245 742 864 957 1075 
3246 800 984 767 1130 
3247 479 330 859 871 
3248 250 831 229 1005 
3249 782 938 97 1106 
3250 606 797 31 1167 
3251 913 985 784 1067 
3252 104 102 830 1159 
3253 193 249 896 1093 
3254 736 972 818 1137 
3255 744 1020 853 1083 
3256 298 886 196 923 
3257 104 310 106 1105 
3258 272 799 245 981 
3259 740 778 941 1121 
3260 728 846 798 1004 
3261 715 967 783 1148 
3262 194 811 1020 1093 
3263 857 946 732 1055 
3264 790 884 726 986 
3265 933 960 803 1011 
3266 727 967 881 1152 
3267 168 239 306 965 
3268 799 1085 244 1177 
3269 478 419 360 796 
3270 234 236 128 950 
3271 860 935 766 1168 
3272 334 535 867 1166 
3273 775 973 1050 1055 
3274 993 1076 757 1105 
3275 552 912 866 996 
3276 96 499 320 1106 
3277 887 1103 848 1161 
3278 189 169 965 1021 
3279 276 826 151 975 
3280 276 277 151 826 
3281 479 859 570 871 
3282 583 808 585 844 
3283 541 436 845 1179 
3284 732 940 828 1055 
3285 732 924 946 1109 
3286 736 818 972 1162 
3287 174 966 175 1029 
3288 116 229 119 1005 
3289 816 1064 908 1181 
3290 92 93 320 798 
3291 297 886 186 987 
3292 843 960 715 967 
3293 720 854 831 1070 
3294 831 854 750 1070 
3295 771 905 848 1103 
3296 195 519 323 1110 
3297 582 906 580 932 
3298 415 362 1049 1143 
3299 713 870 890 985 
3300 819 952 843 970 
3301 434 492 274 785 
3302 722 787 897 1180 
3303 259 959 910 1172 
3304 960 967 843 1152 
3305 749 849 1101 1127 
3306 476 891 812 1062 
3307 815 1054 804 1152 
3308 231 858 182 949 
3309 801 717 850 1153 
3310 755 1013 785 1134 
3311 103 258 959 1173 
3312 162 241 892 1029 
3313 156 144 157 945 
3314 810 725 916 993 
3315 733 873 866 996 
3316 796 942 917 1024 
3317 158 109 287 810 
3318 733 866 912 996 
3319 790 756 884 1010 
3320 719 781 895 994 
3321 491 812 199 1038 
3322 826 914 773 1082 
3323 605 797 29 856 
3324 366 942 428 1184 
3325 293 151 278 826 
3326 680 601 927 1111 
3327 828 1050 777 1055 
3328 730 917 843 1063 
3329 733 952 819 970 
3330 729 994 896 1168 
3331 782 1106 1033 1124 
3332 729 935 860 1168 
3333 366 815 942 1024 
3334 273 505 274 1134 
3335 766 1020 811 1093 
3336 111 810 109 1076 
3337 133 126 134 874 
3338 1077 1088 760 1117 
3339 773 921 898 956 
3340 756 806 908 1092 
3341 716 908 806 1092 
3342 93 320 798 1106 
3343 912 952 758 1063 
3344 174 784 273 1134 
3345 92 93 798 1033 
3346 711 1050 828 1094 
3347 722 944 795 1090 
3348 151 826 293 1007 
3349 430 812 1038 1062 
3350 29 797 685 856 
3351 444 445 501 909 
3352 940 947 828 1094 
3353 171 198 197 1151 
3354 1017 1091 900 1165 
3355 781 947 940 1094 
3356 242 892 241 1095 
3357 794 724 876 1155 
3358 806 756 871 1092 
3359 794 858 731 1021 
3360 315 386 314 898 
3361 824 780 944 1077 
3362 881 967 804 1152 
3363 720 931 814 1115 
3364 240 968 788 1165 
3365 1033 1106 798 1124 
3366 824 1077 760 1117 
3367 728 958 877 1064 
3368 771 877 958 1064 
3369 1011 1014 842 1068 
3370 720 814 931 1018 
3371 495 1015 814 1052 
3372 629 651 662 1139 
3373 248 896 267 935 
3374 476 812 430 1062 
3375 850 920 352 1153 
3376 852 883 744 1083 
3377 722 795 944 1102 
3378 713 890 885 1077 
3379 758 821 920 952 
3380 828 1050 940 1094 
3381 319 338 877 1019 
3382 746 902 782 1039 
3383 1056 1074 800 1104 
3384 717 864 783 970 
3385 129 1085 937 1095 
3386 878 946 524 1182 
3387 851 907 757 1061 
3388 486 859 67 919 
3389 940 1050 828 1055 
3390 736 836 801 990 
3391 872 929 723 1091 
3392 924 1037 901 1088 
3393 79 484 774 1009 
3394 722 805 838 950 
3395 813 1052 947 1140 
3396 195 834 189 965 
3397 352 368 489 1123 
3398 133 143 151 1007 
3399 835 938 782 1147 
3400 531 70 518 893 
3401 129 243 1085 1095 
3402 951 1043 654 1144 
3403 275 784 174 1029 
3404 789 759 1003 1041 
3405 274 434 785 977 
3406 298 923 390 1133 
3407 244 245 272 799 
3408 890 985 870 1089 
3409 174 275 273 784 
3410 572 928 806 1034 
3411 770 1115 1052 1185 
3412 691 999 739 1026 
3413 484 438 77 925 
3414 870 940 781 1046 
3415 89 861 209 1078 
3416 815 942 730 954 
3417 776 1049 879 1162 
3418 129 272 120 937 
3419 787 745 897 1180 
3420 757 907 830 1061 
3421 830 907 746 1061 
3422 740 930 826 1007 
3423 790 756 1010 1044 
3424 173 199 275 1114 
3425 836 1040 261 1120 
3426 176 178 177 1134 
3427 283 286 280 1154 
3428 182 858 213 1038 
3429 707 697 702 786 
3430 731 1074 1080 1101 
3431 327 67 330 859 
3432 477 353 351 850 
3433 803 933 730 960 
3434 319 1019 877 1107 
3435 793 743 962 968 
3436 241 153 162 892 
3437 740 1007 874 1121 
3438 548 562 551 1068 
3439 717 864 801 1116 
3440 816 1032 894 1065 
3441 197 344 923 995 
3442 774 880 915 1127 
3443 794 949 724 1155 
3444 220 468 761 1069 
3445 713 944 865 1077 
3446 818 972 791 1137 
3447 757 1061 830 1105 
3448 816 1006 894 1032 
3449 273 784 1114 1134 
3450 172 307 840 1018 
3451 861 1032 769 1078 
3452 94 1033 902 1106 
3453 452 918 822 1016 
3454 583 447 808 844 
3455 804 881 5 1056 
3456 752 938 835 1147 
3457 830 1061 969 1105 
3458 816 908 1010 1065 
3459 798 861 718 1006 
3460 132 146 142 950 
3461 731 1074 834 1080 
3462 992 918 1057 1079 
3463 835 916 725 1159 
3464 762 911 903 1136 
3465 267 935 896 1093 
3466 717 801 850 1116 
3467 235 250 251 1025 
3468 892 1095 787 1175 
3469 437 233 337 801 
3470 884 986 741 1065 
3471 701 649 641 1138 
3472 738 889 786 951 
3473 911 738 1035 1125 
3474 719 811 994 1168 
3475 764 1095 892 1175 
3476 879 1049 751 1162 
3477 730 933 845 1063 
3478 290 976 530 1030 
3479 160 261 836 1040 
3480 698 685 675 797 
3481 773 998 826 1082 
3482 735 841 891 1008 
3483 452 822 918 919 
3484 137 149 238 982 
3485 793 723 900 1133 
3486 724 949 812 1155 
3487 79 880 456 1009 
3488 911 1035 738 1118 
3489 909 972 791 1142 
3490 240 968 400 1000 
3491 264 262 263 909 
3492 717 920 850 1153 
3493 255 103 258 959 
3494 104 830 993 1159 
3495 798 1033 93 1106 
3496 675 662 698 922 
3497 206 900 187 1133 
3498 798 718 861 1033 
3499 223 858 978 1038 
3500 827 915 774 1119 
3501 208 390 391 793 
3502 818 736 1028 1162 
3503 826 998 759 1082 
3504 711 860 851 991 
3505 718 809 863 1086 
3506 737 863 809 1086 
3507 713 890 913 985 
3508 461 428 366 1024 
3509 275 273 784 1114 
3510 760 885 1077 1174 
3511 139 137 238 982 
3512 744 839 926 1036 
3513 237 1017 207 1165 
3514 817 81 1081 1126 
3515 53 532 977 1114 
3516 327 506 67 919 
3517 1044 1060 756 1132 
3518 811 867 719 1166 
3519 333 867 270 1020 
3520 245 202 248 896 
3521 868 963 775 1128 
3522 275 784 1029 1114 
3523 418 284 450 807 
3524 537 544 563 803 
3525 893 901 1037 1088 
3526 732 878 924 1084 
3527 157 164 159 945 
3528 816 714 908 1065 
3529 574 579 806 964 
3530 715 1074 800 1130 
3531 111 112 113 941 
3532 644 903 1097 1098 
3533 793 723 1133 1141 
3534 367 366 428 1184 
3535 845 1071 541 1179 
3536 477 437 990 1153 
3537 481 954 463 989 
3538 189 195 323 834 
3539 741 986 790 1016 
3540 937 1171 1095 1175 
3541 747 928 921 1027 
3542 483 971 353 990 
3543 807 939 748 1041 
3544 231 230 858 1021 
3545 718 1006 861 1032 
3546 128 829 950 1171 
3547 222 219 512 1087 
3548 160 957 155 1040 
3549 759 1041 934 1082 
3550 897 1012 855 1180 
3551 89 87 809 1058 
3552 732 885 813 947 
3553 103 256 814 959 
3554 298 886 923 1133 
3555 245 896 248 981 
3556 849 749 915 1127 
3557 184 104 830 1105 
3558 1030 1047 748 1048 
3559 360 796 368 1123 
3560 502 791 972 1142 
3561 733 923 873 1176 
3562 756 884 908 956 
3563 714 908 884 956 
3564 782 718 943 1124 
3565 756 1044 871 1092 
3566 730 954 942 1184 
3567 794 876 858 1155 
3568 720 947 781 1002 
3569 430 812 491 1038 
3570 712 818 855 1028 
3571 368 796 419 1031 
3572 813 770 947 1052 
3573 960 1104 767 1130 
3574 472 1044 871 1132 
3575 234 829 121 1025 
3576 605 28 797 856 
3577 750 869 799 1146 
3578 785 977 434 1158 
3579 793 743 968 1073 
3580 884 1065 714 1082 
3581 801 990 437 1153 
3582 763 932 887 1161 
3583 531 518 78 893 
3584 49 969 425 1039 
3585 824 1077 734 1174 
3586 785 735 977 1089 
3587 715 843 967 1148 
3588 54 343 1020 1083 
3589 222 800 219 1087 
3590 131 185 299 953 
3591 743 1014 842 1066 
3592 182 199 949 1038 
3593 656 595 951 1043 
3594 299 149 953 1017 
3595 80 880 881 1054 
3596 262 264 265 990 
3597 30 1045 888 1167 
3598 468 220 761 978 
3599 800 1056 761 1074 
3600 418 417 284 976 
3601 92 316 90 861 
3602 813 1015 888 1053 
3603 289 290 305 789 
3604 276 151 143 975 
3605 850 920 796 1123 
3606 246 874 126 981 
3607 967 1148 843 1152 
3608 544 803 537 933 
3609 478 48 382 1184 
3610 718 832 1032 1086 
3611 79 774 880 1009 
3612 842 772 1066 1130 
3613 680 601 661 927 
3614 250 135 831 1005 
3615 830 835 725 1159 
3616 727 849 915 1127 
3617 34 786 738 889 
3618 764 799 1067 1085 
3619 251 253 252 1172 
3620 769 861 1006 1032 
3621 764 1067 966 1085 
3622 721 841 893 925 
3623 645 911 983 1118 
3624 613 615 616 1136 
3625 792 769 1032 1078 
3626 221 219 800 1069 
3627 231 230 182 858 
3628 240 507 968 1165 
3629 720 931 840 1018 
3630 213 182 230 858 
3631 750 799 937 1146 
3632 451 990 909 1142 
3633 835 167 1096 1159 
3634 823 723 900 1091 
3635 285 1003 289 1154 
3636 921 956 773 1060 
3637 803 1011 767 1156 
3638 927 1026 739 1111 
3639 354 850 353 971 
3640 743 1112 962 1113 
3641 189 170 169 1021 
3642 278 826 277 998 
3643 800 1087 984 1130 
3644 845 933 730 955 
3645 942 954 815 1184 
3646 259 253 959 1172 
3647 812 1008 429 1114 
3648 130 299 149 953 
3649 719 895 1036 1168 
3650 820 864 717 1116 
3651 736 1028 836 1137 
3652 218 821 46 995 
3653 784 755 985 1134 
3654 33 691 739 1098 
3655 325 1030 899 1096 
3656 759 914 826 1082 
3657 719 868 817 936 
3658 617 911 1125 1136 
3659 647 621 620 1136 
3660 125 874 133 1007 
3661 482 504 385 1078 
3662 188 186 297 886 
3663 516 900 206 1133 
3664 958 1064 887 1103 
3665 630 948 999 1111 
3666 617 911 646 1125 
3667 733 970 819 1141 
3668 864 1012 742 1028 
3669 337 232 160 957 
3670 877 1019 338 1160 
3671 713 854 944 1077 
3672 756 956 921 1060 
3673 844 846 728 1004 
3674 971 990 736 1116 
3675 761 1080 1074 1101 
3676 407 1047 587 1183 
3677 514 1103 771 1107 
3678 265 437 337 990 
3679 133 125 126 874 
3680 515 534 1103 1107 
3681 566 581 887 1161 
3682 790 986 852 1016 
3683 209 385 1058 1078 
3684 95 99 97 1106 
3685 765 1022 957 1151 
3686 867 963 457 1083 
3687 247 122 124 1095 
3688 223 213 858 1038 
3689 867 868 457 963 
3690 877 1006 769 1160 
3691 734 944 824 1090 
3692 813 885 760 1174 
3693 766 1036 860 1168 
3694 214 1069 978 1080 
3695 744 853 852 1083 
3696 716 848 905 964 
3697 95 94 448 902 
3698 916 993 725 1159 
3699 629 922 1097 1139 
3700 807 1003 759 1041 
3701 159 882 180 975 
3702 232 198 957 1022 
3703 805 953 950 1180 
3704 125 117 874 1121 
3705 125 117 126 874 
3706 325 290 530 1030 
3707 720 1115 814 1140 
3708 750 937 829 1146 
3709 248 896 935 981 
3710 806 964 716 1092 
3711 147 1040 838 1120 
3712 104 993 105 1159 
3713 354 971 356 1123 
3714 378 257 814 931 
3715 747 921 898 1027 
3716 810 993 109 1076 
3717 228 935 267 1093 
3718 88 224 91 1033 
3719 852 980 460 1016 
3720 250 308 251 831 
3721 721 827 1119 1122 
3722 850 990 971 1116 
3723 461 361 363 879 
3724 228 145 267 935 
3725 157 144 228 945 
3726 723 793 900 1073 
3727 232 198 171 957 
3728 56 484 456 1009 
3729 888 1015 441 1053 
3730 720 840 931 1115 
3731 1061 1094 828 1115 
3732 62 342 386 898 
3733 103 814 495 1015 
3734 560 955 542 1071 
3735 734 959 814 1140 
3736 214 220 978 1069 
3737 349 328 329 821 
3738 520 360 359 942 
3739 421 372 436 845 
3740 851 1061 757 1115 
3741 153 162 892 1029 
3742 988 989 804 1104 
3743 730 803 954 955 
3744 242 241 243 1095 
3745 971 990 483 1142 
3746 49 448 902 1039 
3747 472 216 330 1044 
3748 713 885 854 1077 
3749 742 987 1040 1150 
3750 250 135 308 831 
3751 741 790 1010 1016 
3752 544 933 542 955 
3753 788 1000 968 1110 
3754 237 833 238 1017 
3755 830 969 184 1105 
3756 197 344 454 923 
3757 461 361 879 1024 
3758 968 1000 788 1066 
3759 750 829 1025 1146 
3760 728 1006 816 1064 
3761 492 414 1013 1166 
3762 179 159 164 882 
3763 845 1063 933 1071 
3764 814 959 734 1015 
3765 98 1078 861 1160 
3766 715 1104 960 1130 
3767 722 897 855 1180 
3768 867 868 719 936 
3769 790 1010 822 1044 
3770 716 816 908 1010 
3771 848 887 1064 1103 
3772 206 207 187 900 
3773 840 931 757 1076 
3774 764 937 799 1085 
3775 254 253 251 959 
3776 777 1023 857 1100 
3777 915 1119 827 1122 
3778 796 730 917 942 
3779 790 853 852 986 
3780 715 800 1074 1104 
3781 748 789 976 1041 
3782 984 1087 772 1130 
3783 717 917 843 1148 
3784 723 929 819 1073 
3785 776 1024 879 1049 
3786 915 1009 774 1119 
3787 751 1009 915 1119 
3788 812 891 429 1008 
3789 257 814 931 1185 
3790 796 920 758 1031 
3791 842 1066 1014 1130 
3792 851 907 711 991 
3793 376 181 268 853 
3794 233 801 437 1153 
3795 693 999 691 1026 
3796 118 120 272 1146 
3797 738 951 786 1035 
3798 834 1074 761 1080 
3799 720 947 1002 1094 
3800 525 1055 973 1182 
3801 768 960 843 1063 
3802 107 993 916 1159 
3803 76 503 1037 1126 
3804 794 858 949 1155 
3805 918 919 716 992 
3806 33 739 691 999 
3807 221 219 222 800 
3808 824 944 734 1077 
3809 731 794 1021 1163 
3810 279 280 278 998 
3811 830 725 993 1159 
3812 516 210 206 900 
3813 318 319 338 877 
3814 823 745 1012 1091 
3815 860 1036 895 1168 
3816 653 951 652 1035 
3817 1105 1115 1061 1185 
3818 49 381 969 1023 
3819 794 982 833 1163 
3820 788 900 1091 1165 
3821 521 418 397 837 
3822 184 310 104 1105 
3823 319 339 1019 1107 
3824 903 911 762 983 
3825 223 978 858 1080 
3826 753 838 1040 1120 
3827 802 726 945 975 
3828 744 852 853 986 
3829 116 118 117 869 
3830 315 314 43 921 
3831 787 953 745 1180 
3832 721 1119 818 1122 
3833 354 850 971 1123 
3834 676 706 700 786 
3835 772 984 842 1001 
3836 751 972 818 1162 
3837 987 1075 957 1151 
3838 730 933 803 955 
3839 760 885 813 1109 
3840 189 834 205 1080 
3841 123 121 234 829 
3842 756 908 884 1010 
3843 725 991 907 1131 
3844 811 1036 766 1168 
3845 285 976 290 1003 
3846 338 319 339 1019 
3847 184 969 830 1039 
3848 866 873 557 996 
3849 735 875 841 1008 
3850 350 352 920 1153 
3851 549 933 537 1011 
3852 745 953 787 982 
3853 813 1052 1015 1053 
3854 781 1002 947 1094 
3855 377 988 800 1157 
3856 801 990 850 1116 
3857 791 847 31 972 
3858 348 1108 997 1129 
3859 502 909 791 1142 
3860 224 902 94 1033 
3861 719 994 895 1168 
3862 816 741 1032 1065 
3863 754 1084 890 1088 
3864 747 906 1034 1178 
3865 241 966 201 1085 
3866 77 78 841 925 
3867 733 821 995 997 
3868 782 938 1124 1147 
3869 184 830 101 1039 
3870 875 977 735 1089 
3871 683 690 682 1035 
3872 742 957 987 1075 
3873 357 1024 359 1123 
3874 800 1104 715 1130 
3875 123 234 128 829 
3876 834 761 1069 1080 
3877 446 880 879 1009 
3878 734 1015 959 1173 
3879 318 877 338 1160 
3880 977 1089 875 1158 
3881 725 1051 991 1131 
3882 754 875 817 1126 
3883 593 848 1103 1161 
3884 817 870 754 1046 
3885 703 1035 633 1118 
3886 879 751 1049 1143 
3887 440 996 873 1176 
3888 767 988 800 1104 
3889 720 1094 851 1115 
3890 937 829 1171 1175 
3891 248 935 246 981 
3892 928 1027 747 1034 
3893 799 729 896 981 
3894 647 620 974 1136 
3895 966 1134 177 1177 
3896 732 946 857 1109 
3897 818 915 712 1122 
3898 978 526 1038 1062 
3899 767 984 842 1130 
3900 842 984 772 1130 
3901 89 87 88 809 
3902 230 223 213 858 
3903 728 887 844 958 
3904 656 603 709 786 
3905 770 1061 1115 1185 
3906 257 1052 814 1185 
3907 746 969 830 1061 
3908 141 296 987 1150 
3909 741 852 986 1016 
3910 612 613 611 903 
3911 320 499 336 846 
3912 743 1014 866 1112 
3913 174 175 966 1134 
3914 146 838 147 1150 
3915 962 968 743 1113 
3916 381 380 969 1185 
3917 732 1084 924 1109 
3918 299 185 300 1017 
3919 799 896 755 1177 
3920 653 603 656 786 
3921 698 686 685 797 
3922 298 390 208 1133 
3923 459 883 852 1083 
3924 822 1010 756 1044 
3925 863 907 746 943 
3926 752 1124 938 1147 
3927 256 378 257 814 
3928 876 1101 858 1155 
3929 264 909 451 990 
3930 267 896 249 1093 
3931 2 545 989 1156 
3932 732 813 885 1109 
3933 279 282 280 998 
3934 834 1087 772 1110 
3935 104 106 105 993 
3936 209 861 98 1078 
3937 794 745 982 1163 
3938 866 1014 743 1164 
3939 733 793 923 1141 
3940 667 656 595 951 
3941 743 793 962 1164 
3942 531 925 416 1143 
3943 162 174 175 1029 
3944 423 815 463 954 
3945 237 238 833 1165 
3946 88 69 224 809 
3947 717 843 952 970 
3948 231 170 230 1021 
3949 46 997 821 1129 
3950 749 1101 876 1155 
3951 392 873 390 1176 
3952 220 58 468 1069 
3953 128 123 829 1171 
3954 168 965 169 1021 
3955 543 954 803 955 
3956 866 873 733 1164 
3957 775 1050 940 1055 
3958 709 786 705 1043 
3959 808 844 447 846 
3960 652 1035 951 1125 
3961 473 336 844 1004 
3962 810 993 757 1131 
3963 224 94 91 1033 
3964 55 1058 385 1059 
3965 413 775 82 1128 
3966 760 924 901 1088 
3967 792 980 741 1032 
3968 479 66 330 871 
3969 816 728 1064 1181 
3970 751 915 818 1119 
3971 879 1009 751 1143 
3972 804 967 881 1056 
3973 881 967 761 1056 
3974 422 954 955 1184 
3975 507 900 210 968 
3976 720 947 1094 1115 
3977 754 870 817 1089 
3978 141 296 186 987 
3979 910 1149 825 1173 
3980 65 1072 899 1183 
3981 814 1015 734 1140 
3982 682 1035 690 1118 
3983 239 240 306 1165 
3984 221 800 377 988 
3985 735 977 875 1008 
3986 747 1034 1027 1178 
3987 749 858 1101 1155 
3988 907 991 851 1131 
3989 233 1022 801 1153 
3990 240 211 507 1165 
3991 784 966 755 1134 
3992 342 281 898 998 
3993 359 357 358 1024 
3994 86 525 375 973 
3995 763 848 887 1064 
3996 645 903 625 983 
3997 781 940 895 1094 
3998 686 596 637 927 
3999 567 578 579 1161 
4000 850 990 801 1153 
4001 491 313 199 812 
4002 82 775 413 1081 
4003 861 769 1006 1160 
4004 391 516 208 793 
4005 875 1008 977 1158 
4006 732 946 878 1055 
4007 237 300 207 1017 
4008 839 719 895 1036 
4009 219 800 1069 1087 
4010 615 646 617 911 
4011 754 817 875 1089 
4012 849 761 967 1074 
4013 172 931 378 1018 
4014 922 927 797 1026 
4015 739 927 922 1026 
4016 573 859 487 905 
4017 745 982 833 1017 
4018 769 1006 816 1032 
4019 107 916 304 1159 
4020 758 1063 845 1071 
4021 369 363 362 879 
4022 813 734 1015 1140 
4023 723 793 1073 1141 
4024 723 823 886 1075 
4025 834 1069 761 1074 
4026 886 1133 723 1141 
4027 579 580 584 1161 
4028 49 448 225 902 
4029 240 1000 60 1110 
4030 733 793 1141 1164 
4031 86 69 87 809 
4032 870 754 890 1089 
4033 882 945 726 975 
4034 438 484 56 1009 
4035 705 786 707 1042 
4036 750 795 1025 1102 
4037 654 951 663 1043 
4038 438 416 925 1009 
4039 495 814 257 1052 
4040 223 858 230 1080 
4041 741 816 1010 1065 
4042 217 376 490 852 
4043 208 793 516 1133 
4044 416 925 1009 1143 
4045 845 758 1071 1179 
4046 1027 1034 928 1178 
4047 51 216 215 822 
4048 163 1120 838 1172 
4049 859 919 716 1092 
4050 822 919 859 1092 
4051 368 419 489 1031 
4052 739 948 903 1097 
4053 654 626 951 1144 
4054 174 176 175 1134 
4055 163 910 1120 1172 
4056 729 994 895 1002 
4057 454 298 196 923 
4058 574 806 570 859 
4059 460 217 852 1016 
4060 803 960 767 1011 
4061 761 1074 849 1101 
4062 783 967 849 1148 
4063 742 1012 864 1075 
4064 566 932 580 1161 
4065 686 692 30 797 
4066 343 853 268 1020 
4067 550 536 866 1068 
4068 899 1047 1030 1183 
4069 678 3 797 1099 
4070 810 930 740 941 
4071 894 943 718 1124 
4072 828 947 770 1115 
4073 718 798 1006 1124 
4074 653 655 603 786 
4075 800 761 1069 1074 
4076 758 920 821 1129 
4077 172 840 110 1076 
4078 54 490 343 1083 
4079 904 748 939 1041 
4080 833 982 745 1163 
4081 843 952 768 1063 
4082 801 736 990 1116 
4083 626 624 1125 1144 
4084 477 351 437 1153 
4085 390 392 391 873 
4086 74 871 928 1132 
4087 845 1031 758 1179 
4088 43 315 921 1027 
4089 190 170 189 1080 
4090 753 1040 836 1120 
4091 147 838 146 1172 
4092 286 287 930 1154 
4093 828 770 1061 1115 
4094 743 1000 968 1066 
4095 686 30 685 797 
4096 714 934 1041 1082 
4097 833 1021 794 1163 
4098 757 931 840 1115 
4099 93 1033 94 1106 
4100 755 985 994 1067 
4101 788 1066 1000 1110 
4102 1108 1129 348 1179 
4103 194 1020 227 1093 
4104 446 879 369 1009 
4105 820 1028 736 1162 
4106 838 950 146 1172 
4107 733 996 912 997 
4108 902 1033 782 1106 
4109 729 862 994 1002 
4110 718 894 1006 1032 
4111 250 229 135 1005 
4112 237 833 1017 1165 
4113 278 151 277 826 
4114 815 917 730 942 
4115 566 887 585 932 
4116 342 282 279 998 
4117 199 812 313 1114 
4118 762 903 948 1136 
4119 360 419 368 796 
4120 429 1008 977 1114 
4121 5 804 463 881 
4122 675 797 605 922 
4123 715 1066 929 1074 
4124 838 950 805 1150 
4125 1014 1068 866 1112 
4126 246 145 134 935 
4127 507 211 210 900 
4128 100 102 302 835 
4129 867 936 719 1166 
4130 441 29 888 1053 
4131 754 817 1081 1126 
4132 472 871 341 1132 
4133 103 255 256 959 
4134 898 921 747 956 
4135 788 1091 833 1165 
4136 833 965 788 1165 
4137 89 98 209 861 
4138 644 903 610 1097 
4139 707 706 700 702 
4140 421 436 371 1179 
4141 190 189 205 1080 
4142 267 248 249 896 
4143 724 949 892 1029 
4144 160 261 262 836 
4145 713 913 865 1067 
4146 579 572 806 1034 
4147 377 800 222 1157 
4148 307 110 172 840 
4149 725 810 916 1051 
4150 3 797 672 856 
4151 304 289 305 916 
4152 252 146 950 1172 
4153 731 965 833 1021 
4154 948 1097 739 1139 
4155 714 816 908 1181 
4156 795 1090 910 1172 
4157 805 1012 745 1180 
4158 153 161 162 1029 
4159 746 828 1023 1061 
4160 287 140 286 930 
4161 720 1002 851 1094 
4162 678 797 3 1167 
4163 525 946 1055 1182 
4164 129 247 243 1095 
4165 172 378 311 1018 
4166 974 1125 624 1144 
4167 847 1119 925 1143 
4168 503 78 518 893 
4169 492 433 936 1158 
4170 813 1015 814 1140 
4171 383 899 65 1072 
4172 880 881 727 1127 
4173 159 180 156 975 
4174 107 158 304 916 
4175 880 979 881 1127 
4176 757 907 851 1131 
4177 716 964 859 1092 
4178 751 1119 847 1143 
4179 570 806 590 928 
4180 832 863 737 1086 
4181 239 833 238 1165 
4182 736 909 836 990 
4183 715 819 929 1066 
4184 714 939 908 956 
4185 732 885 1046 1084 
4186 813 1109 888 1174 
4187 715 1074 967 1104 
4188 302 835 167 1096 
4189 888 1109 760 1174 
4190 918 980 741 1016 
4191 906 568 1034 1178 
4192 888 760 1109 1167 
4193 34 889 738 1170 
4194 172 311 307 1018 
4195 622 974 620 1136 
4196 895 994 781 1002 
4197 762 999 666 1138 
4198 383 303 899 1096 
4199 769 1078 1019 1160 
4200 822 716 919 1092 
4201 1015 1052 441 1053 
4202 617 622 620 1136 
4203 284 976 417 1003 
4204 806 871 859 1092 
4205 625 645 612 903 
4206 793 743 1073 1164 
4207 514 515 1103 1107 
4208 274 492 414 1013 
4209 675 659 662 922 
4210 725 810 1051 1131 
4211 606 797 692 927 
4212 182 213 199 1038 
4213 760 1084 885 1109 
4214 739 1026 922 1098 
4215 579 572 574 806 
4216 714 894 816 1181 
4217 707 709 603 786 
4218 716 816 992 1064 
4219 813 760 1109 1174 
4220 731 1021 858 1080 
4221 321 846 499 938 
4222 384 89 209 1058 
4223 271 272 245 981 
4224 714 816 894 1065 
4225 508 978 526 1038 
4226 947 828 1094 1115 
4227 854 862 750 1070 
4228 870 1046 885 1084 
4229 85 973 86 1145 
4230 821 997 758 1129 
4231 829 1102 722 1175 
4232 596 636 927 1139 
4233 214 978 223 1080 
4234 672 797 3 1099 
4235 730 843 960 1063 
4236 760 1077 824 1174 
4237 252 146 236 950 
4238 830 993 757 1105 
4239 418 398 397 837 
4240 860 711 926 991 
4241 545 803 543 989 
4242 670 33 903 1098 
4243 491 430 313 812 
4244 923 1133 886 1141 
4245 649 666 999 1138 
4246 247 937 122 1095 
4247 239 168 238 833 
4248 129 937 247 1095 
4249 617 615 911 1136 
4250 1019 1078 769 1079 
4251 659 629 662 922 
4252 680 661 679 927 
4253 473 336 427 844 
4254 116 119 118 869 
4255 754 817 1046 1081 
4256 498 540 560 955 
4257 643 616 648 948 
4258 47 451 909 1142 
4259 722 1102 865 1175 
4260 137 139 138 982 
4261 968 1000 743 1113 
4262 740 810 941 1131 
4263 473 331 336 1004 
4264 855 742 1012 1028 
4265 197 218 344 995 
4266 745 1012 897 1180 
4267 497 531 416 1143 
4268 185 186 187 823 
4269 622 626 624 1125 
4270 463 815 59 1054 
4271 57 1019 1078 1160 
4272 753 909 836 1137 
4273 836 909 736 1137 
4274 60 240 400 1000 
4275 810 916 1051 1154 
4276 138 153 242 892 
4277 742 957 836 1040 
4278 712 855 1012 1028 
4279 125 874 1007 1121 
4280 297 886 987 1151 
4281 434 433 492 1158 
4282 248 267 145 935 
4283 748 976 807 1041 
4284 805 745 953 1180 
4285 190 230 170 1080 
4286 742 805 987 1150 
4287 130 149 137 982 
4288 61 923 344 995 
4289 814 1015 813 1052 
4290 112 110 307 840 
4291 241 242 153 892 
4292 721 925 847 1119 
4293 771 1064 958 1103 
4294 237 239 238 1165 
4295 763 887 848 1161 
4296 949 1038 812 1155 
4297 700 599 683 786 
4298 812 749 1038 1062 
4299 255 259 253 959 
4300 478 360 520 942 
4301 731 1021 833 1163 
4302 805 950 722 1180 
4303 259 910 163 1172 
4304 793 1133 923 1141 
4305 460 852 459 980 
4306 158 288 916 1154 
4307 205 1069 834 1087 
4308 834 1069 205 1080 
4309 285 417 976 1003 
4310 755 994 862 1067 
4311 832 744 926 986 
4312 750 829 937 1175 
4313 787 1171 953 1180 
4314 157 228 165 945 
4315 241 175 201 966 
4316 801 957 765 1022 
4317 158 287 288 1154 
4318 57 1078 1019 1079 
4319 59 815 461 1054 
4320 806 859 964 1092 
4321 135 114 112 1005 
4322 184 104 101 830 
4323 663 951 595 1043 
4324 871 1044 756 1132 
4325 360 357 359 1123 
4326 372 845 421 1031 
4327 136 137 138 982 
4328 800 1069 834 1074 
4329 922 1026 797 1099 
4330 873 962 793 1164 
4331 535 458 334 867 
4332 727 880 879 1054 
4333 354 352 353 850 
4334 160 262 337 836 
4335 163 1040 147 1120 
4336 279 278 277 998 
4337 77 438 78 925 
4338 297 987 166 1151 
4339 194 193 811 1093 
4340 28 672 797 856 
4341 543 803 563 955 
4342 740 941 1007 1121 
4343 857 946 856 1109 
4344 754 1037 893 1126 
4345 866 1014 768 1068 
4346 194 811 192 1166 
4347 205 512 1069 1087 
4348 901 1088 893 1117 
4349 248 145 246 935 
4350 822 1010 790 1016 
4351 924 1084 1037 1088 
4352 810 740 930 1051 
4353 452 822 51 1016 
4354 920 1031 365 1129 
4355 781 994 862 1002 
4356 302 102 167 835 
4357 350 352 489 920 
4358 734 959 910 1173 
4359 605 675 29 797 
4360 29 857 770 1023 
4361 88 91 90 1033 
4362 42 936 535 1166 
4363 61 923 995 1176 
4364 815 917 727 1152 
4365 649 701 666 1138 
4366 352 850 354 1123 
4367 339 771 514 1057 
4368 634 653 652 1035 
4369 361 362 363 879 
4370 838 1040 147 1150 
4371 830 969 746 1039 
4372 189 323 205 834 
4373 758 912 1071 1108 
4374 844 728 958 1004 
4375 910 959 795 1172 
4376 353 352 351 850 
4377 961 1027 389 1178 
4378 136 130 137 982 
4379 147 146 266 1172 
4380 727 1054 815 1152 
4381 732 885 1084 1109 
4382 588 397 837 1048 
4383 412 868 413 1128 
4384 777 1050 973 1055 
4385 369 446 363 879 
4386 757 1076 810 1131 
4387 328 821 218 1022 
4388 849 967 727 1148 
4389 855 1028 818 1137 
4390 811 1013 192 1166 
4391 734 813 1015 1174 
4392 756 822 1044 1092 
4393 96 321 499 938 
4394 648 643 948 1139 
4395 733 995 996 997 
4396 743 842 1014 1112 
4397 817 775 1046 1081 
4398 496 338 1019 1160 
4399 554 1071 912 1108 
4400 194 193 192 811 
4401 214 220 223 978 
4402 953 982 745 1017 
4403 249 177 178 1177 
4404 632 680 927 1111 
4405 406 808 846 1072 
4406 846 938 321 1072 
4407 770 1023 828 1061 
4408 333 270 194 1020 
4409 163 147 838 1120 
4410 612 611 610 903 
4411 730 917 815 1152 
4412 886 923 765 1151 
4413 825 1015 888 1174 
4414 428 59 423 815 
4415 167 835 102 1159 
4416 823 987 886 1075 
4417 844 887 591 958 
4418 918 980 10 1079 
4419 813 770 1052 1053 
4420 785 936 817 1158 
4421 767 1104 800 1130 
4422 142 146 147 1150 
4423 610 903 611 1097 
4424 943 1124 894 1147 
4425 219 1069 512 1087 
4426 79 484 494 774 
4427 734 1015 1173 1174 
4428 972 1049 751 1143 
4429 813 947 885 1140 
4430 739 1097 903 1098 
4431 30 692 606 797 
4432 543 422 954 955 
4433 638 1138 974 1169 
4434 721 893 1088 1117 
4435 820 1028 864 1116 
4436 85 86 87 1145 
4437 120 121 122 937 
4438 727 881 880 1054 
4439 864 970 765 1075 
4440 345 996 995 997 
4441 819 743 1014 1164 
4442 285 417 290 976 
4443 922 1098 1026 1099 
4444 749 979 978 1062 
4445 161 949 173 1029 
4446 120 121 937 1146 
4447 29 770 857 1053 
4448 699 695 657 889 
4449 314 312 43 921 
4450 342 279 281 998 
4451 274 1013 191 1134 
4452 884 956 773 1082 
4453 734 1173 825 1174 
4454 908 956 939 1135 
4455 221 58 219 1069 
4456 730 843 917 1152 
4457 623 621 630 948 
4458 728 887 958 1064 
4459 370 415 362 1049 
4460 577 848 567 964 
4461 699 889 657 1043 
4462 286 291 280 930 
4463 663 654 626 951 
4464 592 573 905 964 
4465 820 736 1028 1116 
4466 860 895 729 1168 
4467 254 256 255 959 
4468 655 689 697 786 
4469 707 603 697 786 
4470 391 44 516 962 
4471 741 1010 884 1065 
4472 818 1028 736 1137 
4473 778 1005 869 1070 
4474 492 936 42 1166 
4475 454 344 61 923 
4476 992 1057 1019 1079 
4477 196 298 297 886 
4478 786 889 34 1042 
4479 638 974 1144 1169 
4480 565 539 767 984 
4481 118 869 119 1146 
4482 793 968 900 1073 
4483 629 1097 643 1139 
4484 788 968 1066 1073 
4485 562 548 547 1011 
4486 744 1020 867 1036 
4487 514 771 339 1107 
4488 737 809 1058 1086 
4489 678 31 797 1167 
4490 351 850 352 1153 
4491 675 685 29 797 
4492 709 595 656 1043 
4493 193 267 249 1093 
4494 761 1056 800 1069 
4495 401 400 212 1113 
4496 196 886 297 1151 
4497 205 834 323 1087 
4498 370 415 1049 1143 
4499 222 377 221 800 
4500 430 491 41 1038 
4501 109 993 107 1076 
4502 715 967 960 1104 
4503 270 334 517 867 
4504 365 920 489 1031 
4505 960 967 804 1104 
4506 312 301 180 1060 
4507 365 350 920 1129 
4508 690 1035 635 1118 
4509 334 42 535 1166 
4510 622 624 974 1125 
4511 901 924 513 1037 
4512 847 972 751 1143 
4513 212 44 962 968 
4514 733 1141 819 1164 
4515 528 961 389 1178 
4516 586 582 932 1048 
4517 469 978 979 1062 
4518 180 882 294 1060 
4519 517 334 458 867 
4520 749 812 1038 1155 
4521 679 632 680 927 
4522 609 629 922 1097 
4523 931 1115 1105 1185 
4524 716 822 1010 1092 
4525 103 257 495 814 
4526 599 697 689 786 
4527 288 289 916 1154 
4528 757 1061 1105 1115 
4529 917 942 815 1024 
4530 925 1119 1009 1143 
4531 47 451 264 909 
4532 786 951 889 1043 
4533 978 1069 761 1080 
4534 237 238 149 1017 
4535 289 158 288 916 
4536 714 956 884 1082 
4537 334 867 333 1166 
4538 592 575 577 905 
4539 667 652 653 951 
4540 743 1066 968 1073 
4541 402 60 1000 1110 
4542 644 625 610 903 
4543 549 544 537 933 
4544 104 105 102 1159 
4545 889 1043 951 1144 
4546 209 1078 98 1160 
4547 617 646 622 1125 
4548 551 842 555 1112 
4549 715 1014 819 1066 
4550 554 550 552 912 
4551 896 1093 935 1168 
4552 714 908 939 1181 
4553 256 311 378 1018 
4554 519 324 323 1087 
4555 467 881 468 1056 
4556 810 1051 930 1154 
4557 723 819 970 1141 
4558 737 963 1059 1128 
4559 225 902 224 1100 
4560 164 157 165 945 
4561 456 880 446 1009 
4562 857 1023 449 1100 
4563 325 899 455 1096 
4564 457 963 883 1083 
4565 870 754 1046 1084 
4566 556 962 1112 1113 
4567 521 417 418 976 
4568 268 343 376 853 
4569 372 382 498 845 
4570 750 1102 829 1175 
4571 444 909 263 1149 
4572 121 183 1025 1146 
4573 320 336 317 1004 
4574 259 163 266 1172 
4575 136 247 124 1095 
4576 988 1156 767 1157 
4577 858 731 1080 1101 
4578 354 353 355 971 
4579 974 1125 911 1136 
4580 108 107 993 1076 
4581 200 97 100 938 
4582 751 1009 1119 1143 
4583 148 166 296 987 
4584 168 169 154 1021 
4585 657 695 639 889 
4586 191 1013 178 1134 
4587 71 1049 972 1143 
4588 457 867 458 868 
4589 108 109 107 1076 
4590 125 1007 292 1121 
4591 631 642 630 999 
4592 850 971 776 1116 
4593 125 293 292 1007 
4594 566 582 580 932 
4595 737 1128 1059 1145 
4596 552 866 557 996 
4597 810 757 993 1076 
4598 1000 1066 772 1110 
4599 216 327 330 822 
4600 495 1052 257 1185 
4601 730 960 843 1152 
4602 73 841 893 1126 
4603 46 821 349 1129 
4604 646 911 619 1125 
4605 395 962 556 1113 
4606 571 1027 928 1178 
4607 254 311 256 1018 
4608 366 942 359 1024 
4609 829 1025 795 1102 
4610 703 635 633 1035 
4611 896 935 729 1168 
4612 636 1111 927 1139 
4613 438 56 416 1009 
4614 848 1064 771 1103 
4615 825 1173 1015 1174 
4616 922 927 739 1139 
4617 626 1125 951 1144 
4618 756 1010 822 1092 
4619 130 127 953 1171 
4620 271 246 126 981 
4621 804 967 960 1152 
4622 525 973 68 1182 
4623 636 632 927 1111 
4624 399 240 60 1110 
4625 294 180 159 882 
4626 249 248 202 896 
4627 768 1014 1011 1068 
4628 550 549 548 1011 
4629 551 1068 842 1112 
4630 129 122 247 937 
4631 657 889 639 1144 
4632 901 924 760 1167 
4633 754 1037 878 1084 
4634 995 996 346 1176 
4635 776 971 850 1123 
4636 645 633 614 911 
4637 789 1003 976 1041 
4638 924 1109 760 1167 
4639 758 997 912 1108 
4640 878 1037 754 1081 
4641 765 923 886 1141 
4642 703 635 1035 1118 
4643 222 984 426 1157 
4644 785 1089 977 1158 
4645 601 650 693 999 
4646 813 814 1052 1140 
4647 754 1081 1037 1126 
4648 87 1058 384 1145 
4649 621 948 618 1136 
4650 811 766 1093 1168 
4651 455 899 303 1096 
4652 967 1056 804 1104 
4653 630 623 948 1111 
4654 487 485 905 919 
4655 743 819 1014 1066 
4656 889 951 738 1144 
4657 663 667 595 951 
4658 659 609 629 922 
4659 31 847 791 901 
4660 283 282 284 1003 
4661 297 186 296 987 
4662 792 1059 1058 1086 
4663 372 478 382 845 
4664 755 1134 966 1177 
4665 733 873 996 1176 
4666 48 478 520 942 
4667 147 1040 148 1150 
4668 173 275 174 1029 
4669 460 51 217 1016 
4670 976 1003 807 1041 
4671 390 923 61 1176 
4672 384 209 385 1058 
4673 163 150 147 1040 
4674 243 241 201 1085 
4675 619 646 615 911 
4676 539 842 767 984 
4677 256 257 103 814 
4678 223 978 508 1038 
4679 937 1085 764 1095 
4680 740 1051 810 1131 
4681 455 899 325 1030 
4682 54 343 270 1020 
4683 874 935 729 981 
4684 842 1068 1014 1112 
4685 548 550 1011 1068 
4686 477 483 353 990 
4687 205 1069 214 1080 
4688 733 995 923 1176 
4689 856 888 1109 1167 
4690 295 921 312 1060 
4691 565 539 562 767 
4692 595 709 658 1043 
4693 792 1032 832 1086 
4694 188 886 298 1133 
4695 49 449 1023 1100 
4696 564 984 393 1001 
4697 729 935 896 981 
4698 788 968 900 1165 
4699 438 416 531 925 
4700 38 604 658 1043 
4701 436 560 541 845 
4702 537 547 548 1011 
4703 908 1135 939 1181 
4704 602 1042 889 1043 
4705 628 951 626 1125 
4706 179 203 204 1044 
4707 660 661 601 1026 
4708 718 1006 894 1124 
4709 883 963 9 1059 
4710 896 811 1093 1168 
4711 475 928 921 1132 
4712 957 1075 765 1151 
4713 72 1037 1081 1126 
4714 33 762 1138 1170 
4715 163 150 1040 1120 
4716 141 142 296 1150 
4717 737 1058 1059 1086 
4718 495 388 1052 1185 
4719 668 645 625 983 
4720 297 298 188 886 
4721 462 880 80 1054 
4722 461 59 428 815 
4723 786 889 1042 1043 
4724 645 983 597 1118 
4725 971 972 736 1142 
4726 345 347 996 997 
4727 435 936 433 1158 
4728 69 375 226 1100 
4729 888 1015 813 1174 
4730 760 1084 924 1088 
4731 288 285 289 1154 
4732 682 738 34 786 
4733 820 1116 776 1162 
4734 66 341 472 871 
4735 872 1012 745 1091 
4736 184 425 969 1039 
4737 730 955 954 1184 
4738 596 651 636 1139 
4739 333 334 270 867 
4740 818 1119 915 1122 
4741 737 973 1128 1145 
4742 877 1019 771 1107 
4743 316 877 318 1160 
4744 574 567 579 964 
4745 72 1037 878 1081 
4746 160 150 261 1040 
4747 349 920 350 1129 
4748 493 391 873 962 
4749 92 90 91 1033 
4750 476 429 812 891 
4751 28 777 375 946 
4752 720 947 1115 1140 
4753 234 121 183 1025 
4754 707 705 709 786 
4755 754 1037 1084 1088 
4756 567 577 578 848 
4757 798 1106 938 1124 
4758 760 1088 901 1117 
4759 171 155 957 1151 
4760 254 308 311 1018 
4761 888 1045 760 1167 
4762 309 378 172 931 
4763 150 160 155 1040 
4764 508 526 41 1038 
4765 761 978 1080 1101 
4766 852 741 980 1016 
4767 542 933 554 1071 
4768 752 934 894 1147 
4769 264 451 265 990 
4770 856 1053 857 1109 
4771 74 871 480 928 
4772 723 1073 819 1141 
4773 91 94 93 1033 
4774 455 383 303 899 
4775 939 1135 763 1181 
4776 245 248 246 981 
4777 819 1066 743 1073 
4778 269 227 194 1020 
4779 637 596 636 927 
4780 402 399 60 1110 
4781 387 527 62 961 
4782 469 526 978 1062 
4783 343 268 269 1020 
4784 686 637 692 927 
4785 8 73 875 1008 
4786 9 1059 963 1128 
4787 260 910 259 1173 
4788 259 163 910 1120 
4789 327 216 51 822 
4790 70 513 893 901 
4791 908 763 1135 1181 
4792 1095 1171 787 1175 
4793 582 584 580 906 
4794 539 562 767 842 
4795 929 1066 819 1073 
4796 668 597 645 983 
4797 160 232 155 957 
4798 213 491 199 1038 
4799 557 866 536 1112 
4800 732 1046 878 1084 
4801 703 690 635 1118 
4802 259 910 260 1120 
4803 57 496 1019 1160 
4804 776 1116 971 1162 
4805 264 263 444 909 
4806 260 1149 910 1173 
4807 175 177 201 966 
4808 249 896 202 1177 
4809 140 291 286 930 
4810 413 817 81 1081 
4811 332 50 331 1004 
4812 749 978 1038 1062 
4813 507 400 240 968 
4814 210 211 207 900 
4815 754 878 1046 1084 
4816 878 1037 924 1084 
4817 517 867 457 1083 
4818 819 1073 743 1164 
4819 502 791 31 972 
4820 182 199 173 949 
4821 817 1089 785 1158 
4822 765 886 1075 1141 
4823 452 327 822 919 
4824 260 1120 910 1149 
4825 57 496 338 1019 
4826 177 201 966 1177 
4827 736 972 971 1162 
4828 366 48 942 1184 
4829 184 101 425 1039 
4830 355 353 483 971 
4831 634 633 635 1035 
4832 31 901 791 1045 
4833 297 296 166 987 
4834 195 189 169 965 
4835 904 939 763 1181 
4836 877 958 728 1004 
4837 552 550 536 866 
4838 88 87 69 809 
4839 71 972 847 1143 
4840 750 1025 829 1102 
4841 658 709 38 1043 
4842 349 46 328 821 
4843 642 999 601 1111 
4844 296 148 987 1150 
4845 73 893 503 1126 
4846 336 499 64 846 
4847 76 503 75 1037 
4848 42 510 535 936 
4849 148 150 155 1040 
4850 212 962 395 1113 
4851 476 429 430 812 
4852 590 570 572 806 
4853 93 94 95 1106 
4854 98 861 316 1160 
4855 757 1105 931 1115 
4856 1019 1057 340 1079 
4857 587 585 808 932 
4858 292 941 113 1121 
4859 842 984 539 1001 
4860 74 523 480 871 
4861 72 524 878 1037 
4862 543 563 544 955 
4863 33 983 762 1170 
4864 281 279 277 998 
4865 765 1075 970 1141 
4866 328 46 218 821 
4867 219 205 512 1069 
4868 335 1047 1030 1048 
4869 573 20 1 487 
4870 758 1031 920 1129 
4871 886 1075 987 1151 
4872 168 306 169 965 
4873 386 281 314 898 
4874 895 994 729 1168 
4875 416 1009 369 1143 
4876 906 939 747 1135 
4877 593 578 848 1161 
4878 763 939 906 1135 
4879 224 225 94 902 
4880 813 1053 888 1109 
4881 888 1053 856 1109 
4882 819 1141 1073 1164 
4883 316 98 90 861 
4884 275 505 273 1114 
4885 858 1038 949 1155 
4886 232 233 198 1022 
4887 749 978 858 1038 
4888 366 520 359 942 
4889 838 1120 910 1172 
4890 594 837 961 1178 
4891 386 342 281 898 
4892 61 995 344 1176 
4893 756 1060 921 1132 
4894 161 231 182 949 
4895 92 91 93 1033 
4896 365 1129 1031 1179 
4897 179 294 159 882 
4898 47 909 501 1142 
4899 577 567 592 964 
4900 722 944 865 1102 
4901 350 351 352 1153 
4902 477 437 265 990 
4903 713 985 913 1067 
4904 531 78 438 925 
4905 939 956 747 1135 
4906 922 739 1097 1139 
4907 84 973 509 1145 
4908 28 857 777 946 
4909 321 938 200 1072 
4910 856 946 924 1109 
4911 629 611 643 1097 
4912 564 539 984 1001 
4913 70 497 511 847 
4914 781 895 1002 1094 
4915 607 605 28 797 
4916 207 900 211 1165 
4917 606 679 661 927 
4918 286 288 287 1154 
4919 669 903 33 983 
4920 716 1010 908 1092 
4921 858 978 749 1101 
4922 888 1045 825 1174 
4923 612 610 625 903 
4924 471 1156 988 1157 
4925 525 524 946 1182 
4926 901 760 1045 1167 
4927 34 1169 889 1170 
4928 147 150 148 1040 
4929 974 1138 738 1169 
4930 632 637 636 927 
4931 358 370 362 1049 
4932 829 787 1171 1175 
4933 373 955 382 1184 
4934 212 210 44 968 
4935 514 576 905 1103 
4936 754 1046 878 1081 
4937 73 875 841 1126 
4938 357 354 356 1123 
4939 628 652 951 1125 
4940 627 654 657 1144 
4941 948 1111 623 1139 
4942 261 1040 150 1120 
4943 618 948 616 1136 
4944 1073 1141 793 1164 
4945 49 381 425 969 
4946 329 1022 233 1153 
4947 671 922 608 1099 
4948 283 1003 285 1154 
4949 204 1044 472 1132 
4950 630 999 642 1111 
4951 536 866 1068 1112 
4952 745 823 1017 1091 
4953 538 997 347 1108 
4954 498 373 540 955 
4955 86 68 525 973 
4956 171 166 155 1151 
4957 69 226 224 1100 
4958 311 308 307 1018 
4959 463 423 59 815 
4960 34 738 682 1170 
4961 492 510 42 936 
4962 295 921 1060 1132 
4963 93 96 320 1106 
4964 383 302 303 1096 
4965 723 970 1075 1141 
4966 636 623 1111 1139 
4967 63 365 489 1031 
4968 210 207 206 900 
4969 481 423 463 954 
4970 443 825 444 1149 
4971 424 543 954 989 
4972 997 1108 758 1129 
4973 893 901 513 1037 
4974 365 350 489 920 
4975 576 577 905 1103 
4976 429 977 532 1114 
4977 190 205 214 1080 
4978 74 480 590 928 
4979 833 1091 1017 1165 
4980 545 563 543 803 
4981 25 585 583 808 
4982 28 856 29 857 
4983 354 355 356 971 
4984 645 597 703 1118 
4985 204 294 1060 1132 
4986 771 958 877 1107 
4987 50 319 877 1107 
4988 930 1051 759 1154 
4989 372 421 419 1031 
4990 73 841 78 893 
4991 90 98 89 861 
4992 113 292 140 941 
4993 327 51 452 822 
4994 565 564 984 1157 
4995 834 1069 800 1087 
4996 156 276 143 975 
4997 59 461 462 1054 
4998 838 753 1090 1120 
4999 176 191 178 1134 
5000 732 878 1046 1055 
5001 775 1046 878 1055 
5002 614 633 619 911 
5003 161 182 173 949 
5004 594 568 837 1178 
5005 756 908 1010 1092 
5006 736 909 990 1142 
5007 94 225 448 902 
5008 652 646 619 1125 
5009 788 1066 929 1073 
5010 71 31 847 972 
5011 5 988 804 1056 
5012 621 618 620 1136 
5013 313 812 429 1114 
5014 223 230 190 1080 
5015 316 50 318 877 
5016 745 1017 833 1091 
5017 1058 1059 55 1145 
5018 503 73 78 893 
5019 546 565 1156 1157 
5020 369 416 56 1009 
5021 754 893 1037 1088 
5022 429 532 977 1008 
5023 689 635 690 1035 
5024 568 584 906 1034 
5025 103 1015 442 1173 
5026 492 42 414 1166 
5027 405 407 587 1183 
5028 84 1128 82 1182 
5029 111 113 140 941 
5030 366 367 48 1184 
5031 133 151 293 1007 
5032 512 52 222 1087 
5033 288 283 285 1154 
5034 641 974 638 1138 
5035 861 1078 769 1160 
5036 303 302 167 1096 
5037 65 899 455 1183 
5038 220 214 58 1069 
5039 399 306 240 1110 
5040 736 990 971 1142 
5041 479 330 67 859 
5042 496 1078 209 1160 
5043 510 492 433 936 
5044 348 347 997 1108 
5045 456 80 446 880 
5046 310 309 106 1105 
5047 274 191 273 1134 
5048 634 655 653 1035 
5049 575 514 576 905 
5050 586 932 1047 1048 
5051 678 797 660 1026 
5052 589 1034 568 1178 
5053 974 738 1144 1169 
5054 573 487 575 905 
5055 29 770 381 1023 
5056 365 349 350 1129 
5057 673 889 684 1042 
5058 769 1019 877 1160 
5059 72 1081 878 1182 
5060 435 868 535 936 
5061 542 549 554 933 
5062 648 616 618 948 
5063 749 1038 858 1155 
5064 469 978 468 979 
5065 285 284 417 1003 
5066 43 312 295 921 
5067 733 996 995 1176 
5068 29 381 770 1185 
5069 654 663 658 1043 
5070 782 1124 943 1147 
5071 614 619 615 911 
5072 671 1098 922 1099 
5073 723 1075 886 1141 
5074 453 980 918 1016 
5075 255 253 254 959 
5076 740 991 914 1051 
5077 195 965 306 1110 
5078 504 883 410 1059 
5079 235 183 250 1025 
5080 837 906 588 1048 
5081 570 574 572 806 
5082 318 50 319 877 
5083 260 259 258 1173 
5084 107 105 993 1159 
5085 738 1169 1138 1170 
5086 938 1106 782 1124 
5087 383 455 65 899 
5088 541 371 436 1179 
5089 906 747 1034 1135 
5090 333 194 192 1166 
5091 2 989 5 1156 
5092 732 1046 940 1055 
5093 940 1046 775 1055 
5094 602 684 889 1042 
5095 121 119 183 1146 
5096 537 563 545 803 
5097 122 123 124 1171 
5098 127 299 130 953 
5099 623 618 621 948 
5100 577 593 848 1103 
5101 878 1046 775 1081 
5102 430 429 313 812 
5103 706 705 707 1042 
5104 537 803 545 1156 
5105 236 132 128 950 
5106 638 974 624 1144 
5107 838 1090 910 1120 
5108 156 180 276 975 
5109 736 1116 820 1162 
5110 322 383 65 1072 
5111 606 660 31 797 
5112 536 1068 551 1112 
5113 910 1090 753 1120 
5114 566 581 585 887 
5115 162 161 173 1029 
5116 648 948 623 1139 
5117 624 620 622 974 
5118 900 968 788 1073 
5119 465 980 792 1079 
5120 45 521 522 1048 
5121 548 549 537 1011 
5122 496 209 98 1160 
5123 45 522 1030 1048 
5124 84 509 1128 1145 
5125 331 50 317 1004 
5126 399 402 519 1110 
5127 223 508 213 1038 
5128 459 852 490 1083 
5129 817 875 1089 1158 
5130 97 938 96 1106 
5131 483 477 451 990 
5132 107 304 105 1159 
5133 108 172 110 1076 
5134 426 222 52 984 
5135 499 321 64 846 
5136 332 958 534 1107 
5137 212 507 210 968 
5138 324 402 404 1001 
5139 274 414 191 1013 
5140 329 233 437 1153 
5141 745 1091 833 1163 
5142 379 931 309 1105 
5143 652 667 628 951 
5144 127 131 299 953 
5145 274 505 53 977 
5146 299 300 149 1017 
5147 545 543 424 989 
5148 56 456 446 1009 
5149 53 429 532 1114 
5150 530 976 45 1030 
5151 588 906 582 1048 
5152 878 775 1055 1182 
5153 366 361 461 1024 
5154 298 454 390 923 
5155 192 178 191 1013 
5156 188 206 187 1133 
5157 495 257 388 1185 
5158 10 459 457 883 
5159 951 1035 738 1125 
5160 171 155 232 957 
5161 84 973 1128 1182 
5162 389 961 387 1027 
5163 770 969 1023 1061 
5164 746 1023 969 1061 
5165 105 106 107 993 
5166 608 609 659 922 
5167 642 631 649 999 
5168 587 25 405 808 
5169 886 765 1075 1151 
5170 120 122 129 937 
5171 760 901 1045 1117 
5172 935 1093 766 1168 
5173 322 1072 65 1183 
5174 910 1120 753 1149 
5175 878 1081 775 1182 
5176 752 894 1124 1147 
5177 777 857 28 1100 
5178 663 626 628 951 
5179 715 1014 1066 1130 
5180 292 113 115 1121 
5181 89 384 87 1058 
5182 509 973 85 1145 
5183 574 859 573 964 
5184 289 304 158 916 
5185 774 1009 925 1119 
5186 911 974 738 1125 
5187 641 647 638 974 
5188 644 598 704 1098 
5189 465 504 792 980 
5190 257 931 379 1185 
5191 1071 1108 541 1179 
5192 899 1072 808 1183 
5193 566 580 581 1161 
5194 695 684 640 889 
5195 469 526 508 978 
5196 447 844 64 846 
5197 679 692 637 927 
5198 480 479 570 871 
5199 130 124 127 1171 
5200 639 1144 889 1169 
5201 82 1081 72 1182 
5202 921 928 475 1027 
5203 46 345 995 997 
5204 547 537 545 1156 
5205 201 1085 966 1177 
5206 632 679 637 927 
5207 439 1000 400 1113 
5208 467 5 881 1056 
5209 654 627 626 1144 
5210 736 971 1116 1162 
5211 295 1060 294 1132 
5212 203 215 216 1044 
5213 322 321 200 1072 
5214 644 1097 598 1098 
5215 10 883 792 980 
5216 911 762 974 1136 
5217 636 623 632 1111 
5218 106 108 107 993 
5219 592 573 575 905 
5220 600 1138 638 1169 
5221 747 1027 961 1178 
5222 412 413 82 1128 
5223 587 585 25 808 
5224 355 971 483 1142 
5225 708 687 710 1042 
5226 601 642 650 999 
5227 775 1128 973 1182 
5228 502 501 909 1142 
5229 758 1031 1129 1179 
5230 483 990 451 1142 
5231 740 991 1051 1131 
5232 758 1129 1108 1179 
5233 111 109 110 1076 
5234 771 1103 958 1107 
5235 496 318 338 1160 
5236 462 446 80 880 
5237 910 1090 838 1172 
5238 515 534 576 1103 
5239 375 777 28 1100 
5240 676 786 34 1042 
5241 666 762 33 999 
5242 593 578 577 848 
5243 368 352 354 1123 
5244 129 243 244 1085 
5245 57 1078 496 1160 
5246 347 16 996 997 
5247 358 356 370 1049 
5248 760 1045 888 1174 
5249 371 18 17 541 
5250 204 472 341 1132 
5251 541 845 560 1071 
5252 84 1128 973 1145 
5253 651 629 643 1139 
5254 538 996 16 997 
5255 770 1052 29 1185 
5256 856 924 3 1167 
5257 30 1015 825 1173 
5258 463 804 5 989 
5259 365 1031 63 1179 
5260 379 378 309 931 
5261 136 242 247 1095 
5262 504 410 385 1059 
5263 617 616 615 1136 
5264 162 173 174 1029 
5265 328 218 198 1022 
5266 609 922 598 1097 
5267 85 87 384 1145 
5268 103 442 258 1173 
5269 45 530 290 976 
5270 364 972 971 1142 
5271 992 1019 769 1079 
5272 622 628 626 1125 
5273 489 419 63 1031 
5274 644 610 598 1097 
5275 274 53 434 977 
5276 8 817 435 1158 
5277 440 558 873 996 
5278 473 26 474 844 
5279 856 1109 924 1167 
5280 234 183 235 1025 
5281 655 635 689 1035 
5282 504 792 10 883 
5283 697 603 655 786 
5284 536 551 555 1112 
5285 35 700 706 702 
5286 626 627 624 1144 
5287 924 1084 760 1109 
5288 639 638 1144 1169 
5289 260 261 1120 1149 
5290 598 1097 922 1098 
5291 114 229 116 1005 
5292 5 804 988 989 
5293 403 1001 1000 1113 
5294 683 676 700 786 
5295 61 390 454 923 
5296 236 146 132 950 
5297 259 266 253 1172 
5298 359 358 361 1024 
5299 647 620 624 974 
5300 80 456 79 880 
5301 11 1057 918 1079 
5302 80 881 464 1054 
5303 452 506 327 919 
5304 38 710 604 1043 
5305 739 999 948 1111 
5306 8 817 875 1126 
5307 340 1019 339 1057 
5308 529 54 517 1083 
5309 396 837 398 961 
5310 167 102 105 1159 
5311 334 333 42 1166 
5312 171 197 196 1151 
5313 125 133 293 1007 
5314 745 872 1091 1163 
5315 538 912 996 997 
5316 917 843 1148 1152 
5317 74 341 523 871 
5318 11 905 919 1057 
5319 174 273 176 1134 
5320 228 267 227 1093 
5321 31 513 901 1167 
5322 383 322 200 1072 
5323 33 670 691 1098 
5324 125 115 117 1121 
5325 25 583 447 808 
5326 29 449 857 1023 
5327 422 955 374 1184 
5328 378 379 257 931 
5329 972 1049 971 1162 
5330 751 1049 972 1162 
5331 465 792 1078 1079 
5332 30 888 825 1015 
5333 10 792 504 980 
5334 658 663 595 1043 
5335 710 38 705 1043 
5336 325 455 303 1096 
5337 370 1049 71 1143 
5338 705 38 709 1043 
5339 31 791 445 1045 
5340 259 260 163 1120 
5341 581 591 887 1103 
5342 166 196 297 1151 
5343 523 341 66 871 
5344 825 1149 443 1173 
5345 242 243 247 1095 
5346 546 565 547 1156 
5347 195 169 306 965 
5348 493 391 392 873 
5349 283 288 286 1154 
5350 72 76 1037 1126 
5351 594 837 396 961 
5352 917 1148 727 1152 
5353 231 154 170 1021 
5354 505 53 977 1114 
5355 30 825 888 1045 
5356 644 670 903 1098 
5357 84 68 973 1182 
5358 192 1013 414 1166 
5359 379 931 1105 1185 
5360 346 996 440 1176 
5361 425 101 99 1039 
5362 464 5 463 881 
5363 303 305 325 1096 
5364 804 1056 988 1104 
5365 988 1056 800 1104 
5366 28 856 857 946 
5367 623 648 618 948 
5368 3 924 856 946 
5369 389 1027 326 1178 
5370 29 1052 770 1053 
5371 636 648 623 1139 
5372 341 871 74 1132 
5373 606 692 679 927 
5374 664 1169 674 1170 
5375 48 520 366 942 
5376 608 598 609 922 
5377 973 1055 775 1182 
5378 364 971 972 1049 
5379 473 447 26 583 
5380 675 605 659 922 
5381 693 677 601 1026 
5382 271 245 246 981 
5383 213 508 41 1038 
5384 264 501 47 909 
5385 738 1125 974 1144 
5386 384 1058 55 1145 
5387 513 518 893 1037 
5388 49 225 449 1100 
5389 470 221 377 988 
5390 373 374 540 955 
5391 544 542 540 955 
5392 366 359 361 1024 
5393 33 691 694 999 
5394 521 45 417 976 
5395 321 96 97 938 
5396 393 984 324 1001 
5397 447 427 64 844 
5398 927 1111 739 1139 
5399 758 1108 1071 1179 
5400 594 961 528 1178 
5401 264 444 501 909 
5402 660 601 677 1026 
5403 971 1049 776 1162 
5404 118 119 120 1146 
5405 303 167 305 1096 
5406 493 392 440 873 
5407 535 435 458 868 
5408 237 149 300 1017 
5409 433 435 510 936 
5410 771 1019 992 1057 
5411 67 486 479 859 
5412 579 584 572 1034 
5413 52 323 324 1087 
5414 30 606 31 1167 
5415 639 889 640 1169 
5416 858 1080 978 1101 
5417 542 544 549 933 
5418 214 223 190 1080 
5419 28 525 3 946 
5420 212 400 507 968 
5421 226 225 224 1100 
5422 17 1108 348 1179 
5423 608 671 598 922 
5424 403 553 1001 1113 
5425 476 429 891 1008 
5426 922 1097 739 1098 
5427 671 608 607 1099 
5428 167 105 304 1159 
5429 548 551 550 1068 
5430 204 295 294 1132 
5431 642 601 680 1111 
5432 486 487 573 859 
5433 453 460 980 1016 
5434 657 639 627 1144 
5435 517 458 457 867 
5436 937 1095 764 1175 
5437 640 639 695 889 
5438 73 7 841 1008 
5439 426 984 564 1157 
5440 392 390 61 1176 
5441 169 170 154 1021 
5442 508 223 220 978 
5443 346 995 345 996 
5444 479 486 20 859 
5445 207 211 237 1165 
5446 424 2 545 989 
5447 30 441 29 888 
5448 85 509 84 973 
5449 26 569 474 844 
5450 605 29 28 856 
5451 598 922 671 1098 
5452 699 602 889 1043 
5453 205 323 512 1087 
5454 550 551 536 1068 
5455 70 513 518 893 
5456 74 928 475 1132 
5457 727 1148 967 1152 
5458 568 589 584 1034 
5459 440 346 558 996 
5460 638 624 627 1144 
5461 324 393 52 984 
5462 135 229 114 1005 
5463 568 584 582 906 
5464 408 1030 1047 1183 
5465 373 19 18 540 
5466 1 514 575 905 
5467 34 682 681 1170 
5468 527 396 398 961 
5469 199 313 275 1114 
5470 588 837 568 906 
5471 285 283 284 1003 
5472 514 905 420 1057 
5473 82 72 83 1182 
5474 6 881 880 979 
5475 628 667 663 951 
5476 682 690 696 1118 
5477 103 495 442 1015 
5478 214 205 219 1069 
5479 188 298 208 1133 
5480 345 218 46 995 
5481 538 912 997 1108 
5482 673 34 889 1042 
5483 538 912 552 996 
5484 432 977 1008 1158 
5485 560 540 542 955 
5486 49 449 381 1023 
5487 738 889 1144 1169 
5488 335 24 1047 1048 
5489 951 1125 738 1144 
5490 239 211 240 1165 
5491 486 67 485 919 
5492 482 385 209 1078 
5493 408 899 1030 1183 
5494 630 642 680 1111 
5495 389 387 315 1027 
5496 194 227 193 1093 
5497 587 566 585 932 
5498 470 988 377 1157 
5499 602 710 687 1042 
5500 452 453 918 1016 
5501 63 419 421 1031 
5502 11 919 918 1057 
5503 425 99 448 1039 
5504 128 127 123 1171 
5505 163 261 150 1120 
5506 406 846 321 1072 
5507 628 646 652 1125 
5508 591 844 585 887 
5509 360 368 357 1123 
5510 30 445 825 1045 
5511 72 878 524 1182 
5512 415 416 369 1143 
5513 50 533 319 1107 
5514 410 883 9 1059 
5515 467 6 468 881 
5516 555 842 561 1112 
5517 406 808 447 846 
5518 8 875 817 1158 
5519 84 83 68 1182 
5520 739 1111 948 1139 
5521 50 332 533 1107 
5522 233 329 328 1022 
5523 45 290 417 976 
5524 296 142 148 1150 
5525 609 611 629 1097 
5526 399 195 306 1110 
5527 465 792 504 1078 
5528 249 202 177 1177 
5529 9 411 1059 1128 
5530 699 602 695 889 
5531 468 469 220 978 
5532 347 997 46 1129 
5533 602 684 695 889 
5534 56 446 369 1009 
5535 312 180 294 1060 
5536 588 522 397 1048 
5537 70 511 513 901 
5538 55 384 385 1058 
5539 575 576 577 905 
5540 85 384 55 1145 
5541 737 1059 1058 1145 
5542 32 678 1026 1099 
5543 569 844 591 958 
5544 467 221 988 1056 
5545 32 1026 691 1098 
5546 364 356 971 1049 
5547 321 97 200 938 
5548 573 574 570 859 
5549 252 266 146 1172 
5550 624 638 647 974 
5551 617 618 616 1136 
5552 664 34 33 1170 
5553 575 487 1 905 
5554 514 515 576 1103 
5555 49 425 448 1039 
5556 370 71 415 1143 
5557 655 634 635 1035 
5558 409 502 972 1142 
5559 475 921 295 1132 
5560 260 263 261 1149 
5561 217 490 460 852 
5562 557 556 394 962 
5563 6 468 881 979 
5564 608 659 605 922 
5565 639 600 638 1169 
5566 641 638 600 1138 
5567 380 1105 969 1185 
5568 269 194 270 1020 
5569 558 557 873 996 
5570 669 625 644 903 
5571 411 1059 1128 1145 
5572 398 396 397 837 
5573 476 430 526 1062 
5574 17 541 1108 1179 
5575 485 67 506 919 
5576 569 581 593 1103 
5577 678 31 660 797 
5578 34 674 889 1169 
5579 493 15 557 873 
5580 654 604 657 1043 
5581 673 684 687 1042 
5582 508 220 469 978 
5583 34 681 33 1170 
5584 401 212 395 1113 
5585 317 336 331 1004 
5586 586 1047 24 1048 
5587 593 581 578 1161 
5588 572 571 928 1034 
5589 192 191 414 1013 
5590 95 97 96 1106 
5591 620 618 617 1136 
5592 43 921 475 1027 
5593 388 29 1052 1185 
5594 669 625 903 983 
5595 496 57 209 1078 
5596 705 1042 710 1043 
5597 630 632 623 1111 
5598 471 546 1156 1157 
5599 9 963 868 1128 
5600 441 1015 495 1052 
5601 473 583 26 844 
5602 649 650 642 999 
5603 511 847 31 901 
5604 10 459 883 980 
5605 8 81 817 1126 
5606 602 687 684 1042 
5607 693 650 694 999 
5608 670 32 691 1098 
5609 678 32 3 1099 
5610 480 66 479 871 
5611 571 928 1034 1178 
5612 399 519 195 1110 
5613 707 35 706 702 
5614 30 442 1015 1173 
5615 676 4 706 1042 
5616 1026 1098 32 1099 
5617 7 77 841 891 
5618 120 119 121 1146 
5619 142 147 148 1150 
5620 339 319 515 1107 
5621 453 10 918 980 
5622 34 674 1169 1170 
5623 690 597 696 1118 
5624 108 110 109 1076 
5625 648 651 643 1139 
5626 355 409 971 1142 
5627 440 873 392 1176 
5628 33 1138 665 1170 
5629 295 312 294 1060 
5630 570 479 20 859 
5631 555 551 561 842 
5632 464 6 5 881 
5633 406 64 321 846 
5634 690 703 597 1118 
5635 30 441 888 1015 
5636 569 534 332 958 
5637 29 380 381 1185 
5638 705 706 708 1042 
5639 83 84 82 1182 
5640 571 326 928 1027 
5641 658 595 38 709 
5642 710 699 604 1043 
5643 243 201 244 1085 
5644 84 412 82 1128 
5645 11 420 905 1057 
5646 502 31 409 972 
5647 177 202 201 1177 
5648 514 339 515 1107 
5649 340 1057 11 1079 
5650 513 75 518 1037 
5651 395 394 556 962 
5652 432 434 977 1158 
5653 490 459 460 852 
5654 31 3 513 1167 
5655 841 7 891 1008 
5656 628 622 646 1125 
5657 214 219 58 1069 
5658 292 115 125 1121 
5659 532 434 53 977 
5660 270 343 269 1020 
5661 227 267 193 1093 
5662 7 494 77 891 
5663 32 672 3 1099 
5664 571 326 1027 1178 
5665 80 880 6 881 
5666 410 55 385 1059 
5667 265 451 477 990 
5668 669 670 33 903 
5669 693 694 691 999 
5670 502 445 31 791 
5671 380 184 969 1105 
5672 639 638 627 1144 
5673 380 29 388 1185 
5674 640 889 674 1169 
5675 333 192 414 1166 
5676 567 574 592 964 
5677 389 528 387 961 
5678 464 463 59 1054 
5679 29 381 449 1023 
5680 260 261 163 1120 
5681 98 316 318 1160 
5682 2 5 471 1156 
5683 221 467 58 1056 
5684 203 472 204 1044 
5685 539 551 562 842 
5686 345 16 346 996 
5687 424 543 422 954 
5688 78 73 77 841 
5689 552 536 557 866 
5690 72 524 83 1182 
5691 392 61 500 1176 
5692 381 184 425 969 
5693 377 222 426 1157 
5694 373 374 955 1184 
5695 350 329 351 1153 
5696 79 6 880 979 
5697 610 611 609 1097 
5698 524 525 68 1182 
5699 640 684 674 889 
5700 586 932 587 1047 
5701 380 310 184 1105 
5702 346 344 995 1176 
5703 364 972 71 1049 
5704 71 364 31 972 
5705 529 490 54 1083 
5706 73 8 875 1126 
5707 68 85 84 973 
5708 71 511 497 847 
5709 364 356 355 971 
5710 453 10 11 918 
5711 60 400 439 1000 
5712 558 552 557 996 
5713 253 266 252 1172 
5714 405 1072 322 1183 
5715 452 51 453 1016 
5716 410 10 9 883 
5717 21 590 571 928 
5718 586 582 566 932 
5719 470 471 5 988 
5720 682 1118 681 1170 
5721 226 375 28 1100 
5722 525 28 375 946 
5723 469 979 431 1062 
5724 681 1118 983 1170 
5725 471 988 470 1157 
5726 58 467 468 1056 
5727 588 568 582 906 
5728 561 842 539 1001 
5729 590 21 74 928 
5730 502 47 501 1142 
5731 9 868 412 1128 
5732 449 28 29 857 
5733 348 17 347 1108 
5734 476 431 891 1062 
5735 313 429 53 1114 
5736 6 467 5 881 
5737 497 71 847 1143 
5738 368 354 357 1123 
5739 166 171 196 1151 
5740 379 309 310 1105 
5741 465 504 482 1078 
5742 55 1059 411 1145 
5743 708 706 4 1042 
5744 423 954 422 1184 
5745 666 33 694 999 
5746 583 26 25 447 
5747 422 19 374 955 
5748 95 96 93 1106 
5749 538 347 17 1108 
5750 569 576 534 1103 
5751 439 400 401 1113 
5752 588 396 594 837 
5753 239 237 211 1165 
5754 591 26 583 844 
5755 432 977 532 1008 
5756 273 191 176 1134 
5757 561 539 13 1001 
5758 594 23 22 396 
5759 559 1071 554 1108 
5760 335 1030 522 1048 
5761 696 681 682 1118 
5762 460 453 51 1016 
5763 340 338 339 1019 
5764 72 1081 81 1126 
5765 541 371 18 436 
5766 584 589 572 1034 
5767 485 1 487 905 
5768 648 636 651 1139 
5769 529 459 490 1083 
5770 455 408 899 1030 
5771 457 883 459 1083 
5772 609 598 610 1097 
5773 510 435 535 936 
5774 424 5 2 989 
5775 388 257 379 1185 
5776 20 486 573 859 
5777 588 24 522 1048 
5778 212 44 395 962 
5779 30 825 443 1173 
5780 31 511 71 847 
5781 348 1129 365 1179 
5782 708 40 710 687 
5783 31 364 409 972 
5784 7 77 73 841 
5785 98 318 496 1160 
5786 528 527 387 961 
5787 669 668 625 983 
5788 402 1000 403 1001 
5789 123 127 124 1171 
5790 878 924 3 946 
5791 213 41 491 1038 
5792 440 16 15 558 
5793 688 687 708 1042 
5794 408 455 899 1183 
5795 10 457 9 883 
5796 339 514 420 1057 
5797 341 74 295 1132 
5798 233 328 198 1022 
5799 471 12 2 546 
5800 678 3 31 1167 
5801 3 878 524 1037 
5802 23 397 396 837 
5803 493 440 15 873 
5804 500 346 440 1176 
5805 75 72 76 1037 
5806 351 329 437 1153 
5807 444 30 445 825 
5808 26 591 569 844 
5809 43 295 475 921 
5810 466 482 1078 1079 
5811 209 57 482 1078 
5812 208 516 206 1133 
5813 557 15 558 873 
5814 260 443 1149 1173 
5815 452 918 11 919 
5816 709 36 707 603 
5817 35 700 676 706 
5818 68 86 85 973 
5819 641 600 701 1138 
5820 423 422 367 1184 
5821 570 21 20 480 
5822 424 954 481 989 
5823 47 483 451 1142 
5824 571 1034 589 1178 
5825 66 480 523 871 
5826 673 674 684 889 
5827 72 82 81 1081 
5828 348 997 347 1129 
5829 403 439 553 1113 
5830 28 857 449 1100 
5831 347 538 16 997 
5832 373 382 374 1184 
5833 443 444 263 1149 
5834 31 901 1045 1167 
5835 432 434 532 977 
5836 11 420 1 905 
5837 600 639 640 1169 
5838 524 68 83 1182 
5839 688 34 673 1042 
5840 578 580 579 1161 
5841 588 586 24 1048 
5842 420 514 1 905 
5843 82 413 81 1081 
5844 680 632 630 1111 
5845 389 22 528 1178 
5846 188 208 206 1133 
5847 9 457 868 963 
5848 345 347 16 996 
5849 3 924 878 1037 
5850 440 558 15 873 
5851 485 11 1 905 
5852 571 590 572 928 
5853 323 52 512 1087 
5854 558 346 16 996 
5855 411 1128 509 1145 
5856 564 13 539 1001 
5857 556 557 536 1112 
5858 55 509 85 1145 
5859 319 533 515 1107 
5860 45 522 335 1030 
5861 14 439 553 403 
5862 8 435 433 1158 
5863 19 540 374 955 
5864 649 666 650 999 
5865 529 457 459 1083 
5866 564 426 393 984 
5867 505 275 313 1114 
5868 3 524 878 946 
5869 572 589 571 1034 
5870 594 396 528 961 
5871 513 511 31 901 
5872 658 604 654 1043 
5873 564 393 13 1001 
5874 566 587 586 932 
5875 364 370 356 1049 
5876 33 32 691 670 
5877 665 666 701 1138 
5878 470 467 221 988 
5879 571 326 21 928 
5880 26 569 332 474 
5881 10 460 459 980 
5882 505 313 53 1114 
5883 693 691 677 1026 
5884 407 24 25 587 
5885 413 8 81 817 
5886 604 699 657 1043 
5887 216 472 203 1044 
5888 441 495 388 1052 
5889 469 431 526 1062 
5890 422 543 19 955 
5891 57 1019 466 1079 
5892 32 1098 671 1099 
5893 9 883 457 963 
5894 403 1000 439 1113 
5895 573 570 20 859 
5896 21 475 74 928 
5897 591 585 581 887 
5898 5 424 481 989 
5899 370 364 71 1049 
5900 22 21 571 326 
5901 341 295 204 1132 
5902 476 891 7 1008 
5903 406 321 322 1072 
5904 602 710 40 687 
5905 37 709 656 603 
5906 581 580 578 1161 
5907 30 442 441 1015 
5908 412 9 413 868 
5909 481 463 5 989 
5910 664 1138 1169 1170 
5911 395 556 14 1113 
5912 76 81 73 1126 
5913 707 36 35 702 
5914 586 588 582 1048 
5915 333 414 42 1166 
5916 475 21 326 928 
5917 465 466 11 1079 
5918 380 379 1105 1185 
5919 335 522 24 1048 
5920 444 443 30 825 
5921 410 9 411 1059 
5922 364 971 409 1142 
5923 80 79 6 880 
5924 464 462 80 1054 
5925 553 561 13 1001 
5926 592 574 573 964 
5927 364 409 972 1142 
5928 407 24 587 1047 
5929 485 11 905 919 
5930 408 65 455 1183 
5931 565 564 539 984 
5932 365 63 488 1179 
5933 569 27 26 534 
5934 588 594 568 837 
5935 465 10 980 1079 
5936 346 61 344 1176 
5937 38 39 604 710 
5938 2 543 424 545 
5939 27 1 514 576 
5940 23 588 397 837 
5941 709 37 36 603 
5942 673 34 674 889 
5943 453 11 452 918 
5944 61 346 500 1176 
5945 546 2 471 1156 
5946 669 644 670 903 
5947 466 482 57 1078 
5948 260 258 443 1173 
5949 406 447 64 846 
5950 436 18 560 498 
5951 465 1078 482 1079 
5952 467 988 5 1056 
5953 344 218 345 995 
5954 57 466 1078 1079 
5955 33 665 664 1170 
5956 405 407 25 587 
5957 17 371 541 1179 
5958 389 326 22 1178 
5959 30 443 442 1173 
5960 581 569 591 1103 
5961 382 48 374 1184 
5962 40 39 710 602 
5963 497 416 415 1143 
5964 429 432 532 1008 
5965 441 442 495 1015 
5966 598 671 704 1098 
5967 432 433 434 1158 
5968 441 1052 29 1053 
5969 553 13 14 403 
5970 598 607 671 608 
5971 348 347 46 1129 
5972 411 9 412 1128 
5973 555 561 553 1112 
5974 335 530 45 1030 
5975 513 924 3 1037 
5976 554 552 538 912 
5977 73 81 8 1126 
5978 74 475 295 1132 
5979 17 541 559 1108 
5980 379 310 380 1105 
5981 538 16 17 347 
5982 15 394 493 557 
5983 466 340 11 1079 
5984 538 552 558 996 
5985 514 1 575 576 
5986 556 1112 553 1113 
5987 408 1030 335 1047 
5988 80 6 464 881 
5989 14 553 439 1113 
5990 19 2 543 424 
5991 23 396 588 837 
5992 401 395 14 1113 
5993 538 558 16 996 
5994 33 681 983 1170 
5995 381 380 184 969 
5996 528 396 527 961 
5997 670 671 32 1098 
5998 72 81 76 1126 
5999 226 449 225 1100 
6000 403 402 60 1000 
6001 588 24 23 522 
6002 20 570 480 479 
6003 678 660 677 1026 
6004 559 541 1071 1108 
6005 411 84 509 1128 
6006 500 440 392 1176 
6007 665 1138 664 1170 
6008 17 559 538 1108 
6009 403 553 13 1001 
6010 493 394 391 962 
6011 226 28 449 1100 
6012 326 475 928 1027 
6013 408 335 24 1047 
6014 395 394 14 556 
6015 332 534 533 1107 
6016 46 347 345 997 
6017 405 322 65 1183 
6018 9 457 458 868 
6019 355 409 364 971 
6020 393 13 12 564 
6021 543 544 540 955 
6022 46 349 348 1129 
6023 504 10 410 883 
6024 577 576 593 1103 
6025 466 1019 340 1079 
6026 543 540 19 955 
6027 530 335 325 1030 
6028 590 74 21 480 
6029 72 3 524 1037 
6030 546 545 2 1156 
6031 586 587 24 1047 
6032 393 324 404 1001 
6033 708 710 705 1042 
6034 394 15 14 556 
6035 688 708 4 1042 
6036 529 517 457 1083 
6037 576 515 27 534 
6038 455 325 335 1030 
6039 73 503 76 1126 
6040 14 439 401 1113 
6041 595 37 38 709 
6042 509 55 411 1145 
6043 583 585 591 844 
6044 348 349 365 1129 
6045 407 408 24 1047 
6046 17 348 488 1179 
6047 380 388 379 1185 
6048 709 595 37 656 
6049 485 506 452 919 
6050 332 569 26 534 
6051 555 556 536 1112 
6052 476 526 431 1062 
6053 699 710 39 602 
6054 258 442 443 1173 
6055 431 469 6 979 
6056 443 263 260 1149 
6057 710 39 604 699 
6058 464 59 462 1054 
6059 688 40 708 687 
6060 374 19 373 540 
6061 555 553 556 1112 
6062 391 394 44 962 
6063 497 415 71 1143 
6064 34 664 674 1170 
6065 429 7 432 1008 
6066 17 488 371 1179 
6067 594 528 22 1178 
6068 420 340 339 1057 
6069 6 469 468 979 
6070 528 594 22 396 
6071 704 671 670 1098 
6072 43 326 315 1027 
6073 559 542 554 1071 
6074 558 440 16 346 
6075 12 546 471 1157 
6076 346 344 345 995 
6077 465 10 504 980 
6078 476 7 429 1008 
6079 471 470 377 1157 
6080 426 12 377 1157 
6081 75 3 72 1037 
6082 597 983 681 1118 
6083 371 488 421 1179 
6084 3 525 524 946 
6085 668 681 597 983 
6086 453 460 10 980 
6087 322 405 406 1072 
6088 670 644 704 1098 
6089 15 394 557 556 
6090 694 650 666 999 
6091 393 426 52 984 
6092 488 348 365 1179 
6093 426 564 12 1157 
6094 13 393 404 1001 
6095 22 326 571 1178 
6096 4 35 676 706 
6097 600 664 1138 1169 
6098 546 564 565 1157 
6099 393 12 426 564 
6100 539 561 551 842 
6101 355 483 409 1142 
6102 441 388 29 1052 
6103 575 573 1 487 
6104 481 424 423 954 
6105 397 588 23 522 
6106 410 411 55 1059 
6107 545 546 547 1156 
6108 701 600 665 1138 
6109 404 402 403 1001 
6110 377 12 471 1157 
6111 542 541 560 1071 
6112 32 678 677 1026 
6113 408 1047 407 1183 
6114 47 409 483 1142 
6115 590 21 570 480 
6116 404 403 13 1001 
6117 403 60 439 1000 
6118 476 431 7 891 
6119 533 534 515 1107 
6120 458 435 9 868 
6121 33 681 669 983 
6122 467 470 5 988 
6123 556 553 14 1113 
6124 589 568 594 1178 
6125 422 423 424 954 
6126 588 23 594 396 
6127 688 673 687 1042 
6128 576 27 569 534 
6129 411 412 84 1128 
6130 374 48 367 1184 
6131 20 573 486 487 
6132 389 315 326 1027 
6133 571 589 594 1178 
6134 374 367 422 1184 
6135 43 475 326 1027 
6136 22 571 594 1178 
6137 600 640 664 1169 
6138 27 514 515 576 
6139 560 541 18 436 
6140 422 19 543 424 
6141 672 32 671 1099 
6142 640 674 664 1169 
6143 597 681 696 1118 
6144 32 677 691 1026 
6145 395 44 394 962 
6146 75 513 3 1037 
6147 681 668 669 983 
6148 409 47 502 1142 
6149 485 452 11 919 
6150 466 465 482 1079 
6151 576 569 593 1103 
6152 455 335 408 1030 
6153 546 12 564 1157 
6154 8 433 432 1158 
6155 541 542 559 1071 
6156 600 664 665 1138 
6157 65 408 407 1183 
6158 708 4 40 688 
6159 420 11 340 1057 
6160 672 671 607 1099 
6161 405 65 407 1183 
6162 447 473 844 583 
6163 447 844 473 427 
6164 1032 992 1079 741 
6165 1032 1079 992 769 
6166 1181 934 1041 714 
6167 1181 1041 934 904 
6168 1093 165 1020 227 
6169 1093 1020 165 766 
6170 970 821 733 952 
6171 970 733 821 765 
6172 927 660 606 797 
6173 927 606 660 661 
6174 999 1138 641 649 
6175 641 1138 999 762 
6176 641 631 999 649 
6177 999 631 641 762 
6178 1114 1008 735 812 
6179 1114 735 1008 977 
6180 553 1113 561 1001 
6181 553 561 1113 1112 
6182 842 561 1113 1001 
6183 842 1113 561 1112 
6184 897 892 865 724 
6185 897 865 892 787 
6186 1131 778 840 941 
6187 1131 840 778 851 
6188 1140 781 720 947 
6189 1140 720 781 854 
6190 941 291 1007 292 
6191 941 1007 291 930 
6192 958 474 569 844 
6193 958 569 474 332 
6194 1170 911 1118 983 
6195 1170 1118 911 738 
6196 991 726 779 926 
6197 991 779 726 914 
6198 981 118 117 271 
6199 981 117 118 869 
6200 116 1005 1121 115 
6201 114 1121 1005 115 
6202 993 104 1105 830 
6203 993 1105 104 106 
6204 897 1163 872 745 
6205 872 1163 897 876 
6206 108 1105 106 309 
6207 106 1105 108 993 
6208 1017 187 185 300 
6209 1017 185 187 823 
6210 1139 596 662 927 
6211 1139 662 596 651 
6212 954 1184 428 815 
6213 428 423 954 815 
6214 1004 316 50 317 
6215 1004 50 316 877 
6216 1059 1086 832 737 
6217 832 1086 1059 792 
6218 916 934 1147 725 
6219 1147 934 916 789 
6220 1147 835 916 725 
6221 916 835 1147 789 
6222 1057 716 771 905 
6223 1057 771 716 992 
6224 1004 1107 332 50 
6225 332 1107 1004 958 
6226 1039 95 902 782 
6227 1039 902 95 448 
6228 751 820 818 915 
6229 818 820 751 1162 
6230 1177 245 244 799 
6231 1177 244 245 202 
6232 1024 1054 727 879 
6233 727 1054 1024 815 
6234 1070 799 729 862 
6235 1070 729 799 869 
6236 950 234 1025 829 
6237 950 1025 234 236 
6238 1171 136 1095 787 
6239 1171 1095 136 124 
6240 1044 181 215 790 
6241 1044 215 181 203 
6242 1005 1018 720 840 
6243 720 1018 1005 831 
6244 484 925 494 774 
6245 484 494 925 77 
6246 891 77 774 494 
6247 891 774 77 841 
6248 925 774 77 494 
6249 925 77 774 841 
6250 1054 363 880 879 
6251 1054 880 363 462 
6252 446 880 363 879 
6253 446 363 880 462 
6254 1021 152 139 794 
6255 1021 139 152 154 
6256 909 445 502 791 
6257 909 502 445 501 
6258 1088 885 760 1084 
6259 1088 760 885 1077 
6260 1150 132 141 142 
6261 1150 141 132 805 
6262 959 259 258 255 
6263 1030 290 789 325 
6264 1030 789 290 976 
6265 478 1031 372 419 
6266 372 1031 478 845 
6267 633 1118 645 703 
6268 645 1118 633 911 
6269 1151 155 987 166 
6270 1151 987 155 957 
6271 1153 349 350 329 
6272 1153 350 349 920 
6273 1069 468 1056 58 
6274 1069 1056 468 761 
6275 474 1004 332 331 
6276 332 1004 474 958 
6277 31 30 1045 445 
6278 1045 30 31 1167 
6279 463 881 1054 464 
6280 1054 881 463 804 
6281 1020 268 165 853 
6282 1020 165 268 269 
6283 990 262 337 265 
6284 990 337 262 836 
6285 1021 230 1080 170 
6286 1021 1080 230 858 
6287 955 498 382 845 
6288 955 382 498 373 
6289 1165 507 900 211 
6290 1165 900 507 968 
6291 928 570 480 590 
6292 928 480 570 871 
6293 1185 1061 969 770 
6294 1185 969 1061 1105 
6295 1136 622 1125 617 
6296 1136 1125 622 974 
6297 1138 666 33 665 
6298 1138 33 666 762 
6299 1172 147 163 266 
6300 1172 163 147 838 
6301 1156 5 988 989 
6302 1156 988 5 471 
6303 1099 608 797 922 
6304 1099 797 608 607 
6305 605 797 608 922 
6306 605 608 797 607 
6307 1134 175 177 176 
6308 1134 177 175 966 
6309 1103 581 1161 887 
6310 1103 1161 581 593 
6311 1074 1130 834 800 
6312 1074 834 1130 772 
6313 1087 834 1130 800 
6314 1087 1130 834 772 
6315 1173 259 959 910 
6316 1173 959 259 258 
6317 856 888 29 1053 
6318 1004 474 473 331 
6319 1004 473 474 844 
6320 1048 397 521 522 
6321 1048 521 397 837 
6322 1037 518 503 75 
6323 1037 503 518 893 
6324 1184 423 428 367 
6325 1184 428 423 954 
6326 919 487 486 859 
6327 919 486 487 485 
6328 672 797 607 28 
6329 607 797 672 1099 
6330 244 1177 201 202 
6331 201 1177 244 1085 
6332 1008 8 1158 875 
6333 1008 1158 8 432 
6334 1043 602 710 699 
6335 1043 710 602 1042 
6336 526 1038 430 41 
6337 526 430 1038 1062 
6338 808 405 1072 406 
6339 808 1072 405 1183 
6340 534 1103 958 569 
6341 958 1103 534 1107 
6342 1079 10 11 465 
6343 1079 11 10 918 
6344 34 4 1042 688 
6345 34 1042 4 676 
6346 1112 557 962 556 
6347 1112 962 557 866 
6348 29 30 856 685 
6349 856 30 29 888 
6350 540 498 18 373 
6351 540 18 498 560 
6352 1103 591 958 569 
6353 1103 958 591 887 
6354 697 36 707 702 
6355 707 36 697 603 
6356 554 1108 538 559 
6357 538 1108 554 912 
6358 962 493 557 873 
6359 962 557 493 394 
6360 7 8 1008 73 
6361 7 1008 8 432 
6362 682 676 786 34 
6363 682 786 676 683 
6364 1179 63 421 1031 
6365 1179 421 63 488 
6366 513 924 1167 3 
6367 1167 924 513 901 
6368 7 891 79 494 
6369 406 25 808 405 
6370 808 25 406 447 
6371 340 57 1019 466 
6372 1019 57 340 338 
6373 817 8 868 413 
6374 817 868 8 435 
6375 9 868 8 413 
6376 9 8 868 435 
6377 6 7 979 79 
6378 6 979 7 431 
6379 3 28 856 672 
6380 3 856 28 946 
6381 1005 1121 869 116 
6382 1005 869 1121 778 
6383 1121 1005 113 114 
6384 1121 113 1005 778 
6385 112 113 1005 114 
6386 112 1005 113 778 
6387 979 774 891 1062 
6388 891 774 979 79 
6389 979 7 891 79 
6390 891 431 979 1062 
6391 979 431 891 7 
$EndElements
