ISO-10303-21;
HEADER;
FILE_DESCRIPTION(('FreeCAD Model'),'2;1');
FILE_NAME('Open CASCADE Shape Model','2023-07-20T17:43:17',('Author'),(
    ''),'Open CASCADE STEP processor 7.6','FreeCAD','Unknown');
FILE_SCHEMA(('AUTOMOTIVE_DESIGN { 1 0 10303 214 1 1 1 1 }'));
ENDSEC;
DATA;
#1 = APPLICATION_PROTOCOL_DEFINITION('international standard',
  'automotive_design',2000,#2);
#2 = APPLICATION_CONTEXT(
  'core data for automotive mechanical design processes');
#3 = SHAPE_DEFINITION_REPRESENTATION(#4,#10);
#4 = PRODUCT_DEFINITION_SHAPE('','',#5);
#5 = PRODUCT_DEFINITION('design','',#6,#9);
#6 = PRODUCT_DEFINITION_FORMATION('','',#7);
#7 = PRODUCT('pressure_vessel','pressure_vessel','',(#8));
#8 = PRODUCT_CONTEXT('',#2,'mechanical');
#9 = PRODUCT_DEFINITION_CONTEXT('part definition',#2,'design');
#10 = ADVANCED_BREP_SHAPE_REPRESENTATION('',(#11,#15),#7514);
#11 = AXIS2_PLACEMENT_3D('',#12,#13,#14);
#12 = CARTESIAN_POINT('',(0.,0.,0.));
#13 = DIRECTION('',(0.,0.,1.));
#14 = DIRECTION('',(1.,0.,-0.));
#15 = MANIFOLD_SOLID_BREP('',#16);
#16 = CLOSED_SHELL('',(#17,#2120,#4273,#4305,#4338,#4403,#4407,#4461,
    #4868,#5502,#5528,#5560,#5596,#5629,#5662,#5688,#5714,#5741,#5768,
    #5795,#5822,#5849,#5876,#5903,#5930,#5957,#5984,#6011,#6097,#6151,
    #6822,#7165,#7191,#7217,#7244,#7271,#7298,#7325,#7352,#7379,#7406,
    #7433,#7460,#7487));
#17 = ADVANCED_FACE('',(#18,#148,#1109),#31,.F.);
#18 = FACE_BOUND('',#19,.F.);
#19 = EDGE_LOOP('',(#20,#76,#98,#147));
#20 = ORIENTED_EDGE('',*,*,#21,.T.);
#21 = EDGE_CURVE('',#22,#22,#24,.T.);
#22 = VERTEX_POINT('',#23);
#23 = CARTESIAN_POINT('',(0.,1.5E+03,-735.));
#24 = SURFACE_CURVE('',#25,(#30,#42),.PCURVE_S1.);
#25 = CIRCLE('',#26,735.);
#26 = AXIS2_PLACEMENT_3D('',#27,#28,#29);
#27 = CARTESIAN_POINT('',(0.,1.5E+03,0.));
#28 = DIRECTION('',(0.,-1.,0.));
#29 = DIRECTION('',(0.,0.,-1.));
#30 = PCURVE('',#31,#36);
#31 = CYLINDRICAL_SURFACE('',#32,735.);
#32 = AXIS2_PLACEMENT_3D('',#33,#34,#35);
#33 = CARTESIAN_POINT('',(0.,0.,0.));
#34 = DIRECTION('',(-0.,-1.,-0.));
#35 = DIRECTION('',(0.,0.,-1.));
#36 = DEFINITIONAL_REPRESENTATION('',(#37),#41);
#37 = LINE('',#38,#39);
#38 = CARTESIAN_POINT('',(0.,-1.5E+03));
#39 = VECTOR('',#40,1.);
#40 = DIRECTION('',(1.,0.));
#41 = ( GEOMETRIC_REPRESENTATION_CONTEXT(2) 
PARAMETRIC_REPRESENTATION_CONTEXT() REPRESENTATION_CONTEXT('2D SPACE',''
  ) );
#42 = PCURVE('',#43,#70);
#43 = SURFACE_OF_REVOLUTION('',#44,#67);
#44 = B_SPLINE_CURVE_WITH_KNOTS('',6,(#45,#46,#47,#48,#49,#50,#51,#52,
    #53,#54,#55,#56,#57,#58,#59,#60,#61,#62,#63,#64,#65,#66),
  .UNSPECIFIED.,.F.,.F.,(7,5,5,5,7),(4.712388980385,5.105088062083,
    5.497787143782,5.890486225481,6.28318530718),.UNSPECIFIED.);
#45 = CARTESIAN_POINT('',(0.,1.985E+03,-250.));
#46 = CARTESIAN_POINT('',(0.,1.985E+03,-281.7431757706));
#47 = CARTESIAN_POINT('',(0.,1.982506896961E+03,-313.486350668));
#48 = CARTESIAN_POINT('',(0.,1.977520689848E+03,-344.9847708904));
#49 = CARTESIAN_POINT('',(0.,1.97007342098E+03,-375.9936554927));
#50 = CARTESIAN_POINT('',(0.,1.960229160726E+03,-406.2745943056));
#51 = CARTESIAN_POINT('',(0.,1.93593398581E+03,-464.9283350884));
#52 = CARTESIAN_POINT('',(0.,1.921483071816E+03,-493.3011354448));
#53 = CARTESIAN_POINT('',(0.,1.904822493554E+03,-520.4937423422));
#54 = CARTESIAN_POINT('',(0.,1.88607552788E+03,-546.2922697401));
#55 = CARTESIAN_POINT('',(0.,1.865392603719E+03,-570.5009740316));
#56 = CARTESIAN_POINT('',(0.,1.820500974032E+03,-615.3926037192));
#57 = CARTESIAN_POINT('',(0.,1.79629226974E+03,-636.0755278804));
#58 = CARTESIAN_POINT('',(0.,1.770493742342E+03,-654.8224935544));
#59 = CARTESIAN_POINT('',(0.,1.743301135445E+03,-671.4830718156));
#60 = CARTESIAN_POINT('',(0.,1.714928335088E+03,-685.9339858098));
#61 = CARTESIAN_POINT('',(0.,1.656274594306E+03,-710.229160726));
#62 = CARTESIAN_POINT('',(0.,1.625993655493E+03,-720.0734209796));
#63 = CARTESIAN_POINT('',(0.,1.59498477089E+03,-727.5206898479));
#64 = CARTESIAN_POINT('',(0.,1.563486350668E+03,-732.5068969608));
#65 = CARTESIAN_POINT('',(0.,1.531743175771E+03,-735.));
#66 = CARTESIAN_POINT('',(0.,1.5E+03,-735.));
#67 = AXIS1_PLACEMENT('',#68,#69);
#68 = CARTESIAN_POINT('',(0.,1.5E+03,0.));
#69 = DIRECTION('',(-0.,-1.,-0.));
#70 = DEFINITIONAL_REPRESENTATION('',(#71),#75);
#71 = LINE('',#72,#73);
#72 = CARTESIAN_POINT('',(0.,6.28318530718));
#73 = VECTOR('',#74,1.);
#74 = DIRECTION('',(1.,0.));
#75 = ( GEOMETRIC_REPRESENTATION_CONTEXT(2) 
PARAMETRIC_REPRESENTATION_CONTEXT() REPRESENTATION_CONTEXT('2D SPACE',''
  ) );
#76 = ORIENTED_EDGE('',*,*,#77,.T.);
#77 = EDGE_CURVE('',#22,#78,#80,.T.);
#78 = VERTEX_POINT('',#79);
#79 = CARTESIAN_POINT('',(0.,-1.5E+03,-735.));
#80 = SEAM_CURVE('',#81,(#84,#91),.PCURVE_S1.);
#81 = B_SPLINE_CURVE_WITH_KNOTS('',1,(#82,#83),.UNSPECIFIED.,.F.,.F.,(2,
    2),(-1.5E+03,1.5E+03),.PIECEWISE_BEZIER_KNOTS.);
#82 = CARTESIAN_POINT('',(0.,1.5E+03,-735.));
#83 = CARTESIAN_POINT('',(0.,-1.5E+03,-735.));
#84 = PCURVE('',#31,#85);
#85 = DEFINITIONAL_REPRESENTATION('',(#86),#90);
#86 = LINE('',#87,#88);
#87 = CARTESIAN_POINT('',(6.28318530718,0.));
#88 = VECTOR('',#89,1.);
#89 = DIRECTION('',(0.,1.));
#90 = ( GEOMETRIC_REPRESENTATION_CONTEXT(2) 
PARAMETRIC_REPRESENTATION_CONTEXT() REPRESENTATION_CONTEXT('2D SPACE',''
  ) );
#91 = PCURVE('',#31,#92);
#92 = DEFINITIONAL_REPRESENTATION('',(#93),#97);
#93 = LINE('',#94,#95);
#94 = CARTESIAN_POINT('',(0.,0.));
#95 = VECTOR('',#96,1.);
#96 = DIRECTION('',(0.,1.));
#97 = ( GEOMETRIC_REPRESENTATION_CONTEXT(2) 
PARAMETRIC_REPRESENTATION_CONTEXT() REPRESENTATION_CONTEXT('2D SPACE',''
  ) );
#98 = ORIENTED_EDGE('',*,*,#99,.F.);
#99 = EDGE_CURVE('',#78,#78,#100,.T.);
#100 = SURFACE_CURVE('',#101,(#106,#113),.PCURVE_S1.);
#101 = CIRCLE('',#102,735.);
#102 = AXIS2_PLACEMENT_3D('',#103,#104,#105);
#103 = CARTESIAN_POINT('',(0.,-1.5E+03,0.));
#104 = DIRECTION('',(0.,-1.,0.));
#105 = DIRECTION('',(0.,0.,-1.));
#106 = PCURVE('',#31,#107);
#107 = DEFINITIONAL_REPRESENTATION('',(#108),#112);
#108 = LINE('',#109,#110);
#109 = CARTESIAN_POINT('',(0.,1.5E+03));
#110 = VECTOR('',#111,1.);
#111 = DIRECTION('',(1.,0.));
#112 = ( GEOMETRIC_REPRESENTATION_CONTEXT(2) 
PARAMETRIC_REPRESENTATION_CONTEXT() REPRESENTATION_CONTEXT('2D SPACE',''
  ) );
#113 = PCURVE('',#114,#141);
#114 = SURFACE_OF_REVOLUTION('',#115,#138);
#115 = B_SPLINE_CURVE_WITH_KNOTS('',6,(#116,#117,#118,#119,#120,#121,
    #122,#123,#124,#125,#126,#127,#128,#129,#130,#131,#132,#133,#134,
    #135,#136,#137),.UNSPECIFIED.,.F.,.F.,(7,5,5,5,7),(
    8.881784197001E-16,0.392699081699,0.785398163397,1.178097245096,
    1.570796326795),.UNSPECIFIED.);
#116 = CARTESIAN_POINT('',(0.,-1.5E+03,-735.));
#117 = CARTESIAN_POINT('',(0.,-1.531743175771E+03,-735.));
#118 = CARTESIAN_POINT('',(0.,-1.563486350668E+03,-732.5068969608));
#119 = CARTESIAN_POINT('',(0.,-1.59498477089E+03,-727.5206898479));
#120 = CARTESIAN_POINT('',(0.,-1.625993655493E+03,-720.0734209796));
#121 = CARTESIAN_POINT('',(0.,-1.656274594306E+03,-710.229160726));
#122 = CARTESIAN_POINT('',(0.,-1.714928335088E+03,-685.9339858098));
#123 = CARTESIAN_POINT('',(0.,-1.743301135445E+03,-671.4830718156));
#124 = CARTESIAN_POINT('',(0.,-1.770493742342E+03,-654.8224935544));
#125 = CARTESIAN_POINT('',(0.,-1.79629226974E+03,-636.0755278804));
#126 = CARTESIAN_POINT('',(0.,-1.820500974032E+03,-615.3926037192));
#127 = CARTESIAN_POINT('',(0.,-1.865392603719E+03,-570.5009740316));
#128 = CARTESIAN_POINT('',(0.,-1.88607552788E+03,-546.2922697401));
#129 = CARTESIAN_POINT('',(0.,-1.904822493554E+03,-520.4937423422));
#130 = CARTESIAN_POINT('',(0.,-1.921483071816E+03,-493.3011354448));
#131 = CARTESIAN_POINT('',(0.,-1.93593398581E+03,-464.9283350884));
#132 = CARTESIAN_POINT('',(0.,-1.960229160726E+03,-406.2745943056));
#133 = CARTESIAN_POINT('',(0.,-1.97007342098E+03,-375.9936554927));
#134 = CARTESIAN_POINT('',(0.,-1.977520689848E+03,-344.9847708904));
#135 = CARTESIAN_POINT('',(0.,-1.982506896961E+03,-313.486350668));
#136 = CARTESIAN_POINT('',(0.,-1.985E+03,-281.7431757706));
#137 = CARTESIAN_POINT('',(0.,-1.985E+03,-250.));
#138 = AXIS1_PLACEMENT('',#139,#140);
#139 = CARTESIAN_POINT('',(0.,-1.5E+03,0.));
#140 = DIRECTION('',(-0.,-1.,-0.));
#141 = DEFINITIONAL_REPRESENTATION('',(#142),#146);
#142 = LINE('',#143,#144);
#143 = CARTESIAN_POINT('',(0.,6.28318530718));
#144 = VECTOR('',#145,1.);
#145 = DIRECTION('',(1.,0.));
#146 = ( GEOMETRIC_REPRESENTATION_CONTEXT(2) 
PARAMETRIC_REPRESENTATION_CONTEXT() REPRESENTATION_CONTEXT('2D SPACE',''
  ) );
#147 = ORIENTED_EDGE('',*,*,#77,.F.);
#148 = FACE_BOUND('',#149,.F.);
#149 = EDGE_LOOP('',(#150));
#150 = ORIENTED_EDGE('',*,*,#151,.T.);
#151 = EDGE_CURVE('',#152,#152,#154,.T.);
#152 = VERTEX_POINT('',#153);
#153 = CARTESIAN_POINT('',(722.11910374951,1.2E+03,-137.));
#154 = SURFACE_CURVE('',#155,(#342,#723),.PCURVE_S1.);
#155 = B_SPLINE_CURVE_WITH_KNOTS('',3,(#156,#157,#158,#159,#160,#161,
    #162,#163,#164,#165,#166,#167,#168,#169,#170,#171,#172,#173,#174,
    #175,#176,#177,#178,#179,#180,#181,#182,#183,#184,#185,#186,#187,
    #188,#189,#190,#191,#192,#193,#194,#195,#196,#197,#198,#199,#200,
    #201,#202,#203,#204,#205,#206,#207,#208,#209,#210,#211,#212,#213,
    #214,#215,#216,#217,#218,#219,#220,#221,#222,#223,#224,#225,#226,
    #227,#228,#229,#230,#231,#232,#233,#234,#235,#236,#237,#238,#239,
    #240,#241,#242,#243,#244,#245,#246,#247,#248,#249,#250,#251,#252,
    #253,#254,#255,#256,#257,#258,#259,#260,#261,#262,#263,#264,#265,
    #266,#267,#268,#269,#270,#271,#272,#273,#274,#275,#276,#277,#278,
    #279,#280,#281,#282,#283,#284,#285,#286,#287,#288,#289,#290,#291,
    #292,#293,#294,#295,#296,#297,#298,#299,#300,#301,#302,#303,#304,
    #305,#306,#307,#308,#309,#310,#311,#312,#313,#314,#315,#316,#317,
    #318,#319,#320,#321,#322,#323,#324,#325,#326,#327,#328,#329,#330,
    #331,#332,#333,#334,#335,#336,#337,#338,#339,#340,#341),
  .UNSPECIFIED.,.T.,.F.,(1,3,2,2,2,2,2,2,2,2,2,2,2,2,2,2,2,2,2,2,2,2,2,2
    ,2,2,2,2,2,2,2,2,2,2,2,2,2,2,2,2,2,2,2,2,2,2,2,2,2,2,2,2,2,2,2,2,2,2
    ,2,2,2,2,2,2,2,2,2,2,2,2,2,2,2,2,2,2,2,2,2,2,2,2,2,2,2,2,2,2,2,2,2,2
    ,2,3,1),(-1.341275987589E-02,0.,1.341275987589E-02,
    2.682551975179E-02,4.023827962768E-02,4.359146959665E-02,
    4.694465956563E-02,5.365103950357E-02,6.706379937947E-02,
    8.047655925537E-02,8.718293919331E-02,9.388931913126E-02,
    0.107302079007,0.120714838883,0.134127598759,0.140833978697,
    0.147540358635,0.160953118511,0.174365878387,0.181072258325,
    0.184425448294,0.187778638263,0.201191398138,0.214604158014,
    0.22801691789,0.231370107859,0.234723297828,0.241429677766,
    0.254842437642,0.268255197518,0.274961577456,0.281667957394,
    0.29508071727,0.308493477146,0.315199857084,0.318553047053,
    0.321906237021,0.335318996897,0.348731756773,0.362144516649,
    0.365497706618,0.368850896587,0.375557276525,0.388970036401,
    0.402382796277,0.409089176215,0.415795556153,0.429208316029,
    0.442621075905,0.45603383578,0.459387025749,0.462740215718,
    0.469446595656,0.482859355532,0.496272115408,0.502978495346,
    0.509684875284,0.52309763516,0.536510395036,0.543216774974,
    0.546569964943,0.549923154912,0.563335914788,0.576748674663,
    0.590161434539,0.593514624508,0.596867814477,0.603574194415,
    0.616986954291,0.630399714167,0.637106094105,0.640459284074,
    0.643812474043,0.657225233919,0.670637993795,0.684050753671,
    0.690757133609,0.697463513546,0.710876273422,0.724289033298,
    0.730995413236,0.734348603205,0.737701793174,0.75111455305,
    0.764527312926,0.777940072802,0.78464645274,0.791352832678,
    0.804765592554,0.818178352429,0.824884732367,0.831591112305,
    0.845003872181,0.858416632057,0.871829391933),.UNSPECIFIED.);
#156 = CARTESIAN_POINT('',(722.11910374951,1.2E+03,-137.));
#157 = CARTESIAN_POINT('',(722.11910374951,1.195463913908E+03,-137.));
#158 = CARTESIAN_POINT('',(722.16183628865,1.190967020688E+03,
    -136.7753043709));
#159 = CARTESIAN_POINT('',(722.32843654852,1.182048755751E+03,
    -135.8927203014));
#160 = CARTESIAN_POINT('',(722.45231063079,1.177627391955E+03,
    -135.234786033));
#161 = CARTESIAN_POINT('',(722.77696128105,1.168859540568E+03,
    -133.4887737996));
#162 = CARTESIAN_POINT('',(722.97774387802,1.164513050432E+03,
    -132.4007120516));
#163 = CARTESIAN_POINT('',(723.27407853727,1.159127646577E+03,
    -130.7658890325));
#164 = CARTESIAN_POINT('',(723.33561279492,1.158052956619E+03,
    -130.4251551676));
#165 = CARTESIAN_POINT('',(723.46314569987,1.155908403329E+03,
    -129.7158689287));
#166 = CARTESIAN_POINT('',(723.52923789747,1.154837129359E+03,
    -129.3467892472));
#167 = CARTESIAN_POINT('',(723.73309496082,1.151646097266E+03,
    -128.2029920973));
#168 = CARTESIAN_POINT('',(723.87656977628,1.149546445161E+03,
    -127.3910302293));
#169 = CARTESIAN_POINT('',(724.32764645962,1.143328745162E+03,
    -124.8099034138));
#170 = CARTESIAN_POINT('',(724.65588964039,1.139291759146E+03,
    -122.8958510912));
#171 = CARTESIAN_POINT('',(725.35689341764,1.131429197573E+03,
    -118.6883556944));
#172 = CARTESIAN_POINT('',(725.7296702563,1.127603627529E+03,
    -116.3949051887));
#173 = CARTESIAN_POINT('',(726.31446874408,1.122024826893E+03,
    -112.6670961463));
#174 = CARTESIAN_POINT('',(726.51367355145,1.120191866704E+03,
    -111.3764671201));
#175 = CARTESIAN_POINT('',(726.91930650745,1.116579987675E+03,
    -108.697548786));
#176 = CARTESIAN_POINT('',(727.12627942103,1.114796666899E+03,
    -107.305436803));
#177 = CARTESIAN_POINT('',(727.7499859821,1.109578934511E+03,
    -103.0208225152));
#178 = CARTESIAN_POINT('',(728.17044793461,1.106266562768E+03,
    -100.0145520232));
#179 = CARTESIAN_POINT('',(729.0085816539,1.099963665925E+03,
    -93.71019014318));
#180 = CARTESIAN_POINT('',(729.42627385801,1.09697316552E+03,
    -90.41207893204));
#181 = CARTESIAN_POINT('',(730.24716812608,1.091313449844E+03,
    -83.52308935278));
#182 = CARTESIAN_POINT('',(730.65039065265,1.088644211971E+03,
    -79.93223399817));
#183 = CARTESIAN_POINT('',(731.23540112336,1.084888135287E+03,
    -74.3190890159));
#184 = CARTESIAN_POINT('',(731.42736193837,1.083675922118E+03,
    -72.40698709482));
#185 = CARTESIAN_POINT('',(731.79910823763,1.081360882841E+03,
    -68.54795952386));
#186 = CARTESIAN_POINT('',(731.97939813251,1.080254756993E+03,
    -66.59643118408));
#187 = CARTESIAN_POINT('',(732.50189470614,1.077087992947E+03,
    -60.67676655417));
#188 = CARTESIAN_POINT('',(732.82572577953,1.075178603996E+03,
    -56.64370367587));
#189 = CARTESIAN_POINT('',(733.41594471267,1.071758881419E+03,
    -48.40563574242));
#190 = CARTESIAN_POINT('',(733.68234721474,1.07024854208E+03,
    -44.20063413605));
#191 = CARTESIAN_POINT('',(734.03248936731,1.068287779606E+03,
    -37.76142504415));
#192 = CARTESIAN_POINT('',(734.14095777206,1.067685075288E+03,
    -35.59303202367));
#193 = CARTESIAN_POINT('',(734.29045820178,1.066858908064E+03,
    -32.30673994077));
#194 = CARTESIAN_POINT('',(734.33815319799,1.066596165645E+03,
    -31.2041307111));
#195 = CARTESIAN_POINT('',(734.42865780068,1.066098867901E+03,
    -28.99599311569));
#196 = CARTESIAN_POINT('',(734.47145236562,1.065864392067E+03,
    -27.8910404955));
#197 = CARTESIAN_POINT('',(734.67308165529,1.064762103998E+03,
    -22.36190445673));
#198 = CARTESIAN_POINT('',(734.79488614042,1.06410404154E+03,
    -17.92463386798));
#199 = CARTESIAN_POINT('',(734.95809797309,1.063224298197E+03,
    -9.022827782879));
#200 = CARTESIAN_POINT('',(734.99950783422,1.063002640452E+03,
    -4.558290915856));
#201 = CARTESIAN_POINT('',(735.00048344475,1.062997406336E+03,
    4.39816650485));
#202 = CARTESIAN_POINT('',(734.96005178672,1.063213790943E+03,
    8.89008467143));
#203 = CARTESIAN_POINT('',(734.8573751405,1.063767207958E+03,
    14.522660210526));
#204 = CARTESIAN_POINT('',(734.83421223918,1.063892182474E+03,
    15.650590729567));
#205 = CARTESIAN_POINT('',(734.78297103795,1.064169101299E+03,
    17.895416731534));
#206 = CARTESIAN_POINT('',(734.75486753733,1.064321181296E+03,
    19.013885029109));
#207 = CARTESIAN_POINT('',(734.66326369049,1.064817838022E+03,
    22.357588386959));
#208 = CARTESIAN_POINT('',(734.59247079856,1.065202805857E+03,
    24.571129142412));
#209 = CARTESIAN_POINT('',(734.35212929409,1.066516700002E+03,
    31.165756309656));
#210 = CARTESIAN_POINT('',(734.1546222418,1.06760423794E+03,
    35.50095417118));
#211 = CARTESIAN_POINT('',(733.69127411581,1.070198173487E+03,
    44.050441455178));
#212 = CARTESIAN_POINT('',(733.42542230489,1.071704561246E+03,
    48.264733107046));
#213 = CARTESIAN_POINT('',(732.98003549316,1.074284249944E+03,
    54.494047424362));
#214 = CARTESIAN_POINT('',(732.82366989299,1.075198399081E+03,
    56.556799854641));
#215 = CARTESIAN_POINT('',(732.49677333595,1.077132464076E+03,
    60.643877000475));
#216 = CARTESIAN_POINT('',(732.32734358512,1.078145871244E+03,
    62.654673032301));
#217 = CARTESIAN_POINT('',(731.80328254119,1.081322257908E+03,
    68.591111106493));
#218 = CARTESIAN_POINT('',(731.43288947475,1.083621068831E+03,
    72.421035281502));
#219 = CARTESIAN_POINT('',(730.66119836531,1.088573923109E+03,
    79.831643851255));
#220 = CARTESIAN_POINT('',(730.25988124706,1.091227976244E+03,
    83.412319466483));
#221 = CARTESIAN_POINT('',(729.64297350997,1.095478071484E+03,
    88.595476786118));
#222 = CARTESIAN_POINT('',(729.4348498925,1.09693968751E+03,
    90.291830077237));
#223 = CARTESIAN_POINT('',(729.11999469558,1.099200577342E+03,
    92.788668700488));
#224 = CARTESIAN_POINT('',(729.01459829216,1.099965623764E+03,
    93.612995903474));
#225 = CARTESIAN_POINT('',(728.80309745303,1.101518799951E+03,
    95.245591330921));
#226 = CARTESIAN_POINT('',(728.69689933224,1.102307656816E+03,
    96.054540443425));
#227 = CARTESIAN_POINT('',(728.16742032219,1.106288970004E+03,
    100.0376996984));
#228 = CARTESIAN_POINT('',(727.7467267657,1.109606390459E+03,
    103.04310280471));
#229 = CARTESIAN_POINT('',(726.92280053084,1.11649871702E+03,
    108.70336435555));
#230 = CARTESIAN_POINT('',(726.51954866075,1.120073642641E+03,
    111.35819315189));
#231 = CARTESIAN_POINT('',(725.74193833546,1.127481525986E+03,
    116.31827332527));
#232 = CARTESIAN_POINT('',(725.36756083977,1.131314465723E+03,
    118.62354651282));
#233 = CARTESIAN_POINT('',(724.92501496186,1.13627204235E+03,
    121.28071956897));
#234 = CARTESIAN_POINT('',(724.83777876014,1.137271897716E+03,
    121.80090615701));
#235 = CARTESIAN_POINT('',(724.66604509689,1.139288500145E+03,
    122.81852198357));
#236 = CARTESIAN_POINT('',(724.581620951,1.140304468506E+03,
    123.31550811918));
#237 = CARTESIAN_POINT('',(724.33409503074,1.143360742719E+03,
    124.76409189617));
#238 = CARTESIAN_POINT('',(724.1762792306,1.145414773762E+03,
    125.6760812385));
#239 = CARTESIAN_POINT('',(723.72579495571,1.151625622722E+03,
    128.2537207988));
#240 = CARTESIAN_POINT('',(723.45609299997,1.155831082871E+03,
    129.76142162581));
#241 = CARTESIAN_POINT('',(722.98498573714,1.16437045688E+03,
    132.36107977725));
#242 = CARTESIAN_POINT('',(722.78357021427,1.16870436998E+03,
    133.45303780911));
#243 = CARTESIAN_POINT('',(722.53795314841,1.17530332995E+03,
    134.77428140468));
#244 = CARTESIAN_POINT('',(722.46549950762,1.177519360199E+03,
    135.16181879688));
#245 = CARTESIAN_POINT('',(722.3403388925,1.181984829215E+03,
    135.82912076554));
#246 = CARTESIAN_POINT('',(722.28756950703,1.184239758967E+03,
    136.10921478743));
#247 = CARTESIAN_POINT('',(722.16139420649,1.190984024491E+03,
    136.77765305589));
#248 = CARTESIAN_POINT('',(722.11944602876,1.195469681488E+03,
    136.99819586565));
#249 = CARTESIAN_POINT('',(722.1187656427,1.204420536877E+03,
    137.00178214163));
#250 = CARTESIAN_POINT('',(722.16003511464,1.208885733925E+03,
    136.78479612098));
#251 = CARTESIAN_POINT('',(722.32461246648,1.217795665918E+03,
    135.9130273071));
#252 = CARTESIAN_POINT('',(722.44792201964,1.222240402322E+03,
    135.25827713214));
#253 = CARTESIAN_POINT('',(722.65252877209,1.227783170396E+03,
    134.15801413633));
#254 = CARTESIAN_POINT('',(722.69604109388,1.228892638643E+03,
    133.92346942166));
#255 = CARTESIAN_POINT('',(722.78768330801,1.231100673574E+03,
    133.42798931611));
#256 = CARTESIAN_POINT('',(722.83580625663,1.232199310931E+03,
    133.16709334696));
#257 = CARTESIAN_POINT('',(722.98686560682,1.235479277205E+03,
    132.34539050784));
#258 = CARTESIAN_POINT('',(723.09649155339,1.237644670362E+03,
    131.74559382701));
#259 = CARTESIAN_POINT('',(723.4504502264,1.244078275512E+03,
    129.79289821034));
#260 = CARTESIAN_POINT('',(723.71985870953,1.248284059814E+03,
    128.28706224648));
#261 = CARTESIAN_POINT('',(724.31685728181,1.256531639673E+03,
    124.87231273494));
#262 = CARTESIAN_POINT('',(724.64446032003,1.260573436553E+03,
    122.96340476257));
#263 = CARTESIAN_POINT('',(725.1730111181,1.266511524489E+03,
    119.79253792175));
#264 = CARTESIAN_POINT('',(725.35538466907,1.268470082349E+03,
    118.6842383643));
#265 = CARTESIAN_POINT('',(725.73139597437,1.272344849239E+03,
    116.36289529579));
#266 = CARTESIAN_POINT('',(725.92390654543,1.274249320008E+03,
    115.15673984315));
#267 = CARTESIAN_POINT('',(726.51069228178,1.279847102072E+03,
    111.4162703657));
#268 = CARTESIAN_POINT('',(726.91501476207,1.28343340753E+03,
    108.75527913836));
#269 = CARTESIAN_POINT('',(727.73787609284,1.290322262514E+03,
    103.10544664021));
#270 = CARTESIAN_POINT('',(728.1564346626,1.293624799974E+03,
    100.11659411834));
#271 = CARTESIAN_POINT('',(728.78611572743,1.298364907027E+03,
    95.385161123328));
#272 = CARTESIAN_POINT('',(728.9963167574,1.299909261372E+03,
    93.766582429614));
#273 = CARTESIAN_POINT('',(729.31095538279,1.302171558209E+03,
    91.275576225188));
#274 = CARTESIAN_POINT('',(729.41572421091,1.30291661372E+03,
    90.434712740752));
#275 = CARTESIAN_POINT('',(729.62484951716,1.304388465294E+03,
    88.731702123308));
#276 = CARTESIAN_POINT('',(729.729331737,1.305116125673E+03,
    87.868495331049));
#277 = CARTESIAN_POINT('',(730.24867251409,1.308697562872E+03,
    83.511660243153));
#278 = CARTESIAN_POINT('',(730.65235369968,1.311368199551E+03,
    79.912734102709));
#279 = CARTESIAN_POINT('',(731.42563155567,1.316333436298E+03,
    72.494500081387));
#280 = CARTESIAN_POINT('',(731.79524649602,1.318628001051E+03,
    68.675173486185));
#281 = CARTESIAN_POINT('',(732.49025341191,1.322842546305E+03,
    60.816041502915));
#282 = CARTESIAN_POINT('',(732.81566327847,1.324762546485E+03,
    56.776249135225));
#283 = CARTESIAN_POINT('',(733.18831874387,1.32692238488E+03,
    51.584619154271));
#284 = CARTESIAN_POINT('',(733.26114322786,1.327342315785E+03,
    50.539181995026));
#285 = CARTESIAN_POINT('',(733.40321045131,1.328157833634E+03,
    48.433913575776));
#286 = CARTESIAN_POINT('',(733.47254457188,1.328553938301E+03,
    47.372587535223));
#287 = CARTESIAN_POINT('',(733.67397704407,1.329699923823E+03,
    44.181876041025));
#288 = CARTESIAN_POINT('',(733.79965193735,1.330408370974E+03,
    42.044024068593));
#289 = CARTESIAN_POINT('',(734.15000812232,1.332370278284E+03,
    35.598906542864));
#290 = CARTESIAN_POINT('',(734.34801998301,1.333460694256E+03,
    31.26015249836));
#291 = CARTESIAN_POINT('',(734.66861240724,1.335213581103E+03,
    22.499811794695));
#292 = CARTESIAN_POINT('',(734.79120043514,1.335876046903E+03,
    18.078224436617));
#293 = CARTESIAN_POINT('',(734.91524234326,1.336544723075E+03,
    11.3828458859));
#294 = CARTESIAN_POINT('',(734.94661516304,1.336713348126E+03,
    9.140535294256));
#295 = CARTESIAN_POINT('',(734.9782853073,1.336883464952E+03,
    5.761011891214));
#296 = CARTESIAN_POINT('',(734.98627701163,1.336926360512E+03,
    4.631826595845));
#297 = CARTESIAN_POINT('',(734.99705686897,1.336984212279E+03,
    2.36803863654));
#298 = CARTESIAN_POINT('',(734.99983592578,1.336999119748E+03,
    1.233120302312));
#299 = CARTESIAN_POINT('',(735.00062089789,1.337003331095E+03,
    -4.422400424757));
#300 = CARTESIAN_POINT('',(734.95948033522,1.336783120271E+03,
    -8.911879310541));
#301 = CARTESIAN_POINT('',(734.79738300668,1.335909449009E+03,
    -17.82316621692));
#302 = CARTESIAN_POINT('',(734.67641992463,1.335255953501E+03,
    -22.24496876377));
#303 = CARTESIAN_POINT('',(734.35820227817,1.333516666441E+03,
    -31.02114400452));
#304 = CARTESIAN_POINT('',(734.16094151137,1.332430901517E+03,
    -35.37552055232));
#305 = CARTESIAN_POINT('',(733.81047688362,1.330469268003E+03,
    -41.85526119419));
#306 = CARTESIAN_POINT('',(733.68429430319,1.329758245159E+03,
    -44.01000172167));
#307 = CARTESIAN_POINT('',(733.4172941652,1.328239954227E+03,
    -48.25553417068));
#308 = CARTESIAN_POINT('',(733.27621804807,1.32743125641E+03,
    -50.35171640207));
#309 = CARTESIAN_POINT('',(732.83215087783,1.324859176603E+03,
    -56.56207066454));
#310 = CARTESIAN_POINT('',(732.50832735317,1.322950161317E+03,
    -60.59823559861));
#311 = CARTESIAN_POINT('',(731.81486558698,1.318748852711E+03,
    -68.46603760483));
#312 = CARTESIAN_POINT('',(731.44521054884,1.316456561644E+03,
    -72.29767441806));
#313 = CARTESIAN_POINT('',(730.86364350572,1.312726102023E+03,
    -77.88996752994));
#314 = CARTESIAN_POINT('',(730.66527521878,1.311433856312E+03,
    -79.72815860074));
#315 = CARTESIAN_POINT('',(730.36189690705,1.30942093234E+03,
    -82.44592450471));
#316 = CARTESIAN_POINT('',(730.25973219041,1.308737048481E+03,
    -83.34580589444));
#317 = CARTESIAN_POINT('',(730.05474478606,1.307351756567E+03,
    -85.1226728573));
#318 = CARTESIAN_POINT('',(729.95179339855,1.306649503603E+03,
    -86.00083383199));
#319 = CARTESIAN_POINT('',(729.4352303197,1.303090689002E+03,
    -90.34085707759));
#320 = CARTESIAN_POINT('',(729.016217607,1.300091839918E+03,
    -93.65076144181));
#321 = CARTESIAN_POINT('',(728.17864952618,1.293796996273E+03,
    -99.95481492591));
#322 = CARTESIAN_POINT('',(727.76007412389,1.290500989543E+03,
    -102.9489484052));
#323 = CARTESIAN_POINT('',(726.93522257217,1.283609338208E+03,
    -108.6204108374));
#324 = CARTESIAN_POINT('',(726.52892557881,1.280013725507E+03,
    -111.2977708841));
#325 = CARTESIAN_POINT('',(725.93796372523,1.274386869266E+03,
    -115.0682023804));
#326 = CARTESIAN_POINT('',(725.74531138345,1.272483951189E+03,
    -116.2760261446));
#327 = CARTESIAN_POINT('',(725.37112536582,1.268636256449E+03,
    -118.5879493733));
#328 = CARTESIAN_POINT('',(725.18939073586,1.266689575383E+03,
    -119.6933270678));
#329 = CARTESIAN_POINT('',(724.66202020085,1.260781836408E+03,
    -122.8598241903));
#330 = CARTESIAN_POINT('',(724.33421697883,1.256753242394E+03,
    -124.7716676452));
#331 = CARTESIAN_POINT('',(723.73541269977,1.248516185255E+03,
    -128.19937339));
#332 = CARTESIAN_POINT('',(723.46439746455,1.24430773048E+03,
    -129.7152520998));
#333 = CARTESIAN_POINT('',(723.10753195077,1.237856477772E+03,
    -131.6850124067));
#334 = CARTESIAN_POINT('',(722.99683350397,1.235682442691E+03,
    -132.2909510047));
#335 = CARTESIAN_POINT('',(722.79331729001,1.231288895454E+03,
    -133.3984162402));
#336 = CARTESIAN_POINT('',(722.70121772229,1.229084914914E+03,
    -133.8960503953));
#337 = CARTESIAN_POINT('',(722.45452936995,1.222451630682E+03,
    -135.2230107188));
#338 = CARTESIAN_POINT('',(722.32955353052,1.218001033873E+03,
    -135.8867928821));
#339 = CARTESIAN_POINT('',(722.16184304904,1.209043277773E+03,
    -136.7752785682));
#340 = CARTESIAN_POINT('',(722.11910374951,1.204536086092E+03,-137.));
#341 = CARTESIAN_POINT('',(722.11910374951,1.2E+03,-137.));
#342 = PCURVE('',#31,#343);
#343 = DEFINITIONAL_REPRESENTATION('',(#344),#722);
#344 = B_SPLINE_CURVE_WITH_KNOTS('',3,(#345,#346,#347,#348,#349,#350,
    #351,#352,#353,#354,#355,#356,#357,#358,#359,#360,#361,#362,#363,
    #364,#365,#366,#367,#368,#369,#370,#371,#372,#373,#374,#375,#376,
    #377,#378,#379,#380,#381,#382,#383,#384,#385,#386,#387,#388,#389,
    #390,#391,#392,#393,#394,#395,#396,#397,#398,#399,#400,#401,#402,
    #403,#404,#405,#406,#407,#408,#409,#410,#411,#412,#413,#414,#415,
    #416,#417,#418,#419,#420,#421,#422,#423,#424,#425,#426,#427,#428,
    #429,#430,#431,#432,#433,#434,#435,#436,#437,#438,#439,#440,#441,
    #442,#443,#444,#445,#446,#447,#448,#449,#450,#451,#452,#453,#454,
    #455,#456,#457,#458,#459,#460,#461,#462,#463,#464,#465,#466,#467,
    #468,#469,#470,#471,#472,#473,#474,#475,#476,#477,#478,#479,#480,
    #481,#482,#483,#484,#485,#486,#487,#488,#489,#490,#491,#492,#493,
    #494,#495,#496,#497,#498,#499,#500,#501,#502,#503,#504,#505,#506,
    #507,#508,#509,#510,#511,#512,#513,#514,#515,#516,#517,#518,#519,
    #520,#521,#522,#523,#524,#525,#526,#527,#528,#529,#530,#531,#532,
    #533,#534,#535,#536,#537,#538,#539,#540,#541,#542,#543,#544,#545,
    #546,#547,#548,#549,#550,#551,#552,#553,#554,#555,#556,#557,#558,
    #559,#560,#561,#562,#563,#564,#565,#566,#567,#568,#569,#570,#571,
    #572,#573,#574,#575,#576,#577,#578,#579,#580,#581,#582,#583,#584,
    #585,#586,#587,#588,#589,#590,#591,#592,#593,#594,#595,#596,#597,
    #598,#599,#600,#601,#602,#603,#604,#605,#606,#607,#608,#609,#610,
    #611,#612,#613,#614,#615,#616,#617,#618,#619,#620,#621,#622,#623,
    #624,#625,#626,#627,#628,#629,#630,#631,#632,#633,#634,#635,#636,
    #637,#638,#639,#640,#641,#642,#643,#644,#645,#646,#647,#648,#649,
    #650,#651,#652,#653,#654,#655,#656,#657,#658,#659,#660,#661,#662,
    #663,#664,#665,#666,#667,#668,#669,#670,#671,#672,#673,#674,#675,
    #676,#677,#678,#679,#680,#681,#682,#683,#684,#685,#686,#687,#688,
    #689,#690,#691,#692,#693,#694,#695,#696,#697,#698,#699,#700,#701,
    #702,#703,#704,#705,#706,#707,#708,#709,#710,#711,#712,#713,#714,
    #715,#716,#717,#718,#719,#720,#721),.UNSPECIFIED.,.T.,.F.,(4,1,1,1,1
    ,1,1,1,1,1,1,1,1,1,1,1,1,1,1,1,1,1,1,1,1,1,1,1,1,1,1,1,1,1,1,1,1,1,1
    ,1,1,1,1,1,1,1,1,1,1,1,1,1,1,1,1,1,1,1,1,1,1,1,1,1,1,1,1,1,1,1,1,1,1
    ,1,1,1,1,1,1,1,1,1,1,1,1,1,1,1,1,1,1,1,1,1,1,1,1,1,1,1,1,1,1,1,1,1,1
    ,1,1,1,1,1,1,1,1,1,1,1,1,1,1,1,1,1,1,1,1,1,1,1,1,1,1,1,1,1,1,1,1,1,1
    ,1,1,1,1,1,1,1,1,1,1,1,1,1,1,1,1,1,1,1,1,1,1,1,1,1,1,1,1,1,1,1,1,1,1
    ,1,1,1,1,1,1,1,1,1,1,1,1,1,1,1,1,1,1,1,1,1,1,1,1,1,1,1,1,1,1,1,1,1,1
    ,1,1,1,1,1,1,1,1,1,1,1,1,1,1,1,1,1,1,1,1,1,1,1,1,1,1,1,1,1,1,1,1,1,1
    ,1,1,1,1,1,1,1,1,1,1,1,1,1,1,1,1,1,1,1,1,1,1,1,1,1,1,1,1,1,1,1,1,1,1
    ,1,1,1,1,1,1,1,1,1,1,1,1,1,1,1,1,1,1,1,1,1,1,1,1,1,1,1,1,1,1,1,1,1,1
    ,1,1,1,1,1,1,1,1,1,1,1,1,1,1,1,1,1,1,1,1,1,1,1,1,1,1,1,1,1,1,1,1,1,1
    ,1,1,1,1,1,1,1,1,1,1,1,1,1,1,1,1,1,1,1,1,1,1,1,1,1,1,1,1,1,4),(0.,
    2.295231636517E-03,4.590463273033E-03,6.88569490955E-03,
    9.180926546066E-03,1.147615818258E-02,1.37713898191E-02,
    1.606662145562E-02,1.836185309213E-02,2.065708472865E-02,
    2.295231636517E-02,2.524754800168E-02,2.75427796382E-02,
    2.983801127471E-02,3.213324291123E-02,3.442847454775E-02,
    3.672370618426E-02,3.901893782078E-02,4.13141694573E-02,
    4.360940109381E-02,4.590463273033E-02,4.819986436685E-02,
    5.049509600336E-02,5.279032763988E-02,5.50855592764E-02,
    5.738079091291E-02,5.967602254943E-02,6.197125418595E-02,
    6.426648582246E-02,6.656171745898E-02,6.88569490955E-02,
    7.115218073201E-02,7.344741236853E-02,7.574264400504E-02,
    7.803787564156E-02,8.033310727808E-02,8.262833891459E-02,
    8.492357055111E-02,8.721880218763E-02,8.951403382414E-02,
    9.180926546066E-02,9.410449709718E-02,9.639972873369E-02,
    9.869496037021E-02,0.100990192007,0.103285423643,0.10558065528,
    0.107875886916,0.110171118553,0.112466350189,0.114761581826,
    0.117056813462,0.119352045099,0.121647276735,0.123942508372,
    0.126237740008,0.128532971645,0.130828203281,0.133123434918,
    0.135418666554,0.137713898191,0.140009129828,0.142304361464,
    0.144599593101,0.146894824737,0.149190056374,0.15148528801,
    0.153780519647,0.156075751283,0.15837098292,0.160666214556,
    0.162961446193,0.165256677829,0.167551909466,0.169847141102,
    0.172142372739,0.174437604375,0.176732836012,0.179028067648,
    0.181323299285,0.183618530921,0.185913762558,0.188208994194,
    0.190504225831,0.192799457467,0.195094689104,0.19738992074,
    0.199685152377,0.201980384013,0.20427561565,0.206570847286,
    0.208866078923,0.21116131056,0.213456542196,0.215751773833,
    0.218047005469,0.220342237106,0.222637468742,0.224932700379,
    0.227227932015,0.229523163652,0.231818395288,0.234113626925,
    0.236408858561,0.238704090198,0.240999321834,0.243294553471,
    0.245589785107,0.247885016744,0.25018024838,0.252475480017,
    0.254770711653,0.25706594329,0.259361174926,0.261656406563,
    0.263951638199,0.266246869836,0.268542101472,0.270837333109,
    0.273132564745,0.275427796382,0.277723028018,0.280018259655,
    0.282313491292,0.284608722928,0.286903954565,0.289199186201,
    0.291494417838,0.293789649474,0.296084881111,0.298380112747,
    0.300675344384,0.30297057602,0.305265807657,0.307561039293,
    0.30985627093,0.312151502566,0.314446734203,0.316741965839,
    0.319037197476,0.321332429112,0.323627660749,0.325922892385,
    0.328218124022,0.330513355658,0.332808587295,0.335103818931,
    0.337399050568,0.339694282204,0.341989513841,0.344284745477,
    0.346579977114,0.348875208751,0.351170440387,0.353465672024,
    0.35576090366,0.358056135297,0.360351366933,0.36264659857,
    0.364941830206,0.367237061843,0.369532293479,0.371827525116,
    0.374122756752,0.376417988389,0.378713220025,0.381008451662,
    0.383303683298,0.385598914935,0.387894146571,0.390189378208,
    0.392484609844,0.394779841481,0.397075073117,0.399370304754,
    0.40166553639,0.403960768027,0.406255999663,0.4085512313,
    0.410846462936,0.413141694573,0.415436926209,0.417732157846,
    0.420027389483,0.422322621119,0.424617852756,0.426913084392,
    0.429208316029,0.431503547665,0.433798779302,0.436094010938,
    0.438389242575,0.440684474211,0.442979705848,0.445274937484,
    0.447570169121,0.449865400757,0.452160632394,0.45445586403,
    0.456751095667,0.459046327303,0.46134155894,0.463636790576,
    0.465932022213,0.468227253849,0.470522485486,0.472817717122,
    0.475112948759,0.477408180395,0.479703412032,0.481998643668,
    0.484293875305,0.486589106941,0.488884338578,0.491179570215,
    0.493474801851,0.495770033488,0.498065265124,0.500360496761,
    0.502655728397,0.504950960034,0.50724619167,0.509541423307,
    0.511836654943,0.51413188658,0.516427118216,0.518722349853,
    0.521017581489,0.523312813126,0.525608044762,0.527903276399,
    0.530198508035,0.532493739672,0.534788971308,0.537084202945,
    0.539379434581,0.541674666218,0.543969897854,0.546265129491,
    0.548560361127,0.550855592764,0.5531508244,0.555446056037,
    0.557741287674,0.56003651931,0.562331750947,0.564626982583,
    0.56692221422,0.569217445856,0.571512677493,0.573807909129,
    0.576103140766,0.578398372402,0.580693604039,0.582988835675,
    0.585284067312,0.587579298948,0.589874530585,0.592169762221,
    0.594464993858,0.596760225494,0.599055457131,0.601350688767,
    0.603645920404,0.60594115204,0.608236383677,0.610531615313,
    0.61282684695,0.615122078586,0.617417310223,0.619712541859,
    0.622007773496,0.624303005132,0.626598236769,0.628893468406,
    0.631188700042,0.633483931679,0.635779163315,0.638074394952,
    0.640369626588,0.642664858225,0.644960089861,0.647255321498,
    0.649550553134,0.651845784771,0.654141016407,0.656436248044,
    0.65873147968,0.661026711317,0.663321942953,0.66561717459,
    0.667912406226,0.670207637863,0.672502869499,0.674798101136,
    0.677093332772,0.679388564409,0.681683796045,0.683979027682,
    0.686274259318,0.688569490955,0.690864722591,0.693159954228,
    0.695455185864,0.697750417501,0.700045649138,0.702340880774,
    0.704636112411,0.706931344047,0.709226575684,0.71152180732,
    0.713817038957,0.716112270593,0.71840750223,0.720702733866,
    0.722997965503,0.725293197139,0.727588428776,0.729883660412,
    0.732178892049,0.734474123685,0.736769355322,0.739064586958,
    0.741359818595,0.743655050231,0.745950281868,0.748245513504,
    0.750540745141,0.752835976777,0.755131208414,0.75742644005,
    0.759721671687,0.762016903323,0.76431213496,0.766607366597,
    0.768902598233,0.77119782987,0.773493061506,0.775788293143,
    0.778083524779,0.780378756416,0.782673988052,0.784969219689,
    0.787264451325,0.789559682962,0.791854914598,0.794150146235,
    0.796445377871,0.798740609508,0.801035841144,0.803331072781,
    0.805626304417,0.807921536054,0.81021676769,0.812511999327,
    0.814807230963,0.8171024626,0.819397694236,0.821692925873,
    0.823988157509,0.826283389146,0.828578620782,0.830873852419,
    0.833169084055,0.835464315692,0.837759547329,0.840054778965,
    0.842350010602,0.844645242238,0.846940473875,0.849235705511,
    0.851530937148,0.853826168784,0.856121400421,0.858416632057),
  .QUASI_UNIFORM_KNOTS.);
#345 = CARTESIAN_POINT('',(1.383305221624,-1.2E+03));
#346 = CARTESIAN_POINT('',(1.383305221624,-1.199223771364E+03));
#347 = CARTESIAN_POINT('',(1.383323446698,-1.197673609469E+03));
#348 = CARTESIAN_POINT('',(1.383405117453,-1.19535520969E+03));
#349 = CARTESIAN_POINT('',(1.383540779555,-1.193043609943E+03));
#350 = CARTESIAN_POINT('',(1.383730090221,-1.190738767072E+03));
#351 = CARTESIAN_POINT('',(1.383972710389,-1.188440638386E+03));
#352 = CARTESIAN_POINT('',(1.384268287164,-1.186149179452E+03));
#353 = CARTESIAN_POINT('',(1.38461652113,-1.183864352576E+03));
#354 = CARTESIAN_POINT('',(1.385017356055,-1.18158615071E+03));
#355 = CARTESIAN_POINT('',(1.385470706962,-1.179314563181E+03));
#356 = CARTESIAN_POINT('',(1.385976495283,-1.177049580102E+03));
#357 = CARTESIAN_POINT('',(1.386534645983,-1.174791192054E+03));
#358 = CARTESIAN_POINT('',(1.387145063925,-1.17253938697E+03));
#359 = CARTESIAN_POINT('',(1.387807737939,-1.170294163745E+03));
#360 = CARTESIAN_POINT('',(1.388522869496,-1.16805554659E+03));
#361 = CARTESIAN_POINT('',(1.389290625097,-1.165823560717E+03));
#362 = CARTESIAN_POINT('',(1.390111186998,-1.163598213023E+03));
#363 = CARTESIAN_POINT('',(1.390984710559,-1.161379582664E+03));
#364 = CARTESIAN_POINT('',(1.39191144412,-1.159167478082E+03));
#365 = CARTESIAN_POINT('',(1.39289138864,-1.15696273046E+03));
#366 = CARTESIAN_POINT('',(1.39392637,-1.154762466649E+03));
#367 = CARTESIAN_POINT('',(1.395010962708,-1.152578479932E+03));
#368 = CARTESIAN_POINT('',(1.396142745671,-1.150414745485E+03));
#369 = CARTESIAN_POINT('',(1.39732187883,-1.148270020701E+03));
#370 = CARTESIAN_POINT('',(1.398547837622,-1.1461444426E+03));
#371 = CARTESIAN_POINT('',(1.399820317563,-1.144037793286E+03));
#372 = CARTESIAN_POINT('',(1.401139159628,-1.141950033084E+03));
#373 = CARTESIAN_POINT('',(1.402504178979,-1.139881079674E+03));
#374 = CARTESIAN_POINT('',(1.403915196624,-1.137830861468E+03));
#375 = CARTESIAN_POINT('',(1.405372039057,-1.1357993066E+03));
#376 = CARTESIAN_POINT('',(1.406874508051,-1.133786333571E+03));
#377 = CARTESIAN_POINT('',(1.408422615375,-1.131791945935E+03));
#378 = CARTESIAN_POINT('',(1.41001642315,-1.129816167883E+03));
#379 = CARTESIAN_POINT('',(1.411655981717,-1.127859017117E+03));
#380 = CARTESIAN_POINT('',(1.413341344591,-1.125920517498E+03));
#381 = CARTESIAN_POINT('',(1.415072568724,-1.12400067474E+03));
#382 = CARTESIAN_POINT('',(1.416849698488,-1.122099560982E+03));
#383 = CARTESIAN_POINT('',(1.418673191828,-1.12021714817E+03));
#384 = CARTESIAN_POINT('',(1.420542630563,-1.11835405189E+03));
#385 = CARTESIAN_POINT('',(1.422460632359,-1.116508385321E+03));
#386 = CARTESIAN_POINT('',(1.424423948737,-1.114683374037E+03));
#387 = CARTESIAN_POINT('',(1.426426113445,-1.112885141053E+03));
#388 = CARTESIAN_POINT('',(1.428463230935,-1.111116884562E+03));
#389 = CARTESIAN_POINT('',(1.430535925681,-1.109377428057E+03));
#390 = CARTESIAN_POINT('',(1.43264379453,-1.107666888965E+03));
#391 = CARTESIAN_POINT('',(1.43478670995,-1.105985037254E+03));
#392 = CARTESIAN_POINT('',(1.436964475176,-1.104331738793E+03));
#393 = CARTESIAN_POINT('',(1.439176900428,-1.102706823303E+03));
#394 = CARTESIAN_POINT('',(1.441423846763,-1.101110172305E+03));
#395 = CARTESIAN_POINT('',(1.443705331214,-1.099541791194E+03));
#396 = CARTESIAN_POINT('',(1.446021348637,-1.098001667094E+03));
#397 = CARTESIAN_POINT('',(1.44837190003,-1.096489791008E+03));
#398 = CARTESIAN_POINT('',(1.450756990697,-1.095006156703E+03));
#399 = CARTESIAN_POINT('',(1.453176609292,-1.093550743004E+03));
#400 = CARTESIAN_POINT('',(1.455630823067,-1.092123593598E+03));
#401 = CARTESIAN_POINT('',(1.458119839477,-1.090724860056E+03));
#402 = CARTESIAN_POINT('',(1.460643826365,-1.089354681375E+03));
#403 = CARTESIAN_POINT('',(1.463203020639,-1.088013173826E+03));
#404 = CARTESIAN_POINT('',(1.465797430662,-1.086700557159E+03));
#405 = CARTESIAN_POINT('',(1.468427917925,-1.08541665994E+03));
#406 = CARTESIAN_POINT('',(1.471093701616,-1.084162394409E+03));
#407 = CARTESIAN_POINT('',(1.473785962913,-1.082941729611E+03));
#408 = CARTESIAN_POINT('',(1.476496537498,-1.081758465912E+03));
#409 = CARTESIAN_POINT('',(1.479227703106,-1.080611058434E+03));
#410 = CARTESIAN_POINT('',(1.481979088699,-1.0794994719E+03));
#411 = CARTESIAN_POINT('',(1.484750655119,-1.078423434169E+03));
#412 = CARTESIAN_POINT('',(1.487542303569,-1.07738278583E+03));
#413 = CARTESIAN_POINT('',(1.490354032992,-1.076377478516E+03));
#414 = CARTESIAN_POINT('',(1.493185820293,-1.075407439259E+03));
#415 = CARTESIAN_POINT('',(1.496037648942,-1.074472600707E+03));
#416 = CARTESIAN_POINT('',(1.498909503958,-1.073572897643E+03));
#417 = CARTESIAN_POINT('',(1.501801363374,-1.072708250698E+03));
#418 = CARTESIAN_POINT('',(1.504713303929,-1.071878751544E+03));
#419 = CARTESIAN_POINT('',(1.5076454159,-1.071084514658E+03));
#420 = CARTESIAN_POINT('',(1.510597788499,-1.07032564714E+03));
#421 = CARTESIAN_POINT('',(1.513570508239,-1.06960226319E+03));
#422 = CARTESIAN_POINT('',(1.516563679826,-1.06891445599E+03));
#423 = CARTESIAN_POINT('',(1.51957734429,-1.068262395878E+03));
#424 = CARTESIAN_POINT('',(1.52261199183,-1.067646326319E+03));
#425 = CARTESIAN_POINT('',(1.525666695967,-1.067066662021E+03));
#426 = CARTESIAN_POINT('',(1.528745918725,-1.066522975436E+03));
#427 = CARTESIAN_POINT('',(1.531834607275,-1.066018141549E+03));
#428 = CARTESIAN_POINT('',(1.534924950268,-1.065553204526E+03));
#429 = CARTESIAN_POINT('',(1.538018647723,-1.065127500084E+03));
#430 = CARTESIAN_POINT('',(1.541115257744,-1.064740926001E+03));
#431 = CARTESIAN_POINT('',(1.54421491816,-1.064393297322E+03));
#432 = CARTESIAN_POINT('',(1.547317611577,-1.064084449981E+03));
#433 = CARTESIAN_POINT('',(1.550423362811,-1.063814219093E+03));
#434 = CARTESIAN_POINT('',(1.553532184121,-1.063582422153E+03));
#435 = CARTESIAN_POINT('',(1.556644097588,-1.06338895722E+03));
#436 = CARTESIAN_POINT('',(1.559759136787,-1.063233869866E+03));
#437 = CARTESIAN_POINT('',(1.562877333544,-1.063117179732E+03));
#438 = CARTESIAN_POINT('',(1.565998720345,-1.06303891182E+03));
#439 = CARTESIAN_POINT('',(1.569123329917,-1.062999095628E+03));
#440 = CARTESIAN_POINT('',(1.572251194458,-1.062997737308E+03));
#441 = CARTESIAN_POINT('',(1.575382350727,-1.063034951262E+03));
#442 = CARTESIAN_POINT('',(1.578516863171,-1.063110980163E+03));
#443 = CARTESIAN_POINT('',(1.581654730695,-1.063226034705E+03));
#444 = CARTESIAN_POINT('',(1.584796190369,-1.063380354867E+03));
#445 = CARTESIAN_POINT('',(1.587940593367,-1.06357409548E+03));
#446 = CARTESIAN_POINT('',(1.591090597479,-1.063807722666E+03));
#447 = CARTESIAN_POINT('',(1.594234012518,-1.064080565765E+03));
#448 = CARTESIAN_POINT('',(1.597359758167,-1.064391436491E+03));
#449 = CARTESIAN_POINT('',(1.60047156915,-1.064740304051E+03));
#450 = CARTESIAN_POINT('',(1.603568611496,-1.065126850013E+03));
#451 = CARTESIAN_POINT('',(1.606651248165,-1.065550901489E+03));
#452 = CARTESIAN_POINT('',(1.609719533264,-1.066012212737E+03));
#453 = CARTESIAN_POINT('',(1.612773573418,-1.06651063392E+03));
#454 = CARTESIAN_POINT('',(1.615813410382,-1.067046119977E+03));
#455 = CARTESIAN_POINT('',(1.618839101444,-1.067618600001E+03));
#456 = CARTESIAN_POINT('',(1.621850698929,-1.068228009653E+03));
#457 = CARTESIAN_POINT('',(1.624848254805,-1.068874284174E+03));
#458 = CARTESIAN_POINT('',(1.627831822738,-1.069557353916E+03));
#459 = CARTESIAN_POINT('',(1.630801382949,-1.070277332806E+03));
#460 = CARTESIAN_POINT('',(1.633756921383,-1.071034344893E+03));
#461 = CARTESIAN_POINT('',(1.636698390532,-1.071828498873E+03));
#462 = CARTESIAN_POINT('',(1.639625866567,-1.07265995474E+03));
#463 = CARTESIAN_POINT('',(1.642538959992,-1.073528682652E+03));
#464 = CARTESIAN_POINT('',(1.645439087456,-1.074435389638E+03));
#465 = CARTESIAN_POINT('',(1.648324164504,-1.075379676348E+03));
#466 = CARTESIAN_POINT('',(1.651195180107,-1.076362213207E+03));
#467 = CARTESIAN_POINT('',(1.654037871785,-1.077378175949E+03));
#468 = CARTESIAN_POINT('',(1.656849477916,-1.078426207662E+03));
#469 = CARTESIAN_POINT('',(1.659631050874,-1.079506376124E+03));
#470 = CARTESIAN_POINT('',(1.662382651737,-1.080618332711E+03));
#471 = CARTESIAN_POINT('',(1.665104459011,-1.081761996215E+03));
#472 = CARTESIAN_POINT('',(1.667796582889,-1.082937251287E+03));
#473 = CARTESIAN_POINT('',(1.67045915143,-1.084143990458E+03));
#474 = CARTESIAN_POINT('',(1.673092281856,-1.085382108871E+03));
#475 = CARTESIAN_POINT('',(1.675696109155,-1.086651483353E+03));
#476 = CARTESIAN_POINT('',(1.678270686849,-1.087952075756E+03));
#477 = CARTESIAN_POINT('',(1.680815967605,-1.089283954519E+03));
#478 = CARTESIAN_POINT('',(1.683331922652,-1.090647167055E+03));
#479 = CARTESIAN_POINT('',(1.68581851796,-1.092041765134E+03));
#480 = CARTESIAN_POINT('',(1.688275715276,-1.093467804135E+03));
#481 = CARTESIAN_POINT('',(1.690703491814,-1.094925320637E+03));
#482 = CARTESIAN_POINT('',(1.693101679563,-1.096414509283E+03));
#483 = CARTESIAN_POINT('',(1.695470117583,-1.097935540929E+03));
#484 = CARTESIAN_POINT('',(1.697808678648,-1.099488605791E+03));
#485 = CARTESIAN_POINT('',(1.700117067938,-1.10107386132E+03));
#486 = CARTESIAN_POINT('',(1.702395593282,-1.102692034531E+03));
#487 = CARTESIAN_POINT('',(1.704629935827,-1.104332907792E+03));
#488 = CARTESIAN_POINT('',(1.706821593,-1.10599702927E+03));
#489 = CARTESIAN_POINT('',(1.708970574331,-1.10768419757E+03));
#490 = CARTESIAN_POINT('',(1.711077149356,-1.109394328461E+03));
#491 = CARTESIAN_POINT('',(1.713141517171,-1.111127305952E+03));
#492 = CARTESIAN_POINT('',(1.715163891763,-1.112883023929E+03));
#493 = CARTESIAN_POINT('',(1.717144491072,-1.114661368523E+03));
#494 = CARTESIAN_POINT('',(1.719083319427,-1.116462342308E+03));
#495 = CARTESIAN_POINT('',(1.720980367804,-1.118285954278E+03));
#496 = CARTESIAN_POINT('',(1.722835629747,-1.120132211647E+03));
#497 = CARTESIAN_POINT('',(1.724649096569,-1.122001122329E+03));
#498 = CARTESIAN_POINT('',(1.726420760649,-1.123892693224E+03));
#499 = CARTESIAN_POINT('',(1.728150607054,-1.125806934579E+03));
#500 = CARTESIAN_POINT('',(1.729838406262,-1.127743973154E+03));
#501 = CARTESIAN_POINT('',(1.731483932344,-1.129703931325E+03));
#502 = CARTESIAN_POINT('',(1.733086963219,-1.131686936691E+03));
#503 = CARTESIAN_POINT('',(1.734647253731,-1.133693100345E+03));
#504 = CARTESIAN_POINT('',(1.736164643109,-1.135722594183E+03));
#505 = CARTESIAN_POINT('',(1.737638635734,-1.137775372269E+03));
#506 = CARTESIAN_POINT('',(1.739069326674,-1.139852557624E+03));
#507 = CARTESIAN_POINT('',(1.740448985445,-1.141943045919E+03));
#508 = CARTESIAN_POINT('',(1.741776197526,-1.144044051755E+03));
#509 = CARTESIAN_POINT('',(1.743052171225,-1.146156868832E+03));
#510 = CARTESIAN_POINT('',(1.744276943069,-1.148281070682E+03));
#511 = CARTESIAN_POINT('',(1.745450898237,-1.150416683839E+03));
#512 = CARTESIAN_POINT('',(1.746574090462,-1.152563666633E+03));
#513 = CARTESIAN_POINT('',(1.747646620673,-1.154722004892E+03));
#514 = CARTESIAN_POINT('',(1.748668578859,-1.156891676593E+03));
#515 = CARTESIAN_POINT('',(1.749640049469,-1.159072663619E+03));
#516 = CARTESIAN_POINT('',(1.750561147957,-1.161264940077E+03));
#517 = CARTESIAN_POINT('',(1.751431832828,-1.163468515436E+03));
#518 = CARTESIAN_POINT('',(1.752251923941,-1.165683429974E+03));
#519 = CARTESIAN_POINT('',(1.753021270948,-1.167909717942E+03));
#520 = CARTESIAN_POINT('',(1.753739716142,-1.170147412664E+03));
#521 = CARTESIAN_POINT('',(1.754407100343,-1.172396557198E+03));
#522 = CARTESIAN_POINT('',(1.755023276522,-1.174657156593E+03));
#523 = CARTESIAN_POINT('',(1.755587859512,-1.176929400814E+03));
#524 = CARTESIAN_POINT('',(1.756100465351,-1.179212988719E+03));
#525 = CARTESIAN_POINT('',(1.756560884083,-1.181509411853E+03));
#526 = CARTESIAN_POINT('',(1.756968388042,-1.183817094094E+03));
#527 = CARTESIAN_POINT('',(1.757321550511,-1.186127686684E+03));
#528 = CARTESIAN_POINT('',(1.75761935755,-1.188434983053E+03));
#529 = CARTESIAN_POINT('',(1.757862778004,-1.190740775099E+03));
#530 = CARTESIAN_POINT('',(1.75805189811,-1.193044644704E+03));
#531 = CARTESIAN_POINT('',(1.758187023011,-1.195346714986E+03));
#532 = CARTESIAN_POINT('',(1.758268398804,-1.197646964029E+03));
#533 = CARTESIAN_POINT('',(1.758296288796,-1.199945408825E+03));
#534 = CARTESIAN_POINT('',(1.758270946443,-1.202242055766E+03));
#535 = CARTESIAN_POINT('',(1.758192367293,-1.204536905278E+03));
#536 = CARTESIAN_POINT('',(1.758060552054,-1.206829957231E+03));
#537 = CARTESIAN_POINT('',(1.757875500599,-1.209121211652E+03));
#538 = CARTESIAN_POINT('',(1.757637210927,-1.211410668483E+03));
#539 = CARTESIAN_POINT('',(1.75734568931,-1.213698327863E+03));
#540 = CARTESIAN_POINT('',(1.757000910313,-1.215984189203E+03));
#541 = CARTESIAN_POINT('',(1.75660259749,-1.21826824215E+03));
#542 = CARTESIAN_POINT('',(1.75615049302,-1.220550481784E+03));
#543 = CARTESIAN_POINT('',(1.755644342895,-1.222830885403E+03));
#544 = CARTESIAN_POINT('',(1.755083858788,-1.225109495996E+03));
#545 = CARTESIAN_POINT('',(1.754468885393,-1.227386111564E+03));
#546 = CARTESIAN_POINT('',(1.753798427732,-1.229662365742E+03));
#547 = CARTESIAN_POINT('',(1.753076489021,-1.23192427715E+03));
#548 = CARTESIAN_POINT('',(1.752303918344,-1.234170964157E+03));
#549 = CARTESIAN_POINT('',(1.751481019933,-1.23640281123E+03));
#550 = CARTESIAN_POINT('',(1.750608129676,-1.238619838684E+03));
#551 = CARTESIAN_POINT('',(1.749685568454,-1.240822162554E+03));
#552 = CARTESIAN_POINT('',(1.74871367256,-1.243009876682E+03));
#553 = CARTESIAN_POINT('',(1.747692545813,-1.245183013275E+03));
#554 = CARTESIAN_POINT('',(1.746622326059,-1.247341612798E+03));
#555 = CARTESIAN_POINT('',(1.74550314379,-1.249485714152E+03));
#556 = CARTESIAN_POINT('',(1.744335122862,-1.251615354231E+03));
#557 = CARTESIAN_POINT('',(1.743118418998,-1.253730579531E+03));
#558 = CARTESIAN_POINT('',(1.741853007243,-1.255831383018E+03));
#559 = CARTESIAN_POINT('',(1.740538756258,-1.257917726753E+03));
#560 = CARTESIAN_POINT('',(1.739175560057,-1.25998957882E+03));
#561 = CARTESIAN_POINT('',(1.737763301384,-1.262046910254E+03));
#562 = CARTESIAN_POINT('',(1.736301879453,-1.264089674271E+03));
#563 = CARTESIAN_POINT('',(1.734791135635,-1.266117892405E+03));
#564 = CARTESIAN_POINT('',(1.733230871359,-1.268131256338E+03));
#565 = CARTESIAN_POINT('',(1.731620194249,-1.270130440481E+03));
#566 = CARTESIAN_POINT('',(1.729961025184,-1.272112518939E+03));
#567 = CARTESIAN_POINT('',(1.728260745211,-1.274068906732E+03));
#568 = CARTESIAN_POINT('',(1.726519670258,-1.27599988042E+03));
#569 = CARTESIAN_POINT('',(1.724739294654,-1.277904306732E+03));
#570 = CARTESIAN_POINT('',(1.722918884386,-1.279783518386E+03));
#571 = CARTESIAN_POINT('',(1.721058848088,-1.281637302851E+03));
#572 = CARTESIAN_POINT('',(1.719159291004,-1.283465857218E+03));
#573 = CARTESIAN_POINT('',(1.717220397238,-1.285269267945E+03));
#574 = CARTESIAN_POINT('',(1.715242333807,-1.287047654394E+03));
#575 = CARTESIAN_POINT('',(1.713225251909,-1.288801114779E+03));
#576 = CARTESIAN_POINT('',(1.71116910547,-1.290529624958E+03));
#577 = CARTESIAN_POINT('',(1.709073861688,-1.292233169192E+03));
#578 = CARTESIAN_POINT('',(1.70693948519,-1.293911730655E+03));
#579 = CARTESIAN_POINT('',(1.704765931342,-1.295565288476E+03));
#580 = CARTESIAN_POINT('',(1.70255318886,-1.297193839042E+03));
#581 = CARTESIAN_POINT('',(1.7003011003,-1.298797303703E+03));
#582 = CARTESIAN_POINT('',(1.698009484409,-1.300375524017E+03));
#583 = CARTESIAN_POINT('',(1.695678009885,-1.301928490774E+03));
#584 = CARTESIAN_POINT('',(1.693307009326,-1.303455707826E+03));
#585 = CARTESIAN_POINT('',(1.69089404703,-1.304958315014E+03));
#586 = CARTESIAN_POINT('',(1.688443941179,-1.306432942505E+03));
#587 = CARTESIAN_POINT('',(1.685968416091,-1.307872753395E+03));
#588 = CARTESIAN_POINT('',(1.683466194411,-1.309278856304E+03));
#589 = CARTESIAN_POINT('',(1.680937797864,-1.310651201439E+03));
#590 = CARTESIAN_POINT('',(1.678383266079,-1.311990050982E+03));
#591 = CARTESIAN_POINT('',(1.675802761982,-1.313295577635E+03));
#592 = CARTESIAN_POINT('',(1.673196431355,-1.314568000039E+03));
#593 = CARTESIAN_POINT('',(1.670564330505,-1.315807405991E+03));
#594 = CARTESIAN_POINT('',(1.667906448951,-1.317013803992E+03));
#595 = CARTESIAN_POINT('',(1.66522279012,-1.318187220481E+03));
#596 = CARTESIAN_POINT('',(1.662513353473,-1.319327678577E+03));
#597 = CARTESIAN_POINT('',(1.659778133753,-1.320435196735E+03));
#598 = CARTESIAN_POINT('',(1.657017141867,-1.321509815383E+03));
#599 = CARTESIAN_POINT('',(1.654230277236,-1.322551434365E+03));
#600 = CARTESIAN_POINT('',(1.6514173943,-1.323559896278E+03));
#601 = CARTESIAN_POINT('',(1.648578354151,-1.324535059285E+03));
#602 = CARTESIAN_POINT('',(1.645713025038,-1.325476771948E+03));
#603 = CARTESIAN_POINT('',(1.642821232357,-1.326384905668E+03));
#604 = CARTESIAN_POINT('',(1.639902958243,-1.327259250092E+03));
#605 = CARTESIAN_POINT('',(1.636957387731,-1.328099637378E+03));
#606 = CARTESIAN_POINT('',(1.633984563191,-1.32890568694E+03));
#607 = CARTESIAN_POINT('',(1.631003001908,-1.329672337207E+03));
#608 = CARTESIAN_POINT('',(1.628011521418,-1.330400291901E+03));
#609 = CARTESIAN_POINT('',(1.625010485063,-1.33108967717E+03));
#610 = CARTESIAN_POINT('',(1.621999857248,-1.331740825715E+03));
#611 = CARTESIAN_POINT('',(1.618979672122,-1.332353871847E+03));
#612 = CARTESIAN_POINT('',(1.615949921971,-1.332928914765E+03));
#613 = CARTESIAN_POINT('',(1.612910609792,-1.333466063714E+03));
#614 = CARTESIAN_POINT('',(1.609861734437,-1.333965422862E+03));
#615 = CARTESIAN_POINT('',(1.606803297469,-1.334427106648E+03));
#616 = CARTESIAN_POINT('',(1.603735290225,-1.33485119216E+03));
#617 = CARTESIAN_POINT('',(1.60065765915,-1.335237582326E+03));
#618 = CARTESIAN_POINT('',(1.597570355042,-1.335586199629E+03));
#619 = CARTESIAN_POINT('',(1.594473327563,-1.335896963411E+03));
#620 = CARTESIAN_POINT('',(1.59136652321,-1.336169786015E+03));
#621 = CARTESIAN_POINT('',(1.588249898937,-1.336404610925E+03));
#622 = CARTESIAN_POINT('',(1.585123362064,-1.336601234045E+03));
#623 = CARTESIAN_POINT('',(1.581986850573,-1.336759407494E+03));
#624 = CARTESIAN_POINT('',(1.578840151247,-1.336878914144E+03));
#625 = CARTESIAN_POINT('',(1.575683629216,-1.3369594881E+03));
#626 = CARTESIAN_POINT('',(1.572515412865,-1.337000750528E+03));
#627 = CARTESIAN_POINT('',(1.569354561771,-1.337002449592E+03));
#628 = CARTESIAN_POINT('',(1.566202952589,-1.336964976098E+03));
#629 = CARTESIAN_POINT('',(1.563059333595,-1.336888532219E+03));
#630 = CARTESIAN_POINT('',(1.559923944159,-1.33677332856E+03));
#631 = CARTESIAN_POINT('',(1.556796624361,-1.336619575199E+03));
#632 = CARTESIAN_POINT('',(1.553677323212,-1.336427475897E+03));
#633 = CARTESIAN_POINT('',(1.550565956197,-1.336197260202E+03));
#634 = CARTESIAN_POINT('',(1.547462479814,-1.335928998124E+03));
#635 = CARTESIAN_POINT('',(1.544366862834,-1.335622692022E+03));
#636 = CARTESIAN_POINT('',(1.54127907171,-1.335278360472E+03));
#637 = CARTESIAN_POINT('',(1.538199073724,-1.334896019144E+03));
#638 = CARTESIAN_POINT('',(1.535126837852,-1.334475679123E+03));
#639 = CARTESIAN_POINT('',(1.532062328156,-1.334017372733E+03));
#640 = CARTESIAN_POINT('',(1.529005548577,-1.333520958288E+03));
#641 = CARTESIAN_POINT('',(1.525956499351,-1.332986247194E+03));
#642 = CARTESIAN_POINT('',(1.522915226938,-1.332413078461E+03));
#643 = CARTESIAN_POINT('',(1.519881599576,-1.331801225832E+03));
#644 = CARTESIAN_POINT('',(1.516856154744,-1.331150696511E+03));
#645 = CARTESIAN_POINT('',(1.513836933761,-1.330460629131E+03));
#646 = CARTESIAN_POINT('',(1.510829904796,-1.329732277071E+03));
#647 = CARTESIAN_POINT('',(1.507845585048,-1.328968252223E+03));
#648 = CARTESIAN_POINT('',(1.504888499905,-1.328169864182E+03));
#649 = CARTESIAN_POINT('',(1.501955512563,-1.327336756178E+03));
#650 = CARTESIAN_POINT('',(1.499047240417,-1.326469285656E+03));
#651 = CARTESIAN_POINT('',(1.496163262225,-1.325567667013E+03));
#652 = CARTESIAN_POINT('',(1.493303540845,-1.324632006397E+03));
#653 = CARTESIAN_POINT('',(1.490467982114,-1.32366237645E+03));
#654 = CARTESIAN_POINT('',(1.487656507987,-1.322658859663E+03));
#655 = CARTESIAN_POINT('',(1.484869039876,-1.32162153263E+03));
#656 = CARTESIAN_POINT('',(1.482105492206,-1.320550485689E+03));
#657 = CARTESIAN_POINT('',(1.479365817508,-1.31944575638E+03));
#658 = CARTESIAN_POINT('',(1.476650073521,-1.318307235957E+03));
#659 = CARTESIAN_POINT('',(1.473958303045,-1.317134836775E+03));
#660 = CARTESIAN_POINT('',(1.471290555306,-1.315928468809E+03));
#661 = CARTESIAN_POINT('',(1.468646875027,-1.314688030454E+03));
#662 = CARTESIAN_POINT('',(1.466027324755,-1.313413468801E+03));
#663 = CARTESIAN_POINT('',(1.463431939866,-1.312104500606E+03));
#664 = CARTESIAN_POINT('',(1.460861278462,-1.310761114705E+03));
#665 = CARTESIAN_POINT('',(1.458313983422,-1.309382241001E+03));
#666 = CARTESIAN_POINT('',(1.455796072137,-1.307970849509E+03));
#667 = CARTESIAN_POINT('',(1.453319537016,-1.306533831202E+03));
#668 = CARTESIAN_POINT('',(1.450880833273,-1.305069641536E+03));
#669 = CARTESIAN_POINT('',(1.448480516435,-1.303578952434E+03));
#670 = CARTESIAN_POINT('',(1.446118224681,-1.302061716895E+03));
#671 = CARTESIAN_POINT('',(1.443793858393,-1.300518070218E+03));
#672 = CARTESIAN_POINT('',(1.441507247728,-1.298948099925E+03));
#673 = CARTESIAN_POINT('',(1.439258248947,-1.297351902348E+03));
#674 = CARTESIAN_POINT('',(1.437046691563,-1.295729586353E+03));
#675 = CARTESIAN_POINT('',(1.434872579677,-1.294081141699E+03));
#676 = CARTESIAN_POINT('',(1.432735965766,-1.292406524596E+03));
#677 = CARTESIAN_POINT('',(1.430636891531,-1.290705699523E+03));
#678 = CARTESIAN_POINT('',(1.428575401879,-1.288978629736E+03));
#679 = CARTESIAN_POINT('',(1.426551545695,-1.287225275122E+03));
#680 = CARTESIAN_POINT('',(1.424565358765,-1.28544561026E+03));
#681 = CARTESIAN_POINT('',(1.422617058857,-1.283639465122E+03));
#682 = CARTESIAN_POINT('',(1.420706928694,-1.281806692571E+03));
#683 = CARTESIAN_POINT('',(1.418835101036,-1.279946998336E+03));
#684 = CARTESIAN_POINT('',(1.417002248898,-1.278060653529E+03));
#685 = CARTESIAN_POINT('',(1.415207039189,-1.276145814862E+03));
#686 = CARTESIAN_POINT('',(1.413455719362,-1.274208627273E+03));
#687 = CARTESIAN_POINT('',(1.411753131195,-1.272254687742E+03));
#688 = CARTESIAN_POINT('',(1.410099518779,-1.270284757695E+03));
#689 = CARTESIAN_POINT('',(1.408494911722,-1.268299304021E+03));
#690 = CARTESIAN_POINT('',(1.406938512004,-1.266297739438E+03));
#691 = CARTESIAN_POINT('',(1.405430289703,-1.264280299701E+03));
#692 = CARTESIAN_POINT('',(1.403969949943,-1.262247019879E+03));
#693 = CARTESIAN_POINT('',(1.402557483002,-1.260197918337E+03));
#694 = CARTESIAN_POINT('',(1.401192868532,-1.258132996403E+03));
#695 = CARTESIAN_POINT('',(1.39987608815,-1.256052260485E+03));
#696 = CARTESIAN_POINT('',(1.398607129405,-1.253955713717E+03));
#697 = CARTESIAN_POINT('',(1.397385957335,-1.25184336725E+03));
#698 = CARTESIAN_POINT('',(1.39621263493,-1.249715199898E+03));
#699 = CARTESIAN_POINT('',(1.395087410103,-1.247571129422E+03));
#700 = CARTESIAN_POINT('',(1.394010499328,-1.245411084204E+03));
#701 = CARTESIAN_POINT('',(1.392982125315,-1.243234990231E+03));
#702 = CARTESIAN_POINT('',(1.392002519295,-1.241042772455E+03));
#703 = CARTESIAN_POINT('',(1.391071874194,-1.238834362359E+03));
#704 = CARTESIAN_POINT('',(1.390190551878,-1.236609398235E+03));
#705 = CARTESIAN_POINT('',(1.389359116897,-1.234368198375E+03));
#706 = CARTESIAN_POINT('',(1.388578142573,-1.232110848433E+03));
#707 = CARTESIAN_POINT('',(1.387852057378,-1.22985007326E+03));
#708 = CARTESIAN_POINT('',(1.387179853893,-1.227583832745E+03));
#709 = CARTESIAN_POINT('',(1.386561470933,-1.225312704292E+03));
#710 = CARTESIAN_POINT('',(1.385996652259,-1.223036558522E+03));
#711 = CARTESIAN_POINT('',(1.385485405565,-1.220755435742E+03));
#712 = CARTESIAN_POINT('',(1.385027677349,-1.218469329962E+03));
#713 = CARTESIAN_POINT('',(1.38462342884,-1.216178247577E+03));
#714 = CARTESIAN_POINT('',(1.38427262398,-1.213882191747E+03));
#715 = CARTESIAN_POINT('',(1.383975201572,-1.211581166176E+03));
#716 = CARTESIAN_POINT('',(1.383731346568,-1.209275150713E+03));
#717 = CARTESIAN_POINT('',(1.383541289691,-1.206964128527E+03));
#718 = CARTESIAN_POINT('',(1.383405249766,-1.204648081986E+03));
#719 = CARTESIAN_POINT('',(1.383323448818,-1.202326993674E+03));
#720 = CARTESIAN_POINT('',(1.383305221624,-1.200776228636E+03));
#721 = CARTESIAN_POINT('',(1.383305221624,-1.2E+03));
#722 = ( GEOMETRIC_REPRESENTATION_CONTEXT(2) 
PARAMETRIC_REPRESENTATION_CONTEXT() REPRESENTATION_CONTEXT('2D SPACE',''
  ) );
#723 = PCURVE('',#724,#729);
#724 = CYLINDRICAL_SURFACE('',#725,137.);
#725 = AXIS2_PLACEMENT_3D('',#726,#727,#728);
#726 = CARTESIAN_POINT('',(1.E+03,1.2E+03,0.));
#727 = DIRECTION('',(-1.,-0.,-0.));
#728 = DIRECTION('',(0.,0.,1.));
#729 = DEFINITIONAL_REPRESENTATION('',(#730),#1108);
#730 = B_SPLINE_CURVE_WITH_KNOTS('',3,(#731,#732,#733,#734,#735,#736,
    #737,#738,#739,#740,#741,#742,#743,#744,#745,#746,#747,#748,#749,
    #750,#751,#752,#753,#754,#755,#756,#757,#758,#759,#760,#761,#762,
    #763,#764,#765,#766,#767,#768,#769,#770,#771,#772,#773,#774,#775,
    #776,#777,#778,#779,#780,#781,#782,#783,#784,#785,#786,#787,#788,
    #789,#790,#791,#792,#793,#794,#795,#796,#797,#798,#799,#800,#801,
    #802,#803,#804,#805,#806,#807,#808,#809,#810,#811,#812,#813,#814,
    #815,#816,#817,#818,#819,#820,#821,#822,#823,#824,#825,#826,#827,
    #828,#829,#830,#831,#832,#833,#834,#835,#836,#837,#838,#839,#840,
    #841,#842,#843,#844,#845,#846,#847,#848,#849,#850,#851,#852,#853,
    #854,#855,#856,#857,#858,#859,#860,#861,#862,#863,#864,#865,#866,
    #867,#868,#869,#870,#871,#872,#873,#874,#875,#876,#877,#878,#879,
    #880,#881,#882,#883,#884,#885,#886,#887,#888,#889,#890,#891,#892,
    #893,#894,#895,#896,#897,#898,#899,#900,#901,#902,#903,#904,#905,
    #906,#907,#908,#909,#910,#911,#912,#913,#914,#915,#916,#917,#918,
    #919,#920,#921,#922,#923,#924,#925,#926,#927,#928,#929,#930,#931,
    #932,#933,#934,#935,#936,#937,#938,#939,#940,#941,#942,#943,#944,
    #945,#946,#947,#948,#949,#950,#951,#952,#953,#954,#955,#956,#957,
    #958,#959,#960,#961,#962,#963,#964,#965,#966,#967,#968,#969,#970,
    #971,#972,#973,#974,#975,#976,#977,#978,#979,#980,#981,#982,#983,
    #984,#985,#986,#987,#988,#989,#990,#991,#992,#993,#994,#995,#996,
    #997,#998,#999,#1000,#1001,#1002,#1003,#1004,#1005,#1006,#1007,#1008
    ,#1009,#1010,#1011,#1012,#1013,#1014,#1015,#1016,#1017,#1018,#1019,
    #1020,#1021,#1022,#1023,#1024,#1025,#1026,#1027,#1028,#1029,#1030,
    #1031,#1032,#1033,#1034,#1035,#1036,#1037,#1038,#1039,#1040,#1041,
    #1042,#1043,#1044,#1045,#1046,#1047,#1048,#1049,#1050,#1051,#1052,
    #1053,#1054,#1055,#1056,#1057,#1058,#1059,#1060,#1061,#1062,#1063,
    #1064,#1065,#1066,#1067,#1068,#1069,#1070,#1071,#1072,#1073,#1074,
    #1075,#1076,#1077,#1078,#1079,#1080,#1081,#1082,#1083,#1084,#1085,
    #1086,#1087,#1088,#1089,#1090,#1091,#1092,#1093,#1094,#1095,#1096,
    #1097,#1098,#1099,#1100,#1101,#1102,#1103,#1104,#1105,#1106,#1107),
  .UNSPECIFIED.,.F.,.F.,(4,1,1,1,1,1,1,1,1,1,1,1,1,1,1,1,1,1,1,1,1,1,1,1
    ,1,1,1,1,1,1,1,1,1,1,1,1,1,1,1,1,1,1,1,1,1,1,1,1,1,1,1,1,1,1,1,1,1,1
    ,1,1,1,1,1,1,1,1,1,1,1,1,1,1,1,1,1,1,1,1,1,1,1,1,1,1,1,1,1,1,1,1,1,1
    ,1,1,1,1,1,1,1,1,1,1,1,1,1,1,1,1,1,1,1,1,1,1,1,1,1,1,1,1,1,1,1,1,1,1
    ,1,1,1,1,1,1,1,1,1,1,1,1,1,1,1,1,1,1,1,1,1,1,1,1,1,1,1,1,1,1,1,1,1,1
    ,1,1,1,1,1,1,1,1,1,1,1,1,1,1,1,1,1,1,1,1,1,1,1,1,1,1,1,1,1,1,1,1,1,1
    ,1,1,1,1,1,1,1,1,1,1,1,1,1,1,1,1,1,1,1,1,1,1,1,1,1,1,1,1,1,1,1,1,1,1
    ,1,1,1,1,1,1,1,1,1,1,1,1,1,1,1,1,1,1,1,1,1,1,1,1,1,1,1,1,1,1,1,1,1,1
    ,1,1,1,1,1,1,1,1,1,1,1,1,1,1,1,1,1,1,1,1,1,1,1,1,1,1,1,1,1,1,1,1,1,1
    ,1,1,1,1,1,1,1,1,1,1,1,1,1,1,1,1,1,1,1,1,1,1,1,1,1,1,1,1,1,1,1,1,1,1
    ,1,1,1,1,1,1,1,1,1,1,1,1,1,1,1,1,1,1,1,1,1,1,1,1,1,1,1,1,1,1,1,1,1,1
    ,1,1,1,1,1,1,1,1,1,1,4),(0.,2.295231636517E-03,4.590463273033E-03,
    6.88569490955E-03,9.180926546066E-03,1.147615818258E-02,
    1.37713898191E-02,1.606662145562E-02,1.836185309213E-02,
    2.065708472865E-02,2.295231636517E-02,2.524754800168E-02,
    2.75427796382E-02,2.983801127471E-02,3.213324291123E-02,
    3.442847454775E-02,3.672370618426E-02,3.901893782078E-02,
    4.13141694573E-02,4.360940109381E-02,4.590463273033E-02,
    4.819986436685E-02,5.049509600336E-02,5.279032763988E-02,
    5.50855592764E-02,5.738079091291E-02,5.967602254943E-02,
    6.197125418595E-02,6.426648582246E-02,6.656171745898E-02,
    6.88569490955E-02,7.115218073201E-02,7.344741236853E-02,
    7.574264400504E-02,7.803787564156E-02,8.033310727808E-02,
    8.262833891459E-02,8.492357055111E-02,8.721880218763E-02,
    8.951403382414E-02,9.180926546066E-02,9.410449709718E-02,
    9.639972873369E-02,9.869496037021E-02,0.100990192007,0.103285423643,
    0.10558065528,0.107875886916,0.110171118553,0.112466350189,
    0.114761581826,0.117056813462,0.119352045099,0.121647276735,
    0.123942508372,0.126237740008,0.128532971645,0.130828203281,
    0.133123434918,0.135418666554,0.137713898191,0.140009129828,
    0.142304361464,0.144599593101,0.146894824737,0.149190056374,
    0.15148528801,0.153780519647,0.156075751283,0.15837098292,
    0.160666214556,0.162961446193,0.165256677829,0.167551909466,
    0.169847141102,0.172142372739,0.174437604375,0.176732836012,
    0.179028067648,0.181323299285,0.183618530921,0.185913762558,
    0.188208994194,0.190504225831,0.192799457467,0.195094689104,
    0.19738992074,0.199685152377,0.201980384013,0.20427561565,
    0.206570847286,0.208866078923,0.21116131056,0.213456542196,
    0.215751773833,0.218047005469,0.220342237106,0.222637468742,
    0.224932700379,0.227227932015,0.229523163652,0.231818395288,
    0.234113626925,0.236408858561,0.238704090198,0.240999321834,
    0.243294553471,0.245589785107,0.247885016744,0.25018024838,
    0.252475480017,0.254770711653,0.25706594329,0.259361174926,
    0.261656406563,0.263951638199,0.266246869836,0.268542101472,
    0.270837333109,0.273132564745,0.275427796382,0.277723028018,
    0.280018259655,0.282313491292,0.284608722928,0.286903954565,
    0.289199186201,0.291494417838,0.293789649474,0.296084881111,
    0.298380112747,0.300675344384,0.30297057602,0.305265807657,
    0.307561039293,0.30985627093,0.312151502566,0.314446734203,
    0.316741965839,0.319037197476,0.321332429112,0.323627660749,
    0.325922892385,0.328218124022,0.330513355658,0.332808587295,
    0.335103818931,0.337399050568,0.339694282204,0.341989513841,
    0.344284745477,0.346579977114,0.348875208751,0.351170440387,
    0.353465672024,0.35576090366,0.358056135297,0.360351366933,
    0.36264659857,0.364941830206,0.367237061843,0.369532293479,
    0.371827525116,0.374122756752,0.376417988389,0.378713220025,
    0.381008451662,0.383303683298,0.385598914935,0.387894146571,
    0.390189378208,0.392484609844,0.394779841481,0.397075073117,
    0.399370304754,0.40166553639,0.403960768027,0.406255999663,
    0.4085512313,0.410846462936,0.413141694573,0.415436926209,
    0.417732157846,0.420027389483,0.422322621119,0.424617852756,
    0.426913084392,0.429208316029,0.431503547665,0.433798779302,
    0.436094010938,0.438389242575,0.440684474211,0.442979705848,
    0.445274937484,0.447570169121,0.449865400757,0.452160632394,
    0.45445586403,0.456751095667,0.459046327303,0.46134155894,
    0.463636790576,0.465932022213,0.468227253849,0.470522485486,
    0.472817717122,0.475112948759,0.477408180395,0.479703412032,
    0.481998643668,0.484293875305,0.486589106941,0.488884338578,
    0.491179570215,0.493474801851,0.495770033488,0.498065265124,
    0.500360496761,0.502655728397,0.504950960034,0.50724619167,
    0.509541423307,0.511836654943,0.51413188658,0.516427118216,
    0.518722349853,0.521017581489,0.523312813126,0.525608044762,
    0.527903276399,0.530198508035,0.532493739672,0.534788971308,
    0.537084202945,0.539379434581,0.541674666218,0.543969897854,
    0.546265129491,0.548560361127,0.550855592764,0.5531508244,
    0.555446056037,0.557741287674,0.56003651931,0.562331750947,
    0.564626982583,0.56692221422,0.569217445856,0.571512677493,
    0.573807909129,0.576103140766,0.578398372402,0.580693604039,
    0.582988835675,0.585284067312,0.587579298948,0.589874530585,
    0.592169762221,0.594464993858,0.596760225494,0.599055457131,
    0.601350688767,0.603645920404,0.60594115204,0.608236383677,
    0.610531615313,0.61282684695,0.615122078586,0.617417310223,
    0.619712541859,0.622007773496,0.624303005132,0.626598236769,
    0.628893468406,0.631188700042,0.633483931679,0.635779163315,
    0.638074394952,0.640369626588,0.642664858225,0.644960089861,
    0.647255321498,0.649550553134,0.651845784771,0.654141016407,
    0.656436248044,0.65873147968,0.661026711317,0.663321942953,
    0.66561717459,0.667912406226,0.670207637863,0.672502869499,
    0.674798101136,0.677093332772,0.679388564409,0.681683796045,
    0.683979027682,0.686274259318,0.688569490955,0.690864722591,
    0.693159954228,0.695455185864,0.697750417501,0.700045649138,
    0.702340880774,0.704636112411,0.706931344047,0.709226575684,
    0.71152180732,0.713817038957,0.716112270593,0.71840750223,
    0.720702733866,0.722997965503,0.725293197139,0.727588428776,
    0.729883660412,0.732178892049,0.734474123685,0.736769355322,
    0.739064586958,0.741359818595,0.743655050231,0.745950281868,
    0.748245513504,0.750540745141,0.752835976777,0.755131208414,
    0.75742644005,0.759721671687,0.762016903323,0.76431213496,
    0.766607366597,0.768902598233,0.77119782987,0.773493061506,
    0.775788293143,0.778083524779,0.780378756416,0.782673988052,
    0.784969219689,0.787264451325,0.789559682962,0.791854914598,
    0.794150146235,0.796445377871,0.798740609508,0.801035841144,
    0.803331072781,0.805626304417,0.807921536054,0.81021676769,
    0.812511999327,0.814807230963,0.8171024626,0.819397694236,
    0.821692925873,0.823988157509,0.826283389146,0.828578620782,
    0.830873852419,0.833169084055,0.835464315692,0.837759547329,
    0.840054778965,0.842350010602,0.844645242238,0.846940473875,
    0.849235705511,0.851530937148,0.853826168784,0.856121400421,
    0.858416632057),.QUASI_UNIFORM_KNOTS.);
#731 = CARTESIAN_POINT('',(3.14159265359,277.88089625048));
#732 = CARTESIAN_POINT('',(3.147258552296,277.88089625048));
#733 = CARTESIAN_POINT('',(3.158573609108,277.8783935696));
#734 = CARTESIAN_POINT('',(3.175501092117,277.86719659902));
#735 = CARTESIAN_POINT('',(3.192388612159,277.84862176483));
#736 = CARTESIAN_POINT('',(3.209241239712,277.82273417971));
#737 = CARTESIAN_POINT('',(3.226063986648,277.78959885596));
#738 = CARTESIAN_POINT('',(3.242861800185,277.74928118031));
#739 = CARTESIAN_POINT('',(3.259639523998,277.70184505552));
#740 = CARTESIAN_POINT('',(3.276401889324,277.64735384667));
#741 = CARTESIAN_POINT('',(3.29315364639,277.5858714953));
#742 = CARTESIAN_POINT('',(3.309899535132,277.51746179906));
#743 = CARTESIAN_POINT('',(3.326644283535,277.44218855474));
#744 = CARTESIAN_POINT('',(3.343392595592,277.36011570646));
#745 = CARTESIAN_POINT('',(3.360149154659,277.27130634494));
#746 = CARTESIAN_POINT('',(3.376918726055,277.175825773));
#747 = CARTESIAN_POINT('',(3.393706083028,277.07373954991));
#748 = CARTESIAN_POINT('',(3.410516185217,276.96511198209));
#749 = CARTESIAN_POINT('',(3.427353480737,276.8500121308));
#750 = CARTESIAN_POINT('',(3.444224469748,276.72849129084));
#751 = CARTESIAN_POINT('',(3.461128170129,276.60066822116));
#752 = CARTESIAN_POINT('',(3.478092391808,276.46642119607));
#753 = CARTESIAN_POINT('',(3.495031327568,276.32657146499));
#754 = CARTESIAN_POINT('',(3.511918253472,276.1815442415));
#755 = CARTESIAN_POINT('',(3.52876682637,276.03143783315));
#756 = CARTESIAN_POINT('',(3.545579927445,275.87643579906));
#757 = CARTESIAN_POINT('',(3.56236319468,275.71669627292));
#758 = CARTESIAN_POINT('',(3.579121342092,275.55237796978));
#759 = CARTESIAN_POINT('',(3.595859298613,275.38363914703));
#760 = CARTESIAN_POINT('',(3.612581900457,275.21063815035));
#761 = CARTESIAN_POINT('',(3.629293964292,275.03353342989));
#762 = CARTESIAN_POINT('',(3.6460002525,274.85248292969));
#763 = CARTESIAN_POINT('',(3.662705489123,274.66764013352));
#764 = CARTESIAN_POINT('',(3.679414431501,274.47916154188));
#765 = CARTESIAN_POINT('',(3.696131869543,274.28720284336));
#766 = CARTESIAN_POINT('',(3.712862577779,274.09192034177));
#767 = CARTESIAN_POINT('',(3.729611459219,273.89346869198));
#768 = CARTESIAN_POINT('',(3.746382968902,273.69200852933));
#769 = CARTESIAN_POINT('',(3.763183461978,273.48768102313));
#770 = CARTESIAN_POINT('',(3.780012818993,273.28071085946));
#771 = CARTESIAN_POINT('',(3.796895252723,273.07101078401));
#772 = CARTESIAN_POINT('',(3.813806503517,272.85912094922));
#773 = CARTESIAN_POINT('',(3.830695113432,272.64592347388));
#774 = CARTESIAN_POINT('',(3.847534836922,272.43200222848));
#775 = CARTESIAN_POINT('',(3.864339235731,272.21744093268));
#776 = CARTESIAN_POINT('',(3.881111082627,272.00244787514));
#777 = CARTESIAN_POINT('',(3.897855993296,271.78719806099));
#778 = CARTESIAN_POINT('',(3.914578760263,271.57187506057));
#779 = CARTESIAN_POINT('',(3.931284332788,271.35666146688));
#780 = CARTESIAN_POINT('',(3.947977510171,271.14173445814));
#781 = CARTESIAN_POINT('',(3.964663043346,270.92726935015));
#782 = CARTESIAN_POINT('',(3.981345708093,270.71344295483));
#783 = CARTESIAN_POINT('',(3.998030282984,270.50043170968));
#784 = CARTESIAN_POINT('',(4.01472154664,270.28841205387));
#785 = CARTESIAN_POINT('',(4.031424262215,270.07756079427));
#786 = CARTESIAN_POINT('',(4.048143196734,269.86805172809));
#787 = CARTESIAN_POINT('',(4.064883257131,269.66006521994));
#788 = CARTESIAN_POINT('',(4.081649301884,269.45378219644));
#789 = CARTESIAN_POINT('',(4.098446628692,269.24937932958));
#790 = CARTESIAN_POINT('',(4.115279144817,269.04704974794));
#791 = CARTESIAN_POINT('',(4.132156145904,268.84692500837));
#792 = CARTESIAN_POINT('',(4.149075357921,268.64929053709));
#793 = CARTESIAN_POINT('',(4.165986332445,268.45494392645));
#794 = CARTESIAN_POINT('',(4.182842235922,268.26465215841));
#795 = CARTESIAN_POINT('',(4.199664083223,268.07834935551));
#796 = CARTESIAN_POINT('',(4.216455015366,267.8961887895));
#797 = CARTESIAN_POINT('',(4.233220520866,267.71829477535));
#798 = CARTESIAN_POINT('',(4.249965339062,267.54479718475));
#799 = CARTESIAN_POINT('',(4.266694281728,267.37582219864));
#800 = CARTESIAN_POINT('',(4.283412130498,267.21149696396));
#801 = CARTESIAN_POINT('',(4.300123657207,267.05194827868));
#802 = CARTESIAN_POINT('',(4.316833610444,266.89730337052));
#803 = CARTESIAN_POINT('',(4.333546700599,266.74768809725));
#804 = CARTESIAN_POINT('',(4.35026764042,266.60322838032));
#805 = CARTESIAN_POINT('',(4.367001194374,266.46405314681));
#806 = CARTESIAN_POINT('',(4.383752172862,266.33029047325));
#807 = CARTESIAN_POINT('',(4.400525381115,266.20206895606));
#808 = CARTESIAN_POINT('',(4.417325780471,266.0795159627));
#809 = CARTESIAN_POINT('',(4.434157844907,265.96276326085));
#810 = CARTESIAN_POINT('',(4.451028269925,265.85193671902));
#811 = CARTESIAN_POINT('',(4.467936167601,265.74720237282));
#812 = CARTESIAN_POINT('',(4.484910218478,265.64856668102));
#813 = CARTESIAN_POINT('',(4.501871833047,265.5566312609));
#814 = CARTESIAN_POINT('',(4.518783224665,265.47166187465));
#815 = CARTESIAN_POINT('',(4.535658973822,265.39362477965));
#816 = CARTESIAN_POINT('',(4.55250152536,265.32255566522));
#817 = CARTESIAN_POINT('',(4.569316470772,265.25847163901));
#818 = CARTESIAN_POINT('',(4.586108516667,265.20139479037));
#819 = CARTESIAN_POINT('',(4.602882552601,265.1513458635));
#820 = CARTESIAN_POINT('',(4.619643360851,265.10834600153));
#821 = CARTESIAN_POINT('',(4.636395657823,265.07241597264));
#822 = CARTESIAN_POINT('',(4.653144125043,265.04357767523));
#823 = CARTESIAN_POINT('',(4.669893474478,265.02185292062));
#824 = CARTESIAN_POINT('',(4.686648425276,265.00726353299));
#825 = CARTESIAN_POINT('',(4.703413701548,264.9998313721));
#826 = CARTESIAN_POINT('',(4.720194016959,264.99957814258));
#827 = CARTESIAN_POINT('',(4.7369941004,265.00652603361));
#828 = CARTESIAN_POINT('',(4.753818894486,265.02069929214));
#829 = CARTESIAN_POINT('',(4.770673054966,265.04212070665));
#830 = CARTESIAN_POINT('',(4.787562580825,265.07081742466));
#831 = CARTESIAN_POINT('',(4.804488732475,265.10680061595));
#832 = CARTESIAN_POINT('',(4.8214706768,265.15014100224));
#833 = CARTESIAN_POINT('',(4.838447575823,265.20066322812));
#834 = CARTESIAN_POINT('',(4.85536412995,265.25810814563));
#835 = CARTESIAN_POINT('',(4.872244868626,265.32242367109));
#836 = CARTESIAN_POINT('',(4.889089680091,265.39349882389));
#837 = CARTESIAN_POINT('',(4.905904925759,265.47124059543));
#838 = CARTESIAN_POINT('',(4.922695182518,265.55555063929));
#839 = CARTESIAN_POINT('',(4.93946538022,265.64633439597));
#840 = CARTESIAN_POINT('',(4.956220259024,265.74349852973));
#841 = CARTESIAN_POINT('',(4.972964600742,265.8469493797));
#842 = CARTESIAN_POINT('',(4.989703157545,265.9565934647));
#843 = CARTESIAN_POINT('',(5.006440662063,266.07233691));
#844 = CARTESIAN_POINT('',(5.023181810181,266.19408723528));
#845 = CARTESIAN_POINT('',(5.039931316178,266.32175228855));
#846 = CARTESIAN_POINT('',(5.056694002522,266.45523878415));
#847 = CARTESIAN_POINT('',(5.073474524398,266.59445188852));
#848 = CARTESIAN_POINT('',(5.090278325285,266.7393040879));
#849 = CARTESIAN_POINT('',(5.107108041013,266.88968013719));
#850 = CARTESIAN_POINT('',(5.123977312201,267.04557264585));
#851 = CARTESIAN_POINT('',(5.140879457139,267.2067660426));
#852 = CARTESIAN_POINT('',(5.157826060245,267.37323351673));
#853 = CARTESIAN_POINT('',(5.174737917566,267.54401794184));
#854 = CARTESIAN_POINT('',(5.191602253594,267.71875672224));
#855 = CARTESIAN_POINT('',(5.208429106805,267.89732613052));
#856 = CARTESIAN_POINT('',(5.225222330338,268.07953824999));
#857 = CARTESIAN_POINT('',(5.2419871958,268.26522980999));
#858 = CARTESIAN_POINT('',(5.258728528427,268.45423236162));
#859 = CARTESIAN_POINT('',(5.275451238644,268.64637878637));
#860 = CARTESIAN_POINT('',(5.292160168165,268.84150182241));
#861 = CARTESIAN_POINT('',(5.308860123648,269.03943345076));
#862 = CARTESIAN_POINT('',(5.325555843908,269.24001087395));
#863 = CARTESIAN_POINT('',(5.342252077392,269.44306818184));
#864 = CARTESIAN_POINT('',(5.358953602902,269.64843950729));
#865 = CARTESIAN_POINT('',(5.375665212918,269.85595900846));
#866 = CARTESIAN_POINT('',(5.392391715307,270.0654606992));
#867 = CARTESIAN_POINT('',(5.409137894383,270.2767791454));
#868 = CARTESIAN_POINT('',(5.425908686525,270.48974520811));
#869 = CARTESIAN_POINT('',(5.442709020338,270.70418760589));
#870 = CARTESIAN_POINT('',(5.459544100957,270.91993900011));
#871 = CARTESIAN_POINT('',(5.476418361076,271.13681609246));
#872 = CARTESIAN_POINT('',(5.493341502612,271.35470183624));
#873 = CARTESIAN_POINT('',(5.510211838169,271.57203685871));
#874 = CARTESIAN_POINT('',(5.52704272351,271.78874387115));
#875 = CARTESIAN_POINT('',(5.543837983055,272.00463280897));
#876 = CARTESIAN_POINT('',(5.56060299824,272.21953191232));
#877 = CARTESIAN_POINT('',(5.577342673898,272.43326462874));
#878 = CARTESIAN_POINT('',(5.594061973238,272.64565527152));
#879 = CARTESIAN_POINT('',(5.610765759502,272.85652948345));
#880 = CARTESIAN_POINT('',(5.627458786031,273.06571738877));
#881 = CARTESIAN_POINT('',(5.644145822194,273.27304589104));
#882 = CARTESIAN_POINT('',(5.660831643362,273.47834268227));
#883 = CARTESIAN_POINT('',(5.677521022711,273.68143543514));
#884 = CARTESIAN_POINT('',(5.694218725467,273.88215111118));
#885 = CARTESIAN_POINT('',(5.710929491598,274.0803195737));
#886 = CARTESIAN_POINT('',(5.727658151501,274.27576456115));
#887 = CARTESIAN_POINT('',(5.7444095914,274.46830777259));
#888 = CARTESIAN_POINT('',(5.761188792609,274.65777196722));
#889 = CARTESIAN_POINT('',(5.778000619201,274.84397770314));
#890 = CARTESIAN_POINT('',(5.794850576813,275.02675328264));
#891 = CARTESIAN_POINT('',(5.811741953224,275.20589747599));
#892 = CARTESIAN_POINT('',(5.828687151653,275.38128754328));
#893 = CARTESIAN_POINT('',(5.845600318161,275.55182749345));
#894 = CARTESIAN_POINT('',(5.862464799308,275.71718388484));
#895 = CARTESIAN_POINT('',(5.879296711883,275.87736200097));
#896 = CARTESIAN_POINT('',(5.89609812301,276.03222219555));
#897 = CARTESIAN_POINT('',(5.912874794284,276.18166406561));
#898 = CARTESIAN_POINT('',(5.929631307017,276.32557966437));
#899 = CARTESIAN_POINT('',(5.946372523792,276.46386344517));
#900 = CARTESIAN_POINT('',(5.963103212361,276.59640920606));
#901 = CARTESIAN_POINT('',(5.979828136467,276.72311096619));
#902 = CARTESIAN_POINT('',(5.99655202,276.8438625156));
#903 = CARTESIAN_POINT('',(6.013279551845,276.95855983553));
#904 = CARTESIAN_POINT('',(6.030015456383,277.06709644423));
#905 = CARTESIAN_POINT('',(6.046764501458,277.16936620032));
#906 = CARTESIAN_POINT('',(6.06353146388,277.26526286434));
#907 = CARTESIAN_POINT('',(6.080321212479,277.35468024888));
#908 = CARTESIAN_POINT('',(6.097138361583,277.43751205637));
#909 = CARTESIAN_POINT('',(6.113988639002,277.5136503514));
#910 = CARTESIAN_POINT('',(6.130874323413,277.58298083169));
#911 = CARTESIAN_POINT('',(6.1478108236,277.64541243693));
#912 = CARTESIAN_POINT('',(6.164791096638,277.70079667069));
#913 = CARTESIAN_POINT('',(6.181758592332,277.74889585291));
#914 = CARTESIAN_POINT('',(6.198672579765,277.78951891139));
#915 = CARTESIAN_POINT('',(6.215551420386,277.82276241713));
#916 = CARTESIAN_POINT('',(6.23239689674,277.84862395779));
#917 = CARTESIAN_POINT('',(6.249214809236,277.86712555841));
#918 = CARTESIAN_POINT('',(6.266009825,277.87828268023));
#919 = CARTESIAN_POINT('',(6.282786849865,277.88211260228));
#920 = CARTESIAN_POINT('',(6.299550641145,277.87863189621));
#921 = CARTESIAN_POINT('',(6.316305891135,277.86785815441));
#922 = CARTESIAN_POINT('',(6.333057310456,277.84980917237));
#923 = CARTESIAN_POINT('',(6.349809617215,277.82450269268));
#924 = CARTESIAN_POINT('',(6.36656753036,277.7919564665));
#925 = CARTESIAN_POINT('',(6.38333575955,277.75218826352));
#926 = CARTESIAN_POINT('',(6.40011900484,277.70521575556));
#927 = CARTESIAN_POINT('',(6.416922065393,277.65105840545));
#928 = CARTESIAN_POINT('',(6.433749840083,277.58973543734));
#929 = CARTESIAN_POINT('',(6.450607146755,277.52126685261));
#930 = CARTESIAN_POINT('',(6.467499358537,277.44566978233));
#931 = CARTESIAN_POINT('',(6.484429988423,277.36297206156));
#932 = CARTESIAN_POINT('',(6.501416613667,277.27312198237));
#933 = CARTESIAN_POINT('',(6.518359928579,277.17673717394));
#934 = CARTESIAN_POINT('',(6.535257556704,277.07400996008));
#935 = CARTESIAN_POINT('',(6.552116677959,276.96506397012));
#936 = CARTESIAN_POINT('',(6.568941804614,276.8500370348));
#937 = CARTESIAN_POINT('',(6.585738088925,276.72906307278));
#938 = CARTESIAN_POINT('',(6.602510426988,276.60227612375));
#939 = CARTESIAN_POINT('',(6.61926362725,276.46980628146));
#940 = CARTESIAN_POINT('',(6.636002498165,276.33178433723));
#941 = CARTESIAN_POINT('',(6.65273182861,276.18834089567));
#942 = CARTESIAN_POINT('',(6.669456384583,276.03960661071));
#943 = CARTESIAN_POINT('',(6.686180893287,275.88571212566));
#944 = CARTESIAN_POINT('',(6.702910068958,275.72678536946));
#945 = CARTESIAN_POINT('',(6.719648683618,275.56295721842));
#946 = CARTESIAN_POINT('',(6.736401533065,275.39435813375));
#947 = CARTESIAN_POINT('',(6.753173484027,275.2211182406));
#948 = CARTESIAN_POINT('',(6.769969269558,275.04336942333));
#949 = CARTESIAN_POINT('',(6.786794210774,274.86123686566));
#950 = CARTESIAN_POINT('',(6.803651670756,274.67487396173));
#951 = CARTESIAN_POINT('',(6.82055314242,274.48434351354));
#952 = CARTESIAN_POINT('',(6.837479981661,274.29004606246));
#953 = CARTESIAN_POINT('',(6.85436326548,274.09300849305));
#954 = CARTESIAN_POINT('',(6.871208700449,273.89341722617));
#955 = CARTESIAN_POINT('',(6.88800987953,273.69159576789));
#956 = CARTESIAN_POINT('',(6.904781851985,273.48761357544));
#957 = CARTESIAN_POINT('',(6.92152690485,273.28168123709));
#958 = CARTESIAN_POINT('',(6.938250673371,273.07397202036));
#959 = CARTESIAN_POINT('',(6.954957850851,272.86466893888));
#960 = CARTESIAN_POINT('',(6.97165333127,272.65395334259));
#961 = CARTESIAN_POINT('',(6.988341878667,272.44200339561));
#962 = CARTESIAN_POINT('',(7.005028236181,272.22899470681));
#963 = CARTESIAN_POINT('',(7.021717178833,272.01510510619));
#964 = CARTESIAN_POINT('',(7.038413494863,271.8005118402));
#965 = CARTESIAN_POINT('',(7.055121994159,271.58539226838));
#966 = CARTESIAN_POINT('',(7.071847444465,271.36992388153));
#967 = CARTESIAN_POINT('',(7.088594777904,271.1542835585));
#968 = CARTESIAN_POINT('',(7.105368666568,270.93865551924));
#969 = CARTESIAN_POINT('',(7.122175159632,270.72320598177));
#970 = CARTESIAN_POINT('',(7.13901533555,270.50816753304));
#971 = CARTESIAN_POINT('',(7.155909294746,270.29353546546));
#972 = CARTESIAN_POINT('',(7.172826463086,270.07995034331));
#973 = CARTESIAN_POINT('',(7.189691775819,269.86860392258));
#974 = CARTESIAN_POINT('',(7.206520420759,269.65952369574));
#975 = CARTESIAN_POINT('',(7.223314779414,269.45290245644));
#976 = CARTESIAN_POINT('',(7.240080606479,269.24888876636));
#977 = CARTESIAN_POINT('',(7.256822679865,269.04764281388));
#978 = CARTESIAN_POINT('',(7.273545968306,268.84932251256));
#979 = CARTESIAN_POINT('',(7.29025523972,268.65407932752));
#980 = CARTESIAN_POINT('',(7.306955247616,268.46206623327));
#981 = CARTESIAN_POINT('',(7.323650758112,268.27343619979));
#982 = CARTESIAN_POINT('',(7.340346533105,268.08834213791));
#983 = CARTESIAN_POINT('',(7.357047328021,267.90693719948));
#984 = CARTESIAN_POINT('',(7.373757869367,267.72937363149));
#985 = CARTESIAN_POINT('',(7.390482917375,267.5558033533));
#986 = CARTESIAN_POINT('',(7.407227308371,267.3863834045));
#987 = CARTESIAN_POINT('',(7.423995946095,267.22126949166));
#988 = CARTESIAN_POINT('',(7.440793707247,267.06061834896));
#989 = CARTESIAN_POINT('',(7.457625776231,266.90458393314));
#990 = CARTESIAN_POINT('',(7.474496349357,266.7533302831));
#991 = CARTESIAN_POINT('',(7.491413755738,266.60699610638));
#992 = CARTESIAN_POINT('',(7.508381586063,266.46576318532));
#993 = CARTESIAN_POINT('',(7.525298832743,266.33063770482));
#994 = CARTESIAN_POINT('',(7.542177911184,266.20161383984));
#995 = CARTESIAN_POINT('',(7.559021965736,266.07877717057));
#996 = CARTESIAN_POINT('',(7.575836564217,265.96218903957));
#997 = CARTESIAN_POINT('',(7.592626425605,265.85191573453));
#998 = CARTESIAN_POINT('',(7.609396402159,265.74802170785));
#999 = CARTESIAN_POINT('',(7.62615128845,265.65057192645));
#1000 = CARTESIAN_POINT('',(7.64289586144,265.55963113438));
#1001 = CARTESIAN_POINT('',(7.659634862051,265.4752644527));
#1002 = CARTESIAN_POINT('',(7.676372980278,265.39753558464));
#1003 = CARTESIAN_POINT('',(7.69311490331,265.32650994607));
#1004 = CARTESIAN_POINT('',(7.709865360396,265.26225332191));
#1005 = CARTESIAN_POINT('',(7.726629102342,265.20483136555));
#1006 = CARTESIAN_POINT('',(7.743410909081,265.15430988736));
#1007 = CARTESIAN_POINT('',(7.760215531802,265.11075420136));
#1008 = CARTESIAN_POINT('',(7.777047888706,265.07423184566));
#1009 = CARTESIAN_POINT('',(7.793912772105,265.04481152629));
#1010 = CARTESIAN_POINT('',(7.810815859516,265.02256227552));
#1011 = CARTESIAN_POINT('',(7.827759750952,265.00755083888));
#1012 = CARTESIAN_POINT('',(7.844759100798,264.99986028727));
#1013 = CARTESIAN_POINT('',(7.861716369099,264.9995432603));
#1014 = CARTESIAN_POINT('',(7.878626186286,265.00653900711));
#1015 = CARTESIAN_POINT('',(7.895499902392,265.02078896236));
#1016 = CARTESIAN_POINT('',(7.912340838323,265.04223789893));
#1017 = CARTESIAN_POINT('',(7.929154407936,265.07082967438));
#1018 = CARTESIAN_POINT('',(7.945945392889,265.10650846935));
#1019 = CARTESIAN_POINT('',(7.962718669543,265.14921808745));
#1020 = CARTESIAN_POINT('',(7.979478956602,265.19890573087));
#1021 = CARTESIAN_POINT('',(7.996230973303,265.25551819785));
#1022 = CARTESIAN_POINT('',(8.012979448243,265.31900231183));
#1023 = CARTESIAN_POINT('',(8.029729106937,265.38930491813));
#1024 = CARTESIAN_POINT('',(8.046484667328,265.46637274931));
#1025 = CARTESIAN_POINT('',(8.063250822516,265.55015296713));
#1026 = CARTESIAN_POINT('',(8.080032307141,265.64059327221));
#1027 = CARTESIAN_POINT('',(8.096834011386,265.73764077899));
#1028 = CARTESIAN_POINT('',(8.113660591977,265.84124021039));
#1029 = CARTESIAN_POINT('',(8.130517802101,265.95134632644));
#1030 = CARTESIAN_POINT('',(8.147407510059,266.06787613029));
#1031 = CARTESIAN_POINT('',(8.164346243566,266.19088761551));
#1032 = CARTESIAN_POINT('',(8.181305519626,266.32003932051));
#1033 = CARTESIAN_POINT('',(8.19823060963,266.45476415945));
#1034 = CARTESIAN_POINT('',(8.215100263717,266.59472454028));
#1035 = CARTESIAN_POINT('',(8.231935921507,266.73987262524));
#1036 = CARTESIAN_POINT('',(8.248738267881,266.89002927816));
#1037 = CARTESIAN_POINT('',(8.265513497347,267.04504996606));
#1038 = CARTESIAN_POINT('',(8.282266144782,267.20478611849));
#1039 = CARTESIAN_POINT('',(8.299001126932,267.36909184871));
#1040 = CARTESIAN_POINT('',(8.315723239103,267.53782049412));
#1041 = CARTESIAN_POINT('',(8.332437279529,267.71082581189));
#1042 = CARTESIAN_POINT('',(8.349148005964,267.88796065595));
#1043 = CARTESIAN_POINT('',(8.365860136223,268.06908177609));
#1044 = CARTESIAN_POINT('',(8.382578420686,268.25404318969));
#1045 = CARTESIAN_POINT('',(8.399307655238,268.44269847277));
#1046 = CARTESIAN_POINT('',(8.416052644098,268.63490116516));
#1047 = CARTESIAN_POINT('',(8.43281828629,268.83050539282));
#1048 = CARTESIAN_POINT('',(8.449609217732,269.02936297336));
#1049 = CARTESIAN_POINT('',(8.466431150997,269.23133336945));
#1050 = CARTESIAN_POINT('',(8.483286456129,269.43623091738));
#1051 = CARTESIAN_POINT('',(8.500190372857,269.64403139072));
#1052 = CARTESIAN_POINT('',(8.517109069268,269.8540952435));
#1053 = CARTESIAN_POINT('',(8.533966102858,270.06522814704));
#1054 = CARTESIAN_POINT('',(8.550788168448,270.27750714284));
#1055 = CARTESIAN_POINT('',(8.567574680761,270.49067590197));
#1056 = CARTESIAN_POINT('',(8.584332127759,270.70457421837));
#1057 = CARTESIAN_POINT('',(8.601065055167,270.91901662365));
#1058 = CARTESIAN_POINT('',(8.617778486059,271.13382445731));
#1059 = CARTESIAN_POINT('',(8.634477261727,271.34881708959));
#1060 = CARTESIAN_POINT('',(8.651166207855,271.56381495992));
#1061 = CARTESIAN_POINT('',(8.667850062541,271.77864277354));
#1062 = CARTESIAN_POINT('',(8.684533588287,271.99312119579));
#1063 = CARTESIAN_POINT('',(8.701221567201,272.20707176437));
#1064 = CARTESIAN_POINT('',(8.717918788519,272.42031593079));
#1065 = CARTESIAN_POINT('',(8.734630054894,272.63267461906));
#1066 = CARTESIAN_POINT('',(8.751360120935,272.84397094935));
#1067 = CARTESIAN_POINT('',(8.768113958876,273.05402315407));
#1068 = CARTESIAN_POINT('',(8.784896276936,273.26264064754));
#1069 = CARTESIAN_POINT('',(8.801713189855,273.46965033285));
#1070 = CARTESIAN_POINT('',(8.818565850105,273.67481787327));
#1071 = CARTESIAN_POINT('',(8.835474199319,273.87813640261));
#1072 = CARTESIAN_POINT('',(8.852387424709,274.07874005534));
#1073 = CARTESIAN_POINT('',(8.869262223157,274.27589751149));
#1074 = CARTESIAN_POINT('',(8.886098106597,274.4693977612));
#1075 = CARTESIAN_POINT('',(8.902896950892,274.65905796571));
#1076 = CARTESIAN_POINT('',(8.919669423774,274.84480613926));
#1077 = CARTESIAN_POINT('',(8.936418914661,275.02648272203));
#1078 = CARTESIAN_POINT('',(8.953150720434,275.20395217348));
#1079 = CARTESIAN_POINT('',(8.969869485357,275.37707434481));
#1080 = CARTESIAN_POINT('',(8.986580003924,275.54571051819));
#1081 = CARTESIAN_POINT('',(9.003287029035,275.70972157066));
#1082 = CARTESIAN_POINT('',(9.019995314127,275.86896856881));
#1083 = CARTESIAN_POINT('',(9.036709588204,276.02331222621));
#1084 = CARTESIAN_POINT('',(9.053434566916,276.17261538073));
#1085 = CARTESIAN_POINT('',(9.070175037547,276.31673589774));
#1086 = CARTESIAN_POINT('',(9.086935837611,276.45553197977));
#1087 = CARTESIAN_POINT('',(9.103721849192,276.58886184366));
#1088 = CARTESIAN_POINT('',(9.120537987106,276.71658331191));
#1089 = CARTESIAN_POINT('',(9.137389201663,276.83855577008));
#1090 = CARTESIAN_POINT('',(9.154282267296,276.95464096321));
#1091 = CARTESIAN_POINT('',(9.171218983215,277.06467209723));
#1092 = CARTESIAN_POINT('',(9.188202862143,277.16847938848));
#1093 = CARTESIAN_POINT('',(9.20514303802,277.26538559006));
#1094 = CARTESIAN_POINT('',(9.222060119978,277.35544397178));
#1095 = CARTESIAN_POINT('',(9.238954915579,277.43857553675));
#1096 = CARTESIAN_POINT('',(9.255833438874,277.51473755192));
#1097 = CARTESIAN_POINT('',(9.272700206891,277.58387899283));
#1098 = CARTESIAN_POINT('',(9.289560136388,277.64595110073));
#1099 = CARTESIAN_POINT('',(9.306418029955,277.70090452956));
#1100 = CARTESIAN_POINT('',(9.323278699789,277.74869001677));
#1101 = CARTESIAN_POINT('',(9.340146937174,277.78925855311));
#1102 = CARTESIAN_POINT('',(9.357027574298,277.82256203633));
#1103 = CARTESIAN_POINT('',(9.373925455966,277.848551485));
#1104 = CARTESIAN_POINT('',(9.390845486412,277.86717813762));
#1105 = CARTESIAN_POINT('',(9.407792604131,277.87839317376));
#1106 = CARTESIAN_POINT('',(9.419112060314,277.88089625048));
#1107 = CARTESIAN_POINT('',(9.424777960769,277.88089625048));
#1108 = ( GEOMETRIC_REPRESENTATION_CONTEXT(2) 
PARAMETRIC_REPRESENTATION_CONTEXT() REPRESENTATION_CONTEXT('2D SPACE',''
  ) );
#1109 = FACE_BOUND('',#1110,.F.);
#1110 = EDGE_LOOP('',(#1111));
#1111 = ORIENTED_EDGE('',*,*,#1112,.F.);
#1112 = EDGE_CURVE('',#1113,#1113,#1115,.T.);
#1113 = VERTEX_POINT('',#1114);
#1114 = CARTESIAN_POINT('',(-720.1499843782,-1.2E+03,147.));
#1115 = SURFACE_CURVE('',#1116,(#1309,#1712),.PCURVE_S1.);
#1116 = B_SPLINE_CURVE_WITH_KNOTS('',3,(#1117,#1118,#1119,#1120,#1121,
    #1122,#1123,#1124,#1125,#1126,#1127,#1128,#1129,#1130,#1131,#1132,
    #1133,#1134,#1135,#1136,#1137,#1138,#1139,#1140,#1141,#1142,#1143,
    #1144,#1145,#1146,#1147,#1148,#1149,#1150,#1151,#1152,#1153,#1154,
    #1155,#1156,#1157,#1158,#1159,#1160,#1161,#1162,#1163,#1164,#1165,
    #1166,#1167,#1168,#1169,#1170,#1171,#1172,#1173,#1174,#1175,#1176,
    #1177,#1178,#1179,#1180,#1181,#1182,#1183,#1184,#1185,#1186,#1187,
    #1188,#1189,#1190,#1191,#1192,#1193,#1194,#1195,#1196,#1197,#1198,
    #1199,#1200,#1201,#1202,#1203,#1204,#1205,#1206,#1207,#1208,#1209,
    #1210,#1211,#1212,#1213,#1214,#1215,#1216,#1217,#1218,#1219,#1220,
    #1221,#1222,#1223,#1224,#1225,#1226,#1227,#1228,#1229,#1230,#1231,
    #1232,#1233,#1234,#1235,#1236,#1237,#1238,#1239,#1240,#1241,#1242,
    #1243,#1244,#1245,#1246,#1247,#1248,#1249,#1250,#1251,#1252,#1253,
    #1254,#1255,#1256,#1257,#1258,#1259,#1260,#1261,#1262,#1263,#1264,
    #1265,#1266,#1267,#1268,#1269,#1270,#1271,#1272,#1273,#1274,#1275,
    #1276,#1277,#1278,#1279,#1280,#1281,#1282,#1283,#1284,#1285,#1286,
    #1287,#1288,#1289,#1290,#1291,#1292,#1293,#1294,#1295,#1296,#1297,
    #1298,#1299,#1300,#1301,#1302,#1303,#1304,#1305,#1306,#1307,#1308),
  .UNSPECIFIED.,.T.,.F.,(1,3,2,2,2,2,2,2,2,2,2,2,2,2,2,2,2,2,2,2,2,2,2,2
    ,2,2,2,2,2,2,2,2,2,2,2,2,2,2,2,2,2,2,2,2,2,2,2,2,2,2,2,2,2,2,2,2,2,2
    ,2,2,2,2,2,2,2,2,2,2,2,2,2,2,2,2,2,2,2,2,2,2,2,2,2,2,2,2,2,2,2,2,2,2
    ,2,2,2,2,3,1),(-1.43966050987E-02,0.,1.43966050987E-02,
    2.87932101974E-02,4.31898152961E-02,4.678896657078E-02,
    5.038811784545E-02,5.75864203948E-02,7.19830254935E-02,
    8.63796305922E-02,9.357793314155E-02,0.100776235691,0.11517284079,
    0.129569445888,0.143966050987,0.147565202262,0.151164353536,
    0.158362656086,0.172759261184,0.187155866283,0.194354168832,
    0.197953320107,0.201552471382,0.215949076481,0.230345681579,
    0.244742286678,0.248341437953,0.251940589227,0.259138891777,
    0.273535496875,0.287932101974,0.291531253249,0.295130404523,
    0.302328707073,0.316725312171,0.33112191727,0.338320219819,
    0.341919371094,0.345518522369,0.359915127468,0.374311732566,
    0.388708337665,0.395906640214,0.403104942764,0.417501547862,
    0.431898152961,0.43909645551,0.44629475806,0.460691363158,
    0.475087968257,0.489484573356,0.49308372463,0.496682875905,
    0.503881178455,0.518277783553,0.532674388652,0.539872691201,
    0.547070993751,0.561467598849,0.575864203948,0.583062506497,
    0.586661657772,0.590260809047,0.604657414145,0.619054019244,
    0.633450624343,0.637049775617,0.640648926892,0.647847229442,
    0.66224383454,0.676640439639,0.683838742188,0.687437893463,
    0.691037044738,0.705433649836,0.719830254935,0.734226860034,
    0.737826011308,0.741425162583,0.748623465132,0.763020070231,
    0.77741667533,0.784614977879,0.788214129154,0.791813280428,
    0.806209885527,0.820606490626,0.827804793175,0.835003095725,
    0.849399700823,0.863796305922,0.878192911021,0.881792062295,
    0.88539121357,0.892589516119,0.906986121218,0.921382726317,
    0.935779331415),.UNSPECIFIED.);
#1117 = CARTESIAN_POINT('',(-720.1499843782,-1.2E+03,147.));
#1118 = CARTESIAN_POINT('',(-720.1499843782,-1.195131050626E+03,147.));
#1119 = CARTESIAN_POINT('',(-720.1993536731,-1.190304341687E+03,
    146.7587295984));
#1120 = CARTESIAN_POINT('',(-720.3918015113,-1.18073229532E+03,
    145.81113146747));
#1121 = CARTESIAN_POINT('',(-720.5348873156,-1.175986966456E+03,
    145.10475427894));
#1122 = CARTESIAN_POINT('',(-720.9098405012,-1.166576952974E+03,
    143.23028807413));
#1123 = CARTESIAN_POINT('',(-721.1417147518,-1.161912265674E+03,
    142.06221634977));
#1124 = CARTESIAN_POINT('',(-721.4838895729,-1.156132764673E+03,
    140.30725200796));
#1125 = CARTESIAN_POINT('',(-721.5549405511,-1.154979438139E+03,
    139.94148105082));
#1126 = CARTESIAN_POINT('',(-721.702192604,-1.152677980116E+03,
    139.18008314071));
#1127 = CARTESIAN_POINT('',(-721.778497528,-1.151528402387E+03,
    138.78391148566));
#1128 = CARTESIAN_POINT('',(-722.0138084058,-1.148104675994E+03,
    137.55636952172));
#1129 = CARTESIAN_POINT('',(-722.1794071898,-1.145851956913E+03,
    136.68498979992));
#1130 = CARTESIAN_POINT('',(-722.6999955967,-1.139181078275E+03,
    133.91507303962));
#1131 = CARTESIAN_POINT('',(-723.0787642051,-1.13484998816E+03,
    131.86113945827));
#1132 = CARTESIAN_POINT('',(-723.8875359916,-1.126414746298E+03,
    127.34635675812));
#1133 = CARTESIAN_POINT('',(-724.3175578751,-1.122310600632E+03,
    124.88549978262));
#1134 = CARTESIAN_POINT('',(-724.992057015,-1.116325557864E+03,
    120.88567094852));
#1135 = CARTESIAN_POINT('',(-725.2218009753,-1.114359124094E+03,
    119.500876916));
#1136 = CARTESIAN_POINT('',(-725.6895865179,-1.110484219288E+03,
    116.62651590908));
#1137 = CARTESIAN_POINT('',(-725.9282249868,-1.10857128842E+03,
    115.13303554245));
#1138 = CARTESIAN_POINT('',(-726.647107271,-1.10297575365E+03,
    110.53775969186));
#1139 = CARTESIAN_POINT('',(-727.1316850853,-1.099423263732E+03,
    107.31345118591));
#1140 = CARTESIAN_POINT('',(-728.0975636156,-1.092662892874E+03,
    100.5514898818));
#1141 = CARTESIAN_POINT('',(-728.5788879992,-1.089455038018E+03,
    97.013816564208));
#1142 = CARTESIAN_POINT('',(-729.5248073868,-1.083383375224E+03,
    89.623836393321));
#1143 = CARTESIAN_POINT('',(-729.989426154,-1.080519542381E+03,
    85.771555332467));
#1144 = CARTESIAN_POINT('',(-730.5511619142,-1.077160923297E+03,
    80.752832463234));
#1145 = CARTESIAN_POINT('',(-730.6626719343,-1.076499600902E+03,
    79.737808684619));
#1146 = CARTESIAN_POINT('',(-730.883016776,-1.075202593654E+03,
    77.692175155535));
#1147 = CARTESIAN_POINT('',(-730.9916623291,-1.074568009046E+03,
    76.663366434063));
#1148 = CARTESIAN_POINT('',(-731.3127793986,-1.072705549407E+03,
    73.559141369446));
#1149 = CARTESIAN_POINT('',(-731.5204303453,-1.071518941961E+03,
    71.465937277531));
#1150 = CARTESIAN_POINT('',(-732.1222346375,-1.068121512371E+03,
    65.116160544157));
#1151 = CARTESIAN_POINT('',(-732.4952370588,-1.066072691747E+03,
    60.789588381231));
#1152 = CARTESIAN_POINT('',(-733.1751190625,-1.062402736966E+03,
    51.950853284343));
#1153 = CARTESIAN_POINT('',(-733.4820157182,-1.060781595448E+03,
    47.438694770393));
#1154 = CARTESIAN_POINT('',(-733.8854097322,-1.058676722321E+03,
    40.528134277223));
#1155 = CARTESIAN_POINT('',(-734.0103800566,-1.058029670262E+03,
    38.20085163001));
#1156 = CARTESIAN_POINT('',(-734.182630564,-1.057142661562E+03,
    34.673487741134));
#1157 = CARTESIAN_POINT('',(-734.2375861302,-1.056860552626E+03,
    33.4898994816));
#1158 = CARTESIAN_POINT('',(-734.3418291018,-1.056326792766E+03,
    31.120480152955));
#1159 = CARTESIAN_POINT('',(-734.3911206278,-1.056075117176E+03,
    29.934799466442));
#1160 = CARTESIAN_POINT('',(-734.6233647632,-1.054891938613E+03,
    24.001590809956));
#1161 = CARTESIAN_POINT('',(-734.7636778209,-1.05418547244E+03,
    19.239681763191));
#1162 = CARTESIAN_POINT('',(-734.9517067405,-1.053240927219E+03,
    9.685884495057));
#1163 = CARTESIAN_POINT('',(-734.9994255804,-1.053002872098E+03,
    4.893994835759));
#1164 = CARTESIAN_POINT('',(-735.0005641115,-1.052997179442E+03,
    -4.719909396106));
#1165 = CARTESIAN_POINT('',(-734.9539868877,-1.053229498968E+03,
    -9.541921286006));
#1166 = CARTESIAN_POINT('',(-734.8356616648,-1.053823862326E+03,
    -15.58889154247));
#1167 = CARTESIAN_POINT('',(-734.8089777163,-1.053958037008E+03,
    -16.79934212355));
#1168 = CARTESIAN_POINT('',(-734.7499528609,-1.054255310727E+03,
    -19.20828985224));
#1169 = CARTESIAN_POINT('',(-734.7175807306,-1.054418566497E+03,
    -20.40853694617));
#1170 = CARTESIAN_POINT('',(-734.6120634232,-1.054951714555E+03,
    -23.99674005356));
#1171 = CARTESIAN_POINT('',(-734.5305182695,-1.055364960059E+03,
    -26.3721656166));
#1172 = CARTESIAN_POINT('',(-734.2536668216,-1.056775360785E+03,
    -33.44916013391));
#1173 = CARTESIAN_POINT('',(-734.0261498652,-1.057942772656E+03,
    -38.10156080702));
#1174 = CARTESIAN_POINT('',(-733.492344266,-1.060727295382E+03,
    -47.27682862782));
#1175 = CARTESIAN_POINT('',(-733.1860431929,-1.06234439497E+03,
    -51.79969825672));
#1176 = CARTESIAN_POINT('',(-732.7583578619,-1.064652237752E+03,
    -57.37105455289));
#1177 = CARTESIAN_POINT('',(-732.6705808058,-1.065128163074E+03,
    -58.48120500311));
#1178 = CARTESIAN_POINT('',(-732.4906603377,-1.066108999931E+03,
    -60.69319430553));
#1179 = CARTESIAN_POINT('',(-732.3984070778,-1.066614517673E+03,
    -61.79630272703));
#1180 = CARTESIAN_POINT('',(-732.1160667722,-1.068170655589E+03,
    -65.08382024204));
#1181 = CARTESIAN_POINT('',(-731.9209426807,-1.069257826014E+03,
    -67.24045464681));
#1182 = CARTESIAN_POINT('',(-731.3173673778,-1.072665437826E+03,
    -73.60766586836));
#1183 = CARTESIAN_POINT('',(-730.8907242839,-1.075131620414E+03,
    -77.71579947553));
#1184 = CARTESIAN_POINT('',(-730.0016772304,-1.080445367571E+03,
    -85.66532304952));
#1185 = CARTESIAN_POINT('',(-729.5392511746,-1.083292941467E+03,
    -89.50670410178));
#1186 = CARTESIAN_POINT('',(-728.8282517424,-1.087853331906E+03,
    -95.06772182494));
#1187 = CARTESIAN_POINT('',(-728.5883597803,-1.089421721822E+03,
    -96.88782482675));
#1188 = CARTESIAN_POINT('',(-728.2254030994,-1.091847898223E+03,
    -99.56693443276));
#1189 = CARTESIAN_POINT('',(-728.1038980942,-1.092668894909E+03,
    -100.4514594153));
#1190 = CARTESIAN_POINT('',(-727.8600575766,-1.094335705579E+03,
    -102.203320412));
#1191 = CARTESIAN_POINT('',(-727.7377052255,-1.095181673311E+03,
    -103.0707364653));
#1192 = CARTESIAN_POINT('',(-727.1277717737,-1.0994504076E+03,
    -107.3411043075));
#1193 = CARTESIAN_POINT('',(-726.6430145717,-1.103007707108E+03,
    -110.5638651219));
#1194 = CARTESIAN_POINT('',(-725.6933316091,-1.110399521226E+03,
    -116.6345890146));
#1195 = CARTESIAN_POINT('',(-725.2283836965,-1.114234055361E+03,
    -119.4825219029));
#1196 = CARTESIAN_POINT('',(-724.3315229999,-1.122181339306E+03,
    -124.8043522798));
#1197 = CARTESIAN_POINT('',(-723.8995880773,-1.126294068027E+03,
    -127.2782749602));
#1198 = CARTESIAN_POINT('',(-723.286703321,-1.132678807955E+03,
    -130.7007575448));
#1199 = CARTESIAN_POINT('',(-723.0877766976,-1.134848859174E+03,
    -131.7959645596));
#1200 = CARTESIAN_POINT('',(-722.7071258955,-1.139219014803E+03,
    -133.8675437274));
#1201 = CARTESIAN_POINT('',(-722.5250728398,-1.141422000442E+03,
    -134.8458335302));
#1202 = CARTESIAN_POINT('',(-722.0053185702,-1.148083869138E+03,
    -137.6111869251));
#1203 = CARTESIAN_POINT('',(-721.6940256737,-1.152595540956E+03,
    -139.2291410763));
#1204 = CARTESIAN_POINT('',(-721.1501199332,-1.16175851044E+03,
    -142.0194526758));
#1205 = CARTESIAN_POINT('',(-720.9174952837,-1.16640980652E+03,
    -143.1918130895));
#1206 = CARTESIAN_POINT('',(-720.6337670179,-1.173493534951E+03,
    -144.6105335689));
#1207 = CARTESIAN_POINT('',(-720.5500603411,-1.175872606188E+03,
    -145.0267015296));
#1208 = CARTESIAN_POINT('',(-720.4054536021,-1.180667145727E+03,
    -145.7433224349));
#1209 = CARTESIAN_POINT('',(-720.3445125338,-1.183087507957E+03,
    -146.0439755266));
#1210 = CARTESIAN_POINT('',(-720.1988397179,-1.190323671716E+03,
    -146.7612665855));
#1211 = CARTESIAN_POINT('',(-720.1503857219,-1.195137121187E+03,
    -146.9980338251));
#1212 = CARTESIAN_POINT('',(-720.1495880007,-1.204743272341E+03,
    -147.0019418453));
#1213 = CARTESIAN_POINT('',(-720.1972460725,-1.209535972743E+03,
    -146.7690527581));
#1214 = CARTESIAN_POINT('',(-720.3873761448,-1.219100608222E+03,
    -145.8329742864));
#1215 = CARTESIAN_POINT('',(-720.5298499382,-1.223872544851E+03,
    -145.1298218351));
#1216 = CARTESIAN_POINT('',(-720.7663026087,-1.229824110807E+03,
    -143.9478903581));
#1217 = CARTESIAN_POINT('',(-720.816580506,-1.231015197086E+03,
    -143.6959663682));
#1218 = CARTESIAN_POINT('',(-720.9223781743,-1.233383754589E+03,
    -143.1642348154));
#1219 = CARTESIAN_POINT('',(-720.9779329241,-1.234562291511E+03,
    -142.8842539045));
#1220 = CARTESIAN_POINT('',(-721.1523172991,-1.238080883255E+03,
    -142.0024449221));
#1221 = CARTESIAN_POINT('',(-721.278865966,-1.24040392973E+03,
    -141.3587775578));
#1222 = CARTESIAN_POINT('',(-721.6874555728,-1.247306275742E+03,
    -139.2632126467));
#1223 = CARTESIAN_POINT('',(-721.9984344459,-1.251818938157E+03,
    -137.6471489488));
#1224 = CARTESIAN_POINT('',(-722.6875447111,-1.260669187319E+03,
    -133.9820498256));
#1225 = CARTESIAN_POINT('',(-723.0656908717,-1.265006776011E+03,
    -131.9330221092));
#1226 = CARTESIAN_POINT('',(-723.6757891141,-1.271380106843E+03,
    -128.5289117656));
#1227 = CARTESIAN_POINT('',(-723.8863299346,-1.27348261836E+03,
    -127.3388434978));
#1228 = CARTESIAN_POINT('',(-724.3202964288,-1.277641279958E+03,
    -124.8467376861));
#1229 = CARTESIAN_POINT('',(-724.5419756771,-1.279680776165E+03,
    -123.5547005921));
#1230 = CARTESIAN_POINT('',(-725.2183799042,-1.285682581891E+03,
    -119.5435304607));
#1231 = CARTESIAN_POINT('',(-725.6844544202,-1.289528494889E+03,
    -116.6896717071));
#1232 = CARTESIAN_POINT('',(-726.6330279206,-1.296917394079E+03,
    -110.6293342889));
#1233 = CARTESIAN_POINT('',(-727.1155496522,-1.30046036881E+03,
    -107.4228456422));
#1234 = CARTESIAN_POINT('',(-727.8415045513,-1.305546537301E+03,
    -102.3458197997));
#1235 = CARTESIAN_POINT('',(-728.0838516609,-1.307203808325E+03,
    -100.6088475347));
#1236 = CARTESIAN_POINT('',(-728.4466216723,-1.309631751757E+03,
    -97.93532655342));
#1237 = CARTESIAN_POINT('',(-728.5674196326,-1.310431401062E+03,
    -97.03280363109));
#1238 = CARTESIAN_POINT('',(-728.8085449183,-1.312011180408E+03,
    -95.20480441975));
#1239 = CARTESIAN_POINT('',(-728.9290321407,-1.312792326989E+03,
    -94.27806104581));
#1240 = CARTESIAN_POINT('',(-729.5269695384,-1.316631048028E+03,
    -89.60796723181));
#1241 = CARTESIAN_POINT('',(-729.9918143175,-1.319494519862E+03,
    -85.74946625993));
#1242 = CARTESIAN_POINT('',(-730.8824020401,-1.324819777753E+03,
    -77.79417923316));
#1243 = CARTESIAN_POINT('',(-731.3081661735,-1.327281528821E+03,
    -73.6973748792));
#1244 = CARTESIAN_POINT('',(-732.1088926196,-1.33180434105E+03,
    -65.26489349946));
#1245 = CARTESIAN_POINT('',(-732.4838759039,-1.333865426262E+03,
    -60.92923260234));
#1246 = CARTESIAN_POINT('',(-732.9133691443,-1.336184486685E+03,
    -55.35560784428));
#1247 = CARTESIAN_POINT('',(-732.9973044396,-1.336635402962E+03,
    -54.23316221551));
#1248 = CARTESIAN_POINT('',(-733.1610528764,-1.337511143118E+03,
    -51.97263457637));
#1249 = CARTESIAN_POINT('',(-733.2409210406,-1.337936253894E+03,
    -50.8336347907));
#1250 = CARTESIAN_POINT('',(-733.472778283,-1.339165239486E+03,
    -47.41213321405));
#1251 = CARTESIAN_POINT('',(-733.6174556678,-1.339925142099E+03,
    -45.11936188976));
#1252 = CARTESIAN_POINT('',(-734.0208365706,-1.342029873773E+03,
    -38.20633182621));
#1253 = CARTESIAN_POINT('',(-734.2488884397,-1.343200144105E+03,
    -33.55143708305));
#1254 = CARTESIAN_POINT('',(-734.6181924419,-1.345081838159E+03,
    -24.15037139722));
#1255 = CARTESIAN_POINT('',(-734.7594534436,-1.345793259583E+03,
    -19.40420034375));
#1256 = CARTESIAN_POINT('',(-734.9023936498,-1.34651137574E+03,
    -12.21540673139));
#1257 = CARTESIAN_POINT('',(-734.9385469843,-1.34669247451E+03,
    -9.807532684928));
#1258 = CARTESIAN_POINT('',(-734.9750311538,-1.346875116947E+03,
    -6.177982324541));
#1259 = CARTESIAN_POINT('',(-734.9842346993,-1.34692115634E+03,
    -4.965174279633));
#1260 = CARTESIAN_POINT('',(-734.9966389248,-1.346983196844E+03,
    -2.533570891629));
#1261 = CARTESIAN_POINT('',(-734.9998225031,-1.346999112516E+03,
    -1.316465600399));
#1262 = CARTESIAN_POINT('',(-735.0006738048,-1.347003369025E+03,
    4.750167145004));
#1263 = CARTESIAN_POINT('',(-734.9532935635,-1.346767008905E+03,
    9.566935409729));
#1264 = CARTESIAN_POINT('',(-734.7665802312,-1.345829141834E+03,
    19.129624885163));
#1265 = CARTESIAN_POINT('',(-734.627240024,-1.345127599967E+03,
    23.875540771916));
#1266 = CARTESIAN_POINT('',(-734.260547901,-1.343259871181E+03,
    33.296711977279));
#1267 = CARTESIAN_POINT('',(-734.0331889477,-1.342093715707E+03,
    37.971971705627));
#1268 = CARTESIAN_POINT('',(-733.6964433181,-1.340337414062E+03,
    43.770750870838));
#1269 = CARTESIAN_POINT('',(-733.626364961,-1.339970649971E+03,
    44.929832727252));
#1270 = CARTESIAN_POINT('',(-733.4815780257,-1.339209786978E+03,
    47.234605235711));
#1271 = CARTESIAN_POINT('',(-733.4069085474,-1.338815897517E+03,
    48.379828277733));
#1272 = CARTESIAN_POINT('',(-733.1763486655,-1.337594323415E+03,
    51.794274922299));
#1273 = CARTESIAN_POINT('',(-733.0139081963,-1.336726759004E+03,
    54.042289582134));
#1274 = CARTESIAN_POINT('',(-732.5025371337,-1.333967290712E+03,
    60.703111806014));
#1275 = CARTESIAN_POINT('',(-732.1295635855,-1.331918991914E+03,
    65.03289471005));
#1276 = CARTESIAN_POINT('',(-731.3306060129,-1.327410273695E+03,
    73.474621326349));
#1277 = CARTESIAN_POINT('',(-730.9046025935,-1.324949859463E+03,
    77.58656595644));
#1278 = CARTESIAN_POINT('',(-730.2341510289,-1.320944812418E+03,
    83.589102150927));
#1279 = CARTESIAN_POINT('',(-730.0054279618,-1.319557296492E+03,
    85.562334659807));
#1280 = CARTESIAN_POINT('',(-729.6555636529,-1.317395686217E+03,
    88.480042506096));
#1281 = CARTESIAN_POINT('',(-729.5379761788,-1.31666274477E+03,
    89.44418223832));
#1282 = CARTESIAN_POINT('',(-729.3019897304,-1.315177817113E+03,
    91.348389140824));
#1283 = CARTESIAN_POINT('',(-729.1834591884,-1.314425020076E+03,
    92.289558224562));
#1284 = CARTESIAN_POINT('',(-728.5886722174,-1.310609865423E+03,
    96.941333276191));
#1285 = CARTESIAN_POINT('',(-728.1060310173,-1.30739438881E+03,
    100.49013987877));
#1286 = CARTESIAN_POINT('',(-727.1408779474,-1.300643026218E+03,
    107.25112696169));
#1287 = CARTESIAN_POINT('',(-726.6583429155,-1.297107130019E+03,
    110.46329336164));
#1288 = CARTESIAN_POINT('',(-725.9448702533,-1.291560452653E+03,
    115.02789652992));
#1289 = CARTESIAN_POINT('',(-725.7087693158,-1.289671014117E+03,
    116.5070791017));
#1290 = CARTESIAN_POINT('',(-725.2417749594,-1.285809702582E+03,
    119.37958450411));
#1291 = CARTESIAN_POINT('',(-725.0106933389,-1.283836168438E+03,
    120.774020246));
#1292 = CARTESIAN_POINT('',(-724.3291671714,-1.27779931327E+03,
    124.81880977525));
#1293 = CARTESIAN_POINT('',(-723.8965207422,-1.273673912688E+03,
    127.29539316005));
#1294 = CARTESIAN_POINT('',(-723.0856836447,-1.265227130551E+03,
    131.82330587037));
#1295 = CARTESIAN_POINT('',(-722.7074760085,-1.260905732215E+03,
    133.87459483043));
#1296 = CARTESIAN_POINT('',(-722.0162998449,-1.252066780002E+03,
    137.5535015109));
#1297 = CARTESIAN_POINT('',(-721.7033147395,-1.247549237283E+03,
    139.18114098072));
#1298 = CARTESIAN_POINT('',(-721.3597645747,-1.241776050717E+03,
    140.94402819789));
#1299 = CARTESIAN_POINT('',(-721.2934399544,-1.240615085801E+03,
    141.2829901514));
#1300 = CARTESIAN_POINT('',(-721.1657412648,-1.238280348058E+03,
    141.93337681232));
#1301 = CARTESIAN_POINT('',(-721.1042978142,-1.237105154058E+03,
    142.24515200095));
#1302 = CARTESIAN_POINT('',(-720.9282176884,-1.233571291089E+03,
    143.13584916556));
#1303 = CARTESIAN_POINT('',(-720.8219537507,-1.231207448909E+03,
    143.66956914423));
#1304 = CARTESIAN_POINT('',(-720.537286231,-1.224092411303E+03,
    145.09292050091));
#1305 = CARTESIAN_POINT('',(-720.3930101144,-1.219317759087E+03,
    145.80517020155));
#1306 = CARTESIAN_POINT('',(-720.1993619057,-1.20970606428E+03,
    146.75869919647));
#1307 = CARTESIAN_POINT('',(-720.1499843782,-1.204868949374E+03,147.));
#1308 = CARTESIAN_POINT('',(-720.1499843782,-1.2E+03,147.));
#1309 = PCURVE('',#31,#1310);
#1310 = DEFINITIONAL_REPRESENTATION('',(#1311),#1711);
#1311 = B_SPLINE_CURVE_WITH_KNOTS('',3,(#1312,#1313,#1314,#1315,#1316,
    #1317,#1318,#1319,#1320,#1321,#1322,#1323,#1324,#1325,#1326,#1327,
    #1328,#1329,#1330,#1331,#1332,#1333,#1334,#1335,#1336,#1337,#1338,
    #1339,#1340,#1341,#1342,#1343,#1344,#1345,#1346,#1347,#1348,#1349,
    #1350,#1351,#1352,#1353,#1354,#1355,#1356,#1357,#1358,#1359,#1360,
    #1361,#1362,#1363,#1364,#1365,#1366,#1367,#1368,#1369,#1370,#1371,
    #1372,#1373,#1374,#1375,#1376,#1377,#1378,#1379,#1380,#1381,#1382,
    #1383,#1384,#1385,#1386,#1387,#1388,#1389,#1390,#1391,#1392,#1393,
    #1394,#1395,#1396,#1397,#1398,#1399,#1400,#1401,#1402,#1403,#1404,
    #1405,#1406,#1407,#1408,#1409,#1410,#1411,#1412,#1413,#1414,#1415,
    #1416,#1417,#1418,#1419,#1420,#1421,#1422,#1423,#1424,#1425,#1426,
    #1427,#1428,#1429,#1430,#1431,#1432,#1433,#1434,#1435,#1436,#1437,
    #1438,#1439,#1440,#1441,#1442,#1443,#1444,#1445,#1446,#1447,#1448,
    #1449,#1450,#1451,#1452,#1453,#1454,#1455,#1456,#1457,#1458,#1459,
    #1460,#1461,#1462,#1463,#1464,#1465,#1466,#1467,#1468,#1469,#1470,
    #1471,#1472,#1473,#1474,#1475,#1476,#1477,#1478,#1479,#1480,#1481,
    #1482,#1483,#1484,#1485,#1486,#1487,#1488,#1489,#1490,#1491,#1492,
    #1493,#1494,#1495,#1496,#1497,#1498,#1499,#1500,#1501,#1502,#1503,
    #1504,#1505,#1506,#1507,#1508,#1509,#1510,#1511,#1512,#1513,#1514,
    #1515,#1516,#1517,#1518,#1519,#1520,#1521,#1522,#1523,#1524,#1525,
    #1526,#1527,#1528,#1529,#1530,#1531,#1532,#1533,#1534,#1535,#1536,
    #1537,#1538,#1539,#1540,#1541,#1542,#1543,#1544,#1545,#1546,#1547,
    #1548,#1549,#1550,#1551,#1552,#1553,#1554,#1555,#1556,#1557,#1558,
    #1559,#1560,#1561,#1562,#1563,#1564,#1565,#1566,#1567,#1568,#1569,
    #1570,#1571,#1572,#1573,#1574,#1575,#1576,#1577,#1578,#1579,#1580,
    #1581,#1582,#1583,#1584,#1585,#1586,#1587,#1588,#1589,#1590,#1591,
    #1592,#1593,#1594,#1595,#1596,#1597,#1598,#1599,#1600,#1601,#1602,
    #1603,#1604,#1605,#1606,#1607,#1608,#1609,#1610,#1611,#1612,#1613,
    #1614,#1615,#1616,#1617,#1618,#1619,#1620,#1621,#1622,#1623,#1624,
    #1625,#1626,#1627,#1628,#1629,#1630,#1631,#1632,#1633,#1634,#1635,
    #1636,#1637,#1638,#1639,#1640,#1641,#1642,#1643,#1644,#1645,#1646,
    #1647,#1648,#1649,#1650,#1651,#1652,#1653,#1654,#1655,#1656,#1657,
    #1658,#1659,#1660,#1661,#1662,#1663,#1664,#1665,#1666,#1667,#1668,
    #1669,#1670,#1671,#1672,#1673,#1674,#1675,#1676,#1677,#1678,#1679,
    #1680,#1681,#1682,#1683,#1684,#1685,#1686,#1687,#1688,#1689,#1690,
    #1691,#1692,#1693,#1694,#1695,#1696,#1697,#1698,#1699,#1700,#1701,
    #1702,#1703,#1704,#1705,#1706,#1707,#1708,#1709,#1710),
  .UNSPECIFIED.,.T.,.F.,(4,1,1,1,1,1,1,1,1,1,1,1,1,1,1,1,1,1,1,1,1,1,1,1
    ,1,1,1,1,1,1,1,1,1,1,1,1,1,1,1,1,1,1,1,1,1,1,1,1,1,1,1,1,1,1,1,1,1,1
    ,1,1,1,1,1,1,1,1,1,1,1,1,1,1,1,1,1,1,1,1,1,1,1,1,1,1,1,1,1,1,1,1,1,1
    ,1,1,1,1,1,1,1,1,1,1,1,1,1,1,1,1,1,1,1,1,1,1,1,1,1,1,1,1,1,1,1,1,1,1
    ,1,1,1,1,1,1,1,1,1,1,1,1,1,1,1,1,1,1,1,1,1,1,1,1,1,1,1,1,1,1,1,1,1,1
    ,1,1,1,1,1,1,1,1,1,1,1,1,1,1,1,1,1,1,1,1,1,1,1,1,1,1,1,1,1,1,1,1,1,1
    ,1,1,1,1,1,1,1,1,1,1,1,1,1,1,1,1,1,1,1,1,1,1,1,1,1,1,1,1,1,1,1,1,1,1
    ,1,1,1,1,1,1,1,1,1,1,1,1,1,1,1,1,1,1,1,1,1,1,1,1,1,1,1,1,1,1,1,1,1,1
    ,1,1,1,1,1,1,1,1,1,1,1,1,1,1,1,1,1,1,1,1,1,1,1,1,1,1,1,1,1,1,1,1,1,1
    ,1,1,1,1,1,1,1,1,1,1,1,1,1,1,1,1,1,1,1,1,1,1,1,1,1,1,1,1,1,1,1,1,1,1
    ,1,1,1,1,1,1,1,1,1,1,1,1,1,1,1,1,1,1,1,1,1,1,1,1,1,1,1,1,1,1,1,1,1,1
    ,1,1,1,1,1,1,1,1,1,1,1,1,1,1,1,1,1,1,1,1,1,1,1,1,1,1,1,1,1,1,1,1,4),
  (0.,2.326724056355E-03,4.653448112711E-03,6.980172169066E-03,
    9.306896225422E-03,1.163362028178E-02,1.396034433813E-02,
    1.628706839449E-02,1.861379245084E-02,2.09405165072E-02,
    2.326724056355E-02,2.559396461991E-02,2.792068867627E-02,
    3.024741273262E-02,3.257413678898E-02,3.490086084533E-02,
    3.722758490169E-02,3.955430895804E-02,4.18810330144E-02,
    4.420775707075E-02,4.653448112711E-02,4.886120518347E-02,
    5.118792923982E-02,5.351465329618E-02,5.584137735253E-02,
    5.816810140889E-02,6.049482546524E-02,6.28215495216E-02,
    6.514827357795E-02,6.747499763431E-02,6.980172169066E-02,
    7.212844574702E-02,7.445516980338E-02,7.678189385973E-02,
    7.910861791609E-02,8.143534197244E-02,8.37620660288E-02,
    8.608879008515E-02,8.841551414151E-02,9.074223819786E-02,
    9.306896225422E-02,9.539568631058E-02,9.772241036693E-02,
    0.100049134423,0.10237585848,0.104702582536,0.107029306592,
    0.109356030649,0.111682754705,0.114009478761,0.116336202818,
    0.118662926874,0.12098965093,0.123316374987,0.125643099043,
    0.1279698231,0.130296547156,0.132623271212,0.134949995269,
    0.137276719325,0.139603443381,0.141930167438,0.144256891494,
    0.14658361555,0.148910339607,0.151237063663,0.153563787719,
    0.155890511776,0.158217235832,0.160543959889,0.162870683945,
    0.165197408001,0.167524132058,0.169850856114,0.17217758017,
    0.174504304227,0.176831028283,0.179157752339,0.181484476396,
    0.183811200452,0.186137924508,0.188464648565,0.190791372621,
    0.193118096678,0.195444820734,0.19777154479,0.200098268847,
    0.202424992903,0.204751716959,0.207078441016,0.209405165072,
    0.211731889128,0.214058613185,0.216385337241,0.218712061297,
    0.221038785354,0.22336550941,0.225692233466,0.228018957523,
    0.230345681579,0.232672405636,0.234999129692,0.237325853748,
    0.239652577805,0.241979301861,0.244306025917,0.246632749974,
    0.24895947403,0.251286198086,0.253612922143,0.255939646199,
    0.258266370255,0.260593094312,0.262919818368,0.265246542425,
    0.267573266481,0.269899990537,0.272226714594,0.27455343865,
    0.276880162706,0.279206886763,0.281533610819,0.283860334875,
    0.286187058932,0.288513782988,0.290840507044,0.293167231101,
    0.295493955157,0.297820679214,0.30014740327,0.302474127326,
    0.304800851383,0.307127575439,0.309454299495,0.311781023552,
    0.314107747608,0.316434471664,0.318761195721,0.321087919777,
    0.323414643833,0.32574136789,0.328068091946,0.330394816002,
    0.332721540059,0.335048264115,0.337374988172,0.339701712228,
    0.342028436284,0.344355160341,0.346681884397,0.349008608453,
    0.35133533251,0.353662056566,0.355988780622,0.358315504679,
    0.360642228735,0.362968952791,0.365295676848,0.367622400904,
    0.369949124961,0.372275849017,0.374602573073,0.37692929713,
    0.379256021186,0.381582745242,0.383909469299,0.386236193355,
    0.388562917411,0.390889641468,0.393216365524,0.39554308958,
    0.397869813637,0.400196537693,0.40252326175,0.404849985806,
    0.407176709862,0.409503433919,0.411830157975,0.414156882031,
    0.416483606088,0.418810330144,0.4211370542,0.423463778257,
    0.425790502313,0.428117226369,0.430443950426,0.432770674482,
    0.435097398538,0.437424122595,0.439750846651,0.442077570708,
    0.444404294764,0.44673101882,0.449057742877,0.451384466933,
    0.453711190989,0.456037915046,0.458364639102,0.460691363158,
    0.463018087215,0.465344811271,0.467671535327,0.469998259384,
    0.47232498344,0.474651707497,0.476978431553,0.479305155609,
    0.481631879666,0.483958603722,0.486285327778,0.488612051835,
    0.490938775891,0.493265499947,0.495592224004,0.49791894806,
    0.500245672116,0.502572396173,0.504899120229,0.507225844285,
    0.509552568342,0.511879292398,0.514206016455,0.516532740511,
    0.518859464567,0.521186188624,0.52351291268,0.525839636736,
    0.528166360793,0.530493084849,0.532819808905,0.535146532962,
    0.537473257018,0.539799981074,0.542126705131,0.544453429187,
    0.546780153244,0.5491068773,0.551433601356,0.553760325413,
    0.556087049469,0.558413773525,0.560740497582,0.563067221638,
    0.565393945694,0.567720669751,0.570047393807,0.572374117863,
    0.57470084192,0.577027565976,0.579354290033,0.581681014089,
    0.584007738145,0.586334462202,0.588661186258,0.590987910314,
    0.593314634371,0.595641358427,0.597968082483,0.60029480654,
    0.602621530596,0.604948254652,0.607274978709,0.609601702765,
    0.611928426821,0.614255150878,0.616581874934,0.618908598991,
    0.621235323047,0.623562047103,0.62588877116,0.628215495216,
    0.630542219272,0.632868943329,0.635195667385,0.637522391441,
    0.639849115498,0.642175839554,0.64450256361,0.646829287667,
    0.649156011723,0.65148273578,0.653809459836,0.656136183892,
    0.658462907949,0.660789632005,0.663116356061,0.665443080118,
    0.667769804174,0.67009652823,0.672423252287,0.674749976343,
    0.677076700399,0.679403424456,0.681730148512,0.684056872569,
    0.686383596625,0.688710320681,0.691037044738,0.693363768794,
    0.69569049285,0.698017216907,0.700343940963,0.702670665019,
    0.704997389076,0.707324113132,0.709650837188,0.711977561245,
    0.714304285301,0.716631009357,0.718957733414,0.72128445747,
    0.723611181527,0.725937905583,0.728264629639,0.730591353696,
    0.732918077752,0.735244801808,0.737571525865,0.739898249921,
    0.742224973977,0.744551698034,0.74687842209,0.749205146146,
    0.751531870203,0.753858594259,0.756185318316,0.758512042372,
    0.760838766428,0.763165490485,0.765492214541,0.767818938597,
    0.770145662654,0.77247238671,0.774799110766,0.777125834823,
    0.779452558879,0.781779282935,0.784106006992,0.786432731048,
    0.788759455105,0.791086179161,0.793412903217,0.795739627274,
    0.79806635133,0.800393075386,0.802719799443,0.805046523499,
    0.807373247555,0.809699971612,0.812026695668,0.814353419724,
    0.816680143781,0.819006867837,0.821333591893,0.82366031595,
    0.825987040006,0.828313764063,0.830640488119,0.832967212175,
    0.835293936232,0.837620660288,0.839947384344,0.842274108401,
    0.844600832457,0.846927556513,0.84925428057,0.851581004626,
    0.853907728682,0.856234452739,0.858561176795,0.860887900852,
    0.863214624908,0.865541348964,0.867868073021,0.870194797077,
    0.872521521133,0.87484824519,0.877174969246,0.879501693302,
    0.881828417359,0.884155141415,0.886481865471,0.888808589528,
    0.891135313584,0.893462037641,0.895788761697,0.898115485753,
    0.90044220981,0.902768933866,0.905095657922,0.907422381979,
    0.909749106035,0.912075830091,0.914402554148,0.916729278204,
    0.91905600226,0.921382726317),.QUASI_UNIFORM_KNOTS.);
#1312 = CARTESIAN_POINT('',(4.511031059594,1.2E+03));
#1313 = CARTESIAN_POINT('',(4.511031059595,1.199213099091E+03));
#1314 = CARTESIAN_POINT('',(4.511048563017,1.197641503895E+03));
#1315 = CARTESIAN_POINT('',(4.511127015958,1.195290691592E+03));
#1316 = CARTESIAN_POINT('',(4.511257354129,1.192946420392E+03));
#1317 = CARTESIAN_POINT('',(4.51143926538,1.190608650958E+03));
#1318 = CARTESIAN_POINT('',(4.511672436029,1.18827734376E+03));
#1319 = CARTESIAN_POINT('',(4.511956558151,1.185952459992E+03));
#1320 = CARTESIAN_POINT('',(4.51229130239,1.183633958144E+03));
#1321 = CARTESIAN_POINT('',(4.512676567772,1.181321825522E+03));
#1322 = CARTESIAN_POINT('',(4.513112285979,1.179016053543E+03));
#1323 = CARTESIAN_POINT('',(4.513598380703,1.17671663261E+03));
#1324 = CARTESIAN_POINT('',(4.514134775782,1.174423553131E+03));
#1325 = CARTESIAN_POINT('',(4.514721402886,1.172136806514E+03));
#1326 = CARTESIAN_POINT('',(4.515358162639,1.169856380154E+03));
#1327 = CARTESIAN_POINT('',(4.516045124367,1.167582283049E+03));
#1328 = CARTESIAN_POINT('',(4.516782461771,1.165314536086E+03));
#1329 = CARTESIAN_POINT('',(4.517570323115,1.163053161589E+03));
#1330 = CARTESIAN_POINT('',(4.518408868632,1.160798165943E+03));
#1331 = CARTESIAN_POINT('',(4.519298237264,1.158549617856E+03));
#1332 = CARTESIAN_POINT('',(4.520238642292,1.156307352676E+03));
#1333 = CARTESIAN_POINT('',(4.521230100667,1.154072086782E+03));
#1334 = CARTESIAN_POINT('',(4.522274191642,1.151841352861E+03));
#1335 = CARTESIAN_POINT('',(4.523366866844,1.149624116413E+03));
#1336 = CARTESIAN_POINT('',(4.524504654423,1.14742678345E+03));
#1337 = CARTESIAN_POINT('',(4.525687956938,1.145247579714E+03));
#1338 = CARTESIAN_POINT('',(4.526916250477,1.143086811498E+03));
#1339 = CARTESIAN_POINT('',(4.528189205473,1.140944205435E+03));
#1340 = CARTESIAN_POINT('',(4.529506642582,1.138819725768E+03));
#1341 = CARTESIAN_POINT('',(4.530868398084,1.136713295611E+03));
#1342 = CARTESIAN_POINT('',(4.532274304461,1.134624848995E+03));
#1343 = CARTESIAN_POINT('',(4.533724196764,1.132554317402E+03));
#1344 = CARTESIAN_POINT('',(4.535217906599,1.130501631606E+03));
#1345 = CARTESIAN_POINT('',(4.536755279893,1.128466727783E+03));
#1346 = CARTESIAN_POINT('',(4.538336368173,1.126449625635E+03));
#1347 = CARTESIAN_POINT('',(4.539961212855,1.124450340634E+03));
#1348 = CARTESIAN_POINT('',(4.541629859058,1.122468888743E+03));
#1349 = CARTESIAN_POINT('',(4.543342351507,1.12050528818E+03));
#1350 = CARTESIAN_POINT('',(4.545098737093,1.118559547661E+03));
#1351 = CARTESIAN_POINT('',(4.546899058713,1.116631711648E+03));
#1352 = CARTESIAN_POINT('',(4.548743665713,1.114721808371E+03));
#1353 = CARTESIAN_POINT('',(4.550632423033,1.11283019304E+03));
#1354 = CARTESIAN_POINT('',(4.552566773711,1.110955905333E+03));
#1355 = CARTESIAN_POINT('',(4.554546002595,1.109100005369E+03));
#1356 = CARTESIAN_POINT('',(4.556564120785,1.107267973288E+03));
#1357 = CARTESIAN_POINT('',(4.558615968025,1.105464621992E+03));
#1358 = CARTESIAN_POINT('',(4.560701756183,1.103688966829E+03));
#1359 = CARTESIAN_POINT('',(4.562821306021,1.101940970885E+03));
#1360 = CARTESIAN_POINT('',(4.564974454128,1.100220465671E+03));
#1361 = CARTESIAN_POINT('',(4.567161032592,1.098527316783E+03));
#1362 = CARTESIAN_POINT('',(4.569380881235,1.096861385053E+03));
#1363 = CARTESIAN_POINT('',(4.571633819051,1.095222516287E+03));
#1364 = CARTESIAN_POINT('',(4.573919770405,1.09361064086E+03));
#1365 = CARTESIAN_POINT('',(4.576238751872,1.092025763891E+03));
#1366 = CARTESIAN_POINT('',(4.578590761385,1.090467874288E+03));
#1367 = CARTESIAN_POINT('',(4.5809758024,1.088936964625E+03));
#1368 = CARTESIAN_POINT('',(4.583393881513,1.087433029027E+03));
#1369 = CARTESIAN_POINT('',(4.585844993845,1.08595605175E+03));
#1370 = CARTESIAN_POINT('',(4.588329187429,1.084506057881E+03));
#1371 = CARTESIAN_POINT('',(4.590846645894,1.083083187668E+03));
#1372 = CARTESIAN_POINT('',(4.593397549754,1.081687556901E+03));
#1373 = CARTESIAN_POINT('',(4.595982024125,1.080319312753E+03));
#1374 = CARTESIAN_POINT('',(4.59860042682,1.078978501328E+03));
#1375 = CARTESIAN_POINT('',(4.601252248171,1.077665541613E+03));
#1376 = CARTESIAN_POINT('',(4.603940386663,1.076379392307E+03));
#1377 = CARTESIAN_POINT('',(4.606657513462,1.075123904174E+03));
#1378 = CARTESIAN_POINT('',(4.609392914431,1.07390386125E+03));
#1379 = CARTESIAN_POINT('',(4.612148256681,1.072718134204E+03));
#1380 = CARTESIAN_POINT('',(4.614922964119,1.071566762693E+03));
#1381 = CARTESIAN_POINT('',(4.617717085812,1.070449513262E+03));
#1382 = CARTESIAN_POINT('',(4.620530480758,1.069366184193E+03));
#1383 = CARTESIAN_POINT('',(4.623363114809,1.06831666099E+03));
#1384 = CARTESIAN_POINT('',(4.626214980568,1.067300900536E+03));
#1385 = CARTESIAN_POINT('',(4.629086064988,1.066318841151E+03));
#1386 = CARTESIAN_POINT('',(4.631976356968,1.065370424788E+03));
#1387 = CARTESIAN_POINT('',(4.634885848943,1.064455597419E+03));
#1388 = CARTESIAN_POINT('',(4.637814522943,1.063574285322E+03));
#1389 = CARTESIAN_POINT('',(4.640762442485,1.06272655538E+03));
#1390 = CARTESIAN_POINT('',(4.643729697633,1.061912519153E+03));
#1391 = CARTESIAN_POINT('',(4.646716373554,1.06113227731E+03));
#1392 = CARTESIAN_POINT('',(4.649722556312,1.06038593214E+03));
#1393 = CARTESIAN_POINT('',(4.652748339526,1.059673590348E+03));
#1394 = CARTESIAN_POINT('',(4.655793791912,1.058995339348E+03));
#1395 = CARTESIAN_POINT('',(4.658859127382,1.058351421128E+03));
#1396 = CARTESIAN_POINT('',(4.661944364931,1.057742096147E+03));
#1397 = CARTESIAN_POINT('',(4.665050220002,1.057167492217E+03));
#1398 = CARTESIAN_POINT('',(4.668177163127,1.056627871478E+03));
#1399 = CARTESIAN_POINT('',(4.671307525149,1.056126374094E+03));
#1400 = CARTESIAN_POINT('',(4.674440640914,1.055662767326E+03));
#1401 = CARTESIAN_POINT('',(4.677576689116,1.05523671816E+03));
#1402 = CARTESIAN_POINT('',(4.680715641283,1.054848091537E+03));
#1403 = CARTESIAN_POINT('',(4.683857527643,1.054496734846E+03));
#1404 = CARTESIAN_POINT('',(4.687002362867,1.054182499533E+03));
#1405 = CARTESIAN_POINT('',(4.690150166216,1.053905238376E+03));
#1406 = CARTESIAN_POINT('',(4.693300955183,1.053664794757E+03));
#1407 = CARTESIAN_POINT('',(4.696454750916,1.053461049858E+03));
#1408 = CARTESIAN_POINT('',(4.699611588008,1.053294044322E+03));
#1409 = CARTESIAN_POINT('',(4.702771499617,1.053163799075E+03));
#1410 = CARTESIAN_POINT('',(4.705934519518,1.053070340419E+03));
#1411 = CARTESIAN_POINT('',(4.709100681587,1.053013692864E+03));
#1412 = CARTESIAN_POINT('',(4.712270019792,1.052993882717E+03));
#1413 = CARTESIAN_POINT('',(4.715442568738,1.053010930889E+03));
#1414 = CARTESIAN_POINT('',(4.718618374689,1.053065035544E+03));
#1415 = CARTESIAN_POINT('',(4.721797497497,1.053156401834E+03));
#1416 = CARTESIAN_POINT('',(4.724979948897,1.053285227556E+03));
#1417 = CARTESIAN_POINT('',(4.728165920757,1.05345173293E+03));
#1418 = CARTESIAN_POINT('',(4.731354933754,1.053656055846E+03));
#1419 = CARTESIAN_POINT('',(4.734549014403,1.053898641081E+03));
#1420 = CARTESIAN_POINT('',(4.737733073412,1.054178464772E+03));
#1421 = CARTESIAN_POINT('',(4.740900919969,1.054494720403E+03));
#1422 = CARTESIAN_POINT('',(4.744055315648,1.05484734282E+03));
#1423 = CARTESIAN_POINT('',(4.747195676412,1.055236053672E+03));
#1424 = CARTESIAN_POINT('',(4.750322290781,1.055660691845E+03));
#1425 = CARTESIAN_POINT('',(4.753435218276,1.05612104944E+03));
#1426 = CARTESIAN_POINT('',(4.75653457122,1.05661695085E+03));
#1427 = CARTESIAN_POINT('',(4.759620390477,1.057148360297E+03));
#1428 = CARTESIAN_POINT('',(4.76269273154,1.057715213927E+03));
#1429 = CARTESIAN_POINT('',(4.765751645504,1.05831745413E+03));
#1430 = CARTESIAN_POINT('',(4.768797181858,1.058955026394E+03));
#1431 = CARTESIAN_POINT('',(4.771829396328,1.059627857572E+03));
#1432 = CARTESIAN_POINT('',(4.774848311761,1.060335959013E+03));
#1433 = CARTESIAN_POINT('',(4.777853906835,1.061079458501E+03));
#1434 = CARTESIAN_POINT('',(4.780846165736,1.061858460984E+03));
#1435 = CARTESIAN_POINT('',(4.783825078502,1.062673077889E+03));
#1436 = CARTESIAN_POINT('',(4.786790601952,1.063523417562E+03));
#1437 = CARTESIAN_POINT('',(4.78974281564,1.064409594198E+03));
#1438 = CARTESIAN_POINT('',(4.79268133053,1.065331719088E+03));
#1439 = CARTESIAN_POINT('',(4.795607300688,1.066290448767E+03));
#1440 = CARTESIAN_POINT('',(4.798519196728,1.067285570635E+03));
#1441 = CARTESIAN_POINT('',(4.801402247885,1.068312047627E+03));
#1442 = CARTESIAN_POINT('',(4.804256182408,1.069369407099E+03));
#1443 = CARTESIAN_POINT('',(4.807081351278,1.070457516477E+03));
#1444 = CARTESIAN_POINT('',(4.80987797828,1.071576107637E+03));
#1445 = CARTESIAN_POINT('',(4.812646209576,1.072725066427E+03));
#1446 = CARTESIAN_POINT('',(4.815386149349,1.073904302951E+03));
#1447 = CARTESIAN_POINT('',(4.818097911269,1.075113721005E+03));
#1448 = CARTESIAN_POINT('',(4.820781605548,1.07635322535E+03));
#1449 = CARTESIAN_POINT('',(4.823437339203,1.077622723201E+03));
#1450 = CARTESIAN_POINT('',(4.82606522791,1.078922110994E+03));
#1451 = CARTESIAN_POINT('',(4.828665254545,1.080251426515E+03));
#1452 = CARTESIAN_POINT('',(4.8312373862,1.08161072333E+03));
#1453 = CARTESIAN_POINT('',(4.833781592615,1.083000051001E+03));
#1454 = CARTESIAN_POINT('',(4.836297841951,1.084419459534E+03));
#1455 = CARTESIAN_POINT('',(4.83878609948,1.085869001167E+03));
#1456 = CARTESIAN_POINT('',(4.841246337069,1.087348718767E+03));
#1457 = CARTESIAN_POINT('',(4.843678389831,1.088858805235E+03));
#1458 = CARTESIAN_POINT('',(4.846082114028,1.090399414205E+03));
#1459 = CARTESIAN_POINT('',(4.848457394482,1.091970725138E+03));
#1460 = CARTESIAN_POINT('',(4.850803960045,1.093572869138E+03));
#1461 = CARTESIAN_POINT('',(4.85312190201,1.095206391346E+03));
#1462 = CARTESIAN_POINT('',(4.855398703898,1.096862430876E+03));
#1463 = CARTESIAN_POINT('',(4.857634183994,1.098540376103E+03));
#1464 = CARTESIAN_POINT('',(4.859829123474,1.100240577396E+03));
#1465 = CARTESIAN_POINT('',(4.861983548851,1.101962822045E+03));
#1466 = CARTESIAN_POINT('',(4.864097688648,1.103707047552E+03));
#1467 = CARTESIAN_POINT('',(4.866171711302,1.105473153641E+03));
#1468 = CARTESIAN_POINT('',(4.868205816832,1.107261040935E+03));
#1469 = CARTESIAN_POINT('',(4.870200124647,1.109070648379E+03));
#1470 = CARTESIAN_POINT('',(4.872154600358,1.110901999693E+03));
#1471 = CARTESIAN_POINT('',(4.874069234829,1.112755103999E+03));
#1472 = CARTESIAN_POINT('',(4.875944011342,1.114629974152E+03));
#1473 = CARTESIAN_POINT('',(4.877778913044,1.116526622675E+03));
#1474 = CARTESIAN_POINT('',(4.879573926004,1.118445059683E+03));
#1475 = CARTESIAN_POINT('',(4.881329019453,1.1203853053E+03));
#1476 = CARTESIAN_POINT('',(4.88304396847,1.122347480632E+03));
#1477 = CARTESIAN_POINT('',(4.884718567869,1.124331713211E+03));
#1478 = CARTESIAN_POINT('',(4.886352579315,1.126338082689E+03));
#1479 = CARTESIAN_POINT('',(4.887945873289,1.12836685381E+03));
#1480 = CARTESIAN_POINT('',(4.88949791416,1.130417598833E+03));
#1481 = CARTESIAN_POINT('',(4.891009677964,1.132492474862E+03));
#1482 = CARTESIAN_POINT('',(4.892479064536,1.134589115293E+03));
#1483 = CARTESIAN_POINT('',(4.893901643125,1.1367012393E+03));
#1484 = CARTESIAN_POINT('',(4.895273872335,1.138823825688E+03));
#1485 = CARTESIAN_POINT('',(4.896596988624,1.140957768349E+03));
#1486 = CARTESIAN_POINT('',(4.897870992273,1.143102789981E+03));
#1487 = CARTESIAN_POINT('',(4.899096222866,1.145258888753E+03));
#1488 = CARTESIAN_POINT('',(4.900272860568,1.147426004396E+03));
#1489 = CARTESIAN_POINT('',(4.90140095168,1.149604132211E+03));
#1490 = CARTESIAN_POINT('',(4.902480572404,1.151793253863E+03));
#1491 = CARTESIAN_POINT('',(4.90351179248,1.15399335422E+03));
#1492 = CARTESIAN_POINT('',(4.904494675525,1.156204418973E+03));
#1493 = CARTESIAN_POINT('',(4.905429314028,1.158426427316E+03));
#1494 = CARTESIAN_POINT('',(4.906315650552,1.160659392353E+03));
#1495 = CARTESIAN_POINT('',(4.907153511042,1.162903353656E+03));
#1496 = CARTESIAN_POINT('',(4.90794274661,1.165158344912E+03));
#1497 = CARTESIAN_POINT('',(4.908683203981,1.167424401247E+03));
#1498 = CARTESIAN_POINT('',(4.909374721162,1.169701557917E+03));
#1499 = CARTESIAN_POINT('',(4.91001717433,1.171989848212E+03));
#1500 = CARTESIAN_POINT('',(4.910610249164,1.174289323486E+03));
#1501 = CARTESIAN_POINT('',(4.911153591352,1.176600138085E+03));
#1502 = CARTESIAN_POINT('',(4.911646888559,1.178922086247E+03));
#1503 = CARTESIAN_POINT('',(4.912089781317,1.181256871442E+03));
#1504 = CARTESIAN_POINT('',(4.912481182116,1.183598149844E+03));
#1505 = CARTESIAN_POINT('',(4.912819704212,1.185938563282E+03));
#1506 = CARTESIAN_POINT('',(4.913105445106,1.188276128421E+03));
#1507 = CARTESIAN_POINT('',(4.91333902665,1.190612347517E+03));
#1508 = CARTESIAN_POINT('',(4.913520570673,1.192946827218E+03));
#1509 = CARTESIAN_POINT('',(4.913650333063,1.195279682104E+03));
#1510 = CARTESIAN_POINT('',(4.913728533434,1.197610890644E+03));
#1511 = CARTESIAN_POINT('',(4.913755402367,1.199940467817E+03));
#1512 = CARTESIAN_POINT('',(4.913731162796,1.202268418671E+03));
#1513 = CARTESIAN_POINT('',(4.913655804948,1.204594743439E+03));
#1514 = CARTESIAN_POINT('',(4.913529324079,1.206919441825E+03));
#1515 = CARTESIAN_POINT('',(4.913351713603,1.209242513646E+03));
#1516 = CARTESIAN_POINT('',(4.913122969229,1.211563958794E+03));
#1517 = CARTESIAN_POINT('',(4.912843079264,1.213883776743E+03));
#1518 = CARTESIAN_POINT('',(4.912512059271,1.216201968565E+03));
#1519 = CARTESIAN_POINT('',(4.912129712255,1.218518525836E+03));
#1520 = CARTESIAN_POINT('',(4.91169578385,1.220833448497E+03));
#1521 = CARTESIAN_POINT('',(4.911210044985,1.22314669927E+03));
#1522 = CARTESIAN_POINT('',(4.910672220003,1.225458381317E+03));
#1523 = CARTESIAN_POINT('',(4.910082193847,1.227768073262E+03));
#1524 = CARTESIAN_POINT('',(4.90943925522,1.230077311438E+03));
#1525 = CARTESIAN_POINT('',(4.908744280922,1.232381561529E+03));
#1526 = CARTESIAN_POINT('',(4.908000792366,1.234669650944E+03));
#1527 = CARTESIAN_POINT('',(4.907208601127,1.236943939353E+03));
#1528 = CARTESIAN_POINT('',(4.906368219609,1.23920392993E+03));
#1529 = CARTESIAN_POINT('',(4.905479881886,1.241449864675E+03));
#1530 = CARTESIAN_POINT('',(4.904543892357,1.243681786446E+03));
#1531 = CARTESIAN_POINT('',(4.903560560288,1.245899798518E+03));
#1532 = CARTESIAN_POINT('',(4.902529981442,1.248103925643E+03));
#1533 = CARTESIAN_POINT('',(4.901452278851,1.250294204925E+03));
#1534 = CARTESIAN_POINT('',(4.900327568789,1.252470670443E+03));
#1535 = CARTESIAN_POINT('',(4.899155965298,1.25463335603E+03));
#1536 = CARTESIAN_POINT('',(4.897937596097,1.256782299521E+03));
#1537 = CARTESIAN_POINT('',(4.896672531218,1.258917522053E+03));
#1538 = CARTESIAN_POINT('',(4.895360647624,1.261038987628E+03));
#1539 = CARTESIAN_POINT('',(4.8940018466,1.263146669506E+03));
#1540 = CARTESIAN_POINT('',(4.892596028324,1.265240533513E+03));
#1541 = CARTESIAN_POINT('',(4.891143069863,1.267320565954E+03));
#1542 = CARTESIAN_POINT('',(4.889642938621,1.269386678651E+03));
#1543 = CARTESIAN_POINT('',(4.88809525786,1.271439062609E+03));
#1544 = CARTESIAN_POINT('',(4.886500125694,1.273477108077E+03));
#1545 = CARTESIAN_POINT('',(4.884856123914,1.27550213128E+03));
#1546 = CARTESIAN_POINT('',(4.883168003994,1.277507959047E+03));
#1547 = CARTESIAN_POINT('',(4.881442126398,1.279487460261E+03));
#1548 = CARTESIAN_POINT('',(4.879677164221,1.281442773356E+03));
#1549 = CARTESIAN_POINT('',(4.877873885333,1.283373588278E+03));
#1550 = CARTESIAN_POINT('',(4.876032399857,1.28528019037E+03));
#1551 = CARTESIAN_POINT('',(4.874152869293,1.287162626761E+03));
#1552 = CARTESIAN_POINT('',(4.872235438945,1.289021007526E+03));
#1553 = CARTESIAN_POINT('',(4.870280259005,1.290855426886E+03));
#1554 = CARTESIAN_POINT('',(4.868287471362,1.292665979538E+03));
#1555 = CARTESIAN_POINT('',(4.866257241247,1.294452774123E+03));
#1556 = CARTESIAN_POINT('',(4.864189580764,1.29621582305E+03));
#1557 = CARTESIAN_POINT('',(4.862084441288,1.297955100702E+03));
#1558 = CARTESIAN_POINT('',(4.859941787324,1.299670590585E+03));
#1559 = CARTESIAN_POINT('',(4.857761580697,1.301362274736E+03));
#1560 = CARTESIAN_POINT('',(4.855543774617,1.303030131948E+03));
#1561 = CARTESIAN_POINT('',(4.853288353258,1.304674155465E+03));
#1562 = CARTESIAN_POINT('',(4.850995110419,1.306294240295E+03));
#1563 = CARTESIAN_POINT('',(4.848663906944,1.307890243934E+03));
#1564 = CARTESIAN_POINT('',(4.846294377856,1.309462183112E+03));
#1565 = CARTESIAN_POINT('',(4.843887007234,1.311009487915E+03));
#1566 = CARTESIAN_POINT('',(4.841438841379,1.312533611479E+03));
#1567 = CARTESIAN_POINT('',(4.838957887404,1.314029341076E+03));
#1568 = CARTESIAN_POINT('',(4.836452811239,1.315491726349E+03));
#1569 = CARTESIAN_POINT('',(4.833922003281,1.316922048228E+03));
#1570 = CARTESIAN_POINT('',(4.831366049196,1.318320177351E+03));
#1571 = CARTESIAN_POINT('',(4.828784945523,1.319686362673E+03));
#1572 = CARTESIAN_POINT('',(4.826178844133,1.321020750175E+03));
#1573 = CARTESIAN_POINT('',(4.823547858743,1.322323519414E+03));
#1574 = CARTESIAN_POINT('',(4.820892093899,1.323594818059E+03));
#1575 = CARTESIAN_POINT('',(4.818211533599,1.32483464814E+03));
#1576 = CARTESIAN_POINT('',(4.815506173491,1.326043026263E+03));
#1577 = CARTESIAN_POINT('',(4.812776004577,1.327219964962E+03));
#1578 = CARTESIAN_POINT('',(4.8100210182,1.328365478481E+03));
#1579 = CARTESIAN_POINT('',(4.807241202389,1.329479578297E+03));
#1580 = CARTESIAN_POINT('',(4.804436551488,1.330562285249E+03));
#1581 = CARTESIAN_POINT('',(4.801606939438,1.331613469193E+03));
#1582 = CARTESIAN_POINT('',(4.798752229039,1.33263298789E+03));
#1583 = CARTESIAN_POINT('',(4.795872285374,1.333620702262E+03));
#1584 = CARTESIAN_POINT('',(4.792966967898,1.334576472597E+03));
#1585 = CARTESIAN_POINT('',(4.790036148784,1.335500158567E+03));
#1586 = CARTESIAN_POINT('',(4.787079647517,1.336391622935E+03));
#1587 = CARTESIAN_POINT('',(4.784097335313,1.337250541621E+03));
#1588 = CARTESIAN_POINT('',(4.781088215308,1.338076817733E+03));
#1589 = CARTESIAN_POINT('',(4.778070402559,1.338865479266E+03));
#1590 = CARTESIAN_POINT('',(4.775043256661,1.339617023268E+03));
#1591 = CARTESIAN_POINT('',(4.772006694909,1.340331687027E+03));
#1592 = CARTESIAN_POINT('',(4.768960782661,1.341009698042E+03));
#1593 = CARTESIAN_POINT('',(4.765905543078,1.341651279349E+03));
#1594 = CARTESIAN_POINT('',(4.762840968313,1.342256495475E+03));
#1595 = CARTESIAN_POINT('',(4.759767054665,1.342825440029E+03));
#1596 = CARTESIAN_POINT('',(4.756683796956,1.343358199991E+03));
#1597 = CARTESIAN_POINT('',(4.753591188597,1.343854859771E+03));
#1598 = CARTESIAN_POINT('',(4.750489226936,1.344315520686E+03));
#1599 = CARTESIAN_POINT('',(4.747377889421,1.344740209874E+03));
#1600 = CARTESIAN_POINT('',(4.744257119657,1.345128826742E+03));
#1601 = CARTESIAN_POINT('',(4.741126866549,1.345481293452E+03));
#1602 = CARTESIAN_POINT('',(4.737987077529,1.345797527779E+03));
#1603 = CARTESIAN_POINT('',(4.734837697242,1.346077442302E+03));
#1604 = CARTESIAN_POINT('',(4.731678679594,1.346320974768E+03));
#1605 = CARTESIAN_POINT('',(4.728509938876,1.346527959698E+03));
#1606 = CARTESIAN_POINT('',(4.725331412923,1.346698151609E+03));
#1607 = CARTESIAN_POINT('',(4.722142881679,1.346831346907E+03));
#1608 = CARTESIAN_POINT('',(4.718944744413,1.346927311516E+03));
#1609 = CARTESIAN_POINT('',(4.715735036252,1.346985734448E+03));
#1610 = CARTESIAN_POINT('',(4.712527575026,1.347006240669E+03));
#1611 = CARTESIAN_POINT('',(4.709330497396,1.346989085779E+03));
#1612 = CARTESIAN_POINT('',(4.706140446526,1.346934560205E+03));
#1613 = CARTESIAN_POINT('',(4.702958232317,1.34684281716E+03));
#1614 = CARTESIAN_POINT('',(4.699783548826,1.346714046324E+03));
#1615 = CARTESIAN_POINT('',(4.69661638946,1.346548428714E+03));
#1616 = CARTESIAN_POINT('',(4.693456668825,1.346346143536E+03));
#1617 = CARTESIAN_POINT('',(4.690304320166,1.346107385898E+03));
#1618 = CARTESIAN_POINT('',(4.687159304702,1.345832184455E+03));
#1619 = CARTESIAN_POINT('',(4.684021590957,1.345520540953E+03));
#1620 = CARTESIAN_POINT('',(4.680891146153,1.345172463765E+03));
#1621 = CARTESIAN_POINT('',(4.677767938078,1.344787961079E+03));
#1622 = CARTESIAN_POINT('',(4.674651936122,1.344367035205E+03));
#1623 = CARTESIAN_POINT('',(4.671543105272,1.343909712156E+03));
#1624 = CARTESIAN_POINT('',(4.668441436416,1.343415892224E+03));
#1625 = CARTESIAN_POINT('',(4.665346935697,1.342885393209E+03));
#1626 = CARTESIAN_POINT('',(4.662259611766,1.342318052689E+03));
#1627 = CARTESIAN_POINT('',(4.659179452717,1.341713700347E+03));
#1628 = CARTESIAN_POINT('',(4.656106528836,1.341072177671E+03));
#1629 = CARTESIAN_POINT('',(4.653040604654,1.340393286824E+03));
#1630 = CARTESIAN_POINT('',(4.649980576998,1.339676413111E+03));
#1631 = CARTESIAN_POINT('',(4.646942888621,1.338925323284E+03));
#1632 = CARTESIAN_POINT('',(4.643929319251,1.338140826728E+03));
#1633 = CARTESIAN_POINT('',(4.640939147735,1.337323030682E+03));
#1634 = CARTESIAN_POINT('',(4.637972352696,1.336472156041E+03));
#1635 = CARTESIAN_POINT('',(4.635028740221,1.335588374161E+03));
#1636 = CARTESIAN_POINT('',(4.632108135569,1.334671910532E+03));
#1637 = CARTESIAN_POINT('',(4.629210463878,1.333722828678E+03));
#1638 = CARTESIAN_POINT('',(4.626335653497,1.332741194821E+03));
#1639 = CARTESIAN_POINT('',(4.62348363324,1.331727074599E+03));
#1640 = CARTESIAN_POINT('',(4.620654333585,1.330680533286E+03));
#1641 = CARTESIAN_POINT('',(4.617847684637,1.3296016382E+03));
#1642 = CARTESIAN_POINT('',(4.615063623137,1.328490448817E+03));
#1643 = CARTESIAN_POINT('',(4.612302195235,1.327346869817E+03));
#1644 = CARTESIAN_POINT('',(4.609563443635,1.326170812283E+03));
#1645 = CARTESIAN_POINT('',(4.606847413016,1.324962185887E+03));
#1646 = CARTESIAN_POINT('',(4.604154149706,1.323720899543E+03));
#1647 = CARTESIAN_POINT('',(4.601483697542,1.322446866604E+03));
#1648 = CARTESIAN_POINT('',(4.598836114743,1.321139983425E+03));
#1649 = CARTESIAN_POINT('',(4.596211565301,1.319799988657E+03));
#1650 = CARTESIAN_POINT('',(4.593610178391,1.31842670179E+03));
#1651 = CARTESIAN_POINT('',(4.591032093498,1.317019818153E+03));
#1652 = CARTESIAN_POINT('',(4.588490052482,1.315586302689E+03));
#1653 = CARTESIAN_POINT('',(4.585985792077,1.31412748754E+03));
#1654 = CARTESIAN_POINT('',(4.583517725156,1.312642817029E+03));
#1655 = CARTESIAN_POINT('',(4.581085945046,1.311132657043E+03));
#1656 = CARTESIAN_POINT('',(4.578690253033,1.309597016162E+03));
#1657 = CARTESIAN_POINT('',(4.576330538306,1.308035992971E+03));
#1658 = CARTESIAN_POINT('',(4.574006666535,1.306449662987E+03));
#1659 = CARTESIAN_POINT('',(4.571718516783,1.304838103981E+03));
#1660 = CARTESIAN_POINT('',(4.569465945309,1.303201407787E+03));
#1661 = CARTESIAN_POINT('',(4.567248916784,1.301539591264E+03));
#1662 = CARTESIAN_POINT('',(4.565067497392,1.299852599967E+03));
#1663 = CARTESIAN_POINT('',(4.562921733315,1.298140394515E+03));
#1664 = CARTESIAN_POINT('',(4.560811675049,1.296402932504E+03));
#1665 = CARTESIAN_POINT('',(4.558737381748,1.294640168568E+03));
#1666 = CARTESIAN_POINT('',(4.556698879515,1.292852072204E+03));
#1667 = CARTESIAN_POINT('',(4.55469634708,1.291038539993E+03));
#1668 = CARTESIAN_POINT('',(4.552729935817,1.289199359986E+03));
#1669 = CARTESIAN_POINT('',(4.550800034844,1.287334632168E+03));
#1670 = CARTESIAN_POINT('',(4.54890593777,1.285443213283E+03));
#1671 = CARTESIAN_POINT('',(4.54704921614,1.283526298292E+03));
#1672 = CARTESIAN_POINT('',(4.545229492344,1.281582898228E+03));
#1673 = CARTESIAN_POINT('',(4.543454532547,1.279621188468E+03));
#1674 = CARTESIAN_POINT('',(4.541726931901,1.277644431948E+03));
#1675 = CARTESIAN_POINT('',(4.540045713966,1.27565184558E+03));
#1676 = CARTESIAN_POINT('',(4.538410860357,1.273643730375E+03));
#1677 = CARTESIAN_POINT('',(4.536822096628,1.271620096968E+03));
#1678 = CARTESIAN_POINT('',(4.535279219135,1.269581033394E+03));
#1679 = CARTESIAN_POINT('',(4.533782001732,1.267526608473E+03));
#1680 = CARTESIAN_POINT('',(4.532330443355,1.265456822808E+03));
#1681 = CARTESIAN_POINT('',(4.53092454656,1.263371674004E+03));
#1682 = CARTESIAN_POINT('',(4.529564314078,1.261271160309E+03));
#1683 = CARTESIAN_POINT('',(4.528249747405,1.259155280414E+03));
#1684 = CARTESIAN_POINT('',(4.526980855926,1.257024030591E+03));
#1685 = CARTESIAN_POINT('',(4.525757621819,1.254877416348E+03));
#1686 = CARTESIAN_POINT('',(4.524580213542,1.252715380957E+03));
#1687 = CARTESIAN_POINT('',(4.523448864102,1.250537844796E+03));
#1688 = CARTESIAN_POINT('',(4.522363792689,1.248344737767E+03));
#1689 = CARTESIAN_POINT('',(4.521325215565,1.246135973103E+03));
#1690 = CARTESIAN_POINT('',(4.520333376529,1.243911521195E+03));
#1691 = CARTESIAN_POINT('',(4.519388414145,1.241671140469E+03));
#1692 = CARTESIAN_POINT('',(4.51849099214,1.239415336295E+03));
#1693 = CARTESIAN_POINT('',(4.517640619163,1.237141552705E+03));
#1694 = CARTESIAN_POINT('',(4.516840162596,1.234856459482E+03));
#1695 = CARTESIAN_POINT('',(4.516092078699,1.232567326074E+03));
#1696 = CARTESIAN_POINT('',(4.515395702276,1.230273000531E+03));
#1697 = CARTESIAN_POINT('',(4.514750953826,1.227973816052E+03));
#1698 = CARTESIAN_POINT('',(4.514157556012,1.225669711815E+03));
#1699 = CARTESIAN_POINT('',(4.513615509957,1.223360711085E+03));
#1700 = CARTESIAN_POINT('',(4.513124782121,1.221046810738E+03));
#1701 = CARTESIAN_POINT('',(4.512685347657,1.218728014996E+03));
#1702 = CARTESIAN_POINT('',(4.512297182054,1.21640432508E+03));
#1703 = CARTESIAN_POINT('',(4.511960251201,1.214075746875E+03));
#1704 = CARTESIAN_POINT('',(4.511674560537,1.2117422693E+03));
#1705 = CARTESIAN_POINT('',(4.511440338846,1.209403873525E+03));
#1706 = CARTESIAN_POINT('',(4.511257791549,1.207060546388E+03));
#1707 = CARTESIAN_POINT('',(4.511127130341,1.204712273207E+03));
#1708 = CARTESIAN_POINT('',(4.511048565251,1.202359039709E+03));
#1709 = CARTESIAN_POINT('',(4.511031059595,1.200786900909E+03));
#1710 = CARTESIAN_POINT('',(4.511031059594,1.2E+03));
#1711 = ( GEOMETRIC_REPRESENTATION_CONTEXT(2) 
PARAMETRIC_REPRESENTATION_CONTEXT() REPRESENTATION_CONTEXT('2D SPACE',''
  ) );
#1712 = PCURVE('',#1713,#1718);
#1713 = CYLINDRICAL_SURFACE('',#1714,147.);
#1714 = AXIS2_PLACEMENT_3D('',#1715,#1716,#1717);
#1715 = CARTESIAN_POINT('',(-1.E+03,-1.2E+03,-1.469576158977E-13));
#1716 = DIRECTION('',(1.,0.,0.));
#1717 = DIRECTION('',(0.,0.,-1.));
#1718 = DEFINITIONAL_REPRESENTATION('',(#1719),#2119);
#1719 = B_SPLINE_CURVE_WITH_KNOTS('',3,(#1720,#1721,#1722,#1723,#1724,
    #1725,#1726,#1727,#1728,#1729,#1730,#1731,#1732,#1733,#1734,#1735,
    #1736,#1737,#1738,#1739,#1740,#1741,#1742,#1743,#1744,#1745,#1746,
    #1747,#1748,#1749,#1750,#1751,#1752,#1753,#1754,#1755,#1756,#1757,
    #1758,#1759,#1760,#1761,#1762,#1763,#1764,#1765,#1766,#1767,#1768,
    #1769,#1770,#1771,#1772,#1773,#1774,#1775,#1776,#1777,#1778,#1779,
    #1780,#1781,#1782,#1783,#1784,#1785,#1786,#1787,#1788,#1789,#1790,
    #1791,#1792,#1793,#1794,#1795,#1796,#1797,#1798,#1799,#1800,#1801,
    #1802,#1803,#1804,#1805,#1806,#1807,#1808,#1809,#1810,#1811,#1812,
    #1813,#1814,#1815,#1816,#1817,#1818,#1819,#1820,#1821,#1822,#1823,
    #1824,#1825,#1826,#1827,#1828,#1829,#1830,#1831,#1832,#1833,#1834,
    #1835,#1836,#1837,#1838,#1839,#1840,#1841,#1842,#1843,#1844,#1845,
    #1846,#1847,#1848,#1849,#1850,#1851,#1852,#1853,#1854,#1855,#1856,
    #1857,#1858,#1859,#1860,#1861,#1862,#1863,#1864,#1865,#1866,#1867,
    #1868,#1869,#1870,#1871,#1872,#1873,#1874,#1875,#1876,#1877,#1878,
    #1879,#1880,#1881,#1882,#1883,#1884,#1885,#1886,#1887,#1888,#1889,
    #1890,#1891,#1892,#1893,#1894,#1895,#1896,#1897,#1898,#1899,#1900,
    #1901,#1902,#1903,#1904,#1905,#1906,#1907,#1908,#1909,#1910,#1911,
    #1912,#1913,#1914,#1915,#1916,#1917,#1918,#1919,#1920,#1921,#1922,
    #1923,#1924,#1925,#1926,#1927,#1928,#1929,#1930,#1931,#1932,#1933,
    #1934,#1935,#1936,#1937,#1938,#1939,#1940,#1941,#1942,#1943,#1944,
    #1945,#1946,#1947,#1948,#1949,#1950,#1951,#1952,#1953,#1954,#1955,
    #1956,#1957,#1958,#1959,#1960,#1961,#1962,#1963,#1964,#1965,#1966,
    #1967,#1968,#1969,#1970,#1971,#1972,#1973,#1974,#1975,#1976,#1977,
    #1978,#1979,#1980,#1981,#1982,#1983,#1984,#1985,#1986,#1987,#1988,
    #1989,#1990,#1991,#1992,#1993,#1994,#1995,#1996,#1997,#1998,#1999,
    #2000,#2001,#2002,#2003,#2004,#2005,#2006,#2007,#2008,#2009,#2010,
    #2011,#2012,#2013,#2014,#2015,#2016,#2017,#2018,#2019,#2020,#2021,
    #2022,#2023,#2024,#2025,#2026,#2027,#2028,#2029,#2030,#2031,#2032,
    #2033,#2034,#2035,#2036,#2037,#2038,#2039,#2040,#2041,#2042,#2043,
    #2044,#2045,#2046,#2047,#2048,#2049,#2050,#2051,#2052,#2053,#2054,
    #2055,#2056,#2057,#2058,#2059,#2060,#2061,#2062,#2063,#2064,#2065,
    #2066,#2067,#2068,#2069,#2070,#2071,#2072,#2073,#2074,#2075,#2076,
    #2077,#2078,#2079,#2080,#2081,#2082,#2083,#2084,#2085,#2086,#2087,
    #2088,#2089,#2090,#2091,#2092,#2093,#2094,#2095,#2096,#2097,#2098,
    #2099,#2100,#2101,#2102,#2103,#2104,#2105,#2106,#2107,#2108,#2109,
    #2110,#2111,#2112,#2113,#2114,#2115,#2116,#2117,#2118),
  .UNSPECIFIED.,.F.,.F.,(4,1,1,1,1,1,1,1,1,1,1,1,1,1,1,1,1,1,1,1,1,1,1,1
    ,1,1,1,1,1,1,1,1,1,1,1,1,1,1,1,1,1,1,1,1,1,1,1,1,1,1,1,1,1,1,1,1,1,1
    ,1,1,1,1,1,1,1,1,1,1,1,1,1,1,1,1,1,1,1,1,1,1,1,1,1,1,1,1,1,1,1,1,1,1
    ,1,1,1,1,1,1,1,1,1,1,1,1,1,1,1,1,1,1,1,1,1,1,1,1,1,1,1,1,1,1,1,1,1,1
    ,1,1,1,1,1,1,1,1,1,1,1,1,1,1,1,1,1,1,1,1,1,1,1,1,1,1,1,1,1,1,1,1,1,1
    ,1,1,1,1,1,1,1,1,1,1,1,1,1,1,1,1,1,1,1,1,1,1,1,1,1,1,1,1,1,1,1,1,1,1
    ,1,1,1,1,1,1,1,1,1,1,1,1,1,1,1,1,1,1,1,1,1,1,1,1,1,1,1,1,1,1,1,1,1,1
    ,1,1,1,1,1,1,1,1,1,1,1,1,1,1,1,1,1,1,1,1,1,1,1,1,1,1,1,1,1,1,1,1,1,1
    ,1,1,1,1,1,1,1,1,1,1,1,1,1,1,1,1,1,1,1,1,1,1,1,1,1,1,1,1,1,1,1,1,1,1
    ,1,1,1,1,1,1,1,1,1,1,1,1,1,1,1,1,1,1,1,1,1,1,1,1,1,1,1,1,1,1,1,1,1,1
    ,1,1,1,1,1,1,1,1,1,1,1,1,1,1,1,1,1,1,1,1,1,1,1,1,1,1,1,1,1,1,1,1,1,1
    ,1,1,1,1,1,1,1,1,1,1,1,1,1,1,1,1,1,1,1,1,1,1,1,1,1,1,1,1,1,1,1,1,4),
  (0.,2.326724056355E-03,4.653448112711E-03,6.980172169066E-03,
    9.306896225422E-03,1.163362028178E-02,1.396034433813E-02,
    1.628706839449E-02,1.861379245084E-02,2.09405165072E-02,
    2.326724056355E-02,2.559396461991E-02,2.792068867627E-02,
    3.024741273262E-02,3.257413678898E-02,3.490086084533E-02,
    3.722758490169E-02,3.955430895804E-02,4.18810330144E-02,
    4.420775707075E-02,4.653448112711E-02,4.886120518347E-02,
    5.118792923982E-02,5.351465329618E-02,5.584137735253E-02,
    5.816810140889E-02,6.049482546524E-02,6.28215495216E-02,
    6.514827357795E-02,6.747499763431E-02,6.980172169066E-02,
    7.212844574702E-02,7.445516980338E-02,7.678189385973E-02,
    7.910861791609E-02,8.143534197244E-02,8.37620660288E-02,
    8.608879008515E-02,8.841551414151E-02,9.074223819786E-02,
    9.306896225422E-02,9.539568631058E-02,9.772241036693E-02,
    0.100049134423,0.10237585848,0.104702582536,0.107029306592,
    0.109356030649,0.111682754705,0.114009478761,0.116336202818,
    0.118662926874,0.12098965093,0.123316374987,0.125643099043,
    0.1279698231,0.130296547156,0.132623271212,0.134949995269,
    0.137276719325,0.139603443381,0.141930167438,0.144256891494,
    0.14658361555,0.148910339607,0.151237063663,0.153563787719,
    0.155890511776,0.158217235832,0.160543959889,0.162870683945,
    0.165197408001,0.167524132058,0.169850856114,0.17217758017,
    0.174504304227,0.176831028283,0.179157752339,0.181484476396,
    0.183811200452,0.186137924508,0.188464648565,0.190791372621,
    0.193118096678,0.195444820734,0.19777154479,0.200098268847,
    0.202424992903,0.204751716959,0.207078441016,0.209405165072,
    0.211731889128,0.214058613185,0.216385337241,0.218712061297,
    0.221038785354,0.22336550941,0.225692233466,0.228018957523,
    0.230345681579,0.232672405636,0.234999129692,0.237325853748,
    0.239652577805,0.241979301861,0.244306025917,0.246632749974,
    0.24895947403,0.251286198086,0.253612922143,0.255939646199,
    0.258266370255,0.260593094312,0.262919818368,0.265246542425,
    0.267573266481,0.269899990537,0.272226714594,0.27455343865,
    0.276880162706,0.279206886763,0.281533610819,0.283860334875,
    0.286187058932,0.288513782988,0.290840507044,0.293167231101,
    0.295493955157,0.297820679214,0.30014740327,0.302474127326,
    0.304800851383,0.307127575439,0.309454299495,0.311781023552,
    0.314107747608,0.316434471664,0.318761195721,0.321087919777,
    0.323414643833,0.32574136789,0.328068091946,0.330394816002,
    0.332721540059,0.335048264115,0.337374988172,0.339701712228,
    0.342028436284,0.344355160341,0.346681884397,0.349008608453,
    0.35133533251,0.353662056566,0.355988780622,0.358315504679,
    0.360642228735,0.362968952791,0.365295676848,0.367622400904,
    0.369949124961,0.372275849017,0.374602573073,0.37692929713,
    0.379256021186,0.381582745242,0.383909469299,0.386236193355,
    0.388562917411,0.390889641468,0.393216365524,0.39554308958,
    0.397869813637,0.400196537693,0.40252326175,0.404849985806,
    0.407176709862,0.409503433919,0.411830157975,0.414156882031,
    0.416483606088,0.418810330144,0.4211370542,0.423463778257,
    0.425790502313,0.428117226369,0.430443950426,0.432770674482,
    0.435097398538,0.437424122595,0.439750846651,0.442077570708,
    0.444404294764,0.44673101882,0.449057742877,0.451384466933,
    0.453711190989,0.456037915046,0.458364639102,0.460691363158,
    0.463018087215,0.465344811271,0.467671535327,0.469998259384,
    0.47232498344,0.474651707497,0.476978431553,0.479305155609,
    0.481631879666,0.483958603722,0.486285327778,0.488612051835,
    0.490938775891,0.493265499947,0.495592224004,0.49791894806,
    0.500245672116,0.502572396173,0.504899120229,0.507225844285,
    0.509552568342,0.511879292398,0.514206016455,0.516532740511,
    0.518859464567,0.521186188624,0.52351291268,0.525839636736,
    0.528166360793,0.530493084849,0.532819808905,0.535146532962,
    0.537473257018,0.539799981074,0.542126705131,0.544453429187,
    0.546780153244,0.5491068773,0.551433601356,0.553760325413,
    0.556087049469,0.558413773525,0.560740497582,0.563067221638,
    0.565393945694,0.567720669751,0.570047393807,0.572374117863,
    0.57470084192,0.577027565976,0.579354290033,0.581681014089,
    0.584007738145,0.586334462202,0.588661186258,0.590987910314,
    0.593314634371,0.595641358427,0.597968082483,0.60029480654,
    0.602621530596,0.604948254652,0.607274978709,0.609601702765,
    0.611928426821,0.614255150878,0.616581874934,0.618908598991,
    0.621235323047,0.623562047103,0.62588877116,0.628215495216,
    0.630542219272,0.632868943329,0.635195667385,0.637522391441,
    0.639849115498,0.642175839554,0.64450256361,0.646829287667,
    0.649156011723,0.65148273578,0.653809459836,0.656136183892,
    0.658462907949,0.660789632005,0.663116356061,0.665443080118,
    0.667769804174,0.67009652823,0.672423252287,0.674749976343,
    0.677076700399,0.679403424456,0.681730148512,0.684056872569,
    0.686383596625,0.688710320681,0.691037044738,0.693363768794,
    0.69569049285,0.698017216907,0.700343940963,0.702670665019,
    0.704997389076,0.707324113132,0.709650837188,0.711977561245,
    0.714304285301,0.716631009357,0.718957733414,0.72128445747,
    0.723611181527,0.725937905583,0.728264629639,0.730591353696,
    0.732918077752,0.735244801808,0.737571525865,0.739898249921,
    0.742224973977,0.744551698034,0.74687842209,0.749205146146,
    0.751531870203,0.753858594259,0.756185318316,0.758512042372,
    0.760838766428,0.763165490485,0.765492214541,0.767818938597,
    0.770145662654,0.77247238671,0.774799110766,0.777125834823,
    0.779452558879,0.781779282935,0.784106006992,0.786432731048,
    0.788759455105,0.791086179161,0.793412903217,0.795739627274,
    0.79806635133,0.800393075386,0.802719799443,0.805046523499,
    0.807373247555,0.809699971612,0.812026695668,0.814353419724,
    0.816680143781,0.819006867837,0.821333591893,0.82366031595,
    0.825987040006,0.828313764063,0.830640488119,0.832967212175,
    0.835293936232,0.837620660288,0.839947384344,0.842274108401,
    0.844600832457,0.846927556513,0.84925428057,0.851581004626,
    0.853907728682,0.856234452739,0.858561176795,0.860887900852,
    0.863214624908,0.865541348964,0.867868073021,0.870194797077,
    0.872521521133,0.87484824519,0.877174969246,0.879501693302,
    0.881828417359,0.884155141415,0.886481865471,0.888808589528,
    0.891135313584,0.893462037641,0.895788761697,0.898115485753,
    0.90044220981,0.902768933866,0.905095657922,0.907422381979,
    0.909749106035,0.912075830091,0.914402554148,0.916729278204,
    0.91905600226,0.921382726317),.QUASI_UNIFORM_KNOTS.);
#1720 = CARTESIAN_POINT('',(9.424777960769,279.85001562174));
#1721 = CARTESIAN_POINT('',(9.419424896324,279.85001562174));
#1722 = CARTESIAN_POINT('',(9.408733767412,279.84743659109));
#1723 = CARTESIAN_POINT('',(9.392737750328,279.83589464581));
#1724 = CARTESIAN_POINT('',(9.376778070295,279.81674299236));
#1725 = CARTESIAN_POINT('',(9.360850442614,279.7900453272));
#1726 = CARTESIAN_POINT('',(9.344950626751,279.75586532703));
#1727 = CARTESIAN_POINT('',(9.329074438434,279.71426674217));
#1728 = CARTESIAN_POINT('',(9.313217751196,279.66531304826));
#1729 = CARTESIAN_POINT('',(9.29737655942,279.60906590048));
#1730 = CARTESIAN_POINT('',(9.281546860275,279.5455881065));
#1731 = CARTESIAN_POINT('',(9.265724650873,279.47494219941));
#1732 = CARTESIAN_POINT('',(9.249905937219,279.39719077086));
#1733 = CARTESIAN_POINT('',(9.234086737352,279.3123964529));
#1734 = CARTESIAN_POINT('',(9.218263095834,279.22062165737));
#1735 = CARTESIAN_POINT('',(9.20243104808,279.12192875194));
#1736 = CARTESIAN_POINT('',(9.18658656244,279.01638213631));
#1737 = CARTESIAN_POINT('',(9.170725605134,278.90404610339));
#1738 = CARTESIAN_POINT('',(9.154843994187,278.78498387679));
#1739 = CARTESIAN_POINT('',(9.138937957448,278.65926306413));
#1740 = CARTESIAN_POINT('',(9.123002084013,278.52693480631));
#1741 = CARTESIAN_POINT('',(9.107036943589,278.38811276179));
#1742 = CARTESIAN_POINT('',(9.091020060358,278.24268871521));
#1743 = CARTESIAN_POINT('',(9.075011430086,278.09134097065));
#1744 = CARTESIAN_POINT('',(9.059053681831,277.93466031869));
#1745 = CARTESIAN_POINT('',(9.043130696811,277.77270477924));
#1746 = CARTESIAN_POINT('',(9.027241262689,277.60566273861));
#1747 = CARTESIAN_POINT('',(9.011380222252,277.43368844324));
#1748 = CARTESIAN_POINT('',(8.995543662983,277.2569378962));
#1749 = CARTESIAN_POINT('',(8.979727392785,277.07556494229));
#1750 = CARTESIAN_POINT('',(8.963927318093,276.88972405695));
#1751 = CARTESIAN_POINT('',(8.948139351187,276.69956935135));
#1752 = CARTESIAN_POINT('',(8.932359440626,276.5052557631));
#1753 = CARTESIAN_POINT('',(8.916583579484,276.30693525328));
#1754 = CARTESIAN_POINT('',(8.900807773323,276.10475801812));
#1755 = CARTESIAN_POINT('',(8.885027997538,275.89887625057));
#1756 = CARTESIAN_POINT('',(8.869240206538,275.68944155133));
#1757 = CARTESIAN_POINT('',(8.853440357587,275.47660589346));
#1758 = CARTESIAN_POINT('',(8.837624342958,275.26052035276));
#1759 = CARTESIAN_POINT('',(8.821788274451,275.04133922173));
#1760 = CARTESIAN_POINT('',(8.80592727716,274.81920680546));
#1761 = CARTESIAN_POINT('',(8.790039625095,274.59431466847));
#1762 = CARTESIAN_POINT('',(8.774111730593,274.36667877842));
#1763 = CARTESIAN_POINT('',(8.758147313741,274.13657444126));
#1764 = CARTESIAN_POINT('',(8.742189838126,273.9048661507));
#1765 = CARTESIAN_POINT('',(8.726276639825,273.6723278419));
#1766 = CARTESIAN_POINT('',(8.710397776432,273.43907269673));
#1767 = CARTESIAN_POINT('',(8.694549566359,273.2052819251));
#1768 = CARTESIAN_POINT('',(8.678727609157,272.97113052321));
#1769 = CARTESIAN_POINT('',(8.662927738453,272.73679523414));
#1770 = CARTESIAN_POINT('',(8.647145777187,272.50245202722));
#1771 = CARTESIAN_POINT('',(8.631377602919,272.26827821994));
#1772 = CARTESIAN_POINT('',(8.615619179259,272.03444305873));
#1773 = CARTESIAN_POINT('',(8.599866490453,271.80111740104));
#1774 = CARTESIAN_POINT('',(8.584115501309,271.56847222506));
#1775 = CARTESIAN_POINT('',(8.568362174653,271.33667852659));
#1776 = CARTESIAN_POINT('',(8.552602472661,271.10590711023));
#1777 = CARTESIAN_POINT('',(8.536832370712,270.87632952776));
#1778 = CARTESIAN_POINT('',(8.521047836618,270.64811355025));
#1779 = CARTESIAN_POINT('',(8.505244768139,270.42143399559));
#1780 = CARTESIAN_POINT('',(8.489418920467,270.19646434709));
#1781 = CARTESIAN_POINT('',(8.473566362329,269.97338280795));
#1782 = CARTESIAN_POINT('',(8.457681784253,269.75235003629));
#1783 = CARTESIAN_POINT('',(8.441764848606,269.53359215068));
#1784 = CARTESIAN_POINT('',(8.425795582928,269.31707872871));
#1785 = CARTESIAN_POINT('',(8.40981469668,269.10360315481));
#1786 = CARTESIAN_POINT('',(8.393880520931,268.8941464522));
#1787 = CARTESIAN_POINT('',(8.377977947647,268.6886914488));
#1788 = CARTESIAN_POINT('',(8.362105584906,268.48740387447));
#1789 = CARTESIAN_POINT('',(8.34625845285,268.29039916017));
#1790 = CARTESIAN_POINT('',(8.330432562308,268.09780655929));
#1791 = CARTESIAN_POINT('',(8.314623784513,267.90974884634));
#1792 = CARTESIAN_POINT('',(8.298828102416,267.72634923263));
#1793 = CARTESIAN_POINT('',(8.283041474548,267.5477308249));
#1794 = CARTESIAN_POINT('',(8.267259879541,267.37401670615));
#1795 = CARTESIAN_POINT('',(8.251479310376,267.20533015896));
#1796 = CARTESIAN_POINT('',(8.235695789298,267.04179369134));
#1797 = CARTESIAN_POINT('',(8.219905343431,266.88352885713));
#1798 = CARTESIAN_POINT('',(8.204103955009,266.73066104447));
#1799 = CARTESIAN_POINT('',(8.188287573143,266.58331476221));
#1800 = CARTESIAN_POINT('',(8.172452126145,266.44161472833));
#1801 = CARTESIAN_POINT('',(8.156593497499,266.30568570362));
#1802 = CARTESIAN_POINT('',(8.140707646929,266.17565206845));
#1803 = CARTESIAN_POINT('',(8.12479011892,266.05164215221));
#1804 = CARTESIAN_POINT('',(8.108837361362,265.93379137228));
#1805 = CARTESIAN_POINT('',(8.09284218357,265.82221106718));
#1806 = CARTESIAN_POINT('',(8.07679874573,265.71702970721));
#1807 = CARTESIAN_POINT('',(8.060793851331,265.61893741145));
#1808 = CARTESIAN_POINT('',(8.044826442459,265.52796172894));
#1809 = CARTESIAN_POINT('',(8.02889128588,265.44412133373));
#1810 = CARTESIAN_POINT('',(8.012984465923,265.36743739185));
#1811 = CARTESIAN_POINT('',(7.99710177395,265.29793044759));
#1812 = CARTESIAN_POINT('',(7.981239112984,265.2356212178));
#1813 = CARTESIAN_POINT('',(7.965392398403,265.18053035079));
#1814 = CARTESIAN_POINT('',(7.94955758841,265.13267859644));
#1815 = CARTESIAN_POINT('',(7.933730699009,265.09208632402));
#1816 = CARTESIAN_POINT('',(7.917907786649,265.05877511612));
#1817 = CARTESIAN_POINT('',(7.902084881853,265.03276661303));
#1818 = CARTESIAN_POINT('',(7.886258006707,265.01408244614));
#1819 = CARTESIAN_POINT('',(7.870423177955,265.00274422474));
#1820 = CARTESIAN_POINT('',(7.854576412891,264.99877365545));
#1821 = CARTESIAN_POINT('',(7.838713738611,265.00219207767));
#1822 = CARTESIAN_POINT('',(7.822831102887,265.01302284169));
#1823 = CARTESIAN_POINT('',(7.80692432353,265.031289981));
#1824 = CARTESIAN_POINT('',(7.790989413076,265.05701632563));
#1825 = CARTESIAN_POINT('',(7.775021429559,265.09022883628));
#1826 = CARTESIAN_POINT('',(7.759018787357,265.13093915445));
#1827 = CARTESIAN_POINT('',(7.742967202695,265.17921606772));
#1828 = CARTESIAN_POINT('',(7.726938463507,265.23480493765));
#1829 = CARTESIAN_POINT('',(7.710959972623,265.29750869817));
#1830 = CARTESIAN_POINT('',(7.695014165092,265.36726914995));
#1831 = CARTESIAN_POINT('',(7.679100299357,265.44398111453));
#1832 = CARTESIAN_POINT('',(7.663213231565,265.52755421056));
#1833 = CARTESIAN_POINT('',(7.647349041837,265.61789372336));
#1834 = CARTESIAN_POINT('',(7.631503561293,265.71490749815));
#1835 = CARTESIAN_POINT('',(7.615672790679,265.81850564436));
#1836 = CARTESIAN_POINT('',(7.599852694286,265.92859781309));
#1837 = CARTESIAN_POINT('',(7.58403925799,266.04509374952));
#1838 = CARTESIAN_POINT('',(7.568228480372,266.16790328084));
#1839 = CARTESIAN_POINT('',(7.552416386535,266.29693581215));
#1840 = CARTESIAN_POINT('',(7.536599015473,266.43210349977));
#1841 = CARTESIAN_POINT('',(7.520772352117,266.57331634682));
#1842 = CARTESIAN_POINT('',(7.504932360007,266.72048432112));
#1843 = CARTESIAN_POINT('',(7.489074932097,266.87351789161));
#1844 = CARTESIAN_POINT('',(7.473196095307,267.03232555804));
#1845 = CARTESIAN_POINT('',(7.457291278663,267.1968231959));
#1846 = CARTESIAN_POINT('',(7.441358058584,267.36689889714));
#1847 = CARTESIAN_POINT('',(7.425385418316,267.54253590963));
#1848 = CARTESIAN_POINT('',(7.409376896839,267.72355618909));
#1849 = CARTESIAN_POINT('',(7.393409622262,267.90890885068));
#1850 = CARTESIAN_POINT('',(7.377482142039,268.09838143591));
#1851 = CARTESIAN_POINT('',(7.361589265539,268.29181800205));
#1852 = CARTESIAN_POINT('',(7.345726842743,268.48904623438));
#1853 = CARTESIAN_POINT('',(7.32989063124,268.68990476492));
#1854 = CARTESIAN_POINT('',(7.314076499389,268.89423197261));
#1855 = CARTESIAN_POINT('',(7.298280309798,269.10186627613));
#1856 = CARTESIAN_POINT('',(7.282497959022,269.3126461883));
#1857 = CARTESIAN_POINT('',(7.266725373485,269.52640980564));
#1858 = CARTESIAN_POINT('',(7.250958523684,269.74299679577));
#1859 = CARTESIAN_POINT('',(7.235193414264,269.96224976308));
#1860 = CARTESIAN_POINT('',(7.219426020496,270.18400767163));
#1861 = CARTESIAN_POINT('',(7.203652300393,270.40811041036));
#1862 = CARTESIAN_POINT('',(7.187868200585,270.63439764907));
#1863 = CARTESIAN_POINT('',(7.172069657486,270.86270900932));
#1864 = CARTESIAN_POINT('',(7.156252623688,271.0928845247));
#1865 = CARTESIAN_POINT('',(7.140412907511,271.32476008651));
#1866 = CARTESIAN_POINT('',(7.124546345407,271.55816997463));
#1867 = CARTESIAN_POINT('',(7.108648513606,271.79295268365));
#1868 = CARTESIAN_POINT('',(7.092715742735,272.02892976818));
#1869 = CARTESIAN_POINT('',(7.076741061296,272.26597019883));
#1870 = CARTESIAN_POINT('',(7.060806775174,272.50261145665));
#1871 = CARTESIAN_POINT('',(7.044912317715,272.73861731448));
#1872 = CARTESIAN_POINT('',(7.02904919057,272.97388125476));
#1873 = CARTESIAN_POINT('',(7.013214261677,273.20821582497));
#1874 = CARTESIAN_POINT('',(6.997403002649,273.44145518036));
#1875 = CARTESIAN_POINT('',(6.981611311502,273.67342798011));
#1876 = CARTESIAN_POINT('',(6.96583502385,273.90396325986));
#1877 = CARTESIAN_POINT('',(6.950070087189,274.13289514153));
#1878 = CARTESIAN_POINT('',(6.934312491241,274.36005643325));
#1879 = CARTESIAN_POINT('',(6.918558204568,274.58527921606));
#1880 = CARTESIAN_POINT('',(6.902803194113,274.80839571145));
#1881 = CARTESIAN_POINT('',(6.887043427284,275.02923830606));
#1882 = CARTESIAN_POINT('',(6.871274880672,275.24763858562));
#1883 = CARTESIAN_POINT('',(6.855493539784,275.46343132574));
#1884 = CARTESIAN_POINT('',(6.839695334328,275.67644377276));
#1885 = CARTESIAN_POINT('',(6.823876043246,275.88650302342));
#1886 = CARTESIAN_POINT('',(6.808031767609,276.09343250415));
#1887 = CARTESIAN_POINT('',(6.792157205626,276.29707047213));
#1888 = CARTESIAN_POINT('',(6.776252118467,276.49719953192));
#1889 = CARTESIAN_POINT('',(6.760297231642,276.69381006774));
#1890 = CARTESIAN_POINT('',(6.744307464965,276.88649369731));
#1891 = CARTESIAN_POINT('',(6.728326668495,277.0745236248));
#1892 = CARTESIAN_POINT('',(6.712389024731,277.25728851698));
#1893 = CARTESIAN_POINT('',(6.696482298899,277.43479943113));
#1894 = CARTESIAN_POINT('',(6.680604130945,277.60692099289));
#1895 = CARTESIAN_POINT('',(6.664749796801,277.77355316788));
#1896 = CARTESIAN_POINT('',(6.648915311829,277.93458819252));
#1897 = CARTESIAN_POINT('',(6.633096607069,278.08992226639));
#1898 = CARTESIAN_POINT('',(6.617289646577,278.2394505668));
#1899 = CARTESIAN_POINT('',(6.601490401174,278.38306853873));
#1900 = CARTESIAN_POINT('',(6.585694862733,278.52067157863));
#1901 = CARTESIAN_POINT('',(6.569899049756,278.65215500953));
#1902 = CARTESIAN_POINT('',(6.554099006086,278.77741618892));
#1903 = CARTESIAN_POINT('',(6.538290741082,278.89634982189));
#1904 = CARTESIAN_POINT('',(6.522470232887,279.00885102252));
#1905 = CARTESIAN_POINT('',(6.506633433146,279.11481482895));
#1906 = CARTESIAN_POINT('',(6.490776280833,279.21413617409));
#1907 = CARTESIAN_POINT('',(6.474894679002,279.30671048767));
#1908 = CARTESIAN_POINT('',(6.458984586395,279.39243080576));
#1909 = CARTESIAN_POINT('',(6.443041239086,279.47118833252));
#1910 = CARTESIAN_POINT('',(6.427062216401,279.54287596233));
#1911 = CARTESIAN_POINT('',(6.411032205574,279.60738572979));
#1912 = CARTESIAN_POINT('',(6.394990568682,279.66451473476));
#1913 = CARTESIAN_POINT('',(6.37898372379,279.71401755735));
#1914 = CARTESIAN_POINT('',(6.363020914789,279.75585318115));
#1915 = CARTESIAN_POINT('',(6.347087627827,279.7900926896));
#1916 = CARTESIAN_POINT('',(6.331182442686,279.81673649931));
#1917 = CARTESIAN_POINT('',(6.315300467415,279.83580396605));
#1918 = CARTESIAN_POINT('',(6.29943778571,279.84730935577));
#1919 = CARTESIAN_POINT('',(6.283590271288,279.85126835456));
#1920 = CARTESIAN_POINT('',(6.267753920694,279.84769605775));
#1921 = CARTESIAN_POINT('',(6.251924779493,279.83660877032));
#1922 = CARTESIAN_POINT('',(6.236098877772,279.81802299587));
#1923 = CARTESIAN_POINT('',(6.220272237643,279.79195519047));
#1924 = CARTESIAN_POINT('',(6.204440879368,279.75842180172));
#1925 = CARTESIAN_POINT('',(6.188600825151,279.71743935856));
#1926 = CARTESIAN_POINT('',(6.172748113672,279.66902407306));
#1927 = CARTESIAN_POINT('',(6.156878735558,279.61319374397));
#1928 = CARTESIAN_POINT('',(6.140988538145,279.54996639289));
#1929 = CARTESIAN_POINT('',(6.125073587765,279.47936157435));
#1930 = CARTESIAN_POINT('',(6.109128929449,279.40139252978));
#1931 = CARTESIAN_POINT('',(6.093153224491,279.31609622003));
#1932 = CARTESIAN_POINT('',(6.077131479438,279.22342104142));
#1933 = CARTESIAN_POINT('',(6.061090658782,279.12358272995));
#1934 = CARTESIAN_POINT('',(6.045104559125,279.01716026921));
#1935 = CARTESIAN_POINT('',(6.029153218924,278.90420510465));
#1936 = CARTESIAN_POINT('',(6.013236452484,278.78487227336));
#1937 = CARTESIAN_POINT('',(5.997348899805,278.6592859893));
#1938 = CARTESIAN_POINT('',(5.981486643843,278.52757875092));
#1939 = CARTESIAN_POINT('',(5.965645442146,278.38988016376));
#1940 = CARTESIAN_POINT('',(5.94982126956,278.24631678747));
#1941 = CARTESIAN_POINT('',(5.9340100621,278.09701558213));
#1942 = CARTESIAN_POINT('',(5.918207779192,277.94210344621));
#1943 = CARTESIAN_POINT('',(5.902410394592,277.78170712415));
#1944 = CARTESIAN_POINT('',(5.886613907223,277.61595403813));
#1945 = CARTESIAN_POINT('',(5.870814343192,277.44496861762));
#1946 = CARTESIAN_POINT('',(5.855007692423,277.26887725565));
#1947 = CARTESIAN_POINT('',(5.83918989746,277.08780670543));
#1948 = CARTESIAN_POINT('',(5.823356921319,276.90188417328));
#1949 = CARTESIAN_POINT('',(5.807504529094,276.71123469287));
#1950 = CARTESIAN_POINT('',(5.791629130857,276.51599153541));
#1951 = CARTESIAN_POINT('',(5.775724649352,276.31625699238));
#1952 = CARTESIAN_POINT('',(5.75979085019,276.11221582078));
#1953 = CARTESIAN_POINT('',(5.743812358332,275.9038525273));
#1954 = CARTESIAN_POINT('',(5.727833071197,275.6919346429));
#1955 = CARTESIAN_POINT('',(5.711906565663,275.47741236885));
#1956 = CARTESIAN_POINT('',(5.696012923041,275.26026464621));
#1957 = CARTESIAN_POINT('',(5.680151895664,275.04073161885));
#1958 = CARTESIAN_POINT('',(5.664318125933,274.81897715214));
#1959 = CARTESIAN_POINT('',(5.648507755046,274.59517980902));
#1960 = CARTESIAN_POINT('',(5.632716546624,274.36951417484));
#1961 = CARTESIAN_POINT('',(5.61694039689,274.14215590687));
#1962 = CARTESIAN_POINT('',(5.601175205985,273.91328035228));
#1963 = CARTESIAN_POINT('',(5.585416920442,273.68306302675));
#1964 = CARTESIAN_POINT('',(5.569661537037,273.45167288009));
#1965 = CARTESIAN_POINT('',(5.553905032304,273.21928234891));
#1966 = CARTESIAN_POINT('',(5.538143361861,272.98606318491));
#1967 = CARTESIAN_POINT('',(5.522372472395,272.75218732932));
#1968 = CARTESIAN_POINT('',(5.506588291008,272.51782665015));
#1969 = CARTESIAN_POINT('',(5.490786792772,272.28315311877));
#1970 = CARTESIAN_POINT('',(5.474963738779,272.04833868301));
#1971 = CARTESIAN_POINT('',(5.459115254968,271.81356335318));
#1972 = CARTESIAN_POINT('',(5.44323587566,271.57898342242));
#1973 = CARTESIAN_POINT('',(5.427325903761,271.3448429571));
#1974 = CARTESIAN_POINT('',(5.411363692226,271.11106993125));
#1975 = CARTESIAN_POINT('',(5.395398315105,270.87862430718));
#1976 = CARTESIAN_POINT('',(5.379480251489,270.64847630001));
#1977 = CARTESIAN_POINT('',(5.363593766732,270.42061008003));
#1978 = CARTESIAN_POINT('',(5.347737651104,270.19522403366));
#1979 = CARTESIAN_POINT('',(5.331906844994,269.97245921981));
#1980 = CARTESIAN_POINT('',(5.316097372415,269.75247179128));
#1981 = CARTESIAN_POINT('',(5.300305021543,269.53541485282));
#1982 = CARTESIAN_POINT('',(5.284525728279,269.32143844326));
#1983 = CARTESIAN_POINT('',(5.268755492292,269.11068966491));
#1984 = CARTESIAN_POINT('',(5.25299029541,268.90331764617));
#1985 = CARTESIAN_POINT('',(5.237226117173,268.69947101271));
#1986 = CARTESIAN_POINT('',(5.221458939114,268.499298375));
#1987 = CARTESIAN_POINT('',(5.205684748518,268.3029489071));
#1988 = CARTESIAN_POINT('',(5.189899555489,268.11056954381));
#1989 = CARTESIAN_POINT('',(5.174099314521,267.92230981855));
#1990 = CARTESIAN_POINT('',(5.158279918664,267.73832261869));
#1991 = CARTESIAN_POINT('',(5.142437224746,267.5587599701));
#1992 = CARTESIAN_POINT('',(5.126567034266,267.38377402998));
#1993 = CARTESIAN_POINT('',(5.110665182797,267.21351729184));
#1994 = CARTESIAN_POINT('',(5.094727240442,267.0481407725));
#1995 = CARTESIAN_POINT('',(5.07874945433,266.88781028252));
#1996 = CARTESIAN_POINT('',(5.062723382824,266.73265573154));
#1997 = CARTESIAN_POINT('',(5.046741477224,266.58372658433));
#1998 = CARTESIAN_POINT('',(5.03079561025,266.44104703816));
#1999 = CARTESIAN_POINT('',(5.014880923428,266.30467707489));
#2000 = CARTESIAN_POINT('',(4.998993327748,266.17468372859));
#2001 = CARTESIAN_POINT('',(4.983128609937,266.05113136045));
#2002 = CARTESIAN_POINT('',(4.967282741176,265.93408405264));
#2003 = CARTESIAN_POINT('',(4.951451664085,265.82360591852));
#2004 = CARTESIAN_POINT('',(4.935631347366,265.71976107815));
#2005 = CARTESIAN_POINT('',(4.919817779207,265.6226135937));
#2006 = CARTESIAN_POINT('',(4.90400697562,265.53222775218));
#2007 = CARTESIAN_POINT('',(4.888194990176,265.44866647339));
#2008 = CARTESIAN_POINT('',(4.872377860275,265.37199512995));
#2009 = CARTESIAN_POINT('',(4.856551590529,265.30227895664));
#2010 = CARTESIAN_POINT('',(4.840712166331,265.23958319627));
#2011 = CARTESIAN_POINT('',(4.824855547624,265.18397319744));
#2012 = CARTESIAN_POINT('',(4.80897771655,265.13551387749));
#2013 = CARTESIAN_POINT('',(4.793074524844,265.09427189352));
#2014 = CARTESIAN_POINT('',(4.77714194126,265.06031603848));
#2015 = CARTESIAN_POINT('',(4.761175070418,265.03371462581));
#2016 = CARTESIAN_POINT('',(4.745172088633,265.01453552158));
#2017 = CARTESIAN_POINT('',(4.729119320191,265.00285371236));
#2018 = CARTESIAN_POINT('',(4.713081925272,264.99875039281));
#2019 = CARTESIAN_POINT('',(4.697096618571,265.00218813541));
#2020 = CARTESIAN_POINT('',(4.681142718193,265.01310277302));
#2021 = CARTESIAN_POINT('',(4.665220398903,265.03144454441));
#2022 = CARTESIAN_POINT('',(4.649324286591,265.05715982655));
#2023 = CARTESIAN_POINT('',(4.633450541868,265.09019603762));
#2024 = CARTESIAN_POINT('',(4.617594970474,265.13050029278));
#2025 = CARTESIAN_POINT('',(4.601753536376,265.17801987809));
#2026 = CARTESIAN_POINT('',(4.585922262384,265.23270536375));
#2027 = CARTESIAN_POINT('',(4.570097171554,265.29450650784));
#2028 = CARTESIAN_POINT('',(4.554274277473,265.36337325921));
#2029 = CARTESIAN_POINT('',(4.538449595246,265.43925551599));
#2030 = CARTESIAN_POINT('',(4.522619143027,265.52210318847));
#2031 = CARTESIAN_POINT('',(4.506778960797,265.61186618897));
#2032 = CARTESIAN_POINT('',(4.490925054747,265.70849571655));
#2033 = CARTESIAN_POINT('',(4.475053344059,265.81194158541));
#2034 = CARTESIAN_POINT('',(4.459159738165,265.9221536099));
#2035 = CARTESIAN_POINT('',(4.443239995258,266.03908252642));
#2036 = CARTESIAN_POINT('',(4.427290252149,266.16267538307));
#2037 = CARTESIAN_POINT('',(4.411305084773,266.29289305906));
#2038 = CARTESIAN_POINT('',(4.395274058221,266.42973947127));
#2039 = CARTESIAN_POINT('',(4.379279131482,266.57239217178));
#2040 = CARTESIAN_POINT('',(4.363326439624,266.72059769993));
#2041 = CARTESIAN_POINT('',(4.347408843158,266.8742336421));
#2042 = CARTESIAN_POINT('',(4.331522791283,267.03314789483));
#2043 = CARTESIAN_POINT('',(4.315663842392,267.1971969096));
#2044 = CARTESIAN_POINT('',(4.299827838241,267.36623476151));
#2045 = CARTESIAN_POINT('',(4.284010692227,267.54012117026));
#2046 = CARTESIAN_POINT('',(4.268208334524,267.71871535961));
#2047 = CARTESIAN_POINT('',(4.25241670413,267.90187663467));
#2048 = CARTESIAN_POINT('',(4.23663175933,268.08946447104));
#2049 = CARTESIAN_POINT('',(4.220849480855,268.281337581));
#2050 = CARTESIAN_POINT('',(4.205065885473,268.47735759523));
#2051 = CARTESIAN_POINT('',(4.189276967621,268.6773852013));
#2052 = CARTESIAN_POINT('',(4.173478683448,268.88127915616));
#2053 = CARTESIAN_POINT('',(4.157666963753,269.08889874108));
#2054 = CARTESIAN_POINT('',(4.141837718127,269.30010307071));
#2055 = CARTESIAN_POINT('',(4.125986842516,269.51475140177));
#2056 = CARTESIAN_POINT('',(4.11011022238,269.7327025894));
#2057 = CARTESIAN_POINT('',(4.094203535946,269.95381096701));
#2058 = CARTESIAN_POINT('',(4.078262563633,270.17792845817));
#2059 = CARTESIAN_POINT('',(4.062282583277,270.4049183664));
#2060 = CARTESIAN_POINT('',(4.04633850926,270.63348477284));
#2061 = CARTESIAN_POINT('',(4.030438574128,270.86326424354));
#2062 = CARTESIAN_POINT('',(4.014570166863,271.09419418335));
#2063 = CARTESIAN_POINT('',(3.998731171372,271.32606451033));
#2064 = CARTESIAN_POINT('',(3.982916838434,271.55871041995));
#2065 = CARTESIAN_POINT('',(3.967123154402,271.79195524861));
#2066 = CARTESIAN_POINT('',(3.951345939461,272.02562546807));
#2067 = CARTESIAN_POINT('',(3.935581098328,272.25954686773));
#2068 = CARTESIAN_POINT('',(3.919824557341,272.49354483114));
#2069 = CARTESIAN_POINT('',(3.904072307764,272.72744986876));
#2070 = CARTESIAN_POINT('',(3.888320334547,272.9610882735));
#2071 = CARTESIAN_POINT('',(3.872564599878,273.19428674141));
#2072 = CARTESIAN_POINT('',(3.856801052146,273.42687194982));
#2073 = CARTESIAN_POINT('',(3.841025640444,273.65867024784));
#2074 = CARTESIAN_POINT('',(3.825234284429,273.88950931616));
#2075 = CARTESIAN_POINT('',(3.809423004693,274.11921138337));
#2076 = CARTESIAN_POINT('',(3.793587109872,274.34760429186));
#2077 = CARTESIAN_POINT('',(3.777724261014,274.57448418005));
#2078 = CARTESIAN_POINT('',(3.761822071211,274.79978384893));
#2079 = CARTESIAN_POINT('',(3.745887578379,275.02316047893));
#2080 = CARTESIAN_POINT('',(3.729910080841,275.24451523292));
#2081 = CARTESIAN_POINT('',(3.713952939239,275.46272963789));
#2082 = CARTESIAN_POINT('',(3.69803758381,275.67731052));
#2083 = CARTESIAN_POINT('',(3.682152813583,275.88821264268));
#2084 = CARTESIAN_POINT('',(3.666296214769,276.095270717));
#2085 = CARTESIAN_POINT('',(3.650463071639,276.29835172611));
#2086 = CARTESIAN_POINT('',(3.634649344855,276.49731361724));
#2087 = CARTESIAN_POINT('',(3.618850886532,276.69201820924));
#2088 = CARTESIAN_POINT('',(3.603063706117,276.88233027951));
#2089 = CARTESIAN_POINT('',(3.587283787026,277.06811237438));
#2090 = CARTESIAN_POINT('',(3.57150711397,277.24922761219));
#2091 = CARTESIAN_POINT('',(3.555729674005,277.4255390238));
#2092 = CARTESIAN_POINT('',(3.539947461436,277.59690941807));
#2093 = CARTESIAN_POINT('',(3.524156493433,277.76320257932));
#2094 = CARTESIAN_POINT('',(3.508352761741,277.92428157128));
#2095 = CARTESIAN_POINT('',(3.492532186954,278.08000529512));
#2096 = CARTESIAN_POINT('',(3.476690680446,278.23023340691));
#2097 = CARTESIAN_POINT('',(3.460824006844,278.37482616585));
#2098 = CARTESIAN_POINT('',(3.444928310697,278.51364066376));
#2099 = CARTESIAN_POINT('',(3.428998185703,278.64654605877));
#2100 = CARTESIAN_POINT('',(3.413033810834,278.77336225032));
#2101 = CARTESIAN_POINT('',(3.397013695058,278.89406583313));
#2102 = CARTESIAN_POINT('',(3.380981172527,279.00816111573));
#2103 = CARTESIAN_POINT('',(3.364982995153,279.1152072913));
#2104 = CARTESIAN_POINT('',(3.349006661148,279.21521996529));
#2105 = CARTESIAN_POINT('',(3.333050198182,279.30813018991));
#2106 = CARTESIAN_POINT('',(3.317108857197,279.393891717));
#2107 = CARTESIAN_POINT('',(3.301178744546,279.47245405533));
#2108 = CARTESIAN_POINT('',(3.28525574646,279.54376812064));
#2109 = CARTESIAN_POINT('',(3.269335810461,279.60778443345));
#2110 = CARTESIAN_POINT('',(3.253414870914,279.66445368818));
#2111 = CARTESIAN_POINT('',(3.23748890249,279.71372627885));
#2112 = CARTESIAN_POINT('',(3.22155380946,279.75555372021));
#2113 = CARTESIAN_POINT('',(3.205605530767,279.78988737491));
#2114 = CARTESIAN_POINT('',(3.189639983373,279.81667826287));
#2115 = CARTESIAN_POINT('',(3.173653039676,279.83587749586));
#2116 = CARTESIAN_POINT('',(3.157640543914,279.84743616101));
#2117 = CARTESIAN_POINT('',(3.146945719327,279.85001562174));
#2118 = CARTESIAN_POINT('',(3.14159265359,279.85001562174));
#2119 = ( GEOMETRIC_REPRESENTATION_CONTEXT(2) 
PARAMETRIC_REPRESENTATION_CONTEXT() REPRESENTATION_CONTEXT('2D SPACE',''
  ) );
#2120 = ADVANCED_FACE('',(#2121,#2251,#3264),#2134,.T.);
#2121 = FACE_BOUND('',#2122,.T.);
#2122 = EDGE_LOOP('',(#2123,#2179,#2201,#2250));
#2123 = ORIENTED_EDGE('',*,*,#2124,.T.);
#2124 = EDGE_CURVE('',#2125,#2125,#2127,.T.);
#2125 = VERTEX_POINT('',#2126);
#2126 = CARTESIAN_POINT('',(0.,1.5E+03,-750.));
#2127 = SURFACE_CURVE('',#2128,(#2133,#2145),.PCURVE_S1.);
#2128 = CIRCLE('',#2129,750.);
#2129 = AXIS2_PLACEMENT_3D('',#2130,#2131,#2132);
#2130 = CARTESIAN_POINT('',(0.,1.5E+03,0.));
#2131 = DIRECTION('',(0.,-1.,0.));
#2132 = DIRECTION('',(0.,0.,-1.));
#2133 = PCURVE('',#2134,#2139);
#2134 = CYLINDRICAL_SURFACE('',#2135,750.);
#2135 = AXIS2_PLACEMENT_3D('',#2136,#2137,#2138);
#2136 = CARTESIAN_POINT('',(0.,0.,0.));
#2137 = DIRECTION('',(-0.,-1.,-0.));
#2138 = DIRECTION('',(0.,0.,-1.));
#2139 = DEFINITIONAL_REPRESENTATION('',(#2140),#2144);
#2140 = LINE('',#2141,#2142);
#2141 = CARTESIAN_POINT('',(0.,-1.5E+03));
#2142 = VECTOR('',#2143,1.);
#2143 = DIRECTION('',(1.,0.));
#2144 = ( GEOMETRIC_REPRESENTATION_CONTEXT(2) 
PARAMETRIC_REPRESENTATION_CONTEXT() REPRESENTATION_CONTEXT('2D SPACE',''
  ) );
#2145 = PCURVE('',#2146,#2173);
#2146 = SURFACE_OF_REVOLUTION('',#2147,#2170);
#2147 = B_SPLINE_CURVE_WITH_KNOTS('',6,(#2148,#2149,#2150,#2151,#2152,
    #2153,#2154,#2155,#2156,#2157,#2158,#2159,#2160,#2161,#2162,#2163,
    #2164,#2165,#2166,#2167,#2168,#2169),.UNSPECIFIED.,.F.,.F.,(7,5,5,5,
    7),(4.712388980385,5.105088062083,5.497787143782,5.890486225481,
    6.28318530718),.UNSPECIFIED.);
#2148 = CARTESIAN_POINT('',(0.,2.E+03,-250.));
#2149 = CARTESIAN_POINT('',(0.,2.E+03,-282.7249234748));
#2150 = CARTESIAN_POINT('',(0.,1.997429790681E+03,-315.4498460495));
#2151 = CARTESIAN_POINT('',(0.,1.992289370977E+03,-347.9224442169));
#2152 = CARTESIAN_POINT('',(0.,1.984611774206E+03,-379.8903664873));
#2153 = CARTESIAN_POINT('',(0.,1.974463052295E+03,-411.107829181));
#2154 = CARTESIAN_POINT('',(0.,1.949416480216E+03,-471.5756031839));
#2155 = CARTESIAN_POINT('',(0.,1.934518630738E+03,-500.8259128297));
#2156 = CARTESIAN_POINT('',(0.,1.91734277686E+03,-528.8595281879));
#2157 = CARTESIAN_POINT('',(0.,1.898016008124E+03,-555.4559481857));
#2158 = CARTESIAN_POINT('',(0.,1.876693405896E+03,-580.4133752903));
#2159 = CARTESIAN_POINT('',(0.,1.83041337529E+03,-626.6934058961));
#2160 = CARTESIAN_POINT('',(0.,1.805455948186E+03,-648.0160081242));
#2161 = CARTESIAN_POINT('',(0.,1.778859528188E+03,-667.3427768602));
#2162 = CARTESIAN_POINT('',(0.,1.75082591283E+03,-684.5186307378));
#2163 = CARTESIAN_POINT('',(0.,1.721575603184E+03,-699.4164802163));
#2164 = CARTESIAN_POINT('',(0.,1.661107829181E+03,-724.4630522949));
#2165 = CARTESIAN_POINT('',(0.,1.629890366487E+03,-734.6117742058));
#2166 = CARTESIAN_POINT('',(0.,1.597922444217E+03,-742.2893709772));
#2167 = CARTESIAN_POINT('',(0.,1.56544984605E+03,-747.4297906813));
#2168 = CARTESIAN_POINT('',(0.,1.532724923475E+03,-750.));
#2169 = CARTESIAN_POINT('',(0.,1.5E+03,-750.));
#2170 = AXIS1_PLACEMENT('',#2171,#2172);
#2171 = CARTESIAN_POINT('',(0.,1.5E+03,0.));
#2172 = DIRECTION('',(-0.,-1.,-0.));
#2173 = DEFINITIONAL_REPRESENTATION('',(#2174),#2178);
#2174 = LINE('',#2175,#2176);
#2175 = CARTESIAN_POINT('',(0.,6.28318530718));
#2176 = VECTOR('',#2177,1.);
#2177 = DIRECTION('',(1.,0.));
#2178 = ( GEOMETRIC_REPRESENTATION_CONTEXT(2) 
PARAMETRIC_REPRESENTATION_CONTEXT() REPRESENTATION_CONTEXT('2D SPACE',''
  ) );
#2179 = ORIENTED_EDGE('',*,*,#2180,.T.);
#2180 = EDGE_CURVE('',#2125,#2181,#2183,.T.);
#2181 = VERTEX_POINT('',#2182);
#2182 = CARTESIAN_POINT('',(0.,-1.5E+03,-750.));
#2183 = SEAM_CURVE('',#2184,(#2187,#2194),.PCURVE_S1.);
#2184 = B_SPLINE_CURVE_WITH_KNOTS('',1,(#2185,#2186),.UNSPECIFIED.,.F.,
  .F.,(2,2),(-1.5E+03,1.5E+03),.PIECEWISE_BEZIER_KNOTS.);
#2185 = CARTESIAN_POINT('',(0.,1.5E+03,-750.));
#2186 = CARTESIAN_POINT('',(0.,-1.5E+03,-750.));
#2187 = PCURVE('',#2134,#2188);
#2188 = DEFINITIONAL_REPRESENTATION('',(#2189),#2193);
#2189 = LINE('',#2190,#2191);
#2190 = CARTESIAN_POINT('',(6.28318530718,0.));
#2191 = VECTOR('',#2192,1.);
#2192 = DIRECTION('',(0.,1.));
#2193 = ( GEOMETRIC_REPRESENTATION_CONTEXT(2) 
PARAMETRIC_REPRESENTATION_CONTEXT() REPRESENTATION_CONTEXT('2D SPACE',''
  ) );
#2194 = PCURVE('',#2134,#2195);
#2195 = DEFINITIONAL_REPRESENTATION('',(#2196),#2200);
#2196 = LINE('',#2197,#2198);
#2197 = CARTESIAN_POINT('',(0.,0.));
#2198 = VECTOR('',#2199,1.);
#2199 = DIRECTION('',(0.,1.));
#2200 = ( GEOMETRIC_REPRESENTATION_CONTEXT(2) 
PARAMETRIC_REPRESENTATION_CONTEXT() REPRESENTATION_CONTEXT('2D SPACE',''
  ) );
#2201 = ORIENTED_EDGE('',*,*,#2202,.F.);
#2202 = EDGE_CURVE('',#2181,#2181,#2203,.T.);
#2203 = SURFACE_CURVE('',#2204,(#2209,#2216),.PCURVE_S1.);
#2204 = CIRCLE('',#2205,750.);
#2205 = AXIS2_PLACEMENT_3D('',#2206,#2207,#2208);
#2206 = CARTESIAN_POINT('',(0.,-1.5E+03,0.));
#2207 = DIRECTION('',(0.,-1.,0.));
#2208 = DIRECTION('',(0.,0.,-1.));
#2209 = PCURVE('',#2134,#2210);
#2210 = DEFINITIONAL_REPRESENTATION('',(#2211),#2215);
#2211 = LINE('',#2212,#2213);
#2212 = CARTESIAN_POINT('',(0.,1.5E+03));
#2213 = VECTOR('',#2214,1.);
#2214 = DIRECTION('',(1.,0.));
#2215 = ( GEOMETRIC_REPRESENTATION_CONTEXT(2) 
PARAMETRIC_REPRESENTATION_CONTEXT() REPRESENTATION_CONTEXT('2D SPACE',''
  ) );
#2216 = PCURVE('',#2217,#2244);
#2217 = SURFACE_OF_REVOLUTION('',#2218,#2241);
#2218 = B_SPLINE_CURVE_WITH_KNOTS('',6,(#2219,#2220,#2221,#2222,#2223,
    #2224,#2225,#2226,#2227,#2228,#2229,#2230,#2231,#2232,#2233,#2234,
    #2235,#2236,#2237,#2238,#2239,#2240),.UNSPECIFIED.,.F.,.F.,(7,5,5,5,
    7),(8.881784197001E-16,0.392699081699,0.785398163397,1.178097245096,
    1.570796326795),.UNSPECIFIED.);
#2219 = CARTESIAN_POINT('',(0.,-1.5E+03,-750.));
#2220 = CARTESIAN_POINT('',(0.,-1.532724923475E+03,-750.));
#2221 = CARTESIAN_POINT('',(0.,-1.56544984605E+03,-747.4297906813));
#2222 = CARTESIAN_POINT('',(0.,-1.597922444217E+03,-742.2893709772));
#2223 = CARTESIAN_POINT('',(0.,-1.629890366487E+03,-734.6117742058));
#2224 = CARTESIAN_POINT('',(0.,-1.661107829181E+03,-724.4630522949));
#2225 = CARTESIAN_POINT('',(0.,-1.721575603184E+03,-699.4164802163));
#2226 = CARTESIAN_POINT('',(0.,-1.75082591283E+03,-684.5186307378));
#2227 = CARTESIAN_POINT('',(0.,-1.778859528188E+03,-667.3427768602));
#2228 = CARTESIAN_POINT('',(0.,-1.805455948186E+03,-648.0160081242));
#2229 = CARTESIAN_POINT('',(0.,-1.83041337529E+03,-626.6934058961));
#2230 = CARTESIAN_POINT('',(0.,-1.876693405896E+03,-580.4133752903));
#2231 = CARTESIAN_POINT('',(0.,-1.898016008124E+03,-555.4559481856));
#2232 = CARTESIAN_POINT('',(0.,-1.91734277686E+03,-528.8595281879));
#2233 = CARTESIAN_POINT('',(0.,-1.934518630738E+03,-500.8259128297));
#2234 = CARTESIAN_POINT('',(0.,-1.949416480216E+03,-471.5756031839));
#2235 = CARTESIAN_POINT('',(0.,-1.974463052295E+03,-411.107829181));
#2236 = CARTESIAN_POINT('',(0.,-1.984611774206E+03,-379.8903664873));
#2237 = CARTESIAN_POINT('',(0.,-1.992289370977E+03,-347.9224442169));
#2238 = CARTESIAN_POINT('',(0.,-1.997429790681E+03,-315.4498460495));
#2239 = CARTESIAN_POINT('',(0.,-2.E+03,-282.7249234748));
#2240 = CARTESIAN_POINT('',(0.,-2.E+03,-250.));
#2241 = AXIS1_PLACEMENT('',#2242,#2243);
#2242 = CARTESIAN_POINT('',(0.,-1.5E+03,0.));
#2243 = DIRECTION('',(-0.,-1.,-0.));
#2244 = DEFINITIONAL_REPRESENTATION('',(#2245),#2249);
#2245 = LINE('',#2246,#2247);
#2246 = CARTESIAN_POINT('',(0.,6.28318530718));
#2247 = VECTOR('',#2248,1.);
#2248 = DIRECTION('',(1.,0.));
#2249 = ( GEOMETRIC_REPRESENTATION_CONTEXT(2) 
PARAMETRIC_REPRESENTATION_CONTEXT() REPRESENTATION_CONTEXT('2D SPACE',''
  ) );
#2250 = ORIENTED_EDGE('',*,*,#2180,.F.);
#2251 = FACE_BOUND('',#2252,.T.);
#2252 = EDGE_LOOP('',(#2253));
#2253 = ORIENTED_EDGE('',*,*,#2254,.F.);
#2254 = EDGE_CURVE('',#2255,#2255,#2257,.T.);
#2255 = VERTEX_POINT('',#2256);
#2256 = CARTESIAN_POINT('',(-733.3832558764,-1.2E+03,-157.));
#2257 = SURFACE_CURVE('',#2258,(#2453,#2856),.PCURVE_S1.);
#2258 = B_SPLINE_CURVE_WITH_KNOTS('',3,(#2259,#2260,#2261,#2262,#2263,
    #2264,#2265,#2266,#2267,#2268,#2269,#2270,#2271,#2272,#2273,#2274,
    #2275,#2276,#2277,#2278,#2279,#2280,#2281,#2282,#2283,#2284,#2285,
    #2286,#2287,#2288,#2289,#2290,#2291,#2292,#2293,#2294,#2295,#2296,
    #2297,#2298,#2299,#2300,#2301,#2302,#2303,#2304,#2305,#2306,#2307,
    #2308,#2309,#2310,#2311,#2312,#2313,#2314,#2315,#2316,#2317,#2318,
    #2319,#2320,#2321,#2322,#2323,#2324,#2325,#2326,#2327,#2328,#2329,
    #2330,#2331,#2332,#2333,#2334,#2335,#2336,#2337,#2338,#2339,#2340,
    #2341,#2342,#2343,#2344,#2345,#2346,#2347,#2348,#2349,#2350,#2351,
    #2352,#2353,#2354,#2355,#2356,#2357,#2358,#2359,#2360,#2361,#2362,
    #2363,#2364,#2365,#2366,#2367,#2368,#2369,#2370,#2371,#2372,#2373,
    #2374,#2375,#2376,#2377,#2378,#2379,#2380,#2381,#2382,#2383,#2384,
    #2385,#2386,#2387,#2388,#2389,#2390,#2391,#2392,#2393,#2394,#2395,
    #2396,#2397,#2398,#2399,#2400,#2401,#2402,#2403,#2404,#2405,#2406,
    #2407,#2408,#2409,#2410,#2411,#2412,#2413,#2414,#2415,#2416,#2417,
    #2418,#2419,#2420,#2421,#2422,#2423,#2424,#2425,#2426,#2427,#2428,
    #2429,#2430,#2431,#2432,#2433,#2434,#2435,#2436,#2437,#2438,#2439,
    #2440,#2441,#2442,#2443,#2444,#2445,#2446,#2447,#2448,#2449,#2450,
    #2451,#2452),.UNSPECIFIED.,.T.,.F.,(1,3,2,2,2,2,2,2,2,2,2,2,2,2,2,2,
    2,2,2,2,2,2,2,2,2,2,2,2,2,2,2,2,2,2,2,2,2,2,2,2,2,2,2,2,2,2,2,2,2,2,
    2,2,2,2,2,2,2,2,2,2,2,2,2,2,2,2,2,2,2,2,2,2,2,2,2,2,2,2,2,2,2,2,2,2,
    2,2,2,2,2,2,2,2,2,2,2,2,2,3,1),(-1.537971611374E-02,0.,
    1.537971611374E-02,3.075943222748E-02,4.613914834122E-02,
    4.998407736966E-02,5.38290063981E-02,6.151886445497E-02,
    7.689858056871E-02,9.227829668245E-02,9.996815473932E-02,
    0.107658012796,0.12303772891,0.138417445024,0.153797161137,
    0.157642090166,0.161487019194,0.169176877251,0.184556593365,
    0.199936309479,0.207626167535,0.211471096564,0.215316025592,
    0.230695741706,0.24607545782,0.261455173934,0.265300102962,
    0.26914503199,0.276834890047,0.292214606161,0.307594322275,
    0.311439251303,0.315284180332,0.322974038389,0.338353754502,
    0.353733470616,0.361423328673,0.365268257701,0.36911318673,
    0.384492902844,0.399872618957,0.415252335071,0.422942193128,
    0.430632051185,0.446011767298,0.461391483412,0.469081341469,
    0.472926270498,0.476771199526,0.49215091564,0.507530631753,
    0.522910347867,0.526755276896,0.530600205924,0.538290063981,
    0.553669780095,0.569049496208,0.572894425237,0.576739354265,
    0.584429212322,0.599808928436,0.61518864455,0.622878502606,
    0.626723431635,0.630568360663,0.645948076777,0.661327792891,
    0.676707509005,0.680552438033,0.684397367061,0.692087225118,
    0.707466941232,0.722846657346,0.730536515403,0.738226373459,
    0.753606089573,0.768985805687,0.784365521801,0.788210450829,
    0.792055379858,0.799745237914,0.815124954028,0.830504670142,
    0.838194528199,0.845884386256,0.861264102369,0.876643818483,
    0.88433367654,0.888178605568,0.892023534597,0.907403250711,
    0.922782966824,0.938162682938,0.942007611966,0.945852540995,
    0.953542399052,0.968922115165,0.984301831279,0.999681547393),
  .UNSPECIFIED.);
#2259 = CARTESIAN_POINT('',(-733.3832558764,-1.2E+03,-157.));
#2260 = CARTESIAN_POINT('',(-733.3832558764,-1.205201544476E+03,-157.));
#2261 = CARTESIAN_POINT('',(-733.4385840376,-1.210357828695E+03,
    -156.7421812139));
#2262 = CARTESIAN_POINT('',(-733.6542381306,-1.220583225871E+03,
    -155.729659345));
#2263 = CARTESIAN_POINT('',(-733.8145721262,-1.225652329632E+03,
    -154.9749032145));
#2264 = CARTESIAN_POINT('',(-734.2346845622,-1.235704170135E+03,
    -152.9721375836));
#2265 = CARTESIAN_POINT('',(-734.494470621,-1.2406869097E+03,
    -151.724146466));
#2266 = CARTESIAN_POINT('',(-734.877795281,-1.246860351846E+03,
    -149.8491658383));
#2267 = CARTESIAN_POINT('',(-734.9573891483,-1.248092285011E+03,
    -149.4583833943));
#2268 = CARTESIAN_POINT('',(-735.1223423121,-1.250550590307E+03,
    -148.6449261294));
#2269 = CARTESIAN_POINT('',(-735.2078136899,-1.251778442531E+03,
    -148.2216902052));
#2270 = CARTESIAN_POINT('',(-735.4713567305,-1.255434896698E+03,
    -146.9104436762));
#2271 = CARTESIAN_POINT('',(-735.6568128853,-1.257840711196E+03,
    -145.9796699468));
#2272 = CARTESIAN_POINT('',(-736.2397896918,-1.264964867689E+03,
    -143.021025042));
#2273 = CARTESIAN_POINT('',(-736.6639036701,-1.269590146504E+03,
    -140.8272382079));
#2274 = CARTESIAN_POINT('',(-737.5693891865,-1.278598253065E+03,
    -136.0051988962));
#2275 = CARTESIAN_POINT('',(-738.0507816405,-1.282981074188E+03,
    -133.3769381155));
#2276 = CARTESIAN_POINT('',(-738.8057722805,-1.289372505578E+03,
    -129.1050805363));
#2277 = CARTESIAN_POINT('',(-739.0629194326,-1.291472461228E+03,
    -127.6261164108));
#2278 = CARTESIAN_POINT('',(-739.5864740313,-1.295610485059E+03,
    -124.5563001224));
#2279 = CARTESIAN_POINT('',(-739.8535186677,-1.297653071538E+03,
    -122.961446753));
#2280 = CARTESIAN_POINT('',(-740.657788186,-1.303626890251E+03,
    -118.0551849358));
#2281 = CARTESIAN_POINT('',(-741.1998860668,-1.307419761005E+03,
    -114.6126202606));
#2282 = CARTESIAN_POINT('',(-742.2803656156,-1.31463801781E+03,
    -107.3926564064));
#2283 = CARTESIAN_POINT('',(-742.8187738537,-1.318063376318E+03,
    -103.6152358982));
#2284 = CARTESIAN_POINT('',(-743.8768509682,-1.324547177585E+03,
    -95.72397031837));
#2285 = CARTESIAN_POINT('',(-744.3965465754,-1.327605647449E+03,
    -91.61015365551));
#2286 = CARTESIAN_POINT('',(-745.0248692036,-1.331192814785E+03,
    -86.25027068617));
#2287 = CARTESIAN_POINT('',(-745.149615107,-1.331899253901E+03,
    -85.16606596923));
#2288 = CARTESIAN_POINT('',(-745.3959964611,-1.33328411693E+03,
    -82.98202303259));
#2289 = CARTESIAN_POINT('',(-745.5174804079,-1.333961706164E+03,
    -81.88358384703));
#2290 = CARTESIAN_POINT('',(-745.8765451607,-1.335950436257E+03,
    -78.56919860181));
#2291 = CARTESIAN_POINT('',(-746.1087378026,-1.337217567897E+03,
    -76.33419677805));
#2292 = CARTESIAN_POINT('',(-746.781678216,-1.340845746034E+03,
    -69.55399322665));
#2293 = CARTESIAN_POINT('',(-747.1987862233,-1.343033993908E+03,
    -64.93377016661));
#2294 = CARTESIAN_POINT('',(-747.9590955379,-1.346954094456E+03,
    -55.49425234926));
#2295 = CARTESIAN_POINT('',(-748.3023161068,-1.348685955955E+03,
    -50.67496288004));
#2296 = CARTESIAN_POINT('',(-748.7534789277,-1.350934792239E+03,
    -43.29324233744));
#2297 = CARTESIAN_POINT('',(-748.8932522469,-1.351626138888E+03,
    -40.80715929542));
#2298 = CARTESIAN_POINT('',(-749.0859108283,-1.35257390827E+03,
    -37.03889950023));
#2299 = CARTESIAN_POINT('',(-749.1473779164,-1.352875347011E+03,
    -35.77444131468));
#2300 = CARTESIAN_POINT('',(-749.2639436554,-1.353445544564E+03,
    -33.24375472892));
#2301 = CARTESIAN_POINT('',(-749.3190627293,-1.353714407197E+03,
    -31.97735664367));
#2302 = CARTESIAN_POINT('',(-749.5787674718,-1.354978411436E+03,
    -25.64014578233));
#2303 = CARTESIAN_POINT('',(-749.7356827165,-1.355733225528E+03,
    -20.55370914862));
#2304 = CARTESIAN_POINT('',(-749.9459731166,-1.356742483676E+03,
    -10.3482512662));
#2305 = CARTESIAN_POINT('',(-749.99935167,-1.356996902882E+03,
    -5.229228509236));
#2306 = CARTESIAN_POINT('',(-750.0006365915,-1.357003041043E+03,
    5.041572032205));
#2307 = CARTESIAN_POINT('',(-749.9485464913,-1.356754806693E+03,
    10.193346854771));
#2308 = CARTESIAN_POINT('',(-749.8161822639,-1.356119577967E+03,
    16.65422571314));
#2309 = CARTESIAN_POINT('',(-749.7863411352,-1.355976220887E+03,
    17.947112910775));
#2310 = CARTESIAN_POINT('',(-749.7203343911,-1.355658613411E+03,
    20.52014656716));
#2311 = CARTESIAN_POINT('',(-749.6841333328,-1.355484193003E+03,
    21.802153673232));
#2312 = CARTESIAN_POINT('',(-749.566135747,-1.354914588952E+03,
    25.634797530978));
#2313 = CARTESIAN_POINT('',(-749.4749458756,-1.354473091907E+03,
    28.172065045602));
#2314 = CARTESIAN_POINT('',(-749.1653449419,-1.352966272667E+03,
    35.731287623305));
#2315 = CARTESIAN_POINT('',(-748.9109087332,-1.351719058343E+03,
    40.700784022842));
#2316 = CARTESIAN_POINT('',(-748.3138998757,-1.348744129942E+03,
    50.50158702989));
#2317 = CARTESIAN_POINT('',(-747.9713132769,-1.347016428442E+03,
    55.33289635532));
#2318 = CARTESIAN_POINT('',(-747.4929151905,-1.344550656542E+03,
    61.284318316051));
#2319 = CARTESIAN_POINT('',(-747.3947278318,-1.344042159198E+03,
    62.470207092513));
#2320 = CARTESIAN_POINT('',(-747.1934639944,-1.342994185447E+03,
    64.833119074727));
#2321 = CARTESIAN_POINT('',(-747.0902464419,-1.342453964815E+03,
    66.011693165661));
#2322 = CARTESIAN_POINT('',(-746.7745681856,-1.340792182811E+03,
    69.521681251429));
#2323 = CARTESIAN_POINT('',(-746.5563970986,-1.33963120988E+03,
    71.824313067401));
#2324 = CARTESIAN_POINT('',(-745.8814987771,-1.33599225387E+03,
    78.622730607344));
#2325 = CARTESIAN_POINT('',(-745.4043986328,-1.333358618324E+03,
    83.009303883746));
#2326 = CARTESIAN_POINT('',(-744.4100764692,-1.327683849914E+03,
    91.498087868493));
#2327 = CARTESIAN_POINT('',(-743.8928296394,-1.324642707995E+03,
    95.600289442642));
#2328 = CARTESIAN_POINT('',(-743.0974155899,-1.319772011436E+03,
    101.5392548531));
#2329 = CARTESIAN_POINT('',(-742.8290217561,-1.318096854062E+03,
    103.48312243925));
#2330 = CARTESIAN_POINT('',(-742.422908093,-1.315505421108E+03,
    106.34450426303));
#2331 = CARTESIAN_POINT('',(-742.2869501132,-1.314628487564E+03,
    107.28922392569));
#2332 = CARTESIAN_POINT('',(-742.0140932841,-1.31284807701E+03,
    109.16033733375));
#2333 = CARTESIAN_POINT('',(-741.8772776339,-1.311945107052E+03,
    110.08612362237));
#2334 = CARTESIAN_POINT('',(-741.1951720419,-1.307388425034E+03,
    114.64428412575));
#2335 = CARTESIAN_POINT('',(-740.6529416625,-1.303590869824E+03,
    118.08473716161));
#2336 = CARTESIAN_POINT('',(-739.5904292859,-1.295698962423E+03,
    124.56637609155));
#2337 = CARTESIAN_POINT('',(-739.0701224726,-1.291604590487E+03,
    127.60753099475));
#2338 = CARTESIAN_POINT('',(-738.0662504018,-1.283117657864E+03,
    133.29117718747));
#2339 = CARTESIAN_POINT('',(-737.5826602114,-1.278725121118E+03,
    135.93369677866));
#2340 = CARTESIAN_POINT('',(-736.8963300949,-1.271904918607E+03,
    139.58988621602));
#2341 = CARTESIAN_POINT('',(-736.6735960118,-1.269587238439E+03,
    140.75965826851));
#2342 = CARTESIAN_POINT('',(-736.2475233898,-1.264921586474E+03,
    142.9715103057));
#2343 = CARTESIAN_POINT('',(-736.0437191257,-1.262569488621E+03,
    144.01614551225));
#2344 = CARTESIAN_POINT('',(-735.4617967085,-1.255456218632E+03,
    146.96928969348));
#2345 = CARTESIAN_POINT('',(-735.1131723395,-1.250638202353E+03,
    148.69747138384));
#2346 = CARTESIAN_POINT('',(-734.5039178309,-1.240851642555E+03,
    151.6783070648));
#2347 = CARTESIAN_POINT('',(-734.2432744569,-1.235883101342E+03,
    152.93096594645));
#2348 = CARTESIAN_POINT('',(-733.9253291283,-1.228315039383E+03,
    154.44700667719));
#2349 = CARTESIAN_POINT('',(-733.8315188636,-1.22577311022E+03,
    154.89175290667));
#2350 = CARTESIAN_POINT('',(-733.7099689214,-1.221930738196E+03,
    155.46613716312));
#2351 = CARTESIAN_POINT('',(-733.672618954,-1.220643962631E+03,
    155.64226614373));
#2352 = CARTESIAN_POINT('',(-733.6045861727,-1.218065166587E+03,
    155.96261718647));
#2353 = CARTESIAN_POINT('',(-733.5739848825,-1.216776458692E+03,
    156.10645645802));
#2354 = CARTESIAN_POINT('',(-733.4380051749,-1.210336331663E+03,
    156.74490509597));
#2355 = CARTESIAN_POINT('',(-733.3837101451,-1.205195125349E+03,
    156.99787800583));
#2356 = CARTESIAN_POINT('',(-733.3828072855,-1.194933932187E+03,
    157.00209547211));
#2357 = CARTESIAN_POINT('',(-733.4362013547,-1.189813946592E+03,
    156.75330950647));
#2358 = CARTESIAN_POINT('',(-733.6492763488,-1.179595223266E+03,
    155.75301220749));
#2359 = CARTESIAN_POINT('',(-733.8089591701,-1.174496483895E+03,
    155.0015418347));
#2360 = CARTESIAN_POINT('',(-734.074010504,-1.168136730457E+03,
    153.73813372293));
#2361 = CARTESIAN_POINT('',(-734.130350295,-1.166864415961E+03,
    153.46893149777));
#2362 = CARTESIAN_POINT('',(-734.2488551458,-1.164335213609E+03,
    152.9009577352));
#2363 = CARTESIAN_POINT('',(-734.3110812983,-1.163076721073E+03,
    152.60189611198));
#2364 = CARTESIAN_POINT('',(-734.5064040573,-1.159319350574E+03,
    151.65999359459));
#2365 = CARTESIAN_POINT('',(-734.64814377,-1.156838568394E+03,
    150.97246384745));
#2366 = CARTESIAN_POINT('',(-735.105773694,-1.149467291264E+03,
    148.73406274816));
#2367 = CARTESIAN_POINT('',(-735.4540684868,-1.144647699587E+03,
    147.00780416308));
#2368 = CARTESIAN_POINT('',(-736.2258626181,-1.135194822006E+03,
    143.09248949892));
#2369 = CARTESIAN_POINT('',(-736.6493783515,-1.130561533619E+03,
    140.90344299639));
#2370 = CARTESIAN_POINT('',(-737.2187933331,-1.12488792462E+03,
    137.87251787787));
#2371 = CARTESIAN_POINT('',(-737.3346766766,-1.12375911634E+03,
    137.251567409));
#2372 = CARTESIAN_POINT('',(-737.5702652348,-1.121513421084E+03,
    135.97985890389));
#2373 = CARTESIAN_POINT('',(-737.6900783028,-1.120395551714E+03,
    135.32850939484));
#2374 = CARTESIAN_POINT('',(-738.0542502213,-1.117066638125E+03,
    133.33323687736));
#2375 = CARTESIAN_POINT('',(-738.3022836564,-1.11488972475E+03,
    131.95392809448));
#2376 = CARTESIAN_POINT('',(-739.0591018036,-1.10848309685E+03,
    127.67164449658));
#2377 = CARTESIAN_POINT('',(-739.5805856034,-1.104377189506E+03,
    124.6246692292));
#2378 = CARTESIAN_POINT('',(-740.6419592888,-1.096487724667E+03,
    118.15345497588));
#2379 = CARTESIAN_POINT('',(-741.181874642,-1.092704178274E+03,
    114.72920695848));
#2380 = CARTESIAN_POINT('',(-741.9942161154,-1.087271910048E+03,
    109.3065588515));
#2381 = CARTESIAN_POINT('',(-742.2654080639,-1.085501736803E+03,
    107.45120921076));
#2382 = CARTESIAN_POINT('',(-742.6713668828,-1.082908205863E+03,
    104.59524561241));
#2383 = CARTESIAN_POINT('',(-742.8065480003,-1.08205398869E+03,
    103.63109529354));
#2384 = CARTESIAN_POINT('',(-743.0763874002,-1.080366345272E+03,
    101.67818916621));
#2385 = CARTESIAN_POINT('',(-743.2111678512,-1.079532189071E+03,
    100.68848756143));
#2386 = CARTESIAN_POINT('',(-743.8796047524,-1.075435472198E+03,
    95.70432786993));
#2387 = CARTESIAN_POINT('',(-744.39931395,-1.072378792589E+03,
    91.585712149088));
#2388 = CARTESIAN_POINT('',(-745.3951341676,-1.066693060899E+03,
    83.092570295624));
#2389 = CARTESIAN_POINT('',(-745.871269007,-1.064064043952E+03,
    78.718026018345));
#2390 = CARTESIAN_POINT('',(-746.7668390514,-1.059233007693E+03,
    69.712019361938));
#2391 = CARTESIAN_POINT('',(-747.1862980116,-1.057030960398E+03,
    65.080575926005));
#2392 = CARTESIAN_POINT('',(-747.6667859148,-1.054552899111E+03,
    59.125333580164));
#2393 = CARTESIAN_POINT('',(-747.7606898781,-1.054071045039E+03,
    57.925968448625));
#2394 = CARTESIAN_POINT('',(-747.9438909184,-1.0531351828E+03,
    55.510388086612));
#2395 = CARTESIAN_POINT('',(-748.0331668712,-1.052681289146E+03,
    54.294301304853));
#2396 = CARTESIAN_POINT('',(-748.2923113351,-1.051369187189E+03,
    50.641646606704));
#2397 = CARTESIAN_POINT('',(-748.4540322205,-1.050557780151E+03,
    48.193756462611));
#2398 = CARTESIAN_POINT('',(-748.9049729671,-1.048310140617E+03,
    40.812344971133));
#2399 = CARTESIAN_POINT('',(-749.1599710408,-1.047060044535E+03,
    35.841169386325));
#2400 = CARTESIAN_POINT('',(-749.572971489,-1.045049661651E+03,
    25.799458249765));
#2401 = CARTESIAN_POINT('',(-749.7309840061,-1.044289374842E+03,
    20.72892310024));
#2402 = CARTESIAN_POINT('',(-749.8908762678,-1.043521921945E+03,
    13.047331077566));
#2403 = CARTESIAN_POINT('',(-749.9313173886,-1.043328378494E+03,
    10.474147074196));
#2404 = CARTESIAN_POINT('',(-749.9857182116,-1.043068187717E+03,
    5.301984135389));
#2405 = CARTESIAN_POINT('',(-749.99962894,-1.04300177258E+03,
    2.696494166725));
#2406 = CARTESIAN_POINT('',(-750.0007199601,-1.042996560699E+03,
    -5.07720626817));
#2407 = CARTESIAN_POINT('',(-749.9477421333,-1.043249063661E+03,
    -10.22138863728));
#2408 = CARTESIAN_POINT('',(-749.7389443391,-1.044251084206E+03,
    -20.43546079178));
#2409 = CARTESIAN_POINT('',(-749.5831165436,-1.045000636969E+03,
    -25.50534530235));
#2410 = CARTESIAN_POINT('',(-749.1729290254,-1.046996629066E+03,
    -35.57096655443));
#2411 = CARTESIAN_POINT('',(-748.918561522,-1.04824303256E+03,
    -40.56670820717));
#2412 = CARTESIAN_POINT('',(-748.5417066775,-1.050120641943E+03,
    -46.76382378216));
#2413 = CARTESIAN_POINT('',(-748.4632815386,-1.050512735322E+03,
    -48.0024586204));
#2414 = CARTESIAN_POINT('',(-748.3014283168,-1.051325233781E+03,
    -50.46278058238));
#2415 = CARTESIAN_POINT('',(-748.2179558495,-1.051745856203E+03,
    -51.68533903172));
#2416 = CARTESIAN_POINT('',(-747.9602075707,-1.053050352505E+03,
    -55.33048704459));
#2417 = CARTESIAN_POINT('',(-747.7786023938,-1.053976827735E+03,
    -57.73056359636));
#2418 = CARTESIAN_POINT('',(-747.2068548488,-1.056923801793E+03,
    -64.84243018349));
#2419 = CARTESIAN_POINT('',(-746.7897874752,-1.059111441919E+03,
    -69.46606630724));
#2420 = CARTESIAN_POINT('',(-745.8961784604,-1.06392756281E+03,
    -78.48192150835));
#2421 = CARTESIAN_POINT('',(-745.4196150898,-1.066556035868E+03,
    -82.87414247812));
#2422 = CARTESIAN_POINT('',(-744.6694018562,-1.070835413864E+03,
    -89.2866924689));
#2423 = CARTESIAN_POINT('',(-744.4134382909,-1.07231808774E+03,
    -91.39485960299));
#2424 = CARTESIAN_POINT('',(-743.8913274345,-1.075398191657E+03,
    -95.55145439856));
#2425 = CARTESIAN_POINT('',(-743.6272334248,-1.076983559198E+03,
    -97.58356301799));
#2426 = CARTESIAN_POINT('',(-742.8292797419,-1.081870120174E+03,
    -103.5408972707));
#2427 = CARTESIAN_POINT('',(-742.2895523193,-1.085302664482E+03,
    -107.3291147));
#2428 = CARTESIAN_POINT('',(-741.2099202968,-1.092511185517E+03,
    -114.5476861323));
#2429 = CARTESIAN_POINT('',(-740.6699897131,-1.096287170933E+03,
    -117.9780271676));
#2430 = CARTESIAN_POINT('',(-739.8714060104,-1.102211827174E+03,
    -122.8536312331));
#2431 = CARTESIAN_POINT('',(-739.6070989703,-1.104230238555E+03,
    -124.4337653787));
#2432 = CARTESIAN_POINT('',(-739.2149501646,-1.107324279679E+03,
    -126.7354060885));
#2433 = CARTESIAN_POINT('',(-739.0849529715,-1.108366702779E+03,
    -127.491187366));
#2434 = CARTESIAN_POINT('',(-738.8266500524,-1.110473957542E+03,
    -128.9796562926));
#2435 = CARTESIAN_POINT('',(-738.6981713553,-1.111540263835E+03,
    -129.7133191826));
#2436 = CARTESIAN_POINT('',(-738.0630199118,-1.116908446282E+03,
    -133.309846719));
#2437 = CARTESIAN_POINT('',(-737.5789788707,-1.121311542308E+03,
    -135.9532947826));
#2438 = CARTESIAN_POINT('',(-736.6715062799,-1.130329120382E+03,
    -140.7875714315));
#2439 = CARTESIAN_POINT('',(-736.2480557344,-1.134943618914E+03,
    -142.9783601882));
#2440 = CARTESIAN_POINT('',(-735.4739569641,-1.144384583794E+03,
    -146.9083717233));
#2441 = CARTESIAN_POINT('',(-735.1232899832,-1.149211036458E+03,
    -148.6476209673));
#2442 = CARTESIAN_POINT('',(-734.738291205,-1.155380797051E+03,
    -150.531695518));
#2443 = CARTESIAN_POINT('',(-734.6639598219,-1.156621599908E+03,
    -150.8939762532));
#2444 = CARTESIAN_POINT('',(-734.520838014,-1.159117079236E+03,
    -151.5891303949));
#2445 = CARTESIAN_POINT('',(-734.4519732779,-1.160373262512E+03,
    -151.9223608553));
#2446 = CARTESIAN_POINT('',(-734.2548556499,-1.16414610016E+03,
    -152.8732353076));
#2447 = CARTESIAN_POINT('',(-734.1358799419,-1.166669955027E+03,
    -153.4430764769));
#2448 = CARTESIAN_POINT('',(-733.8171264355,-1.174267107251E+03,
    -154.9628881285));
#2449 = CARTESIAN_POINT('',(-733.6555259413,-1.179365933355E+03,
    -155.7236025089));
#2450 = CARTESIAN_POINT('',(-733.4385937286,-1.189631551098E+03,
    -156.7421460616));
#2451 = CARTESIAN_POINT('',(-733.3832558764,-1.194798455524E+03,-157.));
#2452 = CARTESIAN_POINT('',(-733.3832558764,-1.2E+03,-157.));
#2453 = PCURVE('',#2134,#2454);
#2454 = DEFINITIONAL_REPRESENTATION('',(#2455),#2855);
#2455 = B_SPLINE_CURVE_WITH_KNOTS('',3,(#2456,#2457,#2458,#2459,#2460,
    #2461,#2462,#2463,#2464,#2465,#2466,#2467,#2468,#2469,#2470,#2471,
    #2472,#2473,#2474,#2475,#2476,#2477,#2478,#2479,#2480,#2481,#2482,
    #2483,#2484,#2485,#2486,#2487,#2488,#2489,#2490,#2491,#2492,#2493,
    #2494,#2495,#2496,#2497,#2498,#2499,#2500,#2501,#2502,#2503,#2504,
    #2505,#2506,#2507,#2508,#2509,#2510,#2511,#2512,#2513,#2514,#2515,
    #2516,#2517,#2518,#2519,#2520,#2521,#2522,#2523,#2524,#2525,#2526,
    #2527,#2528,#2529,#2530,#2531,#2532,#2533,#2534,#2535,#2536,#2537,
    #2538,#2539,#2540,#2541,#2542,#2543,#2544,#2545,#2546,#2547,#2548,
    #2549,#2550,#2551,#2552,#2553,#2554,#2555,#2556,#2557,#2558,#2559,
    #2560,#2561,#2562,#2563,#2564,#2565,#2566,#2567,#2568,#2569,#2570,
    #2571,#2572,#2573,#2574,#2575,#2576,#2577,#2578,#2579,#2580,#2581,
    #2582,#2583,#2584,#2585,#2586,#2587,#2588,#2589,#2590,#2591,#2592,
    #2593,#2594,#2595,#2596,#2597,#2598,#2599,#2600,#2601,#2602,#2603,
    #2604,#2605,#2606,#2607,#2608,#2609,#2610,#2611,#2612,#2613,#2614,
    #2615,#2616,#2617,#2618,#2619,#2620,#2621,#2622,#2623,#2624,#2625,
    #2626,#2627,#2628,#2629,#2630,#2631,#2632,#2633,#2634,#2635,#2636,
    #2637,#2638,#2639,#2640,#2641,#2642,#2643,#2644,#2645,#2646,#2647,
    #2648,#2649,#2650,#2651,#2652,#2653,#2654,#2655,#2656,#2657,#2658,
    #2659,#2660,#2661,#2662,#2663,#2664,#2665,#2666,#2667,#2668,#2669,
    #2670,#2671,#2672,#2673,#2674,#2675,#2676,#2677,#2678,#2679,#2680,
    #2681,#2682,#2683,#2684,#2685,#2686,#2687,#2688,#2689,#2690,#2691,
    #2692,#2693,#2694,#2695,#2696,#2697,#2698,#2699,#2700,#2701,#2702,
    #2703,#2704,#2705,#2706,#2707,#2708,#2709,#2710,#2711,#2712,#2713,
    #2714,#2715,#2716,#2717,#2718,#2719,#2720,#2721,#2722,#2723,#2724,
    #2725,#2726,#2727,#2728,#2729,#2730,#2731,#2732,#2733,#2734,#2735,
    #2736,#2737,#2738,#2739,#2740,#2741,#2742,#2743,#2744,#2745,#2746,
    #2747,#2748,#2749,#2750,#2751,#2752,#2753,#2754,#2755,#2756,#2757,
    #2758,#2759,#2760,#2761,#2762,#2763,#2764,#2765,#2766,#2767,#2768,
    #2769,#2770,#2771,#2772,#2773,#2774,#2775,#2776,#2777,#2778,#2779,
    #2780,#2781,#2782,#2783,#2784,#2785,#2786,#2787,#2788,#2789,#2790,
    #2791,#2792,#2793,#2794,#2795,#2796,#2797,#2798,#2799,#2800,#2801,
    #2802,#2803,#2804,#2805,#2806,#2807,#2808,#2809,#2810,#2811,#2812,
    #2813,#2814,#2815,#2816,#2817,#2818,#2819,#2820,#2821,#2822,#2823,
    #2824,#2825,#2826,#2827,#2828,#2829,#2830,#2831,#2832,#2833,#2834,
    #2835,#2836,#2837,#2838,#2839,#2840,#2841,#2842,#2843,#2844,#2845,
    #2846,#2847,#2848,#2849,#2850,#2851,#2852,#2853,#2854),
  .UNSPECIFIED.,.T.,.F.,(4,1,1,1,1,1,1,1,1,1,1,1,1,1,1,1,1,1,1,1,1,1,1,1
    ,1,1,1,1,1,1,1,1,1,1,1,1,1,1,1,1,1,1,1,1,1,1,1,1,1,1,1,1,1,1,1,1,1,1
    ,1,1,1,1,1,1,1,1,1,1,1,1,1,1,1,1,1,1,1,1,1,1,1,1,1,1,1,1,1,1,1,1,1,1
    ,1,1,1,1,1,1,1,1,1,1,1,1,1,1,1,1,1,1,1,1,1,1,1,1,1,1,1,1,1,1,1,1,1,1
    ,1,1,1,1,1,1,1,1,1,1,1,1,1,1,1,1,1,1,1,1,1,1,1,1,1,1,1,1,1,1,1,1,1,1
    ,1,1,1,1,1,1,1,1,1,1,1,1,1,1,1,1,1,1,1,1,1,1,1,1,1,1,1,1,1,1,1,1,1,1
    ,1,1,1,1,1,1,1,1,1,1,1,1,1,1,1,1,1,1,1,1,1,1,1,1,1,1,1,1,1,1,1,1,1,1
    ,1,1,1,1,1,1,1,1,1,1,1,1,1,1,1,1,1,1,1,1,1,1,1,1,1,1,1,1,1,1,1,1,1,1
    ,1,1,1,1,1,1,1,1,1,1,1,1,1,1,1,1,1,1,1,1,1,1,1,1,1,1,1,1,1,1,1,1,1,1
    ,1,1,1,1,1,1,1,1,1,1,1,1,1,1,1,1,1,1,1,1,1,1,1,1,1,1,1,1,1,1,1,1,1,1
    ,1,1,1,1,1,1,1,1,1,1,1,1,1,1,1,1,1,1,1,1,1,1,1,1,1,1,1,1,1,1,1,1,1,1
    ,1,1,1,1,1,1,1,1,1,1,1,1,1,1,1,1,1,1,1,1,1,1,1,1,1,1,1,1,1,1,1,1,4),
  (0.,2.485610685049E-03,4.971221370097E-03,7.456832055146E-03,
    9.942442740194E-03,1.242805342524E-02,1.491366411029E-02,
    1.739927479534E-02,1.988488548039E-02,2.237049616544E-02,
    2.485610685049E-02,2.734171753553E-02,2.982732822058E-02,
    3.231293890563E-02,3.479854959068E-02,3.728416027573E-02,
    3.976977096078E-02,4.225538164583E-02,4.474099233087E-02,
    4.722660301592E-02,4.971221370097E-02,5.219782438602E-02,
    5.468343507107E-02,5.716904575612E-02,5.965465644117E-02,
    6.214026712621E-02,6.462587781126E-02,6.711148849631E-02,
    6.959709918136E-02,7.208270986641E-02,7.456832055146E-02,
    7.705393123651E-02,7.953954192155E-02,8.20251526066E-02,
    8.451076329165E-02,8.69963739767E-02,8.948198466175E-02,
    9.19675953468E-02,9.445320603185E-02,9.693881671689E-02,
    9.942442740194E-02,0.101910038087,0.104395648772,0.106881259457,
    0.109366870142,0.111852480827,0.114338091512,0.116823702197,
    0.119309312882,0.121794923567,0.124280534252,0.126766144937,
    0.129251755623,0.131737366308,0.134222976993,0.136708587678,
    0.139194198363,0.141679809048,0.144165419733,0.146651030418,
    0.149136641103,0.151622251788,0.154107862473,0.156593473158,
    0.159079083843,0.161564694528,0.164050305213,0.166535915898,
    0.169021526583,0.171507137268,0.173992747953,0.176478358638,
    0.178963969323,0.181449580009,0.183935190694,0.186420801379,
    0.188906412064,0.191392022749,0.193877633434,0.196363244119,
    0.198848854804,0.201334465489,0.203820076174,0.206305686859,
    0.208791297544,0.211276908229,0.213762518914,0.216248129599,
    0.218733740284,0.221219350969,0.223704961654,0.226190572339,
    0.228676183024,0.23116179371,0.233647404395,0.23613301508,
    0.238618625765,0.24110423645,0.243589847135,0.24607545782,
    0.248561068505,0.25104667919,0.253532289875,0.25601790056,
    0.258503511245,0.26098912193,0.263474732615,0.2659603433,
    0.268445953985,0.27093156467,0.273417175355,0.27590278604,
    0.278388396725,0.28087400741,0.283359618096,0.285845228781,
    0.288330839466,0.290816450151,0.293302060836,0.295787671521,
    0.298273282206,0.300758892891,0.303244503576,0.305730114261,
    0.308215724946,0.310701335631,0.313186946316,0.315672557001,
    0.318158167686,0.320643778371,0.323129389056,0.325614999741,
    0.328100610426,0.330586221111,0.333071831797,0.335557442482,
    0.338043053167,0.340528663852,0.343014274537,0.345499885222,
    0.347985495907,0.350471106592,0.352956717277,0.355442327962,
    0.357927938647,0.360413549332,0.362899160017,0.365384770702,
    0.367870381387,0.370355992072,0.372841602757,0.375327213442,
    0.377812824127,0.380298434812,0.382784045497,0.385269656183,
    0.387755266868,0.390240877553,0.392726488238,0.395212098923,
    0.397697709608,0.400183320293,0.402668930978,0.405154541663,
    0.407640152348,0.410125763033,0.412611373718,0.415096984403,
    0.417582595088,0.420068205773,0.422553816458,0.425039427143,
    0.427525037828,0.430010648513,0.432496259198,0.434981869884,
    0.437467480569,0.439953091254,0.442438701939,0.444924312624,
    0.447409923309,0.449895533994,0.452381144679,0.454866755364,
    0.457352366049,0.459837976734,0.462323587419,0.464809198104,
    0.467294808789,0.469780419474,0.472266030159,0.474751640844,
    0.477237251529,0.479722862214,0.482208472899,0.484694083584,
    0.48717969427,0.489665304955,0.49215091564,0.494636526325,
    0.49712213701,0.499607747695,0.50209335838,0.504578969065,
    0.50706457975,0.509550190435,0.51203580112,0.514521411805,
    0.51700702249,0.519492633175,0.52197824386,0.524463854545,
    0.52694946523,0.529435075915,0.5319206866,0.534406297285,
    0.53689190797,0.539377518656,0.541863129341,0.544348740026,
    0.546834350711,0.549319961396,0.551805572081,0.554291182766,
    0.556776793451,0.559262404136,0.561748014821,0.564233625506,
    0.566719236191,0.569204846876,0.571690457561,0.574176068246,
    0.576661678931,0.579147289616,0.581632900301,0.584118510986,
    0.586604121671,0.589089732357,0.591575343042,0.594060953727,
    0.596546564412,0.599032175097,0.601517785782,0.604003396467,
    0.606489007152,0.608974617837,0.611460228522,0.613945839207,
    0.616431449892,0.618917060577,0.621402671262,0.623888281947,
    0.626373892632,0.628859503317,0.631345114002,0.633830724687,
    0.636316335372,0.638801946057,0.641287556743,0.643773167428,
    0.646258778113,0.648744388798,0.651229999483,0.653715610168,
    0.656201220853,0.658686831538,0.661172442223,0.663658052908,
    0.666143663593,0.668629274278,0.671114884963,0.673600495648,
    0.676086106333,0.678571717018,0.681057327703,0.683542938388,
    0.686028549073,0.688514159758,0.690999770444,0.693485381129,
    0.695970991814,0.698456602499,0.700942213184,0.703427823869,
    0.705913434554,0.708399045239,0.710884655924,0.713370266609,
    0.715855877294,0.718341487979,0.720827098664,0.723312709349,
    0.725798320034,0.728283930719,0.730769541404,0.733255152089,
    0.735740762774,0.738226373459,0.740711984144,0.74319759483,
    0.745683205515,0.7481688162,0.750654426885,0.75314003757,
    0.755625648255,0.75811125894,0.760596869625,0.76308248031,
    0.765568090995,0.76805370168,0.770539312365,0.77302492305,
    0.775510533735,0.77799614442,0.780481755105,0.78296736579,
    0.785452976475,0.78793858716,0.790424197845,0.79290980853,
    0.795395419216,0.797881029901,0.800366640586,0.802852251271,
    0.805337861956,0.807823472641,0.810309083326,0.812794694011,
    0.815280304696,0.817765915381,0.820251526066,0.822737136751,
    0.825222747436,0.827708358121,0.830193968806,0.832679579491,
    0.835165190176,0.837650800861,0.840136411546,0.842622022231,
    0.845107632917,0.847593243602,0.850078854287,0.852564464972,
    0.855050075657,0.857535686342,0.860021297027,0.862506907712,
    0.864992518397,0.867478129082,0.869963739767,0.872449350452,
    0.874934961137,0.877420571822,0.879906182507,0.882391793192,
    0.884877403877,0.887363014562,0.889848625247,0.892334235932,
    0.894819846617,0.897305457303,0.899791067988,0.902276678673,
    0.904762289358,0.907247900043,0.909733510728,0.912219121413,
    0.914704732098,0.917190342783,0.919675953468,0.922161564153,
    0.924647174838,0.927132785523,0.929618396208,0.932104006893,
    0.934589617578,0.937075228263,0.939560838948,0.942046449633,
    0.944532060318,0.947017671004,0.949503281689,0.951988892374,
    0.954474503059,0.956960113744,0.959445724429,0.961931335114,
    0.964416945799,0.966902556484,0.969388167169,0.971873777854,
    0.974359388539,0.976844999224,0.979330609909,0.981816220594,
    0.984301831279),.QUASI_UNIFORM_KNOTS.);
#2456 = CARTESIAN_POINT('',(4.923282118561,1.2E+03));
#2457 = CARTESIAN_POINT('',(4.92328211856,1.200840653653E+03));
#2458 = CARTESIAN_POINT('',(4.923263751921,1.202519596582E+03));
#2459 = CARTESIAN_POINT('',(4.92318143166,1.205030960261E+03));
#2460 = CARTESIAN_POINT('',(4.923044670834,1.207535315651E+03));
#2461 = CARTESIAN_POINT('',(4.922853798737,1.210032705123E+03));
#2462 = CARTESIAN_POINT('',(4.922609146256,1.212523171257E+03));
#2463 = CARTESIAN_POINT('',(4.922311038265,1.215006755859E+03));
#2464 = CARTESIAN_POINT('',(4.921959822036,1.217483503619E+03));
#2465 = CARTESIAN_POINT('',(4.921555605877,1.219953428441E+03));
#2466 = CARTESIAN_POINT('',(4.921098463995,1.22241653984E+03));
#2467 = CARTESIAN_POINT('',(4.920588478933,1.224872848415E+03));
#2468 = CARTESIAN_POINT('',(4.920025733075,1.227322364762E+03));
#2469 = CARTESIAN_POINT('',(4.919410300609,1.229765098407E+03));
#2470 = CARTESIAN_POINT('',(4.918742288178,1.232201063159E+03));
#2471 = CARTESIAN_POINT('',(4.91802162596,1.23463024976E+03));
#2472 = CARTESIAN_POINT('',(4.917248135038,1.237052636245E+03));
#2473 = CARTESIAN_POINT('',(4.916421663046,1.239468199184E+03));
#2474 = CARTESIAN_POINT('',(4.915542045158,1.241876931901E+03));
#2475 = CARTESIAN_POINT('',(4.914609138502,1.244278762169E+03));
#2476 = CARTESIAN_POINT('',(4.913622723537,1.246673863213E+03));
#2477 = CARTESIAN_POINT('',(4.912582781955,1.249061481426E+03));
#2478 = CARTESIAN_POINT('',(4.911487677026,1.251444210771E+03));
#2479 = CARTESIAN_POINT('',(4.910341812463,1.253812176511E+03));
#2480 = CARTESIAN_POINT('',(4.909148693645,1.256158853434E+03));
#2481 = CARTESIAN_POINT('',(4.907907892037,1.25848615344E+03));
#2482 = CARTESIAN_POINT('',(4.906619962854,1.260793746882E+03));
#2483 = CARTESIAN_POINT('',(4.905285254175,1.263081928462E+03));
#2484 = CARTESIAN_POINT('',(4.903903957368,1.265350737513E+03));
#2485 = CARTESIAN_POINT('',(4.902476247134,1.267600257678E+03));
#2486 = CARTESIAN_POINT('',(4.90100230217,1.269830560832E+03));
#2487 = CARTESIAN_POINT('',(4.899482298406,1.272041721604E+03));
#2488 = CARTESIAN_POINT('',(4.89791641535,1.274233815374E+03));
#2489 = CARTESIAN_POINT('',(4.896304817398,1.276406911733E+03));
#2490 = CARTESIAN_POINT('',(4.894647453337,1.278560990907E+03));
#2491 = CARTESIAN_POINT('',(4.892944282506,1.280696037669E+03));
#2492 = CARTESIAN_POINT('',(4.891195260299,1.282812036244E+03));
#2493 = CARTESIAN_POINT('',(4.889400342395,1.284908968507E+03));
#2494 = CARTESIAN_POINT('',(4.887559482331,1.286986826272E+03));
#2495 = CARTESIAN_POINT('',(4.885672637005,1.289045563955E+03));
#2496 = CARTESIAN_POINT('',(4.883739444793,1.29108515022E+03));
#2497 = CARTESIAN_POINT('',(4.881760041305,1.293105215642E+03));
#2498 = CARTESIAN_POINT('',(4.879732946862,1.295106754423E+03));
#2499 = CARTESIAN_POINT('',(4.877659094662,1.297088468228E+03));
#2500 = CARTESIAN_POINT('',(4.875544770678,1.29904451843E+03));
#2501 = CARTESIAN_POINT('',(4.873395411881,1.300969758432E+03));
#2502 = CARTESIAN_POINT('',(4.871210510008,1.302865504928E+03));
#2503 = CARTESIAN_POINT('',(4.868990308031,1.304731744907E+03));
#2504 = CARTESIAN_POINT('',(4.866734961315,1.306568672121E+03));
#2505 = CARTESIAN_POINT('',(4.864444648856,1.308376426169E+03));
#2506 = CARTESIAN_POINT('',(4.862119536351,1.310155156491E+03));
#2507 = CARTESIAN_POINT('',(4.859759812618,1.311905027319E+03));
#2508 = CARTESIAN_POINT('',(4.857365555538,1.313626112844E+03));
#2509 = CARTESIAN_POINT('',(4.854936746158,1.315318407149E+03));
#2510 = CARTESIAN_POINT('',(4.852473384958,1.316981921687E+03));
#2511 = CARTESIAN_POINT('',(4.849975466521,1.318616663981E+03));
#2512 = CARTESIAN_POINT('',(4.847442982017,1.320222639905E+03));
#2513 = CARTESIAN_POINT('',(4.844875934585,1.321799865857E+03));
#2514 = CARTESIAN_POINT('',(4.842274271619,1.323348314688E+03));
#2515 = CARTESIAN_POINT('',(4.839637798494,1.324867835576E+03));
#2516 = CARTESIAN_POINT('',(4.83696632133,1.326358304984E+03));
#2517 = CARTESIAN_POINT('',(4.83425971322,1.327819561649E+03));
#2518 = CARTESIAN_POINT('',(4.83151756945,1.329251567925E+03));
#2519 = CARTESIAN_POINT('',(4.828740520476,1.330653829429E+03));
#2520 = CARTESIAN_POINT('',(4.8259251316,1.332027640048E+03));
#2521 = CARTESIAN_POINT('',(4.823080702222,1.333368126392E+03));
#2522 = CARTESIAN_POINT('',(4.820217027106,1.334670876644E+03));
#2523 = CARTESIAN_POINT('',(4.817332516286,1.335937014616E+03));
#2524 = CARTESIAN_POINT('',(4.814427727476,1.33716651659E+03));
#2525 = CARTESIAN_POINT('',(4.81150261755,1.338359623504E+03));
#2526 = CARTESIAN_POINT('',(4.808557327942,1.339516549675E+03));
#2527 = CARTESIAN_POINT('',(4.805591891881,1.340637414358E+03));
#2528 = CARTESIAN_POINT('',(4.802606313363,1.34172226104E+03));
#2529 = CARTESIAN_POINT('',(4.799600602504,1.342771152914E+03));
#2530 = CARTESIAN_POINT('',(4.796574767212,1.343784149325E+03));
#2531 = CARTESIAN_POINT('',(4.7935288116,1.344761305305E+03));
#2532 = CARTESIAN_POINT('',(4.790462750637,1.345702696981E+03));
#2533 = CARTESIAN_POINT('',(4.787376513655,1.34660825021E+03));
#2534 = CARTESIAN_POINT('',(4.784270001894,1.347477842861E+03));
#2535 = CARTESIAN_POINT('',(4.781143121611,1.348311364505E+03));
#2536 = CARTESIAN_POINT('',(4.777995778197,1.349108702944E+03));
#2537 = CARTESIAN_POINT('',(4.77482786831,1.349869741361E+03));
#2538 = CARTESIAN_POINT('',(4.771639317255,1.350594383177E+03));
#2539 = CARTESIAN_POINT('',(4.768429887975,1.351282367859E+03));
#2540 = CARTESIAN_POINT('',(4.765199583665,1.351933408979E+03));
#2541 = CARTESIAN_POINT('',(4.761947542778,1.352547384709E+03));
#2542 = CARTESIAN_POINT('',(4.758673735218,1.353123929158E+03));
#2543 = CARTESIAN_POINT('',(4.755397011505,1.353659643881E+03));
#2544 = CARTESIAN_POINT('',(4.752117210184,1.354154925799E+03));
#2545 = CARTESIAN_POINT('',(4.74883436514,1.354610089094E+03));
#2546 = CARTESIAN_POINT('',(4.745548443201,1.355025286571E+03));
#2547 = CARTESIAN_POINT('',(4.74225942576,1.355400676391E+03));
#2548 = CARTESIAN_POINT('',(4.738967290104,1.355736415969E+03));
#2549 = CARTESIAN_POINT('',(4.735672014151,1.356032660342E+03));
#2550 = CARTESIAN_POINT('',(4.732373576197,1.356289574811E+03));
#2551 = CARTESIAN_POINT('',(4.729071951053,1.356507284359E+03));
#2552 = CARTESIAN_POINT('',(4.725767099126,1.356685743542E+03));
#2553 = CARTESIAN_POINT('',(4.722458982353,1.356824927938E+03));
#2554 = CARTESIAN_POINT('',(4.719147561986,1.356924807391E+03));
#2555 = CARTESIAN_POINT('',(4.715832799169,1.356985353665E+03));
#2556 = CARTESIAN_POINT('',(4.712514654865,1.357006536574E+03));
#2557 = CARTESIAN_POINT('',(4.70919308959,1.356988331816E+03));
#2558 = CARTESIAN_POINT('',(4.705868050531,1.356930525363E+03));
#2559 = CARTESIAN_POINT('',(4.702539473801,1.356832895861E+03));
#2560 = CARTESIAN_POINT('',(4.699207333936,1.356695228952E+03));
#2561 = CARTESIAN_POINT('',(4.695871461387,1.356517289611E+03));
#2562 = CARTESIAN_POINT('',(4.692532223086,1.35629891849E+03));
#2563 = CARTESIAN_POINT('',(4.689187982718,1.356039674193E+03));
#2564 = CARTESIAN_POINT('',(4.685855096205,1.355740716574E+03));
#2565 = CARTESIAN_POINT('',(4.682538982978,1.355402830885E+03));
#2566 = CARTESIAN_POINT('',(4.679236946602,1.355026097976E+03));
#2567 = CARTESIAN_POINT('',(4.675949542904,1.35461081129E+03));
#2568 = CARTESIAN_POINT('',(4.672676481289,1.354157143061E+03));
#2569 = CARTESIAN_POINT('',(4.669417693055,1.35366531444E+03));
#2570 = CARTESIAN_POINT('',(4.666173059067,1.353135512378E+03));
#2571 = CARTESIAN_POINT('',(4.662942533584,1.352567774202E+03));
#2572 = CARTESIAN_POINT('',(4.65972605601,1.351962167284E+03));
#2573 = CARTESIAN_POINT('',(4.656523570321,1.351318752312E+03));
#2574 = CARTESIAN_POINT('',(4.653335022274,1.350637586667E+03));
#2575 = CARTESIAN_POINT('',(4.650160351175,1.349918747649E+03));
#2576 = CARTESIAN_POINT('',(4.646999530741,1.349162222261E+03));
#2577 = CARTESIAN_POINT('',(4.643852580665,1.348367872722E+03));
#2578 = CARTESIAN_POINT('',(4.640719515821,1.347535585996E+03));
#2579 = CARTESIAN_POINT('',(4.637600341838,1.346665240982E+03));
#2580 = CARTESIAN_POINT('',(4.634495111045,1.345756724094E+03));
#2581 = CARTESIAN_POINT('',(4.631403703124,1.344809899758E+03));
#2582 = CARTESIAN_POINT('',(4.628326653404,1.34382469418E+03));
#2583 = CARTESIAN_POINT('',(4.625262265479,1.342800230691E+03));
#2584 = CARTESIAN_POINT('',(4.622213747056,1.341737302131E+03));
#2585 = CARTESIAN_POINT('',(4.619196204758,1.34064120706E+03));
#2586 = CARTESIAN_POINT('',(4.616208777189,1.339512048686E+03));
#2587 = CARTESIAN_POINT('',(4.613251403969,1.338350073559E+03));
#2588 = CARTESIAN_POINT('',(4.610323768817,1.337155537399E+03));
#2589 = CARTESIAN_POINT('',(4.607425740809,1.335928567616E+03));
#2590 = CARTESIAN_POINT('',(4.60455720509,1.334669255883E+03));
#2591 = CARTESIAN_POINT('',(4.601718044493,1.333377703242E+03));
#2592 = CARTESIAN_POINT('',(4.59890814358,1.332054009004E+03));
#2593 = CARTESIAN_POINT('',(4.596127390929,1.330698270023E+03));
#2594 = CARTESIAN_POINT('',(4.59337566598,1.329310594721E+03));
#2595 = CARTESIAN_POINT('',(4.590652987121,1.32789094013E+03));
#2596 = CARTESIAN_POINT('',(4.587959389473,1.326439246194E+03));
#2597 = CARTESIAN_POINT('',(4.58529490552,1.324955457232E+03));
#2598 = CARTESIAN_POINT('',(4.582659569294,1.323439516924E+03));
#2599 = CARTESIAN_POINT('',(4.580053418758,1.321891367125E+03));
#2600 = CARTESIAN_POINT('',(4.577476482091,1.320310957624E+03));
#2601 = CARTESIAN_POINT('',(4.574928941867,1.318698085144E+03));
#2602 = CARTESIAN_POINT('',(4.57241091731,1.31705255871E+03));
#2603 = CARTESIAN_POINT('',(4.569922652211,1.315374270763E+03));
#2604 = CARTESIAN_POINT('',(4.567463977622,1.313662750866E+03));
#2605 = CARTESIAN_POINT('',(4.565036511128,1.311918642728E+03));
#2606 = CARTESIAN_POINT('',(4.562652693102,1.310150997666E+03));
#2607 = CARTESIAN_POINT('',(4.560311779695,1.308359791103E+03));
#2608 = CARTESIAN_POINT('',(4.55801319282,1.306544809807E+03));
#2609 = CARTESIAN_POINT('',(4.555756848381,1.304706233159E+03));
#2610 = CARTESIAN_POINT('',(4.553542530275,1.302844136044E+03));
#2611 = CARTESIAN_POINT('',(4.551370064112,1.300958618709E+03));
#2612 = CARTESIAN_POINT('',(4.549239248377,1.299049784452E+03));
#2613 = CARTESIAN_POINT('',(4.547149963938,1.297117694637E+03));
#2614 = CARTESIAN_POINT('',(4.545102253224,1.29516231984E+03));
#2615 = CARTESIAN_POINT('',(4.543096132285,1.29318364619E+03));
#2616 = CARTESIAN_POINT('',(4.541131625204,1.291181655837E+03));
#2617 = CARTESIAN_POINT('',(4.539208756273,1.289156331299E+03));
#2618 = CARTESIAN_POINT('',(4.537327546885,1.287107657605E+03));
#2619 = CARTESIAN_POINT('',(4.535488035856,1.285035609317E+03));
#2620 = CARTESIAN_POINT('',(4.533690465715,1.282940051852E+03));
#2621 = CARTESIAN_POINT('',(4.531935059389,1.280820844859E+03));
#2622 = CARTESIAN_POINT('',(4.530222071368,1.278677894917E+03));
#2623 = CARTESIAN_POINT('',(4.528551654129,1.276510926655E+03));
#2624 = CARTESIAN_POINT('',(4.526924341233,1.274320345577E+03));
#2625 = CARTESIAN_POINT('',(4.525339248475,1.272104015633E+03));
#2626 = CARTESIAN_POINT('',(4.523798809419,1.269864815477E+03));
#2627 = CARTESIAN_POINT('',(4.522307699566,1.26760954847E+03));
#2628 = CARTESIAN_POINT('',(4.520869553477,1.265343498358E+03));
#2629 = CARTESIAN_POINT('',(4.519482687496,1.263065110052E+03));
#2630 = CARTESIAN_POINT('',(4.518147209691,1.260774825412E+03));
#2631 = CARTESIAN_POINT('',(4.516862748246,1.258472605023E+03));
#2632 = CARTESIAN_POINT('',(4.515629131277,1.25615852196E+03));
#2633 = CARTESIAN_POINT('',(4.514446317692,1.253832576279E+03));
#2634 = CARTESIAN_POINT('',(4.513314237633,1.251494786255E+03));
#2635 = CARTESIAN_POINT('',(4.512232827375,1.249145165764E+03));
#2636 = CARTESIAN_POINT('',(4.511202029809,1.246783728051E+03));
#2637 = CARTESIAN_POINT('',(4.51022175763,1.244410493287E+03));
#2638 = CARTESIAN_POINT('',(4.509292079961,1.242025445251E+03));
#2639 = CARTESIAN_POINT('',(4.508413188487,1.239628539076E+03));
#2640 = CARTESIAN_POINT('',(4.507585248531,1.237219736296E+03));
#2641 = CARTESIAN_POINT('',(4.506808429915,1.234798996725E+03));
#2642 = CARTESIAN_POINT('',(4.506082912105,1.232366280659E+03));
#2643 = CARTESIAN_POINT('',(4.505408832759,1.229921548191E+03));
#2644 = CARTESIAN_POINT('',(4.504786536002,1.227464748595E+03));
#2645 = CARTESIAN_POINT('',(4.504216383261,1.224995687498E+03));
#2646 = CARTESIAN_POINT('',(4.503698784793,1.222514680213E+03));
#2647 = CARTESIAN_POINT('',(4.503233801536,1.220019646304E+03));
#2648 = CARTESIAN_POINT('',(4.502823239187,1.217518040238E+03));
#2649 = CARTESIAN_POINT('',(4.502468512019,1.215019883104E+03));
#2650 = CARTESIAN_POINT('',(4.50216872949,1.212522969851E+03));
#2651 = CARTESIAN_POINT('',(4.501923744979,1.21002787937E+03));
#2652 = CARTESIAN_POINT('',(4.501733302136,1.207534447377E+03));
#2653 = CARTESIAN_POINT('',(4.501597173934,1.205042708718E+03));
#2654 = CARTESIAN_POINT('',(4.501515125846,1.202552644892E+03));
#2655 = CARTESIAN_POINT('',(4.501486924109,1.200064251656E+03));
#2656 = CARTESIAN_POINT('',(4.501512339464,1.19757752109E+03));
#2657 = CARTESIAN_POINT('',(4.50159138647,1.195092453866E+03));
#2658 = CARTESIAN_POINT('',(4.501724074418,1.192609050212E+03));
#2659 = CARTESIAN_POINT('',(4.501910414535,1.190127310508E+03));
#2660 = CARTESIAN_POINT('',(4.502150415637,1.187647234978E+03));
#2661 = CARTESIAN_POINT('',(4.502444094314,1.18516882431E+03));
#2662 = CARTESIAN_POINT('',(4.502791438534,1.182692077496E+03));
#2663 = CARTESIAN_POINT('',(4.503192658559,1.180217003435E+03));
#2664 = CARTESIAN_POINT('',(4.503648025245,1.177743601669E+03));
#2665 = CARTESIAN_POINT('',(4.504157782231,1.175271912823E+03));
#2666 = CARTESIAN_POINT('',(4.504722224422,1.17280182262E+03));
#2667 = CARTESIAN_POINT('',(4.505341469386,1.170333795311E+03));
#2668 = CARTESIAN_POINT('',(4.506016293267,1.16786613594E+03));
#2669 = CARTESIAN_POINT('',(4.50674527324,1.165405324859E+03));
#2670 = CARTESIAN_POINT('',(4.507524991941,1.162962096315E+03));
#2671 = CARTESIAN_POINT('',(4.50835580474,1.160533446592E+03));
#2672 = CARTESIAN_POINT('',(4.509237133955,1.158120036994E+03));
#2673 = CARTESIAN_POINT('',(4.510168746568,1.15572157497E+03));
#2674 = CARTESIAN_POINT('',(4.511150321704,1.153338024801E+03));
#2675 = CARTESIAN_POINT('',(4.512181537131,1.150969274424E+03));
#2676 = CARTESIAN_POINT('',(4.513262293123,1.148615298446E+03));
#2677 = CARTESIAN_POINT('',(4.514392461724,1.146276057484E+03));
#2678 = CARTESIAN_POINT('',(4.515571922019,1.143951515601E+03));
#2679 = CARTESIAN_POINT('',(4.516800555465,1.141641637062E+03));
#2680 = CARTESIAN_POINT('',(4.5180782293,1.139346381879E+03));
#2681 = CARTESIAN_POINT('',(4.519404870907,1.137065727866E+03));
#2682 = CARTESIAN_POINT('',(4.520780610667,1.134799713211E+03));
#2683 = CARTESIAN_POINT('',(4.522205552303,1.132548368018E+03));
#2684 = CARTESIAN_POINT('',(4.523679805458,1.130311723764E+03));
#2685 = CARTESIAN_POINT('',(4.525203486458,1.128089814518E+03));
#2686 = CARTESIAN_POINT('',(4.526776682689,1.125882662607E+03));
#2687 = CARTESIAN_POINT('',(4.528399595654,1.123690335141E+03));
#2688 = CARTESIAN_POINT('',(4.530072561504,1.121512898044E+03));
#2689 = CARTESIAN_POINT('',(4.531796817961,1.119349278648E+03));
#2690 = CARTESIAN_POINT('',(4.533564929165,1.117209035455E+03));
#2691 = CARTESIAN_POINT('',(4.535373210278,1.115096001207E+03));
#2692 = CARTESIAN_POINT('',(4.537222260203,1.113008904941E+03));
#2693 = CARTESIAN_POINT('',(4.539111490258,1.110947809706E+03));
#2694 = CARTESIAN_POINT('',(4.541040731016,1.108912485591E+03));
#2695 = CARTESIAN_POINT('',(4.543009831704,1.106902864929E+03));
#2696 = CARTESIAN_POINT('',(4.545018639201,1.104918837523E+03));
#2697 = CARTESIAN_POINT('',(4.547067000542,1.102960303495E+03));
#2698 = CARTESIAN_POINT('',(4.549154770182,1.101027164225E+03));
#2699 = CARTESIAN_POINT('',(4.551281778477,1.099119305733E+03));
#2700 = CARTESIAN_POINT('',(4.553448016347,1.097236716622E+03));
#2701 = CARTESIAN_POINT('',(4.555653538991,1.095379426258E+03));
#2702 = CARTESIAN_POINT('',(4.557898387835,1.093547454238E+03));
#2703 = CARTESIAN_POINT('',(4.560182607273,1.09174082171E+03));
#2704 = CARTESIAN_POINT('',(4.562506250728,1.089959553389E+03));
#2705 = CARTESIAN_POINT('',(4.564869339659,1.088203658171E+03));
#2706 = CARTESIAN_POINT('',(4.56727209403,1.086473251327E+03));
#2707 = CARTESIAN_POINT('',(4.569714671158,1.084768483196E+03));
#2708 = CARTESIAN_POINT('',(4.572197437615,1.08308935305E+03));
#2709 = CARTESIAN_POINT('',(4.574719972939,1.081436415751E+03));
#2710 = CARTESIAN_POINT('',(4.577285078598,1.079808330965E+03));
#2711 = CARTESIAN_POINT('',(4.579882054362,1.078212038046E+03));
#2712 = CARTESIAN_POINT('',(4.582504194001,1.076651288125E+03));
#2713 = CARTESIAN_POINT('',(4.585153364463,1.075124625537E+03));
#2714 = CARTESIAN_POINT('',(4.587828910217,1.073632219466E+03));
#2715 = CARTESIAN_POINT('',(4.590530852706,1.07217380327E+03));
#2716 = CARTESIAN_POINT('',(4.593259034743,1.070749228768E+03));
#2717 = CARTESIAN_POINT('',(4.596013343552,1.069358309752E+03));
#2718 = CARTESIAN_POINT('',(4.598793674699,1.068000894248E+03));
#2719 = CARTESIAN_POINT('',(4.60160005098,1.066676985444E+03));
#2720 = CARTESIAN_POINT('',(4.604432483102,1.065386571205E+03));
#2721 = CARTESIAN_POINT('',(4.607290986761,1.064129643683E+03));
#2722 = CARTESIAN_POINT('',(4.610175577386,1.062906193205E+03));
#2723 = CARTESIAN_POINT('',(4.613086274082,1.061716213108E+03));
#2724 = CARTESIAN_POINT('',(4.616023089112,1.060559686513E+03));
#2725 = CARTESIAN_POINT('',(4.618986162371,1.059436758023E+03));
#2726 = CARTESIAN_POINT('',(4.621975644524,1.058347585922E+03));
#2727 = CARTESIAN_POINT('',(4.624991689091,1.05729232356E+03));
#2728 = CARTESIAN_POINT('',(4.62803443622,1.056271130438E+03));
#2729 = CARTESIAN_POINT('',(4.631104085366,1.055284146382E+03));
#2730 = CARTESIAN_POINT('',(4.634200620715,1.054331583775E+03));
#2731 = CARTESIAN_POINT('',(4.637324984059,1.053413572526E+03));
#2732 = CARTESIAN_POINT('',(4.640474812679,1.052531181343E+03));
#2733 = CARTESIAN_POINT('',(4.643632578463,1.051689228539E+03));
#2734 = CARTESIAN_POINT('',(4.646800498172,1.050886764769E+03));
#2735 = CARTESIAN_POINT('',(4.649978330736,1.050123636868E+03));
#2736 = CARTESIAN_POINT('',(4.653166099985,1.049399584426E+03));
#2737 = CARTESIAN_POINT('',(4.656363761463,1.048714383114E+03));
#2738 = CARTESIAN_POINT('',(4.659571333954,1.048067969013E+03));
#2739 = CARTESIAN_POINT('',(4.662788823778,1.047460249499E+03));
#2740 = CARTESIAN_POINT('',(4.66601624106,1.0468911384E+03));
#2741 = CARTESIAN_POINT('',(4.669253596881,1.046360552434E+03));
#2742 = CARTESIAN_POINT('',(4.672500898381,1.045868390305E+03));
#2743 = CARTESIAN_POINT('',(4.67575817371,1.045414629471E+03));
#2744 = CARTESIAN_POINT('',(4.67902548736,1.044999384319E+03));
#2745 = CARTESIAN_POINT('',(4.682302897715,1.044622744909E+03));
#2746 = CARTESIAN_POINT('',(4.685590466743,1.044284806034E+03));
#2747 = CARTESIAN_POINT('',(4.688888252127,1.043985667878E+03));
#2748 = CARTESIAN_POINT('',(4.692196329031,1.043725404326E+03));
#2749 = CARTESIAN_POINT('',(4.695514713033,1.043504197372E+03));
#2750 = CARTESIAN_POINT('',(4.698843775087,1.043322324212E+03));
#2751 = CARTESIAN_POINT('',(4.702182635181,1.043179982716E+03));
#2752 = CARTESIAN_POINT('',(4.705535185927,1.043077535171E+03));
#2753 = CARTESIAN_POINT('',(4.708894484235,1.04301522592E+03));
#2754 = CARTESIAN_POINT('',(4.712250287834,1.042993313349E+03));
#2755 = CARTESIAN_POINT('',(4.715596161227,1.0430117324E+03));
#2756 = CARTESIAN_POINT('',(4.718934625797,1.043070021077E+03));
#2757 = CARTESIAN_POINT('',(4.72226510153,1.043168063196E+03));
#2758 = CARTESIAN_POINT('',(4.725587838728,1.043305650234E+03));
#2759 = CARTESIAN_POINT('',(4.728902864784,1.043482597221E+03));
#2760 = CARTESIAN_POINT('',(4.732210265315,1.043698717312E+03));
#2761 = CARTESIAN_POINT('',(4.735510112827,1.043953807607E+03));
#2762 = CARTESIAN_POINT('',(4.738802449609,1.04424784236E+03));
#2763 = CARTESIAN_POINT('',(4.74208731079,1.044580825014E+03));
#2764 = CARTESIAN_POINT('',(4.74536473269,1.044952751819E+03));
#2765 = CARTESIAN_POINT('',(4.748634751049,1.045363619255E+03));
#2766 = CARTESIAN_POINT('',(4.75189739986,1.045813430082E+03));
#2767 = CARTESIAN_POINT('',(4.755152717802,1.046302161697E+03));
#2768 = CARTESIAN_POINT('',(4.758400716223,1.046829925702E+03));
#2769 = CARTESIAN_POINT('',(4.761641393528,1.047396923272E+03));
#2770 = CARTESIAN_POINT('',(4.764874734861,1.048003331704E+03));
#2771 = CARTESIAN_POINT('',(4.768100786237,1.048649346445E+03));
#2772 = CARTESIAN_POINT('',(4.771319360683,1.049335114231E+03));
#2773 = CARTESIAN_POINT('',(4.77453113956,1.05006095849E+03));
#2774 = CARTESIAN_POINT('',(4.777735228978,1.050827052561E+03));
#2775 = CARTESIAN_POINT('',(4.780913164535,1.051628973119E+03));
#2776 = CARTESIAN_POINT('',(4.784066824741,1.052466758314E+03));
#2777 = CARTESIAN_POINT('',(4.787196002392,1.053340068609E+03));
#2778 = CARTESIAN_POINT('',(4.790300975312,1.054248734692E+03));
#2779 = CARTESIAN_POINT('',(4.79338187567,1.055192562044E+03));
#2780 = CARTESIAN_POINT('',(4.796438902687,1.056171319077E+03));
#2781 = CARTESIAN_POINT('',(4.799472128474,1.057184941776E+03));
#2782 = CARTESIAN_POINT('',(4.802481627924,1.058233364775E+03));
#2783 = CARTESIAN_POINT('',(4.805467473663,1.059316522925E+03));
#2784 = CARTESIAN_POINT('',(4.808429736942,1.060434351559E+03));
#2785 = CARTESIAN_POINT('',(4.811368489106,1.061586783867E+03));
#2786 = CARTESIAN_POINT('',(4.814283794762,1.062773761154E+03));
#2787 = CARTESIAN_POINT('',(4.817175604305,1.063995390826E+03));
#2788 = CARTESIAN_POINT('',(4.820043871856,1.065251773849E+03));
#2789 = CARTESIAN_POINT('',(4.822888547992,1.066543011845E+03));
#2790 = CARTESIAN_POINT('',(4.825709586781,1.06786921025E+03));
#2791 = CARTESIAN_POINT('',(4.828506924952,1.069230458595E+03));
#2792 = CARTESIAN_POINT('',(4.831280558189,1.070626906214E+03));
#2793 = CARTESIAN_POINT('',(4.834030095201,1.072058717151E+03));
#2794 = CARTESIAN_POINT('',(4.836756212125,1.073526547418E+03));
#2795 = CARTESIAN_POINT('',(4.839455725691,1.075029026271E+03));
#2796 = CARTESIAN_POINT('',(4.84211468846,1.076558260233E+03));
#2797 = CARTESIAN_POINT('',(4.844736230723,1.078115609878E+03));
#2798 = CARTESIAN_POINT('',(4.847319451045,1.079700223033E+03));
#2799 = CARTESIAN_POINT('',(4.849865114648,1.081312216742E+03));
#2800 = CARTESIAN_POINT('',(4.85237321132,1.08295146795E+03));
#2801 = CARTESIAN_POINT('',(4.854843905385,1.084617909645E+03));
#2802 = CARTESIAN_POINT('',(4.857277314211,1.086311458668E+03));
#2803 = CARTESIAN_POINT('',(4.85967356022,1.088032040399E+03));
#2804 = CARTESIAN_POINT('',(4.862032784309,1.089779562216E+03));
#2805 = CARTESIAN_POINT('',(4.864355016188,1.091554012389E+03));
#2806 = CARTESIAN_POINT('',(4.866640178515,1.09335545602E+03));
#2807 = CARTESIAN_POINT('',(4.868888215024,1.095183942183E+03));
#2808 = CARTESIAN_POINT('',(4.871099064292,1.097039522621E+03));
#2809 = CARTESIAN_POINT('',(4.873272657702,1.098922254419E+03));
#2810 = CARTESIAN_POINT('',(4.875408953822,1.100832170634E+03));
#2811 = CARTESIAN_POINT('',(4.877507778686,1.102769412789E+03));
#2812 = CARTESIAN_POINT('',(4.879568884469,1.104734128362E+03));
#2813 = CARTESIAN_POINT('',(4.881592155449,1.10672654383E+03));
#2814 = CARTESIAN_POINT('',(4.883577064043,1.108746528312E+03));
#2815 = CARTESIAN_POINT('',(4.885524388113,1.110795450173E+03));
#2816 = CARTESIAN_POINT('',(4.887431891206,1.112871527473E+03));
#2817 = CARTESIAN_POINT('',(4.889290007248,1.114964292244E+03));
#2818 = CARTESIAN_POINT('',(4.891099505154,1.117074071919E+03));
#2819 = CARTESIAN_POINT('',(4.892860454128,1.119200687001E+03));
#2820 = CARTESIAN_POINT('',(4.89457310966,1.12134409386E+03));
#2821 = CARTESIAN_POINT('',(4.896237676578,1.12350421233E+03));
#2822 = CARTESIAN_POINT('',(4.897854370794,1.125680972515E+03));
#2823 = CARTESIAN_POINT('',(4.899423409242,1.127874299982E+03));
#2824 = CARTESIAN_POINT('',(4.900944780745,1.13008420034E+03));
#2825 = CARTESIAN_POINT('',(4.90241846798,1.132310680863E+03));
#2826 = CARTESIAN_POINT('',(4.903844454003,1.134553748559E+03));
#2827 = CARTESIAN_POINT('',(4.90522272296,1.136813409832E+03));
#2828 = CARTESIAN_POINT('',(4.90655325067,1.139089673756E+03));
#2829 = CARTESIAN_POINT('',(4.90783604159,1.141382539333E+03));
#2830 = CARTESIAN_POINT('',(4.90907090534,1.143692072811E+03));
#2831 = CARTESIAN_POINT('',(4.910257582889,1.14601836564E+03));
#2832 = CARTESIAN_POINT('',(4.911395829827,1.148361498645E+03));
#2833 = CARTESIAN_POINT('',(4.912485404901,1.150721571585E+03));
#2834 = CARTESIAN_POINT('',(4.913526037297,1.153098619105E+03));
#2835 = CARTESIAN_POINT('',(4.914517569002,1.155492917372E+03));
#2836 = CARTESIAN_POINT('',(4.915459281334,1.157903889226E+03));
#2837 = CARTESIAN_POINT('',(4.916351699302,1.160334440377E+03));
#2838 = CARTESIAN_POINT('',(4.917190685046,1.162774006713E+03));
#2839 = CARTESIAN_POINT('',(4.917974871276,1.165218051878E+03));
#2840 = CARTESIAN_POINT('',(4.918704902466,1.167667723729E+03));
#2841 = CARTESIAN_POINT('',(4.919380864342,1.170122689147E+03));
#2842 = CARTESIAN_POINT('',(4.920003035153,1.172583007576E+03));
#2843 = CARTESIAN_POINT('',(4.920571406456,1.175048656544E+03));
#2844 = CARTESIAN_POINT('',(4.92108600493,1.177519639743E+03));
#2845 = CARTESIAN_POINT('',(4.92154684845,1.179995953455E+03));
#2846 = CARTESIAN_POINT('',(4.92195395448,1.182477597431E+03));
#2847 = CARTESIAN_POINT('',(4.922307350423,1.184964564959E+03));
#2848 = CARTESIAN_POINT('',(4.922607022783,1.187456873678E+03));
#2849 = CARTESIAN_POINT('',(4.922852724283,1.189954543473E+03));
#2850 = CARTESIAN_POINT('',(4.923044231934,1.192457586502E+03));
#2851 = CARTESIAN_POINT('',(4.923181316228,1.194966016993E+03));
#2852 = CARTESIAN_POINT('',(4.923263749386,1.197479848622E+03));
#2853 = CARTESIAN_POINT('',(4.92328211856,1.199159346347E+03));
#2854 = CARTESIAN_POINT('',(4.923282118561,1.2E+03));
#2855 = ( GEOMETRIC_REPRESENTATION_CONTEXT(2) 
PARAMETRIC_REPRESENTATION_CONTEXT() REPRESENTATION_CONTEXT('2D SPACE',''
  ) );
#2856 = PCURVE('',#2857,#2862);
#2857 = CYLINDRICAL_SURFACE('',#2858,157.);
#2858 = AXIS2_PLACEMENT_3D('',#2859,#2860,#2861);
#2859 = CARTESIAN_POINT('',(-1.E+03,-1.2E+03,-1.469576158977E-13));
#2860 = DIRECTION('',(1.,0.,0.));
#2861 = DIRECTION('',(0.,0.,-1.));
#2862 = DEFINITIONAL_REPRESENTATION('',(#2863),#3263);
#2863 = B_SPLINE_CURVE_WITH_KNOTS('',3,(#2864,#2865,#2866,#2867,#2868,
    #2869,#2870,#2871,#2872,#2873,#2874,#2875,#2876,#2877,#2878,#2879,
    #2880,#2881,#2882,#2883,#2884,#2885,#2886,#2887,#2888,#2889,#2890,
    #2891,#2892,#2893,#2894,#2895,#2896,#2897,#2898,#2899,#2900,#2901,
    #2902,#2903,#2904,#2905,#2906,#2907,#2908,#2909,#2910,#2911,#2912,
    #2913,#2914,#2915,#2916,#2917,#2918,#2919,#2920,#2921,#2922,#2923,
    #2924,#2925,#2926,#2927,#2928,#2929,#2930,#2931,#2932,#2933,#2934,
    #2935,#2936,#2937,#2938,#2939,#2940,#2941,#2942,#2943,#2944,#2945,
    #2946,#2947,#2948,#2949,#2950,#2951,#2952,#2953,#2954,#2955,#2956,
    #2957,#2958,#2959,#2960,#2961,#2962,#2963,#2964,#2965,#2966,#2967,
    #2968,#2969,#2970,#2971,#2972,#2973,#2974,#2975,#2976,#2977,#2978,
    #2979,#2980,#2981,#2982,#2983,#2984,#2985,#2986,#2987,#2988,#2989,
    #2990,#2991,#2992,#2993,#2994,#2995,#2996,#2997,#2998,#2999,#3000,
    #3001,#3002,#3003,#3004,#3005,#3006,#3007,#3008,#3009,#3010,#3011,
    #3012,#3013,#3014,#3015,#3016,#3017,#3018,#3019,#3020,#3021,#3022,
    #3023,#3024,#3025,#3026,#3027,#3028,#3029,#3030,#3031,#3032,#3033,
    #3034,#3035,#3036,#3037,#3038,#3039,#3040,#3041,#3042,#3043,#3044,
    #3045,#3046,#3047,#3048,#3049,#3050,#3051,#3052,#3053,#3054,#3055,
    #3056,#3057,#3058,#3059,#3060,#3061,#3062,#3063,#3064,#3065,#3066,
    #3067,#3068,#3069,#3070,#3071,#3072,#3073,#3074,#3075,#3076,#3077,
    #3078,#3079,#3080,#3081,#3082,#3083,#3084,#3085,#3086,#3087,#3088,
    #3089,#3090,#3091,#3092,#3093,#3094,#3095,#3096,#3097,#3098,#3099,
    #3100,#3101,#3102,#3103,#3104,#3105,#3106,#3107,#3108,#3109,#3110,
    #3111,#3112,#3113,#3114,#3115,#3116,#3117,#3118,#3119,#3120,#3121,
    #3122,#3123,#3124,#3125,#3126,#3127,#3128,#3129,#3130,#3131,#3132,
    #3133,#3134,#3135,#3136,#3137,#3138,#3139,#3140,#3141,#3142,#3143,
    #3144,#3145,#3146,#3147,#3148,#3149,#3150,#3151,#3152,#3153,#3154,
    #3155,#3156,#3157,#3158,#3159,#3160,#3161,#3162,#3163,#3164,#3165,
    #3166,#3167,#3168,#3169,#3170,#3171,#3172,#3173,#3174,#3175,#3176,
    #3177,#3178,#3179,#3180,#3181,#3182,#3183,#3184,#3185,#3186,#3187,
    #3188,#3189,#3190,#3191,#3192,#3193,#3194,#3195,#3196,#3197,#3198,
    #3199,#3200,#3201,#3202,#3203,#3204,#3205,#3206,#3207,#3208,#3209,
    #3210,#3211,#3212,#3213,#3214,#3215,#3216,#3217,#3218,#3219,#3220,
    #3221,#3222,#3223,#3224,#3225,#3226,#3227,#3228,#3229,#3230,#3231,
    #3232,#3233,#3234,#3235,#3236,#3237,#3238,#3239,#3240,#3241,#3242,
    #3243,#3244,#3245,#3246,#3247,#3248,#3249,#3250,#3251,#3252,#3253,
    #3254,#3255,#3256,#3257,#3258,#3259,#3260,#3261,#3262),
  .UNSPECIFIED.,.F.,.F.,(4,1,1,1,1,1,1,1,1,1,1,1,1,1,1,1,1,1,1,1,1,1,1,1
    ,1,1,1,1,1,1,1,1,1,1,1,1,1,1,1,1,1,1,1,1,1,1,1,1,1,1,1,1,1,1,1,1,1,1
    ,1,1,1,1,1,1,1,1,1,1,1,1,1,1,1,1,1,1,1,1,1,1,1,1,1,1,1,1,1,1,1,1,1,1
    ,1,1,1,1,1,1,1,1,1,1,1,1,1,1,1,1,1,1,1,1,1,1,1,1,1,1,1,1,1,1,1,1,1,1
    ,1,1,1,1,1,1,1,1,1,1,1,1,1,1,1,1,1,1,1,1,1,1,1,1,1,1,1,1,1,1,1,1,1,1
    ,1,1,1,1,1,1,1,1,1,1,1,1,1,1,1,1,1,1,1,1,1,1,1,1,1,1,1,1,1,1,1,1,1,1
    ,1,1,1,1,1,1,1,1,1,1,1,1,1,1,1,1,1,1,1,1,1,1,1,1,1,1,1,1,1,1,1,1,1,1
    ,1,1,1,1,1,1,1,1,1,1,1,1,1,1,1,1,1,1,1,1,1,1,1,1,1,1,1,1,1,1,1,1,1,1
    ,1,1,1,1,1,1,1,1,1,1,1,1,1,1,1,1,1,1,1,1,1,1,1,1,1,1,1,1,1,1,1,1,1,1
    ,1,1,1,1,1,1,1,1,1,1,1,1,1,1,1,1,1,1,1,1,1,1,1,1,1,1,1,1,1,1,1,1,1,1
    ,1,1,1,1,1,1,1,1,1,1,1,1,1,1,1,1,1,1,1,1,1,1,1,1,1,1,1,1,1,1,1,1,1,1
    ,1,1,1,1,1,1,1,1,1,1,1,1,1,1,1,1,1,1,1,1,1,1,1,1,1,1,1,1,1,1,1,1,4),
  (0.,2.485610685049E-03,4.971221370097E-03,7.456832055146E-03,
    9.942442740194E-03,1.242805342524E-02,1.491366411029E-02,
    1.739927479534E-02,1.988488548039E-02,2.237049616544E-02,
    2.485610685049E-02,2.734171753553E-02,2.982732822058E-02,
    3.231293890563E-02,3.479854959068E-02,3.728416027573E-02,
    3.976977096078E-02,4.225538164583E-02,4.474099233087E-02,
    4.722660301592E-02,4.971221370097E-02,5.219782438602E-02,
    5.468343507107E-02,5.716904575612E-02,5.965465644117E-02,
    6.214026712621E-02,6.462587781126E-02,6.711148849631E-02,
    6.959709918136E-02,7.208270986641E-02,7.456832055146E-02,
    7.705393123651E-02,7.953954192155E-02,8.20251526066E-02,
    8.451076329165E-02,8.69963739767E-02,8.948198466175E-02,
    9.19675953468E-02,9.445320603185E-02,9.693881671689E-02,
    9.942442740194E-02,0.101910038087,0.104395648772,0.106881259457,
    0.109366870142,0.111852480827,0.114338091512,0.116823702197,
    0.119309312882,0.121794923567,0.124280534252,0.126766144937,
    0.129251755623,0.131737366308,0.134222976993,0.136708587678,
    0.139194198363,0.141679809048,0.144165419733,0.146651030418,
    0.149136641103,0.151622251788,0.154107862473,0.156593473158,
    0.159079083843,0.161564694528,0.164050305213,0.166535915898,
    0.169021526583,0.171507137268,0.173992747953,0.176478358638,
    0.178963969323,0.181449580009,0.183935190694,0.186420801379,
    0.188906412064,0.191392022749,0.193877633434,0.196363244119,
    0.198848854804,0.201334465489,0.203820076174,0.206305686859,
    0.208791297544,0.211276908229,0.213762518914,0.216248129599,
    0.218733740284,0.221219350969,0.223704961654,0.226190572339,
    0.228676183024,0.23116179371,0.233647404395,0.23613301508,
    0.238618625765,0.24110423645,0.243589847135,0.24607545782,
    0.248561068505,0.25104667919,0.253532289875,0.25601790056,
    0.258503511245,0.26098912193,0.263474732615,0.2659603433,
    0.268445953985,0.27093156467,0.273417175355,0.27590278604,
    0.278388396725,0.28087400741,0.283359618096,0.285845228781,
    0.288330839466,0.290816450151,0.293302060836,0.295787671521,
    0.298273282206,0.300758892891,0.303244503576,0.305730114261,
    0.308215724946,0.310701335631,0.313186946316,0.315672557001,
    0.318158167686,0.320643778371,0.323129389056,0.325614999741,
    0.328100610426,0.330586221111,0.333071831797,0.335557442482,
    0.338043053167,0.340528663852,0.343014274537,0.345499885222,
    0.347985495907,0.350471106592,0.352956717277,0.355442327962,
    0.357927938647,0.360413549332,0.362899160017,0.365384770702,
    0.367870381387,0.370355992072,0.372841602757,0.375327213442,
    0.377812824127,0.380298434812,0.382784045497,0.385269656183,
    0.387755266868,0.390240877553,0.392726488238,0.395212098923,
    0.397697709608,0.400183320293,0.402668930978,0.405154541663,
    0.407640152348,0.410125763033,0.412611373718,0.415096984403,
    0.417582595088,0.420068205773,0.422553816458,0.425039427143,
    0.427525037828,0.430010648513,0.432496259198,0.434981869884,
    0.437467480569,0.439953091254,0.442438701939,0.444924312624,
    0.447409923309,0.449895533994,0.452381144679,0.454866755364,
    0.457352366049,0.459837976734,0.462323587419,0.464809198104,
    0.467294808789,0.469780419474,0.472266030159,0.474751640844,
    0.477237251529,0.479722862214,0.482208472899,0.484694083584,
    0.48717969427,0.489665304955,0.49215091564,0.494636526325,
    0.49712213701,0.499607747695,0.50209335838,0.504578969065,
    0.50706457975,0.509550190435,0.51203580112,0.514521411805,
    0.51700702249,0.519492633175,0.52197824386,0.524463854545,
    0.52694946523,0.529435075915,0.5319206866,0.534406297285,
    0.53689190797,0.539377518656,0.541863129341,0.544348740026,
    0.546834350711,0.549319961396,0.551805572081,0.554291182766,
    0.556776793451,0.559262404136,0.561748014821,0.564233625506,
    0.566719236191,0.569204846876,0.571690457561,0.574176068246,
    0.576661678931,0.579147289616,0.581632900301,0.584118510986,
    0.586604121671,0.589089732357,0.591575343042,0.594060953727,
    0.596546564412,0.599032175097,0.601517785782,0.604003396467,
    0.606489007152,0.608974617837,0.611460228522,0.613945839207,
    0.616431449892,0.618917060577,0.621402671262,0.623888281947,
    0.626373892632,0.628859503317,0.631345114002,0.633830724687,
    0.636316335372,0.638801946057,0.641287556743,0.643773167428,
    0.646258778113,0.648744388798,0.651229999483,0.653715610168,
    0.656201220853,0.658686831538,0.661172442223,0.663658052908,
    0.666143663593,0.668629274278,0.671114884963,0.673600495648,
    0.676086106333,0.678571717018,0.681057327703,0.683542938388,
    0.686028549073,0.688514159758,0.690999770444,0.693485381129,
    0.695970991814,0.698456602499,0.700942213184,0.703427823869,
    0.705913434554,0.708399045239,0.710884655924,0.713370266609,
    0.715855877294,0.718341487979,0.720827098664,0.723312709349,
    0.725798320034,0.728283930719,0.730769541404,0.733255152089,
    0.735740762774,0.738226373459,0.740711984144,0.74319759483,
    0.745683205515,0.7481688162,0.750654426885,0.75314003757,
    0.755625648255,0.75811125894,0.760596869625,0.76308248031,
    0.765568090995,0.76805370168,0.770539312365,0.77302492305,
    0.775510533735,0.77799614442,0.780481755105,0.78296736579,
    0.785452976475,0.78793858716,0.790424197845,0.79290980853,
    0.795395419216,0.797881029901,0.800366640586,0.802852251271,
    0.805337861956,0.807823472641,0.810309083326,0.812794694011,
    0.815280304696,0.817765915381,0.820251526066,0.822737136751,
    0.825222747436,0.827708358121,0.830193968806,0.832679579491,
    0.835165190176,0.837650800861,0.840136411546,0.842622022231,
    0.845107632917,0.847593243602,0.850078854287,0.852564464972,
    0.855050075657,0.857535686342,0.860021297027,0.862506907712,
    0.864992518397,0.867478129082,0.869963739767,0.872449350452,
    0.874934961137,0.877420571822,0.879906182507,0.882391793192,
    0.884877403877,0.887363014562,0.889848625247,0.892334235932,
    0.894819846617,0.897305457303,0.899791067988,0.902276678673,
    0.904762289358,0.907247900043,0.909733510728,0.912219121413,
    0.914704732098,0.917190342783,0.919675953468,0.922161564153,
    0.924647174838,0.927132785523,0.929618396208,0.932104006893,
    0.934589617578,0.937075228263,0.939560838948,0.942046449633,
    0.944532060318,0.947017671004,0.949503281689,0.951988892374,
    0.954474503059,0.956960113744,0.959445724429,0.961931335114,
    0.964416945799,0.966902556484,0.969388167169,0.971873777854,
    0.974359388539,0.976844999224,0.979330609909,0.981816220594,
    0.984301831279),.QUASI_UNIFORM_KNOTS.);
#2864 = CARTESIAN_POINT('',(6.28318530718,266.61674412351));
#2865 = CARTESIAN_POINT('',(6.277830828293,266.61674412351));
#2866 = CARTESIAN_POINT('',(6.267136919125,266.61385380426));
#2867 = CARTESIAN_POINT('',(6.25113687233,266.60091902874));
#2868 = CARTESIAN_POINT('',(6.235173297976,266.57945661595));
#2869 = CARTESIAN_POINT('',(6.219241906363,266.54953823135));
#2870 = CARTESIAN_POINT('',(6.203338452159,266.51123551776));
#2871 = CARTESIAN_POINT('',(6.187458746524,266.46462020249));
#2872 = CARTESIAN_POINT('',(6.171598658702,266.40976369751));
#2873 = CARTESIAN_POINT('',(6.155754178874,266.3467354837));
#2874 = CARTESIAN_POINT('',(6.139921300077,266.27560634039));
#2875 = CARTESIAN_POINT('',(6.124096015454,266.19644673744));
#2876 = CARTESIAN_POINT('',(6.108274327197,266.10932721004));
#2877 = CARTESIAN_POINT('',(6.092452249685,266.01431834144));
#2878 = CARTESIAN_POINT('',(6.07662582406,265.91149045742));
#2879 = CARTESIAN_POINT('',(6.060791082189,265.80091390817));
#2880 = CARTESIAN_POINT('',(6.044943988906,265.68266133989));
#2881 = CARTESIAN_POINT('',(6.029080506577,265.55680526985));
#2882 = CARTESIAN_POINT('',(6.013196451271,265.42341703416));
#2883 = CARTESIAN_POINT('',(5.997288042293,265.2825728225));
#2884 = CARTESIAN_POINT('',(5.981349885366,265.13433059138));
#2885 = CARTESIAN_POINT('',(5.965382473294,264.97881755606));
#2886 = CARTESIAN_POINT('',(5.949363600992,264.8159154822));
#2887 = CARTESIAN_POINT('',(5.933355302977,264.64640733708));
#2888 = CARTESIAN_POINT('',(5.91739809231,264.47093449869));
#2889 = CARTESIAN_POINT('',(5.901475734453,264.28956093009));
#2890 = CARTESIAN_POINT('',(5.885587037485,264.10249836904));
#2891 = CARTESIAN_POINT('',(5.86972682843,263.90991988687));
#2892 = CARTESIAN_POINT('',(5.85389118889,263.71200049985));
#2893 = CARTESIAN_POINT('',(5.838075918315,263.50891277358));
#2894 = CARTESIAN_POINT('',(5.822276915483,263.30082998901));
#2895 = CARTESIAN_POINT('',(5.806490084948,263.08792501643));
#2896 = CARTESIAN_POINT('',(5.790711367689,262.8703716534));
#2897 = CARTESIAN_POINT('',(5.774936749463,262.64834035989));
#2898 = CARTESIAN_POINT('',(5.759162227986,262.42199946085));
#2899 = CARTESIAN_POINT('',(5.743383770691,262.19151952064));
#2900 = CARTESIAN_POINT('',(5.727597324189,261.95707044162));
#2901 = CARTESIAN_POINT('',(5.711798837529,261.71882253482));
#2902 = CARTESIAN_POINT('',(5.695984196505,261.47694513854));
#2903 = CARTESIAN_POINT('',(5.680149500274,261.2316110734));
#2904 = CARTESIAN_POINT('',(5.664289883126,260.98298219245));
#2905 = CARTESIAN_POINT('',(5.648403542964,260.73127194112));
#2906 = CARTESIAN_POINT('',(5.632477135274,260.47650227847));
#2907 = CARTESIAN_POINT('',(5.61651573709,260.21900360797));
#2908 = CARTESIAN_POINT('',(5.60056276304,259.95974332749));
#2909 = CARTESIAN_POINT('',(5.584655662283,259.69959004574));
#2910 = CARTESIAN_POINT('',(5.568782329917,259.43863493515));
#2911 = CARTESIAN_POINT('',(5.552939504042,259.17708731804));
#2912 = CARTESIAN_POINT('',(5.5371226656,258.91514082309));
#2913 = CARTESIAN_POINT('',(5.521327673344,258.65299337614));
#2914 = CARTESIAN_POINT('',(5.505550336321,258.39084140802));
#2915 = CARTESIAN_POINT('',(5.489786528232,258.12888303242));
#2916 = CARTESIAN_POINT('',(5.474032205556,257.86730724957));
#2917 = CARTESIAN_POINT('',(5.458283345063,257.6063048727));
#2918 = CARTESIAN_POINT('',(5.442535903526,257.34606684888));
#2919 = CARTESIAN_POINT('',(5.426785835341,257.08678414583));
#2920 = CARTESIAN_POINT('',(5.411029093752,256.82864751481));
#2921 = CARTESIAN_POINT('',(5.39526164511,256.57184855225));
#2922 = CARTESIAN_POINT('',(5.379479446761,256.31657458402));
#2923 = CARTESIAN_POINT('',(5.363678387478,256.06302090587));
#2924 = CARTESIAN_POINT('',(5.347854199423,255.81138112016));
#2925 = CARTESIAN_POINT('',(5.332002978545,255.56185486054));
#2926 = CARTESIAN_POINT('',(5.316119252334,255.31461932885));
#2927 = CARTESIAN_POINT('',(5.300203227822,255.06993542283));
#2928 = CARTESIAN_POINT('',(5.284232708216,254.82773613656));
#2929 = CARTESIAN_POINT('',(5.268257504673,254.58904428008));
#2930 = CARTESIAN_POINT('',(5.252327858532,254.35483374053));
#2931 = CARTESIAN_POINT('',(5.236429572405,254.12509900205));
#2932 = CARTESIAN_POINT('',(5.220561012231,253.90002152035));
#2933 = CARTESIAN_POINT('',(5.204717263827,253.67973124103));
#2934 = CARTESIAN_POINT('',(5.188894320595,253.46437225532));
#2935 = CARTESIAN_POINT('',(5.173088057263,253.2540818395));
#2936 = CARTESIAN_POINT('',(5.157294453295,253.0489977345));
#2937 = CARTESIAN_POINT('',(5.141509464746,252.84925757146));
#2938 = CARTESIAN_POINT('',(5.125729066671,252.65499895109));
#2939 = CARTESIAN_POINT('',(5.109949247886,252.46635970558));
#2940 = CARTESIAN_POINT('',(5.09416602598,252.2834767716));
#2941 = CARTESIAN_POINT('',(5.078375421883,252.10648616367));
#2942 = CARTESIAN_POINT('',(5.062573410432,251.9355282697));
#2943 = CARTESIAN_POINT('',(5.046755932462,251.77074247244));
#2944 = CARTESIAN_POINT('',(5.030918908184,251.61226839822));
#2945 = CARTESIAN_POINT('',(5.01505820879,251.46024570425));
#2946 = CARTESIAN_POINT('',(4.999169794058,251.31481368066));
#2947 = CARTESIAN_POINT('',(4.983249158359,251.17611593016));
#2948 = CARTESIAN_POINT('',(4.967292876338,251.04430522621));
#2949 = CARTESIAN_POINT('',(4.951293220107,250.91950272411));
#2950 = CARTESIAN_POINT('',(4.93524662946,250.8018693157));
#2951 = CARTESIAN_POINT('',(4.919241632493,250.69218558959));
#2952 = CARTESIAN_POINT('',(4.903272984476,250.59045178465));
#2953 = CARTESIAN_POINT('',(4.887336551218,250.49669691141));
#2954 = CARTESIAN_POINT('',(4.871428124311,250.41094271168));
#2955 = CARTESIAN_POINT('',(4.855543574591,250.33321295221));
#2956 = CARTESIAN_POINT('',(4.839678784325,250.26353086354));
#2957 = CARTESIAN_POINT('',(4.82382967447,250.20191979604));
#2958 = CARTESIAN_POINT('',(4.807992201298,250.148403157));
#2959 = CARTESIAN_POINT('',(4.792162380182,250.10300395802));
#2960 = CARTESIAN_POINT('',(4.776336265149,250.06574671018));
#2961 = CARTESIAN_POINT('',(4.760509884124,250.03665597788));
#2962 = CARTESIAN_POINT('',(4.744679256078,250.01575631881));
#2963 = CARTESIAN_POINT('',(4.728840394324,250.00307226415));
#2964 = CARTESIAN_POINT('',(4.712989311989,249.99862845786));
#2965 = CARTESIAN_POINT('',(4.697122032796,250.00244911935));
#2966 = CARTESIAN_POINT('',(4.681234495409,250.01456090736));
#2967 = CARTESIAN_POINT('',(4.66532252324,250.03499120575));
#2968 = CARTESIAN_POINT('',(4.649382076722,250.06376623342));
#2969 = CARTESIAN_POINT('',(4.633408374763,250.10091614404));
#2970 = CARTESIAN_POINT('',(4.617399195382,250.14645651716));
#2971 = CARTESIAN_POINT('',(4.601342591501,250.20045729395));
#2972 = CARTESIAN_POINT('',(4.585313076113,250.26262020028));
#2973 = CARTESIAN_POINT('',(4.569332977857,250.33274094753));
#2974 = CARTESIAN_POINT('',(4.553385673255,250.41075228712));
#2975 = CARTESIAN_POINT('',(4.537470166555,250.49653762177));
#2976 = CARTESIAN_POINT('',(4.521581379495,250.58999608142));
#2977 = CARTESIAN_POINT('',(4.505715372046,250.69102216135));
#2978 = CARTESIAN_POINT('',(4.48986797787,250.79951317529));
#2979 = CARTESIAN_POINT('',(4.474035192883,250.91536906205));
#2980 = CARTESIAN_POINT('',(4.458212978233,251.03848922807));
#2981 = CARTESIAN_POINT('',(4.442397316001,251.16877318961));
#2982 = CARTESIAN_POINT('',(4.426584200935,251.30612055589));
#2983 = CARTESIAN_POINT('',(4.410769654198,251.45043045458));
#2984 = CARTESIAN_POINT('',(4.394949710397,251.60160513811));
#2985 = CARTESIAN_POINT('',(4.379120347513,251.75954451196));
#2986 = CARTESIAN_POINT('',(4.363277526582,251.92414837437));
#2987 = CARTESIAN_POINT('',(4.347417121045,252.09531730127));
#2988 = CARTESIAN_POINT('',(4.331535200534,252.27294886505));
#2989 = CARTESIAN_POINT('',(4.315627003653,252.45695187457));
#2990 = CARTESIAN_POINT('',(4.299690785345,252.64719292411));
#2991 = CARTESIAN_POINT('',(4.283712957349,252.84368681995));
#2992 = CARTESIAN_POINT('',(4.267705512007,253.04612718436));
#2993 = CARTESIAN_POINT('',(4.251743813632,253.25335614856));
#2994 = CARTESIAN_POINT('',(4.235820391388,253.46521300357));
#2995 = CARTESIAN_POINT('',(4.219931665482,253.68150372179));
#2996 = CARTESIAN_POINT('',(4.204073052561,253.90204186879));
#2997 = CARTESIAN_POINT('',(4.188240422738,254.12664622243));
#2998 = CARTESIAN_POINT('',(4.172429609302,254.35513710692));
#2999 = CARTESIAN_POINT('',(4.156636478805,254.58733440039));
#3000 = CARTESIAN_POINT('',(4.140856920794,254.82305821898));
#3001 = CARTESIAN_POINT('',(4.125086857054,255.06212817291));
#3002 = CARTESIAN_POINT('',(4.109322252561,255.304365658));
#3003 = CARTESIAN_POINT('',(4.093559104291,255.54959522047));
#3004 = CARTESIAN_POINT('',(4.077793378723,255.79763730357));
#3005 = CARTESIAN_POINT('',(4.062021025106,256.04831338717));
#3006 = CARTESIAN_POINT('',(4.046237979423,256.30144472787));
#3007 = CARTESIAN_POINT('',(4.030440172195,256.55685243884));
#3008 = CARTESIAN_POINT('',(4.014623530371,256.8143584301));
#3009 = CARTESIAN_POINT('',(3.998783906162,257.07377859376));
#3010 = CARTESIAN_POINT('',(3.982916907566,257.33493156835));
#3011 = CARTESIAN_POINT('',(3.967018897917,257.59762384474));
#3012 = CARTESIAN_POINT('',(3.951083201366,257.86170584006));
#3013 = CARTESIAN_POINT('',(3.935114089694,258.12684437171));
#3014 = CARTESIAN_POINT('',(3.919189749683,258.3914711494));
#3015 = CARTESIAN_POINT('',(3.903303437358,258.65542500824));
#3016 = CARTESIAN_POINT('',(3.88744818033,258.91856157866));
#3017 = CARTESIAN_POINT('',(3.87162043913,259.18067805486));
#3018 = CARTESIAN_POINT('',(3.855815794835,259.4415872031));
#3019 = CARTESIAN_POINT('',(3.840030115201,259.70109793767));
#3020 = CARTESIAN_POINT('',(3.824259242008,259.95901900871));
#3021 = CARTESIAN_POINT('',(3.80849911727,260.21516489054));
#3022 = CARTESIAN_POINT('',(3.792745724885,260.46934821309));
#3023 = CARTESIAN_POINT('',(3.776995026231,260.72138085665));
#3024 = CARTESIAN_POINT('',(3.761242980213,260.97107484216));
#3025 = CARTESIAN_POINT('',(3.745485545296,261.21824237754));
#3026 = CARTESIAN_POINT('',(3.729718688057,261.46269478215));
#3027 = CARTESIAN_POINT('',(3.713938383768,261.70424691245));
#3028 = CARTESIAN_POINT('',(3.698140545312,261.94270480177));
#3029 = CARTESIAN_POINT('',(3.682320941965,262.17787422003));
#3030 = CARTESIAN_POINT('',(3.666475633217,262.40955726562));
#3031 = CARTESIAN_POINT('',(3.650599389551,262.63757098643));
#3032 = CARTESIAN_POINT('',(3.634691614538,262.86167630395));
#3033 = CARTESIAN_POINT('',(3.618734275628,263.08184369568));
#3034 = CARTESIAN_POINT('',(3.602744769317,263.29758298473));
#3035 = CARTESIAN_POINT('',(3.586767545082,263.50807520414));
#3036 = CARTESIAN_POINT('',(3.57083616822,263.71264618487));
#3037 = CARTESIAN_POINT('',(3.554934166332,263.91136341377));
#3038 = CARTESIAN_POINT('',(3.53906023212,264.10406033718));
#3039 = CARTESIAN_POINT('',(3.523209366254,264.29062758523));
#3040 = CARTESIAN_POINT('',(3.507377662532,264.47094236213));
#3041 = CARTESIAN_POINT('',(3.491561032535,264.64488745213));
#3042 = CARTESIAN_POINT('',(3.475755445693,264.81234418439));
#3043 = CARTESIAN_POINT('',(3.459956870216,264.97319427257));
#3044 = CARTESIAN_POINT('',(3.444161296089,265.12731934745));
#3045 = CARTESIAN_POINT('',(3.428364738664,265.27460098688));
#3046 = CARTESIAN_POINT('',(3.412563236328,265.41492292954));
#3047 = CARTESIAN_POINT('',(3.396752790444,265.54816585294));
#3048 = CARTESIAN_POINT('',(3.380929370592,265.67421090696));
#3049 = CARTESIAN_POINT('',(3.365088917515,265.79293917403));
#3050 = CARTESIAN_POINT('',(3.349227362402,265.90423153397));
#3051 = CARTESIAN_POINT('',(3.333340583746,266.00796974449));
#3052 = CARTESIAN_POINT('',(3.317424572669,266.10403164552));
#3053 = CARTESIAN_POINT('',(3.301474369927,266.19229704584));
#3054 = CARTESIAN_POINT('',(3.28548820121,266.27263255057));
#3055 = CARTESIAN_POINT('',(3.269448912109,266.34496895155));
#3056 = CARTESIAN_POINT('',(3.253400556032,266.40897042556));
#3057 = CARTESIAN_POINT('',(3.23740315175,266.46437091312));
#3058 = CARTESIAN_POINT('',(3.22143819895,266.51124834302));
#3059 = CARTESIAN_POINT('',(3.20550525757,266.549602214));
#3060 = CARTESIAN_POINT('',(3.189599142343,266.579453378));
#3061 = CARTESIAN_POINT('',(3.173715975274,266.60081696966));
#3062 = CARTESIAN_POINT('',(3.157851572564,266.61370963961));
#3063 = CARTESIAN_POINT('',(3.142001882899,266.61814769182));
#3064 = CARTESIAN_POINT('',(3.126162885012,266.61414730094));
#3065 = CARTESIAN_POINT('',(3.110330628257,266.60172605471));
#3066 = CARTESIAN_POINT('',(3.094501139273,266.58090178612));
#3067 = CARTESIAN_POINT('',(3.078670437739,266.55169226901));
#3068 = CARTESIAN_POINT('',(3.062834540312,266.51411526853));
#3069 = CARTESIAN_POINT('',(3.046989464957,266.46818864374));
#3070 = CARTESIAN_POINT('',(3.031131245551,266.41392988675));
#3071 = CARTESIAN_POINT('',(3.015255865589,266.35135842986));
#3072 = CARTESIAN_POINT('',(2.999359161352,266.28049393769));
#3073 = CARTESIAN_POINT('',(2.983437196236,266.2013578859));
#3074 = CARTESIAN_POINT('',(2.967484978604,266.11396431925));
#3075 = CARTESIAN_POINT('',(2.951501254914,266.01835519507));
#3076 = CARTESIAN_POINT('',(2.93547065845,265.91446825126));
#3077 = CARTESIAN_POINT('',(2.919430835809,265.80262242342));
#3078 = CARTESIAN_POINT('',(2.903447848648,265.68342342752));
#3079 = CARTESIAN_POINT('',(2.887498569489,265.55690473752));
#3080 = CARTESIAN_POINT('',(2.871583664831,265.42324616591));
#3081 = CARTESIAN_POINT('',(2.85569754828,265.28258493204));
#3082 = CARTESIAN_POINT('',(2.839836364611,265.13506969687));
#3083 = CARTESIAN_POINT('',(2.823995855538,264.98084530649));
#3084 = CARTESIAN_POINT('',(2.808171997436,264.82005342834));
#3085 = CARTESIAN_POINT('',(2.792360722068,264.65283612553));
#3086 = CARTESIAN_POINT('',(2.776557985408,264.47933540546));
#3087 = CARTESIAN_POINT('',(2.760759756834,264.29969310271));
#3088 = CARTESIAN_POINT('',(2.744962030343,264.1140517989));
#3089 = CARTESIAN_POINT('',(2.729160826819,263.92255077711));
#3090 = CARTESIAN_POINT('',(2.713352124137,263.72533148343));
#3091 = CARTESIAN_POINT('',(2.697531865065,263.52253594902));
#3092 = CARTESIAN_POINT('',(2.681695964872,263.3143060003));
#3093 = CARTESIAN_POINT('',(2.665840316461,263.10078369761));
#3094 = CARTESIAN_POINT('',(2.649960799554,262.88211037037));
#3095 = CARTESIAN_POINT('',(2.634053275796,262.65843005813));
#3096 = CARTESIAN_POINT('',(2.618113238858,262.42988593042));
#3097 = CARTESIAN_POINT('',(2.602127723593,262.19649528159));
#3098 = CARTESIAN_POINT('',(2.58616274835,261.95944972879));
#3099 = CARTESIAN_POINT('',(2.570244016766,261.71940552028));
#3100 = CARTESIAN_POINT('',(2.554359055956,261.4764471428));
#3101 = CARTESIAN_POINT('',(2.538505629677,261.23081377041));
#3102 = CARTESIAN_POINT('',(2.522678916633,260.98269614282));
#3103 = CARTESIAN_POINT('',(2.506874914295,260.73229161331));
#3104 = CARTESIAN_POINT('',(2.491089423455,260.47979571966));
#3105 = CARTESIAN_POINT('',(2.475318327781,260.22540449218));
#3106 = CARTESIAN_POINT('',(2.459557526786,259.96931380654));
#3107 = CARTESIAN_POINT('',(2.443802962345,259.71171966435));
#3108 = CARTESIAN_POINT('',(2.428050623896,259.45281080413));
#3109 = CARTESIAN_POINT('',(2.412296477882,259.19277989588));
#3110 = CARTESIAN_POINT('',(2.396536469193,258.9318188374));
#3111 = CARTESIAN_POINT('',(2.380766532424,258.67011973531));
#3112 = CARTESIAN_POINT('',(2.364982582312,258.40787463314));
#3113 = CARTESIAN_POINT('',(2.34918057783,258.14527561799));
#3114 = CARTESIAN_POINT('',(2.333356271601,257.88251505593));
#3115 = CARTESIAN_POINT('',(2.31750573232,257.61979355079));
#3116 = CARTESIAN_POINT('',(2.301623613174,257.35728810879));
#3117 = CARTESIAN_POINT('',(2.285709673505,257.09526296572));
#3118 = CARTESIAN_POINT('',(2.269744181463,256.83366985188));
#3119 = CARTESIAN_POINT('',(2.253790208035,256.57380932894));
#3120 = CARTESIAN_POINT('',(2.237883353218,256.31652129618));
#3121 = CARTESIAN_POINT('',(2.222006871078,256.06177167164));
#3122 = CARTESIAN_POINT('',(2.20615983427,255.80978662823));
#3123 = CARTESIAN_POINT('',(2.190337117032,255.56072268353));
#3124 = CARTESIAN_POINT('',(2.174534768651,255.31475472152));
#3125 = CARTESIAN_POINT('',(2.158748576257,255.07205381592));
#3126 = CARTESIAN_POINT('',(2.142974479314,254.83278773098));
#3127 = CARTESIAN_POINT('',(2.127208474287,254.59712119851));
#3128 = CARTESIAN_POINT('',(2.111446539133,254.36522121047));
#3129 = CARTESIAN_POINT('',(2.095684647813,254.1372541989));
#3130 = CARTESIAN_POINT('',(2.079918774946,253.91338657547));
#3131 = CARTESIAN_POINT('',(2.064144899179,253.69378539319));
#3132 = CARTESIAN_POINT('',(2.048359021556,253.47861516004));
#3133 = CARTESIAN_POINT('',(2.032557079973,253.26804361334));
#3134 = CARTESIAN_POINT('',(2.016734955604,253.06224238363));
#3135 = CARTESIAN_POINT('',(2.000888465429,252.8613818336));
#3136 = CARTESIAN_POINT('',(1.985013468255,252.66563354881));
#3137 = CARTESIAN_POINT('',(1.969105486589,252.47516549119));
#3138 = CARTESIAN_POINT('',(1.953161152421,252.29015889437));
#3139 = CARTESIAN_POINT('',(1.937172629541,252.11075632052));
#3140 = CARTESIAN_POINT('',(1.921148826931,251.93729234672));
#3141 = CARTESIAN_POINT('',(1.905174700594,251.77084542278));
#3142 = CARTESIAN_POINT('',(1.889234304367,251.61135944874));
#3143 = CARTESIAN_POINT('',(1.873324477455,251.45892059843));
#3144 = CARTESIAN_POINT('',(1.857440691503,251.31359974515));
#3145 = CARTESIAN_POINT('',(1.841578864303,251.17547097507));
#3146 = CARTESIAN_POINT('',(1.825734939893,251.04460659499));
#3147 = CARTESIAN_POINT('',(1.809904874082,250.92107935715));
#3148 = CARTESIAN_POINT('',(1.794084636191,250.80496191004));
#3149 = CARTESIAN_POINT('',(1.778270216529,250.69632687178));
#3150 = CARTESIAN_POINT('',(1.762457631303,250.59524708574));
#3151 = CARTESIAN_POINT('',(1.746642931788,250.50179393577));
#3152 = CARTESIAN_POINT('',(1.730822148219,250.41604178853));
#3153 = CARTESIAN_POINT('',(1.714991279538,250.33806481865));
#3154 = CARTESIAN_POINT('',(1.699146294579,250.26793722728));
#3155 = CARTESIAN_POINT('',(1.68328316996,250.20573330157));
#3156 = CARTESIAN_POINT('',(1.667397773778,250.15152695816));
#3157 = CARTESIAN_POINT('',(1.651486324677,250.10539365827));
#3158 = CARTESIAN_POINT('',(1.635543345227,250.06741361156));
#3159 = CARTESIAN_POINT('',(1.619569245801,250.03765822778));
#3160 = CARTESIAN_POINT('',(1.603541658316,250.01622979538));
#3161 = CARTESIAN_POINT('',(1.587489842028,250.00318923359));
#3162 = CARTESIAN_POINT('',(1.571458842562,249.99859827959));
#3163 = CARTESIAN_POINT('',(1.555475450264,250.00246196727));
#3164 = CARTESIAN_POINT('',(1.539523729857,250.0146742157));
#3165 = CARTESIAN_POINT('',(1.523602596119,250.03519009565));
#3166 = CARTESIAN_POINT('',(1.507707023051,250.0639482906));
#3167 = CARTESIAN_POINT('',(1.491833087123,250.10089188149));
#3168 = CARTESIAN_POINT('',(1.475976624263,250.1459627467));
#3169 = CARTESIAN_POINT('',(1.460133596865,250.19910317739));
#3170 = CARTESIAN_POINT('',(1.444300029708,250.26025909203));
#3171 = CARTESIAN_POINT('',(1.428471944045,250.32937554842));
#3172 = CARTESIAN_POINT('',(1.412645351318,250.4063978056));
#3173 = CARTESIAN_POINT('',(1.396816263193,250.49127106911));
#3174 = CARTESIAN_POINT('',(1.380980693507,250.58394055732));
#3175 = CARTESIAN_POINT('',(1.365134676391,250.68435149073));
#3176 = CARTESIAN_POINT('',(1.349274212228,250.79245053185));
#3177 = CARTESIAN_POINT('',(1.33339519691,250.9081829841));
#3178 = CARTESIAN_POINT('',(1.317493568706,251.03149362317));
#3179 = CARTESIAN_POINT('',(1.301564915881,251.16233018785));
#3180 = CARTESIAN_POINT('',(1.285605941001,251.30062909213));
#3181 = CARTESIAN_POINT('',(1.269609034749,251.44636908622));
#3182 = CARTESIAN_POINT('',(1.253574005608,251.59945796591));
#3183 = CARTESIAN_POINT('',(1.237589272605,251.75889826072));
#3184 = CARTESIAN_POINT('',(1.221642242556,251.92458729842));
#3185 = CARTESIAN_POINT('',(1.205730591582,252.09634360487));
#3186 = CARTESIAN_POINT('',(1.189849488726,252.27401072323));
#3187 = CARTESIAN_POINT('',(1.173994843602,252.45742613924));
#3188 = CARTESIAN_POINT('',(1.158162411766,252.64642891929));
#3189 = CARTESIAN_POINT('',(1.142348132035,252.8408631173));
#3190 = CARTESIAN_POINT('',(1.12654792757,253.04057253556));
#3191 = CARTESIAN_POINT('',(1.110757737684,253.24540098623));
#3192 = CARTESIAN_POINT('',(1.09497351763,253.45519249366));
#3193 = CARTESIAN_POINT('',(1.079191244697,253.66979022348));
#3194 = CARTESIAN_POINT('',(1.063406930793,253.88904060387));
#3195 = CARTESIAN_POINT('',(1.047616560409,254.11278879373));
#3196 = CARTESIAN_POINT('',(1.031816076314,254.34087783431));
#3197 = CARTESIAN_POINT('',(1.016001403196,254.57315121744));
#3198 = CARTESIAN_POINT('',(1.000168411793,254.8094527502));
#3199 = CARTESIAN_POINT('',(0.984313075984,255.04962452811));
#3200 = CARTESIAN_POINT('',(0.968430918048,255.29351517773));
#3201 = CARTESIAN_POINT('',(0.95251888628,255.54094191622));
#3202 = CARTESIAN_POINT('',(0.936567910869,255.79181689858));
#3203 = CARTESIAN_POINT('',(0.920591260106,256.04570086876));
#3204 = CARTESIAN_POINT('',(0.904667856933,256.30107492187));
#3205 = CARTESIAN_POINT('',(0.888776535905,256.55800214529));
#3206 = CARTESIAN_POINT('',(0.872919932878,256.81616932871));
#3207 = CARTESIAN_POINT('',(0.857090718714,257.07542654208));
#3208 = CARTESIAN_POINT('',(0.841285405505,257.33556974285));
#3209 = CARTESIAN_POINT('',(0.825499646551,257.59640730058));
#3210 = CARTESIAN_POINT('',(0.809729354257,257.85774421616));
#3211 = CARTESIAN_POINT('',(0.793970409451,258.11938655302));
#3212 = CARTESIAN_POINT('',(0.778218744326,258.38113949305));
#3213 = CARTESIAN_POINT('',(0.762470343166,258.64281377928));
#3214 = CARTESIAN_POINT('',(0.74672118159,258.90421505926));
#3215 = CARTESIAN_POINT('',(0.730967209716,259.16514952767));
#3216 = CARTESIAN_POINT('',(0.715204366712,259.42542327537));
#3217 = CARTESIAN_POINT('',(0.699428574213,259.68484226143));
#3218 = CARTESIAN_POINT('',(0.68363578512,259.94321307582));
#3219 = CARTESIAN_POINT('',(0.667821818725,260.20033933377));
#3220 = CARTESIAN_POINT('',(0.651982631008,260.45601750402));
#3221 = CARTESIAN_POINT('',(0.636113349044,260.71005822258));
#3222 = CARTESIAN_POINT('',(0.620212051245,260.96222233634));
#3223 = CARTESIAN_POINT('',(0.60426542588,261.21244188428));
#3224 = CARTESIAN_POINT('',(0.588284665295,261.46026475502));
#3225 = CARTESIAN_POINT('',(0.572346042243,261.70424681975));
#3226 = CARTESIAN_POINT('',(0.55644167812,261.94429038484));
#3227 = CARTESIAN_POINT('',(0.540568245462,262.18022173004));
#3228 = CARTESIAN_POINT('',(0.524721238485,262.41188747476));
#3229 = CARTESIAN_POINT('',(0.508896517149,262.63912890647));
#3230 = CARTESIAN_POINT('',(0.493089900385,262.86178830073));
#3231 = CARTESIAN_POINT('',(0.477297288211,263.07970931269));
#3232 = CARTESIAN_POINT('',(0.461514679408,263.2927392199));
#3233 = CARTESIAN_POINT('',(0.445738058553,263.50072256164));
#3234 = CARTESIAN_POINT('',(0.429963405889,263.70350458071));
#3235 = CARTESIAN_POINT('',(0.414186703119,263.90093040983));
#3236 = CARTESIAN_POINT('',(0.398403936823,264.09284491855));
#3237 = CARTESIAN_POINT('',(0.382611115371,264.27909413917));
#3238 = CARTESIAN_POINT('',(0.366804215398,264.45952285841));
#3239 = CARTESIAN_POINT('',(0.350979137721,264.63397102368));
#3240 = CARTESIAN_POINT('',(0.335131774116,264.80227946359));
#3241 = CARTESIAN_POINT('',(0.319257860458,264.96428970283));
#3242 = CARTESIAN_POINT('',(0.303353536334,265.11983960058));
#3243 = CARTESIAN_POINT('',(0.287413292162,265.26878098198));
#3244 = CARTESIAN_POINT('',(0.271437556917,265.410908482));
#3245 = CARTESIAN_POINT('',(0.255403734131,265.54619770091));
#3246 = CARTESIAN_POINT('',(0.23937768574,265.67392056398));
#3247 = CARTESIAN_POINT('',(0.223384845507,265.79376643682));
#3248 = CARTESIAN_POINT('',(0.207413283411,265.90574501803));
#3249 = CARTESIAN_POINT('',(0.191460883798,266.00977955021));
#3250 = CARTESIAN_POINT('',(0.175522944895,266.10581648122));
#3251 = CARTESIAN_POINT('',(0.159595565585,266.19379815469));
#3252 = CARTESIAN_POINT('',(0.143674637441,266.27366832587));
#3253 = CARTESIAN_POINT('',(0.127756109255,266.34537035108));
#3254 = CARTESIAN_POINT('',(0.11183591406,266.40884777082));
#3255 = CARTESIAN_POINT('',(9.591003358581E-02,266.46404378781));
#3256 = CARTESIAN_POINT('',(7.997433845236E-02,266.51090287684));
#3257 = CARTESIAN_POINT('',(6.402477138793E-02,266.54936938124));
#3258 = CARTESIAN_POINT('',(4.805726283012E-02,266.57938725301));
#3259 = CARTESIAN_POINT('',(3.206769475692E-02,266.60090054901));
#3260 = CARTESIAN_POINT('',(1.605192082687E-02,266.61385329799));
#3261 = CARTESIAN_POINT('',(5.354480104762E-03,266.61674412351));
#3262 = CARTESIAN_POINT('',(-2.6645352591E-15,266.61674412351));
#3263 = ( GEOMETRIC_REPRESENTATION_CONTEXT(2) 
PARAMETRIC_REPRESENTATION_CONTEXT() REPRESENTATION_CONTEXT('2D SPACE',''
  ) );
#3264 = FACE_BOUND('',#3265,.T.);
#3265 = EDGE_LOOP('',(#3266));
#3266 = ORIENTED_EDGE('',*,*,#3267,.T.);
#3267 = EDGE_CURVE('',#3268,#3268,#3270,.T.);
#3268 = VERTEX_POINT('',#3269);
#3269 = CARTESIAN_POINT('',(735.4529216748,1.2E+03,-147.));
#3270 = SURFACE_CURVE('',#3271,(#3462,#3865),.PCURVE_S1.);
#3271 = B_SPLINE_CURVE_WITH_KNOTS('',3,(#3272,#3273,#3274,#3275,#3276,
    #3277,#3278,#3279,#3280,#3281,#3282,#3283,#3284,#3285,#3286,#3287,
    #3288,#3289,#3290,#3291,#3292,#3293,#3294,#3295,#3296,#3297,#3298,
    #3299,#3300,#3301,#3302,#3303,#3304,#3305,#3306,#3307,#3308,#3309,
    #3310,#3311,#3312,#3313,#3314,#3315,#3316,#3317,#3318,#3319,#3320,
    #3321,#3322,#3323,#3324,#3325,#3326,#3327,#3328,#3329,#3330,#3331,
    #3332,#3333,#3334,#3335,#3336,#3337,#3338,#3339,#3340,#3341,#3342,
    #3343,#3344,#3345,#3346,#3347,#3348,#3349,#3350,#3351,#3352,#3353,
    #3354,#3355,#3356,#3357,#3358,#3359,#3360,#3361,#3362,#3363,#3364,
    #3365,#3366,#3367,#3368,#3369,#3370,#3371,#3372,#3373,#3374,#3375,
    #3376,#3377,#3378,#3379,#3380,#3381,#3382,#3383,#3384,#3385,#3386,
    #3387,#3388,#3389,#3390,#3391,#3392,#3393,#3394,#3395,#3396,#3397,
    #3398,#3399,#3400,#3401,#3402,#3403,#3404,#3405,#3406,#3407,#3408,
    #3409,#3410,#3411,#3412,#3413,#3414,#3415,#3416,#3417,#3418,#3419,
    #3420,#3421,#3422,#3423,#3424,#3425,#3426,#3427,#3428,#3429,#3430,
    #3431,#3432,#3433,#3434,#3435,#3436,#3437,#3438,#3439,#3440,#3441,
    #3442,#3443,#3444,#3445,#3446,#3447,#3448,#3449,#3450,#3451,#3452,
    #3453,#3454,#3455,#3456,#3457,#3458,#3459,#3460,#3461),
  .UNSPECIFIED.,.T.,.F.,(1,3,2,2,2,2,2,2,2,2,2,2,2,2,2,2,2,2,2,2,2,2,2,2
    ,2,2,2,2,2,2,2,2,2,2,2,2,2,2,2,2,2,2,2,2,2,2,2,2,2,2,2,2,2,2,2,2,2,2
    ,2,2,2,2,2,2,2,2,2,2,2,2,2,2,2,2,2,2,2,2,2,2,2,2,2,2,2,2,2,2,2,2,2,2
    ,2,2,2,3,1),(-1.439515288859E-02,0.,1.439515288859E-02,
    2.879030577717E-02,4.318545866576E-02,4.678424688791E-02,
    5.038303511006E-02,5.758061155435E-02,7.197576444294E-02,
    8.637091733153E-02,9.356849377582E-02,0.10076607022,0.115161223109,
    0.129556375997,0.143951528886,0.15114910533,0.158346681774,
    0.172741834663,0.187136987552,0.194334563996,0.197933352218,
    0.20153214044,0.215927293329,0.230322446217,0.244717599106,
    0.248316387328,0.25191517555,0.259112751995,0.273507904883,
    0.287903057772,0.291501845994,0.295100634216,0.30229821066,
    0.316693363549,0.331088516438,0.338286092882,0.341884881104,
    0.345483669326,0.359878822215,0.374273975103,0.388669127992,
    0.392267916214,0.395866704436,0.40306428088,0.417459433769,
    0.431854586658,0.439052163102,0.446249739546,0.460644892435,
    0.475040045323,0.489435198212,0.493033986434,0.496632774656,
    0.503830351101,0.518225503989,0.532620656878,0.539818233322,
    0.547015809766,0.561410962655,0.575806115544,0.583003691988,
    0.58660248021,0.590201268432,0.604596421321,0.618991574209,
    0.633386727098,0.63698551532,0.640584303542,0.647781879986,
    0.662177032875,0.676572185764,0.683769762208,0.68736855043,
    0.690967338652,0.705362491541,0.719757644429,0.734152797318,
    0.73775158554,0.741350373762,0.748547950207,0.762943103095,
    0.777338255984,0.784535832428,0.78813462065,0.791733408872,
    0.806128561761,0.820523714649,0.834918867538,0.849314020427,
    0.863709173315,0.878104326204,0.881703114426,0.885301902648,
    0.892499479092,0.906894631981,0.92128978487,0.935684937758),
  .UNSPECIFIED.);
#3272 = CARTESIAN_POINT('',(735.4529216748,1.2E+03,-147.));
#3273 = CARTESIAN_POINT('',(735.4529216748,1.195131582559E+03,-147.));
#3274 = CARTESIAN_POINT('',(735.50125300762,1.190305349064E+03,
    -146.7587820189));
#3275 = CARTESIAN_POINT('',(735.68966272204,1.180734151535E+03,
    -145.8113625181));
#3276 = CARTESIAN_POINT('',(735.8297482384,1.175989196045E+03,
    -145.1051116256));
#3277 = CARTESIAN_POINT('',(736.19685337916,1.166579837832E+03,
    -143.2309494736));
#3278 = CARTESIAN_POINT('',(736.42387975702,1.161915432413E+03,
    -142.0630555389));
#3279 = CARTESIAN_POINT('',(736.75891480903,1.156136233332E+03,
    -140.3083358215));
#3280 = CARTESIAN_POINT('',(736.82848385365,1.154982964662E+03,
    -139.9426149242));
#3281 = CARTESIAN_POINT('',(736.9726660263,1.152681617499E+03,
    -139.1813192206));
#3282 = CARTESIAN_POINT('',(737.04738219364,1.151532070551E+03,
    -138.7851926856));
#3283 = CARTESIAN_POINT('',(737.27780704053,1.14810827522E+03,
    -137.5577277897));
#3284 = CARTESIAN_POINT('',(737.43997122895,1.145855497958E+03,
    -136.6863933731));
#3285 = CARTESIAN_POINT('',(737.9497756374,1.139184417258E+03,
    -133.9165928282));
#3286 = CARTESIAN_POINT('',(738.32071503901,1.134853155904E+03,
    -131.8627100381));
#3287 = CARTESIAN_POINT('',(739.11280939304,1.12641754252E+03,
    -127.3479781756));
#3288 = CARTESIAN_POINT('',(739.53398267486,1.122313196521E+03,
    -124.8871212118));
#3289 = CARTESIAN_POINT('',(740.19463311216,1.116327860885E+03,
    -120.8872667232));
#3290 = CARTESIAN_POINT('',(740.41966483806,1.114361330734E+03,
    -119.5024599716));
#3291 = CARTESIAN_POINT('',(740.87786550634,1.110486240209E+03,
    -116.6280687525));
#3292 = CARTESIAN_POINT('',(741.11162914565,1.108573134267E+03,
    -115.1345090804));
#3293 = CARTESIAN_POINT('',(741.81589690027,1.1029766802E+03,
    -110.5386052496));
#3294 = CARTESIAN_POINT('',(742.29063688828,1.099423690485E+03,
    -107.3138756327));
#3295 = CARTESIAN_POINT('',(743.23692445825,1.092662540081E+03,
    -100.5511394126));
#3296 = CARTESIAN_POINT('',(743.70849519365,1.089454405601E+03,
    -97.0131120632));
#3297 = CARTESIAN_POINT('',(744.63525568589,1.083382391432E+03,
    -89.62257374684));
#3298 = CARTESIAN_POINT('',(745.0904686703,1.080518487034E+03,
    -85.77008823979));
#3299 = CARTESIAN_POINT('',(745.75090643785,1.076488175416E+03,
    -79.74750267005));
#3300 = CARTESIAN_POINT('',(745.96756751651,1.075187702019E+03,
    -77.69630663483));
#3301 = CARTESIAN_POINT('',(746.38711318866,1.072704200089E+03,
    -73.55681557206));
#3302 = CARTESIAN_POINT('',(746.59058717892,1.071517515439E+03,
    -71.46337927191));
#3303 = CARTESIAN_POINT('',(747.18028219709,1.068119940843E+03,
    -65.11300684495));
#3304 = CARTESIAN_POINT('',(747.54577379708,1.066071139141E+03,
    -60.78617190141));
#3305 = CARTESIAN_POINT('',(748.21195299106,1.062401371926E+03,
    -51.94724263728));
#3306 = CARTESIAN_POINT('',(748.51265725297,1.060780399424E+03,
    -47.43515251852));
#3307 = CARTESIAN_POINT('',(748.90790324247,1.058675825429E+03,
    -40.52499724302));
#3308 = CARTESIAN_POINT('',(749.03034775163,1.058028880585E+03,
    -38.19790020164));
#3309 = CARTESIAN_POINT('',(749.19911516093,1.057142034238E+03,
    -34.6708984634));
#3310 = CARTESIAN_POINT('',(749.25295893549,1.056859980869E+03,
    -33.48745488144));
#3311 = CARTESIAN_POINT('',(749.35510407843,1.05632627028E+03,
    -31.11806709333));
#3312 = CARTESIAN_POINT('',(749.40340338823,1.056074620298E+03,
    -29.93240902944));
#3313 = CARTESIAN_POINT('',(749.63097136883,1.054891572135E+03,
    -23.99934764782));
#3314 = CARTESIAN_POINT('',(749.76845509599,1.054185217727E+03,
    -19.237665545));
#3315 = CARTESIAN_POINT('',(749.95268764016,1.053240849788E+03,
    -9.684540977942));
#3316 = CARTESIAN_POINT('',(749.99943935063,1.053002860456E+03,
    -4.893097065584));
#3317 = CARTESIAN_POINT('',(750.00055062617,1.052997190682E+03,
    4.719691260385));
#3318 = CARTESIAN_POINT('',(749.95491318473,1.053229467625E+03,
    9.541033028286));
#3319 = CARTESIAN_POINT('',(749.83898775341,1.053823664226E+03,
    15.587018317006));
#3320 = CARTESIAN_POINT('',(749.81284209263,1.053957816309E+03,
    16.797420306678));
#3321 = CARTESIAN_POINT('',(749.75500667436,1.054255047142E+03,
    19.206287062304));
#3322 = CARTESIAN_POINT('',(749.72328678576,1.054418280215E+03,
    20.406491897161));
#3323 = CARTESIAN_POINT('',(749.61989540742,1.054951355962E+03,
    23.994562946143));
#3324 = CARTESIAN_POINT('',(749.53999312047,1.055364547641E+03,
    26.369893438826));
#3325 = CARTESIAN_POINT('',(749.2687211213,1.056774766125E+03,
    33.446581548668));
#3326 = CARTESIAN_POINT('',(749.04579140871,1.057942029077E+03,
    38.098749819112));
#3327 = CARTESIAN_POINT('',(748.52276470067,1.060726173489E+03,
    47.273492463914));
#3328 = CARTESIAN_POINT('',(748.22265554369,1.062343043893E+03,
    51.79606929283));
#3329 = CARTESIAN_POINT('',(747.80363319746,1.064650527229E+03,
    57.367016813738));
#3330 = CARTESIAN_POINT('',(747.71763488846,1.065126376977E+03,
    58.477083361617));
#3331 = CARTESIAN_POINT('',(747.54136217944,1.06610705458E+03,
    60.688900406748));
#3332 = CARTESIAN_POINT('',(747.45098955824,1.066612435442E+03,
    61.791811048899));
#3333 = CARTESIAN_POINT('',(747.17431703696,1.068168659308E+03,
    65.079787780338));
#3334 = CARTESIAN_POINT('',(746.98311257299,1.069255891355E+03,
    67.236701817393));
#3335 = CARTESIAN_POINT('',(746.39167344483,1.072663689027E+03,
    73.604673590268));
#3336 = CARTESIAN_POINT('',(745.97362408101,1.075129997225E+03,
    77.713209866436));
#3337 = CARTESIAN_POINT('',(745.10253273339,1.080443929246E+03,
    85.66333245085));
#3338 = CARTESIAN_POINT('',(744.64946913517,1.083291562748E+03,
    89.50490969305));
#3339 = CARTESIAN_POINT('',(743.95291046473,1.087851928908E+03,
    95.066067535479));
#3340 = CARTESIAN_POINT('',(743.71789820867,1.089420291627E+03,
    96.886191552329));
#3341 = CARTESIAN_POINT('',(743.36233675091,1.091846388656E+03,
    99.56529444328));
#3342 = CARTESIAN_POINT('',(743.24330942089,1.09266735244E+03,
    100.4498108169));
#3343 = CARTESIAN_POINT('',(743.00444539489,1.094334082553E+03,
    102.20164194135));
#3344 = CARTESIAN_POINT('',(742.88456117272,1.095180220607E+03,
    103.06926244734));
#3345 = CARTESIAN_POINT('',(742.28692688336,1.099449910026E+03,
    107.34068949729));
#3346 = CARTESIAN_POINT('',(741.81198574978,1.103007889388E+03,
    110.56405412957));
#3347 = CARTESIAN_POINT('',(740.88161846428,1.110400781828E+03,
    116.63558500458));
#3348 = CARTESIAN_POINT('',(740.42617062108,1.114235714857E+03,
    119.48372056945));
#3349 = CARTESIAN_POINT('',(739.54771739579,1.122183390135E+03,
    124.80563815946));
#3350 = CARTESIAN_POINT('',(739.1246903833,1.126296111838E+03,
    127.27944483604));
#3351 = CARTESIAN_POINT('',(738.62453153001,1.131616370543E+03,
    130.13122890109));
#3352 = CARTESIAN_POINT('',(738.52593297167,1.132689411719E+03,
    130.689532798));
#3353 = CARTESIAN_POINT('',(738.33182102559,1.13485370646E+03,
    131.78175031339));
#3354 = CARTESIAN_POINT('',(738.23647762291,1.135943132858E+03,
    132.31470090554));
#3355 = CARTESIAN_POINT('',(737.95684985559,1.139221273552E+03,
    133.86857594848));
#3356 = CARTESIAN_POINT('',(737.77854380729,1.141424551972E+03,
    134.84694603215));
#3357 = CARTESIAN_POINT('',(737.26951218352,1.148087118818E+03,
    137.61242905763));
#3358 = CARTESIAN_POINT('',(736.9646766272,1.152599016157E+03,
    139.23032138908));
#3359 = CARTESIAN_POINT('',(736.43209739091,1.161761894129E+03,
    142.02036094433));
#3360 = CARTESIAN_POINT('',(736.20434215484,1.16641287341E+03,
    143.19251046698));
#3361 = CARTESIAN_POINT('',(735.9265686733,1.173495662704E+03,
    144.61091810823));
#3362 = CARTESIAN_POINT('',(735.84462197052,1.175874343444E+03,
    145.02698248103));
#3363 = CARTESIAN_POINT('',(735.70305768918,1.180667935586E+03,
    145.74341919034));
#3364 = CARTESIAN_POINT('',(735.64338998911,1.183088076407E+03,
    146.04404195412));
#3365 = CARTESIAN_POINT('',(735.50075083812,1.190324351021E+03,
    146.76131375965));
#3366 = CARTESIAN_POINT('',(735.45331288381,1.195137684811E+03,
    146.99804274942));
#3367 = CARTESIAN_POINT('',(735.45253528549,1.20474324099E+03,
    147.00193313719));
#3368 = CARTESIAN_POINT('',(735.49919744292,1.20953546205E+03,
    146.76906413326));
#3369 = CARTESIAN_POINT('',(735.68533203442,1.219098779226E+03,
    145.83319188422));
#3370 = CARTESIAN_POINT('',(735.82480626502,1.223869876899E+03,
    145.1302249874));
#3371 = CARTESIAN_POINT('',(736.0562669776,1.229820165179E+03,
    143.94870553595));
#3372 = CARTESIAN_POINT('',(736.10548743779,1.231011106016E+03,
    143.69685008599));
#3373 = CARTESIAN_POINT('',(736.20908353762,1.233379855357E+03,
    143.16514477123));
#3374 = CARTESIAN_POINT('',(736.26348266911,1.234558478901E+03,
    142.88517669285));
#3375 = CARTESIAN_POINT('',(736.43424066175,1.238077303299E+03,
    142.00340736532));
#3376 = CARTESIAN_POINT('',(736.55815905274,1.240400468622E+03,
    141.35976797979));
#3377 = CARTESIAN_POINT('',(736.95825887282,1.24730306662E+03,
    139.26430756302));
#3378 = CARTESIAN_POINT('',(737.26277933942,1.251815757932E+03,
    137.6483405672));
#3379 = CARTESIAN_POINT('',(737.93758020745,1.2606657997E+03,
    133.98357801523));
#3380 = CARTESIAN_POINT('',(738.30787512335,1.265003151943E+03,
    131.93478964726));
#3381 = CARTESIAN_POINT('',(738.90530579463,1.271375932602E+03,
    128.53122525536));
#3382 = CARTESIAN_POINT('',(739.11144616137,1.273477945405E+03,
    127.3415397964));
#3383 = CARTESIAN_POINT('',(739.53646011655,1.277636682412E+03,
    124.84959656625));
#3384 = CARTESIAN_POINT('',(739.75368013632,1.279677240897E+03,
    123.55699029026));
#3385 = CARTESIAN_POINT('',(740.41630930062,1.285680411093E+03,
    119.54512713168));
#3386 = CARTESIAN_POINT('',(740.87289197087,1.289526969114E+03,
    116.6908626645));
#3387 = CARTESIAN_POINT('',(741.80213655394,1.296916695866E+03,
    110.62996741692));
#3388 = CARTESIAN_POINT('',(742.27482074551,1.300459852689E+03,
    107.42332602346));
#3389 = CARTESIAN_POINT('',(742.98596116752,1.305545992887E+03,
    102.34638063774));
#3390 = CARTESIAN_POINT('',(743.22336044175,1.307203204238E+03,
    100.60948699504));
#3391 = CARTESIAN_POINT('',(743.57872002733,1.309630989007E+03,
    97.936179307964));
#3392 = CARTESIAN_POINT('',(743.69704974089,1.310430573904E+03,
    97.033743399459));
#3393 = CARTESIAN_POINT('',(743.9332467421,1.312010202516E+03,
    95.205953296885));
#3394 = CARTESIAN_POINT('',(744.05127639979,1.312791302804E+03,
    94.279291179796));
#3395 = CARTESIAN_POINT('',(744.63724952083,1.316631259059E+03,
    89.60777391713));
#3396 = CARTESIAN_POINT('',(745.09277225633,1.31949535708E+03,
    85.748341128098));
#3397 = CARTESIAN_POINT('',(745.96545674385,1.324821327305E+03,
    77.79173876307));
#3398 = CARTESIAN_POINT('',(746.38263921532,1.327283163648E+03,
    73.694550348728));
#3399 = CARTESIAN_POINT('',(747.1671853115,1.331805775414E+03,
    65.261995577915));
#3400 = CARTESIAN_POINT('',(747.53456937694,1.333866574002E+03,
    60.926644693329));
#3401 = CARTESIAN_POINT('',(747.95533907656,1.336185157798E+03,
    55.35395220593));
#3402 = CARTESIAN_POINT('',(748.03756849941,1.336635972902E+03,
    54.231720372998));
#3403 = CARTESIAN_POINT('',(748.197987193,1.337511502224E+03,
    51.971678262835));
#3404 = CARTESIAN_POINT('',(748.27625133121,1.33793661749E+03,
    50.832653398295));
#3405 = CARTESIAN_POINT('',(748.50348712999,1.33916579608E+03,
    47.410521885329));
#3406 = CARTESIAN_POINT('',(748.64527477467,1.339925774401E+03,
    45.117414313516));
#3407 = CARTESIAN_POINT('',(749.04058404442,1.342030616919E+03,
    38.20363230794));
#3408 = CARTESIAN_POINT('',(749.26405141284,1.343200806393E+03,
    33.548578175935));
#3409 = CARTESIAN_POINT('',(749.62590929291,1.345082239076E+03,
    24.147918212386));
#3410 = CARTESIAN_POINT('',(749.76430841379,1.345793479037E+03,
    19.402312073672));
#3411 = CARTESIAN_POINT('',(749.9043518291,1.346511405637E+03,
    12.214953091309));
#3412 = CARTESIAN_POINT('',(749.93977233439,1.346692455095E+03,
    9.807655290047));
#3413 = CARTESIAN_POINT('',(749.97552059355,1.346875066137E+03,
    6.179123581346));
#3414 = CARTESIAN_POINT('',(749.98453940071,1.34692110218E+03,
    4.966680814369));
#3415 = CARTESIAN_POINT('',(749.99669777161,1.346983154116E+03,
    2.535860818667));
#3416 = CARTESIAN_POINT('',(749.99982269758,1.346999095396E+03,
    1.318467991618));
#3417 = CARTESIAN_POINT('',(750.0006724307,1.34700343077E+03,
    -4.748665242167));
#3418 = CARTESIAN_POINT('',(749.95424425291,1.346767094207E+03,
    -9.56554742412));
#3419 = CARTESIAN_POINT('',(749.77129203817,1.345829358614E+03,
    -19.12793260895));
#3420 = CARTESIAN_POINT('',(749.63476098123,1.34512792385E+03,
    -23.87343012472));
#3421 = CARTESIAN_POINT('',(749.2754999193,1.343260651223E+03,
    -33.29325394112));
#3422 = CARTESIAN_POINT('',(749.05276298661,1.342094843936E+03,
    -37.96758457056));
#3423 = CARTESIAN_POINT('',(748.72290158597,1.340339240032E+03,
    -43.76488708638));
#3424 = CARTESIAN_POINT('',(748.65426613383,1.339972675601E+03,
    -44.92352829407));
#3425 = CARTESIAN_POINT('',(748.51237444436,1.339211761036E+03,
    -47.22879310807));
#3426 = CARTESIAN_POINT('',(748.43919866186,1.338817845562E+03,
    -48.37424354008));
#3427 = CARTESIAN_POINT('',(748.21325346599,1.337596196435E+03,
    -51.78931805467));
#3428 = CARTESIAN_POINT('',(748.05406757038,1.336728586042E+03,
    -54.03767894818));
#3429 = CARTESIAN_POINT('',(747.55295836592,1.333969020639E+03,
    -60.69933654665));
#3430 = CARTESIAN_POINT('',(747.1874902834,1.331920711146E+03,
    -65.02940579369));
#3431 = CARTESIAN_POINT('',(746.40468185197,1.327412234435E+03,
    -73.47121996639));
#3432 = CARTESIAN_POINT('',(745.98732251308,1.32495207157E+03,
    -77.58296545215));
#3433 = CARTESIAN_POINT('',(745.33054400633,1.320947730605E+03,
    -83.58487088505));
#3434 = CARTESIAN_POINT('',(745.10649636341,1.319560505129E+03,
    -85.55783773068));
#3435 = CARTESIAN_POINT('',(744.76380216687,1.317399433065E+03,
    -88.47506774208));
#3436 = CARTESIAN_POINT('',(744.64854030649,1.316666133852E+03,
    -89.43976721734));
#3437 = CARTESIAN_POINT('',(744.41726927533,1.315180766635E+03,
    -91.34467551605));
#3438 = CARTESIAN_POINT('',(744.30111025039,1.31442775737E+03,
    -92.28616899167));
#3439 = CARTESIAN_POINT('',(743.71823972289,1.310611586582E+03,
    -96.93944098024));
#3440 = CARTESIAN_POINT('',(743.24532025821,1.307395440719E+03,
    -100.4890460918));
#3441 = CARTESIAN_POINT('',(742.29972522366,1.300643214717E+03,
    -107.2509785645));
#3442 = CARTESIAN_POINT('',(741.82702698545,1.297107123501E+03,
    -110.4632910355));
#3443 = CARTESIAN_POINT('',(740.89524241856,1.289711848198E+03,
    -116.5492016017));
#3444 = CARTESIAN_POINT('',(740.43600624136,1.285851560128E+03,
    -119.4235987522));
#3445 = CARTESIAN_POINT('',(739.54563017115,1.27779942251E+03,
    -124.818813375));
#3446 = CARTESIAN_POINT('',(739.12177896097,1.273672857337E+03,
    -127.2960351873));
#3447 = CARTESIAN_POINT('',(738.32753980796,1.265224549157E+03,
    -131.8246132935));
#3448 = CARTESIAN_POINT('',(737.95713524392,1.260902788815E+03,
    -133.8759279396));
#3449 = CARTESIAN_POINT('',(737.2803068109,1.25206406668E+03,
    -137.5545227462));
#3450 = CARTESIAN_POINT('',(736.97386677318,1.247547115373E+03,
    -139.1818234068));
#3451 = CARTESIAN_POINT('',(736.63753259344,1.241775380519E+03,
    -140.9442242226));
#3452 = CARTESIAN_POINT('',(736.57260283519,1.240614741683E+03,
    -141.2830858399));
#3453 = CARTESIAN_POINT('',(736.44759241413,1.238280731016E+03,
    -141.9332703043));
#3454 = CARTESIAN_POINT('',(736.38745340423,1.237106148212E+03,
    -142.2448942989));
#3455 = CARTESIAN_POINT('',(736.21499752274,1.233571735034E+03,
    -143.1357515219));
#3456 = CARTESIAN_POINT('',(736.11092647404,1.231207586614E+03,
    -143.6695434283));
#3457 = CARTESIAN_POINT('',(735.83214525324,1.224091814773E+03,
    -145.0930361719));
#3458 = CARTESIAN_POINT('',(735.69087006169,1.219316918694E+03,
    -145.805281018));
#3459 = CARTESIAN_POINT('',(735.50126092515,1.209705250033E+03,
    -146.7587525239));
#3460 = CARTESIAN_POINT('',(735.4529216748,1.204868417441E+03,-147.));
#3461 = CARTESIAN_POINT('',(735.4529216748,1.2E+03,-147.));
#3462 = PCURVE('',#2134,#3463);
#3463 = DEFINITIONAL_REPRESENTATION('',(#3464),#3864);
#3464 = B_SPLINE_CURVE_WITH_KNOTS('',3,(#3465,#3466,#3467,#3468,#3469,
    #3470,#3471,#3472,#3473,#3474,#3475,#3476,#3477,#3478,#3479,#3480,
    #3481,#3482,#3483,#3484,#3485,#3486,#3487,#3488,#3489,#3490,#3491,
    #3492,#3493,#3494,#3495,#3496,#3497,#3498,#3499,#3500,#3501,#3502,
    #3503,#3504,#3505,#3506,#3507,#3508,#3509,#3510,#3511,#3512,#3513,
    #3514,#3515,#3516,#3517,#3518,#3519,#3520,#3521,#3522,#3523,#3524,
    #3525,#3526,#3527,#3528,#3529,#3530,#3531,#3532,#3533,#3534,#3535,
    #3536,#3537,#3538,#3539,#3540,#3541,#3542,#3543,#3544,#3545,#3546,
    #3547,#3548,#3549,#3550,#3551,#3552,#3553,#3554,#3555,#3556,#3557,
    #3558,#3559,#3560,#3561,#3562,#3563,#3564,#3565,#3566,#3567,#3568,
    #3569,#3570,#3571,#3572,#3573,#3574,#3575,#3576,#3577,#3578,#3579,
    #3580,#3581,#3582,#3583,#3584,#3585,#3586,#3587,#3588,#3589,#3590,
    #3591,#3592,#3593,#3594,#3595,#3596,#3597,#3598,#3599,#3600,#3601,
    #3602,#3603,#3604,#3605,#3606,#3607,#3608,#3609,#3610,#3611,#3612,
    #3613,#3614,#3615,#3616,#3617,#3618,#3619,#3620,#3621,#3622,#3623,
    #3624,#3625,#3626,#3627,#3628,#3629,#3630,#3631,#3632,#3633,#3634,
    #3635,#3636,#3637,#3638,#3639,#3640,#3641,#3642,#3643,#3644,#3645,
    #3646,#3647,#3648,#3649,#3650,#3651,#3652,#3653,#3654,#3655,#3656,
    #3657,#3658,#3659,#3660,#3661,#3662,#3663,#3664,#3665,#3666,#3667,
    #3668,#3669,#3670,#3671,#3672,#3673,#3674,#3675,#3676,#3677,#3678,
    #3679,#3680,#3681,#3682,#3683,#3684,#3685,#3686,#3687,#3688,#3689,
    #3690,#3691,#3692,#3693,#3694,#3695,#3696,#3697,#3698,#3699,#3700,
    #3701,#3702,#3703,#3704,#3705,#3706,#3707,#3708,#3709,#3710,#3711,
    #3712,#3713,#3714,#3715,#3716,#3717,#3718,#3719,#3720,#3721,#3722,
    #3723,#3724,#3725,#3726,#3727,#3728,#3729,#3730,#3731,#3732,#3733,
    #3734,#3735,#3736,#3737,#3738,#3739,#3740,#3741,#3742,#3743,#3744,
    #3745,#3746,#3747,#3748,#3749,#3750,#3751,#3752,#3753,#3754,#3755,
    #3756,#3757,#3758,#3759,#3760,#3761,#3762,#3763,#3764,#3765,#3766,
    #3767,#3768,#3769,#3770,#3771,#3772,#3773,#3774,#3775,#3776,#3777,
    #3778,#3779,#3780,#3781,#3782,#3783,#3784,#3785,#3786,#3787,#3788,
    #3789,#3790,#3791,#3792,#3793,#3794,#3795,#3796,#3797,#3798,#3799,
    #3800,#3801,#3802,#3803,#3804,#3805,#3806,#3807,#3808,#3809,#3810,
    #3811,#3812,#3813,#3814,#3815,#3816,#3817,#3818,#3819,#3820,#3821,
    #3822,#3823,#3824,#3825,#3826,#3827,#3828,#3829,#3830,#3831,#3832,
    #3833,#3834,#3835,#3836,#3837,#3838,#3839,#3840,#3841,#3842,#3843,
    #3844,#3845,#3846,#3847,#3848,#3849,#3850,#3851,#3852,#3853,#3854,
    #3855,#3856,#3857,#3858,#3859,#3860,#3861,#3862,#3863),
  .UNSPECIFIED.,.T.,.F.,(4,1,1,1,1,1,1,1,1,1,1,1,1,1,1,1,1,1,1,1,1,1,1,1
    ,1,1,1,1,1,1,1,1,1,1,1,1,1,1,1,1,1,1,1,1,1,1,1,1,1,1,1,1,1,1,1,1,1,1
    ,1,1,1,1,1,1,1,1,1,1,1,1,1,1,1,1,1,1,1,1,1,1,1,1,1,1,1,1,1,1,1,1,1,1
    ,1,1,1,1,1,1,1,1,1,1,1,1,1,1,1,1,1,1,1,1,1,1,1,1,1,1,1,1,1,1,1,1,1,1
    ,1,1,1,1,1,1,1,1,1,1,1,1,1,1,1,1,1,1,1,1,1,1,1,1,1,1,1,1,1,1,1,1,1,1
    ,1,1,1,1,1,1,1,1,1,1,1,1,1,1,1,1,1,1,1,1,1,1,1,1,1,1,1,1,1,1,1,1,1,1
    ,1,1,1,1,1,1,1,1,1,1,1,1,1,1,1,1,1,1,1,1,1,1,1,1,1,1,1,1,1,1,1,1,1,1
    ,1,1,1,1,1,1,1,1,1,1,1,1,1,1,1,1,1,1,1,1,1,1,1,1,1,1,1,1,1,1,1,1,1,1
    ,1,1,1,1,1,1,1,1,1,1,1,1,1,1,1,1,1,1,1,1,1,1,1,1,1,1,1,1,1,1,1,1,1,1
    ,1,1,1,1,1,1,1,1,1,1,1,1,1,1,1,1,1,1,1,1,1,1,1,1,1,1,1,1,1,1,1,1,1,1
    ,1,1,1,1,1,1,1,1,1,1,1,1,1,1,1,1,1,1,1,1,1,1,1,1,1,1,1,1,1,1,1,1,1,1
    ,1,1,1,1,1,1,1,1,1,1,1,1,1,1,1,1,1,1,1,1,1,1,1,1,1,1,1,1,1,1,1,1,4),
  (0.,2.326489355731E-03,4.652978711463E-03,6.979468067194E-03,
    9.305957422925E-03,1.163244677866E-02,1.395893613439E-02,
    1.628542549012E-02,1.861191484585E-02,2.093840420158E-02,
    2.326489355731E-02,2.559138291304E-02,2.791787226878E-02,
    3.024436162451E-02,3.257085098024E-02,3.489734033597E-02,
    3.72238296917E-02,3.955031904743E-02,4.187680840316E-02,
    4.420329775889E-02,4.652978711463E-02,4.885627647036E-02,
    5.118276582609E-02,5.350925518182E-02,5.583574453755E-02,
    5.816223389328E-02,6.048872324901E-02,6.281521260474E-02,
    6.514170196048E-02,6.746819131621E-02,6.979468067194E-02,
    7.212117002767E-02,7.44476593834E-02,7.677414873913E-02,
    7.910063809486E-02,8.142712745059E-02,8.375361680633E-02,
    8.608010616206E-02,8.840659551779E-02,9.073308487352E-02,
    9.305957422925E-02,9.538606358498E-02,9.771255294071E-02,
    0.100039042296,0.102365531652,0.104692021008,0.107018510364,
    0.109344999719,0.111671489075,0.113997978431,0.116324467787,
    0.118650957142,0.120977446498,0.123303935854,0.125630425209,
    0.127956914565,0.130283403921,0.132609893277,0.134936382632,
    0.137262871988,0.139589361344,0.1419158507,0.144242340055,
    0.146568829411,0.148895318767,0.151221808123,0.153548297478,
    0.155874786834,0.15820127619,0.160527765545,0.162854254901,
    0.165180744257,0.167507233613,0.169833722968,0.172160212324,
    0.17448670168,0.176813191036,0.179139680391,0.181466169747,
    0.183792659103,0.186119148459,0.188445637814,0.19077212717,
    0.193098616526,0.195425105881,0.197751595237,0.200078084593,
    0.202404573949,0.204731063304,0.20705755266,0.209384042016,
    0.211710531372,0.214037020727,0.216363510083,0.218689999439,
    0.221016488794,0.22334297815,0.225669467506,0.227995956862,
    0.230322446217,0.232648935573,0.234975424929,0.237301914285,
    0.23962840364,0.241954892996,0.244281382352,0.246607871708,
    0.248934361063,0.251260850419,0.253587339775,0.25591382913,
    0.258240318486,0.260566807842,0.262893297198,0.265219786553,
    0.267546275909,0.269872765265,0.272199254621,0.274525743976,
    0.276852233332,0.279178722688,0.281505212043,0.283831701399,
    0.286158190755,0.288484680111,0.290811169466,0.293137658822,
    0.295464148178,0.297790637534,0.300117126889,0.302443616245,
    0.304770105601,0.307096594957,0.309423084312,0.311749573668,
    0.314076063024,0.316402552379,0.318729041735,0.321055531091,
    0.323382020447,0.325708509802,0.328034999158,0.330361488514,
    0.33268797787,0.335014467225,0.337340956581,0.339667445937,
    0.341993935292,0.344320424648,0.346646914004,0.34897340336,
    0.351299892715,0.353626382071,0.355952871427,0.358279360783,
    0.360605850138,0.362932339494,0.36525882885,0.367585318206,
    0.369911807561,0.372238296917,0.374564786273,0.376891275628,
    0.379217764984,0.38154425434,0.383870743696,0.386197233051,
    0.388523722407,0.390850211763,0.393176701119,0.395503190474,
    0.39782967983,0.400156169186,0.402482658542,0.404809147897,
    0.407135637253,0.409462126609,0.411788615964,0.41411510532,
    0.416441594676,0.418768084032,0.421094573387,0.423421062743,
    0.425747552099,0.428074041455,0.43040053081,0.432727020166,
    0.435053509522,0.437379998877,0.439706488233,0.442032977589,
    0.444359466945,0.4466859563,0.449012445656,0.451338935012,
    0.453665424368,0.455991913723,0.458318403079,0.460644892435,
    0.462971381791,0.465297871146,0.467624360502,0.469950849858,
    0.472277339213,0.474603828569,0.476930317925,0.479256807281,
    0.481583296636,0.483909785992,0.486236275348,0.488562764704,
    0.490889254059,0.493215743415,0.495542232771,0.497868722126,
    0.500195211482,0.502521700838,0.504848190194,0.507174679549,
    0.509501168905,0.511827658261,0.514154147617,0.516480636972,
    0.518807126328,0.521133615684,0.52346010504,0.525786594395,
    0.528113083751,0.530439573107,0.532766062462,0.535092551818,
    0.537419041174,0.53974553053,0.542072019885,0.544398509241,
    0.546724998597,0.549051487953,0.551377977308,0.553704466664,
    0.55603095602,0.558357445376,0.560683934731,0.563010424087,
    0.565336913443,0.567663402798,0.569989892154,0.57231638151,
    0.574642870866,0.576969360221,0.579295849577,0.581622338933,
    0.583948828289,0.586275317644,0.588601807,0.590928296356,
    0.593254785711,0.595581275067,0.597907764423,0.600234253779,
    0.602560743134,0.60488723249,0.607213721846,0.609540211202,
    0.611866700557,0.614193189913,0.616519679269,0.618846168625,
    0.62117265798,0.623499147336,0.625825636692,0.628152126047,
    0.630478615403,0.632805104759,0.635131594115,0.63745808347,
    0.639784572826,0.642111062182,0.644437551538,0.646764040893,
    0.649090530249,0.651417019605,0.65374350896,0.656069998316,
    0.658396487672,0.660722977028,0.663049466383,0.665375955739,
    0.667702445095,0.670028934451,0.672355423806,0.674681913162,
    0.677008402518,0.679334891874,0.681661381229,0.683987870585,
    0.686314359941,0.688640849296,0.690967338652,0.693293828008,
    0.695620317364,0.697946806719,0.700273296075,0.702599785431,
    0.704926274787,0.707252764142,0.709579253498,0.711905742854,
    0.71423223221,0.716558721565,0.718885210921,0.721211700277,
    0.723538189632,0.725864678988,0.728191168344,0.7305176577,
    0.732844147055,0.735170636411,0.737497125767,0.739823615123,
    0.742150104478,0.744476593834,0.74680308319,0.749129572545,
    0.751456061901,0.753782551257,0.756109040613,0.758435529968,
    0.760762019324,0.76308850868,0.765414998036,0.767741487391,
    0.770067976747,0.772394466103,0.774720955459,0.777047444814,
    0.77937393417,0.781700423526,0.784026912881,0.786353402237,
    0.788679891593,0.791006380949,0.793332870304,0.79565935966,
    0.797985849016,0.800312338372,0.802638827727,0.804965317083,
    0.807291806439,0.809618295794,0.81194478515,0.814271274506,
    0.816597763862,0.818924253217,0.821250742573,0.823577231929,
    0.825903721285,0.82823021064,0.830556699996,0.832883189352,
    0.835209678708,0.837536168063,0.839862657419,0.842189146775,
    0.84451563613,0.846842125486,0.849168614842,0.851495104198,
    0.853821593553,0.856148082909,0.858474572265,0.860801061621,
    0.863127550976,0.865454040332,0.867780529688,0.870107019043,
    0.872433508399,0.874759997755,0.877086487111,0.879412976466,
    0.881739465822,0.884065955178,0.886392444534,0.888718933889,
    0.891045423245,0.893371912601,0.895698401957,0.898024891312,
    0.900351380668,0.902677870024,0.905004359379,0.907330848735,
    0.909657338091,0.911983827447,0.914310316802,0.916636806158,
    0.918963295514,0.92128978487),.QUASI_UNIFORM_KNOTS.);
#3465 = CARTESIAN_POINT('',(1.37351920061,-1.2E+03));
#3466 = CARTESIAN_POINT('',(1.37351920061,-1.19921318506E+03));
#3467 = CARTESIAN_POINT('',(1.373536336037,-1.197641758851E+03));
#3468 = CARTESIAN_POINT('',(1.37361314024,-1.195291191314E+03));
#3469 = CARTESIAN_POINT('',(1.373740740171,-1.192947156303E+03));
#3470 = CARTESIAN_POINT('',(1.373918830914,-1.190609614622E+03));
#3471 = CARTESIAN_POINT('',(1.374147106053,-1.188278526877E+03));
#3472 = CARTESIAN_POINT('',(1.374425264811,-1.185953854401E+03));
#3473 = CARTESIAN_POINT('',(1.374752985403,-1.183635555823E+03));
#3474 = CARTESIAN_POINT('',(1.375130169882,-1.181323618578E+03));
#3475 = CARTESIAN_POINT('',(1.375556752336,-1.179018034221E+03));
#3476 = CARTESIAN_POINT('',(1.376032659012,-1.176718793289E+03));
#3477 = CARTESIAN_POINT('',(1.3765578163,-1.174425886323E+03));
#3478 = CARTESIAN_POINT('',(1.377132158261,-1.172139304865E+03));
#3479 = CARTESIAN_POINT('',(1.377755588522,-1.169859036447E+03));
#3480 = CARTESIAN_POINT('',(1.378428176073,-1.167585090198E+03));
#3481 = CARTESIAN_POINT('',(1.379150092256,-1.16531748714E+03));
#3482 = CARTESIAN_POINT('',(1.379921483453,-1.163056249751E+03));
#3483 = CARTESIAN_POINT('',(1.380742507796,-1.160801384489E+03));
#3484 = CARTESIAN_POINT('',(1.381613302463,-1.158552960435E+03));
#3485 = CARTESIAN_POINT('',(1.382534077763,-1.156310812198E+03));
#3486 = CARTESIAN_POINT('',(1.383504850579,-1.154075659557E+03));
#3487 = CARTESIAN_POINT('',(1.38452717298,-1.151845023191E+03));
#3488 = CARTESIAN_POINT('',(1.385597143937,-1.149627748081E+03));
#3489 = CARTESIAN_POINT('',(1.386711311429,-1.147430362949E+03));
#3490 = CARTESIAN_POINT('',(1.387870066373,-1.145251101837E+03));
#3491 = CARTESIAN_POINT('',(1.389072898201,-1.143090269594E+03));
#3492 = CARTESIAN_POINT('',(1.390319485088,-1.140947594036E+03));
#3493 = CARTESIAN_POINT('',(1.391609652703,-1.138823039815E+03));
#3494 = CARTESIAN_POINT('',(1.39294324189,-1.136716530641E+03));
#3495 = CARTESIAN_POINT('',(1.394320089781,-1.134628001093E+03));
#3496 = CARTESIAN_POINT('',(1.395740035996,-1.132557383212E+03));
#3497 = CARTESIAN_POINT('',(1.397202916765,-1.130504608331E+03));
#3498 = CARTESIAN_POINT('',(1.39870858231,-1.128469613174E+03));
#3499 = CARTESIAN_POINT('',(1.400257084178,-1.126452417938E+03));
#3500 = CARTESIAN_POINT('',(1.401848463999,-1.124453038591E+03));
#3501 = CARTESIAN_POINT('',(1.403482767002,-1.122471491594E+03));
#3502 = CARTESIAN_POINT('',(1.405160037983,-1.120507795675E+03));
#3503 = CARTESIAN_POINT('',(1.406880323901,-1.118561959995E+03));
#3504 = CARTESIAN_POINT('',(1.408643667525,-1.116634029718E+03));
#3505 = CARTESIAN_POINT('',(1.410450412647,-1.114724032732E+03));
#3506 = CARTESIAN_POINT('',(1.412300425151,-1.112832327669E+03));
#3507 = CARTESIAN_POINT('',(1.41419512935,-1.110957943639E+03));
#3508 = CARTESIAN_POINT('',(1.416133892991,-1.109101878997E+03));
#3509 = CARTESIAN_POINT('',(1.418110859618,-1.107269613946E+03));
#3510 = CARTESIAN_POINT('',(1.420120989702,-1.10546595555E+03));
#3511 = CARTESIAN_POINT('',(1.422164373921,-1.103690027798E+03));
#3512 = CARTESIAN_POINT('',(1.424240859191,-1.10194177234E+03));
#3513 = CARTESIAN_POINT('',(1.426350278998,-1.100221026335E+03));
#3514 = CARTESIAN_POINT('',(1.428492470129,-1.098527653768E+03));
#3515 = CARTESIAN_POINT('',(1.430667274834,-1.096861515803E+03));
#3516 = CARTESIAN_POINT('',(1.432874515487,-1.095222458065E+03));
#3517 = CARTESIAN_POINT('',(1.435114117469,-1.093610410864E+03));
#3518 = CARTESIAN_POINT('',(1.437386096406,-1.092025379143E+03));
#3519 = CARTESIAN_POINT('',(1.439690449618,-1.090467351659E+03));
#3520 = CARTESIAN_POINT('',(1.442027179806,-1.088936320822E+03));
#3521 = CARTESIAN_POINT('',(1.444396292661,-1.08743228062E+03));
#3522 = CARTESIAN_POINT('',(1.44679778274,-1.085955215079E+03));
#3523 = CARTESIAN_POINT('',(1.449231695853,-1.0845051494E+03));
#3524 = CARTESIAN_POINT('',(1.451698212366,-1.083082222495E+03));
#3525 = CARTESIAN_POINT('',(1.454197502237,-1.081686553691E+03));
#3526 = CARTESIAN_POINT('',(1.456729708432,-1.080318275565E+03));
#3527 = CARTESIAN_POINT('',(1.459295099812,-1.078977487282E+03));
#3528 = CARTESIAN_POINT('',(1.461893476099,-1.077664408409E+03));
#3529 = CARTESIAN_POINT('',(1.464526500227,-1.076378778291E+03));
#3530 = CARTESIAN_POINT('',(1.467188097129,-1.075123554398E+03));
#3531 = CARTESIAN_POINT('',(1.469870453415,-1.073902407919E+03));
#3532 = CARTESIAN_POINT('',(1.472569952169,-1.072716848473E+03));
#3533 = CARTESIAN_POINT('',(1.475289072156,-1.071565329902E+03));
#3534 = CARTESIAN_POINT('',(1.478027044493,-1.070448042349E+03));
#3535 = CARTESIAN_POINT('',(1.480783948377,-1.069364669282E+03));
#3536 = CARTESIAN_POINT('',(1.483559690487,-1.068315125674E+03));
#3537 = CARTESIAN_POINT('',(1.486354277903,-1.067299359206E+03));
#3538 = CARTESIAN_POINT('',(1.489167692239,-1.066317309353E+03));
#3539 = CARTESIAN_POINT('',(1.491999922314,-1.065368916454E+03));
#3540 = CARTESIAN_POINT('',(1.494850958938,-1.064454125598E+03));
#3541 = CARTESIAN_POINT('',(1.497720783096,-1.063572862013E+03));
#3542 = CARTESIAN_POINT('',(1.500609455391,-1.062725191537E+03));
#3543 = CARTESIAN_POINT('',(1.503517062355,-1.061911224576E+03));
#3544 = CARTESIAN_POINT('',(1.506443685668,-1.06113106067E+03));
#3545 = CARTESIAN_POINT('',(1.509389407923,-1.060384800963E+03));
#3546 = CARTESIAN_POINT('',(1.512354318792,-1.059672551054E+03));
#3547 = CARTESIAN_POINT('',(1.515338484551,-1.05899439711E+03));
#3548 = CARTESIAN_POINT('',(1.518342109719,-1.058350580316E+03));
#3549 = CARTESIAN_POINT('',(1.521365221927,-1.05774135792E+03));
#3550 = CARTESIAN_POINT('',(1.52440847838,-1.057166863483E+03));
#3551 = CARTESIAN_POINT('',(1.527472505745,-1.056627328171E+03));
#3552 = CARTESIAN_POINT('',(1.53054015639,-1.056125869534E+03));
#3553 = CARTESIAN_POINT('',(1.533610425881,-1.055662315996E+03));
#3554 = CARTESIAN_POINT('',(1.536683580246,-1.055236317506E+03));
#3555 = CARTESIAN_POINT('',(1.53975956576,-1.05484774258E+03));
#3556 = CARTESIAN_POINT('',(1.54283841748,-1.054496436668E+03));
#3557 = CARTESIAN_POINT('',(1.545920146825,-1.054182250753E+03));
#3558 = CARTESIAN_POINT('',(1.549004771958,-1.053905036757E+03));
#3559 = CARTESIAN_POINT('',(1.5520923087,-1.053664637303E+03));
#3560 = CARTESIAN_POINT('',(1.555182776592,-1.053460932828E+03));
#3561 = CARTESIAN_POINT('',(1.558276208224,-1.053293963191E+03));
#3562 = CARTESIAN_POINT('',(1.561372634791,-1.053163748515E+03));
#3563 = CARTESIAN_POINT('',(1.564472088077,-1.053070314306E+03));
#3564 = CARTESIAN_POINT('',(1.567574599965,-1.053013684278E+03));
#3565 = CARTESIAN_POINT('',(1.570680202394,-1.052993883931E+03));
#3566 = CARTESIAN_POINT('',(1.573788928008,-1.053010933414E+03));
#3567 = CARTESIAN_POINT('',(1.576900820472,-1.053065029976E+03));
#3568 = CARTESIAN_POINT('',(1.580015937861,-1.053156377889E+03));
#3569 = CARTESIAN_POINT('',(1.583134286955,-1.053285173786E+03));
#3570 = CARTESIAN_POINT('',(1.586256066455,-1.053451637834E+03));
#3571 = CARTESIAN_POINT('',(1.589380759833,-1.053655903708E+03));
#3572 = CARTESIAN_POINT('',(1.592510520668,-1.053898427507E+03));
#3573 = CARTESIAN_POINT('',(1.595630798039,-1.054178212444E+03));
#3574 = CARTESIAN_POINT('',(1.5987351236,-1.054494423485E+03));
#3575 = CARTESIAN_POINT('',(1.601826263347,-1.054846998559E+03));
#3576 = CARTESIAN_POINT('',(1.604903627587,-1.05523565817E+03));
#3577 = CARTESIAN_POINT('',(1.607967502368,-1.055660241175E+03));
#3578 = CARTESIAN_POINT('',(1.611017943836,-1.056120539353E+03));
#3579 = CARTESIAN_POINT('',(1.614055061375,-1.056616376859E+03));
#3580 = CARTESIAN_POINT('',(1.617078893902,-1.057147717574E+03));
#3581 = CARTESIAN_POINT('',(1.620089494818,-1.057714497322E+03));
#3582 = CARTESIAN_POINT('',(1.62308691321,-1.05831665817E+03));
#3583 = CARTESIAN_POINT('',(1.62607119663,-1.058954145278E+03));
#3584 = CARTESIAN_POINT('',(1.629042398769,-1.059626885181E+03));
#3585 = CARTESIAN_POINT('',(1.6320005411,-1.06033488889E+03));
#3586 = CARTESIAN_POINT('',(1.634945601699,-1.061078283679E+03));
#3587 = CARTESIAN_POINT('',(1.637877564466,-1.061857174144E+03));
#3588 = CARTESIAN_POINT('',(1.640796417595,-1.062671670838E+03));
#3589 = CARTESIAN_POINT('',(1.643702122221,-1.063521883169E+03));
#3590 = CARTESIAN_POINT('',(1.646594739375,-1.064407919172E+03));
#3591 = CARTESIAN_POINT('',(1.649473947069,-1.065329910907E+03));
#3592 = CARTESIAN_POINT('',(1.652340651122,-1.066288434576E+03));
#3593 = CARTESIAN_POINT('',(1.655193992966,-1.06728350235E+03));
#3594 = CARTESIAN_POINT('',(1.658019417165,-1.068310065758E+03));
#3595 = CARTESIAN_POINT('',(1.660816154617,-1.069367476464E+03));
#3596 = CARTESIAN_POINT('',(1.663584683998,-1.070455647937E+03));
#3597 = CARTESIAN_POINT('',(1.666325188608,-1.071574298729E+03));
#3598 = CARTESIAN_POINT('',(1.669037821373,-1.072723317196E+03));
#3599 = CARTESIAN_POINT('',(1.671722681846,-1.073902611648E+03));
#3600 = CARTESIAN_POINT('',(1.674379882211,-1.075112085244E+03));
#3601 = CARTESIAN_POINT('',(1.677009530431,-1.076351641797E+03));
#3602 = CARTESIAN_POINT('',(1.679611731625,-1.077621187646E+03));
#3603 = CARTESIAN_POINT('',(1.682186599363,-1.078920618374E+03));
#3604 = CARTESIAN_POINT('',(1.684734117051,-1.080249970748E+03));
#3605 = CARTESIAN_POINT('',(1.687254252711,-1.081609297224E+03));
#3606 = CARTESIAN_POINT('',(1.689746977008,-1.082998646293E+03));
#3607 = CARTESIAN_POINT('',(1.692212259035,-1.084418066832E+03));
#3608 = CARTESIAN_POINT('',(1.694650065352,-1.085867610133E+03));
#3609 = CARTESIAN_POINT('',(1.69706036806,-1.087347317448E+03));
#3610 = CARTESIAN_POINT('',(1.699443008885,-1.08885738233E+03));
#3611 = CARTESIAN_POINT('',(1.70179783698,-1.09039794951E+03));
#3612 = CARTESIAN_POINT('',(1.704124779383,-1.091969225344E+03));
#3613 = CARTESIAN_POINT('',(1.70642342425,-1.093571234148E+03));
#3614 = CARTESIAN_POINT('',(1.708694414549,-1.095204916095E+03));
#3615 = CARTESIAN_POINT('',(1.710925384069,-1.096861362791E+03));
#3616 = CARTESIAN_POINT('',(1.713115729526,-1.098539654969E+03));
#3617 = CARTESIAN_POINT('',(1.71526630237,-1.100240200271E+03));
#3618 = CARTESIAN_POINT('',(1.717377108634,-1.101962768827E+03));
#3619 = CARTESIAN_POINT('',(1.71944838074,-1.103707300924E+03));
#3620 = CARTESIAN_POINT('',(1.721480284654,-1.105473693729E+03));
#3621 = CARTESIAN_POINT('',(1.723473019416,-1.107261846734E+03));
#3622 = CARTESIAN_POINT('',(1.725426704351,-1.109071697399E+03));
#3623 = CARTESIAN_POINT('',(1.727341308259,-1.110903267862E+03));
#3624 = CARTESIAN_POINT('',(1.729216824717,-1.112756565644E+03));
#3625 = CARTESIAN_POINT('',(1.731053239921,-1.11463160202E+03));
#3626 = CARTESIAN_POINT('',(1.732850539909,-1.116528387858E+03));
#3627 = CARTESIAN_POINT('',(1.734608713832,-1.118446931908E+03));
#3628 = CARTESIAN_POINT('',(1.736327733556,-1.120387251849E+03));
#3629 = CARTESIAN_POINT('',(1.738007383517,-1.122349470178E+03));
#3630 = CARTESIAN_POINT('',(1.739647457984,-1.124333700097E+03));
#3631 = CARTESIAN_POINT('',(1.741247754539,-1.126340065537E+03));
#3632 = CARTESIAN_POINT('',(1.742808043874,-1.128368656816E+03));
#3633 = CARTESIAN_POINT('',(1.744328197166,-1.130419687973E+03));
#3634 = CARTESIAN_POINT('',(1.745807706815,-1.132492911781E+03));
#3635 = CARTESIAN_POINT('',(1.747247112005,-1.134590005123E+03));
#3636 = CARTESIAN_POINT('',(1.748640832875,-1.136703243428E+03));
#3637 = CARTESIAN_POINT('',(1.749984789829,-1.138825976152E+03));
#3638 = CARTESIAN_POINT('',(1.751280696742,-1.140960257665E+03));
#3639 = CARTESIAN_POINT('',(1.752528432356,-1.143105520145E+03));
#3640 = CARTESIAN_POINT('',(1.753728366933,-1.145261838714E+03));
#3641 = CARTESIAN_POINT('',(1.754880671762,-1.147429131576E+03));
#3642 = CARTESIAN_POINT('',(1.75598539821,-1.149607398795E+03));
#3643 = CARTESIAN_POINT('',(1.757042623946,-1.151796619753E+03));
#3644 = CARTESIAN_POINT('',(1.758052421124,-1.153996778923E+03));
#3645 = CARTESIAN_POINT('',(1.759014855695,-1.156207861091E+03));
#3646 = CARTESIAN_POINT('',(1.759930021993,-1.158429844701E+03));
#3647 = CARTESIAN_POINT('',(1.760797867199,-1.160662741998E+03));
#3648 = CARTESIAN_POINT('',(1.761618224411,-1.162906591569E+03));
#3649 = CARTESIAN_POINT('',(1.762390951366,-1.16516142612E+03));
#3650 = CARTESIAN_POINT('',(1.763115901532,-1.167427279874E+03));
#3651 = CARTESIAN_POINT('',(1.763792919783,-1.169704186864E+03));
#3652 = CARTESIAN_POINT('',(1.764421888601,-1.17199218037E+03));
#3653 = CARTESIAN_POINT('',(1.765002503113,-1.174291307145E+03));
#3654 = CARTESIAN_POINT('',(1.765534422414,-1.176601733308E+03));
#3655 = CARTESIAN_POINT('',(1.766017335377,-1.178923203566E+03));
#3656 = CARTESIAN_POINT('',(1.766450936851,-1.181257650705E+03));
#3657 = CARTESIAN_POINT('',(1.766834154605,-1.183598747076E+03));
#3658 = CARTESIAN_POINT('',(1.767165625197,-1.185939172915E+03));
#3659 = CARTESIAN_POINT('',(1.767445411494,-1.188276762244E+03));
#3660 = CARTESIAN_POINT('',(1.767674118484,-1.190612964942E+03));
#3661 = CARTESIAN_POINT('',(1.767851869167,-1.192947401941E+03));
#3662 = CARTESIAN_POINT('',(1.76797891577,-1.195280184245E+03));
#3663 = CARTESIAN_POINT('',(1.768055475545,-1.197611291529E+03));
#3664 = CARTESIAN_POINT('',(1.768081776359,-1.1999407387E+03));
#3665 = CARTESIAN_POINT('',(1.768058038537,-1.202268531072E+03));
#3666 = CARTESIAN_POINT('',(1.767984254096,-1.204594668905E+03));
#3667 = CARTESIAN_POINT('',(1.767860420076,-1.20691915196E+03));
#3668 = CARTESIAN_POINT('',(1.767686531686,-1.209241980105E+03));
#3669 = CARTESIAN_POINT('',(1.767462586392,-1.211563153284E+03));
#3670 = CARTESIAN_POINT('',(1.767188574408,-1.213882671026E+03));
#3671 = CARTESIAN_POINT('',(1.766864512635,-1.216200534443E+03));
#3672 = CARTESIAN_POINT('',(1.766490209571,-1.218516735127E+03));
#3673 = CARTESIAN_POINT('',(1.766065417772,-1.220831272636E+03));
#3674 = CARTESIAN_POINT('',(1.765589914042,-1.223144110699E+03));
#3675 = CARTESIAN_POINT('',(1.765063431441,-1.225455348314E+03));
#3676 = CARTESIAN_POINT('',(1.764485853347,-1.227764579243E+03));
#3677 = CARTESIAN_POINT('',(1.763856505198,-1.230073282915E+03));
#3678 = CARTESIAN_POINT('',(1.763176056364,-1.232377546101E+03));
#3679 = CARTESIAN_POINT('',(1.76244802445,-1.234665857045E+03));
#3680 = CARTESIAN_POINT('',(1.761672315971,-1.236940281984E+03));
#3681 = CARTESIAN_POINT('',(1.76084940906,-1.23920040316E+03));
#3682 = CARTESIAN_POINT('',(1.759979539908,-1.24144644175E+03));
#3683 = CARTESIAN_POINT('',(1.759063005379,-1.243678446557E+03));
#3684 = CARTESIAN_POINT('',(1.758100109288,-1.245896519629E+03));
#3685 = CARTESIAN_POINT('',(1.757090945647,-1.248100686275E+03));
#3686 = CARTESIAN_POINT('',(1.756035635364,-1.250290983659E+03));
#3687 = CARTESIAN_POINT('',(1.754934292696,-1.252467446052E+03));
#3688 = CARTESIAN_POINT('',(1.753787029737,-1.254630107441E+03));
#3689 = CARTESIAN_POINT('',(1.752593971995,-1.256779005849E+03));
#3690 = CARTESIAN_POINT('',(1.751355188444,-1.258914162482E+03));
#3691 = CARTESIAN_POINT('',(1.750070558885,-1.261035541568E+03));
#3692 = CARTESIAN_POINT('',(1.748739987668,-1.263143115766E+03));
#3693 = CARTESIAN_POINT('',(1.747363375508,-1.265236853446E+03));
#3694 = CARTESIAN_POINT('',(1.745940610086,-1.267316731706E+03));
#3695 = CARTESIAN_POINT('',(1.744471631839,-1.269382697015E+03));
#3696 = CARTESIAN_POINT('',(1.742956179212,-1.271434809333E+03));
#3697 = CARTESIAN_POINT('',(1.74139426391,-1.273472561585E+03));
#3698 = CARTESIAN_POINT('',(1.739784386245,-1.275497416352E+03));
#3699 = CARTESIAN_POINT('',(1.738130892127,-1.277503547869E+03));
#3700 = CARTESIAN_POINT('',(1.736440057708,-1.279483728556E+03));
#3701 = CARTESIAN_POINT('',(1.734710934601,-1.281439676663E+03));
#3702 = CARTESIAN_POINT('',(1.732944441381,-1.283370876103E+03));
#3703 = CARTESIAN_POINT('',(1.731140476615,-1.285277873871E+03));
#3704 = CARTESIAN_POINT('',(1.729299252817,-1.287160652149E+03));
#3705 = CARTESIAN_POINT('',(1.727420899356,-1.289019339486E+03));
#3706 = CARTESIAN_POINT('',(1.725505568451,-1.290854026224E+03));
#3707 = CARTESIAN_POINT('',(1.7235533994,-1.292664809172E+03));
#3708 = CARTESIAN_POINT('',(1.72156455566,-1.294451797477E+03));
#3709 = CARTESIAN_POINT('',(1.719539050417,-1.296215004362E+03));
#3710 = CARTESIAN_POINT('',(1.717476837708,-1.297954404971E+03));
#3711 = CARTESIAN_POINT('',(1.7153778844,-1.299669983594E+03));
#3712 = CARTESIAN_POINT('',(1.713242154788,-1.301361723049E+03));
#3713 = CARTESIAN_POINT('',(1.711069604815,-1.303029602891E+03));
#3714 = CARTESIAN_POINT('',(1.708860220584,-1.304673617202E+03));
#3715 = CARTESIAN_POINT('',(1.706613802685,-1.306293661551E+03));
#3716 = CARTESIAN_POINT('',(1.704330215282,-1.307889595203E+03));
#3717 = CARTESIAN_POINT('',(1.702009109568,-1.309461432273E+03));
#3718 = CARTESIAN_POINT('',(1.699650937889,-1.311008616574E+03));
#3719 = CARTESIAN_POINT('',(1.697252900164,-1.312532554225E+03));
#3720 = CARTESIAN_POINT('',(1.694821722833,-1.314028706007E+03));
#3721 = CARTESIAN_POINT('',(1.692366782726,-1.315491542816E+03));
#3722 = CARTESIAN_POINT('',(1.689886687707,-1.316922239689E+03));
#3723 = CARTESIAN_POINT('',(1.687381964517,-1.318320698589E+03));
#3724 = CARTESIAN_POINT('',(1.684852624897,-1.319687163034E+03));
#3725 = CARTESIAN_POINT('',(1.682298816155,-1.321021783407E+03));
#3726 = CARTESIAN_POINT('',(1.679720652739,-1.322324741072E+03));
#3727 = CARTESIAN_POINT('',(1.677118238873,-1.323596186039E+03));
#3728 = CARTESIAN_POINT('',(1.674491561251,-1.3248361224E+03));
#3729 = CARTESIAN_POINT('',(1.671840617968,-1.32604456895E+03));
#3730 = CARTESIAN_POINT('',(1.669165402629,-1.32722154038E+03));
#3731 = CARTESIAN_POINT('',(1.666465909206,-1.328367053094E+03));
#3732 = CARTESIAN_POINT('',(1.663742128502,-1.32948112075E+03));
#3733 = CARTESIAN_POINT('',(1.660994057427,-1.330563766279E+03));
#3734 = CARTESIAN_POINT('',(1.658221575475,-1.331614861725E+03));
#3735 = CARTESIAN_POINT('',(1.655424551019,-1.332634267289E+03));
#3736 = CARTESIAN_POINT('',(1.652602856167,-1.33362184588E+03));
#3737 = CARTESIAN_POINT('',(1.649756352041,-1.334577461341E+03));
#3738 = CARTESIAN_POINT('',(1.646884932914,-1.335500971068E+03));
#3739 = CARTESIAN_POINT('',(1.643988364457,-1.336392257309E+03));
#3740 = CARTESIAN_POINT('',(1.641066751257,-1.337250934676E+03));
#3741 = CARTESIAN_POINT('',(1.63811815242,-1.338077182545E+03));
#3742 = CARTESIAN_POINT('',(1.635160320434,-1.338865993694E+03));
#3743 = CARTESIAN_POINT('',(1.632193526361,-1.339617617506E+03));
#3744 = CARTESIAN_POINT('',(1.62921751754,-1.340332342953E+03));
#3745 = CARTESIAN_POINT('',(1.626232405712,-1.341010387353E+03));
#3746 = CARTESIAN_POINT('',(1.623238202524,-1.341651980048E+03));
#3747 = CARTESIAN_POINT('',(1.620234905222,-1.342257187259E+03));
#3748 = CARTESIAN_POINT('',(1.617222510885,-1.342826105509E+03));
#3749 = CARTESIAN_POINT('',(1.614201016304,-1.343358824368E+03));
#3750 = CARTESIAN_POINT('',(1.611170416613,-1.343855430916E+03));
#3751 = CARTESIAN_POINT('',(1.608130710887,-1.34431602915E+03));
#3752 = CARTESIAN_POINT('',(1.605081878781,-1.344740648704E+03));
#3753 = CARTESIAN_POINT('',(1.602023867083,-1.345129191666E+03));
#3754 = CARTESIAN_POINT('',(1.598956627758,-1.345481582882E+03));
#3755 = CARTESIAN_POINT('',(1.595880111366,-1.345797742806E+03));
#3756 = CARTESIAN_POINT('',(1.592794265754,-1.346077586706E+03));
#3757 = CARTESIAN_POINT('',(1.589699047895,-1.34632105498E+03));
#3758 = CARTESIAN_POINT('',(1.586594375884,-1.346527984952E+03));
#3759 = CARTESIAN_POINT('',(1.583480192204,-1.34669813404E+03));
#3760 = CARTESIAN_POINT('',(1.580356280469,-1.346831301867E+03));
#3761 = CARTESIAN_POINT('',(1.57722304653,-1.346927256232E+03));
#3762 = CARTESIAN_POINT('',(1.574078522896,-1.34698569353E+03));
#3763 = CARTESIAN_POINT('',(1.570934609999,-1.347006242208E+03));
#3764 = CARTESIAN_POINT('',(1.567801328638,-1.34698911246E+03));
#3765 = CARTESIAN_POINT('',(1.564674887853,-1.346934610882E+03));
#3766 = CARTESIAN_POINT('',(1.561556216365,-1.346842888978E+03));
#3767 = CARTESIAN_POINT('',(1.558444978864,-1.346714139511E+03));
#3768 = CARTESIAN_POINT('',(1.555341179068,-1.346548545293E+03));
#3769 = CARTESIAN_POINT('',(1.552244731222,-1.346346287682E+03));
#3770 = CARTESIAN_POINT('',(1.549155571078,-1.346107563807E+03));
#3771 = CARTESIAN_POINT('',(1.546073661238,-1.345832404226E+03));
#3772 = CARTESIAN_POINT('',(1.542998971706,-1.345520812728E+03));
#3773 = CARTESIAN_POINT('',(1.539931471128,-1.345172799697E+03));
#3774 = CARTESIAN_POINT('',(1.536871128712,-1.344788375339E+03));
#3775 = CARTESIAN_POINT('',(1.533817915208,-1.344367543981E+03));
#3776 = CARTESIAN_POINT('',(1.530771797078,-1.343910333641E+03));
#3777 = CARTESIAN_POINT('',(1.527732766095,-1.343416646585E+03));
#3778 = CARTESIAN_POINT('',(1.524700830095,-1.342886303135E+03));
#3779 = CARTESIAN_POINT('',(1.521675995483,-1.342319142394E+03));
#3780 = CARTESIAN_POINT('',(1.518658262885,-1.341714999087E+03));
#3781 = CARTESIAN_POINT('',(1.515647659823,-1.341073706667E+03));
#3782 = CARTESIAN_POINT('',(1.512644114343,-1.340395108061E+03));
#3783 = CARTESIAN_POINT('',(1.509646055599,-1.339678475916E+03));
#3784 = CARTESIAN_POINT('',(1.506668445298,-1.338927263025E+03));
#3785 = CARTESIAN_POINT('',(1.503714941693,-1.33814273684E+03));
#3786 = CARTESIAN_POINT('',(1.500784346169,-1.337324889655E+03));
#3787 = CARTESIAN_POINT('',(1.497876768654,-1.336473975628E+03));
#3788 = CARTESIAN_POINT('',(1.49499198311,-1.335590159677E+03));
#3789 = CARTESIAN_POINT('',(1.492129826887,-1.33467367142E+03));
#3790 = CARTESIAN_POINT('',(1.489290223571,-1.333724575729E+03));
#3791 = CARTESIAN_POINT('',(1.486473103052,-1.332742940949E+03));
#3792 = CARTESIAN_POINT('',(1.483678394776,-1.331728834639E+03));
#3793 = CARTESIAN_POINT('',(1.48090603002,-1.330682324037E+03));
#3794 = CARTESIAN_POINT('',(1.478155939561,-1.329603478443E+03));
#3795 = CARTESIAN_POINT('',(1.475428060765,-1.328492359207E+03));
#3796 = CARTESIAN_POINT('',(1.47272243835,-1.327348873191E+03));
#3797 = CARTESIAN_POINT('',(1.470039113653,-1.326172933784E+03));
#3798 = CARTESIAN_POINT('',(1.467378129556,-1.324964452738E+03));
#3799 = CARTESIAN_POINT('',(1.464739531903,-1.323723341826E+03));
#3800 = CARTESIAN_POINT('',(1.462123358881,-1.32244951437E+03));
#3801 = CARTESIAN_POINT('',(1.459529682073,-1.321142877476E+03));
#3802 = CARTESIAN_POINT('',(1.456958604659,-1.319803140968E+03));
#3803 = CARTESIAN_POINT('',(1.454410464624,-1.318430244971E+03));
#3804 = CARTESIAN_POINT('',(1.451884606041,-1.317023447242E+03));
#3805 = CARTESIAN_POINT('',(1.449392915455,-1.315589334286E+03));
#3806 = CARTESIAN_POINT('',(1.446938743041,-1.314130151627E+03));
#3807 = CARTESIAN_POINT('',(1.444520041045,-1.312645079034E+03));
#3808 = CARTESIAN_POINT('',(1.442137028486,-1.311134556217E+03));
#3809 = CARTESIAN_POINT('',(1.439789472492,-1.309598574986E+03));
#3810 = CARTESIAN_POINT('',(1.437477270702,-1.308037241432E+03));
#3811 = CARTESIAN_POINT('',(1.435200285757,-1.306450632079E+03));
#3812 = CARTESIAN_POINT('',(1.432958396583,-1.304838827443E+03));
#3813 = CARTESIAN_POINT('',(1.430751458817,-1.303201921633E+03));
#3814 = CARTESIAN_POINT('',(1.428579434847,-1.301539933865E+03));
#3815 = CARTESIAN_POINT('',(1.426442386639,-1.299852812547E+03));
#3816 = CARTESIAN_POINT('',(1.424340355419,-1.298140520435E+03));
#3817 = CARTESIAN_POINT('',(1.42227339075,-1.296403019777E+03));
#3818 = CARTESIAN_POINT('',(1.420241535152,-1.294640260498E+03));
#3819 = CARTESIAN_POINT('',(1.418244856547,-1.292852242332E+03));
#3820 = CARTESIAN_POINT('',(1.41628329185,-1.291038726197E+03));
#3821 = CARTESIAN_POINT('',(1.414357148508,-1.289199602464E+03));
#3822 = CARTESIAN_POINT('',(1.412466768431,-1.287334840544E+03));
#3823 = CARTESIAN_POINT('',(1.410612313392,-1.285444196705E+03));
#3824 = CARTESIAN_POINT('',(1.408794635866,-1.283528200755E+03));
#3825 = CARTESIAN_POINT('',(1.407012010227,-1.281584501477E+03));
#3826 = CARTESIAN_POINT('',(1.405272768948,-1.279621978107E+03));
#3827 = CARTESIAN_POINT('',(1.403580175706,-1.277644614179E+03));
#3828 = CARTESIAN_POINT('',(1.401933073151,-1.275651435688E+03));
#3829 = CARTESIAN_POINT('',(1.400331489533,-1.273642796968E+03));
#3830 = CARTESIAN_POINT('',(1.39877513603,-1.27161869653E+03));
#3831 = CARTESIAN_POINT('',(1.397263810848,-1.269579227838E+03));
#3832 = CARTESIAN_POINT('',(1.395797285533,-1.267524460374E+03));
#3833 = CARTESIAN_POINT('',(1.394375554028,-1.265454396858E+03));
#3834 = CARTESIAN_POINT('',(1.392998613213,-1.263369036771E+03));
#3835 = CARTESIAN_POINT('',(1.391666460275,-1.261268380299E+03));
#3836 = CARTESIAN_POINT('',(1.390379091131,-1.259152428053E+03));
#3837 = CARTESIAN_POINT('',(1.389136509401,-1.257021178244E+03));
#3838 = CARTESIAN_POINT('',(1.387938692104,-1.254874638257E+03));
#3839 = CARTESIAN_POINT('',(1.386785798875,-1.252712753482E+03));
#3840 = CARTESIAN_POINT('',(1.385678052256,-1.250535446885E+03));
#3841 = CARTESIAN_POINT('',(1.384615661068,-1.248342650099E+03));
#3842 = CARTESIAN_POINT('',(1.383598832203,-1.246134281066E+03));
#3843 = CARTESIAN_POINT('',(1.382627795882,-1.243910303826E+03));
#3844 = CARTESIAN_POINT('',(1.381702692798,-1.24167051172E+03));
#3845 = CARTESIAN_POINT('',(1.380824127132,-1.239415291392E+03));
#3846 = CARTESIAN_POINT('',(1.379991759869,-1.237142544129E+03));
#3847 = CARTESIAN_POINT('',(1.379207777432,-1.234857103298E+03));
#3848 = CARTESIAN_POINT('',(1.378475113672,-1.232567648555E+03));
#3849 = CARTESIAN_POINT('',(1.377793113301,-1.230273043078E+03));
#3850 = CARTESIAN_POINT('',(1.377161694932,-1.227973616253E+03));
#3851 = CARTESIAN_POINT('',(1.37658058332,-1.22566930849E+03));
#3852 = CARTESIAN_POINT('',(1.376049776444,-1.223360143063E+03));
#3853 = CARTESIAN_POINT('',(1.375569238274,-1.221046117215E+03));
#3854 = CARTESIAN_POINT('',(1.375138941299,-1.218727235405E+03));
#3855 = CARTESIAN_POINT('',(1.374758858348,-1.216403499258E+03));
#3856 = CARTESIAN_POINT('',(1.374428952788,-1.214074914527E+03));
#3857 = CARTESIAN_POINT('',(1.374149226944,-1.211741472168E+03));
#3858 = CARTESIAN_POINT('',(1.373919902014,-1.209403153311E+03));
#3859 = CARTESIAN_POINT('',(1.373741176243,-1.207059944174E+03));
#3860 = CARTESIAN_POINT('',(1.373613254035,-1.204711829611E+03));
#3861 = CARTESIAN_POINT('',(1.373536338159,-1.202358794842E+03));
#3862 = CARTESIAN_POINT('',(1.37351920061,-1.20078681494E+03));
#3863 = CARTESIAN_POINT('',(1.37351920061,-1.2E+03));
#3864 = ( GEOMETRIC_REPRESENTATION_CONTEXT(2) 
PARAMETRIC_REPRESENTATION_CONTEXT() REPRESENTATION_CONTEXT('2D SPACE',''
  ) );
#3865 = PCURVE('',#3866,#3871);
#3866 = CYLINDRICAL_SURFACE('',#3867,147.);
#3867 = AXIS2_PLACEMENT_3D('',#3868,#3869,#3870);
#3868 = CARTESIAN_POINT('',(1.E+03,1.2E+03,0.));
#3869 = DIRECTION('',(-1.,-0.,-0.));
#3870 = DIRECTION('',(0.,0.,1.));
#3871 = DEFINITIONAL_REPRESENTATION('',(#3872),#4272);
#3872 = B_SPLINE_CURVE_WITH_KNOTS('',3,(#3873,#3874,#3875,#3876,#3877,
    #3878,#3879,#3880,#3881,#3882,#3883,#3884,#3885,#3886,#3887,#3888,
    #3889,#3890,#3891,#3892,#3893,#3894,#3895,#3896,#3897,#3898,#3899,
    #3900,#3901,#3902,#3903,#3904,#3905,#3906,#3907,#3908,#3909,#3910,
    #3911,#3912,#3913,#3914,#3915,#3916,#3917,#3918,#3919,#3920,#3921,
    #3922,#3923,#3924,#3925,#3926,#3927,#3928,#3929,#3930,#3931,#3932,
    #3933,#3934,#3935,#3936,#3937,#3938,#3939,#3940,#3941,#3942,#3943,
    #3944,#3945,#3946,#3947,#3948,#3949,#3950,#3951,#3952,#3953,#3954,
    #3955,#3956,#3957,#3958,#3959,#3960,#3961,#3962,#3963,#3964,#3965,
    #3966,#3967,#3968,#3969,#3970,#3971,#3972,#3973,#3974,#3975,#3976,
    #3977,#3978,#3979,#3980,#3981,#3982,#3983,#3984,#3985,#3986,#3987,
    #3988,#3989,#3990,#3991,#3992,#3993,#3994,#3995,#3996,#3997,#3998,
    #3999,#4000,#4001,#4002,#4003,#4004,#4005,#4006,#4007,#4008,#4009,
    #4010,#4011,#4012,#4013,#4014,#4015,#4016,#4017,#4018,#4019,#4020,
    #4021,#4022,#4023,#4024,#4025,#4026,#4027,#4028,#4029,#4030,#4031,
    #4032,#4033,#4034,#4035,#4036,#4037,#4038,#4039,#4040,#4041,#4042,
    #4043,#4044,#4045,#4046,#4047,#4048,#4049,#4050,#4051,#4052,#4053,
    #4054,#4055,#4056,#4057,#4058,#4059,#4060,#4061,#4062,#4063,#4064,
    #4065,#4066,#4067,#4068,#4069,#4070,#4071,#4072,#4073,#4074,#4075,
    #4076,#4077,#4078,#4079,#4080,#4081,#4082,#4083,#4084,#4085,#4086,
    #4087,#4088,#4089,#4090,#4091,#4092,#4093,#4094,#4095,#4096,#4097,
    #4098,#4099,#4100,#4101,#4102,#4103,#4104,#4105,#4106,#4107,#4108,
    #4109,#4110,#4111,#4112,#4113,#4114,#4115,#4116,#4117,#4118,#4119,
    #4120,#4121,#4122,#4123,#4124,#4125,#4126,#4127,#4128,#4129,#4130,
    #4131,#4132,#4133,#4134,#4135,#4136,#4137,#4138,#4139,#4140,#4141,
    #4142,#4143,#4144,#4145,#4146,#4147,#4148,#4149,#4150,#4151,#4152,
    #4153,#4154,#4155,#4156,#4157,#4158,#4159,#4160,#4161,#4162,#4163,
    #4164,#4165,#4166,#4167,#4168,#4169,#4170,#4171,#4172,#4173,#4174,
    #4175,#4176,#4177,#4178,#4179,#4180,#4181,#4182,#4183,#4184,#4185,
    #4186,#4187,#4188,#4189,#4190,#4191,#4192,#4193,#4194,#4195,#4196,
    #4197,#4198,#4199,#4200,#4201,#4202,#4203,#4204,#4205,#4206,#4207,
    #4208,#4209,#4210,#4211,#4212,#4213,#4214,#4215,#4216,#4217,#4218,
    #4219,#4220,#4221,#4222,#4223,#4224,#4225,#4226,#4227,#4228,#4229,
    #4230,#4231,#4232,#4233,#4234,#4235,#4236,#4237,#4238,#4239,#4240,
    #4241,#4242,#4243,#4244,#4245,#4246,#4247,#4248,#4249,#4250,#4251,
    #4252,#4253,#4254,#4255,#4256,#4257,#4258,#4259,#4260,#4261,#4262,
    #4263,#4264,#4265,#4266,#4267,#4268,#4269,#4270,#4271),
  .UNSPECIFIED.,.F.,.F.,(4,1,1,1,1,1,1,1,1,1,1,1,1,1,1,1,1,1,1,1,1,1,1,1
    ,1,1,1,1,1,1,1,1,1,1,1,1,1,1,1,1,1,1,1,1,1,1,1,1,1,1,1,1,1,1,1,1,1,1
    ,1,1,1,1,1,1,1,1,1,1,1,1,1,1,1,1,1,1,1,1,1,1,1,1,1,1,1,1,1,1,1,1,1,1
    ,1,1,1,1,1,1,1,1,1,1,1,1,1,1,1,1,1,1,1,1,1,1,1,1,1,1,1,1,1,1,1,1,1,1
    ,1,1,1,1,1,1,1,1,1,1,1,1,1,1,1,1,1,1,1,1,1,1,1,1,1,1,1,1,1,1,1,1,1,1
    ,1,1,1,1,1,1,1,1,1,1,1,1,1,1,1,1,1,1,1,1,1,1,1,1,1,1,1,1,1,1,1,1,1,1
    ,1,1,1,1,1,1,1,1,1,1,1,1,1,1,1,1,1,1,1,1,1,1,1,1,1,1,1,1,1,1,1,1,1,1
    ,1,1,1,1,1,1,1,1,1,1,1,1,1,1,1,1,1,1,1,1,1,1,1,1,1,1,1,1,1,1,1,1,1,1
    ,1,1,1,1,1,1,1,1,1,1,1,1,1,1,1,1,1,1,1,1,1,1,1,1,1,1,1,1,1,1,1,1,1,1
    ,1,1,1,1,1,1,1,1,1,1,1,1,1,1,1,1,1,1,1,1,1,1,1,1,1,1,1,1,1,1,1,1,1,1
    ,1,1,1,1,1,1,1,1,1,1,1,1,1,1,1,1,1,1,1,1,1,1,1,1,1,1,1,1,1,1,1,1,1,1
    ,1,1,1,1,1,1,1,1,1,1,1,1,1,1,1,1,1,1,1,1,1,1,1,1,1,1,1,1,1,1,1,1,4),
  (0.,2.326489355731E-03,4.652978711463E-03,6.979468067194E-03,
    9.305957422925E-03,1.163244677866E-02,1.395893613439E-02,
    1.628542549012E-02,1.861191484585E-02,2.093840420158E-02,
    2.326489355731E-02,2.559138291304E-02,2.791787226878E-02,
    3.024436162451E-02,3.257085098024E-02,3.489734033597E-02,
    3.72238296917E-02,3.955031904743E-02,4.187680840316E-02,
    4.420329775889E-02,4.652978711463E-02,4.885627647036E-02,
    5.118276582609E-02,5.350925518182E-02,5.583574453755E-02,
    5.816223389328E-02,6.048872324901E-02,6.281521260474E-02,
    6.514170196048E-02,6.746819131621E-02,6.979468067194E-02,
    7.212117002767E-02,7.44476593834E-02,7.677414873913E-02,
    7.910063809486E-02,8.142712745059E-02,8.375361680633E-02,
    8.608010616206E-02,8.840659551779E-02,9.073308487352E-02,
    9.305957422925E-02,9.538606358498E-02,9.771255294071E-02,
    0.100039042296,0.102365531652,0.104692021008,0.107018510364,
    0.109344999719,0.111671489075,0.113997978431,0.116324467787,
    0.118650957142,0.120977446498,0.123303935854,0.125630425209,
    0.127956914565,0.130283403921,0.132609893277,0.134936382632,
    0.137262871988,0.139589361344,0.1419158507,0.144242340055,
    0.146568829411,0.148895318767,0.151221808123,0.153548297478,
    0.155874786834,0.15820127619,0.160527765545,0.162854254901,
    0.165180744257,0.167507233613,0.169833722968,0.172160212324,
    0.17448670168,0.176813191036,0.179139680391,0.181466169747,
    0.183792659103,0.186119148459,0.188445637814,0.19077212717,
    0.193098616526,0.195425105881,0.197751595237,0.200078084593,
    0.202404573949,0.204731063304,0.20705755266,0.209384042016,
    0.211710531372,0.214037020727,0.216363510083,0.218689999439,
    0.221016488794,0.22334297815,0.225669467506,0.227995956862,
    0.230322446217,0.232648935573,0.234975424929,0.237301914285,
    0.23962840364,0.241954892996,0.244281382352,0.246607871708,
    0.248934361063,0.251260850419,0.253587339775,0.25591382913,
    0.258240318486,0.260566807842,0.262893297198,0.265219786553,
    0.267546275909,0.269872765265,0.272199254621,0.274525743976,
    0.276852233332,0.279178722688,0.281505212043,0.283831701399,
    0.286158190755,0.288484680111,0.290811169466,0.293137658822,
    0.295464148178,0.297790637534,0.300117126889,0.302443616245,
    0.304770105601,0.307096594957,0.309423084312,0.311749573668,
    0.314076063024,0.316402552379,0.318729041735,0.321055531091,
    0.323382020447,0.325708509802,0.328034999158,0.330361488514,
    0.33268797787,0.335014467225,0.337340956581,0.339667445937,
    0.341993935292,0.344320424648,0.346646914004,0.34897340336,
    0.351299892715,0.353626382071,0.355952871427,0.358279360783,
    0.360605850138,0.362932339494,0.36525882885,0.367585318206,
    0.369911807561,0.372238296917,0.374564786273,0.376891275628,
    0.379217764984,0.38154425434,0.383870743696,0.386197233051,
    0.388523722407,0.390850211763,0.393176701119,0.395503190474,
    0.39782967983,0.400156169186,0.402482658542,0.404809147897,
    0.407135637253,0.409462126609,0.411788615964,0.41411510532,
    0.416441594676,0.418768084032,0.421094573387,0.423421062743,
    0.425747552099,0.428074041455,0.43040053081,0.432727020166,
    0.435053509522,0.437379998877,0.439706488233,0.442032977589,
    0.444359466945,0.4466859563,0.449012445656,0.451338935012,
    0.453665424368,0.455991913723,0.458318403079,0.460644892435,
    0.462971381791,0.465297871146,0.467624360502,0.469950849858,
    0.472277339213,0.474603828569,0.476930317925,0.479256807281,
    0.481583296636,0.483909785992,0.486236275348,0.488562764704,
    0.490889254059,0.493215743415,0.495542232771,0.497868722126,
    0.500195211482,0.502521700838,0.504848190194,0.507174679549,
    0.509501168905,0.511827658261,0.514154147617,0.516480636972,
    0.518807126328,0.521133615684,0.52346010504,0.525786594395,
    0.528113083751,0.530439573107,0.532766062462,0.535092551818,
    0.537419041174,0.53974553053,0.542072019885,0.544398509241,
    0.546724998597,0.549051487953,0.551377977308,0.553704466664,
    0.55603095602,0.558357445376,0.560683934731,0.563010424087,
    0.565336913443,0.567663402798,0.569989892154,0.57231638151,
    0.574642870866,0.576969360221,0.579295849577,0.581622338933,
    0.583948828289,0.586275317644,0.588601807,0.590928296356,
    0.593254785711,0.595581275067,0.597907764423,0.600234253779,
    0.602560743134,0.60488723249,0.607213721846,0.609540211202,
    0.611866700557,0.614193189913,0.616519679269,0.618846168625,
    0.62117265798,0.623499147336,0.625825636692,0.628152126047,
    0.630478615403,0.632805104759,0.635131594115,0.63745808347,
    0.639784572826,0.642111062182,0.644437551538,0.646764040893,
    0.649090530249,0.651417019605,0.65374350896,0.656069998316,
    0.658396487672,0.660722977028,0.663049466383,0.665375955739,
    0.667702445095,0.670028934451,0.672355423806,0.674681913162,
    0.677008402518,0.679334891874,0.681661381229,0.683987870585,
    0.686314359941,0.688640849296,0.690967338652,0.693293828008,
    0.695620317364,0.697946806719,0.700273296075,0.702599785431,
    0.704926274787,0.707252764142,0.709579253498,0.711905742854,
    0.71423223221,0.716558721565,0.718885210921,0.721211700277,
    0.723538189632,0.725864678988,0.728191168344,0.7305176577,
    0.732844147055,0.735170636411,0.737497125767,0.739823615123,
    0.742150104478,0.744476593834,0.74680308319,0.749129572545,
    0.751456061901,0.753782551257,0.756109040613,0.758435529968,
    0.760762019324,0.76308850868,0.765414998036,0.767741487391,
    0.770067976747,0.772394466103,0.774720955459,0.777047444814,
    0.77937393417,0.781700423526,0.784026912881,0.786353402237,
    0.788679891593,0.791006380949,0.793332870304,0.79565935966,
    0.797985849016,0.800312338372,0.802638827727,0.804965317083,
    0.807291806439,0.809618295794,0.81194478515,0.814271274506,
    0.816597763862,0.818924253217,0.821250742573,0.823577231929,
    0.825903721285,0.82823021064,0.830556699996,0.832883189352,
    0.835209678708,0.837536168063,0.839862657419,0.842189146775,
    0.84451563613,0.846842125486,0.849168614842,0.851495104198,
    0.853821593553,0.856148082909,0.858474572265,0.860801061621,
    0.863127550976,0.865454040332,0.867780529688,0.870107019043,
    0.872433508399,0.874759997755,0.877086487111,0.879412976466,
    0.881739465822,0.884065955178,0.886392444534,0.888718933889,
    0.891045423245,0.893371912601,0.895698401957,0.898024891312,
    0.900351380668,0.902677870024,0.905004359379,0.907330848735,
    0.909657338091,0.911983827447,0.914310316802,0.916636806158,
    0.918963295514,0.92128978487),.QUASI_UNIFORM_KNOTS.);
#3873 = CARTESIAN_POINT('',(3.14159265359,264.5470783252));
#3874 = CARTESIAN_POINT('',(3.146945133219,264.5470783252));
#3875 = CARTESIAN_POINT('',(3.157635112549,264.54455351724));
#3876 = CARTESIAN_POINT('',(3.173629463258,264.53325413384));
#3877 = CARTESIAN_POINT('',(3.189587532737,264.51450482992));
#3878 = CARTESIAN_POINT('',(3.205513603622,264.48836786158));
#3879 = CARTESIAN_POINT('',(3.221411914469,264.45490546579));
#3880 = CARTESIAN_POINT('',(3.237286647664,264.41417995086));
#3881 = CARTESIAN_POINT('',(3.253141927906,264.36625335887));
#3882 = CARTESIAN_POINT('',(3.268981759081,264.31118591046));
#3883 = CARTESIAN_POINT('',(3.284810142314,264.24903895195));
#3884 = CARTESIAN_POINT('',(3.300631078858,264.17987356155));
#3885 = CARTESIAN_POINT('',(3.316448561135,264.10375087484));
#3886 = CARTESIAN_POINT('',(3.332266569598,264.02073206601));
#3887 = CARTESIAN_POINT('',(3.348089058273,263.93087809748));
#3888 = CARTESIAN_POINT('',(3.363919990287,263.83424986175));
#3889 = CARTESIAN_POINT('',(3.379763395829,263.73091023387));
#3890 = CARTESIAN_POINT('',(3.39562330713,263.62092198725));
#3891 = CARTESIAN_POINT('',(3.411503905215,263.50434684398));
#3892 = CARTESIAN_POINT('',(3.42740895925,263.38125083318));
#3893 = CARTESIAN_POINT('',(3.443343884981,263.2516838071));
#3894 = CARTESIAN_POINT('',(3.459308088516,263.11575702409));
#3895 = CARTESIAN_POINT('',(3.475324129226,262.97336370289));
#3896 = CARTESIAN_POINT('',(3.49133288754,262.82515935128));
#3897 = CARTESIAN_POINT('',(3.507290858546,262.67172983031));
#3898 = CARTESIAN_POINT('',(3.523214100656,262.51313243647));
#3899 = CARTESIAN_POINT('',(3.539103838013,262.34955134307));
#3900 = CARTESIAN_POINT('',(3.554965220427,262.18113748668));
#3901 = CARTESIAN_POINT('',(3.570802158235,262.00804352157));
#3902 = CARTESIAN_POINT('',(3.586618839981,261.83042000343));
#3903 = CARTESIAN_POINT('',(3.602419356093,261.64841810146));
#3904 = CARTESIAN_POINT('',(3.618207791099,261.46218862932));
#3905 = CARTESIAN_POINT('',(3.633988193315,261.27188320934));
#3906 = CARTESIAN_POINT('',(3.649764566652,261.07765055047));
#3907 = CARTESIAN_POINT('',(3.665540902309,260.87963769061));
#3908 = CARTESIAN_POINT('',(3.681321221603,260.67799362179));
#3909 = CARTESIAN_POINT('',(3.6971095669,260.4728667557));
#3910 = CARTESIAN_POINT('',(3.712909977566,260.26440587135));
#3911 = CARTESIAN_POINT('',(3.72872655858,260.05275885878));
#3912 = CARTESIAN_POINT('',(3.744563193189,259.83807679657));
#3913 = CARTESIAN_POINT('',(3.760424759095,259.62050092241));
#3914 = CARTESIAN_POINT('',(3.776312954575,259.40021916829));
#3915 = CARTESIAN_POINT('',(3.792241453837,259.17724589436));
#3916 = CARTESIAN_POINT('',(3.8082070756,258.95184302154));
#3917 = CARTESIAN_POINT('',(3.824166383551,258.72485671204));
#3918 = CARTESIAN_POINT('',(3.84008211786,258.4970437522));
#3919 = CARTESIAN_POINT('',(3.855963275193,258.26852857922));
#3920 = CARTESIAN_POINT('',(3.871813720365,258.03948619851));
#3921 = CARTESIAN_POINT('',(3.887637802193,257.81008886451));
#3922 = CARTESIAN_POINT('',(3.903439698137,257.58050964886));
#3923 = CARTESIAN_POINT('',(3.919223579333,257.35092110533));
#3924 = CARTESIAN_POINT('',(3.934993566677,257.12149704197));
#3925 = CARTESIAN_POINT('',(3.9507536936,256.8924033911));
#3926 = CARTESIAN_POINT('',(3.966507972772,256.66380765917));
#3927 = CARTESIAN_POINT('',(3.982260436051,256.43587747171));
#3928 = CARTESIAN_POINT('',(3.998015117177,256.20878047018));
#3929 = CARTESIAN_POINT('',(4.013776050103,255.98268411318));
#3930 = CARTESIAN_POINT('',(4.029547256378,255.75775657486));
#3931 = CARTESIAN_POINT('',(4.045332761403,255.53416238902));
#3932 = CARTESIAN_POINT('',(4.061136672881,255.31207278027));
#3933 = CARTESIAN_POINT('',(4.07696319185,255.09165841621));
#3934 = CARTESIAN_POINT('',(4.092816388661,254.87309178619));
#3935 = CARTESIAN_POINT('',(4.108701028347,254.65653864967));
#3936 = CARTESIAN_POINT('',(4.124619454031,254.4421898639));
#3937 = CARTESIAN_POINT('',(4.140583754002,254.23013642539));
#3938 = CARTESIAN_POINT('',(4.156561213897,254.0210226148));
#3939 = CARTESIAN_POINT('',(4.17250902268,253.81561723008));
#3940 = CARTESIAN_POINT('',(4.188410228801,253.61433740556));
#3941 = CARTESIAN_POINT('',(4.204285016062,253.41708729362));
#3942 = CARTESIAN_POINT('',(4.220133329404,253.22404925851));
#3943 = CARTESIAN_POINT('',(4.235960507191,253.035331471));
#3944 = CARTESIAN_POINT('',(4.251770316214,252.85105923419));
#3945 = CARTESIAN_POINT('',(4.267566869478,252.67135195435));
#3946 = CARTESIAN_POINT('',(4.283354181355,252.4963306298));
#3947 = CARTESIAN_POINT('',(4.299136278742,252.32611578225));
#3948 = CARTESIAN_POINT('',(4.31491716508,252.16082824778));
#3949 = CARTESIAN_POINT('',(4.330700816716,252.00058808155));
#3950 = CARTESIAN_POINT('',(4.346491203851,251.84551435995));
#3951 = CARTESIAN_POINT('',(4.362292341248,251.69572988314));
#3952 = CARTESIAN_POINT('',(4.378108276386,251.55135659826));
#3953 = CARTESIAN_POINT('',(4.39394307763,251.4125166536));
#3954 = CARTESIAN_POINT('',(4.409800856427,251.27933224574));
#3955 = CARTESIAN_POINT('',(4.425685653124,251.15192517702));
#3956 = CARTESIAN_POINT('',(4.441601902431,251.03042115796));
#3957 = CARTESIAN_POINT('',(4.457553209323,250.91495238893));
#3958 = CARTESIAN_POINT('',(4.473546540803,250.8056291932));
#3959 = CARTESIAN_POINT('',(4.489588609016,250.70257164755));
#3960 = CARTESIAN_POINT('',(4.505593480755,250.60645174373));
#3961 = CARTESIAN_POINT('',(4.521560374807,250.51730826705));
#3962 = CARTESIAN_POINT('',(4.537495007125,250.43515638341));
#3963 = CARTESIAN_POINT('',(4.553401164773,250.36001758133));
#3964 = CARTESIAN_POINT('',(4.569283091292,250.29191169086));
#3965 = CARTESIAN_POINT('',(4.585144874542,250.23085899239));
#3966 = CARTESIAN_POINT('',(4.600990601608,250.17687962339));
#3967 = CARTESIAN_POINT('',(4.616824313463,250.12999384261));
#3968 = CARTESIAN_POINT('',(4.632649993863,250.09022152466));
#3969 = CARTESIAN_POINT('',(4.648471585366,250.05758368147));
#3970 = CARTESIAN_POINT('',(4.664293056386,250.03210138552));
#3971 = CARTESIAN_POINT('',(4.680118383564,250.01379569941));
#3972 = CARTESIAN_POINT('',(4.695951548745,250.00268766472));
#3973 = CARTESIAN_POINT('',(4.711796532937,249.99879841699));
#3974 = CARTESIAN_POINT('',(4.727657307623,250.00214873686));
#3975 = CARTESIAN_POINT('',(4.743537921425,250.01276130687));
#3976 = CARTESIAN_POINT('',(4.75944255833,250.03065949098));
#3977 = CARTESIAN_POINT('',(4.775375186259,250.05586541647));
#3978 = CARTESIAN_POINT('',(4.791340806314,250.08840547596));
#3979 = CARTESIAN_POINT('',(4.807340768631,250.12829023743));
#3980 = CARTESIAN_POINT('',(4.823390220106,250.17558930199));
#3981 = CARTESIAN_POINT('',(4.839418596159,250.23005833395));
#3982 = CARTESIAN_POINT('',(4.855396442817,250.29149859166));
#3983 = CARTESIAN_POINT('',(4.871341635037,250.35985358486));
#3984 = CARTESIAN_POINT('',(4.887254830505,250.43501995039));
#3985 = CARTESIAN_POINT('',(4.903141194502,250.51690903687));
#3986 = CARTESIAN_POINT('',(4.919004640095,250.60542789301));
#3987 = CARTESIAN_POINT('',(4.934849336804,250.70048608576));
#3988 = CARTESIAN_POINT('',(4.950679281987,250.80199536851));
#3989 = CARTESIAN_POINT('',(4.966498510018,250.9098670523));
#3990 = CARTESIAN_POINT('',(4.982311033454,251.0240125388));
#3991 = CARTESIAN_POINT('',(4.998120852123,251.14434330956));
#3992 = CARTESIAN_POINT('',(5.013931939282,251.27077043597));
#3993 = CARTESIAN_POINT('',(5.029748254134,251.40320766796));
#3994 = CARTESIAN_POINT('',(5.045573808792,251.54156662253));
#3995 = CARTESIAN_POINT('',(5.061412638949,251.68575891058));
#3996 = CARTESIAN_POINT('',(5.077268842535,251.83569654079));
#3997 = CARTESIAN_POINT('',(5.093146414168,251.99128993672));
#3998 = CARTESIAN_POINT('',(5.109049831562,252.15245546465));
#3999 = CARTESIAN_POINT('',(5.124981853029,252.31908705797));
#4000 = CARTESIAN_POINT('',(5.140952229822,252.49115393372));
#4001 = CARTESIAN_POINT('',(5.156961019635,252.66852154445));
#4002 = CARTESIAN_POINT('',(5.172930683881,252.85015746631));
#4003 = CARTESIAN_POINT('',(5.188859854783,253.03582204789));
#4004 = CARTESIAN_POINT('',(5.204754477964,253.22537057195));
#4005 = CARTESIAN_POINT('',(5.22061850045,253.41863166532));
#4006 = CARTESIAN_POINT('',(5.23645621757,253.61544755773));
#4007 = CARTESIAN_POINT('',(5.252271744758,253.81565947998));
#4008 = CARTESIAN_POINT('',(5.268069221502,254.01910890319));
#4009 = CARTESIAN_POINT('',(5.283852748227,254.22563733628));
#4010 = CARTESIAN_POINT('',(5.299626396624,254.43508589658));
#4011 = CARTESIAN_POINT('',(5.315394193905,254.64729722999));
#4012 = CARTESIAN_POINT('',(5.33116013225,254.86211690926));
#4013 = CARTESIAN_POINT('',(5.34692823276,255.07938695186));
#4014 = CARTESIAN_POINT('',(5.362702533773,255.29895028032));
#4015 = CARTESIAN_POINT('',(5.378487084327,255.52064959595));
#4016 = CARTESIAN_POINT('',(5.394285945279,255.74432757997));
#4017 = CARTESIAN_POINT('',(5.410103154489,255.96982721511));
#4018 = CARTESIAN_POINT('',(5.425942917829,256.19698785489));
#4019 = CARTESIAN_POINT('',(5.441809319104,256.4256458987));
#4020 = CARTESIAN_POINT('',(5.457707052584,256.65564696616));
#4021 = CARTESIAN_POINT('',(5.473638749555,256.88680110064));
#4022 = CARTESIAN_POINT('',(5.489615258594,257.11903625762));
#4023 = CARTESIAN_POINT('',(5.505553664825,257.35091096125));
#4024 = CARTESIAN_POINT('',(5.521451533938,257.58214996797));
#4025 = CARTESIAN_POINT('',(5.537317946953,257.81265734483));
#4026 = CARTESIAN_POINT('',(5.553155880518,258.04224713752));
#4027 = CARTESIAN_POINT('',(5.568969904885,258.27075743497));
#4028 = CARTESIAN_POINT('',(5.584764110529,258.49802017445));
#4029 = CARTESIAN_POINT('',(5.600542664207,258.72386785665));
#4030 = CARTESIAN_POINT('',(5.616309616286,258.94813795799));
#4031 = CARTESIAN_POINT('',(5.632068974701,259.17066680255));
#4032 = CARTESIAN_POINT('',(5.64782476796,259.3912899787));
#4033 = CARTESIAN_POINT('',(5.663581025998,259.60984322021));
#4034 = CARTESIAN_POINT('',(5.679341777284,259.82616241496));
#4035 = CARTESIAN_POINT('',(5.695111042979,260.04008268898));
#4036 = CARTESIAN_POINT('',(5.710892826589,260.25144220985));
#4037 = CARTESIAN_POINT('',(5.726691216964,260.46007226878));
#4038 = CARTESIAN_POINT('',(5.74251033633,260.66580271915));
#4039 = CARTESIAN_POINT('',(5.758354420715,260.86846460947));
#4040 = CARTESIAN_POINT('',(5.774227479939,261.0678856455));
#4041 = CARTESIAN_POINT('',(5.790134538554,261.26390570899));
#4042 = CARTESIAN_POINT('',(5.80607697256,261.45631932041));
#4043 = CARTESIAN_POINT('',(5.822070250611,261.64507101498));
#4044 = CARTESIAN_POINT('',(5.838058989101,261.82929164873));
#4045 = CARTESIAN_POINT('',(5.853997698545,262.00829147379));
#4046 = CARTESIAN_POINT('',(5.8699068063,262.18215350929));
#4047 = CARTESIAN_POINT('',(5.885786629275,262.35072755613));
#4048 = CARTESIAN_POINT('',(5.901642441939,262.51392086774));
#4049 = CARTESIAN_POINT('',(5.917478083503,262.67162702582));
#4050 = CARTESIAN_POINT('',(5.933297662656,262.82374517665));
#4051 = CARTESIAN_POINT('',(5.949105204876,262.9701730158));
#4052 = CARTESIAN_POINT('',(5.96490474178,263.11080862094));
#4053 = CARTESIAN_POINT('',(5.980700279885,263.24554999209));
#4054 = CARTESIAN_POINT('',(5.996495799727,263.3742950578));
#4055 = CARTESIAN_POINT('',(6.012295255213,263.49694377751));
#4056 = CARTESIAN_POINT('',(6.028102633853,263.61339354675));
#4057 = CARTESIAN_POINT('',(6.043921953827,263.7235421537));
#4058 = CARTESIAN_POINT('',(6.059757259923,263.82728731567));
#4059 = CARTESIAN_POINT('',(6.075612606918,263.92452664081));
#4060 = CARTESIAN_POINT('',(6.091492093372,264.01515824475));
#4061 = CARTESIAN_POINT('',(6.107399730473,264.09907783402));
#4062 = CARTESIAN_POINT('',(6.1233403641,264.17617977504));
#4063 = CARTESIAN_POINT('',(6.139316075477,264.24635842843));
#4064 = CARTESIAN_POINT('',(6.155343752079,264.30951492645));
#4065 = CARTESIAN_POINT('',(6.171384133543,264.36544955606));
#4066 = CARTESIAN_POINT('',(6.187391056819,264.41392123846));
#4067 = CARTESIAN_POINT('',(6.203354024897,264.45488505782));
#4068 = CARTESIAN_POINT('',(6.219287195065,264.48841003816));
#4069 = CARTESIAN_POINT('',(6.235192085617,264.51449713437));
#4070 = CARTESIAN_POINT('',(6.251073564389,264.53316554446));
#4071 = CARTESIAN_POINT('',(6.266935555933,264.54442956309));
#4072 = CARTESIAN_POINT('',(6.282782185732,264.54830485525));
#4073 = CARTESIAN_POINT('',(6.29861745845,264.54480650797));
#4074 = CARTESIAN_POINT('',(6.314445327831,264.53395071994));
#4075 = CARTESIAN_POINT('',(6.330269763013,264.51575389001));
#4076 = CARTESIAN_POINT('',(6.34609474075,264.49023236886));
#4077 = CARTESIAN_POINT('',(6.361924239361,264.45740249969));
#4078 = CARTESIAN_POINT('',(6.377762234942,264.41728070384));
#4079 = CARTESIAN_POINT('',(6.393612686772,264.36988309749));
#4080 = CARTESIAN_POINT('',(6.409479601655,264.31522728896));
#4081 = CARTESIAN_POINT('',(6.425367126436,264.25333112083));
#4082 = CARTESIAN_POINT('',(6.44127919842,264.18421386653));
#4083 = CARTESIAN_POINT('',(6.457220739505,264.10788888258));
#4084 = CARTESIAN_POINT('',(6.473193190634,264.02439176234));
#4085 = CARTESIAN_POINT('',(6.489211141002,263.93367506877));
#4086 = CARTESIAN_POINT('',(6.50525195178,263.83592283649));
#4087 = CARTESIAN_POINT('',(6.521239496881,263.73171215998));
#4088 = CARTESIAN_POINT('',(6.537191690556,263.6211064783));
#4089 = CARTESIAN_POINT('',(6.55310926875,263.50425421897));
#4090 = CARTESIAN_POINT('',(6.568997444895,263.38127801583));
#4091 = CARTESIAN_POINT('',(6.584860175848,263.25230743895));
#4092 = CARTESIAN_POINT('',(6.600701693757,263.11746953903));
#4093 = CARTESIAN_POINT('',(6.616526025467,262.97688827133));
#4094 = CARTESIAN_POINT('',(6.63233723297,262.83068800997));
#4095 = CARTESIAN_POINT('',(6.648139355538,262.6789930617));
#4096 = CARTESIAN_POINT('',(6.663936417572,262.5219275839));
#4097 = CARTESIAN_POINT('',(6.679732418334,262.35961639883));
#4098 = CARTESIAN_POINT('',(6.695531328917,262.19218139007));
#4099 = CARTESIAN_POINT('',(6.711337156962,262.01974633497));
#4100 = CARTESIAN_POINT('',(6.727153950648,261.84243545374));
#4101 = CARTESIAN_POINT('',(6.74298576235,261.66037308651));
#4102 = CARTESIAN_POINT('',(6.758836748833,261.47368265095));
#4103 = CARTESIAN_POINT('',(6.774710769727,261.28249113454));
#4104 = CARTESIAN_POINT('',(6.790612856486,261.08691217797));
#4105 = CARTESIAN_POINT('',(6.806544054403,260.88711606404));
#4106 = CARTESIAN_POINT('',(6.82252087442,260.68307333174));
#4107 = CARTESIAN_POINT('',(6.838502237277,260.47549771102));
#4108 = CARTESIAN_POINT('',(6.854433883168,260.26532689559));
#4109 = CARTESIAN_POINT('',(6.870332368376,260.05258430198));
#4110 = CARTESIAN_POINT('',(6.886196310139,259.83752626341));
#4111 = CARTESIAN_POINT('',(6.902033131168,259.62028688564));
#4112 = CARTESIAN_POINT('',(6.917846169406,259.40104792454));
#4113 = CARTESIAN_POINT('',(6.933639800362,259.17997874681));
#4114 = CARTESIAN_POINT('',(6.949418089576,258.95725204513));
#4115 = CARTESIAN_POINT('',(6.965185145613,258.73303959747));
#4116 = CARTESIAN_POINT('',(6.980945017719,258.50751351469));
#4117 = CARTESIAN_POINT('',(6.996701706796,258.28083940579));
#4118 = CARTESIAN_POINT('',(7.012459232056,258.05318629481));
#4119 = CARTESIAN_POINT('',(7.028221633532,257.82472253484));
#4120 = CARTESIAN_POINT('',(7.043992959736,257.5956166641));
#4121 = CARTESIAN_POINT('',(7.059777278025,257.36603715119));
#4122 = CARTESIAN_POINT('',(7.075578608626,257.13615255804));
#4123 = CARTESIAN_POINT('',(7.091401179983,256.90613144005));
#4124 = CARTESIAN_POINT('',(7.107248868835,256.67615005816));
#4125 = CARTESIAN_POINT('',(7.123127092059,256.44636215286));
#4126 = CARTESIAN_POINT('',(7.139035687912,256.21700479029));
#4127 = CARTESIAN_POINT('',(7.1549957301,255.98801523855));
#4128 = CARTESIAN_POINT('',(7.170965420795,255.760230523));
#4129 = CARTESIAN_POINT('',(7.186888314315,255.53468745596));
#4130 = CARTESIAN_POINT('',(7.202778967459,255.31138733777));
#4131 = CARTESIAN_POINT('',(7.218638910495,255.09052007768));
#4132 = CARTESIAN_POINT('',(7.234473121292,254.87222511753));
#4133 = CARTESIAN_POINT('',(7.250285601069,254.65665515994));
#4134 = CARTESIAN_POINT('',(7.266080557458,254.44396033177));
#4135 = CARTESIAN_POINT('',(7.281862057229,254.23428764132));
#4136 = CARTESIAN_POINT('',(7.297634099251,254.02778114749));
#4137 = CARTESIAN_POINT('',(7.313400700322,253.8245868914));
#4138 = CARTESIAN_POINT('',(7.329165878719,253.62485042212));
#4139 = CARTESIAN_POINT('',(7.344933650198,253.42871727468));
#4140 = CARTESIAN_POINT('',(7.360708024056,253.23633353237));
#4141 = CARTESIAN_POINT('',(7.376492986535,253.04784309947));
#4142 = CARTESIAN_POINT('',(7.392292576595,252.86339230771));
#4143 = CARTESIAN_POINT('',(7.408110895826,252.68313073096));
#4144 = CARTESIAN_POINT('',(7.423952073364,252.5072071823));
#4145 = CARTESIAN_POINT('',(7.439820323069,252.33577031426));
#4146 = CARTESIAN_POINT('',(7.45571971181,252.16897018229));
#4147 = CARTESIAN_POINT('',(7.471654990303,252.00695139074));
#4148 = CARTESIAN_POINT('',(7.487628665181,251.84988781051));
#4149 = CARTESIAN_POINT('',(7.503654431189,251.69785610167));
#4150 = CARTESIAN_POINT('',(7.519639751224,251.55189048821));
#4151 = CARTESIAN_POINT('',(7.535587884735,251.41206054009));
#4152 = CARTESIAN_POINT('',(7.551504636492,251.27841575149));
#4153 = CARTESIAN_POINT('',(7.567393848573,251.15102391907));
#4154 = CARTESIAN_POINT('',(7.58325980612,251.02994717183));
#4155 = CARTESIAN_POINT('',(7.599106522169,250.91524811266));
#4156 = CARTESIAN_POINT('',(7.614938060953,250.80698916857));
#4157 = CARTESIAN_POINT('',(7.630758453831,250.70523282887));
#4158 = CARTESIAN_POINT('',(7.646571713714,250.61004150957));
#4159 = CARTESIAN_POINT('',(7.662381824803,250.52147785757));
#4160 = CARTESIAN_POINT('',(7.678192732655,250.43960315479));
#4161 = CARTESIAN_POINT('',(7.694008397271,250.36448100111));
#4162 = CARTESIAN_POINT('',(7.709832811023,250.29617487376));
#4163 = CARTESIAN_POINT('',(7.725669984841,250.23474825566));
#4164 = CARTESIAN_POINT('',(7.741523954558,250.18026472952));
#4165 = CARTESIAN_POINT('',(7.757398733071,250.13278747328));
#4166 = CARTESIAN_POINT('',(7.773298463594,250.09238129737));
#4167 = CARTESIAN_POINT('',(7.789227165211,250.05911306519));
#4168 = CARTESIAN_POINT('',(7.805189741692,250.03304912468));
#4169 = CARTESIAN_POINT('',(7.821187946485,250.0142556383));
#4170 = CARTESIAN_POINT('',(7.837235673166,250.00280465857));
#4171 = CARTESIAN_POINT('',(7.853276136461,249.9987750813));
#4172 = CARTESIAN_POINT('',(7.869262182641,250.00213915093));
#4173 = CARTESIAN_POINT('',(7.88521705939,250.01283080891));
#4174 = CARTESIAN_POINT('',(7.901139909464,250.030801598));
#4175 = CARTESIAN_POINT('',(7.917036294297,250.05599834294));
#4176 = CARTESIAN_POINT('',(7.932910006977,250.08836913924));
#4177 = CARTESIAN_POINT('',(7.948765257443,250.1278617174));
#4178 = CARTESIAN_POINT('',(7.964606080335,250.17442399712));
#4179 = CARTESIAN_POINT('',(7.980436453951,250.22800710571));
#4180 = CARTESIAN_POINT('',(7.996260354509,250.28856136498));
#4181 = CARTESIAN_POINT('',(8.01208176763,250.35603728606));
#4182 = CARTESIAN_POINT('',(8.027904676863,250.43038532971));
#4183 = CARTESIAN_POINT('',(8.043733062345,250.51155596877));
#4184 = CARTESIAN_POINT('',(8.059570881777,250.59949967822));
#4185 = CARTESIAN_POINT('',(8.075422126569,250.69416819243));
#4186 = CARTESIAN_POINT('',(8.091290868265,250.79551182364));
#4187 = CARTESIAN_POINT('',(8.10718120845,250.90348106363));
#4188 = CARTESIAN_POINT('',(8.123097322464,251.01802665185));
#4189 = CARTESIAN_POINT('',(8.139043293686,251.13909815751));
#4190 = CARTESIAN_POINT('',(8.155023694338,251.2666495831));
#4191 = CARTESIAN_POINT('',(8.171051570128,251.40070588294));
#4192 = CARTESIAN_POINT('',(8.187051196907,251.5405191014));
#4193 = CARTESIAN_POINT('',(8.203006209717,251.6857550074));
#4194 = CARTESIAN_POINT('',(8.21892637688,251.8363150272));
#4195 = CARTESIAN_POINT('',(8.234814549155,251.99204377687));
#4196 = CARTESIAN_POINT('',(8.250675359248,252.15280169129));
#4197 = CARTESIAN_POINT('',(8.266512917597,252.31844486523));
#4198 = CARTESIAN_POINT('',(8.28233132469,252.48883553317));
#4199 = CARTESIAN_POINT('',(8.298134646659,252.66383529965));
#4200 = CARTESIAN_POINT('',(8.313926944951,252.84330588749));
#4201 = CARTESIAN_POINT('',(8.329712260045,253.02710917632));
#4202 = CARTESIAN_POINT('',(8.345494609877,253.21510630022));
#4203 = CARTESIAN_POINT('',(8.361277975751,253.40716125354));
#4204 = CARTESIAN_POINT('',(8.377066359124,253.60313718434));
#4205 = CARTESIAN_POINT('',(8.39286379863,253.80289533821));
#4206 = CARTESIAN_POINT('',(8.408674360109,254.00629750756));
#4207 = CARTESIAN_POINT('',(8.424502121345,254.21320520008));
#4208 = CARTESIAN_POINT('',(8.440351206096,254.42348051551));
#4209 = CARTESIAN_POINT('',(8.456225625786,254.63698347007));
#4210 = CARTESIAN_POINT('',(8.472130052055,254.85357606795));
#4211 = CARTESIAN_POINT('',(8.488067353534,255.07309426089));
#4212 = CARTESIAN_POINT('',(8.504047248736,255.2954734822));
#4213 = CARTESIAN_POINT('',(8.519998782453,255.51950122309));
#4214 = CARTESIAN_POINT('',(8.535903313388,255.74467653115));
#4215 = CARTESIAN_POINT('',(8.551776530537,255.97098023465));
#4216 = CARTESIAN_POINT('',(8.567619731323,256.19819477779));
#4217 = CARTESIAN_POINT('',(8.583437887548,256.42616157216));
#4218 = CARTESIAN_POINT('',(8.59923495552,256.65470650539));
#4219 = CARTESIAN_POINT('',(8.615015131895,256.88365958157));
#4220 = CARTESIAN_POINT('',(8.630782508061,257.11284986294));
#4221 = CARTESIAN_POINT('',(8.646541158626,257.3421060626));
#4222 = CARTESIAN_POINT('',(8.66229509046,257.57126201791));
#4223 = CARTESIAN_POINT('',(8.678048313231,257.80014753035));
#4224 = CARTESIAN_POINT('',(8.693804865946,258.02859288852));
#4225 = CARTESIAN_POINT('',(8.709568774289,258.25642792542));
#4226 = CARTESIAN_POINT('',(8.725344161163,258.48348380931));
#4227 = CARTESIAN_POINT('',(8.741134810441,258.70958682295));
#4228 = CARTESIAN_POINT('',(8.756946170744,258.93458780623));
#4229 = CARTESIAN_POINT('',(8.772781871334,259.1583009711));
#4230 = CARTESIAN_POINT('',(8.788645075157,259.38053420529));
#4231 = CARTESIAN_POINT('',(8.804540701524,259.60111838079));
#4232 = CARTESIAN_POINT('',(8.820467412615,259.81979875683));
#4233 = CARTESIAN_POINT('',(8.836447415027,260.03664005941));
#4234 = CARTESIAN_POINT('',(8.852411314437,260.25046131494));
#4235 = CARTESIAN_POINT('',(8.868331584591,260.46069362113));
#4236 = CARTESIAN_POINT('',(8.884221068663,260.66731616655));
#4237 = CARTESIAN_POINT('',(8.90008174815,260.87016125205));
#4238 = CARTESIAN_POINT('',(8.915918461275,261.06910063842));
#4239 = CARTESIAN_POINT('',(8.931735220129,261.26399513445));
#4240 = CARTESIAN_POINT('',(8.947536184384,261.45470989702));
#4241 = CARTESIAN_POINT('',(8.963325342695,261.64111300426));
#4242 = CARTESIAN_POINT('',(8.97910671182,261.82307039885));
#4243 = CARTESIAN_POINT('',(8.994884305652,262.0004485709));
#4244 = CARTESIAN_POINT('',(9.010662135163,262.17311392648));
#4245 = CARTESIAN_POINT('',(9.02644420317,262.34093266033));
#4246 = CARTESIAN_POINT('',(9.042234489067,262.50377189662));
#4247 = CARTESIAN_POINT('',(9.058036995426,262.66149821293));
#4248 = CARTESIAN_POINT('',(9.073855792787,262.81397416421));
#4249 = CARTESIAN_POINT('',(9.089694965769,262.96106306646));
#4250 = CARTESIAN_POINT('',(9.105558724082,263.10262869028));
#4251 = CARTESIAN_POINT('',(9.121450974053,263.23853222679));
#4252 = CARTESIAN_POINT('',(9.137376883298,263.36864473046));
#4253 = CARTESIAN_POINT('',(9.153337109214,263.49279642533));
#4254 = CARTESIAN_POINT('',(9.169349949265,263.61094405651));
#4255 = CARTESIAN_POINT('',(9.18538493775,263.72269096173));
#4256 = CARTESIAN_POINT('',(9.201385371982,263.8275305392));
#4257 = CARTESIAN_POINT('',(9.217363659539,263.92547852147));
#4258 = CARTESIAN_POINT('',(9.233321802159,264.0164678581));
#4259 = CARTESIAN_POINT('',(9.249264544768,264.10045372657));
#4260 = CARTESIAN_POINT('',(9.265195784343,264.17738712911));
#4261 = CARTESIAN_POINT('',(9.281119635216,264.24722044752));
#4262 = CARTESIAN_POINT('',(9.297040150883,264.30990567624));
#4263 = CARTESIAN_POINT('',(9.312961396449,264.36539497968));
#4264 = CARTESIAN_POINT('',(9.328887399927,264.4136402297));
#4265 = CARTESIAN_POINT('',(9.344822244565,264.454594389));
#4266 = CARTESIAN_POINT('',(9.360769992658,264.48821025656));
#4267 = CARTESIAN_POINT('',(9.376734732025,264.51444029859));
#4268 = CARTESIAN_POINT('',(9.392720593566,264.53323707045));
#4269 = CARTESIAN_POINT('',(9.408731736236,264.54455310362));
#4270 = CARTESIAN_POINT('',(9.419425479818,264.5470783252));
#4271 = CARTESIAN_POINT('',(9.424777960769,264.5470783252));
#4272 = ( GEOMETRIC_REPRESENTATION_CONTEXT(2) 
PARAMETRIC_REPRESENTATION_CONTEXT() REPRESENTATION_CONTEXT('2D SPACE',''
  ) );
#4273 = ADVANCED_FACE('',(#4274),#4287,.T.);
#4274 = FACE_BOUND('',#4275,.T.);
#4275 = EDGE_LOOP('',(#4276));
#4276 = ORIENTED_EDGE('',*,*,#4277,.T.);
#4277 = EDGE_CURVE('',#4278,#4278,#4280,.T.);
#4278 = VERTEX_POINT('',#4279);
#4279 = CARTESIAN_POINT('',(0.,-2.E+03,-250.));
#4280 = SURFACE_CURVE('',#4281,(#4286,#4298),.PCURVE_S1.);
#4281 = CIRCLE('',#4282,250.);
#4282 = AXIS2_PLACEMENT_3D('',#4283,#4284,#4285);
#4283 = CARTESIAN_POINT('',(0.,-2.E+03,0.));
#4284 = DIRECTION('',(0.,-1.,0.));
#4285 = DIRECTION('',(0.,0.,-1.));
#4286 = PCURVE('',#4287,#4292);
#4287 = PLANE('',#4288);
#4288 = AXIS2_PLACEMENT_3D('',#4289,#4290,#4291);
#4289 = CARTESIAN_POINT('',(-3.552713678801E-12,-2.E+03,0.));
#4290 = DIRECTION('',(0.,-1.,0.));
#4291 = DIRECTION('',(0.,0.,-1.));
#4292 = DEFINITIONAL_REPRESENTATION('',(#4293),#4297);
#4293 = CIRCLE('',#4294,250.);
#4294 = AXIS2_PLACEMENT_2D('',#4295,#4296);
#4295 = CARTESIAN_POINT('',(0.,3.552713678801E-12));
#4296 = DIRECTION('',(1.,0.));
#4297 = ( GEOMETRIC_REPRESENTATION_CONTEXT(2) 
PARAMETRIC_REPRESENTATION_CONTEXT() REPRESENTATION_CONTEXT('2D SPACE',''
  ) );
#4298 = PCURVE('',#2217,#4299);
#4299 = DEFINITIONAL_REPRESENTATION('',(#4300),#4304);
#4300 = LINE('',#4301,#4302);
#4301 = CARTESIAN_POINT('',(0.,7.853981633974));
#4302 = VECTOR('',#4303,1.);
#4303 = DIRECTION('',(1.,0.));
#4304 = ( GEOMETRIC_REPRESENTATION_CONTEXT(2) 
PARAMETRIC_REPRESENTATION_CONTEXT() REPRESENTATION_CONTEXT('2D SPACE',''
  ) );
#4305 = ADVANCED_FACE('',(#4306),#2217,.T.);
#4306 = FACE_BOUND('',#4307,.T.);
#4307 = EDGE_LOOP('',(#4308,#4309,#4336,#4337));
#4308 = ORIENTED_EDGE('',*,*,#2202,.T.);
#4309 = ORIENTED_EDGE('',*,*,#4310,.T.);
#4310 = EDGE_CURVE('',#2181,#4278,#4311,.T.);
#4311 = SEAM_CURVE('',#4312,(#4322,#4329),.PCURVE_S1.);
#4312 = B_SPLINE_CURVE_WITH_KNOTS('',8,(#4313,#4314,#4315,#4316,#4317,
    #4318,#4319,#4320,#4321),.UNSPECIFIED.,.F.,.F.,(9,9),(0.,
    1.570796326795),.PIECEWISE_BEZIER_KNOTS.);
#4313 = CARTESIAN_POINT('',(0.,-1.5E+03,-750.));
#4314 = CARTESIAN_POINT('',(0.,-1.598174770425E+03,-750.));
#4315 = CARTESIAN_POINT('',(0.,-1.696349571752E+03,-727.9696055193));
#4316 = CARTESIAN_POINT('',(0.,-1.788756617168E+03,-683.9090329357));
#4317 = CARTESIAN_POINT('',(0.,-1.86962937789E+03,-619.6293778899));
#4318 = CARTESIAN_POINT('',(0.,-1.933909032936E+03,-538.7566171675));
#4319 = CARTESIAN_POINT('',(0.,-1.977969605519E+03,-446.3495717521));
#4320 = CARTESIAN_POINT('',(0.,-2.E+03,-348.1747704246));
#4321 = CARTESIAN_POINT('',(0.,-2.E+03,-250.));
#4322 = PCURVE('',#2217,#4323);
#4323 = DEFINITIONAL_REPRESENTATION('',(#4324),#4328);
#4324 = LINE('',#4325,#4326);
#4325 = CARTESIAN_POINT('',(6.28318530718,6.28318530718));
#4326 = VECTOR('',#4327,1.);
#4327 = DIRECTION('',(0.,1.));
#4328 = ( GEOMETRIC_REPRESENTATION_CONTEXT(2) 
PARAMETRIC_REPRESENTATION_CONTEXT() REPRESENTATION_CONTEXT('2D SPACE',''
  ) );
#4329 = PCURVE('',#2217,#4330);
#4330 = DEFINITIONAL_REPRESENTATION('',(#4331),#4335);
#4331 = LINE('',#4332,#4333);
#4332 = CARTESIAN_POINT('',(0.,6.28318530718));
#4333 = VECTOR('',#4334,1.);
#4334 = DIRECTION('',(0.,1.));
#4335 = ( GEOMETRIC_REPRESENTATION_CONTEXT(2) 
PARAMETRIC_REPRESENTATION_CONTEXT() REPRESENTATION_CONTEXT('2D SPACE',''
  ) );
#4336 = ORIENTED_EDGE('',*,*,#4277,.F.);
#4337 = ORIENTED_EDGE('',*,*,#4310,.F.);
#4338 = ADVANCED_FACE('',(#4339),#2146,.T.);
#4339 = FACE_BOUND('',#4340,.T.);
#4340 = EDGE_LOOP('',(#4341,#4374,#4401,#4402));
#4341 = ORIENTED_EDGE('',*,*,#4342,.T.);
#4342 = EDGE_CURVE('',#4343,#4343,#4345,.T.);
#4343 = VERTEX_POINT('',#4344);
#4344 = CARTESIAN_POINT('',(0.,2.E+03,-250.));
#4345 = SURFACE_CURVE('',#4346,(#4351,#4358),.PCURVE_S1.);
#4346 = CIRCLE('',#4347,250.);
#4347 = AXIS2_PLACEMENT_3D('',#4348,#4349,#4350);
#4348 = CARTESIAN_POINT('',(0.,2.E+03,0.));
#4349 = DIRECTION('',(0.,-1.,0.));
#4350 = DIRECTION('',(0.,0.,-1.));
#4351 = PCURVE('',#2146,#4352);
#4352 = DEFINITIONAL_REPRESENTATION('',(#4353),#4357);
#4353 = LINE('',#4354,#4355);
#4354 = CARTESIAN_POINT('',(0.,4.712388980385));
#4355 = VECTOR('',#4356,1.);
#4356 = DIRECTION('',(1.,0.));
#4357 = ( GEOMETRIC_REPRESENTATION_CONTEXT(2) 
PARAMETRIC_REPRESENTATION_CONTEXT() REPRESENTATION_CONTEXT('2D SPACE',''
  ) );
#4358 = PCURVE('',#4359,#4364);
#4359 = PLANE('',#4360);
#4360 = AXIS2_PLACEMENT_3D('',#4361,#4362,#4363);
#4361 = CARTESIAN_POINT('',(-3.552713678801E-12,2.E+03,0.));
#4362 = DIRECTION('',(0.,1.,0.));
#4363 = DIRECTION('',(0.,0.,1.));
#4364 = DEFINITIONAL_REPRESENTATION('',(#4365),#4373);
#4365 = ( BOUNDED_CURVE() B_SPLINE_CURVE(2,(#4366,#4367,#4368,#4369,
#4370,#4371,#4372),.UNSPECIFIED.,.T.,.F.) B_SPLINE_CURVE_WITH_KNOTS((1,2
    ,2,2,2,1),(-2.094395102393,0.,2.094395102393,4.188790204786,
6.28318530718,8.377580409573),.UNSPECIFIED.) CURVE() 
GEOMETRIC_REPRESENTATION_ITEM() RATIONAL_B_SPLINE_CURVE((1.,0.5,1.,0.5,
1.,0.5,1.)) REPRESENTATION_ITEM('') );
#4366 = CARTESIAN_POINT('',(-250.,3.552713678801E-12));
#4367 = CARTESIAN_POINT('',(-250.,433.01270189222));
#4368 = CARTESIAN_POINT('',(125.,216.50635094611));
#4369 = CARTESIAN_POINT('',(500.,3.613946018758E-12));
#4370 = CARTESIAN_POINT('',(125.,-216.5063509461));
#4371 = CARTESIAN_POINT('',(-250.,-433.0127018922));
#4372 = CARTESIAN_POINT('',(-250.,3.552713678801E-12));
#4373 = ( GEOMETRIC_REPRESENTATION_CONTEXT(2) 
PARAMETRIC_REPRESENTATION_CONTEXT() REPRESENTATION_CONTEXT('2D SPACE',''
  ) );
#4374 = ORIENTED_EDGE('',*,*,#4375,.T.);
#4375 = EDGE_CURVE('',#4343,#2125,#4376,.T.);
#4376 = SEAM_CURVE('',#4377,(#4387,#4394),.PCURVE_S1.);
#4377 = B_SPLINE_CURVE_WITH_KNOTS('',8,(#4378,#4379,#4380,#4381,#4382,
    #4383,#4384,#4385,#4386),.UNSPECIFIED.,.F.,.F.,(9,9),(4.712388980385
    ,6.28318530718),.PIECEWISE_BEZIER_KNOTS.);
#4378 = CARTESIAN_POINT('',(0.,2.E+03,-250.));
#4379 = CARTESIAN_POINT('',(0.,2.E+03,-348.1747704246));
#4380 = CARTESIAN_POINT('',(0.,1.977969605519E+03,-446.3495717521));
#4381 = CARTESIAN_POINT('',(0.,1.933909032936E+03,-538.7566171674));
#4382 = CARTESIAN_POINT('',(0.,1.86962937789E+03,-619.62937789));
#4383 = CARTESIAN_POINT('',(0.,1.788756617167E+03,-683.9090329356));
#4384 = CARTESIAN_POINT('',(0.,1.696349571752E+03,-727.9696055194));
#4385 = CARTESIAN_POINT('',(0.,1.598174770425E+03,-749.9999999999));
#4386 = CARTESIAN_POINT('',(0.,1.5E+03,-750.));
#4387 = PCURVE('',#2146,#4388);
#4388 = DEFINITIONAL_REPRESENTATION('',(#4389),#4393);
#4389 = LINE('',#4390,#4391);
#4390 = CARTESIAN_POINT('',(6.28318530718,0.));
#4391 = VECTOR('',#4392,1.);
#4392 = DIRECTION('',(0.,1.));
#4393 = ( GEOMETRIC_REPRESENTATION_CONTEXT(2) 
PARAMETRIC_REPRESENTATION_CONTEXT() REPRESENTATION_CONTEXT('2D SPACE',''
  ) );
#4394 = PCURVE('',#2146,#4395);
#4395 = DEFINITIONAL_REPRESENTATION('',(#4396),#4400);
#4396 = LINE('',#4397,#4398);
#4397 = CARTESIAN_POINT('',(0.,0.));
#4398 = VECTOR('',#4399,1.);
#4399 = DIRECTION('',(0.,1.));
#4400 = ( GEOMETRIC_REPRESENTATION_CONTEXT(2) 
PARAMETRIC_REPRESENTATION_CONTEXT() REPRESENTATION_CONTEXT('2D SPACE',''
  ) );
#4401 = ORIENTED_EDGE('',*,*,#2124,.F.);
#4402 = ORIENTED_EDGE('',*,*,#4375,.F.);
#4403 = ADVANCED_FACE('',(#4404),#4359,.T.);
#4404 = FACE_BOUND('',#4405,.T.);
#4405 = EDGE_LOOP('',(#4406));
#4406 = ORIENTED_EDGE('',*,*,#4342,.F.);
#4407 = ADVANCED_FACE('',(#4408),#3866,.T.);
#4408 = FACE_BOUND('',#4409,.T.);
#4409 = EDGE_LOOP('',(#4410,#4439,#4459,#4460));
#4410 = ORIENTED_EDGE('',*,*,#4411,.F.);
#4411 = EDGE_CURVE('',#4412,#4412,#4414,.T.);
#4412 = VERTEX_POINT('',#4413);
#4413 = CARTESIAN_POINT('',(1.E+03,1.2E+03,-147.));
#4414 = SURFACE_CURVE('',#4415,(#4420,#4427),.PCURVE_S1.);
#4415 = CIRCLE('',#4416,147.);
#4416 = AXIS2_PLACEMENT_3D('',#4417,#4418,#4419);
#4417 = CARTESIAN_POINT('',(1.E+03,1.2E+03,0.));
#4418 = DIRECTION('',(1.,-0.,0.));
#4419 = DIRECTION('',(0.,0.,-1.));
#4420 = PCURVE('',#3866,#4421);
#4421 = DEFINITIONAL_REPRESENTATION('',(#4422),#4426);
#4422 = LINE('',#4423,#4424);
#4423 = CARTESIAN_POINT('',(9.424777960769,0.));
#4424 = VECTOR('',#4425,1.);
#4425 = DIRECTION('',(-1.,0.));
#4426 = ( GEOMETRIC_REPRESENTATION_CONTEXT(2) 
PARAMETRIC_REPRESENTATION_CONTEXT() REPRESENTATION_CONTEXT('2D SPACE',''
  ) );
#4427 = PCURVE('',#4428,#4433);
#4428 = PLANE('',#4429);
#4429 = AXIS2_PLACEMENT_3D('',#4430,#4431,#4432);
#4430 = CARTESIAN_POINT('',(1.E+03,1.2E+03,0.));
#4431 = DIRECTION('',(1.,0.,0.));
#4432 = DIRECTION('',(0.,0.,-1.));
#4433 = DEFINITIONAL_REPRESENTATION('',(#4434),#4438);
#4434 = CIRCLE('',#4435,147.);
#4435 = AXIS2_PLACEMENT_2D('',#4436,#4437);
#4436 = CARTESIAN_POINT('',(0.,0.));
#4437 = DIRECTION('',(1.,0.));
#4438 = ( GEOMETRIC_REPRESENTATION_CONTEXT(2) 
PARAMETRIC_REPRESENTATION_CONTEXT() REPRESENTATION_CONTEXT('2D SPACE',''
  ) );
#4439 = ORIENTED_EDGE('',*,*,#4440,.T.);
#4440 = EDGE_CURVE('',#4412,#3268,#4441,.T.);
#4441 = SEAM_CURVE('',#4442,(#4445,#4452),.PCURVE_S1.);
#4442 = B_SPLINE_CURVE_WITH_KNOTS('',1,(#4443,#4444),.UNSPECIFIED.,.F.,
  .F.,(2,2),(0.,264.5470783252),.PIECEWISE_BEZIER_KNOTS.);
#4443 = CARTESIAN_POINT('',(1.E+03,1.2E+03,-147.));
#4444 = CARTESIAN_POINT('',(735.4529216748,1.2E+03,-147.));
#4445 = PCURVE('',#3866,#4446);
#4446 = DEFINITIONAL_REPRESENTATION('',(#4447),#4451);
#4447 = LINE('',#4448,#4449);
#4448 = CARTESIAN_POINT('',(9.424777960769,0.));
#4449 = VECTOR('',#4450,1.);
#4450 = DIRECTION('',(0.,1.));
#4451 = ( GEOMETRIC_REPRESENTATION_CONTEXT(2) 
PARAMETRIC_REPRESENTATION_CONTEXT() REPRESENTATION_CONTEXT('2D SPACE',''
  ) );
#4452 = PCURVE('',#3866,#4453);
#4453 = DEFINITIONAL_REPRESENTATION('',(#4454),#4458);
#4454 = LINE('',#4455,#4456);
#4455 = CARTESIAN_POINT('',(3.14159265359,0.));
#4456 = VECTOR('',#4457,1.);
#4457 = DIRECTION('',(0.,1.));
#4458 = ( GEOMETRIC_REPRESENTATION_CONTEXT(2) 
PARAMETRIC_REPRESENTATION_CONTEXT() REPRESENTATION_CONTEXT('2D SPACE',''
  ) );
#4459 = ORIENTED_EDGE('',*,*,#3267,.F.);
#4460 = ORIENTED_EDGE('',*,*,#4440,.F.);
#4461 = ADVANCED_FACE('',(#4462,#4493,#4524,#4555,#4586,#4617,#4648,
    #4679,#4710,#4741,#4772,#4803,#4834,#4865),#4428,.F.);
#4462 = FACE_BOUND('',#4463,.T.);
#4463 = EDGE_LOOP('',(#4464));
#4464 = ORIENTED_EDGE('',*,*,#4465,.T.);
#4465 = EDGE_CURVE('',#4466,#4466,#4468,.T.);
#4466 = VERTEX_POINT('',#4467);
#4467 = CARTESIAN_POINT('',(1.E+03,1.350255407557E+03,76.749999999998));
#4468 = SURFACE_CURVE('',#4469,(#4474,#4481),.PCURVE_S1.);
#4469 = CIRCLE('',#4470,10.);
#4470 = AXIS2_PLACEMENT_3D('',#4471,#4472,#4473);
#4471 = CARTESIAN_POINT('',(1.E+03,1.350255407557E+03,86.749999999998));
#4472 = DIRECTION('',(1.,-0.,0.));
#4473 = DIRECTION('',(0.,0.,-1.));
#4474 = PCURVE('',#4428,#4475);
#4475 = DEFINITIONAL_REPRESENTATION('',(#4476),#4480);
#4476 = CIRCLE('',#4477,10.);
#4477 = AXIS2_PLACEMENT_2D('',#4478,#4479);
#4478 = CARTESIAN_POINT('',(-86.74999999999,150.2554075566));
#4479 = DIRECTION('',(1.,0.));
#4480 = ( GEOMETRIC_REPRESENTATION_CONTEXT(2) 
PARAMETRIC_REPRESENTATION_CONTEXT() REPRESENTATION_CONTEXT('2D SPACE',''
  ) );
#4481 = PCURVE('',#4482,#4487);
#4482 = CYLINDRICAL_SURFACE('',#4483,10.);
#4483 = AXIS2_PLACEMENT_3D('',#4484,#4485,#4486);
#4484 = CARTESIAN_POINT('',(925.4,1.350255407557E+03,86.749999999998));
#4485 = DIRECTION('',(1.,0.,0.));
#4486 = DIRECTION('',(0.,0.,-1.));
#4487 = DEFINITIONAL_REPRESENTATION('',(#4488),#4492);
#4488 = LINE('',#4489,#4490);
#4489 = CARTESIAN_POINT('',(0.,74.6));
#4490 = VECTOR('',#4491,1.);
#4491 = DIRECTION('',(1.,0.));
#4492 = ( GEOMETRIC_REPRESENTATION_CONTEXT(2) 
PARAMETRIC_REPRESENTATION_CONTEXT() REPRESENTATION_CONTEXT('2D SPACE',''
  ) );
#4493 = FACE_BOUND('',#4494,.T.);
#4494 = EDGE_LOOP('',(#4495));
#4495 = ORIENTED_EDGE('',*,*,#4496,.T.);
#4496 = EDGE_CURVE('',#4497,#4497,#4499,.T.);
#4497 = VERTEX_POINT('',#4498);
#4498 = CARTESIAN_POINT('',(1.E+03,1.28675E+03,140.25540755659));
#4499 = SURFACE_CURVE('',#4500,(#4505,#4512),.PCURVE_S1.);
#4500 = CIRCLE('',#4501,10.);
#4501 = AXIS2_PLACEMENT_3D('',#4502,#4503,#4504);
#4502 = CARTESIAN_POINT('',(1.E+03,1.28675E+03,150.25540755659));
#4503 = DIRECTION('',(1.,-0.,0.));
#4504 = DIRECTION('',(0.,0.,-1.));
#4505 = PCURVE('',#4428,#4506);
#4506 = DEFINITIONAL_REPRESENTATION('',(#4507),#4511);
#4507 = CIRCLE('',#4508,10.);
#4508 = AXIS2_PLACEMENT_2D('',#4509,#4510);
#4509 = CARTESIAN_POINT('',(-150.2554075565,86.750000000002));
#4510 = DIRECTION('',(1.,0.));
#4511 = ( GEOMETRIC_REPRESENTATION_CONTEXT(2) 
PARAMETRIC_REPRESENTATION_CONTEXT() REPRESENTATION_CONTEXT('2D SPACE',''
  ) );
#4512 = PCURVE('',#4513,#4518);
#4513 = CYLINDRICAL_SURFACE('',#4514,10.);
#4514 = AXIS2_PLACEMENT_3D('',#4515,#4516,#4517);
#4515 = CARTESIAN_POINT('',(925.4,1.28675E+03,150.25540755659));
#4516 = DIRECTION('',(1.,0.,0.));
#4517 = DIRECTION('',(0.,0.,-1.));
#4518 = DEFINITIONAL_REPRESENTATION('',(#4519),#4523);
#4519 = LINE('',#4520,#4521);
#4520 = CARTESIAN_POINT('',(0.,74.6));
#4521 = VECTOR('',#4522,1.);
#4522 = DIRECTION('',(1.,0.));
#4523 = ( GEOMETRIC_REPRESENTATION_CONTEXT(2) 
PARAMETRIC_REPRESENTATION_CONTEXT() REPRESENTATION_CONTEXT('2D SPACE',''
  ) );
#4524 = FACE_BOUND('',#4525,.T.);
#4525 = EDGE_LOOP('',(#4526));
#4526 = ORIENTED_EDGE('',*,*,#4527,.T.);
#4527 = EDGE_CURVE('',#4528,#4528,#4530,.T.);
#4528 = VERTEX_POINT('',#4529);
#4529 = CARTESIAN_POINT('',(1.E+03,1.2E+03,163.5));
#4530 = SURFACE_CURVE('',#4531,(#4536,#4543),.PCURVE_S1.);
#4531 = CIRCLE('',#4532,10.);
#4532 = AXIS2_PLACEMENT_3D('',#4533,#4534,#4535);
#4533 = CARTESIAN_POINT('',(1.E+03,1.2E+03,173.5));
#4534 = DIRECTION('',(1.,-0.,0.));
#4535 = DIRECTION('',(0.,0.,-1.));
#4536 = PCURVE('',#4428,#4537);
#4537 = DEFINITIONAL_REPRESENTATION('',(#4538),#4542);
#4538 = CIRCLE('',#4539,10.);
#4539 = AXIS2_PLACEMENT_2D('',#4540,#4541);
#4540 = CARTESIAN_POINT('',(-173.5,1.818989403546E-12));
#4541 = DIRECTION('',(1.,0.));
#4542 = ( GEOMETRIC_REPRESENTATION_CONTEXT(2) 
PARAMETRIC_REPRESENTATION_CONTEXT() REPRESENTATION_CONTEXT('2D SPACE',''
  ) );
#4543 = PCURVE('',#4544,#4549);
#4544 = CYLINDRICAL_SURFACE('',#4545,10.);
#4545 = AXIS2_PLACEMENT_3D('',#4546,#4547,#4548);
#4546 = CARTESIAN_POINT('',(925.4,1.2E+03,173.5));
#4547 = DIRECTION('',(1.,0.,0.));
#4548 = DIRECTION('',(0.,0.,-1.));
#4549 = DEFINITIONAL_REPRESENTATION('',(#4550),#4554);
#4550 = LINE('',#4551,#4552);
#4551 = CARTESIAN_POINT('',(0.,74.6));
#4552 = VECTOR('',#4553,1.);
#4553 = DIRECTION('',(1.,0.));
#4554 = ( GEOMETRIC_REPRESENTATION_CONTEXT(2) 
PARAMETRIC_REPRESENTATION_CONTEXT() REPRESENTATION_CONTEXT('2D SPACE',''
  ) );
#4555 = FACE_BOUND('',#4556,.T.);
#4556 = EDGE_LOOP('',(#4557));
#4557 = ORIENTED_EDGE('',*,*,#4558,.T.);
#4558 = EDGE_CURVE('',#4559,#4559,#4561,.T.);
#4559 = VERTEX_POINT('',#4560);
#4560 = CARTESIAN_POINT('',(1.E+03,1.11325E+03,140.2554075566));
#4561 = SURFACE_CURVE('',#4562,(#4567,#4574),.PCURVE_S1.);
#4562 = CIRCLE('',#4563,10.);
#4563 = AXIS2_PLACEMENT_3D('',#4564,#4565,#4566);
#4564 = CARTESIAN_POINT('',(1.E+03,1.11325E+03,150.2554075566));
#4565 = DIRECTION('',(1.,-0.,0.));
#4566 = DIRECTION('',(0.,0.,-1.));
#4567 = PCURVE('',#4428,#4568);
#4568 = DEFINITIONAL_REPRESENTATION('',(#4569),#4573);
#4569 = CIRCLE('',#4570,10.);
#4570 = AXIS2_PLACEMENT_2D('',#4571,#4572);
#4571 = CARTESIAN_POINT('',(-150.2554075566,-86.74999999999));
#4572 = DIRECTION('',(1.,0.));
#4573 = ( GEOMETRIC_REPRESENTATION_CONTEXT(2) 
PARAMETRIC_REPRESENTATION_CONTEXT() REPRESENTATION_CONTEXT('2D SPACE',''
  ) );
#4574 = PCURVE('',#4575,#4580);
#4575 = CYLINDRICAL_SURFACE('',#4576,10.);
#4576 = AXIS2_PLACEMENT_3D('',#4577,#4578,#4579);
#4577 = CARTESIAN_POINT('',(925.4,1.11325E+03,150.2554075566));
#4578 = DIRECTION('',(1.,0.,0.));
#4579 = DIRECTION('',(0.,0.,-1.));
#4580 = DEFINITIONAL_REPRESENTATION('',(#4581),#4585);
#4581 = LINE('',#4582,#4583);
#4582 = CARTESIAN_POINT('',(0.,74.6));
#4583 = VECTOR('',#4584,1.);
#4584 = DIRECTION('',(1.,0.));
#4585 = ( GEOMETRIC_REPRESENTATION_CONTEXT(2) 
PARAMETRIC_REPRESENTATION_CONTEXT() REPRESENTATION_CONTEXT('2D SPACE',''
  ) );
#4586 = FACE_BOUND('',#4587,.T.);
#4587 = EDGE_LOOP('',(#4588));
#4588 = ORIENTED_EDGE('',*,*,#4589,.T.);
#4589 = EDGE_CURVE('',#4590,#4590,#4592,.T.);
#4590 = VERTEX_POINT('',#4591);
#4591 = CARTESIAN_POINT('',(1.E+03,1.049744592443E+03,76.750000000001));
#4592 = SURFACE_CURVE('',#4593,(#4598,#4605),.PCURVE_S1.);
#4593 = CIRCLE('',#4594,10.);
#4594 = AXIS2_PLACEMENT_3D('',#4595,#4596,#4597);
#4595 = CARTESIAN_POINT('',(1.E+03,1.049744592443E+03,86.750000000001));
#4596 = DIRECTION('',(1.,-0.,0.));
#4597 = DIRECTION('',(0.,0.,-1.));
#4598 = PCURVE('',#4428,#4599);
#4599 = DEFINITIONAL_REPRESENTATION('',(#4600),#4604);
#4600 = CIRCLE('',#4601,10.);
#4601 = AXIS2_PLACEMENT_2D('',#4602,#4603);
#4602 = CARTESIAN_POINT('',(-86.75,-150.2554075565));
#4603 = DIRECTION('',(1.,0.));
#4604 = ( GEOMETRIC_REPRESENTATION_CONTEXT(2) 
PARAMETRIC_REPRESENTATION_CONTEXT() REPRESENTATION_CONTEXT('2D SPACE',''
  ) );
#4605 = PCURVE('',#4606,#4611);
#4606 = CYLINDRICAL_SURFACE('',#4607,10.);
#4607 = AXIS2_PLACEMENT_3D('',#4608,#4609,#4610);
#4608 = CARTESIAN_POINT('',(925.4,1.049744592443E+03,86.750000000001));
#4609 = DIRECTION('',(1.,0.,0.));
#4610 = DIRECTION('',(0.,0.,-1.));
#4611 = DEFINITIONAL_REPRESENTATION('',(#4612),#4616);
#4612 = LINE('',#4613,#4614);
#4613 = CARTESIAN_POINT('',(0.,74.6));
#4614 = VECTOR('',#4615,1.);
#4615 = DIRECTION('',(1.,0.));
#4616 = ( GEOMETRIC_REPRESENTATION_CONTEXT(2) 
PARAMETRIC_REPRESENTATION_CONTEXT() REPRESENTATION_CONTEXT('2D SPACE',''
  ) );
#4617 = FACE_BOUND('',#4618,.T.);
#4618 = EDGE_LOOP('',(#4619));
#4619 = ORIENTED_EDGE('',*,*,#4620,.T.);
#4620 = EDGE_CURVE('',#4621,#4621,#4623,.T.);
#4621 = VERTEX_POINT('',#4622);
#4622 = CARTESIAN_POINT('',(1.E+03,1.0265E+03,-10.));
#4623 = SURFACE_CURVE('',#4624,(#4629,#4636),.PCURVE_S1.);
#4624 = CIRCLE('',#4625,10.);
#4625 = AXIS2_PLACEMENT_3D('',#4626,#4627,#4628);
#4626 = CARTESIAN_POINT('',(1.E+03,1.0265E+03,0.));
#4627 = DIRECTION('',(1.,-0.,0.));
#4628 = DIRECTION('',(0.,0.,-1.));
#4629 = PCURVE('',#4428,#4630);
#4630 = DEFINITIONAL_REPRESENTATION('',(#4631),#4635);
#4631 = CIRCLE('',#4632,10.);
#4632 = AXIS2_PLACEMENT_2D('',#4633,#4634);
#4633 = CARTESIAN_POINT('',(0.,-173.5));
#4634 = DIRECTION('',(1.,0.));
#4635 = ( GEOMETRIC_REPRESENTATION_CONTEXT(2) 
PARAMETRIC_REPRESENTATION_CONTEXT() REPRESENTATION_CONTEXT('2D SPACE',''
  ) );
#4636 = PCURVE('',#4637,#4642);
#4637 = CYLINDRICAL_SURFACE('',#4638,10.);
#4638 = AXIS2_PLACEMENT_3D('',#4639,#4640,#4641);
#4639 = CARTESIAN_POINT('',(925.4,1.0265E+03,0.));
#4640 = DIRECTION('',(1.,0.,0.));
#4641 = DIRECTION('',(0.,0.,-1.));
#4642 = DEFINITIONAL_REPRESENTATION('',(#4643),#4647);
#4643 = LINE('',#4644,#4645);
#4644 = CARTESIAN_POINT('',(0.,74.6));
#4645 = VECTOR('',#4646,1.);
#4646 = DIRECTION('',(1.,0.));
#4647 = ( GEOMETRIC_REPRESENTATION_CONTEXT(2) 
PARAMETRIC_REPRESENTATION_CONTEXT() REPRESENTATION_CONTEXT('2D SPACE',''
  ) );
#4648 = FACE_BOUND('',#4649,.T.);
#4649 = EDGE_LOOP('',(#4650));
#4650 = ORIENTED_EDGE('',*,*,#4651,.T.);
#4651 = EDGE_CURVE('',#4652,#4652,#4654,.T.);
#4652 = VERTEX_POINT('',#4653);
#4653 = CARTESIAN_POINT('',(1.E+03,1.049744592443E+03,-96.74999999999));
#4654 = SURFACE_CURVE('',#4655,(#4660,#4667),.PCURVE_S1.);
#4655 = CIRCLE('',#4656,10.);
#4656 = AXIS2_PLACEMENT_3D('',#4657,#4658,#4659);
#4657 = CARTESIAN_POINT('',(1.E+03,1.049744592443E+03,-86.74999999999));
#4658 = DIRECTION('',(1.,-0.,0.));
#4659 = DIRECTION('',(0.,0.,-1.));
#4660 = PCURVE('',#4428,#4661);
#4661 = DEFINITIONAL_REPRESENTATION('',(#4662),#4666);
#4662 = CIRCLE('',#4663,10.);
#4663 = AXIS2_PLACEMENT_2D('',#4664,#4665);
#4664 = CARTESIAN_POINT('',(86.749999999999,-150.2554075566));
#4665 = DIRECTION('',(1.,0.));
#4666 = ( GEOMETRIC_REPRESENTATION_CONTEXT(2) 
PARAMETRIC_REPRESENTATION_CONTEXT() REPRESENTATION_CONTEXT('2D SPACE',''
  ) );
#4667 = PCURVE('',#4668,#4673);
#4668 = CYLINDRICAL_SURFACE('',#4669,10.);
#4669 = AXIS2_PLACEMENT_3D('',#4670,#4671,#4672);
#4670 = CARTESIAN_POINT('',(925.4,1.049744592443E+03,-86.74999999999));
#4671 = DIRECTION('',(1.,0.,0.));
#4672 = DIRECTION('',(0.,0.,-1.));
#4673 = DEFINITIONAL_REPRESENTATION('',(#4674),#4678);
#4674 = LINE('',#4675,#4676);
#4675 = CARTESIAN_POINT('',(0.,74.6));
#4676 = VECTOR('',#4677,1.);
#4677 = DIRECTION('',(1.,0.));
#4678 = ( GEOMETRIC_REPRESENTATION_CONTEXT(2) 
PARAMETRIC_REPRESENTATION_CONTEXT() REPRESENTATION_CONTEXT('2D SPACE',''
  ) );
#4679 = FACE_BOUND('',#4680,.T.);
#4680 = EDGE_LOOP('',(#4681));
#4681 = ORIENTED_EDGE('',*,*,#4682,.T.);
#4682 = EDGE_CURVE('',#4683,#4683,#4685,.T.);
#4683 = VERTEX_POINT('',#4684);
#4684 = CARTESIAN_POINT('',(1.E+03,1.11325E+03,-160.2554075566));
#4685 = SURFACE_CURVE('',#4686,(#4691,#4698),.PCURVE_S1.);
#4686 = CIRCLE('',#4687,10.);
#4687 = AXIS2_PLACEMENT_3D('',#4688,#4689,#4690);
#4688 = CARTESIAN_POINT('',(1.E+03,1.11325E+03,-150.2554075566));
#4689 = DIRECTION('',(1.,-0.,0.));
#4690 = DIRECTION('',(0.,0.,-1.));
#4691 = PCURVE('',#4428,#4692);
#4692 = DEFINITIONAL_REPRESENTATION('',(#4693),#4697);
#4693 = CIRCLE('',#4694,10.);
#4694 = AXIS2_PLACEMENT_2D('',#4695,#4696);
#4695 = CARTESIAN_POINT('',(150.2554075566,-86.75));
#4696 = DIRECTION('',(1.,0.));
#4697 = ( GEOMETRIC_REPRESENTATION_CONTEXT(2) 
PARAMETRIC_REPRESENTATION_CONTEXT() REPRESENTATION_CONTEXT('2D SPACE',''
  ) );
#4698 = PCURVE('',#4699,#4704);
#4699 = CYLINDRICAL_SURFACE('',#4700,10.);
#4700 = AXIS2_PLACEMENT_3D('',#4701,#4702,#4703);
#4701 = CARTESIAN_POINT('',(925.4,1.11325E+03,-150.2554075566));
#4702 = DIRECTION('',(1.,0.,0.));
#4703 = DIRECTION('',(0.,0.,-1.));
#4704 = DEFINITIONAL_REPRESENTATION('',(#4705),#4709);
#4705 = LINE('',#4706,#4707);
#4706 = CARTESIAN_POINT('',(0.,74.6));
#4707 = VECTOR('',#4708,1.);
#4708 = DIRECTION('',(1.,0.));
#4709 = ( GEOMETRIC_REPRESENTATION_CONTEXT(2) 
PARAMETRIC_REPRESENTATION_CONTEXT() REPRESENTATION_CONTEXT('2D SPACE',''
  ) );
#4710 = FACE_BOUND('',#4711,.T.);
#4711 = EDGE_LOOP('',(#4712));
#4712 = ORIENTED_EDGE('',*,*,#4713,.T.);
#4713 = EDGE_CURVE('',#4714,#4714,#4716,.T.);
#4714 = VERTEX_POINT('',#4715);
#4715 = CARTESIAN_POINT('',(1.E+03,1.2E+03,-183.5));
#4716 = SURFACE_CURVE('',#4717,(#4722,#4729),.PCURVE_S1.);
#4717 = CIRCLE('',#4718,10.);
#4718 = AXIS2_PLACEMENT_3D('',#4719,#4720,#4721);
#4719 = CARTESIAN_POINT('',(1.E+03,1.2E+03,-173.5));
#4720 = DIRECTION('',(1.,-0.,0.));
#4721 = DIRECTION('',(0.,0.,-1.));
#4722 = PCURVE('',#4428,#4723);
#4723 = DEFINITIONAL_REPRESENTATION('',(#4724),#4728);
#4724 = CIRCLE('',#4725,10.);
#4725 = AXIS2_PLACEMENT_2D('',#4726,#4727);
#4726 = CARTESIAN_POINT('',(173.5,-6.821210263297E-13));
#4727 = DIRECTION('',(1.,0.));
#4728 = ( GEOMETRIC_REPRESENTATION_CONTEXT(2) 
PARAMETRIC_REPRESENTATION_CONTEXT() REPRESENTATION_CONTEXT('2D SPACE',''
  ) );
#4729 = PCURVE('',#4730,#4735);
#4730 = CYLINDRICAL_SURFACE('',#4731,10.);
#4731 = AXIS2_PLACEMENT_3D('',#4732,#4733,#4734);
#4732 = CARTESIAN_POINT('',(925.4,1.2E+03,-173.5));
#4733 = DIRECTION('',(1.,0.,0.));
#4734 = DIRECTION('',(0.,0.,-1.));
#4735 = DEFINITIONAL_REPRESENTATION('',(#4736),#4740);
#4736 = LINE('',#4737,#4738);
#4737 = CARTESIAN_POINT('',(0.,74.6));
#4738 = VECTOR('',#4739,1.);
#4739 = DIRECTION('',(1.,0.));
#4740 = ( GEOMETRIC_REPRESENTATION_CONTEXT(2) 
PARAMETRIC_REPRESENTATION_CONTEXT() REPRESENTATION_CONTEXT('2D SPACE',''
  ) );
#4741 = FACE_BOUND('',#4742,.T.);
#4742 = EDGE_LOOP('',(#4743));
#4743 = ORIENTED_EDGE('',*,*,#4744,.T.);
#4744 = EDGE_CURVE('',#4745,#4745,#4747,.T.);
#4745 = VERTEX_POINT('',#4746);
#4746 = CARTESIAN_POINT('',(1.E+03,1.28675E+03,-160.2554075566));
#4747 = SURFACE_CURVE('',#4748,(#4753,#4760),.PCURVE_S1.);
#4748 = CIRCLE('',#4749,10.);
#4749 = AXIS2_PLACEMENT_3D('',#4750,#4751,#4752);
#4750 = CARTESIAN_POINT('',(1.E+03,1.28675E+03,-150.2554075566));
#4751 = DIRECTION('',(1.,-0.,0.));
#4752 = DIRECTION('',(0.,0.,-1.));
#4753 = PCURVE('',#4428,#4754);
#4754 = DEFINITIONAL_REPRESENTATION('',(#4755),#4759);
#4755 = CIRCLE('',#4756,10.);
#4756 = AXIS2_PLACEMENT_2D('',#4757,#4758);
#4757 = CARTESIAN_POINT('',(150.2554075566,86.75));
#4758 = DIRECTION('',(1.,0.));
#4759 = ( GEOMETRIC_REPRESENTATION_CONTEXT(2) 
PARAMETRIC_REPRESENTATION_CONTEXT() REPRESENTATION_CONTEXT('2D SPACE',''
  ) );
#4760 = PCURVE('',#4761,#4766);
#4761 = CYLINDRICAL_SURFACE('',#4762,10.);
#4762 = AXIS2_PLACEMENT_3D('',#4763,#4764,#4765);
#4763 = CARTESIAN_POINT('',(925.4,1.28675E+03,-150.2554075566));
#4764 = DIRECTION('',(1.,0.,0.));
#4765 = DIRECTION('',(0.,0.,-1.));
#4766 = DEFINITIONAL_REPRESENTATION('',(#4767),#4771);
#4767 = LINE('',#4768,#4769);
#4768 = CARTESIAN_POINT('',(0.,74.6));
#4769 = VECTOR('',#4770,1.);
#4770 = DIRECTION('',(1.,0.));
#4771 = ( GEOMETRIC_REPRESENTATION_CONTEXT(2) 
PARAMETRIC_REPRESENTATION_CONTEXT() REPRESENTATION_CONTEXT('2D SPACE',''
  ) );
#4772 = FACE_BOUND('',#4773,.T.);
#4773 = EDGE_LOOP('',(#4774));
#4774 = ORIENTED_EDGE('',*,*,#4775,.T.);
#4775 = EDGE_CURVE('',#4776,#4776,#4778,.T.);
#4776 = VERTEX_POINT('',#4777);
#4777 = CARTESIAN_POINT('',(1.E+03,1.350255407557E+03,-96.75));
#4778 = SURFACE_CURVE('',#4779,(#4784,#4791),.PCURVE_S1.);
#4779 = CIRCLE('',#4780,10.);
#4780 = AXIS2_PLACEMENT_3D('',#4781,#4782,#4783);
#4781 = CARTESIAN_POINT('',(1.E+03,1.350255407557E+03,-86.75));
#4782 = DIRECTION('',(1.,-0.,0.));
#4783 = DIRECTION('',(0.,0.,-1.));
#4784 = PCURVE('',#4428,#4785);
#4785 = DEFINITIONAL_REPRESENTATION('',(#4786),#4790);
#4786 = CIRCLE('',#4787,10.);
#4787 = AXIS2_PLACEMENT_2D('',#4788,#4789);
#4788 = CARTESIAN_POINT('',(86.75,150.2554075566));
#4789 = DIRECTION('',(1.,0.));
#4790 = ( GEOMETRIC_REPRESENTATION_CONTEXT(2) 
PARAMETRIC_REPRESENTATION_CONTEXT() REPRESENTATION_CONTEXT('2D SPACE',''
  ) );
#4791 = PCURVE('',#4792,#4797);
#4792 = CYLINDRICAL_SURFACE('',#4793,10.);
#4793 = AXIS2_PLACEMENT_3D('',#4794,#4795,#4796);
#4794 = CARTESIAN_POINT('',(925.4,1.350255407557E+03,-86.75));
#4795 = DIRECTION('',(1.,0.,0.));
#4796 = DIRECTION('',(0.,0.,-1.));
#4797 = DEFINITIONAL_REPRESENTATION('',(#4798),#4802);
#4798 = LINE('',#4799,#4800);
#4799 = CARTESIAN_POINT('',(0.,74.6));
#4800 = VECTOR('',#4801,1.);
#4801 = DIRECTION('',(1.,0.));
#4802 = ( GEOMETRIC_REPRESENTATION_CONTEXT(2) 
PARAMETRIC_REPRESENTATION_CONTEXT() REPRESENTATION_CONTEXT('2D SPACE',''
  ) );
#4803 = FACE_BOUND('',#4804,.T.);
#4804 = EDGE_LOOP('',(#4805));
#4805 = ORIENTED_EDGE('',*,*,#4806,.T.);
#4806 = EDGE_CURVE('',#4807,#4807,#4809,.T.);
#4807 = VERTEX_POINT('',#4808);
#4808 = CARTESIAN_POINT('',(1.E+03,1.3735E+03,-10.));
#4809 = SURFACE_CURVE('',#4810,(#4815,#4822),.PCURVE_S1.);
#4810 = CIRCLE('',#4811,10.);
#4811 = AXIS2_PLACEMENT_3D('',#4812,#4813,#4814);
#4812 = CARTESIAN_POINT('',(1.E+03,1.3735E+03,0.));
#4813 = DIRECTION('',(1.,-0.,0.));
#4814 = DIRECTION('',(0.,0.,-1.));
#4815 = PCURVE('',#4428,#4816);
#4816 = DEFINITIONAL_REPRESENTATION('',(#4817),#4821);
#4817 = CIRCLE('',#4818,10.);
#4818 = AXIS2_PLACEMENT_2D('',#4819,#4820);
#4819 = CARTESIAN_POINT('',(0.,173.5));
#4820 = DIRECTION('',(1.,0.));
#4821 = ( GEOMETRIC_REPRESENTATION_CONTEXT(2) 
PARAMETRIC_REPRESENTATION_CONTEXT() REPRESENTATION_CONTEXT('2D SPACE',''
  ) );
#4822 = PCURVE('',#4823,#4828);
#4823 = CYLINDRICAL_SURFACE('',#4824,10.);
#4824 = AXIS2_PLACEMENT_3D('',#4825,#4826,#4827);
#4825 = CARTESIAN_POINT('',(925.4,1.3735E+03,0.));
#4826 = DIRECTION('',(1.,0.,0.));
#4827 = DIRECTION('',(0.,0.,-1.));
#4828 = DEFINITIONAL_REPRESENTATION('',(#4829),#4833);
#4829 = LINE('',#4830,#4831);
#4830 = CARTESIAN_POINT('',(0.,74.6));
#4831 = VECTOR('',#4832,1.);
#4832 = DIRECTION('',(1.,0.));
#4833 = ( GEOMETRIC_REPRESENTATION_CONTEXT(2) 
PARAMETRIC_REPRESENTATION_CONTEXT() REPRESENTATION_CONTEXT('2D SPACE',''
  ) );
#4834 = FACE_BOUND('',#4835,.T.);
#4835 = EDGE_LOOP('',(#4836));
#4836 = ORIENTED_EDGE('',*,*,#4837,.F.);
#4837 = EDGE_CURVE('',#4838,#4838,#4840,.T.);
#4838 = VERTEX_POINT('',#4839);
#4839 = CARTESIAN_POINT('',(1.E+03,1.2E+03,-200.));
#4840 = SURFACE_CURVE('',#4841,(#4846,#4853),.PCURVE_S1.);
#4841 = CIRCLE('',#4842,200.);
#4842 = AXIS2_PLACEMENT_3D('',#4843,#4844,#4845);
#4843 = CARTESIAN_POINT('',(1.E+03,1.2E+03,0.));
#4844 = DIRECTION('',(1.,-0.,0.));
#4845 = DIRECTION('',(0.,0.,-1.));
#4846 = PCURVE('',#4428,#4847);
#4847 = DEFINITIONAL_REPRESENTATION('',(#4848),#4852);
#4848 = CIRCLE('',#4849,200.);
#4849 = AXIS2_PLACEMENT_2D('',#4850,#4851);
#4850 = CARTESIAN_POINT('',(0.,0.));
#4851 = DIRECTION('',(1.,0.));
#4852 = ( GEOMETRIC_REPRESENTATION_CONTEXT(2) 
PARAMETRIC_REPRESENTATION_CONTEXT() REPRESENTATION_CONTEXT('2D SPACE',''
  ) );
#4853 = PCURVE('',#4854,#4859);
#4854 = CYLINDRICAL_SURFACE('',#4855,200.);
#4855 = AXIS2_PLACEMENT_3D('',#4856,#4857,#4858);
#4856 = CARTESIAN_POINT('',(1.0254E+03,1.2E+03,0.));
#4857 = DIRECTION('',(-1.,-0.,-0.));
#4858 = DIRECTION('',(0.,0.,1.));
#4859 = DEFINITIONAL_REPRESENTATION('',(#4860),#4864);
#4860 = LINE('',#4861,#4862);
#4861 = CARTESIAN_POINT('',(9.424777960769,25.4));
#4862 = VECTOR('',#4863,1.);
#4863 = DIRECTION('',(-1.,0.));
#4864 = ( GEOMETRIC_REPRESENTATION_CONTEXT(2) 
PARAMETRIC_REPRESENTATION_CONTEXT() REPRESENTATION_CONTEXT('2D SPACE',''
  ) );
#4865 = FACE_BOUND('',#4866,.T.);
#4866 = EDGE_LOOP('',(#4867));
#4867 = ORIENTED_EDGE('',*,*,#4411,.T.);
#4868 = ADVANCED_FACE('',(#4869,#4924,#4974,#5024,#5074,#5124,#5174,
    #5224,#5274,#5324,#5374,#5424,#5450,#5476),#4884,.T.);
#4869 = FACE_BOUND('',#4870,.T.);
#4870 = EDGE_LOOP('',(#4871,#4902));
#4871 = ORIENTED_EDGE('',*,*,#4872,.F.);
#4872 = EDGE_CURVE('',#4873,#4875,#4877,.T.);
#4873 = VERTEX_POINT('',#4874);
#4874 = CARTESIAN_POINT('',(1.0254E+03,1.355255407557E+03,
    78.089745962154));
#4875 = VERTEX_POINT('',#4876);
#4876 = CARTESIAN_POINT('',(1.0254E+03,1.350255407557E+03,
    76.749999999998));
#4877 = SURFACE_CURVE('',#4878,(#4883,#4895),.PCURVE_S1.);
#4878 = CIRCLE('',#4879,10.);
#4879 = AXIS2_PLACEMENT_3D('',#4880,#4881,#4882);
#4880 = CARTESIAN_POINT('',(1.0254E+03,1.350255407557E+03,
    86.749999999998));
#4881 = DIRECTION('',(1.,-0.,0.));
#4882 = DIRECTION('',(0.,0.5,-0.866025403784));
#4883 = PCURVE('',#4884,#4889);
#4884 = PLANE('',#4885);
#4885 = AXIS2_PLACEMENT_3D('',#4886,#4887,#4888);
#4886 = CARTESIAN_POINT('',(1.0254E+03,1.2E+03,0.));
#4887 = DIRECTION('',(1.,0.,0.));
#4888 = DIRECTION('',(0.,0.,-1.));
#4889 = DEFINITIONAL_REPRESENTATION('',(#4890),#4894);
#4890 = CIRCLE('',#4891,10.);
#4891 = AXIS2_PLACEMENT_2D('',#4892,#4893);
#4892 = CARTESIAN_POINT('',(-86.74999999999,150.2554075566));
#4893 = DIRECTION('',(0.866025403784,0.5));
#4894 = ( GEOMETRIC_REPRESENTATION_CONTEXT(2) 
PARAMETRIC_REPRESENTATION_CONTEXT() REPRESENTATION_CONTEXT('2D SPACE',''
  ) );
#4895 = PCURVE('',#4482,#4896);
#4896 = DEFINITIONAL_REPRESENTATION('',(#4897),#4901);
#4897 = LINE('',#4898,#4899);
#4898 = CARTESIAN_POINT('',(0.523598775598,100.));
#4899 = VECTOR('',#4900,1.);
#4900 = DIRECTION('',(1.,0.));
#4901 = ( GEOMETRIC_REPRESENTATION_CONTEXT(2) 
PARAMETRIC_REPRESENTATION_CONTEXT() REPRESENTATION_CONTEXT('2D SPACE',''
  ) );
#4902 = ORIENTED_EDGE('',*,*,#4903,.F.);
#4903 = EDGE_CURVE('',#4875,#4873,#4904,.T.);
#4904 = SURFACE_CURVE('',#4905,(#4910,#4917),.PCURVE_S1.);
#4905 = CIRCLE('',#4906,10.);
#4906 = AXIS2_PLACEMENT_3D('',#4907,#4908,#4909);
#4907 = CARTESIAN_POINT('',(1.0254E+03,1.350255407557E+03,
    86.749999999998));
#4908 = DIRECTION('',(1.,-0.,0.));
#4909 = DIRECTION('',(0.,0.5,-0.866025403784));
#4910 = PCURVE('',#4884,#4911);
#4911 = DEFINITIONAL_REPRESENTATION('',(#4912),#4916);
#4912 = CIRCLE('',#4913,10.);
#4913 = AXIS2_PLACEMENT_2D('',#4914,#4915);
#4914 = CARTESIAN_POINT('',(-86.74999999999,150.2554075566));
#4915 = DIRECTION('',(0.866025403784,0.5));
#4916 = ( GEOMETRIC_REPRESENTATION_CONTEXT(2) 
PARAMETRIC_REPRESENTATION_CONTEXT() REPRESENTATION_CONTEXT('2D SPACE',''
  ) );
#4917 = PCURVE('',#4482,#4918);
#4918 = DEFINITIONAL_REPRESENTATION('',(#4919),#4923);
#4919 = LINE('',#4920,#4921);
#4920 = CARTESIAN_POINT('',(-5.759586531581,100.));
#4921 = VECTOR('',#4922,1.);
#4922 = DIRECTION('',(1.,0.));
#4923 = ( GEOMETRIC_REPRESENTATION_CONTEXT(2) 
PARAMETRIC_REPRESENTATION_CONTEXT() REPRESENTATION_CONTEXT('2D SPACE',''
  ) );
#4924 = FACE_BOUND('',#4925,.T.);
#4925 = EDGE_LOOP('',(#4926,#4952));
#4926 = ORIENTED_EDGE('',*,*,#4927,.F.);
#4927 = EDGE_CURVE('',#4928,#4930,#4932,.T.);
#4928 = VERTEX_POINT('',#4929);
#4929 = CARTESIAN_POINT('',(1.0254E+03,1.295410254038E+03,
    145.25540755659));
#4930 = VERTEX_POINT('',#4931);
#4931 = CARTESIAN_POINT('',(1.0254E+03,1.28675E+03,140.25540755659));
#4932 = SURFACE_CURVE('',#4933,(#4938,#4945),.PCURVE_S1.);
#4933 = CIRCLE('',#4934,10.);
#4934 = AXIS2_PLACEMENT_3D('',#4935,#4936,#4937);
#4935 = CARTESIAN_POINT('',(1.0254E+03,1.28675E+03,150.25540755659));
#4936 = DIRECTION('',(1.,-0.,0.));
#4937 = DIRECTION('',(0.,0.866025403784,-0.5));
#4938 = PCURVE('',#4884,#4939);
#4939 = DEFINITIONAL_REPRESENTATION('',(#4940),#4944);
#4940 = CIRCLE('',#4941,10.);
#4941 = AXIS2_PLACEMENT_2D('',#4942,#4943);
#4942 = CARTESIAN_POINT('',(-150.2554075565,86.750000000002));
#4943 = DIRECTION('',(0.5,0.866025403784));
#4944 = ( GEOMETRIC_REPRESENTATION_CONTEXT(2) 
PARAMETRIC_REPRESENTATION_CONTEXT() REPRESENTATION_CONTEXT('2D SPACE',''
  ) );
#4945 = PCURVE('',#4513,#4946);
#4946 = DEFINITIONAL_REPRESENTATION('',(#4947),#4951);
#4947 = LINE('',#4948,#4949);
#4948 = CARTESIAN_POINT('',(1.047197551197,100.));
#4949 = VECTOR('',#4950,1.);
#4950 = DIRECTION('',(1.,0.));
#4951 = ( GEOMETRIC_REPRESENTATION_CONTEXT(2) 
PARAMETRIC_REPRESENTATION_CONTEXT() REPRESENTATION_CONTEXT('2D SPACE',''
  ) );
#4952 = ORIENTED_EDGE('',*,*,#4953,.F.);
#4953 = EDGE_CURVE('',#4930,#4928,#4954,.T.);
#4954 = SURFACE_CURVE('',#4955,(#4960,#4967),.PCURVE_S1.);
#4955 = CIRCLE('',#4956,10.);
#4956 = AXIS2_PLACEMENT_3D('',#4957,#4958,#4959);
#4957 = CARTESIAN_POINT('',(1.0254E+03,1.28675E+03,150.25540755659));
#4958 = DIRECTION('',(1.,-0.,0.));
#4959 = DIRECTION('',(0.,0.866025403784,-0.5));
#4960 = PCURVE('',#4884,#4961);
#4961 = DEFINITIONAL_REPRESENTATION('',(#4962),#4966);
#4962 = CIRCLE('',#4963,10.);
#4963 = AXIS2_PLACEMENT_2D('',#4964,#4965);
#4964 = CARTESIAN_POINT('',(-150.2554075565,86.750000000002));
#4965 = DIRECTION('',(0.5,0.866025403784));
#4966 = ( GEOMETRIC_REPRESENTATION_CONTEXT(2) 
PARAMETRIC_REPRESENTATION_CONTEXT() REPRESENTATION_CONTEXT('2D SPACE',''
  ) );
#4967 = PCURVE('',#4513,#4968);
#4968 = DEFINITIONAL_REPRESENTATION('',(#4969),#4973);
#4969 = LINE('',#4970,#4971);
#4970 = CARTESIAN_POINT('',(-5.235987755983,100.));
#4971 = VECTOR('',#4972,1.);
#4972 = DIRECTION('',(1.,0.));
#4973 = ( GEOMETRIC_REPRESENTATION_CONTEXT(2) 
PARAMETRIC_REPRESENTATION_CONTEXT() REPRESENTATION_CONTEXT('2D SPACE',''
  ) );
#4974 = FACE_BOUND('',#4975,.T.);
#4975 = EDGE_LOOP('',(#4976,#5002));
#4976 = ORIENTED_EDGE('',*,*,#4977,.F.);
#4977 = EDGE_CURVE('',#4978,#4980,#4982,.T.);
#4978 = VERTEX_POINT('',#4979);
#4979 = CARTESIAN_POINT('',(1.0254E+03,1.21E+03,173.5));
#4980 = VERTEX_POINT('',#4981);
#4981 = CARTESIAN_POINT('',(1.0254E+03,1.2E+03,163.5));
#4982 = SURFACE_CURVE('',#4983,(#4988,#4995),.PCURVE_S1.);
#4983 = CIRCLE('',#4984,10.);
#4984 = AXIS2_PLACEMENT_3D('',#4985,#4986,#4987);
#4985 = CARTESIAN_POINT('',(1.0254E+03,1.2E+03,173.5));
#4986 = DIRECTION('',(1.,-0.,0.));
#4987 = DIRECTION('',(0.,1.,-1.110223024625E-14));
#4988 = PCURVE('',#4884,#4989);
#4989 = DEFINITIONAL_REPRESENTATION('',(#4990),#4994);
#4990 = CIRCLE('',#4991,10.);
#4991 = AXIS2_PLACEMENT_2D('',#4992,#4993);
#4992 = CARTESIAN_POINT('',(-173.5,1.818989403546E-12));
#4993 = DIRECTION('',(1.110223024625E-14,1.));
#4994 = ( GEOMETRIC_REPRESENTATION_CONTEXT(2) 
PARAMETRIC_REPRESENTATION_CONTEXT() REPRESENTATION_CONTEXT('2D SPACE',''
  ) );
#4995 = PCURVE('',#4544,#4996);
#4996 = DEFINITIONAL_REPRESENTATION('',(#4997),#5001);
#4997 = LINE('',#4998,#4999);
#4998 = CARTESIAN_POINT('',(1.570796326795,100.));
#4999 = VECTOR('',#5000,1.);
#5000 = DIRECTION('',(1.,0.));
#5001 = ( GEOMETRIC_REPRESENTATION_CONTEXT(2) 
PARAMETRIC_REPRESENTATION_CONTEXT() REPRESENTATION_CONTEXT('2D SPACE',''
  ) );
#5002 = ORIENTED_EDGE('',*,*,#5003,.F.);
#5003 = EDGE_CURVE('',#4980,#4978,#5004,.T.);
#5004 = SURFACE_CURVE('',#5005,(#5010,#5017),.PCURVE_S1.);
#5005 = CIRCLE('',#5006,10.);
#5006 = AXIS2_PLACEMENT_3D('',#5007,#5008,#5009);
#5007 = CARTESIAN_POINT('',(1.0254E+03,1.2E+03,173.5));
#5008 = DIRECTION('',(1.,-0.,0.));
#5009 = DIRECTION('',(0.,1.,-1.110223024625E-14));
#5010 = PCURVE('',#4884,#5011);
#5011 = DEFINITIONAL_REPRESENTATION('',(#5012),#5016);
#5012 = CIRCLE('',#5013,10.);
#5013 = AXIS2_PLACEMENT_2D('',#5014,#5015);
#5014 = CARTESIAN_POINT('',(-173.5,1.818989403546E-12));
#5015 = DIRECTION('',(1.110223024625E-14,1.));
#5016 = ( GEOMETRIC_REPRESENTATION_CONTEXT(2) 
PARAMETRIC_REPRESENTATION_CONTEXT() REPRESENTATION_CONTEXT('2D SPACE',''
  ) );
#5017 = PCURVE('',#4544,#5018);
#5018 = DEFINITIONAL_REPRESENTATION('',(#5019),#5023);
#5019 = LINE('',#5020,#5021);
#5020 = CARTESIAN_POINT('',(-4.712388980385,100.));
#5021 = VECTOR('',#5022,1.);
#5022 = DIRECTION('',(1.,0.));
#5023 = ( GEOMETRIC_REPRESENTATION_CONTEXT(2) 
PARAMETRIC_REPRESENTATION_CONTEXT() REPRESENTATION_CONTEXT('2D SPACE',''
  ) );
#5024 = FACE_BOUND('',#5025,.T.);
#5025 = EDGE_LOOP('',(#5026,#5052));
#5026 = ORIENTED_EDGE('',*,*,#5027,.F.);
#5027 = EDGE_CURVE('',#5028,#5030,#5032,.T.);
#5028 = VERTEX_POINT('',#5029);
#5029 = CARTESIAN_POINT('',(1.0254E+03,1.121910254038E+03,155.2554075566
    ));
#5030 = VERTEX_POINT('',#5031);
#5031 = CARTESIAN_POINT('',(1.0254E+03,1.11325E+03,140.2554075566));
#5032 = SURFACE_CURVE('',#5033,(#5038,#5045),.PCURVE_S1.);
#5033 = CIRCLE('',#5034,10.);
#5034 = AXIS2_PLACEMENT_3D('',#5035,#5036,#5037);
#5035 = CARTESIAN_POINT('',(1.0254E+03,1.11325E+03,150.2554075566));
#5036 = DIRECTION('',(1.,0.,-0.));
#5037 = DIRECTION('',(0.,0.866025403784,0.5));
#5038 = PCURVE('',#4884,#5039);
#5039 = DEFINITIONAL_REPRESENTATION('',(#5040),#5044);
#5040 = CIRCLE('',#5041,10.);
#5041 = AXIS2_PLACEMENT_2D('',#5042,#5043);
#5042 = CARTESIAN_POINT('',(-150.2554075566,-86.74999999999));
#5043 = DIRECTION('',(-0.5,0.866025403784));
#5044 = ( GEOMETRIC_REPRESENTATION_CONTEXT(2) 
PARAMETRIC_REPRESENTATION_CONTEXT() REPRESENTATION_CONTEXT('2D SPACE',''
  ) );
#5045 = PCURVE('',#4575,#5046);
#5046 = DEFINITIONAL_REPRESENTATION('',(#5047),#5051);
#5047 = LINE('',#5048,#5049);
#5048 = CARTESIAN_POINT('',(2.094395102393,100.));
#5049 = VECTOR('',#5050,1.);
#5050 = DIRECTION('',(1.,0.));
#5051 = ( GEOMETRIC_REPRESENTATION_CONTEXT(2) 
PARAMETRIC_REPRESENTATION_CONTEXT() REPRESENTATION_CONTEXT('2D SPACE',''
  ) );
#5052 = ORIENTED_EDGE('',*,*,#5053,.F.);
#5053 = EDGE_CURVE('',#5030,#5028,#5054,.T.);
#5054 = SURFACE_CURVE('',#5055,(#5060,#5067),.PCURVE_S1.);
#5055 = CIRCLE('',#5056,10.);
#5056 = AXIS2_PLACEMENT_3D('',#5057,#5058,#5059);
#5057 = CARTESIAN_POINT('',(1.0254E+03,1.11325E+03,150.2554075566));
#5058 = DIRECTION('',(1.,0.,-0.));
#5059 = DIRECTION('',(0.,0.866025403784,0.5));
#5060 = PCURVE('',#4884,#5061);
#5061 = DEFINITIONAL_REPRESENTATION('',(#5062),#5066);
#5062 = CIRCLE('',#5063,10.);
#5063 = AXIS2_PLACEMENT_2D('',#5064,#5065);
#5064 = CARTESIAN_POINT('',(-150.2554075566,-86.74999999999));
#5065 = DIRECTION('',(-0.5,0.866025403784));
#5066 = ( GEOMETRIC_REPRESENTATION_CONTEXT(2) 
PARAMETRIC_REPRESENTATION_CONTEXT() REPRESENTATION_CONTEXT('2D SPACE',''
  ) );
#5067 = PCURVE('',#4575,#5068);
#5068 = DEFINITIONAL_REPRESENTATION('',(#5069),#5073);
#5069 = LINE('',#5070,#5071);
#5070 = CARTESIAN_POINT('',(-4.188790204786,100.));
#5071 = VECTOR('',#5072,1.);
#5072 = DIRECTION('',(1.,0.));
#5073 = ( GEOMETRIC_REPRESENTATION_CONTEXT(2) 
PARAMETRIC_REPRESENTATION_CONTEXT() REPRESENTATION_CONTEXT('2D SPACE',''
  ) );
#5074 = FACE_BOUND('',#5075,.T.);
#5075 = EDGE_LOOP('',(#5076,#5102));
#5076 = ORIENTED_EDGE('',*,*,#5077,.F.);
#5077 = EDGE_CURVE('',#5078,#5080,#5082,.T.);
#5078 = VERTEX_POINT('',#5079);
#5079 = CARTESIAN_POINT('',(1.0254E+03,1.054744592443E+03,
    95.410254037846));
#5080 = VERTEX_POINT('',#5081);
#5081 = CARTESIAN_POINT('',(1.0254E+03,1.049744592443E+03,
    76.750000000001));
#5082 = SURFACE_CURVE('',#5083,(#5088,#5095),.PCURVE_S1.);
#5083 = CIRCLE('',#5084,10.);
#5084 = AXIS2_PLACEMENT_3D('',#5085,#5086,#5087);
#5085 = CARTESIAN_POINT('',(1.0254E+03,1.049744592443E+03,
    86.750000000001));
#5086 = DIRECTION('',(1.,0.,-0.));
#5087 = DIRECTION('',(0.,0.5,0.866025403784));
#5088 = PCURVE('',#4884,#5089);
#5089 = DEFINITIONAL_REPRESENTATION('',(#5090),#5094);
#5090 = CIRCLE('',#5091,10.);
#5091 = AXIS2_PLACEMENT_2D('',#5092,#5093);
#5092 = CARTESIAN_POINT('',(-86.75,-150.2554075565));
#5093 = DIRECTION('',(-0.866025403784,0.5));
#5094 = ( GEOMETRIC_REPRESENTATION_CONTEXT(2) 
PARAMETRIC_REPRESENTATION_CONTEXT() REPRESENTATION_CONTEXT('2D SPACE',''
  ) );
#5095 = PCURVE('',#4606,#5096);
#5096 = DEFINITIONAL_REPRESENTATION('',(#5097),#5101);
#5097 = LINE('',#5098,#5099);
#5098 = CARTESIAN_POINT('',(2.617993877991,100.));
#5099 = VECTOR('',#5100,1.);
#5100 = DIRECTION('',(1.,0.));
#5101 = ( GEOMETRIC_REPRESENTATION_CONTEXT(2) 
PARAMETRIC_REPRESENTATION_CONTEXT() REPRESENTATION_CONTEXT('2D SPACE',''
  ) );
#5102 = ORIENTED_EDGE('',*,*,#5103,.F.);
#5103 = EDGE_CURVE('',#5080,#5078,#5104,.T.);
#5104 = SURFACE_CURVE('',#5105,(#5110,#5117),.PCURVE_S1.);
#5105 = CIRCLE('',#5106,10.);
#5106 = AXIS2_PLACEMENT_3D('',#5107,#5108,#5109);
#5107 = CARTESIAN_POINT('',(1.0254E+03,1.049744592443E+03,
    86.750000000001));
#5108 = DIRECTION('',(1.,0.,-0.));
#5109 = DIRECTION('',(0.,0.5,0.866025403784));
#5110 = PCURVE('',#4884,#5111);
#5111 = DEFINITIONAL_REPRESENTATION('',(#5112),#5116);
#5112 = CIRCLE('',#5113,10.);
#5113 = AXIS2_PLACEMENT_2D('',#5114,#5115);
#5114 = CARTESIAN_POINT('',(-86.75,-150.2554075565));
#5115 = DIRECTION('',(-0.866025403784,0.5));
#5116 = ( GEOMETRIC_REPRESENTATION_CONTEXT(2) 
PARAMETRIC_REPRESENTATION_CONTEXT() REPRESENTATION_CONTEXT('2D SPACE',''
  ) );
#5117 = PCURVE('',#4606,#5118);
#5118 = DEFINITIONAL_REPRESENTATION('',(#5119),#5123);
#5119 = LINE('',#5120,#5121);
#5120 = CARTESIAN_POINT('',(-3.665191429188,100.));
#5121 = VECTOR('',#5122,1.);
#5122 = DIRECTION('',(1.,0.));
#5123 = ( GEOMETRIC_REPRESENTATION_CONTEXT(2) 
PARAMETRIC_REPRESENTATION_CONTEXT() REPRESENTATION_CONTEXT('2D SPACE',''
  ) );
#5124 = FACE_BOUND('',#5125,.T.);
#5125 = EDGE_LOOP('',(#5126,#5152));
#5126 = ORIENTED_EDGE('',*,*,#5127,.F.);
#5127 = EDGE_CURVE('',#5128,#5130,#5132,.T.);
#5128 = VERTEX_POINT('',#5129);
#5129 = CARTESIAN_POINT('',(1.0254E+03,1.0265E+03,10.));
#5130 = VERTEX_POINT('',#5131);
#5131 = CARTESIAN_POINT('',(1.0254E+03,1.0265E+03,-10.));
#5132 = SURFACE_CURVE('',#5133,(#5138,#5145),.PCURVE_S1.);
#5133 = CIRCLE('',#5134,10.);
#5134 = AXIS2_PLACEMENT_3D('',#5135,#5136,#5137);
#5135 = CARTESIAN_POINT('',(1.0254E+03,1.0265E+03,0.));
#5136 = DIRECTION('',(1.,0.,-0.));
#5137 = DIRECTION('',(0.,0.,1.));
#5138 = PCURVE('',#4884,#5139);
#5139 = DEFINITIONAL_REPRESENTATION('',(#5140),#5144);
#5140 = CIRCLE('',#5141,10.);
#5141 = AXIS2_PLACEMENT_2D('',#5142,#5143);
#5142 = CARTESIAN_POINT('',(0.,-173.5));
#5143 = DIRECTION('',(-1.,0.));
#5144 = ( GEOMETRIC_REPRESENTATION_CONTEXT(2) 
PARAMETRIC_REPRESENTATION_CONTEXT() REPRESENTATION_CONTEXT('2D SPACE',''
  ) );
#5145 = PCURVE('',#4637,#5146);
#5146 = DEFINITIONAL_REPRESENTATION('',(#5147),#5151);
#5147 = LINE('',#5148,#5149);
#5148 = CARTESIAN_POINT('',(3.14159265359,100.));
#5149 = VECTOR('',#5150,1.);
#5150 = DIRECTION('',(1.,0.));
#5151 = ( GEOMETRIC_REPRESENTATION_CONTEXT(2) 
PARAMETRIC_REPRESENTATION_CONTEXT() REPRESENTATION_CONTEXT('2D SPACE',''
  ) );
#5152 = ORIENTED_EDGE('',*,*,#5153,.F.);
#5153 = EDGE_CURVE('',#5130,#5128,#5154,.T.);
#5154 = SURFACE_CURVE('',#5155,(#5160,#5167),.PCURVE_S1.);
#5155 = CIRCLE('',#5156,10.);
#5156 = AXIS2_PLACEMENT_3D('',#5157,#5158,#5159);
#5157 = CARTESIAN_POINT('',(1.0254E+03,1.0265E+03,0.));
#5158 = DIRECTION('',(1.,0.,-0.));
#5159 = DIRECTION('',(0.,0.,1.));
#5160 = PCURVE('',#4884,#5161);
#5161 = DEFINITIONAL_REPRESENTATION('',(#5162),#5166);
#5162 = CIRCLE('',#5163,10.);
#5163 = AXIS2_PLACEMENT_2D('',#5164,#5165);
#5164 = CARTESIAN_POINT('',(0.,-173.5));
#5165 = DIRECTION('',(-1.,0.));
#5166 = ( GEOMETRIC_REPRESENTATION_CONTEXT(2) 
PARAMETRIC_REPRESENTATION_CONTEXT() REPRESENTATION_CONTEXT('2D SPACE',''
  ) );
#5167 = PCURVE('',#4637,#5168);
#5168 = DEFINITIONAL_REPRESENTATION('',(#5169),#5173);
#5169 = LINE('',#5170,#5171);
#5170 = CARTESIAN_POINT('',(-3.14159265359,100.));
#5171 = VECTOR('',#5172,1.);
#5172 = DIRECTION('',(1.,0.));
#5173 = ( GEOMETRIC_REPRESENTATION_CONTEXT(2) 
PARAMETRIC_REPRESENTATION_CONTEXT() REPRESENTATION_CONTEXT('2D SPACE',''
  ) );
#5174 = FACE_BOUND('',#5175,.T.);
#5175 = EDGE_LOOP('',(#5176,#5202));
#5176 = ORIENTED_EDGE('',*,*,#5177,.F.);
#5177 = EDGE_CURVE('',#5178,#5180,#5182,.T.);
#5178 = VERTEX_POINT('',#5179);
#5179 = CARTESIAN_POINT('',(1.0254E+03,1.044744592443E+03,
    -78.08974596215));
#5180 = VERTEX_POINT('',#5181);
#5181 = CARTESIAN_POINT('',(1.0254E+03,1.049744592443E+03,
    -96.74999999999));
#5182 = SURFACE_CURVE('',#5183,(#5188,#5195),.PCURVE_S1.);
#5183 = CIRCLE('',#5184,10.);
#5184 = AXIS2_PLACEMENT_3D('',#5185,#5186,#5187);
#5185 = CARTESIAN_POINT('',(1.0254E+03,1.049744592443E+03,
    -86.74999999999));
#5186 = DIRECTION('',(1.,0.,0.));
#5187 = DIRECTION('',(0.,-0.5,0.866025403784));
#5188 = PCURVE('',#4884,#5189);
#5189 = DEFINITIONAL_REPRESENTATION('',(#5190),#5194);
#5190 = CIRCLE('',#5191,10.);
#5191 = AXIS2_PLACEMENT_2D('',#5192,#5193);
#5192 = CARTESIAN_POINT('',(86.749999999999,-150.2554075566));
#5193 = DIRECTION('',(-0.866025403784,-0.5));
#5194 = ( GEOMETRIC_REPRESENTATION_CONTEXT(2) 
PARAMETRIC_REPRESENTATION_CONTEXT() REPRESENTATION_CONTEXT('2D SPACE',''
  ) );
#5195 = PCURVE('',#4668,#5196);
#5196 = DEFINITIONAL_REPRESENTATION('',(#5197),#5201);
#5197 = LINE('',#5198,#5199);
#5198 = CARTESIAN_POINT('',(3.665191429188,100.));
#5199 = VECTOR('',#5200,1.);
#5200 = DIRECTION('',(1.,0.));
#5201 = ( GEOMETRIC_REPRESENTATION_CONTEXT(2) 
PARAMETRIC_REPRESENTATION_CONTEXT() REPRESENTATION_CONTEXT('2D SPACE',''
  ) );
#5202 = ORIENTED_EDGE('',*,*,#5203,.F.);
#5203 = EDGE_CURVE('',#5180,#5178,#5204,.T.);
#5204 = SURFACE_CURVE('',#5205,(#5210,#5217),.PCURVE_S1.);
#5205 = CIRCLE('',#5206,10.);
#5206 = AXIS2_PLACEMENT_3D('',#5207,#5208,#5209);
#5207 = CARTESIAN_POINT('',(1.0254E+03,1.049744592443E+03,
    -86.74999999999));
#5208 = DIRECTION('',(1.,0.,0.));
#5209 = DIRECTION('',(0.,-0.5,0.866025403784));
#5210 = PCURVE('',#4884,#5211);
#5211 = DEFINITIONAL_REPRESENTATION('',(#5212),#5216);
#5212 = CIRCLE('',#5213,10.);
#5213 = AXIS2_PLACEMENT_2D('',#5214,#5215);
#5214 = CARTESIAN_POINT('',(86.749999999999,-150.2554075566));
#5215 = DIRECTION('',(-0.866025403784,-0.5));
#5216 = ( GEOMETRIC_REPRESENTATION_CONTEXT(2) 
PARAMETRIC_REPRESENTATION_CONTEXT() REPRESENTATION_CONTEXT('2D SPACE',''
  ) );
#5217 = PCURVE('',#4668,#5218);
#5218 = DEFINITIONAL_REPRESENTATION('',(#5219),#5223);
#5219 = LINE('',#5220,#5221);
#5220 = CARTESIAN_POINT('',(-2.617993877991,100.));
#5221 = VECTOR('',#5222,1.);
#5222 = DIRECTION('',(1.,0.));
#5223 = ( GEOMETRIC_REPRESENTATION_CONTEXT(2) 
PARAMETRIC_REPRESENTATION_CONTEXT() REPRESENTATION_CONTEXT('2D SPACE',''
  ) );
#5224 = FACE_BOUND('',#5225,.T.);
#5225 = EDGE_LOOP('',(#5226,#5252));
#5226 = ORIENTED_EDGE('',*,*,#5227,.F.);
#5227 = EDGE_CURVE('',#5228,#5230,#5232,.T.);
#5228 = VERTEX_POINT('',#5229);
#5229 = CARTESIAN_POINT('',(1.0254E+03,1.104589745962E+03,
    -145.2554075566));
#5230 = VERTEX_POINT('',#5231);
#5231 = CARTESIAN_POINT('',(1.0254E+03,1.11325E+03,-160.2554075566));
#5232 = SURFACE_CURVE('',#5233,(#5238,#5245),.PCURVE_S1.);
#5233 = CIRCLE('',#5234,10.);
#5234 = AXIS2_PLACEMENT_3D('',#5235,#5236,#5237);
#5235 = CARTESIAN_POINT('',(1.0254E+03,1.11325E+03,-150.2554075566));
#5236 = DIRECTION('',(1.,0.,0.));
#5237 = DIRECTION('',(0.,-0.866025403784,0.5));
#5238 = PCURVE('',#4884,#5239);
#5239 = DEFINITIONAL_REPRESENTATION('',(#5240),#5244);
#5240 = CIRCLE('',#5241,10.);
#5241 = AXIS2_PLACEMENT_2D('',#5242,#5243);
#5242 = CARTESIAN_POINT('',(150.2554075566,-86.75));
#5243 = DIRECTION('',(-0.5,-0.866025403784));
#5244 = ( GEOMETRIC_REPRESENTATION_CONTEXT(2) 
PARAMETRIC_REPRESENTATION_CONTEXT() REPRESENTATION_CONTEXT('2D SPACE',''
  ) );
#5245 = PCURVE('',#4699,#5246);
#5246 = DEFINITIONAL_REPRESENTATION('',(#5247),#5251);
#5247 = LINE('',#5248,#5249);
#5248 = CARTESIAN_POINT('',(4.188790204786,100.));
#5249 = VECTOR('',#5250,1.);
#5250 = DIRECTION('',(1.,0.));
#5251 = ( GEOMETRIC_REPRESENTATION_CONTEXT(2) 
PARAMETRIC_REPRESENTATION_CONTEXT() REPRESENTATION_CONTEXT('2D SPACE',''
  ) );
#5252 = ORIENTED_EDGE('',*,*,#5253,.F.);
#5253 = EDGE_CURVE('',#5230,#5228,#5254,.T.);
#5254 = SURFACE_CURVE('',#5255,(#5260,#5267),.PCURVE_S1.);
#5255 = CIRCLE('',#5256,10.);
#5256 = AXIS2_PLACEMENT_3D('',#5257,#5258,#5259);
#5257 = CARTESIAN_POINT('',(1.0254E+03,1.11325E+03,-150.2554075566));
#5258 = DIRECTION('',(1.,0.,0.));
#5259 = DIRECTION('',(0.,-0.866025403784,0.5));
#5260 = PCURVE('',#4884,#5261);
#5261 = DEFINITIONAL_REPRESENTATION('',(#5262),#5266);
#5262 = CIRCLE('',#5263,10.);
#5263 = AXIS2_PLACEMENT_2D('',#5264,#5265);
#5264 = CARTESIAN_POINT('',(150.2554075566,-86.75));
#5265 = DIRECTION('',(-0.5,-0.866025403784));
#5266 = ( GEOMETRIC_REPRESENTATION_CONTEXT(2) 
PARAMETRIC_REPRESENTATION_CONTEXT() REPRESENTATION_CONTEXT('2D SPACE',''
  ) );
#5267 = PCURVE('',#4699,#5268);
#5268 = DEFINITIONAL_REPRESENTATION('',(#5269),#5273);
#5269 = LINE('',#5270,#5271);
#5270 = CARTESIAN_POINT('',(-2.094395102393,100.));
#5271 = VECTOR('',#5272,1.);
#5272 = DIRECTION('',(1.,0.));
#5273 = ( GEOMETRIC_REPRESENTATION_CONTEXT(2) 
PARAMETRIC_REPRESENTATION_CONTEXT() REPRESENTATION_CONTEXT('2D SPACE',''
  ) );
#5274 = FACE_BOUND('',#5275,.T.);
#5275 = EDGE_LOOP('',(#5276,#5302));
#5276 = ORIENTED_EDGE('',*,*,#5277,.F.);
#5277 = EDGE_CURVE('',#5278,#5280,#5282,.T.);
#5278 = VERTEX_POINT('',#5279);
#5279 = CARTESIAN_POINT('',(1.0254E+03,1.19E+03,-173.5));
#5280 = VERTEX_POINT('',#5281);
#5281 = CARTESIAN_POINT('',(1.0254E+03,1.2E+03,-183.5));
#5282 = SURFACE_CURVE('',#5283,(#5288,#5295),.PCURVE_S1.);
#5283 = CIRCLE('',#5284,10.);
#5284 = AXIS2_PLACEMENT_3D('',#5285,#5286,#5287);
#5285 = CARTESIAN_POINT('',(1.0254E+03,1.2E+03,-173.5));
#5286 = DIRECTION('',(1.,0.,0.));
#5287 = DIRECTION('',(0.,-1.,2.775557561563E-15));
#5288 = PCURVE('',#4884,#5289);
#5289 = DEFINITIONAL_REPRESENTATION('',(#5290),#5294);
#5290 = CIRCLE('',#5291,10.);
#5291 = AXIS2_PLACEMENT_2D('',#5292,#5293);
#5292 = CARTESIAN_POINT('',(173.5,-6.821210263297E-13));
#5293 = DIRECTION('',(-2.775557561563E-15,-1.));
#5294 = ( GEOMETRIC_REPRESENTATION_CONTEXT(2) 
PARAMETRIC_REPRESENTATION_CONTEXT() REPRESENTATION_CONTEXT('2D SPACE',''
  ) );
#5295 = PCURVE('',#4730,#5296);
#5296 = DEFINITIONAL_REPRESENTATION('',(#5297),#5301);
#5297 = LINE('',#5298,#5299);
#5298 = CARTESIAN_POINT('',(4.712388980385,100.));
#5299 = VECTOR('',#5300,1.);
#5300 = DIRECTION('',(1.,0.));
#5301 = ( GEOMETRIC_REPRESENTATION_CONTEXT(2) 
PARAMETRIC_REPRESENTATION_CONTEXT() REPRESENTATION_CONTEXT('2D SPACE',''
  ) );
#5302 = ORIENTED_EDGE('',*,*,#5303,.F.);
#5303 = EDGE_CURVE('',#5280,#5278,#5304,.T.);
#5304 = SURFACE_CURVE('',#5305,(#5310,#5317),.PCURVE_S1.);
#5305 = CIRCLE('',#5306,10.);
#5306 = AXIS2_PLACEMENT_3D('',#5307,#5308,#5309);
#5307 = CARTESIAN_POINT('',(1.0254E+03,1.2E+03,-173.5));
#5308 = DIRECTION('',(1.,0.,0.));
#5309 = DIRECTION('',(0.,-1.,2.775557561563E-15));
#5310 = PCURVE('',#4884,#5311);
#5311 = DEFINITIONAL_REPRESENTATION('',(#5312),#5316);
#5312 = CIRCLE('',#5313,10.);
#5313 = AXIS2_PLACEMENT_2D('',#5314,#5315);
#5314 = CARTESIAN_POINT('',(173.5,-6.821210263297E-13));
#5315 = DIRECTION('',(-2.775557561563E-15,-1.));
#5316 = ( GEOMETRIC_REPRESENTATION_CONTEXT(2) 
PARAMETRIC_REPRESENTATION_CONTEXT() REPRESENTATION_CONTEXT('2D SPACE',''
  ) );
#5317 = PCURVE('',#4730,#5318);
#5318 = DEFINITIONAL_REPRESENTATION('',(#5319),#5323);
#5319 = LINE('',#5320,#5321);
#5320 = CARTESIAN_POINT('',(-1.570796326795,100.));
#5321 = VECTOR('',#5322,1.);
#5322 = DIRECTION('',(1.,0.));
#5323 = ( GEOMETRIC_REPRESENTATION_CONTEXT(2) 
PARAMETRIC_REPRESENTATION_CONTEXT() REPRESENTATION_CONTEXT('2D SPACE',''
  ) );
#5324 = FACE_BOUND('',#5325,.T.);
#5325 = EDGE_LOOP('',(#5326,#5352));
#5326 = ORIENTED_EDGE('',*,*,#5327,.F.);
#5327 = EDGE_CURVE('',#5328,#5330,#5332,.T.);
#5328 = VERTEX_POINT('',#5329);
#5329 = CARTESIAN_POINT('',(1.0254E+03,1.278089745962E+03,
    -155.2554075566));
#5330 = VERTEX_POINT('',#5331);
#5331 = CARTESIAN_POINT('',(1.0254E+03,1.28675E+03,-160.2554075566));
#5332 = SURFACE_CURVE('',#5333,(#5338,#5345),.PCURVE_S1.);
#5333 = CIRCLE('',#5334,10.);
#5334 = AXIS2_PLACEMENT_3D('',#5335,#5336,#5337);
#5335 = CARTESIAN_POINT('',(1.0254E+03,1.28675E+03,-150.2554075566));
#5336 = DIRECTION('',(1.,0.,0.));
#5337 = DIRECTION('',(0.,-0.866025403784,-0.5));
#5338 = PCURVE('',#4884,#5339);
#5339 = DEFINITIONAL_REPRESENTATION('',(#5340),#5344);
#5340 = CIRCLE('',#5341,10.);
#5341 = AXIS2_PLACEMENT_2D('',#5342,#5343);
#5342 = CARTESIAN_POINT('',(150.2554075566,86.75));
#5343 = DIRECTION('',(0.5,-0.866025403784));
#5344 = ( GEOMETRIC_REPRESENTATION_CONTEXT(2) 
PARAMETRIC_REPRESENTATION_CONTEXT() REPRESENTATION_CONTEXT('2D SPACE',''
  ) );
#5345 = PCURVE('',#4761,#5346);
#5346 = DEFINITIONAL_REPRESENTATION('',(#5347),#5351);
#5347 = LINE('',#5348,#5349);
#5348 = CARTESIAN_POINT('',(5.235987755983,100.));
#5349 = VECTOR('',#5350,1.);
#5350 = DIRECTION('',(1.,0.));
#5351 = ( GEOMETRIC_REPRESENTATION_CONTEXT(2) 
PARAMETRIC_REPRESENTATION_CONTEXT() REPRESENTATION_CONTEXT('2D SPACE',''
  ) );
#5352 = ORIENTED_EDGE('',*,*,#5353,.F.);
#5353 = EDGE_CURVE('',#5330,#5328,#5354,.T.);
#5354 = SURFACE_CURVE('',#5355,(#5360,#5367),.PCURVE_S1.);
#5355 = CIRCLE('',#5356,10.);
#5356 = AXIS2_PLACEMENT_3D('',#5357,#5358,#5359);
#5357 = CARTESIAN_POINT('',(1.0254E+03,1.28675E+03,-150.2554075566));
#5358 = DIRECTION('',(1.,0.,0.));
#5359 = DIRECTION('',(0.,-0.866025403784,-0.5));
#5360 = PCURVE('',#4884,#5361);
#5361 = DEFINITIONAL_REPRESENTATION('',(#5362),#5366);
#5362 = CIRCLE('',#5363,10.);
#5363 = AXIS2_PLACEMENT_2D('',#5364,#5365);
#5364 = CARTESIAN_POINT('',(150.2554075566,86.75));
#5365 = DIRECTION('',(0.5,-0.866025403784));
#5366 = ( GEOMETRIC_REPRESENTATION_CONTEXT(2) 
PARAMETRIC_REPRESENTATION_CONTEXT() REPRESENTATION_CONTEXT('2D SPACE',''
  ) );
#5367 = PCURVE('',#4761,#5368);
#5368 = DEFINITIONAL_REPRESENTATION('',(#5369),#5373);
#5369 = LINE('',#5370,#5371);
#5370 = CARTESIAN_POINT('',(-1.047197551197,100.));
#5371 = VECTOR('',#5372,1.);
#5372 = DIRECTION('',(1.,0.));
#5373 = ( GEOMETRIC_REPRESENTATION_CONTEXT(2) 
PARAMETRIC_REPRESENTATION_CONTEXT() REPRESENTATION_CONTEXT('2D SPACE',''
  ) );
#5374 = FACE_BOUND('',#5375,.T.);
#5375 = EDGE_LOOP('',(#5376,#5402));
#5376 = ORIENTED_EDGE('',*,*,#5377,.F.);
#5377 = EDGE_CURVE('',#5378,#5380,#5382,.T.);
#5378 = VERTEX_POINT('',#5379);
#5379 = CARTESIAN_POINT('',(1.0254E+03,1.345255407557E+03,
    -95.41025403784));
#5380 = VERTEX_POINT('',#5381);
#5381 = CARTESIAN_POINT('',(1.0254E+03,1.350255407557E+03,-96.75));
#5382 = SURFACE_CURVE('',#5383,(#5388,#5395),.PCURVE_S1.);
#5383 = CIRCLE('',#5384,10.);
#5384 = AXIS2_PLACEMENT_3D('',#5385,#5386,#5387);
#5385 = CARTESIAN_POINT('',(1.0254E+03,1.350255407557E+03,-86.75));
#5386 = DIRECTION('',(1.,0.,0.));
#5387 = DIRECTION('',(0.,-0.5,-0.866025403784));
#5388 = PCURVE('',#4884,#5389);
#5389 = DEFINITIONAL_REPRESENTATION('',(#5390),#5394);
#5390 = CIRCLE('',#5391,10.);
#5391 = AXIS2_PLACEMENT_2D('',#5392,#5393);
#5392 = CARTESIAN_POINT('',(86.75,150.2554075566));
#5393 = DIRECTION('',(0.866025403784,-0.5));
#5394 = ( GEOMETRIC_REPRESENTATION_CONTEXT(2) 
PARAMETRIC_REPRESENTATION_CONTEXT() REPRESENTATION_CONTEXT('2D SPACE',''
  ) );
#5395 = PCURVE('',#4792,#5396);
#5396 = DEFINITIONAL_REPRESENTATION('',(#5397),#5401);
#5397 = LINE('',#5398,#5399);
#5398 = CARTESIAN_POINT('',(5.759586531581,100.));
#5399 = VECTOR('',#5400,1.);
#5400 = DIRECTION('',(1.,0.));
#5401 = ( GEOMETRIC_REPRESENTATION_CONTEXT(2) 
PARAMETRIC_REPRESENTATION_CONTEXT() REPRESENTATION_CONTEXT('2D SPACE',''
  ) );
#5402 = ORIENTED_EDGE('',*,*,#5403,.F.);
#5403 = EDGE_CURVE('',#5380,#5378,#5404,.T.);
#5404 = SURFACE_CURVE('',#5405,(#5410,#5417),.PCURVE_S1.);
#5405 = CIRCLE('',#5406,10.);
#5406 = AXIS2_PLACEMENT_3D('',#5407,#5408,#5409);
#5407 = CARTESIAN_POINT('',(1.0254E+03,1.350255407557E+03,-86.75));
#5408 = DIRECTION('',(1.,0.,0.));
#5409 = DIRECTION('',(0.,-0.5,-0.866025403784));
#5410 = PCURVE('',#4884,#5411);
#5411 = DEFINITIONAL_REPRESENTATION('',(#5412),#5416);
#5412 = CIRCLE('',#5413,10.);
#5413 = AXIS2_PLACEMENT_2D('',#5414,#5415);
#5414 = CARTESIAN_POINT('',(86.75,150.2554075566));
#5415 = DIRECTION('',(0.866025403784,-0.5));
#5416 = ( GEOMETRIC_REPRESENTATION_CONTEXT(2) 
PARAMETRIC_REPRESENTATION_CONTEXT() REPRESENTATION_CONTEXT('2D SPACE',''
  ) );
#5417 = PCURVE('',#4792,#5418);
#5418 = DEFINITIONAL_REPRESENTATION('',(#5419),#5423);
#5419 = LINE('',#5420,#5421);
#5420 = CARTESIAN_POINT('',(-0.523598775598,100.));
#5421 = VECTOR('',#5422,1.);
#5422 = DIRECTION('',(1.,0.));
#5423 = ( GEOMETRIC_REPRESENTATION_CONTEXT(2) 
PARAMETRIC_REPRESENTATION_CONTEXT() REPRESENTATION_CONTEXT('2D SPACE',''
  ) );
#5424 = FACE_BOUND('',#5425,.T.);
#5425 = EDGE_LOOP('',(#5426));
#5426 = ORIENTED_EDGE('',*,*,#5427,.F.);
#5427 = EDGE_CURVE('',#5428,#5428,#5430,.T.);
#5428 = VERTEX_POINT('',#5429);
#5429 = CARTESIAN_POINT('',(1.0254E+03,1.3735E+03,-10.));
#5430 = SURFACE_CURVE('',#5431,(#5436,#5443),.PCURVE_S1.);
#5431 = CIRCLE('',#5432,10.);
#5432 = AXIS2_PLACEMENT_3D('',#5433,#5434,#5435);
#5433 = CARTESIAN_POINT('',(1.0254E+03,1.3735E+03,0.));
#5434 = DIRECTION('',(1.,-0.,0.));
#5435 = DIRECTION('',(0.,0.,-1.));
#5436 = PCURVE('',#4884,#5437);
#5437 = DEFINITIONAL_REPRESENTATION('',(#5438),#5442);
#5438 = CIRCLE('',#5439,10.);
#5439 = AXIS2_PLACEMENT_2D('',#5440,#5441);
#5440 = CARTESIAN_POINT('',(0.,173.5));
#5441 = DIRECTION('',(1.,0.));
#5442 = ( GEOMETRIC_REPRESENTATION_CONTEXT(2) 
PARAMETRIC_REPRESENTATION_CONTEXT() REPRESENTATION_CONTEXT('2D SPACE',''
  ) );
#5443 = PCURVE('',#4823,#5444);
#5444 = DEFINITIONAL_REPRESENTATION('',(#5445),#5449);
#5445 = LINE('',#5446,#5447);
#5446 = CARTESIAN_POINT('',(0.,100.));
#5447 = VECTOR('',#5448,1.);
#5448 = DIRECTION('',(1.,0.));
#5449 = ( GEOMETRIC_REPRESENTATION_CONTEXT(2) 
PARAMETRIC_REPRESENTATION_CONTEXT() REPRESENTATION_CONTEXT('2D SPACE',''
  ) );
#5450 = FACE_BOUND('',#5451,.T.);
#5451 = EDGE_LOOP('',(#5452));
#5452 = ORIENTED_EDGE('',*,*,#5453,.T.);
#5453 = EDGE_CURVE('',#5454,#5454,#5456,.T.);
#5454 = VERTEX_POINT('',#5455);
#5455 = CARTESIAN_POINT('',(1.0254E+03,1.2E+03,-200.));
#5456 = SURFACE_CURVE('',#5457,(#5462,#5469),.PCURVE_S1.);
#5457 = CIRCLE('',#5458,200.);
#5458 = AXIS2_PLACEMENT_3D('',#5459,#5460,#5461);
#5459 = CARTESIAN_POINT('',(1.0254E+03,1.2E+03,0.));
#5460 = DIRECTION('',(1.,-0.,0.));
#5461 = DIRECTION('',(0.,0.,-1.));
#5462 = PCURVE('',#4884,#5463);
#5463 = DEFINITIONAL_REPRESENTATION('',(#5464),#5468);
#5464 = CIRCLE('',#5465,200.);
#5465 = AXIS2_PLACEMENT_2D('',#5466,#5467);
#5466 = CARTESIAN_POINT('',(0.,0.));
#5467 = DIRECTION('',(1.,0.));
#5468 = ( GEOMETRIC_REPRESENTATION_CONTEXT(2) 
PARAMETRIC_REPRESENTATION_CONTEXT() REPRESENTATION_CONTEXT('2D SPACE',''
  ) );
#5469 = PCURVE('',#4854,#5470);
#5470 = DEFINITIONAL_REPRESENTATION('',(#5471),#5475);
#5471 = LINE('',#5472,#5473);
#5472 = CARTESIAN_POINT('',(9.424777960769,0.));
#5473 = VECTOR('',#5474,1.);
#5474 = DIRECTION('',(-1.,0.));
#5475 = ( GEOMETRIC_REPRESENTATION_CONTEXT(2) 
PARAMETRIC_REPRESENTATION_CONTEXT() REPRESENTATION_CONTEXT('2D SPACE',''
  ) );
#5476 = FACE_BOUND('',#5477,.T.);
#5477 = EDGE_LOOP('',(#5478));
#5478 = ORIENTED_EDGE('',*,*,#5479,.F.);
#5479 = EDGE_CURVE('',#5480,#5480,#5482,.T.);
#5480 = VERTEX_POINT('',#5481);
#5481 = CARTESIAN_POINT('',(1.0254E+03,1.2E+03,-137.));
#5482 = SURFACE_CURVE('',#5483,(#5488,#5495),.PCURVE_S1.);
#5483 = CIRCLE('',#5484,137.);
#5484 = AXIS2_PLACEMENT_3D('',#5485,#5486,#5487);
#5485 = CARTESIAN_POINT('',(1.0254E+03,1.2E+03,0.));
#5486 = DIRECTION('',(1.,-0.,0.));
#5487 = DIRECTION('',(0.,0.,-1.));
#5488 = PCURVE('',#4884,#5489);
#5489 = DEFINITIONAL_REPRESENTATION('',(#5490),#5494);
#5490 = CIRCLE('',#5491,137.);
#5491 = AXIS2_PLACEMENT_2D('',#5492,#5493);
#5492 = CARTESIAN_POINT('',(0.,0.));
#5493 = DIRECTION('',(1.,0.));
#5494 = ( GEOMETRIC_REPRESENTATION_CONTEXT(2) 
PARAMETRIC_REPRESENTATION_CONTEXT() REPRESENTATION_CONTEXT('2D SPACE',''
  ) );
#5495 = PCURVE('',#724,#5496);
#5496 = DEFINITIONAL_REPRESENTATION('',(#5497),#5501);
#5497 = LINE('',#5498,#5499);
#5498 = CARTESIAN_POINT('',(9.424777960769,-25.4));
#5499 = VECTOR('',#5500,1.);
#5500 = DIRECTION('',(-1.,0.));
#5501 = ( GEOMETRIC_REPRESENTATION_CONTEXT(2) 
PARAMETRIC_REPRESENTATION_CONTEXT() REPRESENTATION_CONTEXT('2D SPACE',''
  ) );
#5502 = ADVANCED_FACE('',(#5503),#4854,.T.);
#5503 = FACE_BOUND('',#5504,.T.);
#5504 = EDGE_LOOP('',(#5505,#5506,#5526,#5527));
#5505 = ORIENTED_EDGE('',*,*,#5453,.F.);
#5506 = ORIENTED_EDGE('',*,*,#5507,.T.);
#5507 = EDGE_CURVE('',#5454,#4838,#5508,.T.);
#5508 = SEAM_CURVE('',#5509,(#5512,#5519),.PCURVE_S1.);
#5509 = B_SPLINE_CURVE_WITH_KNOTS('',1,(#5510,#5511),.UNSPECIFIED.,.F.,
  .F.,(2,2),(0.,25.4),.PIECEWISE_BEZIER_KNOTS.);
#5510 = CARTESIAN_POINT('',(1.0254E+03,1.2E+03,-200.));
#5511 = CARTESIAN_POINT('',(1.E+03,1.2E+03,-200.));
#5512 = PCURVE('',#4854,#5513);
#5513 = DEFINITIONAL_REPRESENTATION('',(#5514),#5518);
#5514 = LINE('',#5515,#5516);
#5515 = CARTESIAN_POINT('',(9.424777960769,0.));
#5516 = VECTOR('',#5517,1.);
#5517 = DIRECTION('',(0.,1.));
#5518 = ( GEOMETRIC_REPRESENTATION_CONTEXT(2) 
PARAMETRIC_REPRESENTATION_CONTEXT() REPRESENTATION_CONTEXT('2D SPACE',''
  ) );
#5519 = PCURVE('',#4854,#5520);
#5520 = DEFINITIONAL_REPRESENTATION('',(#5521),#5525);
#5521 = LINE('',#5522,#5523);
#5522 = CARTESIAN_POINT('',(3.14159265359,0.));
#5523 = VECTOR('',#5524,1.);
#5524 = DIRECTION('',(0.,1.));
#5525 = ( GEOMETRIC_REPRESENTATION_CONTEXT(2) 
PARAMETRIC_REPRESENTATION_CONTEXT() REPRESENTATION_CONTEXT('2D SPACE',''
  ) );
#5526 = ORIENTED_EDGE('',*,*,#4837,.T.);
#5527 = ORIENTED_EDGE('',*,*,#5507,.F.);
#5528 = ADVANCED_FACE('',(#5529),#5542,.T.);
#5529 = FACE_BOUND('',#5530,.T.);
#5530 = EDGE_LOOP('',(#5531));
#5531 = ORIENTED_EDGE('',*,*,#5532,.T.);
#5532 = EDGE_CURVE('',#5533,#5533,#5535,.T.);
#5533 = VERTEX_POINT('',#5534);
#5534 = CARTESIAN_POINT('',(0.,1.985E+03,-250.));
#5535 = SURFACE_CURVE('',#5536,(#5541,#5553),.PCURVE_S1.);
#5536 = CIRCLE('',#5537,250.);
#5537 = AXIS2_PLACEMENT_3D('',#5538,#5539,#5540);
#5538 = CARTESIAN_POINT('',(0.,1.985E+03,0.));
#5539 = DIRECTION('',(0.,-1.,0.));
#5540 = DIRECTION('',(0.,0.,-1.));
#5541 = PCURVE('',#5542,#5547);
#5542 = PLANE('',#5543);
#5543 = AXIS2_PLACEMENT_3D('',#5544,#5545,#5546);
#5544 = CARTESIAN_POINT('',(-1.763034163105E-12,1.985E+03,0.));
#5545 = DIRECTION('',(0.,-1.,0.));
#5546 = DIRECTION('',(0.,0.,-1.));
#5547 = DEFINITIONAL_REPRESENTATION('',(#5548),#5552);
#5548 = CIRCLE('',#5549,250.);
#5549 = AXIS2_PLACEMENT_2D('',#5550,#5551);
#5550 = CARTESIAN_POINT('',(0.,1.763034163105E-12));
#5551 = DIRECTION('',(1.,0.));
#5552 = ( GEOMETRIC_REPRESENTATION_CONTEXT(2) 
PARAMETRIC_REPRESENTATION_CONTEXT() REPRESENTATION_CONTEXT('2D SPACE',''
  ) );
#5553 = PCURVE('',#43,#5554);
#5554 = DEFINITIONAL_REPRESENTATION('',(#5555),#5559);
#5555 = LINE('',#5556,#5557);
#5556 = CARTESIAN_POINT('',(0.,4.712388980385));
#5557 = VECTOR('',#5558,1.);
#5558 = DIRECTION('',(1.,0.));
#5559 = ( GEOMETRIC_REPRESENTATION_CONTEXT(2) 
PARAMETRIC_REPRESENTATION_CONTEXT() REPRESENTATION_CONTEXT('2D SPACE',''
  ) );
#5560 = ADVANCED_FACE('',(#5561),#5574,.T.);
#5561 = FACE_BOUND('',#5562,.T.);
#5562 = EDGE_LOOP('',(#5563));
#5563 = ORIENTED_EDGE('',*,*,#5564,.F.);
#5564 = EDGE_CURVE('',#5565,#5565,#5567,.T.);
#5565 = VERTEX_POINT('',#5566);
#5566 = CARTESIAN_POINT('',(0.,-1.985E+03,-250.));
#5567 = SURFACE_CURVE('',#5568,(#5573,#5589),.PCURVE_S1.);
#5568 = CIRCLE('',#5569,250.);
#5569 = AXIS2_PLACEMENT_3D('',#5570,#5571,#5572);
#5570 = CARTESIAN_POINT('',(0.,-1.985E+03,0.));
#5571 = DIRECTION('',(0.,-1.,0.));
#5572 = DIRECTION('',(0.,0.,-1.));
#5573 = PCURVE('',#5574,#5579);
#5574 = PLANE('',#5575);
#5575 = AXIS2_PLACEMENT_3D('',#5576,#5577,#5578);
#5576 = CARTESIAN_POINT('',(-1.763034163105E-12,-1.985E+03,0.));
#5577 = DIRECTION('',(0.,1.,0.));
#5578 = DIRECTION('',(0.,0.,1.));
#5579 = DEFINITIONAL_REPRESENTATION('',(#5580),#5588);
#5580 = ( BOUNDED_CURVE() B_SPLINE_CURVE(2,(#5581,#5582,#5583,#5584,
#5585,#5586,#5587),.UNSPECIFIED.,.T.,.F.) B_SPLINE_CURVE_WITH_KNOTS((1,2
    ,2,2,2,1),(-2.094395102393,0.,2.094395102393,4.188790204786,
6.28318530718,8.377580409573),.UNSPECIFIED.) CURVE() 
GEOMETRIC_REPRESENTATION_ITEM() RATIONAL_B_SPLINE_CURVE((1.,0.5,1.,0.5,
1.,0.5,1.)) REPRESENTATION_ITEM('') );
#5581 = CARTESIAN_POINT('',(-250.,1.763034163105E-12));
#5582 = CARTESIAN_POINT('',(-250.,433.01270189222));
#5583 = CARTESIAN_POINT('',(125.,216.50635094611));
#5584 = CARTESIAN_POINT('',(500.,1.824266503062E-12));
#5585 = CARTESIAN_POINT('',(125.,-216.5063509461));
#5586 = CARTESIAN_POINT('',(-250.,-433.0127018922));
#5587 = CARTESIAN_POINT('',(-250.,1.763034163105E-12));
#5588 = ( GEOMETRIC_REPRESENTATION_CONTEXT(2) 
PARAMETRIC_REPRESENTATION_CONTEXT() REPRESENTATION_CONTEXT('2D SPACE',''
  ) );
#5589 = PCURVE('',#114,#5590);
#5590 = DEFINITIONAL_REPRESENTATION('',(#5591),#5595);
#5591 = LINE('',#5592,#5593);
#5592 = CARTESIAN_POINT('',(0.,7.853981633974));
#5593 = VECTOR('',#5594,1.);
#5594 = DIRECTION('',(1.,0.));
#5595 = ( GEOMETRIC_REPRESENTATION_CONTEXT(2) 
PARAMETRIC_REPRESENTATION_CONTEXT() REPRESENTATION_CONTEXT('2D SPACE',''
  ) );
#5596 = ADVANCED_FACE('',(#5597),#43,.F.);
#5597 = FACE_BOUND('',#5598,.F.);
#5598 = EDGE_LOOP('',(#5599,#5600,#5627,#5628));
#5599 = ORIENTED_EDGE('',*,*,#21,.F.);
#5600 = ORIENTED_EDGE('',*,*,#5601,.F.);
#5601 = EDGE_CURVE('',#5533,#22,#5602,.T.);
#5602 = SEAM_CURVE('',#5603,(#5613,#5620),.PCURVE_S1.);
#5603 = B_SPLINE_CURVE_WITH_KNOTS('',8,(#5604,#5605,#5606,#5607,#5608,
    #5609,#5610,#5611,#5612),.UNSPECIFIED.,.F.,.F.,(9,9),(
    -1.570796326795,0.),.PIECEWISE_BEZIER_KNOTS.);
#5604 = CARTESIAN_POINT('',(-6.123233995737E-14,1.985E+03,-250.));
#5605 = CARTESIAN_POINT('',(-8.455684711874E-14,1.985E+03,
    -345.2295273119));
#5606 = CARTESIAN_POINT('',(-1.07881361622E-13,1.963630517354E+03,
    -440.4590845995));
#5607 = CARTESIAN_POINT('',(-1.298355641451E-13,1.920891761948E+03,
    -530.0939186525));
#5608 = CARTESIAN_POINT('',(-1.490494342511E-13,1.858540496553E+03,
    -608.5404965532));
#5609 = CARTESIAN_POINT('',(-1.643210897687E-13,1.780093918652E+03,
    -670.8917619476));
#5610 = CARTESIAN_POINT('',(-1.747890657702E-13,1.6904590846E+03,
    -713.6305173538));
#5611 = CARTESIAN_POINT('',(-1.800230794747E-13,1.595229527312E+03,-735.
    ));
#5612 = CARTESIAN_POINT('',(-1.800230794747E-13,1.5E+03,-735.));
#5613 = PCURVE('',#43,#5614);
#5614 = DEFINITIONAL_REPRESENTATION('',(#5615),#5619);
#5615 = LINE('',#5616,#5617);
#5616 = CARTESIAN_POINT('',(0.,6.28318530718));
#5617 = VECTOR('',#5618,1.);
#5618 = DIRECTION('',(0.,1.));
#5619 = ( GEOMETRIC_REPRESENTATION_CONTEXT(2) 
PARAMETRIC_REPRESENTATION_CONTEXT() REPRESENTATION_CONTEXT('2D SPACE',''
  ) );
#5620 = PCURVE('',#43,#5621);
#5621 = DEFINITIONAL_REPRESENTATION('',(#5622),#5626);
#5622 = LINE('',#5623,#5624);
#5623 = CARTESIAN_POINT('',(6.28318530718,6.28318530718));
#5624 = VECTOR('',#5625,1.);
#5625 = DIRECTION('',(0.,1.));
#5626 = ( GEOMETRIC_REPRESENTATION_CONTEXT(2) 
PARAMETRIC_REPRESENTATION_CONTEXT() REPRESENTATION_CONTEXT('2D SPACE',''
  ) );
#5627 = ORIENTED_EDGE('',*,*,#5532,.T.);
#5628 = ORIENTED_EDGE('',*,*,#5601,.T.);
#5629 = ADVANCED_FACE('',(#5630),#114,.F.);
#5630 = FACE_BOUND('',#5631,.F.);
#5631 = EDGE_LOOP('',(#5632,#5633,#5660,#5661));
#5632 = ORIENTED_EDGE('',*,*,#5564,.F.);
#5633 = ORIENTED_EDGE('',*,*,#5634,.F.);
#5634 = EDGE_CURVE('',#78,#5565,#5635,.T.);
#5635 = SEAM_CURVE('',#5636,(#5646,#5653),.PCURVE_S1.);
#5636 = B_SPLINE_CURVE_WITH_KNOTS('',8,(#5637,#5638,#5639,#5640,#5641,
    #5642,#5643,#5644,#5645),.UNSPECIFIED.,.F.,.F.,(9,9),(0.,
    1.570796326795),.PIECEWISE_BEZIER_KNOTS.);
#5637 = CARTESIAN_POINT('',(-1.800230794747E-13,-1.5E+03,-735.));
#5638 = CARTESIAN_POINT('',(-1.800230794747E-13,-1.595229527312E+03,
    -735.));
#5639 = CARTESIAN_POINT('',(-1.747890657702E-13,-1.6904590846E+03,
    -713.6305173538));
#5640 = CARTESIAN_POINT('',(-1.643210897687E-13,-1.780093918653E+03,
    -670.8917619476));
#5641 = CARTESIAN_POINT('',(-1.490494342511E-13,-1.858540496553E+03,
    -608.5404965532));
#5642 = CARTESIAN_POINT('',(-1.298355641451E-13,-1.920891761948E+03,
    -530.0939186525));
#5643 = CARTESIAN_POINT('',(-1.07881361622E-13,-1.963630517354E+03,
    -440.4590845995));
#5644 = CARTESIAN_POINT('',(-8.455684711874E-14,-1.985E+03,
    -345.2295273119));
#5645 = CARTESIAN_POINT('',(-6.123233995737E-14,-1.985E+03,-250.));
#5646 = PCURVE('',#114,#5647);
#5647 = DEFINITIONAL_REPRESENTATION('',(#5648),#5652);
#5648 = LINE('',#5649,#5650);
#5649 = CARTESIAN_POINT('',(0.,6.28318530718));
#5650 = VECTOR('',#5651,1.);
#5651 = DIRECTION('',(0.,1.));
#5652 = ( GEOMETRIC_REPRESENTATION_CONTEXT(2) 
PARAMETRIC_REPRESENTATION_CONTEXT() REPRESENTATION_CONTEXT('2D SPACE',''
  ) );
#5653 = PCURVE('',#114,#5654);
#5654 = DEFINITIONAL_REPRESENTATION('',(#5655),#5659);
#5655 = LINE('',#5656,#5657);
#5656 = CARTESIAN_POINT('',(6.28318530718,6.28318530718));
#5657 = VECTOR('',#5658,1.);
#5658 = DIRECTION('',(0.,1.));
#5659 = ( GEOMETRIC_REPRESENTATION_CONTEXT(2) 
PARAMETRIC_REPRESENTATION_CONTEXT() REPRESENTATION_CONTEXT('2D SPACE',''
  ) );
#5660 = ORIENTED_EDGE('',*,*,#99,.T.);
#5661 = ORIENTED_EDGE('',*,*,#5634,.T.);
#5662 = ADVANCED_FACE('',(#5663),#724,.F.);
#5663 = FACE_BOUND('',#5664,.F.);
#5664 = EDGE_LOOP('',(#5665,#5666,#5686,#5687));
#5665 = ORIENTED_EDGE('',*,*,#151,.F.);
#5666 = ORIENTED_EDGE('',*,*,#5667,.F.);
#5667 = EDGE_CURVE('',#5480,#152,#5668,.T.);
#5668 = SEAM_CURVE('',#5669,(#5672,#5679),.PCURVE_S1.);
#5669 = B_SPLINE_CURVE_WITH_KNOTS('',1,(#5670,#5671),.UNSPECIFIED.,.F.,
  .F.,(2,2),(-25.4,277.88089625048),.PIECEWISE_BEZIER_KNOTS.);
#5670 = CARTESIAN_POINT('',(1.0254E+03,1.2E+03,-137.));
#5671 = CARTESIAN_POINT('',(722.11910374951,1.2E+03,-137.));
#5672 = PCURVE('',#724,#5673);
#5673 = DEFINITIONAL_REPRESENTATION('',(#5674),#5678);
#5674 = LINE('',#5675,#5676);
#5675 = CARTESIAN_POINT('',(3.14159265359,0.));
#5676 = VECTOR('',#5677,1.);
#5677 = DIRECTION('',(0.,1.));
#5678 = ( GEOMETRIC_REPRESENTATION_CONTEXT(2) 
PARAMETRIC_REPRESENTATION_CONTEXT() REPRESENTATION_CONTEXT('2D SPACE',''
  ) );
#5679 = PCURVE('',#724,#5680);
#5680 = DEFINITIONAL_REPRESENTATION('',(#5681),#5685);
#5681 = LINE('',#5682,#5683);
#5682 = CARTESIAN_POINT('',(9.424777960769,0.));
#5683 = VECTOR('',#5684,1.);
#5684 = DIRECTION('',(0.,1.));
#5685 = ( GEOMETRIC_REPRESENTATION_CONTEXT(2) 
PARAMETRIC_REPRESENTATION_CONTEXT() REPRESENTATION_CONTEXT('2D SPACE',''
  ) );
#5686 = ORIENTED_EDGE('',*,*,#5479,.F.);
#5687 = ORIENTED_EDGE('',*,*,#5667,.T.);
#5688 = ADVANCED_FACE('',(#5689),#4823,.F.);
#5689 = FACE_BOUND('',#5690,.F.);
#5690 = EDGE_LOOP('',(#5691,#5692,#5712,#5713));
#5691 = ORIENTED_EDGE('',*,*,#5427,.F.);
#5692 = ORIENTED_EDGE('',*,*,#5693,.F.);
#5693 = EDGE_CURVE('',#4807,#5428,#5694,.T.);
#5694 = SEAM_CURVE('',#5695,(#5698,#5705),.PCURVE_S1.);
#5695 = B_SPLINE_CURVE_WITH_KNOTS('',1,(#5696,#5697),.UNSPECIFIED.,.F.,
  .F.,(2,2),(74.6,100.),.PIECEWISE_BEZIER_KNOTS.);
#5696 = CARTESIAN_POINT('',(1.E+03,1.3735E+03,-10.));
#5697 = CARTESIAN_POINT('',(1.0254E+03,1.3735E+03,-10.));
#5698 = PCURVE('',#4823,#5699);
#5699 = DEFINITIONAL_REPRESENTATION('',(#5700),#5704);
#5700 = LINE('',#5701,#5702);
#5701 = CARTESIAN_POINT('',(0.,0.));
#5702 = VECTOR('',#5703,1.);
#5703 = DIRECTION('',(0.,1.));
#5704 = ( GEOMETRIC_REPRESENTATION_CONTEXT(2) 
PARAMETRIC_REPRESENTATION_CONTEXT() REPRESENTATION_CONTEXT('2D SPACE',''
  ) );
#5705 = PCURVE('',#4823,#5706);
#5706 = DEFINITIONAL_REPRESENTATION('',(#5707),#5711);
#5707 = LINE('',#5708,#5709);
#5708 = CARTESIAN_POINT('',(6.28318530718,0.));
#5709 = VECTOR('',#5710,1.);
#5710 = DIRECTION('',(0.,1.));
#5711 = ( GEOMETRIC_REPRESENTATION_CONTEXT(2) 
PARAMETRIC_REPRESENTATION_CONTEXT() REPRESENTATION_CONTEXT('2D SPACE',''
  ) );
#5712 = ORIENTED_EDGE('',*,*,#4806,.T.);
#5713 = ORIENTED_EDGE('',*,*,#5693,.T.);
#5714 = ADVANCED_FACE('',(#5715),#4792,.F.);
#5715 = FACE_BOUND('',#5716,.F.);
#5716 = EDGE_LOOP('',(#5717,#5718,#5738,#5739,#5740));
#5717 = ORIENTED_EDGE('',*,*,#5403,.F.);
#5718 = ORIENTED_EDGE('',*,*,#5719,.F.);
#5719 = EDGE_CURVE('',#4776,#5380,#5720,.T.);
#5720 = SEAM_CURVE('',#5721,(#5724,#5731),.PCURVE_S1.);
#5721 = B_SPLINE_CURVE_WITH_KNOTS('',1,(#5722,#5723),.UNSPECIFIED.,.F.,
  .F.,(2,2),(74.6,100.),.PIECEWISE_BEZIER_KNOTS.);
#5722 = CARTESIAN_POINT('',(1.E+03,1.350255407557E+03,-96.75));
#5723 = CARTESIAN_POINT('',(1.0254E+03,1.350255407557E+03,-96.75));
#5724 = PCURVE('',#4792,#5725);
#5725 = DEFINITIONAL_REPRESENTATION('',(#5726),#5730);
#5726 = LINE('',#5727,#5728);
#5727 = CARTESIAN_POINT('',(0.,0.));
#5728 = VECTOR('',#5729,1.);
#5729 = DIRECTION('',(0.,1.));
#5730 = ( GEOMETRIC_REPRESENTATION_CONTEXT(2) 
PARAMETRIC_REPRESENTATION_CONTEXT() REPRESENTATION_CONTEXT('2D SPACE',''
  ) );
#5731 = PCURVE('',#4792,#5732);
#5732 = DEFINITIONAL_REPRESENTATION('',(#5733),#5737);
#5733 = LINE('',#5734,#5735);
#5734 = CARTESIAN_POINT('',(6.28318530718,0.));
#5735 = VECTOR('',#5736,1.);
#5736 = DIRECTION('',(0.,1.));
#5737 = ( GEOMETRIC_REPRESENTATION_CONTEXT(2) 
PARAMETRIC_REPRESENTATION_CONTEXT() REPRESENTATION_CONTEXT('2D SPACE',''
  ) );
#5738 = ORIENTED_EDGE('',*,*,#4775,.T.);
#5739 = ORIENTED_EDGE('',*,*,#5719,.T.);
#5740 = ORIENTED_EDGE('',*,*,#5377,.F.);
#5741 = ADVANCED_FACE('',(#5742),#4761,.F.);
#5742 = FACE_BOUND('',#5743,.F.);
#5743 = EDGE_LOOP('',(#5744,#5745,#5765,#5766,#5767));
#5744 = ORIENTED_EDGE('',*,*,#5353,.F.);
#5745 = ORIENTED_EDGE('',*,*,#5746,.F.);
#5746 = EDGE_CURVE('',#4745,#5330,#5747,.T.);
#5747 = SEAM_CURVE('',#5748,(#5751,#5758),.PCURVE_S1.);
#5748 = B_SPLINE_CURVE_WITH_KNOTS('',1,(#5749,#5750),.UNSPECIFIED.,.F.,
  .F.,(2,2),(74.6,100.),.PIECEWISE_BEZIER_KNOTS.);
#5749 = CARTESIAN_POINT('',(1.E+03,1.28675E+03,-160.2554075566));
#5750 = CARTESIAN_POINT('',(1.0254E+03,1.28675E+03,-160.2554075566));
#5751 = PCURVE('',#4761,#5752);
#5752 = DEFINITIONAL_REPRESENTATION('',(#5753),#5757);
#5753 = LINE('',#5754,#5755);
#5754 = CARTESIAN_POINT('',(0.,0.));
#5755 = VECTOR('',#5756,1.);
#5756 = DIRECTION('',(0.,1.));
#5757 = ( GEOMETRIC_REPRESENTATION_CONTEXT(2) 
PARAMETRIC_REPRESENTATION_CONTEXT() REPRESENTATION_CONTEXT('2D SPACE',''
  ) );
#5758 = PCURVE('',#4761,#5759);
#5759 = DEFINITIONAL_REPRESENTATION('',(#5760),#5764);
#5760 = LINE('',#5761,#5762);
#5761 = CARTESIAN_POINT('',(6.28318530718,0.));
#5762 = VECTOR('',#5763,1.);
#5763 = DIRECTION('',(0.,1.));
#5764 = ( GEOMETRIC_REPRESENTATION_CONTEXT(2) 
PARAMETRIC_REPRESENTATION_CONTEXT() REPRESENTATION_CONTEXT('2D SPACE',''
  ) );
#5765 = ORIENTED_EDGE('',*,*,#4744,.T.);
#5766 = ORIENTED_EDGE('',*,*,#5746,.T.);
#5767 = ORIENTED_EDGE('',*,*,#5327,.F.);
#5768 = ADVANCED_FACE('',(#5769),#4730,.F.);
#5769 = FACE_BOUND('',#5770,.F.);
#5770 = EDGE_LOOP('',(#5771,#5772,#5792,#5793,#5794));
#5771 = ORIENTED_EDGE('',*,*,#5303,.F.);
#5772 = ORIENTED_EDGE('',*,*,#5773,.F.);
#5773 = EDGE_CURVE('',#4714,#5280,#5774,.T.);
#5774 = SEAM_CURVE('',#5775,(#5778,#5785),.PCURVE_S1.);
#5775 = B_SPLINE_CURVE_WITH_KNOTS('',1,(#5776,#5777),.UNSPECIFIED.,.F.,
  .F.,(2,2),(74.6,100.),.PIECEWISE_BEZIER_KNOTS.);
#5776 = CARTESIAN_POINT('',(1.E+03,1.2E+03,-183.5));
#5777 = CARTESIAN_POINT('',(1.0254E+03,1.2E+03,-183.5));
#5778 = PCURVE('',#4730,#5779);
#5779 = DEFINITIONAL_REPRESENTATION('',(#5780),#5784);
#5780 = LINE('',#5781,#5782);
#5781 = CARTESIAN_POINT('',(0.,0.));
#5782 = VECTOR('',#5783,1.);
#5783 = DIRECTION('',(0.,1.));
#5784 = ( GEOMETRIC_REPRESENTATION_CONTEXT(2) 
PARAMETRIC_REPRESENTATION_CONTEXT() REPRESENTATION_CONTEXT('2D SPACE',''
  ) );
#5785 = PCURVE('',#4730,#5786);
#5786 = DEFINITIONAL_REPRESENTATION('',(#5787),#5791);
#5787 = LINE('',#5788,#5789);
#5788 = CARTESIAN_POINT('',(6.28318530718,0.));
#5789 = VECTOR('',#5790,1.);
#5790 = DIRECTION('',(0.,1.));
#5791 = ( GEOMETRIC_REPRESENTATION_CONTEXT(2) 
PARAMETRIC_REPRESENTATION_CONTEXT() REPRESENTATION_CONTEXT('2D SPACE',''
  ) );
#5792 = ORIENTED_EDGE('',*,*,#4713,.T.);
#5793 = ORIENTED_EDGE('',*,*,#5773,.T.);
#5794 = ORIENTED_EDGE('',*,*,#5277,.F.);
#5795 = ADVANCED_FACE('',(#5796),#4699,.F.);
#5796 = FACE_BOUND('',#5797,.F.);
#5797 = EDGE_LOOP('',(#5798,#5799,#5819,#5820,#5821));
#5798 = ORIENTED_EDGE('',*,*,#5253,.F.);
#5799 = ORIENTED_EDGE('',*,*,#5800,.F.);
#5800 = EDGE_CURVE('',#4683,#5230,#5801,.T.);
#5801 = SEAM_CURVE('',#5802,(#5805,#5812),.PCURVE_S1.);
#5802 = B_SPLINE_CURVE_WITH_KNOTS('',1,(#5803,#5804),.UNSPECIFIED.,.F.,
  .F.,(2,2),(74.6,100.),.PIECEWISE_BEZIER_KNOTS.);
#5803 = CARTESIAN_POINT('',(1.E+03,1.11325E+03,-160.2554075566));
#5804 = CARTESIAN_POINT('',(1.0254E+03,1.11325E+03,-160.2554075566));
#5805 = PCURVE('',#4699,#5806);
#5806 = DEFINITIONAL_REPRESENTATION('',(#5807),#5811);
#5807 = LINE('',#5808,#5809);
#5808 = CARTESIAN_POINT('',(0.,0.));
#5809 = VECTOR('',#5810,1.);
#5810 = DIRECTION('',(0.,1.));
#5811 = ( GEOMETRIC_REPRESENTATION_CONTEXT(2) 
PARAMETRIC_REPRESENTATION_CONTEXT() REPRESENTATION_CONTEXT('2D SPACE',''
  ) );
#5812 = PCURVE('',#4699,#5813);
#5813 = DEFINITIONAL_REPRESENTATION('',(#5814),#5818);
#5814 = LINE('',#5815,#5816);
#5815 = CARTESIAN_POINT('',(6.28318530718,0.));
#5816 = VECTOR('',#5817,1.);
#5817 = DIRECTION('',(0.,1.));
#5818 = ( GEOMETRIC_REPRESENTATION_CONTEXT(2) 
PARAMETRIC_REPRESENTATION_CONTEXT() REPRESENTATION_CONTEXT('2D SPACE',''
  ) );
#5819 = ORIENTED_EDGE('',*,*,#4682,.T.);
#5820 = ORIENTED_EDGE('',*,*,#5800,.T.);
#5821 = ORIENTED_EDGE('',*,*,#5227,.F.);
#5822 = ADVANCED_FACE('',(#5823),#4668,.F.);
#5823 = FACE_BOUND('',#5824,.F.);
#5824 = EDGE_LOOP('',(#5825,#5826,#5846,#5847,#5848));
#5825 = ORIENTED_EDGE('',*,*,#5203,.F.);
#5826 = ORIENTED_EDGE('',*,*,#5827,.F.);
#5827 = EDGE_CURVE('',#4652,#5180,#5828,.T.);
#5828 = SEAM_CURVE('',#5829,(#5832,#5839),.PCURVE_S1.);
#5829 = B_SPLINE_CURVE_WITH_KNOTS('',1,(#5830,#5831),.UNSPECIFIED.,.F.,
  .F.,(2,2),(74.6,100.),.PIECEWISE_BEZIER_KNOTS.);
#5830 = CARTESIAN_POINT('',(1.E+03,1.049744592443E+03,-96.74999999999));
#5831 = CARTESIAN_POINT('',(1.0254E+03,1.049744592443E+03,
    -96.74999999999));
#5832 = PCURVE('',#4668,#5833);
#5833 = DEFINITIONAL_REPRESENTATION('',(#5834),#5838);
#5834 = LINE('',#5835,#5836);
#5835 = CARTESIAN_POINT('',(0.,0.));
#5836 = VECTOR('',#5837,1.);
#5837 = DIRECTION('',(0.,1.));
#5838 = ( GEOMETRIC_REPRESENTATION_CONTEXT(2) 
PARAMETRIC_REPRESENTATION_CONTEXT() REPRESENTATION_CONTEXT('2D SPACE',''
  ) );
#5839 = PCURVE('',#4668,#5840);
#5840 = DEFINITIONAL_REPRESENTATION('',(#5841),#5845);
#5841 = LINE('',#5842,#5843);
#5842 = CARTESIAN_POINT('',(6.28318530718,0.));
#5843 = VECTOR('',#5844,1.);
#5844 = DIRECTION('',(0.,1.));
#5845 = ( GEOMETRIC_REPRESENTATION_CONTEXT(2) 
PARAMETRIC_REPRESENTATION_CONTEXT() REPRESENTATION_CONTEXT('2D SPACE',''
  ) );
#5846 = ORIENTED_EDGE('',*,*,#4651,.T.);
#5847 = ORIENTED_EDGE('',*,*,#5827,.T.);
#5848 = ORIENTED_EDGE('',*,*,#5177,.F.);
#5849 = ADVANCED_FACE('',(#5850),#4637,.F.);
#5850 = FACE_BOUND('',#5851,.F.);
#5851 = EDGE_LOOP('',(#5852,#5853,#5873,#5874,#5875));
#5852 = ORIENTED_EDGE('',*,*,#5153,.F.);
#5853 = ORIENTED_EDGE('',*,*,#5854,.F.);
#5854 = EDGE_CURVE('',#4621,#5130,#5855,.T.);
#5855 = SEAM_CURVE('',#5856,(#5859,#5866),.PCURVE_S1.);
#5856 = B_SPLINE_CURVE_WITH_KNOTS('',1,(#5857,#5858),.UNSPECIFIED.,.F.,
  .F.,(2,2),(74.6,100.),.PIECEWISE_BEZIER_KNOTS.);
#5857 = CARTESIAN_POINT('',(1.E+03,1.0265E+03,-10.));
#5858 = CARTESIAN_POINT('',(1.0254E+03,1.0265E+03,-10.));
#5859 = PCURVE('',#4637,#5860);
#5860 = DEFINITIONAL_REPRESENTATION('',(#5861),#5865);
#5861 = LINE('',#5862,#5863);
#5862 = CARTESIAN_POINT('',(0.,0.));
#5863 = VECTOR('',#5864,1.);
#5864 = DIRECTION('',(0.,1.));
#5865 = ( GEOMETRIC_REPRESENTATION_CONTEXT(2) 
PARAMETRIC_REPRESENTATION_CONTEXT() REPRESENTATION_CONTEXT('2D SPACE',''
  ) );
#5866 = PCURVE('',#4637,#5867);
#5867 = DEFINITIONAL_REPRESENTATION('',(#5868),#5872);
#5868 = LINE('',#5869,#5870);
#5869 = CARTESIAN_POINT('',(6.28318530718,0.));
#5870 = VECTOR('',#5871,1.);
#5871 = DIRECTION('',(0.,1.));
#5872 = ( GEOMETRIC_REPRESENTATION_CONTEXT(2) 
PARAMETRIC_REPRESENTATION_CONTEXT() REPRESENTATION_CONTEXT('2D SPACE',''
  ) );
#5873 = ORIENTED_EDGE('',*,*,#4620,.T.);
#5874 = ORIENTED_EDGE('',*,*,#5854,.T.);
#5875 = ORIENTED_EDGE('',*,*,#5127,.F.);
#5876 = ADVANCED_FACE('',(#5877),#4606,.F.);
#5877 = FACE_BOUND('',#5878,.F.);
#5878 = EDGE_LOOP('',(#5879,#5880,#5900,#5901,#5902));
#5879 = ORIENTED_EDGE('',*,*,#5103,.F.);
#5880 = ORIENTED_EDGE('',*,*,#5881,.F.);
#5881 = EDGE_CURVE('',#4590,#5080,#5882,.T.);
#5882 = SEAM_CURVE('',#5883,(#5886,#5893),.PCURVE_S1.);
#5883 = B_SPLINE_CURVE_WITH_KNOTS('',1,(#5884,#5885),.UNSPECIFIED.,.F.,
  .F.,(2,2),(74.6,100.),.PIECEWISE_BEZIER_KNOTS.);
#5884 = CARTESIAN_POINT('',(1.E+03,1.049744592443E+03,76.750000000001));
#5885 = CARTESIAN_POINT('',(1.0254E+03,1.049744592443E+03,
    76.750000000001));
#5886 = PCURVE('',#4606,#5887);
#5887 = DEFINITIONAL_REPRESENTATION('',(#5888),#5892);
#5888 = LINE('',#5889,#5890);
#5889 = CARTESIAN_POINT('',(0.,0.));
#5890 = VECTOR('',#5891,1.);
#5891 = DIRECTION('',(0.,1.));
#5892 = ( GEOMETRIC_REPRESENTATION_CONTEXT(2) 
PARAMETRIC_REPRESENTATION_CONTEXT() REPRESENTATION_CONTEXT('2D SPACE',''
  ) );
#5893 = PCURVE('',#4606,#5894);
#5894 = DEFINITIONAL_REPRESENTATION('',(#5895),#5899);
#5895 = LINE('',#5896,#5897);
#5896 = CARTESIAN_POINT('',(6.28318530718,0.));
#5897 = VECTOR('',#5898,1.);
#5898 = DIRECTION('',(0.,1.));
#5899 = ( GEOMETRIC_REPRESENTATION_CONTEXT(2) 
PARAMETRIC_REPRESENTATION_CONTEXT() REPRESENTATION_CONTEXT('2D SPACE',''
  ) );
#5900 = ORIENTED_EDGE('',*,*,#4589,.T.);
#5901 = ORIENTED_EDGE('',*,*,#5881,.T.);
#5902 = ORIENTED_EDGE('',*,*,#5077,.F.);
#5903 = ADVANCED_FACE('',(#5904),#4575,.F.);
#5904 = FACE_BOUND('',#5905,.F.);
#5905 = EDGE_LOOP('',(#5906,#5907,#5927,#5928,#5929));
#5906 = ORIENTED_EDGE('',*,*,#5053,.F.);
#5907 = ORIENTED_EDGE('',*,*,#5908,.F.);
#5908 = EDGE_CURVE('',#4559,#5030,#5909,.T.);
#5909 = SEAM_CURVE('',#5910,(#5913,#5920),.PCURVE_S1.);
#5910 = B_SPLINE_CURVE_WITH_KNOTS('',1,(#5911,#5912),.UNSPECIFIED.,.F.,
  .F.,(2,2),(74.6,100.),.PIECEWISE_BEZIER_KNOTS.);
#5911 = CARTESIAN_POINT('',(1.E+03,1.11325E+03,140.2554075566));
#5912 = CARTESIAN_POINT('',(1.0254E+03,1.11325E+03,140.2554075566));
#5913 = PCURVE('',#4575,#5914);
#5914 = DEFINITIONAL_REPRESENTATION('',(#5915),#5919);
#5915 = LINE('',#5916,#5917);
#5916 = CARTESIAN_POINT('',(0.,0.));
#5917 = VECTOR('',#5918,1.);
#5918 = DIRECTION('',(0.,1.));
#5919 = ( GEOMETRIC_REPRESENTATION_CONTEXT(2) 
PARAMETRIC_REPRESENTATION_CONTEXT() REPRESENTATION_CONTEXT('2D SPACE',''
  ) );
#5920 = PCURVE('',#4575,#5921);
#5921 = DEFINITIONAL_REPRESENTATION('',(#5922),#5926);
#5922 = LINE('',#5923,#5924);
#5923 = CARTESIAN_POINT('',(6.28318530718,0.));
#5924 = VECTOR('',#5925,1.);
#5925 = DIRECTION('',(0.,1.));
#5926 = ( GEOMETRIC_REPRESENTATION_CONTEXT(2) 
PARAMETRIC_REPRESENTATION_CONTEXT() REPRESENTATION_CONTEXT('2D SPACE',''
  ) );
#5927 = ORIENTED_EDGE('',*,*,#4558,.T.);
#5928 = ORIENTED_EDGE('',*,*,#5908,.T.);
#5929 = ORIENTED_EDGE('',*,*,#5027,.F.);
#5930 = ADVANCED_FACE('',(#5931),#4544,.F.);
#5931 = FACE_BOUND('',#5932,.F.);
#5932 = EDGE_LOOP('',(#5933,#5934,#5954,#5955,#5956));
#5933 = ORIENTED_EDGE('',*,*,#5003,.F.);
#5934 = ORIENTED_EDGE('',*,*,#5935,.F.);
#5935 = EDGE_CURVE('',#4528,#4980,#5936,.T.);
#5936 = SEAM_CURVE('',#5937,(#5940,#5947),.PCURVE_S1.);
#5937 = B_SPLINE_CURVE_WITH_KNOTS('',1,(#5938,#5939),.UNSPECIFIED.,.F.,
  .F.,(2,2),(74.6,100.),.PIECEWISE_BEZIER_KNOTS.);
#5938 = CARTESIAN_POINT('',(1.E+03,1.2E+03,163.5));
#5939 = CARTESIAN_POINT('',(1.0254E+03,1.2E+03,163.5));
#5940 = PCURVE('',#4544,#5941);
#5941 = DEFINITIONAL_REPRESENTATION('',(#5942),#5946);
#5942 = LINE('',#5943,#5944);
#5943 = CARTESIAN_POINT('',(0.,0.));
#5944 = VECTOR('',#5945,1.);
#5945 = DIRECTION('',(0.,1.));
#5946 = ( GEOMETRIC_REPRESENTATION_CONTEXT(2) 
PARAMETRIC_REPRESENTATION_CONTEXT() REPRESENTATION_CONTEXT('2D SPACE',''
  ) );
#5947 = PCURVE('',#4544,#5948);
#5948 = DEFINITIONAL_REPRESENTATION('',(#5949),#5953);
#5949 = LINE('',#5950,#5951);
#5950 = CARTESIAN_POINT('',(6.28318530718,0.));
#5951 = VECTOR('',#5952,1.);
#5952 = DIRECTION('',(0.,1.));
#5953 = ( GEOMETRIC_REPRESENTATION_CONTEXT(2) 
PARAMETRIC_REPRESENTATION_CONTEXT() REPRESENTATION_CONTEXT('2D SPACE',''
  ) );
#5954 = ORIENTED_EDGE('',*,*,#4527,.T.);
#5955 = ORIENTED_EDGE('',*,*,#5935,.T.);
#5956 = ORIENTED_EDGE('',*,*,#4977,.F.);
#5957 = ADVANCED_FACE('',(#5958),#4513,.F.);
#5958 = FACE_BOUND('',#5959,.F.);
#5959 = EDGE_LOOP('',(#5960,#5961,#5981,#5982,#5983));
#5960 = ORIENTED_EDGE('',*,*,#4953,.F.);
#5961 = ORIENTED_EDGE('',*,*,#5962,.F.);
#5962 = EDGE_CURVE('',#4497,#4930,#5963,.T.);
#5963 = SEAM_CURVE('',#5964,(#5967,#5974),.PCURVE_S1.);
#5964 = B_SPLINE_CURVE_WITH_KNOTS('',1,(#5965,#5966),.UNSPECIFIED.,.F.,
  .F.,(2,2),(74.6,100.),.PIECEWISE_BEZIER_KNOTS.);
#5965 = CARTESIAN_POINT('',(1.E+03,1.28675E+03,140.25540755659));
#5966 = CARTESIAN_POINT('',(1.0254E+03,1.28675E+03,140.25540755659));
#5967 = PCURVE('',#4513,#5968);
#5968 = DEFINITIONAL_REPRESENTATION('',(#5969),#5973);
#5969 = LINE('',#5970,#5971);
#5970 = CARTESIAN_POINT('',(0.,0.));
#5971 = VECTOR('',#5972,1.);
#5972 = DIRECTION('',(0.,1.));
#5973 = ( GEOMETRIC_REPRESENTATION_CONTEXT(2) 
PARAMETRIC_REPRESENTATION_CONTEXT() REPRESENTATION_CONTEXT('2D SPACE',''
  ) );
#5974 = PCURVE('',#4513,#5975);
#5975 = DEFINITIONAL_REPRESENTATION('',(#5976),#5980);
#5976 = LINE('',#5977,#5978);
#5977 = CARTESIAN_POINT('',(6.28318530718,0.));
#5978 = VECTOR('',#5979,1.);
#5979 = DIRECTION('',(0.,1.));
#5980 = ( GEOMETRIC_REPRESENTATION_CONTEXT(2) 
PARAMETRIC_REPRESENTATION_CONTEXT() REPRESENTATION_CONTEXT('2D SPACE',''
  ) );
#5981 = ORIENTED_EDGE('',*,*,#4496,.T.);
#5982 = ORIENTED_EDGE('',*,*,#5962,.T.);
#5983 = ORIENTED_EDGE('',*,*,#4927,.F.);
#5984 = ADVANCED_FACE('',(#5985),#4482,.F.);
#5985 = FACE_BOUND('',#5986,.F.);
#5986 = EDGE_LOOP('',(#5987,#5988,#6008,#6009,#6010));
#5987 = ORIENTED_EDGE('',*,*,#4903,.F.);
#5988 = ORIENTED_EDGE('',*,*,#5989,.F.);
#5989 = EDGE_CURVE('',#4466,#4875,#5990,.T.);
#5990 = SEAM_CURVE('',#5991,(#5994,#6001),.PCURVE_S1.);
#5991 = B_SPLINE_CURVE_WITH_KNOTS('',1,(#5992,#5993),.UNSPECIFIED.,.F.,
  .F.,(2,2),(74.6,100.),.PIECEWISE_BEZIER_KNOTS.);
#5992 = CARTESIAN_POINT('',(1.E+03,1.350255407557E+03,76.749999999998));
#5993 = CARTESIAN_POINT('',(1.0254E+03,1.350255407557E+03,
    76.749999999998));
#5994 = PCURVE('',#4482,#5995);
#5995 = DEFINITIONAL_REPRESENTATION('',(#5996),#6000);
#5996 = LINE('',#5997,#5998);
#5997 = CARTESIAN_POINT('',(0.,0.));
#5998 = VECTOR('',#5999,1.);
#5999 = DIRECTION('',(0.,1.));
#6000 = ( GEOMETRIC_REPRESENTATION_CONTEXT(2) 
PARAMETRIC_REPRESENTATION_CONTEXT() REPRESENTATION_CONTEXT('2D SPACE',''
  ) );
#6001 = PCURVE('',#4482,#6002);
#6002 = DEFINITIONAL_REPRESENTATION('',(#6003),#6007);
#6003 = LINE('',#6004,#6005);
#6004 = CARTESIAN_POINT('',(6.28318530718,0.));
#6005 = VECTOR('',#6006,1.);
#6006 = DIRECTION('',(0.,1.));
#6007 = ( GEOMETRIC_REPRESENTATION_CONTEXT(2) 
PARAMETRIC_REPRESENTATION_CONTEXT() REPRESENTATION_CONTEXT('2D SPACE',''
  ) );
#6008 = ORIENTED_EDGE('',*,*,#4465,.T.);
#6009 = ORIENTED_EDGE('',*,*,#5989,.T.);
#6010 = ORIENTED_EDGE('',*,*,#4872,.F.);
#6011 = ADVANCED_FACE('',(#6012),#2857,.T.);
#6012 = FACE_BOUND('',#6013,.T.);
#6013 = EDGE_LOOP('',(#6014,#6049,#6069,#6070,#6071));
#6014 = ORIENTED_EDGE('',*,*,#6015,.T.);
#6015 = EDGE_CURVE('',#6016,#6018,#6020,.T.);
#6016 = VERTEX_POINT('',#6017);
#6017 = CARTESIAN_POINT('',(-1.E+03,-1.2E+03,157.));
#6018 = VERTEX_POINT('',#6019);
#6019 = CARTESIAN_POINT('',(-1.E+03,-1.2E+03,-157.));
#6020 = SURFACE_CURVE('',#6021,(#6026,#6033),.PCURVE_S1.);
#6021 = CIRCLE('',#6022,157.);
#6022 = AXIS2_PLACEMENT_3D('',#6023,#6024,#6025);
#6023 = CARTESIAN_POINT('',(-1.E+03,-1.2E+03,-1.469576158977E-13));
#6024 = DIRECTION('',(1.,0.,-0.));
#6025 = DIRECTION('',(0.,0.,1.));
#6026 = PCURVE('',#2857,#6027);
#6027 = DEFINITIONAL_REPRESENTATION('',(#6028),#6032);
#6028 = LINE('',#6029,#6030);
#6029 = CARTESIAN_POINT('',(3.14159265359,0.));
#6030 = VECTOR('',#6031,1.);
#6031 = DIRECTION('',(1.,0.));
#6032 = ( GEOMETRIC_REPRESENTATION_CONTEXT(2) 
PARAMETRIC_REPRESENTATION_CONTEXT() REPRESENTATION_CONTEXT('2D SPACE',''
  ) );
#6033 = PCURVE('',#6034,#6039);
#6034 = PLANE('',#6035);
#6035 = AXIS2_PLACEMENT_3D('',#6036,#6037,#6038);
#6036 = CARTESIAN_POINT('',(-1.E+03,-1.2E+03,-1.469576158977E-13));
#6037 = DIRECTION('',(-1.,0.,0.));
#6038 = DIRECTION('',(0.,0.,1.));
#6039 = DEFINITIONAL_REPRESENTATION('',(#6040),#6048);
#6040 = ( BOUNDED_CURVE() B_SPLINE_CURVE(2,(#6041,#6042,#6043,#6044,
#6045,#6046,#6047),.UNSPECIFIED.,.T.,.F.) B_SPLINE_CURVE_WITH_KNOTS((1,2
    ,2,2,2,1),(-2.094395102393,0.,2.094395102393,4.188790204786,
6.28318530718,8.377580409573),.UNSPECIFIED.) CURVE() 
GEOMETRIC_REPRESENTATION_ITEM() RATIONAL_B_SPLINE_CURVE((1.,0.5,1.,0.5,
1.,0.5,1.)) REPRESENTATION_ITEM('') );
#6041 = CARTESIAN_POINT('',(157.,0.));
#6042 = CARTESIAN_POINT('',(157.,-271.9319767883));
#6043 = CARTESIAN_POINT('',(-78.5,-135.9659883941));
#6044 = CARTESIAN_POINT('',(-314.,-3.845390949323E-14));
#6045 = CARTESIAN_POINT('',(-78.5,135.96598839415));
#6046 = CARTESIAN_POINT('',(157.,271.93197678831));
#6047 = CARTESIAN_POINT('',(157.,0.));
#6048 = ( GEOMETRIC_REPRESENTATION_CONTEXT(2) 
PARAMETRIC_REPRESENTATION_CONTEXT() REPRESENTATION_CONTEXT('2D SPACE',''
  ) );
#6049 = ORIENTED_EDGE('',*,*,#6050,.T.);
#6050 = EDGE_CURVE('',#6018,#2255,#6051,.T.);
#6051 = SEAM_CURVE('',#6052,(#6055,#6062),.PCURVE_S1.);
#6052 = B_SPLINE_CURVE_WITH_KNOTS('',1,(#6053,#6054),.UNSPECIFIED.,.F.,
  .F.,(2,2),(0.,266.61674412351),.PIECEWISE_BEZIER_KNOTS.);
#6053 = CARTESIAN_POINT('',(-1.E+03,-1.2E+03,-157.));
#6054 = CARTESIAN_POINT('',(-733.3832558764,-1.2E+03,-157.));
#6055 = PCURVE('',#2857,#6056);
#6056 = DEFINITIONAL_REPRESENTATION('',(#6057),#6061);
#6057 = LINE('',#6058,#6059);
#6058 = CARTESIAN_POINT('',(6.28318530718,0.));
#6059 = VECTOR('',#6060,1.);
#6060 = DIRECTION('',(0.,1.));
#6061 = ( GEOMETRIC_REPRESENTATION_CONTEXT(2) 
PARAMETRIC_REPRESENTATION_CONTEXT() REPRESENTATION_CONTEXT('2D SPACE',''
  ) );
#6062 = PCURVE('',#2857,#6063);
#6063 = DEFINITIONAL_REPRESENTATION('',(#6064),#6068);
#6064 = LINE('',#6065,#6066);
#6065 = CARTESIAN_POINT('',(-2.6645352591E-15,0.));
#6066 = VECTOR('',#6067,1.);
#6067 = DIRECTION('',(0.,1.));
#6068 = ( GEOMETRIC_REPRESENTATION_CONTEXT(2) 
PARAMETRIC_REPRESENTATION_CONTEXT() REPRESENTATION_CONTEXT('2D SPACE',''
  ) );
#6069 = ORIENTED_EDGE('',*,*,#2254,.T.);
#6070 = ORIENTED_EDGE('',*,*,#6050,.F.);
#6071 = ORIENTED_EDGE('',*,*,#6072,.T.);
#6072 = EDGE_CURVE('',#6018,#6016,#6073,.T.);
#6073 = SURFACE_CURVE('',#6074,(#6079,#6086),.PCURVE_S1.);
#6074 = CIRCLE('',#6075,157.);
#6075 = AXIS2_PLACEMENT_3D('',#6076,#6077,#6078);
#6076 = CARTESIAN_POINT('',(-1.E+03,-1.2E+03,-1.469576158977E-13));
#6077 = DIRECTION('',(1.,0.,-0.));
#6078 = DIRECTION('',(0.,0.,1.));
#6079 = PCURVE('',#2857,#6080);
#6080 = DEFINITIONAL_REPRESENTATION('',(#6081),#6085);
#6081 = LINE('',#6082,#6083);
#6082 = CARTESIAN_POINT('',(-3.14159265359,0.));
#6083 = VECTOR('',#6084,1.);
#6084 = DIRECTION('',(1.,0.));
#6085 = ( GEOMETRIC_REPRESENTATION_CONTEXT(2) 
PARAMETRIC_REPRESENTATION_CONTEXT() REPRESENTATION_CONTEXT('2D SPACE',''
  ) );
#6086 = PCURVE('',#6034,#6087);
#6087 = DEFINITIONAL_REPRESENTATION('',(#6088),#6096);
#6088 = ( BOUNDED_CURVE() B_SPLINE_CURVE(2,(#6089,#6090,#6091,#6092,
#6093,#6094,#6095),.UNSPECIFIED.,.T.,.F.) B_SPLINE_CURVE_WITH_KNOTS((1,2
    ,2,2,2,1),(-2.094395102393,0.,2.094395102393,4.188790204786,
6.28318530718,8.377580409573),.UNSPECIFIED.) CURVE() 
GEOMETRIC_REPRESENTATION_ITEM() RATIONAL_B_SPLINE_CURVE((1.,0.5,1.,0.5,
1.,0.5,1.)) REPRESENTATION_ITEM('') );
#6089 = CARTESIAN_POINT('',(157.,0.));
#6090 = CARTESIAN_POINT('',(157.,-271.9319767883));
#6091 = CARTESIAN_POINT('',(-78.5,-135.9659883941));
#6092 = CARTESIAN_POINT('',(-314.,-3.845390949323E-14));
#6093 = CARTESIAN_POINT('',(-78.5,135.96598839415));
#6094 = CARTESIAN_POINT('',(157.,271.93197678831));
#6095 = CARTESIAN_POINT('',(157.,0.));
#6096 = ( GEOMETRIC_REPRESENTATION_CONTEXT(2) 
PARAMETRIC_REPRESENTATION_CONTEXT() REPRESENTATION_CONTEXT('2D SPACE',''
  ) );
#6097 = ADVANCED_FACE('',(#6098),#1713,.F.);
#6098 = FACE_BOUND('',#6099,.F.);
#6099 = EDGE_LOOP('',(#6100,#6101,#6123,#6150));
#6100 = ORIENTED_EDGE('',*,*,#1112,.T.);
#6101 = ORIENTED_EDGE('',*,*,#6102,.F.);
#6102 = EDGE_CURVE('',#6103,#1113,#6105,.T.);
#6103 = VERTEX_POINT('',#6104);
#6104 = CARTESIAN_POINT('',(-1.0254E+03,-1.2E+03,147.));
#6105 = SEAM_CURVE('',#6106,(#6109,#6116),.PCURVE_S1.);
#6106 = B_SPLINE_CURVE_WITH_KNOTS('',1,(#6107,#6108),.UNSPECIFIED.,.F.,
  .F.,(2,2),(-25.4,279.85001562174),.PIECEWISE_BEZIER_KNOTS.);
#6107 = CARTESIAN_POINT('',(-1.0254E+03,-1.2E+03,147.));
#6108 = CARTESIAN_POINT('',(-720.1499843782,-1.2E+03,147.));
#6109 = PCURVE('',#1713,#6110);
#6110 = DEFINITIONAL_REPRESENTATION('',(#6111),#6115);
#6111 = LINE('',#6112,#6113);
#6112 = CARTESIAN_POINT('',(3.14159265359,0.));
#6113 = VECTOR('',#6114,1.);
#6114 = DIRECTION('',(0.,1.));
#6115 = ( GEOMETRIC_REPRESENTATION_CONTEXT(2) 
PARAMETRIC_REPRESENTATION_CONTEXT() REPRESENTATION_CONTEXT('2D SPACE',''
  ) );
#6116 = PCURVE('',#1713,#6117);
#6117 = DEFINITIONAL_REPRESENTATION('',(#6118),#6122);
#6118 = LINE('',#6119,#6120);
#6119 = CARTESIAN_POINT('',(9.424777960769,0.));
#6120 = VECTOR('',#6121,1.);
#6121 = DIRECTION('',(0.,1.));
#6122 = ( GEOMETRIC_REPRESENTATION_CONTEXT(2) 
PARAMETRIC_REPRESENTATION_CONTEXT() REPRESENTATION_CONTEXT('2D SPACE',''
  ) );
#6123 = ORIENTED_EDGE('',*,*,#6124,.F.);
#6124 = EDGE_CURVE('',#6103,#6103,#6125,.T.);
#6125 = SURFACE_CURVE('',#6126,(#6131,#6138),.PCURVE_S1.);
#6126 = CIRCLE('',#6127,147.);
#6127 = AXIS2_PLACEMENT_3D('',#6128,#6129,#6130);
#6128 = CARTESIAN_POINT('',(-1.0254E+03,-1.2E+03,-1.469576158977E-13));
#6129 = DIRECTION('',(-1.,0.,0.));
#6130 = DIRECTION('',(0.,0.,1.));
#6131 = PCURVE('',#1713,#6132);
#6132 = DEFINITIONAL_REPRESENTATION('',(#6133),#6137);
#6133 = LINE('',#6134,#6135);
#6134 = CARTESIAN_POINT('',(9.424777960769,-25.4));
#6135 = VECTOR('',#6136,1.);
#6136 = DIRECTION('',(-1.,0.));
#6137 = ( GEOMETRIC_REPRESENTATION_CONTEXT(2) 
PARAMETRIC_REPRESENTATION_CONTEXT() REPRESENTATION_CONTEXT('2D SPACE',''
  ) );
#6138 = PCURVE('',#6139,#6144);
#6139 = PLANE('',#6140);
#6140 = AXIS2_PLACEMENT_3D('',#6141,#6142,#6143);
#6141 = CARTESIAN_POINT('',(-1.0254E+03,-1.2E+03,-1.469576158977E-13));
#6142 = DIRECTION('',(-1.,0.,0.));
#6143 = DIRECTION('',(0.,0.,1.));
#6144 = DEFINITIONAL_REPRESENTATION('',(#6145),#6149);
#6145 = CIRCLE('',#6146,147.);
#6146 = AXIS2_PLACEMENT_2D('',#6147,#6148);
#6147 = CARTESIAN_POINT('',(0.,0.));
#6148 = DIRECTION('',(1.,0.));
#6149 = ( GEOMETRIC_REPRESENTATION_CONTEXT(2) 
PARAMETRIC_REPRESENTATION_CONTEXT() REPRESENTATION_CONTEXT('2D SPACE',''
  ) );
#6150 = ORIENTED_EDGE('',*,*,#6102,.T.);
#6151 = ADVANCED_FACE('',(#6152,#6207,#6262,#6317,#6372,#6427,#6482,
    #6537,#6592,#6647,#6702,#6757,#6788,#6819),#6139,.T.);
#6152 = FACE_BOUND('',#6153,.T.);
#6153 = EDGE_LOOP('',(#6154,#6185));
#6154 = ORIENTED_EDGE('',*,*,#6155,.F.);
#6155 = EDGE_CURVE('',#6156,#6158,#6160,.T.);
#6156 = VERTEX_POINT('',#6157);
#6157 = CARTESIAN_POINT('',(-1.0254E+03,-1.040414465424E+03,
    -80.58974596215));
#6158 = VERTEX_POINT('',#6159);
#6159 = CARTESIAN_POINT('',(-1.0254E+03,-1.045414465424E+03,
    -79.24999999999));
#6160 = SURFACE_CURVE('',#6161,(#6166,#6173),.PCURVE_S1.);
#6161 = CIRCLE('',#6162,10.);
#6162 = AXIS2_PLACEMENT_3D('',#6163,#6164,#6165);
#6163 = CARTESIAN_POINT('',(-1.0254E+03,-1.045414465424E+03,
    -89.24999999999));
#6164 = DIRECTION('',(-1.,0.,0.));
#6165 = DIRECTION('',(0.,0.5,0.866025403784));
#6166 = PCURVE('',#6139,#6167);
#6167 = DEFINITIONAL_REPRESENTATION('',(#6168),#6172);
#6168 = CIRCLE('',#6169,10.);
#6169 = AXIS2_PLACEMENT_2D('',#6170,#6171);
#6170 = CARTESIAN_POINT('',(-89.24999999999,154.58553457552));
#6171 = DIRECTION('',(0.866025403784,0.5));
#6172 = ( GEOMETRIC_REPRESENTATION_CONTEXT(2) 
PARAMETRIC_REPRESENTATION_CONTEXT() REPRESENTATION_CONTEXT('2D SPACE',''
  ) );
#6173 = PCURVE('',#6174,#6179);
#6174 = CYLINDRICAL_SURFACE('',#6175,10.);
#6175 = AXIS2_PLACEMENT_3D('',#6176,#6177,#6178);
#6176 = CARTESIAN_POINT('',(-925.4,-1.045414465424E+03,-89.24999999999)
  );
#6177 = DIRECTION('',(-1.,-0.,-0.));
#6178 = DIRECTION('',(0.,0.,1.));
#6179 = DEFINITIONAL_REPRESENTATION('',(#6180),#6184);
#6180 = LINE('',#6181,#6182);
#6181 = CARTESIAN_POINT('',(0.523598775598,100.));
#6182 = VECTOR('',#6183,1.);
#6183 = DIRECTION('',(1.,0.));
#6184 = ( GEOMETRIC_REPRESENTATION_CONTEXT(2) 
PARAMETRIC_REPRESENTATION_CONTEXT() REPRESENTATION_CONTEXT('2D SPACE',''
  ) );
#6185 = ORIENTED_EDGE('',*,*,#6186,.F.);
#6186 = EDGE_CURVE('',#6158,#6156,#6187,.T.);
#6187 = SURFACE_CURVE('',#6188,(#6193,#6200),.PCURVE_S1.);
#6188 = CIRCLE('',#6189,10.);
#6189 = AXIS2_PLACEMENT_3D('',#6190,#6191,#6192);
#6190 = CARTESIAN_POINT('',(-1.0254E+03,-1.045414465424E+03,
    -89.24999999999));
#6191 = DIRECTION('',(-1.,0.,0.));
#6192 = DIRECTION('',(0.,0.5,0.866025403784));
#6193 = PCURVE('',#6139,#6194);
#6194 = DEFINITIONAL_REPRESENTATION('',(#6195),#6199);
#6195 = CIRCLE('',#6196,10.);
#6196 = AXIS2_PLACEMENT_2D('',#6197,#6198);
#6197 = CARTESIAN_POINT('',(-89.24999999999,154.58553457552));
#6198 = DIRECTION('',(0.866025403784,0.5));
#6199 = ( GEOMETRIC_REPRESENTATION_CONTEXT(2) 
PARAMETRIC_REPRESENTATION_CONTEXT() REPRESENTATION_CONTEXT('2D SPACE',''
  ) );
#6200 = PCURVE('',#6174,#6201);
#6201 = DEFINITIONAL_REPRESENTATION('',(#6202),#6206);
#6202 = LINE('',#6203,#6204);
#6203 = CARTESIAN_POINT('',(-5.759586531581,100.));
#6204 = VECTOR('',#6205,1.);
#6205 = DIRECTION('',(1.,0.));
#6206 = ( GEOMETRIC_REPRESENTATION_CONTEXT(2) 
PARAMETRIC_REPRESENTATION_CONTEXT() REPRESENTATION_CONTEXT('2D SPACE',''
  ) );
#6207 = FACE_BOUND('',#6208,.T.);
#6208 = EDGE_LOOP('',(#6209,#6240));
#6209 = ORIENTED_EDGE('',*,*,#6210,.F.);
#6210 = EDGE_CURVE('',#6211,#6213,#6215,.T.);
#6211 = VERTEX_POINT('',#6212);
#6212 = CARTESIAN_POINT('',(-1.0254E+03,-1.102089745962E+03,
    -149.5855345755));
#6213 = VERTEX_POINT('',#6214);
#6214 = CARTESIAN_POINT('',(-1.0254E+03,-1.11075E+03,-144.5855345755));
#6215 = SURFACE_CURVE('',#6216,(#6221,#6228),.PCURVE_S1.);
#6216 = CIRCLE('',#6217,10.);
#6217 = AXIS2_PLACEMENT_3D('',#6218,#6219,#6220);
#6218 = CARTESIAN_POINT('',(-1.0254E+03,-1.11075E+03,-154.5855345755));
#6219 = DIRECTION('',(-1.,0.,0.));
#6220 = DIRECTION('',(0.,0.866025403784,0.5));
#6221 = PCURVE('',#6139,#6222);
#6222 = DEFINITIONAL_REPRESENTATION('',(#6223),#6227);
#6223 = CIRCLE('',#6224,10.);
#6224 = AXIS2_PLACEMENT_2D('',#6225,#6226);
#6225 = CARTESIAN_POINT('',(-154.5855345755,89.250000000002));
#6226 = DIRECTION('',(0.5,0.866025403784));
#6227 = ( GEOMETRIC_REPRESENTATION_CONTEXT(2) 
PARAMETRIC_REPRESENTATION_CONTEXT() REPRESENTATION_CONTEXT('2D SPACE',''
  ) );
#6228 = PCURVE('',#6229,#6234);
#6229 = CYLINDRICAL_SURFACE('',#6230,10.);
#6230 = AXIS2_PLACEMENT_3D('',#6231,#6232,#6233);
#6231 = CARTESIAN_POINT('',(-925.4,-1.11075E+03,-154.5855345755));
#6232 = DIRECTION('',(-1.,-0.,-0.));
#6233 = DIRECTION('',(0.,0.,1.));
#6234 = DEFINITIONAL_REPRESENTATION('',(#6235),#6239);
#6235 = LINE('',#6236,#6237);
#6236 = CARTESIAN_POINT('',(1.047197551197,100.));
#6237 = VECTOR('',#6238,1.);
#6238 = DIRECTION('',(1.,0.));
#6239 = ( GEOMETRIC_REPRESENTATION_CONTEXT(2) 
PARAMETRIC_REPRESENTATION_CONTEXT() REPRESENTATION_CONTEXT('2D SPACE',''
  ) );
#6240 = ORIENTED_EDGE('',*,*,#6241,.F.);
#6241 = EDGE_CURVE('',#6213,#6211,#6242,.T.);
#6242 = SURFACE_CURVE('',#6243,(#6248,#6255),.PCURVE_S1.);
#6243 = CIRCLE('',#6244,10.);
#6244 = AXIS2_PLACEMENT_3D('',#6245,#6246,#6247);
#6245 = CARTESIAN_POINT('',(-1.0254E+03,-1.11075E+03,-154.5855345755));
#6246 = DIRECTION('',(-1.,0.,0.));
#6247 = DIRECTION('',(0.,0.866025403784,0.5));
#6248 = PCURVE('',#6139,#6249);
#6249 = DEFINITIONAL_REPRESENTATION('',(#6250),#6254);
#6250 = CIRCLE('',#6251,10.);
#6251 = AXIS2_PLACEMENT_2D('',#6252,#6253);
#6252 = CARTESIAN_POINT('',(-154.5855345755,89.250000000002));
#6253 = DIRECTION('',(0.5,0.866025403784));
#6254 = ( GEOMETRIC_REPRESENTATION_CONTEXT(2) 
PARAMETRIC_REPRESENTATION_CONTEXT() REPRESENTATION_CONTEXT('2D SPACE',''
  ) );
#6255 = PCURVE('',#6229,#6256);
#6256 = DEFINITIONAL_REPRESENTATION('',(#6257),#6261);
#6257 = LINE('',#6258,#6259);
#6258 = CARTESIAN_POINT('',(-5.235987755983,100.));
#6259 = VECTOR('',#6260,1.);
#6260 = DIRECTION('',(1.,0.));
#6261 = ( GEOMETRIC_REPRESENTATION_CONTEXT(2) 
PARAMETRIC_REPRESENTATION_CONTEXT() REPRESENTATION_CONTEXT('2D SPACE',''
  ) );
#6262 = FACE_BOUND('',#6263,.T.);
#6263 = EDGE_LOOP('',(#6264,#6295));
#6264 = ORIENTED_EDGE('',*,*,#6265,.F.);
#6265 = EDGE_CURVE('',#6266,#6268,#6270,.T.);
#6266 = VERTEX_POINT('',#6267);
#6267 = CARTESIAN_POINT('',(-1.0254E+03,-1.19E+03,-178.5));
#6268 = VERTEX_POINT('',#6269);
#6269 = CARTESIAN_POINT('',(-1.0254E+03,-1.2E+03,-168.5));
#6270 = SURFACE_CURVE('',#6271,(#6276,#6283),.PCURVE_S1.);
#6271 = CIRCLE('',#6272,10.);
#6272 = AXIS2_PLACEMENT_3D('',#6273,#6274,#6275);
#6273 = CARTESIAN_POINT('',(-1.0254E+03,-1.2E+03,-178.5));
#6274 = DIRECTION('',(-1.,0.,0.));
#6275 = DIRECTION('',(0.,1.,1.110223024625E-14));
#6276 = PCURVE('',#6139,#6277);
#6277 = DEFINITIONAL_REPRESENTATION('',(#6278),#6282);
#6278 = CIRCLE('',#6279,10.);
#6279 = AXIS2_PLACEMENT_2D('',#6280,#6281);
#6280 = CARTESIAN_POINT('',(-178.5,1.818989403546E-12));
#6281 = DIRECTION('',(1.110223024625E-14,1.));
#6282 = ( GEOMETRIC_REPRESENTATION_CONTEXT(2) 
PARAMETRIC_REPRESENTATION_CONTEXT() REPRESENTATION_CONTEXT('2D SPACE',''
  ) );
#6283 = PCURVE('',#6284,#6289);
#6284 = CYLINDRICAL_SURFACE('',#6285,10.);
#6285 = AXIS2_PLACEMENT_3D('',#6286,#6287,#6288);
#6286 = CARTESIAN_POINT('',(-925.4,-1.2E+03,-178.5));
#6287 = DIRECTION('',(-1.,-0.,-0.));
#6288 = DIRECTION('',(0.,0.,1.));
#6289 = DEFINITIONAL_REPRESENTATION('',(#6290),#6294);
#6290 = LINE('',#6291,#6292);
#6291 = CARTESIAN_POINT('',(1.570796326795,100.));
#6292 = VECTOR('',#6293,1.);
#6293 = DIRECTION('',(1.,0.));
#6294 = ( GEOMETRIC_REPRESENTATION_CONTEXT(2) 
PARAMETRIC_REPRESENTATION_CONTEXT() REPRESENTATION_CONTEXT('2D SPACE',''
  ) );
#6295 = ORIENTED_EDGE('',*,*,#6296,.F.);
#6296 = EDGE_CURVE('',#6268,#6266,#6297,.T.);
#6297 = SURFACE_CURVE('',#6298,(#6303,#6310),.PCURVE_S1.);
#6298 = CIRCLE('',#6299,10.);
#6299 = AXIS2_PLACEMENT_3D('',#6300,#6301,#6302);
#6300 = CARTESIAN_POINT('',(-1.0254E+03,-1.2E+03,-178.5));
#6301 = DIRECTION('',(-1.,0.,0.));
#6302 = DIRECTION('',(0.,1.,1.110223024625E-14));
#6303 = PCURVE('',#6139,#6304);
#6304 = DEFINITIONAL_REPRESENTATION('',(#6305),#6309);
#6305 = CIRCLE('',#6306,10.);
#6306 = AXIS2_PLACEMENT_2D('',#6307,#6308);
#6307 = CARTESIAN_POINT('',(-178.5,1.818989403546E-12));
#6308 = DIRECTION('',(1.110223024625E-14,1.));
#6309 = ( GEOMETRIC_REPRESENTATION_CONTEXT(2) 
PARAMETRIC_REPRESENTATION_CONTEXT() REPRESENTATION_CONTEXT('2D SPACE',''
  ) );
#6310 = PCURVE('',#6284,#6311);
#6311 = DEFINITIONAL_REPRESENTATION('',(#6312),#6316);
#6312 = LINE('',#6313,#6314);
#6313 = CARTESIAN_POINT('',(-4.712388980385,100.));
#6314 = VECTOR('',#6315,1.);
#6315 = DIRECTION('',(1.,0.));
#6316 = ( GEOMETRIC_REPRESENTATION_CONTEXT(2) 
PARAMETRIC_REPRESENTATION_CONTEXT() REPRESENTATION_CONTEXT('2D SPACE',''
  ) );
#6317 = FACE_BOUND('',#6318,.T.);
#6318 = EDGE_LOOP('',(#6319,#6350));
#6319 = ORIENTED_EDGE('',*,*,#6320,.F.);
#6320 = EDGE_CURVE('',#6321,#6323,#6325,.T.);
#6321 = VERTEX_POINT('',#6322);
#6322 = CARTESIAN_POINT('',(-1.0254E+03,-1.280589745962E+03,
    -159.5855345755));
#6323 = VERTEX_POINT('',#6324);
#6324 = CARTESIAN_POINT('',(-1.0254E+03,-1.28925E+03,-144.5855345755));
#6325 = SURFACE_CURVE('',#6326,(#6331,#6338),.PCURVE_S1.);
#6326 = CIRCLE('',#6327,10.);
#6327 = AXIS2_PLACEMENT_3D('',#6328,#6329,#6330);
#6328 = CARTESIAN_POINT('',(-1.0254E+03,-1.28925E+03,-154.5855345755));
#6329 = DIRECTION('',(-1.,0.,-0.));
#6330 = DIRECTION('',(0.,0.866025403784,-0.5));
#6331 = PCURVE('',#6139,#6332);
#6332 = DEFINITIONAL_REPRESENTATION('',(#6333),#6337);
#6333 = CIRCLE('',#6334,10.);
#6334 = AXIS2_PLACEMENT_2D('',#6335,#6336);
#6335 = CARTESIAN_POINT('',(-154.5855345755,-89.24999999999));
#6336 = DIRECTION('',(-0.5,0.866025403784));
#6337 = ( GEOMETRIC_REPRESENTATION_CONTEXT(2) 
PARAMETRIC_REPRESENTATION_CONTEXT() REPRESENTATION_CONTEXT('2D SPACE',''
  ) );
#6338 = PCURVE('',#6339,#6344);
#6339 = CYLINDRICAL_SURFACE('',#6340,10.);
#6340 = AXIS2_PLACEMENT_3D('',#6341,#6342,#6343);
#6341 = CARTESIAN_POINT('',(-925.4,-1.28925E+03,-154.5855345755));
#6342 = DIRECTION('',(-1.,-0.,-0.));
#6343 = DIRECTION('',(0.,0.,1.));
#6344 = DEFINITIONAL_REPRESENTATION('',(#6345),#6349);
#6345 = LINE('',#6346,#6347);
#6346 = CARTESIAN_POINT('',(2.094395102393,100.));
#6347 = VECTOR('',#6348,1.);
#6348 = DIRECTION('',(1.,0.));
#6349 = ( GEOMETRIC_REPRESENTATION_CONTEXT(2) 
PARAMETRIC_REPRESENTATION_CONTEXT() REPRESENTATION_CONTEXT('2D SPACE',''
  ) );
#6350 = ORIENTED_EDGE('',*,*,#6351,.F.);
#6351 = EDGE_CURVE('',#6323,#6321,#6352,.T.);
#6352 = SURFACE_CURVE('',#6353,(#6358,#6365),.PCURVE_S1.);
#6353 = CIRCLE('',#6354,10.);
#6354 = AXIS2_PLACEMENT_3D('',#6355,#6356,#6357);
#6355 = CARTESIAN_POINT('',(-1.0254E+03,-1.28925E+03,-154.5855345755));
#6356 = DIRECTION('',(-1.,0.,-0.));
#6357 = DIRECTION('',(0.,0.866025403784,-0.5));
#6358 = PCURVE('',#6139,#6359);
#6359 = DEFINITIONAL_REPRESENTATION('',(#6360),#6364);
#6360 = CIRCLE('',#6361,10.);
#6361 = AXIS2_PLACEMENT_2D('',#6362,#6363);
#6362 = CARTESIAN_POINT('',(-154.5855345755,-89.24999999999));
#6363 = DIRECTION('',(-0.5,0.866025403784));
#6364 = ( GEOMETRIC_REPRESENTATION_CONTEXT(2) 
PARAMETRIC_REPRESENTATION_CONTEXT() REPRESENTATION_CONTEXT('2D SPACE',''
  ) );
#6365 = PCURVE('',#6339,#6366);
#6366 = DEFINITIONAL_REPRESENTATION('',(#6367),#6371);
#6367 = LINE('',#6368,#6369);
#6368 = CARTESIAN_POINT('',(-4.188790204786,100.));
#6369 = VECTOR('',#6370,1.);
#6370 = DIRECTION('',(1.,0.));
#6371 = ( GEOMETRIC_REPRESENTATION_CONTEXT(2) 
PARAMETRIC_REPRESENTATION_CONTEXT() REPRESENTATION_CONTEXT('2D SPACE',''
  ) );
#6372 = FACE_BOUND('',#6373,.T.);
#6373 = EDGE_LOOP('',(#6374,#6405));
#6374 = ORIENTED_EDGE('',*,*,#6375,.F.);
#6375 = EDGE_CURVE('',#6376,#6378,#6380,.T.);
#6376 = VERTEX_POINT('',#6377);
#6377 = CARTESIAN_POINT('',(-1.0254E+03,-1.349585534576E+03,
    -97.91025403784));
#6378 = VERTEX_POINT('',#6379);
#6379 = CARTESIAN_POINT('',(-1.0254E+03,-1.354585534576E+03,-79.25));
#6380 = SURFACE_CURVE('',#6381,(#6386,#6393),.PCURVE_S1.);
#6381 = CIRCLE('',#6382,10.);
#6382 = AXIS2_PLACEMENT_3D('',#6383,#6384,#6385);
#6383 = CARTESIAN_POINT('',(-1.0254E+03,-1.354585534576E+03,-89.25));
#6384 = DIRECTION('',(-1.,0.,-0.));
#6385 = DIRECTION('',(0.,0.5,-0.866025403784));
#6386 = PCURVE('',#6139,#6387);
#6387 = DEFINITIONAL_REPRESENTATION('',(#6388),#6392);
#6388 = CIRCLE('',#6389,10.);
#6389 = AXIS2_PLACEMENT_2D('',#6390,#6391);
#6390 = CARTESIAN_POINT('',(-89.25,-154.5855345755));
#6391 = DIRECTION('',(-0.866025403784,0.5));
#6392 = ( GEOMETRIC_REPRESENTATION_CONTEXT(2) 
PARAMETRIC_REPRESENTATION_CONTEXT() REPRESENTATION_CONTEXT('2D SPACE',''
  ) );
#6393 = PCURVE('',#6394,#6399);
#6394 = CYLINDRICAL_SURFACE('',#6395,10.);
#6395 = AXIS2_PLACEMENT_3D('',#6396,#6397,#6398);
#6396 = CARTESIAN_POINT('',(-925.4,-1.354585534576E+03,-89.25));
#6397 = DIRECTION('',(-1.,-0.,-0.));
#6398 = DIRECTION('',(0.,0.,1.));
#6399 = DEFINITIONAL_REPRESENTATION('',(#6400),#6404);
#6400 = LINE('',#6401,#6402);
#6401 = CARTESIAN_POINT('',(2.617993877991,100.));
#6402 = VECTOR('',#6403,1.);
#6403 = DIRECTION('',(1.,0.));
#6404 = ( GEOMETRIC_REPRESENTATION_CONTEXT(2) 
PARAMETRIC_REPRESENTATION_CONTEXT() REPRESENTATION_CONTEXT('2D SPACE',''
  ) );
#6405 = ORIENTED_EDGE('',*,*,#6406,.F.);
#6406 = EDGE_CURVE('',#6378,#6376,#6407,.T.);
#6407 = SURFACE_CURVE('',#6408,(#6413,#6420),.PCURVE_S1.);
#6408 = CIRCLE('',#6409,10.);
#6409 = AXIS2_PLACEMENT_3D('',#6410,#6411,#6412);
#6410 = CARTESIAN_POINT('',(-1.0254E+03,-1.354585534576E+03,-89.25));
#6411 = DIRECTION('',(-1.,0.,-0.));
#6412 = DIRECTION('',(0.,0.5,-0.866025403784));
#6413 = PCURVE('',#6139,#6414);
#6414 = DEFINITIONAL_REPRESENTATION('',(#6415),#6419);
#6415 = CIRCLE('',#6416,10.);
#6416 = AXIS2_PLACEMENT_2D('',#6417,#6418);
#6417 = CARTESIAN_POINT('',(-89.25,-154.5855345755));
#6418 = DIRECTION('',(-0.866025403784,0.5));
#6419 = ( GEOMETRIC_REPRESENTATION_CONTEXT(2) 
PARAMETRIC_REPRESENTATION_CONTEXT() REPRESENTATION_CONTEXT('2D SPACE',''
  ) );
#6420 = PCURVE('',#6394,#6421);
#6421 = DEFINITIONAL_REPRESENTATION('',(#6422),#6426);
#6422 = LINE('',#6423,#6424);
#6423 = CARTESIAN_POINT('',(-3.665191429188,100.));
#6424 = VECTOR('',#6425,1.);
#6425 = DIRECTION('',(1.,0.));
#6426 = ( GEOMETRIC_REPRESENTATION_CONTEXT(2) 
PARAMETRIC_REPRESENTATION_CONTEXT() REPRESENTATION_CONTEXT('2D SPACE',''
  ) );
#6427 = FACE_BOUND('',#6428,.T.);
#6428 = EDGE_LOOP('',(#6429,#6460));
#6429 = ORIENTED_EDGE('',*,*,#6430,.F.);
#6430 = EDGE_CURVE('',#6431,#6433,#6435,.T.);
#6431 = VERTEX_POINT('',#6432);
#6432 = CARTESIAN_POINT('',(-1.0254E+03,-1.3785E+03,-10.));
#6433 = VERTEX_POINT('',#6434);
#6434 = CARTESIAN_POINT('',(-1.0254E+03,-1.3785E+03,10.));
#6435 = SURFACE_CURVE('',#6436,(#6441,#6448),.PCURVE_S1.);
#6436 = CIRCLE('',#6437,10.);
#6437 = AXIS2_PLACEMENT_3D('',#6438,#6439,#6440);
#6438 = CARTESIAN_POINT('',(-1.0254E+03,-1.3785E+03,-1.469576158977E-13)
  );
#6439 = DIRECTION('',(-1.,0.,0.));
#6440 = DIRECTION('',(0.,0.,-1.));
#6441 = PCURVE('',#6139,#6442);
#6442 = DEFINITIONAL_REPRESENTATION('',(#6443),#6447);
#6443 = CIRCLE('',#6444,10.);
#6444 = AXIS2_PLACEMENT_2D('',#6445,#6446);
#6445 = CARTESIAN_POINT('',(0.,-178.5));
#6446 = DIRECTION('',(-1.,0.));
#6447 = ( GEOMETRIC_REPRESENTATION_CONTEXT(2) 
PARAMETRIC_REPRESENTATION_CONTEXT() REPRESENTATION_CONTEXT('2D SPACE',''
  ) );
#6448 = PCURVE('',#6449,#6454);
#6449 = CYLINDRICAL_SURFACE('',#6450,10.);
#6450 = AXIS2_PLACEMENT_3D('',#6451,#6452,#6453);
#6451 = CARTESIAN_POINT('',(-925.4,-1.3785E+03,-1.469576158977E-13));
#6452 = DIRECTION('',(-1.,-0.,-0.));
#6453 = DIRECTION('',(0.,0.,1.));
#6454 = DEFINITIONAL_REPRESENTATION('',(#6455),#6459);
#6455 = LINE('',#6456,#6457);
#6456 = CARTESIAN_POINT('',(3.14159265359,100.));
#6457 = VECTOR('',#6458,1.);
#6458 = DIRECTION('',(1.,0.));
#6459 = ( GEOMETRIC_REPRESENTATION_CONTEXT(2) 
PARAMETRIC_REPRESENTATION_CONTEXT() REPRESENTATION_CONTEXT('2D SPACE',''
  ) );
#6460 = ORIENTED_EDGE('',*,*,#6461,.F.);
#6461 = EDGE_CURVE('',#6433,#6431,#6462,.T.);
#6462 = SURFACE_CURVE('',#6463,(#6468,#6475),.PCURVE_S1.);
#6463 = CIRCLE('',#6464,10.);
#6464 = AXIS2_PLACEMENT_3D('',#6465,#6466,#6467);
#6465 = CARTESIAN_POINT('',(-1.0254E+03,-1.3785E+03,-1.469576158977E-13)
  );
#6466 = DIRECTION('',(-1.,0.,0.));
#6467 = DIRECTION('',(0.,0.,-1.));
#6468 = PCURVE('',#6139,#6469);
#6469 = DEFINITIONAL_REPRESENTATION('',(#6470),#6474);
#6470 = CIRCLE('',#6471,10.);
#6471 = AXIS2_PLACEMENT_2D('',#6472,#6473);
#6472 = CARTESIAN_POINT('',(0.,-178.5));
#6473 = DIRECTION('',(-1.,0.));
#6474 = ( GEOMETRIC_REPRESENTATION_CONTEXT(2) 
PARAMETRIC_REPRESENTATION_CONTEXT() REPRESENTATION_CONTEXT('2D SPACE',''
  ) );
#6475 = PCURVE('',#6449,#6476);
#6476 = DEFINITIONAL_REPRESENTATION('',(#6477),#6481);
#6477 = LINE('',#6478,#6479);
#6478 = CARTESIAN_POINT('',(-3.14159265359,100.));
#6479 = VECTOR('',#6480,1.);
#6480 = DIRECTION('',(1.,0.));
#6481 = ( GEOMETRIC_REPRESENTATION_CONTEXT(2) 
PARAMETRIC_REPRESENTATION_CONTEXT() REPRESENTATION_CONTEXT('2D SPACE',''
  ) );
#6482 = FACE_BOUND('',#6483,.T.);
#6483 = EDGE_LOOP('',(#6484,#6515));
#6484 = ORIENTED_EDGE('',*,*,#6485,.F.);
#6485 = EDGE_CURVE('',#6486,#6488,#6490,.T.);
#6486 = VERTEX_POINT('',#6487);
#6487 = CARTESIAN_POINT('',(-1.0254E+03,-1.359585534576E+03,
    80.589745962154));
#6488 = VERTEX_POINT('',#6489);
#6489 = CARTESIAN_POINT('',(-1.0254E+03,-1.354585534576E+03,
    99.249999999999));
#6490 = SURFACE_CURVE('',#6491,(#6496,#6503),.PCURVE_S1.);
#6491 = CIRCLE('',#6492,10.);
#6492 = AXIS2_PLACEMENT_3D('',#6493,#6494,#6495);
#6493 = CARTESIAN_POINT('',(-1.0254E+03,-1.354585534576E+03,
    89.249999999999));
#6494 = DIRECTION('',(-1.,-0.,0.));
#6495 = DIRECTION('',(0.,-0.5,-0.866025403784));
#6496 = PCURVE('',#6139,#6497);
#6497 = DEFINITIONAL_REPRESENTATION('',(#6498),#6502);
#6498 = CIRCLE('',#6499,10.);
#6499 = AXIS2_PLACEMENT_2D('',#6500,#6501);
#6500 = CARTESIAN_POINT('',(89.249999999999,-154.5855345755));
#6501 = DIRECTION('',(-0.866025403784,-0.5));
#6502 = ( GEOMETRIC_REPRESENTATION_CONTEXT(2) 
PARAMETRIC_REPRESENTATION_CONTEXT() REPRESENTATION_CONTEXT('2D SPACE',''
  ) );
#6503 = PCURVE('',#6504,#6509);
#6504 = CYLINDRICAL_SURFACE('',#6505,10.);
#6505 = AXIS2_PLACEMENT_3D('',#6506,#6507,#6508);
#6506 = CARTESIAN_POINT('',(-925.4,-1.354585534576E+03,89.249999999999)
  );
#6507 = DIRECTION('',(-1.,-0.,-0.));
#6508 = DIRECTION('',(0.,0.,1.));
#6509 = DEFINITIONAL_REPRESENTATION('',(#6510),#6514);
#6510 = LINE('',#6511,#6512);
#6511 = CARTESIAN_POINT('',(3.665191429188,100.));
#6512 = VECTOR('',#6513,1.);
#6513 = DIRECTION('',(1.,0.));
#6514 = ( GEOMETRIC_REPRESENTATION_CONTEXT(2) 
PARAMETRIC_REPRESENTATION_CONTEXT() REPRESENTATION_CONTEXT('2D SPACE',''
  ) );
#6515 = ORIENTED_EDGE('',*,*,#6516,.F.);
#6516 = EDGE_CURVE('',#6488,#6486,#6517,.T.);
#6517 = SURFACE_CURVE('',#6518,(#6523,#6530),.PCURVE_S1.);
#6518 = CIRCLE('',#6519,10.);
#6519 = AXIS2_PLACEMENT_3D('',#6520,#6521,#6522);
#6520 = CARTESIAN_POINT('',(-1.0254E+03,-1.354585534576E+03,
    89.249999999999));
#6521 = DIRECTION('',(-1.,-0.,0.));
#6522 = DIRECTION('',(0.,-0.5,-0.866025403784));
#6523 = PCURVE('',#6139,#6524);
#6524 = DEFINITIONAL_REPRESENTATION('',(#6525),#6529);
#6525 = CIRCLE('',#6526,10.);
#6526 = AXIS2_PLACEMENT_2D('',#6527,#6528);
#6527 = CARTESIAN_POINT('',(89.249999999999,-154.5855345755));
#6528 = DIRECTION('',(-0.866025403784,-0.5));
#6529 = ( GEOMETRIC_REPRESENTATION_CONTEXT(2) 
PARAMETRIC_REPRESENTATION_CONTEXT() REPRESENTATION_CONTEXT('2D SPACE',''
  ) );
#6530 = PCURVE('',#6504,#6531);
#6531 = DEFINITIONAL_REPRESENTATION('',(#6532),#6536);
#6532 = LINE('',#6533,#6534);
#6533 = CARTESIAN_POINT('',(-2.617993877991,100.));
#6534 = VECTOR('',#6535,1.);
#6535 = DIRECTION('',(1.,0.));
#6536 = ( GEOMETRIC_REPRESENTATION_CONTEXT(2) 
PARAMETRIC_REPRESENTATION_CONTEXT() REPRESENTATION_CONTEXT('2D SPACE',''
  ) );
#6537 = FACE_BOUND('',#6538,.T.);
#6538 = EDGE_LOOP('',(#6539,#6570));
#6539 = ORIENTED_EDGE('',*,*,#6540,.F.);
#6540 = EDGE_CURVE('',#6541,#6543,#6545,.T.);
#6541 = VERTEX_POINT('',#6542);
#6542 = CARTESIAN_POINT('',(-1.0254E+03,-1.297910254038E+03,
    149.58553457552));
#6543 = VERTEX_POINT('',#6544);
#6544 = CARTESIAN_POINT('',(-1.0254E+03,-1.28925E+03,164.58553457552));
#6545 = SURFACE_CURVE('',#6546,(#6551,#6558),.PCURVE_S1.);
#6546 = CIRCLE('',#6547,10.);
#6547 = AXIS2_PLACEMENT_3D('',#6548,#6549,#6550);
#6548 = CARTESIAN_POINT('',(-1.0254E+03,-1.28925E+03,154.58553457552));
#6549 = DIRECTION('',(-1.,-0.,0.));
#6550 = DIRECTION('',(0.,-0.866025403784,-0.5));
#6551 = PCURVE('',#6139,#6552);
#6552 = DEFINITIONAL_REPRESENTATION('',(#6553),#6557);
#6553 = CIRCLE('',#6554,10.);
#6554 = AXIS2_PLACEMENT_2D('',#6555,#6556);
#6555 = CARTESIAN_POINT('',(154.58553457552,-89.25));
#6556 = DIRECTION('',(-0.5,-0.866025403784));
#6557 = ( GEOMETRIC_REPRESENTATION_CONTEXT(2) 
PARAMETRIC_REPRESENTATION_CONTEXT() REPRESENTATION_CONTEXT('2D SPACE',''
  ) );
#6558 = PCURVE('',#6559,#6564);
#6559 = CYLINDRICAL_SURFACE('',#6560,10.);
#6560 = AXIS2_PLACEMENT_3D('',#6561,#6562,#6563);
#6561 = CARTESIAN_POINT('',(-925.4,-1.28925E+03,154.58553457552));
#6562 = DIRECTION('',(-1.,-0.,-0.));
#6563 = DIRECTION('',(0.,0.,1.));
#6564 = DEFINITIONAL_REPRESENTATION('',(#6565),#6569);
#6565 = LINE('',#6566,#6567);
#6566 = CARTESIAN_POINT('',(4.188790204786,100.));
#6567 = VECTOR('',#6568,1.);
#6568 = DIRECTION('',(1.,0.));
#6569 = ( GEOMETRIC_REPRESENTATION_CONTEXT(2) 
PARAMETRIC_REPRESENTATION_CONTEXT() REPRESENTATION_CONTEXT('2D SPACE',''
  ) );
#6570 = ORIENTED_EDGE('',*,*,#6571,.F.);
#6571 = EDGE_CURVE('',#6543,#6541,#6572,.T.);
#6572 = SURFACE_CURVE('',#6573,(#6578,#6585),.PCURVE_S1.);
#6573 = CIRCLE('',#6574,10.);
#6574 = AXIS2_PLACEMENT_3D('',#6575,#6576,#6577);
#6575 = CARTESIAN_POINT('',(-1.0254E+03,-1.28925E+03,154.58553457552));
#6576 = DIRECTION('',(-1.,-0.,0.));
#6577 = DIRECTION('',(0.,-0.866025403784,-0.5));
#6578 = PCURVE('',#6139,#6579);
#6579 = DEFINITIONAL_REPRESENTATION('',(#6580),#6584);
#6580 = CIRCLE('',#6581,10.);
#6581 = AXIS2_PLACEMENT_2D('',#6582,#6583);
#6582 = CARTESIAN_POINT('',(154.58553457552,-89.25));
#6583 = DIRECTION('',(-0.5,-0.866025403784));
#6584 = ( GEOMETRIC_REPRESENTATION_CONTEXT(2) 
PARAMETRIC_REPRESENTATION_CONTEXT() REPRESENTATION_CONTEXT('2D SPACE',''
  ) );
#6585 = PCURVE('',#6559,#6586);
#6586 = DEFINITIONAL_REPRESENTATION('',(#6587),#6591);
#6587 = LINE('',#6588,#6589);
#6588 = CARTESIAN_POINT('',(-2.094395102393,100.));
#6589 = VECTOR('',#6590,1.);
#6590 = DIRECTION('',(1.,0.));
#6591 = ( GEOMETRIC_REPRESENTATION_CONTEXT(2) 
PARAMETRIC_REPRESENTATION_CONTEXT() REPRESENTATION_CONTEXT('2D SPACE',''
  ) );
#6592 = FACE_BOUND('',#6593,.T.);
#6593 = EDGE_LOOP('',(#6594,#6625));
#6594 = ORIENTED_EDGE('',*,*,#6595,.F.);
#6595 = EDGE_CURVE('',#6596,#6598,#6600,.T.);
#6596 = VERTEX_POINT('',#6597);
#6597 = CARTESIAN_POINT('',(-1.0254E+03,-1.21E+03,178.5));
#6598 = VERTEX_POINT('',#6599);
#6599 = CARTESIAN_POINT('',(-1.0254E+03,-1.2E+03,188.5));
#6600 = SURFACE_CURVE('',#6601,(#6606,#6613),.PCURVE_S1.);
#6601 = CIRCLE('',#6602,10.);
#6602 = AXIS2_PLACEMENT_3D('',#6603,#6604,#6605);
#6603 = CARTESIAN_POINT('',(-1.0254E+03,-1.2E+03,178.5));
#6604 = DIRECTION('',(-1.,-0.,0.));
#6605 = DIRECTION('',(0.,-1.,-2.775557561563E-15));
#6606 = PCURVE('',#6139,#6607);
#6607 = DEFINITIONAL_REPRESENTATION('',(#6608),#6612);
#6608 = CIRCLE('',#6609,10.);
#6609 = AXIS2_PLACEMENT_2D('',#6610,#6611);
#6610 = CARTESIAN_POINT('',(178.5,-6.821210263297E-13));
#6611 = DIRECTION('',(-2.775557561563E-15,-1.));
#6612 = ( GEOMETRIC_REPRESENTATION_CONTEXT(2) 
PARAMETRIC_REPRESENTATION_CONTEXT() REPRESENTATION_CONTEXT('2D SPACE',''
  ) );
#6613 = PCURVE('',#6614,#6619);
#6614 = CYLINDRICAL_SURFACE('',#6615,10.);
#6615 = AXIS2_PLACEMENT_3D('',#6616,#6617,#6618);
#6616 = CARTESIAN_POINT('',(-925.4,-1.2E+03,178.5));
#6617 = DIRECTION('',(-1.,-0.,-0.));
#6618 = DIRECTION('',(0.,0.,1.));
#6619 = DEFINITIONAL_REPRESENTATION('',(#6620),#6624);
#6620 = LINE('',#6621,#6622);
#6621 = CARTESIAN_POINT('',(4.712388980385,100.));
#6622 = VECTOR('',#6623,1.);
#6623 = DIRECTION('',(1.,0.));
#6624 = ( GEOMETRIC_REPRESENTATION_CONTEXT(2) 
PARAMETRIC_REPRESENTATION_CONTEXT() REPRESENTATION_CONTEXT('2D SPACE',''
  ) );
#6625 = ORIENTED_EDGE('',*,*,#6626,.F.);
#6626 = EDGE_CURVE('',#6598,#6596,#6627,.T.);
#6627 = SURFACE_CURVE('',#6628,(#6633,#6640),.PCURVE_S1.);
#6628 = CIRCLE('',#6629,10.);
#6629 = AXIS2_PLACEMENT_3D('',#6630,#6631,#6632);
#6630 = CARTESIAN_POINT('',(-1.0254E+03,-1.2E+03,178.5));
#6631 = DIRECTION('',(-1.,-0.,0.));
#6632 = DIRECTION('',(0.,-1.,-2.775557561563E-15));
#6633 = PCURVE('',#6139,#6634);
#6634 = DEFINITIONAL_REPRESENTATION('',(#6635),#6639);
#6635 = CIRCLE('',#6636,10.);
#6636 = AXIS2_PLACEMENT_2D('',#6637,#6638);
#6637 = CARTESIAN_POINT('',(178.5,-6.821210263297E-13));
#6638 = DIRECTION('',(-2.775557561563E-15,-1.));
#6639 = ( GEOMETRIC_REPRESENTATION_CONTEXT(2) 
PARAMETRIC_REPRESENTATION_CONTEXT() REPRESENTATION_CONTEXT('2D SPACE',''
  ) );
#6640 = PCURVE('',#6614,#6641);
#6641 = DEFINITIONAL_REPRESENTATION('',(#6642),#6646);
#6642 = LINE('',#6643,#6644);
#6643 = CARTESIAN_POINT('',(-1.570796326795,100.));
#6644 = VECTOR('',#6645,1.);
#6645 = DIRECTION('',(1.,0.));
#6646 = ( GEOMETRIC_REPRESENTATION_CONTEXT(2) 
PARAMETRIC_REPRESENTATION_CONTEXT() REPRESENTATION_CONTEXT('2D SPACE',''
  ) );
#6647 = FACE_BOUND('',#6648,.T.);
#6648 = EDGE_LOOP('',(#6649,#6680));
#6649 = ORIENTED_EDGE('',*,*,#6650,.F.);
#6650 = EDGE_CURVE('',#6651,#6653,#6655,.T.);
#6651 = VERTEX_POINT('',#6652);
#6652 = CARTESIAN_POINT('',(-1.0254E+03,-1.119410254038E+03,
    159.58553457552));
#6653 = VERTEX_POINT('',#6654);
#6654 = CARTESIAN_POINT('',(-1.0254E+03,-1.11075E+03,164.58553457552));
#6655 = SURFACE_CURVE('',#6656,(#6661,#6668),.PCURVE_S1.);
#6656 = CIRCLE('',#6657,10.);
#6657 = AXIS2_PLACEMENT_3D('',#6658,#6659,#6660);
#6658 = CARTESIAN_POINT('',(-1.0254E+03,-1.11075E+03,154.58553457552));
#6659 = DIRECTION('',(-1.,0.,0.));
#6660 = DIRECTION('',(0.,-0.866025403784,0.5));
#6661 = PCURVE('',#6139,#6662);
#6662 = DEFINITIONAL_REPRESENTATION('',(#6663),#6667);
#6663 = CIRCLE('',#6664,10.);
#6664 = AXIS2_PLACEMENT_2D('',#6665,#6666);
#6665 = CARTESIAN_POINT('',(154.58553457552,89.25));
#6666 = DIRECTION('',(0.5,-0.866025403784));
#6667 = ( GEOMETRIC_REPRESENTATION_CONTEXT(2) 
PARAMETRIC_REPRESENTATION_CONTEXT() REPRESENTATION_CONTEXT('2D SPACE',''
  ) );
#6668 = PCURVE('',#6669,#6674);
#6669 = CYLINDRICAL_SURFACE('',#6670,10.);
#6670 = AXIS2_PLACEMENT_3D('',#6671,#6672,#6673);
#6671 = CARTESIAN_POINT('',(-925.4,-1.11075E+03,154.58553457552));
#6672 = DIRECTION('',(-1.,-0.,-0.));
#6673 = DIRECTION('',(0.,0.,1.));
#6674 = DEFINITIONAL_REPRESENTATION('',(#6675),#6679);
#6675 = LINE('',#6676,#6677);
#6676 = CARTESIAN_POINT('',(5.235987755983,100.));
#6677 = VECTOR('',#6678,1.);
#6678 = DIRECTION('',(1.,0.));
#6679 = ( GEOMETRIC_REPRESENTATION_CONTEXT(2) 
PARAMETRIC_REPRESENTATION_CONTEXT() REPRESENTATION_CONTEXT('2D SPACE',''
  ) );
#6680 = ORIENTED_EDGE('',*,*,#6681,.F.);
#6681 = EDGE_CURVE('',#6653,#6651,#6682,.T.);
#6682 = SURFACE_CURVE('',#6683,(#6688,#6695),.PCURVE_S1.);
#6683 = CIRCLE('',#6684,10.);
#6684 = AXIS2_PLACEMENT_3D('',#6685,#6686,#6687);
#6685 = CARTESIAN_POINT('',(-1.0254E+03,-1.11075E+03,154.58553457552));
#6686 = DIRECTION('',(-1.,0.,0.));
#6687 = DIRECTION('',(0.,-0.866025403784,0.5));
#6688 = PCURVE('',#6139,#6689);
#6689 = DEFINITIONAL_REPRESENTATION('',(#6690),#6694);
#6690 = CIRCLE('',#6691,10.);
#6691 = AXIS2_PLACEMENT_2D('',#6692,#6693);
#6692 = CARTESIAN_POINT('',(154.58553457552,89.25));
#6693 = DIRECTION('',(0.5,-0.866025403784));
#6694 = ( GEOMETRIC_REPRESENTATION_CONTEXT(2) 
PARAMETRIC_REPRESENTATION_CONTEXT() REPRESENTATION_CONTEXT('2D SPACE',''
  ) );
#6695 = PCURVE('',#6669,#6696);
#6696 = DEFINITIONAL_REPRESENTATION('',(#6697),#6701);
#6697 = LINE('',#6698,#6699);
#6698 = CARTESIAN_POINT('',(-1.047197551197,100.));
#6699 = VECTOR('',#6700,1.);
#6700 = DIRECTION('',(1.,0.));
#6701 = ( GEOMETRIC_REPRESENTATION_CONTEXT(2) 
PARAMETRIC_REPRESENTATION_CONTEXT() REPRESENTATION_CONTEXT('2D SPACE',''
  ) );
#6702 = FACE_BOUND('',#6703,.T.);
#6703 = EDGE_LOOP('',(#6704,#6735));
#6704 = ORIENTED_EDGE('',*,*,#6705,.F.);
#6705 = EDGE_CURVE('',#6706,#6708,#6710,.T.);
#6706 = VERTEX_POINT('',#6707);
#6707 = CARTESIAN_POINT('',(-1.0254E+03,-1.050414465424E+03,
    97.910254037844));
#6708 = VERTEX_POINT('',#6709);
#6709 = CARTESIAN_POINT('',(-1.0254E+03,-1.045414465424E+03,99.25));
#6710 = SURFACE_CURVE('',#6711,(#6716,#6723),.PCURVE_S1.);
#6711 = CIRCLE('',#6712,10.);
#6712 = AXIS2_PLACEMENT_3D('',#6713,#6714,#6715);
#6713 = CARTESIAN_POINT('',(-1.0254E+03,-1.045414465424E+03,89.25));
#6714 = DIRECTION('',(-1.,0.,0.));
#6715 = DIRECTION('',(0.,-0.5,0.866025403784));
#6716 = PCURVE('',#6139,#6717);
#6717 = DEFINITIONAL_REPRESENTATION('',(#6718),#6722);
#6718 = CIRCLE('',#6719,10.);
#6719 = AXIS2_PLACEMENT_2D('',#6720,#6721);
#6720 = CARTESIAN_POINT('',(89.25,154.58553457552));
#6721 = DIRECTION('',(0.866025403784,-0.5));
#6722 = ( GEOMETRIC_REPRESENTATION_CONTEXT(2) 
PARAMETRIC_REPRESENTATION_CONTEXT() REPRESENTATION_CONTEXT('2D SPACE',''
  ) );
#6723 = PCURVE('',#6724,#6729);
#6724 = CYLINDRICAL_SURFACE('',#6725,10.);
#6725 = AXIS2_PLACEMENT_3D('',#6726,#6727,#6728);
#6726 = CARTESIAN_POINT('',(-925.4,-1.045414465424E+03,89.25));
#6727 = DIRECTION('',(-1.,-0.,-0.));
#6728 = DIRECTION('',(0.,0.,1.));
#6729 = DEFINITIONAL_REPRESENTATION('',(#6730),#6734);
#6730 = LINE('',#6731,#6732);
#6731 = CARTESIAN_POINT('',(5.759586531581,100.));
#6732 = VECTOR('',#6733,1.);
#6733 = DIRECTION('',(1.,0.));
#6734 = ( GEOMETRIC_REPRESENTATION_CONTEXT(2) 
PARAMETRIC_REPRESENTATION_CONTEXT() REPRESENTATION_CONTEXT('2D SPACE',''
  ) );
#6735 = ORIENTED_EDGE('',*,*,#6736,.F.);
#6736 = EDGE_CURVE('',#6708,#6706,#6737,.T.);
#6737 = SURFACE_CURVE('',#6738,(#6743,#6750),.PCURVE_S1.);
#6738 = CIRCLE('',#6739,10.);
#6739 = AXIS2_PLACEMENT_3D('',#6740,#6741,#6742);
#6740 = CARTESIAN_POINT('',(-1.0254E+03,-1.045414465424E+03,89.25));
#6741 = DIRECTION('',(-1.,0.,0.));
#6742 = DIRECTION('',(0.,-0.5,0.866025403784));
#6743 = PCURVE('',#6139,#6744);
#6744 = DEFINITIONAL_REPRESENTATION('',(#6745),#6749);
#6745 = CIRCLE('',#6746,10.);
#6746 = AXIS2_PLACEMENT_2D('',#6747,#6748);
#6747 = CARTESIAN_POINT('',(89.25,154.58553457552));
#6748 = DIRECTION('',(0.866025403784,-0.5));
#6749 = ( GEOMETRIC_REPRESENTATION_CONTEXT(2) 
PARAMETRIC_REPRESENTATION_CONTEXT() REPRESENTATION_CONTEXT('2D SPACE',''
  ) );
#6750 = PCURVE('',#6724,#6751);
#6751 = DEFINITIONAL_REPRESENTATION('',(#6752),#6756);
#6752 = LINE('',#6753,#6754);
#6753 = CARTESIAN_POINT('',(-0.523598775598,100.));
#6754 = VECTOR('',#6755,1.);
#6755 = DIRECTION('',(1.,0.));
#6756 = ( GEOMETRIC_REPRESENTATION_CONTEXT(2) 
PARAMETRIC_REPRESENTATION_CONTEXT() REPRESENTATION_CONTEXT('2D SPACE',''
  ) );
#6757 = FACE_BOUND('',#6758,.T.);
#6758 = EDGE_LOOP('',(#6759));
#6759 = ORIENTED_EDGE('',*,*,#6760,.F.);
#6760 = EDGE_CURVE('',#6761,#6761,#6763,.T.);
#6761 = VERTEX_POINT('',#6762);
#6762 = CARTESIAN_POINT('',(-1.0254E+03,-1.0215E+03,10.));
#6763 = SURFACE_CURVE('',#6764,(#6769,#6776),.PCURVE_S1.);
#6764 = CIRCLE('',#6765,10.);
#6765 = AXIS2_PLACEMENT_3D('',#6766,#6767,#6768);
#6766 = CARTESIAN_POINT('',(-1.0254E+03,-1.0215E+03,-1.469576158977E-13)
  );
#6767 = DIRECTION('',(-1.,0.,0.));
#6768 = DIRECTION('',(0.,0.,1.));
#6769 = PCURVE('',#6139,#6770);
#6770 = DEFINITIONAL_REPRESENTATION('',(#6771),#6775);
#6771 = CIRCLE('',#6772,10.);
#6772 = AXIS2_PLACEMENT_2D('',#6773,#6774);
#6773 = CARTESIAN_POINT('',(0.,178.5));
#6774 = DIRECTION('',(1.,0.));
#6775 = ( GEOMETRIC_REPRESENTATION_CONTEXT(2) 
PARAMETRIC_REPRESENTATION_CONTEXT() REPRESENTATION_CONTEXT('2D SPACE',''
  ) );
#6776 = PCURVE('',#6777,#6782);
#6777 = CYLINDRICAL_SURFACE('',#6778,10.);
#6778 = AXIS2_PLACEMENT_3D('',#6779,#6780,#6781);
#6779 = CARTESIAN_POINT('',(-925.4,-1.0215E+03,-1.469576158977E-13));
#6780 = DIRECTION('',(-1.,-0.,-0.));
#6781 = DIRECTION('',(0.,0.,1.));
#6782 = DEFINITIONAL_REPRESENTATION('',(#6783),#6787);
#6783 = LINE('',#6784,#6785);
#6784 = CARTESIAN_POINT('',(0.,100.));
#6785 = VECTOR('',#6786,1.);
#6786 = DIRECTION('',(1.,0.));
#6787 = ( GEOMETRIC_REPRESENTATION_CONTEXT(2) 
PARAMETRIC_REPRESENTATION_CONTEXT() REPRESENTATION_CONTEXT('2D SPACE',''
  ) );
#6788 = FACE_BOUND('',#6789,.T.);
#6789 = EDGE_LOOP('',(#6790));
#6790 = ORIENTED_EDGE('',*,*,#6791,.T.);
#6791 = EDGE_CURVE('',#6792,#6792,#6794,.T.);
#6792 = VERTEX_POINT('',#6793);
#6793 = CARTESIAN_POINT('',(-1.0254E+03,-1.2E+03,200.));
#6794 = SURFACE_CURVE('',#6795,(#6800,#6807),.PCURVE_S1.);
#6795 = CIRCLE('',#6796,200.);
#6796 = AXIS2_PLACEMENT_3D('',#6797,#6798,#6799);
#6797 = CARTESIAN_POINT('',(-1.0254E+03,-1.2E+03,-1.469576158977E-13));
#6798 = DIRECTION('',(-1.,0.,0.));
#6799 = DIRECTION('',(0.,0.,1.));
#6800 = PCURVE('',#6139,#6801);
#6801 = DEFINITIONAL_REPRESENTATION('',(#6802),#6806);
#6802 = CIRCLE('',#6803,200.);
#6803 = AXIS2_PLACEMENT_2D('',#6804,#6805);
#6804 = CARTESIAN_POINT('',(0.,0.));
#6805 = DIRECTION('',(1.,0.));
#6806 = ( GEOMETRIC_REPRESENTATION_CONTEXT(2) 
PARAMETRIC_REPRESENTATION_CONTEXT() REPRESENTATION_CONTEXT('2D SPACE',''
  ) );
#6807 = PCURVE('',#6808,#6813);
#6808 = CYLINDRICAL_SURFACE('',#6809,200.);
#6809 = AXIS2_PLACEMENT_3D('',#6810,#6811,#6812);
#6810 = CARTESIAN_POINT('',(-1.0254E+03,-1.2E+03,-1.469576158977E-13));
#6811 = DIRECTION('',(1.,0.,0.));
#6812 = DIRECTION('',(0.,0.,-1.));
#6813 = DEFINITIONAL_REPRESENTATION('',(#6814),#6818);
#6814 = LINE('',#6815,#6816);
#6815 = CARTESIAN_POINT('',(9.424777960769,0.));
#6816 = VECTOR('',#6817,1.);
#6817 = DIRECTION('',(-1.,0.));
#6818 = ( GEOMETRIC_REPRESENTATION_CONTEXT(2) 
PARAMETRIC_REPRESENTATION_CONTEXT() REPRESENTATION_CONTEXT('2D SPACE',''
  ) );
#6819 = FACE_BOUND('',#6820,.T.);
#6820 = EDGE_LOOP('',(#6821));
#6821 = ORIENTED_EDGE('',*,*,#6124,.F.);
#6822 = ADVANCED_FACE('',(#6823,#6849,#6875,#6901,#6927,#6953,#6979,
    #7005,#7031,#7057,#7083,#7109,#7135,#7139),#6034,.F.);
#6823 = FACE_BOUND('',#6824,.T.);
#6824 = EDGE_LOOP('',(#6825));
#6825 = ORIENTED_EDGE('',*,*,#6826,.T.);
#6826 = EDGE_CURVE('',#6827,#6827,#6829,.T.);
#6827 = VERTEX_POINT('',#6828);
#6828 = CARTESIAN_POINT('',(-1.E+03,-1.045414465424E+03,-79.24999999999)
  );
#6829 = SURFACE_CURVE('',#6830,(#6835,#6842),.PCURVE_S1.);
#6830 = CIRCLE('',#6831,10.);
#6831 = AXIS2_PLACEMENT_3D('',#6832,#6833,#6834);
#6832 = CARTESIAN_POINT('',(-1.E+03,-1.045414465424E+03,-89.24999999999)
  );
#6833 = DIRECTION('',(-1.,0.,0.));
#6834 = DIRECTION('',(0.,0.,1.));
#6835 = PCURVE('',#6034,#6836);
#6836 = DEFINITIONAL_REPRESENTATION('',(#6837),#6841);
#6837 = CIRCLE('',#6838,10.);
#6838 = AXIS2_PLACEMENT_2D('',#6839,#6840);
#6839 = CARTESIAN_POINT('',(-89.24999999999,154.58553457552));
#6840 = DIRECTION('',(1.,0.));
#6841 = ( GEOMETRIC_REPRESENTATION_CONTEXT(2) 
PARAMETRIC_REPRESENTATION_CONTEXT() REPRESENTATION_CONTEXT('2D SPACE',''
  ) );
#6842 = PCURVE('',#6174,#6843);
#6843 = DEFINITIONAL_REPRESENTATION('',(#6844),#6848);
#6844 = LINE('',#6845,#6846);
#6845 = CARTESIAN_POINT('',(0.,74.6));
#6846 = VECTOR('',#6847,1.);
#6847 = DIRECTION('',(1.,0.));
#6848 = ( GEOMETRIC_REPRESENTATION_CONTEXT(2) 
PARAMETRIC_REPRESENTATION_CONTEXT() REPRESENTATION_CONTEXT('2D SPACE',''
  ) );
#6849 = FACE_BOUND('',#6850,.T.);
#6850 = EDGE_LOOP('',(#6851));
#6851 = ORIENTED_EDGE('',*,*,#6852,.T.);
#6852 = EDGE_CURVE('',#6853,#6853,#6855,.T.);
#6853 = VERTEX_POINT('',#6854);
#6854 = CARTESIAN_POINT('',(-1.E+03,-1.11075E+03,-144.5855345755));
#6855 = SURFACE_CURVE('',#6856,(#6861,#6868),.PCURVE_S1.);
#6856 = CIRCLE('',#6857,10.);
#6857 = AXIS2_PLACEMENT_3D('',#6858,#6859,#6860);
#6858 = CARTESIAN_POINT('',(-1.E+03,-1.11075E+03,-154.5855345755));
#6859 = DIRECTION('',(-1.,0.,0.));
#6860 = DIRECTION('',(0.,0.,1.));
#6861 = PCURVE('',#6034,#6862);
#6862 = DEFINITIONAL_REPRESENTATION('',(#6863),#6867);
#6863 = CIRCLE('',#6864,10.);
#6864 = AXIS2_PLACEMENT_2D('',#6865,#6866);
#6865 = CARTESIAN_POINT('',(-154.5855345755,89.250000000002));
#6866 = DIRECTION('',(1.,0.));
#6867 = ( GEOMETRIC_REPRESENTATION_CONTEXT(2) 
PARAMETRIC_REPRESENTATION_CONTEXT() REPRESENTATION_CONTEXT('2D SPACE',''
  ) );
#6868 = PCURVE('',#6229,#6869);
#6869 = DEFINITIONAL_REPRESENTATION('',(#6870),#6874);
#6870 = LINE('',#6871,#6872);
#6871 = CARTESIAN_POINT('',(0.,74.6));
#6872 = VECTOR('',#6873,1.);
#6873 = DIRECTION('',(1.,0.));
#6874 = ( GEOMETRIC_REPRESENTATION_CONTEXT(2) 
PARAMETRIC_REPRESENTATION_CONTEXT() REPRESENTATION_CONTEXT('2D SPACE',''
  ) );
#6875 = FACE_BOUND('',#6876,.T.);
#6876 = EDGE_LOOP('',(#6877));
#6877 = ORIENTED_EDGE('',*,*,#6878,.T.);
#6878 = EDGE_CURVE('',#6879,#6879,#6881,.T.);
#6879 = VERTEX_POINT('',#6880);
#6880 = CARTESIAN_POINT('',(-1.E+03,-1.2E+03,-168.5));
#6881 = SURFACE_CURVE('',#6882,(#6887,#6894),.PCURVE_S1.);
#6882 = CIRCLE('',#6883,10.);
#6883 = AXIS2_PLACEMENT_3D('',#6884,#6885,#6886);
#6884 = CARTESIAN_POINT('',(-1.E+03,-1.2E+03,-178.5));
#6885 = DIRECTION('',(-1.,0.,0.));
#6886 = DIRECTION('',(0.,0.,1.));
#6887 = PCURVE('',#6034,#6888);
#6888 = DEFINITIONAL_REPRESENTATION('',(#6889),#6893);
#6889 = CIRCLE('',#6890,10.);
#6890 = AXIS2_PLACEMENT_2D('',#6891,#6892);
#6891 = CARTESIAN_POINT('',(-178.5,1.818989403546E-12));
#6892 = DIRECTION('',(1.,0.));
#6893 = ( GEOMETRIC_REPRESENTATION_CONTEXT(2) 
PARAMETRIC_REPRESENTATION_CONTEXT() REPRESENTATION_CONTEXT('2D SPACE',''
  ) );
#6894 = PCURVE('',#6284,#6895);
#6895 = DEFINITIONAL_REPRESENTATION('',(#6896),#6900);
#6896 = LINE('',#6897,#6898);
#6897 = CARTESIAN_POINT('',(0.,74.6));
#6898 = VECTOR('',#6899,1.);
#6899 = DIRECTION('',(1.,0.));
#6900 = ( GEOMETRIC_REPRESENTATION_CONTEXT(2) 
PARAMETRIC_REPRESENTATION_CONTEXT() REPRESENTATION_CONTEXT('2D SPACE',''
  ) );
#6901 = FACE_BOUND('',#6902,.T.);
#6902 = EDGE_LOOP('',(#6903));
#6903 = ORIENTED_EDGE('',*,*,#6904,.T.);
#6904 = EDGE_CURVE('',#6905,#6905,#6907,.T.);
#6905 = VERTEX_POINT('',#6906);
#6906 = CARTESIAN_POINT('',(-1.E+03,-1.28925E+03,-144.5855345755));
#6907 = SURFACE_CURVE('',#6908,(#6913,#6920),.PCURVE_S1.);
#6908 = CIRCLE('',#6909,10.);
#6909 = AXIS2_PLACEMENT_3D('',#6910,#6911,#6912);
#6910 = CARTESIAN_POINT('',(-1.E+03,-1.28925E+03,-154.5855345755));
#6911 = DIRECTION('',(-1.,0.,0.));
#6912 = DIRECTION('',(0.,0.,1.));
#6913 = PCURVE('',#6034,#6914);
#6914 = DEFINITIONAL_REPRESENTATION('',(#6915),#6919);
#6915 = CIRCLE('',#6916,10.);
#6916 = AXIS2_PLACEMENT_2D('',#6917,#6918);
#6917 = CARTESIAN_POINT('',(-154.5855345755,-89.24999999999));
#6918 = DIRECTION('',(1.,0.));
#6919 = ( GEOMETRIC_REPRESENTATION_CONTEXT(2) 
PARAMETRIC_REPRESENTATION_CONTEXT() REPRESENTATION_CONTEXT('2D SPACE',''
  ) );
#6920 = PCURVE('',#6339,#6921);
#6921 = DEFINITIONAL_REPRESENTATION('',(#6922),#6926);
#6922 = LINE('',#6923,#6924);
#6923 = CARTESIAN_POINT('',(0.,74.6));
#6924 = VECTOR('',#6925,1.);
#6925 = DIRECTION('',(1.,0.));
#6926 = ( GEOMETRIC_REPRESENTATION_CONTEXT(2) 
PARAMETRIC_REPRESENTATION_CONTEXT() REPRESENTATION_CONTEXT('2D SPACE',''
  ) );
#6927 = FACE_BOUND('',#6928,.T.);
#6928 = EDGE_LOOP('',(#6929));
#6929 = ORIENTED_EDGE('',*,*,#6930,.T.);
#6930 = EDGE_CURVE('',#6931,#6931,#6933,.T.);
#6931 = VERTEX_POINT('',#6932);
#6932 = CARTESIAN_POINT('',(-1.E+03,-1.354585534576E+03,-79.25));
#6933 = SURFACE_CURVE('',#6934,(#6939,#6946),.PCURVE_S1.);
#6934 = CIRCLE('',#6935,10.);
#6935 = AXIS2_PLACEMENT_3D('',#6936,#6937,#6938);
#6936 = CARTESIAN_POINT('',(-1.E+03,-1.354585534576E+03,-89.25));
#6937 = DIRECTION('',(-1.,0.,0.));
#6938 = DIRECTION('',(0.,0.,1.));
#6939 = PCURVE('',#6034,#6940);
#6940 = DEFINITIONAL_REPRESENTATION('',(#6941),#6945);
#6941 = CIRCLE('',#6942,10.);
#6942 = AXIS2_PLACEMENT_2D('',#6943,#6944);
#6943 = CARTESIAN_POINT('',(-89.25,-154.5855345755));
#6944 = DIRECTION('',(1.,0.));
#6945 = ( GEOMETRIC_REPRESENTATION_CONTEXT(2) 
PARAMETRIC_REPRESENTATION_CONTEXT() REPRESENTATION_CONTEXT('2D SPACE',''
  ) );
#6946 = PCURVE('',#6394,#6947);
#6947 = DEFINITIONAL_REPRESENTATION('',(#6948),#6952);
#6948 = LINE('',#6949,#6950);
#6949 = CARTESIAN_POINT('',(0.,74.6));
#6950 = VECTOR('',#6951,1.);
#6951 = DIRECTION('',(1.,0.));
#6952 = ( GEOMETRIC_REPRESENTATION_CONTEXT(2) 
PARAMETRIC_REPRESENTATION_CONTEXT() REPRESENTATION_CONTEXT('2D SPACE',''
  ) );
#6953 = FACE_BOUND('',#6954,.T.);
#6954 = EDGE_LOOP('',(#6955));
#6955 = ORIENTED_EDGE('',*,*,#6956,.T.);
#6956 = EDGE_CURVE('',#6957,#6957,#6959,.T.);
#6957 = VERTEX_POINT('',#6958);
#6958 = CARTESIAN_POINT('',(-1.E+03,-1.3785E+03,10.));
#6959 = SURFACE_CURVE('',#6960,(#6965,#6972),.PCURVE_S1.);
#6960 = CIRCLE('',#6961,10.);
#6961 = AXIS2_PLACEMENT_3D('',#6962,#6963,#6964);
#6962 = CARTESIAN_POINT('',(-1.E+03,-1.3785E+03,-1.469576158977E-13));
#6963 = DIRECTION('',(-1.,0.,0.));
#6964 = DIRECTION('',(0.,0.,1.));
#6965 = PCURVE('',#6034,#6966);
#6966 = DEFINITIONAL_REPRESENTATION('',(#6967),#6971);
#6967 = CIRCLE('',#6968,10.);
#6968 = AXIS2_PLACEMENT_2D('',#6969,#6970);
#6969 = CARTESIAN_POINT('',(0.,-178.5));
#6970 = DIRECTION('',(1.,0.));
#6971 = ( GEOMETRIC_REPRESENTATION_CONTEXT(2) 
PARAMETRIC_REPRESENTATION_CONTEXT() REPRESENTATION_CONTEXT('2D SPACE',''
  ) );
#6972 = PCURVE('',#6449,#6973);
#6973 = DEFINITIONAL_REPRESENTATION('',(#6974),#6978);
#6974 = LINE('',#6975,#6976);
#6975 = CARTESIAN_POINT('',(0.,74.6));
#6976 = VECTOR('',#6977,1.);
#6977 = DIRECTION('',(1.,0.));
#6978 = ( GEOMETRIC_REPRESENTATION_CONTEXT(2) 
PARAMETRIC_REPRESENTATION_CONTEXT() REPRESENTATION_CONTEXT('2D SPACE',''
  ) );
#6979 = FACE_BOUND('',#6980,.T.);
#6980 = EDGE_LOOP('',(#6981));
#6981 = ORIENTED_EDGE('',*,*,#6982,.T.);
#6982 = EDGE_CURVE('',#6983,#6983,#6985,.T.);
#6983 = VERTEX_POINT('',#6984);
#6984 = CARTESIAN_POINT('',(-1.E+03,-1.354585534576E+03,99.249999999999)
  );
#6985 = SURFACE_CURVE('',#6986,(#6991,#6998),.PCURVE_S1.);
#6986 = CIRCLE('',#6987,10.);
#6987 = AXIS2_PLACEMENT_3D('',#6988,#6989,#6990);
#6988 = CARTESIAN_POINT('',(-1.E+03,-1.354585534576E+03,89.249999999999)
  );
#6989 = DIRECTION('',(-1.,0.,0.));
#6990 = DIRECTION('',(0.,0.,1.));
#6991 = PCURVE('',#6034,#6992);
#6992 = DEFINITIONAL_REPRESENTATION('',(#6993),#6997);
#6993 = CIRCLE('',#6994,10.);
#6994 = AXIS2_PLACEMENT_2D('',#6995,#6996);
#6995 = CARTESIAN_POINT('',(89.249999999999,-154.5855345755));
#6996 = DIRECTION('',(1.,0.));
#6997 = ( GEOMETRIC_REPRESENTATION_CONTEXT(2) 
PARAMETRIC_REPRESENTATION_CONTEXT() REPRESENTATION_CONTEXT('2D SPACE',''
  ) );
#6998 = PCURVE('',#6504,#6999);
#6999 = DEFINITIONAL_REPRESENTATION('',(#7000),#7004);
#7000 = LINE('',#7001,#7002);
#7001 = CARTESIAN_POINT('',(0.,74.6));
#7002 = VECTOR('',#7003,1.);
#7003 = DIRECTION('',(1.,0.));
#7004 = ( GEOMETRIC_REPRESENTATION_CONTEXT(2) 
PARAMETRIC_REPRESENTATION_CONTEXT() REPRESENTATION_CONTEXT('2D SPACE',''
  ) );
#7005 = FACE_BOUND('',#7006,.T.);
#7006 = EDGE_LOOP('',(#7007));
#7007 = ORIENTED_EDGE('',*,*,#7008,.T.);
#7008 = EDGE_CURVE('',#7009,#7009,#7011,.T.);
#7009 = VERTEX_POINT('',#7010);
#7010 = CARTESIAN_POINT('',(-1.E+03,-1.28925E+03,164.58553457552));
#7011 = SURFACE_CURVE('',#7012,(#7017,#7024),.PCURVE_S1.);
#7012 = CIRCLE('',#7013,10.);
#7013 = AXIS2_PLACEMENT_3D('',#7014,#7015,#7016);
#7014 = CARTESIAN_POINT('',(-1.E+03,-1.28925E+03,154.58553457552));
#7015 = DIRECTION('',(-1.,0.,0.));
#7016 = DIRECTION('',(0.,0.,1.));
#7017 = PCURVE('',#6034,#7018);
#7018 = DEFINITIONAL_REPRESENTATION('',(#7019),#7023);
#7019 = CIRCLE('',#7020,10.);
#7020 = AXIS2_PLACEMENT_2D('',#7021,#7022);
#7021 = CARTESIAN_POINT('',(154.58553457552,-89.25));
#7022 = DIRECTION('',(1.,0.));
#7023 = ( GEOMETRIC_REPRESENTATION_CONTEXT(2) 
PARAMETRIC_REPRESENTATION_CONTEXT() REPRESENTATION_CONTEXT('2D SPACE',''
  ) );
#7024 = PCURVE('',#6559,#7025);
#7025 = DEFINITIONAL_REPRESENTATION('',(#7026),#7030);
#7026 = LINE('',#7027,#7028);
#7027 = CARTESIAN_POINT('',(0.,74.6));
#7028 = VECTOR('',#7029,1.);
#7029 = DIRECTION('',(1.,0.));
#7030 = ( GEOMETRIC_REPRESENTATION_CONTEXT(2) 
PARAMETRIC_REPRESENTATION_CONTEXT() REPRESENTATION_CONTEXT('2D SPACE',''
  ) );
#7031 = FACE_BOUND('',#7032,.T.);
#7032 = EDGE_LOOP('',(#7033));
#7033 = ORIENTED_EDGE('',*,*,#7034,.T.);
#7034 = EDGE_CURVE('',#7035,#7035,#7037,.T.);
#7035 = VERTEX_POINT('',#7036);
#7036 = CARTESIAN_POINT('',(-1.E+03,-1.2E+03,188.5));
#7037 = SURFACE_CURVE('',#7038,(#7043,#7050),.PCURVE_S1.);
#7038 = CIRCLE('',#7039,10.);
#7039 = AXIS2_PLACEMENT_3D('',#7040,#7041,#7042);
#7040 = CARTESIAN_POINT('',(-1.E+03,-1.2E+03,178.5));
#7041 = DIRECTION('',(-1.,0.,0.));
#7042 = DIRECTION('',(0.,0.,1.));
#7043 = PCURVE('',#6034,#7044);
#7044 = DEFINITIONAL_REPRESENTATION('',(#7045),#7049);
#7045 = CIRCLE('',#7046,10.);
#7046 = AXIS2_PLACEMENT_2D('',#7047,#7048);
#7047 = CARTESIAN_POINT('',(178.5,-6.821210263297E-13));
#7048 = DIRECTION('',(1.,0.));
#7049 = ( GEOMETRIC_REPRESENTATION_CONTEXT(2) 
PARAMETRIC_REPRESENTATION_CONTEXT() REPRESENTATION_CONTEXT('2D SPACE',''
  ) );
#7050 = PCURVE('',#6614,#7051);
#7051 = DEFINITIONAL_REPRESENTATION('',(#7052),#7056);
#7052 = LINE('',#7053,#7054);
#7053 = CARTESIAN_POINT('',(0.,74.6));
#7054 = VECTOR('',#7055,1.);
#7055 = DIRECTION('',(1.,0.));
#7056 = ( GEOMETRIC_REPRESENTATION_CONTEXT(2) 
PARAMETRIC_REPRESENTATION_CONTEXT() REPRESENTATION_CONTEXT('2D SPACE',''
  ) );
#7057 = FACE_BOUND('',#7058,.T.);
#7058 = EDGE_LOOP('',(#7059));
#7059 = ORIENTED_EDGE('',*,*,#7060,.T.);
#7060 = EDGE_CURVE('',#7061,#7061,#7063,.T.);
#7061 = VERTEX_POINT('',#7062);
#7062 = CARTESIAN_POINT('',(-1.E+03,-1.11075E+03,164.58553457552));
#7063 = SURFACE_CURVE('',#7064,(#7069,#7076),.PCURVE_S1.);
#7064 = CIRCLE('',#7065,10.);
#7065 = AXIS2_PLACEMENT_3D('',#7066,#7067,#7068);
#7066 = CARTESIAN_POINT('',(-1.E+03,-1.11075E+03,154.58553457552));
#7067 = DIRECTION('',(-1.,0.,0.));
#7068 = DIRECTION('',(0.,0.,1.));
#7069 = PCURVE('',#6034,#7070);
#7070 = DEFINITIONAL_REPRESENTATION('',(#7071),#7075);
#7071 = CIRCLE('',#7072,10.);
#7072 = AXIS2_PLACEMENT_2D('',#7073,#7074);
#7073 = CARTESIAN_POINT('',(154.58553457552,89.25));
#7074 = DIRECTION('',(1.,0.));
#7075 = ( GEOMETRIC_REPRESENTATION_CONTEXT(2) 
PARAMETRIC_REPRESENTATION_CONTEXT() REPRESENTATION_CONTEXT('2D SPACE',''
  ) );
#7076 = PCURVE('',#6669,#7077);
#7077 = DEFINITIONAL_REPRESENTATION('',(#7078),#7082);
#7078 = LINE('',#7079,#7080);
#7079 = CARTESIAN_POINT('',(0.,74.6));
#7080 = VECTOR('',#7081,1.);
#7081 = DIRECTION('',(1.,0.));
#7082 = ( GEOMETRIC_REPRESENTATION_CONTEXT(2) 
PARAMETRIC_REPRESENTATION_CONTEXT() REPRESENTATION_CONTEXT('2D SPACE',''
  ) );
#7083 = FACE_BOUND('',#7084,.T.);
#7084 = EDGE_LOOP('',(#7085));
#7085 = ORIENTED_EDGE('',*,*,#7086,.T.);
#7086 = EDGE_CURVE('',#7087,#7087,#7089,.T.);
#7087 = VERTEX_POINT('',#7088);
#7088 = CARTESIAN_POINT('',(-1.E+03,-1.045414465424E+03,99.25));
#7089 = SURFACE_CURVE('',#7090,(#7095,#7102),.PCURVE_S1.);
#7090 = CIRCLE('',#7091,10.);
#7091 = AXIS2_PLACEMENT_3D('',#7092,#7093,#7094);
#7092 = CARTESIAN_POINT('',(-1.E+03,-1.045414465424E+03,89.25));
#7093 = DIRECTION('',(-1.,0.,0.));
#7094 = DIRECTION('',(0.,0.,1.));
#7095 = PCURVE('',#6034,#7096);
#7096 = DEFINITIONAL_REPRESENTATION('',(#7097),#7101);
#7097 = CIRCLE('',#7098,10.);
#7098 = AXIS2_PLACEMENT_2D('',#7099,#7100);
#7099 = CARTESIAN_POINT('',(89.25,154.58553457552));
#7100 = DIRECTION('',(1.,0.));
#7101 = ( GEOMETRIC_REPRESENTATION_CONTEXT(2) 
PARAMETRIC_REPRESENTATION_CONTEXT() REPRESENTATION_CONTEXT('2D SPACE',''
  ) );
#7102 = PCURVE('',#6724,#7103);
#7103 = DEFINITIONAL_REPRESENTATION('',(#7104),#7108);
#7104 = LINE('',#7105,#7106);
#7105 = CARTESIAN_POINT('',(0.,74.6));
#7106 = VECTOR('',#7107,1.);
#7107 = DIRECTION('',(1.,0.));
#7108 = ( GEOMETRIC_REPRESENTATION_CONTEXT(2) 
PARAMETRIC_REPRESENTATION_CONTEXT() REPRESENTATION_CONTEXT('2D SPACE',''
  ) );
#7109 = FACE_BOUND('',#7110,.T.);
#7110 = EDGE_LOOP('',(#7111));
#7111 = ORIENTED_EDGE('',*,*,#7112,.T.);
#7112 = EDGE_CURVE('',#7113,#7113,#7115,.T.);
#7113 = VERTEX_POINT('',#7114);
#7114 = CARTESIAN_POINT('',(-1.E+03,-1.0215E+03,10.));
#7115 = SURFACE_CURVE('',#7116,(#7121,#7128),.PCURVE_S1.);
#7116 = CIRCLE('',#7117,10.);
#7117 = AXIS2_PLACEMENT_3D('',#7118,#7119,#7120);
#7118 = CARTESIAN_POINT('',(-1.E+03,-1.0215E+03,-1.469576158977E-13));
#7119 = DIRECTION('',(-1.,0.,0.));
#7120 = DIRECTION('',(0.,0.,1.));
#7121 = PCURVE('',#6034,#7122);
#7122 = DEFINITIONAL_REPRESENTATION('',(#7123),#7127);
#7123 = CIRCLE('',#7124,10.);
#7124 = AXIS2_PLACEMENT_2D('',#7125,#7126);
#7125 = CARTESIAN_POINT('',(0.,178.5));
#7126 = DIRECTION('',(1.,0.));
#7127 = ( GEOMETRIC_REPRESENTATION_CONTEXT(2) 
PARAMETRIC_REPRESENTATION_CONTEXT() REPRESENTATION_CONTEXT('2D SPACE',''
  ) );
#7128 = PCURVE('',#6777,#7129);
#7129 = DEFINITIONAL_REPRESENTATION('',(#7130),#7134);
#7130 = LINE('',#7131,#7132);
#7131 = CARTESIAN_POINT('',(0.,74.6));
#7132 = VECTOR('',#7133,1.);
#7133 = DIRECTION('',(1.,0.));
#7134 = ( GEOMETRIC_REPRESENTATION_CONTEXT(2) 
PARAMETRIC_REPRESENTATION_CONTEXT() REPRESENTATION_CONTEXT('2D SPACE',''
  ) );
#7135 = FACE_BOUND('',#7136,.T.);
#7136 = EDGE_LOOP('',(#7137,#7138));
#7137 = ORIENTED_EDGE('',*,*,#6015,.F.);
#7138 = ORIENTED_EDGE('',*,*,#6072,.F.);
#7139 = FACE_BOUND('',#7140,.T.);
#7140 = EDGE_LOOP('',(#7141));
#7141 = ORIENTED_EDGE('',*,*,#7142,.F.);
#7142 = EDGE_CURVE('',#7143,#7143,#7145,.T.);
#7143 = VERTEX_POINT('',#7144);
#7144 = CARTESIAN_POINT('',(-1.E+03,-1.2E+03,200.));
#7145 = SURFACE_CURVE('',#7146,(#7151,#7158),.PCURVE_S1.);
#7146 = CIRCLE('',#7147,200.);
#7147 = AXIS2_PLACEMENT_3D('',#7148,#7149,#7150);
#7148 = CARTESIAN_POINT('',(-1.E+03,-1.2E+03,-1.469576158977E-13));
#7149 = DIRECTION('',(-1.,0.,0.));
#7150 = DIRECTION('',(0.,0.,1.));
#7151 = PCURVE('',#6034,#7152);
#7152 = DEFINITIONAL_REPRESENTATION('',(#7153),#7157);
#7153 = CIRCLE('',#7154,200.);
#7154 = AXIS2_PLACEMENT_2D('',#7155,#7156);
#7155 = CARTESIAN_POINT('',(0.,0.));
#7156 = DIRECTION('',(1.,0.));
#7157 = ( GEOMETRIC_REPRESENTATION_CONTEXT(2) 
PARAMETRIC_REPRESENTATION_CONTEXT() REPRESENTATION_CONTEXT('2D SPACE',''
  ) );
#7158 = PCURVE('',#6808,#7159);
#7159 = DEFINITIONAL_REPRESENTATION('',(#7160),#7164);
#7160 = LINE('',#7161,#7162);
#7161 = CARTESIAN_POINT('',(9.424777960769,25.4));
#7162 = VECTOR('',#7163,1.);
#7163 = DIRECTION('',(-1.,0.));
#7164 = ( GEOMETRIC_REPRESENTATION_CONTEXT(2) 
PARAMETRIC_REPRESENTATION_CONTEXT() REPRESENTATION_CONTEXT('2D SPACE',''
  ) );
#7165 = ADVANCED_FACE('',(#7166),#6808,.T.);
#7166 = FACE_BOUND('',#7167,.T.);
#7167 = EDGE_LOOP('',(#7168,#7169,#7189,#7190));
#7168 = ORIENTED_EDGE('',*,*,#6791,.F.);
#7169 = ORIENTED_EDGE('',*,*,#7170,.T.);
#7170 = EDGE_CURVE('',#6792,#7143,#7171,.T.);
#7171 = SEAM_CURVE('',#7172,(#7175,#7182),.PCURVE_S1.);
#7172 = B_SPLINE_CURVE_WITH_KNOTS('',1,(#7173,#7174),.UNSPECIFIED.,.F.,
  .F.,(2,2),(0.,25.4),.PIECEWISE_BEZIER_KNOTS.);
#7173 = CARTESIAN_POINT('',(-1.0254E+03,-1.2E+03,200.));
#7174 = CARTESIAN_POINT('',(-1.E+03,-1.2E+03,200.));
#7175 = PCURVE('',#6808,#7176);
#7176 = DEFINITIONAL_REPRESENTATION('',(#7177),#7181);
#7177 = LINE('',#7178,#7179);
#7178 = CARTESIAN_POINT('',(9.424777960769,0.));
#7179 = VECTOR('',#7180,1.);
#7180 = DIRECTION('',(0.,1.));
#7181 = ( GEOMETRIC_REPRESENTATION_CONTEXT(2) 
PARAMETRIC_REPRESENTATION_CONTEXT() REPRESENTATION_CONTEXT('2D SPACE',''
  ) );
#7182 = PCURVE('',#6808,#7183);
#7183 = DEFINITIONAL_REPRESENTATION('',(#7184),#7188);
#7184 = LINE('',#7185,#7186);
#7185 = CARTESIAN_POINT('',(3.14159265359,0.));
#7186 = VECTOR('',#7187,1.);
#7187 = DIRECTION('',(0.,1.));
#7188 = ( GEOMETRIC_REPRESENTATION_CONTEXT(2) 
PARAMETRIC_REPRESENTATION_CONTEXT() REPRESENTATION_CONTEXT('2D SPACE',''
  ) );
#7189 = ORIENTED_EDGE('',*,*,#7142,.T.);
#7190 = ORIENTED_EDGE('',*,*,#7170,.F.);
#7191 = ADVANCED_FACE('',(#7192),#6777,.F.);
#7192 = FACE_BOUND('',#7193,.F.);
#7193 = EDGE_LOOP('',(#7194,#7195,#7215,#7216));
#7194 = ORIENTED_EDGE('',*,*,#6760,.F.);
#7195 = ORIENTED_EDGE('',*,*,#7196,.F.);
#7196 = EDGE_CURVE('',#7113,#6761,#7197,.T.);
#7197 = SEAM_CURVE('',#7198,(#7201,#7208),.PCURVE_S1.);
#7198 = B_SPLINE_CURVE_WITH_KNOTS('',1,(#7199,#7200),.UNSPECIFIED.,.F.,
  .F.,(2,2),(74.6,100.),.PIECEWISE_BEZIER_KNOTS.);
#7199 = CARTESIAN_POINT('',(-1.E+03,-1.0215E+03,10.));
#7200 = CARTESIAN_POINT('',(-1.0254E+03,-1.0215E+03,10.));
#7201 = PCURVE('',#6777,#7202);
#7202 = DEFINITIONAL_REPRESENTATION('',(#7203),#7207);
#7203 = LINE('',#7204,#7205);
#7204 = CARTESIAN_POINT('',(0.,0.));
#7205 = VECTOR('',#7206,1.);
#7206 = DIRECTION('',(0.,1.));
#7207 = ( GEOMETRIC_REPRESENTATION_CONTEXT(2) 
PARAMETRIC_REPRESENTATION_CONTEXT() REPRESENTATION_CONTEXT('2D SPACE',''
  ) );
#7208 = PCURVE('',#6777,#7209);
#7209 = DEFINITIONAL_REPRESENTATION('',(#7210),#7214);
#7210 = LINE('',#7211,#7212);
#7211 = CARTESIAN_POINT('',(6.28318530718,0.));
#7212 = VECTOR('',#7213,1.);
#7213 = DIRECTION('',(0.,1.));
#7214 = ( GEOMETRIC_REPRESENTATION_CONTEXT(2) 
PARAMETRIC_REPRESENTATION_CONTEXT() REPRESENTATION_CONTEXT('2D SPACE',''
  ) );
#7215 = ORIENTED_EDGE('',*,*,#7112,.T.);
#7216 = ORIENTED_EDGE('',*,*,#7196,.T.);
#7217 = ADVANCED_FACE('',(#7218),#6724,.F.);
#7218 = FACE_BOUND('',#7219,.F.);
#7219 = EDGE_LOOP('',(#7220,#7221,#7241,#7242,#7243));
#7220 = ORIENTED_EDGE('',*,*,#6736,.F.);
#7221 = ORIENTED_EDGE('',*,*,#7222,.F.);
#7222 = EDGE_CURVE('',#7087,#6708,#7223,.T.);
#7223 = SEAM_CURVE('',#7224,(#7227,#7234),.PCURVE_S1.);
#7224 = B_SPLINE_CURVE_WITH_KNOTS('',1,(#7225,#7226),.UNSPECIFIED.,.F.,
  .F.,(2,2),(74.6,100.),.PIECEWISE_BEZIER_KNOTS.);
#7225 = CARTESIAN_POINT('',(-1.E+03,-1.045414465424E+03,99.25));
#7226 = CARTESIAN_POINT('',(-1.0254E+03,-1.045414465424E+03,99.25));
#7227 = PCURVE('',#6724,#7228);
#7228 = DEFINITIONAL_REPRESENTATION('',(#7229),#7233);
#7229 = LINE('',#7230,#7231);
#7230 = CARTESIAN_POINT('',(0.,0.));
#7231 = VECTOR('',#7232,1.);
#7232 = DIRECTION('',(0.,1.));
#7233 = ( GEOMETRIC_REPRESENTATION_CONTEXT(2) 
PARAMETRIC_REPRESENTATION_CONTEXT() REPRESENTATION_CONTEXT('2D SPACE',''
  ) );
#7234 = PCURVE('',#6724,#7235);
#7235 = DEFINITIONAL_REPRESENTATION('',(#7236),#7240);
#7236 = LINE('',#7237,#7238);
#7237 = CARTESIAN_POINT('',(6.28318530718,0.));
#7238 = VECTOR('',#7239,1.);
#7239 = DIRECTION('',(0.,1.));
#7240 = ( GEOMETRIC_REPRESENTATION_CONTEXT(2) 
PARAMETRIC_REPRESENTATION_CONTEXT() REPRESENTATION_CONTEXT('2D SPACE',''
  ) );
#7241 = ORIENTED_EDGE('',*,*,#7086,.T.);
#7242 = ORIENTED_EDGE('',*,*,#7222,.T.);
#7243 = ORIENTED_EDGE('',*,*,#6705,.F.);
#7244 = ADVANCED_FACE('',(#7245),#6669,.F.);
#7245 = FACE_BOUND('',#7246,.F.);
#7246 = EDGE_LOOP('',(#7247,#7248,#7268,#7269,#7270));
#7247 = ORIENTED_EDGE('',*,*,#6681,.F.);
#7248 = ORIENTED_EDGE('',*,*,#7249,.F.);
#7249 = EDGE_CURVE('',#7061,#6653,#7250,.T.);
#7250 = SEAM_CURVE('',#7251,(#7254,#7261),.PCURVE_S1.);
#7251 = B_SPLINE_CURVE_WITH_KNOTS('',1,(#7252,#7253),.UNSPECIFIED.,.F.,
  .F.,(2,2),(74.6,100.),.PIECEWISE_BEZIER_KNOTS.);
#7252 = CARTESIAN_POINT('',(-1.E+03,-1.11075E+03,164.58553457552));
#7253 = CARTESIAN_POINT('',(-1.0254E+03,-1.11075E+03,164.58553457552));
#7254 = PCURVE('',#6669,#7255);
#7255 = DEFINITIONAL_REPRESENTATION('',(#7256),#7260);
#7256 = LINE('',#7257,#7258);
#7257 = CARTESIAN_POINT('',(0.,0.));
#7258 = VECTOR('',#7259,1.);
#7259 = DIRECTION('',(0.,1.));
#7260 = ( GEOMETRIC_REPRESENTATION_CONTEXT(2) 
PARAMETRIC_REPRESENTATION_CONTEXT() REPRESENTATION_CONTEXT('2D SPACE',''
  ) );
#7261 = PCURVE('',#6669,#7262);
#7262 = DEFINITIONAL_REPRESENTATION('',(#7263),#7267);
#7263 = LINE('',#7264,#7265);
#7264 = CARTESIAN_POINT('',(6.28318530718,0.));
#7265 = VECTOR('',#7266,1.);
#7266 = DIRECTION('',(0.,1.));
#7267 = ( GEOMETRIC_REPRESENTATION_CONTEXT(2) 
PARAMETRIC_REPRESENTATION_CONTEXT() REPRESENTATION_CONTEXT('2D SPACE',''
  ) );
#7268 = ORIENTED_EDGE('',*,*,#7060,.T.);
#7269 = ORIENTED_EDGE('',*,*,#7249,.T.);
#7270 = ORIENTED_EDGE('',*,*,#6650,.F.);
#7271 = ADVANCED_FACE('',(#7272),#6614,.F.);
#7272 = FACE_BOUND('',#7273,.F.);
#7273 = EDGE_LOOP('',(#7274,#7275,#7295,#7296,#7297));
#7274 = ORIENTED_EDGE('',*,*,#6626,.F.);
#7275 = ORIENTED_EDGE('',*,*,#7276,.F.);
#7276 = EDGE_CURVE('',#7035,#6598,#7277,.T.);
#7277 = SEAM_CURVE('',#7278,(#7281,#7288),.PCURVE_S1.);
#7278 = B_SPLINE_CURVE_WITH_KNOTS('',1,(#7279,#7280),.UNSPECIFIED.,.F.,
  .F.,(2,2),(74.6,100.),.PIECEWISE_BEZIER_KNOTS.);
#7279 = CARTESIAN_POINT('',(-1.E+03,-1.2E+03,188.5));
#7280 = CARTESIAN_POINT('',(-1.0254E+03,-1.2E+03,188.5));
#7281 = PCURVE('',#6614,#7282);
#7282 = DEFINITIONAL_REPRESENTATION('',(#7283),#7287);
#7283 = LINE('',#7284,#7285);
#7284 = CARTESIAN_POINT('',(0.,0.));
#7285 = VECTOR('',#7286,1.);
#7286 = DIRECTION('',(0.,1.));
#7287 = ( GEOMETRIC_REPRESENTATION_CONTEXT(2) 
PARAMETRIC_REPRESENTATION_CONTEXT() REPRESENTATION_CONTEXT('2D SPACE',''
  ) );
#7288 = PCURVE('',#6614,#7289);
#7289 = DEFINITIONAL_REPRESENTATION('',(#7290),#7294);
#7290 = LINE('',#7291,#7292);
#7291 = CARTESIAN_POINT('',(6.28318530718,0.));
#7292 = VECTOR('',#7293,1.);
#7293 = DIRECTION('',(0.,1.));
#7294 = ( GEOMETRIC_REPRESENTATION_CONTEXT(2) 
PARAMETRIC_REPRESENTATION_CONTEXT() REPRESENTATION_CONTEXT('2D SPACE',''
  ) );
#7295 = ORIENTED_EDGE('',*,*,#7034,.T.);
#7296 = ORIENTED_EDGE('',*,*,#7276,.T.);
#7297 = ORIENTED_EDGE('',*,*,#6595,.F.);
#7298 = ADVANCED_FACE('',(#7299),#6559,.F.);
#7299 = FACE_BOUND('',#7300,.F.);
#7300 = EDGE_LOOP('',(#7301,#7302,#7322,#7323,#7324));
#7301 = ORIENTED_EDGE('',*,*,#6571,.F.);
#7302 = ORIENTED_EDGE('',*,*,#7303,.F.);
#7303 = EDGE_CURVE('',#7009,#6543,#7304,.T.);
#7304 = SEAM_CURVE('',#7305,(#7308,#7315),.PCURVE_S1.);
#7305 = B_SPLINE_CURVE_WITH_KNOTS('',1,(#7306,#7307),.UNSPECIFIED.,.F.,
  .F.,(2,2),(74.6,100.),.PIECEWISE_BEZIER_KNOTS.);
#7306 = CARTESIAN_POINT('',(-1.E+03,-1.28925E+03,164.58553457552));
#7307 = CARTESIAN_POINT('',(-1.0254E+03,-1.28925E+03,164.58553457552));
#7308 = PCURVE('',#6559,#7309);
#7309 = DEFINITIONAL_REPRESENTATION('',(#7310),#7314);
#7310 = LINE('',#7311,#7312);
#7311 = CARTESIAN_POINT('',(0.,0.));
#7312 = VECTOR('',#7313,1.);
#7313 = DIRECTION('',(0.,1.));
#7314 = ( GEOMETRIC_REPRESENTATION_CONTEXT(2) 
PARAMETRIC_REPRESENTATION_CONTEXT() REPRESENTATION_CONTEXT('2D SPACE',''
  ) );
#7315 = PCURVE('',#6559,#7316);
#7316 = DEFINITIONAL_REPRESENTATION('',(#7317),#7321);
#7317 = LINE('',#7318,#7319);
#7318 = CARTESIAN_POINT('',(6.28318530718,0.));
#7319 = VECTOR('',#7320,1.);
#7320 = DIRECTION('',(0.,1.));
#7321 = ( GEOMETRIC_REPRESENTATION_CONTEXT(2) 
PARAMETRIC_REPRESENTATION_CONTEXT() REPRESENTATION_CONTEXT('2D SPACE',''
  ) );
#7322 = ORIENTED_EDGE('',*,*,#7008,.T.);
#7323 = ORIENTED_EDGE('',*,*,#7303,.T.);
#7324 = ORIENTED_EDGE('',*,*,#6540,.F.);
#7325 = ADVANCED_FACE('',(#7326),#6504,.F.);
#7326 = FACE_BOUND('',#7327,.F.);
#7327 = EDGE_LOOP('',(#7328,#7329,#7349,#7350,#7351));
#7328 = ORIENTED_EDGE('',*,*,#6516,.F.);
#7329 = ORIENTED_EDGE('',*,*,#7330,.F.);
#7330 = EDGE_CURVE('',#6983,#6488,#7331,.T.);
#7331 = SEAM_CURVE('',#7332,(#7335,#7342),.PCURVE_S1.);
#7332 = B_SPLINE_CURVE_WITH_KNOTS('',1,(#7333,#7334),.UNSPECIFIED.,.F.,
  .F.,(2,2),(74.6,100.),.PIECEWISE_BEZIER_KNOTS.);
#7333 = CARTESIAN_POINT('',(-1.E+03,-1.354585534576E+03,99.249999999999)
  );
#7334 = CARTESIAN_POINT('',(-1.0254E+03,-1.354585534576E+03,
    99.249999999999));
#7335 = PCURVE('',#6504,#7336);
#7336 = DEFINITIONAL_REPRESENTATION('',(#7337),#7341);
#7337 = LINE('',#7338,#7339);
#7338 = CARTESIAN_POINT('',(0.,0.));
#7339 = VECTOR('',#7340,1.);
#7340 = DIRECTION('',(0.,1.));
#7341 = ( GEOMETRIC_REPRESENTATION_CONTEXT(2) 
PARAMETRIC_REPRESENTATION_CONTEXT() REPRESENTATION_CONTEXT('2D SPACE',''
  ) );
#7342 = PCURVE('',#6504,#7343);
#7343 = DEFINITIONAL_REPRESENTATION('',(#7344),#7348);
#7344 = LINE('',#7345,#7346);
#7345 = CARTESIAN_POINT('',(6.28318530718,0.));
#7346 = VECTOR('',#7347,1.);
#7347 = DIRECTION('',(0.,1.));
#7348 = ( GEOMETRIC_REPRESENTATION_CONTEXT(2) 
PARAMETRIC_REPRESENTATION_CONTEXT() REPRESENTATION_CONTEXT('2D SPACE',''
  ) );
#7349 = ORIENTED_EDGE('',*,*,#6982,.T.);
#7350 = ORIENTED_EDGE('',*,*,#7330,.T.);
#7351 = ORIENTED_EDGE('',*,*,#6485,.F.);
#7352 = ADVANCED_FACE('',(#7353),#6449,.F.);
#7353 = FACE_BOUND('',#7354,.F.);
#7354 = EDGE_LOOP('',(#7355,#7356,#7376,#7377,#7378));
#7355 = ORIENTED_EDGE('',*,*,#6461,.F.);
#7356 = ORIENTED_EDGE('',*,*,#7357,.F.);
#7357 = EDGE_CURVE('',#6957,#6433,#7358,.T.);
#7358 = SEAM_CURVE('',#7359,(#7362,#7369),.PCURVE_S1.);
#7359 = B_SPLINE_CURVE_WITH_KNOTS('',1,(#7360,#7361),.UNSPECIFIED.,.F.,
  .F.,(2,2),(74.6,100.),.PIECEWISE_BEZIER_KNOTS.);
#7360 = CARTESIAN_POINT('',(-1.E+03,-1.3785E+03,10.));
#7361 = CARTESIAN_POINT('',(-1.0254E+03,-1.3785E+03,10.));
#7362 = PCURVE('',#6449,#7363);
#7363 = DEFINITIONAL_REPRESENTATION('',(#7364),#7368);
#7364 = LINE('',#7365,#7366);
#7365 = CARTESIAN_POINT('',(0.,0.));
#7366 = VECTOR('',#7367,1.);
#7367 = DIRECTION('',(0.,1.));
#7368 = ( GEOMETRIC_REPRESENTATION_CONTEXT(2) 
PARAMETRIC_REPRESENTATION_CONTEXT() REPRESENTATION_CONTEXT('2D SPACE',''
  ) );
#7369 = PCURVE('',#6449,#7370);
#7370 = DEFINITIONAL_REPRESENTATION('',(#7371),#7375);
#7371 = LINE('',#7372,#7373);
#7372 = CARTESIAN_POINT('',(6.28318530718,0.));
#7373 = VECTOR('',#7374,1.);
#7374 = DIRECTION('',(0.,1.));
#7375 = ( GEOMETRIC_REPRESENTATION_CONTEXT(2) 
PARAMETRIC_REPRESENTATION_CONTEXT() REPRESENTATION_CONTEXT('2D SPACE',''
  ) );
#7376 = ORIENTED_EDGE('',*,*,#6956,.T.);
#7377 = ORIENTED_EDGE('',*,*,#7357,.T.);
#7378 = ORIENTED_EDGE('',*,*,#6430,.F.);
#7379 = ADVANCED_FACE('',(#7380),#6394,.F.);
#7380 = FACE_BOUND('',#7381,.F.);
#7381 = EDGE_LOOP('',(#7382,#7383,#7403,#7404,#7405));
#7382 = ORIENTED_EDGE('',*,*,#6406,.F.);
#7383 = ORIENTED_EDGE('',*,*,#7384,.F.);
#7384 = EDGE_CURVE('',#6931,#6378,#7385,.T.);
#7385 = SEAM_CURVE('',#7386,(#7389,#7396),.PCURVE_S1.);
#7386 = B_SPLINE_CURVE_WITH_KNOTS('',1,(#7387,#7388),.UNSPECIFIED.,.F.,
  .F.,(2,2),(74.6,100.),.PIECEWISE_BEZIER_KNOTS.);
#7387 = CARTESIAN_POINT('',(-1.E+03,-1.354585534576E+03,-79.25));
#7388 = CARTESIAN_POINT('',(-1.0254E+03,-1.354585534576E+03,-79.25));
#7389 = PCURVE('',#6394,#7390);
#7390 = DEFINITIONAL_REPRESENTATION('',(#7391),#7395);
#7391 = LINE('',#7392,#7393);
#7392 = CARTESIAN_POINT('',(0.,0.));
#7393 = VECTOR('',#7394,1.);
#7394 = DIRECTION('',(0.,1.));
#7395 = ( GEOMETRIC_REPRESENTATION_CONTEXT(2) 
PARAMETRIC_REPRESENTATION_CONTEXT() REPRESENTATION_CONTEXT('2D SPACE',''
  ) );
#7396 = PCURVE('',#6394,#7397);
#7397 = DEFINITIONAL_REPRESENTATION('',(#7398),#7402);
#7398 = LINE('',#7399,#7400);
#7399 = CARTESIAN_POINT('',(6.28318530718,0.));
#7400 = VECTOR('',#7401,1.);
#7401 = DIRECTION('',(0.,1.));
#7402 = ( GEOMETRIC_REPRESENTATION_CONTEXT(2) 
PARAMETRIC_REPRESENTATION_CONTEXT() REPRESENTATION_CONTEXT('2D SPACE',''
  ) );
#7403 = ORIENTED_EDGE('',*,*,#6930,.T.);
#7404 = ORIENTED_EDGE('',*,*,#7384,.T.);
#7405 = ORIENTED_EDGE('',*,*,#6375,.F.);
#7406 = ADVANCED_FACE('',(#7407),#6339,.F.);
#7407 = FACE_BOUND('',#7408,.F.);
#7408 = EDGE_LOOP('',(#7409,#7410,#7430,#7431,#7432));
#7409 = ORIENTED_EDGE('',*,*,#6351,.F.);
#7410 = ORIENTED_EDGE('',*,*,#7411,.F.);
#7411 = EDGE_CURVE('',#6905,#6323,#7412,.T.);
#7412 = SEAM_CURVE('',#7413,(#7416,#7423),.PCURVE_S1.);
#7413 = B_SPLINE_CURVE_WITH_KNOTS('',1,(#7414,#7415),.UNSPECIFIED.,.F.,
  .F.,(2,2),(74.6,100.),.PIECEWISE_BEZIER_KNOTS.);
#7414 = CARTESIAN_POINT('',(-1.E+03,-1.28925E+03,-144.5855345755));
#7415 = CARTESIAN_POINT('',(-1.0254E+03,-1.28925E+03,-144.5855345755));
#7416 = PCURVE('',#6339,#7417);
#7417 = DEFINITIONAL_REPRESENTATION('',(#7418),#7422);
#7418 = LINE('',#7419,#7420);
#7419 = CARTESIAN_POINT('',(0.,0.));
#7420 = VECTOR('',#7421,1.);
#7421 = DIRECTION('',(0.,1.));
#7422 = ( GEOMETRIC_REPRESENTATION_CONTEXT(2) 
PARAMETRIC_REPRESENTATION_CONTEXT() REPRESENTATION_CONTEXT('2D SPACE',''
  ) );
#7423 = PCURVE('',#6339,#7424);
#7424 = DEFINITIONAL_REPRESENTATION('',(#7425),#7429);
#7425 = LINE('',#7426,#7427);
#7426 = CARTESIAN_POINT('',(6.28318530718,0.));
#7427 = VECTOR('',#7428,1.);
#7428 = DIRECTION('',(0.,1.));
#7429 = ( GEOMETRIC_REPRESENTATION_CONTEXT(2) 
PARAMETRIC_REPRESENTATION_CONTEXT() REPRESENTATION_CONTEXT('2D SPACE',''
  ) );
#7430 = ORIENTED_EDGE('',*,*,#6904,.T.);
#7431 = ORIENTED_EDGE('',*,*,#7411,.T.);
#7432 = ORIENTED_EDGE('',*,*,#6320,.F.);
#7433 = ADVANCED_FACE('',(#7434),#6284,.F.);
#7434 = FACE_BOUND('',#7435,.F.);
#7435 = EDGE_LOOP('',(#7436,#7437,#7457,#7458,#7459));
#7436 = ORIENTED_EDGE('',*,*,#6296,.F.);
#7437 = ORIENTED_EDGE('',*,*,#7438,.F.);
#7438 = EDGE_CURVE('',#6879,#6268,#7439,.T.);
#7439 = SEAM_CURVE('',#7440,(#7443,#7450),.PCURVE_S1.);
#7440 = B_SPLINE_CURVE_WITH_KNOTS('',1,(#7441,#7442),.UNSPECIFIED.,.F.,
  .F.,(2,2),(74.6,100.),.PIECEWISE_BEZIER_KNOTS.);
#7441 = CARTESIAN_POINT('',(-1.E+03,-1.2E+03,-168.5));
#7442 = CARTESIAN_POINT('',(-1.0254E+03,-1.2E+03,-168.5));
#7443 = PCURVE('',#6284,#7444);
#7444 = DEFINITIONAL_REPRESENTATION('',(#7445),#7449);
#7445 = LINE('',#7446,#7447);
#7446 = CARTESIAN_POINT('',(0.,0.));
#7447 = VECTOR('',#7448,1.);
#7448 = DIRECTION('',(0.,1.));
#7449 = ( GEOMETRIC_REPRESENTATION_CONTEXT(2) 
PARAMETRIC_REPRESENTATION_CONTEXT() REPRESENTATION_CONTEXT('2D SPACE',''
  ) );
#7450 = PCURVE('',#6284,#7451);
#7451 = DEFINITIONAL_REPRESENTATION('',(#7452),#7456);
#7452 = LINE('',#7453,#7454);
#7453 = CARTESIAN_POINT('',(6.28318530718,0.));
#7454 = VECTOR('',#7455,1.);
#7455 = DIRECTION('',(0.,1.));
#7456 = ( GEOMETRIC_REPRESENTATION_CONTEXT(2) 
PARAMETRIC_REPRESENTATION_CONTEXT() REPRESENTATION_CONTEXT('2D SPACE',''
  ) );
#7457 = ORIENTED_EDGE('',*,*,#6878,.T.);
#7458 = ORIENTED_EDGE('',*,*,#7438,.T.);
#7459 = ORIENTED_EDGE('',*,*,#6265,.F.);
#7460 = ADVANCED_FACE('',(#7461),#6229,.F.);
#7461 = FACE_BOUND('',#7462,.F.);
#7462 = EDGE_LOOP('',(#7463,#7464,#7484,#7485,#7486));
#7463 = ORIENTED_EDGE('',*,*,#6241,.F.);
#7464 = ORIENTED_EDGE('',*,*,#7465,.F.);
#7465 = EDGE_CURVE('',#6853,#6213,#7466,.T.);
#7466 = SEAM_CURVE('',#7467,(#7470,#7477),.PCURVE_S1.);
#7467 = B_SPLINE_CURVE_WITH_KNOTS('',1,(#7468,#7469),.UNSPECIFIED.,.F.,
  .F.,(2,2),(74.6,100.),.PIECEWISE_BEZIER_KNOTS.);
#7468 = CARTESIAN_POINT('',(-1.E+03,-1.11075E+03,-144.5855345755));
#7469 = CARTESIAN_POINT('',(-1.0254E+03,-1.11075E+03,-144.5855345755));
#7470 = PCURVE('',#6229,#7471);
#7471 = DEFINITIONAL_REPRESENTATION('',(#7472),#7476);
#7472 = LINE('',#7473,#7474);
#7473 = CARTESIAN_POINT('',(0.,0.));
#7474 = VECTOR('',#7475,1.);
#7475 = DIRECTION('',(0.,1.));
#7476 = ( GEOMETRIC_REPRESENTATION_CONTEXT(2) 
PARAMETRIC_REPRESENTATION_CONTEXT() REPRESENTATION_CONTEXT('2D SPACE',''
  ) );
#7477 = PCURVE('',#6229,#7478);
#7478 = DEFINITIONAL_REPRESENTATION('',(#7479),#7483);
#7479 = LINE('',#7480,#7481);
#7480 = CARTESIAN_POINT('',(6.28318530718,0.));
#7481 = VECTOR('',#7482,1.);
#7482 = DIRECTION('',(0.,1.));
#7483 = ( GEOMETRIC_REPRESENTATION_CONTEXT(2) 
PARAMETRIC_REPRESENTATION_CONTEXT() REPRESENTATION_CONTEXT('2D SPACE',''
  ) );
#7484 = ORIENTED_EDGE('',*,*,#6852,.T.);
#7485 = ORIENTED_EDGE('',*,*,#7465,.T.);
#7486 = ORIENTED_EDGE('',*,*,#6210,.F.);
#7487 = ADVANCED_FACE('',(#7488),#6174,.F.);
#7488 = FACE_BOUND('',#7489,.F.);
#7489 = EDGE_LOOP('',(#7490,#7491,#7511,#7512,#7513));
#7490 = ORIENTED_EDGE('',*,*,#6186,.F.);
#7491 = ORIENTED_EDGE('',*,*,#7492,.F.);
#7492 = EDGE_CURVE('',#6827,#6158,#7493,.T.);
#7493 = SEAM_CURVE('',#7494,(#7497,#7504),.PCURVE_S1.);
#7494 = B_SPLINE_CURVE_WITH_KNOTS('',1,(#7495,#7496),.UNSPECIFIED.,.F.,
  .F.,(2,2),(74.6,100.),.PIECEWISE_BEZIER_KNOTS.);
#7495 = CARTESIAN_POINT('',(-1.E+03,-1.045414465424E+03,-79.24999999999)
  );
#7496 = CARTESIAN_POINT('',(-1.0254E+03,-1.045414465424E+03,
    -79.24999999999));
#7497 = PCURVE('',#6174,#7498);
#7498 = DEFINITIONAL_REPRESENTATION('',(#7499),#7503);
#7499 = LINE('',#7500,#7501);
#7500 = CARTESIAN_POINT('',(0.,0.));
#7501 = VECTOR('',#7502,1.);
#7502 = DIRECTION('',(0.,1.));
#7503 = ( GEOMETRIC_REPRESENTATION_CONTEXT(2) 
PARAMETRIC_REPRESENTATION_CONTEXT() REPRESENTATION_CONTEXT('2D SPACE',''
  ) );
#7504 = PCURVE('',#6174,#7505);
#7505 = DEFINITIONAL_REPRESENTATION('',(#7506),#7510);
#7506 = LINE('',#7507,#7508);
#7507 = CARTESIAN_POINT('',(6.28318530718,0.));
#7508 = VECTOR('',#7509,1.);
#7509 = DIRECTION('',(0.,1.));
#7510 = ( GEOMETRIC_REPRESENTATION_CONTEXT(2) 
PARAMETRIC_REPRESENTATION_CONTEXT() REPRESENTATION_CONTEXT('2D SPACE',''
  ) );
#7511 = ORIENTED_EDGE('',*,*,#6826,.T.);
#7512 = ORIENTED_EDGE('',*,*,#7492,.T.);
#7513 = ORIENTED_EDGE('',*,*,#6155,.F.);
#7514 = ( GEOMETRIC_REPRESENTATION_CONTEXT(3) 
GLOBAL_UNCERTAINTY_ASSIGNED_CONTEXT((#7518)) 
GLOBAL_UNIT_ASSIGNED_CONTEXT((#7515,#7516,#7517)) REPRESENTATION_CONTEXT
('Context #1','3D Context with UNIT and UNCERTAINTY') );
#7515 = ( LENGTH_UNIT() NAMED_UNIT(*) SI_UNIT(.MILLI.,.METRE.) );
#7516 = ( NAMED_UNIT(*) PLANE_ANGLE_UNIT() SI_UNIT($,.RADIAN.) );
#7517 = ( NAMED_UNIT(*) SI_UNIT($,.STERADIAN.) SOLID_ANGLE_UNIT() );
#7518 = UNCERTAINTY_MEASURE_WITH_UNIT(LENGTH_MEASURE(1.E-05),#7515,
  'distance_accuracy_value','confusion accuracy');
#7519 = PRODUCT_RELATED_PRODUCT_CATEGORY('part',$,(#7));
#7520 = MECHANICAL_DESIGN_GEOMETRIC_PRESENTATION_REPRESENTATION('',(
    #7521),#7514);
#7521 = STYLED_ITEM('color',(#7522),#15);
#7522 = PRESENTATION_STYLE_ASSIGNMENT((#7523,#7529));
#7523 = SURFACE_STYLE_USAGE(.BOTH.,#7524);
#7524 = SURFACE_SIDE_STYLE('',(#7525));
#7525 = SURFACE_STYLE_FILL_AREA(#7526);
#7526 = FILL_AREA_STYLE('',(#7527));
#7527 = FILL_AREA_STYLE_COLOUR('',#7528);
#7528 = COLOUR_RGB('',0.678431390124,0.678431390124,0.729411790161);
#7529 = CURVE_STYLE('',#7530,POSITIVE_LENGTH_MEASURE(0.1),#7531);
#7530 = DRAUGHTING_PRE_DEFINED_CURVE_FONT('continuous');
#7531 = COLOUR_RGB('',9.803921802644E-02,9.803921802644E-02,
  9.803921802644E-02);
ENDSEC;
END-ISO-10303-21;
