ISO-10303-21;
HEADER;
FILE_DESCRIPTION (( 'STEP AP214' ),
    '1' );
FILE_NAME ('big_spring_pipe.STEP',
    '2025-10-09T02:52:22',
    ( '' ),
    ( '' ),
    'SwSTEP 2.0',
    'SolidWorks 2015',
    '' );
FILE_SCHEMA (( 'AUTOMOTIVE_DESIGN' ));
ENDSEC;

DATA;
#1 = CARTESIAN_POINT ( 'NONE',  ( 2026.673589800193400, 597.6134402988686800, -34.18382225024655700 ) ) ;
#2 = CARTESIAN_POINT ( 'NONE',  ( 294.3633310528659900, -551.4836570130934200, 188.3433350964155000 ) ) ;
#3 = CARTESIAN_POINT ( 'NONE',  ( 2822.079410960693600, 418.0004116704302000, 188.5955764328545000 ) ) ;
#4 = CARTESIAN_POINT ( 'NONE',  ( 2264.266882198928200, 301.8137768876506500, -345.2549156443245100 ) ) ;
#5 = CARTESIAN_POINT ( 'NONE',  ( 2494.699381346197200, 304.2596785729984400, 296.1858475686171300 ) ) ;
#6 = CARTESIAN_POINT ( 'NONE',  ( 3036.938026107399800, -336.2744286953650900, 225.5829539246277300 ) ) ;
#7 = CARTESIAN_POINT ( 'NONE',  ( 2977.775274365165800, 162.3209591881120800, 185.1797681609549200 ) ) ;
#8 = VERTEX_POINT ( 'NONE', #5089 ) ;
#9 = CARTESIAN_POINT ( 'NONE',  ( 3238.053674518434900, -223.1468941353943800, 75.46647575944805900 ) ) ;
#10 = CARTESIAN_POINT ( 'NONE',  ( 555.7097669336923200, 400.3609725179736100, -583.4228074295720000 ) ) ;
#11 = CARTESIAN_POINT ( 'NONE',  ( 2528.795548898733200, 383.9413992269713300, 140.4651414336964900 ) ) ;
#12 = CARTESIAN_POINT ( 'NONE',  ( -212.4786724770602300, -200.0000000000000000, -100.0000000000000100 ) ) ;
#13 = CARTESIAN_POINT ( 'NONE',  ( 1857.272564436629900, 704.9784511515671300, -60.63674336921171500 ) ) ;
#14 = CARTESIAN_POINT ( 'NONE',  ( 2913.058602738323300, -223.9190532165985700, 46.14064577414685400 ) ) ;
#15 = CARTESIAN_POINT ( 'NONE',  ( 3187.478672477060200, 11.40110498045432400, -99.34794816817427000 ) ) ;
#16 = ADVANCED_FACE ( 'NONE', ( #1483 ), #457, .T. ) ;
#17 = CARTESIAN_POINT ( 'NONE',  ( 436.9984299884538400, 393.2344430949262900, 111.8403759410403500 ) ) ;
#18 = CARTESIAN_POINT ( 'NONE',  ( 1363.503606075067600, 511.1654902847333200, -279.8528142002843400 ) ) ;
#19 = CARTESIAN_POINT ( 'NONE',  ( 218.9543979933611700, 139.7211787372338800, -168.0380380775823700 ) ) ;
#20 = CARTESIAN_POINT ( 'NONE',  ( 262.7452775920332900, 193.0072548704051500, -253.5583241198656900 ) ) ;
#21 = CARTESIAN_POINT ( 'NONE',  ( 2767.944740303048100, -409.2901553544939500, -626.3775070767378600 ) ) ;
#22 = CARTESIAN_POINT ( 'NONE',  ( 262.7452775920333500, 134.3034663706231100, -175.3232622839261700 ) ) ;
#23 = CARTESIAN_POINT ( 'NONE',  ( 448.6828243632891100, -445.2641747197407100, -63.27864876080049300 ) ) ;
#24 = CARTESIAN_POINT ( 'NONE',  ( 2146.066615849345500, -307.8714397218545300, -292.4297461168197300 ) ) ;
#25 = CARTESIAN_POINT ( 'NONE',  ( 2003.430937465987700, 591.7356820815042500, 90.33070907905890600 ) ) ;
#26 = CARTESIAN_POINT ( 'NONE',  ( 2264.266882198928200, 301.8137768876506500, -345.2549156443245100 ) ) ;
#27 = CARTESIAN_POINT ( 'NONE',  ( 1884.720584392999900, 43.70109200406747600, 296.7623868837046600 ) ) ;
#28 = CARTESIAN_POINT ( 'NONE',  ( 2355.246276763386000, -185.7960746596790200, 381.8112290369313100 ) ) ;
#29 = EDGE_CURVE ( 'NONE', #5150, #2863, #6355, .T. ) ;
#30 = CARTESIAN_POINT ( 'NONE',  ( 3036.941397261609800, -570.6839726435006200, -90.15530456760303900 ) ) ;
#31 = CARTESIAN_POINT ( 'NONE',  ( 3176.166861843478700, 223.9804010753495000, 147.0583187612367600 ) ) ;
#32 = CARTESIAN_POINT ( 'NONE',  ( 2860.914187333821200, -734.7692948227357900, -105.8902189503472000 ) ) ;
#33 = CARTESIAN_POINT ( 'NONE',  ( 509.2246456582401500, 602.4413472824173800, -371.1269421595119400 ) ) ;
#34 = CARTESIAN_POINT ( 'NONE',  ( 1159.984020732295900, -66.70041474131724600, 250.5882685237267300 ) ) ;
#35 = PRODUCT ( 'big_spring_pipe', 'big_spring_pipe', '', ( #4407 ) ) ;
#36 = CARTESIAN_POINT ( 'NONE',  ( 2943.972415225950000, -304.5525083594847000, -496.8312597548844000 ) ) ;
#37 = CARTESIAN_POINT ( 'NONE',  ( 61.94123650696376200, 107.1702339133139500, -568.5339734699186900 ) ) ;
#38 = CARTESIAN_POINT ( 'NONE',  ( 1238.917004433177900, -352.8557908548241900, 278.8465318924659800 ) ) ;
#39 = CARTESIAN_POINT ( 'NONE',  ( 390.5143769056371100, 314.1764727090795200, 261.5999708246338300 ) ) ;
#40 = CARTESIAN_POINT ( 'NONE',  ( 457.0583078476417400, 126.4095295898101900, 568.8834104917342500 ) ) ;
#41 = CARTESIAN_POINT ( 'NONE',  ( -216.9758008494603400, 198.7446396666216500, -99.00952798383178800 ) ) ;
#42 = CARTESIAN_POINT ( 'NONE',  ( -74.32948380835657100, 72.84742819717213500, -398.3207102160999400 ) ) ;
#43 = CARTESIAN_POINT ( 'NONE',  ( 2558.765107704759400, 720.8916943044221200, -200.9737980865308800 ) ) ;
#44 = DIRECTION ( 'NONE',  ( 0.0000000000000000000, 0.0000000000000000000, 1.000000000000000000 ) ) ;
#45 = CARTESIAN_POINT ( 'NONE',  ( 2833.421473700575900, 210.5317286309781400, -151.3929733032705400 ) ) ;
#46 = DIRECTION ( 'NONE',  ( 0.0000000000000000000, 1.000000000000000000, 0.0000000000000000000 ) ) ;
#47 = CARTESIAN_POINT ( 'NONE',  ( 2049.915449968865200, 577.5760222382004900, -157.2146597764979100 ) ) ;
#48 = CARTESIAN_POINT ( 'NONE',  ( 2636.141902021387500, -228.6585638665785000, 397.5020355374493900 ) ) ;
#49 = CARTESIAN_POINT ( 'NONE',  ( 2581.986004657680000, 36.40473251833678600, 297.7454391435319400 ) ) ;
#50 = CARTESIAN_POINT ( 'NONE',  ( -262.7452775920335200, 67.80126430858248900, -551.0491799788335400 ) ) ;
#51 = CARTESIAN_POINT ( 'NONE',  ( 3193.954305078371400, -446.8249432546027700, -79.38839320726081900 ) ) ;
#52 = CARTESIAN_POINT ( 'NONE',  ( 2900.670323285990000, -232.5574561332275000, 33.02158381743285500 ) ) ;
#53 = CARTESIAN_POINT ( 'NONE',  ( 2860.914187334398300, -180.4521259151050900, 377.3611072992297300 ) ) ;
#54 = CARTESIAN_POINT ( 'NONE',  ( 1206.490261031955900, 611.3678593012678000, -356.2305228901621500 ) ) ;
#55 = CARTESIAN_POINT ( 'NONE',  ( 571.2800709027333100, -345.5769049650963300, -427.7237042377345800 ) ) ;
#56 = CARTESIAN_POINT ( 'NONE',  ( 1043.773381270769500, -250.0878148657441800, 68.55387588790416900 ) ) ;
#57 = CARTESIAN_POINT ( 'NONE',  ( -212.4786724770602000, 1.224646799147353200E-014, 100.0000000000000000 ) ) ;
#58 = CARTESIAN_POINT ( 'NONE',  ( -71.82880992454340700, -40.96199751559142800, -709.2062639235418800 ) ) ;
#59 = CARTESIAN_POINT ( 'NONE',  ( -69.02626168942754200, 80.38307335020076000, -163.4217782815923100 ) ) ;
#60 = CARTESIAN_POINT ( 'NONE',  ( 54.26977306852646200, -328.5361669032420200, -268.9941428122707000 ) ) ;
#61 = CARTESIAN_POINT ( 'NONE',  ( 2572.801633262142300, -109.2659224581771900, -548.4540979986442200 ) ) ;
#62 = FACE_OUTER_BOUND ( 'NONE', #941, .T. ) ;
#63 = CARTESIAN_POINT ( 'NONE',  ( 1061.355435237922400, -348.1958377790681400, 467.2976757908674600 ) ) ;
#64 = CARTESIAN_POINT ( 'NONE',  ( 262.7452775920332900, 198.5357467272688700, -312.2248057046767300 ) ) ;
#65 = CARTESIAN_POINT ( 'NONE',  ( 945.8485507126622500, 539.0325843626046700, 149.0000279793550200 ) ) ;
#66 = CARTESIAN_POINT ( 'NONE',  ( -73.21878443968063300, -217.9726000345436300, -137.3794907124629400 ) ) ;
#67 = CARTESIAN_POINT ( 'NONE',  ( 2461.547330037933500, -236.0214528294019700, 107.4124895560548700 ) ) ;
#68 = CARTESIAN_POINT ( 'NONE',  ( 3036.941380284148200, -534.7770930882977600, 94.52246412996379400 ) ) ;
#69 = CARTESIAN_POINT ( 'NONE',  ( 1794.251227736320100, -264.8205456823442300, 536.8247785381833000 ) ) ;
#70 = CARTESIAN_POINT ( 'NONE',  ( 2031.844875204107400, 151.6380646442093800, 432.7792173552078300 ) ) ;
#71 = CARTESIAN_POINT ( 'NONE',  ( 2303.079853260368100, -206.6074287960631200, -217.4650408904883800 ) ) ;
#72 = CARTESIAN_POINT ( 'NONE',  ( 1701.282685600271600, -575.6032113944753500, 164.2906308310484700 ) ) ;
#73 = CARTESIAN_POINT ( 'NONE',  ( 2479.128709820765800, -269.5405025664619000, 516.6774895345423600 ) ) ;
#74 = CARTESIAN_POINT ( 'NONE',  ( 2890.253668752372100, 66.31338992486135500, 244.5372255371083300 ) ) ;
#75 = CARTESIAN_POINT ( 'NONE',  ( -213.2031967198856800, 239.9406399969680900, -119.9531653021690800 ) ) ;
#76 = CARTESIAN_POINT ( 'NONE',  ( 1903.756004174369300, 619.9260469502570500, -341.1197098681224700 ) ) ;
#77 = CARTESIAN_POINT ( 'NONE',  ( 919.9128594762146300, 340.3019730647213200, 431.9322031831143800 ) ) ;
#78 = CARTESIAN_POINT ( 'NONE',  ( 788.1100854293946400, 114.3050369231519500, -232.7616759550780900 ) ) ;
#79 = CARTESIAN_POINT ( 'NONE',  ( -163.7890362844106800, 207.3246050794580800, 94.22092910872214600 ) ) ;
#80 = CARTESIAN_POINT ( 'NONE',  ( 276.8035908902112400, 25.97171745205750400, 707.1043893124899600 ) ) ;
#81 = ORIENTED_EDGE ( 'NONE', *, *, #1035, .T. ) ;
#82 = CARTESIAN_POINT ( 'NONE',  ( 2892.922926285896700, -391.4949522048196400, -95.77534665921332600 ) ) ;
#83 = CARTESIAN_POINT ( 'NONE',  ( 2900.670323286046400, -327.0029706751872700, 49.84296099587631100 ) ) ;
#84 = CARTESIAN_POINT ( 'NONE',  ( -51.08769990143264300, -19.04133491132639800, -409.1123069814605100 ) ) ;
#85 = ORIENTED_EDGE ( 'NONE', *, *, #2448, .T. ) ;
#86 = CARTESIAN_POINT ( 'NONE',  ( 1448.801046349031100, -314.9553174178816400, -284.7860491532835600 ) ) ;
#87 = CARTESIAN_POINT ( 'NONE',  ( -95.07192497943368900, 287.6322329264273200, 30.85867689125861800 ) ) ;
#88 = CARTESIAN_POINT ( 'NONE',  ( 74.32948380835652800, 204.0432114625302500, -549.0303400705959100 ) ) ;
#89 = CARTESIAN_POINT ( 'NONE',  ( 109.1298689560310500, 41.30462017067250000, 557.7197899976718000 ) ) ;
#90 = DIRECTION ( 'NONE',  ( 1.000000000000000000, -5.598713130157252400E-016, 3.353501265655067400E-016 ) ) ;
#91 = CARTESIAN_POINT ( 'NONE',  ( 3065.844803886348900, -241.3563352474930600, -92.63966934602724700 ) ) ;
#92 = CARTESIAN_POINT ( 'NONE',  ( 2494.699381346197200, 304.2596785729984400, 296.1858475686171300 ) ) ;
#93 = CARTESIAN_POINT ( 'NONE',  ( 1120.228223196974600, -133.6160226867774800, 583.4870983316557200 ) ) ;
#94 = ORIENTED_EDGE ( 'NONE', *, *, #2819, .T. ) ;
#95 = CARTESIAN_POINT ( 'NONE',  ( 2538.001322369073900, -39.22819389308040900, 597.3037130376080800 ) ) ;
#96 = CARTESIAN_POINT ( 'NONE',  ( 3147.469852492495200, -365.4923262115100900, -277.8169469595835000 ) ) ;
#97 = CARTESIAN_POINT ( 'NONE',  ( 2558.743850927545300, -26.05108503642125900, 298.8294808127222400 ) ) ;
#98 = DIRECTION ( 'NONE',  ( 1.000000000000000000, 0.0000000000000000000, -0.0000000000000000000 ) ) ;
#99 =( BOUNDED_SURFACE ( )  B_SPLINE_SURFACE ( 3, 3, ( 
 ( #4164, #3633, #5672, #3170, #2122, #3195, #2094, #105, #4653, #1162, #659 ),
 ( #584, #1624, #6236, #2636, #634, #4678, #1649, #5184, #5698, #4702, #178 ),
 ( #3710, #5264, #3251, #2037, #5587, #593, #6564, #2017, #4052, #2503, #19 ),
 ( #503, #3547, #1026, #6052, #6143, #3616, #3100, #6097, #4635, #4122, #524 ),
 ( #5543, #2592, #3015, #4587, #3055, #3523, #2080, #5048, #4030, #5565, #87 ),
 ( #1091, #5631, #3078, #568, #41, #1607, #5143, #3571, #546, #4562, #1005 ),
 ( #4099, #1535, #4542, #1513, #1558, #1583, #2530, #4609, #5114, #4073, #5072 ) ),
 .UNSPECIFIED., .T., .F., .F. ) 
 B_SPLINE_SURFACE_WITH_KNOTS ( ( 4, 3, 4 ),
 ( 4, 1, 1, 1, 1, 1, 1, 1, 4 ),
 ( 0.0000000000000000000, 0.5000000000000000000, 1.000000000000000000 ),
 ( 0.0000000000000000000, 0.1309596317701286200, 0.2703843856125739400, 0.4155301728200250800, 0.5628700821170533600, 0.6778522134162822100, 0.7899982289276533700, 0.8977704429180358700, 1.000000000000000000 ),
 .UNSPECIFIED. ) 
 GEOMETRIC_REPRESENTATION_ITEM ( )  RATIONAL_B_SPLINE_SURFACE ( (
 ( 1.000000000000000000, 1.000000000000000000, 1.000000000000000200, 0.9999999999999996700, 1.000000000000000200, 1.000000000000000000, 1.000000000000000000, 1.000000000000000200, 1.000000000000000000, 1.000000000000000000, 1.000000000000000000),
 ( 0.3333333333333333700, 0.3333333333333333700, 0.3333333333333334300, 0.3333333333333332600, 0.3333333333333333700, 0.3333333333333334300, 0.3333333333333333700, 0.3333333333333334800, 0.3333333333333333100, 0.3333333333333333700, 0.3333333333333333700),
 ( 0.3333333333333333700, 0.3333333333333333700, 0.3333333333333334300, 0.3333333333333332600, 0.3333333333333333700, 0.3333333333333334300, 0.3333333333333333700, 0.3333333333333334800, 0.3333333333333333100, 0.3333333333333333700, 0.3333333333333333700),
 ( 1.000000000000000000, 1.000000000000000000, 1.000000000000000200, 0.9999999999999996700, 1.000000000000000200, 1.000000000000000000, 1.000000000000000000, 1.000000000000000200, 1.000000000000000000, 1.000000000000000000, 1.000000000000000000),
 ( 0.3333333333333333700, 0.3333333333333333700, 0.3333333333333334300, 0.3333333333333332600, 0.3333333333333333700, 0.3333333333333334300, 0.3333333333333333700, 0.3333333333333334800, 0.3333333333333333100, 0.3333333333333333700, 0.3333333333333333700),
 ( 0.3333333333333333700, 0.3333333333333333700, 0.3333333333333334300, 0.3333333333333332600, 0.3333333333333333700, 0.3333333333333334300, 0.3333333333333333700, 0.3333333333333334800, 0.3333333333333333100, 0.3333333333333333700, 0.3333333333333333700),
 ( 1.000000000000000000, 1.000000000000000000, 1.000000000000000200, 0.9999999999999996700, 1.000000000000000200, 1.000000000000000000, 1.000000000000000000, 1.000000000000000200, 1.000000000000000000, 1.000000000000000000, 1.000000000000000000) ) ) 
 REPRESENTATION_ITEM ( '' )  SURFACE ( )  );
#100 = CARTESIAN_POINT ( 'NONE',  ( 2711.550884054929200, 582.4101147511721600, -20.14617331116454200 ) ) ;
#101 = CARTESIAN_POINT ( 'NONE',  ( 2903.514388388657200, -178.7174003328964600, -0.2654667955697577700 ) ) ;
#102 = CARTESIAN_POINT ( 'NONE',  ( -243.9634915735199500, 231.8503864156305100, -113.5700021871935700 ) ) ;
#103 = CARTESIAN_POINT ( 'NONE',  ( 1555.123115694395700, -615.6933206449638200, 348.7013481798354100 ) ) ;
#104 = CARTESIAN_POINT ( 'NONE',  ( 455.0689590459606400, 195.5305283352176100, -513.9436749182651700 ) ) ;
#105 = CARTESIAN_POINT ( 'NONE',  ( -69.02626168942754200, 80.38307335020076000, -163.4217782815923100 ) ) ;
#106 = CARTESIAN_POINT ( 'NONE',  ( 950.8043991243309800, -218.7434534268286900, -139.2649882814101300 ) ) ;
#107 = CARTESIAN_POINT ( 'NONE',  ( -97.89500828681958900, 17.85025309766476900, 85.91625391955108200 ) ) ;
#108 = CARTESIAN_POINT ( 'NONE',  ( 2362.918088892880000, -582.1190373266092600, 27.29175537969043200 ) ) ;
#109 = CARTESIAN_POINT ( 'NONE',  ( -262.7452775920335700, 290.0580568530284600, -198.6777350544388700 ) ) ;
#110 = EDGE_CURVE ( 'NONE', #2373, #5150, #3614, .T. ) ;
#111 = CARTESIAN_POINT ( 'NONE',  ( 495.8710903151130100, 420.6873633871350600, -57.63897046587885600 ) ) ;
#112 = CARTESIAN_POINT ( 'NONE',  ( 657.8625197003374300, 74.14812383733365700, 443.5825660819169200 ) ) ;
#113 = CARTESIAN_POINT ( 'NONE',  ( 88.36558040390535500, -394.5761393661123900, -107.0067395649380700 ) ) ;
#114 = CARTESIAN_POINT ( 'NONE',  ( 1123.410086841770400, 369.6995623536938100, 208.8597130810748300 ) ) ;
#115 = CARTESIAN_POINT ( 'NONE',  ( 1111.021792791997500, 356.7518453521952900, 199.6740930741121900 ) ) ;
#116 = CARTESIAN_POINT ( 'NONE',  ( 388.0360968571549200, 299.0570822775184800, -472.5697815000235700 ) ) ;
#117 = CARTESIAN_POINT ( 'NONE',  ( 74.32948380835650000, 223.0500988841392000, -55.98523330262157300 ) ) ;
#118 = CARTESIAN_POINT ( 'NONE',  ( 2377.784325168089700, 46.84705483488914300, -447.2901844942763900 ) ) ;
#119 = CARTESIAN_POINT ( 'NONE',  ( 2977.237671862079900, 165.9021207346182800, -49.22189530060814600 ) ) ;
#120 = CARTESIAN_POINT ( 'NONE',  ( 818.0793251499775400, -121.5011669059694700, -586.1298540916797000 ) ) ;
#121 = CARTESIAN_POINT ( 'NONE',  ( 2770.423260791352300, 539.0417047859655200, -260.2781367235735400 ) ) ;
#122 = CARTESIAN_POINT ( 'NONE',  ( 154.9102183837228500, -351.8561434033824200, -464.5360315791938300 ) ) ;
#123 = CARTESIAN_POINT ( 'NONE',  ( 218.9543979933613100, 102.6764426042011300, -443.5327902788291700 ) ) ;
#124 = CARTESIAN_POINT ( 'NONE',  ( -262.7452775920334600, 74.14045727580928300, -550.1721767021091400 ) ) ;
#125 = CARTESIAN_POINT ( 'NONE',  ( 1921.316139903172400, 416.1859946219792600, 407.9178447688838100 ) ) ;
#126 = CARTESIAN_POINT ( 'NONE',  ( 317.6051919774894800, -500.5184489715281900, 298.4777502169372400 ) ) ;
#127 = CARTESIAN_POINT ( 'NONE',  ( 3046.406640221041900, -16.24566796821762400, -100.7149313812474800 ) ) ;
#128 = CARTESIAN_POINT ( 'NONE',  ( 95.07192497943364600, 61.53076200227338400, -287.9274183114362700 ) ) ;
#129 = CARTESIAN_POINT ( 'NONE',  ( 1067.037128215726600, 530.0258379957548400, 468.7680018437916900 ) ) ;
#130 = CARTESIAN_POINT ( 'NONE',  ( 524.7955203215131000, -142.5979745998137400, -531.0707136764743800 ) ) ;
#131 = CARTESIAN_POINT ( 'NONE',  ( 1345.922594795451000, 255.9200191741709300, 41.81593545958772800 ) ) ;
#132 = CARTESIAN_POINT ( 'NONE',  ( -215.2036529401385400, 199.4871561781539800, -99.59536920141803800 ) ) ;
#133 = CARTESIAN_POINT ( 'NONE',  ( 2502.371208313311400, -156.6858310642653900, 561.2993511281530300 ) ) ;
#134 = CARTESIAN_POINT ( 'NONE',  ( 114.0863099753203500, 40.36787017921884800, -252.9820340649637300 ) ) ;
#135 = CARTESIAN_POINT ( 'NONE',  ( 471.9248840879378700, -448.7134743131605300, 30.31221430427568100 ) ) ;
#136 = CARTESIAN_POINT ( 'NONE',  ( 1808.287385317118200, 351.7441527592567400, 208.3691259644004400 ) ) ;
#137 = CARTESIAN_POINT ( 'NONE',  ( 1867.160394000341700, 421.4848395733090500, 51.48293470015357800 ) ) ;
#138 = CARTESIAN_POINT ( 'NONE',  ( 599.6940737692442600, 154.5016581032228900, -378.5110712648825600 ) ) ;
#139 = CARTESIAN_POINT ( 'NONE',  ( 899.3639966802279600, 432.4071703038652600, 354.6554617269706600 ) ) ;
#140 = CARTESIAN_POINT ( 'NONE',  ( 112.2238012208886200, 5.739666714001733900, -313.8871706164752600 ) ) ;
#141 = CARTESIAN_POINT ( 'NONE',  ( 2331.299996475114800, 224.0884589704357100, -389.9329603785836900 ) ) ;
#142 = CARTESIAN_POINT ( 'NONE',  ( 3190.246333601067400, -209.6523863801781700, 76.27085142124920500 ) ) ;
#143 = CARTESIAN_POINT ( 'NONE',  ( 864.5640509548079500, -348.6018625825768700, -486.6077777408892200 ) ) ;
#144 = CARTESIAN_POINT ( 'NONE',  ( 95.09375700240279600, -740.0721081351215400, 111.2182419157909400 ) ) ;
#145 = CARTESIAN_POINT ( 'NONE',  ( 776.7668001084047100, 457.5462883529790500, -30.71749912253791900 ) ) ;
#146 = CARTESIAN_POINT ( 'NONE',  ( -74.32948380835655700, 139.0676575517168200, -233.8789887738441300 ) ) ;
#147 = CARTESIAN_POINT ( 'NONE',  ( 61.94123650696374700, 213.6767058318305900, -68.58968059316188700 ) ) ;
#148 = CARTESIAN_POINT ( 'NONE',  ( 95.07192497943366000, 61.98415244450506400, -291.2725963511993000 ) ) ;
#149 = CARTESIAN_POINT ( 'NONE',  ( 1880.514080424407200, 677.1339868174885600, -205.3299897570987300 ) ) ;
#150 = CARTESIAN_POINT ( 'NONE',  ( 1105.850453990153900, 396.4971611974475500, -381.0004166280697900 ) ) ;
#151 = FACE_OUTER_BOUND ( 'NONE', #3642, .T. ) ;
#152 = CARTESIAN_POINT ( 'NONE',  ( 2923.718066291639800, -130.4059901587794200, -30.13438746711416300 ) ) ;
#153 = CARTESIAN_POINT ( 'NONE',  ( 2531.273862168979600, -128.3633096699013800, 225.3140565982915000 ) ) ;
#154 = CARTESIAN_POINT ( 'NONE',  ( 462.7410479032104700, 701.1539836426492200, -95.15493056197789200 ) ) ;
#155 = CARTESIAN_POINT ( 'NONE',  ( 114.0863099753203300, 43.45261146588867300, -251.5273452286506000 ) ) ;
#156 = CARTESIAN_POINT ( 'NONE',  ( 774.7773058541245100, -372.2347539652482700, -204.3071616281586400 ) ) ;
#157 = CARTESIAN_POINT ( 'NONE',  ( 960.0107739450492100, 117.3077393764959600, -434.1676796494634800 ) ) ;
#158 = ORIENTED_EDGE ( 'NONE', *, *, #6346, .T. ) ;
#159 = CARTESIAN_POINT ( 'NONE',  ( 1506.139375443380000, -406.5653389248040000, -42.96534603841704600 ) ) ;
#160 = ADVANCED_FACE ( 'NONE', ( #6083 ), #3977, .T. ) ;
#161 = CARTESIAN_POINT ( 'NONE',  ( 937.4726962839844200, -244.0907298006166300, 347.4475639389448200 ) ) ;
#162 = CARTESIAN_POINT ( 'NONE',  ( 413.7562583844258500, 361.5446411534758800, 190.8587028658016300 ) ) ;
#163 = CARTESIAN_POINT ( 'NONE',  ( 2913.058602738322900, -233.2286537912502500, 51.59361534767946700 ) ) ;
#164 = CARTESIAN_POINT ( 'NONE',  ( 1131.786174194110600, 95.44811906368853700, -551.0420845059535400 ) ) ;
#165 = CARTESIAN_POINT ( 'NONE',  ( -90.20932942469555400, 56.76796176595199500, -164.7895923179296200 ) ) ;
#166 = CARTESIAN_POINT ( 'NONE',  ( 960.0107739450492100, 117.3077393764959600, -434.1676796494634800 ) ) ;
#167 = CARTESIAN_POINT ( 'NONE',  ( 3007.979811547152600, -43.32488647793927300, -65.51316065832412500 ) ) ;
#168 = CARTESIAN_POINT ( 'NONE',  ( 1956.947026913619500, 504.3649266843755200, 322.3761499941147700 ) ) ;
#169 = CARTESIAN_POINT ( 'NONE',  ( 2793.665743714487200, 473.4467972459276600, -366.2764891557811800 ) ) ;
#170 = CARTESIAN_POINT ( 'NONE',  ( 823.2513242880929700, 405.8458161266517500, -213.4993353561740700 ) ) ;
#171 = CARTESIAN_POINT ( 'NONE',  ( 1129.092532416243800, 308.9903436265274800, -454.8579633378871000 ) ) ;
#172 = CARTESIAN_POINT ( 'NONE',  ( 2409.402136504958900, -521.1196201869274800, 260.8487283501772300 ) ) ;
#173 = CARTESIAN_POINT ( 'NONE',  ( 297.5452898272615700, 17.15485778854517200, 408.4694789234628200 ) ) ;
#174 = EDGE_LOOP ( 'NONE', ( #1959, #3403, #4983, #5232 ) ) ;
#175 = CARTESIAN_POINT ( 'NONE',  ( 218.9543979933611700, 139.7211787372338000, -168.0380380775823100 ) ) ;
#176 = CARTESIAN_POINT ( 'NONE',  ( 2717.232607401382200, 34.79236044220343900, -706.7275669140431100 ) ) ;
#177 = CARTESIAN_POINT ( 'NONE',  ( 2221.475459579842200, -118.0028039305214900, 537.0722884073940100 ) ) ;
#178 = CARTESIAN_POINT ( 'NONE',  ( 95.07192497943364600, 45.98724821414788300, -294.0825109829851800 ) ) ;
#179 = CARTESIAN_POINT ( 'NONE',  ( 2913.058602738323300, -223.9190532165985700, 46.14064577414685400 ) ) ;
#180 = CARTESIAN_POINT ( 'NONE',  ( 1183.248654015149700, 671.8909787548088800, -221.8861458994272200 ) ) ;
#181 = CARTESIAN_POINT ( 'NONE',  ( 262.7452775920332900, 198.5357467272688700, -312.2248057046767300 ) ) ;
#182 = ORIENTED_EDGE ( 'NONE', *, *, #442, .T. ) ;
#183 = CARTESIAN_POINT ( 'NONE',  ( 257.7666874892793800, -284.7181058305436100, -94.39365268768351300 ) ) ;
#184 = CARTESIAN_POINT ( 'NONE',  ( 1843.918099687140100, 401.6832913871735400, 137.6610799313704400 ) ) ;
#185 = CARTESIAN_POINT ( 'NONE',  ( 3065.844803886348900, -241.3563352474930600, -92.63966934602724700 ) ) ;
#186 = CARTESIAN_POINT ( 'NONE',  ( 1692.076702687954100, -2.908262110516520900, 408.8191012601139400 ) ) ;
#187 = CARTESIAN_POINT ( 'NONE',  ( 2192.550946324452500, -399.9637200178939300, -142.5799426460466200 ) ) ;
#188 = CARTESIAN_POINT ( 'NONE',  ( 158.0921501233519300, -382.4721521003311300, 144.4184304399399500 ) ) ;
#189 = CARTESIAN_POINT ( 'NONE',  ( 2913.058602738347400, -307.8531166490925000, 69.73910233162368400 ) ) ;
#190 = CARTESIAN_POINT ( 'NONE',  ( 1526.903082314376000, 129.3778304381388000, 544.0753100341223700 ) ) ;
#191 = CARTESIAN_POINT ( 'NONE',  ( 38.77740138139175500, 114.1125600385031200, 29.96585250757127400 ) ) ;
#192 = CARTESIAN_POINT ( 'NONE',  ( 1982.667202801735400, -219.2865343786994300, 392.6535913269536900 ) ) ;
#193 = CARTESIAN_POINT ( 'NONE',  ( 3128.021748429783200, -200.2693637265524800, -114.1285236644537900 ) ) ;
#194 = CARTESIAN_POINT ( 'NONE',  ( 1631.556132798190400, -562.7428645732287600, -204.0365869345136500 ) ) ;
#195 =( BOUNDED_SURFACE ( )  B_SPLINE_SURFACE ( 3, 3, ( 
 ( #5475, #6006, #2434, #435, #6517, #3981, #5985, #5558, #3031, #2521, #3497 ),
 ( #12, #1465, #977, #5535, #473, #4000, #4515, #1484, #3962, #1507, #4476 ),
 ( #2457, #937, #6556, #3518, #5041, #4536, #2010, #2073, #2638, #4166, #5625 ),
 ( #57, #3565, #5108, #107, #3586, #3050, #540, #586, #4140, #2124, #610 ),
 ( #2584, #2564, #4067, #79, #1084, #6137, #6191, #1626, #6162, #2612, #4116 ),
 ( #3145, #3095, #4603, #132, #1551, #1139, #3662, #1041, #6089, #562, #4655 ),
 ( #3117, #3609, #636, #1529, #4626, #1600, #4092, #4577, #5133, #3636, #1063 ) ),
 .UNSPECIFIED., .T., .F., .F. ) 
 B_SPLINE_SURFACE_WITH_KNOTS ( ( 4, 3, 4 ),
 ( 4, 1, 1, 1, 1, 1, 1, 1, 4 ),
 ( 0.0000000000000000000, 0.5000000000000000000, 1.000000000000000000 ),
 ( 0.0000000000000000000, 0.1309596317701286200, 0.2703843856125739400, 0.4155301728200250800, 0.5628700821170533600, 0.6778522134162822100, 0.7899982289276533700, 0.8977704429180358700, 1.000000000000000000 ),
 .UNSPECIFIED. ) 
 GEOMETRIC_REPRESENTATION_ITEM ( )  RATIONAL_B_SPLINE_SURFACE ( (
 ( 1.000000000000000000, 1.000000000000000000, 1.000000000000000200, 0.9999999999999996700, 1.000000000000000200, 1.000000000000000000, 1.000000000000000000, 1.000000000000000200, 1.000000000000000000, 1.000000000000000000, 1.000000000000000000),
 ( 0.3333333333333333700, 0.3333333333333333700, 0.3333333333333334300, 0.3333333333333332600, 0.3333333333333333700, 0.3333333333333334300, 0.3333333333333333700, 0.3333333333333334800, 0.3333333333333333100, 0.3333333333333333700, 0.3333333333333333700),
 ( 0.3333333333333333700, 0.3333333333333333700, 0.3333333333333334300, 0.3333333333333332600, 0.3333333333333333700, 0.3333333333333334300, 0.3333333333333333700, 0.3333333333333334800, 0.3333333333333333100, 0.3333333333333333700, 0.3333333333333333700),
 ( 1.000000000000000000, 1.000000000000000000, 1.000000000000000200, 0.9999999999999996700, 1.000000000000000200, 1.000000000000000000, 1.000000000000000000, 1.000000000000000200, 1.000000000000000000, 1.000000000000000000, 1.000000000000000000),
 ( 0.3333333333333333700, 0.3333333333333333700, 0.3333333333333334300, 0.3333333333333332600, 0.3333333333333333700, 0.3333333333333334300, 0.3333333333333333700, 0.3333333333333334800, 0.3333333333333333100, 0.3333333333333333700, 0.3333333333333333700),
 ( 0.3333333333333333700, 0.3333333333333333700, 0.3333333333333334300, 0.3333333333333332600, 0.3333333333333333700, 0.3333333333333334300, 0.3333333333333333700, 0.3333333333333334800, 0.3333333333333333100, 0.3333333333333333700, 0.3333333333333333700),
 ( 1.000000000000000000, 1.000000000000000000, 1.000000000000000200, 0.9999999999999996700, 1.000000000000000200, 1.000000000000000000, 1.000000000000000000, 1.000000000000000200, 1.000000000000000000, 1.000000000000000000, 1.000000000000000000) ) ) 
 REPRESENTATION_ITEM ( '' )  SURFACE ( )  );
#196 = CARTESIAN_POINT ( 'NONE',  ( 2.124352961820474400, -579.4475513949055300, -473.6815015683727700 ) ) ;
#197 = CARTESIAN_POINT ( 'NONE',  ( 1148.641821149243900, -442.7620824603704900, 119.3900773991174000 ) ) ;
#198 = CARTESIAN_POINT ( 'NONE',  ( 1338.272205314033000, -526.9357064489736300, -157.1925555229881900 ) ) ;
#199 = CARTESIAN_POINT ( 'NONE',  ( 2913.058602738476600, -238.5599280058694900, 56.16150394498585300 ) ) ;
#200 = CARTESIAN_POINT ( 'NONE',  ( 1389.928023217614100, -167.6000359438040700, -372.8965830363492800 ) ) ;
#201 = CARTESIAN_POINT ( 'NONE',  ( -218.9543979933612300, 281.0123021669415900, -201.0509253345645400 ) ) ;
#202 = CARTESIAN_POINT ( 'NONE',  ( -33.01696215397312500, -549.5961619764589200, -17.70365650742907000 ) ) ;
#203 = CARTESIAN_POINT ( 'NONE',  ( 2430.655139814070000, 547.6317725305995100, -49.70623447393799700 ) ) ;
#204 = CARTESIAN_POINT ( 'NONE',  ( 1517.823240201829500, 449.5250472672966600, -13.77565954603893800 ) ) ;
#205 = CARTESIAN_POINT ( 'NONE',  ( 3089.085813263929100, -250.6571801311471000, -76.77828447690213000 ) ) ;
#206 = CARTESIAN_POINT ( 'NONE',  ( 509.2246456582401500, 602.4413472824173800, -371.1269421595119400 ) ) ;
#207 = CARTESIAN_POINT ( 'NONE',  ( -262.7452775920334600, 199.3160147699520100, -87.90057180780051700 ) ) ;
#208 = CARTESIAN_POINT ( 'NONE',  ( 914.2304167421048100, -310.7586711241626700, 289.3599569291124600 ) ) ;
#209 = CARTESIAN_POINT ( 'NONE',  ( 2926.391159159984500, 29.20629163941879700, -257.6576567525245300 ) ) ;
#210 = CARTESIAN_POINT ( 'NONE',  ( 1901.256415074652100, 390.6080052385162800, -120.6933577463092500 ) ) ;
#211 = CARTESIAN_POINT ( 'NONE',  ( 2750.363497391439100, 20.33625789955811000, -424.1293910252187500 ) ) ;
#212 = CARTESIAN_POINT ( 'NONE',  ( 65.12351535025928200, -363.8638588967555200, -186.4063056658902400 ) ) ;
#213 = CARTESIAN_POINT ( 'NONE',  ( 3070.071511053649400, -291.6893635921281900, -72.89873928193836200 ) ) ;
#214 = CARTESIAN_POINT ( 'NONE',  ( 1503.661003696634200, 13.88868573812979400, 559.0742720035025300 ) ) ;
#215 = CARTESIAN_POINT ( 'NONE',  ( -224.6634315393582700, 239.4270098524202400, -119.5479140995392300 ) ) ;
#216 = CARTESIAN_POINT ( 'NONE',  ( 1401.612386687847200, 238.2551164868797600, 381.4411993664335200 ) ) ;
#217 = CARTESIAN_POINT ( 'NONE',  ( 3090.417687956871800, -40.43782390317360900, 117.3001348449571300 ) ) ;
#218 = CARTESIAN_POINT ( 'NONE',  ( 2979.602993392509700, -411.0963741620701100, -435.2005140187731600 ) ) ;
#219 = CARTESIAN_POINT ( 'NONE',  ( 1443.140476534673100, -711.0548669455747600, -233.4018687377280800 ) ) ;
#220 = CARTESIAN_POINT ( 'NONE',  ( 2221.475459579842200, -118.0028039305214900, 537.0722884073940100 ) ) ;
#221 = CARTESIAN_POINT ( 'NONE',  ( 61.94123650696378300, 152.7444386631255500, -557.3377225703794700 ) ) ;
#222 = CARTESIAN_POINT ( 'NONE',  ( 1878.013947498598600, 407.1357685713230700, -37.17671308565631000 ) ) ;
#223 = CARTESIAN_POINT ( 'NONE',  ( -218.9543979933612500, 199.9430870442494100, -494.5789943608194200 ) ) ;
#224 = CARTESIAN_POINT ( 'NONE',  ( -211.2071883740445600, 52.55869081909685300, -541.1471001834013400 ) ) ;
#225 = CARTESIAN_POINT ( 'NONE',  ( 2105.264340376563700, -523.4342217909509100, 168.4848448031590600 ) ) ;
#226 = CARTESIAN_POINT ( 'NONE',  ( 2075.635726522336000, 143.6726650090266700, 426.1697350400549500 ) ) ;
#227 = CARTESIAN_POINT ( 'NONE',  ( -75.23870068522330700, 101.6888665078657000, -200.2319254113394300 ) ) ;
#228 = CARTESIAN_POINT ( 'NONE',  ( 1681.222561440336200, -92.54819698102512900, 414.4092079586452000 ) ) ;
#229 = CARTESIAN_POINT ( 'NONE',  ( 855.3578526468928700, -385.9010660686927800, 134.9886644695433800 ) ) ;
#230 = CARTESIAN_POINT ( 'NONE',  ( 2541.183791378416600, 398.1839155192730000, 147.4773359526423300 ) ) ;
#231 = CARTESIAN_POINT ( 'NONE',  ( 1436.412816951515700, -304.3347994553799900, -272.9866725961280700 ) ) ;
#232 = CARTESIAN_POINT ( 'NONE',  ( 3070.071644902612200, -296.3675979039658200, -56.40152470911091600 ) ) ;
#233 = CARTESIAN_POINT ( 'NONE',  ( 2270.653128918921100, 327.7383367627722900, 453.1492808127183600 ) ) ;
#234 = CARTESIAN_POINT ( 'NONE',  ( -213.2031967198856800, 239.9406399969680900, -119.9531653021690800 ) ) ;
#235 = CARTESIAN_POINT ( 'NONE',  ( 306.7516230712129200, -566.8483361522770600, 192.3365213667921400 ) ) ;
#236 = CARTESIAN_POINT ( 'NONE',  ( 2923.718066291639800, -130.4059901587794200, -30.13438746711416300 ) ) ;
#237 = CARTESIAN_POINT ( 'NONE',  ( 1980.188897023553000, 560.1966539528076500, 210.9270271562255100 ) ) ;
#238 = CARTESIAN_POINT ( 'NONE',  ( 885.3281674747844400, -429.7598186464196600, 612.6843284043868600 ) ) ;
#239 = CARTESIAN_POINT ( 'NONE',  ( 2291.202019929882700, 218.9795694710372800, 504.3998827945291100 ) ) ;
#240 = CARTESIAN_POINT ( 'NONE',  ( 2913.058602738402000, -414.8524180914482100, -24.71910555930741500 ) ) ;
#241 = CARTESIAN_POINT ( 'NONE',  ( 2133.678375752125700, -297.5436869918284500, -280.3732969205333300 ) ) ;
#242 = CARTESIAN_POINT ( 'NONE',  ( 218.9543979933612800, 121.7196860984684600, -435.1314626153355200 ) ) ;
#243 = CARTESIAN_POINT ( 'NONE',  ( 199.4050750355121400, 255.4919475494118900, 486.9239428048782100 ) ) ;
#244 = CARTESIAN_POINT ( 'NONE',  ( 2546.865935460674800, 232.8088452399169100, -498.1676702093622000 ) ) ;
#245 = CARTESIAN_POINT ( 'NONE',  ( -97.89500828681957500, 17.85025309766476900, 85.91625391955106700 ) ) ;
#246 = FACE_OUTER_BOUND ( 'NONE', #6349, .T. ) ;
#247 = CARTESIAN_POINT ( 'NONE',  ( -74.32948380835657100, 158.7932646480971100, -297.0989455679732000 ) ) ;
#248 = CARTESIAN_POINT ( 'NONE',  ( 2938.290200448566300, 373.4202333184944100, -266.1753615955107600 ) ) ;
#249 = CARTESIAN_POINT ( 'NONE',  ( 1820.675684611383800, 364.4625420738277600, 217.8697246621627800 ) ) ;
#250 = CARTESIAN_POINT ( 'NONE',  ( -4.603042044756242600, -185.4711216155859300, -364.2869183674102900 ) ) ;
#251 = CARTESIAN_POINT ( 'NONE',  ( 2528.795548898733200, 383.9413992269713300, 140.4651414336964900 ) ) ;
#252 = ORIENTED_EDGE ( 'NONE', *, *, #1919, .T. ) ;
#253 = CARTESIAN_POINT ( 'NONE',  ( 2494.699381346197200, 304.2596785729984400, 296.1858475686171300 ) ) ;
#254 = CARTESIAN_POINT ( 'NONE',  ( 2226.646765834829200, -407.5613246371224800, 32.17774041687190600 ) ) ;
#255 = DIRECTION ( 'NONE',  ( -1.000000000000000000, -0.0000000000000000000, -0.0000000000000000000 ) ) ;
#256 = CARTESIAN_POINT ( 'NONE',  ( 2363.621914895076300, 555.8572839616513200, 61.47843548652371500 ) ) ;
#257 = CARTESIAN_POINT ( 'NONE',  ( 260.2668605273730100, -596.1613532927333400, -53.87492320917659300 ) ) ;
#258 = CARTESIAN_POINT ( 'NONE',  ( 3046.406640221041900, -16.24566796821762400, -100.7149313812474800 ) ) ;
#259 = CARTESIAN_POINT ( 'NONE',  ( 2096.400152090582200, 464.3153029767135000, -377.7851954533827600 ) ) ;
#260 = ORIENTED_EDGE ( 'NONE', *, *, #3838, .T. ) ;
#261 = CARTESIAN_POINT ( 'NONE',  ( 2024.194752524169200, -138.3820830742085100, -735.4766892092729900 ) ) ;
#262 = CARTESIAN_POINT ( 'NONE',  ( 2430.655139814070000, 547.6317725305995100, -49.70623447393799700 ) ) ;
#263 = CARTESIAN_POINT ( 'NONE',  ( 2913.058602738370600, -333.1712541960878300, 64.45142699005596400 ) ) ;
#264 = CARTESIAN_POINT ( 'NONE',  ( 1933.704366878646400, 426.6608996088550000, 419.8466804789216000 ) ) ;
#265 = CARTESIAN_POINT ( 'NONE',  ( 1738.560823647652800, 163.0113932353458800, 374.9252281212895900 ) ) ;
#266 = CARTESIAN_POINT ( 'NONE',  ( -218.9543979933612300, 290.9775419209220200, -361.4898529039251100 ) ) ;
#267 = CARTESIAN_POINT ( 'NONE',  ( 2624.264683060045200, 547.0135376151660000, -448.8290394928284900 ) ) ;
#268 = CARTESIAN_POINT ( 'NONE',  ( 1500.967409790975400, -214.3149041061738600, 506.3985458202254800 ) ) ;
#269 = CARTESIAN_POINT ( 'NONE',  ( 3049.329676713991400, -583.7598392864971400, -111.2394574081372300 ) ) ;
#270 = CARTESIAN_POINT ( 'NONE',  ( -74.32948380835657100, 72.84742819717213500, -398.3207102160999400 ) ) ;
#271 = CARTESIAN_POINT ( 'NONE',  ( 3100.985671105257100, -223.3209681645559500, -400.6433505597909700 ) ) ;
#272 = CARTESIAN_POINT ( 'NONE',  ( 2146.066615849345500, -307.8714397218545900, -292.4297461168197900 ) ) ;
#273 = CARTESIAN_POINT ( 'NONE',  ( 529.9675086095954800, 346.9479587843613900, -216.2602817013007300 ) ) ;
#274 = AXIS2_PLACEMENT_3D ( 'NONE', #1610, #2670, #1635 ) ;
#275 = CARTESIAN_POINT ( 'NONE',  ( 2691.490778152359300, 181.9282168362507500, -366.1195683191027700 ) ) ;
#276 = CARTESIAN_POINT ( 'NONE',  ( 2552.037681493310200, 404.7084768517382300, 57.90094826484153100 ) ) ;
#277 = CARTESIAN_POINT ( 'NONE',  ( 2879.928489445221200, -671.8785960022498800, 98.13930248884256000 ) ) ;
#278 = CARTESIAN_POINT ( 'NONE',  ( 1317.723383585706200, -557.7431081165262900, -40.97732391752701600 ) ) ;
#279 = CARTESIAN_POINT ( 'NONE',  ( 167.2985129445814900, -360.4724267804612600, -477.8723943021237800 ) ) ;
#280 = CARTESIAN_POINT ( 'NONE',  ( 2913.058602738323300, -223.9190532165985400, 46.14064577414684000 ) ) ;
#281 = CARTESIAN_POINT ( 'NONE',  ( 2723.939187007264500, 598.2723517089405000, -19.50730681129005000 ) ) ;
#282 = CARTESIAN_POINT ( 'NONE',  ( 1652.320092262955500, -7.760716487764831600, 748.3416242525878500 ) ) ;
#283 = CARTESIAN_POINT ( 'NONE',  ( 356.4179857565113700, 186.6917869077187800, 381.3741909471208400 ) ) ;
#284 = CARTESIAN_POINT ( 'NONE',  ( 2723.939187007264500, 598.2723517089405000, -19.50730681129005000 ) ) ;
#285 = CARTESIAN_POINT ( 'NONE',  ( 994.8109940705564900, 7.125442083486890800, 408.7674051819816400 ) ) ;
#286 = CARTESIAN_POINT ( 'NONE',  ( -61.94123650696380400, 171.8851068568388600, -269.8945515301224400 ) ) ;
#287 = CARTESIAN_POINT ( 'NONE',  ( 803.7017683237469300, -201.8226977343422000, 511.5055059134405700 ) ) ;
#288 = CARTESIAN_POINT ( 'NONE',  ( -15.45675980767026500, -109.4079797478691500, -410.1956625905695500 ) ) ;
#289 = CARTESIAN_POINT ( 'NONE',  ( 3237.745166094160600, -210.6847626369851100, 66.23943946816196200 ) ) ;
#290 = CARTESIAN_POINT ( 'NONE',  ( 466.9464249872178200, -3.997943814059236700, 299.9360066010466400 ) ) ;
#291 = CARTESIAN_POINT ( 'NONE',  ( 689.4804973249603100, 432.6705705973429900, -390.3891843834536500 ) ) ;
#292 = CARTESIAN_POINT ( 'NONE',  ( 2239.035064234403800, -423.4302085937501400, 31.73354648527180900 ) ) ;
#293 = CARTESIAN_POINT ( 'NONE',  ( 181.3346759916797700, -344.2680071289934700, 220.5015766471021300 ) ) ;
#294 = CARTESIAN_POINT ( 'NONE',  ( 2668.248688706655200, 253.8110142800839500, -320.5018456721152200 ) ) ;
#295 = CARTESIAN_POINT ( 'NONE',  ( 3036.941380284148200, -534.7770930882977600, 94.52246412996379400 ) ) ;
#296 = CARTESIAN_POINT ( 'NONE',  ( 1389.928023217614100, -167.6000359438040700, -372.8965830363492800 ) ) ;
#297 = CARTESIAN_POINT ( 'NONE',  ( 2935.596858916025700, 441.6291442968916400, -85.01173730203650800 ) ) ;
#298 = CARTESIAN_POINT ( 'NONE',  ( 2900.670323285990000, -232.5574561332275000, 33.02158381743285500 ) ) ;
#299 = CARTESIAN_POINT ( 'NONE',  ( 2189.368556014889700, 31.89533209620423200, -597.7400912197016400 ) ) ;
#300 = CARTESIAN_POINT ( 'NONE',  ( 1164.234322424581300, 710.1619504407572100, -236.1048967073333500 ) ) ;
#301 = CARTESIAN_POINT ( 'NONE',  ( 821.2619938850186800, -423.0941575160816200, -35.93430701073204100 ) ) ;
#302 = CARTESIAN_POINT ( 'NONE',  ( 2468.274768929596600, -381.6919916102346000, 461.1093042718352400 ) ) ;
#303 = CARTESIAN_POINT ( 'NONE',  ( 764.8670442418564300, 160.0349822830125700, -204.0400267514923200 ) ) ;
#304 = CARTESIAN_POINT ( 'NONE',  ( 3237.745166094162400, -433.7580453248643800, -105.8468078484263200 ) ) ;
#305 = CARTESIAN_POINT ( 'NONE',  ( 728.2929883516811700, -257.5069977802110700, -337.6244238629619200 ) ) ;
#306 = CARTESIAN_POINT ( 'NONE',  ( 3049.027623638741700, -147.3664283436119400, 200.7589535212384200 ) ) ;
#307 = CARTESIAN_POINT ( 'NONE',  ( -74.32948380835655700, 155.7039187378335900, -321.2351110029808300 ) ) ;
#308 = CARTESIAN_POINT ( 'NONE',  ( 978.2753440339637300, -297.1913287805816700, -40.68221700882590100 ) ) ;
#309 = CIRCLE ( 'NONE', #5729, 99.99999999999987200 ) ;
#310 = CARTESIAN_POINT ( 'NONE',  ( -61.94123650696380400, 85.45494405054934400, -413.5030687041288500 ) ) ;
#311 = CARTESIAN_POINT ( 'NONE',  ( 2868.563635720512600, 458.5660772464433400, 3.025025389571137400 ) ) ;
#312 = EDGE_CURVE ( 'NONE', #1276, #4660, #1663, .T. ) ;
#313 = CARTESIAN_POINT ( 'NONE',  ( 2913.058602738325600, -416.2739075224484400, -66.47794835451715300 ) ) ;
#314 = CARTESIAN_POINT ( 'NONE',  ( 1645.592490735448100, -168.3289443351968900, 372.5678028375854800 ) ) ;
#315 = CARTESIAN_POINT ( 'NONE',  ( 3193.954439426108400, -415.5441790092232800, 48.34520413196243300 ) ) ;
#316 = CARTESIAN_POINT ( 'NONE',  ( 1366.686257904445300, -86.73532517835759800, -399.5226840665077900 ) ) ;
#317 = CARTESIAN_POINT ( 'NONE',  ( 515.9312842738784200, 354.5470903849886200, 482.2931948414742500 ) ) ;
#318 = CARTESIAN_POINT ( 'NONE',  ( 2913.058602738323300, -223.9190532165985700, 46.14064577414685400 ) ) ;
#319 = EDGE_LOOP ( 'NONE', ( #332, #2132, #5467, #6492 ) ) ;
#320 = CARTESIAN_POINT ( 'NONE',  ( 862.0635821479404500, -114.4977820201001900, -277.2504080912075300 ) ) ;
#321 = CARTESIAN_POINT ( 'NONE',  ( -239.5027196259745200, -58.88890645262124900, -559.6568809366745000 ) ) ;
#322 = CARTESIAN_POINT ( 'NONE',  ( 449.3867119737771000, 407.9542018470962700, 117.7857756406480000 ) ) ;
#323 = CARTESIAN_POINT ( 'NONE',  ( 2282.337226751785200, -421.4766505999637600, -425.0507795349696500 ) ) ;
#324 = CARTESIAN_POINT ( 'NONE',  ( 485.9607106984921600, -6.994904593582130100, 259.2191678492538400 ) ) ;
#325 = CIRCLE ( 'NONE', #3318, 120.0000000000000100 ) ;
#326 = CARTESIAN_POINT ( 'NONE',  ( 216.9648834005340900, -303.5637082683479700, 296.8992418256731300 ) ) ;
#327 = CARTESIAN_POINT ( 'NONE',  ( 612.0823020960835900, 162.0333484207332000, -392.4858443243468300 ) ) ;
#328 = CARTESIAN_POINT ( 'NONE',  ( 1378.370121674003900, 154.0881971974077100, 422.5155524029920600 ) ) ;
#329 = CARTESIAN_POINT ( 'NONE',  ( 2712.255454550427700, -421.5740643452844600, 171.4702950856633100 ) ) ;
#330 = CARTESIAN_POINT ( 'NONE',  ( -120.8095745093960600, 287.3918496479452600, 82.60810571857351200 ) ) ;
#331 = CARTESIAN_POINT ( 'NONE',  ( 1373.391973404312200, 289.1812294915213200, -79.69865159972484000 ) ) ;
#332 = ORIENTED_EDGE ( 'NONE', *, *, #1453, .F. ) ;
#333 = DIRECTION ( 'NONE',  ( 0.0000000000000000000, 0.0000000000000000000, -1.000000000000000000 ) ) ;
#334 = CARTESIAN_POINT ( 'NONE',  ( 619.7539240058076800, 579.3501359978140500, -62.93621484225791800 ) ) ;
#335 = CARTESIAN_POINT ( 'NONE',  ( 1436.412816951515700, -304.3347994553799900, -272.9866725961280700 ) ) ;
#336 = CARTESIAN_POINT ( 'NONE',  ( 3052.629710145931300, -17.18362149596789800, -81.67520948253118700 ) ) ;
#337 = CARTESIAN_POINT ( 'NONE',  ( 3193.876210206158700, -260.1292937921663800, 100.1605231275336800 ) ) ;
#338 = VERTEX_POINT ( 'NONE', #3181 ) ;
#339 = CARTESIAN_POINT ( 'NONE',  ( 204.5766104344012300, -291.1353357904940800, 287.0222417120842200 ) ) ;
#340 = CARTESIAN_POINT ( 'NONE',  ( 1631.556132798190400, -562.7428645732287600, -204.0365869345136500 ) ) ;
#341 = CARTESIAN_POINT ( 'NONE',  ( 3187.478672477060200, -119.9999999999931600, -7.195403656638338000E-012 ) ) ;
#342 = CARTESIAN_POINT ( 'NONE',  ( 635.3241970297116300, 77.23214120077291500, -417.5348075209003600 ) ) ;
#343 = CARTESIAN_POINT ( 'NONE',  ( 1884.720584392999900, 43.70109200406747600, 296.7623868837046600 ) ) ;
#344 = CARTESIAN_POINT ( 'NONE',  ( 155.6142155425911800, 263.7720421806188800, 493.1345727797499300 ) ) ;
#345 = CARTESIAN_POINT ( 'NONE',  ( 379.6601430728482600, 261.6307607664482500, 334.4390350002054200 ) ) ;
#346 = CARTESIAN_POINT ( 'NONE',  ( 1794.251227736320100, -264.8205456823442300, 536.8247785381833000 ) ) ;
#347 = CARTESIAN_POINT ( 'NONE',  ( 207.0543912873234000, -149.1251171924785700, -212.3874731541802100 ) ) ;
#348 = CARTESIAN_POINT ( 'NONE',  ( 193.7229080096929300, -358.4725871293073900, 227.5903298629679900 ) ) ;
#349 = CARTESIAN_POINT ( 'NONE',  ( 1936.182603176759400, -359.5926840060019500, 270.1029186132419700 ) ) ;
#350 = CARTESIAN_POINT ( 'NONE',  ( 3049.329757801116100, -509.7604364581885600, 153.0229248814909800 ) ) ;
#351 = CARTESIAN_POINT ( 'NONE',  ( 76.75429628202131500, -105.7236030170950400, -225.9432977985222500 ) ) ;
#352 = CARTESIAN_POINT ( 'NONE',  ( 955.0324865534993300, -282.3212243110735900, -101.3526309604395000 ) ) ;
#353 = CARTESIAN_POINT ( 'NONE',  ( 218.9543979933612300, 177.8207636860509800, -203.2499855452478500 ) ) ;
#354 = CARTESIAN_POINT ( 'NONE',  ( 1224.050477905885600, 426.0714072374696000, 397.5813233591497400 ) ) ;
#355 = CARTESIAN_POINT ( 'NONE',  ( 1482.896990062017300, -388.8514147723306600, -126.2382971244439300 ) ) ;
#356 = CARTESIAN_POINT ( 'NONE',  ( -127.0435568143245900, 22.06250320313288100, -137.4071869632297800 ) ) ;
#357 = CARTESIAN_POINT ( 'NONE',  ( 2756.043801487958700, -370.8179902303334100, 183.5708068087208200 ) ) ;
#358 = CARTESIAN_POINT ( 'NONE',  ( 785.6312820181568700, -391.8323695501248400, -116.6574936225211600 ) ) ;
#359 = CARTESIAN_POINT ( 'NONE',  ( 748.3527651624875700, 244.8821128425994100, -546.2082793104893900 ) ) ;
#360 = CARTESIAN_POINT ( 'NONE',  ( 3164.335156332027100, 250.1667135893871400, -90.64947545561187800 ) ) ;
#361 = CARTESIAN_POINT ( 'NONE',  ( 74.32948380835648500, 249.8294634042912000, -516.0673710570571300 ) ) ;
#362 = CARTESIAN_POINT ( 'NONE',  ( 792.3370421485366300, 69.61711501734649200, -291.7721587794983400 ) ) ;
#363 = CARTESIAN_POINT ( 'NONE',  ( 2396.070784584294400, 279.2090770406411500, 694.3474050464092200 ) ) ;
#364 = CARTESIAN_POINT ( 'NONE',  ( 774.7773058541245100, -372.2347539652482700, -204.3071616281586400 ) ) ;
#365 = CARTESIAN_POINT ( 'NONE',  ( 420.4836449679076500, 746.4573014295972400, 53.63577785803785500 ) ) ;
#366 = CARTESIAN_POINT ( 'NONE',  ( 2575.279595916936200, 407.9254959631784900, -27.17393563126099600 ) ) ;
#367 = CARTESIAN_POINT ( 'NONE',  ( 333.1760408744870600, 103.6571321955121300, 411.7707511148897800 ) ) ;
#368 = CARTESIAN_POINT ( 'NONE',  ( 2907.376747956027900, 29.71420172290043000, -298.4824344667172800 ) ) ;
#369 = CARTESIAN_POINT ( 'NONE',  ( 1541.065520775182400, 436.9254868047418700, -106.5788273861284000 ) ) ;
#370 = CARTESIAN_POINT ( 'NONE',  ( 99.24822828986805200, -63.98899737374701100, -258.8716593983519400 ) ) ;
#371 = CARTESIAN_POINT ( 'NONE',  ( 1698.782167261119600, -299.6165839326449100, 14.40162235675047800 ) ) ;
#372 = CARTESIAN_POINT ( 'NONE',  ( 218.9543979933611100, 152.8593515600458400, -176.9801739306561800 ) ) ;
#373 = CARTESIAN_POINT ( 'NONE',  ( 1805.105592128126800, -142.8636521690427200, 564.9755849522089200 ) ) ;
#374 = CARTESIAN_POINT ( 'NONE',  ( 2017.467073367538700, 92.41071793277018300, -398.2485421015642800 ) ) ;
#375 = EDGE_CURVE ( 'NONE', #3885, #4831, #5226, .T. ) ;
#376 = CARTESIAN_POINT ( 'NONE',  ( 97.57206428527278800, -10.42260025326449800, -600.2127772796894800 ) ) ;
#377 = CARTESIAN_POINT ( 'NONE',  ( 134.8500624474557100, -404.0896456596732900, 62.07277876350009600 ) ) ;
#378 = CARTESIAN_POINT ( 'NONE',  ( 864.5640509548079500, -348.6018625825768700, -486.6077777408892200 ) ) ;
#379 = CARTESIAN_POINT ( 'NONE',  ( 2956.742692012322500, -81.44996505192692400, -60.40184654232791700 ) ) ;
#380 = CARTESIAN_POINT ( 'NONE',  ( 1443.118554794290300, 187.6816954650169900, -233.9941115300594800 ) ) ;
#381 = CARTESIAN_POINT ( 'NONE',  ( 2853.166790333724300, -724.2086717272335400, -149.9987333683261300 ) ) ;
#382 = CIRCLE ( 'NONE', #6136, 100.0000000000000000 ) ;
#383 = CARTESIAN_POINT ( 'NONE',  ( 1402.316320431299100, -172.5278744211943800, -387.9874841881657500 ) ) ;
#384 = CARTESIAN_POINT ( 'NONE',  ( 71.85089669145693800, -747.0585318657260800, -44.47119765755265800 ) ) ;
#385 = CARTESIAN_POINT ( 'NONE',  ( 2366.099896506784700, -97.29086624762440700, 397.0845317519256800 ) ) ;
#386 = DIRECTION ( 'NONE',  ( 1.000000000000000000, -5.598713130157252400E-016, 3.353501265655067400E-016 ) ) ;
#387 = B_SPLINE_CURVE_WITH_KNOTS ( 'NONE', 3,
 ( #1047, #644, #6270, #1633, #3231, #3693, #3180, #212, #3670, #1219, #4711, #188, #2134, #4245, #4759, #667, #3740, #5707, #617, #6245, #5682, #712, #162, #6198, #1656, #5731, #1147, #5753, #3644, #2645, #138, #3718, #2692, #1729, #4174, #4663, #1121, #5170, #3153, #4735, #2667, #2104, #6221, #4688, #4147, #3125, #5655, #5194, #1172, #4200, #1684, #2620, #115, #5219, #2182, #6170, #3205, #690, #1198, #1707, #5244, #2206, #2715, #776, #800, #6294, #231, #735, #1817, #6356, #1282, #5288, #4311, #6312, #2319, #314, #821, #1304, #4351, #3844, #4266, #1324, #4866, #2274, #5801, #1239, #3255, #5267, #2254, #4821, #1773, #5308, #2231, #3759, #1753, #3781, #5777, #3278, #2738, #4778, #254, #2761, #755, #1259, #4289, #5843, #4332, #4800, #5822, #2783, #1794, #6330, #3297, #5332, #276, #3319, #3803, #2297, #2805, #294, #3825, #4845, #2826, #5352, #5866, #6375, #3340, #2930, #4457, #5928, #6436 ),
 .UNSPECIFIED., .F., .F.,
 ( 4, 1, 1, 1, 1, 1, 1, 1, 1, 1, 1, 1, 1, 1, 1, 1, 1, 1, 1, 1, 1, 1, 1, 1, 1, 1, 1, 1, 1, 1, 1, 1, 1, 1, 1, 1, 1, 1, 1, 1, 1, 1, 1, 1, 1, 1, 1, 1, 1, 1, 1, 1, 1, 1, 1, 1, 1, 1, 1, 1, 1, 1, 1, 1, 1, 1, 1, 1, 1, 1, 1, 1, 1, 1, 1, 1, 1, 1, 1, 1, 1, 1, 1, 1, 1, 1, 1, 1, 1, 1, 1, 1, 1, 1, 1, 1, 1, 1, 1, 1, 1, 1, 1, 1, 1, 1, 1, 1, 1, 1, 1, 1, 1, 1, 1, 1, 1, 1, 1, 1, 1, 1, 1, 1, 1, 1, 1, 1, 4 ),
 ( 0.0000000000000000000, 0.007812497148276702400, 0.01562500122086223100, 0.02343749856725456700, 0.03124999671471001500, 0.03906250134751100600, 0.04687499840197770900, 0.05468749687076920200, 0.06250000148264627000, 0.07031249825383789600, 0.07812499703486416900, 0.08593750161825325400, 0.09374999812095259600, 0.1015624972058748300, 0.1093750017532115300, 0.1171874980022322400, 0.1249999973827346000, 0.1328125018864656500, 0.1406249978966557200, 0.1484374975644442700, 0.1562500020170293500, 0.1640624978032661800, 0.1718749977500711200, 0.1796875021439797200, 0.1874999977211727300, 0.1953124979387443600, 0.2031250022664614600, 0.2109374976495468100, 0.2187499981296612000, 0.2265625023836809700, 0.2343749975876233400, 0.2421874983220764800, 0.2500000024949054500, 0.2578124975346973200, 0.2656249985153067400, 0.2734375025994608100, 0.2812499974901243000, 0.2890624987087278600, 0.2968750026967374400, 0.3046874974533189700, 0.3124999989017777100, 0.3203125027861798400, 0.3281249974237486200, 0.3359374990939426000, 0.3437500028672891800, 0.3515624974009432000, 0.3593749992847748400, 0.3671875029396202700, 0.3749999973844807500, 0.3828124994738716900, 0.3906250030027878000, 0.3984374973739938700, 0.4062499996608872600, 0.4140625030564550300, 0.4218749973691752200, 0.4296874998455303400, 0.4375000031003361500, 0.4453124973697527000, 0.4531250000275565100, 0.4609375031341983500, 0.4687499973755188700, 0.4765625002067705500, 0.4843750031578512000, 0.4921874973863009100, 0.5000000003830196200, 0.5078125031711611100, 0.5156249974019842000, 0.5234375005562127400, 0.5312500031740333700, 0.5390624974224963500, 0.5468750007262867000, 0.5546875031664244600, 0.5624999974478026600, 0.5703125008932381500, 0.5781250031483269300, 0.5859374974779189000, 0.5937500010570943000, 0.6015625031197817700, 0.6093749975128998100, 0.6171875012179250900, 0.6250000030808654500, 0.6328124975528388600, 0.6406250013758476600, 0.6484375030317032200, 0.6562499975978745000, 0.6640625015310114300, 0.6718750029724514000, 0.6796874976481719300, 0.6875000016836070300, 0.6953125029033061500, 0.7031249977039409900, 0.7109375018338586200, 0.7187500028244965300, 0.7265624977654283600, 0.7343750019820221000, 0.7421875027362945200, 0.7499999978329049400, 0.7578125021283929100, 0.7656250026389948000, 0.7734374979066911400, 0.7812500022733001000, 0.7890625025329267600, 0.7968749979871139200, 0.8046875024170984100, 0.8125000024184561000, 0.8203124980745580800, 0.8281250025601842900, 0.8359375022959779600, 0.8437499981694143200, 0.8515625027029527500, 0.8593750021659046800, 0.8671874982721075000, 0.8750000028458575500, 0.8828125020286883300, 0.8906249983830949500, 0.8984375029893683100, 0.9062500018847990900, 0.9140624985028615900, 0.9218750031339771900, 0.9296875017347405700, 0.9374999986318913700, 0.9453125032801932300, 0.9531250015790250200, 0.9609374987707206600, 0.9687500034285757600, 0.9765625014175570700, 0.9843749989158031600, 0.9921875029300703000, 1.000000000000000000 ),
 .UNSPECIFIED. ) ;
#388 = CARTESIAN_POINT ( 'NONE',  ( 962.7044514456581500, -75.41722261278019300, -452.3328920986463100 ) ) ;
#389 = CARTESIAN_POINT ( 'NONE',  ( 260.2668605273730100, -596.1613532927333400, -53.87492320917659300 ) ) ;
#390 = CARTESIAN_POINT ( 'NONE',  ( 2879.928489444833800, -634.2572009491790400, 170.2120301208829600 ) ) ;
#391 = CARTESIAN_POINT ( 'NONE',  ( -212.4786724770602000, 0.0000000000000000000, 120.0000000000000100 ) ) ;
#392 = CARTESIAN_POINT ( 'NONE',  ( 2146.066615849345500, -307.8714397218545900, -292.4297461168197900 ) ) ;
#393 = CARTESIAN_POINT ( 'NONE',  ( -212.4786724770602300, 239.9999999999999700, -120.0000000000000100 ) ) ;
#394 = CARTESIAN_POINT ( 'NONE',  ( 1944.558719275123400, 491.6465166663810500, 312.8755826629609400 ) ) ;
#395 = CARTESIAN_POINT ( 'NONE',  ( 1552.623560951768700, -389.0975434933775400, 125.4775962287169100 ) ) ;
#396 = CARTESIAN_POINT ( 'NONE',  ( 61.94123650696376200, 107.1702339133139500, -568.5339734699186900 ) ) ;
#397 = CARTESIAN_POINT ( 'NONE',  ( 353.2358998346881000, -440.2757814843890300, 405.5462902519275900 ) ) ;
#398 = CARTESIAN_POINT ( 'NONE',  ( 2761.217325254501700, -67.02365524164005700, -403.3010165361355300 ) ) ;
#399 = CARTESIAN_POINT ( 'NONE',  ( 2928.677579178550300, 120.6787601464836700, 210.9253950279870700 ) ) ;
#400 = CARTESIAN_POINT ( 'NONE',  ( 931.7901235502749800, -255.2082255154220100, -157.6270547386402500 ) ) ;
#401 = VERTEX_POINT ( 'NONE', #691 ) ;
#402 = CARTESIAN_POINT ( 'NONE',  ( 2442.554315442660000, 536.6328548869959100, 521.6328917184838500 ) ) ;
#403 = CARTESIAN_POINT ( 'NONE',  ( 1472.042880002304200, -367.1086947326763800, -213.3807939582962900 ) ) ;
#404 = CARTESIAN_POINT ( 'NONE',  ( 1210.719203068167900, 553.5573579655045900, -503.6371768776279500 ) ) ;
#405 = CARTESIAN_POINT ( 'NONE',  ( 1113.499965936253800, -162.5267400708210100, 202.0609135957078900 ) ) ;
#406 = CARTESIAN_POINT ( 'NONE',  ( 914.2304167421048100, -310.7586711241626700, 289.3599569291124600 ) ) ;
#407 = CARTESIAN_POINT ( 'NONE',  ( 730.2824242867817500, 430.7412371402058400, 157.3344985773621000 ) ) ;
#408 = ORIENTED_EDGE ( 'NONE', *, *, #6346, .F. ) ;
#409 = CARTESIAN_POINT ( 'NONE',  ( 748.3527651624875700, 244.8821128425994100, -546.2082793104893900 ) ) ;
#410 = CARTESIAN_POINT ( 'NONE',  ( 2900.670323286018600, -305.0237611108484000, 54.15999951414875100 ) ) ;
#411 = CARTESIAN_POINT ( 'NONE',  ( 1619.167871147108100, -548.2519128031343600, -197.5533956258165900 ) ) ;
#412 = CARTESIAN_POINT ( 'NONE',  ( 1402.316320431299100, -172.5278744211943800, -387.9874841881657500 ) ) ;
#413 = CARTESIAN_POINT ( 'NONE',  ( 61.94123650696376200, 107.1702339133139500, -568.5339734699186900 ) ) ;
#414 = CARTESIAN_POINT ( 'NONE',  ( 1991.042709108003900, 576.2583337924389800, 86.79907786807672200 ) ) ;
#415 = CARTESIAN_POINT ( 'NONE',  ( 1761.803273519443100, 237.1283356233762700, 333.0340267226723700 ) ) ;
#416 = CARTESIAN_POINT ( 'NONE',  ( 3140.689233324243100, 9.693319666490815200, -98.29209606443747300 ) ) ;
#417 = CARTESIAN_POINT ( 'NONE',  ( 2913.058602738322900, -233.2286537912502500, 51.59361534767946700 ) ) ;
#418 = CARTESIAN_POINT ( 'NONE',  ( 1785.045603723858700, 300.9619074708048700, 276.7008100709275000 ) ) ;
#419 = CARTESIAN_POINT ( 'NONE',  ( 2900.670323286000000, -381.8134918375703300, 10.70336082375011700 ) ) ;
#420 = CARTESIAN_POINT ( 'NONE',  ( 2024.173679424916800, 295.4924642961008200, 51.59356114193487000 ) ) ;
#421 = CARTESIAN_POINT ( 'NONE',  ( 945.8485507126622500, 539.0325843626046700, 149.0000279793550200 ) ) ;
#422 = CARTESIAN_POINT ( 'NONE',  ( 2378.488193990461700, -102.6904212544789600, 412.0131486121708800 ) ) ;
#423 = CARTESIAN_POINT ( 'NONE',  ( 211.3039921560890900, -276.5658041558094200, 695.4039453598159100 ) ) ;
#424 = CARTESIAN_POINT ( 'NONE',  ( 1810.765816608539100, -167.4364438488974300, 198.0117043330067200 ) ) ;
#425 = CARTESIAN_POINT ( 'NONE',  ( 1704.464960753232600, -4.712376380482749200, 424.5913821206938200 ) ) ;
#426 = CARTESIAN_POINT ( 'NONE',  ( 2465.774358883119900, -238.9132038791080400, 181.3780646914121100 ) ) ;
#427 = CARTESIAN_POINT ( 'NONE',  ( 2912.354489005969300, 449.6595077135865500, 8.298136520406787400 ) ) ;
#428 = CARTESIAN_POINT ( 'NONE',  ( 2900.670323286046400, -327.0029706751872700, 49.84296099587631100 ) ) ;
#429 = CARTESIAN_POINT ( 'NONE',  ( 1340.261653327897900, 558.0424516701374400, -167.9169505129662200 ) ) ;
#430 = CARTESIAN_POINT ( 'NONE',  ( 1520.516951118178900, 410.9631212681990700, -203.4751055104065400 ) ) ;
#431 = CARTESIAN_POINT ( 'NONE',  ( 937.4726962839844200, -244.0907298006166300, 347.4475639389448200 ) ) ;
#432 = CARTESIAN_POINT ( 'NONE',  ( -95.07192497943370300, 345.1599260729697100, -14.82518924068130400 ) ) ;
#433 = CARTESIAN_POINT ( 'NONE',  ( 2130.495849232353100, 263.1798616781942400, -519.9462471761703500 ) ) ;
#434 = CARTESIAN_POINT ( 'NONE',  ( 2412.584582171602500, 71.97110503630024400, 402.4445507033064500 ) ) ;
#435 = CARTESIAN_POINT ( 'NONE',  ( -148.4094965463189900, 10.08272088311764300, -107.9552082506017600 ) ) ;
#436 = CARTESIAN_POINT ( 'NONE',  ( 2577.779517503429400, 681.9691308014190600, -188.6501675991901500 ) ) ;
#437 = CARTESIAN_POINT ( 'NONE',  ( 2807.701825170665400, -224.6631048755717200, -341.5851557696444200 ) ) ;
#438 = CARTESIAN_POINT ( 'NONE',  ( 3038.010438082402700, -130.6332763813179600, 173.0642039394917000 ) ) ;
#439 = CARTESIAN_POINT ( 'NONE',  ( 1712.840673762552300, 528.7743642099807200, -182.0838749487105300 ) ) ;
#440 = CARTESIAN_POINT ( 'NONE',  ( 2053.097807818861800, 9.922372435306478200, -424.5015580418834700 ) ) ;
#441 = CARTESIAN_POINT ( 'NONE',  ( 1187.475812010149900, 645.8642335981946900, -378.0671503338683100 ) ) ;
#442 = EDGE_CURVE ( 'NONE', #3885, #401, #1344, .T. ) ;
#443 = CARTESIAN_POINT ( 'NONE',  ( 2159.398741061678700, 169.8536541188779000, -195.9422133137467200 ) ) ;
#444 = CARTESIAN_POINT ( 'NONE',  ( 658.5664191527041600, -10.91872795160985300, -424.4771967385190700 ) ) ;
#445 = CARTESIAN_POINT ( 'NONE',  ( 2814.407216742703900, 241.1209890339731300, -178.4326108869718400 ) ) ;
#446 = CARTESIAN_POINT ( 'NONE',  ( 3237.745166094162000, -433.7580453248640400, -105.8468078484262400 ) ) ;
#447 = CARTESIAN_POINT ( 'NONE',  ( 852.1757712686070400, -340.3205067121869000, -473.0638418091764400 ) ) ;
#448 = CARTESIAN_POINT ( 'NONE',  ( 1450.790389477237300, 452.2633038835864500, 75.83345328233269800 ) ) ;
#449 = CARTESIAN_POINT ( 'NONE',  ( 1681.222561440336200, -92.54819698102512900, 414.4092079586452000 ) ) ;
#450 = CARTESIAN_POINT ( 'NONE',  ( -61.94123650696377600, 161.7377721547260300, -350.1904221682440800 ) ) ;
#451 = CARTESIAN_POINT ( 'NONE',  ( 764.8893970318583800, -677.0918266909777700, -205.4694425153421100 ) ) ;
#452 = CARTESIAN_POINT ( 'NONE',  ( 276.7809633422863300, -244.9963504734516800, -84.95380854544940500 ) ) ;
#453 = CARTESIAN_POINT ( 'NONE',  ( 1648.092870973759500, -155.1023287839483900, 690.3728809265805900 ) ) ;
#454 = CARTESIAN_POINT ( 'NONE',  ( 1575.865933373982700, -354.6728188623264900, 203.3435267732591000 ) ) ;
#455 = CARTESIAN_POINT ( 'NONE',  ( 2879.928489444853300, -69.37823946422236100, 280.8403385328175000 ) ) ;
#456 = CARTESIAN_POINT ( 'NONE',  ( 876.1219940707103400, 349.5789614628357600, 436.5222906668130900 ) ) ;
#457 =( BOUNDED_SURFACE ( )  B_SPLINE_SURFACE ( 3, 3, ( 
 ( #1044, #1142, #5111, #3149, #590, #4631, #60, #2056, #5138, #5190, #3590, #2099, #4582, #3120, #565, #3665, #4658, #1579, #5651, #2616, #2077, #2588, #6165, #4143, #1629, #111, #613, #1117, #5166, #5214, #2757, #1215, #4754, #5773, #3737, #3756, #1769, #156, #2250, #5263, #5798, #5304, #1192, #208, #708, #4776, #2271, #2712, #4262, #6308, #5749, #6290, #6265, #1679, #1748, #2734, #663, #4241, #1725, #4795, #3689, #686, #3273, #3250, #1703, #2177, #2662, #4286, #4707, #731, #4194, #3176, #5726, #3226, #2227, #2686, #228, #5240, #6240, #3199, #1235, #5284, #249, #184, #3777, #751, #1255, #6217, #4730, #4219, #1167, #3714, #2201, #2802, #6352, #5818, #272, #3316, #2780, #5887, #292, #1322, #4329, #1301, #1791, #4308, #1814, #2338, #5329, #5350, #3799, #2824, #2293, #4349, #3842, #4864, #2317, #796, #5370, #2847, #6327, #819, #1837, #5840, #3294, #5862, #6373, #3822, #773, #3339, #313 ),
 ( #4819, #1279, #4842, #5217, #2180, #2689, #3202, #5213, #183, #1678, #5045, #2014, #2526, #1891, #4436, #4229, #6495, #1330, #4945, #3346, #3890, #5953, #6421, #845, #5401, #6381, #1862, #2344, #5895, #3383, #3402, #362, #1350, #5357, #320, #4891, #2325, #400, #4379, #4931, #2878, #866, #1843, #4356, #4399, #3421, #2856, #1373, #3850, #2384, #6400, #1391, #3908, #5439, #4913, #2362, #2913, #3926, #5872, #380, #885, #3366, #2401, #1880, #5422, #4871, #6457, #5934, #2896, #6440, #4419, #1896, #4443, #2832, #902, #1408, #826, #5378, #343, #3869, #5914, #2418, #4963, #5989, #420, #4461, #1915, #921, #1429, #5459, #5970, #1933, #6502, #5479, #2935, #6478, #3458, #3439, #2953, #2438, #3944, #3464, #4898, #426, #2919, #4936, #4405, #5959, #2390, #891, #3389, #1939, #4951, #5486, #1396, #2445, #6509, #4971, #445, #5466, #3914, #4467, #368, #6427, #6464, #5996, #4449, #2959, #908, #3952, #3427 ),
 ( #4426, #1903, #5407, #3932, #1436, #5427, #1359, #2884, #927, #2942, #3971, #873, #1868, #4384, #3895, #2369, #5977, #5920, #1379, #5445, #1414, #4920, #1885, #407, #2407, #1922, #5940, #2902, #2424, #6446, #6485, #3408, #3445, #388, #1475, #949, #1456, #464, #4485, #5011, #1961, #2468, #1982, #968, #4505, #3487, #5526, #4993, #3991, #2487, #5505, #6018, #2978, #6527, #4014, #4080, #5615, #3532, #3085, #3555, #5079, #2002, #6126, #4569, #1541, #2556, #532, #553, #5122, #3511, #2576, #2045, #5593, #6039, #6059, #2065, #489, #5034, #3061, #70, #5571, #6104, #3000, #6080, #3042, #6549, #4107, #4059, #1054, #26, #989, #5098, #4594, #3577, #1033, #4038, #4528, #1499, #1565, #3600, #2023, #575, #1075, #2086, #4548, #48, #4616, #1590, #5638, #5550, #2511, #3023, #2537, #3, #511, #1012, #1521, #5056, #6152, #1615, #5152, #624, #3108, #601, #3651, #5663, #1100, #96, #4154, #3624, #2113 ),
 ( #4643, #2627, #4130, #6178, #3133, #122, #2601, #629, #510, #1104, #1131, #2, #126, #3137, #6058, #3022, #4647, #6183, #3531, #4159, #4037, #3655, #1619, #5156, #5667, #2117, #2631, #5489, #2923, #911, #2450, #2510, #4527, #1942, #2489, #447, #3973, #5980, #1925, #1458, #988, #3448, #4995, #4452, #6529, #3955, #5528, #1477, #2999, #1963, #6511, #488, #4488, #1417, #970, #6038, #429, #6548, #952, #5508, #5470, #3510, #2470, #6021, #2980, #3489, #3993, #2001, #411, #4013, #466, #4508, #6467, #2944, #1498, #3934, #2427, #5013, #5033, #5999, #1984, #3430, #2962, #3468, #4954, #5549, #6488, #930, #4470, #1439, #4974, #3051, #4656, #6192, #5647, #5066, #4627, #6163, #3071, #4141, #108, #3146, #5602, #4604, #1575, #2613, #133, #563, #2096, #3637, #3587, #4117, #4093, #6090, #3118, #587, #2033, #5109, #6138, #2639, #4557, #5088, #1113, #1085, #6114, #36, #520, #3566, #2074, #1552, #1042 ),
 ( #541, #3610, #58, #4068, #2055, #4047, #1601, #5581, #5626, #4578, #2565, #2585, #5163, #1064, #3096, #2546, #5134, #80, #611, #1627, #2125, #5676, #1020, #1530, #5700, #154, #4217, #206, #1165, #1189, #3687, #1701, #6215, #4705, #6238, #3735, #2683, #1676, #3663, #2199, #5211, #1140, #4681, #706, #637, #4167, #3173, #661, #6262, #1651, #4190, #684, #2175, #5724, #3197, #5187, #180, #3712, #2152, #4728, #5747, #2710, #2660, #5238, #3223, #5986, #2969, #6536, #3032, #4458, #6557, #2477, #4495, #3963, #5514, #1951, #453, #2950, #1508, #4516, #5042, #959, #2011, #6068, #4537, #13, #5021, #3476, #4024, #6498, #3455, #6028, #5559, #4001, #2522, #474, #3519, #2986, #998, #3542, #3498, #3940, #1991, #3982, #1466, #4959, #978, #917, #4982, #1424, #2435, #498, #5476, #1931, #4477, #6518, #436, #938, #1446, #5536, #5496, #2458, #5002, #1485, #6007, #1971, #2498, #6046, #3010, #1596, #583 ),
 ( #2121, #2658, #6111, #4088, #1623, #5721, #3141, #560, #2071, #1648, #4651, #5671, #2093, #2635, #3068, #1081, #607, #5160, #5183, #5130, #5644, #3092, #4623, #4163, #1672, #2609, #4677, #6159, #2148, #3607, #104, #6188, #5208, #130, #3632, #55, #6211, #4137, #3584, #1061, #2172, #4701, #4601, #5623, #1573, #5697, #5106, #2582, #3659, #6133, #77, #4113, #4186, #3114, #1109, #633, #1135, #3169, #150, #1161, #3683, #658, #4725, #1721, #5280, #1785, #3194, #5300, #1232, #3245, #2707, #4258, #703, #5768, #1698, #268, #3269, #3794, #6286, #767, #4813, #3289, #5321, #3773, #2222, #2775, #5235, #2195, #4774, #4301, #2752, #1271, #5793, #2266, #1743, #6323, #2286, #2245, #2681, #748, #2729, #225, #3708, #6305, #6235, #3732, #177, #1186, #5815, #4214, #681, #3220, #5259, #5745, #6259, #203, #4281, #4237, #1211, #3753, #244, #4749, #726, #1251, #4791, #1764, #2331, #1314, #3310, #5879, #1806 ),
 ( #5901, #3817, #4342, #288, #6387, #832, #5345, #4363, #3836, #4856, #788, #1336, #2310, #2839, #1830, #812, #5834, #4877, #5363, #4323, #1295, #2862, #2349, #2796, #4834, #5855, #1849, #6344, #3352, #5385, #327, #3856, #2817, #6367, #3332, #305, #3643, #3615, #666, #5654, #6142, #3179, #5730, #689, #161, #3099, #5706, #4199, #4146, #5218, #1171, #4222, #114, #5681, #2644, #3692, #1197, #1632, #4710, #1683, #4662, #5193, #5169, #592, #2181, #1655, #86, #6197, #643, #3717, #5630, #6169, #2691, #2156, #616, #4121, #1582, #4634, #3152, #2619, #2103, #2079, #1090, #2133, #137, #1606, #4687, #1120, #5142, #3124, #5113, #2666, #3669, #4173, #1146, #6244, #6220, #3204, #187, #2591, #1238, #2205, #4244, #1728, #5266, #4734, #1706, #2230, #4758, #4799, #5776, #253, #3254, #230, #711, #3230, #734, #1258, #1218, #4288, #5243, #3277, #211, #2760, #3780, #6293, #1772, #754, #5752, #2737, #4265 ) ),
 .UNSPECIFIED., .T., .F., .F. ) 
 B_SPLINE_SURFACE_WITH_KNOTS ( ( 4, 3, 4 ),
 ( 4, 1, 1, 1, 1, 1, 1, 1, 1, 1, 1, 1, 1, 1, 1, 1, 1, 1, 1, 1, 1, 1, 1, 1, 1, 1, 1, 1, 1, 1, 1, 1, 1, 1, 1, 1, 1, 1, 1, 1, 1, 1, 1, 1, 1, 1, 1, 1, 1, 1, 1, 1, 1, 1, 1, 1, 1, 1, 1, 1, 1, 1, 1, 1, 1, 1, 1, 1, 1, 1, 1, 1, 1, 1, 1, 1, 1, 1, 1, 1, 1, 1, 1, 1, 1, 1, 1, 1, 1, 1, 1, 1, 1, 1, 1, 1, 1, 1, 1, 1, 1, 1, 1, 1, 1, 1, 1, 1, 1, 1, 1, 1, 1, 1, 1, 1, 1, 1, 1, 1, 1, 1, 1, 1, 1, 1, 1, 1, 4 ),
 ( 0.0000000000000000000, 0.5000000000000000000, 1.000000000000000000 ),
 ( 0.0000000000000000000, 0.007812498270105783400, 0.01562500109867619200, 0.02343749904354634100, 0.03124999760562388600, 0.03906250119592157700, 0.04687499891039848000, 0.05468749772174422200, 0.06250000129585638100, 0.07031249879026799100, 0.07812499784389986800, 0.08593750139596839600, 0.09374999868177907900, 0.1015624979711991600, 0.1093750014953673700, 0.1171874985840685400, 0.1249999981027989100, 0.1328125015932185000, 0.1406249984963307300, 0.1484374982379126900, 0.1562500016887449500, 0.1640624984178144000, 0.1718749983758097200, 0.1796875017812235000, 0.1874999983478233500, 0.1953124985158118100, 0.2031250018699869400, 0.2109374982857137600, 0.2187499986572965800, 0.2265625019544197100, 0.2343749982308942800, 0.2421874987996902000, 0.2500000020339568900, 0.2578124981828233100, 0.2656249989424697100, 0.2734375021080822600, 0.2812499981410093700, 0.2890624990851610700, 0.2968750021763320000, 0.3046874981050089500, 0.3124999992273404000, 0.3203125022382868300, 0.3281249980744224100, 0.3359374993686246000, 0.3437500022935740500, 0.3515624980488999400, 0.3593749995086825700, 0.3671875023418643700, 0.3749999980281314400, 0.3828124996472208600, 0.3906250023828760600, 0.3984374980118506900, 0.4062499997839912300, 0.4140625024163667700, 0.4218749979998377400, 0.4296874999187879600, 0.4375000024421347200, 0.4453124979919032000, 0.4531250000514437400, 0.4609375024600199700, 0.4687499979879063400, 0.4765625001818292700, 0.4843750024698961800, 0.4921874979877351500, 0.5000000003098494800, 0.5078125024716808600, 0.5156249979913217800, 0.5234375004354551200, 0.5312500024653218400, 0.5390624979986307100, 0.5468750005586202600, 0.5546875024508058900, 0.5624999980096562200, 0.5703125006793631200, 0.5781250024281477900, 0.5859374980244300700, 0.5937500007977257700, 0.6015625023973982800, 0.6093749980430129800, 0.6171875009137823800, 0.6250000023586352900, 0.6328124980654950000, 0.6406250010276414200, 0.6484375023119716100, 0.6562499980919985800, 0.6640625011394351000, 0.6718750022575432600, 0.6796874981226654900, 0.6875000012493256400, 0.6953125021955148800, 0.7031249981576699300, 0.7109375013574983400, 0.7187500021260745400, 0.7265624981972113000, 0.7343750014641616800, 0.7421875020494398400, 0.7499999982415060900, 0.7578125015695511600, 0.7656250019658447100, 0.7734374982908042200, 0.7812500016739244400, 0.7890625018755455000, 0.7968749983453600200, 0.8046875017775566600, 0.8125000017788235300, 0.8203124984054658300, 0.8281250018807501100, 0.8359375016759783600, 0.8437499984714169600, 0.8515625019838051200, 0.8593750015673206100, 0.8671874985435305000, 0.8750000020870598600, 0.8828125014531857900, 0.8906249986221431700, 0.8984375021908611600, 0.9062500013339190900, 0.9140624987076081400, 0.9218750022955687400, 0.9296875012098857500, 0.9374999988002746800, 0.9453125024015507400, 0.9531250010814545900, 0.9609374989005250400, 0.9687500025092051800, 0.9765625009486272900, 0.9843749990093700900, 0.9921875017881567300, 1.000000000000000000 ),
 .UNSPECIFIED. ) 
 GEOMETRIC_REPRESENTATION_ITEM ( )  RATIONAL_B_SPLINE_SURFACE ( (
 ( 1.000000000000000200, 1.000000000000000200, 0.9999999999999997800, 1.000000000000000200, 0.9999999999999997800, 1.000000000000000200, 0.9999999999999997800, 1.000000000000000200, 1.000000000000000400, 0.9999999999999997800, 1.000000000000000000, 1.000000000000000000, 1.000000000000000000, 1.000000000000000200, 1.000000000000000400, 1.000000000000000000, 1.000000000000000000, 1.000000000000000000, 1.000000000000000000, 0.9999999999999996700, 1.000000000000000000, 1.000000000000000000, 1.000000000000000200, 1.000000000000000200, 0.9999999999999997800, 0.9999999999999997800, 1.000000000000000200, 1.000000000000000200, 1.000000000000000000, 1.000000000000000000, 1.000000000000000400, 0.9999999999999997800, 1.000000000000000200, 1.000000000000000000, 1.000000000000000000, 1.000000000000000200, 1.000000000000000200, 0.9999999999999997800, 1.000000000000000200, 0.9999999999999997800, 1.000000000000000200, 1.000000000000000200, 0.9999999999999996700, 1.000000000000000400, 1.000000000000000000, 1.000000000000000200, 1.000000000000000000, 0.9999999999999997800, 1.000000000000000200, 1.000000000000000000, 1.000000000000000200, 0.9999999999999997800, 0.9999999999999997800, 1.000000000000000200, 0.9999999999999996700, 1.000000000000000400, 0.9999999999999997800, 1.000000000000000400, 1.000000000000000000, 0.9999999999999997800, 1.000000000000000200, 0.9999999999999996700, 1.000000000000000400, 0.9999999999999997800, 1.000000000000000200, 1.000000000000000000, 1.000000000000000000, 1.000000000000000200, 1.000000000000000000, 1.000000000000000000, 0.9999999999999997800, 1.000000000000000400, 0.9999999999999996700, 1.000000000000000400, 0.9999999999999996700, 1.000000000000000400, 0.9999999999999997800, 0.9999999999999996700, 0.9999999999999996700, 1.000000000000000000, 1.000000000000000400, 0.9999999999999996700, 1.000000000000000400, 0.9999999999999997800, 0.9999999999999997800, 1.000000000000000200, 1.000000000000000000, 1.000000000000000000, 0.9999999999999996700, 1.000000000000000200, 1.000000000000000200, 1.000000000000000000, 1.000000000000000000, 0.9999999999999997800, 1.000000000000000000, 1.000000000000000200, 0.9999999999999994400, 1.000000000000000200, 0.9999999999999996700, 1.000000000000000200, 1.000000000000000000, 1.000000000000000000, 1.000000000000000200, 1.000000000000000200, 1.000000000000000000, 0.9999999999999997800, 1.000000000000000200, 0.9999999999999996700, 1.000000000000000200, 1.000000000000000200, 0.9999999999999996700, 1.000000000000000400, 0.9999999999999997800, 1.000000000000000000, 1.000000000000000200, 1.000000000000000400, 1.000000000000000000, 0.9999999999999997800, 1.000000000000000200, 1.000000000000000000, 1.000000000000000000, 1.000000000000000200, 1.000000000000000200, 0.9999999999999997800, 1.000000000000000400, 0.9999999999999997800, 0.9999999999999997800, 1.000000000000000400, 1.000000000000000000, 1.000000000000000000, 1.000000000000000000),
 ( 0.3333333333333334300, 0.3333333333333334300, 0.3333333333333333100, 0.3333333333333334800, 0.3333333333333333100, 0.3333333333333334300, 0.3333333333333333100, 0.3333333333333334800, 0.3333333333333335400, 0.3333333333333333100, 0.3333333333333333700, 0.3333333333333333100, 0.3333333333333334800, 0.3333333333333333100, 0.3333333333333334300, 0.3333333333333333700, 0.3333333333333333700, 0.3333333333333332600, 0.3333333333333334300, 0.3333333333333332600, 0.3333333333333334300, 0.3333333333333333700, 0.3333333333333334300, 0.3333333333333333700, 0.3333333333333333100, 0.3333333333333333700, 0.3333333333333333700, 0.3333333333333334300, 0.3333333333333333100, 0.3333333333333334300, 0.3333333333333334300, 0.3333333333333333100, 0.3333333333333333700, 0.3333333333333333700, 0.3333333333333333700, 0.3333333333333334800, 0.3333333333333333100, 0.3333333333333333100, 0.3333333333333334800, 0.3333333333333332600, 0.3333333333333334300, 0.3333333333333334300, 0.3333333333333332600, 0.3333333333333335900, 0.3333333333333333100, 0.3333333333333334800, 0.3333333333333333700, 0.3333333333333332600, 0.3333333333333334300, 0.3333333333333333700, 0.3333333333333334300, 0.3333333333333333700, 0.3333333333333332600, 0.3333333333333334300, 0.3333333333333333100, 0.3333333333333334300, 0.3333333333333333100, 0.3333333333333335400, 0.3333333333333333700, 0.3333333333333333100, 0.3333333333333334300, 0.3333333333333333100, 0.3333333333333334300, 0.3333333333333333700, 0.3333333333333334300, 0.3333333333333333100, 0.3333333333333333700, 0.3333333333333333700, 0.3333333333333334300, 0.3333333333333333100, 0.3333333333333332600, 0.3333333333333335900, 0.3333333333333332000, 0.3333333333333335900, 0.3333333333333332600, 0.3333333333333334300, 0.3333333333333332600, 0.3333333333333333100, 0.3333333333333332600, 0.3333333333333334300, 0.3333333333333334300, 0.3333333333333333100, 0.3333333333333334300, 0.3333333333333333700, 0.3333333333333332000, 0.3333333333333335400, 0.3333333333333333100, 0.3333333333333333700, 0.3333333333333333100, 0.3333333333333334300, 0.3333333333333334300, 0.3333333333333334300, 0.3333333333333333100, 0.3333333333333333100, 0.3333333333333333700, 0.3333333333333333700, 0.3333333333333333100, 0.3333333333333333700, 0.3333333333333333100, 0.3333333333333334300, 0.3333333333333333700, 0.3333333333333333700, 0.3333333333333334300, 0.3333333333333333700, 0.3333333333333334300, 0.3333333333333332600, 0.3333333333333334300, 0.3333333333333333700, 0.3333333333333333700, 0.3333333333333334300, 0.3333333333333332600, 0.3333333333333335400, 0.3333333333333333700, 0.3333333333333333100, 0.3333333333333334300, 0.3333333333333334800, 0.3333333333333333700, 0.3333333333333333100, 0.3333333333333334300, 0.3333333333333334300, 0.3333333333333333700, 0.3333333333333333700, 0.3333333333333334800, 0.3333333333333332600, 0.3333333333333334800, 0.3333333333333333700, 0.3333333333333333100, 0.3333333333333334300, 0.3333333333333333700, 0.3333333333333334300, 0.3333333333333333700),
 ( 0.3333333333333334300, 0.3333333333333334300, 0.3333333333333333100, 0.3333333333333334800, 0.3333333333333333100, 0.3333333333333334300, 0.3333333333333333100, 0.3333333333333334800, 0.3333333333333335400, 0.3333333333333333100, 0.3333333333333333700, 0.3333333333333333100, 0.3333333333333334800, 0.3333333333333333100, 0.3333333333333334300, 0.3333333333333333700, 0.3333333333333333700, 0.3333333333333332600, 0.3333333333333334300, 0.3333333333333332600, 0.3333333333333334300, 0.3333333333333333700, 0.3333333333333334300, 0.3333333333333333700, 0.3333333333333333100, 0.3333333333333333700, 0.3333333333333333700, 0.3333333333333334300, 0.3333333333333333100, 0.3333333333333334300, 0.3333333333333334300, 0.3333333333333333100, 0.3333333333333333700, 0.3333333333333333700, 0.3333333333333333700, 0.3333333333333334800, 0.3333333333333333100, 0.3333333333333333100, 0.3333333333333334800, 0.3333333333333332600, 0.3333333333333334300, 0.3333333333333334300, 0.3333333333333332600, 0.3333333333333335900, 0.3333333333333333100, 0.3333333333333334800, 0.3333333333333333700, 0.3333333333333332600, 0.3333333333333334300, 0.3333333333333333700, 0.3333333333333334300, 0.3333333333333333700, 0.3333333333333332600, 0.3333333333333334300, 0.3333333333333333100, 0.3333333333333334300, 0.3333333333333333100, 0.3333333333333335400, 0.3333333333333333700, 0.3333333333333333100, 0.3333333333333334300, 0.3333333333333333100, 0.3333333333333334300, 0.3333333333333333700, 0.3333333333333334300, 0.3333333333333333100, 0.3333333333333333700, 0.3333333333333333700, 0.3333333333333334300, 0.3333333333333333100, 0.3333333333333332600, 0.3333333333333335900, 0.3333333333333332000, 0.3333333333333335900, 0.3333333333333332600, 0.3333333333333334300, 0.3333333333333332600, 0.3333333333333333100, 0.3333333333333332600, 0.3333333333333334300, 0.3333333333333334300, 0.3333333333333333100, 0.3333333333333334300, 0.3333333333333333700, 0.3333333333333332000, 0.3333333333333335400, 0.3333333333333333100, 0.3333333333333333700, 0.3333333333333333100, 0.3333333333333334300, 0.3333333333333334300, 0.3333333333333334300, 0.3333333333333333100, 0.3333333333333333100, 0.3333333333333333700, 0.3333333333333333700, 0.3333333333333333100, 0.3333333333333333700, 0.3333333333333333100, 0.3333333333333334300, 0.3333333333333333700, 0.3333333333333333700, 0.3333333333333334300, 0.3333333333333333700, 0.3333333333333334300, 0.3333333333333332600, 0.3333333333333334300, 0.3333333333333333700, 0.3333333333333333700, 0.3333333333333334300, 0.3333333333333332600, 0.3333333333333335400, 0.3333333333333333700, 0.3333333333333333100, 0.3333333333333334300, 0.3333333333333334800, 0.3333333333333333700, 0.3333333333333333100, 0.3333333333333334300, 0.3333333333333334300, 0.3333333333333333700, 0.3333333333333333700, 0.3333333333333334800, 0.3333333333333332600, 0.3333333333333334800, 0.3333333333333333700, 0.3333333333333333100, 0.3333333333333334300, 0.3333333333333333700, 0.3333333333333334300, 0.3333333333333333700),
 ( 1.000000000000000200, 1.000000000000000200, 0.9999999999999997800, 1.000000000000000200, 0.9999999999999997800, 1.000000000000000200, 0.9999999999999997800, 1.000000000000000200, 1.000000000000000400, 0.9999999999999997800, 1.000000000000000000, 1.000000000000000000, 1.000000000000000000, 1.000000000000000200, 1.000000000000000400, 1.000000000000000000, 1.000000000000000000, 1.000000000000000000, 1.000000000000000000, 0.9999999999999996700, 1.000000000000000000, 1.000000000000000000, 1.000000000000000200, 1.000000000000000200, 0.9999999999999997800, 0.9999999999999997800, 1.000000000000000200, 1.000000000000000200, 1.000000000000000000, 1.000000000000000000, 1.000000000000000400, 0.9999999999999997800, 1.000000000000000200, 1.000000000000000000, 1.000000000000000000, 1.000000000000000200, 1.000000000000000200, 0.9999999999999997800, 1.000000000000000200, 0.9999999999999997800, 1.000000000000000200, 1.000000000000000200, 0.9999999999999996700, 1.000000000000000400, 1.000000000000000000, 1.000000000000000200, 1.000000000000000000, 0.9999999999999997800, 1.000000000000000200, 1.000000000000000000, 1.000000000000000200, 0.9999999999999997800, 0.9999999999999997800, 1.000000000000000200, 0.9999999999999996700, 1.000000000000000400, 0.9999999999999997800, 1.000000000000000400, 1.000000000000000000, 0.9999999999999997800, 1.000000000000000200, 0.9999999999999996700, 1.000000000000000400, 0.9999999999999997800, 1.000000000000000200, 1.000000000000000000, 1.000000000000000000, 1.000000000000000200, 1.000000000000000000, 1.000000000000000000, 0.9999999999999997800, 1.000000000000000400, 0.9999999999999996700, 1.000000000000000400, 0.9999999999999996700, 1.000000000000000400, 0.9999999999999997800, 0.9999999999999996700, 0.9999999999999996700, 1.000000000000000000, 1.000000000000000400, 0.9999999999999996700, 1.000000000000000400, 0.9999999999999997800, 0.9999999999999997800, 1.000000000000000200, 1.000000000000000000, 1.000000000000000000, 0.9999999999999996700, 1.000000000000000200, 1.000000000000000200, 1.000000000000000000, 1.000000000000000000, 0.9999999999999997800, 1.000000000000000000, 1.000000000000000200, 0.9999999999999994400, 1.000000000000000200, 0.9999999999999996700, 1.000000000000000200, 1.000000000000000000, 1.000000000000000000, 1.000000000000000200, 1.000000000000000200, 1.000000000000000000, 0.9999999999999997800, 1.000000000000000200, 0.9999999999999996700, 1.000000000000000200, 1.000000000000000200, 0.9999999999999996700, 1.000000000000000400, 0.9999999999999997800, 1.000000000000000000, 1.000000000000000200, 1.000000000000000400, 1.000000000000000000, 0.9999999999999997800, 1.000000000000000200, 1.000000000000000000, 1.000000000000000000, 1.000000000000000200, 1.000000000000000200, 0.9999999999999997800, 1.000000000000000400, 0.9999999999999997800, 0.9999999999999997800, 1.000000000000000400, 1.000000000000000000, 1.000000000000000000, 1.000000000000000000),
 ( 0.3333333333333334300, 0.3333333333333334300, 0.3333333333333333100, 0.3333333333333334800, 0.3333333333333333100, 0.3333333333333334300, 0.3333333333333333100, 0.3333333333333334800, 0.3333333333333335400, 0.3333333333333333100, 0.3333333333333333700, 0.3333333333333333100, 0.3333333333333334800, 0.3333333333333333100, 0.3333333333333334300, 0.3333333333333333700, 0.3333333333333333700, 0.3333333333333332600, 0.3333333333333334300, 0.3333333333333332600, 0.3333333333333334300, 0.3333333333333333700, 0.3333333333333334300, 0.3333333333333333700, 0.3333333333333333100, 0.3333333333333333700, 0.3333333333333333700, 0.3333333333333334300, 0.3333333333333333100, 0.3333333333333334300, 0.3333333333333334300, 0.3333333333333333100, 0.3333333333333333700, 0.3333333333333333700, 0.3333333333333333700, 0.3333333333333334800, 0.3333333333333333100, 0.3333333333333333100, 0.3333333333333334800, 0.3333333333333332600, 0.3333333333333334300, 0.3333333333333334300, 0.3333333333333332600, 0.3333333333333335900, 0.3333333333333333100, 0.3333333333333334800, 0.3333333333333333700, 0.3333333333333332600, 0.3333333333333334300, 0.3333333333333333700, 0.3333333333333334300, 0.3333333333333333700, 0.3333333333333332600, 0.3333333333333334300, 0.3333333333333333100, 0.3333333333333334300, 0.3333333333333333100, 0.3333333333333335400, 0.3333333333333333700, 0.3333333333333333100, 0.3333333333333334300, 0.3333333333333333100, 0.3333333333333334300, 0.3333333333333333700, 0.3333333333333334300, 0.3333333333333333100, 0.3333333333333333700, 0.3333333333333333700, 0.3333333333333334300, 0.3333333333333333100, 0.3333333333333332600, 0.3333333333333335900, 0.3333333333333332000, 0.3333333333333335900, 0.3333333333333332600, 0.3333333333333334300, 0.3333333333333332600, 0.3333333333333333100, 0.3333333333333332600, 0.3333333333333334300, 0.3333333333333334300, 0.3333333333333333100, 0.3333333333333334300, 0.3333333333333333700, 0.3333333333333332000, 0.3333333333333335400, 0.3333333333333333100, 0.3333333333333333700, 0.3333333333333333100, 0.3333333333333334300, 0.3333333333333334300, 0.3333333333333334300, 0.3333333333333333100, 0.3333333333333333100, 0.3333333333333333700, 0.3333333333333333700, 0.3333333333333333100, 0.3333333333333333700, 0.3333333333333333100, 0.3333333333333334300, 0.3333333333333333700, 0.3333333333333333700, 0.3333333333333334300, 0.3333333333333333700, 0.3333333333333334300, 0.3333333333333332600, 0.3333333333333334300, 0.3333333333333333700, 0.3333333333333333700, 0.3333333333333334300, 0.3333333333333332600, 0.3333333333333335400, 0.3333333333333333700, 0.3333333333333333100, 0.3333333333333334300, 0.3333333333333334800, 0.3333333333333333700, 0.3333333333333333100, 0.3333333333333334300, 0.3333333333333334300, 0.3333333333333333700, 0.3333333333333333700, 0.3333333333333334800, 0.3333333333333332600, 0.3333333333333334800, 0.3333333333333333700, 0.3333333333333333100, 0.3333333333333334300, 0.3333333333333333700, 0.3333333333333334300, 0.3333333333333333700),
 ( 0.3333333333333334300, 0.3333333333333334300, 0.3333333333333333100, 0.3333333333333334800, 0.3333333333333333100, 0.3333333333333334300, 0.3333333333333333100, 0.3333333333333334800, 0.3333333333333335400, 0.3333333333333333100, 0.3333333333333333700, 0.3333333333333333100, 0.3333333333333334800, 0.3333333333333333100, 0.3333333333333334300, 0.3333333333333333700, 0.3333333333333333700, 0.3333333333333332600, 0.3333333333333334300, 0.3333333333333332600, 0.3333333333333334300, 0.3333333333333333700, 0.3333333333333334300, 0.3333333333333333700, 0.3333333333333333100, 0.3333333333333333700, 0.3333333333333333700, 0.3333333333333334300, 0.3333333333333333100, 0.3333333333333334300, 0.3333333333333334300, 0.3333333333333333100, 0.3333333333333333700, 0.3333333333333333700, 0.3333333333333333700, 0.3333333333333334800, 0.3333333333333333100, 0.3333333333333333100, 0.3333333333333334800, 0.3333333333333332600, 0.3333333333333334300, 0.3333333333333334300, 0.3333333333333332600, 0.3333333333333335900, 0.3333333333333333100, 0.3333333333333334800, 0.3333333333333333700, 0.3333333333333332600, 0.3333333333333334300, 0.3333333333333333700, 0.3333333333333334300, 0.3333333333333333700, 0.3333333333333332600, 0.3333333333333334300, 0.3333333333333333100, 0.3333333333333334300, 0.3333333333333333100, 0.3333333333333335400, 0.3333333333333333700, 0.3333333333333333100, 0.3333333333333334300, 0.3333333333333333100, 0.3333333333333334300, 0.3333333333333333700, 0.3333333333333334300, 0.3333333333333333100, 0.3333333333333333700, 0.3333333333333333700, 0.3333333333333334300, 0.3333333333333333100, 0.3333333333333332600, 0.3333333333333335900, 0.3333333333333332000, 0.3333333333333335900, 0.3333333333333332600, 0.3333333333333334300, 0.3333333333333332600, 0.3333333333333333100, 0.3333333333333332600, 0.3333333333333334300, 0.3333333333333334300, 0.3333333333333333100, 0.3333333333333334300, 0.3333333333333333700, 0.3333333333333332000, 0.3333333333333335400, 0.3333333333333333100, 0.3333333333333333700, 0.3333333333333333100, 0.3333333333333334300, 0.3333333333333334300, 0.3333333333333334300, 0.3333333333333333100, 0.3333333333333333100, 0.3333333333333333700, 0.3333333333333333700, 0.3333333333333333100, 0.3333333333333333700, 0.3333333333333333100, 0.3333333333333334300, 0.3333333333333333700, 0.3333333333333333700, 0.3333333333333334300, 0.3333333333333333700, 0.3333333333333334300, 0.3333333333333332600, 0.3333333333333334300, 0.3333333333333333700, 0.3333333333333333700, 0.3333333333333334300, 0.3333333333333332600, 0.3333333333333335400, 0.3333333333333333700, 0.3333333333333333100, 0.3333333333333334300, 0.3333333333333334800, 0.3333333333333333700, 0.3333333333333333100, 0.3333333333333334300, 0.3333333333333334300, 0.3333333333333333700, 0.3333333333333333700, 0.3333333333333334800, 0.3333333333333332600, 0.3333333333333334800, 0.3333333333333333700, 0.3333333333333333100, 0.3333333333333334300, 0.3333333333333333700, 0.3333333333333334300, 0.3333333333333333700),
 ( 1.000000000000000200, 1.000000000000000200, 0.9999999999999997800, 1.000000000000000200, 0.9999999999999997800, 1.000000000000000200, 0.9999999999999997800, 1.000000000000000200, 1.000000000000000400, 0.9999999999999997800, 1.000000000000000000, 1.000000000000000000, 1.000000000000000000, 1.000000000000000200, 1.000000000000000400, 1.000000000000000000, 1.000000000000000000, 1.000000000000000000, 1.000000000000000000, 0.9999999999999996700, 1.000000000000000000, 1.000000000000000000, 1.000000000000000200, 1.000000000000000200, 0.9999999999999997800, 0.9999999999999997800, 1.000000000000000200, 1.000000000000000200, 1.000000000000000000, 1.000000000000000000, 1.000000000000000400, 0.9999999999999997800, 1.000000000000000200, 1.000000000000000000, 1.000000000000000000, 1.000000000000000200, 1.000000000000000200, 0.9999999999999997800, 1.000000000000000200, 0.9999999999999997800, 1.000000000000000200, 1.000000000000000200, 0.9999999999999996700, 1.000000000000000400, 1.000000000000000000, 1.000000000000000200, 1.000000000000000000, 0.9999999999999997800, 1.000000000000000200, 1.000000000000000000, 1.000000000000000200, 0.9999999999999997800, 0.9999999999999997800, 1.000000000000000200, 0.9999999999999996700, 1.000000000000000400, 0.9999999999999997800, 1.000000000000000400, 1.000000000000000000, 0.9999999999999997800, 1.000000000000000200, 0.9999999999999996700, 1.000000000000000400, 0.9999999999999997800, 1.000000000000000200, 1.000000000000000000, 1.000000000000000000, 1.000000000000000200, 1.000000000000000000, 1.000000000000000000, 0.9999999999999997800, 1.000000000000000400, 0.9999999999999996700, 1.000000000000000400, 0.9999999999999996700, 1.000000000000000400, 0.9999999999999997800, 0.9999999999999996700, 0.9999999999999996700, 1.000000000000000000, 1.000000000000000400, 0.9999999999999996700, 1.000000000000000400, 0.9999999999999997800, 0.9999999999999997800, 1.000000000000000200, 1.000000000000000000, 1.000000000000000000, 0.9999999999999996700, 1.000000000000000200, 1.000000000000000200, 1.000000000000000000, 1.000000000000000000, 0.9999999999999997800, 1.000000000000000000, 1.000000000000000200, 0.9999999999999994400, 1.000000000000000200, 0.9999999999999996700, 1.000000000000000200, 1.000000000000000000, 1.000000000000000000, 1.000000000000000200, 1.000000000000000200, 1.000000000000000000, 0.9999999999999997800, 1.000000000000000200, 0.9999999999999996700, 1.000000000000000200, 1.000000000000000200, 0.9999999999999996700, 1.000000000000000400, 0.9999999999999997800, 1.000000000000000000, 1.000000000000000200, 1.000000000000000400, 1.000000000000000000, 0.9999999999999997800, 1.000000000000000200, 1.000000000000000000, 1.000000000000000000, 1.000000000000000200, 1.000000000000000200, 0.9999999999999997800, 1.000000000000000400, 0.9999999999999997800, 0.9999999999999997800, 1.000000000000000400, 1.000000000000000000, 1.000000000000000000, 1.000000000000000000) ) ) 
 REPRESENTATION_ITEM ( '' )  SURFACE ( )  );
#458 = CARTESIAN_POINT ( 'NONE',  ( 1588.254164154618400, -369.2081204829041200, 209.7267601632492500 ) ) ;
#459 = CARTESIAN_POINT ( 'NONE',  ( 2860.914187333821200, -733.7616332481304700, -116.6321069678464100 ) ) ;
#460 = CARTESIAN_POINT ( 'NONE',  ( 2900.670323285990000, -232.5574561332275300, 33.02158381743287000 ) ) ;
#461 = CARTESIAN_POINT ( 'NONE',  ( 1578.343306879603500, -89.75740471060559900, -243.2838336770550100 ) ) ;
#462 = EDGE_LOOP ( 'NONE', ( #1021, #3959, #5125, #2932 ) ) ;
#463 = CARTESIAN_POINT ( 'NONE',  ( 798.0195576103511700, -406.4780621743745400, -122.7830880845829000 ) ) ;
#464 = CARTESIAN_POINT ( 'NONE',  ( 1055.673031373743700, -385.8029300027049500, -247.8874538948015200 ) ) ;
#465 = CARTESIAN_POINT ( 'NONE',  ( 74.32948380835661300, 111.2394629292831200, -583.7599928626820000 ) ) ;
#466 = CARTESIAN_POINT ( 'NONE',  ( 1665.652462932874600, -581.2739659381416000, 41.56945515253973900 ) ) ;
#467 = CARTESIAN_POINT ( 'NONE',  ( 1729.696634566412500, -318.0873430213604800, -330.3229213918428400 ) ) ;
#468 = CARTESIAN_POINT ( 'NONE',  ( 2285.519723658380400, -374.2439546804560600, 200.6027234723002600 ) ) ;
#469 = CARTESIAN_POINT ( 'NONE',  ( 3237.745166094160600, -210.6847626369850800, 66.23943946816196200 ) ) ;
#470 = CARTESIAN_POINT ( 'NONE',  ( 3089.077667549938700, -289.6995891970343000, -94.51487394770450100 ) ) ;
#471 = CARTESIAN_POINT ( 'NONE',  ( 230.3184319206365800, -262.8053110982854700, 656.9658608113977600 ) ) ;
#472 = CARTESIAN_POINT ( 'NONE',  ( 230.2974912851956900, -189.4703565619179800, -176.9466421597924800 ) ) ;
#473 = CARTESIAN_POINT ( 'NONE',  ( -22.10848694592759500, -150.9010954120961400, -138.7387507202738600 ) ) ;
#474 = CARTESIAN_POINT ( 'NONE',  ( 2089.693709742594800, -400.2407317949963500, -583.5050762124585600 ) ) ;
#475 = ORIENTED_EDGE ( 'NONE', *, *, #3212, .T. ) ;
#476 = CARTESIAN_POINT ( 'NONE',  ( 1482.896990062017300, -388.8514147723306600, -126.2382971244439300 ) ) ;
#477 = CARTESIAN_POINT ( 'NONE',  ( 3135.611638401158000, 185.4347518196974800, 123.3001426389742500 ) ) ;
#478 = ADVANCED_FACE ( 'NONE', ( #1745 ), #2330, .T. ) ;
#479 = CARTESIAN_POINT ( 'NONE',  ( 1085.301663959585100, 310.5643939515925900, -465.0879941694831200 ) ) ;
#480 = EDGE_LOOP ( 'NONE', ( #4278, #1976, #1431, #6025 ) ) ;
#481 = CARTESIAN_POINT ( 'NONE',  ( 364.0898863840766900, -336.6227870775233000, 475.7021345767639100 ) ) ;
#482 = CARTESIAN_POINT ( 'NONE',  ( 2750.363497391439100, 20.33625789955811000, -424.1293910252187500 ) ) ;
#483 = CARTESIAN_POINT ( 'NONE',  ( -239.5027196259745200, -58.88890645262124900, -559.6568809366745000 ) ) ;
#484 = CARTESIAN_POINT ( 'NONE',  ( 123.9963410469408600, -423.8488862914642800, -25.54015740645628800 ) ) ;
#485 = CARTESIAN_POINT ( 'NONE',  ( 2066.429208688450200, 259.2499903069379500, -5.732465145880508900 ) ) ;
#486 = CARTESIAN_POINT ( 'NONE',  ( 1379.074486745906400, -88.43075020097425900, -415.3070507816522100 ) ) ;
#487 = CARTESIAN_POINT ( 'NONE',  ( 1375.891826061897100, 525.6213873100204000, -286.4139040666670400 ) ) ;
#488 = CARTESIAN_POINT ( 'NONE',  ( 1224.050477905885600, 426.0714072374696000, 397.5813233591497400 ) ) ;
#489 = CARTESIAN_POINT ( 'NONE',  ( 1962.118313282495800, -130.6249755541371400, 439.5782889778377000 ) ) ;
#490 = CARTESIAN_POINT ( 'NONE',  ( 1799.423195213265200, -451.2986285190689300, -81.37770472980055600 ) ) ;
#491 = CARTESIAN_POINT ( 'NONE',  ( 2401.730653594198000, -15.13087632668688300, 424.3478062045223300 ) ) ;
#492 = CARTESIAN_POINT ( 'NONE',  ( 3036.941380284148200, -534.7770930882977600, 94.52246412996379400 ) ) ;
#493 = CARTESIAN_POINT ( 'NONE',  ( 3182.082714599204800, -13.86650480873304200, 119.3320261147851700 ) ) ;
#494 = CARTESIAN_POINT ( 'NONE',  ( 3049.282634609460300, -222.0539372265512600, 234.5948182980397700 ) ) ;
#495 = CARTESIAN_POINT ( 'NONE',  ( 183.8346755191260800, -506.4885281903141800, 494.1059344957282100 ) ) ;
#496 = CARTESIAN_POINT ( 'NONE',  ( 346.5075455992479200, -248.3301923838689000, 74.67040157278444200 ) ) ;
#497 = CARTESIAN_POINT ( 'NONE',  ( 3049.282634609460300, -222.0539372265512600, 234.5948182980397700 ) ) ;
#498 = CARTESIAN_POINT ( 'NONE',  ( 2461.568700746530800, 506.3865168941172800, 494.2102699380052400 ) ) ;
#499 = CARTESIAN_POINT ( 'NONE',  ( -74.32948380835657100, 62.40871473764769900, -401.0477601495258600 ) ) ;
#500 = CARTESIAN_POINT ( 'NONE',  ( 2756.045694921517700, -155.7622686305114100, 149.6497189656783700 ) ) ;
#501 = CARTESIAN_POINT ( 'NONE',  ( 1340.965869103163400, -554.1376662163164600, 75.42674076497861800 ) ) ;
#502 = CARTESIAN_POINT ( 'NONE',  ( 340.8476245674322600, -427.8474136778342000, 395.6692807179394400 ) ) ;
#503 = CARTESIAN_POINT ( 'NONE',  ( -212.4786724770602000, 1.224646799147353200E-014, 100.0000000000000000 ) ) ;
#504 = CARTESIAN_POINT ( 'NONE',  ( -74.32948380835655700, 149.1593346570288400, -251.6471261350765500 ) ) ;
#505 = CARTESIAN_POINT ( 'NONE',  ( 2070.679326203068300, -424.5559954355462100, -616.3015140631506500 ) ) ;
#506 = CARTESIAN_POINT ( 'NONE',  ( 170.4804369296374500, -397.8368357175933700, 148.4115961522967700 ) ) ;
#507 = CARTESIAN_POINT ( 'NONE',  ( 750.8311047033379300, 378.4671217087638400, 242.9514230932381100 ) ) ;
#508 = CARTESIAN_POINT ( 'NONE',  ( 2448.214759445655500, 158.1302315888606800, 394.0748478219521200 ) ) ;
#509 = CARTESIAN_POINT ( 'NONE',  ( 2166.126713791505600, 155.0019225271194000, -578.1736379516110000 ) ) ;
#510 = CARTESIAN_POINT ( 'NONE',  ( 224.6367756512845200, -557.2844597401455100, -170.4143663213350200 ) ) ;
#511 = CARTESIAN_POINT ( 'NONE',  ( 2845.321572286390600, 447.9972578374827200, 97.93361358040310400 ) ) ;
#512 = CARTESIAN_POINT ( 'NONE',  ( 1381.063827596044600, 322.1169764791843000, 326.3946448745078300 ) ) ;
#513 = CARTESIAN_POINT ( 'NONE',  ( 2564.425932812137900, 420.0944872966696800, 61.81129882888951200 ) ) ;
#514 = CARTESIAN_POINT ( 'NONE',  ( 3193.450883286381700, -230.2684202698479200, 87.36792280613005300 ) ) ;
#515 = CARTESIAN_POINT ( 'NONE',  ( 3083.079711741538200, 211.2500033426737200, 154.9289902780495500 ) ) ;
#516 = CARTESIAN_POINT ( 'NONE',  ( 3049.329677012476600, -591.4650040991944000, -63.25531609042735000 ) ) ;
#517 = CARTESIAN_POINT ( 'NONE',  ( 2665.066191923820500, 540.6090390284935000, 217.5993610695425100 ) ) ;
#518 = CARTESIAN_POINT ( 'NONE',  ( 2645.006163267358700, 314.6877107250134600, -260.9851914378475600 ) ) ;
#519 = CARTESIAN_POINT ( 'NONE',  ( 3049.329366391451500, -459.4718099792878500, 195.1663895976002200 ) ) ;
#520 = CARTESIAN_POINT ( 'NONE',  ( 2967.214734188788000, -401.0574903525524100, -422.9100520374715300 ) ) ;
#521 = CARTESIAN_POINT ( 'NONE',  ( 3140.689233324243100, 9.693319666490815200, -98.29209606443747300 ) ) ;
#522 = CARTESIAN_POINT ( 'NONE',  ( 2712.254833905822100, -551.0497076873499500, -67.80136981844363200 ) ) ;
#523 = CARTESIAN_POINT ( 'NONE',  ( 178.1520782754866200, -440.4089051747785700, -381.6382704574272700 ) ) ;
#524 = CARTESIAN_POINT ( 'NONE',  ( 61.94123650696374700, 213.6767058318305900, -68.58968059316188700 ) ) ;
#525 = CARTESIAN_POINT ( 'NONE',  ( -74.32948380835657100, 158.7932646480971100, -297.0989455679732000 ) ) ;
#526 = CARTESIAN_POINT ( 'NONE',  ( 2535.523885008560200, 746.8851957042943500, -47.31275014298687900 ) ) ;
#527 = CARTESIAN_POINT ( 'NONE',  ( 61.94123650696374700, 213.6767058318305900, -68.58968059316188700 ) ) ;
#528 = CARTESIAN_POINT ( 'NONE',  ( 890.2842171790919100, 349.4074139323137700, -283.1557220208591200 ) ) ;
#529 = CARTESIAN_POINT ( 'NONE',  ( 2657.394458048358500, 327.9176437785192800, -269.7594566205813200 ) ) ;
#530 = LINE ( 'NONE', #391, #4410 ) ;
#531 = CARTESIAN_POINT ( 'NONE',  ( 1027.259008544207500, -522.0670670258753000, 292.8425027183498100 ) ) ;
#532 = CARTESIAN_POINT ( 'NONE',  ( 1729.696634566412500, -318.0873430213604800, -330.3229213918428400 ) ) ;
#533 = CARTESIAN_POINT ( 'NONE',  ( 1954.447132572753400, 209.2606168536798100, 214.9132155368196200 ) ) ;
#534 = CARTESIAN_POINT ( 'NONE',  ( 2727.121024962711100, 107.7389251779094600, -410.7221546982665900 ) ) ;
#535 = CARTESIAN_POINT ( 'NONE',  ( 3193.954439426108400, -415.5441790092232800, 48.34520413196243300 ) ) ;
#536 = CARTESIAN_POINT ( 'NONE',  ( 3061.705799307383100, -80.78144304320014200, 160.7027287016722700 ) ) ;
#537 = CARTESIAN_POINT ( 'NONE',  ( 3237.737020977884600, -323.6854399667410000, 92.43062243645431400 ) ) ;
#538 = CARTESIAN_POINT ( 'NONE',  ( -95.07192497943360400, 111.6640252224257600, -693.5351566610086100 ) ) ;
#539 = CARTESIAN_POINT ( 'NONE',  ( 1694.555367301053400, -255.3875697330814800, -44.95336815930699000 ) ) ;
#540 = CARTESIAN_POINT ( 'NONE',  ( 28.02855264901960200, 109.3226045940422500, 13.74509954946815400 ) ) ;
#541 = CARTESIAN_POINT ( 'NONE',  ( -95.07192497943360400, 111.6640252224257600, -693.5351566610086100 ) ) ;
#542 = CARTESIAN_POINT ( 'NONE',  ( -218.9543979933617400, 70.97173506272970700, -541.2749627333790800 ) ) ;
#543 = CARTESIAN_POINT ( 'NONE',  ( 3187.478672477060200, 11.40110498045432400, -99.34794816817427000 ) ) ;
#544 = CARTESIAN_POINT ( 'NONE',  ( 2363.621914895076300, 555.8572839616513200, 61.47843548652371500 ) ) ;
#545 = CARTESIAN_POINT ( 'NONE',  ( 1572.683302221386200, -421.1604097795428200, -402.7799235248297100 ) ) ;
#546 = CARTESIAN_POINT ( 'NONE',  ( -219.0703421961513300, 196.4174599941022700, -97.17339673057841800 ) ) ;
#547 = CARTESIAN_POINT ( 'NONE',  ( 262.7452775920334000, 198.5664134303517000, -282.0811722028641400 ) ) ;
#548 = CARTESIAN_POINT ( 'NONE',  ( 1791.773169754616900, 708.1370277316086700, 242.1101833984211600 ) ) ;
#549 = CARTESIAN_POINT ( 'NONE',  ( 2996.117731211787000, -127.1538436248931100, -226.2417658264051900 ) ) ;
#550 = CARTESIAN_POINT ( 'NONE',  ( 2634.152483719513400, 376.6775425387706900, -195.9950308538411700 ) ) ;
#551 = VERTEX_POINT ( 'NONE', #2207 ) ;
#552 = CARTESIAN_POINT ( 'NONE',  ( 1096.985570842783300, -251.5665022676803900, 543.1620868368377200 ) ) ;
#553 = CARTESIAN_POINT ( 'NONE',  ( 1752.938628970225900, -379.6031366781696200, -257.2808379023794000 ) ) ;
#554 = CARTESIAN_POINT ( 'NONE',  ( 1791.751461898922100, -190.5389585451144700, 231.6734534498043000 ) ) ;
#555 = CARTESIAN_POINT ( 'NONE',  ( 3036.941397261658900, -137.5350240503095700, 177.3312653412857600 ) ) ;
#556 = CARTESIAN_POINT ( 'NONE',  ( 3093.515542065731100, 1.238902004596969200, -111.5249083952065000 ) ) ;
#557 = VERTEX_POINT ( 'NONE', #3923 ) ;
#558 = CARTESIAN_POINT ( 'NONE',  ( 3049.329366391451500, -459.4718099792878500, 195.1663895976002200 ) ) ;
#559 = CARTESIAN_POINT ( 'NONE',  ( 1648.092870973759500, -155.1023287839483900, 690.3728809265805900 ) ) ;
#560 = CARTESIAN_POINT ( 'NONE',  ( -79.50120809202434200, -495.2608532147826300, -238.9013523556870100 ) ) ;
#561 = CARTESIAN_POINT ( 'NONE',  ( 1578.343306879603500, -89.75740471060559900, -243.2838336770550100 ) ) ;
#562 = CARTESIAN_POINT ( 'NONE',  ( -219.0692049722571500, 191.0199260550609800, -92.91477378318586500 ) ) ;
#563 = CARTESIAN_POINT ( 'NONE',  ( 2525.613081696607400, -37.03751837823941900, 581.5804508844024700 ) ) ;
#564 = CARTESIAN_POINT ( 'NONE',  ( 3052.629710145931800, -17.18362149596789800, -81.67520948253117300 ) ) ;
#565 = CARTESIAN_POINT ( 'NONE',  ( 240.2070055445150800, -235.4905126099819500, 353.3331965359094500 ) ) ;
#566 = CARTESIAN_POINT ( 'NONE',  ( 18.63901376353561200, -257.1639917874635400, -317.8496522463896700 ) ) ;
#567 = CARTESIAN_POINT ( 'NONE',  ( 1595.925897553155900, -495.4489686379809000, -306.8187856304878700 ) ) ;
#568 = CARTESIAN_POINT ( 'NONE',  ( -215.2036529401385400, 199.4871561781539800, -99.59536920141803800 ) ) ;
#569 = CARTESIAN_POINT ( 'NONE',  ( 262.7452775920333500, 164.1120738371313300, -391.8790287520757800 ) ) ;
#570 = CARTESIAN_POINT ( 'NONE',  ( 1155.028220572569100, -20.74839225008948800, -558.8618472758610100 ) ) ;
#571 = CARTESIAN_POINT ( 'NONE',  ( 262.7452775920333500, 134.3034663706231700, -175.3232622839261400 ) ) ;
#572 = CARTESIAN_POINT ( 'NONE',  ( 3042.601073903740100, -206.3356641256653500, -159.2450197077290000 ) ) ;
#573 = CARTESIAN_POINT ( 'NONE',  ( 3036.938026107399300, -336.2744286953650900, 225.5829539246277300 ) ) ;
#574 = CARTESIAN_POINT ( 'NONE',  ( 1189.954793786687800, 233.5154341306990200, 551.1632871180177100 ) ) ;
#575 = CARTESIAN_POINT ( 'NONE',  ( 2543.173146907605800, -448.0872737084000600, 97.52112887951393800 ) ) ;
#576 = CARTESIAN_POINT ( 'NONE',  ( 1861.478043246002500, -18.70983373605167800, 299.3787394844368400 ) ) ;
#577 = DIRECTION ( 'NONE',  ( 0.0000000000000000000, 0.0000000000000000000, -1.000000000000000000 ) ) ;
#578 = UNCERTAINTY_MEASURE_WITH_UNIT (LENGTH_MEASURE( 1.000000000000000100E-005 ), #1362, 'distance_accuracy_value', 'NONE');
#579 = CARTESIAN_POINT ( 'NONE',  ( 2316.433416958260300, -543.2385992015914600, -210.9488069632976100 ) ) ;
#580 = CARTESIAN_POINT ( 'NONE',  ( 251.0612434015587800, -149.8451315259116300, 380.3785532975680300 ) ) ;
#581 = CARTESIAN_POINT ( 'NONE',  ( -61.94123650696379700, 151.9439373606254000, -224.8190127061672600 ) ) ;
#582 = CARTESIAN_POINT ( 'NONE',  ( 1764.302844604584200, 518.3622090120208000, 481.6342520157166400 ) ) ;
#583 = CARTESIAN_POINT ( 'NONE',  ( 2879.928489444849700, -693.5353404577933800, -111.6641039454445000 ) ) ;
#584 = CARTESIAN_POINT ( 'NONE',  ( -212.4786724770602300, -200.0000000000000000, -100.0000000000000100 ) ) ;
#585 = CARTESIAN_POINT ( 'NONE',  ( 1136.742914004990100, -117.1527489412480900, 231.3414518621222000 ) ) ;
#586 = CARTESIAN_POINT ( 'NONE',  ( 47.53827636071530800, 143.6073562754665400, -13.30537051784361300 ) ) ;
#587 = CARTESIAN_POINT ( 'NONE',  ( 2711.550884054929200, 582.4101147511721600, -20.14617331116454200 ) ) ;
#588 = CARTESIAN_POINT ( 'NONE',  ( -61.94123650696380400, 66.47794375361736700, -416.2737795422888800 ) ) ;
#589 = CARTESIAN_POINT ( 'NONE',  ( 2900.670323286236900, -283.3488746628955800, 53.68964898348112100 ) ) ;
#590 = CARTESIAN_POINT ( 'NONE',  ( 7.785225226942168700, -191.1687577761928200, -379.1273102632059700 ) ) ;
#591 = CARTESIAN_POINT ( 'NONE',  ( 2084.715630440921800, -483.0913328124880200, 281.7437437506305300 ) ) ;
#592 = CARTESIAN_POINT ( 'NONE',  ( 1379.074486745906400, -88.43075020097425900, -415.3070507816522100 ) ) ;
#593 = CARTESIAN_POINT ( 'NONE',  ( 119.4304284132848700, -81.35283817618461900, 6.388078020519315300 ) ) ;
#594 = CARTESIAN_POINT ( 'NONE',  ( 262.7452775920334000, 105.8469133583488700, -433.7585730333743200 ) ) ;
#595 = CARTESIAN_POINT ( 'NONE',  ( 1271.239304524086700, -493.2896758743983700, -263.4825149589896100 ) ) ;
#596 = CARTESIAN_POINT ( 'NONE',  ( 72.94362099270728100, 210.5682994953950000, -46.13716603677154600 ) ) ;
#597 = CARTESIAN_POINT ( 'NONE',  ( 2391.820796190637800, -254.2073097076337300, -51.20759980444586300 ) ) ;
#598 = CARTESIAN_POINT ( 'NONE',  ( 3036.942343978379100, -394.8868687028291900, 210.4994084670908900 ) ) ;
#599 = CARTESIAN_POINT ( 'NONE',  ( 748.3527651624875700, 244.8821128425994100, -546.2082793104893900 ) ) ;
#600 = CARTESIAN_POINT ( 'NONE',  ( 2840.149840078258900, 284.3997591372725500, -526.7137438984347000 ) ) ;
#601 = CARTESIAN_POINT ( 'NONE',  ( 3054.501239582366900, -41.93179296057391500, -456.6663798905265100 ) ) ;
#602 = CARTESIAN_POINT ( 'NONE',  ( 2907.376747956027900, 29.71420172290043000, -298.4824344667172800 ) ) ;
#603 = CARTESIAN_POINT ( 'NONE',  ( -262.7452775920334600, 196.1621565819994000, -84.72193897320437400 ) ) ;
#604 = CARTESIAN_POINT ( 'NONE',  ( 2943.972415225950000, -304.5525083594847000, -496.8312597548844000 ) ) ;
#605 = CARTESIAN_POINT ( 'NONE',  ( -74.32948380835657100, 110.5693822564359700, -207.2386007891051100 ) ) ;
#606 = CARTESIAN_POINT ( 'NONE',  ( 2043.209169454137100, -129.4433596498208500, -695.6402855611563600 ) ) ;
#607 = CARTESIAN_POINT ( 'NONE',  ( 129.6785048839095400, -78.17372310797739500, 544.2976204445647000 ) ) ;
#608 = DIRECTION ( 'NONE',  ( 1.000000000000000000, 0.0000000000000000000, 0.0000000000000000000 ) ) ;
#609 = CARTESIAN_POINT ( 'NONE',  ( 741.6247924760754100, 198.8239257626187600, -166.4707025151674900 ) ) ;
#610 = CARTESIAN_POINT ( 'NONE',  ( 61.94123650696374700, 213.6767058318305900, -68.58968059316188700 ) ) ;
#611 = CARTESIAN_POINT ( 'NONE',  ( 300.0449837164001100, 171.8567215840183200, 686.3935044288733700 ) ) ;
#612 = CARTESIAN_POINT ( 'NONE',  ( -262.7452775920334000, 299.3817006858341200, -365.9655615724622600 ) ) ;
#613 = CARTESIAN_POINT ( 'NONE',  ( 519.1132809578360800, 399.6280679885772400, -143.5183736566619900 ) ) ;
#614 = CARTESIAN_POINT ( 'NONE',  ( 2949.633017246860200, -24.78138802510300900, -258.1479350736264000 ) ) ;
#615 = CARTESIAN_POINT ( 'NONE',  ( 2526.317411452519100, 122.3713412864135700, -545.6937577990439600 ) ) ;
#616 = CARTESIAN_POINT ( 'NONE',  ( 1634.738391249850100, -252.5439106327093800, 341.3526414264072200 ) ) ;
#617 = CARTESIAN_POINT ( 'NONE',  ( 320.7878103750613300, 101.3818789635052900, 396.0594884951320300 ) ) ;
#618 = CARTESIAN_POINT ( 'NONE',  ( 573.9736366535988700, -499.6071252248164600, -251.2972380204296600 ) ) ;
#619 = CARTESIAN_POINT ( 'NONE',  ( 2168.604624292488100, 412.2562801740063500, 179.7438709140295100 ) ) ;
#620 = CARTESIAN_POINT ( 'NONE',  ( 3181.096739139916700, -11.68431209922989600, 99.52304326338101200 ) ) ;
#621 = CARTESIAN_POINT ( 'NONE',  ( 1585.071523998323800, -431.7809057060324600, -414.5793264495305800 ) ) ;
#622 = CARTESIAN_POINT ( 'NONE',  ( 2863.392299914105900, 169.1446416690266100, -574.1956287324475200 ) ) ;
#623 = COLOUR_RGB ( '',0.7921568627450980000, 0.8196078431372548800, 0.9333333333333333500 ) ;
#624 = CARTESIAN_POINT ( 'NONE',  ( 3008.016765351725100, 146.7165413195788200, -434.4733599354076400 ) ) ;
#625 = CARTESIAN_POINT ( 'NONE',  ( 2814.407216742703900, 241.1209890339731300, -178.4326108869718400 ) ) ;
#626 = CARTESIAN_POINT ( 'NONE',  ( -114.0863099753204900, 116.6320125002183800, -733.7614126919894500 ) ) ;
#627 = EDGE_LOOP ( 'NONE', ( #2226, #3005, #5061, #3342 ) ) ;
#628 = CARTESIAN_POINT ( 'NONE',  ( 2200.222420164072900, -91.28739764144326300, -575.5643716729594000 ) ) ;
#629 = CARTESIAN_POINT ( 'NONE',  ( 201.3944709491654200, -509.9090920513600100, -282.1366020917331000 ) ) ;
#630 = CARTESIAN_POINT ( 'NONE',  ( -4.603042044756242600, -185.4711216155859300, -364.2869183674102900 ) ) ;
#631 = CARTESIAN_POINT ( 'NONE',  ( 95.07192497943364600, 75.83913298094420000, -287.0038408705218600 ) ) ;
#632 = CARTESIAN_POINT ( 'NONE',  ( 904.3424830686830100, -407.4904016804294400, 578.4657090017909700 ) ) ;
#633 = CARTESIAN_POINT ( 'NONE',  ( 1036.123888465820100, 544.5331975060843200, -76.51733494587847400 ) ) ;
#634 = CARTESIAN_POINT ( 'NONE',  ( -22.10848694592759500, -150.9010954120961400, -138.7387507202738600 ) ) ;
#635 = CARTESIAN_POINT ( 'NONE',  ( 2601.000392567205800, 27.95547849232363500, 257.8023440353871400 ) ) ;
#636 = CARTESIAN_POINT ( 'NONE',  ( -182.5680654982462000, 1.178588654849433800, -100.9298996074385900 ) ) ;
#637 = CARTESIAN_POINT ( 'NONE',  ( 904.3424830686830100, -407.4904016804294400, 578.4657090017909700 ) ) ;
#638 = CARTESIAN_POINT ( 'NONE',  ( -114.0863099753205000, 462.7433985649736900, -120.6909560624051800 ) ) ;
#639 = CARTESIAN_POINT ( 'NONE',  ( 1619.167871147108100, -548.2519128031343600, -197.5533956258165900 ) ) ;
#640 = CARTESIAN_POINT ( 'NONE',  ( 2996.117731211787000, -127.1538436248931100, -226.2417658264051900 ) ) ;
#641 = CARTESIAN_POINT ( 'NONE',  ( 1134.264135669018300, 390.3712866773249200, 121.4570412021601100 ) ) ;
#642 = ORIENTED_EDGE ( 'NONE', *, *, #790, .T. ) ;
#643 = CARTESIAN_POINT ( 'NONE',  ( 1495.285252200299500, -403.3423706458465900, -132.7214875357167900 ) ) ;
#644 = CARTESIAN_POINT ( 'NONE',  ( -66.58208680826072600, 27.78703686003455800, -403.4829710454713400 ) ) ;
#645 = CARTESIAN_POINT ( 'NONE',  ( 1062.059608435408100, 400.1558854226975100, -390.6827079543376700 ) ) ;
#646 = EDGE_CURVE ( 'NONE', #2373, #6019, #2111, .T. ) ;
#647 = CARTESIAN_POINT ( 'NONE',  ( 114.0863099753203500, 21.82274974291991800, -326.5766297704096800 ) ) ;
#648 = CARTESIAN_POINT ( 'NONE',  ( 1750.245221986255300, -233.5563832070396300, -384.3363123979819400 ) ) ;
#649 = CARTESIAN_POINT ( 'NONE',  ( 492.6890561367084200, 246.9711950101352300, 545.2666859878179400 ) ) ;
#650 = EDGE_LOOP ( 'NONE', ( #3638, #3953, #799, #3945, #1115 ) ) ;
#651 = CARTESIAN_POINT ( 'NONE',  ( 2700.696682264179300, 589.3406082036895000, 104.8252137292544600 ) ) ;
#652 = CARTESIAN_POINT ( 'NONE',  ( 1218.368387407162800, -288.9012738777069000, 356.1296425799439500 ) ) ;
#653 = CARTESIAN_POINT ( 'NONE',  ( -74.32948380835654200, 117.3877108261485300, -379.7697839878332500 ) ) ;
#654 = CARTESIAN_POINT ( 'NONE',  ( 61.94123650696374000, 226.7607438494719900, -79.66522243802505400 ) ) ;
#655 = CARTESIAN_POINT ( 'NONE',  ( 2999.743770017367800, -43.61645227610394900, -83.79272227445885300 ) ) ;
#656 = CARTESIAN_POINT ( 'NONE',  ( -61.94123650696378300, 128.2509615012112600, -201.5172910259399500 ) ) ;
#657 = CARTESIAN_POINT ( 'NONE',  ( 788.1308774356832600, -704.9654990488303400, -60.78196575862015300 ) ) ;
#658 = CARTESIAN_POINT ( 'NONE',  ( 1175.577019182417600, 98.15474620199735500, -541.0517269726733500 ) ) ;
#659 = CARTESIAN_POINT ( 'NONE',  ( -61.94123650696379000, 119.9427753087445900, -194.6341534985648100 ) ) ;
#660 = CARTESIAN_POINT ( 'NONE',  ( 2554.515177799526600, -78.91601233520641800, 247.0135633651833600 ) ) ;
#661 = CARTESIAN_POINT ( 'NONE',  ( 974.0690259231545300, 8.610415589658938300, 707.5286922912405300 ) ) ;
#662 = CARTESIAN_POINT ( 'NONE',  ( 114.0863099753203300, 8.746475877436362000, -286.1377840800030900 ) ) ;
#663 = CARTESIAN_POINT ( 'NONE',  ( 1216.378974091563800, 403.0297565761927100, -133.6678469861857100 ) ) ;
#664 = CARTESIAN_POINT ( 'NONE',  ( 1029.737331057543100, -159.2615785051325200, -420.5929228282745400 ) ) ;
#665 = CARTESIAN_POINT ( 'NONE',  ( 1273.717277386414000, 237.7792055498124500, -332.5696834250250600 ) ) ;
#666 = CARTESIAN_POINT ( 'NONE',  ( 798.0195576103511700, -406.4780621743745400, -122.7830880845829000 ) ) ;
#667 = CARTESIAN_POINT ( 'NONE',  ( 251.0612434015587800, -149.8451315259116500, 380.3785532975680300 ) ) ;
#668 = CARTESIAN_POINT ( 'NONE',  ( 1178.270253080322400, -136.0446939150971600, -542.4466161824152600 ) ) ;
#669 = CARTESIAN_POINT ( 'NONE',  ( -90.20932942469555400, 56.76796176595199500, -164.7895923179296200 ) ) ;
#670 = CARTESIAN_POINT ( 'NONE',  ( 1471.338953723458200, 416.5430330021095000, 169.5724326758684700 ) ) ;
#671 = CARTESIAN_POINT ( 'NONE',  ( 3162.408482505612000, -12.36608972770771300, 99.94455780471253100 ) ) ;
#672 = CARTESIAN_POINT ( 'NONE',  ( 632.1422094407290600, 595.2164136876537000, -63.46595044345100700 ) ) ;
#673 = B_SPLINE_CURVE_WITH_KNOTS ( 'NONE', 3,
 ( #5889, #2872, #2850, #3360, #6415, #3883, #336, #2415, #416, #840, #1892 ),
 .UNSPECIFIED., .F., .F.,
 ( 4, 1, 1, 1, 1, 1, 1, 1, 4 ),
 ( 0.0000000000000000000, 0.1310038109028284800, 0.2704835234952268600, 0.4156855244358764700, 0.5630748974725337000, 0.6780326435055935600, 0.7901374509886026600, 0.8978491610507430800, 1.000000000000000000 ),
 .UNSPECIFIED. ) ;
#674 = CARTESIAN_POINT ( 'NONE',  ( 257.7893097820488000, 28.96869888977975900, 747.8212251866064000 ) ) ;
#675 = CARTESIAN_POINT ( 'NONE',  ( 614.0716319788832600, 80.96233759560188000, 451.3733165545946200 ) ) ;
#676 = CARTESIAN_POINT ( 'NONE',  ( 2174.990898296107400, -325.5229695864853700, 443.1763825516746900 ) ) ;
#677 = CARTESIAN_POINT ( 'NONE',  ( 2804.519302526243800, 376.1959517908574100, -445.0665731577269600 ) ) ;
#678 = CARTESIAN_POINT ( 'NONE',  ( -66.58208680826072600, 27.78703686003455800, -403.4829710454713400 ) ) ;
#679 = CARTESIAN_POINT ( 'NONE',  ( 218.9543979933611400, 190.5247250683831100, -224.7282942253244200 ) ) ;
#680 = CARTESIAN_POINT ( 'NONE',  ( 2872.181092444753200, -683.9823789368962300, -145.0307303459242100 ) ) ;
#681 = CARTESIAN_POINT ( 'NONE',  ( 2314.444014275087700, 318.6978193238218800, 448.1095572554216900 ) ) ;
#682 = DIRECTION ( 'NONE',  ( 0.0000000000000000000, 1.000000000000000000, 0.0000000000000000000 ) ) ;
#683 = CARTESIAN_POINT ( 'NONE',  ( 59.76598577910436200, 178.9586655841055500, -41.19734836209234900 ) ) ;
#684 = CARTESIAN_POINT ( 'NONE',  ( 1067.037128215726600, 530.0258379957548400, 468.7680018437916900 ) ) ;
#685 = CARTESIAN_POINT ( 'NONE',  ( 74.32948380835650000, 322.1328463805376100, -417.9730573917984200 ) ) ;
#686 = CARTESIAN_POINT ( 'NONE',  ( 1332.589761323899200, 87.45577506792334100, -415.5137071736658600 ) ) ;
#687 = CARTESIAN_POINT ( 'NONE',  ( 750.8311047033379300, 378.4671217087638400, 242.9514230932381100 ) ) ;
#688 = CARTESIAN_POINT ( 'NONE',  ( 1785.045603723858700, 300.9619074708048700, 276.7008100709275000 ) ) ;
#689 = CARTESIAN_POINT ( 'NONE',  ( 914.2304167421048100, -310.7586711241626700, 289.3599569291124600 ) ) ;
#690 = CARTESIAN_POINT ( 'NONE',  ( 1227.233138174156000, 352.1507527871983700, -207.6806113650737900 ) ) ;
#691 = CARTESIAN_POINT ( 'NONE',  ( -212.4786724770602000, 0.0000000000000000000, 100.0000000000000000 ) ) ;
#692 = CARTESIAN_POINT ( 'NONE',  ( 2689.012274987037500, -527.8597193030433300, -192.6078833964851100 ) ) ;
#693 = CARTESIAN_POINT ( 'NONE',  ( 2238.331191280963600, 439.4096632667355500, -95.82414257409652700 ) ) ;
#694 = CARTESIAN_POINT ( 'NONE',  ( 3114.663254271779800, -26.57546536261973500, 108.7296193895797400 ) ) ;
#695 = CARTESIAN_POINT ( 'NONE',  ( 1445.618391407741000, 258.2129806821194500, -540.0340959942560600 ) ) ;
#696 = CARTESIAN_POINT ( 'NONE',  ( 3041.582166138990900, -570.6881676666938600, -153.8018998929150000 ) ) ;
#697 = CARTESIAN_POINT ( 'NONE',  ( 451.3761606157943300, -439.6986622150568600, 130.2199844235123000 ) ) ;
#698 = CARTESIAN_POINT ( 'NONE',  ( 1710.147108575766400, 547.4772148505177300, 51.37230825837220700 ) ) ;
#699 = CARTESIAN_POINT ( 'NONE',  ( 2913.058602738323300, -223.9190532165985700, 46.14064577414685400 ) ) ;
#700 = CARTESIAN_POINT ( 'NONE',  ( 1227.233138174156000, 352.1507527871983700, -207.6806113650737900 ) ) ;
#701 = CARTESIAN_POINT ( 'NONE',  ( -95.07192497943368900, 424.9179415278541700, -136.0644626601743100 ) ) ;
#702 = CARTESIAN_POINT ( 'NONE',  ( 315.6158373413586600, 549.3383683346033900, 24.44699068286100300 ) ) ;
#703 = CARTESIAN_POINT ( 'NONE',  ( 1431.240844199962600, -470.3402310900012300, 284.8691252070599400 ) ) ;
#704 = CARTESIAN_POINT ( 'NONE',  ( 2656.690592466548900, -304.0783922638333400, 331.3601659089624700 ) ) ;
#705 = CARTESIAN_POINT ( 'NONE',  ( 3089.085812666049200, -254.7956987286001400, -31.21889453612317000 ) ) ;
#706 = CARTESIAN_POINT ( 'NONE',  ( 881.1005612053868400, -518.4617478466314000, 481.5276185421942600 ) ) ;
#707 = CARTESIAN_POINT ( 'NONE',  ( 74.32948380835650000, 237.0893072668155800, -67.89925601098237000 ) ) ;
#708 = CARTESIAN_POINT ( 'NONE',  ( 937.4726962839844200, -244.0907298006166300, 347.4475639389448200 ) ) ;
#709 = CARTESIAN_POINT ( 'NONE',  ( 425.4404520943612600, -422.4978583159838200, -154.1259897905961200 ) ) ;
#710 = CARTESIAN_POINT ( 'NONE',  ( 1343.443848272285300, -2.108748872864648400, -408.8240371136929000 ) ) ;
#711 = CARTESIAN_POINT ( 'NONE',  ( 2564.425932812137900, 420.0944872966696800, 61.81129882888951200 ) ) ;
#712 = CARTESIAN_POINT ( 'NONE',  ( 390.5143769056371100, 314.1764727090795200, 261.5999708246338300 ) ) ;
#713 = CARTESIAN_POINT ( 'NONE',  ( 1480.418997111381000, -102.2030432582215400, 549.8293299169126800 ) ) ;
#714 = CARTESIAN_POINT ( 'NONE',  ( 74.32948380835650000, 223.0500988841392000, -55.98523330262157300 ) ) ;
#715 = CARTESIAN_POINT ( 'NONE',  ( 1308.643562890635400, -122.6268156827596300, 432.6953251610767100 ) ) ;
#716 = CARTESIAN_POINT ( 'NONE',  ( 3189.205326610066100, -210.1669312751122300, 76.58897297045209000 ) ) ;
#717 = CARTESIAN_POINT ( 'NONE',  ( 74.32948380835650000, 223.0500988841392000, -55.98523330262157300 ) ) ;
#718 = EDGE_CURVE ( 'NONE', #3175, #4847, #1464, .T. ) ;
#719 = CARTESIAN_POINT ( 'NONE',  ( 1512.867015068056200, -713.0058515720896800, 227.3721565979593900 ) ) ;
#720 = CARTESIAN_POINT ( 'NONE',  ( 2267.959653998352200, 109.7641135818764000, 538.8157817922093500 ) ) ;
#721 = CARTESIAN_POINT ( 'NONE',  ( 61.94123650696375400, 119.3170809112957300, -565.0360707628671000 ) ) ;
#722 = CARTESIAN_POINT ( 'NONE',  ( 1924.498714353193900, 357.1414893114838900, -198.9758098127023800 ) ) ;
#723 = ORIENTED_EDGE ( 'NONE', *, *, #110, .F. ) ;
#724 = CARTESIAN_POINT ( 'NONE',  ( -61.94123650696380400, 171.2462842503276800, -324.2131258998336400 ) ) ;
#725 = CARTESIAN_POINT ( 'NONE',  ( 2693.991232714814900, 180.4080744761500300, -684.1953750585441900 ) ) ;
#726 = CARTESIAN_POINT ( 'NONE',  ( 2593.350246826851200, 10.95831407621571100, -549.7763475837205100 ) ) ;
#727 = CARTESIAN_POINT ( 'NONE',  ( 2563.721666851663500, -449.7274329862719400, -2.779492558661157600 ) ) ;
#728 = CARTESIAN_POINT ( 'NONE',  ( -44.78117057507183300, 42.50293848855188400, 66.46542824515920200 ) ) ;
#729 = CARTESIAN_POINT ( 'NONE',  ( 2756.045694921517200, -541.2754024904763800, -70.97182298760891700 ) ) ;
#730 = ORIENTED_EDGE ( 'NONE', *, *, #3291, .F. ) ;
#731 = CARTESIAN_POINT ( 'NONE',  ( 1518.527605486947100, -422.0848634600073400, -46.30675814131415500 ) ) ;
#732 = CARTESIAN_POINT ( 'NONE',  ( 2712.254671731816000, -465.5558586451078900, 140.3974294425821400 ) ) ;
#733 = CARTESIAN_POINT ( 'NONE',  ( 1064.537564851477600, 245.2299403991669400, 327.1144069844887100 ) ) ;
#734 = CARTESIAN_POINT ( 'NONE',  ( 2610.910360134809700, 409.1029209792747600, -113.7312204753230000 ) ) ;
#735 = CARTESIAN_POINT ( 'NONE',  ( 1459.654582224557100, -354.2746751801005900, -204.0369825302509800 ) ) ;
#736 = CARTESIAN_POINT ( 'NONE',  ( 2913.058602738323300, -223.9190532165985700, 46.14064577414685400 ) ) ;
#737 = CARTESIAN_POINT ( 'NONE',  ( 1457.176515670032600, -213.8629556388416100, 516.7389900488146800 ) ) ;
#738 = CARTESIAN_POINT ( 'NONE',  ( -154.5506203791088400, 254.1375249354560100, 108.8455748886253800 ) ) ;
#739 = CARTESIAN_POINT ( 'NONE',  ( 2703.174794986947700, -143.7104977769693600, 426.1570086521517700 ) ) ;
#740 = CARTESIAN_POINT ( 'NONE',  ( 3046.831704464057100, 191.6507908719628400, -65.14121918203527200 ) ) ;
#741 = CARTESIAN_POINT ( 'NONE',  ( 2491.516951197063900, -277.9149552691210400, 530.1641122535503400 ) ) ;
#742 = CARTESIAN_POINT ( 'NONE',  ( 1280.445778844006800, 153.6049452046877700, -732.4490953658031500 ) ) ;
#743 = CARTESIAN_POINT ( 'NONE',  ( 1454.483276701521600, -401.1427705174434100, 376.1061364850442000 ) ) ;
#744 = CARTESIAN_POINT ( 'NONE',  ( 3070.073403988780700, -295.5245181618420200, -54.66795282860881100 ) ) ;
#745 = CARTESIAN_POINT ( 'NONE',  ( 855.3578526468928700, -385.9010660686927800, 134.9886644695433800 ) ) ;
#746 = CARTESIAN_POINT ( 'NONE',  ( -218.9543979933612300, 192.6547849454585200, -93.68412490654337400 ) ) ;
#747 = CARTESIAN_POINT ( 'NONE',  ( 2531.295294622682800, 699.9119356771228700, 103.8960895106355200 ) ) ;
#748 = CARTESIAN_POINT ( 'NONE',  ( 2058.779946785939000, -546.8056767604056200, -58.08680099959261900 ) ) ;
#749 = SURFACE_STYLE_USAGE ( .BOTH. , #3247 ) ;
#750 = CARTESIAN_POINT ( 'NONE',  ( 2845.321572286390600, 447.9972578374827200, 97.93361358040310400 ) ) ;
#751 = CARTESIAN_POINT ( 'NONE',  ( 1890.402246843528900, 423.0089088681412500, -36.92728967445302100 ) ) ;
#752 = CARTESIAN_POINT ( 'NONE',  ( 390.5143769056371100, 314.1764727090795200, 261.5999708246338300 ) ) ;
#753 = CARTESIAN_POINT ( 'NONE',  ( 2854.185827219896100, -343.1880853891725600, -221.8558049838693800 ) ) ;
#754 = CARTESIAN_POINT ( 'NONE',  ( 2866.574125531307300, -355.5833450892332600, -231.6864341944795700 ) ) ;
#755 = CARTESIAN_POINT ( 'NONE',  ( 2273.131480239427700, -359.5563928209452300, 194.5781166533428700 ) ) ;
#756 = CARTESIAN_POINT ( 'NONE',  ( 2913.058602738528400, -282.8944749076960100, 69.53036885802562500 ) ) ;
#757 = CARTESIAN_POINT ( 'NONE',  ( 1736.082784703522100, 479.5974441807941800, -287.6506952573855100 ) ) ;
#758 = CARTESIAN_POINT ( 'NONE',  ( 2726.417159169081500, -52.33244143254894700, 446.6817227117727500 ) ) ;
#759 = CARTESIAN_POINT ( 'NONE',  ( 3187.478672477060200, 11.40110498045432400, -99.34794816817427000 ) ) ;
#760 = CARTESIAN_POINT ( 'NONE',  ( 74.32948380835651400, 111.2394629292836200, -583.7599928626818800 ) ) ;
#761 = CARTESIAN_POINT ( 'NONE',  ( 2093.921341858542700, -542.9934620086653500, -515.0084287741685800 ) ) ;
#762 = CARTESIAN_POINT ( 'NONE',  ( 2477.139364533539700, 480.5069826165365600, -267.3644330504035900 ) ) ;
#763 = CARTESIAN_POINT ( 'NONE',  ( 2375.306395425003300, -597.9879193506377500, 26.84759801078627800 ) ) ;
#764 = CARTESIAN_POINT ( 'NONE',  ( 808.8737663944159500, -407.4973053451189500, -32.97476517263281400 ) ) ;
#765 = CARTESIAN_POINT ( 'NONE',  ( 218.9543979933612300, 199.3021327794794500, -348.2542320258600100 ) ) ;
#766 = CARTESIAN_POINT ( 'NONE',  ( 757.2176229811823300, -391.7918266402608100, 385.8372888178313900 ) ) ;
#767 = CARTESIAN_POINT ( 'NONE',  ( 1593.936403559098800, 231.2922209485649900, 498.8739922165711400 ) ) ;
#768 = CARTESIAN_POINT ( 'NONE',  ( 3049.329676713933600, -586.1384595560583600, -92.96992531793648600 ) ) ;
#769 = CARTESIAN_POINT ( 'NONE',  ( -262.7452775920334000, 203.1995467428345700, -503.9156298286906700 ) ) ;
#770 = CARTESIAN_POINT ( 'NONE',  ( 676.1261645090561400, 287.1382176964579000, -86.77126397693452000 ) ) ;
#771 = CARTESIAN_POINT ( 'NONE',  ( 218.9543979933612800, 121.7196860984684600, -435.1314626153355200 ) ) ;
#772 = CARTESIAN_POINT ( 'NONE',  ( 3186.206718786862400, -428.1148721693298900, -151.3693412202389700 ) ) ;
#773 = CARTESIAN_POINT ( 'NONE',  ( 2889.816753119018800, -398.6321166331462100, -150.3016251804800700 ) ) ;
#774 = CARTESIAN_POINT ( 'NONE',  ( 2900.670323286018600, -305.0237611108484000, 54.15999951414875100 ) ) ;
#775 = CARTESIAN_POINT ( 'NONE',  ( 2482.311132162279100, 294.0806513816605200, 284.0035809744688900 ) ) ;
#776 = CARTESIAN_POINT ( 'NONE',  ( 1366.686257904445000, -86.73532517835758400, -399.5226840665077400 ) ) ;
#777 = CARTESIAN_POINT ( 'NONE',  ( 3193.977563341431100, -288.3649604256666000, 103.2792833726669500 ) ) ;
#778 = CARTESIAN_POINT ( 'NONE',  ( 2503.075059824455800, 232.7378171881364300, -508.5178615265531300 ) ) ;
#779 = CARTESIAN_POINT ( 'NONE',  ( 3237.745166094162000, -433.7580453248640400, -105.8468078484262400 ) ) ;
#780 = CARTESIAN_POINT ( 'NONE',  ( 3095.103843669279300, -278.4228542158978700, -113.3988311131182800 ) ) ;
#781 = CARTESIAN_POINT ( 'NONE',  ( 2375.306395425003300, -597.9879193506377500, 26.84759801078627800 ) ) ;
#782 = CARTESIAN_POINT ( 'NONE',  ( 1884.741579090190700, 654.9479233920311600, -362.1032185496532600 ) ) ;
#783 = CARTESIAN_POINT ( 'NONE',  ( 588.8398500194769000, 239.8086796758640000, -350.4167660466767400 ) ) ;
#784 = CARTESIAN_POINT ( 'NONE',  ( 2909.876420287645900, -78.05051804985956200, -593.4810197287458800 ) ) ;
#785 = CARTESIAN_POINT ( 'NONE',  ( 1808.287385317118200, 351.7441527592567400, 208.3691259644004400 ) ) ;
#786 = CARTESIAN_POINT ( 'NONE',  ( -218.9543979933613100, 117.3497738230759100, -535.3166833039991800 ) ) ;
#787 = CARTESIAN_POINT ( 'NONE',  ( 873.4283310660299500, 136.0701704808846600, 532.7806257687942700 ) ) ;
#788 = CARTESIAN_POINT ( 'NONE',  ( 147.2383330595285400, -419.9482504234898700, 62.79714441866369900 ) ) ;
#789 = CARTESIAN_POINT ( 'NONE',  ( 3237.745176113431600, -440.1067981307042500, -20.72729920844836500 ) ) ;
#790 = EDGE_CURVE ( 'NONE', #3175, #557, #5372, .T. ) ;
#791 =( BOUNDED_CURVE ( )  B_SPLINE_CURVE ( 3, ( #14, #4069, #4048, #4580 ),
 .UNSPECIFIED., .F., .F. ) 
 B_SPLINE_CURVE_WITH_KNOTS ( ( 4, 4 ),
 ( 0.0000000000000000000, 0.4999999999999995000 ),
 .UNSPECIFIED. ) 
 CURVE ( )  GEOMETRIC_REPRESENTATION_ITEM ( )  RATIONAL_B_SPLINE_CURVE ( ( 1.000000000000000000, 0.3333333333333340400, 0.3333333333333333700, 0.9999999999999993300 ) ) 
 REPRESENTATION_ITEM ( '' )  );
#792 = CARTESIAN_POINT ( 'NONE',  ( -212.4786724770602000, 0.0000000000000000000, -120.0000000000000100 ) ) ;
#793 = CARTESIAN_POINT ( 'NONE',  ( 606.3995844519532700, 283.5436401937979600, 97.88057480732622700 ) ) ;
#794 = CARTESIAN_POINT ( 'NONE',  ( -61.94123650696378300, 128.2509615012112600, -201.5172910259399500 ) ) ;
#795 = CARTESIAN_POINT ( 'NONE',  ( 852.1757712686070400, -340.3205067121869000, -473.0638418091764400 ) ) ;
#796 = CARTESIAN_POINT ( 'NONE',  ( 2634.152483719513400, 376.6775425387706400, -195.9950308538411700 ) ) ;
#797 = CARTESIAN_POINT ( 'NONE',  ( 2900.670323285992700, -402.0555753003217200, -51.66683224123438800 ) ) ;
#798 = CARTESIAN_POINT ( 'NONE',  ( 2342.858031528222900, -177.4216387119981800, 368.3246009432328900 ) ) ;
#799 = ORIENTED_EDGE ( 'NONE', *, *, #1736, .T. ) ;
#800 = CARTESIAN_POINT ( 'NONE',  ( 1389.928023217614100, -167.6000359438040700, -372.8965830363492800 ) ) ;
#801 = CARTESIAN_POINT ( 'NONE',  ( 3193.954305078464600, -205.6918086363967300, 73.82219214975417300 ) ) ;
#802 = CARTESIAN_POINT ( 'NONE',  ( 413.7562583844258500, 361.5446411534758800, 190.8587028658016000 ) ) ;
#803 = CARTESIAN_POINT ( 'NONE',  ( 3191.260699573314000, -355.0788644272111000, -277.2124201624035900 ) ) ;
#804 = CARTESIAN_POINT ( 'NONE',  ( 3187.478672477060200, -224.7537496270570000, -146.5801897548819600 ) ) ;
#805 = CARTESIAN_POINT ( 'NONE',  ( 2003.430937465987900, 591.7356820815042500, 90.33070907905890600 ) ) ;
#806 = ORIENTED_EDGE ( 'NONE', *, *, #4841, .T. ) ;
#807 = CARTESIAN_POINT ( 'NONE',  ( 1559.352066029760900, -559.6960210985712400, 496.8063164215965300 ) ) ;
#808 = CARTESIAN_POINT ( 'NONE',  ( 867.7461269232193200, -401.3591344787880600, 138.6035465161454000 ) ) ;
#809 = CARTESIAN_POINT ( 'NONE',  ( 3026.087096784156100, -554.5300624653580100, -230.4903643997698700 ) ) ;
#810 = CARTESIAN_POINT ( 'NONE',  ( 788.1100854293946400, 114.3050369231519500, -232.7616759550780900 ) ) ;
#811 = CARTESIAN_POINT ( 'NONE',  ( -15.45675980767026500, -109.4079797478691500, -410.1956625905695500 ) ) ;
#812 = CARTESIAN_POINT ( 'NONE',  ( 263.4494746252024700, -157.2047592416771800, 394.4446971199395800 ) ) ;
#813 = EDGE_LOOP ( 'NONE', ( #1966, #182, #260, #408 ) ) ;
#814 = CARTESIAN_POINT ( 'NONE',  ( 3237.745166094162000, -433.7580453248638700, -105.8468078484272200 ) ) ;
#815 = CARTESIAN_POINT ( 'NONE',  ( -74.32948380835657100, 78.63728182858071100, -399.1592078644654900 ) ) ;
#816 = CARTESIAN_POINT ( 'NONE',  ( 490.1893650057283500, 58.20994020395953300, 294.2606571781699400 ) ) ;
#817 = CARTESIAN_POINT ( 'NONE',  ( 218.9543979933611700, 157.5810685800500200, -183.3059842399335700 ) ) ;
#818 = CARTESIAN_POINT ( 'NONE',  ( 642.9961067805925300, 553.7534143102079700, -181.5615330663665100 ) ) ;
#819 = CARTESIAN_POINT ( 'NONE',  ( 2727.121024962711100, 107.7389251779094600, -410.7221546982665900 ) ) ;
#820 = CARTESIAN_POINT ( 'NONE',  ( -51.08769990143264300, -19.04133491132639800, -409.1123069814605100 ) ) ;
#821 = CARTESIAN_POINT ( 'NONE',  ( 1668.834262496610600, -87.51663685012620400, 399.3525740091448000 ) ) ;
#822 = CARTESIAN_POINT ( 'NONE',  ( 3193.954305576694000, -450.5484628117050100, -82.62553727536717900 ) ) ;
#823 = CARTESIAN_POINT ( 'NONE',  ( 808.8737663944159500, -407.4973053451189500, -32.97476517263281400 ) ) ;
#824 = CARTESIAN_POINT ( 'NONE',  ( 608.8996468606658300, 595.4551909446561200, 61.18689397571959900 ) ) ;
#825 = CARTESIAN_POINT ( 'NONE',  ( 3167.535467060529300, -225.7728466744079300, -145.9501247504826200 ) ) ;
#826 = CARTESIAN_POINT ( 'NONE',  ( 1838.235282594704800, -80.30952036611954300, 289.0119119842739200 ) ) ;
#827 = CARTESIAN_POINT ( 'NONE',  ( 85.88764378911770300, -75.10123669172428200, 554.1815259330569500 ) ) ;
#828 = CARTESIAN_POINT ( 'NONE',  ( 1030.441681961543100, 93.52055891879226100, 414.1905898548604900 ) ) ;
#829 = CARTESIAN_POINT ( 'NONE',  ( 2235.853274909227800, -213.0704512022140600, -559.3847798546261200 ) ) ;
#830 = CARTESIAN_POINT ( 'NONE',  ( 121.8339318323512500, 2.944126928323370000, -256.5572393512707100 ) ) ;
#831 = CARTESIAN_POINT ( 'NONE',  ( -61.94123650696380400, 66.47794375361736700, -416.2737795422888800 ) ) ;
#832 = CARTESIAN_POINT ( 'NONE',  ( 31.02730239950738100, -265.7657841759900100, -331.1837440498681000 ) ) ;
#833 = CARTESIAN_POINT ( 'NONE',  ( 2493.995103159230000, -362.8566108750867400, -265.7020217381576700 ) ) ;
#834 = CARTESIAN_POINT ( 'NONE',  ( 3089.088101559727900, -281.8177441936988400, -93.09812695352670200 ) ) ;
#835 = CARTESIAN_POINT ( 'NONE',  ( 38.77740138139175500, 114.1125600385031200, 29.96585250757127400 ) ) ;
#836 = CARTESIAN_POINT ( 'NONE',  ( 792.3370421485366300, 69.61711501734649200, -291.7721587794983400 ) ) ;
#837 = CARTESIAN_POINT ( 'NONE',  ( -61.94123650696379700, 108.7436509782912600, -403.8920581914684900 ) ) ;
#838 = CARTESIAN_POINT ( 'NONE',  ( 410.5742003629430900, -114.9697763144508800, 571.3051090341973600 ) ) ;
#839 = CARTESIAN_POINT ( 'NONE',  ( 715.9047114545077200, -249.2256501486160700, -324.0804779510508000 ) ) ;
#840 = CARTESIAN_POINT ( 'NONE',  ( 3176.166861843478700, 10.62775642873351800, -98.86981916180603500 ) ) ;
#841 = CARTESIAN_POINT ( 'NONE',  ( 3036.941397510584500, -575.6925368435873900, -61.68259544180623500 ) ) ;
#842 = CARTESIAN_POINT ( 'NONE',  ( 1180.748349544267700, 406.1007616530932300, -47.15715450123421000 ) ) ;
#843 = CARTESIAN_POINT ( 'NONE',  ( 771.5953598024722200, 126.4457674985853300, -585.0828587317848800 ) ) ;
#844 = CARTESIAN_POINT ( 'NONE',  ( 2900.670323285990000, -232.5574561332275300, 33.02158381743287000 ) ) ;
#845 = CARTESIAN_POINT ( 'NONE',  ( 606.3995844519532700, 283.5436401937979600, 97.88057480732622700 ) ) ;
#846 = CARTESIAN_POINT ( 'NONE',  ( -193.0186335817910200, -270.5748696973599300, -490.0389052939258400 ) ) ;
#847 = CARTESIAN_POINT ( 'NONE',  ( 1100.168243801621400, 318.4263695353304800, 280.8996032994163000 ) ) ;
#848 = CARTESIAN_POINT ( 'NONE',  ( 2607.727875908380200, 318.1064561697573400, 507.0688999812611500 ) ) ;
#849 = CARTESIAN_POINT ( 'NONE',  ( 578.9303727214212400, 187.3722881904863600, 179.2631200084561800 ) ) ;
#850 = CARTESIAN_POINT ( 'NONE',  ( 3049.329676713990900, -583.7598392864972500, -111.2394574081362900 ) ) ;
#851 = CARTESIAN_POINT ( 'NONE',  ( 1448.096680778968000, 372.3905773657911600, 252.1662307999587800 ) ) ;
#852 = CARTESIAN_POINT ( 'NONE',  ( 3049.282634609460300, -222.0539372265512600, 234.5948182980397700 ) ) ;
#853 = CARTESIAN_POINT ( 'NONE',  ( -73.21878443968063300, -217.9726000345436300, -137.3794907124629400 ) ) ;
#854 = CARTESIAN_POINT ( 'NONE',  ( 1605.814378694058200, -211.8822506596991100, -212.3290470202967700 ) ) ;
#855 = CIRCLE ( 'NONE', #3635, 120.0000000000000100 ) ;
#856 = CARTESIAN_POINT ( 'NONE',  ( -61.94123650696380400, 171.8851068568388600, -269.8945515301224400 ) ) ;
#857 = CARTESIAN_POINT ( 'NONE',  ( 2293.191528487865500, -487.7700191101325200, -318.8852827847960600 ) ) ;
#858 = CARTESIAN_POINT ( 'NONE',  ( 1506.139375443380000, -406.5653389248040000, -42.96534603841704600 ) ) ;
#859 = CARTESIAN_POINT ( 'NONE',  ( 2860.914187333820800, -733.7616332481302400, -116.6321069678463300 ) ) ;
#860 = CARTESIAN_POINT ( 'NONE',  ( 2756.045686599207300, -520.0241269665284600, 52.83314113694501700 ) ) ;
#861 = CARTESIAN_POINT ( 'NONE',  ( 599.6940737692442600, 154.5016581032228900, -378.5110712648825600 ) ) ;
#862 = SHAPE_DEFINITION_REPRESENTATION ( #3806, #2247 ) ;
#863 = CARTESIAN_POINT ( 'NONE',  ( 1282.923368767101900, 565.2043306873886200, 197.1154194530632800 ) ) ;
#864 = CARTESIAN_POINT ( 'NONE',  ( 2900.670323286172300, -244.4928575160908500, 41.44063599174332100 ) ) ;
#865 = DIRECTION ( 'NONE',  ( 1.000000000000000000, 2.205967590111325500E-015, 2.531553851092407700E-016 ) ) ;
#866 = CARTESIAN_POINT ( 'NONE',  ( 1024.759067443110600, -288.1814242299938700, 83.24122362324251900 ) ) ;
#867 = CARTESIAN_POINT ( 'NONE',  ( 341.5515014316828200, 464.9052808800847700, -310.8368415846865700 ) ) ;
#868 = CARTESIAN_POINT ( 'NONE',  ( 890.9885569975175500, -363.9499450121271600, 218.7244327674068800 ) ) ;
#869 = CARTESIAN_POINT ( 'NONE',  ( 1466.382099399610800, -743.9773940467331400, -81.07443895367096300 ) ) ;
#870 = CARTESIAN_POINT ( 'NONE',  ( 2892.922926285896700, -391.4949522048196400, -95.77534665921332600 ) ) ;
#871 = DIRECTION ( 'NONE',  ( 1.000000000000000000, 0.0000000000000000000, 0.0000000000000000000 ) ) ;
#872 =( BOUNDED_SURFACE ( )  B_SPLINE_SURFACE ( 3, 3, ( 
 ( #4628, #1553, #3073, #4605, #6139, #5136, #4118, #6069, #1086, #1602, #2097, #6047, #1022, #6558, #499 ),
 ( #4026, #999, #4538, #4558, #3664, #6264, #662, #1702, #3119, #4193, #2127, #155, #134, #6193, #6164 ),
 ( #5702, #2153, #4657, #2176, #1652, #5677, #1191, #181, #2640, #1166, #1141, #5212, #3688, #5239, #3713 ),
 ( #5188, #707, #3147, #4142, #4729, #3198, #4240, #2661, #685, #6216, #1628, #1214, #3639, #1114, #5725 ),
 ( #4706, #3736, #4218, #5748, #638, #1677, #2685, #2200, #4168, #3174, #4753, #6239, #2711, #5165, #3225 ),
 ( #207, #1724, #5262, #5648, #109, #4683, #2614, #612, #4836, #6289, #769, #5282, #3292, #3271, #2754 ),
 ( #1746, #2269, #5302, #1234, #5325, #4793, #2248, #4325, #3312, #5795, #4304, #4283, #1787, #270, #1809 ) ),
 .UNSPECIFIED., .T., .F., .T. ) 
 B_SPLINE_SURFACE_WITH_KNOTS ( ( 4, 3, 4 ),
 ( 4, 1, 1, 1, 1, 1, 1, 1, 1, 1, 1, 1, 4 ),
 ( 0.0000000000000000000, 0.5000000000000000000, 1.000000000000000000 ),
 ( 0.0000000000000000000, 0.06878470168917669200, 0.1442738605561909600, 0.2262078797667817500, 0.3137468971164819600, 0.4054473357279265700, 0.4994390021618885200, 0.5934680111024892600, 0.6852774750954954100, 0.7729902092803402300, 0.8551524044246771000, 0.9309125957014710000, 1.000000000000000000 ),
 .UNSPECIFIED. ) 
 GEOMETRIC_REPRESENTATION_ITEM ( )  RATIONAL_B_SPLINE_SURFACE ( (
 ( 1.000000000000000000, 1.000000000000000000, 0.9999999999999997800, 1.000000000000000200, 1.000000000000000200, 1.000000000000000200, 1.000000000000000000, 1.000000000000000000, 1.000000000000000200, 1.000000000000000000, 1.000000000000000400, 0.9999999999999997800, 1.000000000000000000, 1.000000000000000000, 1.000000000000000000),
 ( 0.3333333333333333700, 0.3333333333333333700, 0.3333333333333332600, 0.3333333333333334800, 0.3333333333333333100, 0.3333333333333334800, 0.3333333333333333100, 0.3333333333333334300, 0.3333333333333334300, 0.3333333333333333700, 0.3333333333333335400, 0.3333333333333333100, 0.3333333333333333700, 0.3333333333333333700, 0.3333333333333333700),
 ( 0.3333333333333333700, 0.3333333333333333700, 0.3333333333333332600, 0.3333333333333334800, 0.3333333333333333100, 0.3333333333333334800, 0.3333333333333333100, 0.3333333333333334300, 0.3333333333333334300, 0.3333333333333333700, 0.3333333333333335400, 0.3333333333333333100, 0.3333333333333333700, 0.3333333333333333700, 0.3333333333333333700),
 ( 1.000000000000000000, 1.000000000000000000, 0.9999999999999997800, 1.000000000000000200, 1.000000000000000200, 1.000000000000000200, 1.000000000000000000, 1.000000000000000000, 1.000000000000000200, 1.000000000000000000, 1.000000000000000400, 0.9999999999999997800, 1.000000000000000000, 1.000000000000000000, 1.000000000000000000),
 ( 0.3333333333333333700, 0.3333333333333333700, 0.3333333333333332600, 0.3333333333333334800, 0.3333333333333333100, 0.3333333333333334800, 0.3333333333333333100, 0.3333333333333334300, 0.3333333333333334300, 0.3333333333333333700, 0.3333333333333335400, 0.3333333333333333100, 0.3333333333333333700, 0.3333333333333333700, 0.3333333333333333700),
 ( 0.3333333333333333700, 0.3333333333333333700, 0.3333333333333332600, 0.3333333333333334800, 0.3333333333333333100, 0.3333333333333334800, 0.3333333333333333100, 0.3333333333333334300, 0.3333333333333334300, 0.3333333333333333700, 0.3333333333333335400, 0.3333333333333333100, 0.3333333333333333700, 0.3333333333333333700, 0.3333333333333333700),
 ( 1.000000000000000000, 1.000000000000000000, 0.9999999999999997800, 1.000000000000000200, 1.000000000000000200, 1.000000000000000200, 1.000000000000000000, 1.000000000000000000, 1.000000000000000200, 1.000000000000000000, 1.000000000000000400, 0.9999999999999997800, 1.000000000000000000, 1.000000000000000000, 1.000000000000000000) ) ) 
 REPRESENTATION_ITEM ( '' )  SURFACE ( )  );
#873 = CARTESIAN_POINT ( 'NONE',  ( 451.3761606157943300, -439.6986622150568600, 130.2199844235123000 ) ) ;
#874 = CARTESIAN_POINT ( 'NONE',  ( 1657.276359983528900, 127.9274247446450900, -431.1578464125055300 ) ) ;
#875 = CARTESIAN_POINT ( 'NONE',  ( -212.4786724770602000, 0.0000000000000000000, 0.0000000000000000000 ) ) ;
#876 = CARTESIAN_POINT ( 'NONE',  ( 74.32948380835650000, 223.0500988841392000, -55.98523330262157300 ) ) ;
#877 = CARTESIAN_POINT ( 'NONE',  ( 705.0507511810458300, -181.9976443530377400, -383.6365224336197500 ) ) ;
#878 = ORIENTED_EDGE ( 'NONE', *, *, #4630, .T. ) ;
#879 = CARTESIAN_POINT ( 'NONE',  ( -218.9543979933612300, 193.8983024033412900, -95.18579601414428700 ) ) ;
#880 = CARTESIAN_POINT ( 'NONE',  ( 2200.222420164072900, -91.28739764144326300, -575.5643716729594000 ) ) ;
#881 = CARTESIAN_POINT ( 'NONE',  ( 1715.319047521169500, 81.82600961652124700, 400.5569979447777200 ) ) ;
#882 = CARTESIAN_POINT ( 'NONE',  ( -66.58208680826072600, 27.78703686003455800, -403.4829710454713400 ) ) ;
#883 = CARTESIAN_POINT ( 'NONE',  ( 1445.618391407741200, 258.2129806821194500, -540.0340959942560600 ) ) ;
#884 = CARTESIAN_POINT ( 'NONE',  ( 3176.166861843479200, 12.90797742482322400, -118.7394087954393300 ) ) ;
#885 = CARTESIAN_POINT ( 'NONE',  ( 1466.361268267305600, 135.1488069669402100, -267.7919291950355500 ) ) ;
#886 = CARTESIAN_POINT ( 'NONE',  ( 2651.734121751756400, 335.2093160965003400, -669.1119237032776300 ) ) ;
#887 = CARTESIAN_POINT ( 'NONE',  ( 2541.183791378416600, 398.1839155192730000, 147.4773359526423300 ) ) ;
#888 = CARTESIAN_POINT ( 'NONE',  ( 838.8429872050965100, -641.1761190818460800, 385.9643986475761000 ) ) ;
#889 = CARTESIAN_POINT ( 'NONE',  ( 2505.553029002816400, 346.5245866394955100, 216.9385758716241500 ) ) ;
#890 = DIRECTION ( 'NONE',  ( 0.0000000000000000000, 0.0000000000000000000, -1.000000000000000000 ) ) ;
#891 = CARTESIAN_POINT ( 'NONE',  ( 2605.227498961428400, 97.28089370668404000, 283.7498128493754200 ) ) ;
#892 = CARTESIAN_POINT ( 'NONE',  ( 82.07699323691989000, 66.89260487128224500, -587.7330478261808400 ) ) ;
#893 = CARTESIAN_POINT ( 'NONE',  ( 2879.928489444731400, -432.5045923174381000, 329.6019120354541800 ) ) ;
#894 = CARTESIAN_POINT ( 'NONE',  ( 1146.652404596852200, 404.9407078602448600, 127.7619083019056200 ) ) ;
#895 = CARTESIAN_POINT ( 'NONE',  ( -218.9543979933612300, 295.4099113456144300, -250.8700336855251300 ) ) ;
#896 = CARTESIAN_POINT ( 'NONE',  ( 2362.918088892880000, -582.1190373266092600, 27.29175537969043200 ) ) ;
#897 = CARTESIAN_POINT ( 'NONE',  ( 622.9359121907501700, 72.75816536665867300, -402.3031695377774800 ) ) ;
#898 = CARTESIAN_POINT ( 'NONE',  ( -74.32948380835657100, 62.40871473764769900, -401.0477601495258600 ) ) ;
#899 = CARTESIAN_POINT ( 'NONE',  ( 2913.058602738323300, -223.9190532165985700, 46.14064577414685400 ) ) ;
#900 = CARTESIAN_POINT ( 'NONE',  ( 1413.170419166095600, -241.1972999808494100, -330.0990726939304500 ) ) ;
#901 = CARTESIAN_POINT ( 'NONE',  ( 2878.772407369391700, 158.9015369118147300, -34.22404070981684800 ) ) ;
#902 = CARTESIAN_POINT ( 'NONE',  ( 1791.751461898922100, -190.5389585451144700, 231.6734534498043000 ) ) ;
#903 = CARTESIAN_POINT ( 'NONE',  ( 2512.280915665946400, 740.4894152975433600, 108.4027009929065900 ) ) ;
#904 = CARTESIAN_POINT ( 'NONE',  ( 1379.074486745906400, -88.43075020097425900, -415.3070507816522100 ) ) ;
#905 = CARTESIAN_POINT ( 'NONE',  ( 862.0862994069966600, -547.3353580685085300, 510.3921344137396500 ) ) ;
#906 = CARTESIAN_POINT ( 'NONE',  ( 1183.226550729951400, -13.35408805008557600, 258.9695489187770900 ) ) ;
#907 = CARTESIAN_POINT ( 'NONE',  ( 960.7151196917280900, -166.8375490195445300, 390.4678884455473200 ) ) ;
#908 = CARTESIAN_POINT ( 'NONE',  ( 3046.830306827023800, -279.2557041763564600, -108.6482116445620700 ) ) ;
#909 = CARTESIAN_POINT ( 'NONE',  ( 2772.901359422152800, 133.1706569936520500, 429.5673262422029100 ) ) ;
#910 = FILL_AREA_STYLE ('',( #1399 ) ) ;
#911 = CARTESIAN_POINT ( 'NONE',  ( 712.7226616773097000, 342.4350956553425400, -471.5354101689313200 ) ) ;
#912 = CARTESIAN_POINT ( 'NONE',  ( 1867.160394000341700, 421.4848395733090500, 51.48293470015357800 ) ) ;
#913 = CARTESIAN_POINT ( 'NONE',  ( -95.07192497943368900, 424.9179415278541700, -136.0644626601743100 ) ) ;
#914 = CARTESIAN_POINT ( 'NONE',  ( 1177.566493951783100, 228.4027519633875200, 536.1339994358173700 ) ) ;
#915 = CARTESIAN_POINT ( 'NONE',  ( 462.7186743883170800, -60.53022582754017800, 252.1498802895550000 ) ) ;
#916 = DIRECTION ( 'NONE',  ( 1.000000000000000000, -1.838306325092761700E-015, -2.109628209243604500E-016 ) ) ;
#917 = CARTESIAN_POINT ( 'NONE',  ( 2368.599884363256500, -26.11730966850363000, 707.0987762761990300 ) ) ;
#918 = CARTESIAN_POINT ( 'NONE',  ( -212.4786724770602000, 0.0000000000000000000, 120.0000000000000100 ) ) ;
#919 = CARTESIAN_POINT ( 'NONE',  ( 2830.943882699823500, -290.7470170300139200, -287.4085872306010900 ) ) ;
#920 = CARTESIAN_POINT ( 'NONE',  ( 3187.478672477061100, 224.7537496270703600, 146.5801897548684600 ) ) ;
#921 = CARTESIAN_POINT ( 'NONE',  ( 2093.900224934891400, 269.7073959951125600, -131.2844558138066600 ) ) ;
#922 = CARTESIAN_POINT ( 'NONE',  ( 1155.028220572569100, -20.74839225008948800, -558.8618472758610100 ) ) ;
#923 = CARTESIAN_POINT ( 'NONE',  ( 1681.222561440336200, -92.54819698102512900, 414.4092079586452000 ) ) ;
#924 = CARTESIAN_POINT ( 'NONE',  ( 350.7570927163869800, 573.5519779728757600, 480.7425763735875500 ) ) ;
#925 = CARTESIAN_POINT ( 'NONE',  ( 1043.773381270769500, -250.0878148657441800, 68.55387588790416900 ) ) ;
#926 = CARTESIAN_POINT ( 'NONE',  ( 774.7773058541245100, -372.2347539652482700, -204.3071616281586100 ) ) ;
#927 = CARTESIAN_POINT ( 'NONE',  ( 381.6495947826860500, -432.6360278949626900, -152.0371408164073400 ) ) ;
#928 = CARTESIAN_POINT ( 'NONE',  ( 3229.997541944255800, -417.1676636061540600, -157.6050664175039100 ) ) ;
#929 =( NAMED_UNIT ( * ) SI_UNIT ( $, .STERADIAN. ) SOLID_ANGLE_UNIT ( ) );
#930 = CARTESIAN_POINT ( 'NONE',  ( 2060.769278882417900, 517.8794201303427400, -267.2239694347264300 ) ) ;
#931 = CARTESIAN_POINT ( 'NONE',  ( 1636.727785330867800, 31.13891275893407600, -457.5180154421211700 ) ) ;
#932 = CARTESIAN_POINT ( 'NONE',  ( 867.7461269232193200, -401.3591344787880600, 138.6035465161454000 ) ) ;
#933 = CARTESIAN_POINT ( 'NONE',  ( 61.94123650696374000, 307.7213332981186200, -180.3963784427493200 ) ) ;
#934 = CARTESIAN_POINT ( 'NONE',  ( 1131.081989805978300, -8.455858692752388000, 582.6971448584331500 ) ) ;
#935 = CARTESIAN_POINT ( 'NONE',  ( 2226.646765834828800, -407.5613246371224800, 32.17774041687190600 ) ) ;
#936 = ORIENTED_EDGE ( 'NONE', *, *, #6276, .T. ) ;
#937 = CARTESIAN_POINT ( 'NONE',  ( -185.3495513001858800, -197.8007228281045700, 98.26478307730244000 ) ) ;
#938 = CARTESIAN_POINT ( 'NONE',  ( 2601.021890062060700, 628.1107635702813900, -325.8036256023433500 ) ) ;
#939 = CARTESIAN_POINT ( 'NONE',  ( 2877.428539436693400, -384.6080272752680600, -142.6237763712561600 ) ) ;
#940 = CARTESIAN_POINT ( 'NONE',  ( 3189.010343133797100, -209.8855395073252300, 76.41500023069103500 ) ) ;
#941 = EDGE_LOOP ( 'NONE', ( #6341, #1834 ) ) ;
#942 = CARTESIAN_POINT ( 'NONE',  ( 1759.325248640648400, 409.6231919778268200, -380.7447847585338000 ) ) ;
#943 = B_SPLINE_CURVE_WITH_KNOTS ( 'NONE', 3,
 ( #1491, #6154, #4156, #5665, #3626, #4523, #2533, #1320, #2868, #4327, #2822, #2845, #310, #6371, #4389 ),
 .UNSPECIFIED., .F., .F.,
 ( 4, 1, 1, 1, 1, 1, 1, 1, 1, 1, 1, 1, 4 ),
 ( 0.0000000000000000000, 0.06872001483710212000, 0.1441621501476888800, 0.2260670143695056000, 0.3135939262562698100, 0.4053086433777585200, 0.4993180314041685300, 0.5933736809744103400, 0.6852230481327128400, 0.7729622596479137600, 0.8551453571842779800, 0.9309162955894704200, 1.000000000000000000 ),
 .UNSPECIFIED. ) ;
#944 = CARTESIAN_POINT ( 'NONE',  ( 2146.066615849345500, -307.8714397218545900, -292.4297461168197900 ) ) ;
#945 = CARTESIAN_POINT ( 'NONE',  ( 1001.539465899370600, 312.9426710639904200, 679.8110218330432400 ) ) ;
#946 = DIRECTION ( 'NONE',  ( -1.000000000000000000, -0.0000000000000000000, -0.0000000000000000000 ) ) ;
#947 = CARTESIAN_POINT ( 'NONE',  ( 2089.672156386750000, 252.4416462670516500, -59.30284054390802600 ) ) ;
#948 = CARTESIAN_POINT ( 'NONE',  ( 1123.410086841770400, 369.6995623536937500, 208.8597130810748300 ) ) ;
#949 = CARTESIAN_POINT ( 'NONE',  ( 1009.188688717554900, -252.2505995273014600, -382.9645614344032700 ) ) ;
#950 = VERTEX_POINT ( 'NONE', #5273 ) ;
#951 = CARTESIAN_POINT ( 'NONE',  ( 469.4465307428510000, 128.6847494204785400, 584.5946806145223000 ) ) ;
#952 = CARTESIAN_POINT ( 'NONE',  ( 1386.746198213174500, 442.1207603719805100, -379.6533904618980300 ) ) ;
#953 = CARTESIAN_POINT ( 'NONE',  ( 1241.610703125867800, -208.8787030011910100, 408.2431865046482400 ) ) ;
#954 = CARTESIAN_POINT ( 'NONE',  ( 1727.707280054016300, 83.32761291488127100, 416.3609788150378100 ) ) ;
#955 = CARTESIAN_POINT ( 'NONE',  ( -218.9543979933612500, 199.9430870442494100, -494.5789943608194200 ) ) ;
#956 = CARTESIAN_POINT ( 'NONE',  ( -87.32452797933785900, 77.04234734481313800, -695.9703675569541000 ) ) ;
#957 = CARTESIAN_POINT ( 'NONE',  ( 2087.193637041978900, -158.3982126621701200, -376.8973971110694400 ) ) ;
#958 = CARTESIAN_POINT ( 'NONE',  ( 3049.329676713933200, -586.1384595560583600, -92.96992531793648600 ) ) ;
#959 = CARTESIAN_POINT ( 'NONE',  ( 1764.302844604584200, 518.3622090120208000, 481.6342520157166400 ) ) ;
#960 = CARTESIAN_POINT ( 'NONE',  ( 2552.037681493310600, 404.7084768517382300, 57.90094826484153100 ) ) ;
#961 = CARTESIAN_POINT ( 'NONE',  ( 3036.941397261658900, -137.5350240503095700, 177.3312653412857600 ) ) ;
#962 = CARTESIAN_POINT ( 'NONE',  ( 1945.262490858883700, -419.0604984005302100, -370.3309461597321500 ) ) ;
#963 = CARTESIAN_POINT ( 'NONE',  ( 262.7452775920334000, 122.1551438033255400, -425.1140869154733700 ) ) ;
#964 = CARTESIAN_POINT ( 'NONE',  ( -262.7452775920334000, 67.80126430858197800, -551.0491799788336500 ) ) ;
#965 = CARTESIAN_POINT ( 'NONE',  ( 449.3867119737771000, 407.9542018470962700, 117.7857756406480000 ) ) ;
#966 = CARTESIAN_POINT ( 'NONE',  ( 950.8043991243309800, -218.7434534268286900, -139.2649882814101300 ) ) ;
#967 = CARTESIAN_POINT ( 'NONE',  ( 1169.894805205858800, 422.6213295586341000, 41.12362249146292500 ) ) ;
#968 = CARTESIAN_POINT ( 'NONE',  ( 1195.126148727231300, -356.3954368144345000, 288.5729547647562800 ) ) ;
#969 = CARTESIAN_POINT ( 'NONE',  ( 2749.659337869949500, 41.31522017058224300, 447.8350886742616700 ) ) ;
#970 = CARTESIAN_POINT ( 'NONE',  ( 1293.777041734927700, 578.2149283518032200, 72.63092503228874400 ) ) ;
#971 = CARTESIAN_POINT ( 'NONE',  ( 2473.446580783493100, -420.2832069181250200, -183.4518627433720600 ) ) ;
#972 = CARTESIAN_POINT ( 'NONE',  ( 2773.605583667111700, -67.94275007601241600, -419.1488574054469600 ) ) ;
#973 = CARTESIAN_POINT ( 'NONE',  ( 3120.715132665346100, -246.1344414640246600, -133.3614038391012000 ) ) ;
#974 = CARTESIAN_POINT ( 'NONE',  ( 2860.914187333825300, -56.41808020502764300, 320.1141847013705000 ) ) ;
#975 = CARTESIAN_POINT ( 'NONE',  ( 21.13878459185363900, -546.9533436497046100, -448.9541936468194800 ) ) ;
#976 = CARTESIAN_POINT ( 'NONE',  ( 2807.701825170665400, -224.6631048755717200, -341.5851557696444200 ) ) ;
#977 = CARTESIAN_POINT ( 'NONE',  ( -149.9533806129689400, -197.4747190407032900, -101.9924320186351000 ) ) ;
#978 = CARTESIAN_POINT ( 'NONE',  ( 2345.358473902691900, -171.9982137403081300, 686.3584909233767300 ) ) ;
#979 = CARTESIAN_POINT ( 'NONE',  ( 1436.412816951515700, -304.3347994553799900, -272.9866725961280700 ) ) ;
#980 = CARTESIAN_POINT ( 'NONE',  ( 2977.237671862079900, 165.9021207346182800, -49.22189530060814600 ) ) ;
#981 = CARTESIAN_POINT ( 'NONE',  ( 1852.293787286410600, -7.026886269832883300, -559.2025056022869200 ) ) ;
#982 = CARTESIAN_POINT ( 'NONE',  ( 991.6288806293533800, -555.9397927091649800, 174.7524002920202400 ) ) ;
#983 = CARTESIAN_POINT ( 'NONE',  ( 1582.593553637499600, -444.6666255345045900, 601.9526729688180900 ) ) ;
#984 = CARTESIAN_POINT ( 'NONE',  ( 216.9648834005340900, -303.5637082683479700, 296.8992418256731300 ) ) ;
#985 = CARTESIAN_POINT ( 'NONE',  ( 1299.437109874431100, 217.0178849507091200, 141.9389252335174400 ) ) ;
#986 = CARTESIAN_POINT ( 'NONE',  ( 1495.285252200299500, -403.3423706458465900, -132.7214875357167900 ) ) ;
#987 = CARTESIAN_POINT ( 'NONE',  ( 1561.829580004609400, -336.5548190203413700, -495.0164709583965500 ) ) ;
#988 = CARTESIAN_POINT ( 'NONE',  ( 968.3867846126880700, -580.0787920073490800, 55.82203233079700100 ) ) ;
#989 = CARTESIAN_POINT ( 'NONE',  ( 2287.509112372107700, 223.7634133696939800, -400.2781980146886000 ) ) ;
#990 = CARTESIAN_POINT ( 'NONE',  ( 2101.571437362017200, 376.4172963423692400, 261.9197795349191400 ) ) ;
#991 = CARTESIAN_POINT ( 'NONE',  ( 2239.035064234403800, -423.4302085937501400, 31.73354648527180900 ) ) ;
#992 = CARTESIAN_POINT ( 'NONE',  ( 2879.928489444849200, -694.5430020323984800, -100.9222159279452600 ) ) ;
#993 = CARTESIAN_POINT ( 'NONE',  ( 3187.478672477060200, -13.68132597653070800, 119.2175378017929700 ) ) ;
#994 = CARTESIAN_POINT ( 'NONE',  ( 2860.914187333680700, -446.2231641509783900, 368.0165642450246000 ) ) ;
#995 = CARTESIAN_POINT ( 'NONE',  ( 44.38147945351875700, -628.0349162438002400, -325.9297893593087600 ) ) ;
#996 = CARTESIAN_POINT ( 'NONE',  ( 2737.975258482487800, 17.95276291876864900, -408.4340046347451800 ) ) ;
#997 = CARTESIAN_POINT ( 'NONE',  ( 3193.954305078466900, -443.5323505217375000, -102.6763546792609400 ) ) ;
#998 = CARTESIAN_POINT ( 'NONE',  ( 2159.420253133025700, -666.1939914850572700, -238.4457511832228200 ) ) ;
#999 = CARTESIAN_POINT ( 'NONE',  ( 114.0863099753203500, 41.59298031580589600, -343.5215376597561800 ) ) ;
#1000 = FACE_OUTER_BOUND ( 'NONE', #2772, .T. ) ;
#1001 = CARTESIAN_POINT ( 'NONE',  ( 3181.096739139916700, -11.68431209922989600, 99.52304326338101200 ) ) ;
#1002 = ADVANCED_FACE ( 'NONE', ( #3939, #3397 ), #6335, .F. ) ;
#1003 = CARTESIAN_POINT ( 'NONE',  ( 736.6688807300664600, -304.8336907049468300, 468.8641936093367800 ) ) ;
#1004 = CARTESIAN_POINT ( 'NONE',  ( 1247.293062595535000, 499.1768028633487100, 300.7158049394005300 ) ) ;
#1005 = CARTESIAN_POINT ( 'NONE',  ( -218.9543979933612300, 193.8983024033413500, -95.18579601414431600 ) ) ;
#1006 = CARTESIAN_POINT ( 'NONE',  ( 114.0863099753203800, 8.260612461029447600, -304.6165172157144500 ) ) ;
#1007 = CARTESIAN_POINT ( 'NONE',  ( 1884.741579090190700, 654.9479233920311600, -362.1032185496532600 ) ) ;
#1008 = CARTESIAN_POINT ( 'NONE',  ( 263.4494746252024700, -157.2047592416771800, 394.4446971199395800 ) ) ;
#1009 = CARTESIAN_POINT ( 'NONE',  ( 285.9871361880979100, 24.91149514508885700, -450.3819199221860600 ) ) ;
#1010 = CARTESIAN_POINT ( 'NONE',  ( 2727.121024962711100, 107.7389251779094600, -410.7221546982665900 ) ) ;
#1011 = CARTESIAN_POINT ( 'NONE',  ( 2421.790375655306400, -535.8071932877953700, 266.8733193404896200 ) ) ;
#1012 = CARTESIAN_POINT ( 'NONE',  ( 2868.563635720512600, 458.5660772464433400, 3.025025389571137400 ) ) ;
#1013 = CARTESIAN_POINT ( 'NONE',  ( 1845.907484380653800, -445.5588734530606400, 108.4882750826516800 ) ) ;
#1014 = CARTESIAN_POINT ( 'NONE',  ( 2905.311205738229500, -406.7209460015514500, -99.84457475499688400 ) ) ;
#1015 = CARTESIAN_POINT ( 'NONE',  ( 2879.928489445221200, -671.8785960022498800, 98.13930248884256000 ) ) ;
#1016 = CARTESIAN_POINT ( 'NONE',  ( 2902.163986491626000, -220.2511562941506300, 25.41311425860878600 ) ) ;
#1017 = CARTESIAN_POINT ( 'NONE',  ( 3237.745163695713000, -444.0139345087862400, -48.00781607447032700 ) ) ;
#1018 = CARTESIAN_POINT ( 'NONE',  ( 648.6777592314867900, -163.4206239562574600, -688.4507911444278500 ) ) ;
#1019 = CARTESIAN_POINT ( 'NONE',  ( 1531.859475972001700, 16.53089450436026600, -258.7862269515246700 ) ) ;
#1020 = CARTESIAN_POINT ( 'NONE',  ( 393.0144571236198200, 623.9968184676483800, 333.6155360698581400 ) ) ;
#1021 = ORIENTED_EDGE ( 'NONE', *, *, #5172, .T. ) ;
#1022 = CARTESIAN_POINT ( 'NONE',  ( -74.32948380835657100, 78.63728182858071100, -399.1592078644654900 ) ) ;
#1023 = CARTESIAN_POINT ( 'NONE',  ( 3192.113202434541100, -208.6123375098545700, 75.62783278258682200 ) ) ;
#1024 = CARTESIAN_POINT ( 'NONE',  ( -74.32948380835647100, 62.40871473764720900, -401.0477601495259700 ) ) ;
#1025 = CARTESIAN_POINT ( 'NONE',  ( 526.7848664408709300, 435.7001968705670300, 387.0052309522346800 ) ) ;
#1026 = CARTESIAN_POINT ( 'NONE',  ( -156.1196116435774300, 2.281264772294913100, 98.20009533649255200 ) ) ;
#1027 = CARTESIAN_POINT ( 'NONE',  ( -74.32948380835654200, 117.3877108261485300, -379.7697839878332500 ) ) ;
#1028 = CARTESIAN_POINT ( 'NONE',  ( 1512.867015068056200, -713.0058515720896800, 227.3721565979593900 ) ) ;
#1029 = CARTESIAN_POINT ( 'NONE',  ( 426.1445377633462500, 374.7138869023844400, 199.7238239529859200 ) ) ;
#1030 = CARTESIAN_POINT ( 'NONE',  ( 270.4928994490643400, 51.77487511995928300, -439.2694720644266200 ) ) ;
#1031 = CARTESIAN_POINT ( 'NONE',  ( 2471.457222529656100, 236.3191106539477200, 352.7793610130491400 ) ) ;
#1032 = CARTESIAN_POINT ( 'NONE',  ( 2259.095109130585600, -324.3050553339335200, -503.1269911782895900 ) ) ;
#1033 = CARTESIAN_POINT ( 'NONE',  ( 2380.477688289078700, -146.3157704291846000, -434.6074670357379000 ) ) ;
#1034 = CARTESIAN_POINT ( 'NONE',  ( 1745.267484109274200, -268.0760098758070700, 134.5843951194387400 ) ) ;
#1035 = EDGE_CURVE ( 'NONE', #4660, #5949, #2684, .T. ) ;
#1036 = CARTESIAN_POINT ( 'NONE',  ( 2756.045694423288300, -543.1418598853438200, -24.61974081921292500 ) ) ;
#1037 = CARTESIAN_POINT ( 'NONE',  ( 3050.313793057757700, -123.0757838987059400, 186.8515475276117900 ) ) ;
#1038 = CARTESIAN_POINT ( 'NONE',  ( 3089.085812666049200, -254.7956987286001400, -31.21889453612317000 ) ) ;
#1039 = CARTESIAN_POINT ( 'NONE',  ( 1043.795568689221700, 421.4471368504584900, 568.3777675102290900 ) ) ;
#1040 = CARTESIAN_POINT ( 'NONE',  ( 1206.469475666858900, 40.57203669001555800, 256.1201714036285500 ) ) ;
#1041 = CARTESIAN_POINT ( 'NONE',  ( -218.9729817417744200, 195.3895061398846500, -96.36234710646166900 ) ) ;
#1042 = CARTESIAN_POINT ( 'NONE',  ( 3036.941397261658000, -568.5338454897654400, -107.1702293123527200 ) ) ;
#1043 = CARTESIAN_POINT ( 'NONE',  ( -62.43245932280328200, 101.6169966916318800, -180.1752205435168400 ) ) ;
#1044 = CARTESIAN_POINT ( 'NONE',  ( -61.94123650696368300, 66.47794375361687000, -416.2737795422889300 ) ) ;
#1045 = CARTESIAN_POINT ( 'NONE',  ( 2014.989060432738100, -556.5697000747750300, -54.65263103849055400 ) ) ;
#1046 = CARTESIAN_POINT ( 'NONE',  ( 596.5114254808418100, 579.8232006706447200, 58.41893834112947600 ) ) ;
#1047 = CARTESIAN_POINT ( 'NONE',  ( -74.32948380835657100, 62.40871473764769900, -401.0477601495258600 ) ) ;
#1048 = CARTESIAN_POINT ( 'NONE',  ( 114.0863099753203200, 17.24913981454853100, -267.7570779586735100 ) ) ;
#1049 = CARTESIAN_POINT ( 'NONE',  ( 1698.805200323697100, 296.1651898039522200, 687.2862016346945200 ) ) ;
#1050 = CARTESIAN_POINT ( 'NONE',  ( 113.3325879675893300, -19.73018082563643500, -293.7916087500139500 ) ) ;
#1051 = CARTESIAN_POINT ( 'NONE',  ( 820.5576607638336100, 449.0517968347581900, -24.80348877632001600 ) ) ;
#1052 = CARTESIAN_POINT ( 'NONE',  ( 2355.246276763386000, -185.7960746596790200, 381.8112290369313700 ) ) ;
#1053 = CARTESIAN_POINT ( 'NONE',  ( 2189.368556014889700, 31.89533209620423200, -597.7400912197016400 ) ) ;
#1054 = CARTESIAN_POINT ( 'NONE',  ( 2241.024562373431300, 366.7754466219205900, -275.2593744956884600 ) ) ;
#1055 = CARTESIAN_POINT ( 'NONE',  ( 2744.680643145235500, 299.9436976210329800, -3.363837333522825500 ) ) ;
#1056 = B_SPLINE_CURVE_WITH_KNOTS ( 'NONE', 3,
 ( #4215, #1110, #5236, #2149, #4187, #3115, #1699, #2197, #1136, #1187, #3143 ),
 .UNSPECIFIED., .F., .F.,
 ( 4, 1, 1, 1, 1, 1, 1, 1, 4 ),
 ( 0.0000000000000000000, 0.1310038109028284800, 0.2704835234952268600, 0.4156855244358764700, 0.5630748974725337000, 0.6780326435055935600, 0.7901374509886026600, 0.8978491610507430800, 1.000000000000000000 ),
 .UNSPECIFIED. ) ;
#1057 = CARTESIAN_POINT ( 'NONE',  ( 2879.928489445056100, -580.1933281448089000, 236.7080417527587300 ) ) ;
#1058 = CARTESIAN_POINT ( 'NONE',  ( 3219.561874164507600, -242.6258304715816500, 85.98726338546865100 ) ) ;
#1059 = CARTESIAN_POINT ( 'NONE',  ( 2860.914187333825300, -47.10847963037596700, 314.6612151278378600 ) ) ;
#1060 = CARTESIAN_POINT ( 'NONE',  ( 1252.975196604408900, 414.5584692046630300, -573.4214958738165300 ) ) ;
#1061 = CARTESIAN_POINT ( 'NONE',  ( 664.2486437360743100, -548.9969862515819200, -31.18639701263822100 ) ) ;
#1062 = CARTESIAN_POINT ( 'NONE',  ( 1973.461558082179000, 178.3504525186060900, 188.2411175664018400 ) ) ;
#1063 = CARTESIAN_POINT ( 'NONE',  ( -61.94123650696379000, 119.9427753087445900, -194.6341534985648100 ) ) ;
#1064 = CARTESIAN_POINT ( 'NONE',  ( 183.8346755191260800, -506.4885281903141800, 494.1059344957282100 ) ) ;
#1065 = CARTESIAN_POINT ( 'NONE',  ( -114.9955268521872000, 302.9162156490849600, 70.35947105644872600 ) ) ;
#1066 = CARTESIAN_POINT ( 'NONE',  ( -27.84498837640840600, -107.0717613556323200, -394.5486938476531700 ) ) ;
#1067 = CARTESIAN_POINT ( 'NONE',  ( 550.0273500763617000, 506.4063858710249500, 288.3749801636882400 ) ) ;
#1068 = DIRECTION ( 'NONE',  ( 1.000000000000000000, -1.838306325092761700E-015, -2.109628209243602800E-016 ) ) ;
#1069 = CARTESIAN_POINT ( 'NONE',  ( 74.32948380835651400, 348.5911293478941400, -293.0236770722414100 ) ) ;
#1070 = CARTESIAN_POINT ( 'NONE',  ( 271.8249410932858700, 558.8733935774944300, 20.42055549561655100 ) ) ;
#1071 = CARTESIAN_POINT ( 'NONE',  ( -153.7888572557882000, 2.366082484141689000, 118.1331746541784900 ) ) ;
#1072 = CARTESIAN_POINT ( 'NONE',  ( 2949.633017246860200, -24.78138802510300900, -258.1479350736264000 ) ) ;
#1073 = CARTESIAN_POINT ( 'NONE',  ( 3036.953026392876400, -278.1180597025805800, 227.7571901379738200 ) ) ;
#1074 = CARTESIAN_POINT ( 'NONE',  ( 1445.618391407741200, 258.2129806821194500, -540.0340959942560600 ) ) ;
#1075 = CARTESIAN_POINT ( 'NONE',  ( 2566.415344670369400, -418.1738385267721600, 188.2107040024531800 ) ) ;
#1076 = CARTESIAN_POINT ( 'NONE',  ( 2651.712538889293700, 203.9230826445331100, 219.9841383175997300 ) ) ;
#1077 = CARTESIAN_POINT ( 'NONE',  ( -74.32948380835657100, 158.7932646480971100, -297.0989455679732000 ) ) ;
#1078 = CARTESIAN_POINT ( 'NONE',  ( 2246.706862182200000, -316.6982801385259400, -489.1929746829453600 ) ) ;
#1079 = CARTESIAN_POINT ( 'NONE',  ( 3176.166861843479200, 12.90797742482322400, -118.7394087954393300 ) ) ;
#1080 = CARTESIAN_POINT ( 'NONE',  ( 1671.334452065723800, -8.756086643983225700, 707.5268189571878600 ) ) ;
#1081 = CARTESIAN_POINT ( 'NONE',  ( 106.4361568507945600, -189.2089080498409400, 516.3044743164023200 ) ) ;
#1082 = FACE_OUTER_BOUND ( 'NONE', #462, .T. ) ;
#1083 = CARTESIAN_POINT ( 'NONE',  ( 1229.710564508704200, 92.73621303091903200, 242.1640309548533900 ) ) ;
#1084 = CARTESIAN_POINT ( 'NONE',  ( -142.4647891281460900, 217.3175279096750200, 86.33657100061705600 ) ) ;
#1085 = CARTESIAN_POINT ( 'NONE',  ( 2897.488162861401200, -77.13180308170650800, -577.6321929042840100 ) ) ;
#1086 = CARTESIAN_POINT ( 'NONE',  ( -74.32948380835655700, 147.1570382319319800, -344.0260653235035300 ) ) ;
#1087 = CARTESIAN_POINT ( 'NONE',  ( 2935.222762715896400, -126.1933831036805300, -14.27904136924179400 ) ) ;
#1088 = CLOSED_SHELL ( 'NONE', ( #3668, #2665, #160, #6196, #16, #4197, #2492, #2989, #4733, #1682, #1145, #1532, #3558, #1644, #4697, #1182, #6231, #2131, #1002, #3164, #5584, #2204, #3203, #2703, #2168, #4158, #478, #5693, #3704, #4017 ) ) ;
#1089 = CARTESIAN_POINT ( 'NONE',  ( 134.8500624474557100, -404.0896456596732900, 62.07277876350009600 ) ) ;
#1090 = CARTESIAN_POINT ( 'NONE',  ( 1820.675684611383800, 364.4625420738277600, 217.8697246621627800 ) ) ;
#1091 = CARTESIAN_POINT ( 'NONE',  ( -212.4786724770602300, 200.0000000000000000, -100.0000000000000100 ) ) ;
#1092 = CARTESIAN_POINT ( 'NONE',  ( -114.0863099753204900, 375.4928651398844900, 12.61187435883692800 ) ) ;
#1093 = CARTESIAN_POINT ( 'NONE',  ( 713.4267735379309000, -395.3314554782622300, 395.5637342194808600 ) ) ;
#1094 = DIRECTION ( 'NONE',  ( 0.0000000000000000000, 0.0000000000000000000, -1.000000000000000000 ) ) ;
#1095 = CARTESIAN_POINT ( 'NONE',  ( 2508.031661906862600, -172.2452855617942800, 193.8432087732832400 ) ) ;
#1096 = CARTESIAN_POINT ( 'NONE',  ( 3037.069727925371800, -175.4476926217370500, 201.3705066972556200 ) ) ;
#1097 = CARTESIAN_POINT ( 'NONE',  ( 1608.314203285597200, -508.2830081067793900, -316.1625672454597400 ) ) ;
#1098 = ORIENTED_EDGE ( 'NONE', *, *, #3291, .T. ) ;
#1099 = CARTESIAN_POINT ( 'NONE',  ( 2514.759513694204500, -162.0853516893876900, 576.2279770388951200 ) ) ;
#1100 = CARTESIAN_POINT ( 'NONE',  ( 3124.227806343898500, -301.7715146011984200, -344.9378332134525100 ) ) ;
#1101 = CARTESIAN_POINT ( 'NONE',  ( 2489.017270857712400, -196.1669741735811700, 226.9278157142556400 ) ) ;
#1102 = CARTESIAN_POINT ( 'NONE',  ( -74.32948380835657100, 62.40871473764769900, -401.0477601495258600 ) ) ;
#1103 = CARTESIAN_POINT ( 'NONE',  ( 2688.308433454536500, 573.9545967573027400, 100.9148515455192800 ) ) ;
#1104 = CARTESIAN_POINT ( 'NONE',  ( 247.8786346796540300, -580.4965516700040100, -51.29901305882616900 ) ) ;
#1105 = CARTESIAN_POINT ( 'NONE',  ( 506.7250002224154200, 384.2155299722567200, -139.7140636656449700 ) ) ;
#1106 = ORIENTED_EDGE ( 'NONE', *, *, #2819, .F. ) ;
#1107 = CARTESIAN_POINT ( 'NONE',  ( -61.94123650696379000, 128.4326349918439100, -391.1242823877532800 ) ) ;
#1108 = CARTESIAN_POINT ( 'NONE',  ( 1973.482586092599600, 302.5963099866944500, -639.6142963376519200 ) ) ;
#1109 = CARTESIAN_POINT ( 'NONE',  ( 1012.881457463547600, 548.5729540268505400, 37.92109424141888500 ) ) ;
#1110 = CARTESIAN_POINT ( 'NONE',  ( 3038.010438082402700, -130.6332763813179600, 173.0642039394917000 ) ) ;
#1111 = CARTESIAN_POINT ( 'NONE',  ( 881.0778618886246200, -95.70111016738407300, -241.0077526354117200 ) ) ;
#1112 = CARTESIAN_POINT ( 'NONE',  ( 2913.058602738325600, -416.2739075224484400, -66.47794835451715300 ) ) ;
#1113 = CARTESIAN_POINT ( 'NONE',  ( 2874.245857949713800, 44.17080791732581000, -581.0819266018392000 ) ) ;
#1114 = CARTESIAN_POINT ( 'NONE',  ( 74.32948380835650000, 123.7279366349569000, -580.1079196009052300 ) ) ;
#1115 = ORIENTED_EDGE ( 'NONE', *, *, #5101, .F. ) ;
#1116 = EDGE_CURVE ( 'NONE', #1897, #3175, #2026, .T. ) ;
#1117 = CARTESIAN_POINT ( 'NONE',  ( 542.3557373686104500, 361.2384628735770800, -223.1741890344821700 ) ) ;
#1118 = CARTESIAN_POINT ( 'NONE',  ( 634.6201515245095400, -19.33082585068852000, 449.3206030419497700 ) ) ;
#1119 = CARTESIAN_POINT ( 'NONE',  ( 2410.106243256750500, 533.0835163956148800, -169.0521002272545000 ) ) ;
#1120 = CARTESIAN_POINT ( 'NONE',  ( 1936.886950226844200, 371.7540228150267600, -205.1801962472025600 ) ) ;
#1121 = CARTESIAN_POINT ( 'NONE',  ( 739.1472026686092200, -310.9425783815177100, -265.4356854343707300 ) ) ;
#1122 = CARTESIAN_POINT ( 'NONE',  ( 597.2157672863708100, -540.8205747943964100, -142.3740404322157600 ) ) ;
#1123 = CARTESIAN_POINT ( 'NONE',  ( 59.18958765740248400, 149.8878463100105900, 1.739359300644638000 ) ) ;
#1124 = CARTESIAN_POINT ( 'NONE',  ( 1331.885819672347700, -30.35186616646914000, 448.7110810099940200 ) ) ;
#1125 = CARTESIAN_POINT ( 'NONE',  ( 2884.987866358062100, -12.41880528379846100, 245.6247069687799200 ) ) ;
#1126 = CARTESIAN_POINT ( 'NONE',  ( 1492.103027211184600, 17.21629675772365800, -598.3427482215798800 ) ) ;
#1127 = CARTESIAN_POINT ( 'NONE',  ( 2886.634091152430800, 46.55422769228044200, -596.7770462514776000 ) ) ;
#1128 = CARTESIAN_POINT ( 'NONE',  ( 2279.837529539979600, -157.0879964104343000, -255.5407379340103900 ) ) ;
#1129 = CARTESIAN_POINT ( 'NONE',  ( -74.32948380835657100, 78.63728182858071100, -399.1592078644654900 ) ) ;
#1130 = CARTESIAN_POINT ( 'NONE',  ( 2525.613081696607000, -37.03751837823941900, 581.5804508844024700 ) ) ;
#1131 = CARTESIAN_POINT ( 'NONE',  ( 271.1210481409516400, -578.5342046664820800, 70.04085091632109100 ) ) ;
#1132 = CARTESIAN_POINT ( 'NONE',  ( 3164.335156332027100, 250.1667135893871400, -90.64947545561187800 ) ) ;
#1133 = CARTESIAN_POINT ( 'NONE',  ( -61.94123650696379000, 135.4254898659800700, -205.8705406480883700 ) ) ;
#1134 = CARTESIAN_POINT ( 'NONE',  ( 2136.178805398408700, -602.3652438431840900, -371.2512769904300300 ) ) ;
#1135 = CARTESIAN_POINT ( 'NONE',  ( 1059.365974778815100, 516.8782836608642100, -187.6370423726464800 ) ) ;
#1136 = CARTESIAN_POINT ( 'NONE',  ( 3162.408482505612000, -12.36608972770771300, 99.94455780471253100 ) ) ;
#1137 = CARTESIAN_POINT ( 'NONE',  ( 2205.882336122530400, 75.87885342388683800, -247.9633482069464200 ) ) ;
#1138 = AXIS2_PLACEMENT_3D ( 'NONE', #5409, #2886, #4451 ) ;
#1139 = CARTESIAN_POINT ( 'NONE',  ( -217.8472542086998100, 197.8209659351295800, -98.28075477124157500 ) ) ;
#1140 = CARTESIAN_POINT ( 'NONE',  ( 834.6159401094619200, -669.1175029579592300, 230.1147231849231800 ) ) ;
#1141 = CARTESIAN_POINT ( 'NONE',  ( 262.7452775920333500, 164.1120738371313300, -391.8790287520757800 ) ) ;
#1142 = CARTESIAN_POINT ( 'NONE',  ( -54.19383950686793100, 31.85626587600423700, -418.7089904382343700 ) ) ;
#1143 = CARTESIAN_POINT ( 'NONE',  ( 3019.359573070384200, -171.7210929510641800, -193.5355101288163000 ) ) ;
#1144 = CARTESIAN_POINT ( 'NONE',  ( 1599.107701871207600, -304.8683681995390200, 272.3911103210491500 ) ) ;
#1145 = ADVANCED_FACE ( 'NONE', ( #3874 ), #5605, .T. ) ;
#1146 = CARTESIAN_POINT ( 'NONE',  ( 2099.581936054847600, -162.9542179362596200, -392.1046848399512300 ) ) ;
#1147 = CARTESIAN_POINT ( 'NONE',  ( 506.7250002224154200, 384.2155299722567200, -139.7140636656449700 ) ) ;
#1148 = CARTESIAN_POINT ( 'NONE',  ( -7.081296949570498700, -461.0558616923821100, 316.5185903696883000 ) ) ;
#1149 = CARTESIAN_POINT ( 'NONE',  ( -198.0102992182312400, 1.172623910564815500, -120.9251934588209700 ) ) ;
#1150 = CARTESIAN_POINT ( 'NONE',  ( 2191.846879975493700, 440.5448313840494200, 90.46345654807676300 ) ) ;
#1151 = CARTESIAN_POINT ( 'NONE',  ( 2761.485971048216500, -77.78566404221982100, 101.4400515539995500 ) ) ;
#1152 = CARTESIAN_POINT ( 'NONE',  ( 1863.977796970999200, 99.84509903088451200, 590.2048100728569600 ) ) ;
#1153 = B_SPLINE_CURVE_WITH_KNOTS ( 'NONE', 3,
 ( #3925, #4944, #4911, #2912, #1914, #419, #6476, #3867, #5969, #1878, #3438, #1371, #864, #3943, #844 ),
 .UNSPECIFIED., .F., .F.,
 ( 4, 1, 1, 1, 1, 1, 1, 1, 1, 1, 1, 1, 4 ),
 ( 0.0000000000000000000, 0.06882060749274084000, 0.1444367811561306200, 0.2265734837793111100, 0.3143638868665878400, 0.4063271544737623900, 0.5005520515802957000, 0.5947400496169268400, 0.6865953304574402600, 0.7742139161178787100, 0.8561256478117081900, 0.9314755821440551300, 1.000000000000000000 ),
 .UNSPECIFIED. ) ;
#1154 = CARTESIAN_POINT ( 'NONE',  ( 629.6633098214707600, -174.3032025719733400, -727.8005955154334300 ) ) ;
#1155 = CARTESIAN_POINT ( 'NONE',  ( 800.0089903318121300, 441.2635640180884000, -124.8144233866389900 ) ) ;
#1156 = CARTESIAN_POINT ( 'NONE',  ( -74.32948380835657100, 110.5693822564359300, -207.2386007891050500 ) ) ;
#1157 = CARTESIAN_POINT ( 'NONE',  ( 2084.011844420376700, 451.3047140685141000, -368.6888617025625800 ) ) ;
#1158 = CARTESIAN_POINT ( 'NONE',  ( 65.12351535025928200, -363.8638588967555200, -186.4063056658902400 ) ) ;
#1159 = CARTESIAN_POINT ( 'NONE',  ( -61.94123650696380400, 171.2462842503276800, -324.2131258998336400 ) ) ;
#1160 = CARTESIAN_POINT ( 'NONE',  ( 2508.052972886948300, 663.2176663865562900, 246.6031457062304400 ) ) ;
#1161 = CARTESIAN_POINT ( 'NONE',  ( 1129.092532416243800, 308.9903436265274800, -454.8579633378871000 ) ) ;
#1162 = CARTESIAN_POINT ( 'NONE',  ( -62.85045338383052600, 111.0622595601743300, -187.6274781207991100 ) ) ;
#1163 = CARTESIAN_POINT ( 'NONE',  ( 2461.547330037933500, -236.0214528294019700, 107.4124895560548700 ) ) ;
#1164 = CARTESIAN_POINT ( 'NONE',  ( 2900.670323285893100, -366.7714405842964400, 27.33824388480144300 ) ) ;
#1165 = CARTESIAN_POINT ( 'NONE',  ( 532.4676371639914100, 512.5137172833217400, -487.8535356704058500 ) ) ;
#1166 = CARTESIAN_POINT ( 'NONE',  ( 262.7452775920334000, 180.5740719037229400, -368.6910906713820900 ) ) ;
#1167 = CARTESIAN_POINT ( 'NONE',  ( 2006.613505947774500, 181.0966141674948600, -384.0624778713066100 ) ) ;
#1168 = CARTESIAN_POINT ( 'NONE',  ( 262.7452775920335200, 105.8469133583483600, -433.7585730333743200 ) ) ;
#1169 = CARTESIAN_POINT ( 'NONE',  ( 971.5686810386348500, -77.68962174533504600, 401.3800416943053100 ) ) ;
#1170 = FACE_OUTER_BOUND ( 'NONE', #1576, .T. ) ;
#1171 = CARTESIAN_POINT ( 'NONE',  ( 1076.925835126850000, 253.3444557373080700, 340.7589659639286900 ) ) ;
#1172 = CARTESIAN_POINT ( 'NONE',  ( 1018.053454592234900, 91.63156540070524200, 398.4282165457964900 ) ) ;
#1173 = CARTESIAN_POINT ( 'NONE',  ( -146.5344130175738500, -445.2235356493694100, -338.5122235033484800 ) ) ;
#1174 = CARTESIAN_POINT ( 'NONE',  ( -243.9634915735199500, 231.8503864156305100, -113.5700021871935700 ) ) ;
#1175 = CARTESIAN_POINT ( 'NONE',  ( 1634.034401307748100, 214.4515775451619100, -395.3150531669213000 ) ) ;
#1176 = CARTESIAN_POINT ( 'NONE',  ( 3176.166861843478700, 10.62775642873351800, -98.86981916180603500 ) ) ;
#1177 = CARTESIAN_POINT ( 'NONE',  ( 1724.524659167282800, -529.0965291758242300, 279.9421888369063300 ) ) ;
#1178 = CARTESIAN_POINT ( 'NONE',  ( 676.1485500160614500, -454.2857522222400900, -594.7269125361115100 ) ) ;
#1179 = CARTESIAN_POINT ( 'NONE',  ( 428.1340177599291200, -457.1347739833781800, 36.33000714685849900 ) ) ;
#1180 = CARTESIAN_POINT ( 'NONE',  ( 2337.686223803099400, 404.5962745014636500, 372.3875568196346000 ) ) ;
#1181 = CARTESIAN_POINT ( 'NONE',  ( 2548.855283746977900, 84.21754351159727000, 576.6412303872565400 ) ) ;
#1182 = ADVANCED_FACE ( 'NONE', ( #5939 ), #2990, .F. ) ;
#1183 = CARTESIAN_POINT ( 'NONE',  ( 483.4828090118803100, 404.8210861601573900, -57.10925365833679000 ) ) ;
#1184 = CARTESIAN_POINT ( 'NONE',  ( -251.5755012119192600, 225.7378798383245200, -108.7472699783636900 ) ) ;
#1185 = CARTESIAN_POINT ( 'NONE',  ( -125.9855122036399700, -355.7981776524219400, -419.0688957994662500 ) ) ;
#1186 = CARTESIAN_POINT ( 'NONE',  ( 2244.717456260849300, -4.210667616952457100, 549.8661315963219100 ) ) ;
#1187 = CARTESIAN_POINT ( 'NONE',  ( 3181.096739139916700, -11.68431209922989600, 99.52304326338101200 ) ) ;
#1188 = CARTESIAN_POINT ( 'NONE',  ( 2900.670323286164600, -401.5287427649265100, -47.77596111903064000 ) ) ;
#1189 = CARTESIAN_POINT ( 'NONE',  ( 555.7097669336923200, 400.3609725179736100, -583.4228074295720000 ) ) ;
#1190 = CIRCLE ( 'NONE', #1943, 119.9999999999998300 ) ;
#1191 = CARTESIAN_POINT ( 'NONE',  ( 262.7452775920334000, 198.5664134303517000, -282.0811722028641400 ) ) ;
#1192 = CARTESIAN_POINT ( 'NONE',  ( 890.9885569975175500, -363.9499450121271600, 218.7244327674068800 ) ) ;
#1193 = CARTESIAN_POINT ( 'NONE',  ( 913.5264182312431600, 283.1866788959887300, -349.3824011403510200 ) ) ;
#1194 = CARTESIAN_POINT ( 'NONE',  ( 925.0844233331603200, -233.6802153878839500, 335.4625536025223500 ) ) ;
#1195 = AXIS2_PLACEMENT_3D ( 'NONE', #4114, #4138, #2610 ) ;
#1196 = ORIENTED_EDGE ( 'NONE', *, *, #5861, .T. ) ;
#1197 = CARTESIAN_POINT ( 'NONE',  ( 1216.378974091563800, 403.0297565761927100, -133.6678469861857100 ) ) ;
#1198 = CARTESIAN_POINT ( 'NONE',  ( 1250.474906870277000, 301.5027320496944900, -276.1118094576037300 ) ) ;
#1199 = CARTESIAN_POINT ( 'NONE',  ( 2704.507664055535300, -548.5341663642659600, -82.77636405032537000 ) ) ;
#1200 = CARTESIAN_POINT ( 'NONE',  ( -128.1821164391437800, 276.7429915966978900, 91.00999290863859400 ) ) ;
#1201 = CARTESIAN_POINT ( 'NONE',  ( 2354.541976546496200, 138.4700580182359900, -427.8884440569933600 ) ) ;
#1202 = CARTESIAN_POINT ( 'NONE',  ( 2943.450296110030200, 88.93638193905530900, 182.9610414724013800 ) ) ;
#1203 = CARTESIAN_POINT ( 'NONE',  ( 1189.954793786687800, 233.5154341306990200, 551.1632871180177100 ) ) ;
#1204 = CARTESIAN_POINT ( 'NONE',  ( 164.8203609767273600, -534.6451179511486800, 523.6702760899113400 ) ) ;
#1205 = CARTESIAN_POINT ( 'NONE',  ( 335.1653719591195700, -333.8644666998521300, -314.3223472680351700 ) ) ;
#1206 = CARTESIAN_POINT ( 'NONE',  ( 1919.326810446963000, -116.3678762022786100, -537.4281290686049000 ) ) ;
#1207 = CARTESIAN_POINT ( 'NONE',  ( 2913.058602738139100, -261.0532285704169900, 65.24429301791711600 ) ) ;
#1208 = CARTESIAN_POINT ( 'NONE',  ( 1296.959698309847000, 163.7442591325487300, -374.6054027943630400 ) ) ;
#1209 = CARTESIAN_POINT ( 'NONE',  ( 61.94123650696376200, 325.9069629891425800, -234.3499819006186400 ) ) ;
#1210 = CARTESIAN_POINT ( 'NONE',  ( 455.0689590459606400, 195.5305283352176100, -513.9436749182651700 ) ) ;
#1211 = CARTESIAN_POINT ( 'NONE',  ( 2500.381699354014000, 414.7142985230654500, -361.0863023541907100 ) ) ;
#1212 = CARTESIAN_POINT ( 'NONE',  ( 1285.401592484369300, -209.5843184133736100, 397.9169472669409500 ) ) ;
#1213 = CARTESIAN_POINT ( 'NONE',  ( 3089.085810267898500, -255.1523150889958300, -64.23314638177291200 ) ) ;
#1214 = CARTESIAN_POINT ( 'NONE',  ( 74.32948380835652800, 204.0432114625302500, -549.0303400705959100 ) ) ;
#1215 = CARTESIAN_POINT ( 'NONE',  ( 635.3241970297116300, 77.23214120077291500, -417.5348075209003600 ) ) ;
#1216 = CARTESIAN_POINT ( 'NONE',  ( 2712.252545012363500, -372.1881971566755900, 192.7840489452790100 ) ) ;
#1217 = CARTESIAN_POINT ( 'NONE',  ( 1622.350131829656400, -241.8423867253146400, 329.6267290845508500 ) ) ;
#1218 = CARTESIAN_POINT ( 'NONE',  ( 2657.394458048358500, 327.9176437785192800, -269.7594566205813200 ) ) ;
#1219 = CARTESIAN_POINT ( 'NONE',  ( 111.6081081681089600, -408.1841559741618000, -22.96429054626377600 ) ) ;
#1220 = CARTESIAN_POINT ( 'NONE',  ( 2913.058602738402000, -414.8524180914482100, -24.71910555930741500 ) ) ;
#1221 = CARTESIAN_POINT ( 'NONE',  ( 1829.051810612546900, 108.9425824416535300, -548.5337359961819200 ) ) ;
#1222 = CARTESIAN_POINT ( 'NONE',  ( -114.9955268521872000, 302.9162156490849600, 70.35947105644872600 ) ) ;
#1223 = CARTESIAN_POINT ( 'NONE',  ( 2122.120321236966900, 304.0494446566562500, 331.3869879743960500 ) ) ;
#1224 = CARTESIAN_POINT ( 'NONE',  ( 3187.478672477060600, -210.0970013167747400, 76.54573820726348300 ) ) ;
#1225 = DIRECTION ( 'NONE',  ( 0.0000000000000000000, 0.0000000000000000000, -1.000000000000000000 ) ) ;
#1226 = CARTESIAN_POINT ( 'NONE',  ( 1722.046630962965300, 432.0871580497483800, 611.0450807303597000 ) ) ;
#1227 = CARTESIAN_POINT ( 'NONE',  ( 1826.358109087492000, 320.0600144733683100, -447.1377731452968800 ) ) ;
#1228 = CARTESIAN_POINT ( 'NONE',  ( 61.94123650696375400, 332.7761337390543900, -293.3646783105707500 ) ) ;
#1229 = CARTESIAN_POINT ( 'NONE',  ( 1157.506577504665800, 407.0619688936656100, 37.97290702382523600 ) ) ;
#1230 = CARTESIAN_POINT ( 'NONE',  ( -61.94123650696377600, 161.7377721547260300, -350.1904221682440800 ) ) ;
#1231 = CARTESIAN_POINT ( 'NONE',  ( 292.3738394956013700, 532.3647635003943600, 137.6909764739697600 ) ) ;
#1232 = CARTESIAN_POINT ( 'NONE',  ( 1338.272205314033000, -526.9357064489736300, -157.1925555229881900 ) ) ;
#1233 = CARTESIAN_POINT ( 'NONE',  ( 2900.670323285990000, -232.5574561332275300, 33.02158381743287000 ) ) ;
#1234 = CARTESIAN_POINT ( 'NONE',  ( -74.32948380835655700, 139.0676575517168200, -233.8789887738441300 ) ) ;
#1235 = CARTESIAN_POINT ( 'NONE',  ( 1774.191530234183100, 244.9055459517401800, 346.8736332688148400 ) ) ;
#1236 = CARTESIAN_POINT ( 'NONE',  ( 2712.254833905822600, -150.7693146299229700, 157.2324716472707800 ) ) ;
#1237 = CARTESIAN_POINT ( 'NONE',  ( 1738.560823647652800, 163.0113932353458800, 374.9252281212895900 ) ) ;
#1238 = CARTESIAN_POINT ( 'NONE',  ( 2239.035064234403800, -423.4302085937501400, 31.73354648527180900 ) ) ;
#1239 = CARTESIAN_POINT ( 'NONE',  ( 1878.013947498598300, 407.1357685713230100, -37.17671308565631000 ) ) ;
#1240 = CARTESIAN_POINT ( 'NONE',  ( 2913.058602738478400, -357.4093514646052700, 53.64274982952103000 ) ) ;
#1241 = CARTESIAN_POINT ( 'NONE',  ( 1340.965869103163400, -554.1376662163164600, 75.42674076497861800 ) ) ;
#1242 = CARTESIAN_POINT ( 'NONE',  ( 3144.776554413364000, -214.3344653615593000, -395.5265203714747000 ) ) ;
#1243 = CARTESIAN_POINT ( 'NONE',  ( 3196.495238774120500, -251.9569711833226200, 91.75631671447503400 ) ) ;
#1244 = CARTESIAN_POINT ( 'NONE',  ( 2421.790375655306400, -535.8071932877953700, 266.8733193404896200 ) ) ;
#1245 = CARTESIAN_POINT ( 'NONE',  ( 1838.258328610339500, 745.4992185632536300, -65.62807019002237000 ) ) ;
#1246 = CARTESIAN_POINT ( 'NONE',  ( 2360.928580006872800, 472.9499289721181900, 280.5167483009792600 ) ) ;
#1247 = CARTESIAN_POINT ( 'NONE',  ( 61.94123650696374700, 249.0096388165078200, -95.90268158566880200 ) ) ;
#1248 = CARTESIAN_POINT ( 'NONE',  ( 2203.404928311688800, -405.3885048912044300, -52.93011542146829400 ) ) ;
#1249 = CARTESIAN_POINT ( 'NONE',  ( -95.07192497943368900, 242.8348314821168100, -651.6905709568470700 ) ) ;
#1250 = CARTESIAN_POINT ( 'NONE',  ( -195.7119032649069900, -51.90551266515022600, -550.5506360384119900 ) ) ;
#1251 = CARTESIAN_POINT ( 'NONE',  ( 2616.592507006815100, -103.1446398497243000, -540.1097581249453000 ) ) ;
#1252 = CARTESIAN_POINT ( 'NONE',  ( 2860.914187333351500, -114.4270522714138100, 355.9451103014810700 ) ) ;
#1253 = CARTESIAN_POINT ( 'NONE',  ( 2879.928489444849700, -693.5353404577935000, -111.6641039454445400 ) ) ;
#1254 = CARTESIAN_POINT ( 'NONE',  ( 3008.016765351725100, 146.7165413195788200, -434.4733599354076400 ) ) ;
#1255 = CARTESIAN_POINT ( 'NONE',  ( 1913.644669105993200, 406.1886734279198100, -123.7368040717043800 ) ) ;
#1256 = CARTESIAN_POINT ( 'NONE',  ( 2900.670323286164600, -401.5287427649265100, -47.77596111903064000 ) ) ;
#1257 = CARTESIAN_POINT ( 'NONE',  ( 2156.920201199609900, -349.1606599853435600, -212.6698724672440300 ) ) ;
#1258 = CARTESIAN_POINT ( 'NONE',  ( 2634.152483719513400, 376.6775425387706400, -195.9950308538411700 ) ) ;
#1259 = CARTESIAN_POINT ( 'NONE',  ( 2296.373330939103700, -311.4613546273631600, 264.8272339637455800 ) ) ;
#1260 = CARTESIAN_POINT ( 'NONE',  ( 2913.058602738370600, -333.1712541960878300, 64.45142699005596400 ) ) ;
#1261 = CARTESIAN_POINT ( 'NONE',  ( 2456.590852834139200, 418.8436928190483300, -370.5774095724244700 ) ) ;
#1262 = CARTESIAN_POINT ( 'NONE',  ( 2842.627924096445000, 359.5687448496804000, 270.1348532324445800 ) ) ;
#1263 = CARTESIAN_POINT ( 'NONE',  ( 2966.837838460251100, -79.50425484933451500, -43.14497310310675700 ) ) ;
#1264 = CARTESIAN_POINT ( 'NONE',  ( 815.6016284703681500, -707.2111061148879100, 244.8020792539765300 ) ) ;
#1265 = CARTESIAN_POINT ( 'NONE',  ( 309.9335742612011000, 16.12685566109080100, 424.3112665430387000 ) ) ;
#1266 = CARTESIAN_POINT ( 'NONE',  ( 1840.735791254275500, -24.55766433641118200, 598.0864535091991500 ) ) ;
#1267 = CARTESIAN_POINT ( 'NONE',  ( 948.3268923634041100, -159.1349327955550500, 376.5865914320192500 ) ) ;
#1268 = ORIENTED_EDGE ( 'NONE', *, *, #3535, .F. ) ;
#1269 = CARTESIAN_POINT ( 'NONE',  ( 61.94123650696374700, 281.4294386214868400, -134.8436574990155900 ) ) ;
#1270 = CARTESIAN_POINT ( 'NONE',  ( 966.3973226063966400, 486.1445275916935900, 256.9723565164448500 ) ) ;
#1271 = CARTESIAN_POINT ( 'NONE',  ( 1872.842653608181100, 111.4032253844395800, -538.4799571660536200 ) ) ;
#1272 = CARTESIAN_POINT ( 'NONE',  ( 3049.483930925893200, -168.7869732034041000, 215.7057930304644900 ) ) ;
#1273 = B_SPLINE_CURVE_WITH_KNOTS ( 'NONE', 3,
 ( #3797, #3775, #3249, #2777, #1274, #5836, #247, #307, #2798, #6347, #3819, #2313, #815, #2820, #4860 ),
 .UNSPECIFIED., .F., .F.,
 ( 4, 1, 1, 1, 1, 1, 1, 1, 1, 1, 1, 1, 4 ),
 ( 0.0000000000000000000, 0.06878470168917669200, 0.1442738605561909600, 0.2262078797667817500, 0.3137468971164819600, 0.4054473357279265700, 0.4994390021618885200, 0.5934680111024892600, 0.6852774750954954100, 0.7729902092803402300, 0.8551524044246771000, 0.9309125957014710000, 1.000000000000000000 ),
 .UNSPECIFIED. ) ;
#1274 = CARTESIAN_POINT ( 'NONE',  ( -74.32948380835657100, 149.1593346570288400, -251.6471261350765500 ) ) ;
#1275 = CARTESIAN_POINT ( 'NONE',  ( 443.7043637165894000, -66.03121095012636500, 292.6045832643360400 ) ) ;
#1276 = VERTEX_POINT ( 'NONE', #6380 ) ;
#1277 = CARTESIAN_POINT ( 'NONE',  ( 218.9543979933611700, 116.5314231406408000, -439.2640347981518400 ) ) ;
#1278 = CARTESIAN_POINT ( 'NONE',  ( 201.3944709491654200, -509.9090920513600100, -282.1366020917331000 ) ) ;
#1279 = CARTESIAN_POINT ( 'NONE',  ( 102.8195093603087300, 11.15384093291164200, -296.2708806930673400 ) ) ;
#1280 = CARTESIAN_POINT ( 'NONE',  ( 3887.478672477059700, 6.269290642180180800E-012, -7.091549569793187400E-012 ) ) ;
#1281 = CARTESIAN_POINT ( 'NONE',  ( 2249.889268004541900, -392.0596438645259800, 115.8909414631016700 ) ) ;
#1282 = CARTESIAN_POINT ( 'NONE',  ( 1529.381141778443200, -406.6488903093054400, 42.17010152653240600 ) ) ;
#1283 = CARTESIAN_POINT ( 'NONE',  ( 2756.549116713601500, -149.8048581463636100, 147.0099274563677900 ) ) ;
#1284 = ORIENTED_EDGE ( 'NONE', *, *, #29, .T. ) ;
#1285 = CARTESIAN_POINT ( 'NONE',  ( 2549.559357804992900, 6.699234198118533700, -559.2103525169656000 ) ) ;
#1286 = CARTESIAN_POINT ( 'NONE',  ( 2679.932781837821500, -228.8566262270243800, 387.1535679086093800 ) ) ;
#1287 = CARTESIAN_POINT ( 'NONE',  ( 3233.157929862397400, -227.8762760112626000, 76.86823186623719600 ) ) ;
#1288 = CARTESIAN_POINT ( 'NONE',  ( 2398.548215580975000, -579.4618532461498700, 150.1150153989878200 ) ) ;
#1289 = CARTESIAN_POINT ( 'NONE',  ( 2047.438010095396500, -287.7088248721609000, -690.8688231977007500 ) ) ;
#1290 = CARTESIAN_POINT ( 'NONE',  ( 751.5354303600802300, -321.8494659751147500, -276.9708697004175000 ) ) ;
#1291 = CARTESIAN_POINT ( 'NONE',  ( 2259.095109130585600, -324.3050553339335200, -503.1269911782895900 ) ) ;
#1292 = CARTESIAN_POINT ( 'NONE',  ( 878.6003296283538500, -349.5756703645428700, 211.9864119862780000 ) ) ;
#1293 = CARTESIAN_POINT ( 'NONE',  ( -61.94123650696378300, 128.2509615012112600, -201.5172910259399500 ) ) ;
#1294 = CARTESIAN_POINT ( 'NONE',  ( 594.5220818838397500, -426.6696374071528300, -346.8764963495344800 ) ) ;
#1295 = CARTESIAN_POINT ( 'NONE',  ( 379.6601430728482600, 261.6307607664482500, 334.4390350002054200 ) ) ;
#1296 = CARTESIAN_POINT ( 'NONE',  ( 3089.077667549938700, -289.6995891970343000, -94.51487394770450100 ) ) ;
#1297 = CARTESIAN_POINT ( 'NONE',  ( -198.0102992182312400, 1.172623910564815500, -120.9251934588209700 ) ) ;
#1298 = CARTESIAN_POINT ( 'NONE',  ( 420.4627923996103500, -125.2006104335134800, 272.5849199234770600 ) ) ;
#1299 = CARTESIAN_POINT ( 'NONE',  ( -61.94123650696380400, 66.47794375361736700, -416.2737795422888800 ) ) ;
#1300 = CARTESIAN_POINT ( 'NONE',  ( 2822.079410960693600, 418.0004116704302000, 188.5955764328545000 ) ) ;
#1301 = CARTESIAN_POINT ( 'NONE',  ( 2308.761628918020500, -324.5826141202644000, 273.7631916285900500 ) ) ;
#1302 = CARTESIAN_POINT ( 'NONE',  ( 2712.858940056322800, -141.7585019340151900, 152.9741279213914100 ) ) ;
#1303 = CARTESIAN_POINT ( 'NONE',  ( 2645.006163267358700, 314.6877107250134600, -260.9851914378475600 ) ) ;
#1304 = CARTESIAN_POINT ( 'NONE',  ( 1692.076702687954100, -2.908262110516520900, 408.8191012601139400 ) ) ;
#1305 = CARTESIAN_POINT ( 'NONE',  ( 2756.045694921517200, -541.2754024904758100, -70.97182298760985500 ) ) ;
#1306 = CARTESIAN_POINT ( 'NONE',  ( 344.0297084077806700, 181.2118473378861800, 366.4748714020434500 ) ) ;
#1307 = CARTESIAN_POINT ( 'NONE',  ( 353.2358998346881000, -440.2757814843890300, 405.5462902519275900 ) ) ;
#1308 = CARTESIAN_POINT ( 'NONE',  ( 3164.339005693723700, -14.59596145569693000, 119.7830185955049100 ) ) ;
#1309 = CARTESIAN_POINT ( 'NONE',  ( 2538.001322369073900, -39.22819389308040900, 597.3037130376080800 ) ) ;
#1310 = CARTESIAN_POINT ( 'NONE',  ( 1233.960860985381900, 437.2461439415298500, -607.3642329340305000 ) ) ;
#1311 = CARTESIAN_POINT ( 'NONE',  ( 960.7151196917280900, -166.8375490195445300, 390.4678884455473200 ) ) ;
#1312 = CARTESIAN_POINT ( 'NONE',  ( 2700.696682264179300, 589.3406082036895000, 104.8252137292544600 ) ) ;
#1313 = CARTESIAN_POINT ( 'NONE',  ( 555.6872936941355200, 146.1809897144843000, 214.1836353247769600 ) ) ;
#1314 = CARTESIAN_POINT ( 'NONE',  ( 2709.561419961440200, -469.6270276864301500, -283.8620931529799200 ) ) ;
#1315 = CARTESIAN_POINT ( 'NONE',  ( 1680.518654910901400, 35.85594013494858200, -448.3049380594116000 ) ) ;
#1316 = CARTESIAN_POINT ( 'NONE',  ( 2712.254874847657400, -501.1655249427406600, 101.4345453563144300 ) ) ;
#1317 = CARTESIAN_POINT ( 'NONE',  ( -90.20932942469555400, 56.76796176595199500, -164.7895923179296200 ) ) ;
#1318 = AXIS2_PLACEMENT_3D ( 'NONE', #3593, #1068, #2157 ) ;
#1319 = CARTESIAN_POINT ( 'NONE',  ( 1117.728471059709600, -131.8524003047467100, 269.4302709776539500 ) ) ;
#1320 = CARTESIAN_POINT ( 'NONE',  ( -61.94123650696380400, 171.2462842503276800, -324.2131258998336400 ) ) ;
#1321 = CARTESIAN_POINT ( 'NONE',  ( 666.2379849731664800, 504.1435817045345400, -292.3131387578429800 ) ) ;
#1322 = CARTESIAN_POINT ( 'NONE',  ( 2262.277515485243400, -407.6764938524876200, 118.7429547032109800 ) ) ;
#1323 = CARTESIAN_POINT ( 'NONE',  ( 1668.834262496610600, -87.51663685012620400, 399.3525740091448000 ) ) ;
#1324 = CARTESIAN_POINT ( 'NONE',  ( 1785.045603723858700, 300.9619074708048700, 276.7008100709275000 ) ) ;
#1325 = CARTESIAN_POINT ( 'NONE',  ( 3036.942343978378600, -394.8868687028291900, 210.4994084670908900 ) ) ;
#1326 = CARTESIAN_POINT ( 'NONE',  ( 88.36558040390535500, -394.5761393661123900, -107.0067395649380700 ) ) ;
#1327 = CARTESIAN_POINT ( 'NONE',  ( 190.5403053821725300, -451.5942277963227400, -392.9023899436716600 ) ) ;
#1328 = CARTESIAN_POINT ( 'NONE',  ( 3182.082714599204800, -13.86650480873304200, 119.3320261147851700 ) ) ;
#1329 = CARTESIAN_POINT ( 'NONE',  ( 74.32948380835650000, 260.1181061961383400, -84.68630212957681600 ) ) ;
#1330 = CARTESIAN_POINT ( 'NONE',  ( 466.9464249872178200, -3.997943814059236700, 299.9360066010466400 ) ) ;
#1331 = CARTESIAN_POINT ( 'NONE',  ( 2535.523885008560200, 746.8851957042943500, -47.31275014298687900 ) ) ;
#1332 = CARTESIAN_POINT ( 'NONE',  ( 2616.592507006815100, -103.1446398497243000, -540.1097581249453000 ) ) ;
#1333 = CARTESIAN_POINT ( 'NONE',  ( 2049.915449968865200, 577.5760222382004900, -157.2146597764979100 ) ) ;
#1334 = CARTESIAN_POINT ( 'NONE',  ( 625.4138769622752500, 243.9417690848787900, 87.95413767126687800 ) ) ;
#1335 = CARTESIAN_POINT ( 'NONE',  ( 123.9963410469408600, -423.8488862914642800, -25.54015740645628400 ) ) ;
#1336 = CARTESIAN_POINT ( 'NONE',  ( 170.4804369296374500, -397.8368357175933700, 148.4115961522967700 ) ) ;
#1337 = CARTESIAN_POINT ( 'NONE',  ( 1610.792087839040500, 291.6757671379693900, -342.3276114451142000 ) ) ;
#1338 = CARTESIAN_POINT ( 'NONE',  ( 2860.914187333680700, -446.2231641509783900, 368.0165642450246000 ) ) ;
#1339 = CARTESIAN_POINT ( 'NONE',  ( -212.4786724770602300, -239.9999999999999700, 120.0000000000000300 ) ) ;
#1340 = CARTESIAN_POINT ( 'NONE',  ( 885.3059058006292600, -169.4370905953257700, -247.5251434881892600 ) ) ;
#1341 = CARTESIAN_POINT ( 'NONE',  ( 95.07192497943364600, 63.84713805696405600, -309.3504571453363500 ) ) ;
#1342 = CARTESIAN_POINT ( 'NONE',  ( 2153.738406257312400, 149.7860096835679300, -563.1798740167730600 ) ) ;
#1343 = CARTESIAN_POINT ( 'NONE',  ( 925.0844233331603200, -233.6802153878839500, 335.4625536025223500 ) ) ;
#1344 = CIRCLE ( 'NONE', #1550, 100.0000000000000000 ) ;
#1345 = CARTESIAN_POINT ( 'NONE',  ( -114.0863099753205300, 116.6320125002183800, -733.7614126919893400 ) ) ;
#1346 = CARTESIAN_POINT ( 'NONE',  ( 3193.954303082406100, -452.2695810584450600, -43.02378949068105400 ) ) ;
#1347 = CARTESIAN_POINT ( 'NONE',  ( 1203.990706516283600, 387.5284852942010000, -130.2429373804942800 ) ) ;
#1348 = CARTESIAN_POINT ( 'NONE',  ( 841.3219338972845700, -240.2614165288519000, -548.2562584482448100 ) ) ;
#1349 = CARTESIAN_POINT ( 'NONE',  ( 2714.767590835200700, -125.4920895826415500, 141.6046225115747700 ) ) ;
#1350 = CARTESIAN_POINT ( 'NONE',  ( 815.5793251986262900, 7.678211445516568600, -299.8644095932669400 ) ) ;
#1351 = VERTEX_POINT ( 'NONE', #2831 ) ;
#1352 = CARTESIAN_POINT ( 'NONE',  ( 2582.007517768152000, 663.6370348440541400, -345.9214206619214500 ) ) ;
#1353 = CARTESIAN_POINT ( 'NONE',  ( -61.94123650696368300, 66.47794375361687000, -416.2737795422889300 ) ) ;
#1354 = CARTESIAN_POINT ( 'NONE',  ( 1956.947026913619500, 504.3649266843755200, 322.3761499941147700 ) ) ;
#1355 = PRESENTATION_LAYER_ASSIGNMENT (  '', '', ( #3501 ) ) ;
#1356 = CARTESIAN_POINT ( 'NONE',  ( 2342.858031528222900, -177.4216387119981800, 368.3246009432328900 ) ) ;
#1357 = CARTESIAN_POINT ( 'NONE',  ( 7.785225226942168700, -191.1687577761928500, -379.1273102632060300 ) ) ;
#1358 =( BOUNDED_SURFACE ( )  B_SPLINE_SURFACE ( 3, 3, ( 
 ( #5636, #5686, #2697, #6203, #5249, #167, #2649, #4740, #1637, #1176, #2186 ),
 ( #4178, #3648, #4691, #1661, #3157, #3698, #193, #1712, #5199, #6250, #2211 ),
 ( #3236, #5272, #3722, #2162, #2720, #5712, #142, #4716, #716, #3210, #1224 ),
 ( #4205, #2236, #4667, #4250, #5736, #217, #694, #2672, #671, #620, #4227 ),
 ( #3674, #6174, #1125, #5758, #1202, #4151, #3185, #1689, #6275, #5224, #3745 ),
 ( #4765, #5175, #1151, #1734, #2624, #3130, #119, #740, #4850, #3785, #4293 ),
 ( #280, #6379, #4825, #5377, #1263, #5312, #4315, #3848, #3323, #5870, #759 ) ),
 .UNSPECIFIED., .T., .F., .T. ) 
 B_SPLINE_SURFACE_WITH_KNOTS ( ( 4, 3, 4 ),
 ( 4, 1, 1, 1, 1, 1, 1, 1, 4 ),
 ( 0.0000000000000000000, 0.5000000000000000000, 1.000000000000000000 ),
 ( 0.0000000000000000000, 0.1310038109028284800, 0.2704835234952268600, 0.4156855244358764700, 0.5630748974725337000, 0.6780326435055935600, 0.7901374509886026600, 0.8978491610507430800, 1.000000000000000000 ),
 .UNSPECIFIED. ) 
 GEOMETRIC_REPRESENTATION_ITEM ( )  RATIONAL_B_SPLINE_SURFACE ( (
 ( 1.000000000000000000, 1.000000000000000000, 1.000000000000000200, 0.9999999999999997800, 1.000000000000000400, 0.9999999999999997800, 1.000000000000000200, 0.9999999999999997800, 1.000000000000000000, 1.000000000000000000, 1.000000000000000000),
 ( 0.3333333333333333700, 0.3333333333333333700, 0.3333333333333334300, 0.3333333333333332600, 0.3333333333333335400, 0.3333333333333332600, 0.3333333333333334300, 0.3333333333333333100, 0.3333333333333333700, 0.3333333333333333700, 0.3333333333333333700),
 ( 0.3333333333333333700, 0.3333333333333333700, 0.3333333333333334300, 0.3333333333333332600, 0.3333333333333335400, 0.3333333333333332600, 0.3333333333333334300, 0.3333333333333333100, 0.3333333333333333700, 0.3333333333333333700, 0.3333333333333333700),
 ( 1.000000000000000000, 1.000000000000000000, 1.000000000000000200, 0.9999999999999997800, 1.000000000000000400, 0.9999999999999997800, 1.000000000000000200, 0.9999999999999997800, 1.000000000000000000, 1.000000000000000000, 1.000000000000000000),
 ( 0.3333333333333333700, 0.3333333333333333700, 0.3333333333333334300, 0.3333333333333332600, 0.3333333333333335400, 0.3333333333333332600, 0.3333333333333334300, 0.3333333333333333100, 0.3333333333333333700, 0.3333333333333333700, 0.3333333333333333700),
 ( 0.3333333333333333700, 0.3333333333333333700, 0.3333333333333334300, 0.3333333333333332600, 0.3333333333333335400, 0.3333333333333332600, 0.3333333333333334300, 0.3333333333333333100, 0.3333333333333333700, 0.3333333333333333700, 0.3333333333333333700),
 ( 1.000000000000000000, 1.000000000000000000, 1.000000000000000200, 0.9999999999999997800, 1.000000000000000400, 0.9999999999999997800, 1.000000000000000200, 0.9999999999999997800, 1.000000000000000000, 1.000000000000000000, 1.000000000000000000) ) ) 
 REPRESENTATION_ITEM ( '' )  SURFACE ( )  );
#1359 = CARTESIAN_POINT ( 'NONE',  ( 335.1653719591195700, -333.8644666998521300, -314.3223472680351700 ) ) ;
#1360 = ORIENTED_EDGE ( 'NONE', *, *, #6276, .F. ) ;
#1361 = CARTESIAN_POINT ( 'NONE',  ( 2052.393762177793200, 52.29327820926701500, 446.6864979835124800 ) ) ;
#1362 =( LENGTH_UNIT ( ) NAMED_UNIT ( * ) SI_UNIT ( .MILLI., .METRE. ) );
#1363 = CARTESIAN_POINT ( 'NONE',  ( -212.4786724770602000, 1.469576158976824000E-014, 120.0000000000000100 ) ) ;
#1364 = CARTESIAN_POINT ( 'NONE',  ( 234.5247750193849800, -259.0195949782994900, -151.3166208161177300 ) ) ;
#1365 = CARTESIAN_POINT ( 'NONE',  ( 1038.113354966309500, -437.4285923305331500, 385.0502866534752700 ) ) ;
#1366 = CARTESIAN_POINT ( 'NONE',  ( 762.3890178889649900, -359.1752893258226300, -195.2811131509199400 ) ) ;
#1367 = CARTESIAN_POINT ( 'NONE',  ( -212.4786724770602000, 1.469576158976824000E-014, -120.0000000000000100 ) ) ;
#1368 = CARTESIAN_POINT ( 'NONE',  ( 95.07192497943370300, 45.98724821414786100, -294.0825109829852400 ) ) ;
#1369 = CARTESIAN_POINT ( 'NONE',  ( 18.63901376353561200, -257.1639917874635400, -317.8496522463896700 ) ) ;
#1370 = CARTESIAN_POINT ( 'NONE',  ( 934.2906040557340900, -567.5806817880688900, -190.1645682003936900 ) ) ;
#1371 = CARTESIAN_POINT ( 'NONE',  ( 2900.670323285768100, -264.7475099347836900, 49.92333704643135700 ) ) ;
#1372 = CARTESIAN_POINT ( 'NONE',  ( 74.32948380835650000, 123.7279366349569000, -580.1079196009052300 ) ) ;
#1373 = CARTESIAN_POINT ( 'NONE',  ( 1164.212229570133600, -11.35731670629401800, 299.7476535779490500 ) ) ;
#1374 = CARTESIAN_POINT ( 'NONE',  ( 388.0360968571549200, 299.0570822775184800, -472.5697815000235700 ) ) ;
#1375 = CARTESIAN_POINT ( 'NONE',  ( 2424.972829328015500, 73.08442305010659400, 418.2806104678705900 ) ) ;
#1376 = CARTESIAN_POINT ( 'NONE',  ( 118.3362275956882600, -700.9903280041085100, 262.0845451523773000 ) ) ;
#1377 = CARTESIAN_POINT ( 'NONE',  ( 253.5391052171009400, -222.1191032567952300, -133.8554673914889000 ) ) ;
#1378 = CARTESIAN_POINT ( 'NONE',  ( 379.6601430728482600, 261.6307607664482500, 334.4390350002054200 ) ) ;
#1379 = CARTESIAN_POINT ( 'NONE',  ( 614.0716319788832600, 80.96233759560188000, 451.3733165545946200 ) ) ;
#1380 = CARTESIAN_POINT ( 'NONE',  ( 2308.057758240873200, 299.9891559555743500, -335.0666254028713000 ) ) ;
#1381 = APPLICATION_CONTEXT ( 'automotive_design' ) ;
#1382 = CARTESIAN_POINT ( 'NONE',  ( -212.4786724770602300, 240.0000000000000300, 119.9999999999999900 ) ) ;
#1383 = CARTESIAN_POINT ( 'NONE',  ( 1053.683529647383500, 177.2761031780801800, 385.8410636703430900 ) ) ;
#1384 = CARTESIAN_POINT ( 'NONE',  ( 2432.644648833126700, -455.7951142299257900, 363.1228801368542900 ) ) ;
#1385 = CARTESIAN_POINT ( 'NONE',  ( 1994.225268765919300, 172.8882993024529900, -370.4740974635820400 ) ) ;
#1386 = EDGE_CURVE ( 'NONE', #2997, #2296, #2433, .T. ) ;
#1387 = CARTESIAN_POINT ( 'NONE',  ( 2913.058602738370600, -333.1712541960878300, 64.45142699005596400 ) ) ;
#1388 = CARTESIAN_POINT ( 'NONE',  ( -27.84498837640840600, -107.0717613556323200, -394.5486938476531700 ) ) ;
#1389 = CARTESIAN_POINT ( 'NONE',  ( 1492.103027211184600, 17.21629675772365800, -598.3427482215798800 ) ) ;
#1390 = CARTESIAN_POINT ( 'NONE',  ( 2977.775274365165800, 162.3209591881120800, 185.1797681609549200 ) ) ;
#1391 = CARTESIAN_POINT ( 'NONE',  ( 1257.181593491779900, 214.4719387770451200, 209.7129248147742800 ) ) ;
#1392 = CARTESIAN_POINT ( 'NONE',  ( 364.7939280897759900, 390.4474735705927600, -400.3851501095404600 ) ) ;
#1393 = CARTESIAN_POINT ( 'NONE',  ( 2099.581936054847600, -162.9542179362596200, -392.1046848399512300 ) ) ;
#1394 = CARTESIAN_POINT ( 'NONE',  ( 141.5774438116923500, -631.5108899290966100, 401.5834905806967800 ) ) ;
#1395 = CARTESIAN_POINT ( 'NONE',  ( 2621.764230157105900, 361.9171673357834000, -190.1511092405969000 ) ) ;
#1396 = CARTESIAN_POINT ( 'NONE',  ( 2721.439071643992100, 294.1371483634670200, 58.83006089874820100 ) ) ;
#1397 = CARTESIAN_POINT ( 'NONE',  ( 399.7199734853725800, -238.1608205816302200, 549.1722140993224500 ) ) ;
#1398 = CARTESIAN_POINT ( 'NONE',  ( 3193.954303082406100, -452.2695810584450600, -43.02378949068105400 ) ) ;
#1399 = FILL_AREA_STYLE_COLOUR ( '', #623 ) ;
#1400 = CARTESIAN_POINT ( 'NONE',  ( 1704.464960753232400, -4.712376380482749200, 424.5913821206937700 ) ) ;
#1401 = CARTESIAN_POINT ( 'NONE',  ( -61.94123650696379700, 108.7436509782912600, -403.8920581914684900 ) ) ;
#1402 = CARTESIAN_POINT ( 'NONE',  ( 1433.230170932237100, 250.3405682213433200, -526.2483795188518300 ) ) ;
#1403 = CARTESIAN_POINT ( 'NONE',  ( 1157.506577504665800, 407.0619688936656100, 37.97290702382523600 ) ) ;
#1404 = CARTESIAN_POINT ( 'NONE',  ( -262.7452775920333500, 67.80126430858247500, -551.0491799788334200 ) ) ;
#1405 = CARTESIAN_POINT ( 'NONE',  ( 61.94123650696374700, 213.6767058318305900, -68.58968059316188700 ) ) ;
#1406 = CARTESIAN_POINT ( 'NONE',  ( 1994.225268765919300, 172.8882993024529900, -370.4740974635820400 ) ) ;
#1407 = CARTESIAN_POINT ( 'NONE',  ( 2718.310023784429200, -64.80238223612997200, 104.0827193467039000 ) ) ;
#1408 = CARTESIAN_POINT ( 'NONE',  ( 1814.994034899977100, -138.4248930060641400, 266.1132319269887000 ) ) ;
#1409 = CARTESIAN_POINT ( 'NONE',  ( 202.0983810898528900, 440.9806572276727400, 343.9368216408117300 ) ) ;
#1410 = CARTESIAN_POINT ( 'NONE',  ( 1960.128809498491400, 321.1986875845480500, -277.7257006169348900 ) ) ;
#1411 = CARTESIAN_POINT ( 'NONE',  ( 1257.202381507735000, 301.9743838190768800, -684.7531388215910500 ) ) ;
#1412 = CARTESIAN_POINT ( 'NONE',  ( 1067.016350967464200, -230.4666183085717300, 118.8645160570514700 ) ) ;
#1413 = CARTESIAN_POINT ( 'NONE',  ( 495.8710903151130100, 420.6873633871350600, -57.63897046587885600 ) ) ;
#1414 = CARTESIAN_POINT ( 'NONE',  ( 660.5558582890660100, 256.9311133110894600, 379.8401579511132100 ) ) ;
#1415 = CARTESIAN_POINT ( 'NONE',  ( 725.1109445388929100, 352.6977288932417300, -483.6472785146168000 ) ) ;
#1416 = CARTESIAN_POINT ( 'NONE',  ( 2900.670323286164600, -401.5287427649265100, -47.77596111903064000 ) ) ;
#1417 = CARTESIAN_POINT ( 'NONE',  ( 1270.535098845258500, 550.6349114314797400, 190.8105577119699800 ) ) ;
#1418 = CARTESIAN_POINT ( 'NONE',  ( 1750.949122808540600, 167.7536730660593800, 390.0754622386540400 ) ) ;
#1419 = ORIENTED_EDGE ( 'NONE', *, *, #2871, .F. ) ;
#1420 = CARTESIAN_POINT ( 'NONE',  ( -95.07192497943368900, 242.8348314821168100, -651.6905709568470700 ) ) ;
#1421 = CARTESIAN_POINT ( 'NONE',  ( 1712.136435649051500, -514.5612100378668900, 273.5589831360246100 ) ) ;
#1422 = CARTESIAN_POINT ( 'NONE',  ( 114.0863099753204800, 57.01616516671244700, -251.0463403202183200 ) ) ;
#1423 = CARTESIAN_POINT ( 'NONE',  ( 3187.478672477060200, 6.661338147750939200E-012, -7.327471962526033200E-012 ) ) ;
#1424 = CARTESIAN_POINT ( 'NONE',  ( 2415.085027823751700, 262.6701294922794400, 657.0203601732595200 ) ) ;
#1425 = CARTESIAN_POINT ( 'NONE',  ( 82.07699323691989000, 66.89260487128224500, -587.7330478261808400 ) ) ;
#1426 = EDGE_LOOP ( 'NONE', ( #1098, #158 ) ) ;
#1427 = CARTESIAN_POINT ( 'NONE',  ( 2110.436127032379800, -233.0236594598453300, -335.9188281568156100 ) ) ;
#1428 = CARTESIAN_POINT ( 'NONE',  ( 2902.163986491626000, -220.2511562941506300, 25.41311425860878600 ) ) ;
#1429 = CARTESIAN_POINT ( 'NONE',  ( 2117.141527451546600, 236.6694201379546000, -184.2962134100610300 ) ) ;
#1430 = CARTESIAN_POINT ( 'NONE',  ( 597.2157672863708100, -540.8205747943964100, -142.3740404322157600 ) ) ;
#1431 = ORIENTED_EDGE ( 'NONE', *, *, #3949, .T. ) ;
#1432 = CARTESIAN_POINT ( 'NONE',  ( 1495.285252200299500, -403.3423706458465900, -132.7214875357167900 ) ) ;
#1433 = CARTESIAN_POINT ( 'NONE',  ( 955.0547063535583400, 10.60719410067578700, 748.3067935364021000 ) ) ;
#1434 = CARTESIAN_POINT ( 'NONE',  ( 1601.586061147741700, -138.1988641675476400, -219.4189141335157600 ) ) ;
#1435 = CARTESIAN_POINT ( 'NONE',  ( 1750.949122808540600, 167.7536730660593800, 390.0754622386540400 ) ) ;
#1436 = CARTESIAN_POINT ( 'NONE',  ( 288.6808957444654300, -177.2253514122080800, -422.7379113100947700 ) ) ;
#1437 = CARTESIAN_POINT ( 'NONE',  ( 934.2906040557340900, -567.5806817880688900, -190.1645682003936900 ) ) ;
#1438 = APPLICATION_PROTOCOL_DEFINITION ( 'draft international standard', 'automotive_design', 1998, #1381 ) ;
#1439 = CARTESIAN_POINT ( 'NONE',  ( 2107.253752801204000, 365.1600209643527800, -454.1648502353315300 ) ) ;
#1440 = CARTESIAN_POINT ( 'NONE',  ( 2148.055994532579500, 450.2659585152309200, 86.90970430985810000 ) ) ;
#1441 = CARTESIAN_POINT ( 'NONE',  ( 1262.863202685892000, 314.2861970232941100, -285.5246708129598100 ) ) ;
#1442 = CARTESIAN_POINT ( 'NONE',  ( -95.07192497943370300, 122.1027386819507000, -690.8081067275825300 ) ) ;
#1443 = CARTESIAN_POINT ( 'NONE',  ( 2525.613081696607400, -37.03751837823941900, 581.5804508844024700 ) ) ;
#1444 = CARTESIAN_POINT ( 'NONE',  ( 2575.279595916936200, 407.9254959631784900, -27.17393563126099600 ) ) ;
#1445 = CARTESIAN_POINT ( 'NONE',  ( 2913.058602738325600, -416.2739075224484400, -66.47794835451715300 ) ) ;
#1446 = CARTESIAN_POINT ( 'NONE',  ( 2624.264683060045200, 547.0135376151660000, -448.8290394928284900 ) ) ;
#1447 = CARTESIAN_POINT ( 'NONE',  ( 2668.248688706655200, 253.8110142800839500, -320.5018456721152200 ) ) ;
#1448 = CARTESIAN_POINT ( 'NONE',  ( 3187.478672477060200, -11.40110498044100100, 99.34794816815961800 ) ) ;
#1449 = CARTESIAN_POINT ( 'NONE',  ( 1480.418997111381000, -102.2030432582215400, 549.8293299169126800 ) ) ;
#1450 = CARTESIAN_POINT ( 'NONE',  ( 2308.761628918020500, -324.5826141202644000, 273.7631916285900500 ) ) ;
#1451 = CARTESIAN_POINT ( 'NONE',  ( 885.3281674747844400, -429.7598186464196600, 612.6843284043868600 ) ) ;
#1452 = CARTESIAN_POINT ( 'NONE',  ( 31.02730239950738100, -265.7657841759900100, -331.1837440498681000 ) ) ;
#1453 = EDGE_CURVE ( 'NONE', #338, #1897, #1544, .T. ) ;
#1454 = CARTESIAN_POINT ( 'NONE',  ( 927.5632208401027600, -185.1583756598033100, -181.5489287851707400 ) ) ;
#1455 = CARTESIAN_POINT ( 'NONE',  ( 1262.863202685892000, 314.2861970232941100, -285.5246708129598100 ) ) ;
#1456 = CARTESIAN_POINT ( 'NONE',  ( 1032.431014699912800, -326.0980750911416000, -322.4172015379059500 ) ) ;
#1457 = CARTESIAN_POINT ( 'NONE',  ( 3051.807619496259100, 148.9297264475722800, -424.3624191785183900 ) ) ;
#1458 = CARTESIAN_POINT ( 'NONE',  ( 945.1442275846277400, -579.0626703133300500, -65.52987575671400600 ) ) ;
#1459 = CARTESIAN_POINT ( 'NONE',  ( 1869.149755603707700, -413.4290994307697200, 198.4166180922140400 ) ) ;
#1460 = CARTESIAN_POINT ( 'NONE',  ( 2006.613505947774500, 181.0966141674948600, -384.0624778713066100 ) ) ;
#1461 = CARTESIAN_POINT ( 'NONE',  ( -95.07192497943370300, 415.7969534376378000, -475.3772823641800800 ) ) ;
#1462 = CARTESIAN_POINT ( 'NONE',  ( 2595.339636766300400, 310.6712530593217700, 493.0425735044831900 ) ) ;
#1463 = CARTESIAN_POINT ( 'NONE',  ( 2482.311132162279100, 294.0806513816605200, 284.0035809744688900 ) ) ;
#1464 = B_SPLINE_CURVE_WITH_KNOTS ( 'NONE', 3,
 ( #1912, #1425, #376, #4908, #1893, #3436, #1875, #5435, #6473, #4960, #2909, #6454, #3419, #397, #4438, #4942, #5455, #5810, #3285, #649, #6204, #2673, #1638, #5687, #5713, #672, #1613, #1713, #4641, #4179, #599, #4206, #2187, #120, #6251, #143, #1662, #3723, #3699, #2698, #2139, #5200, #3675, #6150, #5737, #3158, #93, #3622, #5250, #1203, #3106, #5149, #2110, #5225, #2212, #5661, #4692, #2625, #6175, #3131, #695, #4128, #1126, #4668, #3649, #1690, #621, #1097, #194, #2598, #4152, #3211, #1177, #5176, #4717, #4228, #2650, #4741, #1152, #2163, #6226, #3186, #168, #237, #805, #4782, #5337, #3282, #259, #2237, #4766, #4294, #299, #3261, #2810, #3809, #5827, #1757, #2259, #2279, #781, #1288, #1244, #5293, #2744, #741, #4316, #1309, #5806, #4826, #4272, #1799, #3746, #2302, #3765, #281, #4805, #3786, #2721, #5848, #6316, #1778, #5313, #5759, #5783, #6362, #218, #1735, #2789, #3324, #2766 ),
 .UNSPECIFIED., .F., .F.,
 ( 4, 1, 1, 1, 1, 1, 1, 1, 1, 1, 1, 1, 1, 1, 1, 1, 1, 1, 1, 1, 1, 1, 1, 1, 1, 1, 1, 1, 1, 1, 1, 1, 1, 1, 1, 1, 1, 1, 1, 1, 1, 1, 1, 1, 1, 1, 1, 1, 1, 1, 1, 1, 1, 1, 1, 1, 1, 1, 1, 1, 1, 1, 1, 1, 1, 1, 1, 1, 1, 1, 1, 1, 1, 1, 1, 1, 1, 1, 1, 1, 1, 1, 1, 1, 1, 1, 1, 1, 1, 1, 1, 1, 1, 1, 1, 1, 1, 1, 1, 1, 1, 1, 1, 1, 1, 1, 1, 1, 1, 1, 1, 1, 1, 1, 1, 1, 1, 1, 1, 1, 1, 1, 1, 1, 1, 1, 1, 1, 4 ),
 ( 0.0000000000000000000, 0.007812497148276702400, 0.01562500122086223100, 0.02343749856725456700, 0.03124999671471001500, 0.03906250134751100600, 0.04687499840197770900, 0.05468749687076920200, 0.06250000148264627000, 0.07031249825383789600, 0.07812499703486416900, 0.08593750161825325400, 0.09374999812095259600, 0.1015624972058748300, 0.1093750017532115300, 0.1171874980022322400, 0.1249999973827346000, 0.1328125018864656500, 0.1406249978966557200, 0.1484374975644442700, 0.1562500020170293500, 0.1640624978032661800, 0.1718749977500711200, 0.1796875021439797200, 0.1874999977211727300, 0.1953124979387443600, 0.2031250022664614600, 0.2109374976495468100, 0.2187499981296612000, 0.2265625023836809700, 0.2343749975876233400, 0.2421874983220764800, 0.2500000024949054500, 0.2578124975346973200, 0.2656249985153067400, 0.2734375025994608100, 0.2812499974901243000, 0.2890624987087278600, 0.2968750026967374400, 0.3046874974533189700, 0.3124999989017777100, 0.3203125027861798400, 0.3281249974237486200, 0.3359374990939426000, 0.3437500028672891800, 0.3515624974009432000, 0.3593749992847748400, 0.3671875029396202700, 0.3749999973844807500, 0.3828124994738716900, 0.3906250030027878000, 0.3984374973739938700, 0.4062499996608872600, 0.4140625030564550300, 0.4218749973691752200, 0.4296874998455303400, 0.4375000031003361500, 0.4453124973697527000, 0.4531250000275565100, 0.4609375031341983500, 0.4687499973755188700, 0.4765625002067705500, 0.4843750031578512000, 0.4921874973863009100, 0.5000000003830196200, 0.5078125031711611100, 0.5156249974019842000, 0.5234375005562127400, 0.5312500031740333700, 0.5390624974224963500, 0.5468750007262867000, 0.5546875031664244600, 0.5624999974478026600, 0.5703125008932381500, 0.5781250031483269300, 0.5859374974779189000, 0.5937500010570943000, 0.6015625031197817700, 0.6093749975128998100, 0.6171875012179250900, 0.6250000030808654500, 0.6328124975528388600, 0.6406250013758476600, 0.6484375030317032200, 0.6562499975978745000, 0.6640625015310114300, 0.6718750029724514000, 0.6796874976481719300, 0.6875000016836070300, 0.6953125029033061500, 0.7031249977039409900, 0.7109375018338586200, 0.7187500028244965300, 0.7265624977654283600, 0.7343750019820221000, 0.7421875027362945200, 0.7499999978329049400, 0.7578125021283929100, 0.7656250026389948000, 0.7734374979066911400, 0.7812500022733001000, 0.7890625025329267600, 0.7968749979871139200, 0.8046875024170984100, 0.8125000024184561000, 0.8203124980745580800, 0.8281250025601842900, 0.8359375022959779600, 0.8437499981694143200, 0.8515625027029527500, 0.8593750021659046800, 0.8671874982721075000, 0.8750000028458575500, 0.8828125020286883300, 0.8906249983830949500, 0.8984375029893683100, 0.9062500018847990900, 0.9140624985028615900, 0.9218750031339771900, 0.9296875017347405700, 0.9374999986318913700, 0.9453125032801932300, 0.9531250015790250200, 0.9609374987707206600, 0.9687500034285757600, 0.9765625014175570700, 0.9843749989158031600, 0.9921875029300703000, 1.000000000000000000 ),
 .UNSPECIFIED. ) ;
#1465 = CARTESIAN_POINT ( 'NONE',  ( -185.3495513001858800, -197.8007228281045700, -101.7352169226975900 ) ) ;
#1466 = CARTESIAN_POINT ( 'NONE',  ( 2298.873340429167500, -435.3838900981522800, 557.7738491039674500 ) ) ;
#1467 = CARTESIAN_POINT ( 'NONE',  ( 2180.162697556363600, -385.6362288835674100, -135.7430616858941900 ) ) ;
#1468 = CARTESIAN_POINT ( 'NONE',  ( 2761.485971048216500, -77.78566404221982100, 101.4400515539995500 ) ) ;
#1469 = CARTESIAN_POINT ( 'NONE',  ( 527.4892105157619000, -354.9095397882791200, -432.1996127462733200 ) ) ;
#1470 = CARTESIAN_POINT ( 'NONE',  ( 114.0863099753203300, 31.57587490946254500, -255.6239381469758900 ) ) ;
#1471 = CARTESIAN_POINT ( 'NONE',  ( 1722.046630962965300, 432.0871580497483800, 611.0450807303597000 ) ) ;
#1472 = CARTESIAN_POINT ( 'NONE',  ( 147.2383330595285400, -419.9482504234898700, 62.79714441866369900 ) ) ;
#1473 = CARTESIAN_POINT ( 'NONE',  ( 2298.851909959896600, -132.7727193582323100, -222.7443052719542600 ) ) ;
#1474 = CARTESIAN_POINT ( 'NONE',  ( 1425.558682665315700, -249.1437610836876500, -343.8421902273055900 ) ) ;
#1475 = CARTESIAN_POINT ( 'NONE',  ( 985.9464731220240300, -167.4648352952733300, -426.9047174575528100 ) ) ;
#1476 = CARTESIAN_POINT ( 'NONE',  ( 422.9624783639602000, -119.2565002589997900, 586.5905128818967600 ) ) ;
#1477 = CARTESIAN_POINT ( 'NONE',  ( 1131.081989805978300, -8.455858692752388000, 582.6971448584331500 ) ) ;
#1478 = CARTESIAN_POINT ( 'NONE',  ( 2171.297999753065100, 458.5021523153591800, -8.229672728815748100 ) ) ;
#1479 = CARTESIAN_POINT ( 'NONE',  ( 2610.910360134809700, 409.1029209792747600, -113.7312204753230000 ) ) ;
#1480 = CARTESIAN_POINT ( 'NONE',  ( 3237.745166094160600, -210.6847626369851100, 66.23943946816196200 ) ) ;
#1481 = CARTESIAN_POINT ( 'NONE',  ( 300.0449837164001100, 171.8567215840183200, 686.3935044288733700 ) ) ;
#1482 = CARTESIAN_POINT ( 'NONE',  ( 2296.373330939103700, -311.4613546273631600, 264.8272339637455800 ) ) ;
#1483 = FACE_OUTER_BOUND ( 'NONE', #3253, .T. ) ;
#1484 = CARTESIAN_POINT ( 'NONE',  ( 80.92045836291926300, -34.62335943948301100, -230.4812094567227800 ) ) ;
#1485 = CARTESIAN_POINT ( 'NONE',  ( 2740.475086140433600, -112.3318132028392700, -698.5980059180424200 ) ) ;
#1486 = CARTESIAN_POINT ( 'NONE',  ( 2482.311132162279100, 294.0806513816605200, 284.0035809744688900 ) ) ;
#1487 = CARTESIAN_POINT ( 'NONE',  ( 3187.478672477060600, 187.2947913558923000, 122.1501581290557000 ) ) ;
#1488 = FACE_OUTER_BOUND ( 'NONE', #6483, .T. ) ;
#1489 = CARTESIAN_POINT ( 'NONE',  ( 1875.535921715579900, -122.6915074602546000, -545.6221005518816600 ) ) ;
#1490 = CARTESIAN_POINT ( 'NONE',  ( 1317.019630680450700, 580.7201012066671000, -48.69942136333715200 ) ) ;
#1491 = CARTESIAN_POINT ( 'NONE',  ( -61.94123650696379000, 119.9427753087445900, -194.6341534985648100 ) ) ;
#1492 = CARTESIAN_POINT ( 'NONE',  ( 2140.405865726676000, -705.1125519405678700, -250.7820364556461100 ) ) ;
#1493 = CARTESIAN_POINT ( 'NONE',  ( 356.4179857565113700, 186.6917869077187800, 381.3741909471208400 ) ) ;
#1494 = CARTESIAN_POINT ( 'NONE',  ( 1252.953135632244100, 140.8809193354981300, 217.7065233021641600 ) ) ;
#1495 = CARTESIAN_POINT ( 'NONE',  ( 728.2929883516811700, -257.5069977802110700, -337.6244238629619200 ) ) ;
#1496 = VERTEX_POINT ( 'NONE', #4665 ) ;
#1497 = CARTESIAN_POINT ( 'NONE',  ( 2235.853274909227800, -213.0704512022140600, -559.3847798546261200 ) ) ;
#1498 = CARTESIAN_POINT ( 'NONE',  ( 1758.620980072118300, -359.5591570556904900, 458.6117416304061900 ) ) ;
#1499 = CARTESIAN_POINT ( 'NONE',  ( 2450.204251577324200, -373.1747943770811800, -266.5192885791622100 ) ) ;
#1500 = CARTESIAN_POINT ( 'NONE',  ( 2380.477688289078700, -146.3157704291846000, -434.6074670357379000 ) ) ;
#1501 = CARTESIAN_POINT ( 'NONE',  ( 2308.761628918020500, -324.5826141202644000, 273.7631916285900500 ) ) ;
#1502 = CARTESIAN_POINT ( 'NONE',  ( 2756.045728876519200, -495.1853868354176600, 93.91644247068860800 ) ) ;
#1503 = CARTESIAN_POINT ( 'NONE',  ( 3088.718752992886000, -292.6324184296635700, -104.6136529378435500 ) ) ;
#1504 = CARTESIAN_POINT ( 'NONE',  ( 3089.085810267898500, -255.1523150889958300, -64.23314638177291200 ) ) ;
#1505 = CARTESIAN_POINT ( 'NONE',  ( 2711.550884054929200, 582.4101147511721600, -20.14617331116454200 ) ) ;
#1506 = CARTESIAN_POINT ( 'NONE',  ( 602.1717299277054300, 220.4361207531665900, 136.5700379669669100 ) ) ;
#1507 = CARTESIAN_POINT ( 'NONE',  ( 93.36829820459611500, 31.10459306528767700, -282.3401824584122400 ) ) ;
#1508 = CARTESIAN_POINT ( 'NONE',  ( 1694.576266923241300, 137.9700464581199800, 693.9994133746165500 ) ) ;
#1509 = CARTESIAN_POINT ( 'NONE',  ( 3143.153993651900200, -19.39457614160229300, 122.7498009947357500 ) ) ;
#1510 = CARTESIAN_POINT ( 'NONE',  ( 3114.663254271779800, -26.57546536261973500, 108.7296193895797400 ) ) ;
#1511 = CARTESIAN_POINT ( 'NONE',  ( 1364.207890419553000, -526.5001836709918700, 188.5591219956278100 ) ) ;
#1512 = CARTESIAN_POINT ( 'NONE',  ( 735.9645449237889400, 237.3503889590832000, -532.2335203702309600 ) ) ;
#1513 = CARTESIAN_POINT ( 'NONE',  ( -148.4094965463189900, 10.08272088311764300, -107.9552082506017600 ) ) ;
#1514 = CARTESIAN_POINT ( 'NONE',  ( -74.32948380835657100, 62.40871473764769900, -401.0477601495258600 ) ) ;
#1515 = CARTESIAN_POINT ( 'NONE',  ( 2186.891123998341800, -746.2484057150036300, 56.47468858023371800 ) ) ;
#1516 = CARTESIAN_POINT ( 'NONE',  ( -54.19383950686793100, 31.85626587600423700, -418.7089904382343700 ) ) ;
#1517 = CARTESIAN_POINT ( 'NONE',  ( 797.3156487534234900, 444.4530804597157500, 68.73801009340124300 ) ) ;
#1518 = CARTESIAN_POINT ( 'NONE',  ( 2905.311205738229500, -406.7209460015514500, -99.84457475499688400 ) ) ;
#1519 = AXIS2_PLACEMENT_3D ( 'NONE', #3378, #916, #4414 ) ;
#1520 = CARTESIAN_POINT ( 'NONE',  ( 1166.712133737088800, 114.2993064727089800, 587.5767434213221300 ) ) ;
#1521 = CARTESIAN_POINT ( 'NONE',  ( 2891.805976846169400, 449.2503408392833000, -92.01511139255748600 ) ) ;
#1522 = CARTESIAN_POINT ( 'NONE',  ( 2357.235670874011200, -53.13143563306550000, -455.4884577847620300 ) ) ;
#1523 = CARTESIAN_POINT ( 'NONE',  ( 95.07192497943377400, 61.98415244450459500, -291.2725963511994100 ) ) ;
#1524 = CARTESIAN_POINT ( 'NONE',  ( 2756.046208431100200, -418.6206579754343100, 162.5496908361593900 ) ) ;
#1525 = CARTESIAN_POINT ( 'NONE',  ( 3030.147118542901800, 192.1763916521028400, 166.7214052055431100 ) ) ;
#1526 = CARTESIAN_POINT ( 'NONE',  ( 3237.745166094162000, -433.7580453248638700, -105.8468078484272200 ) ) ;
#1527 = CARTESIAN_POINT ( 'NONE',  ( 323.2878648096085500, 310.2914016211879600, 635.9171220118479400 ) ) ;
#1528 = CARTESIAN_POINT ( 'NONE',  ( 1601.586061147741700, -138.1988641675476400, -219.4189141335157600 ) ) ;
#1529 = CARTESIAN_POINT ( 'NONE',  ( -148.4094965463189900, 10.08272088311764300, -107.9552082506017600 ) ) ;
#1530 = CARTESIAN_POINT ( 'NONE',  ( 416.2566793304299600, 679.5623604467949700, 197.1449002440046200 ) ) ;
#1531 = CARTESIAN_POINT ( 'NONE',  ( 3186.026616436355700, -209.8900670026317000, 76.41779939133805000 ) ) ;
#1532 = ADVANCED_FACE ( 'NONE', ( #4273 ), #4191, .F. ) ;
#1533 = CARTESIAN_POINT ( 'NONE',  ( 2131.200014832960300, -327.4724842545967400, 453.3414854990280700 ) ) ;
#1534 = CARTESIAN_POINT ( 'NONE',  ( 805.6911053385728100, -119.4189232845188000, -570.3918416215368600 ) ) ;
#1535 = CARTESIAN_POINT ( 'NONE',  ( -198.0102992182312100, 1.172623910564816000, -100.9251934588209700 ) ) ;
#1536 = CARTESIAN_POINT ( 'NONE',  ( 114.0863099753203500, 12.02613678983299800, -276.5046604334991700 ) ) ;
#1537 = CARTESIAN_POINT ( 'NONE',  ( 2698.218190494444600, 35.30009458928857700, -747.5518146376036800 ) ) ;
#1538 = CARTESIAN_POINT ( 'NONE',  ( 2879.906496480261900, 131.1186164843650200, -223.7212751116524000 ) ) ;
#1539 = CARTESIAN_POINT ( 'NONE',  ( 2796.847592894867800, -153.2942341901155600, -395.9750839104348200 ) ) ;
#1540 = CARTESIAN_POINT ( 'NONE',  ( 1143.470263012953000, -9.872336032896692300, 598.5089372731982800 ) ) ;
#1541 = CARTESIAN_POINT ( 'NONE',  ( 1683.212068028522000, -156.9375369148802700, -430.8858171408174900 ) ) ;
#1542 = CARTESIAN_POINT ( 'NONE',  ( 2977.103318437288200, -150.6704461762054400, -259.5727234118763800 ) ) ;
#1543 = CARTESIAN_POINT ( 'NONE',  ( -114.0863099753205000, 261.0153217018225900, -688.0453907319937300 ) ) ;
#1544 = B_SPLINE_CURVE_WITH_KNOTS ( 'NONE', 3,
 ( #918, #4928, #6146, #6172, #3619, #3103, #3081, #1123, #4176, #596, #3128 ),
 .UNSPECIFIED., .F., .F.,
 ( 4, 1, 1, 1, 1, 1, 1, 1, 4 ),
 ( 0.0000000000000000000, 0.1309596652010233700, 0.2703805044612614900, 0.4155183640114747400, 0.5628483116599832800, 0.6778359527555952700, 0.7899865719595706700, 0.8977634396038521900, 0.9999999999999998900 ),
 .UNSPECIFIED. ) ;
#1545 = CARTESIAN_POINT ( 'NONE',  ( 3036.941140506668500, -450.2035529650881400, 182.2948837926333600 ) ) ;
#1546 = DIRECTION ( 'NONE',  ( 0.0000000000000000000, 1.000000000000000000, 0.0000000000000000000 ) ) ;
#1547 = CARTESIAN_POINT ( 'NONE',  ( 3237.745166094047800, -437.5076242893810000, -80.04963168552589500 ) ) ;
#1548 = CARTESIAN_POINT ( 'NONE',  ( 1624.849690625050700, -294.7245674065351300, 643.2793611440046100 ) ) ;
#1549 = CARTESIAN_POINT ( 'NONE',  ( 671.8982603349846800, 258.6564693072620600, -18.44679199120588800 ) ) ;
#1550 = AXIS2_PLACEMENT_3D ( 'NONE', #3256, #3782, #1708 ) ;
#1551 = CARTESIAN_POINT ( 'NONE',  ( -216.9758008494603400, 198.7446396666216500, -99.00952798383178800 ) ) ;
#1552 = CARTESIAN_POINT ( 'NONE',  ( 3029.193905615808900, -556.0486255531132000, -148.2000357830816000 ) ) ;
#1553 = CARTESIAN_POINT ( 'NONE',  ( -74.32948380835657100, 118.8775684489026500, -214.1217383164802500 ) ) ;
#1554 = CARTESIAN_POINT ( 'NONE',  ( 2913.058602738323300, -223.9190532165985400, 46.14064577414684000 ) ) ;
#1555 = CARTESIAN_POINT ( 'NONE',  ( 1642.409868665216200, -577.2801025411929500, -79.72101543619439200 ) ) ;
#1556 = CARTESIAN_POINT ( 'NONE',  ( 2433.348487133932800, 486.5124965590889000, -275.7943909973182000 ) ) ;
#1557 = CARTESIAN_POINT ( 'NONE',  ( 1433.230170932237100, 250.3405682213433200, -526.2483795188518300 ) ) ;
#1558 = CARTESIAN_POINT ( 'NONE',  ( -119.5421438976939500, 23.92177212726273800, -118.8741393520527700 ) ) ;
#1559 = CARTESIAN_POINT ( 'NONE',  ( -74.32948380835657100, 118.8775684489026500, -214.1217383164802500 ) ) ;
#1560 = CARTESIAN_POINT ( 'NONE',  ( 2605.250433281368700, 577.6027762245092800, -475.8686991484160600 ) ) ;
#1561 = CARTESIAN_POINT ( 'NONE',  ( -80.68791121269480000, 74.01870257587280800, -178.4003266832851600 ) ) ;
#1562 = CARTESIAN_POINT ( 'NONE',  ( 2693.968323327211200, 209.7918537950288300, 152.4166124130310000 ) ) ;
#1563 = CARTESIAN_POINT ( 'NONE',  ( 2053.097807818861800, 9.922372435306478200, -424.5015580418834700 ) ) ;
#1564 = CARTESIAN_POINT ( 'NONE',  ( 2212.610653376106700, -92.59493200970487700, -591.3855910716126800 ) ) ;
#1565 = CARTESIAN_POINT ( 'NONE',  ( 2473.446580783493100, -420.2832069181250200, -183.4518627433720600 ) ) ;
#1566 = CARTESIAN_POINT ( 'NONE',  ( 2419.290690593921700, -291.9187659140241100, 69.00106460326304600 ) ) ;
#1567 = DIRECTION ( 'NONE',  ( 0.0000000000000000000, 1.000000000000000000, 0.0000000000000000000 ) ) ;
#1568 = CIRCLE ( 'NONE', #5119, 99.99999999999987200 ) ;
#1569 = CARTESIAN_POINT ( 'NONE',  ( 2756.045560573874400, -461.0293656872901800, 132.0103878655903300 ) ) ;
#1570 = CARTESIAN_POINT ( 'NONE',  ( 2903.514388388657200, -178.7174003328964600, -0.2654667955697577700 ) ) ;
#1571 = CARTESIAN_POINT ( 'NONE',  ( 3049.329675514651200, -588.1856845505677700, -8.660119634567463400 ) ) ;
#1572 = CARTESIAN_POINT ( 'NONE',  ( 1601.607909423044500, -421.5641091432851200, 568.2909296070088200 ) ) ;
#1573 = CARTESIAN_POINT ( 'NONE',  ( 780.4597441147448100, -303.3852937019777900, 458.6155971498682800 ) ) ;
#1574 = CARTESIAN_POINT ( 'NONE',  ( 1090.257478564112900, -200.8518882645775500, 164.0181316982071300 ) ) ;
#1575 = CARTESIAN_POINT ( 'NONE',  ( 2455.886526709970900, -370.7058923917001600, 449.6495656852578700 ) ) ;
#1576 = EDGE_LOOP ( 'NONE', ( #4969, #1196, #4364, #3802 ) ) ;
#1577 = CARTESIAN_POINT ( 'NONE',  ( 3007.979811547152600, -43.32488647793927300, -65.51316065832412500 ) ) ;
#1578 = EDGE_CURVE ( 'NONE', #4284, #3262, #4424, .T. ) ;
#1579 = CARTESIAN_POINT ( 'NONE',  ( 309.9335742612011000, 16.12685566109080100, 424.3112665430387000 ) ) ;
#1580 = CARTESIAN_POINT ( 'NONE',  ( 2247.411175111655200, 226.7803986869321600, 511.2028340576706600 ) ) ;
#1581 = ORIENTED_EDGE ( 'NONE', *, *, #1116, .T. ) ;
#1582 = CARTESIAN_POINT ( 'NONE',  ( 1681.222561440336200, -92.54819698102512900, 414.4092079586452000 ) ) ;
#1583 = CARTESIAN_POINT ( 'NONE',  ( -96.05768947636757100, 41.86872085088604900, -133.0341777201032600 ) ) ;
#1584 = CARTESIAN_POINT ( 'NONE',  ( 74.32948380835650000, 294.4481660093152900, -125.9050476356390100 ) ) ;
#1585 = CARTESIAN_POINT ( 'NONE',  ( 527.4892105157619000, -354.9095397882791200, -432.1996127462733200 ) ) ;
#1586 = CARTESIAN_POINT ( 'NONE',  ( 153.1627287179936700, -109.2658686139668000, 16.85152919597264500 ) ) ;
#1587 = CARTESIAN_POINT ( 'NONE',  ( 2810.179973180280700, 237.3218381124781300, -104.5078274838756700 ) ) ;
#1588 = CARTESIAN_POINT ( 'NONE',  ( 2169.308499944308100, -361.7615035966590000, -222.3258304501967500 ) ) ;
#1589 = CARTESIAN_POINT ( 'NONE',  ( 1678.040769259860100, -597.1489721522577800, 41.51487389061517100 ) ) ;
#1590 = CARTESIAN_POINT ( 'NONE',  ( 2682.626279029953800, -47.95772708797510100, 456.0621254926060700 ) ) ;
#1591 = CARTESIAN_POINT ( 'NONE',  ( 2605.227498961428400, 97.28089370668404000, 283.7498128493754200 ) ) ;
#1592 = CARTESIAN_POINT ( 'NONE',  ( 2014.285282094848100, 581.7403017334633000, -34.43320804901372900 ) ) ;
#1593 = CARTESIAN_POINT ( 'NONE',  ( 227.8187199142183200, -225.3772771229022900, 341.0963069125597300 ) ) ;
#1594 = CARTESIAN_POINT ( 'NONE',  ( -75.23870068522330700, 101.6888665078657000, -200.2319254113394300 ) ) ;
#1595 = CARTESIAN_POINT ( 'NONE',  ( 2019.967166503909500, 17.43801295658287400, -707.3660582562629300 ) ) ;
#1596 = CARTESIAN_POINT ( 'NONE',  ( 2872.181092444753200, -683.9823789368962300, -145.0307303459242100 ) ) ;
#1597 = CARTESIAN_POINT ( 'NONE',  ( 2999.743770017367800, -43.61645227610394900, -83.79272227445885300 ) ) ;
#1598 = CARTESIAN_POINT ( 'NONE',  ( 1485.375708209852300, 119.9828559955912900, -229.8863599670278600 ) ) ;
#1599 = AXIS2_PLACEMENT_3D ( 'NONE', #5746, #4680, #5186 ) ;
#1600 = CARTESIAN_POINT ( 'NONE',  ( -96.05768947636757100, 41.86872085088604900, -133.0341777201032600 ) ) ;
#1601 = CARTESIAN_POINT ( 'NONE',  ( 21.13878459185363900, -546.9533436497046100, -448.9541936468194800 ) ) ;
#1602 = CARTESIAN_POINT ( 'NONE',  ( -74.32948380835657100, 134.0633487694584000, -363.8657942978620700 ) ) ;
#1603 = CARTESIAN_POINT ( 'NONE',  ( 1215.675029883316900, -402.9580149699040100, 199.7206067891234800 ) ) ;
#1604 = CARTESIAN_POINT ( 'NONE',  ( 704.3467181137364200, 247.5442521069832900, 375.4790888383761300 ) ) ;
#1605 = CARTESIAN_POINT ( 'NONE',  ( -66.58208680826072600, 27.78703686003455800, -403.4829710454713400 ) ) ;
#1606 = CARTESIAN_POINT ( 'NONE',  ( 1890.402246843528900, 423.0089088681412500, -36.92728967445302100 ) ) ;
#1607 = CARTESIAN_POINT ( 'NONE',  ( -217.8472542086998100, 197.8209659351295800, -98.28075477124157500 ) ) ;
#1608 = CARTESIAN_POINT ( 'NONE',  ( 74.32948380835650000, 322.1328463805376100, -417.9730573917984200 ) ) ;
#1609 = CARTESIAN_POINT ( 'NONE',  ( 457.7626537074212400, -34.45739241544264800, -558.1845572190576400 ) ) ;
#1610 = CARTESIAN_POINT ( 'NONE',  ( -212.4786724770602000, 0.0000000000000000000, 0.0000000000000000000 ) ) ;
#1611 = CARTESIAN_POINT ( 'NONE',  ( 2763.694897915639600, 259.3126520277594400, 0.6315075438020507600 ) ) ;
#1612 = CARTESIAN_POINT ( 'NONE',  ( 2029.855372570679700, 97.62666697265525800, -413.2422961824517500 ) ) ;
#1613 = CARTESIAN_POINT ( 'NONE',  ( 655.3843912097102000, 569.1659442857660500, -185.3658578820226500 ) ) ;
#1614 = CARTESIAN_POINT ( 'NONE',  ( 490.2101985571484900, 636.3914264744236100, -393.8035751387261600 ) ) ;
#1615 = CARTESIAN_POINT ( 'NONE',  ( 2961.532542672462100, 310.1959503503400700, -337.7442725880941300 ) ) ;
#1616 = CARTESIAN_POINT ( 'NONE',  ( 2326.321223033765400, -247.1662788636077200, -169.9598362445628900 ) ) ;
#1617 = CARTESIAN_POINT ( 'NONE',  ( -262.7452775920334000, 203.1995467428345700, -503.9156298286906700 ) ) ;
#1618 = CARTESIAN_POINT ( 'NONE',  ( 1967.800643608884700, 545.7863516630791300, 204.2664826987025900 ) ) ;
#1619 = CARTESIAN_POINT ( 'NONE',  ( 550.0273500763617000, 506.4063858710249500, 288.3749801636882400 ) ) ;
#1620 = CARTESIAN_POINT ( 'NONE',  ( 599.6940737692442600, 154.5016581032228900, -378.5110712648825600 ) ) ;
#1621 = CARTESIAN_POINT ( 'NONE',  ( 95.07192497943366000, 48.36030236806328000, -288.9190693747193600 ) ) ;
#1622 = CARTESIAN_POINT ( 'NONE',  ( 1996.725687294813300, 163.5625680953523000, -688.4175350003751000 ) ) ;
#1623 = CARTESIAN_POINT ( 'NONE',  ( -149.2277677205878200, -262.0885470772636800, -483.9206326356637600 ) ) ;
#1624 = CARTESIAN_POINT ( 'NONE',  ( -185.3495513001858800, -197.8007228281045700, -101.7352169226975900 ) ) ;
#1625 = CARTESIAN_POINT ( 'NONE',  ( 2089.672156386750000, 252.4416462670516500, -59.30284054390802600 ) ) ;
#1626 = CARTESIAN_POINT ( 'NONE',  ( -102.4609649642265200, 258.1940255030845000, 54.08525167119712800 ) ) ;
#1627 = CARTESIAN_POINT ( 'NONE',  ( 323.2878648096085500, 310.2914016211879600, 635.9171220118479400 ) ) ;
#1628 = CARTESIAN_POINT ( 'NONE',  ( 74.32948380835648500, 249.8294634042912000, -516.0673710570571300 ) ) ;
#1629 = CARTESIAN_POINT ( 'NONE',  ( 472.6291722519906700, 423.5032764882386700, 30.73959188267947000 ) ) ;
#1630 = CARTESIAN_POINT ( 'NONE',  ( 843.7998514711841800, 434.1781254379839100, -117.2693242292845900 ) ) ;
#1631 = CARTESIAN_POINT ( 'NONE',  ( 715.9047114545077200, -249.2256501486160700, -324.0804779510508000 ) ) ;
#1632 = CARTESIAN_POINT ( 'NONE',  ( 1239.621366168603800, 366.6066307565863600, -214.2417318773315500 ) ) ;
#1633 = CARTESIAN_POINT ( 'NONE',  ( -27.84498837640840600, -107.0717613556323200, -394.5486938476531700 ) ) ;
#1634 = CARTESIAN_POINT ( 'NONE',  ( 783.1533413449739100, -88.67882874935297400, 552.1718148648846000 ) ) ;
#1635 = DIRECTION ( 'NONE',  ( 0.0000000000000000000, 0.0000000000000000000, 1.000000000000000000 ) ) ;
#1636 = CARTESIAN_POINT ( 'NONE',  ( 1541.065520775182400, 436.9254868047418700, -106.5788273861284000 ) ) ;
#1637 = CARTESIAN_POINT ( 'NONE',  ( 3140.689233324243100, 9.693319666490815200, -98.29209606443747300 ) ) ;
#1638 = CARTESIAN_POINT ( 'NONE',  ( 562.4156331600581800, 519.5756421090893600, 297.2400879920754200 ) ) ;
#1639 =( BOUNDED_SURFACE ( )  B_SPLINE_SURFACE ( 3, 3, ( 
 ( #52, #1016, #1570, #5103, #4573, #5083, #2049, #556, #2006, #5576, #5597 ),
 ( #3537, #2541, #1503, #1987, #2560, #973, #4019, #5554, #6108, #2579, #5531 ),
 ( #469, #2068, #5016, #3581, #4532, #1058, #6085, #4552, #3996, #4598, #3046 ),
 ( #3514, #1037, #2517, #536, #3560, #3004, #5619, #6552, #6130, #493, #993 ),
 ( #6063, #3089, #4042, #74, #3027, #7, #1525, #515, #5060, #31, #4063 ),
 ( #3111, #5718, #2605, #2145, #3165, #1645, #4160, #3629, #5180, #1132, #4674 ),
 ( #6256, #2678, #101, #5694, #2192, #655, #127, #6156, #6232, #1079, #2655 ) ),
 .UNSPECIFIED., .T., .F., .T. ) 
 B_SPLINE_SURFACE_WITH_KNOTS ( ( 4, 3, 4 ),
 ( 4, 1, 1, 1, 1, 1, 1, 1, 4 ),
 ( 0.0000000000000000000, 0.5000000000000000000, 1.000000000000000000 ),
 ( 0.0000000000000000000, 0.1310067489229985400, 0.2704879348968757300, 0.4156889210437309500, 0.5630757155919138300, 0.6780360687517518200, 0.7901411029408836900, 0.8978510536203060400, 1.000000000000000000 ),
 .UNSPECIFIED. ) 
 GEOMETRIC_REPRESENTATION_ITEM ( )  RATIONAL_B_SPLINE_SURFACE ( (
 ( 1.000000000000000200, 1.000000000000000200, 1.000000000000000400, 1.000000000000000200, 1.000000000000000200, 1.000000000000000200, 1.000000000000000400, 1.000000000000000400, 1.000000000000000200, 1.000000000000000200, 1.000000000000000200),
 ( 0.3333333333333334300, 0.3333333333333334300, 0.3333333333333334800, 0.3333333333333333700, 0.3333333333333334300, 0.3333333333333333700, 0.3333333333333335400, 0.3333333333333334300, 0.3333333333333334300, 0.3333333333333334300, 0.3333333333333334300),
 ( 0.3333333333333334300, 0.3333333333333334300, 0.3333333333333334800, 0.3333333333333333700, 0.3333333333333334300, 0.3333333333333333700, 0.3333333333333335400, 0.3333333333333334300, 0.3333333333333334300, 0.3333333333333334300, 0.3333333333333334300),
 ( 1.000000000000000200, 1.000000000000000200, 1.000000000000000400, 1.000000000000000200, 1.000000000000000200, 1.000000000000000200, 1.000000000000000400, 1.000000000000000400, 1.000000000000000200, 1.000000000000000200, 1.000000000000000200),
 ( 0.3333333333333334300, 0.3333333333333334300, 0.3333333333333334800, 0.3333333333333333700, 0.3333333333333334300, 0.3333333333333333700, 0.3333333333333335400, 0.3333333333333334300, 0.3333333333333334300, 0.3333333333333334300, 0.3333333333333334300),
 ( 0.3333333333333334300, 0.3333333333333334300, 0.3333333333333334800, 0.3333333333333333700, 0.3333333333333334300, 0.3333333333333333700, 0.3333333333333335400, 0.3333333333333334300, 0.3333333333333334300, 0.3333333333333334300, 0.3333333333333334300),
 ( 1.000000000000000200, 1.000000000000000200, 1.000000000000000400, 1.000000000000000200, 1.000000000000000200, 1.000000000000000200, 1.000000000000000400, 1.000000000000000400, 1.000000000000000200, 1.000000000000000200, 1.000000000000000200) ) ) 
 REPRESENTATION_ITEM ( '' )  SURFACE ( )  );
#1640 = CARTESIAN_POINT ( 'NONE',  ( 281.0305417853636500, 183.2213750036232800, 725.6067951471276300 ) ) ;
#1641 = CARTESIAN_POINT ( 'NONE',  ( 3062.323924263530000, -275.8549342020128800, -110.6770602624034600 ) ) ;
#1642 = CARTESIAN_POINT ( 'NONE',  ( -74.32948380835655700, 156.4885250849705500, -273.4507029127910300 ) ) ;
#1643 = CARTESIAN_POINT ( 'NONE',  ( 1828.347534558495000, -22.75354399955214300, 582.3141763209314400 ) ) ;
#1644 = ADVANCED_FACE ( 'NONE', ( #2589 ), #3159, .T. ) ;
#1645 = CARTESIAN_POINT ( 'NONE',  ( 2878.772407369391700, 158.9015369118147300, -34.22404070981684800 ) ) ;
#1646 = CARTESIAN_POINT ( 'NONE',  ( -262.7452775920334600, 199.3160147699520600, -87.90057180780051700 ) ) ;
#1647 = CARTESIAN_POINT ( 'NONE',  ( 1415.669969876360300, -524.2334765377253200, -475.2369256578168100 ) ) ;
#1648 = CARTESIAN_POINT ( 'NONE',  ( -33.01696215397312500, -549.5961619764589200, -17.70365650742907000 ) ) ;
#1649 = CARTESIAN_POINT ( 'NONE',  ( 59.67601324336327200, -73.87414637291276200, -199.5125664014387600 ) ) ;
#1650 = CARTESIAN_POINT ( 'NONE',  ( 2229.125325592810900, 22.87655920753700300, -258.3026921514363600 ) ) ;
#1651 = CARTESIAN_POINT ( 'NONE',  ( 1020.553720712338900, 294.5921126659195600, 643.3404468102567100 ) ) ;
#1652 = CARTESIAN_POINT ( 'NONE',  ( 262.7452775920334600, 181.4753046860973000, -227.0943310685707700 ) ) ;
#1653 = CARTESIAN_POINT ( 'NONE',  ( 270.4928994490643400, 51.77487511995928300, -439.2694720644266200 ) ) ;
#1654 = CARTESIAN_POINT ( 'NONE',  ( 1668.834262496610600, -87.51663685012620400, 399.3525740091448000 ) ) ;
#1655 = CARTESIAN_POINT ( 'NONE',  ( 1425.558682665315700, -249.1437610836876500, -343.8421902273055900 ) ) ;
#1656 = CARTESIAN_POINT ( 'NONE',  ( 460.2409429860440500, 407.8712830925546800, 27.97167161329847900 ) ) ;
#1657 = CARTESIAN_POINT ( 'NONE',  ( 2913.058602738322900, -233.2286537912502500, 51.59361534767946700 ) ) ;
#1658 = CARTESIAN_POINT ( 'NONE',  ( 1085.301663959585100, 310.5643939515925900, -465.0879941694831200 ) ) ;
#1659 = CARTESIAN_POINT ( 'NONE',  ( 40.72305108517033300, -148.5439864521826200, -192.1582638235019000 ) ) ;
#1660 = CARTESIAN_POINT ( 'NONE',  ( 1029.737331057543100, -159.2615785051325200, -420.5929228282745400 ) ) ;
#1661 = CARTESIAN_POINT ( 'NONE',  ( 3078.044132393762500, -249.5410079742027800, -83.66593049887669100 ) ) ;
#1662 = CARTESIAN_POINT ( 'NONE',  ( 887.8058857049136300, -441.8251100445525000, -403.8580405110108100 ) ) ;
#1663 = LINE ( 'NONE', #6246, #5864 ) ;
#1664 = CARTESIAN_POINT ( 'NONE',  ( 2747.180983310392500, 581.2604193006569600, -142.9927676942836600 ) ) ;
#1665 = CARTESIAN_POINT ( 'NONE',  ( 683.7981962873586800, 330.0300407112753800, 318.3911922578366200 ) ) ;
#1666 = CARTESIAN_POINT ( 'NONE',  ( 1315.030148585234200, -482.9545266924877200, -262.9187416864047000 ) ) ;
#1667 = CARTESIAN_POINT ( 'NONE',  ( 1874.832155954665500, 215.1766125267149900, 541.5777473331248800 ) ) ;
#1668 = CARTESIAN_POINT ( 'NONE',  ( 320.7878103750613300, 101.3818789635052900, 396.0594884951320300 ) ) ;
#1669 = ORIENTED_EDGE ( 'NONE', *, *, #5807, .T. ) ;
#1670 = CARTESIAN_POINT ( 'NONE',  ( 95.07192497943364600, 56.92218293943840700, -287.6695704146874800 ) ) ;
#1671 = CARTESIAN_POINT ( 'NONE',  ( 2577.779517503429400, 681.9691308014190600, -188.6501675991901500 ) ) ;
#1672 = CARTESIAN_POINT ( 'NONE',  ( 315.6158373413586600, 549.3383683346033900, 24.44699068286100300 ) ) ;
#1673 = CARTESIAN_POINT ( 'NONE',  ( 2902.163986491626000, -220.2511562941506300, 25.41311425860878600 ) ) ;
#1674 = CARTESIAN_POINT ( 'NONE',  ( 2252.367723419457000, -31.11720533124711700, -257.4399042765608100 ) ) ;
#1675 = CARTESIAN_POINT ( 'NONE',  ( 2900.670323286177300, -348.1265251534243200, 40.78018208904188700 ) ) ;
#1676 = CARTESIAN_POINT ( 'NONE',  ( 741.6473959814425100, -619.8559869023577000, -341.2476676738382900 ) ) ;
#1677 = CARTESIAN_POINT ( 'NONE',  ( -114.0863099753204500, 489.6196448203934900, -208.0236237976753300 ) ) ;
#1678 = CARTESIAN_POINT ( 'NONE',  ( 281.0096442478549100, -298.1016106064695400, -33.37665830548355200 ) ) ;
#1679 = CARTESIAN_POINT ( 'NONE',  ( 1146.652404596852200, 404.9407078602448600, 127.7619083019056200 ) ) ;
#1680 = CARTESIAN_POINT ( 'NONE',  ( 867.0422129129737000, 400.4767822829772400, -204.6504553719541900 ) ) ;
#1681 = CARTESIAN_POINT ( 'NONE',  ( 1413.170419166095600, -241.1972999808494100, -330.0990726939304500 ) ) ;
#1682 = ADVANCED_FACE ( 'NONE', ( #4095 ), #5865, .F. ) ;
#1683 = CARTESIAN_POINT ( 'NONE',  ( 1286.105543605267300, 248.3360195457722700, -344.4260374339733100 ) ) ;
#1684 = CARTESIAN_POINT ( 'NONE',  ( 1064.537564851477300, 245.2299403991669100, 327.1144069844886500 ) ) ;
#1685 = CARTESIAN_POINT ( 'NONE',  ( 2913.058602738468800, -417.4156117387359500, -48.75924005057554200 ) ) ;
#1686 = CARTESIAN_POINT ( 'NONE',  ( 829.6374335176095700, 142.6910941113950200, 540.7362616879644300 ) ) ;
#1687 = CARTESIAN_POINT ( 'NONE',  ( -198.0102992182312400, 1.172623910564815500, -120.9251934588209700 ) ) ;
#1688 = CARTESIAN_POINT ( 'NONE',  ( 1052.979551893553900, -242.9179729429137400, -378.4886429456665800 ) ) ;
#1689 = CARTESIAN_POINT ( 'NONE',  ( 3088.886992029687000, 174.5221960109249400, 130.0469186614759300 ) ) ;
#1690 = CARTESIAN_POINT ( 'NONE',  ( 1561.829580004609400, -336.5548190203413700, -495.0164709583965500 ) ) ;
#1691 = CARTESIAN_POINT ( 'NONE',  ( 583.1799456598957900, 135.5837956206747200, -735.9980378141070800 ) ) ;
#1692 = CARTESIAN_POINT ( 'NONE',  ( 707.0402430291034100, 388.8159532744013500, 243.1344242575182800 ) ) ;
#1693 = CARTESIAN_POINT ( 'NONE',  ( 1384.756712802297000, -545.4312120664831100, 69.82934546457092000 ) ) ;
#1694 = CARTESIAN_POINT ( 'NONE',  ( 2897.488162861401200, -77.13180308170650800, -577.6321929042840100 ) ) ;
#1695 = CARTESIAN_POINT ( 'NONE',  ( 553.2093602829257900, 294.6356996666058300, -283.4279263123539200 ) ) ;
#1696 = CARTESIAN_POINT ( 'NONE',  ( -105.4262250633745000, 38.59694669307103300, -150.4527669009328300 ) ) ;
#1697 = CARTESIAN_POINT ( 'NONE',  ( 2415.085027823751700, 262.6701294922794400, 657.0203601732595200 ) ) ;
#1698 = CARTESIAN_POINT ( 'NONE',  ( 1477.725320600777200, -314.5488627203043300, 451.0318294030097900 ) ) ;
#1699 = CARTESIAN_POINT ( 'NONE',  ( 3114.663254271779800, -26.57546536261973500, 108.7296193895797400 ) ) ;
#1700 = CARTESIAN_POINT ( 'NONE',  ( 2900.670323285768100, -264.7475099347836900, 49.92333704643135700 ) ) ;
#1701 = CARTESIAN_POINT ( 'NONE',  ( 602.1942249206406400, 129.5868390639897700, -695.6138625441115000 ) ) ;
#1702 = CARTESIAN_POINT ( 'NONE',  ( 114.0863099753203500, 12.02613678983299800, -276.5046604334991700 ) ) ;
#1703 = CARTESIAN_POINT ( 'NONE',  ( 1402.316320431299100, -172.5278744211943800, -387.9874841881657500 ) ) ;
#1704 = CARTESIAN_POINT ( 'NONE',  ( 936.7687768226381900, 204.6854916625284500, -400.4588840006850300 ) ) ;
#1705 = CARTESIAN_POINT ( 'NONE',  ( 1831.529844317450900, 387.2729829050004500, 131.0005425950149600 ) ) ;
#1706 = CARTESIAN_POINT ( 'NONE',  ( 2378.488193990461700, -102.6904212544789600, 412.0131486121708800 ) ) ;
#1707 = CARTESIAN_POINT ( 'NONE',  ( 1273.717277386414000, 237.7792055498124500, -332.5696834250250600 ) ) ;
#1708 = DIRECTION ( 'NONE',  ( 0.0000000000000000000, 0.0000000000000000000, -1.000000000000000000 ) ) ;
#1709 = CARTESIAN_POINT ( 'NONE',  ( -74.32948380835647100, 62.40871473764720900, -401.0477601495259700 ) ) ;
#1710 = CARTESIAN_POINT ( 'NONE',  ( -114.0863099753204800, 311.7967313976552600, 63.35279567868303700 ) ) ;
#1711 = CARTESIAN_POINT ( 'NONE',  ( 983.2529850400573000, 24.84321846996061100, -449.0496523764233500 ) ) ;
#1712 = CARTESIAN_POINT ( 'NONE',  ( 3148.335255050754800, -192.6249146237506100, -118.8547662437206200 ) ) ;
#1713 = CARTESIAN_POINT ( 'NONE',  ( 678.6262057350613800, 518.4341043787005700, -299.2270152553401200 ) ) ;
#1714 = CARTESIAN_POINT ( 'NONE',  ( 25.36715053807421300, -664.9374912147619600, -343.3912677444776600 ) ) ;
#1715 = CARTESIAN_POINT ( 'NONE',  ( 311.9230321503703700, -261.7513918233502700, -376.6394378328100200 ) ) ;
#1716 = CARTESIAN_POINT ( 'NONE',  ( 1872.842653608181100, 111.4032253844395800, -538.4799571660536200 ) ) ;
#1717 = CARTESIAN_POINT ( 'NONE',  ( 3070.071508559227400, -294.8817469306469500, -56.53083894178141800 ) ) ;
#1718 = CARTESIAN_POINT ( 'NONE',  ( 1180.748349544267700, 406.1007616530932300, -47.15715450123421000 ) ) ;
#1719 = CARTESIAN_POINT ( 'NONE',  ( 218.9543979933611400, 207.7556345979596100, -284.2459529681718800 ) ) ;
#1720 = CARTESIAN_POINT ( 'NONE',  ( 2484.811580647903200, 597.7640015814367900, 378.6152865937743900 ) ) ;
#1721 = CARTESIAN_POINT ( 'NONE',  ( 1222.061149392482500, -129.5218948781670500, -534.4103259059110100 ) ) ;
#1722 = CARTESIAN_POINT ( 'NONE',  ( 2005.909164707204100, -133.2087700838435800, 429.5554729566486000 ) ) ;
#1723 = CARTESIAN_POINT ( 'NONE',  ( 3089.085974839975300, -267.9870225234853400, -85.72094167297953500 ) ) ;
#1724 = CARTESIAN_POINT ( 'NONE',  ( -262.7452775920334600, 196.1621565819994000, -84.72193897320437400 ) ) ;
#1725 = CARTESIAN_POINT ( 'NONE',  ( 1262.863202685892000, 314.2861970232941100, -285.5246708129598100 ) ) ;
#1726 = CARTESIAN_POINT ( 'NONE',  ( 2900.670323286000000, -381.8134918375703300, 10.70336082375011700 ) ) ;
#1727 = CARTESIAN_POINT ( 'NONE',  ( 1552.623560951768700, -389.0975434933775400, 125.4775962287169100 ) ) ;
#1728 = CARTESIAN_POINT ( 'NONE',  ( 2308.761628918020500, -324.5826141202644000, 273.7631916285900500 ) ) ;
#1729 = CARTESIAN_POINT ( 'NONE',  ( 669.4206384580138500, -96.51399455290645300, -397.2737601246468000 ) ) ;
#1730 = CARTESIAN_POINT ( 'NONE',  ( 3069.568088763045100, -316.6524494361368600, -43.82269676100891300 ) ) ;
#1731 = CARTESIAN_POINT ( 'NONE',  ( 2131.200014832960300, -327.4724842545967400, 453.3414854990280700 ) ) ;
#1732 = CARTESIAN_POINT ( 'NONE',  ( -233.5238286886888700, 236.5983161494283400, -117.3160911873191500 ) ) ;
#1733 = CARTESIAN_POINT ( 'NONE',  ( 2145.362288617881400, 366.0898598682338200, 261.2291913327220000 ) ) ;
#1734 = CARTESIAN_POINT ( 'NONE',  ( 2792.401393038030200, -2.845758233158001800, 55.10784776039293600 ) ) ;
#1735 = CARTESIAN_POINT ( 'NONE',  ( 3002.845438765783900, -491.4937140233851700, -340.9667576106154500 ) ) ;
#1736 = EDGE_CURVE ( 'NONE', #3796, #5135, #6561, .T. ) ;
#1737 = CARTESIAN_POINT ( 'NONE',  ( 1489.625496584581000, -744.6377480592689200, 74.77151312906133300 ) ) ;
#1738 = CARTESIAN_POINT ( 'NONE',  ( 1500.967409790975400, -214.3149041061738600, 506.3985458202254800 ) ) ;
#1739 = CARTESIAN_POINT ( 'NONE',  ( 3070.071510555134000, -291.2724125544205000, -61.98407372142636300 ) ) ;
#1740 = CARTESIAN_POINT ( 'NONE',  ( 1715.319047521169500, 81.82600961652124700, 400.5569979447777200 ) ) ;
#1741 = CARTESIAN_POINT ( 'NONE',  ( 61.94123650696375400, 307.5495431085587400, -411.8157571950199000 ) ) ;
#1742 = CARTESIAN_POINT ( 'NONE',  ( 524.7955203215131000, -142.5979745998137400, -531.0707136764743800 ) ) ;
#1743 = CARTESIAN_POINT ( 'NONE',  ( 1942.569215376650600, -225.1528585716461900, -501.6747232063540300 ) ) ;
#1744 = CARTESIAN_POINT ( 'NONE',  ( -191.6799252592085500, 1.685950541230128300, 98.66979480924074200 ) ) ;
#1745 = FACE_OUTER_BOUND ( 'NONE', #174, .T. ) ;
#1746 = CARTESIAN_POINT ( 'NONE',  ( -74.32948380835657100, 110.5693822564359300, -207.2386007891050500 ) ) ;
#1747 = CARTESIAN_POINT ( 'NONE',  ( 2752.352845020867300, 228.2925443895167900, 397.7123772619301600 ) ) ;
#1748 = CARTESIAN_POINT ( 'NONE',  ( 1169.894805205858800, 422.6213295586341000, 41.12362249146293200 ) ) ;
#1749 = CARTESIAN_POINT ( 'NONE',  ( 274.3031590887173900, -67.81573125963221600, 403.1657031113060200 ) ) ;
#1750 = CARTESIAN_POINT ( 'NONE',  ( 2273.131480239427700, -359.5563928209452300, 194.5781166533428700 ) ) ;
#1751 = ORIENTED_EDGE ( 'NONE', *, *, #2745, .T. ) ;
#1752 = CARTESIAN_POINT ( 'NONE',  ( 85.18374999450449500, -11.51692598476615000, -584.3472152484894200 ) ) ;
#1753 = CARTESIAN_POINT ( 'NONE',  ( 2087.193637041978900, -158.3982126621701200, -376.8973971110694400 ) ) ;
#1754 = CARTESIAN_POINT ( 'NONE',  ( 1782.567230507156900, 321.8846423741850900, -457.3260537585721300 ) ) ;
#1755 = CARTESIAN_POINT ( 'NONE',  ( 2517.237458907216500, -410.0196123439818600, -184.7893660282102800 ) ) ;
#1756 = CARTESIAN_POINT ( 'NONE',  ( 3120.715132665346100, -246.1344414640246600, -133.3614038391012000 ) ) ;
#1757 = CARTESIAN_POINT ( 'NONE',  ( 2305.579835451883800, -500.3708829133890400, -328.5412097560292800 ) ) ;
#1758 = ORIENTED_EDGE ( 'NONE', *, *, #1116, .F. ) ;
#1759 = CARTESIAN_POINT ( 'NONE',  ( 1931.226247686352100, 452.0201442108817100, -596.4504658476967100 ) ) ;
#1760 = CARTESIAN_POINT ( 'NONE',  ( 2105.264340376563700, -523.4342217909509100, 168.4848448031590600 ) ) ;
#1761 = CARTESIAN_POINT ( 'NONE',  ( 1041.295236621387200, 172.1634499642104600, 370.8117656698790900 ) ) ;
#1762 = CARTESIAN_POINT ( 'NONE',  ( -95.07192497943370300, 111.6640252224262800, -693.5351566610085000 ) ) ;
#1763 = CARTESIAN_POINT ( 'NONE',  ( 362.1003974066162500, 512.1179182806968100, -200.2654833363896800 ) ) ;
#1764 = CARTESIAN_POINT ( 'NONE',  ( 2663.076808368732100, -313.1858869721120900, -451.8117028324990100 ) ) ;
#1765 = CARTESIAN_POINT ( 'NONE',  ( 3089.394321090799200, -294.1747897859699500, -101.2784034606676800 ) ) ;
#1766 = B_SPLINE_CURVE_WITH_KNOTS ( 'NONE', 3,
 ( #3567, #3543, #3033, #3011, #5560, #2547, #5582, #1509, #5603, #5067, #2524 ),
 .UNSPECIFIED., .F., .F.,
 ( 4, 1, 1, 1, 1, 1, 1, 1, 4 ),
 ( 0.0000000000000000000, 0.1310067489229985400, 0.2704879348968757300, 0.4156889210437309500, 0.5630757155919138300, 0.6780360687517518200, 0.7901411029408836900, 0.8978510536203060400, 1.000000000000000000 ),
 .UNSPECIFIED. ) ;
#1767 = CARTESIAN_POINT ( 'NONE',  ( 3036.941397261658000, -568.5338454897654400, -107.1702293123527200 ) ) ;
#1768 = CARTESIAN_POINT ( 'NONE',  ( 224.6367756512845200, -557.2844597401455100, -170.4143663213350200 ) ) ;
#1769 = CARTESIAN_POINT ( 'NONE',  ( 751.5354303600802300, -321.8494659751147500, -276.9708697004175000 ) ) ;
#1770 = CARTESIAN_POINT ( 'NONE',  ( 2900.670323286172300, -244.4928575160908500, 41.44063599174332100 ) ) ;
#1771 = CARTESIAN_POINT ( 'NONE',  ( 2877.428539436693400, -384.6080272752680600, -142.6237763712561600 ) ) ;
#1772 = CARTESIAN_POINT ( 'NONE',  ( 2843.332141944883000, -300.7663593893897800, -299.7501137585966800 ) ) ;
#1773 = CARTESIAN_POINT ( 'NONE',  ( 1994.225268765919300, 172.8882993024529900, -370.4740974635820400 ) ) ;
#1774 = CARTESIAN_POINT ( 'NONE',  ( 2756.052437229975100, -320.6227529846570400, 193.6363034225902000 ) ) ;
#1775 = CARTESIAN_POINT ( 'NONE',  ( 1712.840673762552300, 528.7743642099807200, -182.0838749487105300 ) ) ;
#1776 = CARTESIAN_POINT ( 'NONE',  ( 2889.112448862410900, 438.1918011098359200, 101.2477264656022600 ) ) ;
#1777 = CARTESIAN_POINT ( 'NONE',  ( 3187.478672477060200, 13.68132597654403100, -119.2175378018076400 ) ) ;
#1778 = CARTESIAN_POINT ( 'NONE',  ( 2863.392299914105900, 169.1446416690266100, -574.1956287324475200 ) ) ;
#1779 = CARTESIAN_POINT ( 'NONE',  ( 1396.655525184277800, -555.4685830867522300, -501.5277333858543300 ) ) ;
#1780 = CARTESIAN_POINT ( 'NONE',  ( 2748.298487212928600, -537.5869578010899700, -89.01208924759031000 ) ) ;
#1781 = CARTESIAN_POINT ( 'NONE',  ( 1887.220463423016800, 219.9189274064894400, 556.7279683373745900 ) ) ;
#1782 = CARTESIAN_POINT ( 'NONE',  ( 1064.537564851477600, 245.2299403991669400, 327.1144069844887100 ) ) ;
#1783 = CARTESIAN_POINT ( 'NONE',  ( -218.9543979933612300, 238.3636386318893900, -458.9158787985659300 ) ) ;
#1784 = CARTESIAN_POINT ( 'NONE',  ( 733.9752058815980700, -463.2074854370465000, 296.3260162971097300 ) ) ;
#1785 = CARTESIAN_POINT ( 'NONE',  ( 1268.545647680608900, -334.9757913131097100, -436.0756559493061700 ) ) ;
#1786 = CARTESIAN_POINT ( 'NONE',  ( 3049.330821160650000, -401.0730098996240300, 225.0958790359187600 ) ) ;
#1787 = CARTESIAN_POINT ( 'NONE',  ( -74.32948380835657100, 78.63728182858071100, -399.1592078644654900 ) ) ;
#1788 = CARTESIAN_POINT ( 'NONE',  ( 908.5487788363203700, -217.0292945430771000, -207.0652430513005400 ) ) ;
#1789 = CARTESIAN_POINT ( 'NONE',  ( 61.94123650696374700, 213.6767058318305300, -68.58968059316183000 ) ) ;
#1790 = CARTESIAN_POINT ( 'NONE',  ( 3054.501239582366900, -41.93179296057391500, -456.6663798905265100 ) ) ;
#1791 = CARTESIAN_POINT ( 'NONE',  ( 2332.004084576911300, -260.8449718800333700, 335.0520991329650500 ) ) ;
#1792 = CARTESIAN_POINT ( 'NONE',  ( 2712.255454550427700, -421.5740643452844600, 171.4702950856633100 ) ) ;
#1793 = CARTESIAN_POINT ( 'NONE',  ( 2552.037681493310600, 404.7084768517382300, 57.90094826484153100 ) ) ;
#1794 = CARTESIAN_POINT ( 'NONE',  ( 2459.068978824392600, 228.8838889371591000, 338.7530435901072100 ) ) ;
#1795 = CARTESIAN_POINT ( 'NONE',  ( 3036.941140506668500, -450.2035529650881400, 182.2948837926333600 ) ) ;
#1796 = CARTESIAN_POINT ( 'NONE',  ( 2596.043968691561100, -220.4847736609284000, -514.0030667082985500 ) ) ;
#1797 = CARTESIAN_POINT ( 'NONE',  ( 492.6890561367084200, 246.9711950101352300, 545.2666859878179400 ) ) ;
#1798 = CARTESIAN_POINT ( 'NONE',  ( 3219.561874164507600, -242.6258304715816500, 85.98726338546865100 ) ) ;
#1799 = CARTESIAN_POINT ( 'NONE',  ( 2630.970104494385400, 416.2289406504724000, 430.1908387565706000 ) ) ;
#1800 = CARTESIAN_POINT ( 'NONE',  ( 2070.679326203068300, -424.5559954355462100, -616.3015140631506500 ) ) ;
#1801 = CARTESIAN_POINT ( 'NONE',  ( 798.0195576103511700, -406.4780621743745400, -122.7830880845829000 ) ) ;
#1802 = CARTESIAN_POINT ( 'NONE',  ( 2816.907537188289100, 387.3218671967400200, -456.3906311311718000 ) ) ;
#1803 = CARTESIAN_POINT ( 'NONE',  ( 1366.686257904445300, -86.73532517835759800, -399.5226840665077900 ) ) ;
#1804 = CARTESIAN_POINT ( 'NONE',  ( 218.9543979933612300, 185.8288040617309500, -376.8912527037577400 ) ) ;
#1805 = CARTESIAN_POINT ( 'NONE',  ( 989.6394171332242400, 528.8251229293119900, 150.7143979134519600 ) ) ;
#1806 = CARTESIAN_POINT ( 'NONE',  ( 2756.045694921517200, -541.2754024904761500, -70.97182298760890300 ) ) ;
#1807 = CARTESIAN_POINT ( 'NONE',  ( 3049.329681723849300, -574.8004379396920700, 46.60759042979163500 ) ) ;
#1808 = EDGE_CURVE ( 'NONE', #1897, #5054, #2643, .T. ) ;
#1809 = CARTESIAN_POINT ( 'NONE',  ( -74.32948380835657100, 62.40871473764769900, -401.0477601495258600 ) ) ;
#1810 = CARTESIAN_POINT ( 'NONE',  ( 397.2198456100431400, -178.9420413104872400, 240.7432887551557600 ) ) ;
#1811 = LINE ( 'NONE', #5438, #6070 ) ;
#1812 = CARTESIAN_POINT ( 'NONE',  ( 1654.798091257284800, -592.7996248550109600, -83.06246107456098600 ) ) ;
#1813 = CARTESIAN_POINT ( 'NONE',  ( 317.6051919774894800, -500.5184489715281900, 298.4777502169372400 ) ) ;
#1814 = CARTESIAN_POINT ( 'NONE',  ( 2378.488193990461700, -102.6904212544789600, 412.0131486121708800 ) ) ;
#1815 = CARTESIAN_POINT ( 'NONE',  ( 506.7250002224154200, 384.2155299722567200, -139.7140636656449700 ) ) ;
#1816 = CARTESIAN_POINT ( 'NONE',  ( 2714.732731029443100, 102.1565880085949800, -395.8609714694922600 ) ) ;
#1817 = CARTESIAN_POINT ( 'NONE',  ( 1482.896990062017300, -388.8514147723306600, -126.2382971244439300 ) ) ;
#1818 = CARTESIAN_POINT ( 'NONE',  ( 2913.058602738468800, -417.4156117387359500, -48.75924005057554200 ) ) ;
#1819 = CARTESIAN_POINT ( 'NONE',  ( 65.12351535025928200, -363.8638588967555200, -186.4063056658902400 ) ) ;
#1820 = CARTESIAN_POINT ( 'NONE',  ( 82.07699323691989000, 66.89260487128224500, -587.7330478261808400 ) ) ;
#1821 = CARTESIAN_POINT ( 'NONE',  ( 3176.166861843479200, 12.90797742482322400, -118.7394087954393300 ) ) ;
#1822 = CARTESIAN_POINT ( 'NONE',  ( -74.32948380835657100, 62.40871473764769900, -401.0477601495258600 ) ) ;
#1823 = ORIENTED_EDGE ( 'NONE', *, *, #4906, .T. ) ;
#1824 = CARTESIAN_POINT ( 'NONE',  ( 769.1164266551993500, -745.7429143545950900, -62.79196815320190000 ) ) ;
#1825 = CARTESIAN_POINT ( 'NONE',  ( 2593.350246826851200, 10.95831407621571100, -549.7763475837205100 ) ) ;
#1826 = CARTESIAN_POINT ( 'NONE',  ( 2979.602993392509700, -411.0963741620701100, -435.2005140187731600 ) ) ;
#1827 = CARTESIAN_POINT ( 'NONE',  ( 462.7186743883170800, -60.53022582754017800, 252.1498802895550000 ) ) ;
#1828 = FACE_OUTER_BOUND ( 'NONE', #2446, .T. ) ;
#1829 = CARTESIAN_POINT ( 'NONE',  ( -61.94123650696379700, 108.7436509782912600, -403.8920581914684900 ) ) ;
#1830 = CARTESIAN_POINT ( 'NONE',  ( 240.2070055445150800, -235.4905126099819500, 353.3331965359094500 ) ) ;
#1831 = CARTESIAN_POINT ( 'NONE',  ( 2679.932781837821500, -228.8566262270243800, 387.1535679086093800 ) ) ;
#1832 = CARTESIAN_POINT ( 'NONE',  ( 3238.053674518434900, -223.1468941353943800, 75.46647575944805900 ) ) ;
#1833 = CARTESIAN_POINT ( 'NONE',  ( 373.9778324488627800, -224.9225956785458600, 198.4625877438511500 ) ) ;
#1834 = ORIENTED_EDGE ( 'NONE', *, *, #4783, .T. ) ;
#1835 = CARTESIAN_POINT ( 'NONE',  ( -61.94123650696377600, 161.7377721547260300, -350.1904221682440800 ) ) ;
#1836 = CARTESIAN_POINT ( 'NONE',  ( 805.6911053385728100, -119.4189232845188000, -570.3918416215368600 ) ) ;
#1837 = CARTESIAN_POINT ( 'NONE',  ( 2750.363497391439100, 20.33625789955811000, -424.1293910252187500 ) ) ;
#1838 = CARTESIAN_POINT ( 'NONE',  ( 1878.013947498598600, 407.1357685713230700, -37.17671308565631000 ) ) ;
#1839 = CARTESIAN_POINT ( 'NONE',  ( 3193.956198512024000, -357.2691450882199400, 91.39690489872781100 ) ) ;
#1840 = CARTESIAN_POINT ( 'NONE',  ( 1087.780016308430000, 307.6618563464231800, 269.2314428792241200 ) ) ;
#1841 = CARTESIAN_POINT ( 'NONE',  ( 632.1422094407290600, 595.2164136876537000, -63.46595044345100700 ) ) ;
#1842 = CARTESIAN_POINT ( 'NONE',  ( 3136.877473442070800, -235.9483405400054300, -139.6590432446858500 ) ) ;
#1843 = CARTESIAN_POINT ( 'NONE',  ( 1048.001908113436000, -264.6924045872078200, 141.1228492377041400 ) ) ;
#1844 = CARTESIAN_POINT ( 'NONE',  ( -146.5344130175738500, -445.2235356493694100, -338.5122235033484800 ) ) ;
#1845 = CARTESIAN_POINT ( 'NONE',  ( 1053.683529647383500, 177.2761031780801800, 385.8410636703430900 ) ) ;
#1846 = CARTESIAN_POINT ( 'NONE',  ( -44.35942799025623600, -338.2984247915585500, -668.0211287162869700 ) ) ;
#1847 = CARTESIAN_POINT ( 'NONE',  ( 671.8982603349846800, 258.6564693072620600, -18.44679199120588800 ) ) ;
#1848 = B_SPLINE_CURVE_WITH_KNOTS ( 'NONE', 3,
 ( #5893, #3074, #5628, #4606, #3097, #6093, #2076, #59, #1043, #3052, #2586 ),
 .UNSPECIFIED., .F., .F.,
 ( 4, 1, 1, 1, 1, 1, 1, 1, 4 ),
 ( 0.0000000000000000000, 0.1309596317701286200, 0.2703843856125739400, 0.4155301728200250800, 0.5628700821170533600, 0.6778522134162822100, 0.7899982289276533700, 0.8977704429180358700, 1.000000000000000000 ),
 .UNSPECIFIED. ) ;
#1849 = CARTESIAN_POINT ( 'NONE',  ( 519.1132809578360800, 399.6280679885772400, -143.5183736566619900 ) ) ;
#1850 = CARTESIAN_POINT ( 'NONE',  ( 2238.331191280963600, 439.4096632667355500, -95.82414257409652700 ) ) ;
#1851 = CARTESIAN_POINT ( 'NONE',  ( 2712.262979022099000, -320.3479330246626700, 202.8348729760020600 ) ) ;
#1852 = CARTESIAN_POINT ( 'NONE',  ( 72.94362099270728100, 210.5682994953950000, -46.13716603677154600 ) ) ;
#1853 = CARTESIAN_POINT ( 'NONE',  ( 1210.696302886827000, 111.0867424755481200, 278.6346162959042100 ) ) ;
#1854 = CARTESIAN_POINT ( 'NONE',  ( -61.94123650696378300, 163.5948939821157600, -245.1890524929250100 ) ) ;
#1855 = CARTESIAN_POINT ( 'NONE',  ( 1572.683302221386200, -421.1604097795428200, -402.7799235248297100 ) ) ;
#1856 = CARTESIAN_POINT ( 'NONE',  ( 1645.592490735448100, -168.3289443351968900, 372.5678028375854200 ) ) ;
#1857 = CARTESIAN_POINT ( 'NONE',  ( 2879.928489444319000, -267.8711589794945700, 352.2350969032805200 ) ) ;
#1858 = CARTESIAN_POINT ( 'NONE',  ( 1343.443848272285300, -2.108748872864648400, -408.8240371136929000 ) ) ;
#1859 = CARTESIAN_POINT ( 'NONE',  ( 1073.743710077878200, -358.6063433293567200, 479.2826883975724300 ) ) ;
#1860 = CARTESIAN_POINT ( 'NONE',  ( 3138.275890841233400, 11.87532980995883100, -118.1009660429123300 ) ) ;
#1861 = CARTESIAN_POINT ( 'NONE',  ( 3887.478672477059700, 6.269290642180180800E-012, -7.091549569793187400E-012 ) ) ;
#1862 = CARTESIAN_POINT ( 'NONE',  ( 676.1261645090561400, 287.1382176964579000, -86.77126397693452000 ) ) ;
#1863 = CARTESIAN_POINT ( 'NONE',  ( 2419.312026002909500, 416.9609039952875400, 621.4651372040884800 ) ) ;
#1864 = CARTESIAN_POINT ( 'NONE',  ( 2686.319066636081500, -399.9546293692517300, -377.9776773765198100 ) ) ;
#1865 = CARTESIAN_POINT ( 'NONE',  ( 1910.462344121128400, 330.4548185394185100, 499.1093128084411300 ) ) ;
#1866 = CARTESIAN_POINT ( 'NONE',  ( 2296.373330939103700, -311.4613546273631600, 264.8272339637455800 ) ) ;
#1867 = CARTESIAN_POINT ( 'NONE',  ( 240.2070055445151100, -235.4905126099819500, 353.3331965359094500 ) ) ;
#1868 = CARTESIAN_POINT ( 'NONE',  ( 474.6185027619519600, -403.1952465341726100, 218.4635677752736200 ) ) ;
#1869 = CARTESIAN_POINT ( 'NONE',  ( 1331.885819672347700, -30.35186616646914000, 448.7110810099940200 ) ) ;
#1870 = CARTESIAN_POINT ( 'NONE',  ( -171.8266809702213600, 246.0031518488813400, 115.2635480371375500 ) ) ;
#1871 = CARTESIAN_POINT ( 'NONE',  ( 1233.938810777485700, 166.3869384098949500, 249.5857287447429400 ) ) ;
#1872 = CARTESIAN_POINT ( 'NONE',  ( -61.94123650696379000, 135.4254898659800700, -205.8705406480883700 ) ) ;
#1873 = CARTESIAN_POINT ( 'NONE',  ( 1084.597351757886800, -243.8638517159889700, 529.2808039725416600 ) ) ;
#1874 = CARTESIAN_POINT ( 'NONE',  ( 994.8109940705564900, 7.125442083486890800, 408.7674051819816400 ) ) ;
#1875 = CARTESIAN_POINT ( 'NONE',  ( 190.5403053821725600, -451.5942277963227400, -392.9023899436716600 ) ) ;
#1876 = CARTESIAN_POINT ( 'NONE',  ( 1018.053454592234900, 91.63156540070524200, 398.4282165457964900 ) ) ;
#1877 = CARTESIAN_POINT ( 'NONE',  ( 1399.134501503036300, 454.9042045925018600, -389.0662783808938900 ) ) ;
#1878 = CARTESIAN_POINT ( 'NONE',  ( 2900.670323286018600, -305.0237611108484000, 54.15999951414875100 ) ) ;
#1879 = CARTESIAN_POINT ( 'NONE',  ( 74.32948380835650000, 322.1328463805376100, -417.9730573917984200 ) ) ;
#1880 = CARTESIAN_POINT ( 'NONE',  ( 1536.087824099330200, -47.33960552378150800, -296.2037756573936300 ) ) ;
#1881 = CARTESIAN_POINT ( 'NONE',  ( 434.5204980481736900, 81.89619348874806800, -553.2183486200993900 ) ) ;
#1882 = CARTESIAN_POINT ( 'NONE',  ( 2494.699381346197200, 304.2596785729984400, 296.1858475686171300 ) ) ;
#1883 = CARTESIAN_POINT ( 'NONE',  ( 559.9367535023373000, 285.0787340226702900, -691.9576746202938000 ) ) ;
#1884 = CARTESIAN_POINT ( 'NONE',  ( 2900.670323285992700, -401.0479137257165700, -62.40872025873358800 ) ) ;
#1885 = CARTESIAN_POINT ( 'NONE',  ( 707.0402430291034100, 388.8159532744013500, 243.1344242575182800 ) ) ;
#1886 = CARTESIAN_POINT ( 'NONE',  ( 1703.760962208529000, -57.77088552294473800, -446.0111982534970100 ) ) ;
#1887 = CARTESIAN_POINT ( 'NONE',  ( 260.8827688376017000, 118.2203833417049900, -162.6338031299917800 ) ) ;
#1888 = CARTESIAN_POINT ( 'NONE',  ( 1332.589761323899200, 87.45577506792334100, -415.5137071736658600 ) ) ;
#1889 = CARTESIAN_POINT ( 'NONE',  ( 1409.988207793432800, 353.9041451239078200, -462.9895699699028500 ) ) ;
#1890 = CARTESIAN_POINT ( 'NONE',  ( 553.2093602829257900, 294.6356996666058300, -283.4279263123539200 ) ) ;
#1891 = CARTESIAN_POINT ( 'NONE',  ( 373.9778324488627800, -224.9225956785458600, 198.4625877438511500 ) ) ;
#1892 = CARTESIAN_POINT ( 'NONE',  ( 3187.478672477060200, 11.40110497998510800, -99.34794816822811500 ) ) ;
#1893 = CARTESIAN_POINT ( 'NONE',  ( 144.0561672930074300, -253.5187294370273600, -542.3203842917012000 ) ) ;
#1894 = CARTESIAN_POINT ( 'NONE',  ( 1041.295236621387200, 172.1634499642104600, 370.8117656698790900 ) ) ;
#1895 = CARTESIAN_POINT ( 'NONE',  ( 1538.587636672294400, -226.7342639349668000, -553.9873326823943700 ) ) ;
#1896 = CARTESIAN_POINT ( 'NONE',  ( 1722.024880506905200, -290.1374830982376800, 76.14407892314737600 ) ) ;
#1897 = VERTEX_POINT ( 'NONE', #3550 ) ;
#1898 = CARTESIAN_POINT ( 'NONE',  ( 2814.430177958252900, -627.9085636195592300, -404.7210950588273000 ) ) ;
#1899 = CARTESIAN_POINT ( 'NONE',  ( 2332.004084576911300, -260.8449718800333700, 335.0520991329650500 ) ) ;
#1900 = CARTESIAN_POINT ( 'NONE',  ( 257.7893097820488000, 28.96869888977975900, 747.8212251866064000 ) ) ;
#1901 = CARTESIAN_POINT ( 'NONE',  ( 2877.428539436693400, -384.6080272752680600, -142.6237763712561600 ) ) ;
#1902 = CARTESIAN_POINT ( 'NONE',  ( 77.51178346368035900, -377.1402240965410900, -195.1089865859023000 ) ) ;
#1903 = CARTESIAN_POINT ( 'NONE',  ( 226.7019823742362800, 51.84613109260817500, -448.5310746206971000 ) ) ;
#1904 = ORIENTED_EDGE ( 'NONE', *, *, #2465, .T. ) ;
#1905 = CARTESIAN_POINT ( 'NONE',  ( 655.3843912097102000, 569.1659442857660500, -185.3658578820226500 ) ) ;
#1906 = CARTESIAN_POINT ( 'NONE',  ( 2879.928489444791900, -349.1463764225056300, 349.5347661511481200 ) ) ;
#1907 = CARTESIAN_POINT ( 'NONE',  ( 2711.946325481545500, -194.8109252462116400, 184.1596754441544300 ) ) ;
#1908 = CARTESIAN_POINT ( 'NONE',  ( 1123.410086841770400, 369.6995623536938100, 208.8597130810748300 ) ) ;
#1909 = CARTESIAN_POINT ( 'NONE',  ( -212.4786724770602000, 1.469576158976824000E-014, -120.0000000000000100 ) ) ;
#1910 = CARTESIAN_POINT ( 'NONE',  ( 2479.128709820765800, -269.5405025664619000, 516.6774895345423600 ) ) ;
#1911 = CARTESIAN_POINT ( 'NONE',  ( 1692.076702687954100, -2.908262110516520900, 408.8191012601139400 ) ) ;
#1912 = CARTESIAN_POINT ( 'NONE',  ( 74.32948380835651400, 111.2394629292836200, -583.7599928626818800 ) ) ;
#1913 = CARTESIAN_POINT ( 'NONE',  ( 1854.772159336812400, 406.0074897694648300, 47.95133194145248000 ) ) ;
#1914 = CARTESIAN_POINT ( 'NONE',  ( 2900.670323285819900, -392.5186670651693800, -8.130564347779442300 ) ) ;
#1915 = CARTESIAN_POINT ( 'NONE',  ( 2070.657786866082900, 291.0500410831277200, -72.57803841036984200 ) ) ;
#1916 = CARTESIAN_POINT ( 'NONE',  ( 1410.692433297708000, -404.9200367458236100, 385.7428092252263200 ) ) ;
#1917 = CARTESIAN_POINT ( 'NONE',  ( 2401.730653594198000, -15.13087632668688300, 424.3478062045223300 ) ) ;
#1918 = CARTESIAN_POINT ( 'NONE',  ( 95.09375700240279600, -740.0721081351215400, 111.2182419157909400 ) ) ;
#1919 = EDGE_CURVE ( 'NONE', #6019, #2373, #2816, .T. ) ;
#1920 = CARTESIAN_POINT ( 'NONE',  ( 974.0467967499428100, -242.8441643058533300, -90.94094681282655300 ) ) ;
#1921 = CARTESIAN_POINT ( 'NONE',  ( 1309.347926683977900, 171.6166385955494600, -388.3911326368934200 ) ) ;
#1922 = CARTESIAN_POINT ( 'NONE',  ( 776.7668001084047100, 457.5462883529790500, -30.71749912253791900 ) ) ;
#1923 = CARTESIAN_POINT ( 'NONE',  ( 2982.081054147605800, 369.2908182673455700, -256.6842791631464700 ) ) ;
#1924 = DIRECTION ( 'NONE',  ( -1.000000000000000000, -0.0000000000000000000, -0.0000000000000000000 ) ) ;
#1925 = CARTESIAN_POINT ( 'NONE',  ( 921.9023259750072200, -552.9349888276769900, -184.0389853911987400 ) ) ;
#1926 = CARTESIAN_POINT ( 'NONE',  ( 2076.340061156901400, -78.21191419390091000, -417.3522151804077100 ) ) ;
#1927 = CARTESIAN_POINT ( 'NONE',  ( -218.9543979933612300, 77.99418144533940700, -540.0896183472039000 ) ) ;
#1928 = CARTESIAN_POINT ( 'NONE',  ( 1270.535098845258500, 550.6349114314797400, 190.8105577119699800 ) ) ;
#1929 = CARTESIAN_POINT ( 'NONE',  ( 2621.764230157105900, 361.9171673357834000, -190.1511092405969000 ) ) ;
#1930 = DIRECTION ( 'NONE',  ( 0.0000000000000000000, 0.0000000000000000000, -1.000000000000000000 ) ) ;
#1931 = CARTESIAN_POINT ( 'NONE',  ( 2508.052972886948300, 663.2176663865562900, 246.6031457062304400 ) ) ;
#1932 = CARTESIAN_POINT ( 'NONE',  ( 2412.584582171602500, 71.97110503630024400, 402.4445507033064500 ) ) ;
#1933 = CARTESIAN_POINT ( 'NONE',  ( 2186.868091533177900, 83.85010856087090800, -288.0046351988498300 ) ) ;
#1934 = CARTESIAN_POINT ( 'NONE',  ( 806.3954374111618800, 27.60497221705935900, 558.5652614451854600 ) ) ;
#1935 = CARTESIAN_POINT ( 'NONE',  ( 1774.191530234183100, 244.9055459517401800, 346.8736332688148400 ) ) ;
#1936 = CARTESIAN_POINT ( 'NONE',  ( 1233.960860985381900, 437.2461439415298500, -607.3642329340305000 ) ) ;
#1937 = CARTESIAN_POINT ( 'NONE',  ( 1926.976086746971500, 86.76513083788310600, 244.3669948239697200 ) ) ;
#1938 = CARTESIAN_POINT ( 'NONE',  ( 1681.222561440336200, -92.54819698102511400, 414.4092079586452000 ) ) ;
#1939 = CARTESIAN_POINT ( 'NONE',  ( 2651.712538889293700, 203.9230826445331100, 219.9841383175997300 ) ) ;
#1940 = CARTESIAN_POINT ( 'NONE',  ( 957.5324468339391600, -594.6595195421998600, -68.48945459019095900 ) ) ;
#1941 = CARTESIAN_POINT ( 'NONE',  ( 2900.670323286000000, -381.8134918375703300, 10.70336082375011700 ) ) ;
#1942 = CARTESIAN_POINT ( 'NONE',  ( 805.6911053385728100, -119.4189232845188000, -570.3918416215368600 ) ) ;
#1943 = AXIS2_PLACEMENT_3D ( 'NONE', #4085, #2493, #1546 ) ;
#1944 = CARTESIAN_POINT ( 'NONE',  ( 2519.930815081765100, -458.5686311517333700, 2.602517734570548100 ) ) ;
#1945 = CARTESIAN_POINT ( 'NONE',  ( 1657.980722345475900, -176.3698985561189000, 386.2558888736069200 ) ) ;
#1946 = CARTESIAN_POINT ( 'NONE',  ( 61.94123650696375400, 119.3170809112957300, -565.0360707628671000 ) ) ;
#1947 = CARTESIAN_POINT ( 'NONE',  ( 137.3505014899377800, -663.2686518111306700, 246.4666857693188400 ) ) ;
#1948 = CARTESIAN_POINT ( 'NONE',  ( 2854.185827219896100, -343.1880853891725600, -221.8558049838693800 ) ) ;
#1949 =( BOUNDED_CURVE ( )  B_SPLINE_CURVE ( 3, ( #5043, #542, #5110, #37 ),
 .UNSPECIFIED., .F., .T. ) 
 B_SPLINE_CURVE_WITH_KNOTS ( ( 4, 4 ),
 ( 0.0000000000000000000, 0.5000000000000004400 ),
 .UNSPECIFIED. ) 
 CURVE ( )  GEOMETRIC_REPRESENTATION_ITEM ( )  RATIONAL_B_SPLINE_CURVE ( ( 1.000000000000000000, 0.3333333333333327600, 0.3333333333333333700, 1.000000000000000700 ) ) 
 REPRESENTATION_ITEM ( '' )  );
#1950 = CARTESIAN_POINT ( 'NONE',  ( 3049.329656243063700, -548.6752232434203100, 102.1668685897330400 ) ) ;
#1951 = CARTESIAN_POINT ( 'NONE',  ( 1624.849690625050700, -294.7245674065351300, 643.2793611440046100 ) ) ;
#1952 = CARTESIAN_POINT ( 'NONE',  ( 2156.920201199609900, -349.1606599853435600, -212.6698724672440300 ) ) ;
#1953 = CARTESIAN_POINT ( 'NONE',  ( 3190.246333601067400, -209.6523863801781700, 76.27085142124920500 ) ) ;
#1954 = CARTESIAN_POINT ( 'NONE',  ( 1782.567230507156900, 321.8846423741850900, -457.3260537585721300 ) ) ;
#1955 = CARTESIAN_POINT ( 'NONE',  ( 1425.558682665315700, -249.1437610836876500, -343.8421902273055900 ) ) ;
#1956 = CARTESIAN_POINT ( 'NONE',  ( 1117.749244048747900, 744.9162360666841800, 71.93864844883560700 ) ) ;
#1957 = CARTESIAN_POINT ( 'NONE',  ( 77.51178346368035900, -377.1402240965411500, -195.1089865859023000 ) ) ;
#1958 = CARTESIAN_POINT ( 'NONE',  ( 1508.616755333633400, 69.77059860364595100, -249.7508355526563800 ) ) ;
#1959 = ORIENTED_EDGE ( 'NONE', *, *, #3612, .F. ) ;
#1960 = CARTESIAN_POINT ( 'NONE',  ( 1472.042880002304200, -367.1086947326763800, -213.3807939582962900 ) ) ;
#1961 = CARTESIAN_POINT ( 'NONE',  ( 1125.399589909985000, -457.8886828353968800, 25.10035160009485700 ) ) ;
#1962 = CARTESIAN_POINT ( 'NONE',  ( 701.8687849859424000, 445.2191878363008200, -400.1129458180456600 ) ) ;
#1963 = CARTESIAN_POINT ( 'NONE',  ( 1177.566493951783100, 228.4027519633875200, 536.1339994358173700 ) ) ;
#1964 = CARTESIAN_POINT ( 'NONE',  ( 1659.970073665979500, -64.29371854313907900, -454.0474800401103200 ) ) ;
#1965 = CARTESIAN_POINT ( 'NONE',  ( 1797.433837274166500, 311.4368312437213700, 288.6296227836526200 ) ) ;
#1966 = ORIENTED_EDGE ( 'NONE', *, *, #375, .F. ) ;
#1967 = CARTESIAN_POINT ( 'NONE',  ( 61.94123650696375400, 332.7761337390543900, -293.3646783105707500 ) ) ;
#1968 = CARTESIAN_POINT ( 'NONE',  ( 718.4043177474318300, -535.7384179552171900, -462.2284548361399200 ) ) ;
#1969 = CARTESIAN_POINT ( 'NONE',  ( 253.5391052171009400, -222.1191032567952300, -133.8554673914889000 ) ) ;
#1970 = CARTESIAN_POINT ( 'NONE',  ( 3049.329757801116100, -509.7604364581885600, 153.0229248814909800 ) ) ;
#1971 = CARTESIAN_POINT ( 'NONE',  ( 2786.959159346642100, -385.7840485544131800, -593.0191689499777100 ) ) ;
#1972 = ORIENTED_EDGE ( 'NONE', *, *, #4783, .F. ) ;
#1973 = CARTESIAN_POINT ( 'NONE',  ( 2714.732731029443100, 102.1565880085949800, -395.8609714694922600 ) ) ;
#1974 = CARTESIAN_POINT ( 'NONE',  ( 2842.509455207560200, 69.05730584253274200, 10.65319596740926400 ) ) ;
#1975 = CARTESIAN_POINT ( 'NONE',  ( 1573.387560361280700, 338.7606751337061200, 444.9697946445907100 ) ) ;
#1976 = ORIENTED_EDGE ( 'NONE', *, *, #3484, .T. ) ;
#1977 = CARTESIAN_POINT ( 'NONE',  ( 875.4176662236719700, -430.9182465231791600, -392.3228281870227100 ) ) ;
#1978 = CARTESIAN_POINT ( 'NONE',  ( 114.0863099753203300, 8.746475877436362000, -286.1377840800030900 ) ) ;
#1979 = CARTESIAN_POINT ( 'NONE',  ( 1931.226247686352100, 452.0201442108817100, -596.4504658476967100 ) ) ;
#1980 = CARTESIAN_POINT ( 'NONE',  ( 1090.257478564112900, -200.8518882645775500, 164.0181316982071300 ) ) ;
#1981 = CARTESIAN_POINT ( 'NONE',  ( 1657.980722345475900, -176.3698985561189000, 386.2558888736069200 ) ) ;
#1982 = CARTESIAN_POINT ( 'NONE',  ( 1171.884140543322000, -408.4352325187433600, 208.5029300868062300 ) ) ;
#1983 = CARTESIAN_POINT ( 'NONE',  ( 539.1730885321711600, 446.7477934543438800, 398.4057255574193200 ) ) ;
#1984 = CARTESIAN_POINT ( 'NONE',  ( 1898.074089068913700, 322.6776163439242300, 485.2697049046943800 ) ) ;
#1985 = CARTESIAN_POINT ( 'NONE',  ( 2055.087183367387300, 237.9839991012644000, 391.9898986118108700 ) ) ;
#1986 = CARTESIAN_POINT ( 'NONE',  ( 2378.488193990461700, -102.6904212544789600, 412.0131486121708800 ) ) ;
#1987 = CARTESIAN_POINT ( 'NONE',  ( 3095.103843669279300, -278.4228542158978700, -113.3988311131182800 ) ) ;
#1988 = CARTESIAN_POINT ( 'NONE',  ( 3049.329681723849300, -574.8004379396920700, 46.60759042979163500 ) ) ;
#1989 = CARTESIAN_POINT ( 'NONE',  ( 369.7715365943828400, 541.3703530298588500, 455.6192696466327400 ) ) ;
#1990 = CARTESIAN_POINT ( 'NONE',  ( 2063.951822567518800, -76.90435639575090900, -401.5310024142213500 ) ) ;
#1991 = CARTESIAN_POINT ( 'NONE',  ( 2252.388928339545600, -624.0654018470826300, 333.4867526979013000 ) ) ;
#1992 = CARTESIAN_POINT ( 'NONE',  ( 2528.795548898733200, 383.9413992269713300, 140.4651414336964900 ) ) ;
#1993 = CARTESIAN_POINT ( 'NONE',  ( 3116.306266183629800, 207.7334664316556400, -75.08446361947326900 ) ) ;
#1994 = CARTESIAN_POINT ( 'NONE',  ( 1991.746900966094200, -533.1826986818604200, -168.7393968996122200 ) ) ;
#1995 = CARTESIAN_POINT ( 'NONE',  ( 1526.199331643517300, -221.8063923892910100, -538.8964436839194100 ) ) ;
#1996 = CARTESIAN_POINT ( 'NONE',  ( 1768.531765209357200, 642.6399935005172200, 383.5231086555073700 ) ) ;
#1997 = CARTESIAN_POINT ( 'NONE',  ( -74.32948380835657100, 110.5693822564359700, -207.2386007891051100 ) ) ;
#1998 = CARTESIAN_POINT ( 'NONE',  ( 2252.367723419457000, -31.11720533124711700, -257.4399042765608100 ) ) ;
#1999 = CARTESIAN_POINT ( 'NONE',  ( 1239.621366168603800, 366.6066307565863600, -214.2417318773315500 ) ) ;
#2000 = CARTESIAN_POINT ( 'NONE',  ( 1492.103027211184600, 17.21629675772365800, -598.3427482215798800 ) ) ;
#2001 = CARTESIAN_POINT ( 'NONE',  ( 1595.925897553155900, -495.4489686379809000, -306.8187856304878700 ) ) ;
#2002 = CARTESIAN_POINT ( 'NONE',  ( 1613.485507340275000, 125.2208308010777100, -441.1481944867546800 ) ) ;
#2003 = CARTESIAN_POINT ( 'NONE',  ( 2496.688787026607300, -449.1654471402450200, -92.42861796654810300 ) ) ;
#2004 = CARTESIAN_POINT ( 'NONE',  ( 2680.636928791563200, 264.9369102135892100, -331.8259156840658800 ) ) ;
#2005 = CARTESIAN_POINT ( 'NONE',  ( 3036.902349825744700, -225.4543811013532200, 219.1331831645552200 ) ) ;
#2006 = CARTESIAN_POINT ( 'NONE',  ( 3138.275890841233400, 11.87532980995883100, -118.1009660429123300 ) ) ;
#2007 = CARTESIAN_POINT ( 'NONE',  ( 3237.141059943659500, -238.3147764821962100, 81.40372234110653000 ) ) ;
#2008 = CARTESIAN_POINT ( 'NONE',  ( 462.7410479032104700, 701.1539836426492200, -95.15493056197789200 ) ) ;
#2009 = CARTESIAN_POINT ( 'NONE',  ( 2319.615838369911700, -249.8588849081955300, 323.5923471361556400 ) ) ;
#2010 = CARTESIAN_POINT ( 'NONE',  ( 167.1617051190608300, -26.20256309934864400, -37.12516888973479500 ) ) ;
#2011 = CARTESIAN_POINT ( 'NONE',  ( 1787.546001188230100, 606.8757369903933100, 363.8313857910028400 ) ) ;
#2012 = CARTESIAN_POINT ( 'NONE',  ( 3108.789953908572900, -212.0894272634079700, -106.8206736380832100 ) ) ;
#2013 = STYLED_ITEM ( 'NONE', ( #4006 ), #2247 ) ;
#2014 = CARTESIAN_POINT ( 'NONE',  ( 327.4932664928752500, -286.0518676990219500, 90.28824124475298200 ) ) ;
#2015 = CARTESIAN_POINT ( 'NONE',  ( 158.0921501233519300, -382.4721521003310700, 144.4184304399399500 ) ) ;
#2016 = CARTESIAN_POINT ( 'NONE',  ( 247.8786346796540300, -580.4965516700040100, -51.29901305882616900 ) ) ;
#2017 = CARTESIAN_POINT ( 'NONE',  ( 197.5375176856570900, 29.02068704784861800, -80.69599270688431100 ) ) ;
#2018 = CARTESIAN_POINT ( 'NONE',  ( 114.0863099753203200, 8.259145649864672500, -296.2853027004557600 ) ) ;
#2019 = CARTESIAN_POINT ( 'NONE',  ( 1605.835252670903600, -310.3545569859889500, 680.9959657494131300 ) ) ;
#2020 = CARTESIAN_POINT ( 'NONE',  ( 100.7538683739703900, -409.3679296927246000, -112.7710983124488800 ) ) ;
#2021 = CARTESIAN_POINT ( 'NONE',  ( 2368.578494146633600, -238.0897590852740700, -102.7467264721762200 ) ) ;
#2022 = CARTESIAN_POINT ( 'NONE',  ( 2073.157508739862800, 532.4919685227207500, -273.4283331049701400 ) ) ;
#2023 = CARTESIAN_POINT ( 'NONE',  ( 2519.930815081765100, -458.5686311517333700, 2.602517734570548100 ) ) ;
#2024 = CARTESIAN_POINT ( 'NONE',  ( 1311.337265477777500, 69.86073734808577700, 453.2243254545271600 ) ) ;
#2025 = CARTESIAN_POINT ( 'NONE',  ( 188.0401170026547100, -175.7333906995578700, -243.2985923002697700 ) ) ;
#2026 = B_SPLINE_CURVE_WITH_KNOTS ( 'NONE', 3,
 ( #717, #2855, #1329, #4890, #2877, #6399, #4912, #5400, #1879, #5913, #361, #4378, #4398, #1372, #6420 ),
 .UNSPECIFIED., .F., .F.,
 ( 4, 1, 1, 1, 1, 1, 1, 1, 1, 1, 1, 1, 4 ),
 ( 0.0000000000000000000, 0.06878470168917669200, 0.1442738605561909600, 0.2262078797667817500, 0.3137468971164819600, 0.4054473357279265700, 0.4994390021618885200, 0.5934680111024892600, 0.6852774750954954100, 0.7729902092803402300, 0.8551524044246771000, 0.9309125957014710000, 1.000000000000000000 ),
 .UNSPECIFIED. ) ;
#2027 = CARTESIAN_POINT ( 'NONE',  ( 3069.993415682454700, -296.9123170290183700, -53.10063512160337500 ) ) ;
#2028 = CARTESIAN_POINT ( 'NONE',  ( -212.4786724770602000, 0.0000000000000000000, 0.0000000000000000000 ) ) ;
#2029 = CARTESIAN_POINT ( 'NONE',  ( 3049.027623638741700, -147.3664283436119400, 200.7589535212384200 ) ) ;
#2030 = CARTESIAN_POINT ( 'NONE',  ( 671.9208111882356900, -302.4645599611484400, -639.6769461423768900 ) ) ;
#2031 = CARTESIAN_POINT ( 'NONE',  ( 1252.953135632244100, 140.8809193354981300, 217.7065233021641600 ) ) ;
#2032 = CARTESIAN_POINT ( 'NONE',  ( 2913.058602738332000, -395.7210352374131600, 18.31083667629140900 ) ) ;
#2033 = CARTESIAN_POINT ( 'NONE',  ( 2734.792747174800300, 565.6097358203512600, -140.3326394958737400 ) ) ;
#2034 = CARTESIAN_POINT ( 'NONE',  ( 2915.822899625886300, -172.7150191533067400, 14.48333695233352900 ) ) ;
#2035 = CARTESIAN_POINT ( 'NONE',  ( 2689.012274987037500, -527.8597193030433300, -192.6078833964851100 ) ) ;
#2036 = CARTESIAN_POINT ( 'NONE',  ( 1107.839924744070500, -128.9555056105215600, 568.3115052110408700 ) ) ;
#2037 = CARTESIAN_POINT ( 'NONE',  ( -32.00098028922848700, -171.6240988841284700, 77.61157873037997500 ) ) ;
#2038 = CARTESIAN_POINT ( 'NONE',  ( -74.32948380835655700, 139.0676575517168200, -233.8789887738441300 ) ) ;
#2039 = CARTESIAN_POINT ( 'NONE',  ( 2210.132405450569900, -718.3711273606498900, 209.8052810518254000 ) ) ;
#2040 = CARTESIAN_POINT ( 'NONE',  ( 54.26977306852646200, -328.5361669032420200, -268.9941428122707000 ) ) ;
#2041 = CARTESIAN_POINT ( 'NONE',  ( 2647.484828729861400, 130.0294411115457900, 224.3568063674958100 ) ) ;
#2042 = CARTESIAN_POINT ( 'NONE',  ( 1936.886950226844200, 371.7540228150267600, -205.1801962472025600 ) ) ;
#2043 = ORIENTED_EDGE ( 'NONE', *, *, #718, .T. ) ;
#2044 = CARTESIAN_POINT ( 'NONE',  ( 1004.017157094244500, -571.3978549119391300, 178.3672906723371900 ) ) ;
#2045 = CARTESIAN_POINT ( 'NONE',  ( 1845.907484380653800, -445.5588734530606400, 108.4882750826516800 ) ) ;
#2046 = CARTESIAN_POINT ( 'NONE',  ( 2535.500928401080700, -87.37803857843655900, 286.9540088169479800 ) ) ;
#2047 = CARTESIAN_POINT ( 'NONE',  ( -114.0863099753205000, 462.7433985649736900, -120.6909560624051800 ) ) ;
#2048 = CARTESIAN_POINT ( 'NONE',  ( 3036.953026392876400, -278.1180597025805800, 227.7571901379738200 ) ) ;
#2049 = CARTESIAN_POINT ( 'NONE',  ( 3046.406640221041900, -16.24566796821762400, -100.7149313812474800 ) ) ;
#2050 = EDGE_LOOP ( 'NONE', ( #3166, #1669, #1823, #6167, #1972 ) ) ;
#2051 = CARTESIAN_POINT ( 'NONE',  ( 2860.914187333588000, -732.3574345923493600, 30.68757680533541400 ) ) ;
#2052 = CARTESIAN_POINT ( 'NONE',  ( 1485.396542117167400, -703.2615765633172500, -78.06432614258817200 ) ) ;
#2053 = CARTESIAN_POINT ( 'NONE',  ( 1276.196035936631200, 182.9165423889808400, 183.8074240314774700 ) ) ;
#2054 = CARTESIAN_POINT ( 'NONE',  ( 2913.058602738528400, -282.8944749076960100, 69.53036885802562500 ) ) ;
#2055 = CARTESIAN_POINT ( 'NONE',  ( -25.34509639430889600, -318.5248421947102300, -632.2391518944718900 ) ) ;
#2056 = CARTESIAN_POINT ( 'NONE',  ( 77.51178346368035900, -377.1402240965411500, -195.1089865859023000 ) ) ;
#2057 = CARTESIAN_POINT ( 'NONE',  ( 2619.285919129543800, -322.1723661262503200, -456.9285457128835300 ) ) ;
#2058 = CARTESIAN_POINT ( 'NONE',  ( 828.9336421551297500, -234.9646976282108700, -533.2908317999646200 ) ) ;
#2059 = CARTESIAN_POINT ( 'NONE',  ( 2703.879034067257600, 190.4675125357092000, -379.5024259260121100 ) ) ;
#2060 = CARTESIAN_POINT ( 'NONE',  ( 2628.491649012837100, 466.5218718866785300, -585.1773896358389500 ) ) ;
#2061 = CARTESIAN_POINT ( 'NONE',  ( -912.4786724770601700, 0.0000000000000000000, 0.0000000000000000000 ) ) ;
#2062 = CARTESIAN_POINT ( 'NONE',  ( 913.5264182312431600, 283.1866788959887300, -349.3824011403510200 ) ) ;
#2063 = CARTESIAN_POINT ( 'NONE',  ( 3036.941397510584500, -575.6925368435873900, -61.68259544180623500 ) ) ;
#2064 = CARTESIAN_POINT ( 'NONE',  ( 1608.314203285597200, -508.2830081067793900, -316.1625672454597400 ) ) ;
#2065 = CARTESIAN_POINT ( 'NONE',  ( 1938.876315734053200, -218.8345563064254100, 402.9940472507680100 ) ) ;
#2066 = CARTESIAN_POINT ( 'NONE',  ( 3000.345217253685000, -201.5780894095277300, -221.5225501406731900 ) ) ;
#2067 = CARTESIAN_POINT ( 'NONE',  ( 2879.928489445331300, -190.7794684105399500, 338.1058432015772200 ) ) ;
#2068 = CARTESIAN_POINT ( 'NONE',  ( 3238.219735576055000, -211.3493880061126900, 66.65034948620981900 ) ) ;
#2069 = CARTESIAN_POINT ( 'NONE',  ( 2712.254833905935800, -549.3154518720431300, -72.11476994634554700 ) ) ;
#2070 = CARTESIAN_POINT ( 'NONE',  ( 1578.366303978218900, -530.1227606749970400, 468.6590543053093300 ) ) ;
#2071 = CARTESIAN_POINT ( 'NONE',  ( -56.25895074133851600, -534.0177535549055400, -131.1485439372141900 ) ) ;
#2072 = CARTESIAN_POINT ( 'NONE',  ( 1764.281917319584600, -233.3142829555101200, 113.1726924736957600 ) ) ;
#2073 = CARTESIAN_POINT ( 'NONE',  ( 197.5375176856570900, 29.02068704784861800, -80.69599270688431100 ) ) ;
#2074 = CARTESIAN_POINT ( 'NONE',  ( 3013.698884241906400, -540.2338159581911400, -223.5237752745895200 ) ) ;
#2075 = CARTESIAN_POINT ( 'NONE',  ( 3036.941397261658000, -568.5338454897654400, -107.1702293123527200 ) ) ;
#2076 = CARTESIAN_POINT ( 'NONE',  ( -79.46056378098406000, 61.53529561829892500, -148.5509910549578500 ) ) ;
#2077 = CARTESIAN_POINT ( 'NONE',  ( 379.6601430728482600, 261.6307607664482500, 334.4390350002054200 ) ) ;
#2078 = CARTESIAN_POINT ( 'NONE',  ( 413.7562583844258500, 361.5446411534758800, 190.8587028658016000 ) ) ;
#2079 = CARTESIAN_POINT ( 'NONE',  ( 1797.433837274166500, 311.4368312437213700, 288.6296227836526200 ) ) ;
#2080 = CARTESIAN_POINT ( 'NONE',  ( -111.1045998210216200, 244.8477722874331400, 64.61536798867116700 ) ) ;
#2081 = CARTESIAN_POINT ( 'NONE',  ( 74.32948380835651400, 159.3806711437220300, -571.7623411309399400 ) ) ;
#2082 = CARTESIAN_POINT ( 'NONE',  ( 759.9108707218175600, -201.1171166498617400, 521.8317310019156100 ) ) ;
#2083 = CARTESIAN_POINT ( 'NONE',  ( 564.8935850003298400, -278.8778411646911800, 352.8311442737025900 ) ) ;
#2084 = CARTESIAN_POINT ( 'NONE',  ( 2866.574125531307300, -355.5833450892332600, -231.6864341944795700 ) ) ;
#2085 = CARTESIAN_POINT ( 'NONE',  ( 1306.165261339532700, 593.7742863471897900, 75.78167688459819800 ) ) ;
#2086 = CARTESIAN_POINT ( 'NONE',  ( 2589.657378798226500, -370.1257039887695400, 270.7377531996764300 ) ) ;
#2087 = CARTESIAN_POINT ( 'NONE',  ( 1838.235282594704800, -80.30952036611954300, 289.0119119842739200 ) ) ;
#2088 = CARTESIAN_POINT ( 'NONE',  ( -262.7452775920334000, 304.7179045200762700, -250.6161031251260200 ) ) ;
#2089 = CARTESIAN_POINT ( 'NONE',  ( 1805.105592128126800, -142.8636521690427200, 564.9755849522089200 ) ) ;
#2090 = CARTESIAN_POINT ( 'NONE',  ( 274.3031590887173900, -67.81573125963221600, 403.1657031113060200 ) ) ;
#2091 = CARTESIAN_POINT ( 'NONE',  ( -153.3713065641846900, 9.312858057442369400, -127.3477909498910500 ) ) ;
#2092 = CARTESIAN_POINT ( 'NONE',  ( 997.3105636867521800, 154.9599604722703800, 690.4043972823946000 ) ) ;
#2093 = CARTESIAN_POINT ( 'NONE',  ( 36.70959722531326700, -455.7957967421941700, 307.6045111699637600 ) ) ;
#2094 = CARTESIAN_POINT ( 'NONE',  ( -79.46056378098406000, 61.53529561829892500, -148.5509910549578500 ) ) ;
#2095 = CARTESIAN_POINT ( 'NONE',  ( 1624.828815765561600, -180.6471220746599900, -186.0382656598040100 ) ) ;
#2096 = CARTESIAN_POINT ( 'NONE',  ( 2548.855283746977900, 84.21754351159727000, 576.6412303872565400 ) ) ;
#2097 = CARTESIAN_POINT ( 'NONE',  ( -74.32948380835654200, 117.3877108261485300, -379.7697839878332500 ) ) ;
#2098 = CARTESIAN_POINT ( 'NONE',  ( 2900.670323285768100, -264.7475099347836900, 49.92333704643135700 ) ) ;
#2099 = CARTESIAN_POINT ( 'NONE',  ( 170.4804369296374500, -397.8368357175933700, 148.4115961522967700 ) ) ;
#2100 = CARTESIAN_POINT ( 'NONE',  ( 1099.463888512512500, -375.4571019282669800, -247.5774635905335700 ) ) ;
#2101 = CARTESIAN_POINT ( 'NONE',  ( 65.12351535025928200, -363.8638588967555200, -186.4063056658902400 ) ) ;
#2102 = SURFACE_STYLE_FILL_AREA ( #2224 ) ;
#2103 = CARTESIAN_POINT ( 'NONE',  ( 1774.191530234183100, 244.9055459517401800, 346.8736332688148400 ) ) ;
#2104 = CARTESIAN_POINT ( 'NONE',  ( 855.3578526468928700, -385.9010660686927800, 134.9886644695433800 ) ) ;
#2105 = CARTESIAN_POINT ( 'NONE',  ( 74.32948380835650000, 260.1181061961383400, -84.68630212957681600 ) ) ;
#2106 = CARTESIAN_POINT ( 'NONE',  ( 202.0983810898528900, 440.9806572276727400, 343.9368216408117300 ) ) ;
#2107 = CARTESIAN_POINT ( 'NONE',  ( -182.8174017165768000, -237.5953921758384100, -121.8972216154728900 ) ) ;
#2108 = CARTESIAN_POINT ( 'NONE',  ( 611.3779936635602300, -111.9709948712937000, 435.5746900531272000 ) ) ;
#2109 = CARTESIAN_POINT ( 'NONE',  ( 2564.425932812137900, 420.0944872966696800, 61.81129882888951200 ) ) ;
#2110 = CARTESIAN_POINT ( 'NONE',  ( 1259.681363696535300, 512.1245377672772700, 309.9013986405537400 ) ) ;
#2111 =( BOUNDED_CURVE ( )  B_SPLINE_CURVE ( 3, ( #1405, #2931, #1368, #2892 ),
 .UNSPECIFIED., .F., .T. ) 
 B_SPLINE_CURVE_WITH_KNOTS ( ( 4, 4 ),
 ( 0.4999999999999999400, 1.000000000000000000 ),
 .UNSPECIFIED. ) 
 CURVE ( )  GEOMETRIC_REPRESENTATION_ITEM ( )  RATIONAL_B_SPLINE_CURVE ( ( 1.000000000000000000, 0.3333333333333333100, 0.3333333333333332600, 1.000000000000000000 ) ) 
 REPRESENTATION_ITEM ( '' )  );
#2112 = CARTESIAN_POINT ( 'NONE',  ( 536.6954708465418700, 422.2087788904947300, -617.9121558888823500 ) ) ;
#2113 = CARTESIAN_POINT ( 'NONE',  ( 3193.954305078465900, -443.5323505217376700, -102.6763546792609700 ) ) ;
#2114 = CARTESIAN_POINT ( 'NONE',  ( 1768.508724324042800, -234.3899829438399300, 187.1866446719432400 ) ) ;
#2115 = CARTESIAN_POINT ( 'NONE',  ( 61.94123650696374700, 213.6767058318305900, -68.58968059316188700 ) ) ;
#2116 = CARTESIAN_POINT ( 'NONE',  ( 2618.581858289627700, 406.0499209653943400, 418.0085606876605200 ) ) ;
#2117 = CARTESIAN_POINT ( 'NONE',  ( 619.7539240058076800, 579.3501359978140500, -62.93621484225791800 ) ) ;
#2118 = CARTESIAN_POINT ( 'NONE',  ( 158.0921501233519300, -382.4721521003310700, 144.4184304399399500 ) ) ;
#2119 = CARTESIAN_POINT ( 'NONE',  ( -74.63291195675620300, 94.02998198399386400, -194.1891099787894700 ) ) ;
#2120 = CARTESIAN_POINT ( 'NONE',  ( 2112.935754271385100, -512.4129227591624800, -487.9590175503401500 ) ) ;
#2121 = CARTESIAN_POINT ( 'NONE',  ( -218.9543979933611400, 70.97173506272919500, -541.2749627333785200 ) ) ;
#2122 = CARTESIAN_POINT ( 'NONE',  ( -119.5421438976939500, 23.92177212726273800, -118.8741393520527700 ) ) ;
#2123 = CARTESIAN_POINT ( 'NONE',  ( 2136.155771727966600, 206.7529583191842700, -156.5140077066098500 ) ) ;
#2124 = CARTESIAN_POINT ( 'NONE',  ( 60.63481468111160700, 201.7951203831153700, -59.21517864199257300 ) ) ;
#2125 = CARTESIAN_POINT ( 'NONE',  ( 346.5301352226541700, 435.2691741421315900, 557.8636718366675500 ) ) ;
#2126 = ORIENTED_EDGE ( 'NONE', *, *, #3148, .T. ) ;
#2127 = CARTESIAN_POINT ( 'NONE',  ( 114.0863099753203300, 31.57587490946254500, -255.6239381469758900 ) ) ;
#2128 = EDGE_CURVE ( 'NONE', #5541, #551, #6540, .T. ) ;
#2129 = CARTESIAN_POINT ( 'NONE',  ( 1006.495340478484100, -68.69913123996570900, -444.4591126679263200 ) ) ;
#2130 = CARTESIAN_POINT ( 'NONE',  ( 739.1472026686092200, -310.9425783815177100, -265.4356854343707300 ) ) ;
#2131 = ADVANCED_FACE ( 'NONE', ( #246 ), #6263, .T. ) ;
#2132 = ORIENTED_EDGE ( 'NONE', *, *, #5993, .T. ) ;
#2133 = CARTESIAN_POINT ( 'NONE',  ( 1843.918099687140100, 401.6832913871735400, 137.6610799313704400 ) ) ;
#2134 = CARTESIAN_POINT ( 'NONE',  ( 181.3346759916797700, -344.2680071289934700, 220.5015766471021300 ) ) ;
#2135 = CARTESIAN_POINT ( 'NONE',  ( 318.3095399609412100, 519.2033488200385100, -207.8105973183830000 ) ) ;
#2136 = CARTESIAN_POINT ( 'NONE',  ( -105.4262250633745000, 38.59694669307103300, -150.4527669009328300 ) ) ;
#2137 = CARTESIAN_POINT ( 'NONE',  ( 2284.815413634240900, 362.8801861473921200, -265.6698069274206700 ) ) ;
#2138 = CARTESIAN_POINT ( 'NONE',  ( 3036.941397261658900, -137.5350240503095700, 177.3312653412857600 ) ) ;
#2139 = CARTESIAN_POINT ( 'NONE',  ( 980.7750799490564800, -595.9503672279340700, 56.15704121251298600 ) ) ;
#2140 = ORIENTED_EDGE ( 'NONE', *, *, #4502, .F. ) ;
#2141 = CARTESIAN_POINT ( 'NONE',  ( 466.9689309482357100, 704.1537631335483000, -253.4623915347605700 ) ) ;
#2142 = CARTESIAN_POINT ( 'NONE',  ( 2465.774358883119900, -238.9132038791080400, 181.3780646914121100 ) ) ;
#2143 = CARTESIAN_POINT ( 'NONE',  ( 3187.478672477060200, 6.661338147750939200E-012, -7.327471962526033200E-012 ) ) ;
#2144 = CARTESIAN_POINT ( 'NONE',  ( 2455.886526709970900, -370.7058923917001600, 449.6495656852578700 ) ) ;
#2145 = CARTESIAN_POINT ( 'NONE',  ( 2752.332288914000900, 17.61087389833904700, 53.13005617889010100 ) ) ;
#2146 = CARTESIAN_POINT ( 'NONE',  ( 95.07192497943364600, 45.98724821414786100, -294.0825109829851800 ) ) ;
#2147 = CARTESIAN_POINT ( 'NONE',  ( 2229.146796690246400, -679.6027295853266400, 197.0049090794098800 ) ) ;
#2148 = CARTESIAN_POINT ( 'NONE',  ( 408.5847832448244500, 387.0274755011896000, -390.6160222183122000 ) ) ;
#2149 = CARTESIAN_POINT ( 'NONE',  ( 3050.212458226034900, -84.83977399107767800, 144.7520001508449600 ) ) ;
#2150 = CARTESIAN_POINT ( 'NONE',  ( 2322.094260645366800, -176.0268755831266700, -190.4156476813343200 ) ) ;
#2151 = CARTESIAN_POINT ( 'NONE',  ( 2900.670323286000000, -381.8134918375703300, 10.70336082375011700 ) ) ;
#2152 = CARTESIAN_POINT ( 'NONE',  ( 1229.733449517436400, 524.3317245461337300, -475.1291362770081700 ) ) ;
#2153 = CARTESIAN_POINT ( 'NONE',  ( 262.7452775920333500, 154.0736969435091300, -192.2681701732725500 ) ) ;
#2154 = CARTESIAN_POINT ( 'NONE',  ( 564.8935850003298400, -278.8778411646911800, 352.8311442737025900 ) ) ;
#2155 = CARTESIAN_POINT ( 'NONE',  ( 901.8421260510220900, -298.0916718714199200, 279.7909329588440000 ) ) ;
#2156 = CARTESIAN_POINT ( 'NONE',  ( 1611.496000512782800, -317.7663767306417000, 281.6463905784937100 ) ) ;
#2157 = DIRECTION ( 'NONE',  ( 0.0000000000000000000, 1.000000000000000000, 0.0000000000000000000 ) ) ;
#2158 = CARTESIAN_POINT ( 'NONE',  ( 3070.071510555134000, -291.2724125544205000, -61.98407372142636300 ) ) ;
#2159 = CARTESIAN_POINT ( 'NONE',  ( 922.6064757095646200, 496.4858057536812900, 257.4092609147068100 ) ) ;
#2160 = CARTESIAN_POINT ( 'NONE',  ( 79.88909829134588800, -165.4183735007925700, 61.15552960875766800 ) ) ;
#2161 = CARTESIAN_POINT ( 'NONE',  ( 1378.370121674003900, 154.0881971974077100, 422.5155524029920600 ) ) ;
#2162 = CARTESIAN_POINT ( 'NONE',  ( 3193.089124569695700, -207.4190121206467300, 74.89004969454065000 ) ) ;
#2163 = CARTESIAN_POINT ( 'NONE',  ( 1887.220463423016800, 219.9189274064894400, 556.7279683373745900 ) ) ;
#2164 = CARTESIAN_POINT ( 'NONE',  ( 118.3362275956882600, -700.9903280041085100, 262.0845451523773000 ) ) ;
#2165 = CARTESIAN_POINT ( 'NONE',  ( 916.2199151582904100, 114.3567866971369500, -444.0885650613072900 ) ) ;
#2166 = CARTESIAN_POINT ( 'NONE',  ( 2523.623688645656300, 330.9369019649104800, -439.1481909319013000 ) ) ;
#2167 = CARTESIAN_POINT ( 'NONE',  ( 2734.792747174800300, 565.6097358203512600, -140.3326394958737400 ) ) ;
#2168 = ADVANCED_FACE ( 'NONE', ( #2849 ), #4097, .T. ) ;
#2169 = CARTESIAN_POINT ( 'NONE',  ( 529.9675086095954800, 346.9479587843613900, -216.2602817013007300 ) ) ;
#2170 = CARTESIAN_POINT ( 'NONE',  ( -61.94123650696377600, 161.7377721547260300, -350.1904221682440800 ) ) ;
#2171 = CARTESIAN_POINT ( 'NONE',  ( 2368.599884363256500, -26.11730966850363000, 707.0987762761990300 ) ) ;
#2172 = CARTESIAN_POINT ( 'NONE',  ( 687.4910557458165400, -543.5531484218604400, 83.19378433778355500 ) ) ;
#2173 = CARTESIAN_POINT ( 'NONE',  ( 2159.398741061678700, 169.8536541188779000, -195.9422133137467200 ) ) ;
#2174 =( LENGTH_UNIT ( ) NAMED_UNIT ( * ) SI_UNIT ( .MILLI., .METRE. ) );
#2175 = CARTESIAN_POINT ( 'NONE',  ( 1090.280298360160500, 615.6217681013484900, 348.8284483747705700 ) ) ;
#2176 = CARTESIAN_POINT ( 'NONE',  ( 262.7452775920332900, 170.1182131917746900, -207.9947043762277900 ) ) ;
#2177 = CARTESIAN_POINT ( 'NONE',  ( 1425.558682665315700, -249.1437610836876500, -343.8421902273055900 ) ) ;
#2178 = CARTESIAN_POINT ( 'NONE',  ( 1076.221903876406700, -316.0409073228379400, -319.9712838618107800 ) ) ;
#2179 = CARTESIAN_POINT ( 'NONE',  ( 1529.381141778443400, -406.6488903093054400, 42.17010152653240600 ) ) ;
#2180 = CARTESIAN_POINT ( 'NONE',  ( 164.7982181744723100, -120.2489684751221000, -274.3339878907482900 ) ) ;
#2181 = CARTESIAN_POINT ( 'NONE',  ( 1402.316320431299100, -172.5278744211943800, -387.9874841881657500 ) ) ;
#2182 = CARTESIAN_POINT ( 'NONE',  ( 1157.506577504665800, 407.0619688936656100, 37.97290702382523600 ) ) ;
#2183 = CARTESIAN_POINT ( 'NONE',  ( 16.16107157641393500, -385.5046699500407500, 405.1462279149081400 ) ) ;
#2184 = CARTESIAN_POINT ( 'NONE',  ( -262.7452775920334600, 199.3160147699520600, -87.90057180780051700 ) ) ;
#2185 = CARTESIAN_POINT ( 'NONE',  ( 1703.760962208529000, -57.77088552294473800, -446.0111982534970100 ) ) ;
#2186 = CARTESIAN_POINT ( 'NONE',  ( 3187.478672477060200, 11.40110498045432400, -99.34794816817427000 ) ) ;
#2187 = CARTESIAN_POINT ( 'NONE',  ( 794.8374977849417700, 2.526889196029565200, -598.5849961902961200 ) ) ;
#2188 = CARTESIAN_POINT ( 'NONE',  ( 722.6331260417802000, -656.3207737262548600, -359.6097133295531300 ) ) ;
#2189 = CARTESIAN_POINT ( 'NONE',  ( 985.9464731220240300, -167.4648352952733300, -426.9047174575528100 ) ) ;
#2190 = CARTESIAN_POINT ( 'NONE',  ( 1268.545647680608900, -334.9757913131097100, -436.0756559493061700 ) ) ;
#2191 = CARTESIAN_POINT ( 'NONE',  ( 2920.730555420585000, -195.1088028159824100, -549.1272522230489100 ) ) ;
#2192 = CARTESIAN_POINT ( 'NONE',  ( 2956.742692012322500, -81.44996505192692400, -60.40184654232791700 ) ) ;
#2193 = CARTESIAN_POINT ( 'NONE',  ( 218.9543979933611100, 152.8593515600458400, -176.9801739306561800 ) ) ;
#2194 = CARTESIAN_POINT ( 'NONE',  ( -56.25895074133851600, -534.0177535549055400, -131.1485439372141900 ) ) ;
#2195 = CARTESIAN_POINT ( 'NONE',  ( 1779.873675518797000, 473.8006496349414100, -279.0759366805983700 ) ) ;
#2196 = VECTOR ( 'NONE', #2343, 1000.000000000000000 ) ;
#2197 = CARTESIAN_POINT ( 'NONE',  ( 3138.948667581742900, -17.68167174820001400, 103.2309594460835700 ) ) ;
#2198 = CARTESIAN_POINT ( 'NONE',  ( 61.94123650696374700, 213.6767058318305900, -68.58968059316188700 ) ) ;
#2199 = CARTESIAN_POINT ( 'NONE',  ( 788.1308774356832600, -704.9654990488303400, -60.78196575862015300 ) ) ;
#2200 = CARTESIAN_POINT ( 'NONE',  ( -114.0863099753204500, 485.9071328584327000, -401.6940834763132700 ) ) ;
#2201 = CARTESIAN_POINT ( 'NONE',  ( 2053.097807818861800, 9.922372435306478200, -424.5015580418834700 ) ) ;
#2202 = CARTESIAN_POINT ( 'NONE',  ( 402.1983301276185900, -381.4355117553130300, -238.2876196007465200 ) ) ;
#2203 = CARTESIAN_POINT ( 'NONE',  ( 669.4206384580138500, -96.51399455290645300, -397.2737601246468000 ) ) ;
#2204 = ADVANCED_FACE ( 'NONE', ( #1828 ), #3309, .F. ) ;
#2205 = CARTESIAN_POINT ( 'NONE',  ( 2262.277515485243400, -407.6764938524876200, 118.7429547032109800 ) ) ;
#2206 = CARTESIAN_POINT ( 'NONE',  ( 1320.201464763872100, 82.60935883366725800, -400.3964600293047600 ) ) ;
#2207 = CARTESIAN_POINT ( 'NONE',  ( 2900.670323285990000, -232.5574561332275300, 33.02158381743287000 ) ) ;
#2208 = CARTESIAN_POINT ( 'NONE',  ( 2177.684615214042400, -115.6657201600423300, 547.1555001386680000 ) ) ;
#2209 = CARTESIAN_POINT ( 'NONE',  ( -260.6240507152577400, 212.0264025254926700, -97.92899396821843500 ) ) ;
#2210 = CARTESIAN_POINT ( 'NONE',  ( 1448.096680778968000, 372.3905773657911600, 252.1662307999587800 ) ) ;
#2211 = CARTESIAN_POINT ( 'NONE',  ( 3187.478672477060600, -187.2947913558786600, -122.1501581290703600 ) ) ;
#2212 = CARTESIAN_POINT ( 'NONE',  ( 1306.165261339532700, 593.7742863471897900, 75.78167688459819800 ) ) ;
#2213 = CIRCLE ( 'NONE', #2574, 100.0000000000000000 ) ;
#2214 = CARTESIAN_POINT ( 'NONE',  ( 1326.928952560284900, -156.3896229964239000, -731.8590624853121700 ) ) ;
#2215 = CARTESIAN_POINT ( 'NONE',  ( 1195.126148727231300, -356.3954368144345000, 288.5729547647562800 ) ) ;
#2216 = CARTESIAN_POINT ( 'NONE',  ( 2035.537782499217900, -522.9191123013599700, -170.0768868659719400 ) ) ;
#2217 = CARTESIAN_POINT ( 'NONE',  ( 61.94123650696376200, 107.1702339133139500, -568.5339734699186900 ) ) ;
#2218 = CARTESIAN_POINT ( 'NONE',  ( 1087.780016308430000, 307.6618563464231800, 269.2314428792241200 ) ) ;
#2219 = EDGE_LOOP ( 'NONE', ( #2454, #878, #6499, #4675, #4684 ) ) ;
#2220 = CARTESIAN_POINT ( 'NONE',  ( -218.9543979933612300, 254.8115643104815400, -155.7621765397467800 ) ) ;
#2221 = CARTESIAN_POINT ( 'NONE',  ( 106.4361568507945600, -189.2089080498409400, 516.3044743164023200 ) ) ;
#2222 = CARTESIAN_POINT ( 'NONE',  ( 1710.147108575766400, 547.4772148505177300, 51.37230825837220700 ) ) ;
#2223 = CARTESIAN_POINT ( 'NONE',  ( 1564.307840113643100, 405.3785410218462700, -194.7606577994656600 ) ) ;
#2224 = FILL_AREA_STYLE ('',( #5771 ) ) ;
#2225 = CARTESIAN_POINT ( 'NONE',  ( -80.68791121269480000, 74.01870257587280800, -178.4003266832851600 ) ) ;
#2226 = ORIENTED_EDGE ( 'NONE', *, *, #29, .F. ) ;
#2227 = CARTESIAN_POINT ( 'NONE',  ( 1634.738391249850100, -252.5439106327093800, 341.3526414264072200 ) ) ;
#2228 = CARTESIAN_POINT ( 'NONE',  ( -27.84498837640840600, -107.0717613556323200, -394.5486938476531700 ) ) ;
#2229 = CARTESIAN_POINT ( 'NONE',  ( 2087.193637041978900, -158.3982126621701200, -376.8973971110694400 ) ) ;
#2230 = CARTESIAN_POINT ( 'NONE',  ( 2401.730653594198000, -15.13087632668688300, 424.3478062045223300 ) ) ;
#2231 = CARTESIAN_POINT ( 'NONE',  ( 2040.709556439610400, 7.924836468852119800, -408.7525988768615000 ) ) ;
#2232 = CARTESIAN_POINT ( 'NONE',  ( 3070.071510555129000, -292.0758378026857300, -57.36842741738478700 ) ) ;
#2233 = CARTESIAN_POINT ( 'NONE',  ( 1666.356216827307000, 557.1983404669196000, 47.81858447243465800 ) ) ;
#2234 = CARTESIAN_POINT ( 'NONE',  ( -198.0102992182312700, 241.1726239105648500, 119.0748065411790300 ) ) ;
#2235 = CARTESIAN_POINT ( 'NONE',  ( 1843.214083114957200, -441.6218556632881600, -85.05048319545096500 ) ) ;
#2236 = CARTESIAN_POINT ( 'NONE',  ( 3038.010438082402700, -130.6332763813179600, 173.0642039394917000 ) ) ;
#2237 = CARTESIAN_POINT ( 'NONE',  ( 2119.642002963612400, 376.0046500832280600, -465.7585456252837700 ) ) ;
#2238 = CARTESIAN_POINT ( 'NONE',  ( 792.3597135923154200, -742.5784976067965300, 93.02306208403743400 ) ) ;
#2239 = AXIS2_PLACEMENT_3D ( 'NONE', #1861, #865, #5871 ) ;
#2240 = CARTESIAN_POINT ( 'NONE',  ( 1942.569215376650600, -225.1528585716461900, -501.6747232063540300 ) ) ;
#2241 = CARTESIAN_POINT ( 'NONE',  ( 61.94123650696374700, 281.4294386214868400, -134.8436574990155900 ) ) ;
#2242 = CARTESIAN_POINT ( 'NONE',  ( 1947.740510184308700, 308.1880751485056700, -268.6293962325718800 ) ) ;
#2243 = CARTESIAN_POINT ( 'NONE',  ( -61.94123650696379700, 151.9439373606254000, -224.8190127061672600 ) ) ;
#2244 = CARTESIAN_POINT ( 'NONE',  ( 548.0379202141521100, -249.4975066859753400, -490.0226367760317300 ) ) ;
#2245 = CARTESIAN_POINT ( 'NONE',  ( 2012.295776854850600, -476.3567283297103900, -274.6918246558306600 ) ) ;
#2246 = DIRECTION ( 'NONE',  ( 1.000000000000000000, 0.0000000000000000000, 0.0000000000000000000 ) ) ;
#2247 = ADVANCED_BREP_SHAPE_REPRESENTATION ( 'big_spring_pipe', ( #6181, #1138 ), #4442 ) ;
#2248 = CARTESIAN_POINT ( 'NONE',  ( -74.32948380835657100, 158.7932646480971100, -297.0989455679732000 ) ) ;
#2249 = CARTESIAN_POINT ( 'NONE',  ( 921.9023259750072200, -552.9349888276769900, -184.0389853911987400 ) ) ;
#2250 = CARTESIAN_POINT ( 'NONE',  ( 798.0195576103511700, -406.4780621743745400, -122.7830880845829000 ) ) ;
#2251 = DIRECTION ( 'NONE',  ( 0.0000000000000000000, 1.000000000000000000, 0.0000000000000000000 ) ) ;
#2252 = CARTESIAN_POINT ( 'NONE',  ( 2784.459300004777600, -149.1134900333302900, -380.6580289038896600 ) ) ;
#2253 = CARTESIAN_POINT ( 'NONE',  ( 69.68872719744923900, 64.44423921871064900, -572.2507210888254600 ) ) ;
#2254 = CARTESIAN_POINT ( 'NONE',  ( 1947.740510184308500, 308.1880751485056700, -268.6293962325718800 ) ) ;
#2255 = CARTESIAN_POINT ( 'NONE',  ( 2913.058602738325600, -417.2815690970536500, -55.73606033701793200 ) ) ;
#2256 = CARTESIAN_POINT ( 'NONE',  ( 2317.137734678419300, 483.2573194839623100, 281.4605393302172200 ) ) ;
#2257 = CARTESIAN_POINT ( 'NONE',  ( 2447.510892058101500, -224.0541152323205600, -389.9524682934281300 ) ) ;
#2258 = CARTESIAN_POINT ( 'NONE',  ( 3050.313793057757700, -123.0757838987059400, 186.8515475276117900 ) ) ;
#2259 = CARTESIAN_POINT ( 'NONE',  ( 2328.821662316946500, -557.5660821422751500, -217.7857012419282200 ) ) ;
#2260 = CARTESIAN_POINT ( 'NONE',  ( 1977.711451036513800, 171.5337870360027400, -728.4588318462286900 ) ) ;
#2261 = CARTESIAN_POINT ( 'NONE',  ( 1965.811224660767300, -324.1728997233747100, -444.1649409930363400 ) ) ;
#2262 = CARTESIAN_POINT ( 'NONE',  ( 61.94123650696374700, 326.6774766849014800, -353.9850086248570700 ) ) ;
#2263 = CARTESIAN_POINT ( 'NONE',  ( 1622.350131829656400, -241.8423867253146400, 329.6267290845508500 ) ) ;
#2264 = CARTESIAN_POINT ( 'NONE',  ( -61.94123650696379000, 119.9427753087445400, -194.6341534985647600 ) ) ;
#2265 = CARTESIAN_POINT ( 'NONE',  ( 2786.959159346642100, -385.7840485544131800, -593.0191689499777100 ) ) ;
#2266 = CARTESIAN_POINT ( 'NONE',  ( 1919.326810446963000, -116.3678762022786100, -537.4281290686049000 ) ) ;
#2267 = CARTESIAN_POINT ( 'NONE',  ( 3049.343713660364300, -277.6420672786630300, 243.5623583849679800 ) ) ;
#2268 = EDGE_CURVE ( 'NONE', #3330, #1351, #5701, .T. ) ;
#2269 = CARTESIAN_POINT ( 'NONE',  ( -74.32948380835657100, 118.8775684489026500, -214.1217383164802500 ) ) ;
#2270 = CARTESIAN_POINT ( 'NONE',  ( 2775.595015832724100, 305.7133250366715100, 341.8068514373159700 ) ) ;
#2271 = CARTESIAN_POINT ( 'NONE',  ( 983.9569729454711900, -82.35016715827936200, 416.5556263892082700 ) ) ;
#2272 = CARTESIAN_POINT ( 'NONE',  ( 2900.670323286177300, -348.1265251534243200, 40.78018208904188700 ) ) ;
#2273 = CARTESIAN_POINT ( 'NONE',  ( 2900.670323285990000, -232.5574561332275300, 33.02158381743287000 ) ) ;
#2274 = CARTESIAN_POINT ( 'NONE',  ( 1831.529844317450900, 387.2729829050004500, 131.0005425950149600 ) ) ;
#2275 = CARTESIAN_POINT ( 'NONE',  ( 2756.045728876519200, -495.1853868354176600, 93.91644247068860800 ) ) ;
#2276 = CARTESIAN_POINT ( 'NONE',  ( 1364.207890419553000, -526.5001836709918700, 188.5591219956278100 ) ) ;
#2277 = CARTESIAN_POINT ( 'NONE',  ( 585.6578377902345700, 569.8715602309051700, 183.1850811192420300 ) ) ;
#2278 = CARTESIAN_POINT ( 'NONE',  ( 2902.163986491626000, -220.2511562941506300, 25.41311425860878600 ) ) ;
#2279 = CARTESIAN_POINT ( 'NONE',  ( 2352.063800842600800, -590.5826185423294400, -97.58532468645133000 ) ) ;
#2280 = CARTESIAN_POINT ( 'NONE',  ( 931.8128835033130600, -144.6052296907954000, 734.2788715022346700 ) ) ;
#2281 = CARTESIAN_POINT ( 'NONE',  ( 565.5976434057930600, 307.1843288152108500, -293.1516709313598300 ) ) ;
#2282 = CARTESIAN_POINT ( 'NONE',  ( 2538.001322369073900, -39.22819389308040900, 597.3037130376080800 ) ) ;
#2283 = CARTESIAN_POINT ( 'NONE',  ( 1203.990706516283600, 387.5284852942010000, -130.2429373804942800 ) ) ;
#2284 = CARTESIAN_POINT ( 'NONE',  ( 61.94123650696378300, 152.7444386631255500, -557.3377225703794700 ) ) ;
#2285 = CARTESIAN_POINT ( 'NONE',  ( 780.4597441147448100, -303.3852937019777900, 458.6155971498682800 ) ) ;
#2286 = CARTESIAN_POINT ( 'NONE',  ( 1989.053378438320400, -409.1354506476456500, -367.3944513431507600 ) ) ;
#2287 = CARTESIAN_POINT ( 'NONE',  ( 3237.747454987618800, -355.9228556482696600, 82.17519382681308600 ) ) ;
#2288 = ORIENTED_EDGE ( 'NONE', *, *, #3148, .F. ) ;
#2289 = CARTESIAN_POINT ( 'NONE',  ( 2712.254836304272400, -543.0695425672181500, 12.12203465899286700 ) ) ;
#2290 = CARTESIAN_POINT ( 'NONE',  ( 1024.759067443110600, -288.1814242299938700, 83.24122362324251900 ) ) ;
#2291 = CARTESIAN_POINT ( 'NONE',  ( 95.07192497943366000, 61.98415244450506400, -291.2725963511993000 ) ) ;
#2292 = CARTESIAN_POINT ( 'NONE',  ( 3147.469852492495200, -365.4923262115100900, -277.8169469595835000 ) ) ;
#2293 = CARTESIAN_POINT ( 'NONE',  ( 2517.941325277202400, 359.0059867058370200, 226.7484415351504800 ) ) ;
#2294 = CARTESIAN_POINT ( 'NONE',  ( 2900.670323285768100, -264.7475099347836900, 49.92333704643135700 ) ) ;
#2295 = CARTESIAN_POINT ( 'NONE',  ( 2668.248688706655200, 253.8110142800839500, -320.5018456721152200 ) ) ;
#2296 = VERTEX_POINT ( 'NONE', #6565 ) ;
#2297 = CARTESIAN_POINT ( 'NONE',  ( 2621.764230157105900, 361.9171673357834000, -190.1511092405968700 ) ) ;
#2298 = CARTESIAN_POINT ( 'NONE',  ( 3036.953026392876400, -278.1180597025805800, 227.7571901379738200 ) ) ;
#2299 = CARTESIAN_POINT ( 'NONE',  ( 2642.528192329260000, -409.7729411089633200, -381.2816643323856200 ) ) ;
#2300 = CARTESIAN_POINT ( 'NONE',  ( 3229.997541944255800, -417.1676636061540600, -157.6050664175039100 ) ) ;
#2301 = CARTESIAN_POINT ( 'NONE',  ( 3211.547308478370700, -247.2077796585910200, 88.82009058497689600 ) ) ;
#2302 = CARTESIAN_POINT ( 'NONE',  ( 2677.454429553231900, 554.8515452148014900, 224.6115750817938900 ) ) ;
#2303 = ORIENTED_EDGE ( 'NONE', *, *, #790, .F. ) ;
#2304 = CARTESIAN_POINT ( 'NONE',  ( 862.0862994069966600, -547.3353580685085300, 510.3921344137396500 ) ) ;
#2305 = CARTESIAN_POINT ( 'NONE',  ( 77.51178346368035900, -377.1402240965411500, -195.1089865859023000 ) ) ;
#2306 = CARTESIAN_POINT ( 'NONE',  ( 2584.486072003222900, 206.1898670171466100, 561.9573656443061500 ) ) ;
#2307 = CARTESIAN_POINT ( 'NONE',  ( 1854.772159336812400, 406.0074897694648300, 47.95133194145248000 ) ) ;
#2308 = CARTESIAN_POINT ( 'NONE',  ( 61.94123650696374000, 277.1456154857600000, -462.9264347758796100 ) ) ;
#2309 = CARTESIAN_POINT ( 'NONE',  ( 1036.123888465820100, 544.5331975060843200, -76.51733494587847400 ) ) ;
#2310 = CARTESIAN_POINT ( 'NONE',  ( 193.7229080096929300, -358.4725871293073900, 227.5903298629679900 ) ) ;
#2311 = ORIENTED_EDGE ( 'NONE', *, *, #2871, .T. ) ;
#2312 = CARTESIAN_POINT ( 'NONE',  ( 3089.085812666157800, -314.3455976365322600, -91.18930401240518800 ) ) ;
#2313 = CARTESIAN_POINT ( 'NONE',  ( -74.32948380835658500, 100.1075170301505300, -390.6855150388968200 ) ) ;
#2314 = CARTESIAN_POINT ( 'NONE',  ( 1071.243210503026800, -229.7255156080642000, 192.8826250403935200 ) ) ;
#2315 = CARTESIAN_POINT ( 'NONE',  ( 95.07192497943366000, 55.77619980068384100, -286.8255284008122300 ) ) ;
#2316 = CARTESIAN_POINT ( 'NONE',  ( 503.5429967558601400, 346.1001437266107200, 468.8519148938905800 ) ) ;
#2317 = CARTESIAN_POINT ( 'NONE',  ( 2610.910360134809700, 409.1029209792747600, -113.7312204753230000 ) ) ;
#2318 = CARTESIAN_POINT ( 'NONE',  ( 2900.670323286236900, -283.3488746628955800, 53.68964898348112100 ) ) ;
#2319 = CARTESIAN_POINT ( 'NONE',  ( 1622.350131829656400, -241.8423867253146400, 329.6267290845508500 ) ) ;
#2320 = CARTESIAN_POINT ( 'NONE',  ( 2879.928489445331300, -190.7794684105399500, 338.1058432015772200 ) ) ;
#2321 = CARTESIAN_POINT ( 'NONE',  ( 669.4206384580138500, -96.51399455290645300, -397.2737601246468000 ) ) ;
#2322 = CARTESIAN_POINT ( 'NONE',  ( 120.8137213188532400, -136.3155906131772500, -582.5035932242822100 ) ) ;
#2323 = CARTESIAN_POINT ( 'NONE',  ( 3120.847213510636300, -27.51569400324372700, 127.7707478952603900 ) ) ;
#2324 = DIRECTION ( 'NONE',  ( -1.000000000000000000, -0.0000000000000000000, -0.0000000000000000000 ) ) ;
#2325 = CARTESIAN_POINT ( 'NONE',  ( 908.5487788363203700, -217.0292945430771000, -207.0652430513005400 ) ) ;
#2326 = CARTESIAN_POINT ( 'NONE',  ( 2767.944740303048100, -409.2901553544939500, -626.3775070767378600 ) ) ;
#2327 = CARTESIAN_POINT ( 'NONE',  ( 542.3557373686104500, 361.2384628735770800, -223.1741890344821700 ) ) ;
#2328 = CARTESIAN_POINT ( 'NONE',  ( 2421.790375655306400, -535.8071932877953700, 266.8733193404896200 ) ) ;
#2329 = CARTESIAN_POINT ( 'NONE',  ( 2273.131480239427700, -359.5563928209452300, 194.5781166533428700 ) ) ;
#2330 =( BOUNDED_SURFACE ( )  B_SPLINE_SURFACE ( 3, 3, ( 
 ( #3232, #2255, #5802, #1220, #2762, #2739, #5245, #6271, #2668, #4760, #756, #2693, #5195, #163, #4267 ),
 ( #2158, #5732, #213, #5708, #3694, #4779, #232, #4201, #4712, #3741, #5268, #3206, #4246, #1730, #2232 ),
 ( #5778, #2806, #822, #1346, #4801, #2784, #315, #4394, #1839, #5823, #777, #337, #3341, #4352, #801 ),
 ( #5395, #5333, #841, #3845, #3864, #295, #4333, #1795, #1325, #2873, #2298, #4867, #6331, #5374, #3826 ),
 ( #2340, #2851, #3804, #3884, #277, #6376, #3298, #6395, #4374, #5844, #1857, #2320, #5890, #5909, #3361 ),
 ( #1305, #4887, #5867, #2358, #860, #2275, #6416, #3379, #357, #1774, #4822, #5309, #4312, #1283, #6357 ),
 ( #4846, #3320, #1818, #5353, #2827, #3941, #2378, #4415, #1387, #5929, #5967, #3904, #5416, #417, #899 ) ),
 .UNSPECIFIED., .T., .F., .F. ) 
 B_SPLINE_SURFACE_WITH_KNOTS ( ( 4, 3, 4 ),
 ( 4, 1, 1, 1, 1, 1, 1, 1, 1, 1, 1, 1, 4 ),
 ( 0.0000000000000000000, 0.5000000000000000000, 1.000000000000000000 ),
 ( 0.0000000000000000000, 0.06907319844232753800, 0.1448615941842202900, 0.2270779165498380000, 0.3148503243135924400, 0.4067341657130257300, 0.5007830334961412800, 0.5947601119321818100, 0.6864518096793602600, 0.7739432093830230800, 0.8558339846223969000, 0.9312771037333215100, 1.000000000000000000 ),
 .UNSPECIFIED. ) 
 GEOMETRIC_REPRESENTATION_ITEM ( )  RATIONAL_B_SPLINE_SURFACE ( (
 ( 1.000000000000000000, 1.000000000000000000, 1.000000000000000000, 1.000000000000000200, 0.9999999999999996700, 1.000000000000000400, 1.000000000000000000, 1.000000000000000000, 0.9999999999999997800, 1.000000000000000200, 1.000000000000000000, 1.000000000000000200, 1.000000000000000200, 1.000000000000000000, 1.000000000000000000),
 ( 0.3333333333333333700, 0.3333333333333333700, 0.3333333333333333700, 0.3333333333333334300, 0.3333333333333333100, 0.3333333333333335400, 0.3333333333333333100, 0.3333333333333333700, 0.3333333333333333700, 0.3333333333333333700, 0.3333333333333333700, 0.3333333333333333700, 0.3333333333333335400, 0.3333333333333333700, 0.3333333333333333700),
 ( 0.3333333333333333700, 0.3333333333333333700, 0.3333333333333333700, 0.3333333333333334300, 0.3333333333333333100, 0.3333333333333335400, 0.3333333333333333100, 0.3333333333333333700, 0.3333333333333333700, 0.3333333333333333700, 0.3333333333333333700, 0.3333333333333333700, 0.3333333333333335400, 0.3333333333333333700, 0.3333333333333333700),
 ( 1.000000000000000000, 1.000000000000000000, 1.000000000000000000, 1.000000000000000200, 0.9999999999999996700, 1.000000000000000400, 1.000000000000000000, 1.000000000000000000, 0.9999999999999997800, 1.000000000000000200, 1.000000000000000000, 1.000000000000000200, 1.000000000000000200, 1.000000000000000000, 1.000000000000000000),
 ( 0.3333333333333333700, 0.3333333333333333700, 0.3333333333333333700, 0.3333333333333334300, 0.3333333333333333100, 0.3333333333333335400, 0.3333333333333333100, 0.3333333333333333700, 0.3333333333333333700, 0.3333333333333333700, 0.3333333333333333700, 0.3333333333333333700, 0.3333333333333335400, 0.3333333333333333700, 0.3333333333333333700),
 ( 0.3333333333333333700, 0.3333333333333333700, 0.3333333333333333700, 0.3333333333333334300, 0.3333333333333333100, 0.3333333333333335400, 0.3333333333333333100, 0.3333333333333333700, 0.3333333333333333700, 0.3333333333333333700, 0.3333333333333333700, 0.3333333333333333700, 0.3333333333333335400, 0.3333333333333333700, 0.3333333333333333700),
 ( 1.000000000000000000, 1.000000000000000000, 1.000000000000000000, 1.000000000000000200, 0.9999999999999996700, 1.000000000000000400, 1.000000000000000000, 1.000000000000000000, 0.9999999999999997800, 1.000000000000000200, 1.000000000000000000, 1.000000000000000200, 1.000000000000000200, 1.000000000000000000, 1.000000000000000000) ) ) 
 REPRESENTATION_ITEM ( '' )  SURFACE ( )  );
#2331 = CARTESIAN_POINT ( 'NONE',  ( 2686.319066636081500, -399.9546293692517300, -377.9776773765198100 ) ) ;
#2332 = CARTESIAN_POINT ( 'NONE',  ( 1308.643562890635400, -122.6268156827596300, 432.6953251610767100 ) ) ;
#2333 = CARTESIAN_POINT ( 'NONE',  ( 2712.254833905822100, -551.0497076873497200, -67.80136981844459900 ) ) ;
#2334 = CARTESIAN_POINT ( 'NONE',  ( -115.7278602138507200, 302.3633505169202100, 70.79567843654736200 ) ) ;
#2335 = CARTESIAN_POINT ( 'NONE',  ( 257.7666874892793800, -284.7181058305436100, -94.39365268768351300 ) ) ;
#2336 = CARTESIAN_POINT ( 'NONE',  ( 218.9543979933611700, 202.3180503659347400, -253.3183748319847800 ) ) ;
#2337 = CARTESIAN_POINT ( 'NONE',  ( 247.8786346796540300, -580.4965516700040100, -51.29901305882616900 ) ) ;
#2338 = CARTESIAN_POINT ( 'NONE',  ( 2401.730653594198000, -15.13087632668688300, 424.3478062045223300 ) ) ;
#2339 = CARTESIAN_POINT ( 'NONE',  ( 1459.654582224557100, -354.2746751801005900, -204.0369825302509800 ) ) ;
#2340 = CARTESIAN_POINT ( 'NONE',  ( 2879.928489444849700, -693.5353404577931500, -111.6641039454454600 ) ) ;
#2341 = CARTESIAN_POINT ( 'NONE',  ( 436.9984299884538400, 393.2344430949262900, 111.8403759410403500 ) ) ;
#2342 = CARTESIAN_POINT ( 'NONE',  ( 655.3843912097102000, 569.1659442857660500, -185.3658578820226500 ) ) ;
#2343 = DIRECTION ( 'NONE',  ( -1.000000000000000000, -0.0000000000000000000, -0.0000000000000000000 ) ) ;
#2344 = CARTESIAN_POINT ( 'NONE',  ( 699.3690766835369500, 262.9406972956944100, -144.3603856328132300 ) ) ;
#2345 = CARTESIAN_POINT ( 'NONE',  ( -123.2920745165824000, -505.6086145367161200, -238.9571439402917600 ) ) ;
#2346 = CARTESIAN_POINT ( 'NONE',  ( -15.45675980767026500, -109.4079797478691500, -410.1956625905695500 ) ) ;
#2347 = CARTESIAN_POINT ( 'NONE',  ( 2840.149840078258900, 284.3997591372725500, -526.7137438984347000 ) ) ;
#2348 = CARTESIAN_POINT ( 'NONE',  ( 2761.217325254501700, -67.02365524164005700, -403.3010165361355300 ) ) ;
#2349 = CARTESIAN_POINT ( 'NONE',  ( 426.1445377633462500, 374.7138869023844400, 199.7238239529859200 ) ) ;
#2350 = CARTESIAN_POINT ( 'NONE',  ( 1494.581278630317700, 442.6323366276950500, 79.62470532036067500 ) ) ;
#2351 = CARTESIAN_POINT ( 'NONE',  ( 3237.745166094047800, -437.5076242893810000, -80.04963168552589500 ) ) ;
#2352 = CARTESIAN_POINT ( 'NONE',  ( 59.18958765740248400, 149.8878463100105900, 1.739359300644638200 ) ) ;
#2353 = CARTESIAN_POINT ( 'NONE',  ( 1443.118554794290300, 187.6816954650169900, -233.9941115300594800 ) ) ;
#2354 = CARTESIAN_POINT ( 'NONE',  ( -61.94123650696381100, 147.0699192162865600, -372.8707035996889700 ) ) ;
#2355 = CARTESIAN_POINT ( 'NONE',  ( 1921.316139903172600, 416.1859946219793200, 407.9178447688838700 ) ) ;
#2356 = CARTESIAN_POINT ( 'NONE',  ( 1808.287385317118200, 351.7441527592567400, 208.3691259644004400 ) ) ;
#2357 = CARTESIAN_POINT ( 'NONE',  ( -153.3713065641846900, 9.312858057442369400, -127.3477909498910500 ) ) ;
#2358 = CARTESIAN_POINT ( 'NONE',  ( 2756.045696917576200, -534.8230892522497000, 7.092627823166647100 ) ) ;
#2359 = CARTESIAN_POINT ( 'NONE',  ( 111.6081081681089600, -408.1841559741618000, -22.96429054626377600 ) ) ;
#2360 = CARTESIAN_POINT ( 'NONE',  ( 1329.407932932659800, 596.5945861817693900, -48.83964814510794400 ) ) ;
#2361 = CARTESIAN_POINT ( 'NONE',  ( 2862.407850539461400, -34.80217979129906100, 307.0527455690136700 ) ) ;
#2362 = CARTESIAN_POINT ( 'NONE',  ( 1350.149400581129600, 299.4172979139290800, -18.07736203494463100 ) ) ;
#2363 = CARTESIAN_POINT ( 'NONE',  ( -262.7452775920334000, 67.80126430858197800, -551.0491799788336500 ) ) ;
#2364 = CARTESIAN_POINT ( 'NONE',  ( 2756.045694921517200, -541.2754024904761500, -70.97182298760890300 ) ) ;
#2365 = CARTESIAN_POINT ( 'NONE',  ( 2886.634091152430800, 46.55422769228044200, -596.7770462514776000 ) ) ;
#2366 = CARTESIAN_POINT ( 'NONE',  ( 857.8366537865208600, -43.71195888690263600, -255.6030187008933300 ) ) ;
#2367 = FACE_OUTER_BOUND ( 'NONE', #4838, .T. ) ;
#2368 = CARTESIAN_POINT ( 'NONE',  ( 286.6914343002495100, -72.10246702905189400, 418.4511018544502600 ) ) ;
#2369 = CARTESIAN_POINT ( 'NONE',  ( 544.3450674694490800, -198.7970132058739000, 413.2463064621300600 ) ) ;
#2370 = CARTESIAN_POINT ( 'NONE',  ( 2517.237458907216500, -410.0196123439818600, -184.7893660282102800 ) ) ;
#2371 = CARTESIAN_POINT ( 'NONE',  ( -182.8174017165768000, -237.5953921758384100, -121.8972216154728900 ) ) ;
#2372 = CARTESIAN_POINT ( 'NONE',  ( 1675.540932034996300, -296.1033894378831500, -47.96344743492033300 ) ) ;
#2373 = VERTEX_POINT ( 'NONE', #2115 ) ;
#2374 = CARTESIAN_POINT ( 'NONE',  ( 95.07192497943366000, 48.36030236806328000, -288.9190693747193600 ) ) ;
#2375 = CARTESIAN_POINT ( 'NONE',  ( 1828.347534558495200, -22.75354399955214600, 582.3141763209314400 ) ) ;
#2376 = CARTESIAN_POINT ( 'NONE',  ( 1111.021792791997500, 356.7518453521952900, 199.6740930741121900 ) ) ;
#2377 = CARTESIAN_POINT ( 'NONE',  ( 2860.914187333824400, -47.10847963037636500, 314.6612151278372400 ) ) ;
#2378 = CARTESIAN_POINT ( 'NONE',  ( 2913.058602738243300, -378.6984817956279100, 37.80443157823968600 ) ) ;
#2379 = EDGE_LOOP ( 'NONE', ( #2528, #5141 ) ) ;
#2380 = CARTESIAN_POINT ( 'NONE',  ( 901.8421260510220900, -298.0916718714199200, 279.7909329588440000 ) ) ;
#2381 = CARTESIAN_POINT ( 'NONE',  ( 1050.501651920087400, -450.0955744616664400, 394.6193331531029000 ) ) ;
#2382 = CARTESIAN_POINT ( 'NONE',  ( 2860.914187333825300, -47.10847963037594600, 314.6612151278377500 ) ) ;
#2383 = CARTESIAN_POINT ( 'NONE',  ( 3036.941397261658900, -137.5350240503095700, 177.3312653412857600 ) ) ;
#2384 = CARTESIAN_POINT ( 'NONE',  ( 1210.696302886827000, 111.0867424755481200, 278.6346162959042100 ) ) ;
#2385 = CARTESIAN_POINT ( 'NONE',  ( 504.2470675681069600, -257.7007862148227000, -496.3344238753518900 ) ) ;
#2386 = CARTESIAN_POINT ( 'NONE',  ( 2285.519723658380400, -374.2439546804560600, 200.6027234723002600 ) ) ;
#2387 = CARTESIAN_POINT ( 'NONE',  ( 908.5695492011968800, -293.5486861219870300, 688.4072264067345900 ) ) ;
#2388 = CARTESIAN_POINT ( 'NONE',  ( 602.1717299277054300, 220.4361207531665900, 136.5700379669669100 ) ) ;
#2389 = CARTESIAN_POINT ( 'NONE',  ( -38.69938682774781600, -18.69921223518427300, -425.0968237248495100 ) ) ;
#2390 = CARTESIAN_POINT ( 'NONE',  ( 2581.986004657680000, 36.40473251833678600, 297.7454391435319400 ) ) ;
#2391 = CARTESIAN_POINT ( 'NONE',  ( 2331.299996475114800, 224.0884589704357100, -389.9329603785836900 ) ) ;
#2392 = CARTESIAN_POINT ( 'NONE',  ( 72.00528093031915900, 186.8403022522625700, -27.41591394350645000 ) ) ;
#2393 = CARTESIAN_POINT ( 'NONE',  ( 1634.738391249850100, -252.5439106327093800, 341.3526414264072200 ) ) ;
#2394 = CARTESIAN_POINT ( 'NONE',  ( -218.9543979933612300, 192.6547849454585200, -93.68412490654337400 ) ) ;
#2395 = CARTESIAN_POINT ( 'NONE',  ( 1340.261653327897900, 558.0424516701374400, -167.9169505129662200 ) ) ;
#2396 = CARTESIAN_POINT ( 'NONE',  ( 1180.748349544267700, 406.1007616530932300, -47.15715450123421000 ) ) ;
#2397 = EDGE_CURVE ( 'NONE', #950, #4439, #1568, .T. ) ;
#2398 = CARTESIAN_POINT ( 'NONE',  ( 1134.264135669018300, 390.3712866773249200, 121.4570412021601100 ) ) ;
#2399 = CARTESIAN_POINT ( 'NONE',  ( 1561.829580004609400, -336.5548190203413700, -495.0164709583965500 ) ) ;
#2400 = DIRECTION ( 'NONE',  ( -1.000000000000000000, -0.0000000000000000000, -0.0000000000000000000 ) ) ;
#2401 = CARTESIAN_POINT ( 'NONE',  ( 1512.845136215117700, 15.03470793630348000, -299.5857556306416400 ) ) ;
#2402 = CARTESIAN_POINT ( 'NONE',  ( -169.7763637602522500, -365.2028663824485200, -423.3118313385989500 ) ) ;
#2403 = CARTESIAN_POINT ( 'NONE',  ( 1355.832113132020400, -0.4983282087845749600, -424.6172645515200100 ) ) ;
#2404 = CARTESIAN_POINT ( 'NONE',  ( 304.2735632715188100, 329.5313898520140000, 671.9263873653893600 ) ) ;
#2405 = CARTESIAN_POINT ( 'NONE',  ( 439.4772247308440000, -111.4401481173827600, 234.1468220108801000 ) ) ;
#2406 = CARTESIAN_POINT ( 'NONE',  ( 3187.478672477060200, 120.0000000000064900, -7.327471962526033200E-012 ) ) ;
#2407 = CARTESIAN_POINT ( 'NONE',  ( 753.5247603914735900, 453.9881088242788700, 64.71153954094778300 ) ) ;
#2408 = CARTESIAN_POINT ( 'NONE',  ( 3098.292112352807200, -35.81050641668019100, -448.3220435124388800 ) ) ;
#2409 = CARTESIAN_POINT ( 'NONE',  ( 2756.045694921517200, -541.2754024904758100, -70.97182298760985500 ) ) ;
#2410 = DIRECTION ( 'NONE',  ( 0.0000000000000000000, 0.0000000000000000000, 1.000000000000000000 ) ) ;
#2411 = CARTESIAN_POINT ( 'NONE',  ( 914.2304167421048100, -310.7586711241626700, 289.3599569291124600 ) ) ;
#2412 = CARTESIAN_POINT ( 'NONE',  ( -95.07192497943370300, 457.7966328801490500, -302.4834036529695700 ) ) ;
#2413 = CARTESIAN_POINT ( 'NONE',  ( 1247.293062595535000, 499.1768028633487100, 300.7158049394005300 ) ) ;
#2414 = CARTESIAN_POINT ( 'NONE',  ( 739.1472026686092200, -310.9425783815177100, -265.4356854343707300 ) ) ;
#2415 = CARTESIAN_POINT ( 'NONE',  ( 3097.583479757406600, -0.4870618758931231600, -91.99799271287750500 ) ) ;
#2416 = CARTESIAN_POINT ( 'NONE',  ( 1738.560823647652800, 163.0113932353458800, 374.9252281212895900 ) ) ;
#2417 = CARTESIAN_POINT ( 'NONE',  ( 2914.552265943959800, -211.6127533775217000, 38.53217621532277100 ) ) ;
#2418 = CARTESIAN_POINT ( 'NONE',  ( 1954.447132572753400, 209.2606168536798100, 214.9132155368196200 ) ) ;
#2419 = CARTESIAN_POINT ( 'NONE',  ( 1015.575107340982800, 524.1467171122080800, -195.0059720410967500 ) ) ;
#2420 = CARTESIAN_POINT ( 'NONE',  ( 1262.863202685892000, 314.2861970232941100, -285.5246708129598100 ) ) ;
#2421 = CARTESIAN_POINT ( 'NONE',  ( 1396.655525184277800, -555.4685830867522300, -501.5277333858543300 ) ) ;
#2422 = CARTESIAN_POINT ( 'NONE',  ( 1671.312646325535100, -240.5394123999845100, -96.87301532122955900 ) ) ;
#2423 = CARTESIAN_POINT ( 'NONE',  ( 1541.769440031708200, -422.5238979995637600, 42.11548391066070000 ) ) ;
#2424 = CARTESIAN_POINT ( 'NONE',  ( 846.4933574859289800, 352.8274239113642900, -292.9248330965012900 ) ) ;
#2425 = CARTESIAN_POINT ( 'NONE',  ( 864.5640509548079500, -348.6018625825768700, -486.6077777408892200 ) ) ;
#2426 = CARTESIAN_POINT ( 'NONE',  ( 2900.670323285893100, -366.7714405842964400, 27.33824388480144300 ) ) ;
#2427 = CARTESIAN_POINT ( 'NONE',  ( 1805.105592128126800, -142.8636521690427200, 564.9755849522089200 ) ) ;
#2428 = CARTESIAN_POINT ( 'NONE',  ( 798.0195576103511700, -406.4780621743745400, -122.7830880845829000 ) ) ;
#2429 = CARTESIAN_POINT ( 'NONE',  ( -61.94123650696378300, 128.2509615012112600, -201.5172910259399500 ) ) ;
#2430 = CARTESIAN_POINT ( 'NONE',  ( 1595.925897553155900, -495.4489686379809000, -306.8187856304878700 ) ) ;
#2431 = CARTESIAN_POINT ( 'NONE',  ( 2203.404928311688800, -405.3885048912044300, -52.93011542146829400 ) ) ;
#2432 = VERTEX_POINT ( 'NONE', #6128 ) ;
#2433 =( BOUNDED_CURVE ( )  B_SPLINE_CURVE ( 3, ( #2383, #5933, #3345, #318 ),
 .UNSPECIFIED., .F., .F. ) 
 B_SPLINE_CURVE_WITH_KNOTS ( ( 4, 4 ),
 ( 0.4999999999999995000, 1.000000000000000000 ),
 .UNSPECIFIED. ) 
 CURVE ( )  GEOMETRIC_REPRESENTATION_ITEM ( )  RATIONAL_B_SPLINE_CURVE ( ( 1.000000000000000400, 0.3333333333333333100, 0.3333333333333326500, 1.000000000000000000 ) ) 
 REPRESENTATION_ITEM ( '' )  );
#2434 = CARTESIAN_POINT ( 'NONE',  ( -182.5680654982462000, 1.178588654849433800, -100.9298996074385900 ) ) ;
#2435 = CARTESIAN_POINT ( 'NONE',  ( 2438.326428511730700, 393.0499617291268400, 588.3727697470359300 ) ) ;
#2436 = CARTESIAN_POINT ( 'NONE',  ( 1947.740510184308700, 308.1880751485056700, -268.6293962325718800 ) ) ;
#2437 = CARTESIAN_POINT ( 'NONE',  ( 3091.166221712941500, -228.0658155412014300, -96.94314217362327200 ) ) ;
#2438 = CARTESIAN_POINT ( 'NONE',  ( 2372.806393250832600, -294.8370187360433800, -55.21594689224838200 ) ) ;
#2439 = ORIENTED_EDGE ( 'NONE', *, *, #2939, .F. ) ;
#2440 = CARTESIAN_POINT ( 'NONE',  ( 1247.996818137469700, -428.0224768361000000, -359.9350795324522200 ) ) ;
#2441 = CARTESIAN_POINT ( 'NONE',  ( 1704.464960753232400, -4.712376380482749200, 424.5913821206937700 ) ) ;
#2442 = CARTESIAN_POINT ( 'NONE',  ( 1280.445778844006800, 153.6049452046877700, -732.4490953658031500 ) ) ;
#2443 = CARTESIAN_POINT ( 'NONE',  ( 2019.945571586385500, 239.3326091261991500, 99.81738635281904200 ) ) ;
#2444 = CARTESIAN_POINT ( 'NONE',  ( 588.8398500194769000, 239.8086796758640000, -350.4167660466767400 ) ) ;
#2445 = CARTESIAN_POINT ( 'NONE',  ( 2744.680643145235500, 299.9436976210329800, -3.363837333522825500 ) ) ;
#2446 = EDGE_LOOP ( 'NONE', ( #1758, #4431, #2126, #2303 ) ) ;
#2447 = CARTESIAN_POINT ( 'NONE',  ( 3214.503308523465400, -409.6453298338726700, -184.7740545581108300 ) ) ;
#2448 = EDGE_CURVE ( 'NONE', #6019, #3336, #943, .T. ) ;
#2449 = CARTESIAN_POINT ( 'NONE',  ( 2900.670323286172300, -244.4928575160908500, 41.44063599174332100 ) ) ;
#2450 = CARTESIAN_POINT ( 'NONE',  ( 735.9645449237889400, 237.3503889590832000, -532.2335203702309600 ) ) ;
#2451 = CARTESIAN_POINT ( 'NONE',  ( 2659.383942723930000, -141.3734483882224700, 436.2402113329287100 ) ) ;
#2452 = CARTESIAN_POINT ( 'NONE',  ( 1890.402246843528900, 423.0089088681412500, -36.92728967445302100 ) ) ;
#2453 = CARTESIAN_POINT ( 'NONE',  ( -95.07192497943368900, 385.0381135569227200, -66.43732945278341600 ) ) ;
#2454 = ORIENTED_EDGE ( 'NONE', *, *, #1386, .F. ) ;
#2455 = CARTESIAN_POINT ( 'NONE',  ( 2781.277441754306900, 460.2168854668300400, -357.5022005441695700 ) ) ;
#2456 = CARTESIAN_POINT ( 'NONE',  ( 2761.217325254501700, -67.02365524164005700, -403.3010165361355300 ) ) ;
#2457 = CARTESIAN_POINT ( 'NONE',  ( -212.4786724770602300, -200.0000000000000000, 100.0000000000000400 ) ) ;
#2458 = CARTESIAN_POINT ( 'NONE',  ( 2693.991232714814900, 180.4080744761500300, -684.1953750585441900 ) ) ;
#2459 = CARTESIAN_POINT ( 'NONE',  ( 1831.529844317450900, 387.2729829050004500, 131.0005425950149600 ) ) ;
#2460 = CARTESIAN_POINT ( 'NONE',  ( 3189.205326610066100, -210.1669312751122300, 76.58897297045209000 ) ) ;
#2461 = CARTESIAN_POINT ( 'NONE',  ( 1805.809352998199100, 220.1880410550043600, -514.0757556124206100 ) ) ;
#2462 = CARTESIAN_POINT ( 'NONE',  ( 1541.769440031708200, -422.5238979995637600, 42.11548391066070000 ) ) ;
#2463 = CARTESIAN_POINT ( 'NONE',  ( 1024.781245126313300, 446.9531586142176700, 600.2569667310824600 ) ) ;
#2464 = CARTESIAN_POINT ( 'NONE',  ( -218.9543979933611400, 193.8983024033413200, -95.18579601414434400 ) ) ;
#2465 = EDGE_CURVE ( 'NONE', #401, #3885, #5454, .T. ) ;
#2466 = CARTESIAN_POINT ( 'NONE',  ( 1973.461558082179000, 178.3504525186060900, 188.2411175664018400 ) ) ;
#2467 = CARTESIAN_POINT ( 'NONE',  ( 402.9026067520941900, 325.2240922817134700, 273.0004391538153100 ) ) ;
#2468 = CARTESIAN_POINT ( 'NONE',  ( 1148.641821149243900, -442.7620824603704900, 119.3900773991174000 ) ) ;
#2469 = CARTESIAN_POINT ( 'NONE',  ( 120.8137213188532400, -136.3155906131772500, -582.5035932242822100 ) ) ;
#2470 = CARTESIAN_POINT ( 'NONE',  ( 1479.714762247769600, 15.60587661384605000, -582.5495243629994800 ) ) ;
#2471 = CARTESIAN_POINT ( 'NONE',  ( 1590.243512515564800, 213.8727365927341000, -405.6491760769940200 ) ) ;
#2472 = CARTESIAN_POINT ( 'NONE',  ( 1565.011821730056900, -404.6396834679588300, 128.7120176484132200 ) ) ;
#2473 = CARTESIAN_POINT ( 'NONE',  ( -95.07192497943368900, 295.9404191188939400, 23.97553936388343100 ) ) ;
#2474 = CARTESIAN_POINT ( 'NONE',  ( 2758.035009248055800, 524.2813227968631500, -254.4342215877591400 ) ) ;
#2475 = CARTESIAN_POINT ( 'NONE',  ( 2784.459300004777600, -149.1134900333302900, -380.6580289038896600 ) ) ;
#2476 = CARTESIAN_POINT ( 'NONE',  ( -90.20932942469555400, 56.76796176595199500, -164.7895923179296200 ) ) ;
#2477 = CARTESIAN_POINT ( 'NONE',  ( 1531.881366826956100, -674.5632741925030600, 213.6241525331833200 ) ) ;
#2478 = CARTESIAN_POINT ( 'NONE',  ( 1668.834262496610600, -87.51663685012620400, 399.3525740091448000 ) ) ;
#2479 = CARTESIAN_POINT ( 'NONE',  ( 3187.478672477060600, -210.0970013167747400, 76.54573820726348300 ) ) ;
#2480 = CARTESIAN_POINT ( 'NONE',  ( 1550.145560548333400, 239.2576556328085900, 505.4834614186092400 ) ) ;
#2481 = CARTESIAN_POINT ( 'NONE',  ( 1293.777041734927500, 578.2149283518032200, 72.63092503228874400 ) ) ;
#2482 = CARTESIAN_POINT ( 'NONE',  ( 2905.311205738229500, -406.7209460015514500, -99.84457475499688400 ) ) ;
#2483 = CARTESIAN_POINT ( 'NONE',  ( 2396.070784584294400, 279.2090770406411500, 694.3474050464092200 ) ) ;
#2484 = CARTESIAN_POINT ( 'NONE',  ( 3089.085812666160600, -314.3455976365331700, -91.18930401240660900 ) ) ;
#2485 = CARTESIAN_POINT ( 'NONE',  ( 1903.735012727965100, 34.27418879490380000, 257.0386858554333600 ) ) ;
#2486 = CARTESIAN_POINT ( 'NONE',  ( 1774.191530234182900, 244.9055459517401800, 346.8736332688148400 ) ) ;
#2487 = CARTESIAN_POINT ( 'NONE',  ( 1334.579267191226800, 162.2133912608555600, 428.9275520613784900 ) ) ;
#2488 = CARTESIAN_POINT ( 'NONE',  ( 1538.587636672294400, -226.7342639349668000, -553.9873326823943700 ) ) ;
#2489 = CARTESIAN_POINT ( 'NONE',  ( 828.9336421551297500, -234.9646976282108700, -533.2908317999646200 ) ) ;
#2490 = CARTESIAN_POINT ( 'NONE',  ( 1985.360617051264600, -36.75100135512103300, 457.1015336846743900 ) ) ;
#2491 = CARTESIAN_POINT ( 'NONE',  ( 2703.879034067257600, 190.4675125357092000, -379.5024259260121100 ) ) ;
#2492 = ADVANCED_FACE ( 'NONE', ( #1488 ), #5070, .T. ) ;
#2493 = DIRECTION ( 'NONE',  ( 1.000000000000000000, -1.838306325092761700E-015, -2.109628209243602800E-016 ) ) ;
#2494 = CARTESIAN_POINT ( 'NONE',  ( 3237.745125152325700, -429.3041634083028300, 11.33429197045065700 ) ) ;
#2495 = CARTESIAN_POINT ( 'NONE',  ( 393.0144571236198200, 623.9968184676483800, 333.6155360698581400 ) ) ;
#2496 = CARTESIAN_POINT ( 'NONE',  ( 2273.131480239427700, -359.5563928209452300, 194.5781166533428700 ) ) ;
#2497 = CARTESIAN_POINT ( 'NONE',  ( 3049.343713660364300, -277.6420672786630300, 243.5623583849679800 ) ) ;
#2498 = CARTESIAN_POINT ( 'NONE',  ( 2810.201662033677600, -500.3434661039065100, -500.8822708614903300 ) ) ;
#2499 = CIRCLE ( 'NONE', #5031, 120.0000000000000100 ) ;
#2500 = CARTESIAN_POINT ( 'NONE',  ( 2881.422152650489800, -57.07193962514549700, 273.2318689739934100 ) ) ;
#2501 = CARTESIAN_POINT ( 'NONE',  ( 1829.051810612546900, 108.9425824416535300, -548.5337359961819200 ) ) ;
#2502 = CARTESIAN_POINT ( 'NONE',  ( 410.5742003629430900, -114.9697763144508800, 571.3051090341973600 ) ) ;
#2503 = CARTESIAN_POINT ( 'NONE',  ( 217.2507712185236200, 124.8385235883736800, -156.2957095530094300 ) ) ;
#2504 = CARTESIAN_POINT ( 'NONE',  ( 114.0863099753203600, 57.01616516671291600, -251.0463403202182100 ) ) ;
#2505 = CARTESIAN_POINT ( 'NONE',  ( 2024.194752524169200, -138.3820830742085100, -735.4766892092729900 ) ) ;
#2506 = CARTESIAN_POINT ( 'NONE',  ( 519.1132809578360800, 399.6280679885772400, -143.5183736566619900 ) ) ;
#2507 = CARTESIAN_POINT ( 'NONE',  ( 2322.094260645366800, -176.0268755831266700, -190.4156476813343200 ) ) ;
#2508 = CARTESIAN_POINT ( 'NONE',  ( 1518.527605486947100, -422.0848634600073400, -46.30675814131415500 ) ) ;
#2509 = CARTESIAN_POINT ( 'NONE',  ( 1282.923368767101900, 565.2043306873886200, 197.1154194530632800 ) ) ;
#2510 = CARTESIAN_POINT ( 'NONE',  ( 759.2070700394655200, 121.9718128805633800, -569.8512138027094800 ) ) ;
#2511 = CARTESIAN_POINT ( 'NONE',  ( 2752.352845020867300, 228.2925443895167900, 397.7123772619301600 ) ) ;
#2512 = CARTESIAN_POINT ( 'NONE',  ( 1776.180918033373900, -424.6585770000073100, -173.0823276385451900 ) ) ;
#2513 = CARTESIAN_POINT ( 'NONE',  ( 2262.277515485243400, -407.6764938524876200, 118.7429547032109800 ) ) ;
#2514 = EDGE_CURVE ( 'NONE', #2523, #338, #325, .T. ) ;
#2515 = B_SPLINE_CURVE_WITH_KNOTS ( 'NONE', 3,
 ( #6406, #5362, #2389, #811, #1357, #4919, #3913, #1902, #4855, #1335, #5444, #2883, #348, #326, #1867, #3855, #2368, #5919, #367, #4404, #1378, #2467, #2996, #3951, #6462, #1413, #5525, #6017, #3931, #2444, #5995, #6036, #444, #2977, #6526, #1495, #4950, #926, #463, #3426, #4448, #3970, #2918, #406, #5484, #907, #3486, #5010, #5030, #5975, #3444, #3990, #948, #2958, #967, #4484, #4504, #1999, #1455, #4970, #1921, #4011, #5465, #486, #6546, #1474, #4991, #1960, #986, #2508, #2423, #2941, #6484, #4525, #6508, #1981, #1938, #425, #4466, #1435, #2486, #5504, #3463, #3508, #5547, #5660, #4057, #2042, #4035, #6056, #4078, #1612, #1563, #2554, #4104, #5096, #24, #1588, #2535, #3575, #4640, #6102, #5053, #5120, #3528, #1052, #4614, #2597, #5148, #508, #1031, #92, #2573, #3059, #2109, #4567, #6078, #550, #529, #3552, #6569, #1010, #5612, #6149, #1539, #3020, #4546, #2084, #6124, #1518, #5591 ),
 .UNSPECIFIED., .F., .F.,
 ( 4, 1, 1, 1, 1, 1, 1, 1, 1, 1, 1, 1, 1, 1, 1, 1, 1, 1, 1, 1, 1, 1, 1, 1, 1, 1, 1, 1, 1, 1, 1, 1, 1, 1, 1, 1, 1, 1, 1, 1, 1, 1, 1, 1, 1, 1, 1, 1, 1, 1, 1, 1, 1, 1, 1, 1, 1, 1, 1, 1, 1, 1, 1, 1, 1, 1, 1, 1, 1, 1, 1, 1, 1, 1, 1, 1, 1, 1, 1, 1, 1, 1, 1, 1, 1, 1, 1, 1, 1, 1, 1, 1, 1, 1, 1, 1, 1, 1, 1, 1, 1, 1, 1, 1, 1, 1, 1, 1, 1, 1, 1, 1, 1, 1, 1, 1, 1, 1, 1, 1, 1, 1, 1, 1, 1, 1, 1, 1, 4 ),
 ( 0.0000000000000000000, 0.007812498270105783400, 0.01562500109867619200, 0.02343749904354634100, 0.03124999760562388600, 0.03906250119592157700, 0.04687499891039848000, 0.05468749772174422200, 0.06250000129585638100, 0.07031249879026799100, 0.07812499784389986800, 0.08593750139596839600, 0.09374999868177907900, 0.1015624979711991600, 0.1093750014953673700, 0.1171874985840685400, 0.1249999981027989100, 0.1328125015932185000, 0.1406249984963307300, 0.1484374982379126900, 0.1562500016887449500, 0.1640624984178144000, 0.1718749983758097200, 0.1796875017812235000, 0.1874999983478233500, 0.1953124985158118100, 0.2031250018699869400, 0.2109374982857137600, 0.2187499986572965800, 0.2265625019544197100, 0.2343749982308942800, 0.2421874987996902000, 0.2500000020339568900, 0.2578124981828233100, 0.2656249989424697100, 0.2734375021080822600, 0.2812499981410093700, 0.2890624990851610700, 0.2968750021763320000, 0.3046874981050089500, 0.3124999992273404000, 0.3203125022382868300, 0.3281249980744224100, 0.3359374993686246000, 0.3437500022935740500, 0.3515624980488999400, 0.3593749995086825700, 0.3671875023418643700, 0.3749999980281314400, 0.3828124996472208600, 0.3906250023828760600, 0.3984374980118506900, 0.4062499997839912300, 0.4140625024163667700, 0.4218749979998377400, 0.4296874999187879600, 0.4375000024421347200, 0.4453124979919032000, 0.4531250000514437400, 0.4609375024600199700, 0.4687499979879063400, 0.4765625001818292700, 0.4843750024698961800, 0.4921874979877351500, 0.5000000003098494800, 0.5078125024716808600, 0.5156249979913217800, 0.5234375004354551200, 0.5312500024653218400, 0.5390624979986307100, 0.5468750005586202600, 0.5546875024508058900, 0.5624999980096562200, 0.5703125006793631200, 0.5781250024281477900, 0.5859374980244300700, 0.5937500007977257700, 0.6015625023973982800, 0.6093749980430129800, 0.6171875009137823800, 0.6250000023586352900, 0.6328124980654950000, 0.6406250010276414200, 0.6484375023119716100, 0.6562499980919985800, 0.6640625011394351000, 0.6718750022575432600, 0.6796874981226654900, 0.6875000012493256400, 0.6953125021955148800, 0.7031249981576699300, 0.7109375013574983400, 0.7187500021260745400, 0.7265624981972113000, 0.7343750014641616800, 0.7421875020494398400, 0.7499999982415060900, 0.7578125015695511600, 0.7656250019658447100, 0.7734374982908042200, 0.7812500016739244400, 0.7890625018755455000, 0.7968749983453600200, 0.8046875017775566600, 0.8125000017788235300, 0.8203124984054658300, 0.8281250018807501100, 0.8359375016759783600, 0.8437499984714169600, 0.8515625019838051200, 0.8593750015673206100, 0.8671874985435305000, 0.8750000020870598600, 0.8828125014531857900, 0.8906249986221431700, 0.8984375021908611600, 0.9062500013339190900, 0.9140624987076081400, 0.9218750022955687400, 0.9296875012098857500, 0.9374999988002746800, 0.9453125024015507400, 0.9531250010814545900, 0.9609374989005250400, 0.9687500025092051800, 0.9765625009486272900, 0.9843749990093700900, 0.9921875017881567300, 1.000000000000000000 ),
 .UNSPECIFIED. ) ;
#2516 = CARTESIAN_POINT ( 'NONE',  ( 2756.052437229975100, -320.6227529846570400, 193.6363034225902000 ) ) ;
#2517 = CARTESIAN_POINT ( 'NONE',  ( 3051.466241200722400, -103.4850206451573200, 174.7393994572813700 ) ) ;
#2518 = CARTESIAN_POINT ( 'NONE',  ( 3049.329656243063700, -548.6752232434203100, 102.1668685897330400 ) ) ;
#2519 = CARTESIAN_POINT ( 'NONE',  ( -25.34509639430889600, -318.5248421947102300, -632.2391518944718900 ) ) ;
#2520 = CARTESIAN_POINT ( 'NONE',  ( 2505.553029002816400, 346.5245866394955100, 216.9385758716241500 ) ) ;
#2521 = CARTESIAN_POINT ( 'NONE',  ( -62.85045338383052600, 111.0622595601743300, -187.6274781207991100 ) ) ;
#2522 = CARTESIAN_POINT ( 'NONE',  ( 2066.452246932685300, -270.7130516999578700, -653.7475437685437800 ) ) ;
#2523 = VERTEX_POINT ( 'NONE', #1909 ) ;
#2524 = CARTESIAN_POINT ( 'NONE',  ( 3187.478672477060200, -13.68132597692912200, 119.2175378017472700 ) ) ;
#2525 = CARTESIAN_POINT ( 'NONE',  ( 3070.071510555129000, -292.0758378026857300, -57.36842741738480100 ) ) ;
#2526 = CARTESIAN_POINT ( 'NONE',  ( 350.7362187940725000, -261.1493775164207100, 147.5761485559721700 ) ) ;
#2527 = CARTESIAN_POINT ( 'NONE',  ( 2704.507664055535300, -548.5341663642659600, -82.77636405032537000 ) ) ;
#2528 = ORIENTED_EDGE ( 'NONE', *, *, #1578, .F. ) ;
#2529 = CARTESIAN_POINT ( 'NONE',  ( 759.2070700394656300, 121.9718128805633800, -569.8512138027093700 ) ) ;
#2530 = CARTESIAN_POINT ( 'NONE',  ( -79.46056378098406000, 61.53529561829892500, -148.5509910549578500 ) ) ;
#2531 = CARTESIAN_POINT ( 'NONE',  ( 262.7452775920333500, 154.0736969435091300, -192.2681701732725500 ) ) ;
#2532 = CARTESIAN_POINT ( 'NONE',  ( 2489.038566708996300, 701.9818969463057100, 259.4161197535246400 ) ) ;
#2533 = CARTESIAN_POINT ( 'NONE',  ( -61.94123650696377600, 174.6114165073967400, -296.7608087306832100 ) ) ;
#2534 = CARTESIAN_POINT ( 'NONE',  ( 332.4717625762712600, -168.7390340824965200, -416.6196398671160100 ) ) ;
#2535 = CARTESIAN_POINT ( 'NONE',  ( 2192.550946324452500, -399.9637200178938800, -142.5799426460466200 ) ) ;
#2536 = CARTESIAN_POINT ( 'NONE',  ( 1422.376474412211800, 364.4609555397497600, -474.8459221895725500 ) ) ;
#2537 = CARTESIAN_POINT ( 'NONE',  ( 2798.837071188560000, 369.8761170507961500, 271.0786730570944800 ) ) ;
#2538 = CARTESIAN_POINT ( 'NONE',  ( 2008.602875601206700, 58.71700463649249000, 454.8022295119496300 ) ) ;
#2539 = CARTESIAN_POINT ( 'NONE',  ( 2587.667891479652100, 423.7877350758161600, -26.53503590373044200 ) ) ;
#2540 = CARTESIAN_POINT ( 'NONE',  ( 3193.977563341431100, -288.3649604256666000, 103.2792833726669500 ) ) ;
#2541 = CARTESIAN_POINT ( 'NONE',  ( 3089.560382148052200, -315.0102230056598400, -90.77839399435735900 ) ) ;
#2542 = CARTESIAN_POINT ( 'NONE',  ( 3089.085812666163300, -251.0461197640830200, -57.01607069902448200 ) ) ;
#2543 = CARTESIAN_POINT ( 'NONE',  ( -71.82880992454340700, -40.96199751559142800, -709.2062639235418800 ) ) ;
#2544 = CARTESIAN_POINT ( 'NONE',  ( 1462.132890813243000, 164.9940171480322100, -200.0513726805668000 ) ) ;
#2545 = CARTESIAN_POINT ( 'NONE',  ( 2913.058602738347400, -307.8531166490925000, 69.73910233162368400 ) ) ;
#2546 = CARTESIAN_POINT ( 'NONE',  ( 230.3184319206365800, -262.8053110982854700, 656.9658608113977600 ) ) ;
#2547 = CARTESIAN_POINT ( 'NONE',  ( 3098.668574264835100, -40.15243564173414400, 135.5835157732112700 ) ) ;
#2548 = CARTESIAN_POINT ( 'NONE',  ( 3097.583479757406600, -0.4870618758931231600, -91.99799271287750500 ) ) ;
#2549 = CARTESIAN_POINT ( 'NONE',  ( -4.603042044756242600, -185.4711216155859300, -364.2869183674102900 ) ) ;
#2550 = CARTESIAN_POINT ( 'NONE',  ( 1409.988207793432800, 353.9041451239078200, -462.9895699699027900 ) ) ;
#2551 = CARTESIAN_POINT ( 'NONE',  ( 114.0863099753203200, 15.62630787946308800, -316.7486807633349600 ) ) ;
#2552 = CARTESIAN_POINT ( 'NONE',  ( 1838.258328610339500, 745.4992185632536300, -65.62807019002237000 ) ) ;
#2553 = CARTESIAN_POINT ( 'NONE',  ( 2601.000392567205800, 27.95547849232363500, 257.8023440353871400 ) ) ;
#2554 = CARTESIAN_POINT ( 'NONE',  ( 2076.340061156901400, -78.21191419390091000, -417.3522151804077100 ) ) ;
#2555 = CARTESIAN_POINT ( 'NONE',  ( 1910.462344121128400, 330.4548185394185100, 499.1093128084411300 ) ) ;
#2556 = CARTESIAN_POINT ( 'NONE',  ( 1706.454351682115400, -242.7763304549649200, -389.0398901471927500 ) ) ;
#2557 = CARTESIAN_POINT ( 'NONE',  ( 2163.626769087528800, 141.6801658589946800, -264.3944287098249200 ) ) ;
#2558 = CARTESIAN_POINT ( 'NONE',  ( -262.7452775920334000, 299.3817006858341200, -365.9655615724622600 ) ) ;
#2559 = CARTESIAN_POINT ( 'NONE',  ( 3036.941397510584500, -575.6925368435873900, -61.68259544180623500 ) ) ;
#2560 = CARTESIAN_POINT ( 'NONE',  ( 3105.937045763334900, -259.7236197753831600, -124.9597842732329700 ) ) ;
#2561 = CARTESIAN_POINT ( 'NONE',  ( 2860.914187334067300, -608.5372291282734500, 266.0524398282406700 ) ) ;
#2562 = CARTESIAN_POINT ( 'NONE',  ( 1834.029423683429300, 702.2507090696476600, 86.68845142629541600 ) ) ;
#2563 = CARTESIAN_POINT ( 'NONE',  ( 1322.679720625374100, 241.7099889920456500, 93.91405442496528600 ) ) ;
#2564 = CARTESIAN_POINT ( 'NONE',  ( -198.0102992182312700, 201.1726239105647900, 99.07480654117902900 ) ) ;
#2565 = CARTESIAN_POINT ( 'NONE',  ( 114.1080785219741900, -699.9336353495857600, 103.7516946857835800 ) ) ;
#2566 = CARTESIAN_POINT ( 'NONE',  ( 2900.670323286084600, -399.1109288281068600, -26.05555586138998300 ) ) ;
#2567 = CARTESIAN_POINT ( 'NONE',  ( 2340.379686054497100, 531.0717509541724400, 175.2696861166730300 ) ) ;
#2568 = CARTESIAN_POINT ( 'NONE',  ( 480.3007755306077800, 241.4912409802063600, 530.3673701542028300 ) ) ;
#2569 = CARTESIAN_POINT ( 'NONE',  ( -74.32948380835657100, 110.5693822564359300, -207.2386007891050500 ) ) ;
#2570 = CARTESIAN_POINT ( 'NONE',  ( 2233.374525856800600, -659.3421332793384400, 354.0389464377775000 ) ) ;
#2571 = CARTESIAN_POINT ( 'NONE',  ( -212.4786724770602300, -239.9999999999999700, 120.0000000000000300 ) ) ;
#2572 = CARTESIAN_POINT ( 'NONE',  ( 2903.148050606367600, 81.94183473077636400, -246.0281851399405200 ) ) ;
#2573 = CARTESIAN_POINT ( 'NONE',  ( 2517.941325277202400, 359.0059867058370200, 226.7484415351504800 ) ) ;
#2574 = AXIS2_PLACEMENT_3D ( 'NONE', #2838, #871, #5406 ) ;
#2575 = CARTESIAN_POINT ( 'NONE',  ( 1073.743710077878200, -358.6063433293567200, 479.2826883975724300 ) ) ;
#2576 = CARTESIAN_POINT ( 'NONE',  ( 1822.665190162285600, -458.3666518712221300, 13.85559359862951500 ) ) ;
#2577 = CARTESIAN_POINT ( 'NONE',  ( 2512.259468964009600, -144.9141359597954900, 262.6357750398379900 ) ) ;
#2578 = CARTESIAN_POINT ( 'NONE',  ( 2755.789033593694100, -197.1240180452324200, 175.0761047128737000 ) ) ;
#2579 = CARTESIAN_POINT ( 'NONE',  ( 3187.998567354929900, -224.3507587397408800, -146.8293421352659000 ) ) ;
#2580 = CARTESIAN_POINT ( 'NONE',  ( 3237.745166691583100, -441.2930274266810200, -88.41640590711654100 ) ) ;
#2581 = CARTESIAN_POINT ( 'NONE',  ( 1392.428281712701800, -414.4403909138088700, -573.5068215911933300 ) ) ;
#2582 = CARTESIAN_POINT ( 'NONE',  ( 850.1863018044853100, 22.77523185852867000, 549.4107484435637600 ) ) ;
#2583 = CARTESIAN_POINT ( 'NONE',  ( 1903.735012727965100, 34.27418879490380000, 257.0386858554333600 ) ) ;
#2584 = CARTESIAN_POINT ( 'NONE',  ( -212.4786724770602300, 200.0000000000000000, 100.0000000000000000 ) ) ;
#2585 = CARTESIAN_POINT ( 'NONE',  ( 137.3505014899377800, -663.2686518111306700, 246.4666857693188400 ) ) ;
#2586 = CARTESIAN_POINT ( 'NONE',  ( -61.94123650696379000, 119.9427753087445900, -194.6341534985648100 ) ) ;
#2587 = EDGE_CURVE ( 'NONE', #1496, #5135, #1190, .T. ) ;
#2588 = CARTESIAN_POINT ( 'NONE',  ( 402.9026067520941900, 325.2240922817134700, 273.0004391538153100 ) ) ;
#2589 = FACE_OUTER_BOUND ( 'NONE', #650, .T. ) ;
#2590 = CARTESIAN_POINT ( 'NONE',  ( 2665.770580536053300, -480.0405066526796000, -284.4665902600096400 ) ) ;
#2591 = CARTESIAN_POINT ( 'NONE',  ( 2215.793170018386300, -420.8213477482246400, -56.65137394592055400 ) ) ;
#2592 = CARTESIAN_POINT ( 'NONE',  ( -198.0102992182312700, 201.1726239105647900, 99.07480654117902900 ) ) ;
#2593 = CARTESIAN_POINT ( 'NONE',  ( -114.0863099753204800, 311.7967313976552100, 63.35279567868303700 ) ) ;
#2594 = CARTESIAN_POINT ( 'NONE',  ( 1247.996818137469700, -428.0224768361000000, -359.9350795324522200 ) ) ;
#2595 = CARTESIAN_POINT ( 'NONE',  ( -182.8174017165768000, -237.5953921758384100, 118.1027783845271600 ) ) ;
#2596 = CARTESIAN_POINT ( 'NONE',  ( 2484.788606897221100, -208.6580663087798100, 153.9650779457177000 ) ) ;
#2597 = CARTESIAN_POINT ( 'NONE',  ( 2401.730653594198000, -15.13087632668688100, 424.3478062045223900 ) ) ;
#2598 = CARTESIAN_POINT ( 'NONE',  ( 1654.798091257284800, -592.7996248550109600, -83.06246107456098600 ) ) ;
#2599 = ORIENTED_EDGE ( 'NONE', *, *, #2397, .T. ) ;
#2600 = CARTESIAN_POINT ( 'NONE',  ( 2816.907537188289100, 387.3218671967400200, -456.3906311311718000 ) ) ;
#2601 = CARTESIAN_POINT ( 'NONE',  ( 178.1520782754866200, -440.4089051747785700, -381.6382704574272100 ) ) ;
#2602 = CARTESIAN_POINT ( 'NONE',  ( 2628.470430784224400, 153.9404019840738200, 257.4491647706765300 ) ) ;
#2603 = CARTESIAN_POINT ( 'NONE',  ( -74.32948380835655700, 147.1570382319319800, -344.0260653235035300 ) ) ;
#2604 = CARTESIAN_POINT ( 'NONE',  ( 2339.675563794160100, -575.1497761524260600, -93.86404502022016100 ) ) ;
#2605 = CARTESIAN_POINT ( 'NONE',  ( 2718.310023784429200, -64.80238223612997200, 104.0827193467039000 ) ) ;
#2606 = ORIENTED_EDGE ( 'NONE', *, *, #3466, .F. ) ;
#2607 = CARTESIAN_POINT ( 'NONE',  ( -61.94123650696379000, 119.9427753087445400, -194.6341534985647600 ) ) ;
#2608 = CARTESIAN_POINT ( 'NONE',  ( 1276.216829348909900, 286.8083998499526500, -646.8475829607097000 ) ) ;
#2609 = CARTESIAN_POINT ( 'NONE',  ( 338.8582142125159700, 542.4912110319702400, -89.85768618559876600 ) ) ;
#2610 = DIRECTION ( 'NONE',  ( 0.0000000000000000000, 1.000000000000000000, 0.0000000000000000000 ) ) ;
#2611 = CARTESIAN_POINT ( 'NONE',  ( 2043.188101846319100, 254.8166390720102500, 48.08407941047028800 ) ) ;
#2612 = CARTESIAN_POINT ( 'NONE',  ( -95.98114185630043900, 278.7517171778570700, 37.86535226902429900 ) ) ;
#2613 = CARTESIAN_POINT ( 'NONE',  ( 2479.128709820765800, -269.5405025664619000, 516.6774895345423600 ) ) ;
#2614 = CARTESIAN_POINT ( 'NONE',  ( -262.7452775920335700, 308.8400534187578600, -308.0601070559436600 ) ) ;
#2615 = EDGE_LOOP ( 'NONE', ( #5391, #4506, #4105, #6358 ) ) ;
#2616 = CARTESIAN_POINT ( 'NONE',  ( 356.4179857565113700, 186.6917869077187800, 381.3741909471208400 ) ) ;
#2617 = CARTESIAN_POINT ( 'NONE',  ( 2972.874631317995000, -77.74220640573206300, -247.3129910994810500 ) ) ;
#2618 = CARTESIAN_POINT ( 'NONE',  ( 622.9359121907501700, 72.75816536665867300, -402.3031695377774800 ) ) ;
#2619 = CARTESIAN_POINT ( 'NONE',  ( 1750.949122808540600, 167.7536730660593800, 390.0754622386540400 ) ) ;
#2620 = CARTESIAN_POINT ( 'NONE',  ( 1087.780016308430000, 307.6618563464231800, 269.2314428792241200 ) ) ;
#2621 = CARTESIAN_POINT ( 'NONE',  ( -76.80785567298131900, -559.0808869595626900, -13.56049421755291300 ) ) ;
#2622 = CARTESIAN_POINT ( 'NONE',  ( 76.75429628202131500, -105.7236030170950400, -225.9432977985222500 ) ) ;
#2623 = CARTESIAN_POINT ( 'NONE',  ( 634.6201515245095400, -19.33082585068852000, 449.3206030419497700 ) ) ;
#2624 = CARTESIAN_POINT ( 'NONE',  ( 2842.509455207560200, 69.05730584253274200, 10.65319596740926400 ) ) ;
#2625 = CARTESIAN_POINT ( 'NONE',  ( 1375.891826061897100, 525.6213873100204000, -286.4139040666670400 ) ) ;
#2626 = CARTESIAN_POINT ( 'NONE',  ( 350.7570927163869800, 573.5519779728757600, 480.7425763735875500 ) ) ;
#2627 = CARTESIAN_POINT ( 'NONE',  ( 69.68872719744923900, 64.44423921871064900, -572.2507210888254600 ) ) ;
#2628 = CARTESIAN_POINT ( 'NONE',  ( 3046.830306827023800, -279.2557041763564600, -108.6482116445620700 ) ) ;
#2629 = CARTESIAN_POINT ( 'NONE',  ( -262.7452775920334600, 199.3160147699520100, -87.90057180780051700 ) ) ;
#2630 = CARTESIAN_POINT ( 'NONE',  ( 2874.245857949713800, 44.17080791732581000, -581.0819266018392000 ) ) ;
#2631 = CARTESIAN_POINT ( 'NONE',  ( 642.9961067805925300, 553.7534143102079700, -181.5615330663665100 ) ) ;
#2632 = CARTESIAN_POINT ( 'NONE',  ( -74.32948380835647100, 62.40871473764720900, -401.0477601495259700 ) ) ;
#2633 = CARTESIAN_POINT ( 'NONE',  ( -61.94123650696380400, 171.8851068568388600, -269.8945515301224400 ) ) ;
#2634 = CARTESIAN_POINT ( 'NONE',  ( 2182.662340561712000, -701.1341051646071500, -95.29947207389224700 ) ) ;
#2635 = CARTESIAN_POINT ( 'NONE',  ( 59.95193435220570400, -382.2048208581500700, 395.3358959074953400 ) ) ;
#2636 = CARTESIAN_POINT ( 'NONE',  ( -81.61534015249935700, -179.3217144119188000, -116.3150472997854300 ) ) ;
#2637 = CARTESIAN_POINT ( 'NONE',  ( 997.2897865731558800, -256.4139105327237800, -38.67225160962185300 ) ) ;
#2638 = CARTESIAN_POINT ( 'NONE',  ( 216.2102311386971100, 82.68909240998087300, -123.0400530138914800 ) ) ;
#2639 = CARTESIAN_POINT ( 'NONE',  ( 2804.519302526243800, 376.1959517908574100, -445.0665731577269600 ) ) ;
#2640 = CARTESIAN_POINT ( 'NONE',  ( 262.7452775920332900, 192.2341323536985300, -341.7019534084320200 ) ) ;
#2641 = CARTESIAN_POINT ( 'NONE',  ( 1145.948467012679200, -443.5761247298048600, -74.18694102718001200 ) ) ;
#2642 = CARTESIAN_POINT ( 'NONE',  ( 1970.982985784417500, 245.8691482465315500, -326.6341335361593700 ) ) ;
#2643 =( BOUNDED_CURVE ( )  B_SPLINE_CURVE ( 3, ( #117, #22, #3988, #1997 ),
 .UNSPECIFIED., .F., .T. ) 
 B_SPLINE_CURVE_WITH_KNOTS ( ( 4, 4 ),
 ( 0.5000000000000001100, 1.000000000000000000 ),
 .UNSPECIFIED. ) 
 CURVE ( )  GEOMETRIC_REPRESENTATION_ITEM ( )  RATIONAL_B_SPLINE_CURVE ( ( 0.9999999999999998900, 0.3333333333333333700, 0.3333333333333335400, 1.000000000000000000 ) ) 
 REPRESENTATION_ITEM ( '' )  );
#2644 = CARTESIAN_POINT ( 'NONE',  ( 1169.894805205858800, 422.6213295586341000, 41.12362249146293200 ) ) ;
#2645 = CARTESIAN_POINT ( 'NONE',  ( 576.4515705495059600, 229.5460322802655400, -338.3049041257580700 ) ) ;
#2646 = CARTESIAN_POINT ( 'NONE',  ( 876.1219940707103400, 349.5789614628357600, 436.5222906668130900 ) ) ;
#2647 = CARTESIAN_POINT ( 'NONE',  ( -212.4786724770602300, -239.9999999999999700, -120.0000000000000100 ) ) ;
#2648 = CARTESIAN_POINT ( 'NONE',  ( 1889.698356132487100, -438.2005712168610200, 101.2091050641377000 ) ) ;
#2649 = CARTESIAN_POINT ( 'NONE',  ( 3052.629710145931800, -17.18362149596789800, -81.67520948253117300 ) ) ;
#2650 = CARTESIAN_POINT ( 'NONE',  ( 1817.493899321974600, -147.8951764919388600, 580.0322288644160800 ) ) ;
#2651 = CARTESIAN_POINT ( 'NONE',  ( -21.11686357540642300, -468.5981311287791900, -583.3483037950630900 ) ) ;
#2652 = CARTESIAN_POINT ( 'NONE',  ( 2140.384367882940800, 193.3675263199641000, -229.3179039632830700 ) ) ;
#2653 = CARTESIAN_POINT ( 'NONE',  ( -114.0863099753204500, 196.6061984841186100, -718.4105953464071500 ) ) ;
#2654 = CARTESIAN_POINT ( 'NONE',  ( 3013.698884241906400, -540.2338159581911400, -223.5237752745895200 ) ) ;
#2655 = CARTESIAN_POINT ( 'NONE',  ( 3187.478672477060200, 13.68132597654403100, -119.2175378018076400 ) ) ;
#2656 = CARTESIAN_POINT ( 'NONE',  ( -912.4786724770601700, 1.469576158976824000E-014, -120.0000000000000100 ) ) ;
#2657 = CARTESIAN_POINT ( 'NONE',  ( 2252.388928339545600, -624.0654018470826300, 333.4867526979013000 ) ) ;
#2658 = CARTESIAN_POINT ( 'NONE',  ( -211.2071883740445600, 52.55869081909685300, -541.1471001834013400 ) ) ;
#2659 = CARTESIAN_POINT ( 'NONE',  ( 2275.608901855808700, -83.75983899222357800, -245.4133537679948100 ) ) ;
#2660 = CARTESIAN_POINT ( 'NONE',  ( 1322.701739164673700, 0.07284046875806221600, -707.5810332838779000 ) ) ;
#2661 = CARTESIAN_POINT ( 'NONE',  ( 74.32948380835648500, 342.2214397928507900, -356.9594445904951400 ) ) ;
#2662 = CARTESIAN_POINT ( 'NONE',  ( 1448.801046349031100, -314.9553174178816400, -284.7860491532835600 ) ) ;
#2663 = CARTESIAN_POINT ( 'NONE',  ( 2624.241749949511800, 80.74197863998770700, 246.4227552533484700 ) ) ;
#2664 = CARTESIAN_POINT ( 'NONE',  ( 1878.013947498598600, 407.1357685713230700, -37.17671308565631000 ) ) ;
#2665 = ADVANCED_FACE ( 'NONE', ( #4571 ), #1639, .F. ) ;
#2666 = CARTESIAN_POINT ( 'NONE',  ( 2029.855372570679700, 97.62666697265525800, -413.2422961824517500 ) ) ;
#2667 = CARTESIAN_POINT ( 'NONE',  ( 832.1155716655474600, -405.4914635656756400, 52.13712166129563000 ) ) ;
#2668 = CARTESIAN_POINT ( 'NONE',  ( 2913.058602738370600, -333.1712541960878300, 64.45142699005596400 ) ) ;
#2669 = CARTESIAN_POINT ( 'NONE',  ( 969.0905602138811900, 558.2039186131595400, 34.12987858806270200 ) ) ;
#2670 = DIRECTION ( 'NONE',  ( -1.000000000000000000, -0.0000000000000000000, -0.0000000000000000000 ) ) ;
#2671 = CARTESIAN_POINT ( 'NONE',  ( 1169.190446305796700, -449.3222368490710900, 19.29102034098846700 ) ) ;
#2672 = CARTESIAN_POINT ( 'NONE',  ( 3138.948667581742900, -17.68167174820001400, 103.2309594460835700 ) ) ;
#2673 = CARTESIAN_POINT ( 'NONE',  ( 539.1730885321711600, 446.7477934543438800, 398.4057255574193200 ) ) ;
#2674 = CARTESIAN_POINT ( 'NONE',  ( 652.9065367370261600, -321.2612545525711300, -675.9195940682147900 ) ) ;
#2675 = CARTESIAN_POINT ( 'NONE',  ( 381.6495947826860500, -432.6360278949626900, -152.0371408164073400 ) ) ;
#2676 = CARTESIAN_POINT ( 'NONE',  ( 1570.693975715033700, 122.9541338256949700, 535.9595707463709000 ) ) ;
#2677 = CARTESIAN_POINT ( 'NONE',  ( 1991.042709108003900, 576.2583337924389800, 86.79907786807672200 ) ) ;
#2678 = CARTESIAN_POINT ( 'NONE',  ( 2902.163986491626000, -220.2511562941506300, 25.41311425860878600 ) ) ;
#2679 = CARTESIAN_POINT ( 'NONE',  ( 218.9543979933612300, 177.8207636860509800, -203.2499855452478500 ) ) ;
#2680 = CARTESIAN_POINT ( 'NONE',  ( -9.774636558293554600, -541.3477810488435600, 96.50797238424465300 ) ) ;
#2681 = CARTESIAN_POINT ( 'NONE',  ( 2035.537782499217900, -522.9191123013599700, -170.0768868659719400 ) ) ;
#2682 =( NAMED_UNIT ( * ) PLANE_ANGLE_UNIT ( ) SI_UNIT ( $, .RADIAN. ) );
#2683 = CARTESIAN_POINT ( 'NONE',  ( 718.4043177474318300, -535.7384179552171900, -462.2284548361399200 ) ) ;
#2684 = CIRCLE ( 'NONE', #2239, 99.99999999999987200 ) ;
#2685 = CARTESIAN_POINT ( 'NONE',  ( -114.0863099753204900, 498.6158452654366300, -303.9661819416186900 ) ) ;
#2686 = CARTESIAN_POINT ( 'NONE',  ( 1657.980722345475900, -176.3698985561189000, 386.2558888736069200 ) ) ;
#2687 = CARTESIAN_POINT ( 'NONE',  ( 2693.968323327211200, 209.7918537950288300, 152.4166124130310000 ) ) ;
#2688 = CARTESIAN_POINT ( 'NONE',  ( 692.6624647283659900, -176.7009481911033800, -368.6710882553817900 ) ) ;
#2689 = CARTESIAN_POINT ( 'NONE',  ( 188.0401170026547100, -175.7333906995578700, -243.2985923002697700 ) ) ;
#2690 = ORIENTED_EDGE ( 'NONE', *, *, #5324, .F. ) ;
#2691 = CARTESIAN_POINT ( 'NONE',  ( 1588.254164154618400, -369.2081204829041200, 209.7267601632492500 ) ) ;
#2692 = CARTESIAN_POINT ( 'NONE',  ( 646.1781409625371000, -12.14106314151158200, -408.6492134051850900 ) ) ;
#2693 = CARTESIAN_POINT ( 'NONE',  ( 2913.058602738139100, -261.0532285704169900, 65.24429301791711600 ) ) ;
#2694 = CARTESIAN_POINT ( 'NONE',  ( 690.1843082892436300, -468.6847224205139900, 305.1083079155042700 ) ) ;
#2695 = CARTESIAN_POINT ( 'NONE',  ( -257.1729551314124400, 219.2595265489991900, -103.6358868373369100 ) ) ;
#2696 = CARTESIAN_POINT ( 'NONE',  ( 1796.729480986066400, -369.2680074124819500, -256.7170348167210200 ) ) ;
#2697 = CARTESIAN_POINT ( 'NONE',  ( 2915.822899625886300, -172.7150191533067400, 14.48333695233352900 ) ) ;
#2698 = CARTESIAN_POINT ( 'NONE',  ( 957.5324468339391600, -594.6595195421998600, -68.48945459019095900 ) ) ;
#2699 = CARTESIAN_POINT ( 'NONE',  ( 304.2735632715188100, 329.5313898520140000, 671.9263873653893600 ) ) ;
#2700 = CARTESIAN_POINT ( 'NONE',  ( 939.4621225506404000, 19.90150728271941100, -458.1442288907767900 ) ) ;
#2701 = CARTESIAN_POINT ( 'NONE',  ( 1547.451878260461600, 9.285080975086140500, 549.8040247569503000 ) ) ;
#2702 = CARTESIAN_POINT ( 'NONE',  ( 2269.948991682409500, -411.1489118333715300, -412.9943123240092900 ) ) ;
#2703 = ADVANCED_FACE ( 'NONE', ( #2367 ), #4192, .F. ) ;
#2704 = CARTESIAN_POINT ( 'NONE',  ( 692.6624647283659900, -176.7009481911033800, -368.6710882553817900 ) ) ;
#2705 = CARTESIAN_POINT ( 'NONE',  ( 218.9543979933611700, 202.3180503659347400, -253.3183748319847800 ) ) ;
#2706 = CARTESIAN_POINT ( 'NONE',  ( 83.19416547898727300, -292.0389839094767700, 465.9231043166634000 ) ) ;
#2707 = CARTESIAN_POINT ( 'NONE',  ( 1384.756712802297000, -545.4312120664831100, 69.82934546457092000 ) ) ;
#2708 = CARTESIAN_POINT ( 'NONE',  ( 2377.784325168089700, 46.84705483488914300, -447.2901844942763900 ) ) ;
#2709 = CARTESIAN_POINT ( 'NONE',  ( 2900.670323286172300, -244.4928575160908500, 41.44063599174332100 ) ) ;
#2710 = CARTESIAN_POINT ( 'NONE',  ( 1299.460023057314600, 146.6187730692259400, -692.2242340847705000 ) ) ;
#2711 = CARTESIAN_POINT ( 'NONE',  ( -114.0863099753204500, 196.6061984841186100, -718.4105953464071500 ) ) ;
#2712 = CARTESIAN_POINT ( 'NONE',  ( 1007.199265687309200, 5.708957576117353700, 424.5792010107563200 ) ) ;
#2713 = CARTESIAN_POINT ( 'NONE',  ( 2786.937994468030000, 253.8209659407251600, -53.09003827362894900 ) ) ;
#2714 = CARTESIAN_POINT ( 'NONE',  ( 1041.295236621387200, 172.1634499642104600, 370.8117656698790900 ) ) ;
#2715 = CARTESIAN_POINT ( 'NONE',  ( 1343.443848272285300, -2.108748872864648400, -408.8240371136929000 ) ) ;
#2716 = CARTESIAN_POINT ( 'NONE',  ( 2913.058602738139100, -261.0532285704169900, 65.24429301791711600 ) ) ;
#2717 = CARTESIAN_POINT ( 'NONE',  ( 1433.934447050772000, -316.2483296017316500, 461.2417538360949700 ) ) ;
#2718 = CARTESIAN_POINT ( 'NONE',  ( -251.5755012119192600, 225.7378798383245200, -108.7472699783636900 ) ) ;
#2719 = CARTESIAN_POINT ( 'NONE',  ( 1564.307840113643100, 405.3785410218462700, -194.7606577994656600 ) ) ;
#2720 = CARTESIAN_POINT ( 'NONE',  ( 3192.113202434541100, -208.6123375098545700, 75.62783278258682200 ) ) ;
#2721 = CARTESIAN_POINT ( 'NONE',  ( 2793.665743714487200, 473.4467972459276600, -366.2764891557811800 ) ) ;
#2722 = CARTESIAN_POINT ( 'NONE',  ( 1117.749244048747900, 744.9162360666841800, 71.93864844883560700 ) ) ;
#2723 = CARTESIAN_POINT ( 'NONE',  ( 846.4933574859289800, 352.8274239113642900, -292.9248330965012900 ) ) ;
#2724 = CARTESIAN_POINT ( 'NONE',  ( 2128.506515492966600, -477.1897363406112000, 273.2407478200244100 ) ) ;
#2725 = CARTESIAN_POINT ( 'NONE',  ( 2913.058602738347400, -307.8531166490925000, 69.73910233162368400 ) ) ;
#2726 = CARTESIAN_POINT ( 'NONE',  ( 1785.045603723858700, 300.9619074708048700, 276.7008100709275000 ) ) ;
#2727 = CARTESIAN_POINT ( 'NONE',  ( 218.9543979933611700, 116.5314231406408000, -439.2640347981518400 ) ) ;
#2728 = CARTESIAN_POINT ( 'NONE',  ( 245.8892769056061500, 430.8942484410561100, 341.6144778482214400 ) ) ;
#2729 = CARTESIAN_POINT ( 'NONE',  ( 2082.022338045518600, -546.9806147686260800, 56.42278413039164800 ) ) ;
#2730 = CARTESIAN_POINT ( 'NONE',  ( 1773.487522812369400, -308.0932283253124000, -327.6309195132064400 ) ) ;
#2731 = CARTESIAN_POINT ( 'NONE',  ( 3089.085192021926100, -274.6789859615638000, -89.90993090757965000 ) ) ;
#2732 = B_SPLINE_CURVE_WITH_KNOTS ( 'NONE', 3,
 ( #2273, #1673, #5645, #152, #6134, #1597, #3093, #5722, #6212, #6189, #4726 ),
 .UNSPECIFIED., .F., .F.,
 ( 4, 1, 1, 1, 1, 1, 1, 1, 4 ),
 ( 0.0000000000000000000, 0.1310067489229985400, 0.2704879348968757300, 0.4156889210437309500, 0.5630757155919138300, 0.6780360687517518200, 0.7901411029408836900, 0.8978510536203060400, 1.000000000000000000 ),
 .UNSPECIFIED. ) ;
#2733 = CARTESIAN_POINT ( 'NONE',  ( -127.0435568143245900, 22.06250320313288100, -137.4071869632297800 ) ) ;
#2734 = CARTESIAN_POINT ( 'NONE',  ( 1193.136644523474600, 421.9752477100066100, -47.29734849041153000 ) ) ;
#2735 = CARTESIAN_POINT ( 'NONE',  ( 2900.670323285992700, -401.0479137257164000, -62.40872025873457600 ) ) ;
#2736 = CARTESIAN_POINT ( 'NONE',  ( 1203.990706516283600, 387.5284852942010000, -130.2429373804942800 ) ) ;
#2737 = CARTESIAN_POINT ( 'NONE',  ( 2905.311205738229500, -406.7209460015514500, -99.84457475499688400 ) ) ;
#2738 = CARTESIAN_POINT ( 'NONE',  ( 2180.162697556363600, -385.6362288835674100, -135.7430616858941900 ) ) ;
#2739 = CARTESIAN_POINT ( 'NONE',  ( 2913.058602738332000, -395.7210352374131600, 18.31083667629140900 ) ) ;
#2740 = CARTESIAN_POINT ( 'NONE',  ( 1596.629649365538600, 423.5733624230036900, 365.1605025754530500 ) ) ;
#2741 = CARTESIAN_POINT ( 'NONE',  ( -171.8266809702213600, 246.0031518488813400, 115.2635480371375500 ) ) ;
#2742 = CARTESIAN_POINT ( 'NONE',  ( 2982.081054147605800, 369.2908182673455700, -256.6842791631464700 ) ) ;
#2743 = CARTESIAN_POINT ( 'NONE',  ( 3093.515542065731100, 1.238902004596969200, -111.5249083952065000 ) ) ;
#2744 = CARTESIAN_POINT ( 'NONE',  ( 2468.274768929596600, -381.6919916102345400, 461.1093042718352400 ) ) ;
#2745 = EDGE_CURVE ( 'NONE', #3336, #5150, #1949, .T. ) ;
#2746 = CARTESIAN_POINT ( 'NONE',  ( 1791.773169754616900, 708.1370277316086700, 242.1101833984211600 ) ) ;
#2747 = CARTESIAN_POINT ( 'NONE',  ( 1989.053378438320400, -409.1354506476456500, -367.3944513431507600 ) ) ;
#2748 = CARTESIAN_POINT ( 'NONE',  ( 61.94123650696374000, 307.7213332981186200, -180.3963784427493200 ) ) ;
#2749 = CARTESIAN_POINT ( 'NONE',  ( 2063.951822567518800, -76.90435639575090900, -401.5310024142213500 ) ) ;
#2750 = CARTESIAN_POINT ( 'NONE',  ( 218.9543979933612500, 167.3695522412555200, -401.2152291334380700 ) ) ;
#2751 = CARTESIAN_POINT ( 'NONE',  ( 2740.475086140433600, -112.3318132028392700, -698.5980059180424200 ) ) ;
#2752 = CARTESIAN_POINT ( 'NONE',  ( 1849.600242808020300, 220.5130624759951300, -503.7305270327881900 ) ) ;
#2753 = CARTESIAN_POINT ( 'NONE',  ( -212.4786724770602000, 0.0000000000000000000, 0.0000000000000000000 ) ) ;
#2754 = CARTESIAN_POINT ( 'NONE',  ( -262.7452775920335200, 67.80126430858248900, -551.0491799788335400 ) ) ;
#2755 = COLOUR_RGB ( '',0.7921568627450980000, 0.8196078431372548800, 0.9333333333333333500 ) ;
#2756 = CARTESIAN_POINT ( 'NONE',  ( 968.3867846126880700, -580.0787920073490800, 55.82203233079700100 ) ) ;
#2757 = CARTESIAN_POINT ( 'NONE',  ( 612.0823020960835900, 162.0333484207332000, -392.4858443243468300 ) ) ;
#2758 = CARTESIAN_POINT ( 'NONE',  ( 158.0921501233519300, -382.4721521003310700, 144.4184304399399500 ) ) ;
#2759 = CARTESIAN_POINT ( 'NONE',  ( 2737.975258482487800, 17.95276291876864900, -408.4340046347451800 ) ) ;
#2760 = CARTESIAN_POINT ( 'NONE',  ( 2773.605583667111700, -67.94275007601241600, -419.1488574054469600 ) ) ;
#2761 = CARTESIAN_POINT ( 'NONE',  ( 2249.889268004541900, -392.0596438645259800, 115.8909414631016700 ) ) ;
#2762 = CARTESIAN_POINT ( 'NONE',  ( 2913.058602738183300, -407.7202966610681800, -3.552609226616568100 ) ) ;
#2763 = CARTESIAN_POINT ( 'NONE',  ( 1643.114117048515000, 535.2133566838015200, 162.1836988372108100 ) ) ;
#2764 = CARTESIAN_POINT ( 'NONE',  ( 144.0561672930074300, -253.5187294370273600, -542.3203842917012000 ) ) ;
#2765 = CARTESIAN_POINT ( 'NONE',  ( 3098.668574264835100, -40.15243564173414400, 135.5835157732112700 ) ) ;
#2766 = CARTESIAN_POINT ( 'NONE',  ( 3049.329676713990900, -583.7598392864972500, -111.2394574081362900 ) ) ;
#2767 = VECTOR ( 'NONE', #5502, 1000.000000000000000 ) ;
#2768 = CARTESIAN_POINT ( 'NONE',  ( 1210.719203068167900, 553.5573579655045900, -503.6371768776279500 ) ) ;
#2769 = CARTESIAN_POINT ( 'NONE',  ( 2384.170572341543900, 520.7925428737503400, 176.4811205987018400 ) ) ;
#2770 = CARTESIAN_POINT ( 'NONE',  ( 2913.058602738325600, -416.2739075224482700, -66.47794835451811900 ) ) ;
#2771 = CARTESIAN_POINT ( 'NONE',  ( 762.3890178889649900, -359.1752893258226300, -195.2811131509199400 ) ) ;
#2772 = EDGE_LOOP ( 'NONE', ( #2842, #2439, #3627, #5790, #2599 ) ) ;
#2773 = CARTESIAN_POINT ( 'NONE',  ( -95.07192497943370300, 310.2329677664033600, -608.1955153450586500 ) ) ;
#2774 = CARTESIAN_POINT ( 'NONE',  ( 2879.928489444849700, -693.5353404577933800, -111.6641039454445000 ) ) ;
#2775 = CARTESIAN_POINT ( 'NONE',  ( 1733.389529185310000, 546.2470582862451900, -63.13082499465094300 ) ) ;
#2776 = CARTESIAN_POINT ( 'NONE',  ( 2860.914187333825300, -56.41808020502764300, 320.1141847013705000 ) ) ;
#2777 = CARTESIAN_POINT ( 'NONE',  ( -74.32948380835657100, 139.0676575517168200, -233.8789887738441300 ) ) ;
#2778 = ORIENTED_EDGE ( 'NONE', *, *, #1035, .F. ) ;
#2779 = CARTESIAN_POINT ( 'NONE',  ( 178.1520782754866200, -440.4089051747785700, -381.6382704574272100 ) ) ;
#2780 = CARTESIAN_POINT ( 'NONE',  ( 2192.550946324452500, -399.9637200178939300, -142.5799426460466200 ) ) ;
#2781 = CARTESIAN_POINT ( 'NONE',  ( 134.8500624474557100, -404.0896456596732900, 62.07277876350009600 ) ) ;
#2782 = CARTESIAN_POINT ( 'NONE',  ( 2133.678375752125700, -297.5436869918284500, -280.3732969205333300 ) ) ;
#2783 = CARTESIAN_POINT ( 'NONE',  ( 2435.826462530583300, 153.7611886634599300, 378.8127946555094900 ) ) ;
#2784 = CARTESIAN_POINT ( 'NONE',  ( 3193.954271123464000, -435.2969852274164900, 18.83289813904457700 ) ) ;
#2785 = EDGE_LOOP ( 'NONE', ( #2925, #94, #4669, #5314, #2140 ) ) ;
#2786 = CARTESIAN_POINT ( 'NONE',  ( 2224.168771775995500, 115.9867315802769000, 547.0867573712249600 ) ) ;
#2787 = CARTESIAN_POINT ( 'NONE',  ( 2470.753111645026800, -299.9598391912618900, -335.0931302957706100 ) ) ;
#2788 = CARTESIAN_POINT ( 'NONE',  ( 3237.745166094160600, -210.6847626369850800, 66.23943946816196200 ) ) ;
#2789 = CARTESIAN_POINT ( 'NONE',  ( 3026.087096784155600, -554.5300624653580100, -230.4903643997698700 ) ) ;
#2790 = CARTESIAN_POINT ( 'NONE',  ( 2163.647932963650000, -741.7638137259001500, -99.30784030347369700 ) ) ;
#2791 = CARTESIAN_POINT ( 'NONE',  ( 100.7538683739703900, -409.3679296927246000, -112.7710983124488800 ) ) ;
#2792 = CARTESIAN_POINT ( 'NONE',  ( 2328.821662316946500, -557.5660821422751500, -217.7857012419282200 ) ) ;
#2793 = CARTESIAN_POINT ( 'NONE',  ( 1692.076702687954100, -2.908262110516520900, 408.8191012601139400 ) ) ;
#2794 = CARTESIAN_POINT ( 'NONE',  ( 61.94123650696374700, 213.6767058318305300, -68.58968059316183000 ) ) ;
#2795 = CARTESIAN_POINT ( 'NONE',  ( 919.9128594762146300, 340.3019730647213200, 431.9322031831143800 ) ) ;
#2796 = CARTESIAN_POINT ( 'NONE',  ( 449.3867119737771000, 407.9542018470962700, 117.7857756406480000 ) ) ;
#2797 = CARTESIAN_POINT ( 'NONE',  ( 3237.745328268165800, -410.9836437881041900, 39.99340993474142900 ) ) ;
#2798 = CARTESIAN_POINT ( 'NONE',  ( -74.32948380835657100, 147.1570382319319800, -344.0260653235035300 ) ) ;
#2799 = CARTESIAN_POINT ( 'NONE',  ( 1536.087824099330200, -47.33960552378150800, -296.2037756573936300 ) ) ;
#2800 = CARTESIAN_POINT ( 'NONE',  ( 95.07192497943361800, 49.57249368686932200, -287.6265103850016100 ) ) ;
#2801 = CARTESIAN_POINT ( 'NONE',  ( 85.18374999450449500, -11.51692598476615000, -584.3472152484894200 ) ) ;
#2802 = CARTESIAN_POINT ( 'NONE',  ( 2076.340061156901400, -78.21191419390091000, -417.3522151804077100 ) ) ;
#2803 = CARTESIAN_POINT ( 'NONE',  ( 65.12351535025928200, -363.8638588967555200, -186.4063056658902400 ) ) ;
#2804 = CARTESIAN_POINT ( 'NONE',  ( 2892.922926285896700, -391.4949522048196400, -95.77534665921332600 ) ) ;
#2805 = CARTESIAN_POINT ( 'NONE',  ( 2645.006163267358700, 314.6877107250134600, -260.9851914378475600 ) ) ;
#2806 = CARTESIAN_POINT ( 'NONE',  ( 3193.954305078371400, -446.8249432546027700, -79.38839320726081900 ) ) ;
#2807 = CARTESIAN_POINT ( 'NONE',  ( 1250.474906870277000, 301.5027320496944900, -276.1118094576037300 ) ) ;
#2808 = CARTESIAN_POINT ( 'NONE',  ( 2865.870292397467400, 407.7211934832973800, 189.8070304100631300 ) ) ;
#2809 = CARTESIAN_POINT ( 'NONE',  ( 3187.998567354929900, -224.3507587397408800, -146.8293421352659000 ) ) ;
#2810 = CARTESIAN_POINT ( 'NONE',  ( 2235.853274909227800, -213.0704512022140600, -559.3847798546261200 ) ) ;
#2811 = CARTESIAN_POINT ( 'NONE',  ( 1140.992625663489900, 743.6641250962416100, -83.90363674417676500 ) ) ;
#2812 = CARTESIAN_POINT ( 'NONE',  ( -54.19383950686793100, 31.85626587600423700, -418.7089904382343700 ) ) ;
#2813 = CARTESIAN_POINT ( 'NONE',  ( 2933.118855035627800, -199.2909778193422600, -564.4406291763999700 ) ) ;
#2814 = CARTESIAN_POINT ( 'NONE',  ( 2110.436127032379800, -233.0236594598453300, -335.9188281568156100 ) ) ;
#2815 = CARTESIAN_POINT ( 'NONE',  ( -218.9543979933612300, 193.8983024033412900, -95.18579601414428700 ) ) ;
#2816 =( BOUNDED_CURVE ( )  B_SPLINE_CURVE ( 3, ( #3183, #2464, #4565, #527 ),
 .UNSPECIFIED., .F., .T. ) 
 B_SPLINE_CURVE_WITH_KNOTS ( ( 4, 4 ),
 ( 0.0000000000000000000, 0.4999999999999999400 ),
 .UNSPECIFIED. ) 
 CURVE ( )  GEOMETRIC_REPRESENTATION_ITEM ( )  RATIONAL_B_SPLINE_CURVE ( ( 1.000000000000000000, 0.3333333333333334300, 0.3333333333333333700, 0.9999999999999998900 ) ) 
 REPRESENTATION_ITEM ( '' )  );
#2817 = CARTESIAN_POINT ( 'NONE',  ( 658.5664191527041600, -10.91872795160985300, -424.4771967385190700 ) ) ;
#2818 = CARTESIAN_POINT ( 'NONE',  ( 2860.914187334398300, -180.4521259151050900, 377.3611072992297300 ) ) ;
#2819 = EDGE_CURVE ( 'NONE', #5541, #1351, #1766, .T. ) ;
#2820 = CARTESIAN_POINT ( 'NONE',  ( -74.32948380835657100, 72.84742819717213500, -398.3207102160999400 ) ) ;
#2821 = CARTESIAN_POINT ( 'NONE',  ( 1048.001908113436000, -264.6924045872078200, 141.1228492377041400 ) ) ;
#2822 = CARTESIAN_POINT ( 'NONE',  ( -61.94123650696379000, 128.4326349918439100, -391.1242823877532800 ) ) ;
#2823 = CARTESIAN_POINT ( 'NONE',  ( 526.7848664408709300, 435.7001968705670300, 387.0052309522346800 ) ) ;
#2824 = CARTESIAN_POINT ( 'NONE',  ( 2494.699381346197200, 304.2596785729984400, 296.1858475686171300 ) ) ;
#2825 = CARTESIAN_POINT ( 'NONE',  ( 88.36558040390535500, -394.5761393661123900, -107.0067395649380700 ) ) ;
#2826 = CARTESIAN_POINT ( 'NONE',  ( 2737.975258482487800, 17.95276291876864900, -408.4340046347451800 ) ) ;
#2827 = CARTESIAN_POINT ( 'NONE',  ( 2913.058602738183300, -407.7202966610681800, -3.552609226616568100 ) ) ;
#2828 = CARTESIAN_POINT ( 'NONE',  ( 483.4828090118803100, 404.8210861601573900, -57.10925365833679000 ) ) ;
#2829 = CARTESIAN_POINT ( 'NONE',  ( 2749.659337869949500, 41.31522017058224300, 447.8350886742616700 ) ) ;
#2830 = CARTESIAN_POINT ( 'NONE',  ( 2999.743770017367800, -43.61645227610394900, -83.79272227445885300 ) ) ;
#2831 = CARTESIAN_POINT ( 'NONE',  ( 3187.478672477060200, -13.68132597692912200, 119.2175378017472700 ) ) ;
#2832 = CARTESIAN_POINT ( 'NONE',  ( 1768.508724324042800, -234.3899829438399300, 187.1866446719432400 ) ) ;
#2833 = CARTESIAN_POINT ( 'NONE',  ( 248.5829830146321300, 542.5271171049735100, 135.7266142108138100 ) ) ;
#2834 = LINE ( 'NONE', #5952, #2196 ) ;
#2835 = CARTESIAN_POINT ( 'NONE',  ( -38.69938682774781600, -18.69921223518427300, -425.0968237248495100 ) ) ;
#2836 = CARTESIAN_POINT ( 'NONE',  ( 3041.582166138990900, -570.6881676666938600, -153.8018998929150000 ) ) ;
#2837 = CARTESIAN_POINT ( 'NONE',  ( 160.5710482480333800, -54.52464897956911500, -254.6456293598120100 ) ) ;
#2838 = CARTESIAN_POINT ( 'NONE',  ( -912.4786724770601700, 0.0000000000000000000, 0.0000000000000000000 ) ) ;
#2839 = CARTESIAN_POINT ( 'NONE',  ( 216.9648834005340900, -303.5637082683479700, 296.8992418256731300 ) ) ;
#2840 = CARTESIAN_POINT ( 'NONE',  ( 2470.753111645026800, -299.9598391912618900, -335.0931302957706100 ) ) ;
#2841 = CARTESIAN_POINT ( 'NONE',  ( 3237.651081884521300, -263.6557485379974500, 91.82852929684999300 ) ) ;
#2842 = ORIENTED_EDGE ( 'NONE', *, *, #4630, .F. ) ;
#2843 = CARTESIAN_POINT ( 'NONE',  ( -37.33076104388149500, 44.35957571733168000, 85.00055224869147700 ) ) ;
#2844 = CARTESIAN_POINT ( 'NONE',  ( 745.8527447630941700, 181.8828028132330400, -238.5293687860360900 ) ) ;
#2845 = CARTESIAN_POINT ( 'NONE',  ( -61.94123650696379700, 108.7436509782912600, -403.8920581914684900 ) ) ;
#2846 = CARTESIAN_POINT ( 'NONE',  ( 3031.259108498044500, 53.54925539244804600, -455.4362862896346700 ) ) ;
#2847 = CARTESIAN_POINT ( 'NONE',  ( 2680.636928791563200, 264.9369102135892100, -331.8259156840658800 ) ) ;
#2848 = CARTESIAN_POINT ( 'NONE',  ( 855.3578526468928700, -385.9010660686927800, 134.9886644695433800 ) ) ;
#2849 = FACE_OUTER_BOUND ( 'NONE', #627, .T. ) ;
#2850 = CARTESIAN_POINT ( 'NONE',  ( 2915.822899625886300, -172.7150191533067400, 14.48333695233352900 ) ) ;
#2851 = CARTESIAN_POINT ( 'NONE',  ( 2879.928489444849200, -694.5430020323984800, -100.9222159279452600 ) ) ;
#2852 = CARTESIAN_POINT ( 'NONE',  ( 460.2409429860440500, 407.8712830925546800, 27.97167161329847900 ) ) ;
#2853 = CARTESIAN_POINT ( 'NONE',  ( 1259.681363696535300, 512.1245377672772700, 309.9013986405537400 ) ) ;
#2854 = CARTESIAN_POINT ( 'NONE',  ( 3093.515542065731100, 1.238902004596969200, -111.5249083952065000 ) ) ;
#2855 = CARTESIAN_POINT ( 'NONE',  ( 74.32948380835650000, 237.0893072668155800, -67.89925601098237000 ) ) ;
#2856 = CARTESIAN_POINT ( 'NONE',  ( 1140.969756023535600, -73.19249099888990900, 290.8958159678643400 ) ) ;
#2857 = ORIENTED_EDGE ( 'NONE', *, *, #4502, .T. ) ;
#2858 = CARTESIAN_POINT ( 'NONE',  ( -53.56550109392532700, -549.7690825013684200, 102.5257736045974200 ) ) ;
#2859 = CARTESIAN_POINT ( 'NONE',  ( 426.1445377633462500, 374.7138869023844400, 199.7238239529859200 ) ) ;
#2860 = CARTESIAN_POINT ( 'NONE',  ( 2654.212629772049200, 496.3014776929940700, 334.6568166940511400 ) ) ;
#2861 = CARTESIAN_POINT ( 'NONE',  ( 2714.732731029443100, 102.1565880085949800, -395.8609714694922600 ) ) ;
#2862 = CARTESIAN_POINT ( 'NONE',  ( 402.9026067520941900, 325.2240922817134700, 273.0004391538153100 ) ) ;
#2863 = VERTEX_POINT ( 'NONE', #2075 ) ;
#2864 = CARTESIAN_POINT ( 'NONE',  ( 1471.338953723458200, 416.5430330021095000, 169.5724326758684700 ) ) ;
#2865 = CARTESIAN_POINT ( 'NONE',  ( 3049.329656243063700, -548.6752232434203100, 102.1668685897330400 ) ) ;
#2866 = CARTESIAN_POINT ( 'NONE',  ( -128.1821164391437800, 276.7429915966978900, 91.00999290863859400 ) ) ;
#2867 = CARTESIAN_POINT ( 'NONE',  ( 1489.602503465379000, 76.75680393384917000, -289.9756873746579200 ) ) ;
#2868 = CARTESIAN_POINT ( 'NONE',  ( -61.94123650696377600, 161.7377721547260300, -350.1904221682440800 ) ) ;
#2869 = CARTESIAN_POINT ( 'NONE',  ( 2269.948991682409500, -411.1489118333715900, -412.9943123240093400 ) ) ;
#2870 = CARTESIAN_POINT ( 'NONE',  ( 1924.498714353193900, 357.1414893114838900, -198.9758098127023800 ) ) ;
#2871 = EDGE_CURVE ( 'NONE', #5150, #3336, #6277, .T. ) ;
#2872 = CARTESIAN_POINT ( 'NONE',  ( 2914.552265943959800, -211.6127533775217000, 38.53217621532277100 ) ) ;
#2873 = CARTESIAN_POINT ( 'NONE',  ( 3036.938026107399800, -336.2744286953650900, 225.5829539246277300 ) ) ;
#2874 = CARTESIAN_POINT ( 'NONE',  ( -51.08769990143264300, -19.04133491132639800, -409.1123069814605100 ) ) ;
#2875 = CARTESIAN_POINT ( 'NONE',  ( 818.0793251499775400, -121.5011669059694700, -586.1298540916797000 ) ) ;
#2876 = CARTESIAN_POINT ( 'NONE',  ( 3030.147118542901800, 192.1763916521028400, 166.7214052055431100 ) ) ;
#2877 = CARTESIAN_POINT ( 'NONE',  ( 74.32948380835651400, 322.1093516255354500, -173.8926435654879300 ) ) ;
#2878 = CARTESIAN_POINT ( 'NONE',  ( 1001.516666340409900, -299.1729300779563200, 21.75042287637936400 ) ) ;
#2879 = CARTESIAN_POINT ( 'NONE',  ( 62.64526207227337600, -188.2501149344403800, 526.6102845842558500 ) ) ;
#2880 = CARTESIAN_POINT ( 'NONE',  ( 286.6914343002495100, -72.10246702905189400, 418.4511018544502600 ) ) ;
#2881 = CARTESIAN_POINT ( 'NONE',  ( 2.124352961820474400, -579.4475513949055300, -473.6815015683727700 ) ) ;
#2882 = CARTESIAN_POINT ( 'NONE',  ( 2319.615838369911700, -249.8588849081955300, 323.5923471361556400 ) ) ;
#2883 = CARTESIAN_POINT ( 'NONE',  ( 170.4804369296374500, -397.8368357175933700, 148.4115961522967700 ) ) ;
#2884 = CARTESIAN_POINT ( 'NONE',  ( 358.4074624448121000, -391.7832678589198800, -238.3434148241571200 ) ) ;
#2885 = CARTESIAN_POINT ( 'NONE',  ( 2633.448230795350800, -366.1130626027479000, 261.1967098091415700 ) ) ;
#2886 = DIRECTION ( 'NONE',  ( 0.0000000000000000000, 0.0000000000000000000, 1.000000000000000000 ) ) ;
#2887 = CARTESIAN_POINT ( 'NONE',  ( 205.7369192019271200, -48.51787151969158900, -31.07828789349605000 ) ) ;
#2888 = CARTESIAN_POINT ( 'NONE',  ( 699.3690766835369500, 262.9406972956944100, -144.3603856328132300 ) ) ;
#2889 = CARTESIAN_POINT ( 'NONE',  ( 218.9543979933612000, 147.8801673754283900, -419.9999185639864000 ) ) ;
#2890 = CARTESIAN_POINT ( 'NONE',  ( 1107.839924744070500, -128.9555056105215600, 568.3115052110408700 ) ) ;
#2891 = CARTESIAN_POINT ( 'NONE',  ( 1064.537564851477600, 245.2299403991669400, 327.1144069844887100 ) ) ;
#2892 = CARTESIAN_POINT ( 'NONE',  ( -61.94123650696379000, 119.9427753087445900, -194.6341534985648100 ) ) ;
#2893 = CARTESIAN_POINT ( 'NONE',  ( 274.3031590887173900, -67.81573125963221600, 403.1657031113060200 ) ) ;
#2894 = CARTESIAN_POINT ( 'NONE',  ( 887.8058857049136300, -441.8251100445525000, -403.8580405110108100 ) ) ;
#2895 = CARTESIAN_POINT ( 'NONE',  ( 2712.254833905822600, -150.7693146299229200, 157.2324716472707800 ) ) ;
#2896 = CARTESIAN_POINT ( 'NONE',  ( 1652.298299086565300, -279.7490348427198800, -108.2504195484454900 ) ) ;
#2897 = CARTESIAN_POINT ( 'NONE',  ( 2837.670885044849000, -699.4147950968438200, -276.2066742414289700 ) ) ;
#2898 = CARTESIAN_POINT ( 'NONE',  ( 2192.550946324452500, -399.9637200178939300, -142.5799426460466200 ) ) ;
#2899 = CARTESIAN_POINT ( 'NONE',  ( 722.6331260417802000, -656.3207737262548600, -359.6097133295531300 ) ) ;
#2900 = CARTESIAN_POINT ( 'NONE',  ( 2598.522118862390900, 393.4522411681701300, -111.0710692504417700 ) ) ;
#2901 = CARTESIAN_POINT ( 'NONE',  ( -61.94123650696380400, 85.45494405054934400, -413.5030687041288500 ) ) ;
#2902 = CARTESIAN_POINT ( 'NONE',  ( 823.2513242880929700, 405.8458161266517500, -213.4993353561740700 ) ) ;
#2903 = CARTESIAN_POINT ( 'NONE',  ( 190.5403053821725300, -451.5942277963227400, -392.9023899436716600 ) ) ;
#2904 = CARTESIAN_POINT ( 'NONE',  ( 2900.670323285990000, -232.5574561332275300, 33.02158381743287000 ) ) ;
#2905 = CARTESIAN_POINT ( 'NONE',  ( 2099.581936054847600, -162.9542179362596200, -392.1046848399512300 ) ) ;
#2906 = CARTESIAN_POINT ( 'NONE',  ( -95.07192497943366000, 449.4958756123501800, -215.3815889692523100 ) ) ;
#2907 = CARTESIAN_POINT ( 'NONE',  ( 1317.019630680450700, 580.7201012066671000, -48.69942136333715200 ) ) ;
#2908 = CARTESIAN_POINT ( 'NONE',  ( 785.6312820181568700, -391.8323695501248400, -116.6574936225211600 ) ) ;
#2909 = CARTESIAN_POINT ( 'NONE',  ( 283.5093205451704500, -594.3927912241410900, 70.76522811003336200 ) ) ;
#2910 = CARTESIAN_POINT ( 'NONE',  ( 1645.592490735448100, -168.3289443351968900, 372.5678028375854200 ) ) ;
#2911 = CARTESIAN_POINT ( 'NONE',  ( 1585.071523998323800, -431.7809057060324600, -414.5793264495305800 ) ) ;
#2912 = CARTESIAN_POINT ( 'NONE',  ( 2900.670323286084600, -399.1109288281068600, -26.05555586138998300 ) ) ;
#2913 = CARTESIAN_POINT ( 'NONE',  ( 1373.391973404312200, 289.1812294915213200, -79.69865159972484000 ) ) ;
#2914 = CARTESIAN_POINT ( 'NONE',  ( 2791.187306806376000, -530.2395451797093500, -528.7671773341608100 ) ) ;
#2915 = CARTESIAN_POINT ( 'NONE',  ( 2122.824377100373600, -240.6304480669044800, -349.8528394635234200 ) ) ;
#2916 = CARTESIAN_POINT ( 'NONE',  ( 745.8750893239479200, -716.5688870323401700, -215.8811150100882800 ) ) ;
#2917 = CARTESIAN_POINT ( 'NONE',  ( 509.2037993325481600, 46.84525338354716000, 255.0473739630305700 ) ) ;
#2918 = CARTESIAN_POINT ( 'NONE',  ( 890.9885569975174300, -363.9499450121270500, 218.7244327674068800 ) ) ;
#2919 = CARTESIAN_POINT ( 'NONE',  ( 2489.017270857712400, -196.1669741735811700, 226.9278157142556400 ) ) ;
#2920 = CARTESIAN_POINT ( 'NONE',  ( 585.6578377902345700, 569.8715602309051700, 183.1850811192420300 ) ) ;
#2921 = CARTESIAN_POINT ( 'NONE',  ( 2879.928489444853300, -78.68784003887398600, 286.2933081063501400 ) ) ;
#2922 = SURFACE_SIDE_STYLE ('',( #6004 ) ) ;
#2923 = CARTESIAN_POINT ( 'NONE',  ( 689.4804973249603100, 432.6705705973429900, -390.3891843834536500 ) ) ;
#2924 = CARTESIAN_POINT ( 'NONE',  ( 1355.832113132020400, -0.4983282087845749600, -424.6172645515200100 ) ) ;
#2925 = ORIENTED_EDGE ( 'NONE', *, *, #4967, .T. ) ;
#2926 = CARTESIAN_POINT ( 'NONE',  ( -218.9543979933612300, 238.3636386318893900, -458.9158787985659300 ) ) ;
#2927 = CARTESIAN_POINT ( 'NONE',  ( 1200.808544339857500, 334.4896195230453500, 477.2045302910434500 ) ) ;
#2928 = CARTESIAN_POINT ( 'NONE',  ( 1320.201464763872100, 82.60935883366725800, -400.3964600293047600 ) ) ;
#2929 =( BOUNDED_CURVE ( )  B_SPLINE_CURVE ( 3, ( #4373, #4437, #2377, #3435 ),
 .UNSPECIFIED., .F., .F. ) 
 B_SPLINE_CURVE_WITH_KNOTS ( ( 4, 4 ),
 ( 0.0000000000000000000, 0.4999999999999981100 ),
 .UNSPECIFIED. ) 
 CURVE ( )  GEOMETRIC_REPRESENTATION_ITEM ( )  RATIONAL_B_SPLINE_CURVE ( ( 1.000000000000000200, 0.3333333333333359200, 0.3333333333333334300, 0.9999999999999976700 ) ) 
 REPRESENTATION_ITEM ( '' )  );
#2930 = CARTESIAN_POINT ( 'NONE',  ( 2854.185827219896100, -343.1880853891725600, -221.8558049838693800 ) ) ;
#2931 = CARTESIAN_POINT ( 'NONE',  ( 218.9543979933612000, 139.7211787372339100, -168.0380380775823400 ) ) ;
#2932 = ORIENTED_EDGE ( 'NONE', *, *, #3949, .F. ) ;
#2933 = CARTESIAN_POINT ( 'NONE',  ( 2017.467073367538700, 92.41071793277018300, -398.2485421015642800 ) ) ;
#2934 = CARTESIAN_POINT ( 'NONE',  ( 3187.478672477060200, 252.1164015801448700, -91.85488584873243700 ) ) ;
#2935 = CARTESIAN_POINT ( 'NONE',  ( 2256.594656733042900, -100.7555773008731700, -282.5346464735485500 ) ) ;
#2936 = CARTESIAN_POINT ( 'NONE',  ( 1619.872123612856300, 490.0192195753982700, 269.5160846257929800 ) ) ;
#2937 = CARTESIAN_POINT ( 'NONE',  ( 1216.378974091563800, 403.0297565761927100, -133.6678469861857100 ) ) ;
#2938 = CARTESIAN_POINT ( 'NONE',  ( 769.1164266551993500, -745.7429143545950900, -62.79196815320190000 ) ) ;
#2939 = EDGE_CURVE ( 'NONE', #2296, #2997, #791, .T. ) ;
#2940 = CARTESIAN_POINT ( 'NONE',  ( 1555.102262728566800, -37.42595644161806900, -256.5987519505999300 ) ) ;
#2941 = CARTESIAN_POINT ( 'NONE',  ( 1565.011821730056900, -404.6396834679588300, 128.7120176484132200 ) ) ;
#2942 = CARTESIAN_POINT ( 'NONE',  ( 404.8919378762558900, -454.7489029954085700, -59.13545497695700700 ) ) ;
#2943 = CARTESIAN_POINT ( 'NONE',  ( 678.6262057350613800, 518.4341043787005700, -299.2270152553401200 ) ) ;
#2944 = CARTESIAN_POINT ( 'NONE',  ( 1735.379027789479300, -446.7463668881953800, 374.1993083987590600 ) ) ;
#2945 = CARTESIAN_POINT ( 'NONE',  ( 1518.527605486947100, -422.0848634600073400, -46.30675814131415500 ) ) ;
#2946 = CARTESIAN_POINT ( 'NONE',  ( -218.9543979933612500, 70.97173506272967800, -541.2749627333785200 ) ) ;
#2947 = CARTESIAN_POINT ( 'NONE',  ( 1619.167871147108100, -548.2519128031343600, -197.5533956258165900 ) ) ;
#2948 = CARTESIAN_POINT ( 'NONE',  ( 2598.522118862390900, 393.4522411681701300, -111.0710692504417700 ) ) ;
#2949 = CARTESIAN_POINT ( 'NONE',  ( 3049.329677012476200, -591.4650040991944000, -63.25531609042735000 ) ) ;
#2950 = CARTESIAN_POINT ( 'NONE',  ( 1671.334452065723800, -8.756086643983225700, 707.5268189571878600 ) ) ;
#2951 = CARTESIAN_POINT ( 'NONE',  ( 2063.951822567518800, -76.90435639575090900, -401.5310024142213500 ) ) ;
#2952 = CARTESIAN_POINT ( 'NONE',  ( 2943.450296110030200, 88.93638193905530900, 182.9610414724013800 ) ) ;
#2953 = CARTESIAN_POINT ( 'NONE',  ( 2349.564110149685800, -277.0083277344277200, -115.0829984261213200 ) ) ;
#2954 = CARTESIAN_POINT ( 'NONE',  ( 1294.481333798499900, -537.1634171446769400, -155.6035789276584200 ) ) ;
#2955 = CARTESIAN_POINT ( 'NONE',  ( 1820.675684611383800, 364.4625420738277600, 217.8697246621627800 ) ) ;
#2956 = CARTESIAN_POINT ( 'NONE',  ( 1048.022677605332300, 561.5812106072689900, 494.6735306988077200 ) ) ;
#2957 = CARTESIAN_POINT ( 'NONE',  ( 997.2897865731558800, -256.4139105327237800, -38.67225160962185300 ) ) ;
#2958 = CARTESIAN_POINT ( 'NONE',  ( 1146.652404596852200, 404.9407078602449100, 127.7619083019056200 ) ) ;
#2959 = CARTESIAN_POINT ( 'NONE',  ( 3023.586831101177700, -241.5396624920364800, -179.5107752359794500 ) ) ;
#2960 = CARTESIAN_POINT ( 'NONE',  ( 980.7750799490565900, -595.9503672279340700, 56.15704121251299300 ) ) ;
#2961 = DIRECTION ( 'NONE',  ( 1.000000000000000000, 0.0000000000000000000, 0.0000000000000000000 ) ) ;
#2962 = CARTESIAN_POINT ( 'NONE',  ( 1944.558719275123400, 491.6465166663810500, 312.8755826629609400 ) ) ;
#2963 = CARTESIAN_POINT ( 'NONE',  ( 2310.751125219810100, 136.0094512717834900, -437.9422130331711900 ) ) ;
#2964 = CARTESIAN_POINT ( 'NONE',  ( 2029.855372570679700, 97.62666697265525800, -413.2422961824517500 ) ) ;
#2965 = CARTESIAN_POINT ( 'NONE',  ( -61.94123650696380400, 171.8851068568388600, -269.8945515301224400 ) ) ;
#2966 = CARTESIAN_POINT ( 'NONE',  ( 695.1628538196588400, -428.3904138970721100, -563.1631221839489900 ) ) ;
#2967 = CARTESIAN_POINT ( 'NONE',  ( 2342.858031528222900, -177.4216387119981800, 368.3246009432328900 ) ) ;
#2968 = CARTESIAN_POINT ( 'NONE',  ( 3049.329676713990900, -583.7598392864972500, -111.2394574081362900 ) ) ;
#2969 = CARTESIAN_POINT ( 'NONE',  ( 1415.669969876360300, -524.2334765377253200, -475.2369256578168100 ) ) ;
#2970 = CARTESIAN_POINT ( 'NONE',  ( 1924.498714353193900, 357.1414893114838900, -198.9758098127023800 ) ) ;
#2971 = CARTESIAN_POINT ( 'NONE',  ( 3090.417687956871800, -40.43782390317360900, 117.3001348449571300 ) ) ;
#2972 = CARTESIAN_POINT ( 'NONE',  ( 666.9423240230170200, -521.7143172716412200, 201.4234530511826900 ) ) ;
#2973 = CARTESIAN_POINT ( 'NONE',  ( 2215.793170018386300, -420.8213477482246400, -56.65137394592055400 ) ) ;
#2974 = CARTESIAN_POINT ( 'NONE',  ( 1303.687399511467400, -1.423346619501251000, -748.3805583837477100 ) ) ;
#2975 = CARTESIAN_POINT ( 'NONE',  ( 240.2070055445150800, -235.4905126099819500, 353.3331965359094500 ) ) ;
#2976 = CARTESIAN_POINT ( 'NONE',  ( 1648.069859925026300, -215.2596744858028300, -144.5914501015122100 ) ) ;
#2977 = CARTESIAN_POINT ( 'NONE',  ( 681.8088664285991200, -98.59627392807516300, -413.0117641535836100 ) ) ;
#2978 = CARTESIAN_POINT ( 'NONE',  ( 1404.305826830909600, 382.7318376253488200, 252.6031615040304500 ) ) ;
#2979 = CARTESIAN_POINT ( 'NONE',  ( 167.2985129445814900, -360.4724267804612600, -477.8723943021237800 ) ) ;
#2980 = CARTESIAN_POINT ( 'NONE',  ( 1526.199331643517600, -221.8063923892910100, -538.8964436839194100 ) ) ;
#2981 = CARTESIAN_POINT ( 'NONE',  ( 1962.118313282495800, -130.6249755541371400, 439.5782889778377000 ) ) ;
#2982 = CARTESIAN_POINT ( 'NONE',  ( 983.9569729454711900, -82.35016715827936200, 416.5556263892082700 ) ) ;
#2983 = CARTESIAN_POINT ( 'NONE',  ( -61.94123650696381100, 147.0699192162865600, -372.8707035996889700 ) ) ;
#2984 = CARTESIAN_POINT ( 'NONE',  ( 2851.003999033269300, 163.5623078978643700, -559.3343674969760300 ) ) ;
#2985 = CARTESIAN_POINT ( 'NONE',  ( 485.9607106984921600, -6.994904593582130100, 259.2191678492538400 ) ) ;
#2986 = CARTESIAN_POINT ( 'NONE',  ( 2136.178805398408700, -602.3652438431840900, -371.2512769904300300 ) ) ;
#2987 = CARTESIAN_POINT ( 'NONE',  ( 2226.646765834828800, -407.5613246371224800, 32.17774041687190600 ) ) ;
#2988 = CARTESIAN_POINT ( 'NONE',  ( 3078.044132393762500, -249.5410079742027800, -83.66593049887669100 ) ) ;
#2989 = ADVANCED_FACE ( 'NONE', ( #3248 ), #872, .F. ) ;
#2990 = CYLINDRICAL_SURFACE ( 'NONE', #5419, 99.99999999999987200 ) ;
#2991 = CARTESIAN_POINT ( 'NONE',  ( 1201.512739555624000, -245.4426671770024200, -502.5093323956437500 ) ) ;
#2992 = CARTESIAN_POINT ( 'NONE',  ( 433.8164416162272200, 5.846917986818419300, 582.7291293720647900 ) ) ;
#2993 = CARTESIAN_POINT ( 'NONE',  ( 2727.121024962711100, 107.7389251779094600, -410.7221546982665900 ) ) ;
#2994 = CARTESIAN_POINT ( 'NONE',  ( 2279.858945392645200, -459.3055909566359100, 590.8584426347073300 ) ) ;
#2995 = CARTESIAN_POINT ( 'NONE',  ( 1485.375708209852300, 119.9828559955912900, -229.8863599670278600 ) ) ;
#2996 = CARTESIAN_POINT ( 'NONE',  ( 426.1445377633462500, 374.7138869023844400, 199.7238239529859200 ) ) ;
#2997 = VERTEX_POINT ( 'NONE', #4094 ) ;
#2998 = CARTESIAN_POINT ( 'NONE',  ( 1840.735791254275500, -24.55766433641118200, 598.0864535091991500 ) ) ;
#2999 = CARTESIAN_POINT ( 'NONE',  ( 1154.323914582264700, 112.4103489101780300, 571.8143613684609400 ) ) ;
#3000 = CARTESIAN_POINT ( 'NONE',  ( 2101.571437362017200, 376.4172963423692400, 261.9197795349191400 ) ) ;
#3001 = CARTESIAN_POINT ( 'NONE',  ( 1497.274652640645900, 444.1939245854657700, -113.9477551265053100 ) ) ;
#3002 = CARTESIAN_POINT ( 'NONE',  ( 141.5566040460327900, -65.61871467186978200, -293.6097768460929800 ) ) ;
#3003 =( BOUNDED_CURVE ( )  B_SPLINE_CURVE ( 3, ( #3334, #729, #1253, #1767 ),
 .UNSPECIFIED., .F., .T. ) 
 B_SPLINE_CURVE_WITH_KNOTS ( ( 4, 4 ),
 ( 0.0000000000000000000, 0.5000000000000003300 ),
 .UNSPECIFIED. ) 
 CURVE ( )  GEOMETRIC_REPRESENTATION_ITEM ( )  RATIONAL_B_SPLINE_CURVE ( ( 1.000000000000000000, 0.3333333333333329300, 0.3333333333333333700, 1.000000000000000400 ) ) 
 REPRESENTATION_ITEM ( '' )  );
#3004 = CARTESIAN_POINT ( 'NONE',  ( 3098.668574264835100, -40.15243564173414400, 135.5835157732112700 ) ) ;
#3005 = ORIENTED_EDGE ( 'NONE', *, *, #2745, .F. ) ;
#3006 = CARTESIAN_POINT ( 'NONE',  ( 3049.325604155817900, -339.1332103204411500, 241.1714699616448700 ) ) ;
#3007 = CARTESIAN_POINT ( 'NONE',  ( 2967.214734188788000, -401.0574903525524100, -422.9100520374715300 ) ) ;
#3008 = CARTESIAN_POINT ( 'NONE',  ( 121.8339318323512500, 2.944126928323370000, -256.5572393512707100 ) ) ;
#3009 = CARTESIAN_POINT ( 'NONE',  ( 3187.478672477060200, 6.661338147750939200E-012, -7.327471962526033200E-012 ) ) ;
#3010 = CARTESIAN_POINT ( 'NONE',  ( 2856.685374459177200, -660.9710951415045200, -261.6206923158861200 ) ) ;
#3011 = CARTESIAN_POINT ( 'NONE',  ( 3061.705799307382700, -80.78144304320014200, 160.7027287016722700 ) ) ;
#3012 = CARTESIAN_POINT ( 'NONE',  ( 3194.598723514316100, -204.1946131374903400, 72.89653890499008100 ) ) ;
#3013 = CARTESIAN_POINT ( 'NONE',  ( 620.4577462156758000, -558.5807001575142300, -27.27727873564375500 ) ) ;
#3014 = CARTESIAN_POINT ( 'NONE',  ( 1224.050477905885600, 426.0714072374696000, 397.5813233591497400 ) ) ;
#3015 = CARTESIAN_POINT ( 'NONE',  ( -191.8654893930921600, 200.6814727923488700, 99.46232192251480300 ) ) ;
#3016 = CARTESIAN_POINT ( 'NONE',  ( 2889.816753119018800, -398.6321166331462100, -150.3016251804800700 ) ) ;
#3017 = CARTESIAN_POINT ( 'NONE',  ( 2372.827717078739600, 129.3464732585235600, 737.1195020101309900 ) ) ;
#3018 = CARTESIAN_POINT ( 'NONE',  ( 565.5976434057930600, 307.1843288152108500, -293.1516709313598300 ) ) ;
#3019 = CARTESIAN_POINT ( 'NONE',  ( 681.1045490018979100, 164.4110001682563500, 418.6069846102465100 ) ) ;
#3020 = CARTESIAN_POINT ( 'NONE',  ( 2820.090063403012200, -231.9281665741588100, -355.6922131221876400 ) ) ;
#3021 = CARTESIAN_POINT ( 'NONE',  ( 2305.579835451883800, -500.3708829133890400, -328.5412097560292800 ) ) ;
#3022 = CARTESIAN_POINT ( 'NONE',  ( 387.3317496950428400, -230.8011621520798300, 535.1060836367640800 ) ) ;
#3023 = CARTESIAN_POINT ( 'NONE',  ( 2775.595015832724100, 305.7133250366715100, 341.8068514373159700 ) ) ;
#3024 = CARTESIAN_POINT ( 'NONE',  ( 2241.024562373431300, 366.7754466219205900, -275.2593744956884600 ) ) ;
#3025 = CARTESIAN_POINT ( 'NONE',  ( 2843.332141944883000, -300.7663593893897800, -299.7501137585966800 ) ) ;
#3026 = CARTESIAN_POINT ( 'NONE',  ( 3036.941401423001000, -559.6275473987522000, 42.04273926770137800 ) ) ;
#3027 = CARTESIAN_POINT ( 'NONE',  ( 2928.677579178550300, 120.6787601464836700, 210.9253950279870700 ) ) ;
#3028 = CARTESIAN_POINT ( 'NONE',  ( 3237.744545449558700, -386.0134605698650000, 64.46360512049014300 ) ) ;
#3029 = CARTESIAN_POINT ( 'NONE',  ( 485.9832232293727500, 666.2432646023277100, -238.3086427460941400 ) ) ;
#3030 = CARTESIAN_POINT ( 'NONE',  ( 625.4138769622752500, 243.9417690848787900, 87.95413767126687800 ) ) ;
#3031 = CARTESIAN_POINT ( 'NONE',  ( -62.43245932280328200, 101.6169966916318800, -180.1752205435168400 ) ) ;
#3032 = CARTESIAN_POINT ( 'NONE',  ( 1462.154824260841700, -671.8452486062610700, -222.0244636130880200 ) ) ;
#3033 = CARTESIAN_POINT ( 'NONE',  ( 3051.466241200722400, -103.4850206451573300, 174.7393994572813700 ) ) ;
#3034 = CARTESIAN_POINT ( 'NONE',  ( 3007.979811547152600, -43.32488647793927300, -65.51316065832412500 ) ) ;
#3035 = CARTESIAN_POINT ( 'NONE',  ( 367.2718598542777500, 253.1838279922610300, 320.9977413278389800 ) ) ;
#3036 = CARTESIAN_POINT ( 'NONE',  ( 1340.261653327897900, 558.0424516701374400, -167.9169505129662200 ) ) ;
#3037 = CARTESIAN_POINT ( 'NONE',  ( 2744.703523994122000, -270.6706794009120900, -697.7636674541776100 ) ) ;
#3038 = CARTESIAN_POINT ( 'NONE',  ( 333.1760408744870600, 103.6571321955121300, 411.7707511148897800 ) ) ;
#3039 = CARTESIAN_POINT ( 'NONE',  ( 402.1983301276185900, -381.4355117553130300, -238.2876196007465200 ) ) ;
#3040 = CARTESIAN_POINT ( 'NONE',  ( 3036.941140506668500, -450.2035529650881400, 182.2948837926333600 ) ) ;
#3041 = CARTESIAN_POINT ( 'NONE',  ( 1771.009238416383600, -370.2606826580875500, 470.3376482172742500 ) ) ;
#3042 = CARTESIAN_POINT ( 'NONE',  ( 2148.055994532579500, 450.2659585152309200, 86.90970430985810000 ) ) ;
#3043 = CARTESIAN_POINT ( 'NONE',  ( 2884.133791276809900, 90.89329355263107900, -285.8614998236202500 ) ) ;
#3044 = CARTESIAN_POINT ( 'NONE',  ( 2541.183791378416600, 398.1839155192730000, 147.4773359526423300 ) ) ;
#3045 = CARTESIAN_POINT ( 'NONE',  ( 3193.876210206158700, -260.1292937921663800, 100.1605231275336800 ) ) ;
#3046 = CARTESIAN_POINT ( 'NONE',  ( 3187.478672477060200, -252.1164015801315400, 91.85488584871845300 ) ) ;
#3047 = CARTESIAN_POINT ( 'NONE',  ( 3089.394321090799200, -294.1747897859699500, -101.2784034606676800 ) ) ;
#3048 = CARTESIAN_POINT ( 'NONE',  ( 3013.698884241906400, -540.2338159581911400, -223.5237752745895200 ) ) ;
#3049 = CARTESIAN_POINT ( 'NONE',  ( 1020.530938022287700, -258.8633331868131200, 15.27110078977111500 ) ) ;
#3050 = CARTESIAN_POINT ( 'NONE',  ( -2.313111179756459200, 74.56194164354491200, 41.17106084561168400 ) ) ;
#3051 = CARTESIAN_POINT ( 'NONE',  ( 2153.738406257312400, 149.7860096835679300, -563.1798740167730600 ) ) ;
#3052 = CARTESIAN_POINT ( 'NONE',  ( -62.85045338383052600, 111.0622595601743300, -187.6274781207991100 ) ) ;
#3053 = CARTESIAN_POINT ( 'NONE',  ( 344.0297084077806700, 181.2118473378861800, 366.4748714020434500 ) ) ;
#3054 = CARTESIAN_POINT ( 'NONE',  ( 1456.472765198795700, 135.9198019351518700, -566.6862142857628400 ) ) ;
#3055 = CARTESIAN_POINT ( 'NONE',  ( -142.4647891281460900, 217.3175279096750200, 86.33657100061705600 ) ) ;
#3056 = CARTESIAN_POINT ( 'NONE',  ( 2866.574125531307300, -355.5833450892332600, -231.6864341944795700 ) ) ;
#3057 = CARTESIAN_POINT ( 'NONE',  ( 1954.468164939675500, 318.6879424755387000, -677.1362766762606500 ) ) ;
#3058 = CARTESIAN_POINT ( 'NONE',  ( 262.7452775920335200, 105.8469133583483600, -433.7585730333743200 ) ) ;
#3059 = CARTESIAN_POINT ( 'NONE',  ( 2541.183791378416600, 398.1839155192730000, 147.4773359526423300 ) ) ;
#3060 = CARTESIAN_POINT ( 'NONE',  ( 1515.344957384407300, -107.0802542596842500, -588.9351303694046500 ) ) ;
#3061 = CARTESIAN_POINT ( 'NONE',  ( 2008.602875601206700, 58.71700463649249000, 454.8022295119496300 ) ) ;
#3062 = CARTESIAN_POINT ( 'NONE',  ( 2256.594656733042900, -100.7555773008731700, -282.5346464735485500 ) ) ;
#3063 = CARTESIAN_POINT ( 'NONE',  ( -114.0863099753204800, 399.7307596804507200, -575.1799499862733000 ) ) ;
#3064 = CARTESIAN_POINT ( 'NONE',  ( 3037.069727925372300, -175.4476926217370500, 201.3705066972556200 ) ) ;
#3065 = DIRECTION ( 'NONE',  ( 1.000000000000000000, 0.0000000000000000000, 0.0000000000000000000 ) ) ;
#3066 = CARTESIAN_POINT ( 'NONE',  ( 3049.343713660364300, -277.6420672786630300, 243.5623583849679800 ) ) ;
#3067 = CARTESIAN_POINT ( 'NONE',  ( 2089.693709742594800, -400.2407317949963500, -583.5050762124585600 ) ) ;
#3068 = CARTESIAN_POINT ( 'NONE',  ( 83.19416547898727300, -292.0389839094767700, 465.9231043166634000 ) ) ;
#3069 = CARTESIAN_POINT ( 'NONE',  ( 1950.218986677605000, 135.4959961130462600, 221.0982588007534600 ) ) ;
#3070 = CARTESIAN_POINT ( 'NONE',  ( 2913.058602738243300, -378.6984817956279100, 37.80443157823968600 ) ) ;
#3071 = CARTESIAN_POINT ( 'NONE',  ( 2316.433416958260300, -543.2385992015914600, -210.9488069632975900 ) ) ;
#3072 = ORIENTED_EDGE ( 'NONE', *, *, #4435, .T. ) ;
#3073 = CARTESIAN_POINT ( 'NONE',  ( -74.32948380835655700, 123.8214910987587400, -216.6517884334708700 ) ) ;
#3074 = CARTESIAN_POINT ( 'NONE',  ( -198.0102992182312100, 1.172623910564816000, -100.9251934588209700 ) ) ;
#3075 = CARTESIAN_POINT ( 'NONE',  ( 2270.653128918921100, 327.7383367627722900, 453.1492808127183600 ) ) ;
#3076 = ORIENTED_EDGE ( 'NONE', *, *, #2514, .T. ) ;
#3077 = CARTESIAN_POINT ( 'NONE',  ( 689.4804973249603100, 432.6705705973429900, -390.3891843834536500 ) ) ;
#3078 = CARTESIAN_POINT ( 'NONE',  ( -215.1827503835234800, 199.8318963504022200, -99.86736719624215700 ) ) ;
#3079 = CARTESIAN_POINT ( 'NONE',  ( -74.32948380835658500, 100.1075170301505300, -390.6855150388968200 ) ) ;
#3080 = CARTESIAN_POINT ( 'NONE',  ( 341.5515014316828200, 464.9052808800847700, -310.8368415846865700 ) ) ;
#3081 = CARTESIAN_POINT ( 'NONE',  ( 38.77740138139175500, 114.1125600385031200, 29.96585250757127400 ) ) ;
#3082 = CARTESIAN_POINT ( 'NONE',  ( 2740.453448091543600, 253.5596697418251900, 54.32346104315928400 ) ) ;
#3083 = CARTESIAN_POINT ( 'NONE',  ( 3036.941401423000600, -559.6275473987522000, 42.04273926770137100 ) ) ;
#3084 = CARTESIAN_POINT ( 'NONE',  ( 2468.274768929596600, -381.6919916102346000, 461.1093042718352400 ) ) ;
#3085 = CARTESIAN_POINT ( 'NONE',  ( 1543.758946908911900, 359.9097961978268900, -284.1776446467880000 ) ) ;
#3086 = CARTESIAN_POINT ( 'NONE',  ( 2837.650168937467200, 198.9369184622679800, -224.5036404362302800 ) ) ;
#3087 = CARTESIAN_POINT ( 'NONE',  ( -114.0863099753204900, 498.6158452654366300, -303.9661819416186900 ) ) ;
#3088 = CARTESIAN_POINT ( 'NONE',  ( 3193.954271123464000, -435.2969852274164900, 18.83289813904457700 ) ) ;
#3089 = CARTESIAN_POINT ( 'NONE',  ( 2862.407850539461400, -34.80217979129906100, 307.0527455690136700 ) ) ;
#3090 = CARTESIAN_POINT ( 'NONE',  ( 2900.670323285990000, -232.5574561332275300, 33.02158381743287000 ) ) ;
#3091 = CARTESIAN_POINT ( 'NONE',  ( 1810.787537551432500, 669.0699971228212900, 230.2524452446809300 ) ) ;
#3092 = CARTESIAN_POINT ( 'NONE',  ( 245.8892769056061500, 430.8942484410561100, 341.6144778482214400 ) ) ;
#3093 = CARTESIAN_POINT ( 'NONE',  ( 3046.406640221041900, -16.24566796821762400, -100.7149313812474800 ) ) ;
#3094 = CARTESIAN_POINT ( 'NONE',  ( 2112.914644002866200, 234.6855344421735800, -110.3009243680191500 ) ) ;
#3095 = CARTESIAN_POINT ( 'NONE',  ( -210.6710471362766300, 200.1459706492341900, -100.1151699949444000 ) ) ;
#3096 = CARTESIAN_POINT ( 'NONE',  ( 207.0770463185428400, -393.1712578618380600, 588.2920424389836900 ) ) ;
#3097 = CARTESIAN_POINT ( 'NONE',  ( -119.5421438976939500, 23.92177212726273400, -118.8741393520527700 ) ) ;
#3098 = CARTESIAN_POINT ( 'NONE',  ( 2479.832800531580200, 333.0110073429833600, -449.2885737906152000 ) ) ;
#3099 = CARTESIAN_POINT ( 'NONE',  ( 960.7151196917280900, -166.8375490195445300, 390.4678884455473200 ) ) ;
#3100 = CARTESIAN_POINT ( 'NONE',  ( 28.02855264901960200, 109.3226045940422500, 13.74509954946815400 ) ) ;
#3101 = CARTESIAN_POINT ( 'NONE',  ( 74.32948380835651400, 111.2394629292836200, -583.7599928626818800 ) ) ;
#3102 = CARTESIAN_POINT ( 'NONE',  ( 620.4577462156758000, -558.5807001575142300, -27.27727873564375500 ) ) ;
#3103 = CARTESIAN_POINT ( 'NONE',  ( 7.068685283820073600, 77.83011404218044000, 58.59249179352710300 ) ) ;
#3104 = CARTESIAN_POINT ( 'NONE',  ( 2624.241749949511800, 80.74197863998770700, 246.4227552533484700 ) ) ;
#3105 = CARTESIAN_POINT ( 'NONE',  ( 2712.254833308399600, -552.4003053987058800, -18.77363776115910800 ) ) ;
#3106 = CARTESIAN_POINT ( 'NONE',  ( 1213.196815907080000, 342.6041375505486700, 490.8490830487580800 ) ) ;
#3107 = CARTESIAN_POINT ( 'NONE',  ( 48.60968617897722800, -721.6540952593799100, -198.2313235417844600 ) ) ;
#3108 = CARTESIAN_POINT ( 'NONE',  ( 3031.259108498044500, 53.54925539244804600, -455.4362862896346700 ) ) ;
#3109 = CARTESIAN_POINT ( 'NONE',  ( 2047.414964501746700, 299.7707594500372500, -10.72375435425505900 ) ) ;
#3110 = CARTESIAN_POINT ( 'NONE',  ( 2641.824325918232300, 483.8200593161166100, 324.8469798254344600 ) ) ;
#3111 = CARTESIAN_POINT ( 'NONE',  ( 2712.254833905822600, -150.7693146299229200, 157.2324716472707800 ) ) ;
#3112 = CARTESIAN_POINT ( 'NONE',  ( -127.0435568143245900, 22.06250320313288100, -137.4071869632297800 ) ) ;
#3113 = CARTESIAN_POINT ( 'NONE',  ( 1508.639735703463700, -704.1812800050605600, 69.28331670644995200 ) ) ;
#3114 = CARTESIAN_POINT ( 'NONE',  ( 989.6394171332242400, 528.8251229293119900, 150.7143979134519600 ) ) ;
#3115 = CARTESIAN_POINT ( 'NONE',  ( 3090.417687956871800, -40.43782390317360900, 117.3001348449571300 ) ) ;
#3116 = CARTESIAN_POINT ( 'NONE',  ( 1415.649152225902800, 231.9079064990243900, -116.0273650978725600 ) ) ;
#3117 = CARTESIAN_POINT ( 'NONE',  ( -212.4786724770602000, 0.0000000000000000000, -100.0000000000000000 ) ) ;
#3118 = CARTESIAN_POINT ( 'NONE',  ( 2688.308433454536500, 573.9545967573027400, 100.9148515455192800 ) ) ;
#3119 = CARTESIAN_POINT ( 'NONE',  ( 114.0863099753203200, 17.24913981454853100, -267.7570779586735100 ) ) ;
#3120 = CARTESIAN_POINT ( 'NONE',  ( 216.9648834005340900, -303.5637082683479700, 296.8992418256731300 ) ) ;
#3121 = CARTESIAN_POINT ( 'NONE',  ( 797.3156487534234900, 444.4530804597157500, 68.73801009340124300 ) ) ;
#3122 = CARTESIAN_POINT ( 'NONE',  ( 2596.043968691561100, -220.4847736609284000, -514.0030667082985500 ) ) ;
#3123 = B_SPLINE_CURVE_WITH_KNOTS ( 'NONE', 3,
 ( #1367, #6472, #5394, #2357, #356, #5415, #2476, #4046, #6067, #6497, #3475 ),
 .UNSPECIFIED., .F., .F.,
 ( 4, 1, 1, 1, 1, 1, 1, 1, 4 ),
 ( 0.0000000000000000000, 0.1309596652010233700, 0.2703805044612614900, 0.4155183640114747400, 0.5628483116599832800, 0.6778359527555952700, 0.7899865719595706700, 0.8977634396038521900, 0.9999999999999998900 ),
 .UNSPECIFIED. ) ;
#3124 = CARTESIAN_POINT ( 'NONE',  ( 1983.371238485216700, 256.7137703966662300, -338.2278385542900900 ) ) ;
#3125 = CARTESIAN_POINT ( 'NONE',  ( 948.3268923634040000, -159.1349327955550200, 376.5865914320191900 ) ) ;
#3126 = CARTESIAN_POINT ( 'NONE',  ( 364.7939280897759900, 390.4474735705927600, -400.3851501095404600 ) ) ;
#3127 = EDGE_CURVE ( 'NONE', #2432, #2863, #3003, .T. ) ;
#3128 = CARTESIAN_POINT ( 'NONE',  ( 74.32948380835650000, 223.0500988841392000, -55.98523330262157300 ) ) ;
#3129 = CARTESIAN_POINT ( 'NONE',  ( 2261.573438389534200, 410.0360136534103500, -184.7534476602869200 ) ) ;
#3130 = CARTESIAN_POINT ( 'NONE',  ( 2907.169669185735500, 125.4396543075279700, -24.20564767856559700 ) ) ;
#3131 = CARTESIAN_POINT ( 'NONE',  ( 1422.376474412211800, 364.4609555397497600, -474.8459221895725500 ) ) ;
#3132 = CARTESIAN_POINT ( 'NONE',  ( 234.5469630643597400, -126.5420056467059600, 737.6063357106666000 ) ) ;
#3133 = CARTESIAN_POINT ( 'NONE',  ( 131.6678996750783300, -247.8750968034590600, -527.4885316022832700 ) ) ;
#3134 = CARTESIAN_POINT ( 'NONE',  ( 3070.071510555134000, -291.2724125544206700, -61.98407372142544600 ) ) ;
#3135 = CARTESIAN_POINT ( 'NONE',  ( -74.32948380835655700, 149.1593346570288400, -251.6471261350765500 ) ) ;
#3136 = CARTESIAN_POINT ( 'NONE',  ( 1688.894425603805800, -560.0610738227820800, 161.0562138079175200 ) ) ;
#3137 = CARTESIAN_POINT ( 'NONE',  ( 340.8476245674322600, -427.8474136778342000, 395.6692807179394400 ) ) ;
#3138 = CARTESIAN_POINT ( 'NONE',  ( 367.2718598542777500, 253.1838279922610300, 320.9977413278389800 ) ) ;
#3139 = CARTESIAN_POINT ( 'NONE',  ( 95.07192497943366000, 51.51502657973360000, -286.9363988957420600 ) ) ;
#3140 = CARTESIAN_POINT ( 'NONE',  ( 1020.553720712338900, 294.5921126659195600, 643.3404468102567100 ) ) ;
#3141 = CARTESIAN_POINT ( 'NONE',  ( -102.7435203909671100, -435.0999936625178200, -336.3131318737098400 ) ) ;
#3142 = FACE_OUTER_BOUND ( 'NONE', #3553, .T. ) ;
#3143 = CARTESIAN_POINT ( 'NONE',  ( 3187.478672477060200, -11.40110498074510500, 99.34794816812473100 ) ) ;
#3144 = CARTESIAN_POINT ( 'NONE',  ( 974.0467967499428100, -242.8441643058533300, -90.94094681282655300 ) ) ;
#3145 = CARTESIAN_POINT ( 'NONE',  ( -212.4786724770602300, 200.0000000000000000, -100.0000000000000100 ) ) ;
#3146 = CARTESIAN_POINT ( 'NONE',  ( 2386.159971798925200, -563.8450016468631200, 147.2630189794618600 ) ) ;
#3147 = CARTESIAN_POINT ( 'NONE',  ( 74.32948380835650000, 260.1181061961383400, -84.68630212957681600 ) ) ;
#3148 = EDGE_CURVE ( 'NONE', #5054, #557, #1273, .T. ) ;
#3149 = CARTESIAN_POINT ( 'NONE',  ( -15.45675980767026500, -109.4079797478691500, -410.1956625905695500 ) ) ;
#3150 = CARTESIAN_POINT ( 'NONE',  ( 1192.432685718121100, -435.5846037089907000, 111.9325020906979100 ) ) ;
#3151 = CARTESIAN_POINT ( 'NONE',  ( 1482.896990062017300, -388.8514147723306600, -126.2382971244439300 ) ) ;
#3152 = CARTESIAN_POINT ( 'NONE',  ( 1727.707280054016300, 83.32761291488127100, 416.3609788150378100 ) ) ;
#3153 = CARTESIAN_POINT ( 'NONE',  ( 785.6312820181568700, -391.8323695501248400, -116.6574936225211600 ) ) ;
#3154 = CARTESIAN_POINT ( 'NONE',  ( 39.40331183557393000, -293.2354395662824200, 476.2041974326176600 ) ) ;
#3155 = CARTESIAN_POINT ( 'NONE',  ( 99.24822828986805200, -63.98899737374701100, -258.8716593983519400 ) ) ;
#3156 = CARTESIAN_POINT ( 'NONE',  ( 1006.495340478484100, -68.69913123996570900, -444.4591126679263200 ) ) ;
#3157 = CARTESIAN_POINT ( 'NONE',  ( 3091.166221712941500, -228.0658155412014300, -96.94314217362327200 ) ) ;
#3158 = CARTESIAN_POINT ( 'NONE',  ( 1096.985570842783300, -251.5665022676803900, 543.1620868368377200 ) ) ;
#3159 = CYLINDRICAL_SURFACE ( 'NONE', #4797, 119.9999999999998300 ) ;
#3160 = CARTESIAN_POINT ( 'NONE',  ( 211.3039921560890900, -276.5658041558094200, 695.4039453598159100 ) ) ;
#3161 = CARTESIAN_POINT ( 'NONE',  ( 753.5247603914735900, 453.9881088242788700, 64.71153954094778300 ) ) ;
#3162 = CARTESIAN_POINT ( 'NONE',  ( -114.0863099753204300, 335.5468529714511300, -640.2557133620385900 ) ) ;
#3163 = CARTESIAN_POINT ( 'NONE',  ( 1712.136435649051500, -514.5612100378668900, 273.5589831360246100 ) ) ;
#3164 = ADVANCED_FACE ( 'NONE', ( #5383 ), #3903, .F. ) ;
#3165 = CARTESIAN_POINT ( 'NONE',  ( 2807.548338261308300, 96.82368967153092900, 4.156091188576502800 ) ) ;
#3166 = ORIENTED_EDGE ( 'NONE', *, *, #1736, .F. ) ;
#3167 = CARTESIAN_POINT ( 'NONE',  ( 95.07192497943361800, 49.57249368686932200, -287.6265103850016100 ) ) ;
#3168 = CARTESIAN_POINT ( 'NONE',  ( 1345.943398959132100, -146.4760078975246500, -692.2540302886279700 ) ) ;
#3169 = CARTESIAN_POINT ( 'NONE',  ( 1082.608021125491600, 466.8089997731204900, -290.6194405672094400 ) ) ;
#3170 = CARTESIAN_POINT ( 'NONE',  ( -148.4094965463189900, 10.08272088311764300, -107.9552082506017600 ) ) ;
#3171 = CARTESIAN_POINT ( 'NONE',  ( 2508.031661906862600, -172.2452855617942800, 193.8432087732832400 ) ) ;
#3172 = DIRECTION ( 'NONE',  ( 1.000000000000000000, -1.838306325092761700E-015, -2.109628209243604500E-016 ) ) ;
#3173 = CARTESIAN_POINT ( 'NONE',  ( 950.8271416660059000, -138.1131817699109900, 693.9713156323850900 ) ) ;
#3174 = CARTESIAN_POINT ( 'NONE',  ( -114.0863099753204800, 399.7307596804507200, -575.1799499862733000 ) ) ;
#3175 = VERTEX_POINT ( 'NONE', #6233 ) ;
#3176 = CARTESIAN_POINT ( 'NONE',  ( 1565.011821730056900, -404.6396834679588300, 128.7120176484132200 ) ) ;
#3177 = CARTESIAN_POINT ( 'NONE',  ( 727.5890843479551200, 319.9436089358119400, 316.0688747412513600 ) ) ;
#3178 = CARTESIAN_POINT ( 'NONE',  ( 1947.740510184308700, 308.1880751485056700, -268.6293962325718800 ) ) ;
#3179 = CARTESIAN_POINT ( 'NONE',  ( 867.7461269232193200, -401.3591344787880600, 138.6035465161454000 ) ) ;
#3180 = CARTESIAN_POINT ( 'NONE',  ( 41.88153913381084700, -317.3469461056437800, -257.7294328315705900 ) ) ;
#3181 = CARTESIAN_POINT ( 'NONE',  ( -212.4786724770602000, 0.0000000000000000000, 120.0000000000000100 ) ) ;
#3182 = CARTESIAN_POINT ( 'NONE',  ( -100.0498025344757300, -544.1559282587727500, -129.0596705844267000 ) ) ;
#3183 = CARTESIAN_POINT ( 'NONE',  ( -61.94123650696379000, 119.9427753087445900, -194.6341534985648100 ) ) ;
#3184 = CARTESIAN_POINT ( 'NONE',  ( 1262.159252680972300, -287.4528680122937200, 345.8810483907577700 ) ) ;
#3185 = CARTESIAN_POINT ( 'NONE',  ( 3039.080174942493200, 156.5014556549390900, 141.1883873579100700 ) ) ;
#3186 = CARTESIAN_POINT ( 'NONE',  ( 1933.704366878646400, 426.6608996088550000, 419.8466804789216000 ) ) ;
#3187 = CARTESIAN_POINT ( 'NONE',  ( 2630.970104494385400, 416.2289406504724000, 430.1908387565706000 ) ) ;
#3188 = CARTESIAN_POINT ( 'NONE',  ( 1009.188688717554900, -252.2505995273014600, -382.9645614344032700 ) ) ;
#3189 = CARTESIAN_POINT ( 'NONE',  ( 1198.819090048924200, -16.03136435387260800, -549.6487734723986000 ) ) ;
#3190 = CARTESIAN_POINT ( 'NONE',  ( 2176.980307464918000, 29.89778353012718900, -581.9911357455704300 ) ) ;
#3191 = CARTESIAN_POINT ( 'NONE',  ( -114.0863099753204800, 311.7967313976552600, 63.35279567868303700 ) ) ;
#3192 = CARTESIAN_POINT ( 'NONE',  ( -262.5984118811017500, 207.7901447936242800, -94.58661120756491400 ) ) ;
#3193 = CARTESIAN_POINT ( 'NONE',  ( 2856.685374459177200, -660.9710951415045200, -261.6206923158861200 ) ) ;
#3194 = CARTESIAN_POINT ( 'NONE',  ( 1291.787714004005200, -418.0283841760639800, -357.2430512862704300 ) ) ;
#3195 = CARTESIAN_POINT ( 'NONE',  ( -96.05768947636757100, 41.86872085088604900, -133.0341777201032600 ) ) ;
#3196 = CARTESIAN_POINT ( 'NONE',  ( 2900.670323286236900, -283.3488746628955800, 53.68964898348112100 ) ) ;
#3197 = CARTESIAN_POINT ( 'NONE',  ( 1136.763693992615800, 704.1665528200198900, 69.42839678224466100 ) ) ;
#3198 = CARTESIAN_POINT ( 'NONE',  ( 74.32948380835648500, 341.3134498453992500, -230.7909739587704800 ) ) ;
#3199 = CARTESIAN_POINT ( 'NONE',  ( 1750.949122808540600, 167.7536730660593800, 390.0754622386540400 ) ) ;
#3200 = CARTESIAN_POINT ( 'NONE',  ( 2879.906496480261900, 131.1186164843650200, -223.7212751116524000 ) ) ;
#3201 = CARTESIAN_POINT ( 'NONE',  ( 1018.053454592234900, 91.63156540070524200, 398.4282165457964900 ) ) ;
#3202 = CARTESIAN_POINT ( 'NONE',  ( 211.2830665280201000, -221.9723401439662200, -201.6751537508315800 ) ) ;
#3203 = ADVANCED_FACE ( 'NONE', ( #6414 ), #4992, .T. ) ;
#3204 = CARTESIAN_POINT ( 'NONE',  ( 2169.308499944308100, -361.7615035966590000, -222.3258304501967500 ) ) ;
#3205 = CARTESIAN_POINT ( 'NONE',  ( 1203.990706516283600, 387.5284852942009500, -130.2429373804942800 ) ) ;
#3206 = CARTESIAN_POINT ( 'NONE',  ( 3069.993415682454700, -296.9123170290183700, -53.10063512160337500 ) ) ;
#3207 = CARTESIAN_POINT ( 'NONE',  ( 2107.958054980985700, -414.2646429459467800, 375.6893899817736200 ) ) ;
#3208 = CARTESIAN_POINT ( 'NONE',  ( -127.0435568143245900, 22.06250320313288100, -137.4071869632297800 ) ) ;
#3209 = CARTESIAN_POINT ( 'NONE',  ( 1959.424923195267000, -295.8547397816704500, 338.7226234657303500 ) ) ;
#3210 = CARTESIAN_POINT ( 'NONE',  ( 3186.026616436355700, -209.8900670026317000, 76.41779939133805000 ) ) ;
#3211 = CARTESIAN_POINT ( 'NONE',  ( 1701.282685600271600, -575.6032113944753500, 164.2906308310484700 ) ) ;
#3212 = EDGE_CURVE ( 'NONE', #5054, #1897, #3831, .T. ) ;
#3213 = CARTESIAN_POINT ( 'NONE',  ( 2979.602993392509700, -411.0963741620701100, -435.2005140187731600 ) ) ;
#3214 = CARTESIAN_POINT ( 'NONE',  ( 1125.399589909985000, -457.8886828353968800, 25.10035160009485700 ) ) ;
#3215 = CARTESIAN_POINT ( 'NONE',  ( 1593.936403559098800, 231.2922209485649900, 498.8739922165711400 ) ) ;
#3216 = CARTESIAN_POINT ( 'NONE',  ( 2913.058602738528400, -282.8944749076960100, 69.53036885802562500 ) ) ;
#3217 = CARTESIAN_POINT ( 'NONE',  ( 715.9047114545077200, -249.2256501486160700, -324.0804779510508000 ) ) ;
#3218 = CARTESIAN_POINT ( 'NONE',  ( -95.07192497943368900, 295.9404191188939400, 23.97553936388343100 ) ) ;
#3219 = CARTESIAN_POINT ( 'NONE',  ( 338.8582142125159700, 542.4912110319702400, -89.85768618559876600 ) ) ;
#3220 = CARTESIAN_POINT ( 'NONE',  ( 2337.686223803099400, 404.5962745014636500, 372.3875568196346000 ) ) ;
#3221 = CARTESIAN_POINT ( 'NONE',  ( 1982.667202801735400, -219.2865343786994300, 392.6535913269536900 ) ) ;
#3222 = CARTESIAN_POINT ( 'NONE',  ( 3089.085812666163300, -251.0461197640830200, -57.01607069902448200 ) ) ;
#3223 = CARTESIAN_POINT ( 'NONE',  ( 1369.186595258514000, -286.6752478637018300, -646.9070702270215600 ) ) ;
#3224 = B_SPLINE_CURVE_WITH_KNOTS ( 'NONE', 3,
 ( #5723, #1744, #6306, #245, #728, #3774, #3270, #3686, #683, #4216, #2198 ),
 .UNSPECIFIED., .F., .F.,
 ( 4, 1, 1, 1, 1, 1, 1, 1, 4 ),
 ( 0.0000000000000000000, 0.1309596317701286200, 0.2703843856125739400, 0.4155301728200250800, 0.5628700821170533600, 0.6778522134162822100, 0.7899982289276533700, 0.8977704429180358700, 1.000000000000000000 ),
 .UNSPECIFIED. ) ;
#3225 = CARTESIAN_POINT ( 'NONE',  ( -114.0863099753204900, 116.6320125002183800, -733.7614126919894500 ) ) ;
#3226 = CARTESIAN_POINT ( 'NONE',  ( 1611.496000512782800, -317.7663767306417000, 281.6463905784937100 ) ) ;
#3227 = CARTESIAN_POINT ( 'NONE',  ( 3042.601073903740100, -206.3356641256653500, -159.2450197077290000 ) ) ;
#3228 = CARTESIAN_POINT ( 'NONE',  ( 1320.201464763872100, 82.60935883366725800, -400.3964600293047600 ) ) ;
#3229 = FACE_OUTER_BOUND ( 'NONE', #813, .T. ) ;
#3230 = CARTESIAN_POINT ( 'NONE',  ( 2587.667891479652100, 423.7877350758161600, -26.53503590373044200 ) ) ;
#3231 = CARTESIAN_POINT ( 'NONE',  ( -4.603042044756242600, -185.4711216155859300, -364.2869183674102900 ) ) ;
#3232 = CARTESIAN_POINT ( 'NONE',  ( 2913.058602738325600, -416.2739075224482700, -66.47794835451811900 ) ) ;
#3233 = CARTESIAN_POINT ( 'NONE',  ( 1759.325248640648400, 409.6231919778268200, -380.7447847585338000 ) ) ;
#3234 = CARTESIAN_POINT ( 'NONE',  ( -115.7278602138507200, 302.3633505169202100, 70.79567843654736200 ) ) ;
#3235 = CARTESIAN_POINT ( 'NONE',  ( 1122.706118787519900, -418.5924765437973200, -164.4480213906989800 ) ) ;
#3236 = CARTESIAN_POINT ( 'NONE',  ( 3193.954305078464600, -205.6918086363967300, 73.82219214975417300 ) ) ;
#3237 = CARTESIAN_POINT ( 'NONE',  ( -212.4786724770602000, 0.0000000000000000000, 0.0000000000000000000 ) ) ;
#3238 = CARTESIAN_POINT ( 'NONE',  ( 745.8750893239479200, -716.5688870323401700, -215.8811150100882800 ) ) ;
#3239 = CARTESIAN_POINT ( 'NONE',  ( 358.4074624448121000, -391.7832678589198800, -238.3434148241571200 ) ) ;
#3240 = CARTESIAN_POINT ( 'NONE',  ( 1756.631551345904400, 521.3273057727116100, -174.8955697330390000 ) ) ;
#3241 = CARTESIAN_POINT ( 'NONE',  ( 3070.071476600145200, -296.2566836394083800, -57.29476911810584700 ) ) ;
#3242 = CARTESIAN_POINT ( 'NONE',  ( 1668.834262496610600, -87.51663685012620400, 399.3525740091448000 ) ) ;
#3243 = CARTESIAN_POINT ( 'NONE',  ( -95.07192497943370300, 415.7969534376378000, -475.3772823641800800 ) ) ;
#3244 = CARTESIAN_POINT ( 'NONE',  ( 2461.568700746530800, 506.3865168941172800, 494.2102699380052400 ) ) ;
#3245 = CARTESIAN_POINT ( 'NONE',  ( 1361.514278938898800, -548.0663374821311900, -44.65006884770794900 ) ) ;
#3246 = CARTESIAN_POINT ( 'NONE',  ( 2215.088850990045600, 449.7276620344839000, -2.739574310470763500 ) ) ;
#3247 = SURFACE_SIDE_STYLE ('',( #2102 ) ) ;
#3248 = FACE_OUTER_BOUND ( 'NONE', #5460, .T. ) ;
#3249 = CARTESIAN_POINT ( 'NONE',  ( -74.32948380835655700, 123.8214910987587400, -216.6517884334708700 ) ) ;
#3250 = CARTESIAN_POINT ( 'NONE',  ( 1379.074486745906400, -88.43075020097425900, -415.3070507816522100 ) ) ;
#3251 = CARTESIAN_POINT ( 'NONE',  ( -120.3737338940627800, -196.1189432477591200, 96.93786875047041500 ) ) ;
#3252 = CARTESIAN_POINT ( 'NONE',  ( 2110.436127032379800, -233.0236594598453300, -335.9188281568156100 ) ) ;
#3253 = EDGE_LOOP ( 'NONE', ( #1419, #1284, #4357, #1268 ) ) ;
#3254 = CARTESIAN_POINT ( 'NONE',  ( 2517.941325277202400, 359.0059867058370200, 226.7484415351504800 ) ) ;
#3255 = CARTESIAN_POINT ( 'NONE',  ( 1901.256415074652100, 390.6080052385162800, -120.6933577463092500 ) ) ;
#3256 = CARTESIAN_POINT ( 'NONE',  ( -212.4786724770602000, 0.0000000000000000000, 0.0000000000000000000 ) ) ;
#3257 = CARTESIAN_POINT ( 'NONE',  ( 2061.473457874135400, -530.9689179790261700, 175.5812071159394600 ) ) ;
#3258 = CARTESIAN_POINT ( 'NONE',  ( -196.6831590010356800, 240.4464359986644400, 119.6477645884369100 ) ) ;
#3259 = CARTESIAN_POINT ( 'NONE',  ( 678.6262057350613800, 518.4341043787005700, -299.2270152553401200 ) ) ;
#3260 = CARTESIAN_POINT ( 'NONE',  ( 3227.073657396340400, -236.3792381220025000, 82.12525706678809500 ) ) ;
#3261 = CARTESIAN_POINT ( 'NONE',  ( 2212.610653376106700, -92.59493200970487700, -591.3855910716126800 ) ) ;
#3262 = VERTEX_POINT ( 'NONE', #2656 ) ;
#3263 = CARTESIAN_POINT ( 'NONE',  ( 978.2961126624641100, 165.3588351833987000, 729.8847885634902500 ) ) ;
#3264 = CARTESIAN_POINT ( 'NONE',  ( 1849.600242808020300, 220.5130624759951300, -503.7305270327881900 ) ) ;
#3265 = CARTESIAN_POINT ( 'NONE',  ( 2913.058602738478400, -357.4093514646052700, 53.64274982952103000 ) ) ;
#3266 = CARTESIAN_POINT ( 'NONE',  ( 1111.021792791997500, 356.7518453521952900, 199.6740930741121900 ) ) ;
#3267 = CARTESIAN_POINT ( 'NONE',  ( -218.9543979933612300, 295.4099113456144300, -250.8700336855251300 ) ) ;
#3268 = CARTESIAN_POINT ( 'NONE',  ( 2391.842108417315100, 120.8972340433620600, 697.1764017116078100 ) ) ;
#3269 = CARTESIAN_POINT ( 'NONE',  ( 1524.209840285968300, -104.7868735959308300, 539.8065039330168700 ) ) ;
#3270 = CARTESIAN_POINT ( 'NONE',  ( 28.02855264901960200, 109.3226045940422500, 13.74509954946815400 ) ) ;
#3271 = CARTESIAN_POINT ( 'NONE',  ( -262.7452775920334600, 74.14045727580928300, -550.1721767021091400 ) ) ;
#3272 = CARTESIAN_POINT ( 'NONE',  ( 991.6288806293533800, -555.9397927091649800, 174.7524002920202400 ) ) ;
#3273 = CARTESIAN_POINT ( 'NONE',  ( 1355.832113132020400, -0.4983282087845749600, -424.6172645515200100 ) ) ;
#3274 = CARTESIAN_POINT ( 'NONE',  ( 2900.670323285893100, -366.7714405842964400, 27.33824388480144300 ) ) ;
#3275 = CARTESIAN_POINT ( 'NONE',  ( 2319.615838369911700, -249.8588849081955300, 323.5923471361556400 ) ) ;
#3276 = AXIS2_PLACEMENT_3D ( 'NONE', #4341, #5900, #890 ) ;
#3277 = CARTESIAN_POINT ( 'NONE',  ( 2727.121024962711100, 107.7389251779094600, -410.7221546982665900 ) ) ;
#3278 = CARTESIAN_POINT ( 'NONE',  ( 2156.920201199609900, -349.1606599853435600, -212.6698724672440300 ) ) ;
#3279 = CARTESIAN_POINT ( 'NONE',  ( 1898.778372228146700, -233.0365863321169400, -508.3814404541441800 ) ) ;
#3280 = CARTESIAN_POINT ( 'NONE',  ( 2819.385893546110800, 295.8250264139487100, 338.7487857946575200 ) ) ;
#3281 = CARTESIAN_POINT ( 'NONE',  ( 3187.478672477060200, -13.68132597653070800, 119.2175378017929700 ) ) ;
#3282 = CARTESIAN_POINT ( 'NONE',  ( 2073.157508739862800, 532.4919685227207500, -273.4283331049701400 ) ) ;
#3283 = CARTESIAN_POINT ( 'NONE',  ( 1698.805200323697100, 296.1651898039522200, 687.2862016346945200 ) ) ;
#3284 = CARTESIAN_POINT ( 'NONE',  ( 1803.116091545434800, 405.7279550311412200, -371.1551878238090000 ) ) ;
#3285 = CARTESIAN_POINT ( 'NONE',  ( 469.4465307428510000, 128.6847494204785400, 584.5946806145223000 ) ) ;
#3286 = CARTESIAN_POINT ( 'NONE',  ( 1761.803273519443100, 237.1283356233762700, 333.0340267226723700 ) ) ;
#3287 = CARTESIAN_POINT ( 'NONE',  ( -61.94123650696381100, 147.0699192162865600, -372.8707035996889700 ) ) ;
#3288 = CARTESIAN_POINT ( 'NONE',  ( 269.1316448106043100, 492.3043194989940600, 244.9643798591537500 ) ) ;
#3289 = CARTESIAN_POINT ( 'NONE',  ( 1640.420541975578500, 413.6130456337628500, 362.3460300304851700 ) ) ;
#3290 = CARTESIAN_POINT ( 'NONE',  ( 3049.325604155817900, -339.1332103204411500, 241.1714699616448700 ) ) ;
#3291 = EDGE_CURVE ( 'NONE', #3477, #4831, #2213, .T. ) ;
#3292 = CARTESIAN_POINT ( 'NONE',  ( -262.7452775920335700, 116.9066934779425700, -545.3363816639671300 ) ) ;
#3293 = CARTESIAN_POINT ( 'NONE',  ( 3170.712394024637000, -419.4965367748780000, -185.4268582332928800 ) ) ;
#3294 = CARTESIAN_POINT ( 'NONE',  ( 2796.847592894867800, -153.2942341901155600, -395.9750839104348200 ) ) ;
#3295 = CARTESIAN_POINT ( 'NONE',  ( 483.4828090118803100, 404.8210861601573900, -57.10925365833679000 ) ) ;
#3296 = CARTESIAN_POINT ( 'NONE',  ( 2366.099896506784700, -97.29086624762440700, 397.0845317519256800 ) ) ;
#3297 = CARTESIAN_POINT ( 'NONE',  ( 2505.553029002816400, 346.5245866394955100, 216.9385758716241500 ) ) ;
#3298 = CARTESIAN_POINT ( 'NONE',  ( 2879.928489445056100, -580.1933281448089000, 236.7080417527587300 ) ) ;
#3299 = CARTESIAN_POINT ( 'NONE',  ( 2410.106243256750500, 533.0835163956148800, -169.0521002272545000 ) ) ;
#3300 = CARTESIAN_POINT ( 'NONE',  ( 237.0250691366693400, -572.0759767876819500, -176.1786566661903400 ) ) ;
#3301 = CARTESIAN_POINT ( 'NONE',  ( 2903.514388388657200, -178.7174003328964600, -0.2654667955697577700 ) ) ;
#3302 = DIRECTION ( 'NONE',  ( 1.000000000000000000, 0.0000000000000000000, 0.0000000000000000000 ) ) ;
#3303 = CARTESIAN_POINT ( 'NONE',  ( 1001.539465899370600, 312.9426710639904200, 679.8110218330432400 ) ) ;
#3304 = CARTESIAN_POINT ( 'NONE',  ( 7.785225226942168700, -191.1687577761928200, -379.1273102632059700 ) ) ;
#3305 = CARTESIAN_POINT ( 'NONE',  ( 2212.610653376106700, -92.59493200970487700, -591.3855910716126800 ) ) ;
#3306 = CARTESIAN_POINT ( 'NONE',  ( 1599.107701871207600, -304.8683681995390200, 272.3911103210491500 ) ) ;
#3307 = CARTESIAN_POINT ( 'NONE',  ( 61.94123650696374700, 249.0096388165078200, -95.90268158566880200 ) ) ;
#3308 = CARTESIAN_POINT ( 'NONE',  ( 641.0066286672026800, -530.6349000376753800, -144.2135452087262600 ) ) ;
#3309 =( BOUNDED_SURFACE ( )  B_SPLINE_SURFACE ( 3, 3, ( 
 ( #2569, #1559, #3594, #2038, #504, #5026, #525, #5588, #4031, #6120, #1027, #3079, #4053, #42, #1514 ),
 ( #3524, #4563, #5092, #2551, #1006, #2018, #1978, #1536, #1048, #5544, #1470, #6033, #3572, #4521, #2504 ),
 ( #5566, #2531, #5520, #6074, #4588, #20, #547, #64, #3548, #5073, #569, #4074, #963, #5007, #594 ),
 ( #3617, #5144, #2105, #1584, #4100, #5656, #1069, #4636, #1608, #4610, #5115, #88, #2081, #5632, #3101 ),
 ( #2593, #4123, #1092, #6144, #2047, #5100, #3087, #6180, #3678, #3063, #3162, #1543, #2653, #6106, #626 ),
 ( #2629, #603, #5640, #5081, #4672, #2088, #5595, #2558, #4182, #5617, #1617, #4645, #4082, #124, #50 ),
 ( #1156, #4596, #6207, #146, #3135, #1642, #1077, #5154, #2603, #3653, #653, #3579, #1129, #4132, #1102 ) ),
 .UNSPECIFIED., .T., .F., .T. ) 
 B_SPLINE_SURFACE_WITH_KNOTS ( ( 4, 3, 4 ),
 ( 4, 1, 1, 1, 1, 1, 1, 1, 1, 1, 1, 1, 4 ),
 ( 0.0000000000000000000, 0.5000000000000000000, 1.000000000000000000 ),
 ( 0.0000000000000000000, 0.06878470168917669200, 0.1442738605561909600, 0.2262078797667817500, 0.3137468971164819600, 0.4054473357279265700, 0.4994390021618885200, 0.5934680111024892600, 0.6852774750954954100, 0.7729902092803402300, 0.8551524044246771000, 0.9309125957014710000, 1.000000000000000000 ),
 .UNSPECIFIED. ) 
 GEOMETRIC_REPRESENTATION_ITEM ( )  RATIONAL_B_SPLINE_SURFACE ( (
 ( 1.000000000000000000, 1.000000000000000000, 0.9999999999999997800, 1.000000000000000200, 1.000000000000000200, 1.000000000000000200, 1.000000000000000000, 1.000000000000000000, 1.000000000000000200, 1.000000000000000000, 1.000000000000000400, 0.9999999999999997800, 1.000000000000000000, 1.000000000000000000, 1.000000000000000000),
 ( 0.3333333333333333700, 0.3333333333333333700, 0.3333333333333332600, 0.3333333333333334800, 0.3333333333333333100, 0.3333333333333334800, 0.3333333333333333100, 0.3333333333333334300, 0.3333333333333334300, 0.3333333333333333700, 0.3333333333333335400, 0.3333333333333333100, 0.3333333333333333700, 0.3333333333333333700, 0.3333333333333333700),
 ( 0.3333333333333333700, 0.3333333333333333700, 0.3333333333333332600, 0.3333333333333334800, 0.3333333333333333100, 0.3333333333333334800, 0.3333333333333333100, 0.3333333333333334300, 0.3333333333333334300, 0.3333333333333333700, 0.3333333333333335400, 0.3333333333333333100, 0.3333333333333333700, 0.3333333333333333700, 0.3333333333333333700),
 ( 1.000000000000000000, 1.000000000000000000, 0.9999999999999997800, 1.000000000000000200, 1.000000000000000200, 1.000000000000000200, 1.000000000000000000, 1.000000000000000000, 1.000000000000000200, 1.000000000000000000, 1.000000000000000400, 0.9999999999999997800, 1.000000000000000000, 1.000000000000000000, 1.000000000000000000),
 ( 0.3333333333333333700, 0.3333333333333333700, 0.3333333333333332600, 0.3333333333333334800, 0.3333333333333333100, 0.3333333333333334800, 0.3333333333333333100, 0.3333333333333334300, 0.3333333333333334300, 0.3333333333333333700, 0.3333333333333335400, 0.3333333333333333100, 0.3333333333333333700, 0.3333333333333333700, 0.3333333333333333700),
 ( 0.3333333333333333700, 0.3333333333333333700, 0.3333333333333332600, 0.3333333333333334800, 0.3333333333333333100, 0.3333333333333334800, 0.3333333333333333100, 0.3333333333333334300, 0.3333333333333334300, 0.3333333333333333700, 0.3333333333333335400, 0.3333333333333333100, 0.3333333333333333700, 0.3333333333333333700, 0.3333333333333333700),
 ( 1.000000000000000000, 1.000000000000000000, 0.9999999999999997800, 1.000000000000000200, 1.000000000000000200, 1.000000000000000200, 1.000000000000000000, 1.000000000000000000, 1.000000000000000200, 1.000000000000000000, 1.000000000000000400, 0.9999999999999997800, 1.000000000000000000, 1.000000000000000000, 1.000000000000000000) ) ) 
 REPRESENTATION_ITEM ( '' )  SURFACE ( )  );
#3310 = CARTESIAN_POINT ( 'NONE',  ( 2732.803199411013300, -518.0085290899363600, -191.9550387163982400 ) ) ;
#3311 = CARTESIAN_POINT ( 'NONE',  ( 3088.481706515656700, -341.9756114817433300, -76.02502113946063400 ) ) ;
#3312 = CARTESIAN_POINT ( 'NONE',  ( -74.32948380835655700, 147.1570382319319800, -344.0260653235035300 ) ) ;
#3313 = CARTESIAN_POINT ( 'NONE',  ( 1582.571717650021600, -163.3117308542658500, -251.6087245053055000 ) ) ;
#3314 = CARTESIAN_POINT ( 'NONE',  ( 95.07192497943363200, 36.84025579305895100, -284.8105565063209500 ) ) ;
#3315 = CARTESIAN_POINT ( 'NONE',  ( 61.94123650696386800, 107.1702339133134200, -568.5339734699188100 ) ) ;
#3316 = CARTESIAN_POINT ( 'NONE',  ( 2169.308499944308100, -361.7615035966590000, -222.3258304501967500 ) ) ;
#3317 = CARTESIAN_POINT ( 'NONE',  ( 2712.254874847657400, -501.1655249427406600, 101.4345453563144300 ) ) ;
#3318 = AXIS2_PLACEMENT_3D ( 'NONE', #2028, #3065, #4511 ) ;
#3319 = CARTESIAN_POINT ( 'NONE',  ( 2575.279595916936200, 407.9254959631784900, -27.17393563126099600 ) ) ;
#3320 = CARTESIAN_POINT ( 'NONE',  ( 2913.058602738325600, -417.2815690970536500, -55.73606033701793200 ) ) ;
#3321 = CARTESIAN_POINT ( 'NONE',  ( 1320.201464763872100, 82.60935883366725800, -400.3964600293047600 ) ) ;
#3322 = CARTESIAN_POINT ( 'NONE',  ( 3168.018679978642000, -291.9532031444307400, -341.6338507033851200 ) ) ;
#3323 = CARTESIAN_POINT ( 'NONE',  ( 3140.689233324243100, 9.693319666490815200, -98.29209606443747300 ) ) ;
#3324 = CARTESIAN_POINT ( 'NONE',  ( 3041.582166138990500, -570.6881676666938600, -153.8018998929150000 ) ) ;
#3325 = ORIENTED_EDGE ( 'NONE', *, *, #1453, .T. ) ;
#3326 = CARTESIAN_POINT ( 'NONE',  ( 1303.687399511467400, -1.423346619501251000, -748.3805583837477100 ) ) ;
#3327 = CARTESIAN_POINT ( 'NONE',  ( 635.3241970297116300, 77.23214120077291500, -417.5348075209003600 ) ) ;
#3328 = CARTESIAN_POINT ( 'NONE',  ( 2677.454429553232300, 554.8515452148014900, 224.6115750817938900 ) ) ;
#3329 = CARTESIAN_POINT ( 'NONE',  ( 718.3835157875081400, 228.9906366886383500, -121.6837218179149700 ) ) ;
#3330 = VERTEX_POINT ( 'NONE', #2406 ) ;
#3331 = DIRECTION ( 'NONE',  ( 1.000000000000000000, -5.598713130157252400E-016, 3.353501265655067900E-016 ) ) ;
#3332 = CARTESIAN_POINT ( 'NONE',  ( 705.0507511810458300, -181.9976443530377400, -383.6365224336197500 ) ) ;
#3333 = CARTESIAN_POINT ( 'NONE',  ( 2712.254836304272400, -543.0695425672181500, 12.12203465899286700 ) ) ;
#3334 = CARTESIAN_POINT ( 'NONE',  ( 2913.058602738325600, -416.2739075224484400, -66.47794835451715300 ) ) ;
#3335 = CARTESIAN_POINT ( 'NONE',  ( 583.1574307160879000, 257.1234543057748900, 154.4832680468181800 ) ) ;
#3336 = VERTEX_POINT ( 'NONE', #831 ) ;
#3337 = CARTESIAN_POINT ( 'NONE',  ( 95.07192497943364600, 75.83913298094420000, -287.0038408705218600 ) ) ;
#3338 = CARTESIAN_POINT ( 'NONE',  ( 2729.110506855296500, 140.9714537278891000, 436.3702902282022400 ) ) ;
#3339 = CARTESIAN_POINT ( 'NONE',  ( 2905.311205738229500, -406.7209460015514500, -99.84457475499688400 ) ) ;
#3340 = CARTESIAN_POINT ( 'NONE',  ( 2830.943882699823500, -290.7470170300139200, -287.4085872306010900 ) ) ;
#3341 = CARTESIAN_POINT ( 'NONE',  ( 3194.210966406285900, -220.7754210452258100, 84.51889266675645700 ) ) ;
#3342 = ORIENTED_EDGE ( 'NONE', *, *, #3127, .T. ) ;
#3343 = CARTESIAN_POINT ( 'NONE',  ( 1273.717277386414000, 237.7792055498124500, -332.5696834250250600 ) ) ;
#3344 = CARTESIAN_POINT ( 'NONE',  ( 469.4465307428510000, 128.6847494204785400, 584.5946806145223000 ) ) ;
#3345 = CARTESIAN_POINT ( 'NONE',  ( 3070.071510555129400, -292.0758378026859500, -57.36842741738510700 ) ) ;
#3346 = CARTESIAN_POINT ( 'NONE',  ( 513.4308964775107100, 117.8916262660256100, 275.8244390893635200 ) ) ;
#3347 = CARTESIAN_POINT ( 'NONE',  ( 2558.765107704759400, 720.8916943044221200, -200.9737980865308800 ) ) ;
#3348 = CARTESIAN_POINT ( 'NONE',  ( 1007.199265687309200, 5.708957576117353700, 424.5792010107563200 ) ) ;
#3349 = CARTESIAN_POINT ( 'NONE',  ( 2305.579835451883800, -500.3708829133890400, -328.5412097560292800 ) ) ;
#3350 = CARTESIAN_POINT ( 'NONE',  ( 300.0240720091994100, -257.2874249887612500, -32.36808687497462200 ) ) ;
#3351 = CARTESIAN_POINT ( 'NONE',  ( 3187.478672477060200, 6.661338147750939200E-012, -7.327471962526033200E-012 ) ) ;
#3352 = CARTESIAN_POINT ( 'NONE',  ( 565.5976434057930600, 307.1843288152108500, -293.1516709313598300 ) ) ;
#3353 = CARTESIAN_POINT ( 'NONE',  ( 2703.174794986947700, -143.7104977769693600, 426.1570086521517700 ) ) ;
#3354 = CARTESIAN_POINT ( 'NONE',  ( 2712.254833905935800, -549.3154518720431300, -72.11476994634554700 ) ) ;
#3355 = CARTESIAN_POINT ( 'NONE',  ( -198.0102992182312700, 241.1726239105648500, 119.0748065411790300 ) ) ;
#3356 = CARTESIAN_POINT ( 'NONE',  ( 1350.149400581129600, 299.4172979139290800, -18.07736203494463100 ) ) ;
#3357 = CARTESIAN_POINT ( 'NONE',  ( 218.9543979933612300, 199.3021327794794500, -348.2542320258600100 ) ) ;
#3358 = CARTESIAN_POINT ( 'NONE',  ( 573.2695518086054600, 555.1517987935002300, 177.2396994106833900 ) ) ;
#3359 = CARTESIAN_POINT ( 'NONE',  ( 1041.295236621387200, 172.1634499642104600, 370.8117656698790900 ) ) ;
#3360 = CARTESIAN_POINT ( 'NONE',  ( 2935.222762715896400, -126.1933831036805300, -14.27904136924179400 ) ) ;
#3361 = CARTESIAN_POINT ( 'NONE',  ( 2879.928489444853300, -69.37823946422231800, 280.8403385328175000 ) ) ;
#3362 = CARTESIAN_POINT ( 'NONE',  ( 762.3890178889649900, -359.1752893258226300, -195.2811131509199400 ) ) ;
#3363 = CARTESIAN_POINT ( 'NONE',  ( 957.5324468339391600, -594.6595195421998600, -68.48945459019095900 ) ) ;
#3364 = CARTESIAN_POINT ( 'NONE',  ( 3109.016314621938400, 249.5235062943261300, -90.25180733534246300 ) ) ;
#3365 = DIRECTION ( 'NONE',  ( 0.0000000000000000000, 0.0000000000000000000, 1.000000000000000000 ) ) ;
#3366 = CARTESIAN_POINT ( 'NONE',  ( 1489.602503465379000, 76.75680393384917000, -289.9756873746579200 ) ) ;
#3367 = CARTESIAN_POINT ( 'NONE',  ( 39.40331183557393000, -293.2354395662824200, 476.2041974326176600 ) ) ;
#3368 = CARTESIAN_POINT ( 'NONE',  ( 123.9963410469408600, -423.8488862914642800, -25.54015740645628800 ) ) ;
#3369 = CARTESIAN_POINT ( 'NONE',  ( 2142.884080707395700, 271.3882007229872800, -533.5346185274223700 ) ) ;
#3370 = CARTESIAN_POINT ( 'NONE',  ( 183.8125494922784900, -100.3673735338120100, -238.5349314408948700 ) ) ;
#3371 = CARTESIAN_POINT ( 'NONE',  ( 1424.854716861735600, 312.0905826923848800, 323.8254930033145300 ) ) ;
#3372 = CARTESIAN_POINT ( 'NONE',  ( 2712.226760012437400, -271.5003257551756500, 203.2925644540731000 ) ) ;
#3373 = CARTESIAN_POINT ( 'NONE',  ( 113.3325879675893300, -19.73018082563643500, -293.7916087500139500 ) ) ;
#3374 = CARTESIAN_POINT ( 'NONE',  ( 281.0096442478549100, -298.1016106064695400, -33.37665830548355200 ) ) ;
#3375 = CARTESIAN_POINT ( 'NONE',  ( 95.07192497943367500, 53.56011427802278000, -291.6894541042587400 ) ) ;
#3376 = CARTESIAN_POINT ( 'NONE',  ( 1154.323914582264700, 112.4103489101780300, 571.8143613684609400 ) ) ;
#3377 = CARTESIAN_POINT ( 'NONE',  ( 1250.474906870277000, 301.5027320496944900, -276.1118094576037300 ) ) ;
#3378 = CARTESIAN_POINT ( 'NONE',  ( 3187.478672477060200, 6.661338147750939200E-012, -7.327471962526033200E-012 ) ) ;
#3379 = CARTESIAN_POINT ( 'NONE',  ( 2756.046208431100200, -418.6206579754343100, 162.5496908361593900 ) ) ;
#3380 = CARTESIAN_POINT ( 'NONE',  ( 390.5143769056371100, 314.1764727090795200, 261.5999708246338300 ) ) ;
#3381 = CARTESIAN_POINT ( 'NONE',  ( 725.1109445388929100, 352.6977288932417300, -483.6472785146168000 ) ) ;
#3382 = CARTESIAN_POINT ( 'NONE',  ( 2999.743770017367800, -43.61645227610394900, -83.79272227445885300 ) ) ;
#3383 = CARTESIAN_POINT ( 'NONE',  ( 745.8527447630941700, 181.8828028132330400, -238.5293687860360900 ) ) ;
#3384 = CARTESIAN_POINT ( 'NONE',  ( 178.8564260144198400, 360.1866662700374500, 427.8118473309007800 ) ) ;
#3385 = CARTESIAN_POINT ( 'NONE',  ( 240.2070055445150800, -235.4905126099819500, 353.3331965359094500 ) ) ;
#3386 = CARTESIAN_POINT ( 'NONE',  ( 397.2423908164129800, 719.1642342409476200, 207.0713193890147700 ) ) ;
#3387 = CARTESIAN_POINT ( 'NONE',  ( 2854.185827219896100, -343.1880853891725600, -221.8558049838693800 ) ) ;
#3388 = CARTESIAN_POINT ( 'NONE',  ( 74.32948380835650000, 223.0500988841392000, -55.98523330262157300 ) ) ;
#3389 = CARTESIAN_POINT ( 'NONE',  ( 2628.470430784224400, 153.9404019840738200, 257.4491647706765300 ) ) ;
#3390 = CARTESIAN_POINT ( 'NONE',  ( 2726.417159169081500, -52.33244143254894700, 446.6817227117727500 ) ) ;
#3391 = CARTESIAN_POINT ( 'NONE',  ( 2712.254833905822600, -150.7693146299229700, 157.2324716472707800 ) ) ;
#3392 = CARTESIAN_POINT ( 'NONE',  ( -196.6831590010356800, 240.4464359986644400, 119.6477645884369100 ) ) ;
#3393 = CARTESIAN_POINT ( 'NONE',  ( 1396.634711211715500, 266.4042617400519900, -137.8640231874536800 ) ) ;
#3394 = CARTESIAN_POINT ( 'NONE',  ( -61.94123650696379000, 119.9427753087445400, -194.6341534985647600 ) ) ;
#3395 = CARTESIAN_POINT ( 'NONE',  ( 2316.433416958260300, -543.2385992015914600, -210.9488069632975900 ) ) ;
#3396 = CARTESIAN_POINT ( 'NONE',  ( 1227.233138174156000, 352.1507527871983700, -207.6806113650737900 ) ) ;
#3397 = FACE_OUTER_BOUND ( 'NONE', #2379, .T. ) ;
#3398 = CARTESIAN_POINT ( 'NONE',  ( 3187.478672477060200, 120.0000000000064900, -7.327471962526033200E-012 ) ) ;
#3399 = CARTESIAN_POINT ( 'NONE',  ( 622.9359121907501700, 72.75816536665867300, -402.3031695377774800 ) ) ;
#3400 = CARTESIAN_POINT ( 'NONE',  ( 1422.376474412211800, 364.4609555397497600, -474.8459221895725500 ) ) ;
#3401 = CARTESIAN_POINT ( 'NONE',  ( 2900.670323285990000, -232.5574561332275000, 33.02158381743285500 ) ) ;
#3402 = CARTESIAN_POINT ( 'NONE',  ( 769.0956451462069500, 128.5361685062489100, -271.0280137304287700 ) ) ;
#3403 = ORIENTED_EDGE ( 'NONE', *, *, #3127, .F. ) ;
#3404 = CARTESIAN_POINT ( 'NONE',  ( 2279.858945392645200, -459.3055909566359100, 590.8584426347073300 ) ) ;
#3405 = CARTESIAN_POINT ( 'NONE',  ( 1193.136644523474600, 421.9752477100066100, -47.29734849041153000 ) ) ;
#3406 = CARTESIAN_POINT ( 'NONE',  ( 792.3597135923154200, -742.5784976067965300, 93.02306208403743400 ) ) ;
#3407 = CARTESIAN_POINT ( 'NONE',  ( 2737.975258482487800, 17.95276291876864900, -408.4340046347451800 ) ) ;
#3408 = CARTESIAN_POINT ( 'NONE',  ( 916.2199151582904100, 114.3567866971369500, -444.0885650613072900 ) ) ;
#3409 = ORIENTED_EDGE ( 'NONE', *, *, #3416, .T. ) ;
#3410 = CARTESIAN_POINT ( 'NONE',  ( 3005.323425363739700, 308.1218625068016200, -327.6038726265047700 ) ) ;
#3411 = CARTESIAN_POINT ( 'NONE',  ( 3193.954305576694000, -450.5484628117050100, -82.62553727536717900 ) ) ;
#3412 = CARTESIAN_POINT ( 'NONE',  ( 2900.670323285819900, -392.5186670651693800, -8.130564347779442300 ) ) ;
#3413 = CARTESIAN_POINT ( 'NONE',  ( 1379.074486745906400, -88.43075020097425900, -415.3070507816522100 ) ) ;
#3414 = CARTESIAN_POINT ( 'NONE',  ( 1851.589571262223900, 98.34352554730629900, 574.4008214432833500 ) ) ;
#3415 = CARTESIAN_POINT ( 'NONE',  ( 948.3268923634041100, -159.1349327955550500, 376.5865914320192500 ) ) ;
#3416 = EDGE_CURVE ( 'NONE', #950, #5949, #5784, .T. ) ;
#3417 =( BOUNDED_SURFACE ( )  B_SPLINE_SURFACE ( 3, 3, ( 
 ( #4260, #5281, #1188, #4727, #4282, #2151, #1164, #1675, #5210, #3711, #3196, #1700, #2709, #6261, #1233 ),
 ( #3222, #705, #205, #1213, #4239, #4751, #1723, #2731, #834, #1296, #5387, #3876, #1765, #3311, #2312 ),
 ( #814, #2351, #5856, #5323, #789, #4858, #2797, #3837, #2287, #3818, #5835, #2841, #1832, #5903, #289 ),
 ( #269, #768, #3795, #3858, #1807, #2865, #350, #4835, #1786, #3290, #2267, #852, #1272, #306, #4366 ),
 ( #4814, #6345, #4302, #4324, #4792, #5346, #5301, #6389, #1338, #5816, #5365, #2818, #1252, #2776, #6368 ),
 ( #2333, #3354, #6408, #3333, #4343, #1316, #5882, #329, #4879, #1851, #3372, #6324, #1907, #6448, #3391 ),
 ( #3917, #5488, #1416, #5469, #3412, #1941, #2426, #3447, #428, #410, #5448, #3467, #2449, #5922, #2904 ) ),
 .UNSPECIFIED., .T., .F., .F. ) 
 B_SPLINE_SURFACE_WITH_KNOTS ( ( 4, 3, 4 ),
 ( 4, 1, 1, 1, 1, 1, 1, 1, 1, 1, 1, 1, 4 ),
 ( 0.0000000000000000000, 0.5000000000000000000, 1.000000000000000000 ),
 ( 0.0000000000000000000, 0.06882060749274084000, 0.1444367811561306200, 0.2265734837793111100, 0.3143638868665878400, 0.4063271544737623900, 0.5005520515802957000, 0.5947400496169268400, 0.6865953304574402600, 0.7742139161178787100, 0.8561256478117081900, 0.9314755821440551300, 1.000000000000000000 ),
 .UNSPECIFIED. ) 
 GEOMETRIC_REPRESENTATION_ITEM ( )  RATIONAL_B_SPLINE_SURFACE ( (
 ( 1.000000000000000200, 1.000000000000000200, 1.000000000000000200, 1.000000000000000200, 1.000000000000000200, 1.000000000000000400, 1.000000000000000400, 1.000000000000000000, 1.000000000000000400, 1.000000000000000000, 1.000000000000000400, 1.000000000000000000, 1.000000000000000400, 1.000000000000000200, 1.000000000000000200),
 ( 0.3333333333333334300, 0.3333333333333334300, 0.3333333333333334300, 0.3333333333333333700, 0.3333333333333333700, 0.3333333333333335400, 0.3333333333333334300, 0.3333333333333333100, 0.3333333333333335400, 0.3333333333333333100, 0.3333333333333334300, 0.3333333333333333700, 0.3333333333333334800, 0.3333333333333334300, 0.3333333333333334300),
 ( 0.3333333333333334300, 0.3333333333333334300, 0.3333333333333334300, 0.3333333333333333700, 0.3333333333333333700, 0.3333333333333335400, 0.3333333333333334300, 0.3333333333333333100, 0.3333333333333335400, 0.3333333333333333100, 0.3333333333333334300, 0.3333333333333333700, 0.3333333333333334800, 0.3333333333333334300, 0.3333333333333334300),
 ( 1.000000000000000200, 1.000000000000000200, 1.000000000000000200, 1.000000000000000200, 1.000000000000000200, 1.000000000000000400, 1.000000000000000400, 1.000000000000000000, 1.000000000000000400, 1.000000000000000000, 1.000000000000000400, 1.000000000000000000, 1.000000000000000400, 1.000000000000000200, 1.000000000000000200),
 ( 0.3333333333333334300, 0.3333333333333334300, 0.3333333333333334300, 0.3333333333333333700, 0.3333333333333333700, 0.3333333333333335400, 0.3333333333333334300, 0.3333333333333333100, 0.3333333333333335400, 0.3333333333333333100, 0.3333333333333334300, 0.3333333333333333700, 0.3333333333333334800, 0.3333333333333334300, 0.3333333333333334300),
 ( 0.3333333333333334300, 0.3333333333333334300, 0.3333333333333334300, 0.3333333333333333700, 0.3333333333333333700, 0.3333333333333335400, 0.3333333333333334300, 0.3333333333333333100, 0.3333333333333335400, 0.3333333333333333100, 0.3333333333333334300, 0.3333333333333333700, 0.3333333333333334800, 0.3333333333333334300, 0.3333333333333334300),
 ( 1.000000000000000200, 1.000000000000000200, 1.000000000000000200, 1.000000000000000200, 1.000000000000000200, 1.000000000000000400, 1.000000000000000400, 1.000000000000000000, 1.000000000000000400, 1.000000000000000000, 1.000000000000000400, 1.000000000000000000, 1.000000000000000400, 1.000000000000000200, 1.000000000000000200) ) ) 
 REPRESENTATION_ITEM ( '' )  SURFACE ( )  );
#3418 = CARTESIAN_POINT ( 'NONE',  ( 2712.254833905823000, -551.0497076873491600, -67.80136981844360400 ) ) ;
#3419 = CARTESIAN_POINT ( 'NONE',  ( 329.9934167530422500, -514.7230439763467300, 305.5664754965089300 ) ) ;
#3420 = CARTESIAN_POINT ( 'NONE',  ( 1715.319047521169500, 81.82600961652124700, 400.5569979447777200 ) ) ;
#3421 = CARTESIAN_POINT ( 'NONE',  ( 1117.728471059709600, -131.8524003047467100, 269.4302709776539500 ) ) ;
#3422 = CARTESIAN_POINT ( 'NONE',  ( 2372.827717078739600, 129.3464732585235600, 737.1195020101309900 ) ) ;
#3423 = CARTESIAN_POINT ( 'NONE',  ( 2610.910360134809700, 409.1029209792747600, -113.7312204753230000 ) ) ;
#3424 = CARTESIAN_POINT ( 'NONE',  ( 815.6016284703681500, -707.2111061148879100, 244.8020792539765300 ) ) ;
#3425 = CARTESIAN_POINT ( 'NONE',  ( 1462.132890813243000, 164.9940171480322100, -200.0513726805668000 ) ) ;
#3426 = CARTESIAN_POINT ( 'NONE',  ( 821.2619938850186800, -423.0941575160815700, -35.93430701073204100 ) ) ;
#3427 = CARTESIAN_POINT ( 'NONE',  ( 3070.071510555134000, -291.2724125544206700, -61.98407372142544600 ) ) ;
#3428 = CARTESIAN_POINT ( 'NONE',  ( 632.1422094407290600, 595.2164136876537000, -63.46595044345100700 ) ) ;
#3429 = CARTESIAN_POINT ( 'NONE',  ( 2756.045694921611800, -539.9981329068213000, -72.77600842461059500 ) ) ;
#3430 = CARTESIAN_POINT ( 'NONE',  ( 1921.316139903172600, 416.1859946219793200, 407.9178447688838700 ) ) ;
#3431 = CARTESIAN_POINT ( 'NONE',  ( 1193.136644523474600, 421.9752477100066100, -47.29734849041153000 ) ) ;
#3432 = CARTESIAN_POINT ( 'NONE',  ( 61.94123650696375400, 238.8012600038293800, -504.7053722392482800 ) ) ;
#3433 = CARTESIAN_POINT ( 'NONE',  ( 1874.832155954665500, 215.1766125267149900, 541.5777473331248800 ) ) ;
#3434 = CARTESIAN_POINT ( 'NONE',  ( 1529.381141778443400, -406.6488903093054400, 42.17010152653240600 ) ) ;
#3435 = CARTESIAN_POINT ( 'NONE',  ( 3049.329676713991800, -128.8966211336805500, 190.4503272979998500 ) ) ;
#3436 = CARTESIAN_POINT ( 'NONE',  ( 167.2985129445814900, -360.4724267804612600, -477.8723943021237800 ) ) ;
#3437 = CARTESIAN_POINT ( 'NONE',  ( 1552.623560951768700, -389.0975434933775400, 125.4775962287169100 ) ) ;
#3438 = CARTESIAN_POINT ( 'NONE',  ( 2900.670323286236900, -283.3488746628955800, 53.68964898348112100 ) ) ;
#3439 = CARTESIAN_POINT ( 'NONE',  ( 2326.321223033765400, -247.1662788636077200, -169.9598362445628900 ) ) ;
#3440 = CARTESIAN_POINT ( 'NONE',  ( 1131.786174194110600, 95.44811906368853700, -551.0420845059535400 ) ) ;
#3441 = CARTESIAN_POINT ( 'NONE',  ( 1983.371238485216700, 256.7137703966662300, -338.2278385542900900 ) ) ;
#3442 = CARTESIAN_POINT ( 'NONE',  ( 583.1799456598957900, 135.5837956206747200, -735.9980378141070800 ) ) ;
#3443 = CARTESIAN_POINT ( 'NONE',  ( 1787.522970444707400, -204.8166996532541500, 159.0394114168718400 ) ) ;
#3444 = CARTESIAN_POINT ( 'NONE',  ( 1076.925835126850000, 253.3444557373080700, 340.7589659639286900 ) ) ;
#3445 = CARTESIAN_POINT ( 'NONE',  ( 939.4621225506404000, 19.90150728271941100, -458.1442288907767900 ) ) ;
#3446 = CARTESIAN_POINT ( 'NONE',  ( 237.0250691366693400, -572.0759767876819500, -176.1786566661903400 ) ) ;
#3447 = CARTESIAN_POINT ( 'NONE',  ( 2900.670323286177300, -348.1265251534243200, 40.78018208904188700 ) ) ;
#3448 = CARTESIAN_POINT ( 'NONE',  ( 991.6288806293533800, -555.9397927091649800, 174.7524002920202400 ) ) ;
#3449 = CARTESIAN_POINT ( 'NONE',  ( 1264.852707822135000, -119.7978294511321700, 442.6516947896967600 ) ) ;
#3450 = CARTESIAN_POINT ( 'NONE',  ( 1774.191530234183100, 244.9055459517401800, 346.8736332688148400 ) ) ;
#3451 = CARTESIAN_POINT ( 'NONE',  ( 61.94123650696378300, 152.7444386631255500, -557.3377225703794700 ) ) ;
#3452 = CARTESIAN_POINT ( 'NONE',  ( 2107.253752801204000, 365.1600209643527800, -454.1648502353315300 ) ) ;
#3453 = CARTESIAN_POINT ( 'NONE',  ( 2366.099896506784700, -97.29086624762440700, 397.0845317519256800 ) ) ;
#3454 = CARTESIAN_POINT ( 'NONE',  ( 3049.483930925893200, -168.7869732034041000, 215.7057930304644900 ) ) ;
#3455 = CARTESIAN_POINT ( 'NONE',  ( 1973.482586092599600, 302.5963099866944500, -639.6142963376519200 ) ) ;
#3456 = CARTESIAN_POINT ( 'NONE',  ( 1622.350131829656400, -241.8423867253146400, 329.6267290845508500 ) ) ;
#3457 = CARTESIAN_POINT ( 'NONE',  ( 3187.478672477060600, -187.2947913558786600, -122.1501581290703600 ) ) ;
#3458 = CARTESIAN_POINT ( 'NONE',  ( 2303.079853260368100, -206.6074287960631200, -217.4650408904883800 ) ) ;
#3459 = CARTESIAN_POINT ( 'NONE',  ( 713.4267735379309000, -395.3314554782622300, 395.5637342194808600 ) ) ;
#3460 = CARTESIAN_POINT ( 'NONE',  ( 1913.644669105993200, 406.1886734279198100, -123.7368040717043800 ) ) ;
#3461 = CARTESIAN_POINT ( 'NONE',  ( 164.8203609767273600, -534.6451179511486800, 523.6702760899113400 ) ) ;
#3462 = CARTESIAN_POINT ( 'NONE',  ( 1880.492401679272900, -19.70520995916286500, 258.5639305167250100 ) ) ;
#3463 = CARTESIAN_POINT ( 'NONE',  ( 1820.675684611383800, 364.4625420738277600, 217.8697246621627800 ) ) ;
#3464 = CARTESIAN_POINT ( 'NONE',  ( 2419.290690593921700, -291.9187659140241100, 69.00106460326304600 ) ) ;
#3465 = CARTESIAN_POINT ( 'NONE',  ( 3028.565558404761300, 233.5902021780445900, -384.3155640935921200 ) ) ;
#3466 = EDGE_CURVE ( 'NONE', #8, #950, #6475, .T. ) ;
#3467 = CARTESIAN_POINT ( 'NONE',  ( 2900.670323285768100, -264.7475099347836900, 49.92333704643135700 ) ) ;
#3468 = CARTESIAN_POINT ( 'NONE',  ( 1967.800643608884700, 545.7863516630791300, 204.2664826987025900 ) ) ;
#3469 = CARTESIAN_POINT ( 'NONE',  ( 1706.454351682115400, -242.7763304549649200, -389.0398901471927500 ) ) ;
#3470 = CARTESIAN_POINT ( 'NONE',  ( 1007.199265687309200, 5.708957576117353700, 424.5792010107563200 ) ) ;
#3471 = ORIENTED_EDGE ( 'NONE', *, *, #3212, .F. ) ;
#3472 = CARTESIAN_POINT ( 'NONE',  ( 61.94123650696376200, 325.9069629891425800, -234.3499819006186400 ) ) ;
#3473 = CARTESIAN_POINT ( 'NONE',  ( 602.1942249206406400, 129.5868390639897700, -695.6138625441115000 ) ) ;
#3474 = CARTESIAN_POINT ( 'NONE',  ( 207.0543912873234000, -149.1251171924785700, -212.3874731541802100 ) ) ;
#3475 = CARTESIAN_POINT ( 'NONE',  ( -74.32948380835657100, 110.5693822564359700, -207.2386007891051100 ) ) ;
#3476 = CARTESIAN_POINT ( 'NONE',  ( 1903.756004174369300, 619.9260469502570500, -341.1197098681224700 ) ) ;
#3477 = VERTEX_POINT ( 'NONE', #5384 ) ;
#3478 = CARTESIAN_POINT ( 'NONE',  ( 2389.342408646170000, -12.94021989509038700, 408.6245404184758700 ) ) ;
#3479 = CARTESIAN_POINT ( 'NONE',  ( 3162.408482505612000, -12.36608972770771300, 99.94455780471253100 ) ) ;
#3480 = CARTESIAN_POINT ( 'NONE',  ( 643.7002053088064000, -552.1195939445380000, 89.00314253282012100 ) ) ;
#3481 = CARTESIAN_POINT ( 'NONE',  ( 2355.246276763386000, -185.7960746596790200, 381.8112290369313100 ) ) ;
#3482 = CARTESIAN_POINT ( 'NONE',  ( 2853.166790333724300, -724.2086717272335400, -149.9987333683261300 ) ) ;
#3483 = CARTESIAN_POINT ( 'NONE',  ( 379.6601430728482600, 261.6307607664482500, 334.4390350002054200 ) ) ;
#3484 = EDGE_CURVE ( 'NONE', #4847, #4111, #5164, .T. ) ;
#3485 = CARTESIAN_POINT ( 'NONE',  ( 2205.882336122530400, 75.87885342388683800, -247.9633482069464200 ) ) ;
#3486 = CARTESIAN_POINT ( 'NONE',  ( 983.9569729454711900, -82.35016715827936200, 416.5556263892082700 ) ) ;
#3487 = CARTESIAN_POINT ( 'NONE',  ( 1241.610703125867800, -208.8787030011910100, 408.2431865046482400 ) ) ;
#3488 = CARTESIAN_POINT ( 'NONE',  ( 97.57206428527278800, -10.42260025326449800, -600.2127772796894800 ) ) ;
#3489 = CARTESIAN_POINT ( 'NONE',  ( 1549.441316697409100, -328.6083606843869800, -481.2733558691931000 ) ) ;
#3490 = CARTESIAN_POINT ( 'NONE',  ( 2426.962229093431700, -309.8849009075800600, -338.0296070976778500 ) ) ;
#3491 = CARTESIAN_POINT ( 'NONE',  ( 1960.128809498491400, 321.1986875845480500, -277.7257006169348900 ) ) ;
#3492 =( BOUNDED_SURFACE ( )  B_SPLINE_SURFACE ( 3, 3, ( 
 ( #298, #2278, #3301, #236, #5336, #2830, #258, #2743, #4271, #1821, #1777 ),
 ( #3808, #3829, #4870, #780, #4804, #1756, #1842, #5826, #825, #2809, #804 ),
 ( #2788, #6334, #3764, #1287, #3260, #1798, #2301, #4355, #1243, #5847, #6361 ),
 ( #5292, #2258, #5356, #4336, #5805, #2765, #2323, #6315, #1308, #1328, #3281 ),
 ( #2382, #2361, #5932, #5420, #399, #1390, #2876, #4441, #5399, #6439, #920 ),
 ( #2895, #1349, #1407, #6398, #3907, #901, #5457, #4460, #3364, #360, #2934 ),
 ( #3401, #1428, #3888, #5912, #379, #3382, #6419, #2854, #1860, #884, #4418 ) ),
 .UNSPECIFIED., .T., .F., .F. ) 
 B_SPLINE_SURFACE_WITH_KNOTS ( ( 4, 3, 4 ),
 ( 4, 1, 1, 1, 1, 1, 1, 1, 4 ),
 ( 0.0000000000000000000, 0.5000000000000000000, 1.000000000000000000 ),
 ( 0.0000000000000000000, 0.1310067489229985400, 0.2704879348968757300, 0.4156889210437309500, 0.5630757155919138300, 0.6780360687517518200, 0.7901411029408836900, 0.8978510536203060400, 1.000000000000000000 ),
 .UNSPECIFIED. ) 
 GEOMETRIC_REPRESENTATION_ITEM ( )  RATIONAL_B_SPLINE_SURFACE ( (
 ( 1.000000000000000200, 1.000000000000000200, 1.000000000000000400, 1.000000000000000200, 1.000000000000000200, 1.000000000000000200, 1.000000000000000400, 1.000000000000000400, 1.000000000000000200, 1.000000000000000200, 1.000000000000000200),
 ( 0.3333333333333334300, 0.3333333333333334300, 0.3333333333333334800, 0.3333333333333333700, 0.3333333333333334300, 0.3333333333333333700, 0.3333333333333335400, 0.3333333333333334300, 0.3333333333333334300, 0.3333333333333334300, 0.3333333333333334300),
 ( 0.3333333333333334300, 0.3333333333333334300, 0.3333333333333334800, 0.3333333333333333700, 0.3333333333333334300, 0.3333333333333333700, 0.3333333333333335400, 0.3333333333333334300, 0.3333333333333334300, 0.3333333333333334300, 0.3333333333333334300),
 ( 1.000000000000000200, 1.000000000000000200, 1.000000000000000400, 1.000000000000000200, 1.000000000000000200, 1.000000000000000200, 1.000000000000000400, 1.000000000000000400, 1.000000000000000200, 1.000000000000000200, 1.000000000000000200),
 ( 0.3333333333333334300, 0.3333333333333334300, 0.3333333333333334800, 0.3333333333333333700, 0.3333333333333334300, 0.3333333333333333700, 0.3333333333333335400, 0.3333333333333334300, 0.3333333333333334300, 0.3333333333333334300, 0.3333333333333334300),
 ( 0.3333333333333334300, 0.3333333333333334300, 0.3333333333333334800, 0.3333333333333333700, 0.3333333333333334300, 0.3333333333333333700, 0.3333333333333335400, 0.3333333333333334300, 0.3333333333333334300, 0.3333333333333334300, 0.3333333333333334300),
 ( 1.000000000000000200, 1.000000000000000200, 1.000000000000000400, 1.000000000000000200, 1.000000000000000200, 1.000000000000000200, 1.000000000000000400, 1.000000000000000400, 1.000000000000000200, 1.000000000000000200, 1.000000000000000200) ) ) 
 REPRESENTATION_ITEM ( '' )  SURFACE ( )  );
#3493 = CARTESIAN_POINT ( 'NONE',  ( -61.94123650696379000, 128.4326349918439100, -391.1242823877532800 ) ) ;
#3494 = CARTESIAN_POINT ( 'NONE',  ( 3049.329676713991400, -583.7598392864971400, -111.2394574081372300 ) ) ;
#3495 = CARTESIAN_POINT ( 'NONE',  ( 2920.730555420585000, -195.1088028159824100, -549.1272522230489100 ) ) ;
#3496 = CARTESIAN_POINT ( 'NONE',  ( 2830.943882699823500, -290.7470170300139200, -287.4085872306010900 ) ) ;
#3497 = CARTESIAN_POINT ( 'NONE',  ( -61.94123650696379000, 119.9427753087445900, -194.6341534985648100 ) ) ;
#3498 = CARTESIAN_POINT ( 'NONE',  ( 2205.905362703993400, -705.6694435014851500, 51.98099302481036700 ) ) ;
#3499 = CARTESIAN_POINT ( 'NONE',  ( 2366.099896506784700, -97.29086624762440700, 397.0845317519256800 ) ) ;
#3500 = CARTESIAN_POINT ( 'NONE',  ( 2907.169669185735500, 125.4396543075279700, -24.20564767856559700 ) ) ;
#3501 = STYLED_ITEM ( 'NONE', ( #4486 ), #6181 ) ;
#3502 = CARTESIAN_POINT ( 'NONE',  ( 1922.020344104861100, -333.2745995614579900, -449.0933510416767800 ) ) ;
#3503 = CARTESIAN_POINT ( 'NONE',  ( 898.6602136775934500, -502.8294584525314700, -294.5675607843201100 ) ) ;
#3504 = CARTESIAN_POINT ( 'NONE',  ( 2634.152483719513400, 376.6775425387706400, -195.9950308538411700 ) ) ;
#3505 = CARTESIAN_POINT ( 'NONE',  ( -254.9981054488726800, 52.62994679174572400, -550.4087027396718700 ) ) ;
#3506 = CARTESIAN_POINT ( 'NONE',  ( -38.69938682774781600, -18.69921223518427300, -425.0968237248495100 ) ) ;
#3507 = CARTESIAN_POINT ( 'NONE',  ( 1136.742914004990100, -117.1527489412480900, 231.3414518621222000 ) ) ;
#3508 = CARTESIAN_POINT ( 'NONE',  ( 1843.918099687140100, 401.6832913871735400, 137.6610799313704400 ) ) ;
#3509 = CARTESIAN_POINT ( 'NONE',  ( 1701.282685600271600, -575.6032113944753500, 164.2906308310484700 ) ) ;
#3510 = CARTESIAN_POINT ( 'NONE',  ( 1456.472765198796000, 135.9198019351518700, -566.6862142857628400 ) ) ;
#3511 = CARTESIAN_POINT ( 'NONE',  ( 1799.423195213265200, -451.2986285190689300, -81.37770472980055600 ) ) ;
#3512 = CARTESIAN_POINT ( 'NONE',  ( 1427.548086308885800, 426.7504963624126000, 167.8580681004235700 ) ) ;
#3513 = CARTESIAN_POINT ( 'NONE',  ( 211.2830665280201000, -221.9723401439662200, -201.6751537508315800 ) ) ;
#3514 = CARTESIAN_POINT ( 'NONE',  ( 3049.329676713992300, -128.8966211336805500, 190.4503272979998800 ) ) ;
#3515 = CARTESIAN_POINT ( 'NONE',  ( 2860.914187333801700, -668.0462830785379500, 192.9994452090155900 ) ) ;
#3516 = CARTESIAN_POINT ( 'NONE',  ( 207.0770463185428400, -393.1712578618380600, 588.2920424389836900 ) ) ;
#3517 = CARTESIAN_POINT ( 'NONE',  ( 2459.068978824392600, 228.8838889371591000, 338.7530435901072100 ) ) ;
#3518 = CARTESIAN_POINT ( 'NONE',  ( -32.00098028922848700, -171.6240988841284700, 77.61157873037997500 ) ) ;
#3519 = CARTESIAN_POINT ( 'NONE',  ( 2112.935754271385100, -512.4129227591624800, -487.9590175503401500 ) ) ;
#3520 = CARTESIAN_POINT ( 'NONE',  ( 3176.166861843479200, 186.5214428041714700, 122.6282871354239500 ) ) ;
#3521 = CARTESIAN_POINT ( 'NONE',  ( 899.3639966802279600, 432.4071703038652600, 354.6554617269706600 ) ) ;
#3522 = CARTESIAN_POINT ( 'NONE',  ( 317.6051919774894800, -500.5184489715281900, 298.4777502169372400 ) ) ;
#3523 = CARTESIAN_POINT ( 'NONE',  ( -124.0566507727978100, 230.4767214632743700, 75.95404367070406700 ) ) ;
#3524 = CARTESIAN_POINT ( 'NONE',  ( 114.0863099753203500, 21.82274974291983600, -326.5766297704096200 ) ) ;
#3525 = CARTESIAN_POINT ( 'NONE',  ( 1675.561831764204700, 147.3969198525019200, 733.7231221622015500 ) ) ;
#3526 = CARTESIAN_POINT ( 'NONE',  ( 588.8398500194769000, 239.8086796758640000, -350.4167660466767400 ) ) ;
#3527 = CARTESIAN_POINT ( 'NONE',  ( 727.5890843479551200, 319.9436089358119400, 316.0688747412513600 ) ) ;
#3528 = CARTESIAN_POINT ( 'NONE',  ( 2332.004084576911300, -260.8449718800333700, 335.0520991329650500 ) ) ;
#3529 = CIRCLE ( 'NONE', #1519, 119.9999999999998300 ) ;
#3530 = CARTESIAN_POINT ( 'NONE',  ( 2328.821662316946500, -557.5660821422751500, -217.7857012419282200 ) ) ;
#3531 = CARTESIAN_POINT ( 'NONE',  ( 457.0583078476417400, 126.4095295898101900, 568.8834104917342500 ) ) ;
#3532 = CARTESIAN_POINT ( 'NONE',  ( 1520.516951118178900, 410.9631212681990700, -203.4751055104065400 ) ) ;
#3533 = CARTESIAN_POINT ( 'NONE',  ( 2403.720014621806100, -233.1558284820558800, -394.8808731534326200 ) ) ;
#3534 = CARTESIAN_POINT ( 'NONE',  ( 2192.550946324452500, -399.9637200178939300, -142.5799426460466200 ) ) ;
#3535 = EDGE_CURVE ( 'NONE', #3336, #2432, #2515, .T. ) ;
#3536 = CARTESIAN_POINT ( 'NONE',  ( 2756.022436658548500, -273.0002634493473000, 194.1953221661810000 ) ) ;
#3537 = CARTESIAN_POINT ( 'NONE',  ( 3089.085812666157800, -314.3455976365322600, -91.18930401240521600 ) ) ;
#3538 = CARTESIAN_POINT ( 'NONE',  ( 3049.329676713933600, -586.1384595560583600, -92.96992531793648600 ) ) ;
#3539 = CARTESIAN_POINT ( 'NONE',  ( 578.9512018736657000, 270.8475688735675800, -653.6913509641493600 ) ) ;
#3540 = CARTESIAN_POINT ( 'NONE',  ( 369.7506489329301800, -227.4801525656043900, 124.4845629245157000 ) ) ;
#3541 = CARTESIAN_POINT ( 'NONE',  ( 3070.071510555134000, -291.2724125544209000, -61.98407372142545300 ) ) ;
#3542 = CARTESIAN_POINT ( 'NONE',  ( 2182.662340561712000, -701.1341051646071500, -95.29947207389224700 ) ) ;
#3543 = CARTESIAN_POINT ( 'NONE',  ( 3050.313793057757300, -123.0757838987059400, 186.8515475276117900 ) ) ;
#3544 = CARTESIAN_POINT ( 'NONE',  ( 2966.837838460251100, -79.50425484933451500, -43.14497310310675700 ) ) ;
#3545 = CARTESIAN_POINT ( 'NONE',  ( 2642.528192329260000, -409.7729411089633200, -381.2816643323856200 ) ) ;
#3546 = CARTESIAN_POINT ( 'NONE',  ( 619.7539240058076800, 579.3501359978140500, -62.93621484225791800 ) ) ;
#3547 = CARTESIAN_POINT ( 'NONE',  ( -191.6799252592085500, 1.685950541230128300, 98.66979480924074200 ) ) ;
#3548 = CARTESIAN_POINT ( 'NONE',  ( 262.7452775920332900, 192.2341323536985300, -341.7019534084320200 ) ) ;
#3549 = CARTESIAN_POINT ( 'NONE',  ( 2349.585485569068200, -26.12394635361182400, 747.9257033634439700 ) ) ;
#3550 = CARTESIAN_POINT ( 'NONE',  ( 74.32948380835650000, 223.0500988841392000, -55.98523330262157300 ) ) ;
#3551 = CARTESIAN_POINT ( 'NONE',  ( 2670.726921214004100, 173.6767371454458600, 192.5615280117482700 ) ) ;
#3552 = CARTESIAN_POINT ( 'NONE',  ( 2680.636928791563200, 264.9369102135892100, -331.8259156840658800 ) ) ;
#3553 = EDGE_LOOP ( 'NONE', ( #5880, #5396, #4344, #252 ) ) ;
#3554 = CARTESIAN_POINT ( 'NONE',  ( 1887.220463423016800, 219.9189274064894400, 556.7279683373745900 ) ) ;
#3555 = CARTESIAN_POINT ( 'NONE',  ( 1567.001218982456300, 293.2498210431525100, -352.5576440659887700 ) ) ;
#3556 = CARTESIAN_POINT ( 'NONE',  ( 226.7019823742362800, 51.84613109260817500, -448.5310746206971000 ) ) ;
#3557 = CARTESIAN_POINT ( 'NONE',  ( 2471.457222529656100, 236.3191106539477500, 352.7793610130492000 ) ) ;
#3558 = ADVANCED_FACE ( 'NONE', ( #151 ), #4816, .F. ) ;
#3559 = CARTESIAN_POINT ( 'NONE',  ( 3070.071510555129000, -292.0758378026857300, -57.36842741738478700 ) ) ;
#3560 = CARTESIAN_POINT ( 'NONE',  ( 3077.875618287445800, -57.85023898775953200, 146.5253260473875200 ) ) ;
#3561 = ORIENTED_EDGE ( 'NONE', *, *, #3416, .F. ) ;
#3562 = CARTESIAN_POINT ( 'NONE',  ( 3089.085771724342100, -262.4614587323999900, -80.02782370881399700 ) ) ;
#3563 = CARTESIAN_POINT ( 'NONE',  ( 114.1080785219741900, -699.9336353495857600, 103.7516946857835800 ) ) ;
#3564 = CARTESIAN_POINT ( 'NONE',  ( 1299.437109874431100, 217.0178849507091200, 141.9389252335174400 ) ) ;
#3565 = CARTESIAN_POINT ( 'NONE',  ( -191.6799252592085500, 1.685950541230128300, 98.66979480924074200 ) ) ;
#3566 = CARTESIAN_POINT ( 'NONE',  ( 2990.457135152888900, -479.1713658245075200, -330.9455658735427100 ) ) ;
#3567 = CARTESIAN_POINT ( 'NONE',  ( 3049.329676713991800, -128.8966211336805500, 190.4503272979998500 ) ) ;
#3568 = CARTESIAN_POINT ( 'NONE',  ( 2900.670323285992700, -401.0479137257164000, -62.40872025873457600 ) ) ;
#3569 = CARTESIAN_POINT ( 'NONE',  ( 460.2409429860440500, 407.8712830925546800, 27.97167161329847900 ) ) ;
#3570 = CARTESIAN_POINT ( 'NONE',  ( 1502.956736312556800, -105.3848632203318700, -573.1507551643692300 ) ) ;
#3571 = CARTESIAN_POINT ( 'NONE',  ( -218.9729817417744200, 195.3895061398846500, -96.36234710646166900 ) ) ;
#3572 = CARTESIAN_POINT ( 'NONE',  ( 114.0863099753203500, 40.36787017921884800, -252.9820340649637300 ) ) ;
#3573 = CARTESIAN_POINT ( 'NONE',  ( 2721.460728222481100, -120.2905296830391100, -738.6399959450524200 ) ) ;
#3574 = CARTESIAN_POINT ( 'NONE',  ( 425.4404520943612600, -422.4978583159838200, -154.1259897905961200 ) ) ;
#3575 = CARTESIAN_POINT ( 'NONE',  ( 2215.793170018386300, -420.8213477482246400, -56.65137394592055400 ) ) ;
#3576 = CARTESIAN_POINT ( 'NONE',  ( 1120.228223196974600, -133.6160226867774800, 583.4870983316557200 ) ) ;
#3577 = CARTESIAN_POINT ( 'NONE',  ( 2357.235670874011200, -53.13143563306550000, -455.4884577847620300 ) ) ;
#3578 = CARTESIAN_POINT ( 'NONE',  ( 2698.197010415288800, 275.5752881647960100, 118.4735513065829800 ) ) ;
#3579 = CARTESIAN_POINT ( 'NONE',  ( -74.32948380835658500, 100.1075170301505300, -390.6855150388968200 ) ) ;
#3580 = CARTESIAN_POINT ( 'NONE',  ( 3070.094768818509200, -292.7886863660447700, -55.13458445012954500 ) ) ;
#3581 = CARTESIAN_POINT ( 'NONE',  ( 3233.157929862397400, -227.8762760112626000, 76.86823186623719600 ) ) ;
#3582 = CARTESIAN_POINT ( 'NONE',  ( 3089.085813263929100, -250.6571801311471000, -76.77828447690213000 ) ) ;
#3583 = CARTESIAN_POINT ( 'NONE',  ( 1717.819436705223300, 278.7151604092205700, 650.3762773110422600 ) ) ;
#3584 = CARTESIAN_POINT ( 'NONE',  ( 641.0066286672026800, -530.6349000376753800, -144.2135452087262600 ) ) ;
#3585 = CARTESIAN_POINT ( 'NONE',  ( 1067.016350967464200, -230.4666183085717300, 118.8645160570514700 ) ) ;
#3586 = CARTESIAN_POINT ( 'NONE',  ( -44.78117057507183300, 42.50293848855188400, 66.46542824515920200 ) ) ;
#3587 = CARTESIAN_POINT ( 'NONE',  ( 2595.339636766300400, 310.6712530593217700, 493.0425735044831900 ) ) ;
#3588 = CARTESIAN_POINT ( 'NONE',  ( 2900.670323285992700, -401.0479137257165700, -62.40872025873358800 ) ) ;
#3589 = CARTESIAN_POINT ( 'NONE',  ( 2900.670323286177300, -348.1265251534243200, 40.78018208904188700 ) ) ;
#3590 = CARTESIAN_POINT ( 'NONE',  ( 147.2383330595285400, -419.9482504234898700, 62.79714441866369900 ) ) ;
#3591 = CARTESIAN_POINT ( 'NONE',  ( 274.3031590887173900, -67.81573125963221600, 403.1657031113060200 ) ) ;
#3592 = CARTESIAN_POINT ( 'NONE',  ( 1386.746198213174500, 442.1207603719805100, -379.6533904618980300 ) ) ;
#3593 = CARTESIAN_POINT ( 'NONE',  ( 3887.478672477059700, 6.269290642180180800E-012, -7.091549569793187400E-012 ) ) ;
#3594 = CARTESIAN_POINT ( 'NONE',  ( -74.32948380835655700, 123.8214910987587400, -216.6517884334708700 ) ) ;
#3595 = CARTESIAN_POINT ( 'NONE',  ( 1201.512739555624000, -245.4426671770024200, -502.5093323956437500 ) ) ;
#3596 = CARTESIAN_POINT ( 'NONE',  ( 205.7369192019271200, -48.51787151969158900, -31.07828789349605000 ) ) ;
#3597 = CARTESIAN_POINT ( 'NONE',  ( 2415.062037261490300, -259.3008382727565500, 2.550649847424518900 ) ) ;
#3598 = CARTESIAN_POINT ( 'NONE',  ( 3036.941464435581100, -497.8687535770160900, 142.5266229423604600 ) ) ;
#3599 = CARTESIAN_POINT ( 'NONE',  ( 1050.501651920087400, -450.0955744616664400, 394.6193331531029000 ) ) ;
#3600 = CARTESIAN_POINT ( 'NONE',  ( 2496.688787026607300, -449.1654471402450200, -92.42861796654810300 ) ) ;
#3601 = CARTESIAN_POINT ( 'NONE',  ( 1931.204624532656500, 160.2119287090801800, 253.5938269759312200 ) ) ;
#3602 = CARTESIAN_POINT ( 'NONE',  ( 3187.478672477060200, 6.661338147750939200E-012, -7.327471962526033200E-012 ) ) ;
#3603 = CARTESIAN_POINT ( 'NONE',  ( 2153.738406257312400, 149.7860096835679300, -563.1798740167730600 ) ) ;
#3604 = CARTESIAN_POINT ( 'NONE',  ( 41.88153913381084700, -317.3469461056437800, -257.7294328315705900 ) ) ;
#3605 = CARTESIAN_POINT ( 'NONE',  ( -233.5238286886888700, 236.5983161494283400, -117.3160911873191500 ) ) ;
#3606 = CARTESIAN_POINT ( 'NONE',  ( 834.6159401094619200, -669.1175029579592300, 230.1147231849231800 ) ) ;
#3607 = CARTESIAN_POINT ( 'NONE',  ( 431.8269552758594000, 297.7345565384950400, -462.3041633073173700 ) ) ;
#3608 = CARTESIAN_POINT ( 'NONE',  ( 1741.039231483984400, -251.6949033157631800, 62.39607046180606200 ) ) ;
#3609 = CARTESIAN_POINT ( 'NONE',  ( -198.0102992182312100, 1.172623910564816000, -100.9251934588209700 ) ) ;
#3610 = CARTESIAN_POINT ( 'NONE',  ( -87.32452797933785900, 77.04234734481313800, -695.9703675569541000 ) ) ;
#3611 = CARTESIAN_POINT ( 'NONE',  ( 2900.670323286018600, -305.0237611108484000, 54.15999951414875100 ) ) ;
#3612 = EDGE_CURVE ( 'NONE', #2863, #2997, #4682, .T. ) ;
#3613 = CARTESIAN_POINT ( 'NONE',  ( 297.5452898272615700, 17.15485778854517200, 408.4694789234628200 ) ) ;
#3614 = B_SPLINE_CURVE_WITH_KNOTS ( 'NONE', 3,
 ( #147, #654, #1247, #2241, #2748, #3749, #1228, #2262, #5764, #4786, #5788, #5296, #221, #721, #2217 ),
 .UNSPECIFIED., .F., .F.,
 ( 4, 1, 1, 1, 1, 1, 1, 1, 1, 1, 1, 1, 4 ),
 ( 0.0000000000000000000, 0.06872001483710212000, 0.1441621501476888800, 0.2260670143695056000, 0.3135939262562698100, 0.4053086433777585200, 0.4993180314041685300, 0.5933736809744103400, 0.6852230481327128400, 0.7729622596479137600, 0.8551453571842779800, 0.9309162955894704200, 1.000000000000000000 ),
 .UNSPECIFIED. ) ;
#3615 = CARTESIAN_POINT ( 'NONE',  ( 774.7773058541245100, -372.2347539652482700, -204.3071616281586400 ) ) ;
#3616 = CARTESIAN_POINT ( 'NONE',  ( -2.313111179756459200, 74.56194164354491200, 41.17106084561168400 ) ) ;
#3617 = CARTESIAN_POINT ( 'NONE',  ( 74.32948380835650000, 223.0500988841391500, -55.98523330262153100 ) ) ;
#3618 = CARTESIAN_POINT ( 'NONE',  ( 992.3330422750972300, 553.1703005675663000, -82.22114310030312400 ) ) ;
#3619 = CARTESIAN_POINT ( 'NONE',  ( -37.33076104388149500, 44.35957571733168000, 85.00055224869147700 ) ) ;
#3620 = CARTESIAN_POINT ( 'NONE',  ( 2531.273862168979600, -128.3633096699013800, 225.3140565982915000 ) ) ;
#3621 = CARTESIAN_POINT ( 'NONE',  ( 3036.941396263529900, -572.4172701734041800, -10.24023812872696700 ) ) ;
#3622 = CARTESIAN_POINT ( 'NONE',  ( 1143.470263012953000, -9.872336032896692300, 598.5089372731982800 ) ) ;
#3623 = CARTESIAN_POINT ( 'NONE',  ( -90.84300761755231700, -45.75669565161783900, -750.0436346371932400 ) ) ;
#3624 = CARTESIAN_POINT ( 'NONE',  ( 3186.206718786862400, -428.1148721693298900, -151.3693412202389700 ) ) ;
#3625 = CARTESIAN_POINT ( 'NONE',  ( 2860.892132673840000, 148.1261798315014500, -260.8371816426623600 ) ) ;
#3626 = CARTESIAN_POINT ( 'NONE',  ( -61.94123650696378300, 163.5948939821157600, -245.1890524929250100 ) ) ;
#3627 = ORIENTED_EDGE ( 'NONE', *, *, #5189, .T. ) ;
#3628 = CARTESIAN_POINT ( 'NONE',  ( 2827.761585672180000, 275.8604633045922600, -513.3309057660137600 ) ) ;
#3629 = CARTESIAN_POINT ( 'NONE',  ( 3032.613122001768300, 231.8042614927719600, -79.29674070760671600 ) ) ;
#3630 = CARTESIAN_POINT ( 'NONE',  ( -61.94123650696378300, 163.5948939821157600, -245.1890524929250100 ) ) ;
#3631 = CARTESIAN_POINT ( 'NONE',  ( 1926.999126467321700, 535.8339815151072100, -462.1183489094362900 ) ) ;
#3632 = CARTESIAN_POINT ( 'NONE',  ( 548.0379202141521100, -249.4975066859753400, -490.0226367760317300 ) ) ;
#3633 = CARTESIAN_POINT ( 'NONE',  ( -198.0102992182312100, 1.172623910564816000, -100.9251934588209700 ) ) ;
#3634 = CARTESIAN_POINT ( 'NONE',  ( 1438.890205305146300, 202.8495786766914600, -161.5409109608697200 ) ) ;
#3635 = AXIS2_PLACEMENT_3D ( 'NONE', #2753, #2246, #5237 ) ;
#3636 = CARTESIAN_POINT ( 'NONE',  ( -62.85045338383052600, 111.0622595601743300, -187.6274781207991100 ) ) ;
#3637 = CARTESIAN_POINT ( 'NONE',  ( 2572.097767339524600, 201.8207916100842300, 546.6953252007306200 ) ) ;
#3638 = ORIENTED_EDGE ( 'NONE', *, *, #2268, .T. ) ;
#3639 = CARTESIAN_POINT ( 'NONE',  ( 74.32948380835651400, 159.3806711437220300, -571.7623411309399400 ) ) ;
#3640 = CARTESIAN_POINT ( 'NONE',  ( 820.5576607638336100, 449.0517968347581900, -24.80348877632001600 ) ) ;
#3641 = CARTESIAN_POINT ( 'NONE',  ( 2107.958054980985700, -414.2646429459467800, 375.6893899817736200 ) ) ;
#3642 = EDGE_LOOP ( 'NONE', ( #5873, #4987, #81, #3561, #2606 ) ) ;
#3643 = CARTESIAN_POINT ( 'NONE',  ( 751.5354303600802300, -321.8494659751147500, -276.9708697004175000 ) ) ;
#3644 = CARTESIAN_POINT ( 'NONE',  ( 553.2093602829257900, 294.6356996666058300, -283.4279263123539200 ) ) ;
#3645 = CARTESIAN_POINT ( 'NONE',  ( 62.64526207227337600, -188.2501149344403800, 526.6102845842558500 ) ) ;
#3646 = CARTESIAN_POINT ( 'NONE',  ( -75.23870068522330700, 101.6888665078657000, -200.2319254113394300 ) ) ;
#3647 = CARTESIAN_POINT ( 'NONE',  ( 2052.393762177793200, 52.29327820926701500, 446.6864979835124800 ) ) ;
#3648 = CARTESIAN_POINT ( 'NONE',  ( 3070.715928990979600, -290.5786423037792500, -58.29408066214890700 ) ) ;
#3649 = CARTESIAN_POINT ( 'NONE',  ( 1538.587636672294400, -226.7342639349668000, -553.9873326823943700 ) ) ;
#3650 = CARTESIAN_POINT ( 'NONE',  ( 2677.454429553232300, 554.8515452148014900, 224.6115750817938900 ) ) ;
#3651 = CARTESIAN_POINT ( 'NONE',  ( 3077.743331288502800, -135.6257214153311800, -438.0247184305258700 ) ) ;
#3652 = CARTESIAN_POINT ( 'NONE',  ( 242.1963099135523100, 17.92814554605907100, -459.4881665734369000 ) ) ;
#3653 = CARTESIAN_POINT ( 'NONE',  ( -74.32948380835657100, 134.0633487694584000, -363.8657942978620700 ) ) ;
#3654 = CARTESIAN_POINT ( 'NONE',  ( 2502.371208313311400, -156.6858310642653900, 561.2993511281530300 ) ) ;
#3655 = CARTESIAN_POINT ( 'NONE',  ( 526.7848664408709300, 435.7001968705670300, 387.0052309522346800 ) ) ;
#3656 = CARTESIAN_POINT ( 'NONE',  ( -27.84498837640840600, -107.0717613556323200, -394.5486938476531700 ) ) ;
#3657 = CARTESIAN_POINT ( 'NONE',  ( -90.20932942469555400, 56.76796176595199500, -164.7895923179296200 ) ) ;
#3658 = CARTESIAN_POINT ( 'NONE',  ( 1229.733449517436400, 524.3317245461337300, -475.1291362770081700 ) ) ;
#3659 = CARTESIAN_POINT ( 'NONE',  ( 873.4283310660299500, 136.0701704808846600, 532.7806257687942700 ) ) ;
#3660 = CARTESIAN_POINT ( 'NONE',  ( -912.4786724770601700, 0.0000000000000000000, 0.0000000000000000000 ) ) ;
#3661 = CARTESIAN_POINT ( 'NONE',  ( 1671.312646325535100, -240.5394123999845100, -96.87301532122955900 ) ) ;
#3662 = CARTESIAN_POINT ( 'NONE',  ( -218.5971408053313800, 196.9447376095106400, -97.58941570847699200 ) ) ;
#3663 = CARTESIAN_POINT ( 'NONE',  ( 764.8893970318583800, -677.0918266909777700, -205.4694425153421100 ) ) ;
#3664 = CARTESIAN_POINT ( 'NONE',  ( 114.0863099753203800, 8.260612461029447600, -304.6165172157144500 ) ) ;
#3665 = CARTESIAN_POINT ( 'NONE',  ( 263.4494746252024700, -157.2047592416771800, 394.4446971199395800 ) ) ;
#3666 = CARTESIAN_POINT ( 'NONE',  ( 2763.694897915639600, 259.3126520277594400, 0.6315075438020507600 ) ) ;
#3667 = CARTESIAN_POINT ( 'NONE',  ( 2040.709556439610400, 7.924836468852119800, -408.7525988768615000 ) ) ;
#3668 = ADVANCED_FACE ( 'NONE', ( #5850 ), #1358, .T. ) ;
#3669 = CARTESIAN_POINT ( 'NONE',  ( 2053.097807818861800, 9.922372435306478200, -424.5015580418834700 ) ) ;
#3670 = CARTESIAN_POINT ( 'NONE',  ( 88.36558040390535500, -394.5761393661123900, -107.0067395649380700 ) ) ;
#3671 = CARTESIAN_POINT ( 'NONE',  ( 1015.575107340982800, 524.1467171122080800, -195.0059720410967500 ) ) ;
#3672 = CARTESIAN_POINT ( 'NONE',  ( -74.63291195675620300, 94.02998198399386400, -194.1891099787894700 ) ) ;
#3673 = CARTESIAN_POINT ( 'NONE',  ( 2401.026554228045800, -46.80778094520112400, -447.2944929339523100 ) ) ;
#3674 = CARTESIAN_POINT ( 'NONE',  ( 2879.928489444853300, -69.37823946422236100, 280.8403385328175000 ) ) ;
#3675 = CARTESIAN_POINT ( 'NONE',  ( 1027.259008544207500, -522.0670670258753000, 292.8425027183498100 ) ) ;
#3676 = CARTESIAN_POINT ( 'NONE',  ( 559.9367535023373000, 285.0787340226702900, -691.9576746202938000 ) ) ;
#3677 = CARTESIAN_POINT ( 'NONE',  ( 288.6808957444654300, -177.2253514122080800, -422.7379113100947700 ) ) ;
#3678 = CARTESIAN_POINT ( 'NONE',  ( -114.0863099753204800, 452.0315604073769000, -494.2441613751650500 ) ) ;
#3679 = CARTESIAN_POINT ( 'NONE',  ( 2386.159971798925200, -563.8450016468631200, 147.2630189794618600 ) ) ;
#3680 = CARTESIAN_POINT ( 'NONE',  ( 18.63901376353561200, -257.1639917874635400, -317.8496522463896700 ) ) ;
#3681 = CARTESIAN_POINT ( 'NONE',  ( 218.9543979933611700, 157.5810685800500200, -183.3059842399335700 ) ) ;
#3682 = CARTESIAN_POINT ( 'NONE',  ( 927.5840003899053300, -278.8490004307867600, 650.3184214404349200 ) ) ;
#3683 = CARTESIAN_POINT ( 'NONE',  ( 1152.334585100650400, 208.0844702241587400, -508.9903360787513400 ) ) ;
#3684 = CARTESIAN_POINT ( 'NONE',  ( 3887.478672477059700, -99.99999999999359100, -7.197852950236631600E-012 ) ) ;
#3685 = CARTESIAN_POINT ( 'NONE',  ( 2415.062037261490300, -259.3008382727565500, 2.550649847424518900 ) ) ;
#3686 = CARTESIAN_POINT ( 'NONE',  ( 47.53827636071530100, 143.6073562754665400, -13.30537051784361300 ) ) ;
#3687 = CARTESIAN_POINT ( 'NONE',  ( 578.9512018736657000, 270.8475688735675800, -653.6913509641493600 ) ) ;
#3688 = CARTESIAN_POINT ( 'NONE',  ( 262.7452775920334000, 122.1551438033255400, -425.1140869154733700 ) ) ;
#3689 = CARTESIAN_POINT ( 'NONE',  ( 1309.347926683977900, 171.6166385955494600, -388.3911326368934200 ) ) ;
#3690 = CARTESIAN_POINT ( 'NONE',  ( 2740.453448091543600, 253.5596697418251900, 54.32346104315928400 ) ) ;
#3691 = CARTESIAN_POINT ( 'NONE',  ( 1111.021792791997500, 356.7518453521952900, 199.6740930741121900 ) ) ;
#3692 = CARTESIAN_POINT ( 'NONE',  ( 1193.136644523474600, 421.9752477100066100, -47.29734849041153000 ) ) ;
#3693 = CARTESIAN_POINT ( 'NONE',  ( 18.63901376353561200, -257.1639917874635400, -317.8496522463896700 ) ) ;
#3694 = CARTESIAN_POINT ( 'NONE',  ( 3070.071518877155500, -295.4164663556081800, -59.93835959017803100 ) ) ;
#3695 = CARTESIAN_POINT ( 'NONE',  ( 504.2470675681069600, -257.7007862148227000, -496.3344238753518900 ) ) ;
#3696 = CARTESIAN_POINT ( 'NONE',  ( 259.7384220744889400, 71.31725398760492900, -125.6275063235604400 ) ) ;
#3697 = CARTESIAN_POINT ( 'NONE',  ( 1285.401592484369300, -209.5843184133736100, 397.9169472669409500 ) ) ;
#3698 = CARTESIAN_POINT ( 'NONE',  ( 3108.789953908572900, -212.0894272634079700, -106.8206736380832100 ) ) ;
#3699 = CARTESIAN_POINT ( 'NONE',  ( 934.2906040557340900, -567.5806817880688900, -190.1645682003937200 ) ) ;
#3700 = CARTESIAN_POINT ( 'NONE',  ( 188.0627688430268200, -414.5941648150187000, 623.0469255093364600 ) ) ;
#3701 = CARTESIAN_POINT ( 'NONE',  ( 1032.431014699912800, -326.0980750911416000, -322.4172015379059500 ) ) ;
#3702 = CARTESIAN_POINT ( 'NONE',  ( 1896.084666857853600, -2.537398138237715100, -549.8764805525759100 ) ) ;
#3703 = CARTESIAN_POINT ( 'NONE',  ( 2665.066191923820500, 540.6090390284935000, 217.5993610695425100 ) ) ;
#3704 = ADVANCED_FACE ( 'NONE', ( #5997 ), #3492, .F. ) ;
#3705 = CARTESIAN_POINT ( 'NONE',  ( -51.08769990143264300, -19.04133491132639800, -409.1123069814605100 ) ) ;
#3706 = CARTESIAN_POINT ( 'NONE',  ( -224.6634315393582700, 239.4270098524202400, -119.5479140995392300 ) ) ;
#3707 = CARTESIAN_POINT ( 'NONE',  ( 2833.444417813284400, -592.8504054375052900, -384.0741847875022500 ) ) ;
#3708 = CARTESIAN_POINT ( 'NONE',  ( 2128.506515492966600, -477.1897363406112000, 273.2407478200244100 ) ) ;
#3709 = CIRCLE ( 'NONE', #5674, 119.9999999999998300 ) ;
#3710 = CARTESIAN_POINT ( 'NONE',  ( -212.4786724770602300, -200.0000000000000000, 100.0000000000000400 ) ) ;
#3711 = CARTESIAN_POINT ( 'NONE',  ( 2900.670323286018600, -305.0237611108484000, 54.15999951414875100 ) ) ;
#3712 = CARTESIAN_POINT ( 'NONE',  ( 1206.490261031955900, 611.3678593012678000, -356.2305228901621500 ) ) ;
#3713 = CARTESIAN_POINT ( 'NONE',  ( 262.7452775920334000, 105.8469133583488700, -433.7585730333743200 ) ) ;
#3714 = CARTESIAN_POINT ( 'NONE',  ( 2029.855372570679700, 97.62666697265525800, -413.2422961824517500 ) ) ;
#3715 = CARTESIAN_POINT ( 'NONE',  ( 541.6514386926487500, -345.9064450176290400, 287.4223044139437800 ) ) ;
#3716 = CARTESIAN_POINT ( 'NONE',  ( 1366.686257904445300, -86.73532517835759800, -399.5226840665077900 ) ) ;
#3717 = CARTESIAN_POINT ( 'NONE',  ( 1518.527605486947100, -422.0848634600073400, -46.30675814131415500 ) ) ;
#3718 = CARTESIAN_POINT ( 'NONE',  ( 622.9359121907501700, 72.75816536665867300, -402.3031695377774800 ) ) ;
#3719 = CARTESIAN_POINT ( 'NONE',  ( -212.4786724770602000, 1.224646799147353200E-014, -100.0000000000000000 ) ) ;
#3720 = CARTESIAN_POINT ( 'NONE',  ( 1387.449949428380000, -476.0313547691424700, 293.5143610728222800 ) ) ;
#3721 = CARTESIAN_POINT ( 'NONE',  ( 2075.635726522336000, 143.6726650090266700, 426.1697350400549500 ) ) ;
#3722 = CARTESIAN_POINT ( 'NONE',  ( 3193.244306748671500, -207.6242594232664900, 75.01694550193181500 ) ) ;
#3723 = CARTESIAN_POINT ( 'NONE',  ( 911.0485072771466500, -515.8889378272607500, -303.5935884600432400 ) ) ;
#3724 = CARTESIAN_POINT ( 'NONE',  ( 2956.360647358205800, -311.8123103580267100, -510.9520137241066200 ) ) ;
#3725 = CARTESIAN_POINT ( 'NONE',  ( 1171.884140543322000, -408.4352325187433600, 208.5029300868062300 ) ) ;
#3726 = CARTESIAN_POINT ( 'NONE',  ( 1640.420541975578500, 413.6130456337628500, 362.3460300304851700 ) ) ;
#3727 = CARTESIAN_POINT ( 'NONE',  ( 2913.058602738243300, -378.6984817956279100, 37.80443157823968600 ) ) ;
#3728 = CARTESIAN_POINT ( 'NONE',  ( 1575.865933373982700, -354.6728188623264900, 203.3435267732591000 ) ) ;
#3729 = ORIENTED_EDGE ( 'NONE', *, *, #1578, .T. ) ;
#3730 = CARTESIAN_POINT ( 'NONE',  ( -95.07192497943370300, 345.1599260729697100, -14.82518924068130400 ) ) ;
#3731 = CARTESIAN_POINT ( 'NONE',  ( 385.3423980536843500, 459.5362284514599800, -301.9879924361510500 ) ) ;
#3732 = CARTESIAN_POINT ( 'NONE',  ( 2198.233084562765300, -226.6780133595625000, 500.9866830340249100 ) ) ;
#3733 = CARTESIAN_POINT ( 'NONE',  ( 2586.964025711378800, -440.5525791316495700, 90.42474974615019800 ) ) ;
#3734 =( NAMED_UNIT ( * ) SI_UNIT ( $, .STERADIAN. ) SOLID_ANGLE_UNIT ( ) );
#3735 = CARTESIAN_POINT ( 'NONE',  ( 695.1628538196588400, -428.3904138970721100, -563.1631221839489900 ) ) ;
#3736 = CARTESIAN_POINT ( 'NONE',  ( -114.0863099753204800, 320.1049175901218900, 56.46965815130784000 ) ) ;
#3737 = CARTESIAN_POINT ( 'NONE',  ( 705.0507511810458300, -181.9976443530377400, -383.6365224336197500 ) ) ;
#3738 = CARTESIAN_POINT ( 'NONE',  ( 285.9871361880979100, 24.91149514508885700, -450.3819199221860600 ) ) ;
#3739 = CARTESIAN_POINT ( 'NONE',  ( 832.1155716655475800, -405.4914635656757000, 52.13712166129562300 ) ) ;
#3740 = CARTESIAN_POINT ( 'NONE',  ( 274.3031590887173900, -67.81573125963221600, 403.1657031113060200 ) ) ;
#3741 = CARTESIAN_POINT ( 'NONE',  ( 3070.064768246720600, -295.0834803135281300, -54.15809875934292000 ) ) ;
#3742 = CARTESIAN_POINT ( 'NONE',  ( 1922.020344104861100, -333.2745995614579900, -449.0933510416767800 ) ) ;
#3743 = CARTESIAN_POINT ( 'NONE',  ( -212.4786724770602300, 240.0000000000000300, 119.9999999999999900 ) ) ;
#3744 = CARTESIAN_POINT ( 'NONE',  ( 2029.151490245594500, -41.35461218505748300, 447.8312827658100400 ) ) ;
#3745 = CARTESIAN_POINT ( 'NONE',  ( 3187.478672477060600, 187.2947913558923000, 122.1501581290557000 ) ) ;
#3746 = CARTESIAN_POINT ( 'NONE',  ( 2654.212629772049200, 496.3014776929940700, 334.6568166940511400 ) ) ;
#3747 = CARTESIAN_POINT ( 'NONE',  ( 1048.022677605332300, 561.5812106072689900, 494.6735306988077200 ) ) ;
#3748 = CARTESIAN_POINT ( 'NONE',  ( 2244.717456260849300, -4.210667616952457100, 549.8661315963219100 ) ) ;
#3749 = CARTESIAN_POINT ( 'NONE',  ( 61.94123650696376200, 325.9069629891425800, -234.3499819006186400 ) ) ;
#3750 = CARTESIAN_POINT ( 'NONE',  ( 1901.256415074652100, 390.6080052385162800, -120.6933577463092500 ) ) ;
#3751 = CARTESIAN_POINT ( 'NONE',  ( -95.07192497943366000, 368.4624269097890900, -548.9616168480015400 ) ) ;
#3752 = CARTESIAN_POINT ( 'NONE',  ( 478.3113519108864600, 84.84716738419936600, -543.2974562623023800 ) ) ;
#3753 = CARTESIAN_POINT ( 'NONE',  ( 2523.623688645656300, 330.9369019649104800, -439.1481909319013000 ) ) ;
#3754 = CARTESIAN_POINT ( 'NONE',  ( 2261.573438389534200, 410.0360136534103500, -184.7534476602869200 ) ) ;
#3755 = CARTESIAN_POINT ( 'NONE',  ( -74.32948380835657100, 110.5693822564359700, -207.2386007891051100 ) ) ;
#3756 = CARTESIAN_POINT ( 'NONE',  ( 728.2929883516811700, -257.5069977802110700, -337.6244238629619200 ) ) ;
#3757 = CARTESIAN_POINT ( 'NONE',  ( 251.0612434015587800, -149.8451315259116300, 380.3785532975680300 ) ) ;
#3758 = CARTESIAN_POINT ( 'NONE',  ( 1924.498714353193900, 357.1414893114838900, -198.9758098127023800 ) ) ;
#3759 = CARTESIAN_POINT ( 'NONE',  ( 2063.951822567518800, -76.90435639575090900, -401.5310024142213500 ) ) ;
#3760 = CARTESIAN_POINT ( 'NONE',  ( 2913.058602738476600, -238.5599280058694900, 56.16150394498585300 ) ) ;
#3761 = CARTESIAN_POINT ( 'NONE',  ( 2247.411175111655200, 226.7803986869321600, 511.2028340576706600 ) ) ;
#3762 = CARTESIAN_POINT ( 'NONE',  ( -212.4786724770602000, 0.0000000000000000000, -120.0000000000000100 ) ) ;
#3763 = CARTESIAN_POINT ( 'NONE',  ( 422.9624783639602000, -119.2565002589997900, 586.5905128818967600 ) ) ;
#3764 = CARTESIAN_POINT ( 'NONE',  ( 3236.420158786580900, -220.6080475744996100, 72.37459076121379600 ) ) ;
#3765 = CARTESIAN_POINT ( 'NONE',  ( 2700.696682264179800, 589.3406082036895000, 104.8252137292544600 ) ) ;
#3766 = EDGE_CURVE ( 'NONE', #2523, #3262, #1811, .T. ) ;
#3767 = CARTESIAN_POINT ( 'NONE',  ( 1071.266046614101500, 651.8584981687633900, 367.6365664811482900 ) ) ;
#3768 = CARTESIAN_POINT ( 'NONE',  ( 2314.444014275087700, 318.6978193238218800, 448.1095572554216900 ) ) ;
#3769 = CARTESIAN_POINT ( 'NONE',  ( 3070.070997045858800, -296.1980449537761600, -55.26419117711743900 ) ) ;
#3770 = CARTESIAN_POINT ( 'NONE',  ( 1994.225268765919300, 172.8882993024529900, -370.4740974635820400 ) ) ;
#3771 = CARTESIAN_POINT ( 'NONE',  ( -218.9543979933612000, 155.9565399543092200, -519.8566980715010000 ) ) ;
#3772 = CARTESIAN_POINT ( 'NONE',  ( 36.70959722531326700, -455.7957967421941700, 307.6045111699637600 ) ) ;
#3773 = CARTESIAN_POINT ( 'NONE',  ( 1686.904993629687900, 524.9669368469154700, 163.6470424773487800 ) ) ;
#3774 = CARTESIAN_POINT ( 'NONE',  ( -2.313111179756459200, 74.56194164354491200, 41.17106084561168400 ) ) ;
#3775 = CARTESIAN_POINT ( 'NONE',  ( -74.32948380835657100, 118.8775684489026500, -214.1217383164802500 ) ) ;
#3776 = CARTESIAN_POINT ( 'NONE',  ( 2984.774684277593700, 233.5191667609280400, -394.6657559848250700 ) ) ;
#3777 = CARTESIAN_POINT ( 'NONE',  ( 1867.160394000341700, 421.4848395733090500, 51.48293470015357800 ) ) ;
#3778 = CARTESIAN_POINT ( 'NONE',  ( 204.5766104344012300, -291.1353357904940800, 287.0222417120842200 ) ) ;
#3779 = CARTESIAN_POINT ( 'NONE',  ( 2761.217325254501700, -67.02365524164005700, -403.3010165361355300 ) ) ;
#3780 = CARTESIAN_POINT ( 'NONE',  ( 2796.847592894867800, -153.2942341901155600, -395.9750839104348200 ) ) ;
#3781 = CARTESIAN_POINT ( 'NONE',  ( 2110.436127032379800, -233.0236594598453100, -335.9188281568155500 ) ) ;
#3782 = DIRECTION ( 'NONE',  ( 1.000000000000000000, 0.0000000000000000000, 0.0000000000000000000 ) ) ;
#3783 = CARTESIAN_POINT ( 'NONE',  ( 2038.231494408169700, -555.8218110014881900, 61.80483098631924600 ) ) ;
#3784 = CARTESIAN_POINT ( 'NONE',  ( 3051.807619496259100, 148.9297264475722800, -424.3624191785183900 ) ) ;
#3785 = CARTESIAN_POINT ( 'NONE',  ( 3166.307107250603200, 208.3433698992034500, -75.46154137861624600 ) ) ;
#3786 = CARTESIAN_POINT ( 'NONE',  ( 2770.423260791352300, 539.0417047859655200, -260.2781367235735400 ) ) ;
#3787 = CARTESIAN_POINT ( 'NONE',  ( 908.5695492011968800, -293.5486861219870300, 688.4072264067345900 ) ) ;
#3788 = CIRCLE ( 'NONE', #4368, 119.9999999999998300 ) ;
#3789 = CARTESIAN_POINT ( 'NONE',  ( 2453.897130463432900, 525.4623161467420700, -162.0487490657771700 ) ) ;
#3790 = CARTESIAN_POINT ( 'NONE',  ( 2119.642002963612400, 376.0046500832280000, -465.7585456252837700 ) ) ;
#3791 = CARTESIAN_POINT ( 'NONE',  ( 2226.646765834828800, -407.5613246371224800, 32.17774041687190600 ) ) ;
#3792 = CARTESIAN_POINT ( 'NONE',  ( -95.07192497943366000, 449.4958756123501800, -215.3815889692523100 ) ) ;
#3793 = CARTESIAN_POINT ( 'NONE',  ( -79.50120809202434200, -495.2608532147826300, -238.9013523556870100 ) ) ;
#3794 = CARTESIAN_POINT ( 'NONE',  ( 1547.451878260461600, 9.285080975086140500, 549.8040247569503000 ) ) ;
#3795 = CARTESIAN_POINT ( 'NONE',  ( 3049.329677012476600, -591.4650040991944000, -63.25531609042735000 ) ) ;
#3796 = VERTEX_POINT ( 'NONE', #341 ) ;
#3797 = CARTESIAN_POINT ( 'NONE',  ( -74.32948380835657100, 110.5693822564359700, -207.2386007891051100 ) ) ;
#3798 = CARTESIAN_POINT ( 'NONE',  ( 735.9645449237889400, 237.3503889590832000, -532.2335203702309600 ) ) ;
#3799 = CARTESIAN_POINT ( 'NONE',  ( 2471.457222529656100, 236.3191106539477500, 352.7793610130492000 ) ) ;
#3800 = DIRECTION ( 'NONE',  ( 1.000000000000000000, 2.205967590111325500E-015, 2.531553851092407700E-016 ) ) ;
#3801 = CARTESIAN_POINT ( 'NONE',  ( 2807.701825170665400, -224.6631048755717200, -341.5851557696444200 ) ) ;
#3802 = ORIENTED_EDGE ( 'NONE', *, *, #4083, .F. ) ;
#3803 = CARTESIAN_POINT ( 'NONE',  ( 2598.522118862390900, 393.4522411681701300, -111.0710692504417700 ) ) ;
#3804 = CARTESIAN_POINT ( 'NONE',  ( 2879.928489444475900, -700.8366108754701100, -40.73965360824528400 ) ) ;
#3805 = CARTESIAN_POINT ( 'NONE',  ( 2433.348487133932800, 486.5124965590889000, -275.7943909973182000 ) ) ;
#3806 = PRODUCT_DEFINITION_SHAPE ( 'NONE', 'NONE',  #6010 ) ;
#3807 = CARTESIAN_POINT ( 'NONE',  ( 74.32948380835661300, 111.2394629292831200, -583.7599928626820000 ) ) ;
#3808 = CARTESIAN_POINT ( 'NONE',  ( 3089.085812666157800, -314.3455976365322600, -91.18930401240521600 ) ) ;
#3809 = CARTESIAN_POINT ( 'NONE',  ( 2259.095109130585600, -324.3050553339334700, -503.1269911782896400 ) ) ;
#3810 = EDGE_LOOP ( 'NONE', ( #5620, #4921, #3072, #1360 ) ) ;
#3811 = CARTESIAN_POINT ( 'NONE',  ( 1675.561831764204700, 147.3969198525019200, 733.7231221622015500 ) ) ;
#3812 = CARTESIAN_POINT ( 'NONE',  ( 2732.803199411013300, -518.0085290899363600, -191.9550387163982400 ) ) ;
#3813 = CARTESIAN_POINT ( 'NONE',  ( 2747.180983310392500, 581.2604193006569600, -142.9927676942836600 ) ) ;
#3814 = CARTESIAN_POINT ( 'NONE',  ( 1250.474906870277000, 301.5027320496944900, -276.1118094576037300 ) ) ;
#3815 = CARTESIAN_POINT ( 'NONE',  ( 61.94123650696374700, 195.3574994287726300, -535.8452447604166800 ) ) ;
#3816 = CARTESIAN_POINT ( 'NONE',  ( 826.9441898674067500, -91.50784331766880100, 542.2154368105526600 ) ) ;
#3817 = CARTESIAN_POINT ( 'NONE',  ( -54.19383950686793100, 31.85626587600423700, -418.7089904382343700 ) ) ;
#3818 = CARTESIAN_POINT ( 'NONE',  ( 3237.737020977884600, -323.6854399667410000, 92.43062243645431400 ) ) ;
#3819 = CARTESIAN_POINT ( 'NONE',  ( -74.32948380835655700, 117.3877108261485300, -379.7697839878332500 ) ) ;
#3820 = CARTESIAN_POINT ( 'NONE',  ( 350.7362187940725000, -261.1493775164207100, 147.5761485559721700 ) ) ;
#3821 = CARTESIAN_POINT ( 'NONE',  ( 828.9336421551297500, -234.9646976282108700, -533.2908317999646200 ) ) ;
#3822 = CARTESIAN_POINT ( 'NONE',  ( 2866.574125531307300, -355.5833450892332600, -231.6864341944795700 ) ) ;
#3823 = CARTESIAN_POINT ( 'NONE',  ( 320.7878103750613300, 101.3818789635052900, 396.0594884951320300 ) ) ;
#3824 = CARTESIAN_POINT ( 'NONE',  ( 2296.373330939103700, -311.4613546273631600, 264.8272339637455800 ) ) ;
#3825 = CARTESIAN_POINT ( 'NONE',  ( 2691.490778152359300, 181.9282168362507500, -366.1195683191027700 ) ) ;
#3826 = CARTESIAN_POINT ( 'NONE',  ( 3036.941397261658900, -137.5350240503095700, 177.3312653412857600 ) ) ;
#3827 = CARTESIAN_POINT ( 'NONE',  ( 227.8187199142183200, -225.3772771229022900, 341.0963069125597300 ) ) ;
#3828 = CARTESIAN_POINT ( 'NONE',  ( 2633.448230795350800, -366.1130626027479000, 261.1967098091415700 ) ) ;
#3829 = CARTESIAN_POINT ( 'NONE',  ( 3089.560382148052200, -315.0102230056598400, -90.77839399435735900 ) ) ;
#3830 = CARTESIAN_POINT ( 'NONE',  ( 114.0863099753205700, 57.01616516671290200, -251.0463403202180600 ) ) ;
#3831 =( BOUNDED_CURVE ( )  B_SPLINE_CURVE ( 3, ( #605, #4897, #4425, #3388 ),
 .UNSPECIFIED., .F., .T. ) 
 B_SPLINE_CURVE_WITH_KNOTS ( ( 4, 4 ),
 ( 0.0000000000000000000, 0.5000000000000001100 ),
 .UNSPECIFIED. ) 
 CURVE ( )  GEOMETRIC_REPRESENTATION_ITEM ( )  RATIONAL_B_SPLINE_CURVE ( ( 1.000000000000000000, 0.3333333333333332000, 0.3333333333333333700, 1.000000000000000200 ) ) 
 REPRESENTATION_ITEM ( '' )  );
#3832 = CARTESIAN_POINT ( 'NONE',  ( 1257.202381507735000, 301.9743838190768800, -684.7531388215910500 ) ) ;
#3833 = CARTESIAN_POINT ( 'NONE',  ( 844.5038610431134900, -421.3630392499083500, 52.47210360708145100 ) ) ;
#3834 = CARTESIAN_POINT ( 'NONE',  ( 2491.516951197063900, -277.9149552691210400, 530.1641122535503400 ) ) ;
#3835 = CARTESIAN_POINT ( 'NONE',  ( 137.3273198231093500, 20.80623662996847800, -258.5677330262469700 ) ) ;
#3836 = CARTESIAN_POINT ( 'NONE',  ( 100.7538683739703900, -409.3679296927246000, -112.7710983124488800 ) ) ;
#3837 = CARTESIAN_POINT ( 'NONE',  ( 3237.744545449558700, -386.0134605698650000, 64.46360512049014300 ) ) ;
#3838 = EDGE_CURVE ( 'NONE', #401, #3477, #2834, .T. ) ;
#3839 = CARTESIAN_POINT ( 'NONE',  ( 513.4308964775107100, 117.8916262660256100, 275.8244390893635200 ) ) ;
#3840 = CARTESIAN_POINT ( 'NONE',  ( -61.94123650696377600, 174.6114165073967400, -296.7608087306832100 ) ) ;
#3841 = CARTESIAN_POINT ( 'NONE',  ( 3077.743331288502800, -135.6257214153311800, -438.0247184305258700 ) ) ;
#3842 = CARTESIAN_POINT ( 'NONE',  ( 2564.425932812137900, 420.0944872966696800, 61.81129882888951200 ) ) ;
#3843 = CARTESIAN_POINT ( 'NONE',  ( 2900.670323285819900, -392.5186670651693800, -8.130564347779442300 ) ) ;
#3844 = CARTESIAN_POINT ( 'NONE',  ( 1738.560823647652800, 163.0113932353458800, 374.9252281212895900 ) ) ;
#3845 = CARTESIAN_POINT ( 'NONE',  ( 3036.941396263530400, -572.4172701734041800, -10.24023812872696700 ) ) ;
#3846 = CARTESIAN_POINT ( 'NONE',  ( 297.5452898272615700, 17.15485778854517200, 408.4694789234628200 ) ) ;
#3847 = CARTESIAN_POINT ( 'NONE',  ( 3214.503308523465400, -409.6453298338726700, -184.7740545581108300 ) ) ;
#3848 = CARTESIAN_POINT ( 'NONE',  ( 3097.583479757406600, -0.4870618758931231600, -91.99799271287750500 ) ) ;
#3849 = DIRECTION ( 'NONE',  ( 1.000000000000000000, -5.598713130157252400E-016, 3.353501265655067400E-016 ) ) ;
#3850 = CARTESIAN_POINT ( 'NONE',  ( 1187.455032857055100, 50.97094735670005900, 295.6005539409268300 ) ) ;
#3851 = CARTESIAN_POINT ( 'NONE',  ( 2744.703523994122000, -270.6706794009120900, -697.7636674541776100 ) ) ;
#3852 = CARTESIAN_POINT ( 'NONE',  ( 2663.076808368732100, -313.1858869721120900, -451.8117028324990100 ) ) ;
#3853 = CARTESIAN_POINT ( 'NONE',  ( -106.3389129752246200, 82.01033462260521400, -736.1966235879348200 ) ) ;
#3854 = CARTESIAN_POINT ( 'NONE',  ( 2784.459300004777600, -149.1134900333302900, -380.6580289038896600 ) ) ;
#3855 = CARTESIAN_POINT ( 'NONE',  ( 263.4494746252024700, -157.2047592416771800, 394.4446971199395800 ) ) ;
#3856 = CARTESIAN_POINT ( 'NONE',  ( 635.3241970297116300, 77.23214120077291500, -417.5348075209003600 ) ) ;
#3857 = CARTESIAN_POINT ( 'NONE',  ( 1634.034401307748100, 214.4515775451619100, -395.3150531669213000 ) ) ;
#3858 = CARTESIAN_POINT ( 'NONE',  ( 3049.329675514651200, -588.1856845505677700, -8.660119634567463400 ) ) ;
#3859 = CARTESIAN_POINT ( 'NONE',  ( 259.7384220744889400, 71.31725398760492900, -125.6275063235604400 ) ) ;
#3860 = CARTESIAN_POINT ( 'NONE',  ( 559.9159365985822200, 219.5539361223705700, 204.3864004594092600 ) ) ;
#3861 = CARTESIAN_POINT ( 'NONE',  ( -61.94123650696380400, 171.2462842503276800, -324.2131258998336400 ) ) ;
#3862 = CARTESIAN_POINT ( 'NONE',  ( 3193.954305078465900, -443.5323505217376700, -102.6763546792609700 ) ) ;
#3863 = CARTESIAN_POINT ( 'NONE',  ( 669.4206384580138500, -96.51399455290645300, -397.2737601246468000 ) ) ;
#3864 = CARTESIAN_POINT ( 'NONE',  ( 3036.941401423001000, -559.6275473987522000, 42.04273926770137800 ) ) ;
#3865 = CARTESIAN_POINT ( 'NONE',  ( 925.0844233331603200, -233.6802153878839500, 335.4625536025223500 ) ) ;
#3866 = CARTESIAN_POINT ( 'NONE',  ( 1375.891826061897100, 525.6213873100204000, -286.4139040666670400 ) ) ;
#3867 = CARTESIAN_POINT ( 'NONE',  ( 2900.670323286177300, -348.1265251534243200, 40.78018208904188700 ) ) ;
#3868 = CARTESIAN_POINT ( 'NONE',  ( 658.5664191527041600, -10.91872795160985300, -424.4771967385190700 ) ) ;
#3869 = CARTESIAN_POINT ( 'NONE',  ( 1907.961842057982300, 104.2151251835537800, 281.2769322607366600 ) ) ;
#3870 = CARTESIAN_POINT ( 'NONE',  ( -216.2610250008502800, -159.6188737316955400, -534.4517583354941100 ) ) ;
#3871 = CARTESIAN_POINT ( 'NONE',  ( 937.4726962839844200, -244.0907298006166300, 347.4475639389448200 ) ) ;
#3872 = CARTESIAN_POINT ( 'NONE',  ( 2770.423260791352300, 539.0417047859655200, -260.2781367235735400 ) ) ;
#3873 = CARTESIAN_POINT ( 'NONE',  ( 276.7809633422863300, -244.9963504734516800, -84.95380854544940500 ) ) ;
#3874 = FACE_OUTER_BOUND ( 'NONE', #3810, .T. ) ;
#3875 = CARTESIAN_POINT ( 'NONE',  ( 2168.604624292488100, 412.2562801740063500, 179.7438709140295100 ) ) ;
#3876 = CARTESIAN_POINT ( 'NONE',  ( 3088.991728456072500, -307.7759480910423200, -92.08669666964918600 ) ) ;
#3877 = CARTESIAN_POINT ( 'NONE',  ( 114.0863099753203500, 21.82274974291991800, -326.5766297704096800 ) ) ;
#3878 = CARTESIAN_POINT ( 'NONE',  ( 1164.212229570133600, -11.35731670629401800, 299.7476535779490500 ) ) ;
#3879 = VERTEX_POINT ( 'NONE', #6456 ) ;
#3880 = CARTESIAN_POINT ( 'NONE',  ( 218.9543979933611400, 207.7556345979596100, -284.2459529681718800 ) ) ;
#3881 = CARTESIAN_POINT ( 'NONE',  ( 1549.441316697409100, -328.6083606843869800, -481.2733558691931000 ) ) ;
#3882 = CARTESIAN_POINT ( 'NONE',  ( 1947.740510184308700, 308.1880751485056700, -268.6293962325718800 ) ) ;
#3883 = CARTESIAN_POINT ( 'NONE',  ( 3007.979811547153100, -43.32488647793927300, -65.51316065832412500 ) ) ;
#3884 = CARTESIAN_POINT ( 'NONE',  ( 2879.928489444654600, -692.5649592883627300, 22.54331323322708500 ) ) ;
#3885 = VERTEX_POINT ( 'NONE', #5782 ) ;
#3886 = CARTESIAN_POINT ( 'NONE',  ( 158.0921501233519300, -382.4721521003310700, 144.4184304399399500 ) ) ;
#3887 = CARTESIAN_POINT ( 'NONE',  ( 1213.196815907080000, 342.6041375505487300, 490.8490830487581300 ) ) ;
#3888 = CARTESIAN_POINT ( 'NONE',  ( 2903.514388388657200, -178.7174003328964600, -0.2654667955697577700 ) ) ;
#3889 = CARTESIAN_POINT ( 'NONE',  ( 3187.478672477060200, 6.661338147750939200E-012, -7.327471962526033200E-012 ) ) ;
#3890 = CARTESIAN_POINT ( 'NONE',  ( 536.6730046060540600, 172.4617303511179200, 245.4272780574583800 ) ) ;
#3891 = CARTESIAN_POINT ( 'NONE',  ( 225.3407868411463300, 502.6531615537848600, 245.1473677646360400 ) ) ;
#3892 = CARTESIAN_POINT ( 'NONE',  ( 612.0823020960835900, 162.0333484207332000, -392.4858443243468300 ) ) ;
#3893 = CARTESIAN_POINT ( 'NONE',  ( 1443.140476534673100, -711.0548669455747600, -233.4018687377280800 ) ) ;
#3894 = CARTESIAN_POINT ( 'NONE',  ( 2528.795548898733200, 383.9413992269713300, 140.4651414336964900 ) ) ;
#3895 = CARTESIAN_POINT ( 'NONE',  ( 521.1027264496106000, -280.0743162932089400, 363.1122267145445900 ) ) ;
#3896 = CARTESIAN_POINT ( 'NONE',  ( 1587.549799937906500, 356.2510512194989500, -274.4953798841600600 ) ) ;
#3897 = CARTESIAN_POINT ( 'NONE',  ( -190.4138504674039900, 1.788615867363189300, 118.5887924628530900 ) ) ;
#3898 = AXIS2_PLACEMENT_3D ( 'NONE', #1280, #3800, #2251 ) ;
#3899 = CARTESIAN_POINT ( 'NONE',  ( 728.2929883516811700, -257.5069977802110700, -337.6244238629619200 ) ) ;
#3900 = CARTESIAN_POINT ( 'NONE',  ( -61.94123650696380400, 76.91665721314180400, -413.5467296088629000 ) ) ;
#3901 = CARTESIAN_POINT ( 'NONE',  ( 2339.675563794160100, -575.1497761524260600, -93.86404502022017500 ) ) ;
#3902 = CARTESIAN_POINT ( 'NONE',  ( 1087.780016308430000, 307.6618563464231800, 269.2314428792241200 ) ) ;
#3903 =( BOUNDED_SURFACE ( )  B_SPLINE_SURFACE ( 3, 3, ( 
 ( #792, #1297, #5857, #6369, #2733, #4345, #1317, #2225, #5772, #227, #3755 ),
 ( #4261, #2371, #4367, #853, #5388, #4901, #351, #370, #3373, #4408, #3877 ),
 ( #1339, #6390, #6431, #5923, #4923, #5904, #2887, #6409, #3859, #1887, #4387 ),
 ( #1363, #3897, #5410, #5429, #2843, #4880, #835, #2352, #2392, #1852, #876 ),
 ( #1382, #3355, #3392, #1870, #5366, #5883, #2866, #330, #2334, #1065, #3191 ),
 ( #393, #75, #3706, #3605, #102, #1184, #4621, #4212, #3192, #4184, #1646 ),
 ( #4723, #6257, #6157, #2091, #3112, #1696, #3657, #5206, #2119, #1594, #5128 ) ),
 .UNSPECIFIED., .T., .F., .T. ) 
 B_SPLINE_SURFACE_WITH_KNOTS ( ( 4, 3, 4 ),
 ( 4, 1, 1, 1, 1, 1, 1, 1, 4 ),
 ( 0.0000000000000000000, 0.5000000000000000000, 1.000000000000000000 ),
 ( 0.0000000000000000000, 0.1309596652010233700, 0.2703805044612614900, 0.4155183640114747400, 0.5628483116599832800, 0.6778359527555952700, 0.7899865719595706700, 0.8977634396038521900, 0.9999999999999998900 ),
 .UNSPECIFIED. ) 
 GEOMETRIC_REPRESENTATION_ITEM ( )  RATIONAL_B_SPLINE_SURFACE ( (
 ( 1.000000000000000000, 1.000000000000000000, 1.000000000000000400, 1.000000000000000000, 1.000000000000000000, 0.9999999999999997800, 1.000000000000000000, 1.000000000000000400, 1.000000000000000000, 1.000000000000000000, 1.000000000000000000),
 ( 0.3333333333333333700, 0.3333333333333333700, 0.3333333333333334300, 0.3333333333333333100, 0.3333333333333334300, 0.3333333333333333100, 0.3333333333333333700, 0.3333333333333334800, 0.3333333333333333700, 0.3333333333333333700, 0.3333333333333333700),
 ( 0.3333333333333333700, 0.3333333333333333700, 0.3333333333333334300, 0.3333333333333333100, 0.3333333333333334300, 0.3333333333333333100, 0.3333333333333333700, 0.3333333333333334800, 0.3333333333333333700, 0.3333333333333333700, 0.3333333333333333700),
 ( 1.000000000000000000, 1.000000000000000000, 1.000000000000000400, 1.000000000000000000, 1.000000000000000000, 0.9999999999999997800, 1.000000000000000000, 1.000000000000000400, 1.000000000000000000, 1.000000000000000000, 1.000000000000000000),
 ( 0.3333333333333333700, 0.3333333333333333700, 0.3333333333333334300, 0.3333333333333333100, 0.3333333333333334300, 0.3333333333333333100, 0.3333333333333333700, 0.3333333333333334800, 0.3333333333333333700, 0.3333333333333333700, 0.3333333333333333700),
 ( 0.3333333333333333700, 0.3333333333333333700, 0.3333333333333334300, 0.3333333333333333100, 0.3333333333333334300, 0.3333333333333333100, 0.3333333333333333700, 0.3333333333333334800, 0.3333333333333333700, 0.3333333333333333700, 0.3333333333333333700),
 ( 1.000000000000000000, 1.000000000000000000, 1.000000000000000400, 1.000000000000000000, 1.000000000000000000, 0.9999999999999997800, 1.000000000000000000, 1.000000000000000400, 1.000000000000000000, 1.000000000000000000, 1.000000000000000000) ) ) 
 REPRESENTATION_ITEM ( '' )  SURFACE ( )  );
#3904 = CARTESIAN_POINT ( 'NONE',  ( 2913.058602738139100, -261.0532285704169900, 65.24429301791711600 ) ) ;
#3905 = CARTESIAN_POINT ( 'NONE',  ( 692.6624647283659900, -176.7009481911033800, -368.6710882553817900 ) ) ;
#3906 = CARTESIAN_POINT ( 'NONE',  ( 1166.712133737088800, 114.2993064727089800, 587.5767434213221300 ) ) ;
#3907 = CARTESIAN_POINT ( 'NONE',  ( 2807.548338261308300, 96.82368967153092900, 4.156091188576502800 ) ) ;
#3908 = CARTESIAN_POINT ( 'NONE',  ( 1280.422851077145900, 253.2545971156941400, 160.7470696457047800 ) ) ;
#3909 = CARTESIAN_POINT ( 'NONE',  ( 271.8249410932858700, 558.8733935774944300, 20.42055549561655100 ) ) ;
#3910 = CARTESIAN_POINT ( 'NONE',  ( 1146.652404596852200, 404.9407078602448600, 127.7619083019056200 ) ) ;
#3911 = CARTESIAN_POINT ( 'NONE',  ( 234.5469630643597400, -126.5420056467059600, 737.6063357106666000 ) ) ;
#3912 = CARTESIAN_POINT ( 'NONE',  ( 2389.342408646170000, -12.94021989509038700, 408.6245404184758700 ) ) ;
#3913 = CARTESIAN_POINT ( 'NONE',  ( 54.26977306852646200, -328.5361669032420200, -268.9941428122707000 ) ) ;
#3914 = CARTESIAN_POINT ( 'NONE',  ( 2860.892132673840000, 148.1261798315014500, -260.8371816426623600 ) ) ;
#3915 = CARTESIAN_POINT ( 'NONE',  ( 2865.870292397467400, 407.7211934832973800, 189.8070304100631300 ) ) ;
#3916 = CARTESIAN_POINT ( 'NONE',  ( 2879.928489444456800, -130.1199641982480300, 318.2221207277550000 ) ) ;
#3917 = CARTESIAN_POINT ( 'NONE',  ( 2900.670323285992700, -401.0479137257164000, -62.40872025873457600 ) ) ;
#3918 = CARTESIAN_POINT ( 'NONE',  ( 774.7773058541245100, -372.2347539652482700, -204.3071616281586400 ) ) ;
#3919 = CARTESIAN_POINT ( 'NONE',  ( -218.9543979933612300, 254.8115643104815400, -155.7621765397467800 ) ) ;
#3920 = CARTESIAN_POINT ( 'NONE',  ( 1479.714762247769600, 15.60587661384605000, -582.5495243629994800 ) ) ;
#3921 = CARTESIAN_POINT ( 'NONE',  ( 576.4515705495059600, 229.5460322802655400, -338.3049041257580700 ) ) ;
#3922 = DIRECTION ( 'NONE',  ( 0.0000000000000000000, 0.0000000000000000000, -1.000000000000000000 ) ) ;
#3923 = CARTESIAN_POINT ( 'NONE',  ( -74.32948380835657100, 62.40871473764769900, -401.0477601495258600 ) ) ;
#3924 = CARTESIAN_POINT ( 'NONE',  ( 1506.139375443380000, -406.5653389248040000, -42.96534603841704600 ) ) ;
#3925 = CARTESIAN_POINT ( 'NONE',  ( 2900.670323285992700, -401.0479137257165700, -62.40872025873358800 ) ) ;
#3926 = CARTESIAN_POINT ( 'NONE',  ( 1396.634711211715500, 266.4042617400519900, -137.8640231874536800 ) ) ;
#3927 = CARTESIAN_POINT ( 'NONE',  ( 2628.491649012837100, 466.5218718866785300, -585.1773896358389500 ) ) ;
#3928 = CARTESIAN_POINT ( 'NONE',  ( 1634.738391249850100, -252.5439106327093800, 341.3526414264072200 ) ) ;
#3929 = CARTESIAN_POINT ( 'NONE',  ( 931.8128835033130600, -144.6052296907954000, 734.2788715022346700 ) ) ;
#3930 = CARTESIAN_POINT ( 'NONE',  ( 1531.859475972001700, 16.53089450436026600, -258.7862269515246700 ) ) ;
#3931 = CARTESIAN_POINT ( 'NONE',  ( 565.5976434057930600, 307.1843288152108500, -293.1516709313598300 ) ) ;
#3932 = CARTESIAN_POINT ( 'NONE',  ( 265.4388504744759400, -88.98076018047559900, -450.0794927929216600 ) ) ;
#3933 = CARTESIAN_POINT ( 'NONE',  ( 771.5953598024722200, 126.4457674985853300, -585.0828587317848800 ) ) ;
#3934 = CARTESIAN_POINT ( 'NONE',  ( 1781.863003179551900, -256.7795618564801400, 523.1367041973861700 ) ) ;
#3935 = CARTESIAN_POINT ( 'NONE',  ( 1472.042880002304200, -367.1086947326763800, -213.3807939582962900 ) ) ;
#3936 = CARTESIAN_POINT ( 'NONE',  ( -95.07192497943370300, 310.2329677664033600, -608.1955153450586500 ) ) ;
#3937 = CARTESIAN_POINT ( 'NONE',  ( 1014.870789427402000, -507.6927729436624800, 286.1045136165090500 ) ) ;
#3938 = CARTESIAN_POINT ( 'NONE',  ( 599.6940737692442600, 154.5016581032228900, -378.5110712648825600 ) ) ;
#3939 = FACE_BOUND ( 'NONE', #1426, .T. ) ;
#3940 = CARTESIAN_POINT ( 'NONE',  ( 2229.146796690246400, -679.6027295853266400, 197.0049090794098800 ) ) ;
#3941 = CARTESIAN_POINT ( 'NONE',  ( 2913.058602738332000, -395.7210352374131600, 18.31083667629140900 ) ) ;
#3942 = CARTESIAN_POINT ( 'NONE',  ( 2784.459300004777600, -149.1134900333302900, -380.6580289038896600 ) ) ;
#3943 = CARTESIAN_POINT ( 'NONE',  ( 2900.670323285990000, -241.8670567078791900, 38.47455339096548200 ) ) ;
#3944 = CARTESIAN_POINT ( 'NONE',  ( 2396.047790423289400, -299.8798024188743600, 7.044308840151911600 ) ) ;
#3945 = ORIENTED_EDGE ( 'NONE', *, *, #2587, .F. ) ;
#3946 = CARTESIAN_POINT ( 'NONE',  ( 1038.817124122409000, 472.3935990753726600, -299.3338576322750600 ) ) ;
#3947 = CARTESIAN_POINT ( 'NONE',  ( 1239.621366168603800, 366.6066307565863600, -214.2417318773315500 ) ) ;
#3948 = CARTESIAN_POINT ( 'NONE',  ( 606.4220105298260300, -19.78944007790148500, -748.1203400041685000 ) ) ;
#3949 = EDGE_CURVE ( 'NONE', #4111, #551, #1153, .T. ) ;
#3950 = CARTESIAN_POINT ( 'NONE',  ( 1369.163656813437200, 259.0312227386206700, -12.09316590216533000 ) ) ;
#3951 = CARTESIAN_POINT ( 'NONE',  ( 449.3867119737771000, 407.9542018470962700, 117.7857756406480000 ) ) ;
#3952 = CARTESIAN_POINT ( 'NONE',  ( 3062.323924263530000, -275.8549342020128800, -110.6770602624034600 ) ) ;
#3953 = ORIENTED_EDGE ( 'NONE', *, *, #4303, .T. ) ;
#3954 = CARTESIAN_POINT ( 'NONE',  ( 3168.018679978642000, -291.9532031444307400, -341.6338507033851200 ) ) ;
#3955 = CARTESIAN_POINT ( 'NONE',  ( 1084.597351757886800, -243.8638517159889700, 529.2808039725416600 ) ) ;
#3956 = CARTESIAN_POINT ( 'NONE',  ( 1613.485507340275000, 125.2208308010777100, -441.1481944867546800 ) ) ;
#3957 = CARTESIAN_POINT ( 'NONE',  ( 844.5038610431134900, -421.3630392499083500, 52.47210360708145100 ) ) ;
#3958 = CARTESIAN_POINT ( 'NONE',  ( -95.07192497943368900, 287.6322329264272600, 30.85867689125861400 ) ) ;
#3959 = ORIENTED_EDGE ( 'NONE', *, *, #5453, .T. ) ;
#3960 = CARTESIAN_POINT ( 'NONE',  ( 2060.769278882417900, 517.8794201303427400, -267.2239694347264300 ) ) ;
#3961 = CARTESIAN_POINT ( 'NONE',  ( 2435.826462530583300, 153.7611886634599000, 378.8127946555094900 ) ) ;
#3962 = CARTESIAN_POINT ( 'NONE',  ( 94.20542355054492100, 6.816533389161532100, -263.1770443564555000 ) ) ;
#3963 = CARTESIAN_POINT ( 'NONE',  ( 1578.366303978218900, -530.1227606749970400, 468.6590543053093300 ) ) ;
#3964 = CARTESIAN_POINT ( 'NONE',  ( 2203.404928311688800, -405.3885048912044300, -52.93011542146829400 ) ) ;
#3965 = CARTESIAN_POINT ( 'NONE',  ( 3148.335255050754800, -192.6249146237506100, -118.8547662437206200 ) ) ;
#3966 = CARTESIAN_POINT ( 'NONE',  ( 1736.082784703522100, 479.5974441807941800, -287.6506952573855100 ) ) ;
#3967 = CARTESIAN_POINT ( 'NONE',  ( 1518.527605486947100, -422.0848634600073400, -46.30675814131415500 ) ) ;
#3968 = CARTESIAN_POINT ( 'NONE',  ( 1373.413938022961200, -439.5532548336431700, -605.6966295188109400 ) ) ;
#3969 = CARTESIAN_POINT ( 'NONE',  ( 1438.890205305146300, 202.8495786766914600, -161.5409109608697200 ) ) ;
#3970 = CARTESIAN_POINT ( 'NONE',  ( 867.7461269232193200, -401.3591344787880600, 138.6035465161454000 ) ) ;
#3971 = CARTESIAN_POINT ( 'NONE',  ( 428.1340177599291200, -457.1347739833781800, 36.33000714685849900 ) ) ;
#3972 = CARTESIAN_POINT ( 'NONE',  ( 144.0561672930074300, -253.5187294370273600, -542.3203842917012000 ) ) ;
#3973 = CARTESIAN_POINT ( 'NONE',  ( 875.4176662236719700, -430.9182465231791600, -392.3228281870227100 ) ) ;
#3974 = AXIS2_PLACEMENT_3D ( 'NONE', #6350, #5885, #333 ) ;
#3975 = CARTESIAN_POINT ( 'NONE',  ( 2705.868459076641600, 47.53785297983245100, 456.1060590629045900 ) ) ;
#3976 = CARTESIAN_POINT ( 'NONE',  ( 1843.918099687140100, 401.6832913871735400, 137.6610799313704400 ) ) ;
#3977 =( BOUNDED_SURFACE ( )  B_SPLINE_SURFACE ( 3, 3, ( 
 ( #2770, #6301, #6319, #240, #4254, #4770, #3727, #3265, #263, #2725, #3216, #1207, #199, #4745, #699 ),
 ( #1739, #4233, #6282, #1717, #5255, #3241, #5276, #3769, #744, #4276, #3580, #2027, #6466, #4041, #3559 ),
 ( #6084, #51, #3411, #1398, #5575, #3088, #535, #4428, #5961, #5596, #2540, #3045, #6062, #514, #4084 ),
 ( #6107, #30, #2559, #5553, #3026, #492, #5037, #1545, #5618, #6, #2048, #2005, #3064, #4938, #555 ),
 ( #4572, #992, #5082, #4062, #1015, #390, #1057, #4551, #893, #1906, #6129, #2067, #3916, #2921, #5447 ),
 ( #2409, #3429, #1036, #4018, #4531, #1502, #1569, #1524, #4597, #2516, #3536, #5102, #2578, #5059, #5800 ),
 ( #6311, #6222, #1685, #4290, #5220, #4736, #5289, #1240, #1260, #189, #5754, #2716, #3760, #1657, #736 ) ),
 .UNSPECIFIED., .T., .F., .T. ) 
 B_SPLINE_SURFACE_WITH_KNOTS ( ( 4, 3, 4 ),
 ( 4, 1, 1, 1, 1, 1, 1, 1, 1, 1, 1, 1, 4 ),
 ( 0.0000000000000000000, 0.5000000000000000000, 1.000000000000000000 ),
 ( 0.0000000000000000000, 0.06907319844232753800, 0.1448615941842202900, 0.2270779165498380000, 0.3148503243135924400, 0.4067341657130257300, 0.5007830334961412800, 0.5947601119321818100, 0.6864518096793602600, 0.7739432093830230800, 0.8558339846223969000, 0.9312771037333215100, 1.000000000000000000 ),
 .UNSPECIFIED. ) 
 GEOMETRIC_REPRESENTATION_ITEM ( )  RATIONAL_B_SPLINE_SURFACE ( (
 ( 1.000000000000000000, 1.000000000000000000, 1.000000000000000000, 1.000000000000000200, 0.9999999999999996700, 1.000000000000000400, 1.000000000000000000, 1.000000000000000000, 0.9999999999999997800, 1.000000000000000200, 1.000000000000000000, 1.000000000000000200, 1.000000000000000200, 1.000000000000000000, 1.000000000000000000),
 ( 0.3333333333333333700, 0.3333333333333333700, 0.3333333333333333700, 0.3333333333333334300, 0.3333333333333333100, 0.3333333333333335400, 0.3333333333333333100, 0.3333333333333333700, 0.3333333333333333700, 0.3333333333333333700, 0.3333333333333333700, 0.3333333333333333700, 0.3333333333333335400, 0.3333333333333333700, 0.3333333333333333700),
 ( 0.3333333333333333700, 0.3333333333333333700, 0.3333333333333333700, 0.3333333333333334300, 0.3333333333333333100, 0.3333333333333335400, 0.3333333333333333100, 0.3333333333333333700, 0.3333333333333333700, 0.3333333333333333700, 0.3333333333333333700, 0.3333333333333333700, 0.3333333333333335400, 0.3333333333333333700, 0.3333333333333333700),
 ( 1.000000000000000000, 1.000000000000000000, 1.000000000000000000, 1.000000000000000200, 0.9999999999999996700, 1.000000000000000400, 1.000000000000000000, 1.000000000000000000, 0.9999999999999997800, 1.000000000000000200, 1.000000000000000000, 1.000000000000000200, 1.000000000000000200, 1.000000000000000000, 1.000000000000000000),
 ( 0.3333333333333333700, 0.3333333333333333700, 0.3333333333333333700, 0.3333333333333334300, 0.3333333333333333100, 0.3333333333333335400, 0.3333333333333333100, 0.3333333333333333700, 0.3333333333333333700, 0.3333333333333333700, 0.3333333333333333700, 0.3333333333333333700, 0.3333333333333335400, 0.3333333333333333700, 0.3333333333333333700),
 ( 0.3333333333333333700, 0.3333333333333333700, 0.3333333333333333700, 0.3333333333333334300, 0.3333333333333333100, 0.3333333333333335400, 0.3333333333333333100, 0.3333333333333333700, 0.3333333333333333700, 0.3333333333333333700, 0.3333333333333333700, 0.3333333333333333700, 0.3333333333333335400, 0.3333333333333333700, 0.3333333333333333700),
 ( 1.000000000000000000, 1.000000000000000000, 1.000000000000000000, 1.000000000000000200, 0.9999999999999996700, 1.000000000000000400, 1.000000000000000000, 1.000000000000000000, 0.9999999999999997800, 1.000000000000000200, 1.000000000000000000, 1.000000000000000200, 1.000000000000000200, 1.000000000000000000, 1.000000000000000000) ) ) 
 REPRESENTATION_ITEM ( '' )  SURFACE ( )  );
#3978 = CARTESIAN_POINT ( 'NONE',  ( -95.07192497943370300, 111.6640252224262800, -693.5351566610085000 ) ) ;
#3979 = CARTESIAN_POINT ( 'NONE',  ( 2827.761585672180000, 275.8604633045922600, -513.3309057660137600 ) ) ;
#3980 = CARTESIAN_POINT ( 'NONE',  ( 416.2341279928628000, -157.5191146795218900, 205.9884163925012500 ) ) ;
#3981 = CARTESIAN_POINT ( 'NONE',  ( -96.05768947636757100, 41.86872085088604900, -133.0341777201032600 ) ) ;
#3982 = CARTESIAN_POINT ( 'NONE',  ( 2275.631918868029100, -541.4645244710822000, 455.5080070740320900 ) ) ;
#3983 = CARTESIAN_POINT ( 'NONE',  ( 2435.826462530583300, 153.7611886634599000, 378.8127946555094900 ) ) ;
#3984 = CARTESIAN_POINT ( 'NONE',  ( 3088.886992029687000, 174.5221960109249400, 130.0469186614759300 ) ) ;
#3985 = CARTESIAN_POINT ( 'NONE',  ( 1271.239304524086700, -493.2896758743983700, -263.4825149589896100 ) ) ;
#3986 = CARTESIAN_POINT ( 'NONE',  ( 2448.214759445655500, 158.1302315888606800, 394.0748478219521200 ) ) ;
#3987 = CARTESIAN_POINT ( 'NONE',  ( 2442.554315442660000, 536.6328548869959100, 521.6328917184838500 ) ) ;
#3988 = CARTESIAN_POINT ( 'NONE',  ( 114.0863099753202200, 21.82274974291997100, -326.5766297704095700 ) ) ;
#3989 = CARTESIAN_POINT ( 'NONE',  ( 2229.125325592810900, 22.87655920753700300, -258.3026921514363600 ) ) ;
#3990 = CARTESIAN_POINT ( 'NONE',  ( 1100.168243801621400, 318.4263695353304800, 280.8996032994163000 ) ) ;
#3991 = CARTESIAN_POINT ( 'NONE',  ( 1311.337265477777500, 69.86073734808577700, 453.2243254545271600 ) ) ;
#3992 = CARTESIAN_POINT ( 'NONE',  ( 376.4781769216785400, -346.7360029898549700, 487.9390348915195000 ) ) ;
#3993 = CARTESIAN_POINT ( 'NONE',  ( 1572.683302221386200, -421.1604097795428200, -402.7799235248297100 ) ) ;
#3994 = CARTESIAN_POINT ( 'NONE',  ( 2636.141902021387500, -228.6585638665785000, 397.5020355374493900 ) ) ;
#3995 = CARTESIAN_POINT ( 'NONE',  ( 2634.152483719513400, 376.6775425387706400, -195.9950308538411700 ) ) ;
#3996 = CARTESIAN_POINT ( 'NONE',  ( 3196.495238774120500, -251.9569711833226200, 91.75631671447503400 ) ) ;
#3997 = CARTESIAN_POINT ( 'NONE',  ( 2860.914187333752600, -354.5809806741413600, 389.9123174868358900 ) ) ;
#3998 = CARTESIAN_POINT ( 'NONE',  ( 2641.824325918232300, 483.8200593161166100, 324.8469798254344600 ) ) ;
#3999 = CARTESIAN_POINT ( 'NONE',  ( 300.0240720091994100, -257.2874249887612500, -32.36808687497462200 ) ) ;
#4000 = CARTESIAN_POINT ( 'NONE',  ( 25.73187525596477300, -114.0835242333576100, -167.7876006689648700 ) ) ;
#4001 = CARTESIAN_POINT ( 'NONE',  ( 2043.209169454137100, -129.4433596498208500, -695.6402855611563600 ) ) ;
#4002 = CARTESIAN_POINT ( 'NONE',  ( 1901.256415074652100, 390.6080052385162800, -120.6933577463092500 ) ) ;
#4003 = FACE_BOUND ( 'NONE', #6336, .T. ) ;
#4004 = CARTESIAN_POINT ( 'NONE',  ( 2907.335791882374500, 37.73946413849216700, 214.6139506071491500 ) ) ;
#4005 = CARTESIAN_POINT ( 'NONE',  ( 1968.504933492264400, -486.6749320236459700, -275.5090604851157000 ) ) ;
#4006 = PRESENTATION_STYLE_ASSIGNMENT (( #5979 ) ) ;
#4007 = CARTESIAN_POINT ( 'NONE',  ( 945.1442275846277400, -579.0626703133300500, -65.52987575671400600 ) ) ;
#4008 = CARTESIAN_POINT ( 'NONE',  ( 2796.847592894867800, -153.2942341901155600, -395.9750839104348200 ) ) ;
#4009 = CARTESIAN_POINT ( 'NONE',  ( -216.2610250008502800, -159.6188737316955400, -534.4517583354941100 ) ) ;
#4010 = CARTESIAN_POINT ( 'NONE',  ( 2136.155771727966600, 206.7529583191842700, -156.5140077066098500 ) ) ;
#4011 = CARTESIAN_POINT ( 'NONE',  ( 1332.589761323899000, 87.45577506792331200, -415.5137071736658100 ) ) ;
#4012 = CARTESIAN_POINT ( 'NONE',  ( 1724.524659167282800, -529.0965291758242300, 279.9421888369063300 ) ) ;
#4013 = CARTESIAN_POINT ( 'NONE',  ( 1642.409868665216200, -577.2801025411929500, -79.72101543619439200 ) ) ;
#4014 = CARTESIAN_POINT ( 'NONE',  ( 1450.790389477237300, 452.2633038835864500, 75.83345328233269800 ) ) ;
#4015 = CARTESIAN_POINT ( 'NONE',  ( 1822.665190162285600, -458.3666518712221300, 13.85559359862951500 ) ) ;
#4016 = CARTESIAN_POINT ( 'NONE',  ( 2424.972829328015500, 73.08442305010659400, 418.2806104678705900 ) ) ;
#4017 = ADVANCED_FACE ( 'NONE', ( #1000 ), #6463, .T. ) ;
#4018 = CARTESIAN_POINT ( 'NONE',  ( 2756.045696917576200, -534.8230892522497000, 7.092627823166647100 ) ) ;
#4019 = CARTESIAN_POINT ( 'NONE',  ( 3136.877473442070800, -235.9483405400054300, -139.6590432446858500 ) ) ;
#4020 = CARTESIAN_POINT ( 'NONE',  ( 3049.329676713992300, -128.8966211336805500, 190.4503272979998800 ) ) ;
#4021 = CARTESIAN_POINT ( 'NONE',  ( 2874.245857949713800, 44.17080791732581000, -581.0819266018392000 ) ) ;
#4022 = CARTESIAN_POINT ( 'NONE',  ( 555.6872936941355200, 146.1809897144843000, 214.1836353247769600 ) ) ;
#4023 = CARTESIAN_POINT ( 'NONE',  ( 3049.329676713991800, -128.8966211336805500, 190.4503272979998500 ) ) ;
#4024 = CARTESIAN_POINT ( 'NONE',  ( 1926.999126467321700, 535.8339815151072100, -462.1183489094362900 ) ) ;
#4025 = EDGE_LOOP ( 'NONE', ( #6278, #2043, #5613, #6504 ) ) ;
#4026 = CARTESIAN_POINT ( 'NONE',  ( 114.0863099753203500, 21.82274974291983600, -326.5766297704096200 ) ) ;
#4027 = CARTESIAN_POINT ( 'NONE',  ( 3166.307107250603200, 208.3433698992034500, -75.46154137861624600 ) ) ;
#4028 = CARTESIAN_POINT ( 'NONE',  ( 829.6374335176095700, 142.6910941113950200, 540.7362616879644300 ) ) ;
#4029 = CARTESIAN_POINT ( 'NONE',  ( 1131.081989805978300, -8.455858692752388000, 582.6971448584331500 ) ) ;
#4030 = CARTESIAN_POINT ( 'NONE',  ( -96.67825958048828700, 275.2282387582302500, 40.64535628970674000 ) ) ;
#4031 = CARTESIAN_POINT ( 'NONE',  ( -74.32948380835655700, 147.1570382319319800, -344.0260653235035300 ) ) ;
#4032 = CARTESIAN_POINT ( 'NONE',  ( 2163.647932963650000, -741.7638137259001500, -99.30784030347369700 ) ) ;
#4033 = CARTESIAN_POINT ( 'NONE',  ( 309.9335742612011000, 16.12685566109080100, 424.3112665430387000 ) ) ;
#4034 = CARTESIAN_POINT ( 'NONE',  ( 3019.359573070384200, -171.7210929510641800, -193.5355101288163000 ) ) ;
#4035 = CARTESIAN_POINT ( 'NONE',  ( 1960.128809498491100, 321.1986875845480000, -277.7257006169348900 ) ) ;
#4036 = CARTESIAN_POINT ( 'NONE',  ( 2352.063800842601300, -590.5826185423295600, -97.58532468645134400 ) ) ;
#4037 = CARTESIAN_POINT ( 'NONE',  ( 503.5429967558601400, 346.1001437266107200, 468.8519148938905800 ) ) ;
#4038 = CARTESIAN_POINT ( 'NONE',  ( 2403.720014621806100, -233.1558284820558800, -394.8808731534326200 ) ) ;
#4039 = CARTESIAN_POINT ( 'NONE',  ( 2566.415344670369400, -418.1738385267721600, 188.2107040024531800 ) ) ;
#4040 = CARTESIAN_POINT ( 'NONE',  ( 2889.816753119018800, -398.6321166331462100, -150.3016251804800700 ) ) ;
#4041 = CARTESIAN_POINT ( 'NONE',  ( 3069.568088763045100, -316.6524494361368600, -43.82269676100891300 ) ) ;
#4042 = CARTESIAN_POINT ( 'NONE',  ( 2866.512323614864300, 13.63800628418472800, 277.1042081533490800 ) ) ;
#4043 = CARTESIAN_POINT ( 'NONE',  ( 3049.329757801116100, -509.7604364581885600, 153.0229248814909800 ) ) ;
#4044 = CARTESIAN_POINT ( 'NONE',  ( 160.5918811930267200, -597.8416514088833100, 378.4919326586007700 ) ) ;
#4045 = CARTESIAN_POINT ( 'NONE',  ( 1183.226550729951400, -13.35408805008557600, 258.9695489187770900 ) ) ;
#4046 = CARTESIAN_POINT ( 'NONE',  ( -80.68791121269481400, 74.01870257587280800, -178.4003266832851600 ) ) ;
#4047 = CARTESIAN_POINT ( 'NONE',  ( -2.102595382924763400, -441.9608949834144500, -552.4326253255774200 ) ) ;
#4048 = CARTESIAN_POINT ( 'NONE',  ( 2879.928489444852900, -69.37823946422238900, 280.8403385328173800 ) ) ;
#4049 = CARTESIAN_POINT ( 'NONE',  ( 3186.026616436355700, -187.0878570417356500, -122.2780969449958000 ) ) ;
#4050 = CARTESIAN_POINT ( 'NONE',  ( 2386.864293918234100, 556.5383398985975400, -54.97937880632404300 ) ) ;
#4051 = CARTESIAN_POINT ( 'NONE',  ( 1038.113354966309500, -437.4285923305331500, 385.0502866534752700 ) ) ;
#4052 = CARTESIAN_POINT ( 'NONE',  ( 216.2102311386971100, 82.68909240998087300, -123.0400530138914800 ) ) ;
#4053 = CARTESIAN_POINT ( 'NONE',  ( -74.32948380835657100, 78.63728182858071100, -399.1592078644654900 ) ) ;
#4054 = CARTESIAN_POINT ( 'NONE',  ( 2651.734121751756400, 335.2093160965003400, -669.1119237032776300 ) ) ;
#4055 = CARTESIAN_POINT ( 'NONE',  ( 7.785225226942168700, -191.1687577761928200, -379.1273102632059700 ) ) ;
#4056 = CARTESIAN_POINT ( 'NONE',  ( 3081.338188516256700, -234.4557380453732900, -108.7743292681012000 ) ) ;
#4057 = CARTESIAN_POINT ( 'NONE',  ( 1913.644669105993200, 406.1886734279198100, -123.7368040717043800 ) ) ;
#4058 = CARTESIAN_POINT ( 'NONE',  ( 1213.196815907080000, 342.6041375505487300, 490.8490830487581300 ) ) ;
#4059 = CARTESIAN_POINT ( 'NONE',  ( 2217.782553590465300, 415.8327933104279200, -193.3282290013304700 ) ) ;
#4060 = CARTESIAN_POINT ( 'NONE',  ( 1977.688402698277500, 249.2333217498158100, 166.9139215341209600 ) ) ;
#4061 = CARTESIAN_POINT ( 'NONE',  ( 2750.363497391439100, 20.33625789955811000, -424.1293910252187500 ) ) ;
#4062 = CARTESIAN_POINT ( 'NONE',  ( 2879.928489444654600, -692.5649592883627300, 22.54331323322708500 ) ) ;
#4063 = CARTESIAN_POINT ( 'NONE',  ( 3187.478672477061100, 224.7537496270703600, 146.5801897548684600 ) ) ;
#4064 = CARTESIAN_POINT ( 'NONE',  ( 3237.651081884521300, -263.6557485379974500, 91.82852929684999300 ) ) ;
#4065 = CARTESIAN_POINT ( 'NONE',  ( 625.4363104587962400, -17.29237151153345000, -707.3698031812811000 ) ) ;
#4066 = CARTESIAN_POINT ( 'NONE',  ( 811.3513263333267100, 63.62013724456926400, -251.3879904554557400 ) ) ;
#4067 = CARTESIAN_POINT ( 'NONE',  ( -191.8654893930921600, 200.6814727923488700, 99.46232192251480300 ) ) ;
#4068 = CARTESIAN_POINT ( 'NONE',  ( -48.58785393106681700, -178.5749259108464200, -683.5699970106322800 ) ) ;
#4069 = CARTESIAN_POINT ( 'NONE',  ( 2756.045694921518100, -155.7622686305116400, 149.6497189656781800 ) ) ;
#4070 = CARTESIAN_POINT ( 'NONE',  ( 2900.670323285893100, -366.7714405842964400, 27.33824388480144300 ) ) ;
#4071 = CARTESIAN_POINT ( 'NONE',  ( 483.4828090118803100, 404.8210861601573900, -57.10925365833679000 ) ) ;
#4072 = CARTESIAN_POINT ( 'NONE',  ( 387.3317496950428400, -230.8011621520798300, 535.1060836367640800 ) ) ;
#4073 = CARTESIAN_POINT ( 'NONE',  ( -62.85045338383052600, 111.0622595601743300, -187.6274781207991100 ) ) ;
#4074 = CARTESIAN_POINT ( 'NONE',  ( 262.7452775920334000, 147.0711012232377200, -410.0152894091975800 ) ) ;
#4075 = CARTESIAN_POINT ( 'NONE',  ( 2837.670885044849000, -699.4147950968438200, -276.2066742414289700 ) ) ;
#4076 = CARTESIAN_POINT ( 'NONE',  ( 3187.478672477060200, 6.661338147750939200E-012, -7.327471962526033200E-012 ) ) ;
#4077 = CARTESIAN_POINT ( 'NONE',  ( 588.1359548146560900, -199.7558370074507900, 402.9404828388288100 ) ) ;
#4078 = CARTESIAN_POINT ( 'NONE',  ( 2006.613505947774500, 181.0966141674948600, -384.0624778713066100 ) ) ;
#4079 = CARTESIAN_POINT ( 'NONE',  ( 1980.188897023553000, 560.1966539528076500, 210.9270271562255100 ) ) ;
#4080 = CARTESIAN_POINT ( 'NONE',  ( 1474.032386738106700, 458.1621514105892700, -19.47943490787018600 ) ) ;
#4081 = CARTESIAN_POINT ( 'NONE',  ( 2024.173679424916800, 295.4924642961008200, 51.59356114193487000 ) ) ;
#4082 = CARTESIAN_POINT ( 'NONE',  ( -262.7452775920335700, 116.9066934779425700, -545.3363816639671300 ) ) ;
#4083 = EDGE_CURVE ( 'NONE', #3885, #6019, #1848, .T. ) ;
#4084 = CARTESIAN_POINT ( 'NONE',  ( 3193.954305078464600, -205.6918086363967300, 73.82219214975417300 ) ) ;
#4085 = CARTESIAN_POINT ( 'NONE',  ( 3887.478672477059700, 6.269290642180180800E-012, -7.091549569793187400E-012 ) ) ;
#4086 = CARTESIAN_POINT ( 'NONE',  ( 2860.914187333351500, -114.4270522714138100, 355.9451103014810700 ) ) ;
#4087 = CARTESIAN_POINT ( 'NONE',  ( 1090.280298360160500, 615.6217681013484900, 348.8284483747705700 ) ) ;
#4088 = CARTESIAN_POINT ( 'NONE',  ( -172.4701236613733200, -153.1972448238684900, -526.7815483350461800 ) ) ;
#4089 = LINE ( 'NONE', #3398, #4652 ) ;
#4090 = CARTESIAN_POINT ( 'NONE',  ( 1787.522970444707400, -204.8166996532541500, 159.0394114168718400 ) ) ;
#4091 = AXIS2_PLACEMENT_3D ( 'NONE', #875, #4953, #2410 ) ;
#4092 = CARTESIAN_POINT ( 'NONE',  ( -79.46056378098406000, 61.53529561829892500, -148.5509910549578500 ) ) ;
#4093 = CARTESIAN_POINT ( 'NONE',  ( 2641.824325918232300, 483.8200593161166100, 324.8469798254344600 ) ) ;
#4094 = CARTESIAN_POINT ( 'NONE',  ( 3036.941397261658900, -137.5350240503095700, 177.3312653412857600 ) ) ;
#4095 = FACE_OUTER_BOUND ( 'NONE', #6422, .T. ) ;
#4096 = CARTESIAN_POINT ( 'NONE',  ( 506.7250002224154200, 384.2155299722567200, -139.7140636656449700 ) ) ;
#4097 =( BOUNDED_SURFACE ( )  B_SPLINE_SURFACE ( 3, 3, ( 
 ( #5075, #1516, #3506, #5051, #4055, #1452, #2040, #1957, #2020, #484, #1472, #506, #6076, #984, #2975, #1008, #6524, #4033, #3038, #1493, #3483, #6544, #1029, #965, #4501, #5028, #2506, #6054, #3018, #3526, #5894, #342, #3868, #4939, #877, #3899, #6023, #3918, #2428, #4490, #3957, #932, #4430, #2411, #431, #4409, #2982, #3470, #6468, #1383, #4924, #5962, #1908, #894, #4453, #3431, #6513, #4472, #1441, #4997, #5449, #1888, #2924, #3413, #412, #6491, #6531, #3935, #5981, #2945, #4976, #2472, #5430, #5471, #2393, #1945, #449, #1400, #954, #1418, #3450, #1965, #5491, #3976, #912, #2452, #4955, #6001, #3491, #5943, #1460, #2964, #5510, #1926, #2905, #6449, #392, #5015, #3534, #5573, #991, #2513, #468, #1501, #5036, #28, #1986, #491, #4016, #5530, #3557, #5, #6082, #3044, #513, #2539, #1479, #3995, #4530, #2004, #2491, #534, #4061, #972, #5552, #6061, #3025, #4550, #4040, #1014, #4510 ),
 ( #1523, #5058, #6041, #3002, #6551, #2025, #3513, #1364, #2335, #3374, #4815, #5884, #3820, #1833, #1810, #1298, #1275, #290, #816, #3839, #6348, #3860, #3335, #793, #5347, #4305, #770, #2888, #4326, #2844, #4902, #836, #4369, #4837, #5858, #1340, #1788, #6432, #352, #308, #5326, #2290, #2821, #2314, #6370, #1319, #4346, #3878, #4881, #1853, #1871, #4861, #5837, #5367, #6391, #3356, #331, #3393, #5390, #2353, #5905, #2867, #5924, #2799, #6410, #3313, #854, #4388, #5411, #2372, #371, #4155, #1034, #2114, #554, #4131, #2087, #576, #27, #6179, #3601, #533, #4060, #5689, #4081, #3109, #6153, #5594, #5664, #2652, #2557, #5123, #6105, #5080, #3062, #1128, #71, #1616, #5099, #4570, #4108, #1566, #5616, #2142, #1101, #2577, #2046, #97, #49, #1591, #2602, #1076, #4617, #3578, #5639, #1055, #6127, #4595, #625, #3086, #3625, #3043, #602, #4644, #4671, #1542, #2066, #5153, #2628, #1641, #3134 ),
 ( #123, #3556, #3652, #5178, #3677, #1715, #1205, #3239, #2675, #4208, #1179, #697, #6206, #4231, #5202, #4719, #6280, #6253, #675, #4694, #4743, #1665, #1692, #5762, #3161, #145, #1155, #170, #2723, #5739, #5253, #2165, #2700, #6228, #2189, #3188, #3701, #4181, #5715, #5228, #3214, #197, #3725, #2215, #652, #953, #3449, #6490, #2024, #6512, #5014, #512, #6550, #3512, #448, #4996, #3001, #430, #5572, #6060, #2471, #3956, #931, #1964, #4489, #3469, #467, #6022, #2512, #490, #4015, #1013, #1459, #4471, #5509, #6000, #2981, #2490, #2538, #6530, #1985, #5529, #990, #5057, #1440, #1478, #4975, #4529, #3024, #4, #6081, #2963, #4549, #1522, #1500, #3533, #3490, #5035, #971, #2003, #1944, #5490, #4039, #6040, #5551, #3994, #2451, #4509, #3975, #3338, #1747, #2270, #4840, #1300, #750, #311, #5283, #5886, #248, #4285, #3776, #1254, #2846, #1790, #3841, #271, #6307, #2292, #3293, #772, #3862 ),
 ( #3315, #4328, #2801, #5328, #4794, #6351, #2779, #1278, #1768, #2337, #5349, #4307, #1813, #4348, #6393, #5369, #838, #5860, #4818, #5303, #2316, #2823, #5839, #3358, #6372, #334, #818, #1321, #291, #5817, #3798, #4863, #4371, #1836, #3821, #795, #5797, #4775, #2249, #6326, #2756, #3272, #3937, #1365, #4904, #1873, #2890, #934, #3376, #914, #2927, #354, #2413, #1928, #6412, #2907, #2395, #5413, #4926, #1889, #1402, #5926, #3920, #5473, #5983, #3881, #1855, #2430, #2947, #5451, #5964, #6470, #1421, #6434, #6451, #5392, #373, #2375, #3414, #3433, #6494, #2355, #394, #5907, #414, #4455, #4957, #3960, #4390, #3452, #433, #1342, #4883, #880, #4433, #5946, #2869, #857, #3395, #3901, #896, #4940, #4412, #1384, #5432, #1910, #4474, #1443, #6533, #5512, #1462, #5018, #3998, #517, #4534, #1505, #5578, #2474, #2455, #6026, #3979, #2984, #4021, #4492, #3495, #4999, #3007, #5556, #3048, #5493, #6043 ),
 ( #538, #956, #2543, #6087, #2519, #4554, #975, #995, #5533, #6065, #3563, #1947, #4044, #495, #3516, #471, #6554, #4513, #1481, #1527, #5063, #1989, #2495, #5039, #4979, #2008, #3029, #33, #6003, #10, #3539, #3473, #4065, #1018, #2030, #2966, #1968, #6515, #451, #657, #5622, #3606, #5599, #4676, #632, #3682, #6132, #5129, #2092, #3140, #1039, #129, #4087, #5643, #6210, #4650, #4112, #54, #3658, #1060, #2608, #5696, #4575, #3168, #5085, #2581, #1647, #6158, #4162, #2052, #3113, #4600, #103, #2070, #1572, #1548, #559, #1080, #4622, #3583, #4136, #582, #5105, #3091, #2562, #6110, #149, #76, #3631, #5182, #1108, #1622, #1595, #606, #5159, #3067, #2120, #1134, #5670, #2634, #6187, #2147, #2657, #5720, #5814, #4185, #5299, #2171, #3268, #1697, #5279, #3244, #1720, #1160, #747, #4748, #1671, #5207, #267, #5234, #4257, #725, #176, #2751, #4700, #2265, #6234, #3707, #3193, #680, #2774 ),
 ( #6322, #224, #1250, #5258, #4213, #1185, #4280, #3793, #2194, #202, #2680, #4790, #3772, #4724, #2706, #2221, #5767, #6304, #5744, #243, #6258, #2728, #3288, #1231, #702, #3219, #1763, #3731, #6285, #4236, #1210, #3752, #4773, #1742, #2244, #5792, #1294, #4300, #3308, #4812, #6343, #5320, #1784, #766, #2285, #287, #3816, #5833, #787, #4322, #2795, #4833, #1270, #1805, #5344, #2309, #5716, #6254, #4785, #171, #5787, #5295, #3189, #6281, #5763, #2190, #4695, #1666, #198, #5740, #1693, #5254, #4232, #743, #4769, #1738, #5809, #2701, #2676, #3215, #4209, #3726, #4253, #4720, #698, #5229, #3240, #5275, #3284, #1227, #3264, #1716, #3702, #1206, #2240, #2261, #2747, #4744, #2216, #6229, #6300, #1760, #2724, #5203, #676, #4275, #220, #3748, #720, #239, #3768, #1180, #1246, #2769, #6318, #262, #3789, #762, #4296, #2166, #4381, #5829, #1825, #1332, #5851, #3852, #1864, #5916, #3812, #1780, #2364 ),
 ( #1353, #2812, #2835, #2346, #3304, #4338, #6383, #2305, #2791, #3368, #5316, #4828, #6364, #5897, #3385, #6338, #2880, #1265, #6424, #283, #345, #5339, #2859, #322, #5359, #4808, #4894, #2327, #2281, #783, #3892, #3327, #4873, #4359, #4318, #6403, #1290, #364, #1801, #301, #3833, #808, #868, #4852, #3871, #1311, #5875, #3348, #828, #1845, #5380, #847, #5403, #3910, #6505, #3405, #2937, #3947, #2420, #4947, #4421, #5972, #2403, #904, #383, #1955, #4965, #403, #1432, #3967, #2462, #4988, #458, #5481, #3928, #4933, #923, #2441, #4445, #6013, #1935, #5991, #2955, #4481, #5955, #6480, #3460, #6442, #1410, #3441, #5441, #5936, #440, #4916, #1393, #2915, #944, #6522, #2898, #2973, #4401, #5500, #2386, #1450, #1899, #3481, #422, #1917, #1375, #3986, #5462, #1882, #5424, #887, #6459, #4463, #3423, #3504, #6098, #4499, #2059, #2993, #482, #6542, #4008, #5609, #4543, #3056, #3016, #2482, #5049 ) ),
 .UNSPECIFIED., .T., .F., .T. ) 
 B_SPLINE_SURFACE_WITH_KNOTS ( ( 4, 3, 4 ),
 ( 4, 1, 1, 1, 1, 1, 1, 1, 1, 1, 1, 1, 1, 1, 1, 1, 1, 1, 1, 1, 1, 1, 1, 1, 1, 1, 1, 1, 1, 1, 1, 1, 1, 1, 1, 1, 1, 1, 1, 1, 1, 1, 1, 1, 1, 1, 1, 1, 1, 1, 1, 1, 1, 1, 1, 1, 1, 1, 1, 1, 1, 1, 1, 1, 1, 1, 1, 1, 1, 1, 1, 1, 1, 1, 1, 1, 1, 1, 1, 1, 1, 1, 1, 1, 1, 1, 1, 1, 1, 1, 1, 1, 1, 1, 1, 1, 1, 1, 1, 1, 1, 1, 1, 1, 1, 1, 1, 1, 1, 1, 1, 1, 1, 1, 1, 1, 1, 1, 1, 1, 1, 1, 1, 1, 1, 1, 1, 1, 4 ),
 ( 0.0000000000000000000, 0.5000000000000000000, 1.000000000000000000 ),
 ( 0.0000000000000000000, 0.007812498270105783400, 0.01562500109867619200, 0.02343749904354634100, 0.03124999760562388600, 0.03906250119592157700, 0.04687499891039848000, 0.05468749772174422200, 0.06250000129585638100, 0.07031249879026799100, 0.07812499784389986800, 0.08593750139596839600, 0.09374999868177907900, 0.1015624979711991600, 0.1093750014953673700, 0.1171874985840685400, 0.1249999981027989100, 0.1328125015932185000, 0.1406249984963307300, 0.1484374982379126900, 0.1562500016887449500, 0.1640624984178144000, 0.1718749983758097200, 0.1796875017812235000, 0.1874999983478233500, 0.1953124985158118100, 0.2031250018699869400, 0.2109374982857137600, 0.2187499986572965800, 0.2265625019544197100, 0.2343749982308942800, 0.2421874987996902000, 0.2500000020339568900, 0.2578124981828233100, 0.2656249989424697100, 0.2734375021080822600, 0.2812499981410093700, 0.2890624990851610700, 0.2968750021763320000, 0.3046874981050089500, 0.3124999992273404000, 0.3203125022382868300, 0.3281249980744224100, 0.3359374993686246000, 0.3437500022935740500, 0.3515624980488999400, 0.3593749995086825700, 0.3671875023418643700, 0.3749999980281314400, 0.3828124996472208600, 0.3906250023828760600, 0.3984374980118506900, 0.4062499997839912300, 0.4140625024163667700, 0.4218749979998377400, 0.4296874999187879600, 0.4375000024421347200, 0.4453124979919032000, 0.4531250000514437400, 0.4609375024600199700, 0.4687499979879063400, 0.4765625001818292700, 0.4843750024698961800, 0.4921874979877351500, 0.5000000003098494800, 0.5078125024716808600, 0.5156249979913217800, 0.5234375004354551200, 0.5312500024653218400, 0.5390624979986307100, 0.5468750005586202600, 0.5546875024508058900, 0.5624999980096562200, 0.5703125006793631200, 0.5781250024281477900, 0.5859374980244300700, 0.5937500007977257700, 0.6015625023973982800, 0.6093749980430129800, 0.6171875009137823800, 0.6250000023586352900, 0.6328124980654950000, 0.6406250010276414200, 0.6484375023119716100, 0.6562499980919985800, 0.6640625011394351000, 0.6718750022575432600, 0.6796874981226654900, 0.6875000012493256400, 0.6953125021955148800, 0.7031249981576699300, 0.7109375013574983400, 0.7187500021260745400, 0.7265624981972113000, 0.7343750014641616800, 0.7421875020494398400, 0.7499999982415060900, 0.7578125015695511600, 0.7656250019658447100, 0.7734374982908042200, 0.7812500016739244400, 0.7890625018755455000, 0.7968749983453600200, 0.8046875017775566600, 0.8125000017788235300, 0.8203124984054658300, 0.8281250018807501100, 0.8359375016759783600, 0.8437499984714169600, 0.8515625019838051200, 0.8593750015673206100, 0.8671874985435305000, 0.8750000020870598600, 0.8828125014531857900, 0.8906249986221431700, 0.8984375021908611600, 0.9062500013339190900, 0.9140624987076081400, 0.9218750022955687400, 0.9296875012098857500, 0.9374999988002746800, 0.9453125024015507400, 0.9531250010814545900, 0.9609374989005250400, 0.9687500025092051800, 0.9765625009486272900, 0.9843749990093700900, 0.9921875017881567300, 1.000000000000000000 ),
 .UNSPECIFIED. ) 
 GEOMETRIC_REPRESENTATION_ITEM ( )  RATIONAL_B_SPLINE_SURFACE ( (
 ( 1.000000000000000200, 1.000000000000000200, 0.9999999999999997800, 1.000000000000000200, 0.9999999999999997800, 1.000000000000000200, 0.9999999999999997800, 1.000000000000000200, 1.000000000000000400, 0.9999999999999997800, 1.000000000000000000, 1.000000000000000000, 1.000000000000000000, 1.000000000000000200, 1.000000000000000400, 1.000000000000000000, 1.000000000000000000, 1.000000000000000000, 1.000000000000000000, 0.9999999999999996700, 1.000000000000000000, 1.000000000000000000, 1.000000000000000200, 1.000000000000000200, 0.9999999999999997800, 0.9999999999999997800, 1.000000000000000200, 1.000000000000000200, 1.000000000000000000, 1.000000000000000000, 1.000000000000000400, 0.9999999999999997800, 1.000000000000000200, 1.000000000000000000, 1.000000000000000000, 1.000000000000000200, 1.000000000000000200, 0.9999999999999997800, 1.000000000000000200, 0.9999999999999997800, 1.000000000000000200, 1.000000000000000200, 0.9999999999999996700, 1.000000000000000400, 1.000000000000000000, 1.000000000000000200, 1.000000000000000000, 0.9999999999999997800, 1.000000000000000200, 1.000000000000000000, 1.000000000000000200, 0.9999999999999997800, 0.9999999999999997800, 1.000000000000000200, 0.9999999999999996700, 1.000000000000000400, 0.9999999999999997800, 1.000000000000000400, 1.000000000000000000, 0.9999999999999997800, 1.000000000000000200, 0.9999999999999996700, 1.000000000000000400, 0.9999999999999997800, 1.000000000000000200, 1.000000000000000000, 1.000000000000000000, 1.000000000000000200, 1.000000000000000000, 1.000000000000000000, 0.9999999999999997800, 1.000000000000000400, 0.9999999999999996700, 1.000000000000000400, 0.9999999999999996700, 1.000000000000000400, 0.9999999999999997800, 0.9999999999999996700, 0.9999999999999996700, 1.000000000000000000, 1.000000000000000400, 0.9999999999999996700, 1.000000000000000400, 0.9999999999999997800, 0.9999999999999997800, 1.000000000000000200, 1.000000000000000000, 1.000000000000000000, 0.9999999999999996700, 1.000000000000000200, 1.000000000000000200, 1.000000000000000000, 1.000000000000000000, 0.9999999999999997800, 1.000000000000000000, 1.000000000000000200, 0.9999999999999994400, 1.000000000000000200, 0.9999999999999996700, 1.000000000000000200, 1.000000000000000000, 1.000000000000000000, 1.000000000000000200, 1.000000000000000200, 1.000000000000000000, 0.9999999999999997800, 1.000000000000000200, 0.9999999999999996700, 1.000000000000000200, 1.000000000000000200, 0.9999999999999996700, 1.000000000000000400, 0.9999999999999997800, 1.000000000000000000, 1.000000000000000200, 1.000000000000000400, 1.000000000000000000, 0.9999999999999997800, 1.000000000000000200, 1.000000000000000000, 1.000000000000000000, 1.000000000000000200, 1.000000000000000200, 0.9999999999999997800, 1.000000000000000400, 0.9999999999999997800, 0.9999999999999997800, 1.000000000000000400, 1.000000000000000000, 1.000000000000000000, 1.000000000000000000),
 ( 0.3333333333333334300, 0.3333333333333334300, 0.3333333333333333100, 0.3333333333333334800, 0.3333333333333333100, 0.3333333333333334300, 0.3333333333333333100, 0.3333333333333334800, 0.3333333333333335400, 0.3333333333333333100, 0.3333333333333333700, 0.3333333333333333100, 0.3333333333333334800, 0.3333333333333333100, 0.3333333333333334300, 0.3333333333333333700, 0.3333333333333333700, 0.3333333333333332600, 0.3333333333333334300, 0.3333333333333332600, 0.3333333333333334300, 0.3333333333333333700, 0.3333333333333334300, 0.3333333333333333700, 0.3333333333333333100, 0.3333333333333333700, 0.3333333333333333700, 0.3333333333333334300, 0.3333333333333333100, 0.3333333333333334300, 0.3333333333333334300, 0.3333333333333333100, 0.3333333333333333700, 0.3333333333333333700, 0.3333333333333333700, 0.3333333333333334800, 0.3333333333333333100, 0.3333333333333333100, 0.3333333333333334800, 0.3333333333333332600, 0.3333333333333334300, 0.3333333333333334300, 0.3333333333333332600, 0.3333333333333335900, 0.3333333333333333100, 0.3333333333333334800, 0.3333333333333333700, 0.3333333333333332600, 0.3333333333333334300, 0.3333333333333333700, 0.3333333333333334300, 0.3333333333333333700, 0.3333333333333332600, 0.3333333333333334300, 0.3333333333333333100, 0.3333333333333334300, 0.3333333333333333100, 0.3333333333333335400, 0.3333333333333333700, 0.3333333333333333100, 0.3333333333333334300, 0.3333333333333333100, 0.3333333333333334300, 0.3333333333333333700, 0.3333333333333334300, 0.3333333333333333100, 0.3333333333333333700, 0.3333333333333333700, 0.3333333333333334300, 0.3333333333333333100, 0.3333333333333332600, 0.3333333333333335900, 0.3333333333333332000, 0.3333333333333335900, 0.3333333333333332600, 0.3333333333333334300, 0.3333333333333332600, 0.3333333333333333100, 0.3333333333333332600, 0.3333333333333334300, 0.3333333333333334300, 0.3333333333333333100, 0.3333333333333334300, 0.3333333333333333700, 0.3333333333333332000, 0.3333333333333335400, 0.3333333333333333100, 0.3333333333333333700, 0.3333333333333333100, 0.3333333333333334300, 0.3333333333333334300, 0.3333333333333334300, 0.3333333333333333100, 0.3333333333333333100, 0.3333333333333333700, 0.3333333333333333700, 0.3333333333333333100, 0.3333333333333333700, 0.3333333333333333100, 0.3333333333333334300, 0.3333333333333333700, 0.3333333333333333700, 0.3333333333333334300, 0.3333333333333333700, 0.3333333333333334300, 0.3333333333333332600, 0.3333333333333334300, 0.3333333333333333700, 0.3333333333333333700, 0.3333333333333334300, 0.3333333333333332600, 0.3333333333333335400, 0.3333333333333333700, 0.3333333333333333100, 0.3333333333333334300, 0.3333333333333334800, 0.3333333333333333700, 0.3333333333333333100, 0.3333333333333334300, 0.3333333333333334300, 0.3333333333333333700, 0.3333333333333333700, 0.3333333333333334800, 0.3333333333333332600, 0.3333333333333334800, 0.3333333333333333700, 0.3333333333333333100, 0.3333333333333334300, 0.3333333333333333700, 0.3333333333333334300, 0.3333333333333333700),
 ( 0.3333333333333334300, 0.3333333333333334300, 0.3333333333333333100, 0.3333333333333334800, 0.3333333333333333100, 0.3333333333333334300, 0.3333333333333333100, 0.3333333333333334800, 0.3333333333333335400, 0.3333333333333333100, 0.3333333333333333700, 0.3333333333333333100, 0.3333333333333334800, 0.3333333333333333100, 0.3333333333333334300, 0.3333333333333333700, 0.3333333333333333700, 0.3333333333333332600, 0.3333333333333334300, 0.3333333333333332600, 0.3333333333333334300, 0.3333333333333333700, 0.3333333333333334300, 0.3333333333333333700, 0.3333333333333333100, 0.3333333333333333700, 0.3333333333333333700, 0.3333333333333334300, 0.3333333333333333100, 0.3333333333333334300, 0.3333333333333334300, 0.3333333333333333100, 0.3333333333333333700, 0.3333333333333333700, 0.3333333333333333700, 0.3333333333333334800, 0.3333333333333333100, 0.3333333333333333100, 0.3333333333333334800, 0.3333333333333332600, 0.3333333333333334300, 0.3333333333333334300, 0.3333333333333332600, 0.3333333333333335900, 0.3333333333333333100, 0.3333333333333334800, 0.3333333333333333700, 0.3333333333333332600, 0.3333333333333334300, 0.3333333333333333700, 0.3333333333333334300, 0.3333333333333333700, 0.3333333333333332600, 0.3333333333333334300, 0.3333333333333333100, 0.3333333333333334300, 0.3333333333333333100, 0.3333333333333335400, 0.3333333333333333700, 0.3333333333333333100, 0.3333333333333334300, 0.3333333333333333100, 0.3333333333333334300, 0.3333333333333333700, 0.3333333333333334300, 0.3333333333333333100, 0.3333333333333333700, 0.3333333333333333700, 0.3333333333333334300, 0.3333333333333333100, 0.3333333333333332600, 0.3333333333333335900, 0.3333333333333332000, 0.3333333333333335900, 0.3333333333333332600, 0.3333333333333334300, 0.3333333333333332600, 0.3333333333333333100, 0.3333333333333332600, 0.3333333333333334300, 0.3333333333333334300, 0.3333333333333333100, 0.3333333333333334300, 0.3333333333333333700, 0.3333333333333332000, 0.3333333333333335400, 0.3333333333333333100, 0.3333333333333333700, 0.3333333333333333100, 0.3333333333333334300, 0.3333333333333334300, 0.3333333333333334300, 0.3333333333333333100, 0.3333333333333333100, 0.3333333333333333700, 0.3333333333333333700, 0.3333333333333333100, 0.3333333333333333700, 0.3333333333333333100, 0.3333333333333334300, 0.3333333333333333700, 0.3333333333333333700, 0.3333333333333334300, 0.3333333333333333700, 0.3333333333333334300, 0.3333333333333332600, 0.3333333333333334300, 0.3333333333333333700, 0.3333333333333333700, 0.3333333333333334300, 0.3333333333333332600, 0.3333333333333335400, 0.3333333333333333700, 0.3333333333333333100, 0.3333333333333334300, 0.3333333333333334800, 0.3333333333333333700, 0.3333333333333333100, 0.3333333333333334300, 0.3333333333333334300, 0.3333333333333333700, 0.3333333333333333700, 0.3333333333333334800, 0.3333333333333332600, 0.3333333333333334800, 0.3333333333333333700, 0.3333333333333333100, 0.3333333333333334300, 0.3333333333333333700, 0.3333333333333334300, 0.3333333333333333700),
 ( 1.000000000000000200, 1.000000000000000200, 0.9999999999999997800, 1.000000000000000200, 0.9999999999999997800, 1.000000000000000200, 0.9999999999999997800, 1.000000000000000200, 1.000000000000000400, 0.9999999999999997800, 1.000000000000000000, 1.000000000000000000, 1.000000000000000000, 1.000000000000000200, 1.000000000000000400, 1.000000000000000000, 1.000000000000000000, 1.000000000000000000, 1.000000000000000000, 0.9999999999999996700, 1.000000000000000000, 1.000000000000000000, 1.000000000000000200, 1.000000000000000200, 0.9999999999999997800, 0.9999999999999997800, 1.000000000000000200, 1.000000000000000200, 1.000000000000000000, 1.000000000000000000, 1.000000000000000400, 0.9999999999999997800, 1.000000000000000200, 1.000000000000000000, 1.000000000000000000, 1.000000000000000200, 1.000000000000000200, 0.9999999999999997800, 1.000000000000000200, 0.9999999999999997800, 1.000000000000000200, 1.000000000000000200, 0.9999999999999996700, 1.000000000000000400, 1.000000000000000000, 1.000000000000000200, 1.000000000000000000, 0.9999999999999997800, 1.000000000000000200, 1.000000000000000000, 1.000000000000000200, 0.9999999999999997800, 0.9999999999999997800, 1.000000000000000200, 0.9999999999999996700, 1.000000000000000400, 0.9999999999999997800, 1.000000000000000400, 1.000000000000000000, 0.9999999999999997800, 1.000000000000000200, 0.9999999999999996700, 1.000000000000000400, 0.9999999999999997800, 1.000000000000000200, 1.000000000000000000, 1.000000000000000000, 1.000000000000000200, 1.000000000000000000, 1.000000000000000000, 0.9999999999999997800, 1.000000000000000400, 0.9999999999999996700, 1.000000000000000400, 0.9999999999999996700, 1.000000000000000400, 0.9999999999999997800, 0.9999999999999996700, 0.9999999999999996700, 1.000000000000000000, 1.000000000000000400, 0.9999999999999996700, 1.000000000000000400, 0.9999999999999997800, 0.9999999999999997800, 1.000000000000000200, 1.000000000000000000, 1.000000000000000000, 0.9999999999999996700, 1.000000000000000200, 1.000000000000000200, 1.000000000000000000, 1.000000000000000000, 0.9999999999999997800, 1.000000000000000000, 1.000000000000000200, 0.9999999999999994400, 1.000000000000000200, 0.9999999999999996700, 1.000000000000000200, 1.000000000000000000, 1.000000000000000000, 1.000000000000000200, 1.000000000000000200, 1.000000000000000000, 0.9999999999999997800, 1.000000000000000200, 0.9999999999999996700, 1.000000000000000200, 1.000000000000000200, 0.9999999999999996700, 1.000000000000000400, 0.9999999999999997800, 1.000000000000000000, 1.000000000000000200, 1.000000000000000400, 1.000000000000000000, 0.9999999999999997800, 1.000000000000000200, 1.000000000000000000, 1.000000000000000000, 1.000000000000000200, 1.000000000000000200, 0.9999999999999997800, 1.000000000000000400, 0.9999999999999997800, 0.9999999999999997800, 1.000000000000000400, 1.000000000000000000, 1.000000000000000000, 1.000000000000000000),
 ( 0.3333333333333334300, 0.3333333333333334300, 0.3333333333333333100, 0.3333333333333334800, 0.3333333333333333100, 0.3333333333333334300, 0.3333333333333333100, 0.3333333333333334800, 0.3333333333333335400, 0.3333333333333333100, 0.3333333333333333700, 0.3333333333333333100, 0.3333333333333334800, 0.3333333333333333100, 0.3333333333333334300, 0.3333333333333333700, 0.3333333333333333700, 0.3333333333333332600, 0.3333333333333334300, 0.3333333333333332600, 0.3333333333333334300, 0.3333333333333333700, 0.3333333333333334300, 0.3333333333333333700, 0.3333333333333333100, 0.3333333333333333700, 0.3333333333333333700, 0.3333333333333334300, 0.3333333333333333100, 0.3333333333333334300, 0.3333333333333334300, 0.3333333333333333100, 0.3333333333333333700, 0.3333333333333333700, 0.3333333333333333700, 0.3333333333333334800, 0.3333333333333333100, 0.3333333333333333100, 0.3333333333333334800, 0.3333333333333332600, 0.3333333333333334300, 0.3333333333333334300, 0.3333333333333332600, 0.3333333333333335900, 0.3333333333333333100, 0.3333333333333334800, 0.3333333333333333700, 0.3333333333333332600, 0.3333333333333334300, 0.3333333333333333700, 0.3333333333333334300, 0.3333333333333333700, 0.3333333333333332600, 0.3333333333333334300, 0.3333333333333333100, 0.3333333333333334300, 0.3333333333333333100, 0.3333333333333335400, 0.3333333333333333700, 0.3333333333333333100, 0.3333333333333334300, 0.3333333333333333100, 0.3333333333333334300, 0.3333333333333333700, 0.3333333333333334300, 0.3333333333333333100, 0.3333333333333333700, 0.3333333333333333700, 0.3333333333333334300, 0.3333333333333333100, 0.3333333333333332600, 0.3333333333333335900, 0.3333333333333332000, 0.3333333333333335900, 0.3333333333333332600, 0.3333333333333334300, 0.3333333333333332600, 0.3333333333333333100, 0.3333333333333332600, 0.3333333333333334300, 0.3333333333333334300, 0.3333333333333333100, 0.3333333333333334300, 0.3333333333333333700, 0.3333333333333332000, 0.3333333333333335400, 0.3333333333333333100, 0.3333333333333333700, 0.3333333333333333100, 0.3333333333333334300, 0.3333333333333334300, 0.3333333333333334300, 0.3333333333333333100, 0.3333333333333333100, 0.3333333333333333700, 0.3333333333333333700, 0.3333333333333333100, 0.3333333333333333700, 0.3333333333333333100, 0.3333333333333334300, 0.3333333333333333700, 0.3333333333333333700, 0.3333333333333334300, 0.3333333333333333700, 0.3333333333333334300, 0.3333333333333332600, 0.3333333333333334300, 0.3333333333333333700, 0.3333333333333333700, 0.3333333333333334300, 0.3333333333333332600, 0.3333333333333335400, 0.3333333333333333700, 0.3333333333333333100, 0.3333333333333334300, 0.3333333333333334800, 0.3333333333333333700, 0.3333333333333333100, 0.3333333333333334300, 0.3333333333333334300, 0.3333333333333333700, 0.3333333333333333700, 0.3333333333333334800, 0.3333333333333332600, 0.3333333333333334800, 0.3333333333333333700, 0.3333333333333333100, 0.3333333333333334300, 0.3333333333333333700, 0.3333333333333334300, 0.3333333333333333700),
 ( 0.3333333333333334300, 0.3333333333333334300, 0.3333333333333333100, 0.3333333333333334800, 0.3333333333333333100, 0.3333333333333334300, 0.3333333333333333100, 0.3333333333333334800, 0.3333333333333335400, 0.3333333333333333100, 0.3333333333333333700, 0.3333333333333333100, 0.3333333333333334800, 0.3333333333333333100, 0.3333333333333334300, 0.3333333333333333700, 0.3333333333333333700, 0.3333333333333332600, 0.3333333333333334300, 0.3333333333333332600, 0.3333333333333334300, 0.3333333333333333700, 0.3333333333333334300, 0.3333333333333333700, 0.3333333333333333100, 0.3333333333333333700, 0.3333333333333333700, 0.3333333333333334300, 0.3333333333333333100, 0.3333333333333334300, 0.3333333333333334300, 0.3333333333333333100, 0.3333333333333333700, 0.3333333333333333700, 0.3333333333333333700, 0.3333333333333334800, 0.3333333333333333100, 0.3333333333333333100, 0.3333333333333334800, 0.3333333333333332600, 0.3333333333333334300, 0.3333333333333334300, 0.3333333333333332600, 0.3333333333333335900, 0.3333333333333333100, 0.3333333333333334800, 0.3333333333333333700, 0.3333333333333332600, 0.3333333333333334300, 0.3333333333333333700, 0.3333333333333334300, 0.3333333333333333700, 0.3333333333333332600, 0.3333333333333334300, 0.3333333333333333100, 0.3333333333333334300, 0.3333333333333333100, 0.3333333333333335400, 0.3333333333333333700, 0.3333333333333333100, 0.3333333333333334300, 0.3333333333333333100, 0.3333333333333334300, 0.3333333333333333700, 0.3333333333333334300, 0.3333333333333333100, 0.3333333333333333700, 0.3333333333333333700, 0.3333333333333334300, 0.3333333333333333100, 0.3333333333333332600, 0.3333333333333335900, 0.3333333333333332000, 0.3333333333333335900, 0.3333333333333332600, 0.3333333333333334300, 0.3333333333333332600, 0.3333333333333333100, 0.3333333333333332600, 0.3333333333333334300, 0.3333333333333334300, 0.3333333333333333100, 0.3333333333333334300, 0.3333333333333333700, 0.3333333333333332000, 0.3333333333333335400, 0.3333333333333333100, 0.3333333333333333700, 0.3333333333333333100, 0.3333333333333334300, 0.3333333333333334300, 0.3333333333333334300, 0.3333333333333333100, 0.3333333333333333100, 0.3333333333333333700, 0.3333333333333333700, 0.3333333333333333100, 0.3333333333333333700, 0.3333333333333333100, 0.3333333333333334300, 0.3333333333333333700, 0.3333333333333333700, 0.3333333333333334300, 0.3333333333333333700, 0.3333333333333334300, 0.3333333333333332600, 0.3333333333333334300, 0.3333333333333333700, 0.3333333333333333700, 0.3333333333333334300, 0.3333333333333332600, 0.3333333333333335400, 0.3333333333333333700, 0.3333333333333333100, 0.3333333333333334300, 0.3333333333333334800, 0.3333333333333333700, 0.3333333333333333100, 0.3333333333333334300, 0.3333333333333334300, 0.3333333333333333700, 0.3333333333333333700, 0.3333333333333334800, 0.3333333333333332600, 0.3333333333333334800, 0.3333333333333333700, 0.3333333333333333100, 0.3333333333333334300, 0.3333333333333333700, 0.3333333333333334300, 0.3333333333333333700),
 ( 1.000000000000000200, 1.000000000000000200, 0.9999999999999997800, 1.000000000000000200, 0.9999999999999997800, 1.000000000000000200, 0.9999999999999997800, 1.000000000000000200, 1.000000000000000400, 0.9999999999999997800, 1.000000000000000000, 1.000000000000000000, 1.000000000000000000, 1.000000000000000200, 1.000000000000000400, 1.000000000000000000, 1.000000000000000000, 1.000000000000000000, 1.000000000000000000, 0.9999999999999996700, 1.000000000000000000, 1.000000000000000000, 1.000000000000000200, 1.000000000000000200, 0.9999999999999997800, 0.9999999999999997800, 1.000000000000000200, 1.000000000000000200, 1.000000000000000000, 1.000000000000000000, 1.000000000000000400, 0.9999999999999997800, 1.000000000000000200, 1.000000000000000000, 1.000000000000000000, 1.000000000000000200, 1.000000000000000200, 0.9999999999999997800, 1.000000000000000200, 0.9999999999999997800, 1.000000000000000200, 1.000000000000000200, 0.9999999999999996700, 1.000000000000000400, 1.000000000000000000, 1.000000000000000200, 1.000000000000000000, 0.9999999999999997800, 1.000000000000000200, 1.000000000000000000, 1.000000000000000200, 0.9999999999999997800, 0.9999999999999997800, 1.000000000000000200, 0.9999999999999996700, 1.000000000000000400, 0.9999999999999997800, 1.000000000000000400, 1.000000000000000000, 0.9999999999999997800, 1.000000000000000200, 0.9999999999999996700, 1.000000000000000400, 0.9999999999999997800, 1.000000000000000200, 1.000000000000000000, 1.000000000000000000, 1.000000000000000200, 1.000000000000000000, 1.000000000000000000, 0.9999999999999997800, 1.000000000000000400, 0.9999999999999996700, 1.000000000000000400, 0.9999999999999996700, 1.000000000000000400, 0.9999999999999997800, 0.9999999999999996700, 0.9999999999999996700, 1.000000000000000000, 1.000000000000000400, 0.9999999999999996700, 1.000000000000000400, 0.9999999999999997800, 0.9999999999999997800, 1.000000000000000200, 1.000000000000000000, 1.000000000000000000, 0.9999999999999996700, 1.000000000000000200, 1.000000000000000200, 1.000000000000000000, 1.000000000000000000, 0.9999999999999997800, 1.000000000000000000, 1.000000000000000200, 0.9999999999999994400, 1.000000000000000200, 0.9999999999999996700, 1.000000000000000200, 1.000000000000000000, 1.000000000000000000, 1.000000000000000200, 1.000000000000000200, 1.000000000000000000, 0.9999999999999997800, 1.000000000000000200, 0.9999999999999996700, 1.000000000000000200, 1.000000000000000200, 0.9999999999999996700, 1.000000000000000400, 0.9999999999999997800, 1.000000000000000000, 1.000000000000000200, 1.000000000000000400, 1.000000000000000000, 0.9999999999999997800, 1.000000000000000200, 1.000000000000000000, 1.000000000000000000, 1.000000000000000200, 1.000000000000000200, 0.9999999999999997800, 1.000000000000000400, 0.9999999999999997800, 0.9999999999999997800, 1.000000000000000400, 1.000000000000000000, 1.000000000000000000, 1.000000000000000000) ) ) 
 REPRESENTATION_ITEM ( '' )  SURFACE ( )  );
#4098 = CARTESIAN_POINT ( 'NONE',  ( 503.5429967558601400, 346.1001437266107200, 468.8519148938905800 ) ) ;
#4099 = CARTESIAN_POINT ( 'NONE',  ( -212.4786724770602000, 0.0000000000000000000, -100.0000000000000000 ) ) ;
#4100 = CARTESIAN_POINT ( 'NONE',  ( 74.32948380835651400, 322.1093516255354500, -173.8926435654879300 ) ) ;
#4101 = CARTESIAN_POINT ( 'NONE',  ( 1224.754777184448100, -344.1957357941510600, -440.7792312543448900 ) ) ;
#4102 = CARTESIAN_POINT ( 'NONE',  ( -190.4138504674039900, 1.788615867363189300, 118.5887924628530900 ) ) ;
#4103 = CARTESIAN_POINT ( 'NONE',  ( 2577.758245446177200, -26.04446743455735100, 258.0025500926362800 ) ) ;
#4104 = CARTESIAN_POINT ( 'NONE',  ( 2099.581936054847600, -162.9542179362596200, -392.1046848399512300 ) ) ;
#4105 = ORIENTED_EDGE ( 'NONE', *, *, #1386, .T. ) ;
#4106 = CARTESIAN_POINT ( 'NONE',  ( 1259.681363696535300, 512.1245377672772700, 309.9013986405537400 ) ) ;
#4107 = CARTESIAN_POINT ( 'NONE',  ( 2194.540315944585900, 446.8567221279050700, -103.0124584344297000 ) ) ;
#4108 = CARTESIAN_POINT ( 'NONE',  ( 2396.047790423289400, -299.8798024188743600, 7.044308840151911600 ) ) ;
#4109 = CARTESIAN_POINT ( 'NONE',  ( 2223.464967610883400, -208.5144110645711900, -544.1775054021407000 ) ) ;
#4110 = CARTESIAN_POINT ( 'NONE',  ( 739.1472026686092200, -310.9425783815177100, -265.4356854343707300 ) ) ;
#4111 = VERTEX_POINT ( 'NONE', #4377 ) ;
#4112 = CARTESIAN_POINT ( 'NONE',  ( 1183.248654015149700, 671.8909787548088800, -221.8861458994272200 ) ) ;
#4113 = CARTESIAN_POINT ( 'NONE',  ( 943.1548941114621100, 422.3808002936156100, 352.0862817840582000 ) ) ;
#4114 = CARTESIAN_POINT ( 'NONE',  ( 3187.478672477060200, 6.661338147750939200E-012, -7.327471962526033200E-012 ) ) ;
#4115 = CARTESIAN_POINT ( 'NONE',  ( 1810.765816608539100, -167.4364438488974300, 198.0117043330067200 ) ) ;
#4116 = CARTESIAN_POINT ( 'NONE',  ( -95.07192497943368900, 287.6322329264273200, 30.85867689125861800 ) ) ;
#4117 = CARTESIAN_POINT ( 'NONE',  ( 2618.581858289627700, 406.0499209653943400, 418.0085606876605200 ) ) ;
#4118 = CARTESIAN_POINT ( 'NONE',  ( -74.32948380835657100, 158.7932646480971100, -297.0989455679732000 ) ) ;
#4119 = CARTESIAN_POINT ( 'NONE',  ( 2914.552265943959800, -211.6127533775217000, 38.53217621532277100 ) ) ;
#4120 = CARTESIAN_POINT ( 'NONE',  ( 529.9675086095954800, 346.9479587843613900, -216.2602817013007300 ) ) ;
#4121 = CARTESIAN_POINT ( 'NONE',  ( 1657.980722345475900, -176.3698985561189000, 386.2558888736069200 ) ) ;
#4122 = CARTESIAN_POINT ( 'NONE',  ( 60.63481468111160700, 201.7951203831153700, -59.21517864199257300 ) ) ;
#4123 = CARTESIAN_POINT ( 'NONE',  ( -114.0863099753204800, 320.1049175901218900, 56.46965815130784000 ) ) ;
#4124 = CARTESIAN_POINT ( 'NONE',  ( 295.0673576887758100, 550.9857030130527800, -95.77171532546771000 ) ) ;
#4125 = DIRECTION ( 'NONE',  ( 1.000000000000000000, 0.0000000000000000000, 0.0000000000000000000 ) ) ;
#4126 = CARTESIAN_POINT ( 'NONE',  ( 2926.391159159984500, 29.20629163941879700, -257.6576567525245300 ) ) ;
#4127 = CARTESIAN_POINT ( 'NONE',  ( 3036.902349825744300, -225.4543811013532200, 219.1331831645552200 ) ) ;
#4128 = CARTESIAN_POINT ( 'NONE',  ( 1468.861069413767600, 140.7661849746665200, -581.8034708891543700 ) ) ;
#4129 = CARTESIAN_POINT ( 'NONE',  ( -67.60230132446807300, -190.0720845643592200, -722.5978973854461200 ) ) ;
#4130 = CARTESIAN_POINT ( 'NONE',  ( 85.18374999450449500, -11.51692598476615000, -584.3472152484894200 ) ) ;
#4131 = CARTESIAN_POINT ( 'NONE',  ( 1814.994034899977100, -138.4248930060641400, 266.1132319269887000 ) ) ;
#4132 = CARTESIAN_POINT ( 'NONE',  ( -74.32948380835657100, 72.84742819717213500, -398.3207102160999400 ) ) ;
#4133 = CARTESIAN_POINT ( 'NONE',  ( 2060.769278882417900, 517.8794201303427400, -267.2239694347264300 ) ) ;
#4134 = CARTESIAN_POINT ( 'NONE',  ( 413.7562583844258500, 361.5446411534758800, 190.8587028658016000 ) ) ;
#4135 = CARTESIAN_POINT ( 'NONE',  ( -61.94123650696377600, 174.6114165073967400, -296.7608087306832100 ) ) ;
#4136 = CARTESIAN_POINT ( 'NONE',  ( 1741.060994770441100, 407.3712335865843700, 578.5495111975782300 ) ) ;
#4137 = CARTESIAN_POINT ( 'NONE',  ( 617.7644881579733500, -489.2612824150744500, -250.9872685176770200 ) ) ;
#4138 = DIRECTION ( 'NONE',  ( 1.000000000000000000, -5.598713130157252400E-016, 3.353501265655067400E-016 ) ) ;
#4139 = CARTESIAN_POINT ( 'NONE',  ( 2066.429208688450200, 259.2499903069379500, -5.732465145880508900 ) ) ;
#4140 = CARTESIAN_POINT ( 'NONE',  ( 59.76598577910436200, 178.9586655841055500, -41.19734836209234900 ) ) ;
#4141 = CARTESIAN_POINT ( 'NONE',  ( 2339.675563794160100, -575.1497761524260600, -93.86404502022017500 ) ) ;
#4142 = CARTESIAN_POINT ( 'NONE',  ( 74.32948380835650000, 294.4481660093152900, -125.9050476356390100 ) ) ;
#4143 = CARTESIAN_POINT ( 'NONE',  ( 449.3867119737771000, 407.9542018470962700, 117.7857756406480000 ) ) ;
#4144 = CARTESIAN_POINT ( 'NONE',  ( 3081.338188516256700, -234.4557380453732900, -108.7743292681012000 ) ) ;
#4145 = CARTESIAN_POINT ( 'NONE',  ( 2317.137734678419300, 483.2573194839623100, 281.4605393302172200 ) ) ;
#4146 = CARTESIAN_POINT ( 'NONE',  ( 1030.441681961543100, 93.52055891879226100, 414.1905898548604900 ) ) ;
#4147 = CARTESIAN_POINT ( 'NONE',  ( 925.0844233331603200, -233.6802153878839500, 335.4625536025223500 ) ) ;
#4148 = CARTESIAN_POINT ( 'NONE',  ( -30.32324535254412400, -516.6141118167936400, 214.1664593070955800 ) ) ;
#4149 = CARTESIAN_POINT ( 'NONE',  ( -153.3713065641846900, 9.312858057442369400, -127.3477909498910500 ) ) ;
#4150 = CARTESIAN_POINT ( 'NONE',  ( 1424.854716861735600, 312.0905826923848800, 323.8254930033145300 ) ) ;
#4151 = CARTESIAN_POINT ( 'NONE',  ( 2989.672596621866900, 128.2895541437059400, 158.6306239888733400 ) ) ;
#4152 = CARTESIAN_POINT ( 'NONE',  ( 1678.040769259860100, -597.1489721522577800, 41.51487389061517100 ) ) ;
#4153 = CARTESIAN_POINT ( 'NONE',  ( 3049.329676713991400, -583.7598392864972500, -111.2394574081362900 ) ) ;
#4154 = CARTESIAN_POINT ( 'NONE',  ( 3170.712394024637000, -419.4965367748780000, -185.4268582332928800 ) ) ;
#4155 = CARTESIAN_POINT ( 'NONE',  ( 1722.024880506905200, -290.1374830982376800, 76.14407892314737600 ) ) ;
#4156 = CARTESIAN_POINT ( 'NONE',  ( -61.94123650696379000, 135.4254898659800700, -205.8705406480883700 ) ) ;
#4157 = CARTESIAN_POINT ( 'NONE',  ( 2130.495849232353100, 263.1798616781942400, -519.9462471761703500 ) ) ;
#4158 = ADVANCED_FACE ( 'NONE', ( #6243 ), #5563, .F. ) ;
#4159 = CARTESIAN_POINT ( 'NONE',  ( 480.3007755306078400, 241.4912409802063800, 530.3673701542028300 ) ) ;
#4160 = CARTESIAN_POINT ( 'NONE',  ( 2955.935807000011700, 203.4570046035696900, -61.77081951780981900 ) ) ;
#4161 = CARTESIAN_POINT ( 'NONE',  ( 95.07192497943366000, 49.07631041076944500, -293.8758488725877100 ) ) ;
#4162 = CARTESIAN_POINT ( 'NONE',  ( 1462.154824260841700, -671.8452486062610700, -222.0244636130880200 ) ) ;
#4163 = CARTESIAN_POINT ( 'NONE',  ( 292.3738394956013700, 532.3647635003943600, 137.6909764739697600 ) ) ;
#4164 = CARTESIAN_POINT ( 'NONE',  ( -212.4786724770602000, 0.0000000000000000000, -100.0000000000000000 ) ) ;
#4165 = CARTESIAN_POINT ( 'NONE',  ( 2345.335468906954700, -211.6463879470411800, -149.8306844493723100 ) ) ;
#4166 = CARTESIAN_POINT ( 'NONE',  ( 217.2507712185236200, 124.8385235883736800, -156.2957095530094300 ) ) ;
#4167 = CARTESIAN_POINT ( 'NONE',  ( 927.5840003899053300, -278.8490004307867600, 650.3184214404349200 ) ) ;
#4168 = CARTESIAN_POINT ( 'NONE',  ( -114.0863099753204800, 452.0315604073769000, -494.2441613751650500 ) ) ;
#4169 = EDGE_CURVE ( 'NONE', #5949, #4660, #5680, .T. ) ;
#4170 = CARTESIAN_POINT ( 'NONE',  ( 774.0732847640563300, 420.5788862208615900, 159.2988428494692200 ) ) ;
#4171 = CARTESIAN_POINT ( 'NONE',  ( 1575.865933373982700, -354.6728188623264900, 203.3435267732591000 ) ) ;
#4172 = CYLINDRICAL_SURFACE ( 'NONE', #1195, 119.9999999999998300 ) ;
#4173 = CARTESIAN_POINT ( 'NONE',  ( 2076.340061156901400, -78.21191419390091000, -417.3522151804077100 ) ) ;
#4174 = CARTESIAN_POINT ( 'NONE',  ( 692.6624647283659900, -176.7009481911033800, -368.6710882553817900 ) ) ;
#4175 = CARTESIAN_POINT ( 'NONE',  ( -123.2920745165824000, -505.6086145367161200, -238.9571439402917600 ) ) ;
#4176 = CARTESIAN_POINT ( 'NONE',  ( 72.00528093031915900, 186.8403022522625700, -27.41591394350645000 ) ) ;
#4177 = CARTESIAN_POINT ( 'NONE',  ( 1610.792087839040500, 291.6757671379693900, -342.3276114451142000 ) ) ;
#4178 = CARTESIAN_POINT ( 'NONE',  ( 3070.071510555129000, -292.0758378026857300, -57.36842741738480100 ) ) ;
#4179 = CARTESIAN_POINT ( 'NONE',  ( 725.1109445388929100, 352.6977288932417300, -483.6472785146168000 ) ) ;
#4180 = CARTESIAN_POINT ( 'NONE',  ( 606.4220105298260300, -19.78944007790148500, -748.1203400041685000 ) ) ;
#4181 = CARTESIAN_POINT ( 'NONE',  ( 1055.673031373743700, -385.8029300027049500, -247.8874538948015200 ) ) ;
#4182 = CARTESIAN_POINT ( 'NONE',  ( -262.7452775920334600, 277.0649366493153100, -420.2950526883337800 ) ) ;
#4183 = ORIENTED_EDGE ( 'NONE', *, *, #718, .F. ) ;
#4184 = CARTESIAN_POINT ( 'NONE',  ( -262.7012025913352300, 197.6380663017296500, -86.57668020620352000 ) ) ;
#4185 = CARTESIAN_POINT ( 'NONE',  ( 2322.115517620144100, -310.4224412663452900, 635.8529435316356700 ) ) ;
#4186 = CARTESIAN_POINT ( 'NONE',  ( 966.3973226063966400, 486.1445275916935900, 256.9723565164448500 ) ) ;
#4187 = CARTESIAN_POINT ( 'NONE',  ( 3067.781749272286100, -59.83797778539948100, 129.2944371274940100 ) ) ;
#4188 = CARTESIAN_POINT ( 'NONE',  ( 2298.851909959896600, -132.7727193582323100, -222.7443052719542600 ) ) ;
#4189 = CARTESIAN_POINT ( 'NONE',  ( 3187.478672477060200, 6.661338147750939200E-012, -7.327471962526033200E-012 ) ) ;
#4190 = CARTESIAN_POINT ( 'NONE',  ( 1043.795568689221700, 421.4471368504584900, 568.3777675102290900 ) ) ;
#4191 = CYLINDRICAL_SURFACE ( 'NONE', #274, 100.0000000000000000 ) ;
#4192 =( BOUNDED_SURFACE ( )  B_SPLINE_SURFACE ( 3, 3, ( 
 ( #2632, #678, #3705, #3656, #630, #3680, #3604, #1158, #4698, #4722, #5127, #2118, #5668, #4211, #1593, #580, #2090, #173, #1668, #4620, #3138, #5205, #4134, #5642, #5157, #1183, #1105, #2169, #1695, #4648, #1620, #5231, #5742, #6184, #2704, #3217, #4110, #2771, #5277, #764, #6340, #745, #1292, #4830, #4298, #1267, #4810, #285, #4771, #1761, #1782, #2218, #3266, #5297, #1229, #1718, #2283, #700, #3814, #6302, #1208, #6283, #5256, #1803, #200, #5342, #4746, #5831, #4255, #5318, #5812, #4277, #3728, #3306, #2263, #4234, #3242, #2793, #1740, #265, #3286, #2726, #785, #5765, #2307, #222, #3750, #722, #2242, #5853, #3770, #4320, #5789, #2749, #6320, #2814, #241, #4788, #6366, #1248, #3791, #5426, #2329, #1866, #2882, #1356, #385, #3912, #5382, #6426, #6405, #5877, #889, #3894, #5899, #366, #2900, #1395, #4423, #5957, #4403, #2861, #3407, #2348, #3854, #5405, #4935, #3387, #1901, #870, #1884 ),
 ( #4361, #830, #3835, #2837, #3370, #347, #6385, #1377, #3873, #3350, #4340, #4875, #5443, #5361, #4918, #2405, #1827, #324, #2917, #6444, #1313, #849, #2388, #1334, #5918, #1847, #5938, #3329, #4383, #303, #810, #4854, #4896, #2366, #6545, #4465, #1454, #966, #1920, #2957, #4990, #925, #1412, #1980, #405, #3507, #5994, #906, #5974, #4949, #1494, #6461, #985, #4447, #5523, #3950, #4503, #5503, #3969, #3425, #2995, #1958, #3930, #2940, #461, #1434, #6525, #2976, #2422, #5009, #5464, #4524, #6482, #3443, #424, #4968, #5029, #3462, #2485, #1937, #5483, #2466, #6035, #2443, #4483, #485, #947, #6507, #4010, #443, #6016, #3485, #3989, #1998, #5546, #1473, #2507, #6055, #2021, #597, #3597, #5590, #67, #2596, #1095, #3620, #5659, #4103, #2553, #3104, #2041, #3551, #1562, #4639, #3082, #1611, #6123, #1587, #45, #5568, #1538, #2572, #4126, #1072, #6101, #549, #4034, #572, #91, #4056, #6568 ),
 ( #3058, #1030, #1009, #4566, #2534, #5076, #4613, #3039, #3574, #23, #5095, #5118, #5147, #4545, #2083, #4077, #2108, #2623, #6147, #3019, #6077, #3527, #507, #5635, #1517, #1051, #5052, #4591, #528, #2062, #5611, #166, #1711, #3156, #1660, #1688, #5711, #5198, #3235, #6274, #2671, #6224, #5223, #6173, #3184, #3697, #715, #1124, #4690, #2161, #216, #4150, #2210, #670, #4204, #6202, #1636, #2719, #5781, #4177, #1175, #4666, #4715, #2185, #4249, #648, #5735, #2696, #5248, #2235, #5757, #2648, #6249, #4764, #3209, #192, #5174, #3744, #3647, #3721, #4739, #1223, #1733, #619, #1150, #5271, #693, #3129, #2137, #4226, #141, #1201, #118, #3673, #5685, #2257, #2787, #5825, #1755, #5846, #5311, #5804, #4849, #3828, #6314, #1286, #739, #758, #2829, #4824, #6360, #3280, #1262, #2808, #1776, #5355, #297, #6333, #2742, #6297, #4803, #3784, #5291, #4354, #4270, #1242, #3322, #803, #3847, #2300, #779 ),
 ( #3807, #1820, #5376, #2322, #2764, #279, #1327, #4335, #3300, #257, #5869, #235, #4314, #1307, #6378, #4869, #3763, #4292, #3344, #1797, #317, #4781, #5335, #2277, #824, #1841, #2342, #3259, #4376, #3381, #359, #843, #5418, #2875, #1348, #378, #2894, #4889, #1370, #3363, #5398, #4417, #4910, #2381, #1859, #5911, #5931, #6418, #3906, #6438, #3887, #5892, #2853, #863, #4396, #2360, #5951, #3866, #1877, #3400, #883, #5437, #1389, #4930, #1895, #2399, #2911, #6397, #340, #1812, #5450, #72, #4618, #5124, #5852, #346, #6365, #1266, #6339, #1781, #1865, #264, #1354, #4809, #5898, #4319, #1333, #5876, #4339, #3790, #3369, #5360, #4297, #3305, #829, #1291, #323, #3349, #2792, #5381, #763, #4829, #2328, #5317, #302, #3834, #4895, #2282, #5340, #2306, #848, #5830, #2860, #3328, #1312, #284, #3813, #3872, #6425, #1802, #2347, #4382, #2365, #784, #2813, #5404, #1826, #6404, #809, #2836, #4853 ),
 ( #6384, #3853, #4360, #4874, #1846, #5917, #2881, #5482, #4464, #384, #1918, #1376, #1394, #3461, #5463, #423, #3911, #1900, #6481, #2404, #5992, #924, #6460, #3386, #365, #5442, #4422, #5937, #4989, #4917, #1883, #3442, #3948, #4482, #4934, #5425, #5956, #2899, #2916, #2938, #3406, #3424, #888, #905, #1451, #2387, #3929, #1433, #4446, #945, #2463, #2956, #6014, #6443, #1956, #5501, #4966, #441, #404, #1936, #1411, #2442, #2974, #6506, #4948, #3968, #2421, #5973, #3893, #869, #4402, #1028, #5610, #4500, #983, #2019, #6523, #6566, #3525, #1049, #1471, #5027, #1996, #548, #5008, #2552, #6053, #1007, #6543, #1979, #3057, #6121, #4522, #2505, #5521, #505, #4544, #4589, #1492, #4032, #1515, #2039, #2570, #5589, #2994, #5050, #5093, #3549, #3017, #2483, #6099, #3987, #5567, #2532, #5545, #526, #43, #6075, #1560, #2060, #4054, #4564, #1537, #3573, #3037, #21, #5074, #6034, #4075, #3482, #459 ),
 ( #964, #3505, #483, #4009, #6145, #4202, #1173, #4175, #3182, #2621, #6199, #4148, #1148, #2183, #3154, #3645, #5196, #89, #5145, #5171, #6171, #2106, #4689, #5733, #1070, #4124, #2135, #3080, #3126, #116, #4713, #4611, #1609, #5657, #3695, #1585, #5709, #618, #1122, #3102, #5116, #6223, #2694, #1093, #4664, #2082, #1634, #5683, #1686, #4637, #2646, #139, #2159, #65, #2669, #3618, #3671, #5221, #645, #1658, #5633, #164, #570, #668, #3595, #4101, #2594, #595, #4247, #278, #1241, #2276, #3720, #4780, #2717, #737, #713, #214, #190, #5755, #6295, #2740, #5246, #2763, #2233, #6272, #1775, #757, #3233, #1754, #4224, #1221, #6332, #5290, #3279, #3742, #4761, #6313, #5269, #5824, #3783, #3257, #6247, #3207, #1731, #5779, #2208, #4268, #2786, #3761, #233, #5310, #2256, #5803, #256, #4291, #3299, #3805, #1261, #4802, #778, #4313, #1285, #4823, #1796, #5334, #2299, #5845, #692, #1199, #4737 ),
 ( #1709, #882, #2874, #1388, #5910, #1369, #6396, #1819, #1326, #2359, #377, #3886, #5891, #339, #3827, #6417, #2893, #3846, #6359, #1306, #5417, #3380, #802, #2341, #2852, #2828, #4334, #4353, #6437, #4848, #861, #3399, #5354, #2321, #3905, #5930, #5868, #3362, #358, #823, #5397, #4868, #4395, #2380, #3865, #4416, #4929, #4909, #1876, #1894, #5436, #1840, #4375, #2398, #6377, #842, #1347, #4888, #2807, #3343, #5375, #3321, #1858, #316, #296, #900, #979, #5950, #476, #3924, #5003, #3437, #454, #4984, #3456, #2910, #2478, #4478, #3420, #2416, #6519, #418, #6008, #2459, #1913, #5968, #4002, #2970, #2436, #5456, #1406, #2933, #4517, #2951, #4496, #1427, #4440, #1952, #1467, #3964, #2987, #6537, #4961, #5497, #5987, #4943, #3499, #3478, #1932, #3983, #5515, #1486, #5022, #1992, #960, #5477, #6029, #6500, #6474, #1447, #5538, #1973, #6455, #398, #3942, #437, #919, #4459, #939, #82, #3588 ) ),
 .UNSPECIFIED., .T., .F., .T. ) 
 B_SPLINE_SURFACE_WITH_KNOTS ( ( 4, 3, 4 ),
 ( 4, 1, 1, 1, 1, 1, 1, 1, 1, 1, 1, 1, 1, 1, 1, 1, 1, 1, 1, 1, 1, 1, 1, 1, 1, 1, 1, 1, 1, 1, 1, 1, 1, 1, 1, 1, 1, 1, 1, 1, 1, 1, 1, 1, 1, 1, 1, 1, 1, 1, 1, 1, 1, 1, 1, 1, 1, 1, 1, 1, 1, 1, 1, 1, 1, 1, 1, 1, 1, 1, 1, 1, 1, 1, 1, 1, 1, 1, 1, 1, 1, 1, 1, 1, 1, 1, 1, 1, 1, 1, 1, 1, 1, 1, 1, 1, 1, 1, 1, 1, 1, 1, 1, 1, 1, 1, 1, 1, 1, 1, 1, 1, 1, 1, 1, 1, 1, 1, 1, 1, 1, 1, 1, 1, 1, 1, 1, 1, 4 ),
 ( 0.0000000000000000000, 0.5000000000000000000, 1.000000000000000000 ),
 ( 0.0000000000000000000, 0.007812497148276702400, 0.01562500122086223100, 0.02343749856725456700, 0.03124999671471001500, 0.03906250134751100600, 0.04687499840197770900, 0.05468749687076920200, 0.06250000148264627000, 0.07031249825383789600, 0.07812499703486416900, 0.08593750161825325400, 0.09374999812095259600, 0.1015624972058748300, 0.1093750017532115300, 0.1171874980022322400, 0.1249999973827346000, 0.1328125018864656500, 0.1406249978966557200, 0.1484374975644442700, 0.1562500020170293500, 0.1640624978032661800, 0.1718749977500711200, 0.1796875021439797200, 0.1874999977211727300, 0.1953124979387443600, 0.2031250022664614600, 0.2109374976495468100, 0.2187499981296612000, 0.2265625023836809700, 0.2343749975876233400, 0.2421874983220764800, 0.2500000024949054500, 0.2578124975346973200, 0.2656249985153067400, 0.2734375025994608100, 0.2812499974901243000, 0.2890624987087278600, 0.2968750026967374400, 0.3046874974533189700, 0.3124999989017777100, 0.3203125027861798400, 0.3281249974237486200, 0.3359374990939426000, 0.3437500028672891800, 0.3515624974009432000, 0.3593749992847748400, 0.3671875029396202700, 0.3749999973844807500, 0.3828124994738716900, 0.3906250030027878000, 0.3984374973739938700, 0.4062499996608872600, 0.4140625030564550300, 0.4218749973691752200, 0.4296874998455303400, 0.4375000031003361500, 0.4453124973697527000, 0.4531250000275565100, 0.4609375031341983500, 0.4687499973755188700, 0.4765625002067705500, 0.4843750031578512000, 0.4921874973863009100, 0.5000000003830196200, 0.5078125031711611100, 0.5156249974019842000, 0.5234375005562127400, 0.5312500031740333700, 0.5390624974224963500, 0.5468750007262867000, 0.5546875031664244600, 0.5624999974478026600, 0.5703125008932381500, 0.5781250031483269300, 0.5859374974779189000, 0.5937500010570943000, 0.6015625031197817700, 0.6093749975128998100, 0.6171875012179250900, 0.6250000030808654500, 0.6328124975528388600, 0.6406250013758476600, 0.6484375030317032200, 0.6562499975978745000, 0.6640625015310114300, 0.6718750029724514000, 0.6796874976481719300, 0.6875000016836070300, 0.6953125029033061500, 0.7031249977039409900, 0.7109375018338586200, 0.7187500028244965300, 0.7265624977654283600, 0.7343750019820221000, 0.7421875027362945200, 0.7499999978329049400, 0.7578125021283929100, 0.7656250026389948000, 0.7734374979066911400, 0.7812500022733001000, 0.7890625025329267600, 0.7968749979871139200, 0.8046875024170984100, 0.8125000024184561000, 0.8203124980745580800, 0.8281250025601842900, 0.8359375022959779600, 0.8437499981694143200, 0.8515625027029527500, 0.8593750021659046800, 0.8671874982721075000, 0.8750000028458575500, 0.8828125020286883300, 0.8906249983830949500, 0.8984375029893683100, 0.9062500018847990900, 0.9140624985028615900, 0.9218750031339771900, 0.9296875017347405700, 0.9374999986318913700, 0.9453125032801932300, 0.9531250015790250200, 0.9609374987707206600, 0.9687500034285757600, 0.9765625014175570700, 0.9843749989158031600, 0.9921875029300703000, 1.000000000000000000 ),
 .UNSPECIFIED. ) 
 GEOMETRIC_REPRESENTATION_ITEM ( )  RATIONAL_B_SPLINE_SURFACE ( (
 ( 1.000000000000000000, 1.000000000000000000, 0.9999999999999997800, 1.000000000000000200, 0.9999999999999997800, 1.000000000000000200, 0.9999999999999997800, 1.000000000000000000, 1.000000000000000000, 0.9999999999999997800, 1.000000000000000200, 0.9999999999999997800, 1.000000000000000000, 1.000000000000000200, 0.9999999999999996700, 1.000000000000000400, 1.000000000000000000, 1.000000000000000200, 0.9999999999999997800, 0.9999999999999997800, 1.000000000000000200, 1.000000000000000000, 0.9999999999999997800, 1.000000000000000000, 0.9999999999999997800, 1.000000000000000200, 0.9999999999999997800, 1.000000000000000200, 1.000000000000000000, 1.000000000000000200, 1.000000000000000000, 1.000000000000000200, 1.000000000000000000, 1.000000000000000200, 1.000000000000000200, 1.000000000000000000, 0.9999999999999997800, 1.000000000000000200, 0.9999999999999997800, 1.000000000000000400, 0.9999999999999996700, 1.000000000000000000, 1.000000000000000000, 1.000000000000000000, 1.000000000000000200, 0.9999999999999994400, 1.000000000000000200, 0.9999999999999997800, 1.000000000000000000, 1.000000000000000200, 0.9999999999999996700, 1.000000000000000200, 0.9999999999999997800, 1.000000000000000200, 0.9999999999999997800, 1.000000000000000200, 0.9999999999999996700, 1.000000000000000400, 1.000000000000000000, 1.000000000000000200, 0.9999999999999996700, 1.000000000000000200, 1.000000000000000000, 0.9999999999999996700, 1.000000000000000200, 0.9999999999999997800, 0.9999999999999997800, 1.000000000000000000, 1.000000000000000000, 1.000000000000000000, 1.000000000000000200, 1.000000000000000000, 0.9999999999999997800, 1.000000000000000400, 0.9999999999999997800, 1.000000000000000400, 0.9999999999999997800, 1.000000000000000200, 0.9999999999999996700, 0.9999999999999997800, 0.9999999999999997800, 1.000000000000000200, 0.9999999999999997800, 0.9999999999999997800, 1.000000000000000400, 0.9999999999999996700, 1.000000000000000000, 1.000000000000000000, 0.9999999999999996700, 1.000000000000000400, 0.9999999999999997800, 1.000000000000000000, 1.000000000000000200, 1.000000000000000000, 1.000000000000000000, 0.9999999999999996700, 1.000000000000000000, 1.000000000000000000, 1.000000000000000200, 0.9999999999999994400, 1.000000000000000200, 0.9999999999999997800, 1.000000000000000000, 1.000000000000000000, 1.000000000000000200, 1.000000000000000000, 0.9999999999999997800, 1.000000000000000200, 0.9999999999999996700, 1.000000000000000400, 0.9999999999999997800, 1.000000000000000000, 1.000000000000000000, 0.9999999999999997800, 1.000000000000000400, 1.000000000000000000, 1.000000000000000000, 1.000000000000000200, 0.9999999999999997800, 1.000000000000000000, 1.000000000000000200, 1.000000000000000400, 1.000000000000000000, 0.9999999999999997800, 1.000000000000000400, 0.9999999999999997800, 1.000000000000000000, 1.000000000000000000, 1.000000000000000200, 1.000000000000000200, 1.000000000000000200),
 ( 0.3333333333333333700, 0.3333333333333334300, 0.3333333333333332600, 0.3333333333333334800, 0.3333333333333332600, 0.3333333333333334800, 0.3333333333333333700, 0.3333333333333332600, 0.3333333333333334800, 0.3333333333333332000, 0.3333333333333334800, 0.3333333333333333100, 0.3333333333333333700, 0.3333333333333334300, 0.3333333333333332600, 0.3333333333333334800, 0.3333333333333333100, 0.3333333333333334300, 0.3333333333333333100, 0.3333333333333333700, 0.3333333333333334300, 0.3333333333333333100, 0.3333333333333334300, 0.3333333333333334300, 0.3333333333333333100, 0.3333333333333334300, 0.3333333333333333100, 0.3333333333333334300, 0.3333333333333333700, 0.3333333333333334800, 0.3333333333333333700, 0.3333333333333333700, 0.3333333333333333700, 0.3333333333333334300, 0.3333333333333334300, 0.3333333333333333700, 0.3333333333333333700, 0.3333333333333334300, 0.3333333333333333700, 0.3333333333333334300, 0.3333333333333333100, 0.3333333333333333100, 0.3333333333333334300, 0.3333333333333333700, 0.3333333333333334800, 0.3333333333333332000, 0.3333333333333334300, 0.3333333333333333100, 0.3333333333333333700, 0.3333333333333334800, 0.3333333333333332000, 0.3333333333333335400, 0.3333333333333333100, 0.3333333333333333700, 0.3333333333333333100, 0.3333333333333334300, 0.3333333333333333100, 0.3333333333333334800, 0.3333333333333333100, 0.3333333333333334800, 0.3333333333333332600, 0.3333333333333333700, 0.3333333333333334300, 0.3333333333333332600, 0.3333333333333334800, 0.3333333333333333100, 0.3333333333333333100, 0.3333333333333333700, 0.3333333333333333700, 0.3333333333333334300, 0.3333333333333334300, 0.3333333333333333100, 0.3333333333333333100, 0.3333333333333335400, 0.3333333333333333100, 0.3333333333333335400, 0.3333333333333333100, 0.3333333333333334800, 0.3333333333333332000, 0.3333333333333333700, 0.3333333333333333100, 0.3333333333333334300, 0.3333333333333333100, 0.3333333333333333700, 0.3333333333333334300, 0.3333333333333333100, 0.3333333333333334300, 0.3333333333333333700, 0.3333333333333333100, 0.3333333333333334800, 0.3333333333333333100, 0.3333333333333334300, 0.3333333333333333700, 0.3333333333333333700, 0.3333333333333333700, 0.3333333333333333100, 0.3333333333333333700, 0.3333333333333333100, 0.3333333333333335400, 0.3333333333333332000, 0.3333333333333334800, 0.3333333333333333100, 0.3333333333333333700, 0.3333333333333334300, 0.3333333333333333700, 0.3333333333333334300, 0.3333333333333332600, 0.3333333333333333700, 0.3333333333333333100, 0.3333333333333334800, 0.3333333333333333100, 0.3333333333333334300, 0.3333333333333333700, 0.3333333333333333100, 0.3333333333333334300, 0.3333333333333333700, 0.3333333333333334300, 0.3333333333333333700, 0.3333333333333333100, 0.3333333333333333700, 0.3333333333333334300, 0.3333333333333334800, 0.3333333333333333100, 0.3333333333333334300, 0.3333333333333334300, 0.3333333333333333100, 0.3333333333333334300, 0.3333333333333333700, 0.3333333333333333700, 0.3333333333333334800, 0.3333333333333334300),
 ( 0.3333333333333333700, 0.3333333333333334300, 0.3333333333333332600, 0.3333333333333334800, 0.3333333333333332600, 0.3333333333333334800, 0.3333333333333333700, 0.3333333333333332600, 0.3333333333333334800, 0.3333333333333332000, 0.3333333333333334800, 0.3333333333333333100, 0.3333333333333333700, 0.3333333333333334300, 0.3333333333333332600, 0.3333333333333334800, 0.3333333333333333100, 0.3333333333333334300, 0.3333333333333333100, 0.3333333333333333700, 0.3333333333333334300, 0.3333333333333333100, 0.3333333333333334300, 0.3333333333333334300, 0.3333333333333333100, 0.3333333333333334300, 0.3333333333333333100, 0.3333333333333334300, 0.3333333333333333700, 0.3333333333333334800, 0.3333333333333333700, 0.3333333333333333700, 0.3333333333333333700, 0.3333333333333334300, 0.3333333333333334300, 0.3333333333333333700, 0.3333333333333333700, 0.3333333333333334300, 0.3333333333333333700, 0.3333333333333334300, 0.3333333333333333100, 0.3333333333333333100, 0.3333333333333334300, 0.3333333333333333700, 0.3333333333333334800, 0.3333333333333332000, 0.3333333333333334300, 0.3333333333333333100, 0.3333333333333333700, 0.3333333333333334800, 0.3333333333333332000, 0.3333333333333335400, 0.3333333333333333100, 0.3333333333333333700, 0.3333333333333333100, 0.3333333333333334300, 0.3333333333333333100, 0.3333333333333334800, 0.3333333333333333100, 0.3333333333333334800, 0.3333333333333332600, 0.3333333333333333700, 0.3333333333333334300, 0.3333333333333332600, 0.3333333333333334800, 0.3333333333333333100, 0.3333333333333333100, 0.3333333333333333700, 0.3333333333333333700, 0.3333333333333334300, 0.3333333333333334300, 0.3333333333333333100, 0.3333333333333333100, 0.3333333333333335400, 0.3333333333333333100, 0.3333333333333335400, 0.3333333333333333100, 0.3333333333333334800, 0.3333333333333332000, 0.3333333333333333700, 0.3333333333333333100, 0.3333333333333334300, 0.3333333333333333100, 0.3333333333333333700, 0.3333333333333334300, 0.3333333333333333100, 0.3333333333333334300, 0.3333333333333333700, 0.3333333333333333100, 0.3333333333333334800, 0.3333333333333333100, 0.3333333333333334300, 0.3333333333333333700, 0.3333333333333333700, 0.3333333333333333700, 0.3333333333333333100, 0.3333333333333333700, 0.3333333333333333100, 0.3333333333333335400, 0.3333333333333332000, 0.3333333333333334800, 0.3333333333333333100, 0.3333333333333333700, 0.3333333333333334300, 0.3333333333333333700, 0.3333333333333334300, 0.3333333333333332600, 0.3333333333333333700, 0.3333333333333333100, 0.3333333333333334800, 0.3333333333333333100, 0.3333333333333334300, 0.3333333333333333700, 0.3333333333333333100, 0.3333333333333334300, 0.3333333333333333700, 0.3333333333333334300, 0.3333333333333333700, 0.3333333333333333100, 0.3333333333333333700, 0.3333333333333334300, 0.3333333333333334800, 0.3333333333333333100, 0.3333333333333334300, 0.3333333333333334300, 0.3333333333333333100, 0.3333333333333334300, 0.3333333333333333700, 0.3333333333333333700, 0.3333333333333334800, 0.3333333333333334300),
 ( 1.000000000000000000, 1.000000000000000000, 0.9999999999999997800, 1.000000000000000200, 0.9999999999999997800, 1.000000000000000200, 0.9999999999999997800, 1.000000000000000000, 1.000000000000000000, 0.9999999999999997800, 1.000000000000000200, 0.9999999999999997800, 1.000000000000000000, 1.000000000000000200, 0.9999999999999996700, 1.000000000000000400, 1.000000000000000000, 1.000000000000000200, 0.9999999999999997800, 0.9999999999999997800, 1.000000000000000200, 1.000000000000000000, 0.9999999999999997800, 1.000000000000000000, 0.9999999999999997800, 1.000000000000000200, 0.9999999999999997800, 1.000000000000000200, 1.000000000000000000, 1.000000000000000200, 1.000000000000000000, 1.000000000000000200, 1.000000000000000000, 1.000000000000000200, 1.000000000000000200, 1.000000000000000000, 0.9999999999999997800, 1.000000000000000200, 0.9999999999999997800, 1.000000000000000400, 0.9999999999999996700, 1.000000000000000000, 1.000000000000000000, 1.000000000000000000, 1.000000000000000200, 0.9999999999999994400, 1.000000000000000200, 0.9999999999999997800, 1.000000000000000000, 1.000000000000000200, 0.9999999999999996700, 1.000000000000000200, 0.9999999999999997800, 1.000000000000000200, 0.9999999999999997800, 1.000000000000000200, 0.9999999999999996700, 1.000000000000000400, 1.000000000000000000, 1.000000000000000200, 0.9999999999999996700, 1.000000000000000200, 1.000000000000000000, 0.9999999999999996700, 1.000000000000000200, 0.9999999999999997800, 0.9999999999999997800, 1.000000000000000000, 1.000000000000000000, 1.000000000000000000, 1.000000000000000200, 1.000000000000000000, 0.9999999999999997800, 1.000000000000000400, 0.9999999999999997800, 1.000000000000000400, 0.9999999999999997800, 1.000000000000000200, 0.9999999999999996700, 0.9999999999999997800, 0.9999999999999997800, 1.000000000000000200, 0.9999999999999997800, 0.9999999999999997800, 1.000000000000000400, 0.9999999999999996700, 1.000000000000000000, 1.000000000000000000, 0.9999999999999996700, 1.000000000000000400, 0.9999999999999997800, 1.000000000000000000, 1.000000000000000200, 1.000000000000000000, 1.000000000000000000, 0.9999999999999996700, 1.000000000000000000, 1.000000000000000000, 1.000000000000000200, 0.9999999999999994400, 1.000000000000000200, 0.9999999999999997800, 1.000000000000000000, 1.000000000000000000, 1.000000000000000200, 1.000000000000000000, 0.9999999999999997800, 1.000000000000000200, 0.9999999999999996700, 1.000000000000000400, 0.9999999999999997800, 1.000000000000000000, 1.000000000000000000, 0.9999999999999997800, 1.000000000000000400, 1.000000000000000000, 1.000000000000000000, 1.000000000000000200, 0.9999999999999997800, 1.000000000000000000, 1.000000000000000200, 1.000000000000000400, 1.000000000000000000, 0.9999999999999997800, 1.000000000000000400, 0.9999999999999997800, 1.000000000000000000, 1.000000000000000000, 1.000000000000000200, 1.000000000000000200, 1.000000000000000200),
 ( 0.3333333333333333700, 0.3333333333333334300, 0.3333333333333332600, 0.3333333333333334800, 0.3333333333333332600, 0.3333333333333334800, 0.3333333333333333700, 0.3333333333333332600, 0.3333333333333334800, 0.3333333333333332000, 0.3333333333333334800, 0.3333333333333333100, 0.3333333333333333700, 0.3333333333333334300, 0.3333333333333332600, 0.3333333333333334800, 0.3333333333333333100, 0.3333333333333334300, 0.3333333333333333100, 0.3333333333333333700, 0.3333333333333334300, 0.3333333333333333100, 0.3333333333333334300, 0.3333333333333334300, 0.3333333333333333100, 0.3333333333333334300, 0.3333333333333333100, 0.3333333333333334300, 0.3333333333333333700, 0.3333333333333334800, 0.3333333333333333700, 0.3333333333333333700, 0.3333333333333333700, 0.3333333333333334300, 0.3333333333333334300, 0.3333333333333333700, 0.3333333333333333700, 0.3333333333333334300, 0.3333333333333333700, 0.3333333333333334300, 0.3333333333333333100, 0.3333333333333333100, 0.3333333333333334300, 0.3333333333333333700, 0.3333333333333334800, 0.3333333333333332000, 0.3333333333333334300, 0.3333333333333333100, 0.3333333333333333700, 0.3333333333333334800, 0.3333333333333332000, 0.3333333333333335400, 0.3333333333333333100, 0.3333333333333333700, 0.3333333333333333100, 0.3333333333333334300, 0.3333333333333333100, 0.3333333333333334800, 0.3333333333333333100, 0.3333333333333334800, 0.3333333333333332600, 0.3333333333333333700, 0.3333333333333334300, 0.3333333333333332600, 0.3333333333333334800, 0.3333333333333333100, 0.3333333333333333100, 0.3333333333333333700, 0.3333333333333333700, 0.3333333333333334300, 0.3333333333333334300, 0.3333333333333333100, 0.3333333333333333100, 0.3333333333333335400, 0.3333333333333333100, 0.3333333333333335400, 0.3333333333333333100, 0.3333333333333334800, 0.3333333333333332000, 0.3333333333333333700, 0.3333333333333333100, 0.3333333333333334300, 0.3333333333333333100, 0.3333333333333333700, 0.3333333333333334300, 0.3333333333333333100, 0.3333333333333334300, 0.3333333333333333700, 0.3333333333333333100, 0.3333333333333334800, 0.3333333333333333100, 0.3333333333333334300, 0.3333333333333333700, 0.3333333333333333700, 0.3333333333333333700, 0.3333333333333333100, 0.3333333333333333700, 0.3333333333333333100, 0.3333333333333335400, 0.3333333333333332000, 0.3333333333333334800, 0.3333333333333333100, 0.3333333333333333700, 0.3333333333333334300, 0.3333333333333333700, 0.3333333333333334300, 0.3333333333333332600, 0.3333333333333333700, 0.3333333333333333100, 0.3333333333333334800, 0.3333333333333333100, 0.3333333333333334300, 0.3333333333333333700, 0.3333333333333333100, 0.3333333333333334300, 0.3333333333333333700, 0.3333333333333334300, 0.3333333333333333700, 0.3333333333333333100, 0.3333333333333333700, 0.3333333333333334300, 0.3333333333333334800, 0.3333333333333333100, 0.3333333333333334300, 0.3333333333333334300, 0.3333333333333333100, 0.3333333333333334300, 0.3333333333333333700, 0.3333333333333333700, 0.3333333333333334800, 0.3333333333333334300),
 ( 0.3333333333333333700, 0.3333333333333334300, 0.3333333333333332600, 0.3333333333333334800, 0.3333333333333332600, 0.3333333333333334800, 0.3333333333333333700, 0.3333333333333332600, 0.3333333333333334800, 0.3333333333333332000, 0.3333333333333334800, 0.3333333333333333100, 0.3333333333333333700, 0.3333333333333334300, 0.3333333333333332600, 0.3333333333333334800, 0.3333333333333333100, 0.3333333333333334300, 0.3333333333333333100, 0.3333333333333333700, 0.3333333333333334300, 0.3333333333333333100, 0.3333333333333334300, 0.3333333333333334300, 0.3333333333333333100, 0.3333333333333334300, 0.3333333333333333100, 0.3333333333333334300, 0.3333333333333333700, 0.3333333333333334800, 0.3333333333333333700, 0.3333333333333333700, 0.3333333333333333700, 0.3333333333333334300, 0.3333333333333334300, 0.3333333333333333700, 0.3333333333333333700, 0.3333333333333334300, 0.3333333333333333700, 0.3333333333333334300, 0.3333333333333333100, 0.3333333333333333100, 0.3333333333333334300, 0.3333333333333333700, 0.3333333333333334800, 0.3333333333333332000, 0.3333333333333334300, 0.3333333333333333100, 0.3333333333333333700, 0.3333333333333334800, 0.3333333333333332000, 0.3333333333333335400, 0.3333333333333333100, 0.3333333333333333700, 0.3333333333333333100, 0.3333333333333334300, 0.3333333333333333100, 0.3333333333333334800, 0.3333333333333333100, 0.3333333333333334800, 0.3333333333333332600, 0.3333333333333333700, 0.3333333333333334300, 0.3333333333333332600, 0.3333333333333334800, 0.3333333333333333100, 0.3333333333333333100, 0.3333333333333333700, 0.3333333333333333700, 0.3333333333333334300, 0.3333333333333334300, 0.3333333333333333100, 0.3333333333333333100, 0.3333333333333335400, 0.3333333333333333100, 0.3333333333333335400, 0.3333333333333333100, 0.3333333333333334800, 0.3333333333333332000, 0.3333333333333333700, 0.3333333333333333100, 0.3333333333333334300, 0.3333333333333333100, 0.3333333333333333700, 0.3333333333333334300, 0.3333333333333333100, 0.3333333333333334300, 0.3333333333333333700, 0.3333333333333333100, 0.3333333333333334800, 0.3333333333333333100, 0.3333333333333334300, 0.3333333333333333700, 0.3333333333333333700, 0.3333333333333333700, 0.3333333333333333100, 0.3333333333333333700, 0.3333333333333333100, 0.3333333333333335400, 0.3333333333333332000, 0.3333333333333334800, 0.3333333333333333100, 0.3333333333333333700, 0.3333333333333334300, 0.3333333333333333700, 0.3333333333333334300, 0.3333333333333332600, 0.3333333333333333700, 0.3333333333333333100, 0.3333333333333334800, 0.3333333333333333100, 0.3333333333333334300, 0.3333333333333333700, 0.3333333333333333100, 0.3333333333333334300, 0.3333333333333333700, 0.3333333333333334300, 0.3333333333333333700, 0.3333333333333333100, 0.3333333333333333700, 0.3333333333333334300, 0.3333333333333334800, 0.3333333333333333100, 0.3333333333333334300, 0.3333333333333334300, 0.3333333333333333100, 0.3333333333333334300, 0.3333333333333333700, 0.3333333333333333700, 0.3333333333333334800, 0.3333333333333334300),
 ( 1.000000000000000000, 1.000000000000000000, 0.9999999999999997800, 1.000000000000000200, 0.9999999999999997800, 1.000000000000000200, 0.9999999999999997800, 1.000000000000000000, 1.000000000000000000, 0.9999999999999997800, 1.000000000000000200, 0.9999999999999997800, 1.000000000000000000, 1.000000000000000200, 0.9999999999999996700, 1.000000000000000400, 1.000000000000000000, 1.000000000000000200, 0.9999999999999997800, 0.9999999999999997800, 1.000000000000000200, 1.000000000000000000, 0.9999999999999997800, 1.000000000000000000, 0.9999999999999997800, 1.000000000000000200, 0.9999999999999997800, 1.000000000000000200, 1.000000000000000000, 1.000000000000000200, 1.000000000000000000, 1.000000000000000200, 1.000000000000000000, 1.000000000000000200, 1.000000000000000200, 1.000000000000000000, 0.9999999999999997800, 1.000000000000000200, 0.9999999999999997800, 1.000000000000000400, 0.9999999999999996700, 1.000000000000000000, 1.000000000000000000, 1.000000000000000000, 1.000000000000000200, 0.9999999999999994400, 1.000000000000000200, 0.9999999999999997800, 1.000000000000000000, 1.000000000000000200, 0.9999999999999996700, 1.000000000000000200, 0.9999999999999997800, 1.000000000000000200, 0.9999999999999997800, 1.000000000000000200, 0.9999999999999996700, 1.000000000000000400, 1.000000000000000000, 1.000000000000000200, 0.9999999999999996700, 1.000000000000000200, 1.000000000000000000, 0.9999999999999996700, 1.000000000000000200, 0.9999999999999997800, 0.9999999999999997800, 1.000000000000000000, 1.000000000000000000, 1.000000000000000000, 1.000000000000000200, 1.000000000000000000, 0.9999999999999997800, 1.000000000000000400, 0.9999999999999997800, 1.000000000000000400, 0.9999999999999997800, 1.000000000000000200, 0.9999999999999996700, 0.9999999999999997800, 0.9999999999999997800, 1.000000000000000200, 0.9999999999999997800, 0.9999999999999997800, 1.000000000000000400, 0.9999999999999996700, 1.000000000000000000, 1.000000000000000000, 0.9999999999999996700, 1.000000000000000400, 0.9999999999999997800, 1.000000000000000000, 1.000000000000000200, 1.000000000000000000, 1.000000000000000000, 0.9999999999999996700, 1.000000000000000000, 1.000000000000000000, 1.000000000000000200, 0.9999999999999994400, 1.000000000000000200, 0.9999999999999997800, 1.000000000000000000, 1.000000000000000000, 1.000000000000000200, 1.000000000000000000, 0.9999999999999997800, 1.000000000000000200, 0.9999999999999996700, 1.000000000000000400, 0.9999999999999997800, 1.000000000000000000, 1.000000000000000000, 0.9999999999999997800, 1.000000000000000400, 1.000000000000000000, 1.000000000000000000, 1.000000000000000200, 0.9999999999999997800, 1.000000000000000000, 1.000000000000000200, 1.000000000000000400, 1.000000000000000000, 0.9999999999999997800, 1.000000000000000400, 0.9999999999999997800, 1.000000000000000000, 1.000000000000000000, 1.000000000000000200, 1.000000000000000200, 1.000000000000000200) ) ) 
 REPRESENTATION_ITEM ( '' )  SURFACE ( )  );
#4193 = CARTESIAN_POINT ( 'NONE',  ( 114.0863099753203500, 24.51269637413639300, -260.6093804562651100 ) ) ;
#4194 = CARTESIAN_POINT ( 'NONE',  ( 1541.769440031708200, -422.5238979995637600, 42.11548391066070000 ) ) ;
#4195 = CARTESIAN_POINT ( 'NONE',  ( 1052.979551893553900, -242.9179729429137400, -378.4886429456665800 ) ) ;
#4196 = CARTESIAN_POINT ( 'NONE',  ( 762.3890178889649900, -359.1752893258226300, -195.2811131509199400 ) ) ;
#4197 = ADVANCED_FACE ( 'NONE', ( #4893 ), #5785, .F. ) ;
#4198 = EDGE_LOOP ( 'NONE', ( #5524, #5322, #4914, #3409, #6095 ) ) ;
#4199 = CARTESIAN_POINT ( 'NONE',  ( 1007.199265687309200, 5.708957576117353700, 424.5792010107563200 ) ) ;
#4200 = CARTESIAN_POINT ( 'NONE',  ( 1041.295236621387200, 172.1634499642104600, 370.8117656698790900 ) ) ;
#4201 = CARTESIAN_POINT ( 'NONE',  ( 3070.070997045858800, -296.1980449537761600, -55.26419117711743900 ) ) ;
#4202 = CARTESIAN_POINT ( 'NONE',  ( -169.7763637602522500, -365.2028663824485200, -423.3118313385989500 ) ) ;
#4203 = CARTESIAN_POINT ( 'NONE',  ( -80.68791121269480000, 74.01870257587280800, -178.4003266832851600 ) ) ;
#4204 = CARTESIAN_POINT ( 'NONE',  ( 1494.581278630317700, 442.6323366276950500, 79.62470532036067500 ) ) ;
#4205 = CARTESIAN_POINT ( 'NONE',  ( 3036.941397261658900, -137.5350240503095700, 177.3312653412857600 ) ) ;
#4206 = CARTESIAN_POINT ( 'NONE',  ( 771.5953598024722200, 126.4457674985853300, -585.0828587317848800 ) ) ;
#4207 = CARTESIAN_POINT ( 'NONE',  ( 397.2423908164129800, 719.1642342409476200, 207.0713193890147700 ) ) ;
#4208 = CARTESIAN_POINT ( 'NONE',  ( 404.8919378762558900, -454.7489029954085700, -59.13545497695700700 ) ) ;
#4209 = CARTESIAN_POINT ( 'NONE',  ( 1617.178435935709800, 329.5991631944002100, 440.1534395616987500 ) ) ;
#4210 = CARTESIAN_POINT ( 'NONE',  ( 2758.035009248055800, 524.2813227968631500, -254.4342215877591400 ) ) ;
#4211 = CARTESIAN_POINT ( 'NONE',  ( 204.5766104344012300, -291.1353357904940800, 287.0222417120842200 ) ) ;
#4212 = CARTESIAN_POINT ( 'NONE',  ( -260.6240507152577400, 212.0264025254926700, -97.92899396821843500 ) ) ;
#4213 = CARTESIAN_POINT ( 'NONE',  ( -149.2277677205878200, -262.0885470772636800, -483.9206326356637600 ) ) ;
#4214 = CARTESIAN_POINT ( 'NONE',  ( 2291.202019929882700, 218.9795694710372800, 504.3998827945291100 ) ) ;
#4215 = CARTESIAN_POINT ( 'NONE',  ( 3036.941397261658900, -137.5350240503095700, 177.3312653412857600 ) ) ;
#4216 = CARTESIAN_POINT ( 'NONE',  ( 60.63481468111160700, 201.7951203831153700, -59.21517864199257300 ) ) ;
#4217 = CARTESIAN_POINT ( 'NONE',  ( 485.9832232293727500, 666.2432646023277100, -238.3086427460941400 ) ) ;
#4218 = CARTESIAN_POINT ( 'NONE',  ( -114.0863099753204900, 375.4928651398844900, 12.61187435883692800 ) ) ;
#4219 = CARTESIAN_POINT ( 'NONE',  ( 1983.371238485216700, 256.7137703966662300, -338.2278385542900900 ) ) ;
#4220 = CARTESIAN_POINT ( 'NONE',  ( 355.7138894645690900, -252.3467224321426000, -372.3964848091840700 ) ) ;
#4221 = CARTESIAN_POINT ( 'NONE',  ( 1854.772159336812400, 406.0074897694648300, 47.95133194145248000 ) ) ;
#4222 = CARTESIAN_POINT ( 'NONE',  ( 1100.168243801621400, 318.4263695353304800, 280.8996032994163000 ) ) ;
#4223 = DIRECTION ( 'NONE',  ( 1.000000000000000000, -5.598713130157252400E-016, 3.353501265655067900E-016 ) ) ;
#4224 = CARTESIAN_POINT ( 'NONE',  ( 1805.809352998199100, 220.1880410550043600, -514.0757556124206100 ) ) ;
#4225 = CARTESIAN_POINT ( 'NONE',  ( -74.63291195675620300, 94.02998198399386400, -194.1891099787894700 ) ) ;
#4226 = CARTESIAN_POINT ( 'NONE',  ( 2308.057758240873200, 299.9891559555743500, -335.0666254028713000 ) ) ;
#4227 = CARTESIAN_POINT ( 'NONE',  ( 3187.478672477060200, -11.40110498044100100, 99.34794816815961800 ) ) ;
#4228 = CARTESIAN_POINT ( 'NONE',  ( 1794.251227736320100, -264.8205456823442300, 536.8247785381833000 ) ) ;
#4229 = CARTESIAN_POINT ( 'NONE',  ( 420.4627923996103500, -125.2006104335134800, 272.5849199234770600 ) ) ;
#4230 = CARTESIAN_POINT ( 'NONE',  ( -106.3389129752246200, 82.01033462260521400, -736.1966235879348200 ) ) ;
#4231 = CARTESIAN_POINT ( 'NONE',  ( 497.8605736157385900, -349.2062991653543800, 297.2326269401506200 ) ) ;
#4232 = CARTESIAN_POINT ( 'NONE',  ( 1431.240844199962600, -470.3402310900012300, 284.8691252070599400 ) ) ;
#4233 = CARTESIAN_POINT ( 'NONE',  ( 3070.071510555038900, -294.5650052872857700, -38.69611224942522700 ) ) ;
#4234 = CARTESIAN_POINT ( 'NONE',  ( 1645.592490735448100, -168.3289443351968900, 372.5678028375854200 ) ) ;
#4235 = CARTESIAN_POINT ( 'NONE',  ( -218.9543979933612500, 70.97173506272967800, -541.2749627333785200 ) ) ;
#4236 = CARTESIAN_POINT ( 'NONE',  ( 431.8269552758594000, 297.7345565384950400, -462.3041633073173700 ) ) ;
#4237 = CARTESIAN_POINT ( 'NONE',  ( 2477.139364533539700, 480.5069826165365600, -267.3644330504035900 ) ) ;
#4238 = CARTESIAN_POINT ( 'NONE',  ( 2098.878057279289800, 228.8224790290885000, 387.1735448865221100 ) ) ;
#4239 = CARTESIAN_POINT ( 'NONE',  ( 3089.085822685086400, -257.7613617091500400, -75.81427437136878200 ) ) ;
#4240 = CARTESIAN_POINT ( 'NONE',  ( 74.32948380835651400, 348.5911293478941400, -293.0236770722414100 ) ) ;
#4241 = CARTESIAN_POINT ( 'NONE',  ( 1239.621366168603800, 366.6066307565863600, -214.2417318773315500 ) ) ;
#4242 = CARTESIAN_POINT ( 'NONE',  ( 588.1359548146560900, -199.7558370074507900, 402.9404828388288100 ) ) ;
#4243 = CARTESIAN_POINT ( 'NONE',  ( 1994.225268765919300, 172.8882993024529900, -370.4740974635820400 ) ) ;
#4244 = CARTESIAN_POINT ( 'NONE',  ( 2285.519723658380400, -374.2439546804560600, 200.6027234723002600 ) ) ;
#4245 = CARTESIAN_POINT ( 'NONE',  ( 204.5766104344012300, -291.1353357904940800, 287.0222417120842200 ) ) ;
#4246 = CARTESIAN_POINT ( 'NONE',  ( 3070.328171883255000, -279.9958379665066000, -62.75309682290205900 ) ) ;
#4247 = CARTESIAN_POINT ( 'NONE',  ( 1294.481333798499900, -537.1634171446769400, -155.6035789276584200 ) ) ;
#4248 = CARTESIAN_POINT ( 'NONE',  ( -139.0253581503535000, 264.9260966983276300, 100.3334543910815200 ) ) ;
#4249 = CARTESIAN_POINT ( 'NONE',  ( 1727.002920334284000, -148.8916327017684000, -424.3745833230999000 ) ) ;
#4250 = CARTESIAN_POINT ( 'NONE',  ( 3050.212458226034400, -84.83977399107767800, 144.7520001508449600 ) ) ;
#4251 = CARTESIAN_POINT ( 'NONE',  ( -912.4786724770601700, 0.0000000000000000000, 0.0000000000000000000 ) ) ;
#4252 = CARTESIAN_POINT ( 'NONE',  ( 1582.593553637499600, -444.6666255345045900, 601.9526729688180900 ) ) ;
#4253 = CARTESIAN_POINT ( 'NONE',  ( 1663.662966524490500, 479.6917623978397400, 268.8255277902046600 ) ) ;
#4254 = CARTESIAN_POINT ( 'NONE',  ( 2913.058602738183300, -407.7202966610681800, -3.552609226616568100 ) ) ;
#4255 = CARTESIAN_POINT ( 'NONE',  ( 1482.896990062017300, -388.8514147723306600, -126.2382971244439300 ) ) ;
#4256 = CARTESIAN_POINT ( 'NONE',  ( 61.94123650696375400, 332.7761337390543900, -293.3646783105707500 ) ) ;
#4257 = CARTESIAN_POINT ( 'NONE',  ( 2670.748487066764500, 318.2017598482562400, -631.9960555472024500 ) ) ;
#4258 = CARTESIAN_POINT ( 'NONE',  ( 1407.998762953207500, -519.1418838376802100, 181.2799563736790300 ) ) ;
#4259 = CARTESIAN_POINT ( 'NONE',  ( 1401.612386687847200, 238.2551164868797600, 381.4411993664335200 ) ) ;
#4260 = CARTESIAN_POINT ( 'NONE',  ( 2900.670323285992700, -401.0479137257164000, -62.40872025873457600 ) ) ;
#4261 = CARTESIAN_POINT ( 'NONE',  ( -212.4786724770602300, -239.9999999999999700, -120.0000000000000100 ) ) ;
#4262 = CARTESIAN_POINT ( 'NONE',  ( 1030.441681961543100, 93.52055891879226100, 414.1905898548604900 ) ) ;
#4263 = CARTESIAN_POINT ( 'NONE',  ( 413.7562583844258500, 361.5446411534758800, 190.8587028658016000 ) ) ;
#4264 = CARTESIAN_POINT ( 'NONE',  ( 1157.506577504665800, 407.0619688936656100, 37.97290702382523600 ) ) ;
#4265 = CARTESIAN_POINT ( 'NONE',  ( 2913.058602738325600, -416.2739075224484400, -66.47794835451715300 ) ) ;
#4266 = CARTESIAN_POINT ( 'NONE',  ( 1761.803273519443100, 237.1283356233762700, 333.0340267226723700 ) ) ;
#4267 = CARTESIAN_POINT ( 'NONE',  ( 2913.058602738323300, -223.9190532165985700, 46.14064577414685400 ) ) ;
#4268 = CARTESIAN_POINT ( 'NONE',  ( 2200.926571846164300, 0.1640276443765403800, 559.2465307443158100 ) ) ;
#4269 = CARTESIAN_POINT ( 'NONE',  ( -153.3713065641846900, 9.312858057442369400, -127.3477909498910500 ) ) ;
#4270 = CARTESIAN_POINT ( 'NONE',  ( 3121.534186077135900, -127.9112762377724800, -431.1175908986226700 ) ) ;
#4271 = CARTESIAN_POINT ( 'NONE',  ( 3138.275890841233400, 11.87532980995883100, -118.1009660429123300 ) ) ;
#4272 = CARTESIAN_POINT ( 'NONE',  ( 2607.727875908380200, 318.1064561697573400, 507.0688999812611500 ) ) ;
#4273 = FACE_OUTER_BOUND ( 'NONE', #6091, .T. ) ;
#4274 = CARTESIAN_POINT ( 'NONE',  ( 1094.507783810745700, 713.8656283726685400, 224.6584062302583200 ) ) ;
#4275 = CARTESIAN_POINT ( 'NONE',  ( 2198.233084562765300, -226.6780133595625000, 500.9866830340249100 ) ) ;
#4276 = CARTESIAN_POINT ( 'NONE',  ( 3070.064768246720600, -295.0834803135281300, -54.15809875934292000 ) ) ;
#4277 = CARTESIAN_POINT ( 'NONE',  ( 1552.623560951768700, -389.0975434933775400, 125.4775962287169100 ) ) ;
#4278 = ORIENTED_EDGE ( 'NONE', *, *, #5453, .F. ) ;
#4279 = CARTESIAN_POINT ( 'NONE',  ( -95.07192497943368900, 287.6322329264272600, 30.85867689125861400 ) ) ;
#4280 = CARTESIAN_POINT ( 'NONE',  ( -102.7435203909671100, -435.0999936625178200, -336.3131318737098400 ) ) ;
#4281 = CARTESIAN_POINT ( 'NONE',  ( 2453.897130463432900, 525.4623161467420700, -162.0487490657771700 ) ) ;
#4282 = CARTESIAN_POINT ( 'NONE',  ( 2900.670323285819900, -392.5186670651693800, -8.130564347779442300 ) ) ;
#4283 = CARTESIAN_POINT ( 'NONE',  ( -74.32948380835658500, 100.1075170301505300, -390.6855150388968200 ) ) ;
#4284 = VERTEX_POINT ( 'NONE', #5821 ) ;
#4285 = CARTESIAN_POINT ( 'NONE',  ( 2961.532542672462100, 310.1959503503400700, -337.7442725880941300 ) ) ;
#4286 = CARTESIAN_POINT ( 'NONE',  ( 1472.042880002304200, -367.1086947326763800, -213.3807939582962900 ) ) ;
#4287 = CARTESIAN_POINT ( 'NONE',  ( 436.9984299884538400, 393.2344430949262900, 111.8403759410403500 ) ) ;
#4288 = CARTESIAN_POINT ( 'NONE',  ( 2680.636928791563200, 264.9369102135892100, -331.8259156840658800 ) ) ;
#4289 = CARTESIAN_POINT ( 'NONE',  ( 2319.615838369911700, -249.8588849081955600, 323.5923471361556400 ) ) ;
#4290 = CARTESIAN_POINT ( 'NONE',  ( 2913.058602738402000, -414.8524180914482100, -24.71910555930741500 ) ) ;
#4291 = CARTESIAN_POINT ( 'NONE',  ( 2386.864293918234100, 556.5383398985975400, -54.97937880632404300 ) ) ;
#4292 = CARTESIAN_POINT ( 'NONE',  ( 446.2047306532791100, 4.818936519545588700, 598.5709141142781400 ) ) ;
#4293 = CARTESIAN_POINT ( 'NONE',  ( 3187.478672477060600, 210.0970013167880900, -76.54573820727813400 ) ) ;
#4294 = CARTESIAN_POINT ( 'NONE',  ( 2166.126713791505600, 155.0019225271194000, -578.1736379516110000 ) ) ;
#4295 = CARTESIAN_POINT ( 'NONE',  ( 2117.164567744539900, -637.8851549516914500, -391.3803977739010000 ) ) ;
#4296 = CARTESIAN_POINT ( 'NONE',  ( 2500.381699354014000, 414.7142985230654500, -361.0863023541907100 ) ) ;
#4297 = CARTESIAN_POINT ( 'NONE',  ( 2189.368556014889700, 31.89533209620423200, -597.7400912197016400 ) ) ;
#4298 = CARTESIAN_POINT ( 'NONE',  ( 925.0844233331603200, -233.6802153878839500, 335.4625536025223500 ) ) ;
#4299 = CARTESIAN_POINT ( 'NONE',  ( 218.9543979933612000, 147.8801673754283900, -419.9999185639864000 ) ) ;
#4300 = CARTESIAN_POINT ( 'NONE',  ( 617.7644881579733500, -489.2612824150744500, -250.9872685176770200 ) ) ;
#4301 = CARTESIAN_POINT ( 'NONE',  ( 1826.358109087492000, 320.0600144733683100, -447.1377731452968800 ) ) ;
#4302 = CARTESIAN_POINT ( 'NONE',  ( 2860.914187333372000, -741.6369807717089800, -38.09422627373840000 ) ) ;
#4303 = EDGE_CURVE ( 'NONE', #1351, #3796, #3788, .T. ) ;
#4304 = CARTESIAN_POINT ( 'NONE',  ( -74.32948380835654200, 117.3877108261485300, -379.7697839878332500 ) ) ;
#4305 = CARTESIAN_POINT ( 'NONE',  ( 652.8839664177095300, 298.8835157422997200, -25.42025474615892100 ) ) ;
#4306 = CARTESIAN_POINT ( 'NONE',  ( 95.07192497943361800, 46.17748579729004600, -289.3271796512854100 ) ) ;
#4307 = CARTESIAN_POINT ( 'NONE',  ( 294.3633310528659900, -551.4836570130934200, 188.3433350964155000 ) ) ;
#4308 = CARTESIAN_POINT ( 'NONE',  ( 2355.246276763386000, -185.7960746596790200, 381.8112290369313100 ) ) ;
#4309 = CARTESIAN_POINT ( 'NONE',  ( 2900.670323286046400, -327.0029706751872700, 49.84296099587631100 ) ) ;
#4310 = CARTESIAN_POINT ( 'NONE',  ( 2226.646765834828800, -407.5613246371224800, 32.17774041687190600 ) ) ;
#4311 = CARTESIAN_POINT ( 'NONE',  ( 1575.865933373982700, -354.6728188623264900, 203.3435267732591000 ) ) ;
#4312 = CARTESIAN_POINT ( 'NONE',  ( 2755.789033593694100, -197.1240180452324200, 175.0761047128737000 ) ) ;
#4313 = CARTESIAN_POINT ( 'NONE',  ( 2526.317411452519100, 122.3713412864135700, -545.6937577990439600 ) ) ;
#4314 = CARTESIAN_POINT ( 'NONE',  ( 329.9934167530422500, -514.7230439763467300, 305.5664754965089300 ) ) ;
#4315 = CARTESIAN_POINT ( 'NONE',  ( 3052.629710145931800, -17.18362149596789800, -81.67520948253117300 ) ) ;
#4316 = CARTESIAN_POINT ( 'NONE',  ( 2514.759513694204500, -162.0853516893876900, 576.2279770388951200 ) ) ;
#4317 = CARTESIAN_POINT ( 'NONE',  ( 2186.891123998341800, -746.2484057150036300, 56.47468858023371800 ) ) ;
#4318 = CARTESIAN_POINT ( 'NONE',  ( 705.0507511810458300, -181.9976443530377400, -383.6365224336197500 ) ) ;
#4319 = CARTESIAN_POINT ( 'NONE',  ( 2026.673589800193400, 597.6134402988686800, -34.18382225024655700 ) ) ;
#4320 = CARTESIAN_POINT ( 'NONE',  ( 2017.467073367538700, 92.41071793277018300, -398.2485421015642800 ) ) ;
#4321 = CARTESIAN_POINT ( 'NONE',  ( -218.9543979933611700, 299.6503393279240900, -305.8951070763647500 ) ) ;
#4322 = CARTESIAN_POINT ( 'NONE',  ( 896.6707564079392800, 243.4654638806121600, 493.0475110447822000 ) ) ;
#4323 = CARTESIAN_POINT ( 'NONE',  ( 356.4179857565113700, 186.6917869077187800, 381.3741909471208400 ) ) ;
#4324 = CARTESIAN_POINT ( 'NONE',  ( 2860.914187333588000, -732.3574345923493600, 30.68757680533541400 ) ) ;
#4325 = CARTESIAN_POINT ( 'NONE',  ( -74.32948380835655700, 155.7039187378335900, -321.2351110029808300 ) ) ;
#4326 = CARTESIAN_POINT ( 'NONE',  ( 722.6105035667618500, 227.3411821292322400, -195.6873196444075800 ) ) ;
#4327 = CARTESIAN_POINT ( 'NONE',  ( -61.94123650696381100, 147.0699192162865600, -372.8707035996889700 ) ) ;
#4328 = CARTESIAN_POINT ( 'NONE',  ( 69.68872719744923900, 64.44423921871064900, -572.2507210888254600 ) ) ;
#4329 = CARTESIAN_POINT ( 'NONE',  ( 2285.519723658380400, -374.2439546804560600, 200.6027234723002600 ) ) ;
#4330 = CARTESIAN_POINT ( 'NONE',  ( 344.0297084077806700, 181.2118473378861800, 366.4748714020434500 ) ) ;
#4331 = CARTESIAN_POINT ( 'NONE',  ( 2412.584582171602500, 71.97110503630024400, 402.4445507033064500 ) ) ;
#4332 = CARTESIAN_POINT ( 'NONE',  ( 2366.099896506784700, -97.29086624762440700, 397.0845317519256200 ) ) ;
#4333 = CARTESIAN_POINT ( 'NONE',  ( 3036.941464435581100, -497.8687535770160900, 142.5266229423604600 ) ) ;
#4334 = CARTESIAN_POINT ( 'NONE',  ( 506.7250002224154200, 384.2155299722567200, -139.7140636656449700 ) ) ;
#4335 = CARTESIAN_POINT ( 'NONE',  ( 213.7827403328464300, -523.1865014850374100, -290.8394436726119400 ) ) ;
#4336 = CARTESIAN_POINT ( 'NONE',  ( 3061.705799307383100, -80.78144304320014200, 160.7027287016722700 ) ) ;
#4337 = CARTESIAN_POINT ( 'NONE',  ( 1605.835252670903600, -310.3545569859889500, 680.9959657494131300 ) ) ;
#4338 = CARTESIAN_POINT ( 'NONE',  ( 31.02730239950738100, -265.7657841759900100, -331.1837440498681000 ) ) ;
#4339 = CARTESIAN_POINT ( 'NONE',  ( 2096.400152090582200, 464.3153029767135500, -377.7851954533828100 ) ) ;
#4340 = CARTESIAN_POINT ( 'NONE',  ( 323.2656259888368600, -258.4102088179779500, 21.61978392240268900 ) ) ;
#4341 = CARTESIAN_POINT ( 'NONE',  ( 3187.478672477060200, 6.661338147750939200E-012, -7.327471962526033200E-012 ) ) ;
#4342 = CARTESIAN_POINT ( 'NONE',  ( -38.69938682774781600, -18.69921223518427300, -425.0968237248495100 ) ) ;
#4343 = CARTESIAN_POINT ( 'NONE',  ( 2712.254823886552000, -527.2759724211887300, 59.55314567580991500 ) ) ;
#4344 = ORIENTED_EDGE ( 'NONE', *, *, #4083, .T. ) ;
#4345 = CARTESIAN_POINT ( 'NONE',  ( -105.4262250633745000, 38.59694669307103300, -150.4527669009328300 ) ) ;
#4346 = CARTESIAN_POINT ( 'NONE',  ( 1140.969756023535600, -73.19249099888990900, 290.8958159678643400 ) ) ;
#4347 = CARTESIAN_POINT ( 'NONE',  ( 95.07192497943364600, 61.53076200227338400, -287.9274183114362700 ) ) ;
#4348 = CARTESIAN_POINT ( 'NONE',  ( 340.8476245674322600, -427.8474136778342000, 395.6692807179394400 ) ) ;
#4349 = CARTESIAN_POINT ( 'NONE',  ( 2541.183791378416600, 398.1839155192730000, 147.4773359526423300 ) ) ;
#4350 = CARTESIAN_POINT ( 'NONE',  ( 1622.350131829656400, -241.8423867253146400, 329.6267290845508500 ) ) ;
#4351 = CARTESIAN_POINT ( 'NONE',  ( 1715.319047521169500, 81.82600961652123300, 400.5569979447776600 ) ) ;
#4352 = CARTESIAN_POINT ( 'NONE',  ( 3193.450883286381700, -230.2684202698479200, 87.36792280613005300 ) ) ;
#4353 = CARTESIAN_POINT ( 'NONE',  ( 529.9675086095954800, 346.9479587843613900, -216.2602817013007300 ) ) ;
#4354 = CARTESIAN_POINT ( 'NONE',  ( 3098.292112352807200, -35.81050641668019100, -448.3220435124388800 ) ) ;
#4355 = CARTESIAN_POINT ( 'NONE',  ( 3203.228275562263200, -250.0391556258784600, 90.57061171142390800 ) ) ;
#4356 = CARTESIAN_POINT ( 'NONE',  ( 1071.243210503026800, -229.7255156080642000, 192.8826250403935200 ) ) ;
#4357 = ORIENTED_EDGE ( 'NONE', *, *, #5574, .T. ) ;
#4358 = CARTESIAN_POINT ( 'NONE',  ( 318.3095399609412100, 519.2033488200385100, -207.8105973183830000 ) ) ;
#4359 = CARTESIAN_POINT ( 'NONE',  ( 681.8088664285991200, -98.59627392807516300, -413.0117641535836100 ) ) ;
#4360 = CARTESIAN_POINT ( 'NONE',  ( -90.84300761755231700, -45.75669565161783900, -750.0436346371932400 ) ) ;
#4361 = CARTESIAN_POINT ( 'NONE',  ( 114.0863099753204800, 57.01616516671244700, -251.0463403202183200 ) ) ;
#4362 = CARTESIAN_POINT ( 'NONE',  ( -61.94123650696380400, 66.47794375361736700, -416.2737795422888800 ) ) ;
#4363 = CARTESIAN_POINT ( 'NONE',  ( 77.51178346368035900, -377.1402240965411500, -195.1089865859023000 ) ) ;
#4364 = ORIENTED_EDGE ( 'NONE', *, *, #646, .T. ) ;
#4365 = CARTESIAN_POINT ( 'NONE',  ( 1355.128154811712900, 63.23977776201924400, 445.2686982791539700 ) ) ;
#4366 = CARTESIAN_POINT ( 'NONE',  ( 3049.329676713992300, -128.8966211336805500, 190.4503272979998800 ) ) ;
#4367 = CARTESIAN_POINT ( 'NONE',  ( -146.3894765643136700, -237.3411192224139900, -122.0978414997716500 ) ) ;
#4368 = AXIS2_PLACEMENT_3D ( 'NONE', #4624, #6160, #682 ) ;
#4369 = CARTESIAN_POINT ( 'NONE',  ( 815.5793251986262900, 7.678211445516568600, -299.8644095932669400 ) ) ;
#4370 = CARTESIAN_POINT ( 'NONE',  ( 95.07192497943364600, 45.98724821414786100, -294.0825109829851800 ) ) ;
#4371 = CARTESIAN_POINT ( 'NONE',  ( 782.4492165047181500, 1.304567885592973700, -582.7570160360289700 ) ) ;
#4372 = CARTESIAN_POINT ( 'NONE',  ( 878.6003296283538500, -349.5756703645428700, 211.9864119862780000 ) ) ;
#4373 = CARTESIAN_POINT ( 'NONE',  ( 2900.670323285990000, -232.5574561332275300, 33.02158381743287000 ) ) ;
#4374 = CARTESIAN_POINT ( 'NONE',  ( 2879.928489444731400, -432.5045923174381000, 329.6019120354541800 ) ) ;
#4375 = CARTESIAN_POINT ( 'NONE',  ( 1111.021792791997500, 356.7518453521952900, 199.6740930741121900 ) ) ;
#4376 = CARTESIAN_POINT ( 'NONE',  ( 701.8687849859424000, 445.2191878363008200, -400.1129458180456600 ) ) ;
#4377 = CARTESIAN_POINT ( 'NONE',  ( 2900.670323285992700, -401.0479137257165700, -62.40872025873358800 ) ) ;
#4378 = CARTESIAN_POINT ( 'NONE',  ( 74.32948380835652800, 204.0432114625302500, -549.0303400705959100 ) ) ;
#4379 = CARTESIAN_POINT ( 'NONE',  ( 955.0324865534993300, -282.3212243110735900, -101.3526309604395000 ) ) ;
#4380 = CARTESIAN_POINT ( 'NONE',  ( 2349.585485569068200, -26.12394635361182400, 747.9257033634439700 ) ) ;
#4381 = CARTESIAN_POINT ( 'NONE',  ( 2546.865935460674800, 232.8088452399169100, -498.1676702093622000 ) ) ;
#4382 = CARTESIAN_POINT ( 'NONE',  ( 2863.392299914105900, 169.1446416690266100, -574.1956287324475200 ) ) ;
#4383 = CARTESIAN_POINT ( 'NONE',  ( 741.6247924760754100, 198.8239257626187600, -166.4707025151674900 ) ) ;
#4384 = CARTESIAN_POINT ( 'NONE',  ( 497.8605736157385900, -349.2062991653543800, 297.2326269401506200 ) ) ;
#4385 = CARTESIAN_POINT ( 'NONE',  ( 1750.245221986255300, -233.5563832070396300, -384.3363123979819400 ) ) ;
#4386 = CARTESIAN_POINT ( 'NONE',  ( -912.4786724770601700, 0.0000000000000000000, 0.0000000000000000000 ) ) ;
#4387 = CARTESIAN_POINT ( 'NONE',  ( 262.7452775920333500, 134.3034663706231700, -175.3232622839261400 ) ) ;
#4388 = CARTESIAN_POINT ( 'NONE',  ( 1629.055611419374100, -251.2628627728651600, -163.8428462301878600 ) ) ;
#4389 = CARTESIAN_POINT ( 'NONE',  ( -61.94123650696380400, 66.47794375361736700, -416.2737795422888800 ) ) ;
#4390 = CARTESIAN_POINT ( 'NONE',  ( 2084.011844420376700, 451.3047140685141600, -368.6888617025626300 ) ) ;
#4391 = CARTESIAN_POINT ( 'NONE',  ( 1389.928023217614100, -167.6000359438040700, -372.8965830363492800 ) ) ;
#4392 = B_SPLINE_CURVE_WITH_KNOTS ( 'NONE', 3,
 ( #1112, #5675, #5162, #5601, #5065, #2032, #3070, #5580, #6113, #2545, #2054, #6288, #5261, #5794, #179 ),
 .UNSPECIFIED., .F., .F.,
 ( 4, 1, 1, 1, 1, 1, 1, 1, 1, 1, 1, 1, 4 ),
 ( 0.0000000000000000000, 0.06907319844232753800, 0.1448615941842202900, 0.2270779165498380000, 0.3148503243135924400, 0.4067341657130257300, 0.5007830334961412800, 0.5947601119321818100, 0.6864518096793602600, 0.7739432093830230800, 0.8558339846223969000, 0.9312771037333215100, 1.000000000000000000 ),
 .UNSPECIFIED. ) ;
#4393 = CARTESIAN_POINT ( 'NONE',  ( -74.32948380835657100, 110.5693822564359700, -207.2386007891051100 ) ) ;
#4394 = CARTESIAN_POINT ( 'NONE',  ( 3193.953791568882900, -388.9833038973835600, 73.37746749573177900 ) ) ;
#4395 = CARTESIAN_POINT ( 'NONE',  ( 878.6003296283538500, -349.5756703645428700, 211.9864119862780000 ) ) ;
#4396 = CARTESIAN_POINT ( 'NONE',  ( 1306.165261339532700, 593.7742863471897900, 75.78167688459819800 ) ) ;
#4397 = CARTESIAN_POINT ( 'NONE',  ( 2913.058602738323300, -223.9190532165985400, 46.14064577414684000 ) ) ;
#4398 = CARTESIAN_POINT ( 'NONE',  ( 74.32948380835651400, 159.3806711437220300, -571.7623411309399400 ) ) ;
#4399 = CARTESIAN_POINT ( 'NONE',  ( 1094.485648453224300, -184.7961658992553600, 236.2795307280214300 ) ) ;
#4400 = CARTESIAN_POINT ( 'NONE',  ( 2326.344232401462700, -180.4602056018060200, 726.2989454256384100 ) ) ;
#4401 = CARTESIAN_POINT ( 'NONE',  ( 2239.035064234403800, -423.4302085937501400, 31.73354648527180900 ) ) ;
#4402 = CARTESIAN_POINT ( 'NONE',  ( 1489.625496584581000, -744.6377480592689200, 74.77151312906133300 ) ) ;
#4403 = CARTESIAN_POINT ( 'NONE',  ( 2691.490778152359300, 181.9282168362507500, -366.1195683191027700 ) ) ;
#4404 = CARTESIAN_POINT ( 'NONE',  ( 356.4179857565113100, 186.6917869077187500, 381.3741909471207800 ) ) ;
#4405 = CARTESIAN_POINT ( 'NONE',  ( 2535.500928401080700, -87.37803857843655900, 286.9540088169479800 ) ) ;
#4406 = CARTESIAN_POINT ( 'NONE',  ( 1866.456041935140100, -449.6601962452466000, 8.258234652168898300 ) ) ;
#4407 = PRODUCT_CONTEXT ( 'NONE', #1381, 'mechanical' ) ;
#4408 = CARTESIAN_POINT ( 'NONE',  ( 112.2238012208886200, 5.739666714001733900, -313.8871706164752600 ) ) ;
#4409 = CARTESIAN_POINT ( 'NONE',  ( 960.7151196917280900, -166.8375490195445300, 390.4678884455473200 ) ) ;
#4410 = VECTOR ( 'NONE', #1924, 1000.000000000000000 ) ;
#4411 = CARTESIAN_POINT ( 'NONE',  ( -61.94123650696380400, 66.47794375361736700, -416.2737795422888800 ) ) ;
#4412 = CARTESIAN_POINT ( 'NONE',  ( 2409.402136504958900, -521.1196201869274800, 260.8487283501772300 ) ) ;
#4413 = CARTESIAN_POINT ( 'NONE',  ( 901.8421260510220900, -298.0916718714199200, 279.7909329588440000 ) ) ;
#4414 = DIRECTION ( 'NONE',  ( 0.0000000000000000000, 1.000000000000000000, 0.0000000000000000000 ) ) ;
#4415 = CARTESIAN_POINT ( 'NONE',  ( 2913.058602738478400, -357.4093514646052700, 53.64274982952103000 ) ) ;
#4416 = CARTESIAN_POINT ( 'NONE',  ( 948.3268923634041100, -159.1349327955550500, 376.5865914320192500 ) ) ;
#4417 = CARTESIAN_POINT ( 'NONE',  ( 1004.017157094244500, -571.3978549119391300, 178.3672906723371900 ) ) ;
#4418 = CARTESIAN_POINT ( 'NONE',  ( 3187.478672477060200, 13.68132597654403100, -119.2175378018076400 ) ) ;
#4419 = CARTESIAN_POINT ( 'NONE',  ( 1698.782167261119600, -299.6165839326449100, 14.40162235675047800 ) ) ;
#4420 = CARTESIAN_POINT ( 'NONE',  ( 295.0673576887758100, 550.9857030130527800, -95.77171532546771000 ) ) ;
#4421 = CARTESIAN_POINT ( 'NONE',  ( 1309.347926683977900, 171.6166385955494600, -388.3911326368934200 ) ) ;
#4422 = CARTESIAN_POINT ( 'NONE',  ( 466.9689309482357100, 704.1537631335483000, -253.4623915347605700 ) ) ;
#4423 = CARTESIAN_POINT ( 'NONE',  ( 2645.006163267358700, 314.6877107250134600, -260.9851914378475600 ) ) ;
#4424 = CIRCLE ( 'NONE', #6489, 120.0000000000000100 ) ;
#4425 = CARTESIAN_POINT ( 'NONE',  ( -114.0863099753204300, 311.7967313976552100, 63.35279567868305900 ) ) ;
#4426 = CARTESIAN_POINT ( 'NONE',  ( 218.9543979933613100, 102.6764426042011300, -443.5327902788291700 ) ) ;
#4427 = CARTESIAN_POINT ( 'NONE',  ( 329.9934167530422500, -514.7230439763467300, 305.5664754965089300 ) ) ;
#4428 = CARTESIAN_POINT ( 'NONE',  ( 3193.953791568882900, -388.9833038973835600, 73.37746749573177900 ) ) ;
#4429 = APPLICATION_CONTEXT ( 'automotive_design' ) ;
#4430 = CARTESIAN_POINT ( 'NONE',  ( 890.9885569975175500, -363.9499450121271600, 218.7244327674068800 ) ) ;
#4431 = ORIENTED_EDGE ( 'NONE', *, *, #1808, .T. ) ;
#4432 = CARTESIAN_POINT ( 'NONE',  ( 61.94123650696374700, 195.3574994287726300, -535.8452447604166800 ) ) ;
#4433 = CARTESIAN_POINT ( 'NONE',  ( 2223.464967610883400, -208.5144110645711900, -544.1775054021407000 ) ) ;
#4434 = CARTESIAN_POINT ( 'NONE',  ( 971.5686810386348500, -77.68962174533504600, 401.3800416943053100 ) ) ;
#4435 = EDGE_CURVE ( 'NONE', #3262, #4284, #2499, .T. ) ;
#4436 = CARTESIAN_POINT ( 'NONE',  ( 397.2198456100431400, -178.9420413104872400, 240.7432887551557600 ) ) ;
#4437 = CARTESIAN_POINT ( 'NONE',  ( 2712.254833905824400, -150.7693146299239400, 157.2324716472693900 ) ) ;
#4438 = CARTESIAN_POINT ( 'NONE',  ( 376.4781769216784300, -346.7360029898549100, 487.9390348915194400 ) ) ;
#4439 = VERTEX_POINT ( 'NONE', #5306 ) ;
#4440 = CARTESIAN_POINT ( 'NONE',  ( 2133.678375752125700, -297.5436869918284500, -280.3732969205333300 ) ) ;
#4441 = CARTESIAN_POINT ( 'NONE',  ( 3083.079711741538200, 211.2500033426737200, 154.9289902780495500 ) ) ;
#4442 =( GEOMETRIC_REPRESENTATION_CONTEXT ( 3 ) GLOBAL_UNCERTAINTY_ASSIGNED_CONTEXT ( ( #578 ) ) GLOBAL_UNIT_ASSIGNED_CONTEXT ( ( #1362, #4900, #929 ) ) REPRESENTATION_CONTEXT ( 'NONE', 'WORKASPACE' ) );
#4443 = CARTESIAN_POINT ( 'NONE',  ( 1745.267484109274200, -268.0760098758070700, 134.5843951194387400 ) ) ;
#4444 = CARTESIAN_POINT ( 'NONE',  ( -254.9981054488726800, 52.62994679174572400, -550.4087027396718700 ) ) ;
#4445 = CARTESIAN_POINT ( 'NONE',  ( 1727.707280054016300, 83.32761291488127100, 416.3609788150378100 ) ) ;
#4446 = CARTESIAN_POINT ( 'NONE',  ( 978.2961126624641100, 165.3588351833987000, 729.8847885634902500 ) ) ;
#4447 = CARTESIAN_POINT ( 'NONE',  ( 1322.679720625374100, 241.7099889920456500, 93.91405442496528600 ) ) ;
#4448 = CARTESIAN_POINT ( 'NONE',  ( 844.5038610431134900, -421.3630392499083500, 52.47210360708145100 ) ) ;
#4449 = CARTESIAN_POINT ( 'NONE',  ( 3000.345217253685000, -201.5780894095277300, -221.5225501406731900 ) ) ;
#4450 = CARTESIAN_POINT ( 'NONE',  ( 794.8374977849417700, 2.526889196029565200, -598.5849961902961200 ) ) ;
#4451 = DIRECTION ( 'NONE',  ( 1.000000000000000000, 0.0000000000000000000, 0.0000000000000000000 ) ) ;
#4452 = CARTESIAN_POINT ( 'NONE',  ( 1038.113354966309500, -437.4285923305331500, 385.0502866534752700 ) ) ;
#4453 = CARTESIAN_POINT ( 'NONE',  ( 1169.894805205858800, 422.6213295586341000, 41.12362249146293200 ) ) ;
#4454 = CARTESIAN_POINT ( 'NONE',  ( -218.9543979933612500, 269.9928421958454100, -413.7501840887812800 ) ) ;
#4455 = CARTESIAN_POINT ( 'NONE',  ( 2014.285282094848100, 581.7403017334633000, -34.43320804901372900 ) ) ;
#4456 = CARTESIAN_POINT ( 'NONE',  ( 2892.922926285896700, -391.4949522048196400, -95.77534665921332600 ) ) ;
#4457 = CARTESIAN_POINT ( 'NONE',  ( 2877.428539436693400, -384.6080272752680600, -142.6237763712561600 ) ) ;
#4458 = CARTESIAN_POINT ( 'NONE',  ( 1485.396542117167400, -703.2615765633172500, -78.06432614258817200 ) ) ;
#4459 = CARTESIAN_POINT ( 'NONE',  ( 2854.185827219896100, -343.1880853891725600, -221.8558049838693800 ) ) ;
#4460 = CARTESIAN_POINT ( 'NONE',  ( 3032.613122001768300, 231.8042614927719600, -79.29674070760671600 ) ) ;
#4461 = CARTESIAN_POINT ( 'NONE',  ( 2047.414964501746700, 299.7707594500372500, -10.72375435425505900 ) ) ;
#4462 = CARTESIAN_POINT ( 'NONE',  ( 1457.176515670032600, -213.8629556388416100, 516.7389900488146800 ) ) ;
#4463 = CARTESIAN_POINT ( 'NONE',  ( 2587.667891479652100, 423.7877350758161600, -26.53503590373044200 ) ) ;
#4464 = CARTESIAN_POINT ( 'NONE',  ( 48.60968617897722800, -721.6540952593799100, -198.2313235417844600 ) ) ;
#4465 = CARTESIAN_POINT ( 'NONE',  ( 904.3202123932542200, -143.5417605089528500, -215.9613431558281900 ) ) ;
#4466 = CARTESIAN_POINT ( 'NONE',  ( 1727.707280054016300, 83.32761291488125700, 416.3609788150377500 ) ) ;
#4467 = CARTESIAN_POINT ( 'NONE',  ( 2884.133791276809900, 90.89329355263107900, -285.8614998236202500 ) ) ;
#4468 = CARTESIAN_POINT ( 'NONE',  ( 911.0485072771466500, -515.8889378272607500, -303.5935884600432400 ) ) ;
#4469 =( LENGTH_UNIT ( ) NAMED_UNIT ( * ) SI_UNIT ( .MILLI., .METRE. ) );
#4470 = CARTESIAN_POINT ( 'NONE',  ( 2084.011844420376700, 451.3047140685141600, -368.6888617025626300 ) ) ;
#4471 = CARTESIAN_POINT ( 'NONE',  ( 1892.391751600739800, -363.3699731013933300, 279.7395624922083900 ) ) ;
#4472 = CARTESIAN_POINT ( 'NONE',  ( 1239.621366168603800, 366.6066307565863600, -214.2417318773315500 ) ) ;
#4473 = CARTESIAN_POINT ( 'NONE',  ( -95.07192497943368900, 446.4153361775572100, -391.2652330961447000 ) ) ;
#4474 = CARTESIAN_POINT ( 'NONE',  ( 2502.371208313311400, -156.6858310642653900, 561.2993511281530300 ) ) ;
#4475 = CARTESIAN_POINT ( 'NONE',  ( 2668.248688706655200, 253.8110142800839500, -320.5018456721152200 ) ) ;
#4476 = CARTESIAN_POINT ( 'NONE',  ( 95.07192497943364600, 45.98724821414788300, -294.0825109829851800 ) ) ;
#4477 = CARTESIAN_POINT ( 'NONE',  ( 2531.295294622682800, 699.9119356771228700, 103.8960895106355200 ) ) ;
#4478 = CARTESIAN_POINT ( 'NONE',  ( 1692.076702687954100, -2.908262110516520900, 408.8191012601139400 ) ) ;
#4479 = CARTESIAN_POINT ( 'NONE',  ( 3039.116086553366600, -110.0215323535324900, 160.3208262353556100 ) ) ;
#4480 = CARTESIAN_POINT ( 'NONE',  ( 1062.059608435408100, 400.1558854226975100, -390.6827079543376700 ) ) ;
#4481 = CARTESIAN_POINT ( 'NONE',  ( 1843.918099687140100, 401.6832913871735400, 137.6610799313704400 ) ) ;
#4482 = CARTESIAN_POINT ( 'NONE',  ( 629.6633098214707600, -174.3032025719733400, -727.8005955154334300 ) ) ;
#4483 = CARTESIAN_POINT ( 'NONE',  ( 2043.188101846319100, 254.8166390720102500, 48.08407941047028800 ) ) ;
#4484 = CARTESIAN_POINT ( 'NONE',  ( 1193.136644523474600, 421.9752477100066100, -47.29734849041153000 ) ) ;
#4485 = CARTESIAN_POINT ( 'NONE',  ( 1078.915254918155600, -428.7781509643759800, -162.6085282670552500 ) ) ;
#4486 = PRESENTATION_STYLE_ASSIGNMENT (( #749 ) ) ;
#4487 = CARTESIAN_POINT ( 'NONE',  ( 492.6890561367084200, 246.9711950101352300, 545.2666859878179400 ) ) ;
#4488 = CARTESIAN_POINT ( 'NONE',  ( 1247.293062595535000, 499.1768028633487100, 300.7158049394005300 ) ) ;
#4489 = CARTESIAN_POINT ( 'NONE',  ( 1683.212068028522000, -156.9375369148802700, -430.8858171408174900 ) ) ;
#4490 = CARTESIAN_POINT ( 'NONE',  ( 821.2619938850186800, -423.0941575160816200, -35.93430701073204100 ) ) ;
#4491 = CARTESIAN_POINT ( 'NONE',  ( 61.94123650696374700, 326.6774766849014800, -353.9850086248570700 ) ) ;
#4492 = CARTESIAN_POINT ( 'NONE',  ( 2897.488162861401200, -77.13180308170650800, -577.6321929042840100 ) ) ;
#4493 = CARTESIAN_POINT ( 'NONE',  ( 2552.037681493310600, 404.7084768517382300, 57.90094826484153100 ) ) ;
#4494 = CARTESIAN_POINT ( 'NONE',  ( 3049.027623638741300, -147.3664283436119400, 200.7589535212384200 ) ) ;
#4495 = CARTESIAN_POINT ( 'NONE',  ( 1555.123115694395700, -615.6933206449638200, 348.7013481798354100 ) ) ;
#4496 = CARTESIAN_POINT ( 'NONE',  ( 2087.193637041978900, -158.3982126621701200, -376.8973971110694400 ) ) ;
#4497 = CARTESIAN_POINT ( 'NONE',  ( 2758.388602896939100, -132.6468644512640700, 135.3584330927943700 ) ) ;
#4498 = CARTESIAN_POINT ( 'NONE',  ( 759.9108707218175600, -201.1171166498617400, 521.8317310019156100 ) ) ;
#4499 = CARTESIAN_POINT ( 'NONE',  ( 2680.636928791563200, 264.9369102135892100, -331.8259156840658800 ) ) ;
#4500 = CARTESIAN_POINT ( 'NONE',  ( 1559.352066029760900, -559.6960210985712400, 496.8063164215965300 ) ) ;
#4501 = CARTESIAN_POINT ( 'NONE',  ( 472.6291722519906700, 423.5032764882386700, 30.73959188267947000 ) ) ;
#4502 = EDGE_CURVE ( 'NONE', #551, #3879, #2732, .T. ) ;
#4503 = CARTESIAN_POINT ( 'NONE',  ( 1392.406305691583600, 250.9102534761930200, -65.47990271989172600 ) ) ;
#4504 = CARTESIAN_POINT ( 'NONE',  ( 1216.378974091563800, 403.0297565761927100, -133.6678469861857100 ) ) ;
#4505 = CARTESIAN_POINT ( 'NONE',  ( 1218.368387407162800, -288.9012738777069000, 356.1296425799439500 ) ) ;
#4506 = ORIENTED_EDGE ( 'NONE', *, *, #3612, .T. ) ;
#4507 = CARTESIAN_POINT ( 'NONE',  ( 3075.049991810418800, 57.80836079527238500, -446.0022778653520800 ) ) ;
#4508 = CARTESIAN_POINT ( 'NONE',  ( 1688.894425603805800, -560.0610738227820800, 161.0562138079175200 ) ) ;
#4509 = CARTESIAN_POINT ( 'NONE',  ( 2682.626279029953800, -47.95772708797510100, 456.0621254926060700 ) ) ;
#4510 = CARTESIAN_POINT ( 'NONE',  ( 2913.058602738325600, -416.2739075224484400, -66.47794835451715300 ) ) ;
#4511 = DIRECTION ( 'NONE',  ( 0.0000000000000000000, 0.0000000000000000000, -1.000000000000000000 ) ) ;
#4512 = CARTESIAN_POINT ( 'NONE',  ( 2900.670323285990000, -241.8670567078791900, 38.47455339096548200 ) ) ;
#4513 = CARTESIAN_POINT ( 'NONE',  ( 276.8035908902112400, 25.97171745205750400, 707.1043893124899600 ) ) ;
#4514 = CARTESIAN_POINT ( 'NONE',  ( 532.4452012729700500, 98.65165249515357000, 239.8151700243369400 ) ) ;
#4515 = CARTESIAN_POINT ( 'NONE',  ( 59.67601324336327200, -73.87414637291276200, -199.5125664014387600 ) ) ;
#4516 = CARTESIAN_POINT ( 'NONE',  ( 1717.819436705223300, 278.7151604092205700, 650.3762773110422600 ) ) ;
#4517 = CARTESIAN_POINT ( 'NONE',  ( 2040.709556439610400, 7.924836468852119800, -408.7525988768615000 ) ) ;
#4518 = CARTESIAN_POINT ( 'NONE',  ( 3070.159828203556600, -267.6443742643938900, -72.47337764933244800 ) ) ;
#4519 = CARTESIAN_POINT ( 'NONE',  ( 1387.449949428380000, -476.0313547691424700, 293.5143610728222800 ) ) ;
#4520 = CARTESIAN_POINT ( 'NONE',  ( 1200.808544339857500, 334.4896195230453500, 477.2045302910435100 ) ) ;
#4521 = CARTESIAN_POINT ( 'NONE',  ( 114.0863099753203500, 71.55439911853498800, -246.4692437300906800 ) ) ;
#4522 = CARTESIAN_POINT ( 'NONE',  ( 2000.952786861688100, 16.94360935751914700, -748.1899979451268300 ) ) ;
#4523 = CARTESIAN_POINT ( 'NONE',  ( -61.94123650696380400, 171.8851068568388600, -269.8945515301224400 ) ) ;
#4524 = CARTESIAN_POINT ( 'NONE',  ( 1741.039231483984400, -251.6949033157631800, 62.39607046180606200 ) ) ;
#4525 = CARTESIAN_POINT ( 'NONE',  ( 1611.496000512782800, -317.7663767306416400, 281.6463905784937100 ) ) ;
#4526 = CARTESIAN_POINT ( 'NONE',  ( 2119.642002963612400, 376.0046500832280000, -465.7585456252837700 ) ) ;
#4527 = CARTESIAN_POINT ( 'NONE',  ( 782.4492165047181500, 1.304567885592973700, -582.7570160360289700 ) ) ;
#4528 = CARTESIAN_POINT ( 'NONE',  ( 2426.962229093431700, -309.8849009075800600, -338.0296070976778500 ) ) ;
#4529 = CARTESIAN_POINT ( 'NONE',  ( 2217.782553590465300, 415.8327933104279200, -193.3282290013304700 ) ) ;
#4530 = CARTESIAN_POINT ( 'NONE',  ( 2657.394458048358500, 327.9176437785192800, -269.7594566205813200 ) ) ;
#4531 = CARTESIAN_POINT ( 'NONE',  ( 2756.045686599207300, -520.0241269665284600, 52.83314113694501700 ) ) ;
#4532 = CARTESIAN_POINT ( 'NONE',  ( 3227.073657396340400, -236.3792381220025000, 82.12525706678809500 ) ) ;
#4533 = CARTESIAN_POINT ( 'NONE',  ( 3089.085192021926100, -274.6789859615638000, -89.90993090757965000 ) ) ;
#4534 = CARTESIAN_POINT ( 'NONE',  ( 2688.308433454536500, 573.9545967573027400, 100.9148515455192800 ) ) ;
#4535 = CARTESIAN_POINT ( 'NONE',  ( 2180.162697556363600, -385.6362288835674100, -135.7430616858941900 ) ) ;
#4536 = CARTESIAN_POINT ( 'NONE',  ( 119.4304284132848700, -81.35283817618461900, 6.388078020519315300 ) ) ;
#4537 = CARTESIAN_POINT ( 'NONE',  ( 1834.029423683429300, 702.2507090696476600, 86.68845142629541600 ) ) ;
#4538 = CARTESIAN_POINT ( 'NONE',  ( 114.0863099753203800, 5.525733981221088200, -311.3858165543753100 ) ) ;
#4539 = CARTESIAN_POINT ( 'NONE',  ( 3187.478672477060600, 210.0970013167880900, -76.54573820727813400 ) ) ;
#4540 = CARTESIAN_POINT ( 'NONE',  ( 852.8799087340708000, 251.5906868975016600, 499.4595003849045200 ) ) ;
#4541 = CARTESIAN_POINT ( 'NONE',  ( 154.9102183837228500, -351.8561434033824200, -464.5360315791938300 ) ) ;
#4542 = CARTESIAN_POINT ( 'NONE',  ( -182.5680654982462000, 1.178588654849433800, -100.9298996074385900 ) ) ;
#4543 = CARTESIAN_POINT ( 'NONE',  ( 2843.332141944883000, -300.7663593893897800, -299.7501137585966800 ) ) ;
#4544 = CARTESIAN_POINT ( 'NONE',  ( 2093.921341858542700, -542.9934620086653500, -515.0084287741685800 ) ) ;
#4545 = CARTESIAN_POINT ( 'NONE',  ( 541.6514386926487500, -345.9064450176290400, 287.4223044139437800 ) ) ;
#4546 = CARTESIAN_POINT ( 'NONE',  ( 2843.332141944883000, -300.7663593893897800, -299.7501137585966800 ) ) ;
#4547 = CARTESIAN_POINT ( 'NONE',  ( 1863.977796970999400, 99.84509903088452600, 590.2048100728569600 ) ) ;
#4548 = CARTESIAN_POINT ( 'NONE',  ( 2612.899712990773400, -306.0278946852478700, 341.5252822665481200 ) ) ;
#4549 = CARTESIAN_POINT ( 'NONE',  ( 2333.993448425925200, 42.35755410367141100, -456.6162132348777600 ) ) ;
#4550 = CARTESIAN_POINT ( 'NONE',  ( 2866.574125531307300, -355.5833450892332600, -231.6864341944795700 ) ) ;
#4551 = CARTESIAN_POINT ( 'NONE',  ( 2879.928489444455000, -511.4238020327925900, 291.2123000895346600 ) ) ;
#4552 = CARTESIAN_POINT ( 'NONE',  ( 3203.228275562263200, -250.0391556258784600, 90.57061171142390800 ) ) ;
#4553 = CARTESIAN_POINT ( 'NONE',  ( 3088.481706515656700, -341.9756114817433300, -76.02502113946063400 ) ) ;
#4554 = CARTESIAN_POINT ( 'NONE',  ( -2.102595382924763400, -441.9608949834144500, -552.4326253255774200 ) ) ;
#4555 = CARTESIAN_POINT ( 'NONE',  ( 1555.102262728566800, -37.42595644161806900, -256.5987519505999300 ) ) ;
#4556 = CARTESIAN_POINT ( 'NONE',  ( 3049.325604155817900, -339.1332103204411500, 241.1714699616448700 ) ) ;
#4557 = CARTESIAN_POINT ( 'NONE',  ( 2827.761585672180000, 275.8604633045922600, -513.3309057660137600 ) ) ;
#4558 = CARTESIAN_POINT ( 'NONE',  ( 114.0863099753203200, 15.62630787946308800, -316.7486807633349600 ) ) ;
#4559 = CARTESIAN_POINT ( 'NONE',  ( 3097.583479757406600, -0.4870618758931231600, -91.99799271287750500 ) ) ;
#4560 = CARTESIAN_POINT ( 'NONE',  ( 204.5766104344012300, -291.1353357904940800, 287.0222417120842200 ) ) ;
#4561 = CARTESIAN_POINT ( 'NONE',  ( 666.2379849731664800, 504.1435817045345400, -292.3131387578429800 ) ) ;
#4562 = CARTESIAN_POINT ( 'NONE',  ( -219.0692049722571500, 191.0199260550609800, -92.91477378318586500 ) ) ;
#4563 = CARTESIAN_POINT ( 'NONE',  ( 114.0863099753203500, 41.59298031580589600, -343.5215376597561800 ) ) ;
#4564 = CARTESIAN_POINT ( 'NONE',  ( 2674.976980331954600, 189.3595568904810000, -724.0288382863764100 ) ) ;
#4565 = CARTESIAN_POINT ( 'NONE',  ( -95.07192497943368900, 287.6322329264273200, 30.85867689125860400 ) ) ;
#4566 = CARTESIAN_POINT ( 'NONE',  ( 309.2297439621742700, -82.55909666199531200, -442.4092890631181900 ) ) ;
#4567 = CARTESIAN_POINT ( 'NONE',  ( 2587.667891479652100, 423.7877350758161600, -26.53503590373044200 ) ) ;
#4568 = CARTESIAN_POINT ( 'NONE',  ( 2398.548215580975000, -579.4618532461498700, 150.1150153989878200 ) ) ;
#4569 = CARTESIAN_POINT ( 'NONE',  ( 1659.970073665979500, -64.29371854313907900, -454.0474800401103200 ) ) ;
#4570 = CARTESIAN_POINT ( 'NONE',  ( 2372.806393250832600, -294.8370187360433800, -55.21594689224838200 ) ) ;
#4571 = FACE_OUTER_BOUND ( 'NONE', #2785, .T. ) ;
#4572 = CARTESIAN_POINT ( 'NONE',  ( 2879.928489444849700, -693.5353404577931500, -111.6641039454454600 ) ) ;
#4573 = CARTESIAN_POINT ( 'NONE',  ( 2956.742692012322500, -81.44996505192692400, -60.40184654232791700 ) ) ;
#4574 = CARTESIAN_POINT ( 'NONE',  ( 3089.088101559727900, -281.8177441936988400, -93.09812695352670200 ) ) ;
#4575 = CARTESIAN_POINT ( 'NONE',  ( 1322.701739164673700, 0.07284046875806221600, -707.5810332838779000 ) ) ;
#4576 = CARTESIAN_POINT ( 'NONE',  ( 1717.796414453723400, -259.1601144022943700, 8.913462288086114100 ) ) ;
#4577 = CARTESIAN_POINT ( 'NONE',  ( -69.02626168942754200, 80.38307335020076000, -163.4217782815923100 ) ) ;
#4578 = CARTESIAN_POINT ( 'NONE',  ( 90.86533148305188900, -706.2442003445996800, -43.46257114069528200 ) ) ;
#4579 = ORIENTED_EDGE ( 'NONE', *, *, #3484, .F. ) ;
#4580 = CARTESIAN_POINT ( 'NONE',  ( 3036.941397261658900, -137.5350240503095700, 177.3312653412857600 ) ) ;
#4581 = CARTESIAN_POINT ( 'NONE',  ( 3176.166861843478700, 10.62775642873351800, -98.86981916180603500 ) ) ;
#4582 = CARTESIAN_POINT ( 'NONE',  ( 193.7229080096929300, -358.4725871293073900, 227.5903298629679900 ) ) ;
#4583 = CARTESIAN_POINT ( 'NONE',  ( 2224.168771775995500, 115.9867315802769000, 547.0867573712249600 ) ) ;
#4584 = UNCERTAINTY_MEASURE_WITH_UNIT (LENGTH_MEASURE( 1.000000000000000100E-005 ), #2174, 'distance_accuracy_value', 'NONE');
#4585 = ORIENTED_EDGE ( 'NONE', *, *, #5251, .F. ) ;
#4586 = CARTESIAN_POINT ( 'NONE',  ( 921.9023259750072200, -552.9349888276769900, -184.0389853911987400 ) ) ;
#4587 = CARTESIAN_POINT ( 'NONE',  ( -163.7890362844106800, 207.3246050794580800, 94.22092910872214600 ) ) ;
#4588 = CARTESIAN_POINT ( 'NONE',  ( 262.7452775920334600, 181.4753046860973000, -227.0943310685707700 ) ) ;
#4589 = CARTESIAN_POINT ( 'NONE',  ( 2117.164567744539900, -637.8851549516914500, -391.3803977739010000 ) ) ;
#4590 = CARTESIAN_POINT ( 'NONE',  ( 260.8827688376017000, 118.2203833417049900, -162.6338031299917800 ) ) ;
#4591 = CARTESIAN_POINT ( 'NONE',  ( 867.0422129129737000, 400.4767822829772400, -204.6504553719541900 ) ) ;
#4592 = CARTESIAN_POINT ( 'NONE',  ( 3036.941397261609800, -570.6839726435006200, -90.15530456760303900 ) ) ;
#4593 = CARTESIAN_POINT ( 'NONE',  ( 1468.861069413767600, 140.7661849746665200, -581.8034708891543700 ) ) ;
#4594 = CARTESIAN_POINT ( 'NONE',  ( 2333.993448425925200, 42.35755410367141100, -456.6162132348777600 ) ) ;
#4595 = CARTESIAN_POINT ( 'NONE',  ( 2791.165602905485700, 272.8481024610047700, -124.6256286572787700 ) ) ;
#4596 = CARTESIAN_POINT ( 'NONE',  ( -74.32948380835657100, 118.8775684489026500, -214.1217383164802500 ) ) ;
#4597 = CARTESIAN_POINT ( 'NONE',  ( 2756.043801487958700, -370.8179902303334100, 183.5708068087208200 ) ) ;
#4598 = CARTESIAN_POINT ( 'NONE',  ( 3187.998567354929900, -251.7134106928153900, 91.60573346833449200 ) ) ;
#4599 = CARTESIAN_POINT ( 'NONE',  ( 3237.747454987618800, -355.9228556482696600, 82.17519382681308600 ) ) ;
#4600 = CARTESIAN_POINT ( 'NONE',  ( 1531.881366826956100, -674.5632741925030600, 213.6241525331833200 ) ) ;
#4601 = CARTESIAN_POINT ( 'NONE',  ( 733.9752058815980700, -463.2074854370465000, 296.3260162971097300 ) ) ;
#4602 = CARTESIAN_POINT ( 'NONE',  ( 1996.702647021381400, 213.4690859431150000, 147.2221673030077500 ) ) ;
#4603 = CARTESIAN_POINT ( 'NONE',  ( -215.1827503835234800, 199.8318963504022200, -99.86736719624215700 ) ) ;
#4604 = CARTESIAN_POINT ( 'NONE',  ( 2432.644648833126700, -455.7951142299257900, 363.1228801368542900 ) ) ;
#4605 = CARTESIAN_POINT ( 'NONE',  ( -74.32948380835655700, 139.0676575517168200, -233.8789887738441300 ) ) ;
#4606 = CARTESIAN_POINT ( 'NONE',  ( -148.4094965463189900, 10.08272088311764100, -107.9552082506017600 ) ) ;
#4607 = CARTESIAN_POINT ( 'NONE',  ( 2177.684615214042400, -115.6657201600423300, 547.1555001386680000 ) ) ;
#4608 = CARTESIAN_POINT ( 'NONE',  ( 1479.714762247769600, 15.60587661384605000, -582.5495243629994800 ) ) ;
#4609 = CARTESIAN_POINT ( 'NONE',  ( -69.02626168942754200, 80.38307335020076000, -163.4217782815923100 ) ) ;
#4610 = CARTESIAN_POINT ( 'NONE',  ( 74.32948380835651400, 290.1524157920869700, -471.9355203288278100 ) ) ;
#4611 = CARTESIAN_POINT ( 'NONE',  ( 434.5204980481736900, 81.89619348874806800, -553.2183486200993900 ) ) ;
#4612 = CARTESIAN_POINT ( 'NONE',  ( -92.75423806596374700, 18.63379925356754900, 105.2980405507170600 ) ) ;
#4613 = CARTESIAN_POINT ( 'NONE',  ( 378.9562578025245900, -323.7409041977400600, -312.1232783189702200 ) ) ;
#4614 = CARTESIAN_POINT ( 'NONE',  ( 2378.488193990461700, -102.6904212544789600, 412.0131486121708800 ) ) ;
#4615 = CARTESIAN_POINT ( 'NONE',  ( 1329.407932932659800, 596.5945861817693900, -48.83964814510794400 ) ) ;
#4616 = CARTESIAN_POINT ( 'NONE',  ( 2659.383942723930000, -141.3734483882224700, 436.2402113329287100 ) ) ;
#4617 = CARTESIAN_POINT ( 'NONE',  ( 2674.954070547529700, 245.0620444395558800, 172.9801347693215200 ) ) ;
#4618 = CARTESIAN_POINT ( 'NONE',  ( 1724.524659167282800, -529.0965291758242300, 279.9421888369063300 ) ) ;
#4619 = CARTESIAN_POINT ( 'NONE',  ( 1851.589571262223700, 98.34352554730628500, 574.4008214432833500 ) ) ;
#4620 = CARTESIAN_POINT ( 'NONE',  ( 344.0297084077806700, 181.2118473378861800, 366.4748714020434500 ) ) ;
#4621 = CARTESIAN_POINT ( 'NONE',  ( -257.1729551314124400, 219.2595265489991900, -103.6358868373369100 ) ) ;
#4622 = CARTESIAN_POINT ( 'NONE',  ( 1694.576266923241300, 137.9700464581199800, 693.9994133746165500 ) ) ;
#4623 = CARTESIAN_POINT ( 'NONE',  ( 269.1316448106043100, 492.3043194989940600, 244.9643798591537500 ) ) ;
#4624 = CARTESIAN_POINT ( 'NONE',  ( 3187.478672477060200, 6.661338147750939200E-012, -7.327471962526033200E-012 ) ) ;
#4625 = CARTESIAN_POINT ( 'NONE',  ( 1113.499965936253800, -162.5267400708210100, 202.0609135957078900 ) ) ;
#4626 = CARTESIAN_POINT ( 'NONE',  ( -119.5421438976939500, 23.92177212726273800, -118.8741393520527700 ) ) ;
#4627 = CARTESIAN_POINT ( 'NONE',  ( 2269.948991682409500, -411.1489118333715900, -412.9943123240093400 ) ) ;
#4628 = CARTESIAN_POINT ( 'NONE',  ( -74.32948380835657100, 110.5693822564359300, -207.2386007891050500 ) ) ;
#4629 = CARTESIAN_POINT ( 'NONE',  ( 3140.689233324243100, 9.693319666490815200, -98.29209606443747300 ) ) ;
#4630 = EDGE_CURVE ( 'NONE', #2997, #4439, #1056, .T. ) ;
#4631 = CARTESIAN_POINT ( 'NONE',  ( 31.02730239950738100, -265.7657841759900100, -331.1837440498681000 ) ) ;
#4632 = CARTESIAN_POINT ( 'NONE',  ( 611.3779936635602300, -111.9709948712937000, 435.5746900531272000 ) ) ;
#4633 = CARTESIAN_POINT ( 'NONE',  ( 553.2093602829257900, 294.6356996666058300, -283.4279263123539200 ) ) ;
#4634 = CARTESIAN_POINT ( 'NONE',  ( 1704.464960753232400, -4.712376380482749200, 424.5913821206937700 ) ) ;
#4635 = CARTESIAN_POINT ( 'NONE',  ( 59.76598577910436200, 178.9586655841055500, -41.19734836209234900 ) ) ;
#4636 = CARTESIAN_POINT ( 'NONE',  ( 74.32948380835648500, 342.2214397928507900, -356.9594445904951400 ) ) ;
#4637 = CARTESIAN_POINT ( 'NONE',  ( 852.8799087340708000, 251.5906868975016600, 499.4595003849045200 ) ) ;
#4638 = CARTESIAN_POINT ( 'NONE',  ( -185.5264540518359400, 1.042945315003156000, -120.8228777996554200 ) ) ;
#4639 = CARTESIAN_POINT ( 'NONE',  ( 2717.211411742969200, 236.8110474997703800, 105.6605967507199500 ) ) ;
#4640 = CARTESIAN_POINT ( 'NONE',  ( 2239.035064234403800, -423.4302085937501400, 31.73354648527180900 ) ) ;
#4641 = CARTESIAN_POINT ( 'NONE',  ( 701.8687849859424000, 445.2191878363008200, -400.1129458180456600 ) ) ;
#4642 = CARTESIAN_POINT ( 'NONE',  ( 327.5158504340206500, 461.5499286629940300, 589.1073008445721400 ) ) ;
#4643 = CARTESIAN_POINT ( 'NONE',  ( 61.94123650696386800, 107.1702339133134200, -568.5339734699188100 ) ) ;
#4644 = CARTESIAN_POINT ( 'NONE',  ( 2930.618660327409500, -32.74086030230059000, -298.1879566859485600 ) ) ;
#4645 = CARTESIAN_POINT ( 'NONE',  ( -262.7452775920335700, 156.7624225944123000, -529.8436848491425100 ) ) ;
#4646 = CARTESIAN_POINT ( 'NONE',  ( 3029.193905615808900, -556.0486255531132000, -148.2000357830816000 ) ) ;
#4647 = CARTESIAN_POINT ( 'NONE',  ( 410.5742003629430900, -114.9697763144508800, 571.3051090341973600 ) ) ;
#4648 = CARTESIAN_POINT ( 'NONE',  ( 576.4515705495059600, 229.5460322802655400, -338.3049041257580700 ) ) ;
#4649 = CARTESIAN_POINT ( 'NONE',  ( -61.94123650696379700, 108.7436509782912600, -403.8920581914684900 ) ) ;
#4650 = CARTESIAN_POINT ( 'NONE',  ( 1160.006874622796000, 703.2780510027447500, -77.91940781880403200 ) ) ;
#4651 = CARTESIAN_POINT ( 'NONE',  ( -9.774636558293554600, -541.3477810488435600, 96.50797238424465300 ) ) ;
#4652 = VECTOR ( 'NONE', #5373, 1000.000000000000000 ) ;
#4653 = CARTESIAN_POINT ( 'NONE',  ( -62.43245932280328200, 101.6169966916318800, -180.1752205435168400 ) ) ;
#4654 = CARTESIAN_POINT ( 'NONE',  ( 1392.406305691583600, 250.9102534761930200, -65.47990271989172600 ) ) ;
#4655 = CARTESIAN_POINT ( 'NONE',  ( -218.9543979933612300, 193.8983024033413500, -95.18579601414431600 ) ) ;
#4656 = CARTESIAN_POINT ( 'NONE',  ( 2176.980307464918000, 29.89778353012718900, -581.9911357455704300 ) ) ;
#4657 = CARTESIAN_POINT ( 'NONE',  ( 262.7452775920334000, 144.7433472523925400, -181.9844786179905300 ) ) ;
#4658 = CARTESIAN_POINT ( 'NONE',  ( 286.6914343002495100, -72.10246702905189400, 418.4511018544502600 ) ) ;
#4659 = CARTESIAN_POINT ( 'NONE',  ( 681.1045490018979100, 164.4110001682563500, 418.6069846102465100 ) ) ;
#4660 = VERTEX_POINT ( 'NONE', #3684 ) ;
#4661 = CARTESIAN_POINT ( 'NONE',  ( 2549.559357804992900, 6.699234198118533700, -559.2103525169656000 ) ) ;
#4662 = CARTESIAN_POINT ( 'NONE',  ( 1309.347926683977900, 171.6166385955494600, -388.3911326368934200 ) ) ;
#4663 = CARTESIAN_POINT ( 'NONE',  ( 715.9047114545077200, -249.2256501486160700, -324.0804779510508000 ) ) ;
#4664 = CARTESIAN_POINT ( 'NONE',  ( 736.6688807300664600, -304.8336907049468300, 468.8641936093367800 ) ) ;
#4665 = CARTESIAN_POINT ( 'NONE',  ( 3887.478672477059700, 120.0000000000061000, -7.091549569793187400E-012 ) ) ;
#4666 = CARTESIAN_POINT ( 'NONE',  ( 1657.276359983528900, 127.9274247446450900, -431.1578464125055300 ) ) ;
#4667 = CARTESIAN_POINT ( 'NONE',  ( 3039.116086553366600, -110.0215323535324900, 160.3208262353556100 ) ) ;
#4668 = CARTESIAN_POINT ( 'NONE',  ( 1515.344957384407100, -107.0802542596842500, -588.9351303694046500 ) ) ;
#4669 = ORIENTED_EDGE ( 'NONE', *, *, #2268, .F. ) ;
#4670 = CARTESIAN_POINT ( 'NONE',  ( 71.85089669145693800, -747.0585318657260800, -44.47119765755265800 ) ) ;
#4671 = CARTESIAN_POINT ( 'NONE',  ( 2953.860368989209700, -93.81816774986157300, -284.8542171823081600 ) ) ;
#4672 = CARTESIAN_POINT ( 'NONE',  ( -262.7452775920335700, 290.0580568530284600, -198.6777350544388700 ) ) ;
#4673 = CARTESIAN_POINT ( 'NONE',  ( 2967.214734188788000, -401.0574903525524100, -422.9100520374715300 ) ) ;
#4674 = CARTESIAN_POINT ( 'NONE',  ( 3187.478672477060200, 252.1164015801448700, -91.85488584873243700 ) ) ;
#4675 = ORIENTED_EDGE ( 'NONE', *, *, #5507, .T. ) ;
#4676 = CARTESIAN_POINT ( 'NONE',  ( 881.1005612053868400, -518.4617478466314000, 481.5276185421942600 ) ) ;
#4677 = CARTESIAN_POINT ( 'NONE',  ( 362.1003974066162500, 512.1179182806968100, -200.2654833363896800 ) ) ;
#4678 = CARTESIAN_POINT ( 'NONE',  ( 25.73187525596477300, -114.0835242333576100, -167.7876006689648700 ) ) ;
#4679 = CARTESIAN_POINT ( 'NONE',  ( 2182.641184533637900, 125.5885575499014900, -226.8724393147437300 ) ) ;
#4680 = DIRECTION ( 'NONE',  ( 1.000000000000000000, 0.0000000000000000000, 0.0000000000000000000 ) ) ;
#4681 = CARTESIAN_POINT ( 'NONE',  ( 857.8574383114837500, -606.9503133685817600, 363.7060971462118500 ) ) ;
#4682 = B_SPLINE_CURVE_WITH_KNOTS ( 'NONE', 3,
 ( #5569, #4592, #2063, #3621, #3083, #68, #3598, #3040, #598, #573, #1073, #4127, #1096, #6225, #2138 ),
 .UNSPECIFIED., .F., .F.,
 ( 4, 1, 1, 1, 1, 1, 1, 1, 1, 1, 1, 1, 4 ),
 ( 0.0000000000000000000, 0.06907319844232753800, 0.1448615941842202900, 0.2270779165498380000, 0.3148503243135924400, 0.4067341657130257300, 0.5007830334961412800, 0.5947601119321818100, 0.6864518096793602600, 0.7739432093830230800, 0.8558339846223969000, 0.9312771037333215100, 1.000000000000000000 ),
 .UNSPECIFIED. ) ;
#4683 = CARTESIAN_POINT ( 'NONE',  ( -262.7452775920334000, 304.7179045200762700, -250.6161031251260200 ) ) ;
#4684 = ORIENTED_EDGE ( 'NONE', *, *, #5189, .F. ) ;
#4685 = CARTESIAN_POINT ( 'NONE',  ( 2903.148050606367600, 81.94183473077636400, -246.0281851399405200 ) ) ;
#4686 = CARTESIAN_POINT ( 'NONE',  ( 878.6003296283538500, -349.5756703645428700, 211.9864119862780000 ) ) ;
#4687 = CARTESIAN_POINT ( 'NONE',  ( 1913.644669105993200, 406.1886734279198100, -123.7368040717043800 ) ) ;
#4688 = CARTESIAN_POINT ( 'NONE',  ( 901.8421260510220900, -298.0916718714199200, 279.7909329588440000 ) ) ;
#4689 = CARTESIAN_POINT ( 'NONE',  ( 225.3407868411463300, 502.6531615537848600, 245.1473677646360400 ) ) ;
#4690 = CARTESIAN_POINT ( 'NONE',  ( 1355.128154811712900, 63.23977776201924400, 445.2686982791539700 ) ) ;
#4691 = CARTESIAN_POINT ( 'NONE',  ( 3070.159828203556600, -267.6443742643938900, -72.47337764933244800 ) ) ;
#4692 = CARTESIAN_POINT ( 'NONE',  ( 1352.649921599881700, 573.5437186227494500, -171.3418620467308000 ) ) ;
#4693 = CARTESIAN_POINT ( 'NONE',  ( 2607.727875908380200, 318.1064561697573400, 507.0688999812611500 ) ) ;
#4694 = CARTESIAN_POINT ( 'NONE',  ( 637.3136862516070100, 172.6910803392249000, 424.8176182965581200 ) ) ;
#4695 = CARTESIAN_POINT ( 'NONE',  ( 1291.787714004005200, -418.0283841760639800, -357.2430512862704300 ) ) ;
#4696 = CARTESIAN_POINT ( 'NONE',  ( 1735.379027789479300, -446.7463668881953800, 374.1993083987590600 ) ) ;
#4697 = ADVANCED_FACE ( 'NONE', ( #6402 ), #4172, .T. ) ;
#4698 = CARTESIAN_POINT ( 'NONE',  ( 88.36558040390535500, -394.5761393661123900, -107.0067395649380700 ) ) ;
#4699 = CARTESIAN_POINT ( 'NONE',  ( 95.07192497943364600, 63.84713805696405600, -309.3504571453363500 ) ) ;
#4700 = CARTESIAN_POINT ( 'NONE',  ( 2763.717779552670000, -254.5918842166337000, -660.2297860155716800 ) ) ;
#4701 = CARTESIAN_POINT ( 'NONE',  ( 710.7331864033287700, -514.5368447275823200, 193.9658694090483100 ) ) ;
#4702 = CARTESIAN_POINT ( 'NONE',  ( 93.36829820459611500, 31.10459306528767700, -282.3401824584122400 ) ) ;
#4703 = CARTESIAN_POINT ( 'NONE',  ( 2484.788606897221100, -208.6580663087798100, 153.9650779457177000 ) ) ;
#4704 = DIRECTION ( 'NONE',  ( 0.0000000000000000000, 1.000000000000000000, 0.0000000000000000000 ) ) ;
#4705 = CARTESIAN_POINT ( 'NONE',  ( 648.6777592314867900, -163.4206239562574600, -688.4507911444278500 ) ) ;
#4706 = CARTESIAN_POINT ( 'NONE',  ( -114.0863099753204800, 311.7967313976552100, 63.35279567868303700 ) ) ;
#4707 = CARTESIAN_POINT ( 'NONE',  ( 1495.285252200299500, -403.3423706458465900, -132.7214875357167900 ) ) ;
#4708 = CARTESIAN_POINT ( 'NONE',  ( 518.4093896943920800, -397.9351980235966300, 209.5494604123211100 ) ) ;
#4709 = CARTESIAN_POINT ( 'NONE',  ( 1180.748349544267700, 406.1007616530932300, -47.15715450123421000 ) ) ;
#4710 = CARTESIAN_POINT ( 'NONE',  ( 1262.863202685892000, 314.2861970232941100, -285.5246708129598100 ) ) ;
#4711 = CARTESIAN_POINT ( 'NONE',  ( 134.8500624474557100, -404.0896456596732900, 62.07277876350009600 ) ) ;
#4712 = CARTESIAN_POINT ( 'NONE',  ( 3070.073403988780700, -295.5245181618420200, -54.66795282860881100 ) ) ;
#4713 = CARTESIAN_POINT ( 'NONE',  ( 411.2780621090939800, 194.6982792832938600, -524.2604665746869200 ) ) ;
#4714 = CARTESIAN_POINT ( 'NONE',  ( -75.23870068522330700, 101.6888665078657000, -200.2319254113394300 ) ) ;
#4715 = CARTESIAN_POINT ( 'NONE',  ( 1680.518654910901400, 35.85594013494858200, -448.3049380594116000 ) ) ;
#4716 = CARTESIAN_POINT ( 'NONE',  ( 3189.010343133797100, -209.8855395073252300, 76.41500023069103500 ) ) ;
#4717 = CARTESIAN_POINT ( 'NONE',  ( 1771.009238416383600, -370.2606826580875500, 470.3376482172742500 ) ) ;
#4718 = CARTESIAN_POINT ( 'NONE',  ( 699.3898675334195300, -567.6093127662666100, -487.7447971602106200 ) ) ;
#4719 = CARTESIAN_POINT ( 'NONE',  ( 544.3450674694490800, -198.7970132058739000, 413.2463064621300600 ) ) ;
#4720 = CARTESIAN_POINT ( 'NONE',  ( 1686.904993629687900, 524.9669368469154700, 163.6470424773487800 ) ) ;
#4721 = CARTESIAN_POINT ( 'NONE',  ( 2851.003999033269300, 163.5623078978643700, -559.3343674969760300 ) ) ;
#4722 = CARTESIAN_POINT ( 'NONE',  ( 111.6081081681089600, -408.1841559741618000, -22.96429054626377600 ) ) ;
#4723 = CARTESIAN_POINT ( 'NONE',  ( -212.4786724770602000, 0.0000000000000000000, -120.0000000000000100 ) ) ;
#4724 = CARTESIAN_POINT ( 'NONE',  ( 59.95193435220570400, -382.2048208581500700, 395.3358959074953400 ) ) ;
#4725 = CARTESIAN_POINT ( 'NONE',  ( 1198.819090048924200, -16.03136435387260800, -549.6487734723986000 ) ) ;
#4726 = CARTESIAN_POINT ( 'NONE',  ( 3187.478672477060200, 13.68132597599935200, -119.2175378018701400 ) ) ;
#4727 = CARTESIAN_POINT ( 'NONE',  ( 2900.670323286084600, -399.1109288281068600, -26.05555586138998300 ) ) ;
#4728 = CARTESIAN_POINT ( 'NONE',  ( 1252.975196604408900, 414.5584692046630300, -573.4214958738165300 ) ) ;
#4729 = CARTESIAN_POINT ( 'NONE',  ( 74.32948380835651400, 322.1093516255354500, -173.8926435654879300 ) ) ;
#4730 = CARTESIAN_POINT ( 'NONE',  ( 1960.128809498491400, 321.1986875845480500, -277.7257006169348900 ) ) ;
#4731 = CARTESIAN_POINT ( 'NONE',  ( 2670.726921214004100, 173.6767371454458600, 192.5615280117482700 ) ) ;
#4732 = CARTESIAN_POINT ( 'NONE',  ( 994.8109940705564900, 7.125442083486890800, 408.7674051819816400 ) ) ;
#4733 = ADVANCED_FACE ( 'NONE', ( #1170 ), #99, .T. ) ;
#4734 = CARTESIAN_POINT ( 'NONE',  ( 2355.246276763386000, -185.7960746596790200, 381.8112290369313100 ) ) ;
#4735 = CARTESIAN_POINT ( 'NONE',  ( 808.8737663944159500, -407.4973053451189500, -32.97476517263281400 ) ) ;
#4736 = CARTESIAN_POINT ( 'NONE',  ( 2913.058602738332000, -395.7210352374131600, 18.31083667629140900 ) ) ;
#4737 = CARTESIAN_POINT ( 'NONE',  ( 2712.254833905822100, -551.0497076873499500, -67.80136981844363200 ) ) ;
#4738 = CARTESIAN_POINT ( 'NONE',  ( 59.18958765740248400, 149.8878463100105900, 1.739359300644638200 ) ) ;
#4739 = CARTESIAN_POINT ( 'NONE',  ( 2098.878057279289800, 228.8224790290885000, 387.1735448865221100 ) ) ;
#4740 = CARTESIAN_POINT ( 'NONE',  ( 3097.583479757406600, -0.4870618758931231600, -91.99799271287750500 ) ) ;
#4741 = CARTESIAN_POINT ( 'NONE',  ( 1840.735791254275500, -24.55766433641118200, 598.0864535091991500 ) ) ;
#4742 = CARTESIAN_POINT ( 'NONE',  ( 3026.087096784156100, -554.5300624653580100, -230.4903643997698700 ) ) ;
#4743 = CARTESIAN_POINT ( 'NONE',  ( 660.5558582890660100, 256.9311133110894600, 379.8401579511132100 ) ) ;
#4744 = CARTESIAN_POINT ( 'NONE',  ( 2012.295776854850600, -476.3567283297103900, -274.6918246558306600 ) ) ;
#4745 = CARTESIAN_POINT ( 'NONE',  ( 2913.058602738322900, -233.2286537912502500, 51.59361534767946700 ) ) ;
#4746 = CARTESIAN_POINT ( 'NONE',  ( 1436.412816951515700, -304.3347994553799900, -272.9866725961280700 ) ) ;
#4747 = CARTESIAN_POINT ( 'NONE',  ( 61.94123650696376200, 107.1702339133139500, -568.5339734699186900 ) ) ;
#4748 = CARTESIAN_POINT ( 'NONE',  ( 2554.538132389345700, 706.2541522559010900, -43.31737201190018300 ) ) ;
#4749 = CARTESIAN_POINT ( 'NONE',  ( 2570.108258648612700, 124.5845568031879700, -535.5828095729129900 ) ) ;
#4750 = CARTESIAN_POINT ( 'NONE',  ( 1912.940643112885000, -407.7379932690079200, 189.7713545373430600 ) ) ;
#4751 = CARTESIAN_POINT ( 'NONE',  ( 3089.085771724342100, -262.4614587323999900, -80.02782370881399700 ) ) ;
#4752 = VECTOR ( 'NONE', #255, 1000.000000000000000 ) ;
#4753 = CARTESIAN_POINT ( 'NONE',  ( -114.0863099753204300, 335.5468529714511300, -640.2557133620385900 ) ) ;
#4754 = CARTESIAN_POINT ( 'NONE',  ( 658.5664191527041600, -10.91872795160985300, -424.4771967385190700 ) ) ;
#4755 = CARTESIAN_POINT ( 'NONE',  ( 2712.226760012437400, -271.5003257551756500, 203.2925644540731000 ) ) ;
#4756 = CARTESIAN_POINT ( 'NONE',  ( 2017.467073367538700, 92.41071793277018300, -398.2485421015642800 ) ) ;
#4757 = ORIENTED_EDGE ( 'NONE', *, *, #5807, .F. ) ;
#4758 = CARTESIAN_POINT ( 'NONE',  ( 2424.972829328015500, 73.08442305010659400, 418.2806104678705900 ) ) ;
#4759 = CARTESIAN_POINT ( 'NONE',  ( 227.8187199142182900, -225.3772771229022600, 341.0963069125596700 ) ) ;
#4760 = CARTESIAN_POINT ( 'NONE',  ( 2913.058602738347400, -307.8531166490925000, 69.73910233162368400 ) ) ;
#4761 = CARTESIAN_POINT ( 'NONE',  ( 1945.262490858883700, -419.0604984005302100, -370.3309461597321500 ) ) ;
#4762 = CARTESIAN_POINT ( 'NONE',  ( -212.4786724770602300, 239.9999999999999700, -120.0000000000000100 ) ) ;
#4763 = PRODUCT_DEFINITION_CONTEXT ( 'detailed design', #4429, 'design' ) ;
#4764 = CARTESIAN_POINT ( 'NONE',  ( 1936.182603176759400, -359.5926840060019500, 270.1029186132419700 ) ) ;
#4765 = CARTESIAN_POINT ( 'NONE',  ( 2756.045694921517700, -155.7622686305114100, 149.6497189656783700 ) ) ;
#4766 = CARTESIAN_POINT ( 'NONE',  ( 2142.884080707395700, 271.3882007229872800, -533.5346185274223700 ) ) ;
#4767 = ORIENTED_EDGE ( 'NONE', *, *, #1919, .F. ) ;
#4768 = CARTESIAN_POINT ( 'NONE',  ( 1745.288412520326300, 549.2723545610540400, 508.3063729834473200 ) ) ;
#4769 = CARTESIAN_POINT ( 'NONE',  ( 1477.725320600777200, -314.5488627203043300, 451.0318294030097900 ) ) ;
#4770 = CARTESIAN_POINT ( 'NONE',  ( 2913.058602738332000, -395.7210352374131600, 18.31083667629140900 ) ) ;
#4771 = CARTESIAN_POINT ( 'NONE',  ( 1018.053454592234900, 91.63156540070524200, 398.4282165457964900 ) ) ;
#4772 = CARTESIAN_POINT ( 'NONE',  ( 61.94123650696375400, 238.8012600038293800, -504.7053722392482800 ) ) ;
#4773 = CARTESIAN_POINT ( 'NONE',  ( 501.5535131067824200, -29.51566734873629400, -549.0899838837712000 ) ) ;
#4774 = CARTESIAN_POINT ( 'NONE',  ( 1803.116091545434800, 405.7279550311412200, -371.1551878238090000 ) ) ;
#4775 = CARTESIAN_POINT ( 'NONE',  ( 898.6602136775934500, -502.8294584525314700, -294.5675607843201100 ) ) ;
#4776 = CARTESIAN_POINT ( 'NONE',  ( 960.7151196917280900, -166.8375490195445300, 390.4678884455473200 ) ) ;
#4777 = CARTESIAN_POINT ( 'NONE',  ( 2575.279595916936200, 407.9254959631784900, -27.17393563126099600 ) ) ;
#4778 = CARTESIAN_POINT ( 'NONE',  ( 2203.404928311688800, -405.3885048912043800, -52.93011542146828700 ) ) ;
#4779 = CARTESIAN_POINT ( 'NONE',  ( 3070.071476600145200, -296.2566836394083800, -57.29476911810584700 ) ) ;
#4780 = CARTESIAN_POINT ( 'NONE',  ( 1410.692433297708000, -404.9200367458236100, 385.7428092252263200 ) ) ;
#4781 = CARTESIAN_POINT ( 'NONE',  ( 539.1730885321711600, 446.7477934543438800, 398.4057255574193200 ) ) ;
#4782 = CARTESIAN_POINT ( 'NONE',  ( 2026.673589800193700, 597.6134402988686800, -34.18382225024655700 ) ) ;
#4783 = EDGE_CURVE ( 'NONE', #5135, #1496, #5516, .T. ) ;
#4784 = CARTESIAN_POINT ( 'NONE',  ( 1907.984890546921600, 565.7504198060343000, -489.9005839793443900 ) ) ;
#4785 = CARTESIAN_POINT ( 'NONE',  ( 1105.850453990153900, 396.4971611974475500, -381.0004166280697900 ) ) ;
#4786 = CARTESIAN_POINT ( 'NONE',  ( 61.94123650696374000, 277.1456154857600000, -462.9264347758796100 ) ) ;
#4787 = MECHANICAL_DESIGN_GEOMETRIC_PRESENTATION_REPRESENTATION (  '', ( #2013 ), #6237 ) ;
#4788 = CARTESIAN_POINT ( 'NONE',  ( 2156.920201199609900, -349.1606599853435600, -212.6698724672440300 ) ) ;
#4789 = CARTESIAN_POINT ( 'NONE',  ( 61.94123650696374000, 226.7607438494719900, -79.66522243802505400 ) ) ;
#4790 = CARTESIAN_POINT ( 'NONE',  ( 13.46760736639966000, -509.6218037361648500, 206.5349510598405500 ) ) ;
#4791 = CARTESIAN_POINT ( 'NONE',  ( 2639.834816800528600, -212.7703006303695200, -507.0959506385610800 ) ) ;
#4792 = CARTESIAN_POINT ( 'NONE',  ( 2860.914187334267400, -709.4940777486798400, 113.9424800680316400 ) ) ;
#4793 = CARTESIAN_POINT ( 'NONE',  ( -74.32948380835655700, 156.4885250849705500, -273.4507029127910300 ) ) ;
#4794 = CARTESIAN_POINT ( 'NONE',  ( 131.6678996750783300, -247.8750968034590600, -527.4885316022832700 ) ) ;
#4795 = CARTESIAN_POINT ( 'NONE',  ( 1286.105543605267300, 248.3360195457722700, -344.4260374339733100 ) ) ;
#4796 = CARTESIAN_POINT ( 'NONE',  ( 2711.946325481545500, -194.8109252462116400, 184.1596754441544300 ) ) ;
#4797 = AXIS2_PLACEMENT_3D ( 'NONE', #4076, #90, #5117 ) ;
#4798 = CARTESIAN_POINT ( 'NONE',  ( 2435.826462530583300, 153.7611886634599000, 378.8127946555094900 ) ) ;
#4799 = CARTESIAN_POINT ( 'NONE',  ( 2448.214759445655500, 158.1302315888606800, 394.0748478219521200 ) ) ;
#4800 = CARTESIAN_POINT ( 'NONE',  ( 2389.342408646170000, -12.94021989509038700, 408.6245404184758700 ) ) ;
#4801 = CARTESIAN_POINT ( 'NONE',  ( 3193.954313400776800, -447.3764987952537800, -14.05382395343975900 ) ) ;
#4802 = CARTESIAN_POINT ( 'NONE',  ( 2479.832800531580200, 333.0110073429833600, -449.2885737906152000 ) ) ;
#4803 = CARTESIAN_POINT ( 'NONE',  ( 3028.565558404761300, 233.5902021780445900, -384.3155640935921200 ) ) ;
#4804 = CARTESIAN_POINT ( 'NONE',  ( 3105.937045763334900, -259.7236197753831600, -124.9597842732329700 ) ) ;
#4805 = CARTESIAN_POINT ( 'NONE',  ( 2747.180983310392500, 581.2604193006569600, -142.9927676942836600 ) ) ;
#4806 = B_SPLINE_CURVE_WITH_KNOTS ( 'NONE', 3,
 ( #2968, #958, #2949, #5020, #5001, #1950, #1970, #519, #5495, #4556, #2497, #497, #3454, #4494, #4023 ),
 .UNSPECIFIED., .F., .F.,
 ( 4, 1, 1, 1, 1, 1, 1, 1, 1, 1, 1, 1, 4 ),
 ( 0.0000000000000000000, 0.06882060749274084000, 0.1444367811561306200, 0.2265734837793111100, 0.3143638868665878400, 0.4063271544737623900, 0.5005520515802957000, 0.5947400496169268400, 0.6865953304574402600, 0.7742139161178787100, 0.8561256478117081900, 0.9314755821440551300, 1.000000000000000000 ),
 .UNSPECIFIED. ) ;
#4807 = CARTESIAN_POINT ( 'NONE',  ( 955.0547063535583400, 10.60719410067578700, 748.3067935364021000 ) ) ;
#4808 = CARTESIAN_POINT ( 'NONE',  ( 495.8710903151130100, 420.6873633871350600, -57.63897046587885600 ) ) ;
#4809 = CARTESIAN_POINT ( 'NONE',  ( 1980.188897023553000, 560.1966539528076500, 210.9270271562255100 ) ) ;
#4810 = CARTESIAN_POINT ( 'NONE',  ( 971.5686810386348500, -77.68962174533504600, 401.3800416943053100 ) ) ;
#4811 = CARTESIAN_POINT ( 'NONE',  ( -218.9543979933612500, 269.9928421958454100, -413.7501840887812800 ) ) ;
#4812 = CARTESIAN_POINT ( 'NONE',  ( 664.2486437360743100, -548.9969862515819200, -31.18639701263822100 ) ) ;
#4813 = CARTESIAN_POINT ( 'NONE',  ( 1617.178435935709800, 329.5991631944002100, 440.1534395616987500 ) ) ;
#4814 = CARTESIAN_POINT ( 'NONE',  ( 2860.914187333821200, -733.7616332481304700, -116.6321069678473900 ) ) ;
#4815 = CARTESIAN_POINT ( 'NONE',  ( 304.2513026773505100, -298.5487197981361200, 29.08631645308278400 ) ) ;
#4816 = CYLINDRICAL_SURFACE ( 'NONE', #5077, 99.99999999999987200 ) ;
#4817 = CARTESIAN_POINT ( 'NONE',  ( 218.9543979933612300, 102.6764426042016500, -443.5327902788291700 ) ) ;
#4818 = CARTESIAN_POINT ( 'NONE',  ( 457.0583078476417400, 126.4095295898101900, 568.8834104917342500 ) ) ;
#4819 = CARTESIAN_POINT ( 'NONE',  ( 95.07192497943377400, 61.98415244450459500, -291.2725963511994100 ) ) ;
#4820 = CARTESIAN_POINT ( 'NONE',  ( 2180.162697556363600, -385.6362288835674100, -135.7430616858941900 ) ) ;
#4821 = CARTESIAN_POINT ( 'NONE',  ( 1970.982985784417500, 245.8691482465315500, -326.6341335361593700 ) ) ;
#4822 = CARTESIAN_POINT ( 'NONE',  ( 2756.022436658548500, -273.0002634493473000, 194.1953221661810000 ) ) ;
#4823 = CARTESIAN_POINT ( 'NONE',  ( 2572.801633262142300, -109.2659224581771900, -548.4540979986442200 ) ) ;
#4824 = CARTESIAN_POINT ( 'NONE',  ( 2772.901359422152800, 133.1706569936520500, 429.5673262422029100 ) ) ;
#4825 = CARTESIAN_POINT ( 'NONE',  ( 2915.822899625886300, -172.7150191533067400, 14.48333695233352900 ) ) ;
#4826 = CARTESIAN_POINT ( 'NONE',  ( 2584.486072003222900, 206.1898670171466100, 561.9573656443061500 ) ) ;
#4827 = CARTESIAN_POINT ( 'NONE',  ( 2210.132405450569900, -718.3711273606498900, 209.8052810518254000 ) ) ;
#4828 = CARTESIAN_POINT ( 'NONE',  ( 170.4804369296374500, -397.8368357175933700, 148.4115961522967700 ) ) ;
#4829 = CARTESIAN_POINT ( 'NONE',  ( 2398.548215580975000, -579.4618532461498700, 150.1150153989878200 ) ) ;
#4830 = CARTESIAN_POINT ( 'NONE',  ( 901.8421260510220900, -298.0916718714199200, 279.7909329588440000 ) ) ;
#4831 = VERTEX_POINT ( 'NONE', #6119 ) ;
#4832 = CARTESIAN_POINT ( 'NONE',  ( 218.9543979933612300, 102.6764426042016500, -443.5327902788291700 ) ) ;
#4833 = CARTESIAN_POINT ( 'NONE',  ( 943.1548941114621100, 422.3808002936156100, 352.0862817840582000 ) ) ;
#4834 = CARTESIAN_POINT ( 'NONE',  ( 472.6291722519906700, 423.5032764882386700, 30.73959188267947000 ) ) ;
#4835 = CARTESIAN_POINT ( 'NONE',  ( 3049.329366391451500, -459.4718099792878500, 195.1663895976002200 ) ) ;
#4836 = CARTESIAN_POINT ( 'NONE',  ( -262.7452775920334600, 277.0649366493153100, -420.2950526883337800 ) ) ;
#4837 = CARTESIAN_POINT ( 'NONE',  ( 838.8222125356851400, -54.59457325633655200, -294.9528146306931800 ) ) ;
#4838 = EDGE_LOOP ( 'NONE', ( #4183, #642, #806, #4579 ) ) ;
#4839 = CARTESIAN_POINT ( 'NONE',  ( 95.07192497943366000, 51.51502657973360000, -286.9363988957420600 ) ) ;
#4840 = CARTESIAN_POINT ( 'NONE',  ( 2798.837071188560000, 369.8761170507961500, 271.0786730570944800 ) ) ;
#4841 = EDGE_CURVE ( 'NONE', #557, #4111, #387, .T. ) ;
#4842 = CARTESIAN_POINT ( 'NONE',  ( 118.3131296094114800, 14.50708819478170500, -299.6430114112869800 ) ) ;
#4843 = CARTESIAN_POINT ( 'NONE',  ( 227.8187199142183200, -225.3772771229022900, 341.0963069125597300 ) ) ;
#4844 = CARTESIAN_POINT ( 'NONE',  ( 2459.068978824392600, 228.8838889371591000, 338.7530435901072100 ) ) ;
#4845 = CARTESIAN_POINT ( 'NONE',  ( 2714.732731029443100, 102.1565880085949800, -395.8609714694922600 ) ) ;
#4846 = CARTESIAN_POINT ( 'NONE',  ( 2913.058602738325600, -416.2739075224482700, -66.47794835451811900 ) ) ;
#4847 = VERTEX_POINT ( 'NONE', #5608 ) ;
#4848 = CARTESIAN_POINT ( 'NONE',  ( 576.4515705495059600, 229.5460322802655400, -338.3049041257580700 ) ) ;
#4849 = CARTESIAN_POINT ( 'NONE',  ( 2610.206225453813200, -412.2722532962525300, 179.7076922432017100 ) ) ;
#4850 = CARTESIAN_POINT ( 'NONE',  ( 3116.306266183629800, 207.7334664316556400, -75.08446361947326900 ) ) ;
#4851 = CARTESIAN_POINT ( 'NONE',  ( 1629.078633936744600, -162.5815829000341600, 730.5089847721835700 ) ) ;
#4852 = CARTESIAN_POINT ( 'NONE',  ( 914.2304167421048100, -310.7586711241626700, 289.3599569291124600 ) ) ;
#4853 = CARTESIAN_POINT ( 'NONE',  ( 3049.329676713991400, -583.7598392864972500, -111.2394574081362900 ) ) ;
#4854 = CARTESIAN_POINT ( 'NONE',  ( 811.3513263333267100, 63.62013724456926400, -251.3879904554557400 ) ) ;
#4855 = CARTESIAN_POINT ( 'NONE',  ( 100.7538683739703900, -409.3679296927246000, -112.7710983124488800 ) ) ;
#4856 = CARTESIAN_POINT ( 'NONE',  ( 123.9963410469408600, -423.8488862914642800, -25.54015740645628800 ) ) ;
#4857 = CARTESIAN_POINT ( 'NONE',  ( 2610.206225453813200, -412.2722532962525300, 179.7076922432017100 ) ) ;
#4858 = CARTESIAN_POINT ( 'NONE',  ( 3237.745125152325700, -429.3041634083028300, 11.33429197045065700 ) ) ;
#4859 = EDGE_CURVE ( 'NONE', #4439, #1276, #4962, .T. ) ;
#4860 = CARTESIAN_POINT ( 'NONE',  ( -74.32948380835657100, 62.40871473764769900, -401.0477601495258600 ) ) ;
#4861 = CARTESIAN_POINT ( 'NONE',  ( 1257.181593491779900, 214.4719387770451200, 209.7129248147742800 ) ) ;
#4862 = CARTESIAN_POINT ( 'NONE',  ( -61.94123650696380400, 85.45494405054934400, -413.5030687041288500 ) ) ;
#4863 = CARTESIAN_POINT ( 'NONE',  ( 759.2070700394655200, 121.9718128805633800, -569.8512138027094800 ) ) ;
#4864 = CARTESIAN_POINT ( 'NONE',  ( 2587.667891479652100, 423.7877350758161600, -26.53503590373044200 ) ) ;
#4865 = CARTESIAN_POINT ( 'NONE',  ( 1831.529844317450900, 387.2729829050004500, 131.0005425950149600 ) ) ;
#4866 = CARTESIAN_POINT ( 'NONE',  ( 1808.287385317118200, 351.7441527592567400, 208.3691259644004400 ) ) ;
#4867 = CARTESIAN_POINT ( 'NONE',  ( 3036.902349825744700, -225.4543811013532200, 219.1331831645552200 ) ) ;
#4868 = CARTESIAN_POINT ( 'NONE',  ( 855.3578526468928700, -385.9010660686927800, 134.9886644695433800 ) ) ;
#4869 = CARTESIAN_POINT ( 'NONE',  ( 399.7199734853725800, -238.1608205816302200, 549.1722140993224500 ) ) ;
#4870 = CARTESIAN_POINT ( 'NONE',  ( 3088.718752992886000, -292.6324184296635700, -104.6136529378435500 ) ) ;
#4871 = CARTESIAN_POINT ( 'NONE',  ( 1582.571717650021600, -163.3117308542658500, -251.6087245053055000 ) ) ;
#4872 = CARTESIAN_POINT ( 'NONE',  ( 2674.976980331954600, 189.3595568904810000, -724.0288382863764100 ) ) ;
#4873 = CARTESIAN_POINT ( 'NONE',  ( 658.5664191527041600, -10.91872795160985300, -424.4771967385190700 ) ) ;
#4874 = CARTESIAN_POINT ( 'NONE',  ( -67.60230132446807300, -190.0720845643592200, -722.5978973854461200 ) ) ;
#4875 = CARTESIAN_POINT ( 'NONE',  ( 346.5075455992479200, -248.3301923838689000, 74.67040157278444200 ) ) ;
#4876 = CARTESIAN_POINT ( 'NONE',  ( 3187.478672477060200, 100.0000000000065200, -7.327471962526033200E-012 ) ) ;
#4877 = CARTESIAN_POINT ( 'NONE',  ( 309.9335742612011000, 16.12685566109080100, 424.3112665430387000 ) ) ;
#4878 = CARTESIAN_POINT ( 'NONE',  ( 1843.214083114957200, -441.6218556632881600, -85.05048319545096500 ) ) ;
#4879 = CARTESIAN_POINT ( 'NONE',  ( 2712.252545012363500, -372.1881971566755900, 192.7840489452790100 ) ) ;
#4880 = CARTESIAN_POINT ( 'NONE',  ( 7.068685283820073600, 77.83011404218044000, 58.59249179352710300 ) ) ;
#4881 = CARTESIAN_POINT ( 'NONE',  ( 1187.455032857055100, 50.97094735670005900, 295.6005539409268300 ) ) ;
#4882 = CARTESIAN_POINT ( 'NONE',  ( 218.9543979933612300, 185.8288040617309500, -376.8912527037577400 ) ) ;
#4883 = CARTESIAN_POINT ( 'NONE',  ( 2176.980307464918000, 29.89778353012718900, -581.9911357455704300 ) ) ;
#4884 = CARTESIAN_POINT ( 'NONE',  ( 1575.865933373982700, -354.6728188623264900, 203.3435267732591000 ) ) ;
#4885 =( BOUNDED_CURVE ( )  B_SPLINE_CURVE ( 3, ( #6045, #997, #3541, #1445 ),
 .UNSPECIFIED., .F., .F. ) 
 B_SPLINE_CURVE_WITH_KNOTS ( ( 4, 4 ),
 ( 0.5000000000000003300, 1.000000000000000000 ),
 .UNSPECIFIED. ) 
 CURVE ( )  GEOMETRIC_REPRESENTATION_ITEM ( )  RATIONAL_B_SPLINE_CURVE ( ( 0.9999999999999995600, 0.3333333333333333700, 0.3333333333333338100, 1.000000000000000000 ) ) 
 REPRESENTATION_ITEM ( '' )  );
#4886 = CARTESIAN_POINT ( 'NONE',  ( 74.32948380835651400, 111.2394629292836200, -583.7599928626818800 ) ) ;
#4887 = CARTESIAN_POINT ( 'NONE',  ( 2756.045694921611800, -539.9981329068213000, -72.77600842461059500 ) ) ;
#4888 = CARTESIAN_POINT ( 'NONE',  ( 1227.233138174156000, 352.1507527871983700, -207.6806113650737900 ) ) ;
#4889 = CARTESIAN_POINT ( 'NONE',  ( 911.0485072771466500, -515.8889378272607500, -303.5935884600432400 ) ) ;
#4890 = CARTESIAN_POINT ( 'NONE',  ( 74.32948380835650000, 294.4481660093152900, -125.9050476356390100 ) ) ;
#4891 = CARTESIAN_POINT ( 'NONE',  ( 885.3059058006292600, -169.4370905953257700, -247.5251434881892600 ) ) ;
#4892 = CARTESIAN_POINT ( 'NONE',  ( -30.32324535254412400, -516.6141118167936400, 214.1664593070955800 ) ) ;
#4893 = FACE_OUTER_BOUND ( 'NONE', #4025, .T. ) ;
#4894 = CARTESIAN_POINT ( 'NONE',  ( 519.1132809578360800, 399.6280679885772400, -143.5183736566619900 ) ) ;
#4895 = CARTESIAN_POINT ( 'NONE',  ( 2514.759513694204500, -162.0853516893876900, 576.2279770388951200 ) ) ;
#4896 = CARTESIAN_POINT ( 'NONE',  ( 834.5936282176522800, 10.17526613241944700, -259.1138695913126600 ) ) ;
#4897 = CARTESIAN_POINT ( 'NONE',  ( -262.7452775920335700, 199.3160147699521200, -87.90057180780044600 ) ) ;
#4898 = CARTESIAN_POINT ( 'NONE',  ( 2442.532931823791400, -271.2981730203009100, 127.9646991245763000 ) ) ;
#4899 = CARTESIAN_POINT ( 'NONE',  ( 1262.159252680972300, -287.4528680122937200, 345.8810483907577700 ) ) ;
#4900 =( NAMED_UNIT ( * ) PLANE_ANGLE_UNIT ( ) SI_UNIT ( $, .RADIAN. ) );
#4901 = CARTESIAN_POINT ( 'NONE',  ( 40.72305108517033300, -148.5439864521826200, -192.1582638235019000 ) ) ;
#4902 = CARTESIAN_POINT ( 'NONE',  ( 769.0956451462069500, 128.5361685062489100, -271.0280137304287700 ) ) ;
#4903 = CARTESIAN_POINT ( 'NONE',  ( 218.9543979933612500, 167.3695522412555200, -401.2152291334380700 ) ) ;
#4904 = CARTESIAN_POINT ( 'NONE',  ( 1061.355435237922400, -348.1958377790681400, 467.2976757908674600 ) ) ;
#4905 = CARTESIAN_POINT ( 'NONE',  ( 1738.560823647652800, 163.0113932353458800, 374.9252281212895900 ) ) ;
#4906 = EDGE_CURVE ( 'NONE', #3879, #3330, #3529, .T. ) ;
#4907 = CARTESIAN_POINT ( 'NONE',  ( 3049.329676713991800, -128.8966211336805500, 190.4503272979998500 ) ) ;
#4908 = CARTESIAN_POINT ( 'NONE',  ( 120.8137213188532400, -136.3155906131772500, -582.5035932242822100 ) ) ;
#4909 = CARTESIAN_POINT ( 'NONE',  ( 994.8109940705564900, 7.125442083486890800, 408.7674051819816400 ) ) ;
#4910 = CARTESIAN_POINT ( 'NONE',  ( 1027.259008544207500, -522.0670670258753000, 292.8425027183498100 ) ) ;
#4911 = CARTESIAN_POINT ( 'NONE',  ( 2900.670323286164600, -401.5287427649265100, -47.77596111903063300 ) ) ;
#4912 = CARTESIAN_POINT ( 'NONE',  ( 74.32948380835651400, 348.5911293478941400, -293.0236770722414100 ) ) ;
#4913 = CARTESIAN_POINT ( 'NONE',  ( 1326.908152948169100, 296.6697050904174400, 44.32615074150692200 ) ) ;
#4914 = ORIENTED_EDGE ( 'NONE', *, *, #2397, .F. ) ;
#4915 = CARTESIAN_POINT ( 'NONE',  ( 411.2780621090939800, 194.6982792832938600, -524.2604665746869200 ) ) ;
#4916 = CARTESIAN_POINT ( 'NONE',  ( 2076.340061156901400, -78.21191419390091000, -417.3522151804077100 ) ) ;
#4917 = CARTESIAN_POINT ( 'NONE',  ( 536.6954708465418700, 422.2087788904947300, -617.9121558888823500 ) ) ;
#4918 = CARTESIAN_POINT ( 'NONE',  ( 416.2341279928628000, -157.5191146795218900, 205.9884163925012500 ) ) ;
#4919 = CARTESIAN_POINT ( 'NONE',  ( 31.02730239950738100, -265.7657841759900100, -331.1837440498681000 ) ) ;
#4920 = CARTESIAN_POINT ( 'NONE',  ( 683.7981962873586800, 330.0300407112753800, 318.3911922578366200 ) ) ;
#4921 = ORIENTED_EDGE ( 'NONE', *, *, #3766, .T. ) ;
#4922 = CARTESIAN_POINT ( 'NONE',  ( 1796.729480986066400, -369.2680074124819500, -256.7170348167210200 ) ) ;
#4923 = CARTESIAN_POINT ( 'NONE',  ( 79.88909829134588800, -165.4183735007925700, 61.15552960875766800 ) ) ;
#4924 = CARTESIAN_POINT ( 'NONE',  ( 1076.925835126850000, 253.3444557373080700, 340.7589659639286900 ) ) ;
#4925 = CARTESIAN_POINT ( 'NONE',  ( -95.07192497943371700, 183.7691912277825300, -679.5439825254233000 ) ) ;
#4926 = CARTESIAN_POINT ( 'NONE',  ( 1386.746198213174500, 442.1207603719805100, -379.6533904618980300 ) ) ;
#4927 = CARTESIAN_POINT ( 'NONE',  ( 646.1781409625371000, -12.14106314151158200, -408.6492134051850900 ) ) ;
#4928 = CARTESIAN_POINT ( 'NONE',  ( -190.4138504674039900, 1.788615867363189300, 118.5887924628530900 ) ) ;
#4929 = CARTESIAN_POINT ( 'NONE',  ( 971.5686810386348500, -77.68962174533504600, 401.3800416943053100 ) ) ;
#4930 = CARTESIAN_POINT ( 'NONE',  ( 1515.344957384407300, -107.0802542596842500, -588.9351303694046500 ) ) ;
#4931 = CARTESIAN_POINT ( 'NONE',  ( 978.2753440339637300, -297.1913287805816700, -40.68221700882590100 ) ) ;
#4932 = CARTESIAN_POINT ( 'NONE',  ( -100.0498025344757300, -544.1559282587727500, -129.0596705844267000 ) ) ;
#4933 = CARTESIAN_POINT ( 'NONE',  ( 1657.980722345475900, -176.3698985561189000, 386.2558888736069200 ) ) ;
#4934 = CARTESIAN_POINT ( 'NONE',  ( 652.9065367370261600, -321.2612545525711300, -675.9195940682147900 ) ) ;
#4935 = CARTESIAN_POINT ( 'NONE',  ( 2830.943882699823500, -290.7470170300139200, -287.4085872306010900 ) ) ;
#4936 = CARTESIAN_POINT ( 'NONE',  ( 2512.259468964009600, -144.9141359597954900, 262.6357750398379900 ) ) ;
#4937 = CARTESIAN_POINT ( 'NONE',  ( 608.8996468606658300, 595.4551909446561200, 61.18689397571959900 ) ) ;
#4938 = CARTESIAN_POINT ( 'NONE',  ( 3036.689686365617000, -154.4781301543609700, 186.8306154562400000 ) ) ;
#4939 = CARTESIAN_POINT ( 'NONE',  ( 681.8088664285991200, -98.59627392807516300, -413.0117641535836100 ) ) ;
#4940 = CARTESIAN_POINT ( 'NONE',  ( 2386.159971798925200, -563.8450016468631200, 147.2630189794618600 ) ) ;
#4941 = CARTESIAN_POINT ( 'NONE',  ( 1599.107701871207600, -304.8683681995390200, 272.3911103210491500 ) ) ;
#4942 = CARTESIAN_POINT ( 'NONE',  ( 399.7199734853725800, -238.1608205816302200, 549.1722140993224500 ) ) ;
#4943 = CARTESIAN_POINT ( 'NONE',  ( 2342.858031528222900, -177.4216387119981800, 368.3246009432328900 ) ) ;
#4944 = CARTESIAN_POINT ( 'NONE',  ( 2900.670323285992700, -402.0555753003217200, -51.66683224123438800 ) ) ;
#4945 = CARTESIAN_POINT ( 'NONE',  ( 490.1893650057283500, 58.20994020395953300, 294.2606571781699400 ) ) ;
#4946 = CARTESIAN_POINT ( 'NONE',  ( 2489.038566708996300, 701.9818969463057100, 259.4161197535246400 ) ) ;
#4947 = CARTESIAN_POINT ( 'NONE',  ( 1286.105543605267300, 248.3360195457722700, -344.4260374339733100 ) ) ;
#4948 = CARTESIAN_POINT ( 'NONE',  ( 1350.172353010304500, -304.5768951681650900, -683.6000820416887800 ) ) ;
#4949 = CARTESIAN_POINT ( 'NONE',  ( 1229.710564508704200, 92.73621303091903200, 242.1640309548533900 ) ) ;
#4950 = CARTESIAN_POINT ( 'NONE',  ( 751.5354303600801100, -321.8494659751147500, -276.9708697004175000 ) ) ;
#4951 = CARTESIAN_POINT ( 'NONE',  ( 2674.954070547529700, 245.0620444395558800, 172.9801347693215200 ) ) ;
#4952 = CARTESIAN_POINT ( 'NONE',  ( 841.3219338972845700, -240.2614165288519000, -548.2562584482448100 ) ) ;
#4953 = DIRECTION ( 'NONE',  ( -1.000000000000000000, -0.0000000000000000000, -0.0000000000000000000 ) ) ;
#4954 = CARTESIAN_POINT ( 'NONE',  ( 1991.042709108003900, 576.2583337924389800, 86.79907786807672200 ) ) ;
#4955 = CARTESIAN_POINT ( 'NONE',  ( 1913.644669105993200, 406.1886734279198100, -123.7368040717043800 ) ) ;
#4956 = CARTESIAN_POINT ( 'NONE',  ( -218.9543979933613100, 117.3497738230759100, -535.3166833039991800 ) ) ;
#4957 = CARTESIAN_POINT ( 'NONE',  ( 2037.527198184496200, 561.9953544726968200, -154.1712240957641900 ) ) ;
#4958 = CARTESIAN_POINT ( 'NONE',  ( 578.9303727214212400, 187.3722881904863600, 179.2631200084561800 ) ) ;
#4959 = CARTESIAN_POINT ( 'NONE',  ( 2322.115517620144100, -310.4224412663452900, 635.8529435316356700 ) ) ;
#4960 = CARTESIAN_POINT ( 'NONE',  ( 260.2668605273730100, -596.1613532927333400, -53.87492320917659300 ) ) ;
#4961 = CARTESIAN_POINT ( 'NONE',  ( 2273.131480239427700, -359.5563928209452300, 194.5781166533428700 ) ) ;
#4962 = CIRCLE ( 'NONE', #5389, 99.99999999999987200 ) ;
#4963 = CARTESIAN_POINT ( 'NONE',  ( 1977.688402698277500, 249.2333217498158100, 166.9139215341209600 ) ) ;
#4964 = CARTESIAN_POINT ( 'NONE',  ( 1596.629649365538600, 423.5733624230036900, 365.1605025754530500 ) ) ;
#4965 = CARTESIAN_POINT ( 'NONE',  ( 1448.801046349031100, -314.9553174178816400, -284.7860491532835600 ) ) ;
#4966 = CARTESIAN_POINT ( 'NONE',  ( 1164.234322424581300, 710.1619504407572100, -236.1048967073333500 ) ) ;
#4967 = EDGE_CURVE ( 'NONE', #551, #5541, #2929, .T. ) ;
#4968 = CARTESIAN_POINT ( 'NONE',  ( 1834.008465800864800, -122.7949330315522300, 228.3966156263556700 ) ) ;
#4969 = ORIENTED_EDGE ( 'NONE', *, *, #2465, .F. ) ;
#4970 = CARTESIAN_POINT ( 'NONE',  ( 1286.105543605267300, 248.3360195457722700, -344.4260374339733100 ) ) ;
#4971 = CARTESIAN_POINT ( 'NONE',  ( 2791.165602905485700, 272.8481024610047700, -124.6256286572787700 ) ) ;
#4972 = CARTESIAN_POINT ( 'NONE',  ( 213.7827403328464300, -523.1865014850374100, -290.8394436726119400 ) ) ;
#4973 =( NAMED_UNIT ( * ) PLANE_ANGLE_UNIT ( ) SI_UNIT ( $, .RADIAN. ) );
#4974 = CARTESIAN_POINT ( 'NONE',  ( 2130.495849232353100, 263.1798616781942400, -519.9462471761703500 ) ) ;
#4975 = CARTESIAN_POINT ( 'NONE',  ( 2194.540315944585900, 446.8567221279050700, -103.0124584344297000 ) ) ;
#4976 = CARTESIAN_POINT ( 'NONE',  ( 1541.769440031708200, -422.5238979995637600, 42.11548391066070000 ) ) ;
#4977 = ORIENTED_EDGE ( 'NONE', *, *, #3838, .F. ) ;
#4978 = CARTESIAN_POINT ( 'NONE',  ( 61.94123650696374000, 277.1456154857600000, -462.9264347758796100 ) ) ;
#4979 = CARTESIAN_POINT ( 'NONE',  ( 439.4980905702097400, 705.6582925170100700, 52.12633714131116100 ) ) ;
#4980 = CARTESIAN_POINT ( 'NONE',  ( 2110.436127032379800, -233.0236594598453300, -335.9188281568156100 ) ) ;
#4981 = DIRECTION ( 'NONE',  ( 1.000000000000000000, 0.0000000000000000000, -0.0000000000000000000 ) ) ;
#4982 = CARTESIAN_POINT ( 'NONE',  ( 2391.842108417315100, 120.8972340433620600, 697.1764017116078100 ) ) ;
#4983 = ORIENTED_EDGE ( 'NONE', *, *, #5650, .T. ) ;
#4984 = CARTESIAN_POINT ( 'NONE',  ( 1599.107701871207600, -304.8683681995390200, 272.3911103210491500 ) ) ;
#4985 = CARTESIAN_POINT ( 'NONE',  ( 3128.021748429783200, -200.2693637265524800, -114.1285236644537900 ) ) ;
#4986 = CARTESIAN_POINT ( 'NONE',  ( 1503.661003696634200, 13.88868573812979400, 559.0742720035025300 ) ) ;
#4987 = ORIENTED_EDGE ( 'NONE', *, *, #312, .T. ) ;
#4988 = CARTESIAN_POINT ( 'NONE',  ( 1565.011821730056900, -404.6396834679588300, 128.7120176484132200 ) ) ;
#4989 = CARTESIAN_POINT ( 'NONE',  ( 513.4533527927926600, 541.0309617402874700, -517.0701696152318600 ) ) ;
#4990 = CARTESIAN_POINT ( 'NONE',  ( 1020.530938022287700, -258.8633331868131200, 15.27110078977111500 ) ) ;
#4991 = CARTESIAN_POINT ( 'NONE',  ( 1448.801046349031100, -314.9553174178816400, -284.7860491532835600 ) ) ;
#4992 =( BOUNDED_SURFACE ( )  B_SPLINE_SURFACE ( 3, 3, ( 
 ( #2607, #656, #1133, #581, #3630, #2633, #4135, #1159, #2170, #5233, #1107, #4649, #6209, #5181, #6186 ),
 ( #2146, #4699, #5743, #4161, #5669, #1621, #3167, #3139, #5158, #5719, #1670, #128, #5695, #631, #148 ),
 ( #175, #3681, #2193, #2679, #679, #2705, #1719, #5319, #765, #1804, #2750, #4299, #242, #2727, #4832 ),
 ( #2794, #4789, #3307, #1269, #5343, #1209, #4256, #6284, #1741, #2308, #4772, #3815, #2284, #6342, #4747 ),
 ( #4279, #3218, #3730, #5791, #701, #3792, #5832, #5854, #3243, #3751, #2773, #1249, #6303, #6321, #1762 ),
 ( #2815, #746, #5278, #2220, #201, #3267, #4321, #266, #4811, #1783, #223, #3771, #786, #5298, #4235 ),
 ( #2264, #1293, #5257, #2243, #5813, #286, #5766, #724, #1230, #3287, #6386, #1829, #2901, #5958, #4362 ) ),
 .UNSPECIFIED., .T., .F., .T. ) 
 B_SPLINE_SURFACE_WITH_KNOTS ( ( 4, 3, 4 ),
 ( 4, 1, 1, 1, 1, 1, 1, 1, 1, 1, 1, 1, 4 ),
 ( 0.0000000000000000000, 0.5000000000000000000, 1.000000000000000000 ),
 ( 0.0000000000000000000, 0.06872001483710212000, 0.1441621501476888800, 0.2260670143695056000, 0.3135939262562698100, 0.4053086433777585200, 0.4993180314041685300, 0.5933736809744103400, 0.6852230481327128400, 0.7729622596479137600, 0.8551453571842779800, 0.9309162955894704200, 1.000000000000000000 ),
 .UNSPECIFIED. ) 
 GEOMETRIC_REPRESENTATION_ITEM ( )  RATIONAL_B_SPLINE_SURFACE ( (
 ( 1.000000000000000000, 1.000000000000000000, 0.9999999999999997800, 1.000000000000000200, 1.000000000000000000, 1.000000000000000000, 1.000000000000000000, 1.000000000000000000, 1.000000000000000200, 1.000000000000000000, 1.000000000000000200, 0.9999999999999997800, 1.000000000000000200, 1.000000000000000000, 1.000000000000000000),
 ( 0.3333333333333333700, 0.3333333333333333700, 0.3333333333333333100, 0.3333333333333334300, 0.3333333333333333700, 0.3333333333333334300, 0.3333333333333333700, 0.3333333333333333700, 0.3333333333333333700, 0.3333333333333333700, 0.3333333333333333700, 0.3333333333333332600, 0.3333333333333334800, 0.3333333333333333700, 0.3333333333333333700),
 ( 0.3333333333333333700, 0.3333333333333333700, 0.3333333333333333100, 0.3333333333333334300, 0.3333333333333333700, 0.3333333333333334300, 0.3333333333333333700, 0.3333333333333333700, 0.3333333333333333700, 0.3333333333333333700, 0.3333333333333333700, 0.3333333333333332600, 0.3333333333333334800, 0.3333333333333333700, 0.3333333333333333700),
 ( 1.000000000000000000, 1.000000000000000000, 0.9999999999999997800, 1.000000000000000200, 1.000000000000000000, 1.000000000000000000, 1.000000000000000000, 1.000000000000000000, 1.000000000000000200, 1.000000000000000000, 1.000000000000000200, 0.9999999999999997800, 1.000000000000000200, 1.000000000000000000, 1.000000000000000000),
 ( 0.3333333333333333700, 0.3333333333333333700, 0.3333333333333333100, 0.3333333333333334300, 0.3333333333333333700, 0.3333333333333334300, 0.3333333333333333700, 0.3333333333333333700, 0.3333333333333333700, 0.3333333333333333700, 0.3333333333333333700, 0.3333333333333332600, 0.3333333333333334800, 0.3333333333333333700, 0.3333333333333333700),
 ( 0.3333333333333333700, 0.3333333333333333700, 0.3333333333333333100, 0.3333333333333334300, 0.3333333333333333700, 0.3333333333333334300, 0.3333333333333333700, 0.3333333333333333700, 0.3333333333333333700, 0.3333333333333333700, 0.3333333333333333700, 0.3333333333333332600, 0.3333333333333334800, 0.3333333333333333700, 0.3333333333333333700),
 ( 1.000000000000000000, 1.000000000000000000, 0.9999999999999997800, 1.000000000000000200, 1.000000000000000000, 1.000000000000000000, 1.000000000000000000, 1.000000000000000000, 1.000000000000000200, 1.000000000000000000, 1.000000000000000200, 0.9999999999999997800, 1.000000000000000200, 1.000000000000000000, 1.000000000000000000) ) ) 
 REPRESENTATION_ITEM ( '' )  SURFACE ( )  );
#4993 = CARTESIAN_POINT ( 'NONE',  ( 1288.094953688802900, -25.52213297516372500, 457.8655974256256500 ) ) ;
#4994 = CARTESIAN_POINT ( 'NONE',  ( 2819.385893546110800, 295.8250264139487100, 338.7487857946575200 ) ) ;
#4995 = CARTESIAN_POINT ( 'NONE',  ( 1014.870789427402000, -507.6927729436624800, 286.1045136165090500 ) ) ;
#4996 = CARTESIAN_POINT ( 'NONE',  ( 1474.032386738106700, 458.1621514105892700, -19.47943490787018600 ) ) ;
#4997 = CARTESIAN_POINT ( 'NONE',  ( 1286.105543605267300, 248.3360195457722700, -344.4260374339733100 ) ) ;
#4998 = CARTESIAN_POINT ( 'NONE',  ( -218.9543979933612000, 155.9565399543092200, -519.8566980715010000 ) ) ;
#4999 = CARTESIAN_POINT ( 'NONE',  ( 2943.972415225950000, -304.5525083594847000, -496.8312597548844000 ) ) ;
#5000 = CARTESIAN_POINT ( 'NONE',  ( 392.9921492923884900, -196.7660016309477000, 168.8982555092605700 ) ) ;
#5001 = CARTESIAN_POINT ( 'NONE',  ( 3049.329681723848800, -574.8004379396920700, 46.60759042979163500 ) ) ;
#5002 = CARTESIAN_POINT ( 'NONE',  ( 2717.232607401382200, 34.79236044220343900, -706.7275669140431100 ) ) ;
#5003 = CARTESIAN_POINT ( 'NONE',  ( 1529.381141778443400, -406.6488903093054400, 42.17010152653240600 ) ) ;
#5004 = CARTESIAN_POINT ( 'NONE',  ( 2792.401393038030200, -2.845758233158001800, 55.10784776039293600 ) ) ;
#5005 = CARTESIAN_POINT ( 'NONE',  ( 1224.754777184448100, -344.1957357941510600, -440.7792312543448900 ) ) ;
#5006 = CARTESIAN_POINT ( 'NONE',  ( 201.3944709491654200, -509.9090920513600600, -282.1366020917331000 ) ) ;
#5007 = CARTESIAN_POINT ( 'NONE',  ( 262.7452775920333500, 120.3851473101709500, -429.1814764432467700 ) ) ;
#5008 = CARTESIAN_POINT ( 'NONE',  ( 1815.014994956483200, 742.9265327789588600, 90.19796161004110500 ) ) ;
#5009 = CARTESIAN_POINT ( 'NONE',  ( 1694.555367301053400, -255.3875697330814800, -44.95336815930699000 ) ) ;
#5010 = CARTESIAN_POINT ( 'NONE',  ( 1007.199265687309200, 5.708957576117353700, 424.5792010107563200 ) ) ;
#5011 = CARTESIAN_POINT ( 'NONE',  ( 1102.157577733573100, -453.1598415778300400, -70.27778575480782300 ) ) ;
#5012 = CARTESIAN_POINT ( 'NONE',  ( 446.2047306532791100, 4.818936519545588700, 598.5709141142781400 ) ) ;
#5013 = CARTESIAN_POINT ( 'NONE',  ( 1828.347534558495200, -22.75354399955214600, 582.3141763209314400 ) ) ;
#5014 = CARTESIAN_POINT ( 'NONE',  ( 1357.821519990492600, 247.5321021956319800, 386.0312930718574200 ) ) ;
#5015 = CARTESIAN_POINT ( 'NONE',  ( 2169.308499944308100, -361.7615035966590000, -222.3258304501967500 ) ) ;
#5016 = CARTESIAN_POINT ( 'NONE',  ( 3236.420158786580900, -220.6080475744996100, 72.37459076121379600 ) ) ;
#5017 = CARTESIAN_POINT ( 'NONE',  ( 3089.113886560038700, -295.1974235706154600, -95.91326648711108800 ) ) ;
#5018 = CARTESIAN_POINT ( 'NONE',  ( 2618.581858289627700, 406.0499209653943400, 418.0085606876605200 ) ) ;
#5019 = CARTESIAN_POINT ( 'NONE',  ( 2133.678375752125700, -297.5436869918284500, -280.3732969205333300 ) ) ;
#5020 = CARTESIAN_POINT ( 'NONE',  ( 3049.329675514650700, -588.1856845505677700, -8.660119634567463400 ) ) ;
#5021 = CARTESIAN_POINT ( 'NONE',  ( 1880.514080424407200, 677.1339868174885600, -205.3299897570987300 ) ) ;
#5022 = CARTESIAN_POINT ( 'NONE',  ( 2505.553029002816400, 346.5245866394955100, 216.9385758716241500 ) ) ;
#5023 = CARTESIAN_POINT ( 'NONE',  ( 3046.831704464057100, 191.6507908719628400, -65.14121918203527200 ) ) ;
#5024 = CARTESIAN_POINT ( 'NONE',  ( 1178.270253080322400, -136.0446939150971600, -542.4466161824152600 ) ) ;
#5025 = CARTESIAN_POINT ( 'NONE',  ( 1014.870789427402100, -507.6927729436625300, 286.1045136165090500 ) ) ;
#5026 = CARTESIAN_POINT ( 'NONE',  ( -74.32948380835655700, 156.4885250849705500, -273.4507029127910300 ) ) ;
#5027 = CARTESIAN_POINT ( 'NONE',  ( 1745.288412520326300, 549.2723545610540400, 508.3063729834473200 ) ) ;
#5028 = CARTESIAN_POINT ( 'NONE',  ( 495.8710903151130100, 420.6873633871350600, -57.63897046587885600 ) ) ;
#5029 = CARTESIAN_POINT ( 'NONE',  ( 1857.249527881839900, -72.83023044203082500, 248.8758181013771500 ) ) ;
#5030 = CARTESIAN_POINT ( 'NONE',  ( 1030.441681961543100, 93.52055891879226100, 414.1905898548604900 ) ) ;
#5031 = AXIS2_PLACEMENT_3D ( 'NONE', #3660, #608, #5131 ) ;
#5032 = CARTESIAN_POINT ( 'NONE',  ( 1352.649921599882000, 573.5437186227494500, -171.3418620467308200 ) ) ;
#5033 = CARTESIAN_POINT ( 'NONE',  ( 1851.589571262223900, 98.34352554730629900, 574.4008214432833500 ) ) ;
#5034 = CARTESIAN_POINT ( 'NONE',  ( 1985.360617051264600, -36.75100135512103300, 457.1015336846743900 ) ) ;
#5035 = CARTESIAN_POINT ( 'NONE',  ( 2450.204251577324200, -373.1747943770811800, -266.5192885791622100 ) ) ;
#5036 = CARTESIAN_POINT ( 'NONE',  ( 2332.004084576911300, -260.8449718800333700, 335.0520991329650500 ) ) ;
#5037 = CARTESIAN_POINT ( 'NONE',  ( 3036.941464435581100, -497.8687535770160900, 142.5266229423604600 ) ) ;
#5038 = CARTESIAN_POINT ( 'NONE',  ( 3088.991728456072500, -307.7759480910423200, -92.08669666964918600 ) ) ;
#5039 = CARTESIAN_POINT ( 'NONE',  ( 416.2566793304299600, 679.5623604467949700, 197.1449002440046200 ) ) ;
#5040 = CARTESIAN_POINT ( 'NONE',  ( 2040.709556439610400, 7.924836468852119800, -408.7525988768615000 ) ) ;
#5041 = CARTESIAN_POINT ( 'NONE',  ( 52.90244797800254900, -132.3116509325712400, 46.59428548970140600 ) ) ;
#5042 = CARTESIAN_POINT ( 'NONE',  ( 1741.060994770441100, 407.3712335865843700, 578.5495111975782300 ) ) ;
#5043 = CARTESIAN_POINT ( 'NONE',  ( -61.94123650696380400, 66.47794375361736700, -416.2737795422888800 ) ) ;
#5044 = CARTESIAN_POINT ( 'NONE',  ( 3193.244306748671500, -207.6242594232664900, 75.01694550193181500 ) ) ;
#5045 = CARTESIAN_POINT ( 'NONE',  ( 304.2513026773505100, -298.5487197981361200, 29.08631645308278400 ) ) ;
#5046 = CARTESIAN_POINT ( 'NONE',  ( 111.6081081681089600, -408.1841559741618000, -22.96429054626377600 ) ) ;
#5047 = CARTESIAN_POINT ( 'NONE',  ( 224.6367756512845200, -557.2844597401455100, -170.4143663213350200 ) ) ;
#5048 = CARTESIAN_POINT ( 'NONE',  ( -102.4609649642265200, 258.1940255030845000, 54.08525167119712800 ) ) ;
#5049 = CARTESIAN_POINT ( 'NONE',  ( 2913.058602738325600, -416.2739075224484400, -66.47794835451715300 ) ) ;
#5050 = CARTESIAN_POINT ( 'NONE',  ( 2303.101120556306300, -326.9732843112175300, 673.1746565984915400 ) ) ;
#5051 = CARTESIAN_POINT ( 'NONE',  ( -15.45675980767026500, -109.4079797478691500, -410.1956625905695500 ) ) ;
#5052 = CARTESIAN_POINT ( 'NONE',  ( 843.7998514711841800, 434.1781254379839100, -117.2693242292845900 ) ) ;
#5053 = CARTESIAN_POINT ( 'NONE',  ( 2285.519723658380400, -374.2439546804560600, 200.6027234723002600 ) ) ;
#5054 = VERTEX_POINT ( 'NONE', #4393 ) ;
#5055 = CARTESIAN_POINT ( 'NONE',  ( 1399.134501503036300, 454.9042045925018600, -389.0662783808938900 ) ) ;
#5056 = CARTESIAN_POINT ( 'NONE',  ( 2915.048128434052200, 420.4518820234447400, -183.0648175731747400 ) ) ;
#5057 = CARTESIAN_POINT ( 'NONE',  ( 2124.813749666337100, 422.5027062033366900, 178.2805201527243100 ) ) ;
#5058 = CARTESIAN_POINT ( 'NONE',  ( 102.8195093603087300, 11.15384093291164200, -296.2708806930673400 ) ) ;
#5059 = CARTESIAN_POINT ( 'NONE',  ( 2756.549116713601500, -149.8048581463636100, 147.0099274563677900 ) ) ;
#5060 = CARTESIAN_POINT ( 'NONE',  ( 3132.182772613326500, 222.7650482719267000, 147.8097204765352300 ) ) ;
#5061 = ORIENTED_EDGE ( 'NONE', *, *, #3535, .T. ) ;
#5062 = CARTESIAN_POINT ( 'NONE',  ( 3089.085822685086400, -257.7613617091500400, -75.81427437136878200 ) ) ;
#5063 = CARTESIAN_POINT ( 'NONE',  ( 346.5301352226541700, 435.2691741421315900, 557.8636718366675500 ) ) ;
#5064 = CARTESIAN_POINT ( 'NONE',  ( 1880.492401679272900, -19.70520995916286500, 258.5639305167250100 ) ) ;
#5065 = CARTESIAN_POINT ( 'NONE',  ( 2913.058602738182800, -407.7202966610681200, -3.552609226616567600 ) ) ;
#5066 = CARTESIAN_POINT ( 'NONE',  ( 2246.706862182200000, -316.6982801385259400, -489.1929746829453600 ) ) ;
#5067 = CARTESIAN_POINT ( 'NONE',  ( 3182.082714599204800, -13.86650480873304200, 119.3320261147851700 ) ) ;
#5068 = CARTESIAN_POINT ( 'NONE',  ( 3193.089124569695700, -207.4190121206467300, 74.89004969454065000 ) ) ;
#5069 = CARTESIAN_POINT ( 'NONE',  ( 2503.075059824455800, 232.7378171881364300, -508.5178615265531300 ) ) ;
#5070 =( BOUNDED_SURFACE ( )  B_SPLINE_SURFACE ( 3, 3, ( 
 ( #3394, #794, #1872, #5412, #1854, #856, #3840, #3861, #1835, #2354, #6433, #837, #4862, #6411, #1299 ),
 ( #4370, #1341, #3314, #5906, #4306, #2374, #2800, #4839, #5348, #2315, #5925, #4347, #3375, #3337, #2291 ),
 ( #5859, #817, #372, #353, #5368, #2336, #3880, #6392, #3357, #4882, #4903, #2889, #771, #1277, #4817 ),
 ( #1789, #5327, #5838, #6469, #933, #3472, #1967, #4491, #6532, #4978, #3432, #4432, #3451, #1946, #413 ),
 ( #3958, #2473, #432, #2453, #913, #2906, #2412, #4473, #1461, #5492, #3936, #1420, #4925, #1442, #3978 ),
 ( #879, #2394, #6514, #3919, #6002, #895, #5963, #5982, #4454, #2926, #955, #4998, #4956, #1927, #2946 ),
 ( #5472, #2429, #5511, #5431, #6493, #2965, #6450, #6024, #450, #2983, #3493, #1401, #5945, #3900, #4411 ) ),
 .UNSPECIFIED., .T., .F., .F. ) 
 B_SPLINE_SURFACE_WITH_KNOTS ( ( 4, 3, 4 ),
 ( 4, 1, 1, 1, 1, 1, 1, 1, 1, 1, 1, 1, 4 ),
 ( 0.0000000000000000000, 0.5000000000000000000, 1.000000000000000000 ),
 ( 0.0000000000000000000, 0.06872001483710212000, 0.1441621501476888800, 0.2260670143695056000, 0.3135939262562698100, 0.4053086433777585200, 0.4993180314041685300, 0.5933736809744103400, 0.6852230481327128400, 0.7729622596479137600, 0.8551453571842779800, 0.9309162955894704200, 1.000000000000000000 ),
 .UNSPECIFIED. ) 
 GEOMETRIC_REPRESENTATION_ITEM ( )  RATIONAL_B_SPLINE_SURFACE ( (
 ( 1.000000000000000000, 1.000000000000000000, 0.9999999999999997800, 1.000000000000000200, 1.000000000000000000, 1.000000000000000000, 1.000000000000000000, 1.000000000000000000, 1.000000000000000200, 1.000000000000000000, 1.000000000000000200, 0.9999999999999997800, 1.000000000000000200, 1.000000000000000000, 1.000000000000000000),
 ( 0.3333333333333333700, 0.3333333333333333700, 0.3333333333333333100, 0.3333333333333334300, 0.3333333333333333700, 0.3333333333333334300, 0.3333333333333333700, 0.3333333333333333700, 0.3333333333333333700, 0.3333333333333333700, 0.3333333333333333700, 0.3333333333333332600, 0.3333333333333334800, 0.3333333333333333700, 0.3333333333333333700),
 ( 0.3333333333333333700, 0.3333333333333333700, 0.3333333333333333100, 0.3333333333333334300, 0.3333333333333333700, 0.3333333333333334300, 0.3333333333333333700, 0.3333333333333333700, 0.3333333333333333700, 0.3333333333333333700, 0.3333333333333333700, 0.3333333333333332600, 0.3333333333333334800, 0.3333333333333333700, 0.3333333333333333700),
 ( 1.000000000000000000, 1.000000000000000000, 0.9999999999999997800, 1.000000000000000200, 1.000000000000000000, 1.000000000000000000, 1.000000000000000000, 1.000000000000000000, 1.000000000000000200, 1.000000000000000000, 1.000000000000000200, 0.9999999999999997800, 1.000000000000000200, 1.000000000000000000, 1.000000000000000000),
 ( 0.3333333333333333700, 0.3333333333333333700, 0.3333333333333333100, 0.3333333333333334300, 0.3333333333333333700, 0.3333333333333334300, 0.3333333333333333700, 0.3333333333333333700, 0.3333333333333333700, 0.3333333333333333700, 0.3333333333333333700, 0.3333333333333332600, 0.3333333333333334800, 0.3333333333333333700, 0.3333333333333333700),
 ( 0.3333333333333333700, 0.3333333333333333700, 0.3333333333333333100, 0.3333333333333334300, 0.3333333333333333700, 0.3333333333333334300, 0.3333333333333333700, 0.3333333333333333700, 0.3333333333333333700, 0.3333333333333333700, 0.3333333333333333700, 0.3333333333333332600, 0.3333333333333334800, 0.3333333333333333700, 0.3333333333333333700),
 ( 1.000000000000000000, 1.000000000000000000, 0.9999999999999997800, 1.000000000000000200, 1.000000000000000000, 1.000000000000000000, 1.000000000000000000, 1.000000000000000000, 1.000000000000000200, 1.000000000000000000, 1.000000000000000200, 0.9999999999999997800, 1.000000000000000200, 1.000000000000000000, 1.000000000000000000) ) ) 
 REPRESENTATION_ITEM ( '' )  SURFACE ( )  );
#5071 = CARTESIAN_POINT ( 'NONE',  ( 1084.597351757886800, -243.8638517159889700, 529.2808039725416600 ) ) ;
#5072 = CARTESIAN_POINT ( 'NONE',  ( -61.94123650696379000, 119.9427753087445900, -194.6341534985648100 ) ) ;
#5073 = CARTESIAN_POINT ( 'NONE',  ( 262.7452775920334000, 180.5740719037229400, -368.6910906713820900 ) ) ;
#5074 = CARTESIAN_POINT ( 'NONE',  ( 2791.187306806376000, -530.2395451797093500, -528.7671773341608100 ) ) ;
#5075 = CARTESIAN_POINT ( 'NONE',  ( -61.94123650696368300, 66.47794375361687000, -416.2737795422889300 ) ) ;
#5076 = CARTESIAN_POINT ( 'NONE',  ( 355.7138894645690900, -252.3467224321426000, -372.3964848091840700 ) ) ;
#5077 = AXIS2_PLACEMENT_3D ( 'NONE', #3351, #386, #46 ) ;
#5078 = CARTESIAN_POINT ( 'NONE',  ( 2445.032954837234200, -468.9163509213315100, 372.0588658271693700 ) ) ;
#5079 = CARTESIAN_POINT ( 'NONE',  ( 1590.243512515564800, 213.8727365927341000, -405.6491760769940200 ) ) ;
#5080 = CARTESIAN_POINT ( 'NONE',  ( 2233.353311866839200, -40.05595218552311800, -297.2763012922104600 ) ) ;
#5081 = CARTESIAN_POINT ( 'NONE',  ( -262.7452775920333500, 262.5090072239705100, -151.0092967843533500 ) ) ;
#5082 = CARTESIAN_POINT ( 'NONE',  ( 2879.928489444475900, -700.8366108754701100, -40.73965360824528400 ) ) ;
#5083 = CARTESIAN_POINT ( 'NONE',  ( 2999.743770017367800, -43.61645227610394900, -83.79272227445885300 ) ) ;
#5084 = CARTESIAN_POINT ( 'NONE',  ( 3237.773239987544500, -289.9163298801390200, 94.18521755321170000 ) ) ;
#5085 = CARTESIAN_POINT ( 'NONE',  ( 1369.186595258514000, -286.6752478637018300, -646.9070702270215600 ) ) ;
#5086 = CARTESIAN_POINT ( 'NONE',  ( 857.8366537865208600, -43.71195888690263600, -255.6030187008933300 ) ) ;
#5087 = PLANE ( 'NONE',  #1599 ) ;
#5088 = CARTESIAN_POINT ( 'NONE',  ( 2851.003999033269300, 163.5623078978643700, -559.3343674969760300 ) ) ;
#5089 = CARTESIAN_POINT ( 'NONE',  ( 3187.478672477060200, 11.40110497998510800, -99.34794816822811500 ) ) ;
#5090 = CARTESIAN_POINT ( 'NONE',  ( 227.8187199142183200, -225.3772771229022900, 341.0963069125597300 ) ) ;
#5091 = CARTESIAN_POINT ( 'NONE',  ( 131.6678996750783300, -247.8750968034590600, -527.4885316022832700 ) ) ;
#5092 = CARTESIAN_POINT ( 'NONE',  ( 114.0863099753203800, 5.525733981221088200, -311.3858165543753100 ) ) ;
#5093 = CARTESIAN_POINT ( 'NONE',  ( 2326.344232401462700, -180.4602056018060200, 726.2989454256384100 ) ) ;
#5094 = CARTESIAN_POINT ( 'NONE',  ( -212.4786724770602000, 1.469576158976824000E-014, 120.0000000000000100 ) ) ;
#5095 = CARTESIAN_POINT ( 'NONE',  ( 471.9248840879378700, -448.7134743131605300, 30.31221430427568100 ) ) ;
#5096 = CARTESIAN_POINT ( 'NONE',  ( 2122.824377100373600, -240.6304480669044800, -349.8528394635234200 ) ) ;
#5097 = CARTESIAN_POINT ( 'NONE',  ( 2375.306395425003300, -597.9879193506377500, 26.84759801078627800 ) ) ;
#5098 = CARTESIAN_POINT ( 'NONE',  ( 2310.751125219810100, 136.0094512717834900, -437.9422130331711900 ) ) ;
#5099 = CARTESIAN_POINT ( 'NONE',  ( 2349.564110149685800, -277.0083277344277200, -115.0829984261213200 ) ) ;
#5100 = CARTESIAN_POINT ( 'NONE',  ( -114.0863099753204500, 489.6196448203934900, -208.0236237976753300 ) ) ;
#5101 = EDGE_CURVE ( 'NONE', #3330, #1496, #4089, .T. ) ;
#5102 = CARTESIAN_POINT ( 'NONE',  ( 2756.123789793825400, -225.1941401118157600, 183.5892211574374400 ) ) ;
#5103 = CARTESIAN_POINT ( 'NONE',  ( 2923.718066291639800, -130.4059901587794200, -30.13438746711416300 ) ) ;
#5104 = CARTESIAN_POINT ( 'NONE',  ( 2712.254833905822100, -551.0497076873497200, -67.80136981844459900 ) ) ;
#5105 = CARTESIAN_POINT ( 'NONE',  ( 1787.546001188230100, 606.8757369903933100, 363.8313857910028400 ) ) ;
#5106 = CARTESIAN_POINT ( 'NONE',  ( 826.9441898674067500, -91.50784331766880100, 542.2154368105526600 ) ) ;
#5107 = CARTESIAN_POINT ( 'NONE',  ( 1508.616755333633400, 69.77059860364595100, -249.7508355526563800 ) ) ;
#5108 = CARTESIAN_POINT ( 'NONE',  ( -156.1196116435774300, 2.281264772294913100, 98.20009533649255200 ) ) ;
#5109 = CARTESIAN_POINT ( 'NONE',  ( 2758.035009248055800, 524.2813227968631500, -254.4342215877591400 ) ) ;
#5110 = CARTESIAN_POINT ( 'NONE',  ( -95.07192497943360400, 111.6640252224263200, -693.5351566610086100 ) ) ;
#5111 = CARTESIAN_POINT ( 'NONE',  ( -38.69938682774781600, -18.69921223518427300, -425.0968237248495100 ) ) ;
#5112 = CARTESIAN_POINT ( 'NONE',  ( 320.7878103750613300, 101.3818789635052900, 396.0594884951320300 ) ) ;
#5113 = CARTESIAN_POINT ( 'NONE',  ( 2006.613505947774500, 181.0966141674948600, -384.0624778713066100 ) ) ;
#5114 = CARTESIAN_POINT ( 'NONE',  ( -62.43245932280328200, 101.6169966916318800, -180.1752205435168400 ) ) ;
#5115 = CARTESIAN_POINT ( 'NONE',  ( 74.32948380835648500, 249.8294634042912000, -516.0673710570571300 ) ) ;
#5116 = CARTESIAN_POINT ( 'NONE',  ( 643.7002053088064000, -552.1195939445380000, 89.00314253282012100 ) ) ;
#5117 = DIRECTION ( 'NONE',  ( 0.0000000000000000000, 1.000000000000000000, 0.0000000000000000000 ) ) ;
#5118 = CARTESIAN_POINT ( 'NONE',  ( 495.1670185467374400, -432.7063443004453800, 122.5884975812069200 ) ) ;
#5119 = AXIS2_PLACEMENT_3D ( 'NONE', #3602, #98, #577 ) ;
#5120 = CARTESIAN_POINT ( 'NONE',  ( 2308.761628918020500, -324.5826141202644000, 273.7631916285900500 ) ) ;
#5121 = CARTESIAN_POINT ( 'NONE',  ( 1817.493899321974600, -147.8951764919388600, 580.0322288644160800 ) ) ;
#5122 = CARTESIAN_POINT ( 'NONE',  ( 1776.180918033373900, -424.6585770000073100, -173.0823276385451900 ) ) ;
#5123 = CARTESIAN_POINT ( 'NONE',  ( 2186.868091533177900, 83.85010856087090800, -288.0046351988498300 ) ) ;
#5124 = CARTESIAN_POINT ( 'NONE',  ( 1747.767334603260200, -459.6443525522867600, 383.4546175174194200 ) ) ;
#5125 = ORIENTED_EDGE ( 'NONE', *, *, #4967, .F. ) ;
#5126 = CARTESIAN_POINT ( 'NONE',  ( 2572.097767339524600, 201.8207916100842300, 546.6953252007306200 ) ) ;
#5127 = CARTESIAN_POINT ( 'NONE',  ( 134.8500624474557100, -404.0896456596732900, 62.07277876350009600 ) ) ;
#5128 = CARTESIAN_POINT ( 'NONE',  ( -74.32948380835657100, 110.5693822564359700, -207.2386007891051100 ) ) ;
#5129 = CARTESIAN_POINT ( 'NONE',  ( 974.0690259231545300, 8.610415589658938300, 707.5286922912405300 ) ) ;
#5130 = CARTESIAN_POINT ( 'NONE',  ( 199.4050750355121400, 255.4919475494118900, 486.9239428048782100 ) ) ;
#5131 = DIRECTION ( 'NONE',  ( 0.0000000000000000000, 0.0000000000000000000, -1.000000000000000000 ) ) ;
#5132 = CARTESIAN_POINT ( 'NONE',  ( 764.8670442418564300, 160.0349822830125700, -204.0400267514923200 ) ) ;
#5133 = CARTESIAN_POINT ( 'NONE',  ( -62.43245932280328200, 101.6169966916318800, -180.1752205435168400 ) ) ;
#5134 = CARTESIAN_POINT ( 'NONE',  ( 253.5612709466024900, -121.0410323563882000, 697.1516276301607600 ) ) ;
#5135 = VERTEX_POINT ( 'NONE', #6453 ) ;
#5136 = CARTESIAN_POINT ( 'NONE',  ( -74.32948380835655700, 156.4885250849705500, -273.4507029127910300 ) ) ;
#5137 = CARTESIAN_POINT ( 'NONE',  ( 2900.670323286000000, -381.8134918375703300, 10.70336082375011700 ) ) ;
#5138 = CARTESIAN_POINT ( 'NONE',  ( 100.7538683739703900, -409.3679296927246000, -112.7710983124488800 ) ) ;
#5139 = CARTESIAN_POINT ( 'NONE',  ( 448.6828243632891100, -445.2641747197407100, -63.27864876080049300 ) ) ;
#5140 = CARTESIAN_POINT ( 'NONE',  ( 599.6940737692442600, 154.5016581032228900, -378.5110712648825600 ) ) ;
#5141 = ORIENTED_EDGE ( 'NONE', *, *, #4435, .F. ) ;
#5142 = CARTESIAN_POINT ( 'NONE',  ( 1960.128809498491400, 321.1986875845480500, -277.7257006169348900 ) ) ;
#5143 = CARTESIAN_POINT ( 'NONE',  ( -218.5971408053313800, 196.9447376095106400, -97.58941570847699200 ) ) ;
#5144 = CARTESIAN_POINT ( 'NONE',  ( 74.32948380835650000, 237.0893072668155800, -67.89925601098237000 ) ) ;
#5145 = CARTESIAN_POINT ( 'NONE',  ( 132.3718214175744100, 155.9185045434632900, 537.0716030272333200 ) ) ;
#5146 = CARTESIAN_POINT ( 'NONE',  ( -127.0435568143245900, 22.06250320313288100, -137.4071869632297800 ) ) ;
#5147 = CARTESIAN_POINT ( 'NONE',  ( 518.4093896943920800, -397.9351980235966300, 209.5494604123211100 ) ) ;
#5148 = CARTESIAN_POINT ( 'NONE',  ( 2424.972829328015500, 73.08442305010659400, 418.2806104678705900 ) ) ;
#5149 = CARTESIAN_POINT ( 'NONE',  ( 1236.438697233534000, 436.8358966498271300, 409.2495118510610700 ) ) ;
#5150 = VERTEX_POINT ( 'NONE', #396 ) ;
#5151 = CARTESIAN_POINT ( 'NONE',  ( 513.4533527927926600, 541.0309617402874700, -517.0701696152318600 ) ) ;
#5152 = CARTESIAN_POINT ( 'NONE',  ( 2984.774684277593700, 233.5191667609280400, -394.6657559848250700 ) ) ;
#5153 = CARTESIAN_POINT ( 'NONE',  ( 3023.586831101177700, -241.5396624920364800, -179.5107752359794500 ) ) ;
#5154 = CARTESIAN_POINT ( 'NONE',  ( -74.32948380835655700, 155.7039187378335900, -321.2351110029808300 ) ) ;
#5155 = CARTESIAN_POINT ( 'NONE',  ( 2595.339636766299900, 310.6712530593217700, 493.0425735044831300 ) ) ;
#5156 = CARTESIAN_POINT ( 'NONE',  ( 573.2695518086054600, 555.1517987935002300, 177.2396994106833900 ) ) ;
#5157 = CARTESIAN_POINT ( 'NONE',  ( 460.2409429860440500, 407.8712830925546800, 27.97167161329847900 ) ) ;
#5158 = CARTESIAN_POINT ( 'NONE',  ( 95.07192497943364600, 53.48270211360663500, -286.6306602477070000 ) ) ;
#5159 = CARTESIAN_POINT ( 'NONE',  ( 2066.452246932685300, -270.7130516999578700, -653.7475437685437800 ) ) ;
#5160 = CARTESIAN_POINT ( 'NONE',  ( 152.9207235351848600, 36.25165513624084900, 548.6865264850312100 ) ) ;
#5161 = CARTESIAN_POINT ( 'NONE',  ( 2019.945571586385500, 239.3326091261991500, 99.81738635281904200 ) ) ;
#5162 = CARTESIAN_POINT ( 'NONE',  ( 2913.058602738468800, -417.4156117387359500, -48.75924005057554200 ) ) ;
#5163 = CARTESIAN_POINT ( 'NONE',  ( 160.5918811930267200, -597.8416514088833100, 378.4919326586007700 ) ) ;
#5164 =( BOUNDED_CURVE ( )  B_SPLINE_CURVE ( 3, ( #850, #304, #6445, #5878 ),
 .UNSPECIFIED., .F., .F. ) 
 B_SPLINE_CURVE_WITH_KNOTS ( ( 4, 4 ),
 ( 0.4999999999999991100, 1.000000000000000000 ),
 .UNSPECIFIED. ) 
 CURVE ( )  GEOMETRIC_REPRESENTATION_ITEM ( )  RATIONAL_B_SPLINE_CURVE ( ( 1.000000000000001300, 0.3333333333333334300, 0.3333333333333322600, 1.000000000000000200 ) ) 
 REPRESENTATION_ITEM ( '' )  );
#5165 = CARTESIAN_POINT ( 'NONE',  ( -114.0863099753204900, 127.0707259597428300, -731.0343627585634700 ) ) ;
#5166 = CARTESIAN_POINT ( 'NONE',  ( 565.5976434057930600, 307.1843288152108500, -293.1516709313598300 ) ) ;
#5167 = CARTESIAN_POINT ( 'NONE',  ( 890.2842171790919100, 349.4074139323137700, -283.1557220208591200 ) ) ;
#5168 = CARTESIAN_POINT ( 'NONE',  ( 1389.928023217614100, -167.6000359438040700, -372.8965830363492800 ) ) ;
#5169 = CARTESIAN_POINT ( 'NONE',  ( 1355.832113132020400, -0.4983282087845749600, -424.6172645515200100 ) ) ;
#5170 = CARTESIAN_POINT ( 'NONE',  ( 762.3890178889648700, -359.1752893258226300, -195.2811131509199400 ) ) ;
#5171 = CARTESIAN_POINT ( 'NONE',  ( 155.6142155425911800, 263.7720421806188800, 493.1345727797499300 ) ) ;
#5172 = EDGE_CURVE ( 'NONE', #4111, #4847, #5976, .T. ) ;
#5173 = CARTESIAN_POINT ( 'NONE',  ( -212.4786724770602000, 0.0000000000000000000, -120.0000000000000100 ) ) ;
#5174 = CARTESIAN_POINT ( 'NONE',  ( 2005.909164707204100, -133.2087700838435800, 429.5554729566486000 ) ) ;
#5175 = CARTESIAN_POINT ( 'NONE',  ( 2758.388602896939100, -132.6468644512640700, 135.3584330927943700 ) ) ;
#5176 = CARTESIAN_POINT ( 'NONE',  ( 1747.767334603260200, -459.6443525522867600, 383.4546175174194200 ) ) ;
#5177 = CARTESIAN_POINT ( 'NONE',  ( 374.0001616167785400, 660.6841625094148200, 351.5287528909124100 ) ) ;
#5178 = CARTESIAN_POINT ( 'NONE',  ( 265.4388504744759400, -88.98076018047559900, -450.0794927929216600 ) ) ;
#5179 = CARTESIAN_POINT ( 'NONE',  ( 2990.457135152888900, -479.1713658245075200, -330.9455658735427600 ) ) ;
#5180 = CARTESIAN_POINT ( 'NONE',  ( 3109.016314621938400, 249.5235062943261300, -90.25180733534246300 ) ) ;
#5181 = CARTESIAN_POINT ( 'NONE',  ( -61.94123650696380400, 76.91665721314180400, -413.5467296088629000 ) ) ;
#5182 = CARTESIAN_POINT ( 'NONE',  ( 1950.240623403478400, 428.5062650410549200, -563.0747848263387100 ) ) ;
#5183 = CARTESIAN_POINT ( 'NONE',  ( 176.1627167432455400, 149.1043241870646300, 529.2808450516089400 ) ) ;
#5184 = CARTESIAN_POINT ( 'NONE',  ( 80.92045836291926300, -34.62335943948301100, -230.4812094567227800 ) ) ;
#5185 = CARTESIAN_POINT ( 'NONE',  ( 2368.578494146633600, -238.0897590852740700, -102.7467264721762200 ) ) ;
#5186 = DIRECTION ( 'NONE',  ( 0.0000000000000000000, 0.0000000000000000000, -1.000000000000000000 ) ) ;
#5187 = CARTESIAN_POINT ( 'NONE',  ( 1160.006874622796000, 703.2780510027447500, -77.91940781880403200 ) ) ;
#5188 = CARTESIAN_POINT ( 'NONE',  ( 74.32948380835650000, 223.0500988841391500, -55.98523330262153100 ) ) ;
#5189 = EDGE_CURVE ( 'NONE', #2296, #8, #673, .T. ) ;
#5190 = CARTESIAN_POINT ( 'NONE',  ( 123.9963410469408600, -423.8488862914642800, -25.54015740645628800 ) ) ;
#5191 = CARTESIAN_POINT ( 'NONE',  ( 378.9562578025245900, -323.7409041977400600, -312.1232783189702200 ) ) ;
#5192 = CARTESIAN_POINT ( 'NONE',  ( 1645.592490735448100, -168.3289443351968900, 372.5678028375854200 ) ) ;
#5193 = CARTESIAN_POINT ( 'NONE',  ( 1332.589761323899200, 87.45577506792334100, -415.5137071736658600 ) ) ;
#5194 = CARTESIAN_POINT ( 'NONE',  ( 994.8109940705564900, 7.125442083486890800, 408.7674051819816400 ) ) ;
#5195 = CARTESIAN_POINT ( 'NONE',  ( 2913.058602738476600, -238.5599280058694900, 56.16150394498585300 ) ) ;
#5196 = CARTESIAN_POINT ( 'NONE',  ( 85.88764378911770300, -75.10123669172428200, 554.1815259330569500 ) ) ;
#5197 = CARTESIAN_POINT ( 'NONE',  ( -110.8945555105407300, -235.7142710303810400, 116.6185847199201500 ) ) ;
#5198 = CARTESIAN_POINT ( 'NONE',  ( 1099.463888512512500, -375.4571019282669800, -247.5774635905335700 ) ) ;
#5199 = CARTESIAN_POINT ( 'NONE',  ( 3165.072200464856000, -188.3468270986746500, -121.4997285094018600 ) ) ;
#5200 = CARTESIAN_POINT ( 'NONE',  ( 1004.017157094244500, -571.3978549119391300, 178.3672906723371900 ) ) ;
#5201 = CARTESIAN_POINT ( 'NONE',  ( 141.5774438116923500, -631.5108899290966100, 401.5834905806967800 ) ) ;
#5202 = CARTESIAN_POINT ( 'NONE',  ( 521.1027264496106000, -280.0743162932089400, 363.1122267145445900 ) ) ;
#5203 = CARTESIAN_POINT ( 'NONE',  ( 2151.748898952923400, -410.2520243614209200, 366.1483185657678500 ) ) ;
#5204 = CARTESIAN_POINT ( 'NONE',  ( 1944.558719275123400, 491.6465166663810500, 312.8755826629608800 ) ) ;
#5205 = CARTESIAN_POINT ( 'NONE',  ( 390.5143769056371100, 314.1764727090795200, 261.5999708246338300 ) ) ;
#5206 = CARTESIAN_POINT ( 'NONE',  ( -80.68791121269480000, 74.01870257587280800, -178.4003266832851600 ) ) ;
#5207 = CARTESIAN_POINT ( 'NONE',  ( 2601.021890062060700, 628.1107635702813900, -325.8036256023433500 ) ) ;
#5208 = CARTESIAN_POINT ( 'NONE',  ( 501.5535131067824200, -29.51566734873629400, -549.0899838837712000 ) ) ;
#5209 = CARTESIAN_POINT ( 'NONE',  ( 2577.758245446177200, -26.04446743455735100, 258.0025500926362800 ) ) ;
#5210 = CARTESIAN_POINT ( 'NONE',  ( 2900.670323286046400, -327.0029706751872700, 49.84296099587631100 ) ) ;
#5211 = CARTESIAN_POINT ( 'NONE',  ( 811.3739793153913500, -702.2689011793012200, 86.54371306149907600 ) ) ;
#5212 = CARTESIAN_POINT ( 'NONE',  ( 262.7452775920334000, 147.0711012232377200, -410.0152894091975800 ) ) ;
#5213 = CARTESIAN_POINT ( 'NONE',  ( 234.5247750193849800, -259.0195949782994900, -151.3166208161177300 ) ) ;
#5214 = CARTESIAN_POINT ( 'NONE',  ( 588.8398500194769000, 239.8086796758640000, -350.4167660466767400 ) ) ;
#5215 = CARTESIAN_POINT ( 'NONE',  ( 3089.085812666163300, -251.0461197640831900, -57.01607069902351600 ) ) ;
#5216 = CARTESIAN_POINT ( 'NONE',  ( 1436.412816951515700, -304.3347994553799900, -272.9866725961280700 ) ) ;
#5217 = CARTESIAN_POINT ( 'NONE',  ( 141.5566040460327900, -65.61871467186978200, -293.6097768460929800 ) ) ;
#5218 = CARTESIAN_POINT ( 'NONE',  ( 1053.683529647383500, 177.2761031780801800, 385.8410636703430900 ) ) ;
#5219 = CARTESIAN_POINT ( 'NONE',  ( 1134.264135669018300, 390.3712866773249200, 121.4570412021601100 ) ) ;
#5220 = CARTESIAN_POINT ( 'NONE',  ( 2913.058602738183300, -407.7202966610681800, -3.552609226616568100 ) ) ;
#5221 = CARTESIAN_POINT ( 'NONE',  ( 1038.817124122409000, 472.3935990753726600, -299.3338576322750600 ) ) ;
#5222 = CARTESIAN_POINT ( 'NONE',  ( 72.00528093031915900, 186.8403022522625700, -27.41591394350645000 ) ) ;
#5223 = CARTESIAN_POINT ( 'NONE',  ( 1215.675029883316900, -402.9580149699040100, 199.7206067891234800 ) ) ;
#5224 = CARTESIAN_POINT ( 'NONE',  ( 3176.166861843479200, 186.5214428041714700, 122.6282871354239500 ) ) ;
#5225 = CARTESIAN_POINT ( 'NONE',  ( 1282.923368767101900, 565.2043306873886200, 197.1154194530632800 ) ) ;
#5226 = LINE ( 'NONE', #3719, #4752 ) ;
#5227 = CARTESIAN_POINT ( 'NONE',  ( -44.35942799025623600, -338.2984247915585500, -668.0211287162869700 ) ) ;
#5228 = CARTESIAN_POINT ( 'NONE',  ( 1102.157577733573100, -453.1598415778300400, -70.27778575480782300 ) ) ;
#5229 = CARTESIAN_POINT ( 'NONE',  ( 1733.389529185310000, 546.2470582862451900, -63.13082499465094300 ) ) ;
#5230 = CARTESIAN_POINT ( 'NONE',  ( 2293.191528487865500, -487.7700191101325200, -318.8852827847960600 ) ) ;
#5231 = CARTESIAN_POINT ( 'NONE',  ( 622.9359121907501700, 72.75816536665867300, -402.3031695377774800 ) ) ;
#5232 = ORIENTED_EDGE ( 'NONE', *, *, #2939, .T. ) ;
#5233 = CARTESIAN_POINT ( 'NONE',  ( -61.94123650696381100, 147.0699192162865600, -372.8707035996889700 ) ) ;
#5234 = CARTESIAN_POINT ( 'NONE',  ( 2647.506062380024600, 442.1959532313745700, -552.3888737273595100 ) ) ;
#5235 = CARTESIAN_POINT ( 'NONE',  ( 1756.631551345904400, 521.3273057727116100, -174.8955697330390000 ) ) ;
#5236 = CARTESIAN_POINT ( 'NONE',  ( 3039.116086553366100, -110.0215323535325100, 160.3208262353556100 ) ) ;
#5237 = DIRECTION ( 'NONE',  ( 0.0000000000000000000, 0.0000000000000000000, -1.000000000000000000 ) ) ;
#5238 = CARTESIAN_POINT ( 'NONE',  ( 1345.943398959132100, -146.4760078975246500, -692.2540302886279700 ) ) ;
#5239 = CARTESIAN_POINT ( 'NONE',  ( 262.7452775920333500, 120.3851473101709500, -429.1814764432467700 ) ) ;
#5240 = CARTESIAN_POINT ( 'NONE',  ( 1704.464960753232400, -4.712376380482749200, 424.5913821206937700 ) ) ;
#5241 = CARTESIAN_POINT ( 'NONE',  ( 1122.706118787519900, -418.5924765437973200, -164.4480213906989800 ) ) ;
#5242 = CARTESIAN_POINT ( 'NONE',  ( 1227.233138174156000, 352.1507527871983700, -207.6806113650737900 ) ) ;
#5243 = CARTESIAN_POINT ( 'NONE',  ( 2703.879034067257600, 190.4675125357092000, -379.5024259260121100 ) ) ;
#5244 = CARTESIAN_POINT ( 'NONE',  ( 1296.959698309846800, 163.7442591325487100, -374.6054027943629900 ) ) ;
#5245 = CARTESIAN_POINT ( 'NONE',  ( 2913.058602738243300, -378.6984817956279100, 37.80443157823968600 ) ) ;
#5246 = CARTESIAN_POINT ( 'NONE',  ( 1619.872123612856300, 490.0192195753982700, 269.5160846257929800 ) ) ;
#5247 = CARTESIAN_POINT ( 'NONE',  ( -105.4262250633745000, 38.59694669307103300, -150.4527669009328300 ) ) ;
#5248 = CARTESIAN_POINT ( 'NONE',  ( 1819.971789061708000, -414.4308622008825300, -174.6713051312991600 ) ) ;
#5249 = CARTESIAN_POINT ( 'NONE',  ( 2966.837838460251100, -79.50425484933451500, -43.14497310310675700 ) ) ;
#5250 = CARTESIAN_POINT ( 'NONE',  ( 1166.712133737088800, 114.2993064727089800, 587.5767434213221300 ) ) ;
#5251 = EDGE_CURVE ( 'NONE', #557, #3175, #6050, .T. ) ;
#5252 = CARTESIAN_POINT ( 'NONE',  ( 2561.243527474346100, 85.33084671455293300, 592.4772953421966100 ) ) ;
#5253 = CARTESIAN_POINT ( 'NONE',  ( 892.9778879739125200, 203.8532090445990000, -410.7756897763131300 ) ) ;
#5254 = CARTESIAN_POINT ( 'NONE',  ( 1407.998762953207500, -519.1418838376802100, 181.2799563736790300 ) ) ;
#5255 = CARTESIAN_POINT ( 'NONE',  ( 3070.071518877155500, -295.4164663556081800, -59.93835959017803100 ) ) ;
#5256 = CARTESIAN_POINT ( 'NONE',  ( 1343.443848272285300, -2.108748872864648400, -408.8240371136929000 ) ) ;
#5257 = CARTESIAN_POINT ( 'NONE',  ( -61.94123650696379000, 135.4254898659800700, -205.8705406480883700 ) ) ;
#5258 = CARTESIAN_POINT ( 'NONE',  ( -172.4701236613733200, -153.1972448238684900, -526.7815483350461800 ) ) ;
#5259 = CARTESIAN_POINT ( 'NONE',  ( 2360.928580006872800, 472.9499289721181900, 280.5167483009792600 ) ) ;
#5260 = CARTESIAN_POINT ( 'NONE',  ( 2122.120321236966900, 304.0494446566562500, 331.3869879743960500 ) ) ;
#5261 = CARTESIAN_POINT ( 'NONE',  ( 2913.058602738476600, -238.5599280058694900, 56.16150394498585300 ) ) ;
#5262 = CARTESIAN_POINT ( 'NONE',  ( -262.7452775920334600, 242.1172482162964700, -121.9177603125666400 ) ) ;
#5263 = CARTESIAN_POINT ( 'NONE',  ( 821.2619938850186800, -423.0941575160816200, -35.93430701073204100 ) ) ;
#5264 = CARTESIAN_POINT ( 'NONE',  ( -185.3495513001858800, -197.8007228281045700, 98.26478307730244000 ) ) ;
#5265 = CARTESIAN_POINT ( 'NONE',  ( 2063.951822567518800, -76.90435639575090900, -401.5310024142213500 ) ) ;
#5266 = CARTESIAN_POINT ( 'NONE',  ( 2332.004084576911300, -260.8449718800333700, 335.0520991329650500 ) ) ;
#5267 = CARTESIAN_POINT ( 'NONE',  ( 1924.498714353193900, 357.1414893114838900, -198.9758098127023800 ) ) ;
#5268 = CARTESIAN_POINT ( 'NONE',  ( 3070.094768818509200, -292.7886863660447700, -55.13458445012954500 ) ) ;
#5269 = CARTESIAN_POINT ( 'NONE',  ( 1991.746900966094200, -533.1826986818604200, -168.7393968996122200 ) ) ;
#5270 = CARTESIAN_POINT ( 'NONE',  ( -262.5984118811017500, 207.7901447936242800, -94.58661120756491400 ) ) ;
#5271 = CARTESIAN_POINT ( 'NONE',  ( 2215.088850990045600, 449.7276620344839000, -2.739574310470763500 ) ) ;
#5272 = CARTESIAN_POINT ( 'NONE',  ( 3194.598723514316100, -204.1946131374903400, 72.89653890499008100 ) ) ;
#5273 = CARTESIAN_POINT ( 'NONE',  ( 3187.478672477060200, 100.0000000000065200, -7.210099418228106000E-012 ) ) ;
#5274 = CARTESIAN_POINT ( 'NONE',  ( 1768.531765209357200, 642.6399935005172200, 383.5231086555073700 ) ) ;
#5275 = CARTESIAN_POINT ( 'NONE',  ( 1779.873675518797000, 473.8006496349414100, -279.0759366805983700 ) ) ;
#5276 = CARTESIAN_POINT ( 'NONE',  ( 3070.071644902612200, -296.3675979039658200, -56.40152470911091600 ) ) ;
#5277 = CARTESIAN_POINT ( 'NONE',  ( 785.6312820181568700, -391.8323695501248400, -116.6574936225211600 ) ) ;
#5278 = CARTESIAN_POINT ( 'NONE',  ( -218.9543979933612000, 234.0107239389012600, -126.9305247898555500 ) ) ;
#5279 = CARTESIAN_POINT ( 'NONE',  ( 2438.326428511730700, 393.0499617291268400, 588.3727697470359300 ) ) ;
#5280 = CARTESIAN_POINT ( 'NONE',  ( 1245.303584046295300, -237.3967298956051500, -495.9981107312677300 ) ) ;
#5281 = CARTESIAN_POINT ( 'NONE',  ( 2900.670323285992700, -402.0555753003217200, -51.66683224123438800 ) ) ;
#5282 = CARTESIAN_POINT ( 'NONE',  ( -262.7452775920335700, 156.7624225944123000, -529.8436848491425100 ) ) ;
#5283 = CARTESIAN_POINT ( 'NONE',  ( 2891.805976846169400, 449.2503408392833000, -92.01511139255748600 ) ) ;
#5284 = CARTESIAN_POINT ( 'NONE',  ( 1797.433837274166500, 311.4368312437213700, 288.6296227836526200 ) ) ;
#5285 = CARTESIAN_POINT ( 'NONE',  ( 2900.670323285990000, -241.8670567078791900, 38.47455339096548200 ) ) ;
#5286 = CARTESIAN_POINT ( 'NONE',  ( 2621.764230157105900, 361.9171673357834000, -190.1511092405969000 ) ) ;
#5287 = CARTESIAN_POINT ( 'NONE',  ( 108.4254982717045400, -133.7778430456611100, -566.8247449017771900 ) ) ;
#5288 = CARTESIAN_POINT ( 'NONE',  ( 1552.623560951768700, -389.0975434933775400, 125.4775962287169100 ) ) ;
#5289 = CARTESIAN_POINT ( 'NONE',  ( 2913.058602738243300, -378.6984817956279100, 37.80443157823968600 ) ) ;
#5290 = CARTESIAN_POINT ( 'NONE',  ( 1875.535921715579900, -122.6915074602546000, -545.6221005518816600 ) ) ;
#5291 = CARTESIAN_POINT ( 'NONE',  ( 3075.049991810418800, 57.80836079527238500, -446.0022778653520800 ) ) ;
#5292 = CARTESIAN_POINT ( 'NONE',  ( 3049.329676713992300, -128.8966211336805500, 190.4503272979998800 ) ) ;
#5293 = CARTESIAN_POINT ( 'NONE',  ( 2445.032954837234200, -468.9163509213315100, 372.0588658271693700 ) ) ;
#5294 = CARTESIAN_POINT ( 'NONE',  ( 1954.468164939675500, 318.6879424755387000, -677.1362766762606500 ) ) ;
#5295 = CARTESIAN_POINT ( 'NONE',  ( 1175.577019182417600, 98.15474620199735500, -541.0517269726733500 ) ) ;
#5296 = CARTESIAN_POINT ( 'NONE',  ( 61.94123650696374700, 195.3574994287726300, -535.8452447604166800 ) ) ;
#5297 = CARTESIAN_POINT ( 'NONE',  ( 1134.264135669018300, 390.3712866773249200, 121.4570412021601100 ) ) ;
#5298 = CARTESIAN_POINT ( 'NONE',  ( -218.9543979933612300, 77.99418144533940700, -540.0896183472039000 ) ) ;
#5299 = CARTESIAN_POINT ( 'NONE',  ( 2345.358473902691900, -171.9982137403081300, 686.3584909233767300 ) ) ;
#5300 = CARTESIAN_POINT ( 'NONE',  ( 1315.030148585234200, -482.9545266924877200, -262.9187416864047000 ) ) ;
#5301 = CARTESIAN_POINT ( 'NONE',  ( 2860.914187334067300, -608.5372291282734500, 266.0524398282406700 ) ) ;
#5302 = CARTESIAN_POINT ( 'NONE',  ( -74.32948380835655700, 123.8214910987587400, -216.6517884334708700 ) ) ;
#5303 = CARTESIAN_POINT ( 'NONE',  ( 480.3007755306078400, 241.4912409802063800, 530.3673701542028300 ) ) ;
#5304 = CARTESIAN_POINT ( 'NONE',  ( 867.7461269232193200, -401.3591344787880600, 138.6035465161454000 ) ) ;
#5305 = CARTESIAN_POINT ( 'NONE',  ( -74.32948380835647100, 62.40871473764720900, -401.0477601495259700 ) ) ;
#5306 = CARTESIAN_POINT ( 'NONE',  ( 3187.478672477060200, -11.40110498074510500, 99.34794816812473100 ) ) ;
#5307 = ORIENTED_EDGE ( 'NONE', *, *, #2128, .T. ) ;
#5308 = CARTESIAN_POINT ( 'NONE',  ( 2017.467073367538700, 92.41071793277018300, -398.2485421015642800 ) ) ;
#5309 = CARTESIAN_POINT ( 'NONE',  ( 2756.123789793825400, -225.1941401118157600, 183.5892211574374400 ) ) ;
#5310 = CARTESIAN_POINT ( 'NONE',  ( 2293.895343110554200, 414.4845656178748100, 375.4456339371893700 ) ) ;
#5311 = CARTESIAN_POINT ( 'NONE',  ( 2563.721666851663500, -449.7274329862719400, -2.779492558661157600 ) ) ;
#5312 = CARTESIAN_POINT ( 'NONE',  ( 3007.979811547152600, -43.32488647793927300, -65.51316065832412500 ) ) ;
#5313 = CARTESIAN_POINT ( 'NONE',  ( 2886.634091152430800, 46.55422769228044200, -596.7770462514776000 ) ) ;
#5314 = ORIENTED_EDGE ( 'NONE', *, *, #4906, .F. ) ;
#5315 = CARTESIAN_POINT ( 'NONE',  ( 2140.405865726676000, -705.1125519405678700, -250.7820364556461100 ) ) ;
#5316 = CARTESIAN_POINT ( 'NONE',  ( 147.2383330595285400, -419.9482504234898700, 62.79714441866369900 ) ) ;
#5317 = CARTESIAN_POINT ( 'NONE',  ( 2445.032954837234200, -468.9163509213315100, 372.0588658271693700 ) ) ;
#5318 = CARTESIAN_POINT ( 'NONE',  ( 1506.139375443380000, -406.5653389248040000, -42.96534603841704600 ) ) ;
#5319 = CARTESIAN_POINT ( 'NONE',  ( 218.9543979933612500, 206.9396171922460300, -316.7047841535695600 ) ) ;
#5320 = CARTESIAN_POINT ( 'NONE',  ( 710.7331864033287700, -514.5368447275823200, 193.9658694090483100 ) ) ;
#5321 = CARTESIAN_POINT ( 'NONE',  ( 1663.662966524490500, 479.6917623978397400, 268.8255277902046600 ) ) ;
#5322 = ORIENTED_EDGE ( 'NONE', *, *, #4859, .F. ) ;
#5323 = CARTESIAN_POINT ( 'NONE',  ( 3237.745163695713000, -444.0139345087862400, -48.00781607447032700 ) ) ;
#5324 = EDGE_CURVE ( 'NONE', #2523, #5054, #3123, .T. ) ;
#5325 = CARTESIAN_POINT ( 'NONE',  ( -74.32948380835655700, 149.1593346570288400, -251.6471261350765500 ) ) ;
#5326 = CARTESIAN_POINT ( 'NONE',  ( 1001.516666340409900, -299.1729300779563200, 21.75042287637936400 ) ) ;
#5327 = CARTESIAN_POINT ( 'NONE',  ( 61.94123650696374000, 226.7607438494719900, -79.66522243802505400 ) ) ;
#5328 = CARTESIAN_POINT ( 'NONE',  ( 108.4254982717045400, -133.7778430456611100, -566.8247449017771900 ) ) ;
#5329 = CARTESIAN_POINT ( 'NONE',  ( 2424.972829328015500, 73.08442305010659400, 418.2806104678705900 ) ) ;
#5330 = CARTESIAN_POINT ( 'NONE',  ( 2900.670323285990000, -232.5574561332275300, 33.02158381743287000 ) ) ;
#5331 = CARTESIAN_POINT ( 'NONE',  ( 2203.404928311688800, -405.3885048912044300, -52.93011542146829400 ) ) ;
#5332 = CARTESIAN_POINT ( 'NONE',  ( 2528.795548898733200, 383.9413992269713800, 140.4651414336964900 ) ) ;
#5333 = CARTESIAN_POINT ( 'NONE',  ( 3036.941397261609800, -570.6839726435006200, -90.15530456760303900 ) ) ;
#5334 = CARTESIAN_POINT ( 'NONE',  ( 2619.285919129543800, -322.1723661262503200, -456.9285457128835300 ) ) ;
#5335 = CARTESIAN_POINT ( 'NONE',  ( 562.4156331600581800, 519.5756421090893600, 297.2400879920754200 ) ) ;
#5336 = CARTESIAN_POINT ( 'NONE',  ( 2956.742692012322500, -81.44996505192692400, -60.40184654232791700 ) ) ;
#5337 = CARTESIAN_POINT ( 'NONE',  ( 2049.915449968865200, 577.5760222382004900, -157.2146597764979100 ) ) ;
#5338 = CARTESIAN_POINT ( 'NONE',  ( 1466.382099399610800, -743.9773940467331400, -81.07443895367096300 ) ) ;
#5339 = CARTESIAN_POINT ( 'NONE',  ( 402.9026067520941900, 325.2240922817134700, 273.0004391538153100 ) ) ;
#5340 = CARTESIAN_POINT ( 'NONE',  ( 2561.243527474346100, 85.33084671455293300, 592.4772953421966100 ) ) ;
#5341 = MECHANICAL_DESIGN_GEOMETRIC_PRESENTATION_REPRESENTATION (  '', ( #3501 ), #5458 ) ;
#5342 = CARTESIAN_POINT ( 'NONE',  ( 1413.170419166095600, -241.1972999808494100, -330.0990726939304500 ) ) ;
#5343 = CARTESIAN_POINT ( 'NONE',  ( 61.94123650696374000, 307.7213332981186200, -180.3963784427493200 ) ) ;
#5344 = CARTESIAN_POINT ( 'NONE',  ( 1012.881457463547600, 548.5729540268505400, 37.92109424141888500 ) ) ;
#5345 = CARTESIAN_POINT ( 'NONE',  ( 54.26977306852646200, -328.5361669032420200, -268.9941428122707000 ) ) ;
#5346 = CARTESIAN_POINT ( 'NONE',  ( 2860.914187333801700, -668.0462830785379500, 192.9994452090155900 ) ) ;
#5347 = CARTESIAN_POINT ( 'NONE',  ( 629.6425071626222200, 297.6681846418740600, 37.03219308249793300 ) ) ;
#5348 = CARTESIAN_POINT ( 'NONE',  ( 95.07192497943364600, 53.48270211360663500, -286.6306602477070000 ) ) ;
#5349 = CARTESIAN_POINT ( 'NONE',  ( 271.1210481409516400, -578.5342046664820800, 70.04085091632109100 ) ) ;
#5350 = CARTESIAN_POINT ( 'NONE',  ( 2448.214759445655500, 158.1302315888606800, 394.0748478219521200 ) ) ;
#5351 = CARTESIAN_POINT ( 'NONE',  ( 2900.670323286084600, -399.1109288281068600, -26.05555586138998300 ) ) ;
#5352 = CARTESIAN_POINT ( 'NONE',  ( 2761.217325254501700, -67.02365524164005700, -403.3010165361355300 ) ) ;
#5353 = CARTESIAN_POINT ( 'NONE',  ( 2913.058602738402000, -414.8524180914482100, -24.71910555930741500 ) ) ;
#5354 = CARTESIAN_POINT ( 'NONE',  ( 646.1781409625371000, -12.14106314151158200, -408.6492134051850900 ) ) ;
#5355 = CARTESIAN_POINT ( 'NONE',  ( 2912.354489005969300, 449.6595077135865500, 8.298136520406787400 ) ) ;
#5356 = CARTESIAN_POINT ( 'NONE',  ( 3051.466241200722400, -103.4850206451573200, 174.7393994572813700 ) ) ;
#5357 = CARTESIAN_POINT ( 'NONE',  ( 838.8222125356851400, -54.59457325633655200, -294.9528146306931800 ) ) ;
#5358 = CARTESIAN_POINT ( 'NONE',  ( 2721.460728222481100, -120.2905296830391100, -738.6399959450524200 ) ) ;
#5359 = CARTESIAN_POINT ( 'NONE',  ( 472.6291722519906700, 423.5032764882386700, 30.73959188267947000 ) ) ;
#5360 = CARTESIAN_POINT ( 'NONE',  ( 2166.126713791505600, 155.0019225271194000, -578.1736379516110000 ) ) ;
#5361 = CARTESIAN_POINT ( 'NONE',  ( 392.9921492923884900, -196.7660016309477000, 168.8982555092605700 ) ) ;
#5362 = CARTESIAN_POINT ( 'NONE',  ( -54.19383950686793100, 31.85626587600423700, -418.7089904382343700 ) ) ;
#5363 = CARTESIAN_POINT ( 'NONE',  ( 333.1760408744870600, 103.6571321955121300, 411.7707511148897800 ) ) ;
#5364 = CARTESIAN_POINT ( 'NONE',  ( 2029.151490245594500, -41.35461218505748300, 447.8312827658100400 ) ) ;
#5365 = CARTESIAN_POINT ( 'NONE',  ( 2860.914187333186000, -265.3678046771872200, 392.9394992167241300 ) ) ;
#5366 = CARTESIAN_POINT ( 'NONE',  ( -154.5506203791088400, 254.1375249354560100, 108.8455748886253800 ) ) ;
#5367 = CARTESIAN_POINT ( 'NONE',  ( 1303.665392060479700, 281.0562927911779000, 104.8094186903592700 ) ) ;
#5368 = CARTESIAN_POINT ( 'NONE',  ( 218.9543979933611400, 190.5247250683831100, -224.7282942253244200 ) ) ;
#5369 = CARTESIAN_POINT ( 'NONE',  ( 387.3317496950428400, -230.8011621520798300, 535.1060836367640800 ) ) ;
#5370 = CARTESIAN_POINT ( 'NONE',  ( 2657.394458048358500, 327.9176437785192800, -269.7594566205813200 ) ) ;
#5371 = CARTESIAN_POINT ( 'NONE',  ( 1785.045603723858700, 300.9619074708048700, 276.7008100709275000 ) ) ;
#5372 =( BOUNDED_CURVE ( )  B_SPLINE_CURVE ( 3, ( #760, #6298, #3830, #1822 ),
 .UNSPECIFIED., .F., .F. ) 
 B_SPLINE_CURVE_WITH_KNOTS ( ( 4, 4 ),
 ( 0.4999999999999998300, 1.000000000000000000 ),
 .UNSPECIFIED. ) 
 CURVE ( )  GEOMETRIC_REPRESENTATION_ITEM ( )  RATIONAL_B_SPLINE_CURVE ( ( 1.000000000000000400, 0.3333333333333334300, 0.3333333333333332000, 1.000000000000000000 ) ) 
 REPRESENTATION_ITEM ( '' )  );
#5373 = DIRECTION ( 'NONE',  ( 1.000000000000000000, -5.598713130157252400E-016, 3.353501265655067900E-016 ) ) ;
#5374 = CARTESIAN_POINT ( 'NONE',  ( 3036.689686365617000, -154.4781301543609700, 186.8306154562400000 ) ) ;
#5375 = CARTESIAN_POINT ( 'NONE',  ( 1296.959698309847000, 163.7442591325487300, -374.6054027943630400 ) ) ;
#5376 = CARTESIAN_POINT ( 'NONE',  ( 97.57206428527278800, -10.42260025326449800, -600.2127772796894800 ) ) ;
#5377 = CARTESIAN_POINT ( 'NONE',  ( 2935.222762715896400, -126.1933831036805300, -14.27904136924179400 ) ) ;
#5378 = CARTESIAN_POINT ( 'NONE',  ( 1861.478043246002500, -18.70983373605167800, 299.3787394844368400 ) ) ;
#5379 = CARTESIAN_POINT ( 'NONE',  ( 2465.797335447652600, 633.0342105363076800, 399.1787801556571900 ) ) ;
#5380 = CARTESIAN_POINT ( 'NONE',  ( 1076.925835126850000, 253.3444557373080700, 340.7589659639286900 ) ) ;
#5381 = CARTESIAN_POINT ( 'NONE',  ( 2352.063800842601300, -590.5826185423295600, -97.58532468645134400 ) ) ;
#5382 = CARTESIAN_POINT ( 'NONE',  ( 2412.584582171602500, 71.97110503630024400, 402.4445507033064500 ) ) ;
#5383 = FACE_OUTER_BOUND ( 'NONE', #319, .T. ) ;
#5384 = CARTESIAN_POINT ( 'NONE',  ( -912.4786724770601700, 0.0000000000000000000, 100.0000000000000000 ) ) ;
#5385 = CARTESIAN_POINT ( 'NONE',  ( 588.8398500194769000, 239.8086796758640000, -350.4167660466767400 ) ) ;
#5386 = CARTESIAN_POINT ( 'NONE',  ( 1727.002920334284000, -148.8916327017684000, -424.3745833230999000 ) ) ;
#5387 = CARTESIAN_POINT ( 'NONE',  ( 3089.113886560038700, -295.1974235706154600, -95.91326648711108800 ) ) ;
#5388 = CARTESIAN_POINT ( 'NONE',  ( -10.12362205512918400, -187.7253800093647800, -161.2443717392659700 ) ) ;
#5389 = AXIS2_PLACEMENT_3D ( 'NONE', #1423, #5948, #3922 ) ;
#5390 = CARTESIAN_POINT ( 'NONE',  ( 1419.875951381629600, 232.0752328491407800, -190.0489249978498900 ) ) ;
#5391 = ORIENTED_EDGE ( 'NONE', *, *, #5574, .F. ) ;
#5392 = CARTESIAN_POINT ( 'NONE',  ( 1781.863003179551900, -256.7795618564801400, 523.1367041973861700 ) ) ;
#5393 = CARTESIAN_POINT ( 'NONE',  ( 1018.053454592234900, 91.63156540070524200, 398.4282165457964900 ) ) ;
#5394 = CARTESIAN_POINT ( 'NONE',  ( -185.5264540518359400, 1.042945315003156000, -120.8228777996554200 ) ) ;
#5395 = CARTESIAN_POINT ( 'NONE',  ( 3036.941397261658000, -568.5338454897652100, -107.1702293123536800 ) ) ;
#5396 = ORIENTED_EDGE ( 'NONE', *, *, #442, .F. ) ;
#5397 = CARTESIAN_POINT ( 'NONE',  ( 832.1155716655475800, -405.4914635656757000, 52.13712166129562300 ) ) ;
#5398 = CARTESIAN_POINT ( 'NONE',  ( 980.7750799490565900, -595.9503672279340700, 56.15704121251299300 ) ) ;
#5399 = CARTESIAN_POINT ( 'NONE',  ( 3132.182772613326500, 222.7650482719267000, 147.8097204765352300 ) ) ;
#5400 = CARTESIAN_POINT ( 'NONE',  ( 74.32948380835648500, 342.2214397928507900, -356.9594445904951400 ) ) ;
#5401 = CARTESIAN_POINT ( 'NONE',  ( 629.6425071626222200, 297.6681846418740600, 37.03219308249793300 ) ) ;
#5402 = CARTESIAN_POINT ( 'NONE',  ( 2605.250433281368700, 577.6027762245092800, -475.8686991484160600 ) ) ;
#5403 = CARTESIAN_POINT ( 'NONE',  ( 1123.410086841770400, 369.6995623536938100, 208.8597130810748300 ) ) ;
#5404 = CARTESIAN_POINT ( 'NONE',  ( 2956.360647358205800, -311.8123103580267100, -510.9520137241066200 ) ) ;
#5405 = CARTESIAN_POINT ( 'NONE',  ( 2807.701825170665400, -224.6631048755717200, -341.5851557696444200 ) ) ;
#5406 = DIRECTION ( 'NONE',  ( 0.0000000000000000000, 0.0000000000000000000, -1.000000000000000000 ) ) ;
#5407 = CARTESIAN_POINT ( 'NONE',  ( 242.1963099135523100, 17.92814554605907100, -459.4881665734369000 ) ) ;
#5408 = CARTESIAN_POINT ( 'NONE',  ( 2354.541976546496200, 138.4700580182359900, -427.8884440569933600 ) ) ;
#5409 = CARTESIAN_POINT ( 'NONE',  ( 0.0000000000000000000, 0.0000000000000000000, 0.0000000000000000000 ) ) ;
#5410 = CARTESIAN_POINT ( 'NONE',  ( -153.7888572557882000, 2.366082484141689000, 118.1331746541784900 ) ) ;
#5411 = CARTESIAN_POINT ( 'NONE',  ( 1652.298299086565300, -279.7490348427198800, -108.2504195484454900 ) ) ;
#5412 = CARTESIAN_POINT ( 'NONE',  ( -61.94123650696379700, 151.9439373606254000, -224.8190127061672600 ) ) ;
#5413 = CARTESIAN_POINT ( 'NONE',  ( 1363.503606075067600, 511.1654902847333200, -279.8528142002843400 ) ) ;
#5414 = CARTESIAN_POINT ( 'NONE',  ( 1854.772159336812400, 406.0074897694648300, 47.95133194145248000 ) ) ;
#5415 = CARTESIAN_POINT ( 'NONE',  ( -105.4262250633745000, 38.59694669307103300, -150.4527669009328300 ) ) ;
#5416 = CARTESIAN_POINT ( 'NONE',  ( 2913.058602738476600, -238.5599280058694900, 56.16150394498585300 ) ) ;
#5417 = CARTESIAN_POINT ( 'NONE',  ( 367.2718598542777500, 253.1838279922610300, 320.9977413278389800 ) ) ;
#5418 = CARTESIAN_POINT ( 'NONE',  ( 794.8374977849417700, 2.526889196029565200, -598.5849961902961200 ) ) ;
#5419 = AXIS2_PLACEMENT_3D ( 'NONE', #3889, #3849, #5421 ) ;
#5420 = CARTESIAN_POINT ( 'NONE',  ( 2890.253668752372100, 66.31338992486135500, 244.5372255371083300 ) ) ;
#5421 = DIRECTION ( 'NONE',  ( 0.0000000000000000000, 1.000000000000000000, 0.0000000000000000000 ) ) ;
#5422 = CARTESIAN_POINT ( 'NONE',  ( 1559.329056816302700, -107.6590189467835900, -279.9768576450637700 ) ) ;
#5423 = CARTESIAN_POINT ( 'NONE',  ( 109.1298689560310500, 41.30462017067250000, 557.7197899976718000 ) ) ;
#5424 = CARTESIAN_POINT ( 'NONE',  ( 2517.941325277202400, 359.0059867058370200, 226.7484415351504800 ) ) ;
#5425 = CARTESIAN_POINT ( 'NONE',  ( 676.1485500160614500, -454.2857522222400900, -594.7269125361115100 ) ) ;
#5426 = CARTESIAN_POINT ( 'NONE',  ( 2249.889268004541900, -392.0596438645259800, 115.8909414631016700 ) ) ;
#5427 = CARTESIAN_POINT ( 'NONE',  ( 311.9230321503703700, -261.7513918233502700, -376.6394378328100200 ) ) ;
#5428 = CARTESIAN_POINT ( 'NONE',  ( 1819.971789061708000, -414.4308622008825300, -174.6713051312991600 ) ) ;
#5429 = CARTESIAN_POINT ( 'NONE',  ( -92.75423806596374700, 18.63379925356754900, 105.2980405507170600 ) ) ;
#5430 = CARTESIAN_POINT ( 'NONE',  ( 1588.254164154618400, -369.2081204829041200, 209.7267601632492500 ) ) ;
#5431 = CARTESIAN_POINT ( 'NONE',  ( -61.94123650696379700, 151.9439373606254000, -224.8190127061672600 ) ) ;
#5432 = CARTESIAN_POINT ( 'NONE',  ( 2455.886526709970900, -370.7058923917001600, 449.6495656852578700 ) ) ;
#5433 = CARTESIAN_POINT ( 'NONE',  ( 1203.990706516283600, 387.5284852942010000, -130.2429373804942800 ) ) ;
#5434 = CARTESIAN_POINT ( 'NONE',  ( 2900.670323285992700, -401.0479137257165700, -62.40872025873358800 ) ) ;
#5435 = CARTESIAN_POINT ( 'NONE',  ( 213.7827403328464300, -523.1865014850374100, -290.8394436726119400 ) ) ;
#5436 = CARTESIAN_POINT ( 'NONE',  ( 1064.537564851477600, 245.2299403991669400, 327.1144069844887100 ) ) ;
#5437 = CARTESIAN_POINT ( 'NONE',  ( 1468.861069413767600, 140.7661849746665200, -581.8034708891543700 ) ) ;
#5438 = CARTESIAN_POINT ( 'NONE',  ( -212.4786724770602000, 1.469576158976824000E-014, -120.0000000000000100 ) ) ;
#5439 = CARTESIAN_POINT ( 'NONE',  ( 1303.665392060479700, 281.0562927911779000, 104.8094186903592700 ) ) ;
#5440 = CARTESIAN_POINT ( 'NONE',  ( 2256.617678879114900, -571.7196392399148400, 482.9210218451974000 ) ) ;
#5441 = CARTESIAN_POINT ( 'NONE',  ( 2006.613505947774500, 181.0966141674948600, -384.0624778713066100 ) ) ;
#5442 = CARTESIAN_POINT ( 'NONE',  ( 443.7267581176246300, 741.3810305405482900, -102.1284121105819900 ) ) ;
#5443 = CARTESIAN_POINT ( 'NONE',  ( 369.7506489329301800, -227.4801525656043900, 124.4845629245157000 ) ) ;
#5444 = CARTESIAN_POINT ( 'NONE',  ( 147.2383330595285400, -419.9482504234898700, 62.79714441866369900 ) ) ;
#5445 = CARTESIAN_POINT ( 'NONE',  ( 637.3136862516070100, 172.6910803392249000, 424.8176182965581200 ) ) ;
#5446 = CARTESIAN_POINT ( 'NONE',  ( 306.7516230712129200, -566.8483361522770600, 192.3365213667921400 ) ) ;
#5447 = CARTESIAN_POINT ( 'NONE',  ( 2879.928489444853300, -69.37823946422231800, 280.8403385328175000 ) ) ;
#5448 = CARTESIAN_POINT ( 'NONE',  ( 2900.670323286236900, -283.3488746628955800, 53.68964898348112100 ) ) ;
#5449 = CARTESIAN_POINT ( 'NONE',  ( 1309.347926683977900, 171.6166385955494600, -388.3911326368934200 ) ) ;
#5450 = CARTESIAN_POINT ( 'NONE',  ( 1678.040769259860100, -597.1489721522577800, 41.51487389061517100 ) ) ;
#5451 = CARTESIAN_POINT ( 'NONE',  ( 1642.409868665216200, -577.2801025411929500, -79.72101543619439200 ) ) ;
#5452 = CARTESIAN_POINT ( 'NONE',  ( 1134.264135669018300, 390.3712866773249200, 121.4570412021601100 ) ) ;
#5453 = EDGE_CURVE ( 'NONE', #4847, #5541, #4806, .T. ) ;
#5454 = CIRCLE ( 'NONE', #3974, 100.0000000000000000 ) ;
#5455 = CARTESIAN_POINT ( 'NONE',  ( 422.9624783639602000, -119.2565002589997900, 586.5905128818967600 ) ) ;
#5456 = CARTESIAN_POINT ( 'NONE',  ( 1970.982985784417500, 245.8691482465315500, -326.6341335361593700 ) ) ;
#5457 = CARTESIAN_POINT ( 'NONE',  ( 2955.935807000011700, 203.4570046035696900, -61.77081951780981900 ) ) ;
#5458 =( GEOMETRIC_REPRESENTATION_CONTEXT ( 3 ) GLOBAL_UNCERTAINTY_ASSIGNED_CONTEXT ( ( #4584 ) ) GLOBAL_UNIT_ASSIGNED_CONTEXT ( ( #2174, #2682, #3734 ) ) REPRESENTATION_CONTEXT ( 'NONE', 'WORKASPACE' ) );
#5459 = CARTESIAN_POINT ( 'NONE',  ( 2140.384367882940800, 193.3675263199641000, -229.3179039632830700 ) ) ;
#5460 = EDGE_LOOP ( 'NONE', ( #475, #1581, #4585, #2288 ) ) ;
#5461 = CARTESIAN_POINT ( 'NONE',  ( 1433.934447050772000, -316.2483296017316500, 461.2417538360949700 ) ) ;
#5462 = CARTESIAN_POINT ( 'NONE',  ( 2471.457222529656100, 236.3191106539477500, 352.7793610130492000 ) ) ;
#5463 = CARTESIAN_POINT ( 'NONE',  ( 188.0627688430268200, -414.5941648150187000, 623.0469255093364600 ) ) ;
#5464 = CARTESIAN_POINT ( 'NONE',  ( 1717.796414453723400, -259.1601144022943700, 8.913462288086114100 ) ) ;
#5465 = CARTESIAN_POINT ( 'NONE',  ( 1355.832113132020400, -0.4983282087845749600, -424.6172645515200100 ) ) ;
#5466 = CARTESIAN_POINT ( 'NONE',  ( 2837.650168937467200, 198.9369184622679800, -224.5036404362302800 ) ) ;
#5467 = ORIENTED_EDGE ( 'NONE', *, *, #5324, .T. ) ;
#5468 = CARTESIAN_POINT ( 'NONE',  ( 3191.260699573314000, -355.0788644272111000, -277.2124201624035900 ) ) ;
#5469 = CARTESIAN_POINT ( 'NONE',  ( 2900.670323286084600, -399.1109288281068600, -26.05555586138998300 ) ) ;
#5470 = CARTESIAN_POINT ( 'NONE',  ( 1433.230170932237100, 250.3405682213433200, -526.2483795188518300 ) ) ;
#5471 = CARTESIAN_POINT ( 'NONE',  ( 1611.496000512782800, -317.7663767306417000, 281.6463905784937100 ) ) ;
#5472 = CARTESIAN_POINT ( 'NONE',  ( -61.94123650696379000, 119.9427753087445400, -194.6341534985647600 ) ) ;
#5473 = CARTESIAN_POINT ( 'NONE',  ( 1502.956736312556600, -105.3848632203318700, -573.1507551643692300 ) ) ;
#5474 = CARTESIAN_POINT ( 'NONE',  ( 648.6569448788020500, 256.8691726076151000, 35.52278773098037600 ) ) ;
#5475 = CARTESIAN_POINT ( 'NONE',  ( -212.4786724770602000, 0.0000000000000000000, -100.0000000000000000 ) ) ;
#5476 = CARTESIAN_POINT ( 'NONE',  ( 2484.811580647903200, 597.7640015814367900, 378.6152865937743900 ) ) ;
#5477 = CARTESIAN_POINT ( 'NONE',  ( 2575.279595916936200, 407.9254959631784900, -27.17393563126099600 ) ) ;
#5478 = CARTESIAN_POINT ( 'NONE',  ( 3070.715928990979600, -290.5786423037792500, -58.29408066214890700 ) ) ;
#5479 = CARTESIAN_POINT ( 'NONE',  ( 2233.353311866839200, -40.05595218552311800, -297.2763012922104600 ) ) ;
#5480 = CARTESIAN_POINT ( 'NONE',  ( 992.3330422750972300, 553.1703005675663000, -82.22114310030312400 ) ) ;
#5481 = CARTESIAN_POINT ( 'NONE',  ( 1611.496000512782800, -317.7663767306417000, 281.6463905784937100 ) ) ;
#5482 = CARTESIAN_POINT ( 'NONE',  ( 25.36715053807421300, -664.9374912147619600, -343.3912677444776600 ) ) ;
#5483 = CARTESIAN_POINT ( 'NONE',  ( 1950.218986677605000, 135.4959961130462600, 221.0982588007534600 ) ) ;
#5484 = CARTESIAN_POINT ( 'NONE',  ( 937.4726962839844200, -244.0907298006166300, 347.4475639389448200 ) ) ;
#5485 = UNCERTAINTY_MEASURE_WITH_UNIT (LENGTH_MEASURE( 1.000000000000000100E-005 ), #4469, 'distance_accuracy_value', 'NONE');
#5486 = CARTESIAN_POINT ( 'NONE',  ( 2698.197010415288800, 275.5752881647960100, 118.4735513065829800 ) ) ;
#5487 = CARTESIAN_POINT ( 'NONE',  ( 3144.776554413364000, -214.3344653615593000, -395.5265203714747000 ) ) ;
#5488 = CARTESIAN_POINT ( 'NONE',  ( 2900.670323285992700, -402.0555753003217200, -51.66683224123438800 ) ) ;
#5489 = CARTESIAN_POINT ( 'NONE',  ( 666.2379849731664800, 504.1435817045345400, -292.3131387578429800 ) ) ;
#5490 = CARTESIAN_POINT ( 'NONE',  ( 2543.173146907605800, -448.0872737084000600, 97.52112887951393800 ) ) ;
#5491 = CARTESIAN_POINT ( 'NONE',  ( 1820.675684611383800, 364.4625420738277600, 217.8697246621627800 ) ) ;
#5492 = CARTESIAN_POINT ( 'NONE',  ( -95.07192497943366000, 368.4624269097890900, -548.9616168480015400 ) ) ;
#5493 = CARTESIAN_POINT ( 'NONE',  ( 3029.193905615808900, -556.0486255531132000, -148.2000357830816000 ) ) ;
#5494 = CARTESIAN_POINT ( 'NONE',  ( 2249.889268004541900, -392.0596438645259800, 115.8909414631016700 ) ) ;
#5495 = CARTESIAN_POINT ( 'NONE',  ( 3049.330821160650000, -401.0730098996240300, 225.0958790359187600 ) ) ;
#5496 = CARTESIAN_POINT ( 'NONE',  ( 2670.748487066764500, 318.2017598482562400, -631.9960555472024500 ) ) ;
#5497 = CARTESIAN_POINT ( 'NONE',  ( 2296.373330939103700, -311.4613546273631600, 264.8272339637455800 ) ) ;
#5498 = CARTESIAN_POINT ( 'NONE',  ( 3165.072200464856000, -188.3468270986746500, -121.4997285094018600 ) ) ;
#5499 = CARTESIAN_POINT ( 'NONE',  ( 922.6064757095646200, 496.4858057536812900, 257.4092609147068100 ) ) ;
#5500 = CARTESIAN_POINT ( 'NONE',  ( 2262.277515485243400, -407.6764938524876200, 118.7429547032109800 ) ) ;
#5501 = CARTESIAN_POINT ( 'NONE',  ( 1140.992625663489900, 743.6641250962416100, -83.90363674417676500 ) ) ;
#5502 = DIRECTION ( 'NONE',  ( 1.000000000000000000, -5.598713130157252400E-016, 3.353501265655067900E-016 ) ) ;
#5503 = CARTESIAN_POINT ( 'NONE',  ( 1415.649152225902800, 231.9079064990243900, -116.0273650978725600 ) ) ;
#5504 = CARTESIAN_POINT ( 'NONE',  ( 1797.433837274166300, 311.4368312437213700, 288.6296227836526200 ) ) ;
#5505 = CARTESIAN_POINT ( 'NONE',  ( 1357.821519990492600, 247.5321021956319800, 386.0312930718574200 ) ) ;
#5506 = CARTESIAN_POINT ( 'NONE',  ( 2842.627924096445000, 359.5687448496804000, 270.1348532324445800 ) ) ;
#5507 = EDGE_CURVE ( 'NONE', #1276, #8, #309, .T. ) ;
#5508 = CARTESIAN_POINT ( 'NONE',  ( 1409.988207793432800, 353.9041451239078200, -462.9895699699028500 ) ) ;
#5509 = CARTESIAN_POINT ( 'NONE',  ( 1915.634050721190800, -297.5542049680953500, 348.9325536538033200 ) ) ;
#5510 = CARTESIAN_POINT ( 'NONE',  ( 2053.097807818861800, 9.922372435306478200, -424.5015580418834700 ) ) ;
#5511 = CARTESIAN_POINT ( 'NONE',  ( -61.94123650696379000, 135.4254898659800700, -205.8705406480883700 ) ) ;
#5512 = CARTESIAN_POINT ( 'NONE',  ( 2572.097767339524600, 201.8207916100842300, 546.6953252007306200 ) ) ;
#5513 = CARTESIAN_POINT ( 'NONE',  ( 323.2656259888368600, -258.4102088179779500, 21.61978392240268900 ) ) ;
#5514 = CARTESIAN_POINT ( 'NONE',  ( 1601.607909423044500, -421.5641091432851200, 568.2909296070088200 ) ) ;
#5515 = CARTESIAN_POINT ( 'NONE',  ( 2459.068978824392600, 228.8838889371591000, 338.7530435901072100 ) ) ;
#5516 = CIRCLE ( 'NONE', #1318, 119.9999999999998300 ) ;
#5517 = CARTESIAN_POINT ( 'NONE',  ( 2884.987866358062100, -12.41880528379846100, 245.6247069687799200 ) ) ;
#5518 = CARTESIAN_POINT ( 'NONE',  ( 1666.356216827307000, 557.1983404669196000, 47.81858447243465800 ) ) ;
#5519 = CARTESIAN_POINT ( 'NONE',  ( 573.2695518086054600, 555.1517987935002300, 177.2396994106833900 ) ) ;
#5520 = CARTESIAN_POINT ( 'NONE',  ( 262.7452775920334000, 144.7433472523925400, -181.9844786179905300 ) ) ;
#5521 = CARTESIAN_POINT ( 'NONE',  ( 2047.438010095396500, -287.7088248721609000, -690.8688231977007500 ) ) ;
#5522 = CARTESIAN_POINT ( 'NONE',  ( 3049.329676713991800, -128.8966211336805500, 190.4503272979998500 ) ) ;
#5523 = CARTESIAN_POINT ( 'NONE',  ( 1345.922594795451000, 255.9200191741709300, 41.81593545958772800 ) ) ;
#5524 = ORIENTED_EDGE ( 'NONE', *, *, #312, .F. ) ;
#5525 = CARTESIAN_POINT ( 'NONE',  ( 519.1132809578360800, 399.6280679885772400, -143.5183736566619900 ) ) ;
#5526 = CARTESIAN_POINT ( 'NONE',  ( 1264.852707822135000, -119.7978294511321700, 442.6516947896967600 ) ) ;
#5527 = CARTESIAN_POINT ( 'NONE',  ( 562.4156331600581800, 519.5756421090893600, 297.2400879920754200 ) ) ;
#5528 = CARTESIAN_POINT ( 'NONE',  ( 1107.839924744070500, -128.9555056105215600, 568.3115052110408700 ) ) ;
#5529 = CARTESIAN_POINT ( 'NONE',  ( 2078.329435201759200, 314.0097802319374400, 334.2014375220508100 ) ) ;
#5530 = CARTESIAN_POINT ( 'NONE',  ( 2448.214759445655500, 158.1302315888606800, 394.0748478219521200 ) ) ;
#5531 = CARTESIAN_POINT ( 'NONE',  ( 3187.478672477060200, -224.7537496270570000, -146.5801897548819600 ) ) ;
#5532 = CARTESIAN_POINT ( 'NONE',  ( 2860.914187333372000, -741.6369807717089800, -38.09422627373840000 ) ) ;
#5533 = CARTESIAN_POINT ( 'NONE',  ( 67.62395651988299500, -681.9328915853273000, -188.7915918262625600 ) ) ;
#5534 = CARTESIAN_POINT ( 'NONE',  ( 2714.732731029443100, 102.1565880085949800, -395.8609714694922600 ) ) ;
#5535 = CARTESIAN_POINT ( 'NONE',  ( -81.61534015249935700, -179.3217144119188000, -116.3150472997854300 ) ) ;
#5536 = CARTESIAN_POINT ( 'NONE',  ( 2647.506062380024600, 442.1959532313745700, -552.3888737273595100 ) ) ;
#5537 = ORIENTED_EDGE ( 'NONE', *, *, #5993, .F. ) ;
#5538 = CARTESIAN_POINT ( 'NONE',  ( 2691.490778152359300, 181.9282168362507500, -366.1195683191027700 ) ) ;
#5539 = CARTESIAN_POINT ( 'NONE',  ( 3067.781749272286100, -59.83797778539948100, 129.2944371274940100 ) ) ;
#5540 = CARTESIAN_POINT ( 'NONE',  ( 1317.723383585706200, -557.7431081165262900, -40.97732391752701600 ) ) ;
#5541 = VERTEX_POINT ( 'NONE', #4907 ) ;
#5542 = CARTESIAN_POINT ( 'NONE',  ( 1549.441316697409100, -328.6083606843869800, -481.2733558691931000 ) ) ;
#5543 = CARTESIAN_POINT ( 'NONE',  ( -212.4786724770602300, 200.0000000000000000, 100.0000000000000000 ) ) ;
#5544 = CARTESIAN_POINT ( 'NONE',  ( 114.0863099753203500, 24.51269637413639300, -260.6093804562651100 ) ) ;
#5545 = CARTESIAN_POINT ( 'NONE',  ( 2512.280915665946400, 740.4894152975433600, 108.4027009929065900 ) ) ;
#5546 = CARTESIAN_POINT ( 'NONE',  ( 2275.608901855808700, -83.75983899222357800, -245.4133537679948100 ) ) ;
#5547 = CARTESIAN_POINT ( 'NONE',  ( 1867.160394000341500, 421.4848395733090500, 51.48293470015357800 ) ) ;
#5548 = CARTESIAN_POINT ( 'NONE',  ( 2282.337226751785200, -421.4766505999637600, -425.0507795349696500 ) ) ;
#5549 = CARTESIAN_POINT ( 'NONE',  ( 2014.285282094848100, 581.7403017334633000, -34.43320804901372900 ) ) ;
#5550 = CARTESIAN_POINT ( 'NONE',  ( 2729.110506855296500, 140.9714537278891000, 436.3702902282022400 ) ) ;
#5551 = CARTESIAN_POINT ( 'NONE',  ( 2612.899712990773400, -306.0278946852478700, 341.5252822665481200 ) ) ;
#5552 = CARTESIAN_POINT ( 'NONE',  ( 2796.847592894867800, -153.2942341901155600, -395.9750839104348200 ) ) ;
#5553 = CARTESIAN_POINT ( 'NONE',  ( 3036.941396263530400, -572.4172701734041800, -10.24023812872696700 ) ) ;
#5554 = CARTESIAN_POINT ( 'NONE',  ( 3154.417962129693500, -229.3264574835776300, -143.7530760828053600 ) ) ;
#5555 = CARTESIAN_POINT ( 'NONE',  ( 3237.745176113431600, -440.1067981307042500, -20.72729920844836500 ) ) ;
#5556 = CARTESIAN_POINT ( 'NONE',  ( 2990.457135152888900, -479.1713658245075200, -330.9455658735427100 ) ) ;
#5557 = CARTESIAN_POINT ( 'NONE',  ( 509.2037993325481600, 46.84525338354716000, 255.0473739630305700 ) ) ;
#5558 = CARTESIAN_POINT ( 'NONE',  ( -69.02626168942754200, 80.38307335020076000, -163.4217782815923100 ) ) ;
#5559 = CARTESIAN_POINT ( 'NONE',  ( 2019.967166503909500, 17.43801295658287400, -707.3660582562629300 ) ) ;
#5560 = CARTESIAN_POINT ( 'NONE',  ( 3077.875618287445800, -57.85023898775953200, 146.5253260473875200 ) ) ;
#5561 = CARTESIAN_POINT ( 'NONE',  ( 3193.954305078464600, -205.6918086363967300, 73.82219214975417300 ) ) ;
#5562 = CARTESIAN_POINT ( 'NONE',  ( 2038.231494408169700, -555.8218110014881900, 61.80483098631924600 ) ) ;
#5563 =( BOUNDED_SURFACE ( )  B_SPLINE_SURFACE ( 3, 3, ( 
 ( #3568, #6140, #5604, #2566, #6116, #5137, #4070, #3589, #83, #3611, #589, #2098, #5649, #4512, #3090 ),
 ( #2542, #1038, #3582, #1504, #5062, #3562, #6086, #4533, #4574, #470, #5017, #5038, #3047, #4553, #6064 ),
 ( #1526, #1547, #2580, #1017, #5555, #2494, #6131, #3028, #4599, #537, #5084, #4064, #9, #2007, #1480 ),
 ( #3494, #3538, #516, #1571, #1988, #2518, #4043, #558, #6042, #3006, #3066, #494, #6553, #2029, #4020 ),
 ( #5577, #32, #5532, #2051, #5598, #3515, #2561, #5621, #994, #3997, #6109, #53, #4086, #974, #1059 ),
 ( #5104, #2069, #3105, #2289, #6325, #3317, #732, #1792, #1216, #6291, #4755, #6374, #4796, #1302, #1236 ),
 ( #2735, #797, #1256, #5351, #3843, #1726, #3274, #2272, #4309, #774, #2318, #2294, #1770, #5285, #5330 ) ),
 .UNSPECIFIED., .T., .F., .F. ) 
 B_SPLINE_SURFACE_WITH_KNOTS ( ( 4, 3, 4 ),
 ( 4, 1, 1, 1, 1, 1, 1, 1, 1, 1, 1, 1, 4 ),
 ( 0.0000000000000000000, 0.5000000000000000000, 1.000000000000000000 ),
 ( 0.0000000000000000000, 0.06882060749274084000, 0.1444367811561306200, 0.2265734837793111100, 0.3143638868665878400, 0.4063271544737623900, 0.5005520515802957000, 0.5947400496169268400, 0.6865953304574402600, 0.7742139161178787100, 0.8561256478117081900, 0.9314755821440551300, 1.000000000000000000 ),
 .UNSPECIFIED. ) 
 GEOMETRIC_REPRESENTATION_ITEM ( )  RATIONAL_B_SPLINE_SURFACE ( (
 ( 1.000000000000000200, 1.000000000000000200, 1.000000000000000200, 1.000000000000000200, 1.000000000000000200, 1.000000000000000400, 1.000000000000000400, 1.000000000000000000, 1.000000000000000400, 1.000000000000000000, 1.000000000000000400, 1.000000000000000000, 1.000000000000000400, 1.000000000000000200, 1.000000000000000200),
 ( 0.3333333333333334300, 0.3333333333333334300, 0.3333333333333334300, 0.3333333333333333700, 0.3333333333333333700, 0.3333333333333335400, 0.3333333333333334300, 0.3333333333333333100, 0.3333333333333335400, 0.3333333333333333100, 0.3333333333333334300, 0.3333333333333333700, 0.3333333333333334800, 0.3333333333333334300, 0.3333333333333334300),
 ( 0.3333333333333334300, 0.3333333333333334300, 0.3333333333333334300, 0.3333333333333333700, 0.3333333333333333700, 0.3333333333333335400, 0.3333333333333334300, 0.3333333333333333100, 0.3333333333333335400, 0.3333333333333333100, 0.3333333333333334300, 0.3333333333333333700, 0.3333333333333334800, 0.3333333333333334300, 0.3333333333333334300),
 ( 1.000000000000000200, 1.000000000000000200, 1.000000000000000200, 1.000000000000000200, 1.000000000000000200, 1.000000000000000400, 1.000000000000000400, 1.000000000000000000, 1.000000000000000400, 1.000000000000000000, 1.000000000000000400, 1.000000000000000000, 1.000000000000000400, 1.000000000000000200, 1.000000000000000200),
 ( 0.3333333333333334300, 0.3333333333333334300, 0.3333333333333334300, 0.3333333333333333700, 0.3333333333333333700, 0.3333333333333335400, 0.3333333333333334300, 0.3333333333333333100, 0.3333333333333335400, 0.3333333333333333100, 0.3333333333333334300, 0.3333333333333333700, 0.3333333333333334800, 0.3333333333333334300, 0.3333333333333334300),
 ( 0.3333333333333334300, 0.3333333333333334300, 0.3333333333333334300, 0.3333333333333333700, 0.3333333333333333700, 0.3333333333333335400, 0.3333333333333334300, 0.3333333333333333100, 0.3333333333333335400, 0.3333333333333333100, 0.3333333333333334300, 0.3333333333333333700, 0.3333333333333334800, 0.3333333333333334300, 0.3333333333333334300),
 ( 1.000000000000000200, 1.000000000000000200, 1.000000000000000200, 1.000000000000000200, 1.000000000000000200, 1.000000000000000400, 1.000000000000000400, 1.000000000000000000, 1.000000000000000400, 1.000000000000000000, 1.000000000000000400, 1.000000000000000000, 1.000000000000000400, 1.000000000000000200, 1.000000000000000200) ) ) 
 REPRESENTATION_ITEM ( '' )  SURFACE ( )  );
#5564 = CARTESIAN_POINT ( 'NONE',  ( 642.9961067805925300, 553.7534143102079700, -181.5615330663665100 ) ) ;
#5565 = CARTESIAN_POINT ( 'NONE',  ( -95.98114185630043900, 278.7517171778570700, 37.86535226902429900 ) ) ;
#5566 = CARTESIAN_POINT ( 'NONE',  ( 262.7452775920333500, 134.3034663706230800, -175.3232622839260800 ) ) ;
#5567 = CARTESIAN_POINT ( 'NONE',  ( 2465.797335447652600, 633.0342105363076800, 399.1787801556571900 ) ) ;
#5568 = CARTESIAN_POINT ( 'NONE',  ( 2856.664576881731100, 174.6110212171848000, -191.7151175536153000 ) ) ;
#5569 = CARTESIAN_POINT ( 'NONE',  ( 3036.941397261658000, -568.5338454897654400, -107.1702293123527200 ) ) ;
#5570 = CARTESIAN_POINT ( 'NONE',  ( 1236.438697233534000, 436.8358966498271300, 409.2495118510610700 ) ) ;
#5571 = CARTESIAN_POINT ( 'NONE',  ( 2055.087183367387300, 237.9839991012644000, 391.9898986118108700 ) ) ;
#5572 = CARTESIAN_POINT ( 'NONE',  ( 1543.758946908911900, 359.9097961978268900, -284.1776446467880000 ) ) ;
#5573 = CARTESIAN_POINT ( 'NONE',  ( 2215.793170018386300, -420.8213477482246400, -56.65137394592055400 ) ) ;
#5574 = EDGE_CURVE ( 'NONE', #2863, #2432, #4885, .T. ) ;
#5575 = CARTESIAN_POINT ( 'NONE',  ( 3193.954313400776800, -447.3764987952537800, -14.05382395343975900 ) ) ;
#5576 = CARTESIAN_POINT ( 'NONE',  ( 3176.166861843479200, 12.90797742482322400, -118.7394087954393300 ) ) ;
#5577 = CARTESIAN_POINT ( 'NONE',  ( 2860.914187333821200, -733.7616332481304700, -116.6321069678473900 ) ) ;
#5578 = CARTESIAN_POINT ( 'NONE',  ( 2734.792747174800300, 565.6097358203512600, -140.3326394958737400 ) ) ;
#5579 = CARTESIAN_POINT ( 'NONE',  ( 695.1404604838895700, 249.2277111244746700, -71.61753001290694000 ) ) ;
#5580 = CARTESIAN_POINT ( 'NONE',  ( 2913.058602738478400, -357.4093514646052700, 53.64274982952103000 ) ) ;
#5581 = CARTESIAN_POINT ( 'NONE',  ( 44.38147945351875700, -628.0349162438002400, -325.9297893593087600 ) ) ;
#5582 = CARTESIAN_POINT ( 'NONE',  ( 3120.847213510636300, -27.51569400324372300, 127.7707478952603900 ) ) ;
#5583 = CARTESIAN_POINT ( 'NONE',  ( 2966.837838460251100, -79.50425484933451500, -43.14497310310675700 ) ) ;
#5584 = ADVANCED_FACE ( 'NONE', ( #3142 ), #195, .T. ) ;
#5585 = CARTESIAN_POINT ( 'NONE',  ( 2154.442200887464400, -226.4799677540947300, 511.3351452881741500 ) ) ;
#5586 = CARTESIAN_POINT ( 'NONE',  ( 1177.566493951783100, 228.4027519633875200, 536.1339994358173700 ) ) ;
#5587 = CARTESIAN_POINT ( 'NONE',  ( 52.90244797800254900, -132.3116509325712400, 46.59428548970140600 ) ) ;
#5588 = CARTESIAN_POINT ( 'NONE',  ( -74.32948380835655700, 155.7039187378335900, -321.2351110029808300 ) ) ;
#5589 = CARTESIAN_POINT ( 'NONE',  ( 2256.617678879114900, -571.7196392399148400, 482.9210218451974000 ) ) ;
#5590 = CARTESIAN_POINT ( 'NONE',  ( 2438.305078134946100, -253.1503697500257900, 56.20067581026410900 ) ) ;
#5591 = CARTESIAN_POINT ( 'NONE',  ( 2913.058602738325600, -416.2739075224484400, -66.47794835451715300 ) ) ;
#5592 = CARTESIAN_POINT ( 'NONE',  ( 1631.556132798190400, -562.7428645732287600, -204.0365869345136500 ) ) ;
#5593 = CARTESIAN_POINT ( 'NONE',  ( 1869.149755603707700, -413.4290994307697200, 198.4166180922140400 ) ) ;
#5594 = CARTESIAN_POINT ( 'NONE',  ( 2093.900224934891400, 269.7073959951125600, -131.2844558138066600 ) ) ;
#5595 = CARTESIAN_POINT ( 'NONE',  ( -262.7452775920335700, 308.8400534187578600, -308.0601070559436600 ) ) ;
#5596 = CARTESIAN_POINT ( 'NONE',  ( 3193.947562770009000, -323.4024809682247800, 101.6311416981076300 ) ) ;
#5597 = CARTESIAN_POINT ( 'NONE',  ( 3187.478672477060200, 13.68132597654403100, -119.2175378018076400 ) ) ;
#5598 = CARTESIAN_POINT ( 'NONE',  ( 2860.914187334267400, -709.4940777486798400, 113.9424800680316400 ) ) ;
#5599 = CARTESIAN_POINT ( 'NONE',  ( 857.8574383114837500, -606.9503133685817600, 363.7060971462118500 ) ) ;
#5600 = CARTESIAN_POINT ( 'NONE',  ( 1369.163656813437200, 259.0312227386206700, -12.09316590216533000 ) ) ;
#5601 = CARTESIAN_POINT ( 'NONE',  ( 2913.058602738402000, -414.8524180914482100, -24.71910555930741500 ) ) ;
#5602 = CARTESIAN_POINT ( 'NONE',  ( 2409.402136504958900, -521.1196201869274800, 260.8487283501772300 ) ) ;
#5603 = CARTESIAN_POINT ( 'NONE',  ( 3164.339005693723700, -14.59596145569693200, 119.7830185955049100 ) ) ;
#5604 = CARTESIAN_POINT ( 'NONE',  ( 2900.670323286164600, -401.5287427649265100, -47.77596111903064000 ) ) ;
#5605 = CYLINDRICAL_SURFACE ( 'NONE', #6200, 120.0000000000000100 ) ;
#5606 = CARTESIAN_POINT ( 'NONE',  ( 251.0612434015587800, -149.8451315259116300, 380.3785532975680300 ) ) ;
#5607 = CARTESIAN_POINT ( 'NONE',  ( 968.3867846126880700, -580.0787920073490800, 55.82203233079700100 ) ) ;
#5608 = CARTESIAN_POINT ( 'NONE',  ( 3049.329676713990900, -583.7598392864972500, -111.2394574081362900 ) ) ;
#5609 = CARTESIAN_POINT ( 'NONE',  ( 2820.090063403012200, -231.9281665741588100, -355.6922131221876400 ) ) ;
#5610 = CARTESIAN_POINT ( 'NONE',  ( 1536.108675221679300, -650.4550650826403200, 370.1130231364695100 ) ) ;
#5611 = CARTESIAN_POINT ( 'NONE',  ( 936.7687768226381900, 204.6854916625284500, -400.4588840006850300 ) ) ;
#5612 = CARTESIAN_POINT ( 'NONE',  ( 2750.363497391439100, 20.33625789955811000, -424.1293910252187500 ) ) ;
#5613 = ORIENTED_EDGE ( 'NONE', *, *, #5172, .F. ) ;
#5614 = CARTESIAN_POINT ( 'NONE',  ( 1747.767334603260200, -459.6443525522867600, 383.4546175174194200 ) ) ;
#5615 = CARTESIAN_POINT ( 'NONE',  ( 1497.274652640645900, 444.1939245854657700, -113.9477551265053100 ) ) ;
#5616 = CARTESIAN_POINT ( 'NONE',  ( 2442.532931823791400, -271.2981730203009100, 127.9646991245763000 ) ) ;
#5617 = CARTESIAN_POINT ( 'NONE',  ( -262.7452775920334600, 243.6140011647803800, -467.1222081394589100 ) ) ;
#5618 = CARTESIAN_POINT ( 'NONE',  ( 3036.942343978378600, -394.8868687028291900, 210.4994084670908900 ) ) ;
#5619 = CARTESIAN_POINT ( 'NONE',  ( 3120.847213510636300, -27.51569400324372700, 127.7707478952603900 ) ) ;
#5620 = ORIENTED_EDGE ( 'NONE', *, *, #2514, .F. ) ;
#5621 = CARTESIAN_POINT ( 'NONE',  ( 2860.914187333346900, -532.9301593887107600, 325.8691740747104300 ) ) ;
#5622 = CARTESIAN_POINT ( 'NONE',  ( 811.3739793153913500, -702.2689011793012200, 86.54371306149907600 ) ) ;
#5623 = CARTESIAN_POINT ( 'NONE',  ( 757.2176229811823300, -391.7918266402608100, 385.8372888178313900 ) ) ;
#5624 = CARTESIAN_POINT ( 'NONE',  ( 1834.008465800864800, -122.7949330315522300, 228.3966156263556700 ) ) ;
#5625 = CARTESIAN_POINT ( 'NONE',  ( 218.9543979933611700, 139.7211787372338800, -168.0380380775823700 ) ) ;
#5626 = CARTESIAN_POINT ( 'NONE',  ( 67.62395651988299500, -681.9328915853273000, -188.7915918262625600 ) ) ;
#5627 = CARTESIAN_POINT ( 'NONE',  ( 95.07192497943324800, 61.98415244450507800, -291.2725963511996400 ) ) ;
#5628 = CARTESIAN_POINT ( 'NONE',  ( -182.5680654982462000, 1.178588654849433800, -100.9298996074385900 ) ) ;
#5629 = CARTESIAN_POINT ( 'NONE',  ( 2061.473457874135400, -530.9689179790261700, 175.5812071159394600 ) ) ;
#5630 = CARTESIAN_POINT ( 'NONE',  ( 1541.769440031708200, -422.5238979995637600, 42.11548391066070000 ) ) ;
#5631 = CARTESIAN_POINT ( 'NONE',  ( -210.6710471362766300, 200.1459706492341900, -100.1151699949444000 ) ) ;
#5632 = CARTESIAN_POINT ( 'NONE',  ( 74.32948380835650000, 123.7279366349569000, -580.1079196009052300 ) ) ;
#5633 = CARTESIAN_POINT ( 'NONE',  ( 1108.543688409840600, 207.5056622695061900, -519.3244456216978100 ) ) ;
#5634 = CARTESIAN_POINT ( 'NONE',  ( -37.33076104388149500, 44.35957571733168000, 85.00055224869147700 ) ) ;
#5635 = CARTESIAN_POINT ( 'NONE',  ( 774.0732847640563300, 420.5788862208615900, 159.2988428494692200 ) ) ;
#5636 = CARTESIAN_POINT ( 'NONE',  ( 2913.058602738323300, -223.9190532165985400, 46.14064577414684000 ) ) ;
#5637 = CARTESIAN_POINT ( 'NONE',  ( 443.7267581176246300, 741.3810305405482900, -102.1284121105819900 ) ) ;
#5638 = CARTESIAN_POINT ( 'NONE',  ( 2705.868459076641600, 47.53785297983245100, 456.1060590629045900 ) ) ;
#5639 = CARTESIAN_POINT ( 'NONE',  ( 2721.439071643992100, 294.1371483634670200, 58.83006089874820100 ) ) ;
#5640 = CARTESIAN_POINT ( 'NONE',  ( -262.7452775920334600, 242.1172482162964700, -121.9177603125666400 ) ) ;
#5641 = CARTESIAN_POINT ( 'NONE',  ( 1758.620980072118100, -359.5591570556904300, 458.6117416304061300 ) ) ;
#5642 = CARTESIAN_POINT ( 'NONE',  ( 436.9984299884538400, 393.2344430949262900, 111.8403759410403500 ) ) ;
#5643 = CARTESIAN_POINT ( 'NONE',  ( 1113.522111381630800, 674.5193265005465300, 213.7630473235163600 ) ) ;
#5644 = CARTESIAN_POINT ( 'NONE',  ( 222.6472815396423100, 350.7997911817786300, 423.4507919429523800 ) ) ;
#5645 = CARTESIAN_POINT ( 'NONE',  ( 2903.514388388657200, -178.7174003328964600, -0.2654667955697577700 ) ) ;
#5646 = CARTESIAN_POINT ( 'NONE',  ( 1857.249527881839900, -72.83023044203082500, 248.8758181013771500 ) ) ;
#5647 = CARTESIAN_POINT ( 'NONE',  ( 2223.464967610883400, -208.5144110645711900, -544.1775054021407000 ) ) ;
#5648 = CARTESIAN_POINT ( 'NONE',  ( -262.7452775920333500, 262.5090072239705100, -151.0092967843533500 ) ) ;
#5649 = CARTESIAN_POINT ( 'NONE',  ( 2900.670323286172300, -244.4928575160908500, 41.44063599174332100 ) ) ;
#5650 = EDGE_CURVE ( 'NONE', #2432, #2296, #4392, .T. ) ;
#5651 = CARTESIAN_POINT ( 'NONE',  ( 333.1760408744870600, 103.6571321955121300, 411.7707511148897800 ) ) ;
#5652 = CARTESIAN_POINT ( 'NONE',  ( 309.2297439621742700, -82.55909666199531200, -442.4092890631181900 ) ) ;
#5653 = CARTESIAN_POINT ( 'NONE',  ( 576.4515705495059600, 229.5460322802655400, -338.3049041257580700 ) ) ;
#5654 = CARTESIAN_POINT ( 'NONE',  ( 821.2619938850186800, -423.0941575160816200, -35.93430701073204100 ) ) ;
#5655 = CARTESIAN_POINT ( 'NONE',  ( 971.5686810386348500, -77.68962174533504600, 401.3800416943053100 ) ) ;
#5656 = CARTESIAN_POINT ( 'NONE',  ( 74.32948380835648500, 341.3134498453992500, -230.7909739587704800 ) ) ;
#5657 = CARTESIAN_POINT ( 'NONE',  ( 481.0046231295073100, -149.3160302189102400, -538.9445015484002400 ) ) ;
#5658 = CARTESIAN_POINT ( 'NONE',  ( -146.3894765643136700, -237.3411192224139900, -122.0978414997716500 ) ) ;
#5659 = CARTESIAN_POINT ( 'NONE',  ( 2554.515177799526600, -78.91601233520641800, 247.0135633651833600 ) ) ;
#5660 = CARTESIAN_POINT ( 'NONE',  ( 1890.402246843528900, 423.0089088681412500, -36.92728967445302100 ) ) ;
#5661 = CARTESIAN_POINT ( 'NONE',  ( 1329.407932932659800, 596.5945861817693900, -48.83964814510794400 ) ) ;
#5662 = CARTESIAN_POINT ( 'NONE',  ( 2584.486072003222900, 206.1898670171466100, 561.9573656443061500 ) ) ;
#5663 = CARTESIAN_POINT ( 'NONE',  ( 3100.985671105257100, -223.3209681645559500, -400.6433505597909700 ) ) ;
#5664 = CARTESIAN_POINT ( 'NONE',  ( 2117.141527451546600, 236.6694201379546000, -184.2962134100610300 ) ) ;
#5665 = CARTESIAN_POINT ( 'NONE',  ( -61.94123650696379700, 151.9439373606254000, -224.8190127061672600 ) ) ;
#5666 = CARTESIAN_POINT ( 'NONE',  ( 1665.652462932874600, -581.2739659381416000, 41.56945515253973900 ) ) ;
#5667 = CARTESIAN_POINT ( 'NONE',  ( 596.5114254808418100, 579.8232006706447200, 58.41893834112947600 ) ) ;
#5668 = CARTESIAN_POINT ( 'NONE',  ( 181.3346759916797700, -344.2680071289934700, 220.5015766471021300 ) ) ;
#5669 = CARTESIAN_POINT ( 'NONE',  ( 95.07192497943361800, 46.17748579729004600, -289.3271796512854100 ) ) ;
#5670 = CARTESIAN_POINT ( 'NONE',  ( 2159.420253133025700, -666.1939914850572700, -238.4457511832228200 ) ) ;
#5671 = CARTESIAN_POINT ( 'NONE',  ( 13.46760736639966000, -509.6218037361648500, 206.5349510598405500 ) ) ;
#5672 = CARTESIAN_POINT ( 'NONE',  ( -182.5680654982462000, 1.178588654849433800, -100.9298996074385900 ) ) ;
#5673 = CARTESIAN_POINT ( 'NONE',  ( 904.3202123932542200, -143.5417605089528500, -215.9613431558281900 ) ) ;
#5674 = AXIS2_PLACEMENT_3D ( 'NONE', #4189, #3172, #4704 ) ;
#5675 = CARTESIAN_POINT ( 'NONE',  ( 2913.058602738325600, -417.2815690970536500, -55.73606033701793200 ) ) ;
#5676 = CARTESIAN_POINT ( 'NONE',  ( 369.7715365943828400, 541.3703530298588500, 455.6192696466327400 ) ) ;
#5677 = CARTESIAN_POINT ( 'NONE',  ( 262.7452775920332900, 193.0072548704051500, -253.5583241198656900 ) ) ;
#5678 = CARTESIAN_POINT ( 'NONE',  ( 983.2529850400573000, 24.84321846996061100, -449.0496523764233500 ) ) ;
#5679 = CARTESIAN_POINT ( 'NONE',  ( 785.6312820181568700, -391.8323695501248400, -116.6574936225211600 ) ) ;
#5680 = CIRCLE ( 'NONE', #3898, 99.99999999999987200 ) ;
#5681 = CARTESIAN_POINT ( 'NONE',  ( 1146.652404596852200, 404.9407078602448600, 127.7619083019056200 ) ) ;
#5682 = CARTESIAN_POINT ( 'NONE',  ( 367.2718598542777500, 253.1838279922610300, 320.9977413278389800 ) ) ;
#5683 = CARTESIAN_POINT ( 'NONE',  ( 806.3954374111618800, 27.60497221705935900, 558.5652614451854600 ) ) ;
#5684 = CARTESIAN_POINT ( 'NONE',  ( -74.32948380835657100, 110.5693822564359700, -207.2386007891051100 ) ) ;
#5685 = CARTESIAN_POINT ( 'NONE',  ( 2424.268539723058400, -138.4320775322674100, -427.9007365115514300 ) ) ;
#5686 = CARTESIAN_POINT ( 'NONE',  ( 2914.552265943959800, -211.6127533775217000, 38.53217621532277100 ) ) ;
#5687 = CARTESIAN_POINT ( 'NONE',  ( 585.6578377902345700, 569.8715602309051700, 183.1850811192420300 ) ) ;
#5688 = CARTESIAN_POINT ( 'NONE',  ( -114.0863099753203900, 116.6320125002179000, -733.7614126919895600 ) ) ;
#5689 = CARTESIAN_POINT ( 'NONE',  ( 2000.931205744592900, 278.3996459274312100, 111.6751173853922600 ) ) ;
#5690 = DIRECTION ( 'NONE',  ( 1.000000000000000000, -1.838306325092761700E-015, -2.109628209243604500E-016 ) ) ;
#5691 = ORIENTED_EDGE ( 'NONE', *, *, #375, .T. ) ;
#5692 = CARTESIAN_POINT ( 'NONE',  ( 2107.253752801204000, 365.1600209643527800, -454.1648502353315300 ) ) ;
#5693 = ADVANCED_FACE ( 'NONE', ( #4003, #62 ), #5087, .T. ) ;
#5694 = CARTESIAN_POINT ( 'NONE',  ( 2923.718066291639800, -130.4059901587794200, -30.13438746711416300 ) ) ;
#5695 = CARTESIAN_POINT ( 'NONE',  ( 95.07192497943367500, 53.56011427802278000, -291.6894541042587400 ) ) ;
#5696 = CARTESIAN_POINT ( 'NONE',  ( 1299.460023057314600, 146.6187730692259400, -692.2242340847705000 ) ) ;
#5697 = CARTESIAN_POINT ( 'NONE',  ( 803.7017683237469300, -201.8226977343422000, 511.5055059134405700 ) ) ;
#5698 = CARTESIAN_POINT ( 'NONE',  ( 94.20542355054492100, 6.816533389161532100, -263.1770443564555000 ) ) ;
#5699 = CARTESIAN_POINT ( 'NONE',  ( 2391.820796190637800, -254.2073097076337300, -51.20759980444586300 ) ) ;
#5700 = CARTESIAN_POINT ( 'NONE',  ( 439.4980905702097400, 705.6582925170100700, 52.12633714131116100 ) ) ;
#5701 = CIRCLE ( 'NONE', #5820, 119.9999999999998300 ) ;
#5702 = CARTESIAN_POINT ( 'NONE',  ( 262.7452775920333500, 134.3034663706230800, -175.3232622839260800 ) ) ;
#5703 = CARTESIAN_POINT ( 'NONE',  ( 495.1670185467374400, -432.7063443004453800, 122.5884975812069200 ) ) ;
#5704 = CARTESIAN_POINT ( 'NONE',  ( 1715.319047521169500, 81.82600961652124700, 400.5569979447777200 ) ) ;
#5705 = ORIENTED_EDGE ( 'NONE', *, *, #3766, .F. ) ;
#5706 = CARTESIAN_POINT ( 'NONE',  ( 983.9569729454711900, -82.35016715827936200, 416.5556263892082700 ) ) ;
#5707 = CARTESIAN_POINT ( 'NONE',  ( 297.5452898272615700, 17.15485778854517200, 408.4694789234628200 ) ) ;
#5708 = CARTESIAN_POINT ( 'NONE',  ( 3070.071508559227400, -294.8817469306469500, -56.53083894178141800 ) ) ;
#5709 = CARTESIAN_POINT ( 'NONE',  ( 550.7311844971153500, -436.7267811032320400, -349.3224420835707100 ) ) ;
#5710 = CARTESIAN_POINT ( 'NONE',  ( 239.1887498242010400, 12.38384297207611700, -79.12938711728409700 ) ) ;
#5711 = CARTESIAN_POINT ( 'NONE',  ( 1076.221903876406700, -316.0409073228379400, -319.9712838618107800 ) ) ;
#5712 = CARTESIAN_POINT ( 'NONE',  ( 3191.162779291877100, -209.1652019500536100, 75.96964570104107400 ) ) ;
#5713 = CARTESIAN_POINT ( 'NONE',  ( 608.8996468606658300, 595.4551909446561200, 61.18689397571959900 ) ) ;
#5714 = CARTESIAN_POINT ( 'NONE',  ( 2723.939187007264500, 598.2723517089405000, -19.50730681129005000 ) ) ;
#5715 = CARTESIAN_POINT ( 'NONE',  ( 1078.915254918155600, -428.7781509643759800, -162.6085282670552500 ) ) ;
#5716 = CARTESIAN_POINT ( 'NONE',  ( 1059.365974778815100, 516.8782836608642100, -187.6370423726464800 ) ) ;
#5717 = CARTESIAN_POINT ( 'NONE',  ( 2037.527198184496200, 561.9953544726968200, -154.1712240957641900 ) ) ;
#5718 = CARTESIAN_POINT ( 'NONE',  ( 2714.767590835200700, -125.4920895826415500, 141.6046225115747700 ) ) ;
#5719 = CARTESIAN_POINT ( 'NONE',  ( 95.07192497943366000, 55.77619980068384100, -286.8255284008122300 ) ) ;
#5720 = CARTESIAN_POINT ( 'NONE',  ( 2275.631918868029100, -541.4645244710822000, 455.5080070740320900 ) ) ;
#5721 = CARTESIAN_POINT ( 'NONE',  ( -125.9855122036399700, -355.7981776524219400, -419.0688957994662500 ) ) ;
#5722 = CARTESIAN_POINT ( 'NONE',  ( 3093.515542065731100, 1.238902004596969000, -111.5249083952064800 ) ) ;
#5723 = CARTESIAN_POINT ( 'NONE',  ( -212.4786724770602000, 0.0000000000000000000, 100.0000000000000000 ) ) ;
#5724 = CARTESIAN_POINT ( 'NONE',  ( 1113.522111381630800, 674.5193265005465300, 213.7630473235163600 ) ) ;
#5725 = CARTESIAN_POINT ( 'NONE',  ( 74.32948380835651400, 111.2394629292836200, -583.7599928626818800 ) ) ;
#5726 = CARTESIAN_POINT ( 'NONE',  ( 1588.254164154618400, -369.2081204829041200, 209.7267601632492500 ) ) ;
#5727 = CARTESIAN_POINT ( 'NONE',  ( 2717.211411742969200, 236.8110474997703800, 105.6605967507199500 ) ) ;
#5728 = CARTESIAN_POINT ( 'NONE',  ( 1087.780016308430000, 307.6618563464231800, 269.2314428792241200 ) ) ;
#5729 = AXIS2_PLACEMENT_3D ( 'NONE', #3009, #4981, #1930 ) ;
#5730 = CARTESIAN_POINT ( 'NONE',  ( 890.9885569975175500, -363.9499450121271600, 218.7244327674068800 ) ) ;
#5731 = CARTESIAN_POINT ( 'NONE',  ( 483.4828090118803100, 404.8210861601573900, -57.10925365833679000 ) ) ;
#5732 = CARTESIAN_POINT ( 'NONE',  ( 3070.071510555038900, -294.5650052872857700, -38.69611224942522700 ) ) ;
#5733 = CARTESIAN_POINT ( 'NONE',  ( 248.5829830146321300, 542.5271171049735100, 135.7266142108138100 ) ) ;
#5734 = CARTESIAN_POINT ( 'NONE',  ( -74.32948380835657100, 110.5693822564359700, -207.2386007891051100 ) ) ;
#5735 = CARTESIAN_POINT ( 'NONE',  ( 1773.487522812369400, -308.0932283253124000, -327.6309195132064400 ) ) ;
#5736 = CARTESIAN_POINT ( 'NONE',  ( 3067.781749272286100, -59.83797778539948100, 129.2944371274940100 ) ) ;
#5737 = CARTESIAN_POINT ( 'NONE',  ( 1073.743710077878200, -358.6063433293567200, 479.2826883975724300 ) ) ;
#5738 = CARTESIAN_POINT ( 'NONE',  ( 2654.212629772049200, 496.3014776929940700, 334.6568166940511400 ) ) ;
#5739 = CARTESIAN_POINT ( 'NONE',  ( 869.7355564209267400, 284.5092187927115200, -359.6480129082904700 ) ) ;
#5740 = CARTESIAN_POINT ( 'NONE',  ( 1361.514278938898800, -548.0663374821311900, -44.65006884770794900 ) ) ;
#5741 = CARTESIAN_POINT ( 'NONE',  ( 1781.863003179551700, -256.7795618564801400, 523.1367041973862800 ) ) ;
#5742 = CARTESIAN_POINT ( 'NONE',  ( 646.1781409625371000, -12.14106314151158200, -408.6492134051850900 ) ) ;
#5743 = CARTESIAN_POINT ( 'NONE',  ( 95.07192497943363200, 36.84025579305895100, -284.8105565063209500 ) ) ;
#5744 = CARTESIAN_POINT ( 'NONE',  ( 176.1627167432455400, 149.1043241870646300, 529.2808450516089400 ) ) ;
#5745 = CARTESIAN_POINT ( 'NONE',  ( 2384.170572341543900, 520.7925428737503400, 176.4811205987018400 ) ) ;
#5746 = CARTESIAN_POINT ( 'NONE',  ( 3887.478672477059700, -13.68132597653110100, 119.2175378017932100 ) ) ;
#5747 = CARTESIAN_POINT ( 'NONE',  ( 1276.216829348909900, 286.8083998499526500, -646.8475829607097000 ) ) ;
#5748 = CARTESIAN_POINT ( 'NONE',  ( -114.0863099753204800, 418.7781188268558000, -43.81539089505019300 ) ) ;
#5749 = CARTESIAN_POINT ( 'NONE',  ( 1076.925835126850000, 253.3444557373080700, 340.7589659639286900 ) ) ;
#5750 = CARTESIAN_POINT ( 'NONE',  ( 2647.484828729861400, 130.0294411115457900, 224.3568063674958100 ) ) ;
#5751 = CARTESIAN_POINT ( 'NONE',  ( 808.8737663944159500, -407.4973053451189500, -32.97476517263281400 ) ) ;
#5752 = CARTESIAN_POINT ( 'NONE',  ( 2889.816753119018800, -398.6321166331462100, -150.3016251804800700 ) ) ;
#5753 = CARTESIAN_POINT ( 'NONE',  ( 529.9675086095954800, 346.9479587843613900, -216.2602817013007300 ) ) ;
#5754 = CARTESIAN_POINT ( 'NONE',  ( 2913.058602738528400, -282.8944749076960100, 69.53036885802562500 ) ) ;
#5755 = CARTESIAN_POINT ( 'NONE',  ( 1550.145560548333400, 239.2576556328085900, 505.4834614186092400 ) ) ;
#5756 = CARTESIAN_POINT ( 'NONE',  ( 7.068685283820073600, 77.83011404218044000, 58.59249179352710300 ) ) ;
#5757 = CARTESIAN_POINT ( 'NONE',  ( 1866.456041935140100, -449.6601962452466000, 8.258234652168898300 ) ) ;
#5758 = CARTESIAN_POINT ( 'NONE',  ( 2907.335791882374500, 37.73946413849216700, 214.6139506071491500 ) ) ;
#5759 = CARTESIAN_POINT ( 'NONE',  ( 2909.876420287645500, -78.05051804985956200, -593.4810197287458800 ) ) ;
#5760 = CARTESIAN_POINT ( 'NONE',  ( 1024.781245126313300, 446.9531586142176700, 600.2569667310824600 ) ) ;
#5761 = AXIS2_PLACEMENT_3D ( 'NONE', #4251, #3302, #1225 ) ;
#5762 = CARTESIAN_POINT ( 'NONE',  ( 730.2824242867817500, 430.7412371402058400, 157.3344985773621000 ) ) ;
#5763 = CARTESIAN_POINT ( 'NONE',  ( 1245.303584046295300, -237.3967298956051500, -495.9981107312677300 ) ) ;
#5764 = CARTESIAN_POINT ( 'NONE',  ( 61.94123650696375400, 307.5495431085587400, -411.8157571950199000 ) ) ;
#5765 = CARTESIAN_POINT ( 'NONE',  ( 1831.529844317450900, 387.2729829050004500, 131.0005425950149600 ) ) ;
#5766 = CARTESIAN_POINT ( 'NONE',  ( -61.94123650696377600, 174.6114165073967400, -296.7608087306832100 ) ) ;
#5767 = CARTESIAN_POINT ( 'NONE',  ( 129.6785048839095400, -78.17372310797739500, 544.2976204445647000 ) ) ;
#5768 = CARTESIAN_POINT ( 'NONE',  ( 1454.483276701521600, -401.1427705174434100, 376.1061364850442000 ) ) ;
#5769 = CYLINDRICAL_SURFACE ( 'NONE', #4091, 100.0000000000000000 ) ;
#5770 = CARTESIAN_POINT ( 'NONE',  ( 2424.268539723058400, -138.4320775322674100, -427.9007365115514300 ) ) ;
#5771 = FILL_AREA_STYLE_COLOUR ( '', #2755 ) ;
#5772 = CARTESIAN_POINT ( 'NONE',  ( -74.63291195675620300, 94.02998198399386400, -194.1891099787894700 ) ) ;
#5773 = CARTESIAN_POINT ( 'NONE',  ( 681.8088664285991200, -98.59627392807516300, -413.0117641535836100 ) ) ;
#5774 = CARTESIAN_POINT ( 'NONE',  ( 367.2718598542777500, 253.1838279922610300, 320.9977413278389800 ) ) ;
#5775 = CARTESIAN_POINT ( 'NONE',  ( 1296.959698309847000, 163.7442591325487300, -374.6054027943630400 ) ) ;
#5776 = CARTESIAN_POINT ( 'NONE',  ( 2471.457222529656100, 236.3191106539477500, 352.7793610130492000 ) ) ;
#5777 = CARTESIAN_POINT ( 'NONE',  ( 2133.678375752125700, -297.5436869918284500, -280.3732969205333300 ) ) ;
#5778 = CARTESIAN_POINT ( 'NONE',  ( 3193.954305078465900, -443.5323505217375000, -102.6763546792619600 ) ) ;
#5779 = CARTESIAN_POINT ( 'NONE',  ( 2154.442200887464400, -226.4799677540947300, 511.3351452881741500 ) ) ;
#5780 = CARTESIAN_POINT ( 'NONE',  ( -262.7012025913352300, 197.6380663017296500, -86.57668020620352000 ) ) ;
#5781 = CARTESIAN_POINT ( 'NONE',  ( 1587.549799937906500, 356.2510512194989500, -274.4953798841600600 ) ) ;
#5782 = CARTESIAN_POINT ( 'NONE',  ( -212.4786724770602000, 1.224646799147353200E-014, -100.0000000000000000 ) ) ;
#5783 = CARTESIAN_POINT ( 'NONE',  ( 2933.118855035627800, -199.2909778193422600, -564.4406291763999700 ) ) ;
#5784 = LINE ( 'NONE', #4876, #5944 ) ;
#5785 =( BOUNDED_SURFACE ( )  B_SPLINE_SURFACE ( 3, 3, ( 
 ( #5305, #5863, #820, #2228, #250, #5819, #5841, #2803, #2825, #6353, #2781, #2758, #293, #3778, #4843, #3757, #1749, #6309, #3823, #4330, #5774, #752, #4263, #4287, #6328, #3295, #1815, #273, #1890, #3921, #3938, #897, #4927, #3863, #6394, #839, #2414, #1366, #2908, #6413, #5888, #2848, #4372, #4413, #1343, #3415, #4434, #1874, #5393, #3359, #2891, #3902, #2376, #5452, #1403, #2396, #5433, #3396, #3377, #5965, #5927, #2928, #5947, #6452, #4391, #6471, #335, #2339, #355, #858, #3434, #395, #4884, #4941, #4350, #1856, #1323, #1911, #881, #4905, #415, #5371, #2356, #4865, #5414, #1838, #5908, #2870, #3882, #6435, #1385, #374, #5040, #1990, #957, #4980, #5019, #6516, #4535, #2431, #935, #5494, #2496, #1482, #2009, #2967, #3453, #6496, #434, #3961, #3517, #1463, #2520, #11, #4493, #1444, #2948, #1929, #518, #4475, #6534, #5534, #996, #2456, #2475, #976, #3496, #1948, #6044, #4456, #5984 ),
 ( #1422, #3008, #6555, #6066, #6005, #3474, #472, #1969, #452, #3999, #5513, #496, #3540, #5000, #3980, #6027, #915, #2985, #5557, #4514, #4022, #4958, #1506, #3030, #5474, #1549, #5579, #6088, #609, #5132, #78, #4066, #6135, #5086, #1111, #5673, #6190, #106, #3144, #2637, #3049, #56, #3585, #1574, #4625, #585, #34, #4045, #1040, #1083, #2031, #2053, #3564, #2563, #131, #5600, #4654, #3116, #3634, #2544, #1598, #5107, #1019, #4555, #561, #1528, #2095, #6161, #3661, #539, #4576, #3608, #2072, #4090, #4115, #5624, #5646, #5064, #2583, #6112, #3069, #1062, #4602, #5161, #2611, #4139, #1625, #3094, #2123, #2173, #4679, #1137, #1650, #1674, #2659, #4188, #2150, #4165, #5185, #5699, #3685, #6213, #1163, #4703, #3171, #153, #660, #5209, #635, #2663, #5750, #4731, #2687, #5727, #3690, #3666, #2713, #6218, #6266, #6241, #3200, #4685, #209, #614, #2617, #640, #1143, #3227, #185, #4144, #5215 ),
 ( #1168, #1653, #3738, #5652, #6166, #4220, #5191, #2202, #709, #5139, #135, #5703, #4708, #3715, #2154, #4242, #4632, #1118, #112, #4659, #1604, #3177, #687, #4170, #3121, #3640, #1630, #1680, #5167, #1193, #1704, #157, #5678, #2129, #664, #4195, #2178, #2100, #5241, #2641, #6194, #3150, #1603, #38, #4899, #1212, #2332, #1869, #4365, #328, #4259, #3371, #851, #2864, #2350, #204, #369, #2223, #3896, #1337, #3857, #874, #1315, #1886, #5386, #4385, #2730, #4922, #5428, #4878, #4406, #6388, #4750, #349, #6287, #3221, #1722, #5364, #1361, #226, #4238, #5260, #5921, #3875, #5902, #3246, #1850, #3754, #6429, #1380, #2391, #5408, #2708, #6260, #5770, #5881, #2840, #833, #2370, #6407, #727, #3733, #4857, #2885, #704, #1831, #3353, #3390, #969, #909, #6528, #4994, #5506, #3915, #6510, #427, #5941, #6447, #1923, #3410, #3465, #1457, #4507, #2408, #6465, #5487, #3954, #5468, #2447, #928, #446 ),
 ( #465, #892, #3488, #2469, #3972, #2979, #2903, #4972, #3446, #389, #6020, #5446, #4427, #5960, #3992, #1397, #1476, #5012, #951, #4487, #6486, #1983, #5527, #2920, #4937, #3428, #1905, #2943, #1962, #1415, #409, #3933, #4450, #5998, #4952, #2425, #5978, #4468, #1437, #1940, #2960, #2044, #531, #3599, #2575, #552, #3576, #1540, #1520, #574, #4058, #5570, #4106, #2509, #2085, #4615, #5032, #487, #5055, #2536, #1074, #4593, #2000, #3060, #2488, #987, #6037, #2064, #5592, #6079, #1589, #3509, #4012, #5614, #3041, #69, #5121, #2998, #4547, #3554, #2555, #6103, #6547, #4079, #25, #1, #47, #2022, #6125, #4526, #6057, #509, #1053, #1564, #1497, #1032, #5548, #3021, #3530, #4036, #5097, #4568, #1011, #5078, #3084, #6177, #1099, #95, #5252, #5662, #4693, #3187, #5738, #3650, #651, #5714, #1664, #121, #169, #2600, #600, #622, #1127, #6151, #6252, #3724, #3213, #6205, #4742, #696, #4153 ),
 ( #5688, #4230, #3623, #4129, #5227, #2651, #196, #1714, #3107, #4670, #144, #2164, #5201, #1204, #3700, #3160, #3132, #674, #1640, #2699, #4642, #2626, #5177, #4207, #6227, #5637, #2141, #1614, #5151, #2112, #3676, #1691, #4180, #1154, #2674, #1178, #4718, #2188, #3238, #1824, #2238, #1264, #6337, #2304, #238, #3787, #2280, #4807, #3263, #3303, #5760, #3747, #3767, #4274, #2722, #2811, #300, #6363, #2768, #1310, #3832, #742, #3326, #2214, #5849, #6279, #1779, #6317, #219, #5338, #1737, #719, #5786, #807, #4252, #4337, #4851, #282, #3811, #3283, #1226, #4768, #5274, #2746, #6299, #1245, #5808, #782, #4784, #1759, #5294, #2260, #5828, #261, #1289, #1800, #761, #4295, #5315, #2790, #4317, #4827, #6458, #5440, #3404, #6441, #4400, #4380, #3422, #363, #1863, #402, #5379, #4946, #903, #1331, #3347, #1352, #5402, #3927, #886, #4872, #5935, #5358, #3851, #2326, #2914, #1898, #2897, #381, #5915 ),
 ( #2363, #4444, #321, #3870, #846, #2402, #1844, #2345, #4932, #5896, #2858, #4892, #6401, #5874, #3367, #2879, #827, #5423, #6423, #344, #3384, #1409, #3891, #2833, #3909, #4420, #4358, #867, #1392, #1374, #4915, #1881, #5954, #6382, #2385, #1469, #5971, #6049, #1430, #3013, #3480, #2972, #6562, #3459, #1003, #4498, #6539, #1934, #4028, #4540, #456, #3521, #5499, #421, #6031, #5480, #2419, #3946, #4480, #479, #5990, #3440, #922, #5024, #2991, #5005, #2440, #3985, #2954, #5540, #501, #1511, #4519, #1916, #5461, #4462, #1449, #4986, #6012, #2480, #1975, #4964, #2936, #6503, #5518, #6479, #439, #3966, #942, #1954, #2461, #2501, #981, #1489, #6521, #3502, #962, #4005, #1994, #1045, #5562, #5629, #591, #3641, #1533, #5585, #4607, #6117, #4583, #1580, #3075, #6141, #4145, #2567, #544, #4050, #1119, #1556, #6168, #3098, #5069, #615, #4661, #61, #3122, #2057, #3545, #2590, #2035, #2527, #522 ),
 ( #1024, #1605, #84, #1066, #2549, #566, #6094, #2101, #113, #5046, #1089, #2015, #6072, #4560, #5090, #5606, #3591, #3613, #5112, #3053, #3035, #39, #2078, #17, #3569, #4071, #4096, #4120, #4633, #5653, #5140, #2618, #6195, #2203, #2688, #1631, #2130, #4196, #5679, #5751, #3739, #229, #4686, #2155, #1194, #6242, #1169, #4732, #3201, #2714, #733, #5728, #3691, #641, #4264, #4709, #2736, #5242, #6267, #665, #5775, #3228, #710, #3716, #5168, #1681, #5216, #6292, #3151, #159, #2179, #1727, #4171, #1144, #1217, #5192, #1654, #186, #5704, #1237, #6219, #688, #136, #1705, #4221, #2664, #210, #3758, #3178, #2642, #4243, #4756, #3667, #5265, #2229, #3252, #2782, #1257, #4820, #5331, #4310, #1281, #1750, #3824, #3275, #798, #3296, #6329, #4331, #4798, #4844, #775, #5842, #251, #1793, #4777, #6310, #5286, #1303, #2295, #275, #1816, #2759, #3779, #2252, #3801, #5799, #753, #1771, #2804, #6354 ) ),
 .UNSPECIFIED., .T., .F., .F. ) 
 B_SPLINE_SURFACE_WITH_KNOTS ( ( 4, 3, 4 ),
 ( 4, 1, 1, 1, 1, 1, 1, 1, 1, 1, 1, 1, 1, 1, 1, 1, 1, 1, 1, 1, 1, 1, 1, 1, 1, 1, 1, 1, 1, 1, 1, 1, 1, 1, 1, 1, 1, 1, 1, 1, 1, 1, 1, 1, 1, 1, 1, 1, 1, 1, 1, 1, 1, 1, 1, 1, 1, 1, 1, 1, 1, 1, 1, 1, 1, 1, 1, 1, 1, 1, 1, 1, 1, 1, 1, 1, 1, 1, 1, 1, 1, 1, 1, 1, 1, 1, 1, 1, 1, 1, 1, 1, 1, 1, 1, 1, 1, 1, 1, 1, 1, 1, 1, 1, 1, 1, 1, 1, 1, 1, 1, 1, 1, 1, 1, 1, 1, 1, 1, 1, 1, 1, 1, 1, 1, 1, 1, 1, 4 ),
 ( 0.0000000000000000000, 0.5000000000000000000, 1.000000000000000000 ),
 ( 0.0000000000000000000, 0.007812497148276702400, 0.01562500122086223100, 0.02343749856725456700, 0.03124999671471001500, 0.03906250134751100600, 0.04687499840197770900, 0.05468749687076920200, 0.06250000148264627000, 0.07031249825383789600, 0.07812499703486416900, 0.08593750161825325400, 0.09374999812095259600, 0.1015624972058748300, 0.1093750017532115300, 0.1171874980022322400, 0.1249999973827346000, 0.1328125018864656500, 0.1406249978966557200, 0.1484374975644442700, 0.1562500020170293500, 0.1640624978032661800, 0.1718749977500711200, 0.1796875021439797200, 0.1874999977211727300, 0.1953124979387443600, 0.2031250022664614600, 0.2109374976495468100, 0.2187499981296612000, 0.2265625023836809700, 0.2343749975876233400, 0.2421874983220764800, 0.2500000024949054500, 0.2578124975346973200, 0.2656249985153067400, 0.2734375025994608100, 0.2812499974901243000, 0.2890624987087278600, 0.2968750026967374400, 0.3046874974533189700, 0.3124999989017777100, 0.3203125027861798400, 0.3281249974237486200, 0.3359374990939426000, 0.3437500028672891800, 0.3515624974009432000, 0.3593749992847748400, 0.3671875029396202700, 0.3749999973844807500, 0.3828124994738716900, 0.3906250030027878000, 0.3984374973739938700, 0.4062499996608872600, 0.4140625030564550300, 0.4218749973691752200, 0.4296874998455303400, 0.4375000031003361500, 0.4453124973697527000, 0.4531250000275565100, 0.4609375031341983500, 0.4687499973755188700, 0.4765625002067705500, 0.4843750031578512000, 0.4921874973863009100, 0.5000000003830196200, 0.5078125031711611100, 0.5156249974019842000, 0.5234375005562127400, 0.5312500031740333700, 0.5390624974224963500, 0.5468750007262867000, 0.5546875031664244600, 0.5624999974478026600, 0.5703125008932381500, 0.5781250031483269300, 0.5859374974779189000, 0.5937500010570943000, 0.6015625031197817700, 0.6093749975128998100, 0.6171875012179250900, 0.6250000030808654500, 0.6328124975528388600, 0.6406250013758476600, 0.6484375030317032200, 0.6562499975978745000, 0.6640625015310114300, 0.6718750029724514000, 0.6796874976481719300, 0.6875000016836070300, 0.6953125029033061500, 0.7031249977039409900, 0.7109375018338586200, 0.7187500028244965300, 0.7265624977654283600, 0.7343750019820221000, 0.7421875027362945200, 0.7499999978329049400, 0.7578125021283929100, 0.7656250026389948000, 0.7734374979066911400, 0.7812500022733001000, 0.7890625025329267600, 0.7968749979871139200, 0.8046875024170984100, 0.8125000024184561000, 0.8203124980745580800, 0.8281250025601842900, 0.8359375022959779600, 0.8437499981694143200, 0.8515625027029527500, 0.8593750021659046800, 0.8671874982721075000, 0.8750000028458575500, 0.8828125020286883300, 0.8906249983830949500, 0.8984375029893683100, 0.9062500018847990900, 0.9140624985028615900, 0.9218750031339771900, 0.9296875017347405700, 0.9374999986318913700, 0.9453125032801932300, 0.9531250015790250200, 0.9609374987707206600, 0.9687500034285757600, 0.9765625014175570700, 0.9843749989158031600, 0.9921875029300703000, 1.000000000000000000 ),
 .UNSPECIFIED. ) 
 GEOMETRIC_REPRESENTATION_ITEM ( )  RATIONAL_B_SPLINE_SURFACE ( (
 ( 1.000000000000000000, 1.000000000000000000, 0.9999999999999997800, 1.000000000000000200, 0.9999999999999997800, 1.000000000000000200, 0.9999999999999997800, 1.000000000000000000, 1.000000000000000000, 0.9999999999999997800, 1.000000000000000200, 0.9999999999999997800, 1.000000000000000000, 1.000000000000000200, 0.9999999999999996700, 1.000000000000000400, 1.000000000000000000, 1.000000000000000200, 0.9999999999999997800, 0.9999999999999997800, 1.000000000000000200, 1.000000000000000000, 0.9999999999999997800, 1.000000000000000000, 0.9999999999999997800, 1.000000000000000200, 0.9999999999999997800, 1.000000000000000200, 1.000000000000000000, 1.000000000000000200, 1.000000000000000000, 1.000000000000000200, 1.000000000000000000, 1.000000000000000200, 1.000000000000000200, 1.000000000000000000, 0.9999999999999997800, 1.000000000000000200, 0.9999999999999997800, 1.000000000000000400, 0.9999999999999996700, 1.000000000000000000, 1.000000000000000000, 1.000000000000000000, 1.000000000000000200, 0.9999999999999994400, 1.000000000000000200, 0.9999999999999997800, 1.000000000000000000, 1.000000000000000200, 0.9999999999999996700, 1.000000000000000200, 0.9999999999999997800, 1.000000000000000200, 0.9999999999999997800, 1.000000000000000200, 0.9999999999999996700, 1.000000000000000400, 1.000000000000000000, 1.000000000000000200, 0.9999999999999996700, 1.000000000000000200, 1.000000000000000000, 0.9999999999999996700, 1.000000000000000200, 0.9999999999999997800, 0.9999999999999997800, 1.000000000000000000, 1.000000000000000000, 1.000000000000000000, 1.000000000000000200, 1.000000000000000000, 0.9999999999999997800, 1.000000000000000400, 0.9999999999999997800, 1.000000000000000400, 0.9999999999999997800, 1.000000000000000200, 0.9999999999999996700, 0.9999999999999997800, 0.9999999999999997800, 1.000000000000000200, 0.9999999999999997800, 0.9999999999999997800, 1.000000000000000400, 0.9999999999999996700, 1.000000000000000000, 1.000000000000000000, 0.9999999999999996700, 1.000000000000000400, 0.9999999999999997800, 1.000000000000000000, 1.000000000000000200, 1.000000000000000000, 1.000000000000000000, 0.9999999999999996700, 1.000000000000000000, 1.000000000000000000, 1.000000000000000200, 0.9999999999999994400, 1.000000000000000200, 0.9999999999999997800, 1.000000000000000000, 1.000000000000000000, 1.000000000000000200, 1.000000000000000000, 0.9999999999999997800, 1.000000000000000200, 0.9999999999999996700, 1.000000000000000400, 0.9999999999999997800, 1.000000000000000000, 1.000000000000000000, 0.9999999999999997800, 1.000000000000000400, 1.000000000000000000, 1.000000000000000000, 1.000000000000000200, 0.9999999999999997800, 1.000000000000000000, 1.000000000000000200, 1.000000000000000400, 1.000000000000000000, 0.9999999999999997800, 1.000000000000000400, 0.9999999999999997800, 1.000000000000000000, 1.000000000000000000, 1.000000000000000200, 1.000000000000000200, 1.000000000000000200),
 ( 0.3333333333333333700, 0.3333333333333334300, 0.3333333333333332600, 0.3333333333333334800, 0.3333333333333332600, 0.3333333333333334800, 0.3333333333333333700, 0.3333333333333332600, 0.3333333333333334800, 0.3333333333333332000, 0.3333333333333334800, 0.3333333333333333100, 0.3333333333333333700, 0.3333333333333334300, 0.3333333333333332600, 0.3333333333333334800, 0.3333333333333333100, 0.3333333333333334300, 0.3333333333333333100, 0.3333333333333333700, 0.3333333333333334300, 0.3333333333333333100, 0.3333333333333334300, 0.3333333333333334300, 0.3333333333333333100, 0.3333333333333334300, 0.3333333333333333100, 0.3333333333333334300, 0.3333333333333333700, 0.3333333333333334800, 0.3333333333333333700, 0.3333333333333333700, 0.3333333333333333700, 0.3333333333333334300, 0.3333333333333334300, 0.3333333333333333700, 0.3333333333333333700, 0.3333333333333334300, 0.3333333333333333700, 0.3333333333333334300, 0.3333333333333333100, 0.3333333333333333100, 0.3333333333333334300, 0.3333333333333333700, 0.3333333333333334800, 0.3333333333333332000, 0.3333333333333334300, 0.3333333333333333100, 0.3333333333333333700, 0.3333333333333334800, 0.3333333333333332000, 0.3333333333333335400, 0.3333333333333333100, 0.3333333333333333700, 0.3333333333333333100, 0.3333333333333334300, 0.3333333333333333100, 0.3333333333333334800, 0.3333333333333333100, 0.3333333333333334800, 0.3333333333333332600, 0.3333333333333333700, 0.3333333333333334300, 0.3333333333333332600, 0.3333333333333334800, 0.3333333333333333100, 0.3333333333333333100, 0.3333333333333333700, 0.3333333333333333700, 0.3333333333333334300, 0.3333333333333334300, 0.3333333333333333100, 0.3333333333333333100, 0.3333333333333335400, 0.3333333333333333100, 0.3333333333333335400, 0.3333333333333333100, 0.3333333333333334800, 0.3333333333333332000, 0.3333333333333333700, 0.3333333333333333100, 0.3333333333333334300, 0.3333333333333333100, 0.3333333333333333700, 0.3333333333333334300, 0.3333333333333333100, 0.3333333333333334300, 0.3333333333333333700, 0.3333333333333333100, 0.3333333333333334800, 0.3333333333333333100, 0.3333333333333334300, 0.3333333333333333700, 0.3333333333333333700, 0.3333333333333333700, 0.3333333333333333100, 0.3333333333333333700, 0.3333333333333333100, 0.3333333333333335400, 0.3333333333333332000, 0.3333333333333334800, 0.3333333333333333100, 0.3333333333333333700, 0.3333333333333334300, 0.3333333333333333700, 0.3333333333333334300, 0.3333333333333332600, 0.3333333333333333700, 0.3333333333333333100, 0.3333333333333334800, 0.3333333333333333100, 0.3333333333333334300, 0.3333333333333333700, 0.3333333333333333100, 0.3333333333333334300, 0.3333333333333333700, 0.3333333333333334300, 0.3333333333333333700, 0.3333333333333333100, 0.3333333333333333700, 0.3333333333333334300, 0.3333333333333334800, 0.3333333333333333100, 0.3333333333333334300, 0.3333333333333334300, 0.3333333333333333100, 0.3333333333333334300, 0.3333333333333333700, 0.3333333333333333700, 0.3333333333333334800, 0.3333333333333334300),
 ( 0.3333333333333333700, 0.3333333333333334300, 0.3333333333333332600, 0.3333333333333334800, 0.3333333333333332600, 0.3333333333333334800, 0.3333333333333333700, 0.3333333333333332600, 0.3333333333333334800, 0.3333333333333332000, 0.3333333333333334800, 0.3333333333333333100, 0.3333333333333333700, 0.3333333333333334300, 0.3333333333333332600, 0.3333333333333334800, 0.3333333333333333100, 0.3333333333333334300, 0.3333333333333333100, 0.3333333333333333700, 0.3333333333333334300, 0.3333333333333333100, 0.3333333333333334300, 0.3333333333333334300, 0.3333333333333333100, 0.3333333333333334300, 0.3333333333333333100, 0.3333333333333334300, 0.3333333333333333700, 0.3333333333333334800, 0.3333333333333333700, 0.3333333333333333700, 0.3333333333333333700, 0.3333333333333334300, 0.3333333333333334300, 0.3333333333333333700, 0.3333333333333333700, 0.3333333333333334300, 0.3333333333333333700, 0.3333333333333334300, 0.3333333333333333100, 0.3333333333333333100, 0.3333333333333334300, 0.3333333333333333700, 0.3333333333333334800, 0.3333333333333332000, 0.3333333333333334300, 0.3333333333333333100, 0.3333333333333333700, 0.3333333333333334800, 0.3333333333333332000, 0.3333333333333335400, 0.3333333333333333100, 0.3333333333333333700, 0.3333333333333333100, 0.3333333333333334300, 0.3333333333333333100, 0.3333333333333334800, 0.3333333333333333100, 0.3333333333333334800, 0.3333333333333332600, 0.3333333333333333700, 0.3333333333333334300, 0.3333333333333332600, 0.3333333333333334800, 0.3333333333333333100, 0.3333333333333333100, 0.3333333333333333700, 0.3333333333333333700, 0.3333333333333334300, 0.3333333333333334300, 0.3333333333333333100, 0.3333333333333333100, 0.3333333333333335400, 0.3333333333333333100, 0.3333333333333335400, 0.3333333333333333100, 0.3333333333333334800, 0.3333333333333332000, 0.3333333333333333700, 0.3333333333333333100, 0.3333333333333334300, 0.3333333333333333100, 0.3333333333333333700, 0.3333333333333334300, 0.3333333333333333100, 0.3333333333333334300, 0.3333333333333333700, 0.3333333333333333100, 0.3333333333333334800, 0.3333333333333333100, 0.3333333333333334300, 0.3333333333333333700, 0.3333333333333333700, 0.3333333333333333700, 0.3333333333333333100, 0.3333333333333333700, 0.3333333333333333100, 0.3333333333333335400, 0.3333333333333332000, 0.3333333333333334800, 0.3333333333333333100, 0.3333333333333333700, 0.3333333333333334300, 0.3333333333333333700, 0.3333333333333334300, 0.3333333333333332600, 0.3333333333333333700, 0.3333333333333333100, 0.3333333333333334800, 0.3333333333333333100, 0.3333333333333334300, 0.3333333333333333700, 0.3333333333333333100, 0.3333333333333334300, 0.3333333333333333700, 0.3333333333333334300, 0.3333333333333333700, 0.3333333333333333100, 0.3333333333333333700, 0.3333333333333334300, 0.3333333333333334800, 0.3333333333333333100, 0.3333333333333334300, 0.3333333333333334300, 0.3333333333333333100, 0.3333333333333334300, 0.3333333333333333700, 0.3333333333333333700, 0.3333333333333334800, 0.3333333333333334300),
 ( 1.000000000000000000, 1.000000000000000000, 0.9999999999999997800, 1.000000000000000200, 0.9999999999999997800, 1.000000000000000200, 0.9999999999999997800, 1.000000000000000000, 1.000000000000000000, 0.9999999999999997800, 1.000000000000000200, 0.9999999999999997800, 1.000000000000000000, 1.000000000000000200, 0.9999999999999996700, 1.000000000000000400, 1.000000000000000000, 1.000000000000000200, 0.9999999999999997800, 0.9999999999999997800, 1.000000000000000200, 1.000000000000000000, 0.9999999999999997800, 1.000000000000000000, 0.9999999999999997800, 1.000000000000000200, 0.9999999999999997800, 1.000000000000000200, 1.000000000000000000, 1.000000000000000200, 1.000000000000000000, 1.000000000000000200, 1.000000000000000000, 1.000000000000000200, 1.000000000000000200, 1.000000000000000000, 0.9999999999999997800, 1.000000000000000200, 0.9999999999999997800, 1.000000000000000400, 0.9999999999999996700, 1.000000000000000000, 1.000000000000000000, 1.000000000000000000, 1.000000000000000200, 0.9999999999999994400, 1.000000000000000200, 0.9999999999999997800, 1.000000000000000000, 1.000000000000000200, 0.9999999999999996700, 1.000000000000000200, 0.9999999999999997800, 1.000000000000000200, 0.9999999999999997800, 1.000000000000000200, 0.9999999999999996700, 1.000000000000000400, 1.000000000000000000, 1.000000000000000200, 0.9999999999999996700, 1.000000000000000200, 1.000000000000000000, 0.9999999999999996700, 1.000000000000000200, 0.9999999999999997800, 0.9999999999999997800, 1.000000000000000000, 1.000000000000000000, 1.000000000000000000, 1.000000000000000200, 1.000000000000000000, 0.9999999999999997800, 1.000000000000000400, 0.9999999999999997800, 1.000000000000000400, 0.9999999999999997800, 1.000000000000000200, 0.9999999999999996700, 0.9999999999999997800, 0.9999999999999997800, 1.000000000000000200, 0.9999999999999997800, 0.9999999999999997800, 1.000000000000000400, 0.9999999999999996700, 1.000000000000000000, 1.000000000000000000, 0.9999999999999996700, 1.000000000000000400, 0.9999999999999997800, 1.000000000000000000, 1.000000000000000200, 1.000000000000000000, 1.000000000000000000, 0.9999999999999996700, 1.000000000000000000, 1.000000000000000000, 1.000000000000000200, 0.9999999999999994400, 1.000000000000000200, 0.9999999999999997800, 1.000000000000000000, 1.000000000000000000, 1.000000000000000200, 1.000000000000000000, 0.9999999999999997800, 1.000000000000000200, 0.9999999999999996700, 1.000000000000000400, 0.9999999999999997800, 1.000000000000000000, 1.000000000000000000, 0.9999999999999997800, 1.000000000000000400, 1.000000000000000000, 1.000000000000000000, 1.000000000000000200, 0.9999999999999997800, 1.000000000000000000, 1.000000000000000200, 1.000000000000000400, 1.000000000000000000, 0.9999999999999997800, 1.000000000000000400, 0.9999999999999997800, 1.000000000000000000, 1.000000000000000000, 1.000000000000000200, 1.000000000000000200, 1.000000000000000200),
 ( 0.3333333333333333700, 0.3333333333333334300, 0.3333333333333332600, 0.3333333333333334800, 0.3333333333333332600, 0.3333333333333334800, 0.3333333333333333700, 0.3333333333333332600, 0.3333333333333334800, 0.3333333333333332000, 0.3333333333333334800, 0.3333333333333333100, 0.3333333333333333700, 0.3333333333333334300, 0.3333333333333332600, 0.3333333333333334800, 0.3333333333333333100, 0.3333333333333334300, 0.3333333333333333100, 0.3333333333333333700, 0.3333333333333334300, 0.3333333333333333100, 0.3333333333333334300, 0.3333333333333334300, 0.3333333333333333100, 0.3333333333333334300, 0.3333333333333333100, 0.3333333333333334300, 0.3333333333333333700, 0.3333333333333334800, 0.3333333333333333700, 0.3333333333333333700, 0.3333333333333333700, 0.3333333333333334300, 0.3333333333333334300, 0.3333333333333333700, 0.3333333333333333700, 0.3333333333333334300, 0.3333333333333333700, 0.3333333333333334300, 0.3333333333333333100, 0.3333333333333333100, 0.3333333333333334300, 0.3333333333333333700, 0.3333333333333334800, 0.3333333333333332000, 0.3333333333333334300, 0.3333333333333333100, 0.3333333333333333700, 0.3333333333333334800, 0.3333333333333332000, 0.3333333333333335400, 0.3333333333333333100, 0.3333333333333333700, 0.3333333333333333100, 0.3333333333333334300, 0.3333333333333333100, 0.3333333333333334800, 0.3333333333333333100, 0.3333333333333334800, 0.3333333333333332600, 0.3333333333333333700, 0.3333333333333334300, 0.3333333333333332600, 0.3333333333333334800, 0.3333333333333333100, 0.3333333333333333100, 0.3333333333333333700, 0.3333333333333333700, 0.3333333333333334300, 0.3333333333333334300, 0.3333333333333333100, 0.3333333333333333100, 0.3333333333333335400, 0.3333333333333333100, 0.3333333333333335400, 0.3333333333333333100, 0.3333333333333334800, 0.3333333333333332000, 0.3333333333333333700, 0.3333333333333333100, 0.3333333333333334300, 0.3333333333333333100, 0.3333333333333333700, 0.3333333333333334300, 0.3333333333333333100, 0.3333333333333334300, 0.3333333333333333700, 0.3333333333333333100, 0.3333333333333334800, 0.3333333333333333100, 0.3333333333333334300, 0.3333333333333333700, 0.3333333333333333700, 0.3333333333333333700, 0.3333333333333333100, 0.3333333333333333700, 0.3333333333333333100, 0.3333333333333335400, 0.3333333333333332000, 0.3333333333333334800, 0.3333333333333333100, 0.3333333333333333700, 0.3333333333333334300, 0.3333333333333333700, 0.3333333333333334300, 0.3333333333333332600, 0.3333333333333333700, 0.3333333333333333100, 0.3333333333333334800, 0.3333333333333333100, 0.3333333333333334300, 0.3333333333333333700, 0.3333333333333333100, 0.3333333333333334300, 0.3333333333333333700, 0.3333333333333334300, 0.3333333333333333700, 0.3333333333333333100, 0.3333333333333333700, 0.3333333333333334300, 0.3333333333333334800, 0.3333333333333333100, 0.3333333333333334300, 0.3333333333333334300, 0.3333333333333333100, 0.3333333333333334300, 0.3333333333333333700, 0.3333333333333333700, 0.3333333333333334800, 0.3333333333333334300),
 ( 0.3333333333333333700, 0.3333333333333334300, 0.3333333333333332600, 0.3333333333333334800, 0.3333333333333332600, 0.3333333333333334800, 0.3333333333333333700, 0.3333333333333332600, 0.3333333333333334800, 0.3333333333333332000, 0.3333333333333334800, 0.3333333333333333100, 0.3333333333333333700, 0.3333333333333334300, 0.3333333333333332600, 0.3333333333333334800, 0.3333333333333333100, 0.3333333333333334300, 0.3333333333333333100, 0.3333333333333333700, 0.3333333333333334300, 0.3333333333333333100, 0.3333333333333334300, 0.3333333333333334300, 0.3333333333333333100, 0.3333333333333334300, 0.3333333333333333100, 0.3333333333333334300, 0.3333333333333333700, 0.3333333333333334800, 0.3333333333333333700, 0.3333333333333333700, 0.3333333333333333700, 0.3333333333333334300, 0.3333333333333334300, 0.3333333333333333700, 0.3333333333333333700, 0.3333333333333334300, 0.3333333333333333700, 0.3333333333333334300, 0.3333333333333333100, 0.3333333333333333100, 0.3333333333333334300, 0.3333333333333333700, 0.3333333333333334800, 0.3333333333333332000, 0.3333333333333334300, 0.3333333333333333100, 0.3333333333333333700, 0.3333333333333334800, 0.3333333333333332000, 0.3333333333333335400, 0.3333333333333333100, 0.3333333333333333700, 0.3333333333333333100, 0.3333333333333334300, 0.3333333333333333100, 0.3333333333333334800, 0.3333333333333333100, 0.3333333333333334800, 0.3333333333333332600, 0.3333333333333333700, 0.3333333333333334300, 0.3333333333333332600, 0.3333333333333334800, 0.3333333333333333100, 0.3333333333333333100, 0.3333333333333333700, 0.3333333333333333700, 0.3333333333333334300, 0.3333333333333334300, 0.3333333333333333100, 0.3333333333333333100, 0.3333333333333335400, 0.3333333333333333100, 0.3333333333333335400, 0.3333333333333333100, 0.3333333333333334800, 0.3333333333333332000, 0.3333333333333333700, 0.3333333333333333100, 0.3333333333333334300, 0.3333333333333333100, 0.3333333333333333700, 0.3333333333333334300, 0.3333333333333333100, 0.3333333333333334300, 0.3333333333333333700, 0.3333333333333333100, 0.3333333333333334800, 0.3333333333333333100, 0.3333333333333334300, 0.3333333333333333700, 0.3333333333333333700, 0.3333333333333333700, 0.3333333333333333100, 0.3333333333333333700, 0.3333333333333333100, 0.3333333333333335400, 0.3333333333333332000, 0.3333333333333334800, 0.3333333333333333100, 0.3333333333333333700, 0.3333333333333334300, 0.3333333333333333700, 0.3333333333333334300, 0.3333333333333332600, 0.3333333333333333700, 0.3333333333333333100, 0.3333333333333334800, 0.3333333333333333100, 0.3333333333333334300, 0.3333333333333333700, 0.3333333333333333100, 0.3333333333333334300, 0.3333333333333333700, 0.3333333333333334300, 0.3333333333333333700, 0.3333333333333333100, 0.3333333333333333700, 0.3333333333333334300, 0.3333333333333334800, 0.3333333333333333100, 0.3333333333333334300, 0.3333333333333334300, 0.3333333333333333100, 0.3333333333333334300, 0.3333333333333333700, 0.3333333333333333700, 0.3333333333333334800, 0.3333333333333334300),
 ( 1.000000000000000000, 1.000000000000000000, 0.9999999999999997800, 1.000000000000000200, 0.9999999999999997800, 1.000000000000000200, 0.9999999999999997800, 1.000000000000000000, 1.000000000000000000, 0.9999999999999997800, 1.000000000000000200, 0.9999999999999997800, 1.000000000000000000, 1.000000000000000200, 0.9999999999999996700, 1.000000000000000400, 1.000000000000000000, 1.000000000000000200, 0.9999999999999997800, 0.9999999999999997800, 1.000000000000000200, 1.000000000000000000, 0.9999999999999997800, 1.000000000000000000, 0.9999999999999997800, 1.000000000000000200, 0.9999999999999997800, 1.000000000000000200, 1.000000000000000000, 1.000000000000000200, 1.000000000000000000, 1.000000000000000200, 1.000000000000000000, 1.000000000000000200, 1.000000000000000200, 1.000000000000000000, 0.9999999999999997800, 1.000000000000000200, 0.9999999999999997800, 1.000000000000000400, 0.9999999999999996700, 1.000000000000000000, 1.000000000000000000, 1.000000000000000000, 1.000000000000000200, 0.9999999999999994400, 1.000000000000000200, 0.9999999999999997800, 1.000000000000000000, 1.000000000000000200, 0.9999999999999996700, 1.000000000000000200, 0.9999999999999997800, 1.000000000000000200, 0.9999999999999997800, 1.000000000000000200, 0.9999999999999996700, 1.000000000000000400, 1.000000000000000000, 1.000000000000000200, 0.9999999999999996700, 1.000000000000000200, 1.000000000000000000, 0.9999999999999996700, 1.000000000000000200, 0.9999999999999997800, 0.9999999999999997800, 1.000000000000000000, 1.000000000000000000, 1.000000000000000000, 1.000000000000000200, 1.000000000000000000, 0.9999999999999997800, 1.000000000000000400, 0.9999999999999997800, 1.000000000000000400, 0.9999999999999997800, 1.000000000000000200, 0.9999999999999996700, 0.9999999999999997800, 0.9999999999999997800, 1.000000000000000200, 0.9999999999999997800, 0.9999999999999997800, 1.000000000000000400, 0.9999999999999996700, 1.000000000000000000, 1.000000000000000000, 0.9999999999999996700, 1.000000000000000400, 0.9999999999999997800, 1.000000000000000000, 1.000000000000000200, 1.000000000000000000, 1.000000000000000000, 0.9999999999999996700, 1.000000000000000000, 1.000000000000000000, 1.000000000000000200, 0.9999999999999994400, 1.000000000000000200, 0.9999999999999997800, 1.000000000000000000, 1.000000000000000000, 1.000000000000000200, 1.000000000000000000, 0.9999999999999997800, 1.000000000000000200, 0.9999999999999996700, 1.000000000000000400, 0.9999999999999997800, 1.000000000000000000, 1.000000000000000000, 0.9999999999999997800, 1.000000000000000400, 1.000000000000000000, 1.000000000000000000, 1.000000000000000200, 0.9999999999999997800, 1.000000000000000000, 1.000000000000000200, 1.000000000000000400, 1.000000000000000000, 0.9999999999999997800, 1.000000000000000400, 0.9999999999999997800, 1.000000000000000000, 1.000000000000000000, 1.000000000000000200, 1.000000000000000200, 1.000000000000000200) ) ) 
 REPRESENTATION_ITEM ( '' )  SURFACE ( )  );
#5786 = CARTESIAN_POINT ( 'NONE',  ( 1536.108675221679300, -650.4550650826403200, 370.1130231364695100 ) ) ;
#5787 = CARTESIAN_POINT ( 'NONE',  ( 1152.334585100650400, 208.0844702241587400, -508.9903360787513400 ) ) ;
#5788 = CARTESIAN_POINT ( 'NONE',  ( 61.94123650696375400, 238.8012600038293800, -504.7053722392482800 ) ) ;
#5789 = CARTESIAN_POINT ( 'NONE',  ( 2040.709556439610400, 7.924836468852119800, -408.7525988768615000 ) ) ;
#5790 = ORIENTED_EDGE ( 'NONE', *, *, #3466, .T. ) ;
#5791 = CARTESIAN_POINT ( 'NONE',  ( -95.07192497943368900, 385.0381135569227200, -66.43732945278341600 ) ) ;
#5792 = CARTESIAN_POINT ( 'NONE',  ( 571.2800709027333100, -345.5769049650963300, -427.7237042377345800 ) ) ;
#5793 = CARTESIAN_POINT ( 'NONE',  ( 1896.084666857853600, -2.537398138237715100, -549.8764805525759100 ) ) ;
#5794 = CARTESIAN_POINT ( 'NONE',  ( 2913.058602738322900, -233.2286537912502500, 51.59361534767946700 ) ) ;
#5795 = CARTESIAN_POINT ( 'NONE',  ( -74.32948380835657100, 134.0633487694584000, -363.8657942978620700 ) ) ;
#5796 = EDGE_LOOP ( 'NONE', ( #723, #4767, #85, #1751 ) ) ;
#5797 = CARTESIAN_POINT ( 'NONE',  ( 875.4176662236719700, -430.9182465231791600, -392.3228281870227100 ) ) ;
#5798 = CARTESIAN_POINT ( 'NONE',  ( 844.5038610431134900, -421.3630392499083500, 52.47210360708145100 ) ) ;
#5799 = CARTESIAN_POINT ( 'NONE',  ( 2830.943882699823500, -290.7470170300139200, -287.4085872306010900 ) ) ;
#5800 = CARTESIAN_POINT ( 'NONE',  ( 2756.045694921517700, -155.7622686305114100, 149.6497189656784600 ) ) ;
#5801 = CARTESIAN_POINT ( 'NONE',  ( 1854.772159336812600, 406.0074897694648300, 47.95133194145248000 ) ) ;
#5802 = CARTESIAN_POINT ( 'NONE',  ( 2913.058602738468800, -417.4156117387359500, -48.75924005057554200 ) ) ;
#5803 = CARTESIAN_POINT ( 'NONE',  ( 2340.379686054497100, 531.0717509541724400, 175.2696861166730300 ) ) ;
#5804 = CARTESIAN_POINT ( 'NONE',  ( 2586.964025711378800, -440.5525791316495700, 90.42474974615019800 ) ) ;
#5805 = CARTESIAN_POINT ( 'NONE',  ( 3077.875618287445800, -57.85023898775953200, 146.5253260473875200 ) ) ;
#5806 = CARTESIAN_POINT ( 'NONE',  ( 2561.243527474345700, 85.33084671455291900, 592.4772953421966100 ) ) ;
#5807 = EDGE_CURVE ( 'NONE', #3796, #3879, #3709, .T. ) ;
#5808 = CARTESIAN_POINT ( 'NONE',  ( 1861.499708656765700, 715.7423812096647000, -218.6051769788990400 ) ) ;
#5809 = CARTESIAN_POINT ( 'NONE',  ( 1524.209840285968300, -104.7868735959308300, 539.8065039330168700 ) ) ;
#5810 = CARTESIAN_POINT ( 'NONE',  ( 446.2047306532791100, 4.818936519545588700, 598.5709141142781400 ) ) ;
#5811 = PRESENTATION_LAYER_ASSIGNMENT (  '', '', ( #2013 ) ) ;
#5812 = CARTESIAN_POINT ( 'NONE',  ( 1529.381141778443400, -406.6488903093054400, 42.17010152653240600 ) ) ;
#5813 = CARTESIAN_POINT ( 'NONE',  ( -61.94123650696378300, 163.5948939821157600, -245.1890524929250100 ) ) ;
#5814 = CARTESIAN_POINT ( 'NONE',  ( 2298.873340429167500, -435.3838900981522800, 557.7738491039674500 ) ) ;
#5815 = CARTESIAN_POINT ( 'NONE',  ( 2267.959653998352200, 109.7641135818764000, 538.8157817922093500 ) ) ;
#5816 = CARTESIAN_POINT ( 'NONE',  ( 2860.914187333752600, -354.5809806741413600, 389.9123174868358900 ) ) ;
#5817 = CARTESIAN_POINT ( 'NONE',  ( 712.7226616773097000, 342.4350956553425400, -471.5354101689313200 ) ) ;
#5818 = CARTESIAN_POINT ( 'NONE',  ( 2122.824377100373600, -240.6304480669044800, -349.8528394635234200 ) ) ;
#5819 = CARTESIAN_POINT ( 'NONE',  ( 18.63901376353561200, -257.1639917874635400, -317.8496522463896700 ) ) ;
#5820 = AXIS2_PLACEMENT_3D ( 'NONE', #2143, #5690, #1567 ) ;
#5821 = CARTESIAN_POINT ( 'NONE',  ( -912.4786724770601700, 0.0000000000000000000, 120.0000000000000100 ) ) ;
#5822 = CARTESIAN_POINT ( 'NONE',  ( 2412.584582171602500, 71.97110503630024400, 402.4445507033063900 ) ) ;
#5823 = CARTESIAN_POINT ( 'NONE',  ( 3193.947562770009000, -323.4024809682247800, 101.6311416981076300 ) ) ;
#5824 = CARTESIAN_POINT ( 'NONE',  ( 2014.989060432738100, -556.5697000747750300, -54.65263103849055400 ) ) ;
#5825 = CARTESIAN_POINT ( 'NONE',  ( 2493.995103159230000, -362.8566108750867400, -265.7020217381576700 ) ) ;
#5826 = CARTESIAN_POINT ( 'NONE',  ( 3154.417962129693500, -229.3264574835776300, -143.7530760828053600 ) ) ;
#5827 = CARTESIAN_POINT ( 'NONE',  ( 2282.337226751785200, -421.4766505999637600, -425.0507795349696500 ) ) ;
#5828 = CARTESIAN_POINT ( 'NONE',  ( 2000.952786861688100, 16.94360935751914700, -748.1899979451268300 ) ) ;
#5829 = CARTESIAN_POINT ( 'NONE',  ( 2570.108258648612700, 124.5845568031879700, -535.5828095729129900 ) ) ;
#5830 = CARTESIAN_POINT ( 'NONE',  ( 2630.970104494385400, 416.2289406504724000, 430.1908387565706000 ) ) ;
#5831 = CARTESIAN_POINT ( 'NONE',  ( 1459.654582224557100, -354.2746751801005900, -204.0369825302509800 ) ) ;
#5832 = CARTESIAN_POINT ( 'NONE',  ( -95.07192497943370300, 457.7966328801490500, -302.4834036529695700 ) ) ;
#5833 = CARTESIAN_POINT ( 'NONE',  ( 850.1863018044853100, 22.77523185852867000, 549.4107484435637600 ) ) ;
#5834 = CARTESIAN_POINT ( 'NONE',  ( 286.6914343002495100, -72.10246702905189400, 418.4511018544502600 ) ) ;
#5835 = CARTESIAN_POINT ( 'NONE',  ( 3237.773239987544500, -289.9163298801390200, 94.18521755321170000 ) ) ;
#5836 = CARTESIAN_POINT ( 'NONE',  ( -74.32948380835655700, 156.4885250849705500, -273.4507029127910300 ) ) ;
#5837 = CARTESIAN_POINT ( 'NONE',  ( 1280.422851077145900, 253.2545971156941400, 160.7470696457047800 ) ) ;
#5838 = CARTESIAN_POINT ( 'NONE',  ( 61.94123650696374700, 249.0096388165078200, -95.90268158566880200 ) ) ;
#5839 = CARTESIAN_POINT ( 'NONE',  ( 550.0273500763617000, 506.4063858710249500, 288.3749801636882400 ) ) ;
#5840 = CARTESIAN_POINT ( 'NONE',  ( 2773.605583667111700, -67.94275007601241600, -419.1488574054469600 ) ) ;
#5841 = CARTESIAN_POINT ( 'NONE',  ( 41.88153913381084700, -317.3469461056437800, -257.7294328315705900 ) ) ;
#5842 = CARTESIAN_POINT ( 'NONE',  ( 2505.553029002816400, 346.5245866394955100, 216.9385758716241500 ) ) ;
#5843 = CARTESIAN_POINT ( 'NONE',  ( 2342.858031528222900, -177.4216387119981800, 368.3246009432328900 ) ) ;
#5844 = CARTESIAN_POINT ( 'NONE',  ( 2879.928489444791900, -349.1463764225056300, 349.5347661511481200 ) ) ;
#5845 = CARTESIAN_POINT ( 'NONE',  ( 2665.770580536053300, -480.0405066526796000, -284.4665902600096400 ) ) ;
#5846 = CARTESIAN_POINT ( 'NONE',  ( 2540.479668721550800, -439.4014233587586800, -95.86280906942894800 ) ) ;
#5847 = CARTESIAN_POINT ( 'NONE',  ( 3187.998567354929900, -251.7134106928153900, 91.60573346833449200 ) ) ;
#5848 = CARTESIAN_POINT ( 'NONE',  ( 2816.907537188289100, 387.3218671967400200, -456.3906311311718000 ) ) ;
#5849 = CARTESIAN_POINT ( 'NONE',  ( 1350.172353010304500, -304.5768951681650900, -683.6000820416887800 ) ) ;
#5850 = FACE_OUTER_BOUND ( 'NONE', #2219, .T. ) ;
#5851 = CARTESIAN_POINT ( 'NONE',  ( 2639.834816800528600, -212.7703006303695200, -507.0959506385610800 ) ) ;
#5852 = CARTESIAN_POINT ( 'NONE',  ( 1771.009238416383600, -370.2606826580875500, 470.3376482172742500 ) ) ;
#5853 = CARTESIAN_POINT ( 'NONE',  ( 1970.982985784417500, 245.8691482465315500, -326.6341335361593700 ) ) ;
#5854 = CARTESIAN_POINT ( 'NONE',  ( -95.07192497943368900, 446.4153361775572100, -391.2652330961447000 ) ) ;
#5855 = CARTESIAN_POINT ( 'NONE',  ( 495.8710903151130100, 420.6873633871350600, -57.63897046587885600 ) ) ;
#5856 = CARTESIAN_POINT ( 'NONE',  ( 3237.745166691583100, -441.2930274266810200, -88.41640590711654100 ) ) ;
#5857 = CARTESIAN_POINT ( 'NONE',  ( -185.5264540518359400, 1.042945315003156000, -120.8228777996554200 ) ) ;
#5858 = CARTESIAN_POINT ( 'NONE',  ( 862.0635821479404500, -114.4977820201001900, -277.2504080912075300 ) ) ;
#5859 = CARTESIAN_POINT ( 'NONE',  ( 218.9543979933611700, 139.7211787372338000, -168.0380380775823100 ) ) ;
#5860 = CARTESIAN_POINT ( 'NONE',  ( 433.8164416162272200, 5.846917986818419300, 582.7291293720647900 ) ) ;
#5861 = EDGE_CURVE ( 'NONE', #401, #2373, #3224, .T. ) ;
#5862 = CARTESIAN_POINT ( 'NONE',  ( 2820.090063403012200, -231.9281665741588100, -355.6922131221876400 ) ) ;
#5863 = CARTESIAN_POINT ( 'NONE',  ( -66.58208680826072600, 27.78703686003455800, -403.4829710454713400 ) ) ;
#5864 = VECTOR ( 'NONE', #4223, 1000.000000000000000 ) ;
#5865 =( BOUNDED_SURFACE ( )  B_SPLINE_SURFACE ( 3, 3, ( 
 ( #5173, #1149, #4638, #4149, #5146, #2136, #165, #1561, #3672, #3646, #5684 ),
 ( #2647, #2107, #5658, #66, #6201, #1659, #2622, #3155, #1050, #140, #647 ),
 ( #2571, #2595, #5197, #6122, #2160, #1586, #3596, #5710, #3696, #4590, #571 ),
 ( #5094, #4102, #1071, #4612, #5634, #5756, #191, #4738, #5222, #6296, #714 ),
 ( #3743, #2234, #3258, #2741, #738, #4248, #1200, #6248, #3234, #1222, #1710 ),
 ( #4762, #234, #215, #1732, #1174, #2718, #2695, #2209, #5270, #5780, #2184 ),
 ( #3762, #1687, #6273, #4269, #3208, #5247, #669, #4203, #4225, #4714, #5734 ) ),
 .UNSPECIFIED., .T., .F., .T. ) 
 B_SPLINE_SURFACE_WITH_KNOTS ( ( 4, 3, 4 ),
 ( 4, 1, 1, 1, 1, 1, 1, 1, 4 ),
 ( 0.0000000000000000000, 0.5000000000000000000, 1.000000000000000000 ),
 ( 0.0000000000000000000, 0.1309596652010233700, 0.2703805044612614900, 0.4155183640114747400, 0.5628483116599832800, 0.6778359527555952700, 0.7899865719595706700, 0.8977634396038521900, 0.9999999999999998900 ),
 .UNSPECIFIED. ) 
 GEOMETRIC_REPRESENTATION_ITEM ( )  RATIONAL_B_SPLINE_SURFACE ( (
 ( 1.000000000000000000, 1.000000000000000000, 1.000000000000000400, 1.000000000000000000, 1.000000000000000000, 0.9999999999999997800, 1.000000000000000000, 1.000000000000000400, 1.000000000000000000, 1.000000000000000000, 1.000000000000000000),
 ( 0.3333333333333333700, 0.3333333333333333700, 0.3333333333333334300, 0.3333333333333333100, 0.3333333333333334300, 0.3333333333333333100, 0.3333333333333333700, 0.3333333333333334800, 0.3333333333333333700, 0.3333333333333333700, 0.3333333333333333700),
 ( 0.3333333333333333700, 0.3333333333333333700, 0.3333333333333334300, 0.3333333333333333100, 0.3333333333333334300, 0.3333333333333333100, 0.3333333333333333700, 0.3333333333333334800, 0.3333333333333333700, 0.3333333333333333700, 0.3333333333333333700),
 ( 1.000000000000000000, 1.000000000000000000, 1.000000000000000400, 1.000000000000000000, 1.000000000000000000, 0.9999999999999997800, 1.000000000000000000, 1.000000000000000400, 1.000000000000000000, 1.000000000000000000, 1.000000000000000000),
 ( 0.3333333333333333700, 0.3333333333333333700, 0.3333333333333334300, 0.3333333333333333100, 0.3333333333333334300, 0.3333333333333333100, 0.3333333333333333700, 0.3333333333333334800, 0.3333333333333333700, 0.3333333333333333700, 0.3333333333333333700),
 ( 0.3333333333333333700, 0.3333333333333333700, 0.3333333333333334300, 0.3333333333333333100, 0.3333333333333334300, 0.3333333333333333100, 0.3333333333333333700, 0.3333333333333334800, 0.3333333333333333700, 0.3333333333333333700, 0.3333333333333333700),
 ( 1.000000000000000000, 1.000000000000000000, 1.000000000000000400, 1.000000000000000000, 1.000000000000000000, 0.9999999999999997800, 1.000000000000000000, 1.000000000000000400, 1.000000000000000000, 1.000000000000000000, 1.000000000000000000) ) ) 
 REPRESENTATION_ITEM ( '' )  SURFACE ( )  );
#5866 = CARTESIAN_POINT ( 'NONE',  ( 2784.459300004777600, -149.1134900333302900, -380.6580289038896600 ) ) ;
#5867 = CARTESIAN_POINT ( 'NONE',  ( 2756.045694423288300, -543.1418598853438200, -24.61974081921292500 ) ) ;
#5868 = CARTESIAN_POINT ( 'NONE',  ( 739.1472026686092200, -310.9425783815177100, -265.4356854343707300 ) ) ;
#5869 = CARTESIAN_POINT ( 'NONE',  ( 283.5093205451704500, -594.3927912241410900, 70.76522811003336200 ) ) ;
#5870 = CARTESIAN_POINT ( 'NONE',  ( 3176.166861843478700, 10.62775642873351800, -98.86981916180603500 ) ) ;
#5871 = DIRECTION ( 'NONE',  ( 0.0000000000000000000, 1.000000000000000000, 0.0000000000000000000 ) ) ;
#5872 = CARTESIAN_POINT ( 'NONE',  ( 1419.875951381629600, 232.0752328491407800, -190.0489249978498900 ) ) ;
#5873 = ORIENTED_EDGE ( 'NONE', *, *, #5507, .F. ) ;
#5874 = CARTESIAN_POINT ( 'NONE',  ( 16.16107157641393500, -385.5046699500407500, 405.1462279149081400 ) ) ;
#5875 = CARTESIAN_POINT ( 'NONE',  ( 983.9569729454711900, -82.35016715827936200, 416.5556263892082700 ) ) ;
#5876 = CARTESIAN_POINT ( 'NONE',  ( 2073.157508739862800, 532.4919685227207500, -273.4283331049701400 ) ) ;
#5877 = CARTESIAN_POINT ( 'NONE',  ( 2482.311132162279100, 294.0806513816605200, 284.0035809744688900 ) ) ;
#5878 = CARTESIAN_POINT ( 'NONE',  ( 2900.670323285992700, -401.0479137257165700, -62.40872025873358800 ) ) ;
#5879 = CARTESIAN_POINT ( 'NONE',  ( 2748.298487212928600, -537.5869578010899700, -89.01208924759031000 ) ) ;
#5880 = ORIENTED_EDGE ( 'NONE', *, *, #5861, .F. ) ;
#5881 = CARTESIAN_POINT ( 'NONE',  ( 2447.510892058101500, -224.0541152323205600, -389.9524682934281300 ) ) ;
#5882 = CARTESIAN_POINT ( 'NONE',  ( 2712.254671731816000, -465.5558586451078900, 140.3974294425821400 ) ) ;
#5883 = CARTESIAN_POINT ( 'NONE',  ( -139.0253581503535000, 264.9260966983276300, 100.3334543910815200 ) ) ;
#5884 = CARTESIAN_POINT ( 'NONE',  ( 327.4932664928752500, -286.0518676990219500, 90.28824124475298200 ) ) ;
#5885 = DIRECTION ( 'NONE',  ( 1.000000000000000000, 0.0000000000000000000, 0.0000000000000000000 ) ) ;
#5886 = CARTESIAN_POINT ( 'NONE',  ( 2915.048128434052200, 420.4518820234447400, -183.0648175731747400 ) ) ;
#5887 = CARTESIAN_POINT ( 'NONE',  ( 2215.793170018386300, -420.8213477482246400, -56.65137394592055400 ) ) ;
#5888 = CARTESIAN_POINT ( 'NONE',  ( 832.1155716655475800, -405.4914635656757000, 52.13712166129562300 ) ) ;
#5889 = CARTESIAN_POINT ( 'NONE',  ( 2913.058602738323300, -223.9190532165985700, 46.14064577414685400 ) ) ;
#5890 = CARTESIAN_POINT ( 'NONE',  ( 2879.928489444456800, -130.1199641982480300, 318.2221207277550000 ) ) ;
#5891 = CARTESIAN_POINT ( 'NONE',  ( 181.3346759916797700, -344.2680071289934700, 220.5015766471021300 ) ) ;
#5892 = CARTESIAN_POINT ( 'NONE',  ( 1236.438697233534000, 436.8358966498271300, 409.2495118510610700 ) ) ;
#5893 = CARTESIAN_POINT ( 'NONE',  ( -212.4786724770602000, 1.224646799147353200E-014, -100.0000000000000000 ) ) ;
#5894 = CARTESIAN_POINT ( 'NONE',  ( 612.0823020960835900, 162.0333484207332000, -392.4858443243468300 ) ) ;
#5895 = CARTESIAN_POINT ( 'NONE',  ( 722.6105035667618500, 227.3411821292322400, -195.6873196444075800 ) ) ;
#5896 = CARTESIAN_POINT ( 'NONE',  ( -76.80785567298131900, -559.0808869595626900, -13.56049421755291300 ) ) ;
#5897 = CARTESIAN_POINT ( 'NONE',  ( 216.9648834005340900, -303.5637082683479700, 296.8992418256731300 ) ) ;
#5898 = CARTESIAN_POINT ( 'NONE',  ( 2003.430937465987700, 591.7356820815042500, 90.33070907905890600 ) ) ;
#5899 = CARTESIAN_POINT ( 'NONE',  ( 2552.037681493310600, 404.7084768517382300, 57.90094826484153100 ) ) ;
#5900 = DIRECTION ( 'NONE',  ( 1.000000000000000000, 0.0000000000000000000, -0.0000000000000000000 ) ) ;
#5901 = CARTESIAN_POINT ( 'NONE',  ( -61.94123650696368300, 66.47794375361687000, -416.2737795422889300 ) ) ;
#5902 = CARTESIAN_POINT ( 'NONE',  ( 2191.846879975493700, 440.5448313840494200, 90.46345654807676300 ) ) ;
#5903 = CARTESIAN_POINT ( 'NONE',  ( 3237.141059943659500, -238.3147764821962100, 81.40372234110653000 ) ) ;
#5904 = CARTESIAN_POINT ( 'NONE',  ( 153.1627287179936700, -109.2658686139668000, 16.85152919597264500 ) ) ;
#5905 = CARTESIAN_POINT ( 'NONE',  ( 1466.361268267305600, 135.1488069669402100, -267.7919291950355500 ) ) ;
#5906 = CARTESIAN_POINT ( 'NONE',  ( 95.07192497943366000, 49.07631041076944500, -293.8758488725877100 ) ) ;
#5907 = CARTESIAN_POINT ( 'NONE',  ( 1967.800643608884700, 545.7863516630791300, 204.2664826987025900 ) ) ;
#5908 = CARTESIAN_POINT ( 'NONE',  ( 1901.256415074652100, 390.6080052385162800, -120.6933577463092500 ) ) ;
#5909 = CARTESIAN_POINT ( 'NONE',  ( 2879.928489444853300, -78.68784003887398600, 286.2933081063501400 ) ) ;
#5910 = CARTESIAN_POINT ( 'NONE',  ( -4.603042044756242600, -185.4711216155859300, -364.2869183674102900 ) ) ;
#5911 = CARTESIAN_POINT ( 'NONE',  ( 1096.985570842783300, -251.5665022676803900, 543.1620868368377200 ) ) ;
#5912 = CARTESIAN_POINT ( 'NONE',  ( 2923.718066291639800, -130.4059901587794200, -30.13438746711416300 ) ) ;
#5913 = CARTESIAN_POINT ( 'NONE',  ( 74.32948380835651400, 290.1524157920869700, -471.9355203288278100 ) ) ;
#5914 = CARTESIAN_POINT ( 'NONE',  ( 1931.204624532656500, 160.2119287090801800, 253.5938269759312200 ) ) ;
#5915 = CARTESIAN_POINT ( 'NONE',  ( 2860.914187333821200, -733.7616332481304700, -116.6321069678464100 ) ) ;
#5916 = CARTESIAN_POINT ( 'NONE',  ( 2709.561419961440200, -469.6270276864301500, -283.8620931529799200 ) ) ;
#5917 = CARTESIAN_POINT ( 'NONE',  ( -21.11686357540642300, -468.5981311287791900, -583.3483037950630900 ) ) ;
#5918 = CARTESIAN_POINT ( 'NONE',  ( 648.6569448788020500, 256.8691726076151000, 35.52278773098037600 ) ) ;
#5919 = CARTESIAN_POINT ( 'NONE',  ( 309.9335742612011000, 16.12685566109080100, 424.3112665430387000 ) ) ;
#5920 = CARTESIAN_POINT ( 'NONE',  ( 590.8292923422438900, -14.27788147842062300, 458.3538694316398500 ) ) ;
#5921 = CARTESIAN_POINT ( 'NONE',  ( 2145.362288617881400, 366.0898598682338200, 261.2291913327220000 ) ) ;
#5922 = CARTESIAN_POINT ( 'NONE',  ( 2900.670323285990000, -241.8670567078791900, 38.47455339096548200 ) ) ;
#5923 = CARTESIAN_POINT ( 'NONE',  ( -13.68179516170624600, -208.7355533417462300, 95.33253306429664100 ) ) ;
#5924 = CARTESIAN_POINT ( 'NONE',  ( 1512.845136215117700, 15.03470793630348000, -299.5857556306416400 ) ) ;
#5925 = CARTESIAN_POINT ( 'NONE',  ( 95.07192497943364600, 56.92218293943840700, -287.6695704146874800 ) ) ;
#5926 = CARTESIAN_POINT ( 'NONE',  ( 1456.472765198796000, 135.9198019351518700, -566.6862142857628400 ) ) ;
#5927 = CARTESIAN_POINT ( 'NONE',  ( 1296.959698309847000, 163.7442591325487300, -374.6054027943630400 ) ) ;
#5928 = CARTESIAN_POINT ( 'NONE',  ( 2892.922926285896700, -391.4949522048197000, -95.77534665921331200 ) ) ;
#5929 = CARTESIAN_POINT ( 'NONE',  ( 2913.058602738347400, -307.8531166490925000, 69.73910233162368400 ) ) ;
#5930 = CARTESIAN_POINT ( 'NONE',  ( 715.9047114545077200, -249.2256501486160700, -324.0804779510508000 ) ) ;
#5931 = CARTESIAN_POINT ( 'NONE',  ( 1120.228223196974600, -133.6160226867774800, 583.4870983316557200 ) ) ;
#5932 = CARTESIAN_POINT ( 'NONE',  ( 2866.512323614864300, 13.63800628418472800, 277.1042081533490800 ) ) ;
#5933 = CARTESIAN_POINT ( 'NONE',  ( 3193.954305078463700, -205.6918086363966200, 73.82219214975431500 ) ) ;
#5934 = CARTESIAN_POINT ( 'NONE',  ( 1629.055611419374100, -251.2628627728651600, -163.8428462301878600 ) ) ;
#5935 = CARTESIAN_POINT ( 'NONE',  ( 2698.218190494444600, 35.30009458928857700, -747.5518146376036800 ) ) ;
#5936 = CARTESIAN_POINT ( 'NONE',  ( 2029.855372570679700, 97.62666697265525800, -413.2422961824517500 ) ) ;
#5937 = CARTESIAN_POINT ( 'NONE',  ( 490.2101985571484900, 636.3914264744236100, -393.8035751387261600 ) ) ;
#5938 = CARTESIAN_POINT ( 'NONE',  ( 695.1404604838895700, 249.2277111244746700, -71.61753001290694000 ) ) ;
#5939 = FACE_OUTER_BOUND ( 'NONE', #4198, .T. ) ;
#5940 = CARTESIAN_POINT ( 'NONE',  ( 800.0089903318121300, 441.2635640180884000, -124.8144233866389900 ) ) ;
#5941 = CARTESIAN_POINT ( 'NONE',  ( 2935.596858916025700, 441.6291442968916400, -85.01173730203650800 ) ) ;
#5942 =( NAMED_UNIT ( * ) SI_UNIT ( $, .STERADIAN. ) SOLID_ANGLE_UNIT ( ) );
#5943 = CARTESIAN_POINT ( 'NONE',  ( 1983.371238485216700, 256.7137703966662300, -338.2278385542900900 ) ) ;
#5944 = VECTOR ( 'NONE', #3331, 1000.000000000000000 ) ;
#5945 = CARTESIAN_POINT ( 'NONE',  ( -61.94123650696380400, 85.45494405054934400, -413.5030687041288500 ) ) ;
#5946 = CARTESIAN_POINT ( 'NONE',  ( 2246.706862182200000, -316.6982801385259400, -489.1929746829453600 ) ) ;
#5947 = CARTESIAN_POINT ( 'NONE',  ( 1343.443848272285300, -2.108748872864648400, -408.8240371136929000 ) ) ;
#5948 = DIRECTION ( 'NONE',  ( 1.000000000000000000, 0.0000000000000000000, -0.0000000000000000000 ) ) ;
#5949 = VERTEX_POINT ( 'NONE', #6214 ) ;
#5950 = CARTESIAN_POINT ( 'NONE',  ( 1459.654582224557100, -354.2746751801005900, -204.0369825302509800 ) ) ;
#5951 = CARTESIAN_POINT ( 'NONE',  ( 1352.649921599882000, 573.5437186227494500, -171.3418620467308200 ) ) ;
#5952 = CARTESIAN_POINT ( 'NONE',  ( -212.4786724770602000, 0.0000000000000000000, 100.0000000000000000 ) ) ;
#5953 = CARTESIAN_POINT ( 'NONE',  ( 559.9159365985822200, 219.5539361223705700, 204.3864004594092600 ) ) ;
#5954 = CARTESIAN_POINT ( 'NONE',  ( 457.7626537074212400, -34.45739241544264800, -558.1845572190576400 ) ) ;
#5955 = CARTESIAN_POINT ( 'NONE',  ( 1867.160394000341700, 421.4848395733090500, 51.48293470015357800 ) ) ;
#5956 = CARTESIAN_POINT ( 'NONE',  ( 699.3898675334195300, -567.6093127662666100, -487.7447971602106200 ) ) ;
#5957 = CARTESIAN_POINT ( 'NONE',  ( 2668.248688706655200, 253.8110142800839500, -320.5018456721152200 ) ) ;
#5958 = CARTESIAN_POINT ( 'NONE',  ( -61.94123650696380400, 76.91665721314180400, -413.5467296088629000 ) ) ;
#5959 = CARTESIAN_POINT ( 'NONE',  ( 2558.743850927545300, -26.05108503642125900, 298.8294808127222400 ) ) ;
#5960 = CARTESIAN_POINT ( 'NONE',  ( 353.2358998346881000, -440.2757814843890300, 405.5462902519275900 ) ) ;
#5961 = CARTESIAN_POINT ( 'NONE',  ( 3193.956198512024000, -357.2691450882199400, 91.39690489872781100 ) ) ;
#5962 = CARTESIAN_POINT ( 'NONE',  ( 1100.168243801621400, 318.4263695353304800, 280.8996032994163000 ) ) ;
#5963 = CARTESIAN_POINT ( 'NONE',  ( -218.9543979933611700, 299.6503393279240900, -305.8951070763647500 ) ) ;
#5964 = CARTESIAN_POINT ( 'NONE',  ( 1665.652462932874600, -581.2739659381416000, 41.56945515253973900 ) ) ;
#5965 = CARTESIAN_POINT ( 'NONE',  ( 1273.717277386414000, 237.7792055498124500, -332.5696834250250600 ) ) ;
#5966 = CARTESIAN_POINT ( 'NONE',  ( 3049.329676713990900, -583.7598392864972500, -111.2394574081362900 ) ) ;
#5967 = CARTESIAN_POINT ( 'NONE',  ( 2913.058602738528400, -282.8944749076960100, 69.53036885802562500 ) ) ;
#5968 = CARTESIAN_POINT ( 'NONE',  ( 1878.013947498598600, 407.1357685713230700, -37.17671308565631000 ) ) ;
#5969 = CARTESIAN_POINT ( 'NONE',  ( 2900.670323286046400, -327.0029706751872700, 49.84296099587631100 ) ) ;
#5970 = CARTESIAN_POINT ( 'NONE',  ( 2163.626769087528800, 141.6801658589946800, -264.3944287098249200 ) ) ;
#5971 = CARTESIAN_POINT ( 'NONE',  ( 550.7311844971153500, -436.7267811032320400, -349.3224420835707100 ) ) ;
#5972 = CARTESIAN_POINT ( 'NONE',  ( 1332.589761323899200, 87.45577506792334100, -415.5137071736658600 ) ) ;
#5973 = CARTESIAN_POINT ( 'NONE',  ( 1419.898925585127200, -647.2980088010772300, -375.6080996741984600 ) ) ;
#5974 = CARTESIAN_POINT ( 'NONE',  ( 1206.469475666858900, 40.57203669001555800, 256.1201714036285500 ) ) ;
#5975 = CARTESIAN_POINT ( 'NONE',  ( 1053.683529647383500, 177.2761031780801800, 385.8410636703430900 ) ) ;
#5976 =( BOUNDED_CURVE ( )  B_SPLINE_CURVE ( 3, ( #5434, #3418, #859, #5966 ),
 .UNSPECIFIED., .F., .F. ) 
 B_SPLINE_CURVE_WITH_KNOTS ( ( 4, 4 ),
 ( 0.0000000000000000000, 0.4999999999999991100 ),
 .UNSPECIFIED. ) 
 CURVE ( )  GEOMETRIC_REPRESENTATION_ITEM ( )  RATIONAL_B_SPLINE_CURVE ( ( 1.000000000000000200, 0.3333333333333345900, 0.3333333333333334300, 0.9999999999999990000 ) ) 
 REPRESENTATION_ITEM ( '' )  );
#5977 = CARTESIAN_POINT ( 'NONE',  ( 567.5871297792832600, -108.8985202725136500, 445.4585904382340100 ) ) ;
#5978 = CARTESIAN_POINT ( 'NONE',  ( 887.8058857049136300, -441.8251100445525000, -403.8580405110108100 ) ) ;
#5979 = SURFACE_STYLE_USAGE ( .BOTH. , #2922 ) ;
#5980 = CARTESIAN_POINT ( 'NONE',  ( 898.6602136775934500, -502.8294584525314700, -294.5675607843201100 ) ) ;
#5981 = CARTESIAN_POINT ( 'NONE',  ( 1495.285252200299500, -403.3423706458465900, -132.7214875357167900 ) ) ;
#5982 = CARTESIAN_POINT ( 'NONE',  ( -218.9543979933612300, 290.9775419209220200, -361.4898529039251100 ) ) ;
#5983 = CARTESIAN_POINT ( 'NONE',  ( 1526.199331643517600, -221.8063923892910100, -538.8964436839194100 ) ) ;
#5984 = CARTESIAN_POINT ( 'NONE',  ( 2900.670323285992700, -401.0479137257165700, -62.40872025873358800 ) ) ;
#5985 = CARTESIAN_POINT ( 'NONE',  ( -79.46056378098406000, 61.53529561829892500, -148.5509910549578500 ) ) ;
#5986 = CARTESIAN_POINT ( 'NONE',  ( 1392.428281712701800, -414.4403909138088700, -573.5068215911933300 ) ) ;
#5987 = CARTESIAN_POINT ( 'NONE',  ( 2319.615838369911700, -249.8588849081955300, 323.5923471361556400 ) ) ;
#5988 = CARTESIAN_POINT ( 'NONE',  ( 2915.822899625886300, -172.7150191533067400, 14.48333695233352900 ) ) ;
#5989 = CARTESIAN_POINT ( 'NONE',  ( 2000.931205744592900, 278.3996459274312100, 111.6751173853922600 ) ) ;
#5990 = CARTESIAN_POINT ( 'NONE',  ( 1108.543688409840600, 207.5056622695061900, -519.3244456216978100 ) ) ;
#5991 = CARTESIAN_POINT ( 'NONE',  ( 1797.433837274166500, 311.4368312437213700, 288.6296227836526200 ) ) ;
#5992 = CARTESIAN_POINT ( 'NONE',  ( 327.5158504340206500, 461.5499286629940300, 589.1073008445721400 ) ) ;
#5993 = EDGE_CURVE ( 'NONE', #338, #2523, #855, .T. ) ;
#5994 = CARTESIAN_POINT ( 'NONE',  ( 1159.984020732295900, -66.70041474131724600, 250.5882685237267300 ) ) ;
#5995 = CARTESIAN_POINT ( 'NONE',  ( 612.0823020960835900, 162.0333484207332300, -392.4858443243468300 ) ) ;
#5996 = CARTESIAN_POINT ( 'NONE',  ( 2977.103318437288200, -150.6704461762054400, -259.5727234118763800 ) ) ;
#5997 = FACE_OUTER_BOUND ( 'NONE', #6268, .T. ) ;
#5998 = CARTESIAN_POINT ( 'NONE',  ( 818.0793251499775400, -121.5011669059694700, -586.1298540916797000 ) ) ;
#5999 = CARTESIAN_POINT ( 'NONE',  ( 1874.832155954665500, 215.1766125267149900, 541.5777473331248800 ) ) ;
#6000 = CARTESIAN_POINT ( 'NONE',  ( 1938.876315734053200, -218.8345563064254100, 402.9940472507680100 ) ) ;
#6001 = CARTESIAN_POINT ( 'NONE',  ( 1936.886950226844200, 371.7540228150267600, -205.1801962472025600 ) ) ;
#6002 = CARTESIAN_POINT ( 'NONE',  ( -218.9543979933612300, 281.0123021669415900, -201.0509253345645400 ) ) ;
#6003 = CARTESIAN_POINT ( 'NONE',  ( 532.4676371639914100, 512.5137172833217400, -487.8535356704058500 ) ) ;
#6004 = SURFACE_STYLE_FILL_AREA ( #910 ) ;
#6005 = CARTESIAN_POINT ( 'NONE',  ( 183.8125494922784900, -100.3673735338120100, -238.5349314408948700 ) ) ;
#6006 = CARTESIAN_POINT ( 'NONE',  ( -198.0102992182312100, 1.172623910564816000, -100.9251934588209700 ) ) ;
#6007 = CARTESIAN_POINT ( 'NONE',  ( 2763.717779552670000, -254.5918842166337000, -660.2297860155716800 ) ) ;
#6008 = CARTESIAN_POINT ( 'NONE',  ( 1808.287385317118200, 351.7441527592567400, 208.3691259644004400 ) ) ;
#6009 = CARTESIAN_POINT ( 'NONE',  ( 3050.212458226034400, -84.83977399107767800, 144.7520001508449600 ) ) ;
#6010 = PRODUCT_DEFINITION ( 'UNKNOWN', '', #6477, #4763 ) ;
#6011 = ORIENTED_EDGE ( 'NONE', *, *, #110, .T. ) ;
#6012 = CARTESIAN_POINT ( 'NONE',  ( 1526.903082314376000, 129.3778304381388000, 544.0753100341223700 ) ) ;
#6013 = CARTESIAN_POINT ( 'NONE',  ( 1750.949122808540600, 167.7536730660593800, 390.0754622386540400 ) ) ;
#6014 = CARTESIAN_POINT ( 'NONE',  ( 1071.266046614101500, 651.8584981687633900, 367.6365664811482900 ) ) ;
#6015 = CARTESIAN_POINT ( 'NONE',  ( 3237.745166094160600, -210.6847626369846900, 66.23943946816254400 ) ) ;
#6016 = CARTESIAN_POINT ( 'NONE',  ( 2182.641184533637900, 125.5885575499014900, -226.8724393147437300 ) ) ;
#6017 = CARTESIAN_POINT ( 'NONE',  ( 542.3557373686104500, 361.2384628735770800, -223.1741890344821700 ) ) ;
#6018 = CARTESIAN_POINT ( 'NONE',  ( 1381.063827596044600, 322.1169764791843000, 326.3946448745078300 ) ) ;
#6019 = VERTEX_POINT ( 'NONE', #6535 ) ;
#6020 = CARTESIAN_POINT ( 'NONE',  ( 283.5093205451704500, -594.3927912241410900, 70.76522811003336200 ) ) ;
#6021 = CARTESIAN_POINT ( 'NONE',  ( 1502.956736312556600, -105.3848632203318700, -573.1507551643692300 ) ) ;
#6022 = CARTESIAN_POINT ( 'NONE',  ( 1752.938628970225900, -379.6031366781696200, -257.2808379023794000 ) ) ;
#6023 = CARTESIAN_POINT ( 'NONE',  ( 751.5354303600802300, -321.8494659751147500, -276.9708697004175000 ) ) ;
#6024 = CARTESIAN_POINT ( 'NONE',  ( -61.94123650696380400, 171.2462842503276800, -324.2131258998336400 ) ) ;
#6025 = ORIENTED_EDGE ( 'NONE', *, *, #2128, .F. ) ;
#6026 = CARTESIAN_POINT ( 'NONE',  ( 2804.519302526243800, 376.1959517908574100, -445.0665731577269600 ) ) ;
#6027 = CARTESIAN_POINT ( 'NONE',  ( 439.4772247308440000, -111.4401481173827600, 234.1468220108801000 ) ) ;
#6028 = CARTESIAN_POINT ( 'NONE',  ( 1996.725687294813300, 163.5625680953523000, -688.4175350003751000 ) ) ;
#6029 = CARTESIAN_POINT ( 'NONE',  ( 2598.522118862390900, 393.4522411681701300, -111.0710692504417700 ) ) ;
#6030 = CARTESIAN_POINT ( 'NONE',  ( 3052.629710145931800, -17.18362149596789800, -81.67520948253117300 ) ) ;
#6031 = CARTESIAN_POINT ( 'NONE',  ( 969.0905602138811900, 558.2039186131595400, 34.12987858806270200 ) ) ;
#6032 = CARTESIAN_POINT ( 'NONE',  ( 782.4492165047181500, 1.304567885592973700, -582.7570160360289700 ) ) ;
#6033 = CARTESIAN_POINT ( 'NONE',  ( 114.0863099753203300, 43.45261146588867300, -251.5273452286506000 ) ) ;
#6034 = CARTESIAN_POINT ( 'NONE',  ( 2814.430177958252900, -627.9085636195592300, -404.7210950588273000 ) ) ;
#6035 = CARTESIAN_POINT ( 'NONE',  ( 1996.702647021381400, 213.4690859431150000, 147.2221673030077500 ) ) ;
#6036 = CARTESIAN_POINT ( 'NONE',  ( 635.3241970297116300, 77.23214120077291500, -417.5348075209003600 ) ) ;
#6037 = CARTESIAN_POINT ( 'NONE',  ( 1585.071523998323800, -431.7809057060324600, -414.5793264495305800 ) ) ;
#6038 = CARTESIAN_POINT ( 'NONE',  ( 1317.019630680450700, 580.7201012066671000, -48.69942136333715200 ) ) ;
#6039 = CARTESIAN_POINT ( 'NONE',  ( 1892.391751600739800, -363.3699731013933300, 279.7395624922083900 ) ) ;
#6040 = CARTESIAN_POINT ( 'NONE',  ( 2589.657378798226500, -370.1257039887695400, 270.7377531996764300 ) ) ;
#6041 = CARTESIAN_POINT ( 'NONE',  ( 118.3131296094114800, 14.50708819478170500, -299.6430114112869800 ) ) ;
#6042 = CARTESIAN_POINT ( 'NONE',  ( 3049.330821160650000, -401.0730098996240300, 225.0958790359187600 ) ) ;
#6043 = CARTESIAN_POINT ( 'NONE',  ( 3036.941397261658000, -568.5338454897654400, -107.1702293123527200 ) ) ;
#6044 = CARTESIAN_POINT ( 'NONE',  ( 2877.428539436693400, -384.6080272752680600, -142.6237763712561600 ) ) ;
#6045 = CARTESIAN_POINT ( 'NONE',  ( 3036.941397261658000, -568.5338454897654400, -107.1702293123527200 ) ) ;
#6046 = CARTESIAN_POINT ( 'NONE',  ( 2833.444417813284400, -592.8504054375052900, -384.0741847875022500 ) ) ;
#6047 = CARTESIAN_POINT ( 'NONE',  ( -74.32948380835658500, 100.1075170301505300, -390.6855150388968200 ) ) ;
#6048 = CARTESIAN_POINT ( 'NONE',  ( 3191.162779291877100, -209.1652019500536100, 75.96964570104107400 ) ) ;
#6049 = CARTESIAN_POINT ( 'NONE',  ( 573.9736366535988700, -499.6071252248164600, -251.2972380204296600 ) ) ;
#6050 =( BOUNDED_CURVE ( )  B_SPLINE_CURVE ( 3, ( #898, #1404, #1345, #4886 ),
 .UNSPECIFIED., .F., .F. ) 
 B_SPLINE_CURVE_WITH_KNOTS ( ( 4, 4 ),
 ( 0.0000000000000000000, 0.4999999999999998300 ),
 .UNSPECIFIED. ) 
 CURVE ( )  GEOMETRIC_REPRESENTATION_ITEM ( )  RATIONAL_B_SPLINE_CURVE ( ( 1.000000000000000000, 0.3333333333333335900, 0.3333333333333333700, 0.9999999999999997800 ) ) 
 REPRESENTATION_ITEM ( '' )  );
#6051 = CARTESIAN_POINT ( 'NONE',  ( 852.1757712686070400, -340.3205067121869000, -473.0638418091764400 ) ) ;
#6052 = CARTESIAN_POINT ( 'NONE',  ( -97.89500828681958900, 17.85025309766476900, 85.91625391955108200 ) ) ;
#6053 = CARTESIAN_POINT ( 'NONE',  ( 1861.499708656765700, 715.7423812096647000, -218.6051769788990400 ) ) ;
#6054 = CARTESIAN_POINT ( 'NONE',  ( 542.3557373686104500, 361.2384628735770800, -223.1741890344821700 ) ) ;
#6055 = CARTESIAN_POINT ( 'NONE',  ( 2345.335468906954700, -211.6463879470411800, -149.8306844493723100 ) ) ;
#6056 = CARTESIAN_POINT ( 'NONE',  ( 1983.371238485216700, 256.7137703966662900, -338.2278385542900900 ) ) ;
#6057 = CARTESIAN_POINT ( 'NONE',  ( 2142.884080707395700, 271.3882007229872800, -533.5346185274223700 ) ) ;
#6058 = CARTESIAN_POINT ( 'NONE',  ( 364.0898863840766900, -336.6227870775233000, 475.7021345767639100 ) ) ;
#6059 = CARTESIAN_POINT ( 'NONE',  ( 1915.634050721190800, -297.5542049680953500, 348.9325536538033200 ) ) ;
#6060 = CARTESIAN_POINT ( 'NONE',  ( 1567.001218982456300, 293.2498210431525100, -352.5576440659887700 ) ) ;
#6061 = CARTESIAN_POINT ( 'NONE',  ( 2820.090063403012200, -231.9281665741588100, -355.6922131221876400 ) ) ;
#6062 = CARTESIAN_POINT ( 'NONE',  ( 3194.210966406285900, -220.7754210452258100, 84.51889266675645700 ) ) ;
#6063 = CARTESIAN_POINT ( 'NONE',  ( 2860.914187333825300, -47.10847963037594600, 314.6612151278377500 ) ) ;
#6064 = CARTESIAN_POINT ( 'NONE',  ( 3089.085812666157800, -314.3455976365322600, -91.18930401240518800 ) ) ;
#6065 = CARTESIAN_POINT ( 'NONE',  ( 90.86533148305188900, -706.2442003445996800, -43.46257114069528200 ) ) ;
#6066 = CARTESIAN_POINT ( 'NONE',  ( 160.5710482480333800, -54.52464897956911500, -254.6456293598120100 ) ) ;
#6067 = CARTESIAN_POINT ( 'NONE',  ( -74.63291195675620300, 94.02998198399386400, -194.1891099787894700 ) ) ;
#6068 = CARTESIAN_POINT ( 'NONE',  ( 1810.787537551432500, 669.0699971228212900, 230.2524452446809300 ) ) ;
#6069 = CARTESIAN_POINT ( 'NONE',  ( -74.32948380835655700, 155.7039187378335900, -321.2351110029808300 ) ) ;
#6070 = VECTOR ( 'NONE', #2400, 1000.000000000000000 ) ;
#6071 = CARTESIAN_POINT ( 'NONE',  ( 2935.222762715896400, -126.1933831036805300, -14.27904136924179400 ) ) ;
#6072 = CARTESIAN_POINT ( 'NONE',  ( 181.3346759916797700, -344.2680071289934700, 220.5015766471021300 ) ) ;
#6073 = CARTESIAN_POINT ( 'NONE',  ( 1270.535098845258500, 550.6349114314797400, 190.8105577119699500 ) ) ;
#6074 = CARTESIAN_POINT ( 'NONE',  ( 262.7452775920332900, 170.1182131917746900, -207.9947043762277900 ) ) ;
#6075 = CARTESIAN_POINT ( 'NONE',  ( 2582.007517768152000, 663.6370348440541400, -345.9214206619214500 ) ) ;
#6076 = CARTESIAN_POINT ( 'NONE',  ( 193.7229080096929300, -358.4725871293073900, 227.5903298629679900 ) ) ;
#6077 = CARTESIAN_POINT ( 'NONE',  ( 704.3467181137364200, 247.5442521069832900, 375.4790888383761300 ) ) ;
#6078 = CARTESIAN_POINT ( 'NONE',  ( 2610.910360134809700, 409.1029209792747600, -113.7312204753230000 ) ) ;
#6079 = CARTESIAN_POINT ( 'NONE',  ( 1654.798091257284800, -592.7996248550109600, -83.06246107456098600 ) ) ;
#6080 = CARTESIAN_POINT ( 'NONE',  ( 2124.813749666337100, 422.5027062033366900, 178.2805201527243100 ) ) ;
#6081 = CARTESIAN_POINT ( 'NONE',  ( 2287.509112372107700, 223.7634133696939800, -400.2781980146886000 ) ) ;
#6082 = CARTESIAN_POINT ( 'NONE',  ( 2517.941325277202400, 359.0059867058370200, 226.7484415351504800 ) ) ;
#6083 = FACE_OUTER_BOUND ( 'NONE', #2615, .T. ) ;
#6084 = CARTESIAN_POINT ( 'NONE',  ( 3193.954305078465900, -443.5323505217375000, -102.6763546792619600 ) ) ;
#6085 = CARTESIAN_POINT ( 'NONE',  ( 3211.547308478370700, -247.2077796585910200, 88.82009058497689600 ) ) ;
#6086 = CARTESIAN_POINT ( 'NONE',  ( 3089.085974839975300, -267.9870225234853400, -85.72094167297953500 ) ) ;
#6087 = CARTESIAN_POINT ( 'NONE',  ( -48.58785393106681700, -178.5749259108464200, -683.5699970106322800 ) ) ;
#6088 = CARTESIAN_POINT ( 'NONE',  ( 718.3835157875081400, 228.9906366886383500, -121.6837218179149700 ) ) ;
#6089 = CARTESIAN_POINT ( 'NONE',  ( -219.0703421961513300, 196.4174599941022700, -97.17339673057841800 ) ) ;
#6090 = CARTESIAN_POINT ( 'NONE',  ( 2665.066191923820500, 540.6090390284935000, 217.5993610695425100 ) ) ;
#6091 = EDGE_LOOP ( 'NONE', ( #1904, #5691, #730, #4977 ) ) ;
#6092 = CARTESIAN_POINT ( 'NONE',  ( 61.94123650696376200, 107.1702339133139500, -568.5339734699186900 ) ) ;
#6093 = CARTESIAN_POINT ( 'NONE',  ( -96.05768947636757100, 41.86872085088604900, -133.0341777201032600 ) ) ;
#6094 = CARTESIAN_POINT ( 'NONE',  ( 41.88153913381084700, -317.3469461056437800, -257.7294328315705900 ) ) ;
#6095 = ORIENTED_EDGE ( 'NONE', *, *, #4169, .T. ) ;
#6096 = CARTESIAN_POINT ( 'NONE',  ( 712.7226616773097000, 342.4350956553425400, -471.5354101689313200 ) ) ;
#6097 = CARTESIAN_POINT ( 'NONE',  ( 47.53827636071530800, 143.6073562754665400, -13.30537051784361300 ) ) ;
#6098 = CARTESIAN_POINT ( 'NONE',  ( 2657.394458048358500, 327.9176437785192800, -269.7594566205813200 ) ) ;
#6099 = CARTESIAN_POINT ( 'NONE',  ( 2419.312026002909500, 416.9609039952875400, 621.4651372040884800 ) ) ;
#6100 = CARTESIAN_POINT ( 'NONE',  ( -212.4786724770602000, 0.0000000000000000000, 0.0000000000000000000 ) ) ;
#6101 = CARTESIAN_POINT ( 'NONE',  ( 2972.874631317995000, -77.74220640573206300, -247.3129910994810500 ) ) ;
#6102 = CARTESIAN_POINT ( 'NONE',  ( 2262.277515485243400, -407.6764938524876200, 118.7429547032109800 ) ) ;
#6103 = CARTESIAN_POINT ( 'NONE',  ( 1933.704366878646400, 426.6608996088550000, 419.8466804789216000 ) ) ;
#6104 = CARTESIAN_POINT ( 'NONE',  ( 2078.329435201759200, 314.0097802319374400, 334.2014375220508100 ) ) ;
#6105 = CARTESIAN_POINT ( 'NONE',  ( 2210.110948779869400, 22.38214300885066500, -299.1266355311905700 ) ) ;
#6106 = CARTESIAN_POINT ( 'NONE',  ( -114.0863099753204900, 127.0707259597428300, -731.0343627585634700 ) ) ;
#6107 = CARTESIAN_POINT ( 'NONE',  ( 3036.941397261658000, -568.5338454897652100, -107.1702293123536800 ) ) ;
#6108 = CARTESIAN_POINT ( 'NONE',  ( 3167.535467060529300, -225.7728466744079300, -145.9501247504826200 ) ) ;
#6109 = CARTESIAN_POINT ( 'NONE',  ( 2860.914187333186000, -265.3678046771872200, 392.9394992167241300 ) ) ;
#6110 = CARTESIAN_POINT ( 'NONE',  ( 1857.272564436629900, 704.9784511515671300, -60.63674336921171500 ) ) ;
#6111 = CARTESIAN_POINT ( 'NONE',  ( -195.7119032649069900, -51.90551266515022600, -550.5506360384119900 ) ) ;
#6112 = CARTESIAN_POINT ( 'NONE',  ( 1926.976086746971500, 86.76513083788310600, 244.3669948239697200 ) ) ;
#6113 = CARTESIAN_POINT ( 'NONE',  ( 2913.058602738370600, -333.1712541960878300, 64.45142699005596400 ) ) ;
#6114 = CARTESIAN_POINT ( 'NONE',  ( 2920.730555420585000, -195.1088028159824100, -549.1272522230489100 ) ) ;
#6115 = CARTESIAN_POINT ( 'NONE',  ( 218.9543979933610800, 102.6764426042016400, -443.5327902788290000 ) ) ;
#6116 = CARTESIAN_POINT ( 'NONE',  ( 2900.670323285819900, -392.5186670651693800, -8.130564347779442300 ) ) ;
#6117 = CARTESIAN_POINT ( 'NONE',  ( 2200.926571846164300, 0.1640276443765403800, 559.2465307443158100 ) ) ;
#6118 = CARTESIAN_POINT ( 'NONE',  ( 271.1210481409516400, -578.5342046664820800, 70.04085091632109100 ) ) ;
#6119 = CARTESIAN_POINT ( 'NONE',  ( -912.4786724770601700, 1.224646799147353200E-014, -100.0000000000000000 ) ) ;
#6120 = CARTESIAN_POINT ( 'NONE',  ( -74.32948380835657100, 134.0633487694584000, -363.8657942978620700 ) ) ;
#6121 = CARTESIAN_POINT ( 'NONE',  ( 1977.711451036513800, 171.5337870360027400, -728.4588318462286900 ) ) ;
#6122 = CARTESIAN_POINT ( 'NONE',  ( -13.68179516170624600, -208.7355533417462300, 95.33253306429664100 ) ) ;
#6123 = CARTESIAN_POINT ( 'NONE',  ( 2786.937994468030000, 253.8209659407251600, -53.09003827362894900 ) ) ;
#6124 = CARTESIAN_POINT ( 'NONE',  ( 2889.816753119018800, -398.6321166331462100, -150.3016251804800700 ) ) ;
#6125 = CARTESIAN_POINT ( 'NONE',  ( 2096.400152090582200, 464.3153029767135500, -377.7851954533828100 ) ) ;
#6126 = CARTESIAN_POINT ( 'NONE',  ( 1636.727785330867800, 31.13891275893407600, -457.5180154421211700 ) ) ;
#6127 = CARTESIAN_POINT ( 'NONE',  ( 2767.923589806187000, 292.7435258118071000, -65.41369188486878300 ) ) ;
#6128 = CARTESIAN_POINT ( 'NONE',  ( 2913.058602738325600, -416.2739075224484400, -66.47794835451715300 ) ) ;
#6129 = CARTESIAN_POINT ( 'NONE',  ( 2879.928489444319000, -267.8711589794945700, 352.2350969032805200 ) ) ;
#6130 = CARTESIAN_POINT ( 'NONE',  ( 3164.339005693723700, -14.59596145569693000, 119.7830185955049100 ) ) ;
#6131 = CARTESIAN_POINT ( 'NONE',  ( 3237.745328268165800, -410.9836437881041900, 39.99340993474142900 ) ) ;
#6132 = CARTESIAN_POINT ( 'NONE',  ( 950.8271416660059000, -138.1131817699109900, 693.9713156323850900 ) ) ;
#6133 = CARTESIAN_POINT ( 'NONE',  ( 896.6707564079392800, 243.4654638806121600, 493.0475110447822000 ) ) ;
#6134 = CARTESIAN_POINT ( 'NONE',  ( 2956.742692012322500, -81.44996505192692400, -60.40184654232791700 ) ) ;
#6135 = CARTESIAN_POINT ( 'NONE',  ( 834.5936282176522800, 10.17526613241944700, -259.1138695913126600 ) ) ;
#6136 = AXIS2_PLACEMENT_3D ( 'NONE', #4386, #2961, #6430 ) ;
#6137 = CARTESIAN_POINT ( 'NONE',  ( -124.0566507727978100, 230.4767214632743700, 75.95404367070406700 ) ) ;
#6138 = CARTESIAN_POINT ( 'NONE',  ( 2781.277441754306900, 460.2168854668300400, -357.5022005441695700 ) ) ;
#6139 = CARTESIAN_POINT ( 'NONE',  ( -74.32948380835655700, 149.1593346570288400, -251.6471261350765500 ) ) ;
#6140 = CARTESIAN_POINT ( 'NONE',  ( 2900.670323285992700, -402.0555753003217200, -51.66683224123438800 ) ) ;
#6141 = CARTESIAN_POINT ( 'NONE',  ( 2293.895343110554200, 414.4845656178748100, 375.4456339371893700 ) ) ;
#6142 = CARTESIAN_POINT ( 'NONE',  ( 844.5038610431134900, -421.3630392499083500, 52.47210360708145100 ) ) ;
#6143 = CARTESIAN_POINT ( 'NONE',  ( -44.78117057507183300, 42.50293848855188400, 66.46542824515920200 ) ) ;
#6144 = CARTESIAN_POINT ( 'NONE',  ( -114.0863099753204800, 418.7781188268558000, -43.81539089505019300 ) ) ;
#6145 = CARTESIAN_POINT ( 'NONE',  ( -193.0186335817910200, -270.5748696973599300, -490.0389052939258400 ) ) ;
#6146 = CARTESIAN_POINT ( 'NONE',  ( -153.7888572557882000, 2.366082484141689000, 118.1331746541785000 ) ) ;
#6147 = CARTESIAN_POINT ( 'NONE',  ( 657.8625197003374300, 74.14812383733365700, 443.5825660819169200 ) ) ;
#6148 = AXIS2_PLACEMENT_3D ( 'NONE', #6100, #946, #44 ) ;
#6149 = CARTESIAN_POINT ( 'NONE',  ( 2773.605583667111700, -67.94275007601241600, -419.1488574054469600 ) ) ;
#6150 = CARTESIAN_POINT ( 'NONE',  ( 1050.501651920087400, -450.0955744616664400, 394.6193331531029000 ) ) ;
#6151 = CARTESIAN_POINT ( 'NONE',  ( 2909.876420287645900, -78.05051804985956200, -593.4810197287458800 ) ) ;
#6152 = CARTESIAN_POINT ( 'NONE',  ( 2938.290200448566300, 373.4202333184944100, -266.1753615955107600 ) ) ;
#6153 = CARTESIAN_POINT ( 'NONE',  ( 2070.657786866082900, 291.0500410831277200, -72.57803841036984200 ) ) ;
#6154 = CARTESIAN_POINT ( 'NONE',  ( -61.94123650696378300, 128.2509615012112600, -201.5172910259399500 ) ) ;
#6155 = CARTESIAN_POINT ( 'NONE',  ( 2362.918088892880000, -582.1190373266092600, 27.29175537969043200 ) ) ;
#6156 = CARTESIAN_POINT ( 'NONE',  ( 3093.515542065731100, 1.238902004596969200, -111.5249083952065000 ) ) ;
#6157 = CARTESIAN_POINT ( 'NONE',  ( -185.5264540518359400, 1.042945315003156000, -120.8228777996554200 ) ) ;
#6158 = CARTESIAN_POINT ( 'NONE',  ( 1438.913166136086100, -611.2948005977918900, -356.3567333585960500 ) ) ;
#6159 = CARTESIAN_POINT ( 'NONE',  ( 385.3423980536843500, 459.5362284514599800, -301.9879924361510500 ) ) ;
#6160 = DIRECTION ( 'NONE',  ( 1.000000000000000000, -1.838306325092761700E-015, -2.109628209243604500E-016 ) ) ;
#6161 = CARTESIAN_POINT ( 'NONE',  ( 1648.069859925026300, -215.2596744858028300, -144.5914501015122100 ) ) ;
#6162 = CARTESIAN_POINT ( 'NONE',  ( -96.67825958048828700, 275.2282387582302500, 40.64535628970674000 ) ) ;
#6163 = CARTESIAN_POINT ( 'NONE',  ( 2293.191528487865500, -487.7700191101325200, -318.8852827847960600 ) ) ;
#6164 = CARTESIAN_POINT ( 'NONE',  ( 114.0863099753203600, 57.01616516671291600, -251.0463403202182100 ) ) ;
#6165 = CARTESIAN_POINT ( 'NONE',  ( 426.1445377633462500, 374.7138869023844400, 199.7238239529859200 ) ) ;
#6166 = CARTESIAN_POINT ( 'NONE',  ( 332.4717625762712600, -168.7390340824965200, -416.6196398671160100 ) ) ;
#6167 = ORIENTED_EDGE ( 'NONE', *, *, #5101, .T. ) ;
#6168 = CARTESIAN_POINT ( 'NONE',  ( 2456.590852834139200, 418.8436928190483300, -370.5774095724244700 ) ) ;
#6169 = CARTESIAN_POINT ( 'NONE',  ( 1565.011821730056900, -404.6396834679588300, 128.7120176484132200 ) ) ;
#6170 = CARTESIAN_POINT ( 'NONE',  ( 1180.748349544267700, 406.1007616530932300, -47.15715450123420300 ) ) ;
#6171 = CARTESIAN_POINT ( 'NONE',  ( 178.8564260144198400, 360.1866662700374500, 427.8118473309007800 ) ) ;
#6172 = CARTESIAN_POINT ( 'NONE',  ( -92.75423806596374700, 18.63379925356754900, 105.2980405507170600 ) ) ;
#6173 = CARTESIAN_POINT ( 'NONE',  ( 1238.917004433177900, -352.8557908548241900, 278.8465318924659800 ) ) ;
#6174 = CARTESIAN_POINT ( 'NONE',  ( 2881.422152650489800, -57.07193962514549700, 273.2318689739934100 ) ) ;
#6175 = CARTESIAN_POINT ( 'NONE',  ( 1399.134501503036300, 454.9042045925018600, -389.0662783808938900 ) ) ;
#6176 = ORIENTED_EDGE ( 'NONE', *, *, #2448, .F. ) ;
#6177 = CARTESIAN_POINT ( 'NONE',  ( 2491.516951197063900, -277.9149552691210400, 530.1641122535503400 ) ) ;
#6178 = CARTESIAN_POINT ( 'NONE',  ( 108.4254982717045400, -133.7778430456611100, -566.8247449017771900 ) ) ;
#6179 = CARTESIAN_POINT ( 'NONE',  ( 1907.961842057982300, 104.2151251835537800, 281.2769322607366600 ) ) ;
#6180 = CARTESIAN_POINT ( 'NONE',  ( -114.0863099753204500, 485.9071328584327000, -401.6940834763132700 ) ) ;
#6181 = MANIFOLD_SOLID_BREP ( 'Varredura1', #1088 ) ;
#6182 = CARTESIAN_POINT ( 'NONE',  ( 2432.644648833126700, -455.7951142299257900, 363.1228801368542900 ) ) ;
#6183 = CARTESIAN_POINT ( 'NONE',  ( 433.8164416162272200, 5.846917986818419300, 582.7291293720647900 ) ) ;
#6184 = CARTESIAN_POINT ( 'NONE',  ( 669.4206384580138500, -96.51399455290645300, -397.2737601246468000 ) ) ;
#6185 = ORIENTED_EDGE ( 'NONE', *, *, #646, .F. ) ;
#6186 = CARTESIAN_POINT ( 'NONE',  ( -61.94123650696380400, 66.47794375361736700, -416.2737795422888800 ) ) ;
#6187 = CARTESIAN_POINT ( 'NONE',  ( 2205.905362703993400, -705.6694435014851500, 51.98099302481036700 ) ) ;
#6188 = CARTESIAN_POINT ( 'NONE',  ( 478.3113519108864600, 84.84716738419936600, -543.2974562623023800 ) ) ;
#6189 = CARTESIAN_POINT ( 'NONE',  ( 3176.166861843479200, 12.90797742482322400, -118.7394087954393300 ) ) ;
#6190 = CARTESIAN_POINT ( 'NONE',  ( 927.5632208401027600, -185.1583756598033100, -181.5489287851707400 ) ) ;
#6191 = CARTESIAN_POINT ( 'NONE',  ( -111.1045998210216200, 244.8477722874331400, 64.61536798867116700 ) ) ;
#6192 = CARTESIAN_POINT ( 'NONE',  ( 2200.222420164072900, -91.28739764144326300, -575.5643716729594000 ) ) ;
#6193 = CARTESIAN_POINT ( 'NONE',  ( 114.0863099753203500, 71.55439911853498800, -246.4692437300906800 ) ) ;
#6194 = CARTESIAN_POINT ( 'NONE',  ( 1169.190446305796700, -449.3222368490710900, 19.29102034098846700 ) ) ;
#6195 = CARTESIAN_POINT ( 'NONE',  ( 646.1781409625371000, -12.14106314151158200, -408.6492134051850900 ) ) ;
#6196 = ADVANCED_FACE ( 'NONE', ( #1082 ), #3417, .F. ) ;
#6197 = CARTESIAN_POINT ( 'NONE',  ( 1472.042880002304200, -367.1086947326763800, -213.3807939582962900 ) ) ;
#6198 = CARTESIAN_POINT ( 'NONE',  ( 436.9984299884538400, 393.2344430949262900, 111.8403759410403500 ) ) ;
#6199 = CARTESIAN_POINT ( 'NONE',  ( -53.56550109392532700, -549.7690825013684200, 102.5257736045974200 ) ) ;
#6200 = AXIS2_PLACEMENT_3D ( 'NONE', #3237, #2324, #3365 ) ;
#6201 = CARTESIAN_POINT ( 'NONE',  ( -10.12362205512918400, -187.7253800093647800, -161.2443717392659700 ) ) ;
#6202 = CARTESIAN_POINT ( 'NONE',  ( 1517.823240201829500, 449.5250472672966600, -13.77565954603893800 ) ) ;
#6203 = CARTESIAN_POINT ( 'NONE',  ( 2935.222762715896400, -126.1933831036805300, -14.27904136924179400 ) ) ;
#6204 = CARTESIAN_POINT ( 'NONE',  ( 515.9312842738784200, 354.5470903849886200, 482.2931948414742500 ) ) ;
#6205 = CARTESIAN_POINT ( 'NONE',  ( 3002.845438765783900, -491.4937140233851700, -340.9667576106154500 ) ) ;
#6206 = CARTESIAN_POINT ( 'NONE',  ( 474.6185027619519600, -403.1952465341726100, 218.4635677752736200 ) ) ;
#6207 = CARTESIAN_POINT ( 'NONE',  ( -74.32948380835655700, 123.8214910987587400, -216.6517884334708700 ) ) ;
#6208 = CARTESIAN_POINT ( 'NONE',  ( 3036.941397261658000, -568.5338454897654400, -107.1702293123527200 ) ) ;
#6209 = CARTESIAN_POINT ( 'NONE',  ( -61.94123650696380400, 85.45494405054934400, -413.5030687041288500 ) ) ;
#6210 = CARTESIAN_POINT ( 'NONE',  ( 1136.763693992615800, 704.1665528200198900, 69.42839678224466100 ) ) ;
#6211 = CARTESIAN_POINT ( 'NONE',  ( 594.5220818838397500, -426.6696374071528300, -346.8764963495344800 ) ) ;
#6212 = CARTESIAN_POINT ( 'NONE',  ( 3138.275890841233400, 11.87532980995883000, -118.1009660429123300 ) ) ;
#6213 = CARTESIAN_POINT ( 'NONE',  ( 2438.305078134946100, -253.1503697500257900, 56.20067581026410900 ) ) ;
#6214 = CARTESIAN_POINT ( 'NONE',  ( 3887.478672477059700, 100.0000000000061400, -7.091549569793187400E-012 ) ) ;
#6215 = CARTESIAN_POINT ( 'NONE',  ( 625.4363104587962400, -17.29237151153345000, -707.3698031812811000 ) ) ;
#6216 = CARTESIAN_POINT ( 'NONE',  ( 74.32948380835651400, 290.1524157920869700, -471.9355203288278100 ) ) ;
#6217 = CARTESIAN_POINT ( 'NONE',  ( 1936.886950226844200, 371.7540228150267600, -205.1801962472025600 ) ) ;
#6218 = CARTESIAN_POINT ( 'NONE',  ( 2810.179973180280700, 237.3218381124781300, -104.5078274838756700 ) ) ;
#6219 = CARTESIAN_POINT ( 'NONE',  ( 1761.803273519443100, 237.1283356233762700, 333.0340267226723700 ) ) ;
#6220 = CARTESIAN_POINT ( 'NONE',  ( 2146.066615849345500, -307.8714397218545900, -292.4297461168197900 ) ) ;
#6221 = CARTESIAN_POINT ( 'NONE',  ( 878.6003296283538500, -349.5756703645428700, 211.9864119862780000 ) ) ;
#6222 = CARTESIAN_POINT ( 'NONE',  ( 2913.058602738325600, -417.2815690970536500, -55.73606033701793200 ) ) ;
#6223 = CARTESIAN_POINT ( 'NONE',  ( 666.9423240230170200, -521.7143172716412200, 201.4234530511826900 ) ) ;
#6224 = CARTESIAN_POINT ( 'NONE',  ( 1192.432685718121100, -435.5846037089907000, 111.9325020906979100 ) ) ;
#6225 = CARTESIAN_POINT ( 'NONE',  ( 3036.689686365617000, -154.4781301543609700, 186.8306154562400000 ) ) ;
#6226 = CARTESIAN_POINT ( 'NONE',  ( 1910.462344121128400, 330.4548185394185100, 499.1093128084411300 ) ) ;
#6227 = CARTESIAN_POINT ( 'NONE',  ( 420.4836449679076500, 746.4573014295972400, 53.63577785803785500 ) ) ;
#6228 = CARTESIAN_POINT ( 'NONE',  ( 962.7044514456581500, -75.41722261278019300, -452.3328920986463100 ) ) ;
#6229 = CARTESIAN_POINT ( 'NONE',  ( 2058.779946785939000, -546.8056767604056200, -58.08680099959261900 ) ) ;
#6230 = CARTESIAN_POINT ( 'NONE',  ( 1898.074089068913700, 322.6776163439242300, 485.2697049046943800 ) ) ;
#6231 = ADVANCED_FACE ( 'NONE', ( #3229 ), #5769, .F. ) ;
#6232 = CARTESIAN_POINT ( 'NONE',  ( 3138.275890841233400, 11.87532980995883100, -118.1009660429123300 ) ) ;
#6233 = CARTESIAN_POINT ( 'NONE',  ( 74.32948380835651400, 111.2394629292836200, -583.7599928626818800 ) ) ;
#6234 = CARTESIAN_POINT ( 'NONE',  ( 2810.201662033677600, -500.3434661039065100, -500.8822708614903300 ) ) ;
#6235 = CARTESIAN_POINT ( 'NONE',  ( 2174.990898296107400, -325.5229695864853700, 443.1763825516746900 ) ) ;
#6236 = CARTESIAN_POINT ( 'NONE',  ( -149.9533806129689400, -197.4747190407032900, -101.9924320186351000 ) ) ;
#6237 =( GEOMETRIC_REPRESENTATION_CONTEXT ( 3 ) GLOBAL_UNCERTAINTY_ASSIGNED_CONTEXT ( ( #5485 ) ) GLOBAL_UNIT_ASSIGNED_CONTEXT ( ( #4469, #4973, #5942 ) ) REPRESENTATION_CONTEXT ( 'NONE', 'WORKASPACE' ) );
#6238 = CARTESIAN_POINT ( 'NONE',  ( 671.9208111882356900, -302.4645599611484400, -639.6769461423768900 ) ) ;
#6239 = CARTESIAN_POINT ( 'NONE',  ( -114.0863099753205000, 261.0153217018225900, -688.0453907319937300 ) ) ;
#6240 = CARTESIAN_POINT ( 'NONE',  ( 1727.707280054016300, 83.32761291488127100, 416.3609788150378100 ) ) ;
#6241 = CARTESIAN_POINT ( 'NONE',  ( 2856.664576881731100, 174.6110212171848000, -191.7151175536153000 ) ) ;
#6242 = CARTESIAN_POINT ( 'NONE',  ( 948.3268923634041100, -159.1349327955550500, 376.5865914320192500 ) ) ;
#6243 = FACE_OUTER_BOUND ( 'NONE', #480, .T. ) ;
#6244 = CARTESIAN_POINT ( 'NONE',  ( 2122.824377100373600, -240.6304480669044800, -349.8528394635234200 ) ) ;
#6245 = CARTESIAN_POINT ( 'NONE',  ( 344.0297084077806700, 181.2118473378861800, 366.4748714020434500 ) ) ;
#6246 = CARTESIAN_POINT ( 'NONE',  ( 3187.478672477060200, -99.99999999999320700, -7.315225494534559600E-012 ) ) ;
#6247 = CARTESIAN_POINT ( 'NONE',  ( 2084.715630440921800, -483.0913328124880200, 281.7437437506305300 ) ) ;
#6248 = CARTESIAN_POINT ( 'NONE',  ( -120.8095745093960600, 287.3918496479452600, 82.60810571857351200 ) ) ;
#6249 = CARTESIAN_POINT ( 'NONE',  ( 1912.940643112885000, -407.7379932690079200, 189.7713545373430600 ) ) ;
#6250 = CARTESIAN_POINT ( 'NONE',  ( 3186.026616436355700, -187.0878570417356500, -122.2780969449958000 ) ) ;
#6251 = CARTESIAN_POINT ( 'NONE',  ( 841.3219338972845700, -240.2614165288519000, -548.2562584482448100 ) ) ;
#6252 = CARTESIAN_POINT ( 'NONE',  ( 2933.118855035627800, -199.2909778193422600, -564.4406291763999700 ) ) ;
#6253 = CARTESIAN_POINT ( 'NONE',  ( 590.8292923422438900, -14.27788147842062300, 458.3538694316398500 ) ) ;
#6254 = CARTESIAN_POINT ( 'NONE',  ( 1082.608021125491600, 466.8089997731204900, -290.6194405672094400 ) ) ;
#6255 = CARTESIAN_POINT ( 'NONE',  ( 2781.277441754306900, 460.2168854668300400, -357.5022005441695700 ) ) ;
#6256 = CARTESIAN_POINT ( 'NONE',  ( 2900.670323285990000, -232.5574561332275000, 33.02158381743285500 ) ) ;
#6257 = CARTESIAN_POINT ( 'NONE',  ( -198.0102992182312400, 1.172623910564815500, -120.9251934588209700 ) ) ;
#6258 = CARTESIAN_POINT ( 'NONE',  ( 222.6472815396423100, 350.7997911817786300, 423.4507919429523800 ) ) ;
#6259 = CARTESIAN_POINT ( 'NONE',  ( 2407.412793980283400, 546.0518262298726300, 64.79253675903079600 ) ) ;
#6260 = CARTESIAN_POINT ( 'NONE',  ( 2401.026554228045800, -46.80778094520112400, -447.2944929339523100 ) ) ;
#6261 = CARTESIAN_POINT ( 'NONE',  ( 2900.670323285990000, -241.8670567078791900, 38.47455339096548200 ) ) ;
#6262 = CARTESIAN_POINT ( 'NONE',  ( 997.3105636867521800, 154.9599604722703800, 690.4043972823946000 ) ) ;
#6263 = CYLINDRICAL_SURFACE ( 'NONE', #6148, 120.0000000000000100 ) ;
#6264 = CARTESIAN_POINT ( 'NONE',  ( 114.0863099753203200, 8.259145649864672500, -296.2853027004557600 ) ) ;
#6265 = CARTESIAN_POINT ( 'NONE',  ( 1123.410086841770400, 369.6995623536938100, 208.8597130810748300 ) ) ;
#6266 = CARTESIAN_POINT ( 'NONE',  ( 2833.421473700575900, 210.5317286309781400, -151.3929733032705400 ) ) ;
#6267 = CARTESIAN_POINT ( 'NONE',  ( 1250.474906870277000, 301.5027320496944900, -276.1118094576037300 ) ) ;
#6268 = EDGE_LOOP ( 'NONE', ( #1106, #5307, #2857, #4757, #6428 ) ) ;
#6269 = CARTESIAN_POINT ( 'NONE',  ( 61.94123650696376200, 107.1702339133139500, -568.5339734699186900 ) ) ;
#6270 = CARTESIAN_POINT ( 'NONE',  ( -51.08769990143264300, -19.04133491132639800, -409.1123069814605100 ) ) ;
#6271 = CARTESIAN_POINT ( 'NONE',  ( 2913.058602738478400, -357.4093514646052700, 53.64274982952103000 ) ) ;
#6272 = CARTESIAN_POINT ( 'NONE',  ( 1689.598686308744800, 555.0215468357080200, -68.62096102543210900 ) ) ;
#6273 = CARTESIAN_POINT ( 'NONE',  ( -185.5264540518359400, 1.042945315003156000, -120.8228777996554200 ) ) ;
#6274 = CARTESIAN_POINT ( 'NONE',  ( 1145.948467012679200, -443.5761247298048600, -74.18694102718001200 ) ) ;
#6275 = CARTESIAN_POINT ( 'NONE',  ( 3135.611638401158000, 185.4347518196974800, 123.3001426389742500 ) ) ;
#6276 = EDGE_CURVE ( 'NONE', #338, #4284, #530, .T. ) ;
#6277 =( BOUNDED_CURVE ( )  B_SPLINE_CURVE ( 3, ( #6092, #6115, #5627, #588 ),
 .UNSPECIFIED., .F., .T. ) 
 B_SPLINE_CURVE_WITH_KNOTS ( ( 4, 4 ),
 ( 0.5000000000000004400, 1.000000000000000000 ),
 .UNSPECIFIED. ) 
 CURVE ( )  GEOMETRIC_REPRESENTATION_ITEM ( )  RATIONAL_B_SPLINE_CURVE ( ( 0.9999999999999994400, 0.3333333333333333700, 0.3333333333333339800, 1.000000000000000000 ) ) 
 REPRESENTATION_ITEM ( '' )  );
#6278 = ORIENTED_EDGE ( 'NONE', *, *, #5251, .T. ) ;
#6279 = CARTESIAN_POINT ( 'NONE',  ( 1373.413938022961200, -439.5532548336431700, -605.6966295188109400 ) ) ;
#6280 = CARTESIAN_POINT ( 'NONE',  ( 567.5871297792832600, -108.8985202725136500, 445.4585904382340100 ) ) ;
#6281 = CARTESIAN_POINT ( 'NONE',  ( 1222.061149392482500, -129.5218948781670500, -534.4103259059110100 ) ) ;
#6282 = CARTESIAN_POINT ( 'NONE',  ( 3070.071511053649400, -291.6893635921281900, -72.89873928193836200 ) ) ;
#6283 = CARTESIAN_POINT ( 'NONE',  ( 1320.201464763872100, 82.60935883366725800, -400.3964600293047600 ) ) ;
#6284 = CARTESIAN_POINT ( 'NONE',  ( 61.94123650696374700, 326.6774766849014800, -353.9850086248570700 ) ) ;
#6285 = CARTESIAN_POINT ( 'NONE',  ( 408.5847832448244500, 387.0274755011896000, -390.6160222183122000 ) ) ;
#6286 = CARTESIAN_POINT ( 'NONE',  ( 1570.693975715033700, 122.9541338256949700, 535.9595707463709000 ) ) ;
#6287 = CARTESIAN_POINT ( 'NONE',  ( 1959.424923195267000, -295.8547397816704500, 338.7226234657303500 ) ) ;
#6288 = CARTESIAN_POINT ( 'NONE',  ( 2913.058602738139100, -261.0532285704169900, 65.24429301791711600 ) ) ;
#6289 = CARTESIAN_POINT ( 'NONE',  ( -262.7452775920334600, 243.6140011647803800, -467.1222081394589100 ) ) ;
#6290 = CARTESIAN_POINT ( 'NONE',  ( 1100.168243801621400, 318.4263695353304800, 280.8996032994163000 ) ) ;
#6291 = CARTESIAN_POINT ( 'NONE',  ( 2712.262979022099000, -320.3479330246626700, 202.8348729760020600 ) ) ;
#6292 = CARTESIAN_POINT ( 'NONE',  ( 1459.654582224557100, -354.2746751801005900, -204.0369825302509800 ) ) ;
#6293 = CARTESIAN_POINT ( 'NONE',  ( 2820.090063403012200, -231.9281665741588100, -355.6922131221876400 ) ) ;
#6294 = CARTESIAN_POINT ( 'NONE',  ( 1413.170419166095600, -241.1972999808494100, -330.0990726939304500 ) ) ;
#6295 = CARTESIAN_POINT ( 'NONE',  ( 1573.387560361280700, 338.7606751337061200, 444.9697946445907100 ) ) ;
#6296 = CARTESIAN_POINT ( 'NONE',  ( 72.94362099270728100, 210.5682994953950000, -46.13716603677154600 ) ) ;
#6297 = CARTESIAN_POINT ( 'NONE',  ( 3005.323425363739700, 308.1218625068016200, -327.6038726265047700 ) ) ;
#6298 = CARTESIAN_POINT ( 'NONE',  ( 262.7452775920334600, 105.8469133583488700, -433.7585730333742000 ) ) ;
#6299 = CARTESIAN_POINT ( 'NONE',  ( 1815.014994956483200, 742.9265327789588600, 90.19796161004110500 ) ) ;
#6300 = CARTESIAN_POINT ( 'NONE',  ( 2082.022338045518600, -546.9806147686260800, 56.42278413039164800 ) ) ;
#6301 = CARTESIAN_POINT ( 'NONE',  ( 2913.058602738325600, -417.2815690970536500, -55.73606033701793200 ) ) ;
#6302 = CARTESIAN_POINT ( 'NONE',  ( 1273.717277386414000, 237.7792055498124500, -332.5696834250250600 ) ) ;
#6303 = CARTESIAN_POINT ( 'NONE',  ( -95.07192497943371700, 183.7691912277825300, -679.5439825254233000 ) ) ;
#6304 = CARTESIAN_POINT ( 'NONE',  ( 152.9207235351848600, 36.25165513624084900, 548.6865264850312100 ) ) ;
#6305 = CARTESIAN_POINT ( 'NONE',  ( 2151.748898952923400, -410.2520243614209200, 366.1483185657678500 ) ) ;
#6306 = CARTESIAN_POINT ( 'NONE',  ( -156.1196116435774300, 2.281264772294913100, 98.20009533649255200 ) ) ;
#6307 = CARTESIAN_POINT ( 'NONE',  ( 3124.227806343898500, -301.7715146011984200, -344.9378332134525100 ) ) ;
#6308 = CARTESIAN_POINT ( 'NONE',  ( 1053.683529647383500, 177.2761031780801800, 385.8410636703430900 ) ) ;
#6309 = CARTESIAN_POINT ( 'NONE',  ( 297.5452898272615700, 17.15485778854517200, 408.4694789234628200 ) ) ;
#6310 = CARTESIAN_POINT ( 'NONE',  ( 2598.522118862390900, 393.4522411681701300, -111.0710692504417700 ) ) ;
#6311 = CARTESIAN_POINT ( 'NONE',  ( 2913.058602738325600, -416.2739075224482700, -66.47794835451811900 ) ) ;
#6312 = CARTESIAN_POINT ( 'NONE',  ( 1599.107701871207600, -304.8683681995390200, 272.3911103210491500 ) ) ;
#6313 = CARTESIAN_POINT ( 'NONE',  ( 1968.504933492264400, -486.6749320236459700, -275.5090604851157000 ) ) ;
#6314 = CARTESIAN_POINT ( 'NONE',  ( 2656.690592466548900, -304.0783922638333400, 331.3601659089624700 ) ) ;
#6315 = CARTESIAN_POINT ( 'NONE',  ( 3143.153993651900200, -19.39457614160229300, 122.7498009947357400 ) ) ;
#6316 = CARTESIAN_POINT ( 'NONE',  ( 2840.149840078258900, 284.3997591372725500, -526.7137438984347000 ) ) ;
#6317 = CARTESIAN_POINT ( 'NONE',  ( 1419.898925585127200, -647.2980088010772300, -375.6080996741984600 ) ) ;
#6318 = CARTESIAN_POINT ( 'NONE',  ( 2407.412793980283400, 546.0518262298726300, 64.79253675903079600 ) ) ;
#6319 = CARTESIAN_POINT ( 'NONE',  ( 2913.058602738468800, -417.4156117387359500, -48.75924005057554200 ) ) ;
#6320 = CARTESIAN_POINT ( 'NONE',  ( 2087.193637041978900, -158.3982126621701200, -376.8973971110694400 ) ) ;
#6321 = CARTESIAN_POINT ( 'NONE',  ( -95.07192497943370300, 122.1027386819507000, -690.8081067275825300 ) ) ;
#6322 = CARTESIAN_POINT ( 'NONE',  ( -218.9543979933611400, 70.97173506272919500, -541.2749627333785200 ) ) ;
#6323 = CARTESIAN_POINT ( 'NONE',  ( 1965.811224660767300, -324.1728997233747100, -444.1649409930363400 ) ) ;
#6324 = CARTESIAN_POINT ( 'NONE',  ( 2712.348918115461900, -221.7190717785251200, 191.9333707625116300 ) ) ;
#6325 = CARTESIAN_POINT ( 'NONE',  ( 2712.254823886552000, -527.2759724211887300, 59.55314567580991500 ) ) ;
#6326 = CARTESIAN_POINT ( 'NONE',  ( 945.1442275846277400, -579.0626703133300500, -65.52987575671400600 ) ) ;
#6327 = CARTESIAN_POINT ( 'NONE',  ( 2703.879034067257600, 190.4675125357092000, -379.5024259260121100 ) ) ;
#6328 = CARTESIAN_POINT ( 'NONE',  ( 460.2409429860440500, 407.8712830925546800, 27.97167161329847900 ) ) ;
#6329 = CARTESIAN_POINT ( 'NONE',  ( 2389.342408646170000, -12.94021989509038700, 408.6245404184758700 ) ) ;
#6330 = CARTESIAN_POINT ( 'NONE',  ( 2482.311132162279100, 294.0806513816605200, 284.0035809744688900 ) ) ;
#6331 = CARTESIAN_POINT ( 'NONE',  ( 3037.069727925372300, -175.4476926217370500, 201.3705066972556200 ) ) ;
#6332 = CARTESIAN_POINT ( 'NONE',  ( 1852.293787286410600, -7.026886269832883300, -559.2025056022869200 ) ) ;
#6333 = CARTESIAN_POINT ( 'NONE',  ( 2958.839003814552600, 414.4463747278771300, -174.6348527852258600 ) ) ;
#6334 = CARTESIAN_POINT ( 'NONE',  ( 3238.219735576055000, -211.3493880061126900, 66.65034948620981900 ) ) ;
#6335 = PLANE ( 'NONE',  #5761 ) ;
#6336 = EDGE_LOOP ( 'NONE', ( #6570, #2778 ) ) ;
#6337 = CARTESIAN_POINT ( 'NONE',  ( 838.8429872050965100, -641.1761190818460800, 385.9643986475761000 ) ) ;
#6338 = CARTESIAN_POINT ( 'NONE',  ( 263.4494746252024700, -157.2047592416771800, 394.4446971199395800 ) ) ;
#6339 = CARTESIAN_POINT ( 'NONE',  ( 1863.977796970999400, 99.84509903088452600, 590.2048100728569600 ) ) ;
#6340 = CARTESIAN_POINT ( 'NONE',  ( 832.1155716655475800, -405.4914635656757000, 52.13712166129562300 ) ) ;
#6341 = ORIENTED_EDGE ( 'NONE', *, *, #2587, .T. ) ;
#6342 = CARTESIAN_POINT ( 'NONE',  ( 61.94123650696375400, 119.3170809112957300, -565.0360707628671000 ) ) ;
#6343 = CARTESIAN_POINT ( 'NONE',  ( 687.4910557458165400, -543.5531484218604400, 83.19378433778355500 ) ) ;
#6344 = CARTESIAN_POINT ( 'NONE',  ( 542.3557373686104500, 361.2384628735770800, -223.1741890344821700 ) ) ;
#6345 = CARTESIAN_POINT ( 'NONE',  ( 2860.914187333821200, -734.7692948227357900, -105.8902189503472000 ) ) ;
#6346 = EDGE_CURVE ( 'NONE', #4831, #3477, #382, .T. ) ;
#6347 = CARTESIAN_POINT ( 'NONE',  ( -74.32948380835657100, 134.0633487694584000, -363.8657942978620700 ) ) ;
#6348 = CARTESIAN_POINT ( 'NONE',  ( 536.6730046060540600, 172.4617303511179200, 245.4272780574583800 ) ) ;
#6349 = EDGE_LOOP ( 'NONE', ( #5705, #5537, #936, #3729 ) ) ;
#6350 = CARTESIAN_POINT ( 'NONE',  ( -212.4786724770602000, 0.0000000000000000000, 0.0000000000000000000 ) ) ;
#6351 = CARTESIAN_POINT ( 'NONE',  ( 154.9102183837228500, -351.8561434033824200, -464.5360315791938300 ) ) ;
#6352 = CARTESIAN_POINT ( 'NONE',  ( 2099.581936054847600, -162.9542179362596200, -392.1046848399512300 ) ) ;
#6353 = CARTESIAN_POINT ( 'NONE',  ( 111.6081081681089600, -408.1841559741618000, -22.96429054626377600 ) ) ;
#6354 = CARTESIAN_POINT ( 'NONE',  ( 2900.670323285992700, -401.0479137257165700, -62.40872025873358800 ) ) ;
#6355 = B_SPLINE_CURVE_WITH_KNOTS ( 'NONE', 3,
 ( #6269, #2253, #1752, #5287, #5091, #4541, #523, #5006, #5047, #2016, #6118, #6541, #3522, #502, #481, #4072, #2502, #2992, #40, #2568, #4098, #1025, #1067, #5519, #1046, #3546, #5564, #4561, #3077, #6096, #1512, #2529, #6032, #1534, #2058, #6051, #1977, #3503, #4586, #4007, #5607, #982, #5025, #4051, #63, #5071, #2036, #4029, #6563, #5586, #4520, #3014, #1004, #6073, #2481, #1490, #3036, #18, #3592, #2550, #1557, #3054, #4608, #3570, #1995, #5542, #545, #567, #639, #1555, #5666, #3136, #3163, #4696, #5641, #5741, #2089, #1643, #4619, #1667, #6230, #125, #5204, #1618, #2677, #1592, #5717, #4133, #1157, #5692, #4157, #3603, #3190, #628, #4109, #1078, #2702, #5230, #579, #2604, #6155, #3679, #172, #6182, #2144, #73, #3654, #1130, #1181, #5126, #5155, #2116, #3110, #3703, #1103, #100, #2167, #4210, #6255, #677, #3628, #4721, #2630, #1694, #2191, #604, #4673, #5179, #2654, #4646, #6208 ),
 .UNSPECIFIED., .F., .F.,
 ( 4, 1, 1, 1, 1, 1, 1, 1, 1, 1, 1, 1, 1, 1, 1, 1, 1, 1, 1, 1, 1, 1, 1, 1, 1, 1, 1, 1, 1, 1, 1, 1, 1, 1, 1, 1, 1, 1, 1, 1, 1, 1, 1, 1, 1, 1, 1, 1, 1, 1, 1, 1, 1, 1, 1, 1, 1, 1, 1, 1, 1, 1, 1, 1, 1, 1, 1, 1, 1, 1, 1, 1, 1, 1, 1, 1, 1, 1, 1, 1, 1, 1, 1, 1, 1, 1, 1, 1, 1, 1, 1, 1, 1, 1, 1, 1, 1, 1, 1, 1, 1, 1, 1, 1, 1, 1, 1, 1, 1, 1, 1, 1, 1, 1, 1, 1, 1, 1, 1, 1, 1, 1, 1, 1, 1, 1, 1, 1, 4 ),
 ( 0.0000000000000000000, 0.007812498270105783400, 0.01562500109867619200, 0.02343749904354634100, 0.03124999760562388600, 0.03906250119592157700, 0.04687499891039848000, 0.05468749772174422200, 0.06250000129585638100, 0.07031249879026799100, 0.07812499784389986800, 0.08593750139596839600, 0.09374999868177907900, 0.1015624979711991600, 0.1093750014953673700, 0.1171874985840685400, 0.1249999981027989100, 0.1328125015932185000, 0.1406249984963307300, 0.1484374982379126900, 0.1562500016887449500, 0.1640624984178144000, 0.1718749983758097200, 0.1796875017812235000, 0.1874999983478233500, 0.1953124985158118100, 0.2031250018699869400, 0.2109374982857137600, 0.2187499986572965800, 0.2265625019544197100, 0.2343749982308942800, 0.2421874987996902000, 0.2500000020339568900, 0.2578124981828233100, 0.2656249989424697100, 0.2734375021080822600, 0.2812499981410093700, 0.2890624990851610700, 0.2968750021763320000, 0.3046874981050089500, 0.3124999992273404000, 0.3203125022382868300, 0.3281249980744224100, 0.3359374993686246000, 0.3437500022935740500, 0.3515624980488999400, 0.3593749995086825700, 0.3671875023418643700, 0.3749999980281314400, 0.3828124996472208600, 0.3906250023828760600, 0.3984374980118506900, 0.4062499997839912300, 0.4140625024163667700, 0.4218749979998377400, 0.4296874999187879600, 0.4375000024421347200, 0.4453124979919032000, 0.4531250000514437400, 0.4609375024600199700, 0.4687499979879063400, 0.4765625001818292700, 0.4843750024698961800, 0.4921874979877351500, 0.5000000003098494800, 0.5078125024716808600, 0.5156249979913217800, 0.5234375004354551200, 0.5312500024653218400, 0.5390624979986307100, 0.5468750005586202600, 0.5546875024508058900, 0.5624999980096562200, 0.5703125006793631200, 0.5781250024281477900, 0.5859374980244300700, 0.5937500007977257700, 0.6015625023973982800, 0.6093749980430129800, 0.6171875009137823800, 0.6250000023586352900, 0.6328124980654950000, 0.6406250010276414200, 0.6484375023119716100, 0.6562499980919985800, 0.6640625011394351000, 0.6718750022575432600, 0.6796874981226654900, 0.6875000012493256400, 0.6953125021955148800, 0.7031249981576699300, 0.7109375013574983400, 0.7187500021260745400, 0.7265624981972113000, 0.7343750014641616800, 0.7421875020494398400, 0.7499999982415060900, 0.7578125015695511600, 0.7656250019658447100, 0.7734374982908042200, 0.7812500016739244400, 0.7890625018755455000, 0.7968749983453600200, 0.8046875017775566600, 0.8125000017788235300, 0.8203124984054658300, 0.8281250018807501100, 0.8359375016759783600, 0.8437499984714169600, 0.8515625019838051200, 0.8593750015673206100, 0.8671874985435305000, 0.8750000020870598600, 0.8828125014531857900, 0.8906249986221431700, 0.8984375021908611600, 0.9062500013339190900, 0.9140624987076081400, 0.9218750022955687400, 0.9296875012098857500, 0.9374999988002746800, 0.9453125024015507400, 0.9531250010814545900, 0.9609374989005250400, 0.9687500025092051800, 0.9765625009486272900, 0.9843749990093700900, 0.9921875017881567300, 1.000000000000000000 ),
 .UNSPECIFIED. ) ;
#6356 = CARTESIAN_POINT ( 'NONE',  ( 1506.139375443380000, -406.5653389248040000, -42.96534603841704600 ) ) ;
#6357 = CARTESIAN_POINT ( 'NONE',  ( 2756.045694921517700, -155.7622686305114100, 149.6497189656784600 ) ) ;
#6358 = ORIENTED_EDGE ( 'NONE', *, *, #5650, .F. ) ;
#6359 = CARTESIAN_POINT ( 'NONE',  ( 320.7878103750613300, 101.3818789635052900, 396.0594884951320300 ) ) ;
#6360 = CARTESIAN_POINT ( 'NONE',  ( 2796.143725813848100, 219.2520083442269900, 392.6726627584334900 ) ) ;
#6361 = CARTESIAN_POINT ( 'NONE',  ( 3187.478672477060200, -252.1164015801315400, 91.85488584871845300 ) ) ;
#6362 = CARTESIAN_POINT ( 'NONE',  ( 2956.360647358205800, -311.8123103580267100, -510.9520137241065600 ) ) ;
#6363 = CARTESIAN_POINT ( 'NONE',  ( 1187.475812010149900, 645.8642335981946900, -378.0671503338683100 ) ) ;
#6364 = CARTESIAN_POINT ( 'NONE',  ( 193.7229080096929300, -358.4725871293073900, 227.5903298629679900 ) ) ;
#6365 = CARTESIAN_POINT ( 'NONE',  ( 1817.493899321974600, -147.8951764919388600, 580.0322288644160800 ) ) ;
#6366 = CARTESIAN_POINT ( 'NONE',  ( 2180.162697556363600, -385.6362288835674100, -135.7430616858941900 ) ) ;
#6367 = CARTESIAN_POINT ( 'NONE',  ( 681.8088664285991200, -98.59627392807516300, -413.0117641535836100 ) ) ;
#6368 = CARTESIAN_POINT ( 'NONE',  ( 2860.914187333825300, -47.10847963037596700, 314.6612151278378600 ) ) ;
#6369 = CARTESIAN_POINT ( 'NONE',  ( -153.3713065641846900, 9.312858057442369400, -127.3477909498910500 ) ) ;
#6370 = CARTESIAN_POINT ( 'NONE',  ( 1094.485648453224300, -184.7961658992553600, 236.2795307280214300 ) ) ;
#6371 = CARTESIAN_POINT ( 'NONE',  ( -61.94123650696380400, 76.91665721314180400, -413.5467296088629000 ) ) ;
#6372 = CARTESIAN_POINT ( 'NONE',  ( 596.5114254808418100, 579.8232006706447200, 58.41893834112947600 ) ) ;
#6373 = CARTESIAN_POINT ( 'NONE',  ( 2843.332141944883000, -300.7663593893897800, -299.7501137585966800 ) ) ;
#6374 = CARTESIAN_POINT ( 'NONE',  ( 2712.348918115461900, -221.7190717785251200, 191.9333707625116300 ) ) ;
#6375 = CARTESIAN_POINT ( 'NONE',  ( 2807.701825170665400, -224.6631048755717200, -341.5851557696444200 ) ) ;
#6376 = CARTESIAN_POINT ( 'NONE',  ( 2879.928489444833800, -634.2572009491790400, 170.2120301208829600 ) ) ;
#6377 = CARTESIAN_POINT ( 'NONE',  ( 1157.506577504665800, 407.0619688936656100, 37.97290702382523600 ) ) ;
#6378 = CARTESIAN_POINT ( 'NONE',  ( 376.4781769216785400, -346.7360029898549700, 487.9390348915195000 ) ) ;
#6379 = CARTESIAN_POINT ( 'NONE',  ( 2914.552265943959800, -211.6127533775217000, 38.53217621532277100 ) ) ;
#6380 = CARTESIAN_POINT ( 'NONE',  ( 3187.478672477060200, -99.99999999999320700, -7.197852950236631600E-012 ) ) ;
#6381 = CARTESIAN_POINT ( 'NONE',  ( 652.8839664177095300, 298.8835157422997200, -25.42025474615892100 ) ) ;
#6382 = CARTESIAN_POINT ( 'NONE',  ( 481.0046231295073100, -149.3160302189102400, -538.9445015484002400 ) ) ;
#6383 = CARTESIAN_POINT ( 'NONE',  ( 54.26977306852646200, -328.5361669032420200, -268.9941428122707000 ) ) ;
#6384 = CARTESIAN_POINT ( 'NONE',  ( -114.0863099753203900, 116.6320125002179000, -733.7614126919895600 ) ) ;
#6385 = CARTESIAN_POINT ( 'NONE',  ( 230.2974912851956900, -189.4703565619179800, -176.9466421597924800 ) ) ;
#6386 = CARTESIAN_POINT ( 'NONE',  ( -61.94123650696379000, 128.4326349918439100, -391.1242823877532800 ) ) ;
#6387 = CARTESIAN_POINT ( 'NONE',  ( 7.785225226942168700, -191.1687577761928200, -379.1273102632059700 ) ) ;
#6388 = CARTESIAN_POINT ( 'NONE',  ( 1889.698356132487100, -438.2005712168610200, 101.2091050641377000 ) ) ;
#6389 = CARTESIAN_POINT ( 'NONE',  ( 2860.914187333346900, -532.9301593887107600, 325.8691740747104300 ) ) ;
#6390 = CARTESIAN_POINT ( 'NONE',  ( -182.8174017165768000, -237.5953921758384100, 118.1027783845271600 ) ) ;
#6391 = CARTESIAN_POINT ( 'NONE',  ( 1326.908152948169100, 296.6697050904174400, 44.32615074150692200 ) ) ;
#6392 = CARTESIAN_POINT ( 'NONE',  ( 218.9543979933612500, 206.9396171922460300, -316.7047841535695600 ) ) ;
#6393 = CARTESIAN_POINT ( 'NONE',  ( 364.0898863840766900, -336.6227870775233000, 475.7021345767639100 ) ) ;
#6394 = CARTESIAN_POINT ( 'NONE',  ( 692.6624647283659900, -176.7009481911033800, -368.6710882553817900 ) ) ;
#6395 = CARTESIAN_POINT ( 'NONE',  ( 2879.928489444455000, -511.4238020327925900, 291.2123000895346600 ) ) ;
#6396 = CARTESIAN_POINT ( 'NONE',  ( 41.88153913381084700, -317.3469461056437800, -257.7294328315705900 ) ) ;
#6397 = CARTESIAN_POINT ( 'NONE',  ( 1608.314203285597200, -508.2830081067793900, -316.1625672454597400 ) ) ;
#6398 = CARTESIAN_POINT ( 'NONE',  ( 2752.332288914000900, 17.61087389833904700, 53.13005617889010100 ) ) ;
#6399 = CARTESIAN_POINT ( 'NONE',  ( 74.32948380835648500, 341.3134498453992500, -230.7909739587704800 ) ) ;
#6400 = CARTESIAN_POINT ( 'NONE',  ( 1233.938810777485700, 166.3869384098949500, 249.5857287447429400 ) ) ;
#6401 = CARTESIAN_POINT ( 'NONE',  ( -7.081296949570498700, -461.0558616923821100, 316.5185903696883000 ) ) ;
#6402 = FACE_OUTER_BOUND ( 'NONE', #2050, .T. ) ;
#6403 = CARTESIAN_POINT ( 'NONE',  ( 728.2929883516811700, -257.5069977802110700, -337.6244238629619200 ) ) ;
#6404 = CARTESIAN_POINT ( 'NONE',  ( 3002.845438765783900, -491.4937140233851700, -340.9667576106154500 ) ) ;
#6405 = CARTESIAN_POINT ( 'NONE',  ( 2459.068978824392600, 228.8838889371591000, 338.7530435901072100 ) ) ;
#6406 = CARTESIAN_POINT ( 'NONE',  ( -61.94123650696380400, 66.47794375361736700, -416.2737795422888800 ) ) ;
#6407 = CARTESIAN_POINT ( 'NONE',  ( 2540.479668721550800, -439.4014233587586800, -95.86280906942894800 ) ) ;
#6408 = CARTESIAN_POINT ( 'NONE',  ( 2712.254833308399600, -552.4003053987058800, -18.77363776115910800 ) ) ;
#6409 = CARTESIAN_POINT ( 'NONE',  ( 239.1887498242010400, 12.38384297207611700, -79.12938711728409700 ) ) ;
#6410 = CARTESIAN_POINT ( 'NONE',  ( 1559.329056816302700, -107.6590189467835900, -279.9768576450637700 ) ) ;
#6411 = CARTESIAN_POINT ( 'NONE',  ( -61.94123650696380400, 76.91665721314180400, -413.5467296088629000 ) ) ;
#6412 = CARTESIAN_POINT ( 'NONE',  ( 1293.777041734927700, 578.2149283518032200, 72.63092503228874400 ) ) ;
#6413 = CARTESIAN_POINT ( 'NONE',  ( 808.8737663944159500, -407.4973053451189500, -32.97476517263281400 ) ) ;
#6414 = FACE_OUTER_BOUND ( 'NONE', #5796, .T. ) ;
#6415 = CARTESIAN_POINT ( 'NONE',  ( 2966.837838460251100, -79.50425484933450100, -43.14497310310675700 ) ) ;
#6416 = CARTESIAN_POINT ( 'NONE',  ( 2756.045560573874400, -461.0293656872901800, 132.0103878655903300 ) ) ;
#6417 = CARTESIAN_POINT ( 'NONE',  ( 251.0612434015587800, -149.8451315259116300, 380.3785532975680300 ) ) ;
#6418 = CARTESIAN_POINT ( 'NONE',  ( 1143.470263012953000, -9.872336032896692300, 598.5089372731982800 ) ) ;
#6419 = CARTESIAN_POINT ( 'NONE',  ( 3046.406640221041900, -16.24566796821762400, -100.7149313812474800 ) ) ;
#6420 = CARTESIAN_POINT ( 'NONE',  ( 74.32948380835651400, 111.2394629292836200, -583.7599928626818800 ) ) ;
#6421 = CARTESIAN_POINT ( 'NONE',  ( 583.1574307160879000, 257.1234543057748900, 154.4832680468181800 ) ) ;
#6422 = EDGE_LOOP ( 'NONE', ( #3076, #3325, #3471, #2690 ) ) ;
#6423 = CARTESIAN_POINT ( 'NONE',  ( 132.3718214175744100, 155.9185045434632900, 537.0716030272333200 ) ) ;
#6424 = CARTESIAN_POINT ( 'NONE',  ( 333.1760408744870600, 103.6571321955121300, 411.7707511148897800 ) ) ;
#6425 = CARTESIAN_POINT ( 'NONE',  ( 2793.665743714487200, 473.4467972459276600, -366.2764891557811800 ) ) ;
#6426 = CARTESIAN_POINT ( 'NONE',  ( 2435.826462530583300, 153.7611886634599000, 378.8127946555094900 ) ) ;
#6427 = CARTESIAN_POINT ( 'NONE',  ( 2930.618660327409500, -32.74086030230059000, -298.1879566859485600 ) ) ;
#6428 = ORIENTED_EDGE ( 'NONE', *, *, #4303, .F. ) ;
#6429 = CARTESIAN_POINT ( 'NONE',  ( 2284.815413634240900, 362.8801861473921200, -265.6698069274206700 ) ) ;
#6430 = DIRECTION ( 'NONE',  ( 0.0000000000000000000, 0.0000000000000000000, -1.000000000000000000 ) ) ;
#6431 = CARTESIAN_POINT ( 'NONE',  ( -110.8945555105407300, -235.7142710303810400, 116.6185847199201500 ) ) ;
#6432 = CARTESIAN_POINT ( 'NONE',  ( 931.7901235502749800, -255.2082255154220100, -157.6270547386402500 ) ) ;
#6433 = CARTESIAN_POINT ( 'NONE',  ( -61.94123650696379000, 128.4326349918439100, -391.1242823877532800 ) ) ;
#6434 = CARTESIAN_POINT ( 'NONE',  ( 1735.379027789479300, -446.7463668881953800, 374.1993083987590600 ) ) ;
#6435 = CARTESIAN_POINT ( 'NONE',  ( 1970.982985784417500, 245.8691482465315500, -326.6341335361593700 ) ) ;
#6436 = CARTESIAN_POINT ( 'NONE',  ( 2900.670323285992700, -401.0479137257165700, -62.40872025873358800 ) ) ;
#6437 = CARTESIAN_POINT ( 'NONE',  ( 553.2093602829257900, 294.6356996666058300, -283.4279263123539200 ) ) ;
#6438 = CARTESIAN_POINT ( 'NONE',  ( 1189.954793786687800, 233.5154341306990200, 551.1632871180177100 ) ) ;
#6439 = CARTESIAN_POINT ( 'NONE',  ( 3176.166861843478700, 223.9804010753495000, 147.0583187612367600 ) ) ;
#6440 = CARTESIAN_POINT ( 'NONE',  ( 1675.540932034996300, -296.1033894378831500, -47.96344743492033300 ) ) ;
#6441 = CARTESIAN_POINT ( 'NONE',  ( 2303.101120556306300, -326.9732843112175300, 673.1746565984915400 ) ) ;
#6442 = CARTESIAN_POINT ( 'NONE',  ( 1936.886950226844200, 371.7540228150267600, -205.1801962472025600 ) ) ;
#6443 = CARTESIAN_POINT ( 'NONE',  ( 1094.507783810745700, 713.8656283726685400, 224.6584062302583200 ) ) ;
#6444 = CARTESIAN_POINT ( 'NONE',  ( 532.4452012729700500, 98.65165249515357000, 239.8151700243369400 ) ) ;
#6445 = CARTESIAN_POINT ( 'NONE',  ( 3089.085812666163700, -251.0461197640824200, -57.01607069902348000 ) ) ;
#6446 = CARTESIAN_POINT ( 'NONE',  ( 869.7355564209267400, 284.5092187927115200, -359.6480129082904700 ) ) ;
#6447 = CARTESIAN_POINT ( 'NONE',  ( 2958.839003814552600, 414.4463747278771300, -174.6348527852258600 ) ) ;
#6448 = CARTESIAN_POINT ( 'NONE',  ( 2712.858940056322800, -141.7585019340151900, 152.9741279213914100 ) ) ;
#6449 = CARTESIAN_POINT ( 'NONE',  ( 2122.824377100373600, -240.6304480669044800, -349.8528394635234200 ) ) ;
#6450 = CARTESIAN_POINT ( 'NONE',  ( -61.94123650696377600, 174.6114165073967400, -296.7608087306832100 ) ) ;
#6451 = CARTESIAN_POINT ( 'NONE',  ( 1758.620980072118300, -359.5591570556904900, 458.6117416304061900 ) ) ;
#6452 = CARTESIAN_POINT ( 'NONE',  ( 1366.686257904445300, -86.73532517835759800, -399.5226840665077900 ) ) ;
#6453 = CARTESIAN_POINT ( 'NONE',  ( 3887.478672477059700, -119.9999999999935500, -7.195403656638338000E-012 ) ) ;
#6454 = CARTESIAN_POINT ( 'NONE',  ( 306.7516230712129200, -566.8483361522770600, 192.3365213667921400 ) ) ;
#6455 = CARTESIAN_POINT ( 'NONE',  ( 2737.975258482487800, 17.95276291876864900, -408.4340046347451800 ) ) ;
#6456 = CARTESIAN_POINT ( 'NONE',  ( 3187.478672477060200, 13.68132597599935200, -119.2175378018701400 ) ) ;
#6457 = CARTESIAN_POINT ( 'NONE',  ( 1605.814378694058200, -211.8822506596991100, -212.3290470202967700 ) ) ;
#6458 = CARTESIAN_POINT ( 'NONE',  ( 2233.374525856800600, -659.3421332793384400, 354.0389464377775000 ) ) ;
#6459 = CARTESIAN_POINT ( 'NONE',  ( 2564.425932812137900, 420.0944872966696800, 61.81129882888951200 ) ) ;
#6460 = CARTESIAN_POINT ( 'NONE',  ( 374.0001616167785400, 660.6841625094148200, 351.5287528909124100 ) ) ;
#6461 = CARTESIAN_POINT ( 'NONE',  ( 1276.196035936631200, 182.9165423889808400, 183.8074240314774700 ) ) ;
#6462 = CARTESIAN_POINT ( 'NONE',  ( 472.6291722519906100, 423.5032764882386700, 30.73959188267947000 ) ) ;
#6463 =( BOUNDED_SURFACE ( )  B_SPLINE_SURFACE ( 3, 3, ( 
 ( #4397, #2417, #5988, #6071, #3544, #3034, #6030, #4559, #521, #6520, #15 ),
 ( #2525, #5478, #4518, #2988, #2437, #2012, #4985, #3965, #5498, #4049, #3457 ),
 ( #5561, #3012, #5044, #5068, #1023, #6048, #1953, #940, #2460, #1531, #2479 ),
 ( #961, #438, #4479, #6009, #5539, #2971, #1510, #6538, #3479, #1001, #1448 ),
 ( #455, #2500, #5517, #4004, #2952, #6559, #6501, #3984, #477, #3520, #1487 ),
 ( #500, #4497, #1468, #5004, #1974, #3500, #980, #5023, #1993, #4027, #4539 ),
 ( #1554, #4119, #2034, #1087, #5583, #1577, #564, #2548, #4629, #4581, #543 ) ),
 .UNSPECIFIED., .T., .F., .F. ) 
 B_SPLINE_SURFACE_WITH_KNOTS ( ( 4, 3, 4 ),
 ( 4, 1, 1, 1, 1, 1, 1, 1, 4 ),
 ( 0.0000000000000000000, 0.5000000000000000000, 1.000000000000000000 ),
 ( 0.0000000000000000000, 0.1310038109028284800, 0.2704835234952268600, 0.4156855244358764700, 0.5630748974725337000, 0.6780326435055935600, 0.7901374509886026600, 0.8978491610507430800, 1.000000000000000000 ),
 .UNSPECIFIED. ) 
 GEOMETRIC_REPRESENTATION_ITEM ( )  RATIONAL_B_SPLINE_SURFACE ( (
 ( 1.000000000000000000, 1.000000000000000000, 1.000000000000000200, 0.9999999999999997800, 1.000000000000000400, 0.9999999999999997800, 1.000000000000000200, 0.9999999999999997800, 1.000000000000000000, 1.000000000000000000, 1.000000000000000000),
 ( 0.3333333333333333700, 0.3333333333333333700, 0.3333333333333334300, 0.3333333333333332600, 0.3333333333333335400, 0.3333333333333332600, 0.3333333333333334300, 0.3333333333333333100, 0.3333333333333333700, 0.3333333333333333700, 0.3333333333333333700),
 ( 0.3333333333333333700, 0.3333333333333333700, 0.3333333333333334300, 0.3333333333333332600, 0.3333333333333335400, 0.3333333333333332600, 0.3333333333333334300, 0.3333333333333333100, 0.3333333333333333700, 0.3333333333333333700, 0.3333333333333333700),
 ( 1.000000000000000000, 1.000000000000000000, 1.000000000000000200, 0.9999999999999997800, 1.000000000000000400, 0.9999999999999997800, 1.000000000000000200, 0.9999999999999997800, 1.000000000000000000, 1.000000000000000000, 1.000000000000000000),
 ( 0.3333333333333333700, 0.3333333333333333700, 0.3333333333333334300, 0.3333333333333332600, 0.3333333333333335400, 0.3333333333333332600, 0.3333333333333334300, 0.3333333333333333100, 0.3333333333333333700, 0.3333333333333333700, 0.3333333333333333700),
 ( 0.3333333333333333700, 0.3333333333333333700, 0.3333333333333334300, 0.3333333333333332600, 0.3333333333333335400, 0.3333333333333332600, 0.3333333333333334300, 0.3333333333333333100, 0.3333333333333333700, 0.3333333333333333700, 0.3333333333333333700),
 ( 1.000000000000000000, 1.000000000000000000, 1.000000000000000200, 0.9999999999999997800, 1.000000000000000400, 0.9999999999999997800, 1.000000000000000200, 0.9999999999999997800, 1.000000000000000000, 1.000000000000000000, 1.000000000000000000) ) ) 
 REPRESENTATION_ITEM ( '' )  SURFACE ( )  );
#6464 = CARTESIAN_POINT ( 'NONE',  ( 2953.860368989209700, -93.81816774986157300, -284.8542171823081600 ) ) ;
#6465 = CARTESIAN_POINT ( 'NONE',  ( 3121.534186077135900, -127.9112762377724800, -431.1175908986226700 ) ) ;
#6466 = CARTESIAN_POINT ( 'NONE',  ( 3070.328171883255000, -279.9958379665066000, -62.75309682290205900 ) ) ;
#6467 = CARTESIAN_POINT ( 'NONE',  ( 1712.136435649051500, -514.5612100378668900, 273.5589831360246100 ) ) ;
#6468 = CARTESIAN_POINT ( 'NONE',  ( 1030.441681961543100, 93.52055891879226100, 414.1905898548604900 ) ) ;
#6469 = CARTESIAN_POINT ( 'NONE',  ( 61.94123650696374700, 281.4294386214868400, -134.8436574990155900 ) ) ;
#6470 = CARTESIAN_POINT ( 'NONE',  ( 1688.894425603805800, -560.0610738227820800, 161.0562138079175200 ) ) ;
#6471 = CARTESIAN_POINT ( 'NONE',  ( 1413.170419166095600, -241.1972999808494100, -330.0990726939304500 ) ) ;
#6472 = CARTESIAN_POINT ( 'NONE',  ( -198.0102992182312400, 1.172623910564815500, -120.9251934588209700 ) ) ;
#6473 = CARTESIAN_POINT ( 'NONE',  ( 237.0250691366693400, -572.0759767876819500, -176.1786566661903400 ) ) ;
#6474 = CARTESIAN_POINT ( 'NONE',  ( 2645.006163267358700, 314.6877107250134600, -260.9851914378475600 ) ) ;
#6475 = CIRCLE ( 'NONE', #3276, 99.99999999999987200 ) ;
#6476 = CARTESIAN_POINT ( 'NONE',  ( 2900.670323285893100, -366.7714405842964400, 27.33824388480144300 ) ) ;
#6477 = PRODUCT_DEFINITION_FORMATION_WITH_SPECIFIED_SOURCE ( 'ANY', '', #35, .NOT_KNOWN. ) ;
#6478 = CARTESIAN_POINT ( 'NONE',  ( 2279.837529539979600, -157.0879964104343000, -255.5407379340103900 ) ) ;
#6479 = CARTESIAN_POINT ( 'NONE',  ( 1689.598686308744800, 555.0215468357080200, -68.62096102543210900 ) ) ;
#6480 = CARTESIAN_POINT ( 'NONE',  ( 1890.402246843528900, 423.0089088681412500, -36.92728967445302100 ) ) ;
#6481 = CARTESIAN_POINT ( 'NONE',  ( 281.0305417853636500, 183.2213750036232800, 725.6067951471276300 ) ) ;
#6482 = CARTESIAN_POINT ( 'NONE',  ( 1764.281917319584600, -233.3142829555101200, 113.1726924736957600 ) ) ;
#6483 = EDGE_LOOP ( 'NONE', ( #6185, #6011, #2311, #6176 ) ) ;
#6484 = CARTESIAN_POINT ( 'NONE',  ( 1588.254164154618100, -369.2081204829040600, 209.7267601632492800 ) ) ;
#6485 = CARTESIAN_POINT ( 'NONE',  ( 892.9778879739125200, 203.8532090445990000, -410.7756897763131300 ) ) ;
#6486 = CARTESIAN_POINT ( 'NONE',  ( 515.9312842738784200, 354.5470903849886200, 482.2931948414742500 ) ) ;
#6487 = APPLICATION_PROTOCOL_DEFINITION ( 'draft international standard', 'automotive_design', 1998, #4429 ) ;
#6488 = CARTESIAN_POINT ( 'NONE',  ( 2037.527198184496200, 561.9953544726968200, -154.1712240957641900 ) ) ;
#6489 = AXIS2_PLACEMENT_3D ( 'NONE', #2061, #4125, #1094 ) ;
#6490 = CARTESIAN_POINT ( 'NONE',  ( 1288.094953688802900, -25.52213297516372500, 457.8655974256256500 ) ) ;
#6491 = CARTESIAN_POINT ( 'NONE',  ( 1425.558682665315700, -249.1437610836876500, -343.8421902273055900 ) ) ;
#6492 = ORIENTED_EDGE ( 'NONE', *, *, #1808, .F. ) ;
#6493 = CARTESIAN_POINT ( 'NONE',  ( -61.94123650696378300, 163.5948939821157600, -245.1890524929250100 ) ) ;
#6494 = CARTESIAN_POINT ( 'NONE',  ( 1898.074089068913700, 322.6776163439242300, 485.2697049046943800 ) ) ;
#6495 = CARTESIAN_POINT ( 'NONE',  ( 443.7043637165894000, -66.03121095012636500, 292.6045832643360400 ) ) ;
#6496 = CARTESIAN_POINT ( 'NONE',  ( 2389.342408646170000, -12.94021989509038700, 408.6245404184758700 ) ) ;
#6497 = CARTESIAN_POINT ( 'NONE',  ( -75.23870068522330700, 101.6888665078657000, -200.2319254113394300 ) ) ;
#6498 = CARTESIAN_POINT ( 'NONE',  ( 1950.240623403478400, 428.5062650410549200, -563.0747848263387100 ) ) ;
#6499 = ORIENTED_EDGE ( 'NONE', *, *, #4859, .T. ) ;
#6500 = CARTESIAN_POINT ( 'NONE',  ( 2621.764230157105900, 361.9171673357834000, -190.1511092405969000 ) ) ;
#6501 = CARTESIAN_POINT ( 'NONE',  ( 3039.080174942493200, 156.5014556549390900, 141.1883873579100700 ) ) ;
#6502 = CARTESIAN_POINT ( 'NONE',  ( 2210.110948779869400, 22.38214300885066500, -299.1266355311905700 ) ) ;
#6503 = CARTESIAN_POINT ( 'NONE',  ( 1643.114117048515000, 535.2133566838015200, 162.1836988372108100 ) ) ;
#6504 = ORIENTED_EDGE ( 'NONE', *, *, #4841, .F. ) ;
#6505 = CARTESIAN_POINT ( 'NONE',  ( 1169.894805205858800, 422.6213295586341000, 41.12362249146293200 ) ) ;
#6506 = CARTESIAN_POINT ( 'NONE',  ( 1326.928952560284900, -156.3896229964239000, -731.8590624853121700 ) ) ;
#6507 = CARTESIAN_POINT ( 'NONE',  ( 2112.914644002866200, 234.6855344421735800, -110.3009243680191500 ) ) ;
#6508 = CARTESIAN_POINT ( 'NONE',  ( 1634.738391249849900, -252.5439106327094100, 341.3526414264071600 ) ) ;
#6509 = CARTESIAN_POINT ( 'NONE',  ( 2767.923589806187000, 292.7435258118071000, -65.41369188486878300 ) ) ;
#6510 = CARTESIAN_POINT ( 'NONE',  ( 2889.112448862410900, 438.1918011098359200, 101.2477264656022600 ) ) ;
#6511 = CARTESIAN_POINT ( 'NONE',  ( 1200.808544339857500, 334.4896195230453500, 477.2045302910434500 ) ) ;
#6512 = CARTESIAN_POINT ( 'NONE',  ( 1334.579267191226800, 162.2133912608555600, 428.9275520613784900 ) ) ;
#6513 = CARTESIAN_POINT ( 'NONE',  ( 1216.378974091563800, 403.0297565761927100, -133.6678469861857100 ) ) ;
#6514 = CARTESIAN_POINT ( 'NONE',  ( -218.9543979933612000, 234.0107239389012600, -126.9305247898555500 ) ) ;
#6515 = CARTESIAN_POINT ( 'NONE',  ( 741.6473959814425100, -619.8559869023577000, -341.2476676738382900 ) ) ;
#6516 = CARTESIAN_POINT ( 'NONE',  ( 2156.920201199609900, -349.1606599853435600, -212.6698724672440300 ) ) ;
#6517 = CARTESIAN_POINT ( 'NONE',  ( -119.5421438976939500, 23.92177212726273800, -118.8741393520527700 ) ) ;
#6518 = CARTESIAN_POINT ( 'NONE',  ( 2554.538132389345700, 706.2541522559010900, -43.31737201190018300 ) ) ;
#6519 = CARTESIAN_POINT ( 'NONE',  ( 1761.803273519443100, 237.1283356233762700, 333.0340267226723700 ) ) ;
#6520 = CARTESIAN_POINT ( 'NONE',  ( 3176.166861843478700, 10.62775642873351800, -98.86981916180603500 ) ) ;
#6521 = CARTESIAN_POINT ( 'NONE',  ( 1898.778372228146700, -233.0365863321169400, -508.3814404541441800 ) ) ;
#6522 = CARTESIAN_POINT ( 'NONE',  ( 2169.308499944308100, -361.7615035966590000, -222.3258304501967500 ) ) ;
#6523 = CARTESIAN_POINT ( 'NONE',  ( 1629.078633936744600, -162.5815829000341600, 730.5089847721835700 ) ) ;
#6524 = CARTESIAN_POINT ( 'NONE',  ( 286.6914343002495100, -72.10246702905189400, 418.4511018544502600 ) ) ;
#6525 = CARTESIAN_POINT ( 'NONE',  ( 1624.828815765561600, -180.6471220746599900, -186.0382656598040100 ) ) ;
#6526 = CARTESIAN_POINT ( 'NONE',  ( 705.0507511810458300, -181.9976443530377400, -383.6365224336197500 ) ) ;
#6527 = CARTESIAN_POINT ( 'NONE',  ( 1427.548086308885800, 426.7504963624126000, 167.8580681004235700 ) ) ;
#6528 = CARTESIAN_POINT ( 'NONE',  ( 2796.143725813848100, 219.2520083442269900, 392.6726627584334900 ) ) ;
#6529 = CARTESIAN_POINT ( 'NONE',  ( 1061.355435237922400, -348.1958377790681400, 467.2976757908674600 ) ) ;
#6530 = CARTESIAN_POINT ( 'NONE',  ( 2031.844875204107400, 151.6380646442093800, 432.7792173552078300 ) ) ;
#6531 = CARTESIAN_POINT ( 'NONE',  ( 1448.801046349031100, -314.9553174178816400, -284.7860491532835600 ) ) ;
#6532 = CARTESIAN_POINT ( 'NONE',  ( 61.94123650696375400, 307.5495431085587400, -411.8157571950199000 ) ) ;
#6533 = CARTESIAN_POINT ( 'NONE',  ( 2548.855283746977900, 84.21754351159727000, 576.6412303872565400 ) ) ;
#6534 = CARTESIAN_POINT ( 'NONE',  ( 2691.490778152359300, 181.9282168362507500, -366.1195683191027700 ) ) ;
#6535 = CARTESIAN_POINT ( 'NONE',  ( -61.94123650696379000, 119.9427753087445900, -194.6341534985648100 ) ) ;
#6536 = CARTESIAN_POINT ( 'NONE',  ( 1438.913166136086100, -611.2948005977918900, -356.3567333585960500 ) ) ;
#6537 = CARTESIAN_POINT ( 'NONE',  ( 2249.889268004541900, -392.0596438645259800, 115.8909414631016700 ) ) ;
#6538 = CARTESIAN_POINT ( 'NONE',  ( 3138.948667581742900, -17.68167174820001400, 103.2309594460835700 ) ) ;
#6539 = CARTESIAN_POINT ( 'NONE',  ( 783.1533413449739100, -88.67882874935297400, 552.1718148648846000 ) ) ;
#6540 =( BOUNDED_CURVE ( )  B_SPLINE_CURVE ( 3, ( #5522, #6015, #2484, #460 ),
 .UNSPECIFIED., .F., .T. ) 
 B_SPLINE_CURVE_WITH_KNOTS ( ( 4, 4 ),
 ( 0.4999999999999981100, 1.000000000000000000 ),
 .UNSPECIFIED. ) 
 CURVE ( )  GEOMETRIC_REPRESENTATION_ITEM ( )  RATIONAL_B_SPLINE_CURVE ( ( 1.000000000000002700, 0.3333333333333334300, 0.3333333333333309300, 1.000000000000000200 ) ) 
 REPRESENTATION_ITEM ( '' )  );
#6541 = CARTESIAN_POINT ( 'NONE',  ( 294.3633310528659900, -551.4836570130934200, 188.3433350964155000 ) ) ;
#6542 = CARTESIAN_POINT ( 'NONE',  ( 2773.605583667111700, -67.94275007601241600, -419.1488574054469600 ) ) ;
#6543 = CARTESIAN_POINT ( 'NONE',  ( 1907.984890546921600, 565.7504198060343000, -489.9005839793443900 ) ) ;
#6544 = CARTESIAN_POINT ( 'NONE',  ( 402.9026067520941900, 325.2240922817134700, 273.0004391538153100 ) ) ;
#6545 = CARTESIAN_POINT ( 'NONE',  ( 881.0778618886246200, -95.70111016738407300, -241.0077526354117200 ) ) ;
#6546 = CARTESIAN_POINT ( 'NONE',  ( 1402.316320431299100, -172.5278744211943800, -387.9874841881657500 ) ) ;
#6547 = CARTESIAN_POINT ( 'NONE',  ( 1956.947026913619500, 504.3649266843755200, 322.3761499941147700 ) ) ;
#6548 = CARTESIAN_POINT ( 'NONE',  ( 1363.503606075067600, 511.1654902847333200, -279.8528142002843400 ) ) ;
#6549 = CARTESIAN_POINT ( 'NONE',  ( 2171.297999753065100, 458.5021523153591800, -8.229672728815748100 ) ) ;
#6550 = CARTESIAN_POINT ( 'NONE',  ( 1404.305826830909600, 382.7318376253488200, 252.6031615040304500 ) ) ;
#6551 = CARTESIAN_POINT ( 'NONE',  ( 164.7982181744723100, -120.2489684751221000, -274.3339878907482900 ) ) ;
#6552 = CARTESIAN_POINT ( 'NONE',  ( 3143.153993651900200, -19.39457614160229300, 122.7498009947357400 ) ) ;
#6553 = CARTESIAN_POINT ( 'NONE',  ( 3049.483930925893200, -168.7869732034041000, 215.7057930304644900 ) ) ;
#6554 = CARTESIAN_POINT ( 'NONE',  ( 253.5612709466024900, -121.0410323563882000, 697.1516276301607600 ) ) ;
#6555 = CARTESIAN_POINT ( 'NONE',  ( 137.3273198231093500, 20.80623662996847800, -258.5677330262469700 ) ) ;
#6556 = CARTESIAN_POINT ( 'NONE',  ( -120.3737338940627800, -196.1189432477591200, 96.93786875047041500 ) ) ;
#6557 = CARTESIAN_POINT ( 'NONE',  ( 1508.639735703463700, -704.1812800050605600, 69.28331670644995200 ) ) ;
#6558 = CARTESIAN_POINT ( 'NONE',  ( -74.32948380835657100, 72.84742819717213500, -398.3207102160999400 ) ) ;
#6559 = CARTESIAN_POINT ( 'NONE',  ( 2989.672596621866900, 128.2895541437059400, 158.6306239888733400 ) ) ;
#6560 = PRODUCT_RELATED_PRODUCT_CATEGORY ( 'part', '', ( #35 ) ) ;
#6561 = LINE ( 'NONE', #6567, #2767 ) ;
#6562 = CARTESIAN_POINT ( 'NONE',  ( 690.1843082892436300, -468.6847224205139900, 305.1083079155042700 ) ) ;
#6563 = CARTESIAN_POINT ( 'NONE',  ( 1154.323914582264700, 112.4103489101780300, 571.8143613684609400 ) ) ;
#6564 = CARTESIAN_POINT ( 'NONE',  ( 167.1617051190608300, -26.20256309934864400, -37.12516888973479500 ) ) ;
#6565 = CARTESIAN_POINT ( 'NONE',  ( 2913.058602738323300, -223.9190532165985700, 46.14064577414685400 ) ) ;
#6566 = CARTESIAN_POINT ( 'NONE',  ( 1652.320092262955500, -7.760716487764831600, 748.3416242525878500 ) ) ;
#6567 = CARTESIAN_POINT ( 'NONE',  ( 3187.478672477060200, -119.9999999999931600, -7.312776200936265200E-012 ) ) ;
#6568 = CARTESIAN_POINT ( 'NONE',  ( 3089.085812666163300, -251.0461197640831900, -57.01607069902351600 ) ) ;
#6569 = CARTESIAN_POINT ( 'NONE',  ( 2703.879034067257600, 190.4675125357092000, -379.5024259260121100 ) ) ;
#6570 = ORIENTED_EDGE ( 'NONE', *, *, #4169, .F. ) ;
ENDSEC;
END-ISO-10303-21;
