ISO-10303-21;
HEADER;
FILE_DESCRIPTION (( 'STEP AP214' ),
    '1' );
FILE_NAME ('discharge_piping.STEP',
    '2025-10-08T16:41:39',
    ( '' ),
    ( '' ),
    'SwSTEP 2.0',
    'SolidWorks 2015',
    '' );
FILE_SCHEMA (( 'AUTOMOTIVE_DESIGN' ));
ENDSEC;

DATA;
#1 = SURFACE_STYLE_FILL_AREA ( #3201 ) ;
#2 = FACE_OUTER_BOUND ( 'NONE', #4531, .T. ) ;
#3 = FILL_AREA_STYLE_COLOUR ( '', #4266 ) ;
#4 = CARTESIAN_POINT ( 'NONE',  ( -5462.763772755797600, 1498.440000000003700, -4663.746198629499300 ) ) ;
#5 = DIRECTION ( 'NONE',  ( -1.000000000000000000, 0.0000000000000000000, 0.0000000000000000000 ) ) ;
#6 = CYLINDRICAL_SURFACE ( 'NONE', #6731, 69.88000000000005200 ) ;
#7 =( LENGTH_UNIT ( ) NAMED_UNIT ( * ) SI_UNIT ( .MILLI., .METRE. ) );
#8 =( GEOMETRIC_REPRESENTATION_CONTEXT ( 3 ) GLOBAL_UNCERTAINTY_ASSIGNED_CONTEXT ( ( #518 ) ) GLOBAL_UNIT_ASSIGNED_CONTEXT ( ( #2477, #6204, #3498 ) ) REPRESENTATION_CONTEXT ( 'NONE', 'WORKASPACE' ) );
#9 = FILL_AREA_STYLE ('',( #2173 ) ) ;
#10 = CARTESIAN_POINT ( 'NONE',  ( 654.9258240356723500, 2009.999999999999800, -117.5000000000000400 ) ) ;
#11 = EDGE_LOOP ( 'NONE', ( #6047, #4120, #5939, #1000 ) ) ;
#12 = DIRECTION ( 'NONE',  ( 0.0000000000000000000, 0.0000000000000000000, -1.000000000000000000 ) ) ;
#13 = DIRECTION ( 'NONE',  ( 1.000000000000000000, -0.0000000000000000000, -0.0000000000000000000 ) ) ;
#14 = ORIENTED_EDGE ( 'NONE', *, *, #5217, .T. ) ;
#15 = DIRECTION ( 'NONE',  ( -0.0000000000000000000, 1.000000000000000000, -0.0000000000000000000 ) ) ;
#16 = AXIS2_PLACEMENT_3D ( 'NONE', #5564, #771, #4518 ) ;
#17 = ADVANCED_FACE ( 'NONE', ( #1750 ), #2923, .F. ) ;
#18 = UNCERTAINTY_MEASURE_WITH_UNIT (LENGTH_MEASURE( 1.000000000000000100E-005 ), #2500, 'distance_accuracy_value', 'NONE');
#19 = SURFACE_STYLE_USAGE ( .BOTH. , #5882 ) ;
#20 = DIRECTION ( 'NONE',  ( 0.0000000000000000000, 0.0000000000000000000, -1.000000000000000000 ) ) ;
#21 = PRODUCT_DEFINITION_CONTEXT ( 'detailed design', #6868, 'design' ) ;
#22 = ORIENTED_EDGE ( 'NONE', *, *, #257, .F. ) ;
#23 = STYLED_ITEM ( 'NONE', ( #5802 ), #1642 ) ;
#24 =( NAMED_UNIT ( * ) PLANE_ANGLE_UNIT ( ) SI_UNIT ( $, .RADIAN. ) );
#25 = CARTESIAN_POINT ( 'NONE',  ( 2555.377300840641500, 0.0000000000000000000, 0.0000000000000000000 ) ) ;
#26 = VECTOR ( 'NONE', #1914, 1000.000000000000000 ) ;
#27 = CARTESIAN_POINT ( 'NONE',  ( -513.3999999999999800, 0.0000000000000000000, 0.0000000000000000000 ) ) ;
#28 = EDGE_CURVE ( 'NONE', #5955, #2143, #4357, .T. ) ;
#29 = VERTEX_POINT ( 'NONE', #1555 ) ;
#30 = UNCERTAINTY_MEASURE_WITH_UNIT (LENGTH_MEASURE( 1.000000000000000100E-005 ), #115, 'distance_accuracy_value', 'NONE');
#31 = CARTESIAN_POINT ( 'NONE',  ( -350.0009999999998600, -497.3586457683634300, 11.85864576836348400 ) ) ;
#32 = CARTESIAN_POINT ( 'NONE',  ( 2776.284529037261600, 466.3126310803730200, 173.3844449322595300 ) ) ;
#33 = PRESENTATION_LAYER_ASSIGNMENT (  '', '', ( #265 ) ) ;
#34 = CARTESIAN_POINT ( 'NONE',  ( 2823.000000000000000, 497.5000000000000000, -154.5000000000000300 ) ) ;
#35 = DIRECTION ( 'NONE',  ( 0.0000000000000000000, 0.0000000000000000000, -1.000000000000000000 ) ) ;
#36 = EDGE_LOOP ( 'NONE', ( #4712, #5442 ) ) ;
#37 = AXIS2_PLACEMENT_3D ( 'NONE', #5632, #2502, #5704 ) ;
#38 = AXIS2_PLACEMENT_3D ( 'NONE', #642, #1297, #828 ) ;
#39 = EDGE_LOOP ( 'NONE', ( #1183, #3362, #4450, #482 ) ) ;
#40 =( BOUNDED_SURFACE ( )  B_SPLINE_SURFACE ( 3, 3, ( 
 ( #1977, #4704, #5714, #5785 ),
 ( #2509, #3096, #5270, #393 ),
 ( #912, #3053, #1461, #4157 ),
 ( #4678, #370, #5191, #5218 ) ),
 .UNSPECIFIED., .F., .F., .F. ) 
 B_SPLINE_SURFACE_WITH_KNOTS ( ( 4, 4 ),
 ( 4, 4 ),
 ( 0.0000000000000000000, 1.000000000000000000 ),
 ( 0.0000000000000000000, 1.000000000000000000 ),
 .UNSPECIFIED. ) 
 GEOMETRIC_REPRESENTATION_ITEM ( )  RATIONAL_B_SPLINE_SURFACE ( (
 ( 1.000000000000000000, 0.9619272861606544800, 0.9619272861606544800, 1.000000000000000000),
 ( 0.8504055710339720700, 0.8180283230806104600, 0.8180283230806104600, 0.8504055710339720700),
 ( 0.8504055710339720700, 0.8180283230806104600, 0.8180283230806104600, 0.8504055710339720700),
 ( 1.000000000000000000, 0.9619272861606544800, 0.9619272861606544800, 1.000000000000000000) ) ) 
 REPRESENTATION_ITEM ( '' )  SURFACE ( )  );
#41 = ORIENTED_EDGE ( 'NONE', *, *, #2235, .T. ) ;
#42 =( GEOMETRIC_REPRESENTATION_CONTEXT ( 3 ) GLOBAL_UNCERTAINTY_ASSIGNED_CONTEXT ( ( #4468 ) ) GLOBAL_UNIT_ASSIGNED_CONTEXT ( ( #2223, #1135, #5391 ) ) REPRESENTATION_CONTEXT ( 'NONE', 'WORKASPACE' ) );
#43 = DIRECTION ( 'NONE',  ( 0.0000000000000000000, 0.0000000000000000000, 1.000000000000000000 ) ) ;
#44 = MECHANICAL_DESIGN_GEOMETRIC_PRESENTATION_REPRESENTATION (  '', ( #3887 ), #4493 ) ;
#45 = FILL_AREA_STYLE ('',( #3 ) ) ;
#46 = SURFACE_SIDE_STYLE ('',( #4280 ) ) ;
#47 = SURFACE_STYLE_USAGE ( .BOTH. , #5387 ) ;
#48 = EDGE_CURVE ( 'NONE', #1490, #2873, #3253, .T. ) ;
#49 = DIRECTION ( 'NONE',  ( 0.0000000000000000000, 1.000000000000000000, 0.0000000000000000000 ) ) ;
#50 = FACE_OUTER_BOUND ( 'NONE', #4099, .T. ) ;
#51 = SURFACE_STYLE_FILL_AREA ( #4400 ) ;
#52 =( GEOMETRIC_REPRESENTATION_CONTEXT ( 3 ) GLOBAL_UNCERTAINTY_ASSIGNED_CONTEXT ( ( #1501 ) ) GLOBAL_UNIT_ASSIGNED_CONTEXT ( ( #2648, #634, #1217 ) ) REPRESENTATION_CONTEXT ( 'NONE', 'WORKASPACE' ) );
#53 = SURFACE_STYLE_USAGE ( .BOTH. , #1712 ) ;
#54 = VERTEX_POINT ( 'NONE', #445 ) ;
#55 = ADVANCED_FACE ( 'NONE', ( #6600 ), #1028, .F. ) ;
#56 = AXIS2_PLACEMENT_3D ( 'NONE', #1909, #5691, #4588 ) ;
#57 = SURFACE_STYLE_USAGE ( .BOTH. , #3920 ) ;
#58 = CARTESIAN_POINT ( 'NONE',  ( 2720.712150057766400, 475.1357059252517800, 147.4964933230836000 ) ) ;
#59 = CIRCLE ( 'NONE', #6081, 154.5000000000000300 ) ;
#60 = LINE ( 'NONE', #5278, #1152 ) ;
#61 = VERTEX_POINT ( 'NONE', #5828 ) ;
#62 = CIRCLE ( 'NONE', #318, 63.50000000000001400 ) ;
#63 = PRESENTATION_STYLE_ASSIGNMENT (( #4194 ) ) ;
#64 = MECHANICAL_DESIGN_GEOMETRIC_PRESENTATION_REPRESENTATION (  '', ( #4649 ), #4391 ) ;
#65 = ORIENTED_EDGE ( 'NONE', *, *, #1660, .F. ) ;
#66 = FILL_AREA_STYLE_COLOUR ( '', #952 ) ;
#67 = DIRECTION ( 'NONE',  ( 0.0000000000000000000, 0.0000000000000000000, -1.000000000000000000 ) ) ;
#68 = EDGE_CURVE ( 'NONE', #5126, #753, #3639, .T. ) ;
#69 = SURFACE_SIDE_STYLE ('',( #391 ) ) ;
#70 = CARTESIAN_POINT ( 'NONE',  ( -3761.960000000000500, -1694.046727750439200, -3578.880000000000100 ) ) ;
#71 = CARTESIAN_POINT ( 'NONE',  ( -772.9600000000003800, -1541.999999999999500, -3093.119999999999400 ) ) ;
#72 = PRESENTATION_STYLE_ASSIGNMENT (( #903 ) ) ;
#73 = VERTEX_POINT ( 'NONE', #1525 ) ;
#74 = ORIENTED_EDGE ( 'NONE', *, *, #2951, .T. ) ;
#75 = CARTESIAN_POINT ( 'NONE',  ( 1924.579591586715400, -485.4999999999999400, 7.671968796909604500E-014 ) ) ;
#76 = CARTESIAN_POINT ( 'NONE',  ( 917.9999999999998900, 424.0008287708115500, -164.4999999999999400 ) ) ;
#77 = STYLED_ITEM ( 'NONE', ( #2534 ), #5870 ) ;
#78 = CARTESIAN_POINT ( 'NONE',  ( 52.58022456961536100, 0.0000000000000000000, 136.0000000000000600 ) ) ;
#79 = EDGE_CURVE ( 'NONE', #5721, #1866, #5634, .T. ) ;
#80 = SURFACE_STYLE_USAGE ( .BOTH. , #2277 ) ;
#81 = VERTEX_POINT ( 'NONE', #5928 ) ;
#82 = PRESENTATION_LAYER_ASSIGNMENT (  '', '', ( #6529 ) ) ;
#83 = CIRCLE ( 'NONE', #2135, 121.4400000000002800 ) ;
#84 = CARTESIAN_POINT ( 'NONE',  ( 47.41465111042758500, -367.3934380223627700, 4.499271979018281700E-014 ) ) ;
#85 = CIRCLE ( 'NONE', #98, 74.99999999999995700 ) ;
#86 = SURFACE_STYLE_FILL_AREA ( #5362 ) ;
#87 =( LENGTH_UNIT ( ) NAMED_UNIT ( * ) SI_UNIT ( .MILLI., .METRE. ) );
#88 = CARTESIAN_POINT ( 'NONE',  ( 3488.999999999999500, 497.4999999999998300, -995.0000000000001100 ) ) ;
#89 = AXIS2_PLACEMENT_3D ( 'NONE', #650, #1639, #5377 ) ;
#90 = ORIENTED_EDGE ( 'NONE', *, *, #3733, .T. ) ;
#91 = SURFACE_STYLE_USAGE ( .BOTH. , #3351 ) ;
#92 = STYLED_ITEM ( 'NONE', ( #6869 ), #6436 ) ;
#93 = FACE_OUTER_BOUND ( 'NONE', #760, .T. ) ;
#94 = CARTESIAN_POINT ( 'NONE',  ( 3086.074175964326100, 2009.999999999999800, -117.4999999999986100 ) ) ;
#95 = CARTESIAN_POINT ( 'NONE',  ( 248.0000000000000300, -497.5000000000000600, 6.092617825758082500E-014 ) ) ;
#96 = ORIENTED_EDGE ( 'NONE', *, *, #1936, .F. ) ;
#97 =( NAMED_UNIT ( * ) PLANE_ANGLE_UNIT ( ) SI_UNIT ( $, .RADIAN. ) );
#98 = AXIS2_PLACEMENT_3D ( 'NONE', #2474, #6202, #3007 ) ;
#99 = CARTESIAN_POINT ( 'NONE',  ( 552.9999999999997700, 1939.999999999999800, 496.0000000000000000 ) ) ;
#100 = DIRECTION ( 'NONE',  ( 0.0000000000000000000, -0.0000000000000000000, 1.000000000000000000 ) ) ;
#101 = CIRCLE ( 'NONE', #174, 156.4400000000000500 ) ;
#102 = SURFACE_SIDE_STYLE ('',( #1413 ) ) ;
#103 = VERTEX_POINT ( 'NONE', #1132 ) ;
#104 = DIRECTION ( 'NONE',  ( -0.0000000000000000000, -1.000000000000000000, -0.0000000000000000000 ) ) ;
#105 = CARTESIAN_POINT ( 'NONE',  ( 2959.845988349804000, 483.7589767875026000, 116.1241105401626000 ) ) ;
#106 = CARTESIAN_POINT ( 'NONE',  ( 2817.018422434072800, 464.0008287708116100, 179.4699999999999700 ) ) ;
#107 = ORIENTED_EDGE ( 'NONE', *, *, #6084, .T. ) ;
#108 =( LENGTH_UNIT ( ) NAMED_UNIT ( * ) SI_UNIT ( .MILLI., .METRE. ) );
#109 = ORIENTED_EDGE ( 'NONE', *, *, #1348, .F. ) ;
#110 =( GEOMETRIC_REPRESENTATION_CONTEXT ( 3 ) GLOBAL_UNCERTAINTY_ASSIGNED_CONTEXT ( ( #2332 ) ) GLOBAL_UNIT_ASSIGNED_CONTEXT ( ( #4472, #3992, #5585 ) ) REPRESENTATION_CONTEXT ( 'NONE', 'WORKASPACE' ) );
#111 = UNCERTAINTY_MEASURE_WITH_UNIT (LENGTH_MEASURE( 1.000000000000000100E-005 ), #1800, 'distance_accuracy_value', 'NONE');
#112 = COLOUR_RGB ( '',0.7921568627450980000, 0.8196078431372548800, 0.9333333333333333500 ) ;
#113 = EDGE_CURVE ( 'NONE', #3281, #54, #793, .T. ) ;
#114 = EDGE_LOOP ( 'NONE', ( #5817, #2159 ) ) ;
#115 =( LENGTH_UNIT ( ) NAMED_UNIT ( * ) SI_UNIT ( .MILLI., .METRE. ) );
#116 =( LENGTH_UNIT ( ) NAMED_UNIT ( * ) SI_UNIT ( .MILLI., .METRE. ) );
#117 =( LENGTH_UNIT ( ) NAMED_UNIT ( * ) SI_UNIT ( .MILLI., .METRE. ) );
#118 =( LENGTH_UNIT ( ) NAMED_UNIT ( * ) SI_UNIT ( .MILLI., .METRE. ) );
#119 = PLANE ( 'NONE',  #2670 ) ;
#120 = FILL_AREA_STYLE ('',( #3330 ) ) ;
#121 = DIRECTION ( 'NONE',  ( -0.6434991012582377300, -1.828430541214021600E-014, 0.7654468673133624200 ) ) ;
#122 = FILL_AREA_STYLE ('',( #1780 ) ) ;
#123 = SURFACE_STYLE_USAGE ( .BOTH. , #3336 ) ;
#124 = EDGE_CURVE ( 'NONE', #5421, #1941, #3908, .T. ) ;
#125 =( GEOMETRIC_REPRESENTATION_CONTEXT ( 3 ) GLOBAL_UNCERTAINTY_ASSIGNED_CONTEXT ( ( #3475 ) ) GLOBAL_UNIT_ASSIGNED_CONTEXT ( ( #5034, #5546, #1263 ) ) REPRESENTATION_CONTEXT ( 'NONE', 'WORKASPACE' ) );
#126 = EDGE_LOOP ( 'NONE', ( #3466, #1618, #1764, #6596, #6214, #6630, #285 ) ) ;
#127 = CARTESIAN_POINT ( 'NONE',  ( 2918.174943727905400, 473.6549023120850300, 152.1835105369348200 ) ) ;
#128 = CARTESIAN_POINT ( 'NONE',  ( 2764.980879696365300, 467.6120539777419900, 169.8395278652591000 ) ) ;
#129 = AXIS2_PLACEMENT_3D ( 'NONE', #5153, #6158, #3571 ) ;
#130 = LINE ( 'NONE', #1030, #4910 ) ;
#131 = CARTESIAN_POINT ( 'NONE',  ( 654.9258240356724600, 1869.999999999999800, 496.0000000000000000 ) ) ;
#132 = AXIS2_PLACEMENT_3D ( 'NONE', #3489, #316, #4611 ) ;
#133 =( LENGTH_UNIT ( ) NAMED_UNIT ( * ) SI_UNIT ( .MILLI., .METRE. ) );
#134 = CIRCLE ( 'NONE', #129, 48.59000000000003200 ) ;
#135 =( LENGTH_UNIT ( ) NAMED_UNIT ( * ) SI_UNIT ( .MILLI., .METRE. ) );
#136 = CARTESIAN_POINT ( 'NONE',  ( 2823.000000000000000, 424.0008287708115500, 0.0000000000000000000 ) ) ;
#137 = CARTESIAN_POINT ( 'NONE',  ( 917.9999999999998900, 410.0008287708115500, 71.49999999999998600 ) ) ;
#138 =( GEOMETRIC_REPRESENTATION_CONTEXT ( 3 ) GLOBAL_UNCERTAINTY_ASSIGNED_CONTEXT ( ( #1240 ) ) GLOBAL_UNIT_ASSIGNED_CONTEXT ( ( #4094, #2989, #3548 ) ) REPRESENTATION_CONTEXT ( 'NONE', 'WORKASPACE' ) );
#139 =( NAMED_UNIT ( * ) SI_UNIT ( $, .STERADIAN. ) SOLID_ANGLE_UNIT ( ) );
#140 = SURFACE_STYLE_FILL_AREA ( #1103 ) ;
#141 = EDGE_LOOP ( 'NONE', ( #1165, #1515 ) ) ;
#142 = CARTESIAN_POINT ( 'NONE',  ( 2047.270788943147400, -502.4321677444218000, 394.0122959794571800 ) ) ;
#143 = COLOUR_RGB ( '',0.7921568627450980000, 0.8196078431372548800, 0.9333333333333333500 ) ;
#144 = CIRCLE ( 'NONE', #6878, 57.14999999999999900 ) ;
#145 = SURFACE_SIDE_STYLE ('',( #882 ) ) ;
#146 = ORIENTED_EDGE ( 'NONE', *, *, #1268, .F. ) ;
#147 = DIRECTION ( 'NONE',  ( 1.000000000000000000, -2.220446049250311100E-015, -0.0000000000000000000 ) ) ;
#148 = CARTESIAN_POINT ( 'NONE',  ( 2700.192364128183300, 479.9611423342162200, -131.0027203778488700 ) ) ;
#149 = PRESENTATION_STYLE_ASSIGNMENT (( #284 ) ) ;
#150 = DIRECTION ( 'NONE',  ( -1.000000000000000000, -0.0000000000000000000, -0.0000000000000000000 ) ) ;
#151 = DIRECTION ( 'NONE',  ( 1.000000000000000000, 0.0000000000000000000, -0.0000000000000000000 ) ) ;
#152 = CARTESIAN_POINT ( 'NONE',  ( 3590.709194396763500, 497.5000000000001100, -1.218523565151616000E-013 ) ) ;
#153 = ORIENTED_EDGE ( 'NONE', *, *, #1993, .F. ) ;
#154 = ORIENTED_EDGE ( 'NONE', *, *, #5773, .T. ) ;
#155 = CARTESIAN_POINT ( 'NONE',  ( 12.58022456961535700, 156.4400000000000500, 312.8800000000000500 ) ) ;
#156 = AXIS2_PLACEMENT_3D ( 'NONE', #6732, #2228, #67 ) ;
#157 =( NAMED_UNIT ( * ) PLANE_ANGLE_UNIT ( ) SI_UNIT ( $, .RADIAN. ) );
#158 = ORIENTED_EDGE ( 'NONE', *, *, #3580, .T. ) ;
#159 = VERTEX_POINT ( 'NONE', #10 ) ;
#160 = EDGE_CURVE ( 'NONE', #5859, #1067, #2401, .T. ) ;
#161 = CARTESIAN_POINT ( 'NONE',  ( 248.0000000000000900, 497.4999999999998900, -995.0000000000003400 ) ) ;
#162 = CARTESIAN_POINT ( 'NONE',  ( -3634.151070719863600, 1290.322537721263600, -3443.765204276268400 ) ) ;
#163 = FACE_OUTER_BOUND ( 'NONE', #6347, .T. ) ;
#164 = LINE ( 'NONE', #2423, #2190 ) ;
#165 = CARTESIAN_POINT ( 'NONE',  ( -350.0000000000000600, 0.0000000000000000000, 0.0000000000000000000 ) ) ;
#166 = CARTESIAN_POINT ( 'NONE',  ( 1002.055522721591300, 1940.000000000000200, 117.4999999999999100 ) ) ;
#167 = ORIENTED_EDGE ( 'NONE', *, *, #1391, .T. ) ;
#168 = SURFACE_SIDE_STYLE ('',( #2978 ) ) ;
#169 = COLOUR_RGB ( '',0.7921568627450980000, 0.8196078431372548800, 0.9333333333333333500 ) ;
#170 = CIRCLE ( 'NONE', #1378, 121.4399999999997700 ) ;
#171 = AXIS2_PLACEMENT_3D ( 'NONE', #822, #321, #5100 ) ;
#172 = CARTESIAN_POINT ( 'NONE',  ( 2956.954835049181400, 482.9490357249677000, 119.4476128548345900 ) ) ;
#173 = CARTESIAN_POINT ( 'NONE',  ( 2643.834563522664700, 497.3899117537554800, 11.99423519587271900 ) ) ;
#174 = AXIS2_PLACEMENT_3D ( 'NONE', #928, #953, #5753 ) ;
#175 = ORIENTED_EDGE ( 'NONE', *, *, #6788, .T. ) ;
#176 = CARTESIAN_POINT ( 'NONE',  ( 621.9075902800988200, 58.71582055518406700, -494.0233960596982000 ) ) ;
#177 = LINE ( 'NONE', #255, #5127 ) ;
#178 =( NAMED_UNIT ( * ) SI_UNIT ( $, .STERADIAN. ) SOLID_ANGLE_UNIT ( ) );
#179 = CARTESIAN_POINT ( 'NONE',  ( 651.6195699838951900, -18.21263636676076900, -497.1867360696616100 ) ) ;
#180 = SURFACE_SIDE_STYLE ('',( #5019 ) ) ;
#181 = UNCERTAINTY_MEASURE_WITH_UNIT (LENGTH_MEASURE( 1.000000000000000100E-005 ), #3292, 'distance_accuracy_value', 'NONE');
#182 = AXIS2_PLACEMENT_3D ( 'NONE', #2807, #3934, #3523 ) ;
#183 = CARTESIAN_POINT ( 'NONE',  ( 47.41465111042757700, 367.3934380223627700, 734.7868760447254300 ) ) ;
#184 = ORIENTED_EDGE ( 'NONE', *, *, #2365, .F. ) ;
#185 = CARTESIAN_POINT ( 'NONE',  ( 2823.000000000000000, 410.0008287708115500, 71.49999999999998600 ) ) ;
#186 =( GEOMETRIC_REPRESENTATION_CONTEXT ( 3 ) GLOBAL_UNCERTAINTY_ASSIGNED_CONTEXT ( ( #2231 ) ) GLOBAL_UNIT_ASSIGNED_CONTEXT ( ( #5522, #1216, #2287 ) ) REPRESENTATION_CONTEXT ( 'NONE', 'WORKASPACE' ) );
#187 = SURFACE_STYLE_FILL_AREA ( #2924 ) ;
#188 = FILL_AREA_STYLE_COLOUR ( '', #1106 ) ;
#189 = DIRECTION ( 'NONE',  ( 0.0000000000000000000, 0.0000000000000000000, -1.000000000000000000 ) ) ;
#190 = EDGE_CURVE ( 'NONE', #54, #6325, #6180, .T. ) ;
#191 = DIRECTION ( 'NONE',  ( 0.0000000000000000000, 1.000000000000000000, 0.0000000000000000000 ) ) ;
#192 = DIRECTION ( 'NONE',  ( 0.0000000000000000000, 0.0000000000000000000, 1.000000000000000000 ) ) ;
#193 = CARTESIAN_POINT ( 'NONE',  ( 2555.377300840641500, 0.0000000000000000000, 0.0000000000000000000 ) ) ;
#194 = MECHANICAL_DESIGN_GEOMETRIC_PRESENTATION_REPRESENTATION (  '', ( #4769 ), #6291 ) ;
#195 = DIRECTION ( 'NONE',  ( 0.0000000000000000000, 0.0000000000000000000, 1.000000000000000000 ) ) ;
#196 =( NAMED_UNIT ( * ) PLANE_ANGLE_UNIT ( ) SI_UNIT ( $, .RADIAN. ) );
#197 = ORIENTED_EDGE ( 'NONE', *, *, #546, .F. ) ;
#198 = CARTESIAN_POINT ( 'NONE',  ( 2855.612641096700400, 465.1432134201615400, 176.4882929777780900 ) ) ;
#199 = CARTESIAN_POINT ( 'NONE',  ( 2643.596347163356300, 497.4760514562219100, -5.713205971321898800 ) ) ;
#200 = ORIENTED_EDGE ( 'NONE', *, *, #2591, .T. ) ;
#201 = STYLED_ITEM ( 'NONE', ( #742 ), #1077 ) ;
#202 = CARTESIAN_POINT ( 'NONE',  ( -3502.399999999999600, -2044.439999999999800, -3093.119999999999400 ) ) ;
#203 = EDGE_CURVE ( 'NONE', #61, #2133, #2031, .T. ) ;
#204 = CARTESIAN_POINT ( 'NONE',  ( 12.58022456961535700, -156.4400000000000300, 312.8800000000000500 ) ) ;
#205 = CARTESIAN_POINT ( 'NONE',  ( 917.9999999999998900, 410.0008287708115500, -71.49999999999998600 ) ) ;
#206 =( LENGTH_UNIT ( ) NAMED_UNIT ( * ) SI_UNIT ( .MILLI., .METRE. ) );
#207 = CARTESIAN_POINT ( 'NONE',  ( -4175.035256446391000, 1377.000000000002500, -3581.173157579389200 ) ) ;
#208 =( NAMED_UNIT ( * ) SI_UNIT ( $, .STERADIAN. ) SOLID_ANGLE_UNIT ( ) );
#209 = SURFACE_STYLE_USAGE ( .BOTH. , #3982 ) ;
#210 =( NAMED_UNIT ( * ) SI_UNIT ( $, .STERADIAN. ) SOLID_ANGLE_UNIT ( ) );
#211 = ORIENTED_EDGE ( 'NONE', *, *, #3947, .F. ) ;
#212 = ORIENTED_EDGE ( 'NONE', *, *, #1844, .T. ) ;
#213 = EDGE_CURVE ( 'NONE', #1067, #61, #6614, .T. ) ;
#214 = CARTESIAN_POINT ( 'NONE',  ( 917.9999999999998900, 1600.000000000000000, -144.4699999999998000 ) ) ;
#215 = AXIS2_PLACEMENT_3D ( 'NONE', #3377, #1796, #1817 ) ;
#216 = LINE ( 'NONE', #628, #6653 ) ;
#217 = CARTESIAN_POINT ( 'NONE',  ( 917.9999999999998900, 410.0008287708115500, 71.49999999999998600 ) ) ;
#218 = CARTESIAN_POINT ( 'NONE',  ( 2691.998899774794200, 482.1353275364771800, -122.7061092157674800 ) ) ;
#219 = PRESENTATION_LAYER_ASSIGNMENT (  '', '', ( #4757 ) ) ;
#220 = CARTESIAN_POINT ( 'NONE',  ( 917.9999999999998900, 424.0008287708115500, 0.0000000000000000000 ) ) ;
#221 = PRESENTATION_STYLE_ASSIGNMENT (( #2293 ) ) ;
#222 = ORIENTED_EDGE ( 'NONE', *, *, #3428, .T. ) ;
#223 = AXIS2_PLACEMENT_3D ( 'NONE', #4262, #4306, #3812 ) ;
#224 = DIRECTION ( 'NONE',  ( -1.000000000000000000, 0.0000000000000000000, -0.0000000000000000000 ) ) ;
#225 = FILL_AREA_STYLE_COLOUR ( '', #1698 ) ;
#226 = PRESENTATION_LAYER_ASSIGNMENT (  '', '', ( #6808 ) ) ;
#227 = EDGE_LOOP ( 'NONE', ( #5335, #2210 ) ) ;
#228 = SURFACE_SIDE_STYLE ('',( #2630 ) ) ;
#229 = CARTESIAN_POINT ( 'NONE',  ( 864.2093200405197400, 467.1062290305252400, 171.2256768244191100 ) ) ;
#230 =( GEOMETRIC_REPRESENTATION_CONTEXT ( 3 ) GLOBAL_UNCERTAINTY_ASSIGNED_CONTEXT ( ( #4979 ) ) GLOBAL_UNIT_ASSIGNED_CONTEXT ( ( #117, #6470, #3902 ) ) REPRESENTATION_CONTEXT ( 'NONE', 'WORKASPACE' ) );
#231 =( NAMED_UNIT ( * ) PLANE_ANGLE_UNIT ( ) SI_UNIT ( $, .RADIAN. ) );
#232 = CIRCLE ( 'NONE', #3927, 63.50000000000001400 ) ;
#233 = CARTESIAN_POINT ( 'NONE',  ( 584.0000000000000000, 0.0000000000000000000, -782.0000000000000000 ) ) ;
#234 = CARTESIAN_POINT ( 'NONE',  ( 52.58022456961544600, 0.0000000000000000000, 0.0000000000000000000 ) ) ;
#235 = DIRECTION ( 'NONE',  ( -1.000000000000000000, 0.0000000000000000000, 0.0000000000000000000 ) ) ;
#236 = LINE ( 'NONE', #1862, #4841 ) ;
#237 = ORIENTED_EDGE ( 'NONE', *, *, #5408, .T. ) ;
#238 = CARTESIAN_POINT ( 'NONE',  ( 12.58022456961535500, 156.4400000000000500, -3.831674905172239700E-014 ) ) ;
#239 =( NAMED_UNIT ( * ) SI_UNIT ( $, .STERADIAN. ) SOLID_ANGLE_UNIT ( ) );
#240 = VECTOR ( 'NONE', #5954, 1000.000000000000000 ) ;
#241 = PRESENTATION_LAYER_ASSIGNMENT (  '', '', ( #3244 ) ) ;
#242 = CARTESIAN_POINT ( 'NONE',  ( 1218.000000000000000, 2009.999999999999800, -117.5000000000000100 ) ) ;
#243 = CARTESIAN_POINT ( 'NONE',  ( 2660.255033834258000, 491.7136747466575500, -75.66850121473952100 ) ) ;
#244 = EDGE_LOOP ( 'NONE', ( #74, #4221 ) ) ;
#245 = ORIENTED_EDGE ( 'NONE', *, *, #3419, .T. ) ;
#246 = CARTESIAN_POINT ( 'NONE',  ( 606.5391109948644700, 66.18484853868321200, -493.0783585500453800 ) ) ;
#247 = COLOUR_RGB ( '',0.7921568627450980000, 0.8196078431372548800, 0.9333333333333333500 ) ;
#248 = EDGE_CURVE ( 'NONE', #315, #5626, #4621, .T. ) ;
#249 = UNCERTAINTY_MEASURE_WITH_UNIT (LENGTH_MEASURE( 1.000000000000000100E-005 ), #4461, 'distance_accuracy_value', 'NONE');
#250 = CARTESIAN_POINT ( 'NONE',  ( -3502.400000000000500, -1801.559999999999700, -3093.119999999999400 ) ) ;
#251 =( BOUNDED_SURFACE ( )  B_SPLINE_SURFACE ( 3, 3, ( 
 ( #3762, #1679, #5951, #3284 ),
 ( #71, #6518, #4375, #5428 ),
 ( #2731, #2757, #3331, #4972 ),
 ( #6027, #3834, #2239, #1151 ) ),
 .UNSPECIFIED., .F., .F., .F. ) 
 B_SPLINE_SURFACE_WITH_KNOTS ( ( 4, 4 ),
 ( 4, 4 ),
 ( 0.0000000000000000000, 1.000000000000000000 ),
 ( 0.0000000000000000000, 1.000000000000000000 ),
 .UNSPECIFIED. ) 
 GEOMETRIC_REPRESENTATION_ITEM ( )  RATIONAL_B_SPLINE_SURFACE ( (
 ( 1.000000000000000000, 0.8047378541243653800, 0.8047378541243653800, 1.000000000000000000),
 ( 0.3333333333333333700, 0.2682459513747885200, 0.2682459513747885200, 0.3333333333333333700),
 ( 0.3333333333333333700, 0.2682459513747885200, 0.2682459513747885200, 0.3333333333333333700),
 ( 1.000000000000000000, 0.8047378541243653800, 0.8047378541243653800, 1.000000000000000000) ) ) 
 REPRESENTATION_ITEM ( '' )  SURFACE ( )  );
#252 = ORIENTED_EDGE ( 'NONE', *, *, #5399, .T. ) ;
#253 = FACE_BOUND ( 'NONE', #6625, .T. ) ;
#254 = AXIS2_PLACEMENT_3D ( 'NONE', #4260, #3741, #525 ) ;
#255 = CARTESIAN_POINT ( 'NONE',  ( 1218.000000000000000, 2009.999999999999800, 117.4999999999999700 ) ) ;
#256 = CARTESIAN_POINT ( 'NONE',  ( 813.3188883997240700, 475.6570447054944600, 145.8080145560652700 ) ) ;
#257 = EDGE_CURVE ( 'NONE', #6336, #4240, #5036, .T. ) ;
#258 = ORIENTED_EDGE ( 'NONE', *, *, #4382, .F. ) ;
#259 = DIRECTION ( 'NONE',  ( 0.0000000000000000000, -1.000000000000000000, 0.0000000000000000000 ) ) ;
#260 = DIRECTION ( 'NONE',  ( 0.0000000000000000000, 0.0000000000000000000, -1.000000000000000000 ) ) ;
#261 = SURFACE_STYLE_FILL_AREA ( #5099 ) ;
#262 = SURFACE_SIDE_STYLE ('',( #4295 ) ) ;
#263 = UNCERTAINTY_MEASURE_WITH_UNIT (LENGTH_MEASURE( 1.000000000000000100E-005 ), #345, 'distance_accuracy_value', 'NONE');
#264 = DIRECTION ( 'NONE',  ( 0.0000000000000000000, 0.0000000000000000000, -1.000000000000000000 ) ) ;
#265 = STYLED_ITEM ( 'NONE', ( #4257 ), #3837 ) ;
#266 = ORIENTED_EDGE ( 'NONE', *, *, #5688, .F. ) ;
#267 = VECTOR ( 'NONE', #5195, 1000.000000000000000 ) ;
#268 = DIRECTION ( 'NONE',  ( 0.7654468673133629800, 0.0000000000000000000, 0.6434991012582372800 ) ) ;
#269 = VECTOR ( 'NONE', #3254, 1000.000000000000000 ) ;
#270 = DIRECTION ( 'NONE',  ( 1.000000000000000000, -0.0000000000000000000, -0.0000000000000000000 ) ) ;
#271 = CARTESIAN_POINT ( 'NONE',  ( 2927.681111600276400, 475.6570447054946300, -145.8080145560652200 ) ) ;
#272 = MECHANICAL_DESIGN_GEOMETRIC_PRESENTATION_REPRESENTATION (  '', ( #5072 ), #2085 ) ;
#273 = CARTESIAN_POINT ( 'NONE',  ( 581.7704617891791900, 69.88167601761082900, -492.5675601984986000 ) ) ;
#274 = DIRECTION ( 'NONE',  ( 0.0000000000000000000, 0.0000000000000000000, 1.000000000000000000 ) ) ;
#275 = SURFACE_STYLE_FILL_AREA ( #4895 ) ;
#276 = STYLED_ITEM ( 'NONE', ( #1904 ), #4772 ) ;
#277 = ORIENTED_EDGE ( 'NONE', *, *, #5364, .F. ) ;
#278 = CARTESIAN_POINT ( 'NONE',  ( 2823.000000000000000, 414.0008287708116700, 0.0000000000000000000 ) ) ;
#279 = PRESENTATION_LAYER_ASSIGNMENT (  '', '', ( #4634 ) ) ;
#280 = EDGE_LOOP ( 'NONE', ( #1128, #346 ) ) ;
#281 = CARTESIAN_POINT ( 'NONE',  ( 822.9962012530533000, 473.6031605400033900, 152.3742585783257400 ) ) ;
#282 = VECTOR ( 'NONE', #1487, 1000.000000000000000 ) ;
#283 = CARTESIAN_POINT ( 'NONE',  ( 2823.000000000000000, 424.0008287708115500, 144.4699999999999400 ) ) ;
#284 = SURFACE_STYLE_USAGE ( .BOTH. , #300 ) ;
#285 = ORIENTED_EDGE ( 'NONE', *, *, #1568, .F. ) ;
#286 = PLANE ( 'NONE',  #2915 ) ;
#287 = CARTESIAN_POINT ( 'NONE',  ( 2823.000000000000000, 424.0008287708115500, 164.4999999999999400 ) ) ;
#288 = EDGE_CURVE ( 'NONE', #5134, #6479, #3272, .T. ) ;
#289 = CARTESIAN_POINT ( 'NONE',  ( 2823.000000000000000, 424.0008287708115500, -144.4699999999999400 ) ) ;
#290 =( NAMED_UNIT ( * ) SI_UNIT ( $, .STERADIAN. ) SOLID_ANGLE_UNIT ( ) );
#291 = CARTESIAN_POINT ( 'NONE',  ( 2963.423685011618100, 484.7808225754659500, -111.7994830264419800 ) ) ;
#292 = CARTESIAN_POINT ( 'NONE',  ( 614.9434321153552200, 62.69718565957463600, -493.5346916240484300 ) ) ;
#293 = AXIS2_PLACEMENT_3D ( 'NONE', #6161, #1968, #3041 ) ;
#294 = ORIENTED_EDGE ( 'NONE', *, *, #4227, .T. ) ;
#295 = EDGE_CURVE ( 'NONE', #4240, #6754, #3367, .T. ) ;
#296 = COLOUR_RGB ( '',0.7921568627450980000, 0.8196078431372548800, 0.9333333333333333500 ) ;
#297 = DIRECTION ( 'NONE',  ( 0.0000000000000000000, 0.0000000000000000000, -1.000000000000000000 ) ) ;
#298 = CARTESIAN_POINT ( 'NONE',  ( 917.9999999999998900, 497.5000000000000000, 154.5000000000000300 ) ) ;
#299 = CIRCLE ( 'NONE', #3739, 71.49999999999998600 ) ;
#300 = SURFACE_SIDE_STYLE ('',( #1927 ) ) ;
#301 = MECHANICAL_DESIGN_GEOMETRIC_PRESENTATION_REPRESENTATION (  '', ( #77 ), #2245 ) ;
#302 = DIRECTION ( 'NONE',  ( 0.0000000000000000000, 0.0000000000000000000, -1.000000000000000000 ) ) ;
#303 = CARTESIAN_POINT ( 'NONE',  ( 762.6197450161583900, 489.3188556199702900, -90.00369113059424800 ) ) ;
#304 = AXIS2_PLACEMENT_3D ( 'NONE', #3763, #4346, #528 ) ;
#305 = PRESENTATION_STYLE_ASSIGNMENT (( #4172 ) ) ;
#306 =( NAMED_UNIT ( * ) SI_UNIT ( $, .STERADIAN. ) SOLID_ANGLE_UNIT ( ) );
#307 = CARTESIAN_POINT ( 'NONE',  ( 1087.862930504771200, 494.1128941670858700, -58.23155995817968000 ) ) ;
#308 = SURFACE_SIDE_STYLE ('',( #3031 ) ) ;
#309 = CARTESIAN_POINT ( 'NONE',  ( 2967.839012077362000, 486.0806657885790400, -105.9871603342249200 ) ) ;
#310 = AXIS2_PLACEMENT_3D ( 'NONE', #1772, #6494, #6044 ) ;
#311 = CARTESIAN_POINT ( 'NONE',  ( 516.3804300161047000, 18.21263636676069800, -497.1867360696616600 ) ) ;
#312 = FACE_OUTER_BOUND ( 'NONE', #1608, .T. ) ;
#313 = MECHANICAL_DESIGN_GEOMETRIC_PRESENTATION_REPRESENTATION (  '', ( #5746 ), #4059 ) ;
#314 = CARTESIAN_POINT ( 'NONE',  ( -894.3999999999999800, -380.9999999999993200, -3457.440000000000500 ) ) ;
#315 = VERTEX_POINT ( 'NONE', #779 ) ;
#316 = DIRECTION ( 'NONE',  ( -0.0000000000000000000, -0.0000000000000000000, -1.000000000000000000 ) ) ;
#317 = SURFACE_STYLE_FILL_AREA ( #5378 ) ;
#318 = AXIS2_PLACEMENT_3D ( 'NONE', #4710, #4233, #3132 ) ;
#319 = FACE_OUTER_BOUND ( 'NONE', #141, .T. ) ;
#320 = UNCERTAINTY_MEASURE_WITH_UNIT (LENGTH_MEASURE( 1.000000000000000100E-005 ), #2197, 'distance_accuracy_value', 'NONE');
#321 = DIRECTION ( 'NONE',  ( 0.0000000000000000000, 0.0000000000000000000, 1.000000000000000000 ) ) ;
#322 = CARTESIAN_POINT ( 'NONE',  ( 809.7816112790036400, 476.4521683709630800, 143.1796741031845700 ) ) ;
#323 = ORIENTED_EDGE ( 'NONE', *, *, #3303, .F. ) ;
#324 =( LENGTH_UNIT ( ) NAMED_UNIT ( * ) SI_UNIT ( .MILLI., .METRE. ) );
#325 = LINE ( 'NONE', #5483, #6264 ) ;
#326 = PRESENTATION_STYLE_ASSIGNMENT (( #5096 ) ) ;
#327 = CARTESIAN_POINT ( 'NONE',  ( 2978.380254983841500, 489.3188556199705200, 90.00369113059434800 ) ) ;
#328 = DIRECTION ( 'NONE',  ( -0.0000000000000000000, -0.0000000000000000000, -1.000000000000000000 ) ) ;
#329 = ORIENTED_EDGE ( 'NONE', *, *, #5005, .T. ) ;
#330 = DIRECTION ( 'NONE',  ( 1.000000000000000000, -0.0000000000000000000, -0.0000000000000000000 ) ) ;
#331 =( LENGTH_UNIT ( ) NAMED_UNIT ( * ) SI_UNIT ( .MILLI., .METRE. ) );
#332 = FACE_OUTER_BOUND ( 'NONE', #3229, .T. ) ;
#333 = CIRCLE ( 'NONE', #4674, 88.90000000000000600 ) ;
#334 = AXIS2_PLACEMENT_3D ( 'NONE', #2011, #949, #5236 ) ;
#335 = DIRECTION ( 'NONE',  ( -0.6434991012582379500, 1.146489985353013100E-016, 0.7654468673133624200 ) ) ;
#336 = CARTESIAN_POINT ( 'NONE',  ( 1096.879233856453500, 497.2871796325150600, 14.62618120781626100 ) ) ;
#337 =( NAMED_UNIT ( * ) PLANE_ANGLE_UNIT ( ) SI_UNIT ( $, .RADIAN. ) );
#338 = CARTESIAN_POINT ( 'NONE',  ( 2823.000000000000000, 464.0008287708115500, -179.4700000000000000 ) ) ;
#339 = ORIENTED_EDGE ( 'NONE', *, *, #1109, .F. ) ;
#340 = CARTESIAN_POINT ( 'NONE',  ( 599.9195383102436400, 68.05224022051305600, -492.8237238796490900 ) ) ;
#341 = EDGE_CURVE ( 'NONE', #1941, #5421, #170, .T. ) ;
#342 = PRESENTATION_STYLE_ASSIGNMENT (( #6157 ) ) ;
#343 = CARTESIAN_POINT ( 'NONE',  ( -665.4467277504392100, -242.8800000000000000, -121.4400000000000000 ) ) ;
#344 = DIRECTION ( 'NONE',  ( -0.0000000000000000000, -0.0000000000000000000, -1.000000000000000000 ) ) ;
#345 =( LENGTH_UNIT ( ) NAMED_UNIT ( * ) SI_UNIT ( .MILLI., .METRE. ) );
#346 = ORIENTED_EDGE ( 'NONE', *, *, #3658, .T. ) ;
#347 = CARTESIAN_POINT ( 'NONE',  ( -5592.447958870796400, 996.0000000000023900, -4455.464801715344000 ) ) ;
#348 = CARTESIAN_POINT ( 'NONE',  ( 745.5424418441467700, 495.0128487682978300, 49.76528653216546900 ) ) ;
#349 = EDGE_CURVE ( 'NONE', #3636, #1067, #1784, .T. ) ;
#350 = ORIENTED_EDGE ( 'NONE', *, *, #1899, .F. ) ;
#351 = DIRECTION ( 'NONE',  ( -0.0000000000000000000, -1.000000000000000000, -0.0000000000000000000 ) ) ;
#352 = STYLED_ITEM ( 'NONE', ( #6741 ), #3248 ) ;
#353 = EDGE_LOOP ( 'NONE', ( #3164, #4554, #3828, #4525 ) ) ;
#354 = LINE ( 'NONE', #5568, #1619 ) ;
#355 = CARTESIAN_POINT ( 'NONE',  ( 3488.999999999999500, 497.5000000000000000, -2.030872608586027100E-014 ) ) ;
#356 = SURFACE_STYLE_FILL_AREA ( #4195 ) ;
#357 = CARTESIAN_POINT ( 'NONE',  ( 917.9999999999998900, 497.5000000000000000, 63.50000000000000000 ) ) ;
#358 = CARTESIAN_POINT ( 'NONE',  ( 584.0000000000000000, 0.0000000000000000000, -782.0000000000000000 ) ) ;
#359 =( GEOMETRIC_REPRESENTATION_CONTEXT ( 3 ) GLOBAL_UNCERTAINTY_ASSIGNED_CONTEXT ( ( #1858 ) ) GLOBAL_UNIT_ASSIGNED_CONTEXT ( ( #4495, #231, #1267 ) ) REPRESENTATION_CONTEXT ( 'NONE', 'WORKASPACE' ) );
#360 = PRESENTATION_LAYER_ASSIGNMENT (  '', '', ( #6014 ) ) ;
#361 = CARTESIAN_POINT ( 'NONE',  ( 1008.137311885141600, 472.6731671767115000, 155.1996046761812200 ) ) ;
#362 = CARTESIAN_POINT ( 'NONE',  ( -513.3999999999997500, 0.0000000000000000000, 121.4400000000000300 ) ) ;
#363 = PRESENTATION_STYLE_ASSIGNMENT (( #5973 ) ) ;
#364 = CARTESIAN_POINT ( 'NONE',  ( 3002.188038272935000, 497.3983490779181100, 10.16540497459610700 ) ) ;
#365 = CARTESIAN_POINT ( 'NONE',  ( 1744.234409606303600, 0.0000000000000000000, -88.90000000000000600 ) ) ;
#366 = CARTESIAN_POINT ( 'NONE',  ( -5529.110764723728600, 996.0000000000014800, -4719.523067705213200 ) ) ;
#367 =( NAMED_UNIT ( * ) SI_UNIT ( $, .STERADIAN. ) SOLID_ANGLE_UNIT ( ) );
#368 = MECHANICAL_DESIGN_GEOMETRIC_PRESENTATION_REPRESENTATION (  '', ( #5890 ), #725 ) ;
#369 = CIRCLE ( 'NONE', #2532, 497.5000000000000000 ) ;
#370 = CARTESIAN_POINT ( 'NONE',  ( 1985.416459750172400, -502.3764794820822900, -276.9411014576024900 ) ) ;
#371 = CARTESIAN_POINT ( 'NONE',  ( -5778.359694003865100, 1290.322537721265700, -4611.757863428943900 ) ) ;
#372 = ORIENTED_EDGE ( 'NONE', *, *, #248, .T. ) ;
#373 = DIRECTION ( 'NONE',  ( -1.000000000000000000, 0.0000000000000000000, 0.0000000000000000000 ) ) ;
#374 = CARTESIAN_POINT ( 'NONE',  ( 740.0052321560186800, 496.9694236732547700, 23.70607361448508500 ) ) ;
#375 = CARTESIAN_POINT ( 'NONE',  ( 516.4617068553617400, -18.08481558348636800, -497.1760462905494900 ) ) ;
#376 = CARTESIAN_POINT ( 'NONE',  ( 833.9444772784087300, 1869.999999999999800, -117.5000000000000100 ) ) ;
#377 = CARTESIAN_POINT ( 'NONE',  ( 1902.468806510706100, -489.4803602349104500, -3.980360234910657300 ) ) ;
#378 = STYLED_ITEM ( 'NONE', ( #2120 ), #551 ) ;
#379 = B_SPLINE_CURVE_WITH_KNOTS ( 'NONE', 3,
 ( #6713, #3010, #377, #4143 ),
 .UNSPECIFIED., .F., .F.,
 ( 4, 4 ),
 ( 3.263908842392156900E-016, 0.01905923439049703900 ),
 .UNSPECIFIED. ) ;
#380 = DIRECTION ( 'NONE',  ( 1.000000000000000000, 1.071875439572228200E-015, -0.0000000000000000000 ) ) ;
#381 = CARTESIAN_POINT ( 'NONE',  ( 748.0206483872686900, 494.1529852620450900, -57.88812960753058700 ) ) ;
#382 = SURFACE_STYLE_FILL_AREA ( #1111 ) ;
#383 = UNCERTAINTY_MEASURE_WITH_UNIT (LENGTH_MEASURE( 1.000000000000000100E-005 ), #1841, 'distance_accuracy_value', 'NONE');
#384 = SURFACE_SIDE_STYLE ('',( #6016 ) ) ;
#385 = CARTESIAN_POINT ( 'NONE',  ( 929.9362600466761300, 464.1165628883821300, 179.1716196051567900 ) ) ;
#386 = CARTESIAN_POINT ( 'NONE',  ( -894.3999999999999800, -380.9999999999997700, -3335.999999999999500 ) ) ;
#387 = ORIENTED_EDGE ( 'NONE', *, *, #6084, .F. ) ;
#388 = CARTESIAN_POINT ( 'NONE',  ( 3489.000000000000000, 0.0000000000000000000, 0.0000000000000000000 ) ) ;
#389 = MECHANICAL_DESIGN_GEOMETRIC_PRESENTATION_REPRESENTATION (  '', ( #4966 ), #1102 ) ;
#390 =( NAMED_UNIT ( * ) PLANE_ANGLE_UNIT ( ) SI_UNIT ( $, .RADIAN. ) );
#391 = SURFACE_STYLE_FILL_AREA ( #1676 ) ;
#392 = EDGE_CURVE ( 'NONE', #4319, #3133, #3962, .T. ) ;
#393 = CARTESIAN_POINT ( 'NONE',  ( 1689.387719574899600, 197.0424432531547400, -2.220446049250312800E-013 ) ) ;
#394 = CARTESIAN_POINT ( 'NONE',  ( 0.0000000000000000000, 0.0000000000000000000, 0.0000000000000000000 ) ) ;
#395 = COLOUR_RGB ( '',0.7921568627450980000, 0.8196078431372548800, 0.9333333333333333500 ) ;
#396 = ORIENTED_EDGE ( 'NONE', *, *, #6032, .F. ) ;
#397 = CARTESIAN_POINT ( 'NONE',  ( 3086.074175964328300, 1869.999999999999800, -117.4999999999986100 ) ) ;
#398 = COLOUR_RGB ( '',0.7921568627450980000, 0.8196078431372548800, 0.9333333333333333500 ) ;
#399 =( BOUNDED_SURFACE ( )  B_SPLINE_SURFACE ( 3, 3, ( 
 ( #3793, #2221, #6454, #5463 ),
 ( #5984, #644, #3287, #2301 ),
 ( #6550, #3259, #5390, #3307 ),
 ( #5953, #4904, #2241, #142 ) ),
 .UNSPECIFIED., .F., .F., .F. ) 
 B_SPLINE_SURFACE_WITH_KNOTS ( ( 4, 4 ),
 ( 4, 4 ),
 ( 0.0000000000000000000, 1.000000000000000000 ),
 ( 0.0000000000000000000, 1.000000000000000000 ),
 .UNSPECIFIED. ) 
 GEOMETRIC_REPRESENTATION_ITEM ( )  RATIONAL_B_SPLINE_SURFACE ( (
 ( 1.000000000000000000, 0.9640722316813746800, 0.9640722316813746800, 1.000000000000000000),
 ( 0.8585955294876328500, 0.8277481082247937200, 0.8277481082247937200, 0.8585955294876328500),
 ( 0.8585955294876328500, 0.8277481082247937200, 0.8277481082247937200, 0.8585955294876328500),
 ( 1.000000000000000000, 0.9640722316813746800, 0.9640722316813746800, 1.000000000000000000) ) ) 
 REPRESENTATION_ITEM ( '' )  SURFACE ( )  );
#400 =( GEOMETRIC_REPRESENTATION_CONTEXT ( 3 ) GLOBAL_UNCERTAINTY_ASSIGNED_CONTEXT ( ( #5587 ) ) GLOBAL_UNIT_ASSIGNED_CONTEXT ( ( #3954, #4529, #2348 ) ) REPRESENTATION_CONTEXT ( 'NONE', 'WORKASPACE' ) );
#401 = FACE_OUTER_BOUND ( 'NONE', #5884, .T. ) ;
#402 = EDGE_LOOP ( 'NONE', ( #1989, #6815, #2219, #2187, #4459 ) ) ;
#403 = FILL_AREA_STYLE ('',( #1463 ) ) ;
#404 = PRESENTATION_LAYER_ASSIGNMENT (  '', '', ( #6626 ) ) ;
#405 = LINE ( 'NONE', #1394, #2735 ) ;
#406 = CARTESIAN_POINT ( 'NONE',  ( 3716.382674367796400, 0.0000000000000000000, 1.216074271553320800E-014 ) ) ;
#407 = CARTESIAN_POINT ( 'NONE',  ( 755.2550338342580300, 491.7136747466577200, -75.66850121473949300 ) ) ;
#408 =( GEOMETRIC_REPRESENTATION_CONTEXT ( 3 ) GLOBAL_UNCERTAINTY_ASSIGNED_CONTEXT ( ( #6671 ) ) GLOBAL_UNIT_ASSIGNED_CONTEXT ( ( #4924, #5999, #2238 ) ) REPRESENTATION_CONTEXT ( 'NONE', 'WORKASPACE' ) );
#409 = PRESENTATION_STYLE_ASSIGNMENT (( #5562 ) ) ;
#410 = CARTESIAN_POINT ( 'NONE',  ( 1055.789200744157800, 484.0266956785116000, 115.0032911423066200 ) ) ;
#411 = CARTESIAN_POINT ( 'NONE',  ( -1015.840000000000100, 242.8800000000000500, -86.67746227873763600 ) ) ;
#412 = ORIENTED_EDGE ( 'NONE', *, *, #3052, .T. ) ;
#413 = CARTESIAN_POINT ( 'NONE',  ( 2533.000000000000000, 1940.000000000000200, 117.4999999999999400 ) ) ;
#414 =( GEOMETRIC_REPRESENTATION_CONTEXT ( 3 ) GLOBAL_UNCERTAINTY_ASSIGNED_CONTEXT ( ( #6422 ) ) GLOBAL_UNIT_ASSIGNED_CONTEXT ( ( #1879, #5651, #239 ) ) REPRESENTATION_CONTEXT ( 'NONE', 'WORKASPACE' ) );
#415 = DIRECTION ( 'NONE',  ( 0.0000000000000000000, 0.0000000000000000000, -1.000000000000000000 ) ) ;
#416 = CYLINDRICAL_SURFACE ( 'NONE', #4555, 121.4400000000000300 ) ;
#417 = STYLED_ITEM ( 'NONE', ( #2852 ), #6897 ) ;
#418 = SURFACE_SIDE_STYLE ('',( #5717 ) ) ;
#419 = UNCERTAINTY_MEASURE_WITH_UNIT (LENGTH_MEASURE( 1.000000000000000100E-005 ), #4190, 'distance_accuracy_value', 'NONE');
#420 = ORIENTED_EDGE ( 'NONE', *, *, #6922, .F. ) ;
#421 = ORIENTED_EDGE ( 'NONE', *, *, #1241, .T. ) ;
#422 = EDGE_CURVE ( 'NONE', #3022, #1197, #432, .T. ) ;
#423 =( LENGTH_UNIT ( ) NAMED_UNIT ( * ) SI_UNIT ( .MILLI., .METRE. ) );
#424 =( NAMED_UNIT ( * ) SI_UNIT ( $, .STERADIAN. ) SOLID_ANGLE_UNIT ( ) );
#425 = CARTESIAN_POINT ( 'NONE',  ( 2823.000000000000000, 410.0008287708115500, 71.49999999999998600 ) ) ;
#426 = PRESENTATION_LAYER_ASSIGNMENT (  '', '', ( #1778 ) ) ;
#427 = CARTESIAN_POINT ( 'NONE',  ( 47.41465111042758500, 367.3934380223627700, -8.998543958036563500E-014 ) ) ;
#428 = CARTESIAN_POINT ( 'NONE',  ( 620.9137864622871300, -59.37810798058981000, -493.9454499777767200 ) ) ;
#429 = AXIS2_PLACEMENT_3D ( 'NONE', #5401, #5995, #1701 ) ;
#430 = VERTEX_POINT ( 'NONE', #849 ) ;
#431 =( NAMED_UNIT ( * ) PLANE_ANGLE_UNIT ( ) SI_UNIT ( $, .RADIAN. ) );
#432 = CIRCLE ( 'NONE', #5439, 179.4700000000000000 ) ;
#433 = DIRECTION ( 'NONE',  ( 0.0000000000000000000, 0.0000000000000000000, 1.000000000000000000 ) ) ;
#434 = ORIENTED_EDGE ( 'NONE', *, *, #5960, .T. ) ;
#435 = PRESENTATION_STYLE_ASSIGNMENT (( #3071 ) ) ;
#436 = AXIS2_PLACEMENT_3D ( 'NONE', #6251, #4693, #3113 ) ;
#437 = CARTESIAN_POINT ( 'NONE',  ( 917.9999999999998900, 414.0008287708116700, 0.0000000000000000000 ) ) ;
#438 = SURFACE_STYLE_USAGE ( .BOTH. , #4671 ) ;
#439 = CIRCLE ( 'NONE', #4489, 75.00000000000017100 ) ;
#440 = CARTESIAN_POINT ( 'NONE',  ( 2533.000000000000000, 1940.000000000000200, -496.0000000000000000 ) ) ;
#441 = DIRECTION ( 'NONE',  ( 0.0000000000000000000, 0.0000000000000000000, 1.000000000000000000 ) ) ;
#442 = ORIENTED_EDGE ( 'NONE', *, *, #3675, .T. ) ;
#443 = DIRECTION ( 'NONE',  ( 0.0000000000000000000, 0.0000000000000000000, -1.000000000000000000 ) ) ;
#444 = EDGE_CURVE ( 'NONE', #1260, #946, #864, .T. ) ;
#445 = CARTESIAN_POINT ( 'NONE',  ( 1133.000000000000000, 1939.999999999999800, -117.5000000000000400 ) ) ;
#446 = ORIENTED_EDGE ( 'NONE', *, *, #643, .F. ) ;
#447 = COLOUR_RGB ( '',0.7921568627450980000, 0.8196078431372548800, 0.9333333333333333500 ) ;
#448 = CARTESIAN_POINT ( 'NONE',  ( -3502.400000000000100, -1541.999999999999800, -3335.999999999999500 ) ) ;
#449 = CARTESIAN_POINT ( 'NONE',  ( -5237.475508277337200, 1255.560000000002400, -4474.349910125823000 ) ) ;
#450 = ADVANCED_FACE ( 'NONE', ( #3790 ), #4210, .T. ) ;
#451 = ORIENTED_EDGE ( 'NONE', *, *, #5713, .F. ) ;
#452 = CARTESIAN_POINT ( 'NONE',  ( -894.3999999999999800, 121.4400000000004500, -2954.999999999999500 ) ) ;
#453 = PRESENTATION_LAYER_ASSIGNMENT (  '', '', ( #77 ) ) ;
#454 = EDGE_CURVE ( 'NONE', #3641, #1849, #6862, .T. ) ;
#455 = CARTESIAN_POINT ( 'NONE',  ( 917.9999999999998900, 1869.999999999999800, 0.0000000000000000000 ) ) ;
#456 = STYLED_ITEM ( 'NONE', ( #2948 ), #2148 ) ;
#457 = ORIENTED_EDGE ( 'NONE', *, *, #1497, .F. ) ;
#458 = DIRECTION ( 'NONE',  ( 1.000000000000000000, 0.0000000000000000000, -0.0000000000000000000 ) ) ;
#459 = ADVANCED_FACE ( 'NONE', ( #764 ), #6, .T. ) ;
#460 = CARTESIAN_POINT ( 'NONE',  ( 2823.000000000000000, 1600.000000000000000, -144.4699999999997700 ) ) ;
#461 = FILL_AREA_STYLE ('',( #6271 ) ) ;
#462 =( GEOMETRIC_REPRESENTATION_CONTEXT ( 3 ) GLOBAL_UNCERTAINTY_ASSIGNED_CONTEXT ( ( #3824 ) ) GLOBAL_UNIT_ASSIGNED_CONTEXT ( ( #6472, #5481, #1200 ) ) REPRESENTATION_CONTEXT ( 'NONE', 'WORKASPACE' ) );
#463 = MECHANICAL_DESIGN_GEOMETRIC_PRESENTATION_REPRESENTATION (  '', ( #6672 ), #588 ) ;
#464 = FILL_AREA_STYLE ('',( #5179 ) ) ;
#465 =( NAMED_UNIT ( * ) SI_UNIT ( $, .STERADIAN. ) SOLID_ANGLE_UNIT ( ) );
#466 =( NAMED_UNIT ( * ) SI_UNIT ( $, .STERADIAN. ) SOLID_ANGLE_UNIT ( ) );
#467 = CARTESIAN_POINT ( 'NONE',  ( 2987.562823959177400, 492.3183636493637900, 71.62919225059133100 ) ) ;
#468 = STYLED_ITEM ( 'NONE', ( #1945 ), #2583 ) ;
#469 = SURFACE_STYLE_USAGE ( .BOTH. , #5808 ) ;
#470 = FILL_AREA_STYLE ('',( #6312 ) ) ;
#471 = DIRECTION ( 'NONE',  ( -1.000000000000000000, 0.0000000000000000000, -0.0000000000000000000 ) ) ;
#472 = SURFACE_STYLE_FILL_AREA ( #2837 ) ;
#473 =( REPRESENTATION_RELATIONSHIP ('NONE','NONE', #1645, #5736 ) REPRESENTATION_RELATIONSHIP_WITH_TRANSFORMATION ( #1090 )SHAPE_REPRESENTATION_RELATIONSHIP( ) );
#474 = UNCERTAINTY_MEASURE_WITH_UNIT (LENGTH_MEASURE( 1.000000000000000100E-005 ), #1874, 'distance_accuracy_value', 'NONE');
#475 = CARTESIAN_POINT ( 'NONE',  ( 602.1127264455229800, -67.64640084703376000, -492.8803349825889200 ) ) ;
#476 = DIRECTION ( 'NONE',  ( -1.000000000000000000, 0.0000000000000000000, 0.0000000000000000000 ) ) ;
#477 =( LENGTH_UNIT ( ) NAMED_UNIT ( * ) SI_UNIT ( .MILLI., .METRE. ) );
#478 =( GEOMETRIC_REPRESENTATION_CONTEXT ( 3 ) GLOBAL_UNCERTAINTY_ASSIGNED_CONTEXT ( ( #2122 ) ) GLOBAL_UNIT_ASSIGNED_CONTEXT ( ( #6557, #3319, #1215 ) ) REPRESENTATION_CONTEXT ( 'NONE', 'WORKASPACE' ) );
#479 = CYLINDRICAL_SURFACE ( 'NONE', #1839, 154.5000000000000300 ) ;
#480 = FILL_AREA_STYLE_COLOUR ( '', #2698 ) ;
#481 = EDGE_CURVE ( 'NONE', #1295, #4199, #4296, .T. ) ;
#482 = ORIENTED_EDGE ( 'NONE', *, *, #4561, .F. ) ;
#483 = CARTESIAN_POINT ( 'NONE',  ( 1908.577679628630700, 0.0000000000000000000, 0.0000000000000000000 ) ) ;
#484 = FILL_AREA_STYLE ('',( #3163 ) ) ;
#485 = SURFACE_SIDE_STYLE ('',( #3534 ) ) ;
#486 = VECTOR ( 'NONE', #2615, 1000.000000000000000 ) ;
#487 = DIRECTION ( 'NONE',  ( -0.0000000000000000000, -1.000000000000000000, -0.0000000000000000000 ) ) ;
#488 = VECTOR ( 'NONE', #2712, 1000.000000000000000 ) ;
#489 = CARTESIAN_POINT ( 'NONE',  ( -349.9999999999998300, 1.487211072884545900E-014, -121.4400000000000300 ) ) ;
#490 = VERTEX_POINT ( 'NONE', #94 ) ;
#491 = ADVANCED_FACE ( 'NONE', ( #5712 ), #6519, .T. ) ;
#492 = EDGE_CURVE ( 'NONE', #922, #315, #2608, .T. ) ;
#493 = DIRECTION ( 'NONE',  ( -1.000000000000000000, 0.0000000000000000000, 0.0000000000000000000 ) ) ;
#494 = COLOUR_RGB ( '',0.7921568627450980000, 0.8196078431372548800, 0.9333333333333333500 ) ;
#495 = AXIS2_PLACEMENT_3D ( 'NONE', #388, #3604, #3089 ) ;
#496 = ORIENTED_EDGE ( 'NONE', *, *, #492, .T. ) ;
#497 = CARTESIAN_POINT ( 'NONE',  ( 588.5174877542782500, -69.77193273465660200, -492.5831695522990700 ) ) ;
#498 = ADVANCED_FACE ( 'NONE', ( #2941 ), #4300, .T. ) ;
#499 = DIRECTION ( 'NONE',  ( -1.000000000000000000, 0.0000000000000000000, 0.0000000000000000000 ) ) ;
#500 = AXIS2_PLACEMENT_3D ( 'NONE', #5367, #3220, #6898 ) ;
#501 = LINE ( 'NONE', #1763, #1163 ) ;
#502 = ORIENTED_EDGE ( 'NONE', *, *, #2646, .T. ) ;
#503 = VERTEX_POINT ( 'NONE', #4449 ) ;
#504 = CARTESIAN_POINT ( 'NONE',  ( 917.9999999999998900, 424.0008287708115500, 0.0000000000000000000 ) ) ;
#505 = FILL_AREA_STYLE ('',( #4847 ) ) ;
#506 = CARTESIAN_POINT ( 'NONE',  ( -5306.470711042195000, 1498.440000000003700, -4849.657933762569000 ) ) ;
#507 = FILL_AREA_STYLE ('',( #3791 ) ) ;
#508 = AXIS2_PLACEMENT_3D ( 'NONE', #2936, #330, #264 ) ;
#509 = ORIENTED_EDGE ( 'NONE', *, *, #2302, .F. ) ;
#510 = EDGE_LOOP ( 'NONE', ( #5606, #2976, #442, #584 ) ) ;
#511 = CARTESIAN_POINT ( 'NONE',  ( 2823.000000000000000, 1600.000000000000000, 0.0000000000000000000 ) ) ;
#512 = CARTESIAN_POINT ( 'NONE',  ( 3675.780772845791900, -385.6713619161481000, 4.723111988934112100E-014 ) ) ;
#513 = FACE_OUTER_BOUND ( 'NONE', #5021, .T. ) ;
#514 = ORIENTED_EDGE ( 'NONE', *, *, #887, .T. ) ;
#515 = SURFACE_SIDE_STYLE ('',( #2451 ) ) ;
#516 = CYLINDRICAL_SURFACE ( 'NONE', #132, 75.00000000000017100 ) ;
#517 = MECHANICAL_DESIGN_GEOMETRIC_PRESENTATION_REPRESENTATION (  '', ( #4595 ), #5816 ) ;
#518 = UNCERTAINTY_MEASURE_WITH_UNIT (LENGTH_MEASURE( 1.000000000000000100E-005 ), #2477, 'distance_accuracy_value', 'NONE');
#519 =( NAMED_UNIT ( * ) SI_UNIT ( $, .STERADIAN. ) SOLID_ANGLE_UNIT ( ) );
#520 = ORIENTED_EDGE ( 'NONE', *, *, #5242, .T. ) ;
#521 = ADVANCED_FACE ( 'NONE', ( #1946 ), #3779, .T. ) ;
#522 = DIRECTION ( 'NONE',  ( -0.0000000000000000000, -1.000000000000000000, -0.0000000000000000000 ) ) ;
#523 = ORIENTED_EDGE ( 'NONE', *, *, #2383, .T. ) ;
#524 = STYLED_ITEM ( 'NONE', ( #1575 ), #1622 ) ;
#525 = DIRECTION ( 'NONE',  ( 0.0000000000000000000, 0.0000000000000000000, -1.000000000000000000 ) ) ;
#526 = SURFACE_STYLE_USAGE ( .BOTH. , #2640 ) ;
#527 = DIRECTION ( 'NONE',  ( 0.0000000000000000000, 0.0000000000000000000, -1.000000000000000000 ) ) ;
#528 = DIRECTION ( 'NONE',  ( 0.0000000000000000000, -0.0000000000000000000, -1.000000000000000000 ) ) ;
#529 = ADVANCED_FACE ( 'NONE', ( #4781 ), #679, .T. ) ;
#530 = CARTESIAN_POINT ( 'NONE',  ( -350.0009999999998600, -485.5000000000000000, 0.0000000000000000000 ) ) ;
#531 = EDGE_CURVE ( 'NONE', #1116, #4218, #2369, .T. ) ;
#532 = DIRECTION ( 'NONE',  ( 0.0000000000000000000, 0.0000000000000000000, -1.000000000000000000 ) ) ;
#533 = CARTESIAN_POINT ( 'NONE',  ( 2907.055522721593200, 2009.999999999999800, -117.4999999999985900 ) ) ;
#534 = ORIENTED_EDGE ( 'NONE', *, *, #3580, .F. ) ;
#535 = CARTESIAN_POINT ( 'NONE',  ( -350.0000000000000600, 0.0000000000000000000, -121.4400000000000100 ) ) ;
#536 = DIRECTION ( 'NONE',  ( 0.0000000000000000000, 0.0000000000000000000, 1.000000000000000000 ) ) ;
#537 = ORIENTED_EDGE ( 'NONE', *, *, #5283, .F. ) ;
#538 = AXIS2_PLACEMENT_3D ( 'NONE', #3033, #5643, #373 ) ;
#539 = STYLED_ITEM ( 'NONE', ( #3631 ), #2075 ) ;
#540 = AXIS2_PLACEMENT_3D ( 'NONE', #4222, #4814, #2069 ) ;
#541 =( GEOMETRIC_REPRESENTATION_CONTEXT ( 3 ) GLOBAL_UNCERTAINTY_ASSIGNED_CONTEXT ( ( #4503 ) ) GLOBAL_UNIT_ASSIGNED_CONTEXT ( ( #3582, #6809, #6309 ) ) REPRESENTATION_CONTEXT ( 'NONE', 'WORKASPACE' ) );
#542 = CARTESIAN_POINT ( 'NONE',  ( 917.9999999999998900, 497.5000000000000000, 0.0000000000000000000 ) ) ;
#543 =( LENGTH_UNIT ( ) NAMED_UNIT ( * ) SI_UNIT ( .MILLI., .METRE. ) );
#544 = SURFACE_SIDE_STYLE ('',( #1 ) ) ;
#545 = PLANE ( 'NONE',  #4146 ) ;
#546 = EDGE_CURVE ( 'NONE', #829, #2492, #164, .T. ) ;
#547 = FILL_AREA_STYLE_COLOUR ( '', #1236 ) ;
#548 = CARTESIAN_POINT ( 'NONE',  ( 1208.000000000000000, 1939.999999999999800, -117.5000000000000400 ) ) ;
#549 = AXIS2_PLACEMENT_3D ( 'NONE', #1483, #3666, #476 ) ;
#550 = CARTESIAN_POINT ( 'NONE',  ( -894.3999999999999800, -380.9999999999993200, -3214.560000000000400 ) ) ;
#551 = ADVANCED_FACE ( 'NONE', ( #513 ), #3488, .F. ) ;
#552 = ORIENTED_EDGE ( 'NONE', *, *, #6477, .F. ) ;
#553 =( NAMED_UNIT ( * ) PLANE_ANGLE_UNIT ( ) SI_UNIT ( $, .RADIAN. ) );
#554 = CARTESIAN_POINT ( 'NONE',  ( -3883.400000000000100, 996.0000000000004500, -3214.559999999999000 ) ) ;
#555 =( NAMED_UNIT ( * ) PLANE_ANGLE_UNIT ( ) SI_UNIT ( $, .RADIAN. ) );
#556 = FACE_BOUND ( 'NONE', #280, .T. ) ;
#557 = SURFACE_STYLE_USAGE ( .BOTH. , #1095 ) ;
#558 = CARTESIAN_POINT ( 'NONE',  ( -3883.400000000000100, -1541.999999999999300, -3335.999999999999500 ) ) ;
#559 = CARTESIAN_POINT ( 'NONE',  ( 636.6406524292798400, -46.18868954895427900, -495.3620460978829100 ) ) ;
#560 = ADVANCED_FACE ( 'NONE', ( #3263 ), #5536, .T. ) ;
#561 = COLOUR_RGB ( '',0.7921568627450980000, 0.8196078431372548800, 0.9333333333333333500 ) ;
#562 =( GEOMETRIC_REPRESENTATION_CONTEXT ( 3 ) GLOBAL_UNCERTAINTY_ASSIGNED_CONTEXT ( ( #3644 ) ) GLOBAL_UNIT_ASSIGNED_CONTEXT ( ( #108, #3774, #178 ) ) REPRESENTATION_CONTEXT ( 'NONE', 'WORKASPACE' ) );
#563 = COLOUR_RGB ( '',0.7921568627450980000, 0.8196078431372548800, 0.9333333333333333500 ) ;
#564 = CARTESIAN_POINT ( 'NONE',  ( 3716.382674367796400, 198.5999999999998500, -4.864297086213283400E-014 ) ) ;
#565 = CIRCLE ( 'NONE', #3943, 497.5000000000000000 ) ;
#566 = EDGE_CURVE ( 'NONE', #1704, #4154, #4364, .T. ) ;
#567 = CIRCLE ( 'NONE', #5414, 497.5000000000000000 ) ;
#568 = FILL_AREA_STYLE_COLOUR ( '', #2570 ) ;
#569 =( LENGTH_UNIT ( ) NAMED_UNIT ( * ) SI_UNIT ( .MILLI., .METRE. ) );
#570 = SURFACE_SIDE_STYLE ('',( #1261 ) ) ;
#571 = DIRECTION ( 'NONE',  ( -0.0000000000000000000, 1.000000000000000000, 0.0000000000000000000 ) ) ;
#572 = SURFACE_SIDE_STYLE ('',( #5683 ) ) ;
#573 = CIRCLE ( 'NONE', #6168, 497.5000000000000000 ) ;
#574 = VECTOR ( 'NONE', #6669, 1000.000000000000000 ) ;
#575 = EDGE_LOOP ( 'NONE', ( #3300, #1194, #2895, #2771 ) ) ;
#576 =( LENGTH_UNIT ( ) NAMED_UNIT ( * ) SI_UNIT ( .MILLI., .METRE. ) );
#577 = EDGE_CURVE ( 'NONE', #4319, #1635, #6031, .T. ) ;
#578 = CARTESIAN_POINT ( 'NONE',  ( 2769.209320040518800, 467.1062290305251800, 171.2256768244190500 ) ) ;
#579 = COLOUR_RGB ( '',0.7921568627450980000, 0.8196078431372548800, 0.9333333333333333500 ) ;
#580 = AXIS2_PLACEMENT_3D ( 'NONE', #1290, #1769, #2716 ) ;
#581 = DIRECTION ( 'NONE',  ( -0.0000000000000000000, -0.0000000000000000000, -1.000000000000000000 ) ) ;
#582 = VECTOR ( 'NONE', #5783, 1000.000000000000000 ) ;
#583 = CARTESIAN_POINT ( 'NONE',  ( 833.9444772784087300, 1869.999999999999800, -117.5000000000000100 ) ) ;
#584 = ORIENTED_EDGE ( 'NONE', *, *, #3564, .F. ) ;
#585 = ORIENTED_EDGE ( 'NONE', *, *, #6127, .F. ) ;
#586 = STYLED_ITEM ( 'NONE', ( #4585 ), #4250 ) ;
#587 = CONICAL_SURFACE ( 'NONE', #37, 71.49999999999998600, 0.7853981633974457300 ) ;
#588 =( GEOMETRIC_REPRESENTATION_CONTEXT ( 3 ) GLOBAL_UNCERTAINTY_ASSIGNED_CONTEXT ( ( #2738 ) ) GLOBAL_UNIT_ASSIGNED_CONTEXT ( ( #4344, #6895, #3219 ) ) REPRESENTATION_CONTEXT ( 'NONE', 'WORKASPACE' ) );
#589 = ADVANCED_FACE ( 'NONE', ( #3025 ), #5609, .F. ) ;
#590 = SURFACE_STYLE_USAGE ( .BOTH. , #2554 ) ;
#591 = ORIENTED_EDGE ( 'NONE', *, *, #2340, .T. ) ;
#592 = CARTESIAN_POINT ( 'NONE',  ( -3790.444132433464300, 996.0000000000004500, -3257.853469143198700 ) ) ;
#593 = SURFACE_STYLE_USAGE ( .BOTH. , #46 ) ;
#594 = AXIS2_PLACEMENT_3D ( 'NONE', #1104, #2710, #2195 ) ;
#595 = SURFACE_STYLE_USAGE ( .BOTH. , #544 ) ;
#596 = SURFACE_SIDE_STYLE ('',( #3043 ) ) ;
#597 = MECHANICAL_DESIGN_GEOMETRIC_PRESENTATION_REPRESENTATION (  '', ( #4948 ), #1593 ) ;
#598 =( BOUNDED_CURVE ( )  B_SPLINE_CURVE ( 3, ( #6462, #1162, #84, #1691 ),
 .UNSPECIFIED., .F., .F. ) 
 B_SPLINE_CURVE_WITH_KNOTS ( ( 4, 4 ),
 ( 0.0000000000000000000, 1.000000000000000000 ),
 .UNSPECIFIED. ) 
 CURVE ( )  GEOMETRIC_REPRESENTATION_ITEM ( )  RATIONAL_B_SPLINE_CURVE ( ( 1.000000000000000000, 0.8737965628990114200, 0.8737965628990114200, 1.000000000000000000 ) ) 
 REPRESENTATION_ITEM ( '' )  );
#599 = ADVANCED_FACE ( 'NONE', ( #4945 ), #3699, .T. ) ;
#600 = ORIENTED_EDGE ( 'NONE', *, *, #4437, .T. ) ;
#601 = SURFACE_SIDE_STYLE ('',( #1133 ) ) ;
#602 = CIRCLE ( 'NONE', #4838, 497.5000000000000000 ) ;
#603 = CONICAL_SURFACE ( 'NONE', #3759, 71.49999999999998600, 0.7853981633974457300 ) ;
#604 =( NAMED_UNIT ( * ) SI_UNIT ( $, .STERADIAN. ) SOLID_ANGLE_UNIT ( ) );
#605 = CARTESIAN_POINT ( 'NONE',  ( 2823.000000000000000, 2009.999999999999800, 0.0000000000000000000 ) ) ;
#606 = ORIENTED_EDGE ( 'NONE', *, *, #1070, .T. ) ;
#607 = ORIENTED_EDGE ( 'NONE', *, *, #647, .T. ) ;
#608 = SURFACE_SIDE_STYLE ('',( #317 ) ) ;
#609 = AXIS2_PLACEMENT_3D ( 'NONE', #1232, #610, #1791 ) ;
#610 = DIRECTION ( 'NONE',  ( -0.0000000000000000000, -1.000000000000000000, -0.0000000000000000000 ) ) ;
#611 = EDGE_LOOP ( 'NONE', ( #4609, #3794 ) ) ;
#612 = EDGE_CURVE ( 'NONE', #844, #4093, #1010, .T. ) ;
#613 = PRESENTATION_STYLE_ASSIGNMENT (( #5361 ) ) ;
#614 =( LENGTH_UNIT ( ) NAMED_UNIT ( * ) SI_UNIT ( .MILLI., .METRE. ) );
#615 =( LENGTH_UNIT ( ) NAMED_UNIT ( * ) SI_UNIT ( .MILLI., .METRE. ) );
#616 = DIRECTION ( 'NONE',  ( 0.0000000000000000000, 0.0000000000000000000, -1.000000000000000000 ) ) ;
#617 = EDGE_LOOP ( 'NONE', ( #5506, #1603, #1019, #3510, #4314, #2310 ) ) ;
#618 = AXIS2_PLACEMENT_3D ( 'NONE', #1873, #2412, #192 ) ;
#619 = CARTESIAN_POINT ( 'NONE',  ( -4004.840000000000600, -1836.322537721261800, -3578.880000000000100 ) ) ;
#620 = EDGE_LOOP ( 'NONE', ( #4070, #258 ) ) ;
#621 = CARTESIAN_POINT ( 'NONE',  ( 2533.000000000000000, 1940.000000000000200, -117.4999999999986100 ) ) ;
#622 = CARTESIAN_POINT ( 'NONE',  ( 917.9999999999998900, 0.0000000000000000000, -144.4699999999999400 ) ) ;
#623 = EDGE_CURVE ( 'NONE', #3083, #4519, #5107, .T. ) ;
#624 = CARTESIAN_POINT ( 'NONE',  ( 917.9999999999998900, 1600.000000000000000, 0.0000000000000000000 ) ) ;
#625 = ORIENTED_EDGE ( 'NONE', *, *, #531, .T. ) ;
#626 =( NAMED_UNIT ( * ) SI_UNIT ( $, .STERADIAN. ) SOLID_ANGLE_UNIT ( ) );
#627 = AXIS2_PLACEMENT_3D ( 'NONE', #920, #6690, #5671 ) ;
#628 = CARTESIAN_POINT ( 'NONE',  ( -354.3999999999999800, 1.487211072884545900E-014, -121.4400000000000300 ) ) ;
#629 =( LENGTH_UNIT ( ) NAMED_UNIT ( * ) SI_UNIT ( .MILLI., .METRE. ) );
#630 = STYLED_ITEM ( 'NONE', ( #72 ), #6380 ) ;
#631 = DIRECTION ( 'NONE',  ( 1.000000000000000000, -0.0000000000000000000, -0.0000000000000000000 ) ) ;
#632 = UNCERTAINTY_MEASURE_WITH_UNIT (LENGTH_MEASURE( 1.000000000000000100E-005 ), #4283, 'distance_accuracy_value', 'NONE');
#633 = STYLED_ITEM ( 'NONE', ( #5936 ), #2665 ) ;
#634 =( NAMED_UNIT ( * ) PLANE_ANGLE_UNIT ( ) SI_UNIT ( $, .RADIAN. ) );
#635 = DIRECTION ( 'NONE',  ( -0.0000000000000000000, -0.0000000000000000000, -1.000000000000000000 ) ) ;
#636 = SURFACE_STYLE_USAGE ( .BOTH. , #1018 ) ;
#637 = PRESENTATION_LAYER_ASSIGNMENT (  '', '', ( #276 ) ) ;
#638 = SURFACE_STYLE_FILL_AREA ( #2592 ) ;
#639 =( NAMED_UNIT ( * ) SI_UNIT ( $, .STERADIAN. ) SOLID_ANGLE_UNIT ( ) );
#640 = FILL_AREA_STYLE_COLOUR ( '', #6687 ) ;
#641 = DIRECTION ( 'NONE',  ( -1.000000000000000000, 0.0000000000000000000, 0.0000000000000000000 ) ) ;
#642 = CARTESIAN_POINT ( 'NONE',  ( 917.9999999999998900, 1600.000000000000000, 0.0000000000000000000 ) ) ;
#643 = EDGE_CURVE ( 'NONE', #5692, #6704, #2275, .T. ) ;
#644 = CARTESIAN_POINT ( 'NONE',  ( 1672.203974350398300, 195.1834758921752700, 197.7831862630600300 ) ) ;
#645 = UNCERTAINTY_MEASURE_WITH_UNIT (LENGTH_MEASURE( 1.000000000000000100E-005 ), #6191, 'distance_accuracy_value', 'NONE');
#646 = DIRECTION ( 'NONE',  ( 1.000000000000000000, 0.0000000000000000000, -0.0000000000000000000 ) ) ;
#647 = EDGE_CURVE ( 'NONE', #4199, #1093, #6189, .T. ) ;
#648 = CARTESIAN_POINT ( 'NONE',  ( 2954.001100225208100, 482.1353275364771800, 122.7061092157676800 ) ) ;
#649 = CARTESIAN_POINT ( 'NONE',  ( 2759.405431346534900, 468.3304678843542800, 167.8509986757853800 ) ) ;
#650 = CARTESIAN_POINT ( 'NONE',  ( 12.58022456961535500, 0.0000000000000000000, -9.579187262930599200E-015 ) ) ;
#651 = ORIENTED_EDGE ( 'NONE', *, *, #647, .F. ) ;
#652 = CARTESIAN_POINT ( 'NONE',  ( 647.6341489007028300, -28.90045015482151000, -496.6609516731342600 ) ) ;
#653 = CARTESIAN_POINT ( 'NONE',  ( 2823.000000000000000, 424.0008287708115500, 0.0000000000000000000 ) ) ;
#654 = FACE_BOUND ( 'NONE', #4773, .T. ) ;
#655 = CIRCLE ( 'NONE', #3084, 75.00000000000007100 ) ;
#656 =( NAMED_UNIT ( * ) SI_UNIT ( $, .STERADIAN. ) SOLID_ANGLE_UNIT ( ) );
#657 = VECTOR ( 'NONE', #6631, 1000.000000000000000 ) ;
#658 = AXIS2_PLACEMENT_3D ( 'NONE', #833, #4598, #4574 ) ;
#659 = ORIENTED_EDGE ( 'NONE', *, *, #4132, .T. ) ;
#660 = DIRECTION ( 'NONE',  ( 0.0000000000000000000, 1.000000000000000000, 0.0000000000000000000 ) ) ;
#661 = DIRECTION ( 'NONE',  ( 0.0000000000000000000, 0.0000000000000000000, 1.000000000000000000 ) ) ;
#662 = VECTOR ( 'NONE', #3617, 1000.000000000000000 ) ;
#663 = EDGE_CURVE ( 'NONE', #5527, #1695, #3350, .T. ) ;
#664 = FACE_OUTER_BOUND ( 'NONE', #5818, .T. ) ;
#665 = CARTESIAN_POINT ( 'NONE',  ( 1208.000000000000000, 1939.999999999999800, 496.0000000000000000 ) ) ;
#666 = SURFACE_SIDE_STYLE ('',( #4943 ) ) ;
#667 = CARTESIAN_POINT ( 'NONE',  ( 484.5802245696154400, 0.0000000000000000000, -57.15000000000002000 ) ) ;
#668 = SURFACE_STYLE_USAGE ( .BOTH. , #4926 ) ;
#669 = ORIENTED_EDGE ( 'NONE', *, *, #2325, .F. ) ;
#670 = ORIENTED_EDGE ( 'NONE', *, *, #1647, .T. ) ;
#671 = AXIS2_PLACEMENT_3D ( 'NONE', #962, #2535, #2574 ) ;
#672 = CARTESIAN_POINT ( 'NONE',  ( 2951.986407839354800, 481.5914408633999000, 124.8217701821482300 ) ) ;
#673 = EDGE_LOOP ( 'NONE', ( #6782, #1758, #1818, #4337 ) ) ;
#674 = ORIENTED_EDGE ( 'NONE', *, *, #4743, .F. ) ;
#675 = AXIS2_PLACEMENT_3D ( 'NONE', #4994, #1804, #100 ) ;
#676 = COLOUR_RGB ( '',0.7921568627450980000, 0.8196078431372548800, 0.9333333333333333500 ) ;
#677 = CIRCLE ( 'NONE', #4238, 121.4400000000002100 ) ;
#678 = PRESENTATION_STYLE_ASSIGNMENT (( #997 ) ) ;
#679 = CYLINDRICAL_SURFACE ( 'NONE', #5898, 63.50000000000000000 ) ;
#680 = CARTESIAN_POINT ( 'NONE',  ( 646.6471811210351500, -30.98179502637501100, -496.5354622914242100 ) ) ;
#681 = SURFACE_SIDE_STYLE ('',( #2921 ) ) ;
#682 = ORIENTED_EDGE ( 'NONE', *, *, #5645, .T. ) ;
#683 = COLOUR_RGB ( '',0.7921568627450980000, 0.8196078431372548800, 0.9333333333333333500 ) ;
#684 = CIRCLE ( 'NONE', #1358, 259.5599999999995500 ) ;
#685 = FILL_AREA_STYLE_COLOUR ( '', #5085 ) ;
#686 = EDGE_LOOP ( 'NONE', ( #3149, #3445, #4851, #4394 ) ) ;
#687 =( NAMED_UNIT ( * ) SI_UNIT ( $, .STERADIAN. ) SOLID_ANGLE_UNIT ( ) );
#688 =( NAMED_UNIT ( * ) PLANE_ANGLE_UNIT ( ) SI_UNIT ( $, .RADIAN. ) );
#689 = STYLED_ITEM ( 'NONE', ( #1851 ), #2695 ) ;
#690 = FILL_AREA_STYLE_COLOUR ( '', #1273 ) ;
#691 = SURFACE_STYLE_FILL_AREA ( #1082 ) ;
#692 = FILL_AREA_STYLE_COLOUR ( '', #2902 ) ;
#693 = ORIENTED_EDGE ( 'NONE', *, *, #295, .F. ) ;
#694 = FILL_AREA_STYLE_COLOUR ( '', #4323 ) ;
#695 = ORIENTED_EDGE ( 'NONE', *, *, #1410, .F. ) ;
#696 = DIRECTION ( 'NONE',  ( 0.0000000000000000000, 1.000000000000000000, 7.313722164856104300E-015 ) ) ;
#697 = CARTESIAN_POINT ( 'NONE',  ( 2718.100418210838100, 475.6872009016548200, -145.7379174336184600 ) ) ;
#698 = DIRECTION ( 'NONE',  ( -0.0000000000000000000, -1.000000000000000000, -0.0000000000000000000 ) ) ;
#699 = ORIENTED_EDGE ( 'NONE', *, *, #2708, .T. ) ;
#700 = PRESENTATION_LAYER_ASSIGNMENT (  '', '', ( #2230 ) ) ;
#701 = EDGE_CURVE ( 'NONE', #6119, #5907, #831, .T. ) ;
#702 = EDGE_LOOP ( 'NONE', ( #6315, #1387, #1218, #4686 ) ) ;
#703 = PLANE ( 'NONE',  #5807 ) ;
#704 = SURFACE_SIDE_STYLE ('',( #2003 ) ) ;
#705 = DIRECTION ( 'NONE',  ( 1.000000000000000000, -0.0000000000000000000, -0.0000000000000000000 ) ) ;
#706 = DIRECTION ( 'NONE',  ( -0.0000000000000000000, -1.000000000000000000, -0.0000000000000000000 ) ) ;
#707 =( NAMED_UNIT ( * ) PLANE_ANGLE_UNIT ( ) SI_UNIT ( $, .RADIAN. ) );
#708 = DIRECTION ( 'NONE',  ( 1.000000000000000000, 0.0000000000000000000, -0.0000000000000000000 ) ) ;
#709 = CARTESIAN_POINT ( 'NONE',  ( 248.0000000000000000, 0.0000000000000000000, 0.0000000000000000000 ) ) ;
#710 = DIRECTION ( 'NONE',  ( 0.0000000000000000000, -0.0000000000000000000, 1.000000000000000000 ) ) ;
#711 = EDGE_CURVE ( 'NONE', #81, #1803, #5937, .T. ) ;
#712 = DIRECTION ( 'NONE',  ( 0.0000000000000000000, -1.000000000000000000, 0.0000000000000000000 ) ) ;
#713 = STYLED_ITEM ( 'NONE', ( #2575 ), #3222 ) ;
#714 = ORIENTED_EDGE ( 'NONE', *, *, #701, .T. ) ;
#715 = CARTESIAN_POINT ( 'NONE',  ( 2649.743482300513700, 495.2919562807998100, 46.90984265278117200 ) ) ;
#716 = MECHANICAL_DESIGN_GEOMETRIC_PRESENTATION_REPRESENTATION (  '', ( #4188 ), #4410 ) ;
#717 = AXIS2_PLACEMENT_3D ( 'NONE', #5896, #1009, #3682 ) ;
#718 = CARTESIAN_POINT ( 'NONE',  ( -3761.960000000000000, -1694.046727750439500, -3335.999999999999100 ) ) ;
#719 = ORIENTED_EDGE ( 'NONE', *, *, #6881, .F. ) ;
#720 = SURFACE_SIDE_STYLE ('',( #2291 ) ) ;
#721 = LINE ( 'NONE', #2776, #3581 ) ;
#722 = CARTESIAN_POINT ( 'NONE',  ( 552.9999999999997700, 1939.999999999999800, 496.0000000000000000 ) ) ;
#723 = CARTESIAN_POINT ( 'NONE',  ( 0.0000000000000000000, 0.0000000000000000000, 0.0000000000000000000 ) ) ;
#724 = UNCERTAINTY_MEASURE_WITH_UNIT (LENGTH_MEASURE( 1.000000000000000100E-005 ), #2862, 'distance_accuracy_value', 'NONE');
#725 =( GEOMETRIC_REPRESENTATION_CONTEXT ( 3 ) GLOBAL_UNCERTAINTY_ASSIGNED_CONTEXT ( ( #4135 ) ) GLOBAL_UNIT_ASSIGNED_CONTEXT ( ( #614, #5422, #5452 ) ) REPRESENTATION_CONTEXT ( 'NONE', 'WORKASPACE' ) );
#726 =( NAMED_UNIT ( * ) PLANE_ANGLE_UNIT ( ) SI_UNIT ( $, .RADIAN. ) );
#727 = SURFACE_STYLE_FILL_AREA ( #4762 ) ;
#728 =( LENGTH_UNIT ( ) NAMED_UNIT ( * ) SI_UNIT ( .MILLI., .METRE. ) );
#729 = VERTEX_POINT ( 'NONE', #4567 ) ;
#730 = SURFACE_STYLE_USAGE ( .BOTH. , #6658 ) ;
#731 = DIRECTION ( 'NONE',  ( -0.0000000000000000000, 0.0000000000000000000, -1.000000000000000000 ) ) ;
#732 = DIRECTION ( 'NONE',  ( -0.0000000000000000000, -1.000000000000000000, -0.0000000000000000000 ) ) ;
#733 = ORIENTED_EDGE ( 'NONE', *, *, #3224, .T. ) ;
#734 = DIRECTION ( 'NONE',  ( 0.0000000000000000000, 0.0000000000000000000, 1.000000000000000000 ) ) ;
#735 = DIRECTION ( 'NONE',  ( 8.659560562354946400E-017, 0.7071067811865465700, -0.7071067811865485700 ) ) ;
#736 = LINE ( 'NONE', #185, #3681 ) ;
#737 = SURFACE_STYLE_USAGE ( .BOTH. , #1251 ) ;
#738 = PRESENTATION_STYLE_ASSIGNMENT (( #1026 ) ) ;
#739 = AXIS2_PLACEMENT_3D ( 'NONE', #1955, #344, #5659 ) ;
#740 = CARTESIAN_POINT ( 'NONE',  ( 2736.714123904465900, 471.9538080678909200, -157.3734188528708000 ) ) ;
#741 = PRESENTATION_STYLE_ASSIGNMENT (( #2802 ) ) ;
#742 = PRESENTATION_STYLE_ASSIGNMENT (( #2768 ) ) ;
#743 = DIRECTION ( 'NONE',  ( -3.656861082428052200E-015, -1.000000000000000000, 0.0000000000000000000 ) ) ;
#744 = CIRCLE ( 'NONE', #5375, 144.4699999999997700 ) ;
#745 = CARTESIAN_POINT ( 'NONE',  ( -4004.839999999999700, -1541.999999999999300, -3335.999999999999500 ) ) ;
#746 = ORIENTED_EDGE ( 'NONE', *, *, #2101, .T. ) ;
#747 = CARTESIAN_POINT ( 'NONE',  ( 1908.577679628630700, 6.092617825758081200E-014, 497.5000000000000000 ) ) ;
#748 = PRESENTATION_STYLE_ASSIGNMENT (( #1258 ) ) ;
#749 = AXIS2_PLACEMENT_3D ( 'NONE', #542, #5843, #3217 ) ;
#750 = COLOUR_RGB ( '',0.7921568627450980000, 0.8196078431372548800, 0.9333333333333333500 ) ;
#751 = CARTESIAN_POINT ( 'NONE',  ( -1275.399999999999200, -2044.439999999999800, -3335.999999999999500 ) ) ;
#752 = VERTEX_POINT ( 'NONE', #283 ) ;
#753 = VERTEX_POINT ( 'NONE', #824 ) ;
#754 = EDGE_CURVE ( 'NONE', #5692, #6217, #4356, .T. ) ;
#755 = FILL_AREA_STYLE_COLOUR ( '', #5045 ) ;
#756 = DIRECTION ( 'NONE',  ( -0.0000000000000000000, -1.000000000000000000, -0.0000000000000000000 ) ) ;
#757 =( NAMED_UNIT ( * ) SI_UNIT ( $, .STERADIAN. ) SOLID_ANGLE_UNIT ( ) );
#758 =( NAMED_UNIT ( * ) PLANE_ANGLE_UNIT ( ) SI_UNIT ( $, .RADIAN. ) );
#759 = DIRECTION ( 'NONE',  ( -0.0000000000000000000, -1.000000000000000000, 0.0000000000000000000 ) ) ;
#760 = EDGE_LOOP ( 'NONE', ( #5697, #5170, #1583, #6810, #5046, #6280 ) ) ;
#761 = AXIS2_PLACEMENT_3D ( 'NONE', #6621, #759, #4504 ) ;
#762 = CIRCLE ( 'NONE', #3200, 497.5000000000000000 ) ;
#763 = FACE_OUTER_BOUND ( 'NONE', #686, .T. ) ;
#764 = FACE_OUTER_BOUND ( 'NONE', #2224, .T. ) ;
#765 = MECHANICAL_DESIGN_GEOMETRIC_PRESENTATION_REPRESENTATION (  '', ( #6626 ), #6844 ) ;
#766 = CARTESIAN_POINT ( 'NONE',  ( 964.7154709627385500, 466.3126310803731400, -173.3844449322596700 ) ) ;
#767 = CARTESIAN_POINT ( 'NONE',  ( 2663.472024974801100, 490.6569385499799400, -82.27306894332691900 ) ) ;
#768 = PRESENTATION_LAYER_ASSIGNMENT (  '', '', ( #468 ) ) ;
#769 = ORIENTED_EDGE ( 'NONE', *, *, #5052, .T. ) ;
#770 = CARTESIAN_POINT ( 'NONE',  ( 649.3999507492085300, 24.64527523591642600, -496.8903709732357500 ) ) ;
#771 = DIRECTION ( 'NONE',  ( -0.0000000000000000000, -0.0000000000000000000, -1.000000000000000000 ) ) ;
#772 = UNCERTAINTY_MEASURE_WITH_UNIT (LENGTH_MEASURE( 1.000000000000000100E-005 ), #5075, 'distance_accuracy_value', 'NONE');
#773 = STYLED_ITEM ( 'NONE', ( #3073 ), #4737 ) ;
#774 = ORIENTED_EDGE ( 'NONE', *, *, #1227, .F. ) ;
#775 = SURFACE_SIDE_STYLE ('',( #1185 ) ) ;
#776 = ORIENTED_EDGE ( 'NONE', *, *, #79, .F. ) ;
#777 = CIRCLE ( 'NONE', #538, 75.00000000000017100 ) ;
#778 = CARTESIAN_POINT ( 'NONE',  ( 0.0000000000000000000, 0.0000000000000000000, 0.0000000000000000000 ) ) ;
#779 = CARTESIAN_POINT ( 'NONE',  ( 1744.234409606303600, 1.088711004441997100E-014, 88.90000000000000600 ) ) ;
#780 = SURFACE_STYLE_USAGE ( .BOTH. , #1842 ) ;
#781 = EDGE_CURVE ( 'NONE', #5860, #3517, #4846, .T. ) ;
#782 = ORIENTED_EDGE ( 'NONE', *, *, #2060, .F. ) ;
#783 = DIRECTION ( 'NONE',  ( 7.313722164856104300E-015, 1.000000000000000000, 0.0000000000000000000 ) ) ;
#784 = DIRECTION ( 'NONE',  ( 1.000000000000000000, 0.0000000000000000000, 0.0000000000000000000 ) ) ;
#785 = AXIS2_PLACEMENT_3D ( 'NONE', #5324, #3850, #1167 ) ;
#786 = FILL_AREA_STYLE_COLOUR ( '', #3194 ) ;
#787 = ORIENTED_EDGE ( 'NONE', *, *, #3151, .F. ) ;
#788 = DIRECTION ( 'NONE',  ( -0.0000000000000000000, -1.000000000000000000, -0.0000000000000000000 ) ) ;
#789 = UNCERTAINTY_MEASURE_WITH_UNIT (LENGTH_MEASURE( 1.000000000000000100E-005 ), #5825, 'distance_accuracy_value', 'NONE');
#790 = PRESENTATION_STYLE_ASSIGNMENT (( #4392 ) ) ;
#791 = MECHANICAL_DESIGN_GEOMETRIC_PRESENTATION_REPRESENTATION (  '', ( #2788 ), #4028 ) ;
#792 = EDGE_LOOP ( 'NONE', ( #5206, #1792, #6674, #5851 ) ) ;
#793 = CIRCLE ( 'NONE', #3174, 74.99999999999995700 ) ;
#794 = ORIENTED_EDGE ( 'NONE', *, *, #876, .T. ) ;
#795 = CARTESIAN_POINT ( 'NONE',  ( 1029.696485579602300, 477.2542433270323300, -140.4831788092090200 ) ) ;
#796 = CARTESIAN_POINT ( 'NONE',  ( 2802.175507683483800, 464.4584628533497700, -178.2826045600595800 ) ) ;
#797 = VECTOR ( 'NONE', #5231, 1000.000000000000000 ) ;
#798 = CARTESIAN_POINT ( 'NONE',  ( 523.4984762325030900, 35.04339794791669500, -496.2683885891498800 ) ) ;
#799 = ORIENTED_EDGE ( 'NONE', *, *, #5351, .T. ) ;
#800 = STYLED_ITEM ( 'NONE', ( #5173 ), #1086 ) ;
#801 = DIRECTION ( 'NONE',  ( -1.000000000000000000, 0.0000000000000000000, 0.0000000000000000000 ) ) ;
#802 = EDGE_CURVE ( 'NONE', #73, #6223, #6182, .T. ) ;
#803 = CARTESIAN_POINT ( 'NONE',  ( 772.3010523213934000, 486.3376400959692200, 104.8019566858401400 ) ) ;
#804 =( LENGTH_UNIT ( ) NAMED_UNIT ( * ) SI_UNIT ( .MILLI., .METRE. ) );
#805 = SURFACE_SIDE_STYLE ('',( #4129 ) ) ;
#806 = VERTEX_POINT ( 'NONE', #873 ) ;
#807 = CARTESIAN_POINT ( 'NONE',  ( 917.9999999999998900, 1600.000000000000000, 0.0000000000000000000 ) ) ;
#808 = EDGE_CURVE ( 'NONE', #4602, #490, #2360, .T. ) ;
#809 = DIRECTION ( 'NONE',  ( 0.0000000000000000000, 0.0000000000000000000, 1.000000000000000000 ) ) ;
#810 = PRESENTATION_LAYER_ASSIGNMENT (  '', '', ( #2354 ) ) ;
#811 = COLOUR_RGB ( '',0.7921568627450980000, 0.8196078431372548800, 0.9333333333333333500 ) ;
#812 = CARTESIAN_POINT ( 'NONE',  ( 1060.220646660905700, 485.3047516482140500, -109.5048641129184800 ) ) ;
#813 = DIRECTION ( 'NONE',  ( 0.0000000000000000000, 0.0000000000000000000, -1.000000000000000000 ) ) ;
#814 = CARTESIAN_POINT ( 'NONE',  ( 3002.463211883583900, 497.4975512309887300, -6.111868265352389300 ) ) ;
#815 = MECHANICAL_DESIGN_GEOMETRIC_PRESENTATION_REPRESENTATION (  '', ( #2402 ), #1166 ) ;
#816 = CARTESIAN_POINT ( 'NONE',  ( 555.1865195167594000, 63.67359807481958000, -493.4087246329253300 ) ) ;
#817 = ORIENTED_EDGE ( 'NONE', *, *, #6788, .F. ) ;
#818 = FILL_AREA_STYLE_COLOUR ( '', #6367 ) ;
#819 = CARTESIAN_POINT ( 'NONE',  ( 1857.456635693381500, 195.1834758921754900, -541.2040925420352600 ) ) ;
#820 =( GEOMETRIC_REPRESENTATION_CONTEXT ( 3 ) GLOBAL_UNCERTAINTY_ASSIGNED_CONTEXT ( ( #6748 ) ) GLOBAL_UNIT_ASSIGNED_CONTEXT ( ( #4261, #3143, #1610 ) ) REPRESENTATION_CONTEXT ( 'NONE', 'WORKASPACE' ) );
#821 = EDGE_LOOP ( 'NONE', ( #146, #4593 ) ) ;
#822 = CARTESIAN_POINT ( 'NONE',  ( 1208.000000000000000, 1939.999999999999800, 117.4999999999999400 ) ) ;
#823 = CARTESIAN_POINT ( 'NONE',  ( 770.6071278022860700, 486.8477951004344400, 102.4059310056919500 ) ) ;
#824 = CARTESIAN_POINT ( 'NONE',  ( 484.5802245696154400, 5.950558797056993100E-015, 48.59000000000003200 ) ) ;
#825 = PRESENTATION_STYLE_ASSIGNMENT (( #1235 ) ) ;
#826 = CARTESIAN_POINT ( 'NONE',  ( 2965.430031542581700, 485.3559827478519500, 109.3499229958326000 ) ) ;
#827 = CARTESIAN_POINT ( 'NONE',  ( -3949.746991967930600, 1498.440000000001200, -3391.776869075712500 ) ) ;
#828 = DIRECTION ( 'NONE',  ( 0.0000000000000000000, 0.0000000000000000000, -1.000000000000000000 ) ) ;
#829 = VERTEX_POINT ( 'NONE', #6245 ) ;
#830 = DIRECTION ( 'NONE',  ( 0.0000000000000000000, 0.0000000000000000000, -1.000000000000000000 ) ) ;
#831 = LINE ( 'NONE', #6684, #6352 ) ;
#832 = MECHANICAL_DESIGN_GEOMETRIC_PRESENTATION_REPRESENTATION (  '', ( #4782 ), #110 ) ;
#833 = CARTESIAN_POINT ( 'NONE',  ( 2823.000000000000000, 424.0008287708115500, 0.0000000000000000000 ) ) ;
#834 = CARTESIAN_POINT ( 'NONE',  ( 1078.865712788544400, 491.0882993442717200, -79.78559693671566300 ) ) ;
#835 = DIRECTION ( 'NONE',  ( -0.9254889700103148300, 0.0000000000000000000, 0.3787745587935476000 ) ) ;
#836 = ORIENTED_EDGE ( 'NONE', *, *, #3187, .T. ) ;
#837 = ORIENTED_EDGE ( 'NONE', *, *, #3388, .T. ) ;
#838 = CARTESIAN_POINT ( 'NONE',  ( 2897.466858545769400, 469.9078236353382700, -163.3971342805092500 ) ) ;
#839 = CARTESIAN_POINT ( 'NONE',  ( 617.9650444712646000, 61.08105126994973900, -493.7364174408009500 ) ) ;
#840 = CYLINDRICAL_SURFACE ( 'NONE', #594, 179.4700000000000000 ) ;
#841 = EDGE_CURVE ( 'NONE', #3572, #922, #2184, .T. ) ;
#842 = VECTOR ( 'NONE', #6240, 1000.000000000000000 ) ;
#843 = DIRECTION ( 'NONE',  ( 0.0000000000000000000, 0.0000000000000000000, 1.000000000000000000 ) ) ;
#844 = VERTEX_POINT ( 'NONE', #1893 ) ;
#845 = SURFACE_SIDE_STYLE ('',( #261 ) ) ;
#846 = CIRCLE ( 'NONE', #6107, 121.4400000000000000 ) ;
#847 = LINE ( 'NONE', #3127, #5117 ) ;
#848 = UNCERTAINTY_MEASURE_WITH_UNIT (LENGTH_MEASURE( 1.000000000000000100E-005 ), #6516, 'distance_accuracy_value', 'NONE');
#849 = CARTESIAN_POINT ( 'NONE',  ( 653.8800000000000000, 0.0000000000000000000, -782.0000000000000000 ) ) ;
#850 = EDGE_CURVE ( 'NONE', #1230, #6682, #5754, .T. ) ;
#851 = ORIENTED_EDGE ( 'NONE', *, *, #4916, .F. ) ;
#852 = DIRECTION ( 'NONE',  ( 0.0000000000000000000, 0.0000000000000000000, -1.000000000000000000 ) ) ;
#853 = AXIS2_PLACEMENT_3D ( 'NONE', #6606, #150, #4470 ) ;
#854 = FACE_OUTER_BOUND ( 'NONE', #901, .T. ) ;
#855 = CARTESIAN_POINT ( 'NONE',  ( 2982.527975025198000, 490.6569385499799400, 82.27306894332690500 ) ) ;
#856 = CARTESIAN_POINT ( 'NONE',  ( 1218.000000000000000, 1869.999999999999800, -117.5000000000000100 ) ) ;
#857 = CARTESIAN_POINT ( 'NONE',  ( 765.6223144314635600, 488.3709940874968000, -94.99682062107352500 ) ) ;
#858 =( GEOMETRIC_REPRESENTATION_CONTEXT ( 3 ) GLOBAL_UNCERTAINTY_ASSIGNED_CONTEXT ( ( #1644 ) ) GLOBAL_UNIT_ASSIGNED_CONTEXT ( ( #2619, #4927, #2805 ) ) REPRESENTATION_CONTEXT ( 'NONE', 'WORKASPACE' ) );
#859 = ORIENTED_EDGE ( 'NONE', *, *, #6662, .F. ) ;
#860 = STYLED_ITEM ( 'NONE', ( #6858 ), #6255 ) ;
#861 = CARTESIAN_POINT ( 'NONE',  ( 923.9815775659282100, 464.0008287708116100, -179.4700000000000300 ) ) ;
#862 = CARTESIAN_POINT ( 'NONE',  ( 2907.055522721593200, 1869.999999999999800, -117.4999999999985900 ) ) ;
#863 = CARTESIAN_POINT ( 'NONE',  ( 3001.879233856454000, 497.2871796325148900, 14.62618120781609600 ) ) ;
#864 = B_SPLINE_CURVE_WITH_KNOTS ( 'NONE', 3,
 ( #6681, #3515, #2491, #5617, #3444, #6198, #3001, #229, #5130, #3540, #3470, #2957, #3492, #5059, #6655, #2410, #281, #1870, #256, #322, #4088, #871, #4615, #4043, #3996, #4546, #4522, #1892, #6136, #2925, #803, #823, #4566, #6224, #3589, #892, #6773, #3569, #6750, #348, #5172, #5718, #2511, #4138, #374, #4113, #3034, #4642, #1439, #1979, #917, #6244, #3056, #1449, #6248, #877, #944, #381, #2033, #4074, #3619, #5699, #407, #4095, #4648, #303, #857, #4145, #5138, #4164, #1398, #5675, #5744, #924, #6781, #1943, #4597, #2478, #5724, #4689, #1488, #6205, #1984, #4122, #2009, #4666, #2521, #3062, #3109, #1466, #3014, #1966, #5177, #5772, #2558, #5204, #6733, #2542, #3549, #3597 ),
 .UNSPECIFIED., .F., .F.,
 ( 4, 2, 2, 2, 2, 2, 2, 2, 2, 2, 2, 2, 2, 2, 2, 2, 2, 2, 2, 2, 2, 2, 2, 2, 2, 2, 2, 2, 2, 2, 2, 2, 2, 2, 2, 2, 2, 2, 2, 2, 2, 2, 2, 2, 2, 2, 2, 2, 2, 4 ),
 ( 0.0000000000000000000, 0.01767706135556904000, 0.03535412271113808100, 0.05303118406670711400, 0.05745044940559920100, 0.06186971474449129400, 0.07070824542227575900, 0.08838530677784439700, 0.1060623681334130300, 0.1149008988111975300, 0.1193201641500897800, 0.1237394294889820600, 0.1414164908445508000, 0.1590935522001195900, 0.1679320828779039800, 0.1723513482167963200, 0.1767706135556886500, 0.1944476749112580600, 0.2121247362668274600, 0.2298017976223968000, 0.2386403283001815000, 0.2474788589779662300, 0.2651559203335356900, 0.2828329816891052000, 0.2916715123668899300, 0.2960907777057822900, 0.3005100430446746600, 0.3181871044002441700, 0.3358641657558137400, 0.3535412271113832500, 0.3579604924502756700, 0.3623797577891680300, 0.3712182884669528700, 0.3888953498225223800, 0.4065724111780919000, 0.4109916765169842100, 0.4154109418558765100, 0.4242494725336611900, 0.4419265338892307500, 0.4596035952448002700, 0.4684421259225852200, 0.4728613912614777500, 0.4772806566003702800, 0.4949577179559403500, 0.5126347793115104700, 0.5303118406670804800, 0.5347311060059730700, 0.5391503713448657600, 0.5479889020226513800, 0.5656659633782230600 ),
 .UNSPECIFIED. ) ;
#865 = ORIENTED_EDGE ( 'NONE', *, *, #663, .T. ) ;
#866 = CARTESIAN_POINT ( 'NONE',  ( -513.3999999999999800, 1.487211072884545900E-014, -121.4400000000000300 ) ) ;
#867 = CARTESIAN_POINT ( 'NONE',  ( 62.73714325720444400, 0.0000000000000000000, 0.0000000000000000000 ) ) ;
#868 = MECHANICAL_DESIGN_GEOMETRIC_PRESENTATION_REPRESENTATION (  '', ( #4244 ), #138 ) ;
#869 = ORIENTED_EDGE ( 'NONE', *, *, #1936, .T. ) ;
#870 = DIRECTION ( 'NONE',  ( -1.000000000000000000, -0.0000000000000000000, -0.0000000000000000000 ) ) ;
#871 = CARTESIAN_POINT ( 'NONE',  ( 806.3035144203972800, 477.2542433270323800, 140.4831788092090500 ) ) ;
#872 = CONICAL_SURFACE ( 'NONE', #4329, 164.4999999999999400, 0.7853981633974497200 ) ;
#873 = CARTESIAN_POINT ( 'NONE',  ( 12.58022456961535500, 1.915837452586119200E-014, 156.4400000000000000 ) ) ;
#874 = DIRECTION ( 'NONE',  ( 0.0000000000000000000, 0.0000000000000000000, 1.000000000000000000 ) ) ;
#875 = DIRECTION ( 'NONE',  ( 0.0000000000000000000, 1.000000000000000000, 0.0000000000000000000 ) ) ;
#876 = EDGE_CURVE ( 'NONE', #3140, #1872, #501, .T. ) ;
#877 = CARTESIAN_POINT ( 'NONE',  ( 743.1639418573823800, 495.8459955432600200, -40.94554591607705900 ) ) ;
#878 = DIRECTION ( 'NONE',  ( 0.0000000000000000000, 0.0000000000000000000, 1.000000000000000000 ) ) ;
#879 = CARTESIAN_POINT ( 'NONE',  ( 1096.019836396777900, 496.9784031549535300, 23.53716099757430100 ) ) ;
#880 = FILL_AREA_STYLE ('',( #3555 ) ) ;
#881 = CARTESIAN_POINT ( 'NONE',  ( 2846.651616710377800, 464.5661807260557900, -178.0025450640764300 ) ) ;
#882 = SURFACE_STYLE_FILL_AREA ( #1276 ) ;
#883 = CARTESIAN_POINT ( 'NONE',  ( 537.9656119646679100, 52.58669753052472400, -494.7135392725916700 ) ) ;
#884 = AXIS2_PLACEMENT_3D ( 'NONE', #4696, #1552, #1571 ) ;
#885 = CARTESIAN_POINT ( 'NONE',  ( -772.9600000000000400, 1.487211072884545900E-014, -381.0000000000000600 ) ) ;
#886 =( NAMED_UNIT ( * ) PLANE_ANGLE_UNIT ( ) SI_UNIT ( $, .RADIAN. ) );
#887 = EDGE_CURVE ( 'NONE', #3131, #4192, #3606, .T. ) ;
#888 = SURFACE_SIDE_STYLE ('',( #3269 ) ) ;
#889 = FACE_OUTER_BOUND ( 'NONE', #1967, .T. ) ;
#890 = DIRECTION ( 'NONE',  ( 0.0000000000000000000, 0.0000000000000000000, -1.000000000000000000 ) ) ;
#891 = CARTESIAN_POINT ( 'NONE',  ( 3113.000000000000000, 1940.000000000000200, 496.0000000000000000 ) ) ;
#892 = CARTESIAN_POINT ( 'NONE',  ( 757.1342872114563500, 491.0882993442716000, 79.78559693671577700 ) ) ;
#893 = CARTESIAN_POINT ( 'NONE',  ( 1934.000000000000200, -497.3586457683633200, 11.85864576836329600 ) ) ;
#894 = COLOUR_RGB ( '',0.7921568627450980000, 0.8196078431372548800, 0.9333333333333333500 ) ;
#895 = CARTESIAN_POINT ( 'NONE',  ( 52.58022456961535300, 0.0000000000000000000, -156.4400000000000000 ) ) ;
#896 = AXIS2_PLACEMENT_3D ( 'NONE', #3100, #3637, #2076 ) ;
#897 = DIRECTION ( 'NONE',  ( 0.0000000000000000000, 0.0000000000000000000, -1.000000000000000000 ) ) ;
#898 = DIRECTION ( 'NONE',  ( 1.000000000000000000, -0.0000000000000000000, 0.0000000000000000000 ) ) ;
#899 = MECHANICAL_DESIGN_GEOMETRIC_PRESENTATION_REPRESENTATION (  '', ( #5963 ), #6181 ) ;
#900 = SURFACE_STYLE_FILL_AREA ( #5507 ) ;
#901 = EDGE_LOOP ( 'NONE', ( #4951, #5074, #2627, #3522 ) ) ;
#902 = CARTESIAN_POINT ( 'NONE',  ( 947.6772499801476200, 464.9466246763340700, 177.0055444078747100 ) ) ;
#903 = SURFACE_STYLE_USAGE ( .BOTH. , #4126 ) ;
#904 = CARTESIAN_POINT ( 'NONE',  ( 2852.470236507856000, 464.9002132059087600, -177.1314916325079900 ) ) ;
#905 = MECHANICAL_DESIGN_GEOMETRIC_PRESENTATION_REPRESENTATION (  '', ( #4279 ), #2817 ) ;
#906 = CARTESIAN_POINT ( 'NONE',  ( 2823.000000000000000, 464.0008287708115500, 179.4700000000000000 ) ) ;
#907 = PRESENTATION_STYLE_ASSIGNMENT (( #3575 ) ) ;
#908 = STYLED_ITEM ( 'NONE', ( #3441 ), #6927 ) ;
#909 = CARTESIAN_POINT ( 'NONE',  ( -1015.840000000000100, -242.8800000000000500, -380.9999999999998900 ) ) ;
#910 = EDGE_CURVE ( 'NONE', #5813, #1230, #6599, .T. ) ;
#911 = CIRCLE ( 'NONE', #3567, 69.88000000000005200 ) ;
#912 = CARTESIAN_POINT ( 'NONE',  ( 1881.527547663555900, -196.8454561511633500, -544.0055660007615200 ) ) ;
#913 =( LENGTH_UNIT ( ) NAMED_UNIT ( * ) SI_UNIT ( .MILLI., .METRE. ) );
#914 = AXIS2_PLACEMENT_3D ( 'NONE', #455, #1980, #2078 ) ;
#915 = CIRCLE ( 'NONE', #4663, 144.4699999999999400 ) ;
#916 = CARTESIAN_POINT ( 'NONE',  ( 917.9999999999998900, 2009.999999999999800, 144.4699999999998000 ) ) ;
#917 = CARTESIAN_POINT ( 'NONE',  ( 738.9023855389904200, 497.3657750865189100, -11.65117917514223400 ) ) ;
#918 = ORIENTED_EDGE ( 'NONE', *, *, #5364, .T. ) ;
#919 = UNCERTAINTY_MEASURE_WITH_UNIT (LENGTH_MEASURE( 1.000000000000000100E-005 ), #3916, 'distance_accuracy_value', 'NONE');
#920 = CARTESIAN_POINT ( 'NONE',  ( -894.3999999999999800, 0.0000000000000000000, -380.9999999999999400 ) ) ;
#921 = ORIENTED_EDGE ( 'NONE', *, *, #5672, .F. ) ;
#922 = VERTEX_POINT ( 'NONE', #2891 ) ;
#923 = CARTESIAN_POINT ( 'NONE',  ( 12.58022456961535500, 0.0000000000000000000, 9.579187262930599200E-015 ) ) ;
#924 = CARTESIAN_POINT ( 'NONE',  ( 786.9988997747934700, 482.1353275364769500, -122.7061092157674400 ) ) ;
#925 = CARTESIAN_POINT ( 'NONE',  ( -3790.444132433464800, 996.0000000000004500, -3257.853469143198700 ) ) ;
#926 = CARTESIAN_POINT ( 'NONE',  ( 1083.149118873136300, 492.5146842263196200, 70.26692242971016400 ) ) ;
#927 =( NAMED_UNIT ( * ) PLANE_ANGLE_UNIT ( ) SI_UNIT ( $, .RADIAN. ) );
#928 = CARTESIAN_POINT ( 'NONE',  ( 12.58022456961535500, 0.0000000000000000000, -9.579187262930599200E-015 ) ) ;
#929 = ORIENTED_EDGE ( 'NONE', *, *, #5550, .T. ) ;
#930 = DIRECTION ( 'NONE',  ( 0.0000000000000000000, 0.0000000000000000000, 1.000000000000000000 ) ) ;
#931 = EDGE_CURVE ( 'NONE', #5813, #1204, #6024, .T. ) ;
#932 = CIRCLE ( 'NONE', #5380, 121.4400000000000300 ) ;
#933 = CARTESIAN_POINT ( 'NONE',  ( -651.5199999999999800, -121.4399999999992600, -3107.046727750438500 ) ) ;
#934 = SURFACE_STYLE_FILL_AREA ( #5155 ) ;
#935 = VERTEX_POINT ( 'NONE', #6608 ) ;
#936 = COLOUR_RGB ( '',0.7921568627450980000, 0.8196078431372548800, 0.9333333333333333500 ) ;
#937 = DIRECTION ( 'NONE',  ( -0.0000000000000000000, -1.000000000000000000, -0.0000000000000000000 ) ) ;
#938 = EDGE_CURVE ( 'NONE', #4796, #5013, #5277, .T. ) ;
#939 = AXIS2_PLACEMENT_3D ( 'NONE', #6327, #1972, #3146 ) ;
#940 = ORIENTED_EDGE ( 'NONE', *, *, #4042, .F. ) ;
#941 = FILL_AREA_STYLE_COLOUR ( '', #6092 ) ;
#942 = LINE ( 'NONE', #2090, #6534 ) ;
#943 = DIRECTION ( 'NONE',  ( 0.0000000000000000000, 0.0000000000000000000, 1.000000000000000000 ) ) ;
#944 = CARTESIAN_POINT ( 'NONE',  ( 744.5978072528978400, 495.3408052222325200, -46.64434665251091200 ) ) ;
#945 =( GEOMETRIC_REPRESENTATION_CONTEXT ( 3 ) GLOBAL_UNCERTAINTY_ASSIGNED_CONTEXT ( ( #2378 ) ) GLOBAL_UNIT_ASSIGNED_CONTEXT ( ( #5229, #4684, #1485 ) ) REPRESENTATION_CONTEXT ( 'NONE', 'WORKASPACE' ) );
#946 = VERTEX_POINT ( 'NONE', #2254 ) ;
#947 = ORIENTED_EDGE ( 'NONE', *, *, #2383, .F. ) ;
#948 = AXIS2_PLACEMENT_3D ( 'NONE', #3743, #3255, #1628 ) ;
#949 = DIRECTION ( 'NONE',  ( 1.000000000000000000, -0.0000000000000000000, -0.0000000000000000000 ) ) ;
#950 = CARTESIAN_POINT ( 'NONE',  ( 959.3419913312469600, 465.8028689804007700, 174.7441369531628100 ) ) ;
#951 = CARTESIAN_POINT ( 'NONE',  ( -772.9600000000000400, 242.8800000000000500, -228.9532722495605700 ) ) ;
#952 = COLOUR_RGB ( '',0.7921568627450980000, 0.8196078431372548800, 0.9333333333333333500 ) ;
#953 = DIRECTION ( 'NONE',  ( 1.000000000000000000, 0.0000000000000000000, 0.0000000000000000000 ) ) ;
#954 = ORIENTED_EDGE ( 'NONE', *, *, #3348, .T. ) ;
#955 =( GEOMETRIC_REPRESENTATION_CONTEXT ( 3 ) GLOBAL_UNCERTAINTY_ASSIGNED_CONTEXT ( ( #1372 ) ) GLOBAL_UNIT_ASSIGNED_CONTEXT ( ( #2882, #758, #210 ) ) REPRESENTATION_CONTEXT ( 'NONE', 'WORKASPACE' ) );
#956 =( LENGTH_UNIT ( ) NAMED_UNIT ( * ) SI_UNIT ( .MILLI., .METRE. ) );
#957 = ORIENTED_EDGE ( 'NONE', *, *, #48, .F. ) ;
#958 =( GEOMETRIC_REPRESENTATION_CONTEXT ( 3 ) GLOBAL_UNCERTAINTY_ASSIGNED_CONTEXT ( ( #3964 ) ) GLOBAL_UNIT_ASSIGNED_CONTEXT ( ( #1079, #1060, #3160 ) ) REPRESENTATION_CONTEXT ( 'NONE', 'WORKASPACE' ) );
#959 = VECTOR ( 'NONE', #943, 1000.000000000000000 ) ;
#960 = CARTESIAN_POINT ( 'NONE',  ( -5529.110764723730400, 996.0000000000012500, -4719.523067705212300 ) ) ;
#961 = ORIENTED_EDGE ( 'NONE', *, *, #5249, .T. ) ;
#962 = CARTESIAN_POINT ( 'NONE',  ( 2823.000000000000000, 424.0008287708115500, 0.0000000000000000000 ) ) ;
#963 = CARTESIAN_POINT ( 'NONE',  ( 519.0139224386338100, -25.71642536991404200, -496.8360260299764400 ) ) ;
#964 = CARTESIAN_POINT ( 'NONE',  ( -894.3999999999999800, -1541.999999999999800, -3214.559999999999000 ) ) ;
#965 = SURFACE_SIDE_STYLE ('',( #3846 ) ) ;
#966 = AXIS2_PLACEMENT_3D ( 'NONE', #4090, #4616, #6172 ) ;
#967 = ADVANCED_FACE ( 'NONE', ( #5778 ), #1343, .F. ) ;
#968 = EDGE_CURVE ( 'NONE', #2953, #2143, #2103, .T. ) ;
#969 = DIRECTION ( 'NONE',  ( -0.0000000000000000000, 1.000000000000000000, -0.0000000000000000000 ) ) ;
#970 = CARTESIAN_POINT ( 'NONE',  ( 1070.377685568536000, 488.3709940874968500, 94.99682062107353900 ) ) ;
#971 = ORIENTED_EDGE ( 'NONE', *, *, #1227, .T. ) ;
#972 = CARTESIAN_POINT ( 'NONE',  ( -807.7225377212620300, 0.0000000000000000000, 121.4400000000002100 ) ) ;
#973 = ORIENTED_EDGE ( 'NONE', *, *, #5495, .F. ) ;
#974 = DIRECTION ( 'NONE',  ( 0.0000000000000000000, 0.0000000000000000000, 1.000000000000000000 ) ) ;
#975 = SURFACE_SIDE_STYLE ('',( #1848 ) ) ;
#976 = SURFACE_SIDE_STYLE ('',( #356 ) ) ;
#977 =( GEOMETRIC_REPRESENTATION_CONTEXT ( 3 ) GLOBAL_UNCERTAINTY_ASSIGNED_CONTEXT ( ( #5320 ) ) GLOBAL_UNIT_ASSIGNED_CONTEXT ( ( #1063, #4304, #3181 ) ) REPRESENTATION_CONTEXT ( 'NONE', 'WORKASPACE' ) );
#978 = FILL_AREA_STYLE ('',( #6395 ) ) ;
#979 = ADVANCED_FACE ( 'NONE', ( #1510 ), #416, .T. ) ;
#980 =( LENGTH_UNIT ( ) NAMED_UNIT ( * ) SI_UNIT ( .MILLI., .METRE. ) );
#981 = EDGE_CURVE ( 'NONE', #5693, #4784, #4196, .T. ) ;
#982 =( NAMED_UNIT ( * ) SI_UNIT ( $, .STERADIAN. ) SOLID_ANGLE_UNIT ( ) );
#983 =( BOUNDED_CURVE ( )  B_SPLINE_CURVE ( 3, ( #2315, #3415, #2334, #6612 ),
 .UNSPECIFIED., .F., .T. ) 
 B_SPLINE_CURVE_WITH_KNOTS ( ( 4, 4 ),
 ( 0.0000000000000000000, 1.000000000000000000 ),
 .UNSPECIFIED. ) 
 CURVE ( )  GEOMETRIC_REPRESENTATION_ITEM ( )  RATIONAL_B_SPLINE_CURVE ( ( 1.000000000000000000, 0.8909464967160373200, 0.8909464967160373200, 1.000000000000000000 ) ) 
 REPRESENTATION_ITEM ( '' )  );
#984 = DIRECTION ( 'NONE',  ( 0.0000000000000000000, 0.0000000000000000000, 1.000000000000000000 ) ) ;
#985 = UNCERTAINTY_MEASURE_WITH_UNIT (LENGTH_MEASURE( 1.000000000000000100E-005 ), #5787, 'distance_accuracy_value', 'NONE');
#986 = CARTESIAN_POINT ( 'NONE',  ( 596.5089856682507200, -68.76078408496734100, -492.7253344481356400 ) ) ;
#987 = PRESENTATION_STYLE_ASSIGNMENT (( #4787 ) ) ;
#988 = CARTESIAN_POINT ( 'NONE',  ( 552.9999999999997700, 1939.999999999999800, -496.0000000000000000 ) ) ;
#989 = MECHANICAL_DESIGN_GEOMETRIC_PRESENTATION_REPRESENTATION (  '', ( #2766 ), #6624 ) ;
#990 = COLOUR_RGB ( '',0.7921568627450980000, 0.8196078431372548800, 0.9333333333333333500 ) ;
#991 = CIRCLE ( 'NONE', #4833, 75.00000000000007100 ) ;
#992 = DIRECTION ( 'NONE',  ( 0.0000000000000000000, -0.0000000000000000000, 1.000000000000000000 ) ) ;
#993 =( GEOMETRIC_REPRESENTATION_CONTEXT ( 3 ) GLOBAL_UNCERTAINTY_ASSIGNED_CONTEXT ( ( #4733 ) ) GLOBAL_UNIT_ASSIGNED_CONTEXT ( ( #2920, #1957, #3536 ) ) REPRESENTATION_CONTEXT ( 'NONE', 'WORKASPACE' ) );
#994 = COLOUR_RGB ( '',0.7921568627450980000, 0.8196078431372548800, 0.9333333333333333500 ) ;
#995 = CARTESIAN_POINT ( 'NONE',  ( -5237.475508277337200, 1377.000000000002500, -4474.349910125824000 ) ) ;
#996 = CARTESIAN_POINT ( 'NONE',  ( 1908.577679628630700, 0.0000000000000000000, -497.5000000000000000 ) ) ;
#997 = SURFACE_STYLE_USAGE ( .BOTH. , #2587 ) ;
#998 = UNCERTAINTY_MEASURE_WITH_UNIT (LENGTH_MEASURE( 1.000000000000000100E-005 ), #4054, 'distance_accuracy_value', 'NONE');
#999 = DIRECTION ( 'NONE',  ( 0.0000000000000000000, -1.000000000000000000, 0.0000000000000000000 ) ) ;
#1000 = ORIENTED_EDGE ( 'NONE', *, *, #3312, .T. ) ;
#1001 = DIRECTION ( 'NONE',  ( -1.000000000000000000, 0.0000000000000000000, 0.0000000000000000000 ) ) ;
#1002 = MECHANICAL_DESIGN_GEOMETRIC_PRESENTATION_REPRESENTATION (  '', ( #276 ), #3279 ) ;
#1003 =( NAMED_UNIT ( * ) PLANE_ANGLE_UNIT ( ) SI_UNIT ( $, .RADIAN. ) );
#1004 = CARTESIAN_POINT ( 'NONE',  ( 703.0000000000000000, 1939.999999999999800, 496.0000000000000000 ) ) ;
#1005 = AXIS2_PLACEMENT_3D ( 'NONE', #4797, #6420, #2598 ) ;
#1006 = ORIENTED_EDGE ( 'NONE', *, *, #4156, .T. ) ;
#1007 = EDGE_CURVE ( 'NONE', #2018, #6075, #4683, .T. ) ;
#1008 = CARTESIAN_POINT ( 'NONE',  ( 2823.000000000000000, 497.5000000000000000, 0.0000000000000000000 ) ) ;
#1009 = DIRECTION ( 'NONE',  ( 0.0000000000000000000, 0.0000000000000000000, 1.000000000000000000 ) ) ;
#1010 = CIRCLE ( 'NONE', #3847, 125.8430813124108700 ) ;
#1011 = CARTESIAN_POINT ( 'NONE',  ( 547.0682626223342600, -59.33448446846232100, -493.9494137540778000 ) ) ;
#1012 = MECHANICAL_DESIGN_GEOMETRIC_PRESENTATION_REPRESENTATION (  '', ( #4505 ), #6502 ) ;
#1013 = ORIENTED_EDGE ( 'NONE', *, *, #2826, .T. ) ;
#1014 = DIRECTION ( 'NONE',  ( 1.828430541214022900E-015, -1.000000000000000000, 0.0000000000000000000 ) ) ;
#1015 = CYLINDRICAL_SURFACE ( 'NONE', #2362, 144.4699999999997700 ) ;
#1016 = DIRECTION ( 'NONE',  ( 0.0000000000000000000, 1.000000000000000000, 0.0000000000000000000 ) ) ;
#1017 = ADVANCED_FACE ( 'NONE', ( #664 ), #2049, .F. ) ;
#1018 = SURFACE_SIDE_STYLE ('',( #6287 ) ) ;
#1019 = ORIENTED_EDGE ( 'NONE', *, *, #2101, .F. ) ;
#1020 = PRESENTATION_LAYER_ASSIGNMENT (  '', '', ( #5450 ) ) ;
#1021 = CARTESIAN_POINT ( 'NONE',  ( 917.9999999999998900, 410.0008287708115500, 0.0000000000000000000 ) ) ;
#1022 = DIRECTION ( 'NONE',  ( 0.0000000000000000000, 0.0000000000000000000, -1.000000000000000000 ) ) ;
#1023 =( NAMED_UNIT ( * ) SI_UNIT ( $, .STERADIAN. ) SOLID_ANGLE_UNIT ( ) );
#1024 = SURFACE_STYLE_FILL_AREA ( #1293 ) ;
#1025 = ADVANCED_FACE ( 'NONE', ( #4274 ), #1336, .F. ) ;
#1026 = SURFACE_STYLE_USAGE ( .BOTH. , #572 ) ;
#1027 = EDGE_CURVE ( 'NONE', #2180, #6886, #573, .T. ) ;
#1028 = PLANE ( 'NONE',  #5226 ) ;
#1029 = ORIENTED_EDGE ( 'NONE', *, *, #6437, .F. ) ;
#1030 = CARTESIAN_POINT ( 'NONE',  ( 917.9999999999998900, 1940.000000000000200, 144.4699999999998000 ) ) ;
#1031 = CIRCLE ( 'NONE', #171, 74.99999999999995700 ) ;
#1032 = CIRCLE ( 'NONE', #3915, 121.4400000000000300 ) ;
#1033 = DIRECTION ( 'NONE',  ( -0.0000000000000000000, -1.000000000000000000, -0.0000000000000000000 ) ) ;
#1034 = CARTESIAN_POINT ( 'NONE',  ( 528.5463069414285000, -42.53725648760502800, -495.6790160743320300 ) ) ;
#1035 =( LENGTH_UNIT ( ) NAMED_UNIT ( * ) SI_UNIT ( .MILLI., .METRE. ) );
#1036 =( GEOMETRIC_REPRESENTATION_CONTEXT ( 3 ) GLOBAL_UNCERTAINTY_ASSIGNED_CONTEXT ( ( #6332 ) ) GLOBAL_UNIT_ASSIGNED_CONTEXT ( ( #6568, #2758, #6497 ) ) REPRESENTATION_CONTEXT ( 'NONE', 'WORKASPACE' ) );
#1037 = ORIENTED_EDGE ( 'NONE', *, *, #2550, .T. ) ;
#1038 = AXIS2_PLACEMENT_3D ( 'NONE', #1702, #3885, #1674 ) ;
#1039 = ORIENTED_EDGE ( 'NONE', *, *, #6394, .F. ) ;
#1040 = SURFACE_SIDE_STYLE ('',( #3844 ) ) ;
#1041 = CARTESIAN_POINT ( 'NONE',  ( 230.5802245696153500, 1.041133476295122700E-014, -48.59000000000003200 ) ) ;
#1042 = DIRECTION ( 'NONE',  ( -1.000000000000000000, 0.0000000000000000000, 0.0000000000000000000 ) ) ;
#1043 =( NAMED_UNIT ( * ) SI_UNIT ( $, .STERADIAN. ) SOLID_ANGLE_UNIT ( ) );
#1044 = PRODUCT_DEFINITION_SHAPE ( 'NONE', 'NONE',  #3168 ) ;
#1045 = COLOUR_RGB ( '',0.7921568627450980000, 0.8196078431372548800, 0.9333333333333333500 ) ;
#1046 = SURFACE_STYLE_USAGE ( .BOTH. , #4245 ) ;
#1047 =( LENGTH_UNIT ( ) NAMED_UNIT ( * ) SI_UNIT ( .MILLI., .METRE. ) );
#1048 =( GEOMETRIC_REPRESENTATION_CONTEXT ( 3 ) GLOBAL_UNCERTAINTY_ASSIGNED_CONTEXT ( ( #1726 ) ) GLOBAL_UNIT_ASSIGNED_CONTEXT ( ( #2296, #688, #1294 ) ) REPRESENTATION_CONTEXT ( 'NONE', 'WORKASPACE' ) );
#1049 = CARTESIAN_POINT ( 'NONE',  ( 3489.000000000000000, -497.5000000000000000, 6.092617825758081200E-014 ) ) ;
#1050 = ADVANCED_FACE ( 'NONE', ( #3245, #2582 ), #4864, .F. ) ;
#1051 = DIRECTION ( 'NONE',  ( 0.0000000000000000000, 0.0000000000000000000, 1.000000000000000000 ) ) ;
#1052 =( NAMED_UNIT ( * ) SI_UNIT ( $, .STERADIAN. ) SOLID_ANGLE_UNIT ( ) );
#1053 = EDGE_LOOP ( 'NONE', ( #90, #2618, #2682, #1157 ) ) ;
#1054 = ADVANCED_FACE ( 'NONE', ( #6670 ), #1243, .T. ) ;
#1055 = DIRECTION ( 'NONE',  ( -0.0000000000000000000, -1.000000000000000000, -0.0000000000000000000 ) ) ;
#1056 = SURFACE_STYLE_FILL_AREA ( #978 ) ;
#1057 = PRESENTATION_LAYER_ASSIGNMENT (  '', '', ( #201 ) ) ;
#1058 = B_SPLINE_CURVE_WITH_KNOTS ( 'NONE', 3,
 ( #338, #1361, #5705, #881, #904, #1384, #2466, #6721, #6213, #1405, #3046, #4103, #5093, #838, #5121, #3484, #6187, #1903, #271, #5633, #5183, #4578, #6237, #3023, #4630, #6737, #2441, #291, #2973, #309, #6164, #1920, #6762, #3556, #5656, #1428, #4055, #4079, #5159, #1990, #2993, #1456, #6697, #4036, #5144, #1971, #814, #3578, #3530, #364, #3504, #863, #4603, #1951, #5680, #4127, #4653, #5729, #2527, #3067, #467, #2546, #2694, #4551, #855, #327, #1751, #4069, #826, #5977, #105, #3340, #172, #648, #672, #5541, #5513, #3937, #2840, #1738, #127, #2376, #4467, #6503, #2351, #3894, #4404, #3389, #6076, #3913, #2326, #1209, #198, #4960, #4487, #1188, #3311, #1228, #1253, #3868 ),
 .UNSPECIFIED., .F., .F.,
 ( 4, 2, 2, 2, 2, 2, 2, 2, 2, 2, 2, 2, 2, 2, 2, 2, 2, 2, 2, 2, 2, 2, 2, 2, 2, 2, 2, 2, 2, 2, 2, 2, 2, 2, 2, 2, 2, 2, 2, 2, 2, 2, 2, 2, 2, 2, 2, 2, 2, 4 ),
 ( 0.5656659633782231700, 0.5833403110247568100, 0.6010146586712905600, 0.6186890063178242000, 0.6231075932294583000, 0.6275261801410922900, 0.6363633539643591700, 0.6540377016108918100, 0.6717120492574243400, 0.6805492230806912100, 0.6849678099923240900, 0.6893863969039569800, 0.7070607445504865100, 0.7247350921970159300, 0.7335722660202806900, 0.7379908529319131300, 0.7424094398435454600, 0.7600837874900772100, 0.7777581351366089600, 0.7954324827831406000, 0.8042696566064067000, 0.8131068304296726900, 0.8307811780762047700, 0.8484555257227368600, 0.8572926995460028500, 0.8617112864576359500, 0.8661298733692690500, 0.8838042210158010300, 0.9014785686623331100, 0.9191529163088650900, 0.9235715032204980800, 0.9279900901321309600, 0.9368272639553967300, 0.9545016116019278100, 0.9721759592484586800, 0.9765945461600912300, 0.9810131330717237800, 0.9898503068949879900, 1.007524654541516400, 1.025199002188044800, 1.034036176011309500, 1.038454762922942400, 1.042873349834575200, 1.060547697481109200, 1.078222045127643200, 1.095896392774177200, 1.100314979685810700, 1.104733566597444000, 1.113570740420712500, 1.131245088067247600 ),
 .UNSPECIFIED. ) ;
#1059 = ORIENTED_EDGE ( 'NONE', *, *, #2784, .F. ) ;
#1060 =( NAMED_UNIT ( * ) PLANE_ANGLE_UNIT ( ) SI_UNIT ( $, .RADIAN. ) );
#1061 = EDGE_CURVE ( 'NONE', #5456, #4550, #2356, .T. ) ;
#1062 = LINE ( 'NONE', #5996, #2653 ) ;
#1063 =( LENGTH_UNIT ( ) NAMED_UNIT ( * ) SI_UNIT ( .MILLI., .METRE. ) );
#1064 =( NAMED_UNIT ( * ) SI_UNIT ( $, .STERADIAN. ) SOLID_ANGLE_UNIT ( ) );
#1065 = FACE_OUTER_BOUND ( 'NONE', #3917, .T. ) ;
#1066 = COLOUR_RGB ( '',0.7921568627450980000, 0.8196078431372548800, 0.9333333333333333500 ) ;
#1067 = VERTEX_POINT ( 'NONE', #3823 ) ;
#1068 = UNCERTAINTY_MEASURE_WITH_UNIT (LENGTH_MEASURE( 1.000000000000000100E-005 ), #2406, 'distance_accuracy_value', 'NONE');
#1069 =( NAMED_UNIT ( * ) PLANE_ANGLE_UNIT ( ) SI_UNIT ( $, .RADIAN. ) );
#1070 = EDGE_CURVE ( 'NONE', #2935, #5213, #4839, .T. ) ;
#1071 = CARTESIAN_POINT ( 'NONE',  ( 627.9999999999998900, 1939.999999999999800, 117.5000000000000000 ) ) ;
#1072 =( GEOMETRIC_REPRESENTATION_CONTEXT ( 3 ) GLOBAL_UNCERTAINTY_ASSIGNED_CONTEXT ( ( #181 ) ) GLOBAL_UNIT_ASSIGNED_CONTEXT ( ( #3292, #1069, #5356 ) ) REPRESENTATION_CONTEXT ( 'NONE', 'WORKASPACE' ) );
#1073 = ORIENTED_EDGE ( 'NONE', *, *, #6922, .T. ) ;
#1074 = CIRCLE ( 'NONE', #4499, 121.4400000000000300 ) ;
#1075 =( GEOMETRIC_REPRESENTATION_CONTEXT ( 3 ) GLOBAL_UNCERTAINTY_ASSIGNED_CONTEXT ( ( #4131 ) ) GLOBAL_UNIT_ASSIGNED_CONTEXT ( ( #5415, #2721, #4334 ) ) REPRESENTATION_CONTEXT ( 'NONE', 'WORKASPACE' ) );
#1076 = AXIS2_PLACEMENT_3D ( 'NONE', #2438, #6163, #3020 ) ;
#1077 = ADVANCED_FACE ( 'NONE', ( #5352 ), #3296, .F. ) ;
#1078 = ORIENTED_EDGE ( 'NONE', *, *, #1287, .T. ) ;
#1079 =( LENGTH_UNIT ( ) NAMED_UNIT ( * ) SI_UNIT ( .MILLI., .METRE. ) );
#1080 = DIRECTION ( 'NONE',  ( 0.0000000000000000000, 0.0000000000000000000, -1.000000000000000000 ) ) ;
#1081 =( NAMED_UNIT ( * ) PLANE_ANGLE_UNIT ( ) SI_UNIT ( $, .RADIAN. ) );
#1082 = FILL_AREA_STYLE ('',( #3814 ) ) ;
#1083 = AXIS2_PLACEMENT_3D ( 'NONE', #4783, #3234, #2149 ) ;
#1084 = ORIENTED_EDGE ( 'NONE', *, *, #1568, .T. ) ;
#1085 = VERTEX_POINT ( 'NONE', #1675 ) ;
#1086 = ADVANCED_FACE ( 'NONE', ( #4507 ), #4880, .T. ) ;
#1087 = DIRECTION ( 'NONE',  ( 0.0000000000000000000, -0.0000000000000000000, 1.000000000000000000 ) ) ;
#1088 = VECTOR ( 'NONE', #3152, 1000.000000000000000 ) ;
#1089 = SURFACE_STYLE_FILL_AREA ( #484 ) ;
#1090 = ITEM_DEFINED_TRANSFORMATION ( 'NONE', 'NONE', #6495,  #5425 ) ;
#1091 = CARTESIAN_POINT ( 'NONE',  ( -1137.279999999999700, -86.67746227873708200, -3457.439999999999600 ) ) ;
#1092 = DIRECTION ( 'NONE',  ( 0.0000000000000000000, 4.571076353035057300E-016, -1.000000000000000000 ) ) ;
#1093 = VERTEX_POINT ( 'NONE', #1935 ) ;
#1094 =( NAMED_UNIT ( * ) SI_UNIT ( $, .STERADIAN. ) SOLID_ANGLE_UNIT ( ) );
#1095 = SURFACE_SIDE_STYLE ('',( #6329 ) ) ;
#1096 = FACE_OUTER_BOUND ( 'NONE', #1420, .T. ) ;
#1097 = AXIS2_PLACEMENT_3D ( 'NONE', #1433, #6219, #4636 ) ;
#1098 = ORIENTED_EDGE ( 'NONE', *, *, #3808, .T. ) ;
#1099 = DIRECTION ( 'NONE',  ( 0.0000000000000000000, 0.0000000000000000000, 1.000000000000000000 ) ) ;
#1100 =( NAMED_UNIT ( * ) SI_UNIT ( $, .STERADIAN. ) SOLID_ANGLE_UNIT ( ) );
#1101 = VERTEX_POINT ( 'NONE', #5104 ) ;
#1102 =( GEOMETRIC_REPRESENTATION_CONTEXT ( 3 ) GLOBAL_UNCERTAINTY_ASSIGNED_CONTEXT ( ( #6832 ) ) GLOBAL_UNIT_ASSIGNED_CONTEXT ( ( #804, #5619, #6593 ) ) REPRESENTATION_CONTEXT ( 'NONE', 'WORKASPACE' ) );
#1103 = FILL_AREA_STYLE ('',( #1569 ) ) ;
#1104 = CARTESIAN_POINT ( 'NONE',  ( 917.9999999999998900, 497.5000000000000000, 0.0000000000000000000 ) ) ;
#1105 =( LENGTH_UNIT ( ) NAMED_UNIT ( * ) SI_UNIT ( .MILLI., .METRE. ) );
#1106 = COLOUR_RGB ( '',0.7921568627450980000, 0.8196078431372548800, 0.9333333333333333500 ) ;
#1107 = DIRECTION ( 'NONE',  ( 0.0000000000000000000, 0.0000000000000000000, -1.000000000000000000 ) ) ;
#1108 = DIRECTION ( 'NONE',  ( -1.000000000000000000, 0.0000000000000000000, 0.0000000000000000000 ) ) ;
#1109 = EDGE_CURVE ( 'NONE', #1201, #4134, #4832, .T. ) ;
#1110 = CARTESIAN_POINT ( 'NONE',  ( -5529.110764723728600, 429.0000000000012500, -4719.523067705213200 ) ) ;
#1111 = FILL_AREA_STYLE ('',( #4331 ) ) ;
#1112 = ADVANCED_FACE ( 'NONE', ( #312 ), #3018, .F. ) ;
#1113 = FACE_OUTER_BOUND ( 'NONE', #1665, .T. ) ;
#1114 = SURFACE_STYLE_USAGE ( .BOTH. , #4292 ) ;
#1115 = CARTESIAN_POINT ( 'NONE',  ( 1133.000000000000000, 1939.999999999999800, -496.0000000000000000 ) ) ;
#1116 = VERTEX_POINT ( 'NONE', #3527 ) ;
#1117 = MECHANICAL_DESIGN_GEOMETRIC_PRESENTATION_REPRESENTATION (  '', ( #2600 ), #2556 ) ;
#1118 = PRESENTATION_LAYER_ASSIGNMENT (  '', '', ( #1678 ) ) ;
#1119 = ORIENTED_EDGE ( 'NONE', *, *, #3675, .F. ) ;
#1120 =( BOUNDED_CURVE ( )  B_SPLINE_CURVE ( 3, ( #5650, #5722, #2964, #355 ),
 .UNSPECIFIED., .F., .F. ) 
 B_SPLINE_CURVE_WITH_KNOTS ( ( 4, 4 ),
 ( 0.0000000000000000000, 1.000000000000000000 ),
 .UNSPECIFIED. ) 
 CURVE ( )  GEOMETRIC_REPRESENTATION_ITEM ( )  RATIONAL_B_SPLINE_CURVE ( ( 1.000000000000000000, 0.8909464967160373200, 0.8909464967160373200, 1.000000000000000000 ) ) 
 REPRESENTATION_ITEM ( '' )  );
#1121 = SURFACE_STYLE_USAGE ( .BOTH. , #1700 ) ;
#1122 = CARTESIAN_POINT ( 'NONE',  ( 3675.780772845791900, 385.6713619161481000, -9.446223977868224200E-014 ) ) ;
#1123 = AXIS2_PLACEMENT_3D ( 'NONE', #3841, #5985, #12 ) ;
#1124 = PRESENTATION_LAYER_ASSIGNMENT (  '', '', ( #5345 ) ) ;
#1125 =( LENGTH_UNIT ( ) NAMED_UNIT ( * ) SI_UNIT ( .MILLI., .METRE. ) );
#1126 = CARTESIAN_POINT ( 'NONE',  ( -4004.839999999999700, -1836.322537721262300, -3335.999999999999100 ) ) ;
#1127 = PLANE ( 'NONE',  #948 ) ;
#1128 = ORIENTED_EDGE ( 'NONE', *, *, #68, .T. ) ;
#1129 = CARTESIAN_POINT ( 'NONE',  ( 2823.000000000000000, 0.0000000000000000000, 144.4699999999999400 ) ) ;
#1130 = EDGE_CURVE ( 'NONE', #3974, #1363, #5920, .T. ) ;
#1131 = DIRECTION ( 'NONE',  ( 0.0000000000000000000, 0.0000000000000000000, 1.000000000000000000 ) ) ;
#1132 = CARTESIAN_POINT ( 'NONE',  ( 230.5802245696153500, 0.0000000000000000000, -57.15000000000000600 ) ) ;
#1133 = SURFACE_STYLE_FILL_AREA ( #5369 ) ;
#1134 = AXIS2_PLACEMENT_3D ( 'NONE', #4919, #6362, #499 ) ;
#1135 =( NAMED_UNIT ( * ) PLANE_ANGLE_UNIT ( ) SI_UNIT ( $, .RADIAN. ) );
#1136 = AXIS2_PLACEMENT_3D ( 'NONE', #6427, #4921, #20 ) ;
#1137 =( LENGTH_UNIT ( ) NAMED_UNIT ( * ) SI_UNIT ( .MILLI., .METRE. ) );
#1138 = CARTESIAN_POINT ( 'NONE',  ( 2756.660234731831200, 468.7115890436699000, 166.7846825921186600 ) ) ;
#1139 = LINE ( 'NONE', #2742, #1648 ) ;
#1140 = FILL_AREA_STYLE_COLOUR ( '', #3940 ) ;
#1141 =( NAMED_UNIT ( * ) PLANE_ANGLE_UNIT ( ) SI_UNIT ( $, .RADIAN. ) );
#1142 = COLOUR_RGB ( '',0.7921568627450980000, 0.8196078431372548800, 0.9333333333333333500 ) ;
#1143 = VECTOR ( 'NONE', #5598, 1000.000000000000000 ) ;
#1144 = ORIENTED_EDGE ( 'NONE', *, *, #2637, .F. ) ;
#1145 = AXIS2_PLACEMENT_3D ( 'NONE', #1008, #4746, #2892 ) ;
#1146 = DIRECTION ( 'NONE',  ( 0.0000000000000000000, 0.0000000000000000000, -1.000000000000000000 ) ) ;
#1147 = EDGE_CURVE ( 'NONE', #6432, #6698, #6499, .T. ) ;
#1148 = CARTESIAN_POINT ( 'NONE',  ( 3123.000000000000000, 1869.999999999999800, -117.4999999999985900 ) ) ;
#1149 =( NAMED_UNIT ( * ) SI_UNIT ( $, .STERADIAN. ) SOLID_ANGLE_UNIT ( ) );
#1150 = DIRECTION ( 'NONE',  ( 1.000000000000000000, -0.0000000000000000000, -0.0000000000000000000 ) ) ;
#1151 = CARTESIAN_POINT ( 'NONE',  ( -1275.399999999999400, -1801.559999999999700, -3335.999999999999500 ) ) ;
#1152 = VECTOR ( 'NONE', #3158, 1000.000000000000000 ) ;
#1153 = VERTEX_POINT ( 'NONE', #1423 ) ;
#1154 = DIRECTION ( 'NONE',  ( -0.0000000000000000000, -1.000000000000000000, -0.0000000000000000000 ) ) ;
#1155 = CARTESIAN_POINT ( 'NONE',  ( 1133.000000000000000, 1939.999999999999800, 496.0000000000000000 ) ) ;
#1156 = DIRECTION ( 'NONE',  ( 0.0000000000000000000, 0.0000000000000000000, -1.000000000000000000 ) ) ;
#1157 = ORIENTED_EDGE ( 'NONE', *, *, #213, .F. ) ;
#1158 = AXIS2_PLACEMENT_3D ( 'NONE', #778, #705, #2898 ) ;
#1159 = DIRECTION ( 'NONE',  ( -0.0000000000000000000, -0.0000000000000000000, -1.000000000000000000 ) ) ;
#1160 = EDGE_CURVE ( 'NONE', #5050, #103, #144, .T. ) ;
#1161 = CARTESIAN_POINT ( 'NONE',  ( 2799.348383289621300, 464.5661807260559000, 178.0025450640764600 ) ) ;
#1162 = CARTESIAN_POINT ( 'NONE',  ( 137.2218920732927600, -497.5000000000002300, 6.092617825758082500E-014 ) ) ;
#1163 = VECTOR ( 'NONE', #151, 1000.000000000000000 ) ;
#1164 = ORIENTED_EDGE ( 'NONE', *, *, #5550, .F. ) ;
#1165 = ORIENTED_EDGE ( 'NONE', *, *, #4496, .F. ) ;
#1166 =( GEOMETRIC_REPRESENTATION_CONTEXT ( 3 ) GLOBAL_UNCERTAINTY_ASSIGNED_CONTEXT ( ( #2568 ) ) GLOBAL_UNIT_ASSIGNED_CONTEXT ( ( #118, #6542, #2216 ) ) REPRESENTATION_CONTEXT ( 'NONE', 'WORKASPACE' ) );
#1167 = DIRECTION ( 'NONE',  ( 0.0000000000000000000, 0.0000000000000000000, -1.000000000000000000 ) ) ;
#1168 = STYLED_ITEM ( 'NONE', ( #1247 ), #6402 ) ;
#1169 = CARTESIAN_POINT ( 'NONE',  ( 917.9999999999998900, 1600.000000000000000, 0.0000000000000000000 ) ) ;
#1170 = SURFACE_STYLE_USAGE ( .BOTH. , #6471 ) ;
#1171 = FILL_AREA_STYLE_COLOUR ( '', #894 ) ;
#1172 = ORIENTED_EDGE ( 'NONE', *, *, #5908, .T. ) ;
#1173 = ORIENTED_EDGE ( 'NONE', *, *, #1374, .F. ) ;
#1174 = VECTOR ( 'NONE', #3447, 1000.000000000000000 ) ;
#1175 = PRESENTATION_STYLE_ASSIGNMENT (( #1425 ) ) ;
#1176 = SURFACE_STYLE_USAGE ( .BOTH. , #3760 ) ;
#1177 = VECTOR ( 'NONE', #2986, 1000.000000000000000 ) ;
#1178 = STYLED_ITEM ( 'NONE', ( #2109 ), #2628 ) ;
#1179 = PRESENTATION_STYLE_ASSIGNMENT (( #6812 ) ) ;
#1180 = DIRECTION ( 'NONE',  ( 1.000000000000000000, -0.0000000000000000000, -0.0000000000000000000 ) ) ;
#1181 = SURFACE_STYLE_USAGE ( .BOTH. , #1708 ) ;
#1182 =( NAMED_UNIT ( * ) PLANE_ANGLE_UNIT ( ) SI_UNIT ( $, .RADIAN. ) );
#1183 = ORIENTED_EDGE ( 'NONE', *, *, #6317, .F. ) ;
#1184 = DIRECTION ( 'NONE',  ( -0.0000000000000000000, 0.0000000000000000000, -1.000000000000000000 ) ) ;
#1185 = SURFACE_STYLE_FILL_AREA ( #2896 ) ;
#1186 = COLOUR_RGB ( '',0.7921568627450980000, 0.8196078431372548800, 0.9333333333333333500 ) ;
#1187 = CONICAL_SURFACE ( 'NONE', #618, 121.4400000000000000, 0.3884718357546366200 ) ;
#1188 = CARTESIAN_POINT ( 'NONE',  ( 2846.780155937358400, 464.6004730904335200, 177.9125525993686400 ) ) ;
#1189 = CARTESIAN_POINT ( 'NONE',  ( 2748.533141454230600, 469.9078236353386200, 163.3971342805089900 ) ) ;
#1190 = ORIENTED_EDGE ( 'NONE', *, *, #4692, .F. ) ;
#1191 = DIRECTION ( 'NONE',  ( -1.000000000000000000, 0.0000000000000000000, 0.0000000000000000000 ) ) ;
#1192 = CIRCLE ( 'NONE', #2125, 121.4400000000002100 ) ;
#1193 = DIRECTION ( 'NONE',  ( 0.0000000000000000000, 1.000000000000000000, 0.0000000000000000000 ) ) ;
#1194 = ORIENTED_EDGE ( 'NONE', *, *, #3905, .T. ) ;
#1195 = EDGE_CURVE ( 'NONE', #3101, #3649, #4105, .T. ) ;
#1196 = CARTESIAN_POINT ( 'NONE',  ( 47.41465111042758500, 367.3934380223628300, 0.0000000000000000000 ) ) ;
#1197 = VERTEX_POINT ( 'NONE', #2942 ) ;
#1198 = CARTESIAN_POINT ( 'NONE',  ( 1985.521959921282600, 502.5169125668199400, 276.8898394559263400 ) ) ;
#1199 = PRESENTATION_STYLE_ASSIGNMENT (( #4521 ) ) ;
#1200 =( NAMED_UNIT ( * ) SI_UNIT ( $, .STERADIAN. ) SOLID_ANGLE_UNIT ( ) );
#1201 = VERTEX_POINT ( 'NONE', #1917 ) ;
#1202 = SURFACE_SIDE_STYLE ('',( #3081 ) ) ;
#1203 = CARTESIAN_POINT ( 'NONE',  ( -3796.722537721262100, -2044.440000000000100, -3335.999999999999100 ) ) ;
#1204 = VERTEX_POINT ( 'NONE', #5702 ) ;
#1205 =( LENGTH_UNIT ( ) NAMED_UNIT ( * ) SI_UNIT ( .MILLI., .METRE. ) );
#1206 = EDGE_CURVE ( 'NONE', #6919, #5986, #3004, .T. ) ;
#1207 = ORIENTED_EDGE ( 'NONE', *, *, #2422, .F. ) ;
#1208 = MECHANICAL_DESIGN_GEOMETRIC_PRESENTATION_REPRESENTATION (  '', ( #713 ), #4229 ) ;
#1209 = CARTESIAN_POINT ( 'NONE',  ( 2857.073300650711600, 465.2479531173996700, 176.2120615322270400 ) ) ;
#1210 = CARTESIAN_POINT ( 'NONE',  ( 2704.521912105161400, 478.8680650492692100, 134.9316238710734100 ) ) ;
#1211 = CIRCLE ( 'NONE', #2172, 144.4699999999997700 ) ;
#1212 = AXIS2_PLACEMENT_3D ( 'NONE', #5109, #328, #2459 ) ;
#1213 = CARTESIAN_POINT ( 'NONE',  ( 653.8799999999998800, 4.622191388436737800, -497.4999999999997700 ) ) ;
#1214 =( GEOMETRIC_REPRESENTATION_CONTEXT ( 3 ) GLOBAL_UNCERTAINTY_ASSIGNED_CONTEXT ( ( #3264 ) ) GLOBAL_UNIT_ASSIGNED_CONTEXT ( ( #6791, #3633, #424 ) ) REPRESENTATION_CONTEXT ( 'NONE', 'WORKASPACE' ) );
#1215 =( NAMED_UNIT ( * ) SI_UNIT ( $, .STERADIAN. ) SOLID_ANGLE_UNIT ( ) );
#1216 =( NAMED_UNIT ( * ) PLANE_ANGLE_UNIT ( ) SI_UNIT ( $, .RADIAN. ) );
#1217 =( NAMED_UNIT ( * ) SI_UNIT ( $, .STERADIAN. ) SOLID_ANGLE_UNIT ( ) );
#1218 = ORIENTED_EDGE ( 'NONE', *, *, #288, .T. ) ;
#1219 = FILL_AREA_STYLE ('',( #4920 ) ) ;
#1220 = AXIS2_PLACEMENT_3D ( 'NONE', #1587, #3215, #6890 ) ;
#1221 = DIRECTION ( 'NONE',  ( 0.0000000000000000000, 0.0000000000000000000, 1.000000000000000000 ) ) ;
#1222 = SURFACE_SIDE_STYLE ('',( #6656 ) ) ;
#1223 = CARTESIAN_POINT ( 'NONE',  ( 1934.000000000000500, -497.3586457683634300, -11.85864576836326600 ) ) ;
#1224 =( NAMED_UNIT ( * ) SI_UNIT ( $, .STERADIAN. ) SOLID_ANGLE_UNIT ( ) );
#1225 = CONICAL_SURFACE ( 'NONE', #6891, 136.0000000000000600, 0.7853981633974538300 ) ;
#1226 = ORIENTED_EDGE ( 'NONE', *, *, #4496, .T. ) ;
#1227 = EDGE_CURVE ( 'NONE', #5901, #81, #4929, .T. ) ;
#1228 = CARTESIAN_POINT ( 'NONE',  ( 2834.936260046677500, 464.1165628883822500, 179.1716196051568500 ) ) ;
#1229 = CARTESIAN_POINT ( 'NONE',  ( 2727.825056272095000, 473.6549023120851400, -152.1835105369348200 ) ) ;
#1230 = VERTEX_POINT ( 'NONE', #2970 ) ;
#1231 = ORIENTED_EDGE ( 'NONE', *, *, #2569, .T. ) ;
#1232 = CARTESIAN_POINT ( 'NONE',  ( 917.9999999999998900, 0.0000000000000000000, 0.0000000000000000000 ) ) ;
#1233 = PRESENTATION_STYLE_ASSIGNMENT (( #4984 ) ) ;
#1234 = CARTESIAN_POINT ( 'NONE',  ( 12.58022456961535500, 156.4400000000000500, 0.0000000000000000000 ) ) ;
#1235 = SURFACE_STYLE_USAGE ( .BOTH. , #4473 ) ;
#1236 = COLOUR_RGB ( '',0.7921568627450980000, 0.8196078431372548800, 0.9333333333333333500 ) ;
#1237 = AXIS2_PLACEMENT_3D ( 'NONE', #4217, #3624, #2563 ) ;
#1238 = ORIENTED_EDGE ( 'NONE', *, *, #5730, .F. ) ;
#1239 = SURFACE_STYLE_USAGE ( .BOTH. , #6108 ) ;
#1240 = UNCERTAINTY_MEASURE_WITH_UNIT (LENGTH_MEASURE( 1.000000000000000100E-005 ), #4094, 'distance_accuracy_value', 'NONE');
#1241 = EDGE_CURVE ( 'NONE', #4097, #5274, #3683, .T. ) ;
#1242 = CARTESIAN_POINT ( 'NONE',  ( 248.0000000000000300, 497.5000000000000600, -1.218523565151616500E-013 ) ) ;
#1243 = CYLINDRICAL_SURFACE ( 'NONE', #5002, 121.4400000000002100 ) ;
#1244 = CARTESIAN_POINT ( 'NONE',  ( 2823.000000000000000, 410.0008287708115500, 0.0000000000000000000 ) ) ;
#1245 =( NAMED_UNIT ( * ) PLANE_ANGLE_UNIT ( ) SI_UNIT ( $, .RADIAN. ) );
#1246 = PLANE ( 'NONE',  #675 ) ;
#1247 = PRESENTATION_STYLE_ASSIGNMENT (( #6879 ) ) ;
#1248 = ORIENTED_EDGE ( 'NONE', *, *, #781, .T. ) ;
#1249 = EDGE_LOOP ( 'NONE', ( #3695, #3438, #3243, #4893 ) ) ;
#1250 = CARTESIAN_POINT ( 'NONE',  ( 2823.000000000000000, 497.5000000000000000, 0.0000000000000000000 ) ) ;
#1251 = SURFACE_SIDE_STYLE ('',( #472 ) ) ;
#1252 = MECHANICAL_DESIGN_GEOMETRIC_PRESENTATION_REPRESENTATION (  '', ( #3912 ), #1620 ) ;
#1253 = CARTESIAN_POINT ( 'NONE',  ( 2828.980659298985300, 464.0008287708117200, 179.4700000000000600 ) ) ;
#1254 = CARTESIAN_POINT ( 'NONE',  ( 2645.005232156018800, 496.9694236732547700, 23.70607361448507100 ) ) ;
#1255 = ORIENTED_EDGE ( 'NONE', *, *, #2717, .F. ) ;
#1256 = MECHANICAL_DESIGN_GEOMETRIC_PRESENTATION_REPRESENTATION (  '', ( #6529 ), #1036 ) ;
#1257 = VECTOR ( 'NONE', #2226, 1000.000000000000000 ) ;
#1258 = SURFACE_STYLE_USAGE ( .BOTH. , #180 ) ;
#1259 = CARTESIAN_POINT ( 'NONE',  ( -350.0000000000000600, 0.0000000000000000000, 0.0000000000000000000 ) ) ;
#1260 = VERTEX_POINT ( 'NONE', #6234 ) ;
#1261 = SURFACE_STYLE_FILL_AREA ( #4282 ) ;
#1262 = DIRECTION ( 'NONE',  ( 1.000000000000000000, 0.0000000000000000000, -0.0000000000000000000 ) ) ;
#1263 =( NAMED_UNIT ( * ) SI_UNIT ( $, .STERADIAN. ) SOLID_ANGLE_UNIT ( ) );
#1264 =( GEOMETRIC_REPRESENTATION_CONTEXT ( 3 ) GLOBAL_UNCERTAINTY_ASSIGNED_CONTEXT ( ( #4723 ) ) GLOBAL_UNIT_ASSIGNED_CONTEXT ( ( #135, #5565, #2874 ) ) REPRESENTATION_CONTEXT ( 'NONE', 'WORKASPACE' ) );
#1265 = SURFACE_STYLE_FILL_AREA ( #5690 ) ;
#1266 =( NAMED_UNIT ( * ) SI_UNIT ( $, .STERADIAN. ) SOLID_ANGLE_UNIT ( ) );
#1267 =( NAMED_UNIT ( * ) SI_UNIT ( $, .STERADIAN. ) SOLID_ANGLE_UNIT ( ) );
#1268 = EDGE_CURVE ( 'NONE', #3189, #5349, #3507, .T. ) ;
#1269 = ORIENTED_EDGE ( 'NONE', *, *, #5082, .T. ) ;
#1270 =( NAMED_UNIT ( * ) SI_UNIT ( $, .STERADIAN. ) SOLID_ANGLE_UNIT ( ) );
#1271 =( LENGTH_UNIT ( ) NAMED_UNIT ( * ) SI_UNIT ( .MILLI., .METRE. ) );
#1272 = AXIS2_PLACEMENT_3D ( 'NONE', #193, #2857, #6115 ) ;
#1273 = COLOUR_RGB ( '',0.7921568627450980000, 0.8196078431372548800, 0.9333333333333333500 ) ;
#1274 = UNCERTAINTY_MEASURE_WITH_UNIT (LENGTH_MEASURE( 1.000000000000000100E-005 ), #2240, 'distance_accuracy_value', 'NONE');
#1275 = DIRECTION ( 'NONE',  ( 0.0000000000000000000, 0.0000000000000000000, 1.000000000000000000 ) ) ;
#1276 = FILL_AREA_STYLE ('',( #694 ) ) ;
#1277 = ORIENTED_EDGE ( 'NONE', *, *, #5371, .F. ) ;
#1278 = PRESENTATION_STYLE_ASSIGNMENT (( #4967 ) ) ;
#1279 = CARTESIAN_POINT ( 'NONE',  ( -894.3999999999999800, -1541.999999999999800, -3457.439999999999600 ) ) ;
#1280 = CARTESIAN_POINT ( 'NONE',  ( 2645.878116169078100, 496.6565649057716900, 29.53554555986915300 ) ) ;
#1281 = ORIENTED_EDGE ( 'NONE', *, *, #4215, .T. ) ;
#1282 = SURFACE_SIDE_STYLE ('',( #5931 ) ) ;
#1283 = ORIENTED_EDGE ( 'NONE', *, *, #5455, .T. ) ;
#1284 = MECHANICAL_DESIGN_GEOMETRIC_PRESENTATION_REPRESENTATION (  '', ( #201 ), #562 ) ;
#1285 = DIRECTION ( 'NONE',  ( 0.0000000000000000000, 0.0000000000000000000, 1.000000000000000000 ) ) ;
#1286 = UNCERTAINTY_MEASURE_WITH_UNIT (LENGTH_MEASURE( 1.000000000000000100E-005 ), #1105, 'distance_accuracy_value', 'NONE');
#1287 = EDGE_CURVE ( 'NONE', #159, #5955, #655, .T. ) ;
#1288 = VERTEX_POINT ( 'NONE', #289 ) ;
#1289 = PLANE ( 'NONE',  #4985 ) ;
#1290 = CARTESIAN_POINT ( 'NONE',  ( -4175.035256446391900, 1377.000000000002500, -3581.173157579389200 ) ) ;
#1291 = DIRECTION ( 'NONE',  ( 0.0000000000000000000, 1.000000000000000000, 0.0000000000000000000 ) ) ;
#1292 = CARTESIAN_POINT ( 'NONE',  ( -772.9599999999999200, -1836.322537721261400, -3578.879999999999700 ) ) ;
#1293 = FILL_AREA_STYLE ('',( #5595 ) ) ;
#1294 =( NAMED_UNIT ( * ) SI_UNIT ( $, .STERADIAN. ) SOLID_ANGLE_UNIT ( ) );
#1295 = VERTEX_POINT ( 'NONE', #3065 ) ;
#1296 = DIRECTION ( 'NONE',  ( 1.000000000000000000, -0.0000000000000000000, -0.0000000000000000000 ) ) ;
#1297 = DIRECTION ( 'NONE',  ( -0.0000000000000000000, -1.000000000000000000, -0.0000000000000000000 ) ) ;
#1298 = UNCERTAINTY_MEASURE_WITH_UNIT (LENGTH_MEASURE( 1.000000000000000100E-005 ), #3672, 'distance_accuracy_value', 'NONE');
#1299 = SURFACE_SIDE_STYLE ('',( #3679 ) ) ;
#1300 = EDGE_CURVE ( 'NONE', #3950, #6882, #565, .T. ) ;
#1301 = FACE_BOUND ( 'NONE', #821, .T. ) ;
#1302 = FILL_AREA_STYLE_COLOUR ( '', #2707 ) ;
#1303 = PRESENTATION_LAYER_ASSIGNMENT (  '', '', ( #713 ) ) ;
#1304 = ORIENTED_EDGE ( 'NONE', *, *, #4827, .F. ) ;
#1305 = CARTESIAN_POINT ( 'NONE',  ( 977.4209420908034600, 467.7881087421933400, -169.3541232025697200 ) ) ;
#1306 = CARTESIAN_POINT ( 'NONE',  ( 2725.359383893878700, 474.1570040072281200, -150.6130355273884000 ) ) ;
#1307 = MECHANICAL_DESIGN_GEOMETRIC_PRESENTATION_REPRESENTATION (  '', ( #5256 ), #2522 ) ;
#1308 = CARTESIAN_POINT ( 'NONE',  ( 636.5556547241174000, 46.11293596931690800, -495.3615146454208100 ) ) ;
#1309 = AXIS2_PLACEMENT_3D ( 'NONE', #3858, #1779, #641 ) ;
#1310 = EDGE_LOOP ( 'NONE', ( #6054, #1119 ) ) ;
#1311 = CARTESIAN_POINT ( 'NONE',  ( 917.9999999999998900, 497.5000000000000000, 0.0000000000000000000 ) ) ;
#1312 = ORIENTED_EDGE ( 'NONE', *, *, #4530, .T. ) ;
#1313 = DIRECTION ( 'NONE',  ( 1.000000000000000000, -0.0000000000000000000, -0.0000000000000000000 ) ) ;
#1314 = COLOUR_RGB ( '',0.7921568627450980000, 0.8196078431372548800, 0.9333333333333333500 ) ;
#1315 = AXIS2_PLACEMENT_3D ( 'NONE', #6696, #3456, #6667 ) ;
#1316 = DIRECTION ( 'NONE',  ( 0.0000000000000000000, 0.0000000000000000000, 1.000000000000000000 ) ) ;
#1317 = FILL_AREA_STYLE_COLOUR ( '', #1357 ) ;
#1318 = AXIS2_PLACEMENT_3D ( 'NONE', #1566, #4820, #1099 ) ;
#1319 = DIRECTION ( 'NONE',  ( -0.0000000000000000000, -1.000000000000000000, -0.0000000000000000000 ) ) ;
#1320 = CIRCLE ( 'NONE', #1212, 74.99999999999995700 ) ;
#1321 = SURFACE_STYLE_USAGE ( .BOTH. , #4991 ) ;
#1322 = CARTESIAN_POINT ( 'NONE',  ( -4058.651565004570300, 1255.560000000001800, -3483.331224922725600 ) ) ;
#1323 = ORIENTED_EDGE ( 'NONE', *, *, #5408, .F. ) ;
#1324 = DIRECTION ( 'NONE',  ( 0.0000000000000000000, 0.0000000000000000000, 1.000000000000000000 ) ) ;
#1325 =( NAMED_UNIT ( * ) SI_UNIT ( $, .STERADIAN. ) SOLID_ANGLE_UNIT ( ) );
#1326 = PRESENTATION_STYLE_ASSIGNMENT (( #57 ) ) ;
#1327 = PRESENTATION_STYLE_ASSIGNMENT (( #4823 ) ) ;
#1328 =( NAMED_UNIT ( * ) SI_UNIT ( $, .STERADIAN. ) SOLID_ANGLE_UNIT ( ) );
#1329 = AXIS2_PLACEMENT_3D ( 'NONE', #448, #1561, #2070 ) ;
#1330 = CARTESIAN_POINT ( 'NONE',  ( 1218.000000000000000, 1869.999999999999800, -117.5000000000000100 ) ) ;
#1331 = CARTESIAN_POINT ( 'NONE',  ( 917.9999999999998900, 464.0008287708115500, -179.4700000000000000 ) ) ;
#1332 = CARTESIAN_POINT ( 'NONE',  ( 2775.953539215971400, 466.3466377775483200, -173.2928547555547100 ) ) ;
#1333 = UNCERTAINTY_MEASURE_WITH_UNIT (LENGTH_MEASURE( 1.000000000000000100E-005 ), #1557, 'distance_accuracy_value', 'NONE');
#1334 = LINE ( 'NONE', #2005, #662 ) ;
#1335 = CARTESIAN_POINT ( 'NONE',  ( 517.7060812297090700, 22.56728963168707100, -497.0059263219758300 ) ) ;
#1336 = CYLINDRICAL_SURFACE ( 'NONE', #1145, 154.5000000000000300 ) ;
#1337 = EDGE_CURVE ( 'NONE', #1101, #1363, #4758, .T. ) ;
#1338 = FACE_OUTER_BOUND ( 'NONE', #3009, .T. ) ;
#1339 = CARTESIAN_POINT ( 'NONE',  ( -3761.960000000000500, -1694.046727750439200, -3093.119999999999000 ) ) ;
#1340 = VERTEX_POINT ( 'NONE', #1468 ) ;
#1341 = CIRCLE ( 'NONE', #1272, 816.0000000000001100 ) ;
#1342 =( NAMED_UNIT ( * ) PLANE_ANGLE_UNIT ( ) SI_UNIT ( $, .RADIAN. ) );
#1343 = CONICAL_SURFACE ( 'NONE', #4685, 164.4999999999999400, 0.7853981633974497200 ) ;
#1344 = AXIS2_PLACEMENT_3D ( 'NONE', #2959, #3446, #5530 ) ;
#1345 = CARTESIAN_POINT ( 'NONE',  ( 3113.000000000000000, 1940.000000000000200, 117.4999999999999400 ) ) ;
#1346 = ORIENTED_EDGE ( 'NONE', *, *, #4568, .T. ) ;
#1347 = EDGE_LOOP ( 'NONE', ( #3323, #4052, #3627, #3249 ) ) ;
#1348 = EDGE_CURVE ( 'NONE', #4035, #3297, #6256, .T. ) ;
#1349 = DIRECTION ( 'NONE',  ( -1.000000000000000000, 0.0000000000000000000, 0.0000000000000000000 ) ) ;
#1350 = CARTESIAN_POINT ( 'NONE',  ( 2823.000000000000000, 410.0008287708115500, 0.0000000000000000000 ) ) ;
#1351 = VERTEX_POINT ( 'NONE', #6345 ) ;
#1352 = CARTESIAN_POINT ( 'NONE',  ( 3489.000000000000000, 0.0000000000000000000, -497.5000000000000000 ) ) ;
#1353 = MECHANICAL_DESIGN_GEOMETRIC_PRESENTATION_REPRESENTATION (  '', ( #1853 ), #4484 ) ;
#1354 = LINE ( 'NONE', #6567, #3706 ) ;
#1355 = COLOUR_RGB ( '',0.7921568627450980000, 0.8196078431372548800, 0.9333333333333333500 ) ;
#1356 = LINE ( 'NONE', #3476, #1177 ) ;
#1357 = COLOUR_RGB ( '',0.7921568627450980000, 0.8196078431372548800, 0.9333333333333333500 ) ;
#1358 = AXIS2_PLACEMENT_3D ( 'NONE', #5689, #2979, #6152 ) ;
#1359 = DIRECTION ( 'NONE',  ( 0.0000000000000000000, 0.0000000000000000000, -1.000000000000000000 ) ) ;
#1360 = CARTESIAN_POINT ( 'NONE',  ( 947.4702365078558200, 464.9002132059085900, -177.1314916325079300 ) ) ;
#1361 = CARTESIAN_POINT ( 'NONE',  ( 2828.981577565928100, 464.0008287708116700, -179.4699999999999700 ) ) ;
#1362 = AXIS2_PLACEMENT_3D ( 'NONE', #6712, #3544, #874 ) ;
#1363 = VERTEX_POINT ( 'NONE', #5824 ) ;
#1364 = CARTESIAN_POINT ( 'NONE',  ( 514.1199999999998900, 8.557831832441710000E-015, -497.5000000000000000 ) ) ;
#1365 = PRESENTATION_STYLE_ASSIGNMENT (( #2089 ) ) ;
#1366 = COLOUR_RGB ( '',0.7921568627450980000, 0.8196078431372548800, 0.9333333333333333500 ) ;
#1367 = SURFACE_STYLE_FILL_AREA ( #6611 ) ;
#1368 = SURFACE_SIDE_STYLE ('',( #4118 ) ) ;
#1369 = AXIS2_PLACEMENT_3D ( 'NONE', #624, #3289, #1156 ) ;
#1370 = ORIENTED_EDGE ( 'NONE', *, *, #2247, .T. ) ;
#1371 = CIRCLE ( 'NONE', #884, 144.4699999999999400 ) ;
#1372 = UNCERTAINTY_MEASURE_WITH_UNIT (LENGTH_MEASURE( 1.000000000000000100E-005 ), #2882, 'distance_accuracy_value', 'NONE');
#1373 = DIRECTION ( 'NONE',  ( 0.0000000000000000000, 0.0000000000000000000, 1.000000000000000000 ) ) ;
#1374 = EDGE_CURVE ( 'NONE', #6538, #5189, #6173, .T. ) ;
#1375 = ORIENTED_EDGE ( 'NONE', *, *, #3865, .F. ) ;
#1376 = CARTESIAN_POINT ( 'NONE',  ( 2823.000000000000000, 410.0008287708115500, 0.0000000000000000000 ) ) ;
#1377 = DIRECTION ( 'NONE',  ( 0.0000000000000000000, 0.0000000000000000000, -1.000000000000000000 ) ) ;
#1378 = AXIS2_PLACEMENT_3D ( 'NONE', #5101, #2982, #297 ) ;
#1379 = ORIENTED_EDGE ( 'NONE', *, *, #1887, .F. ) ;
#1380 = ORIENTED_EDGE ( 'NONE', *, *, #5146, .F. ) ;
#1381 = CARTESIAN_POINT ( 'NONE',  ( 959.0021624624295100, 465.7734328250870700, -174.8224323168818400 ) ) ;
#1382 = SURFACE_STYLE_USAGE ( .BOTH. , #2972 ) ;
#1383 = VECTOR ( 'NONE', #5176, 1000.000000000000000 ) ;
#1384 = CARTESIAN_POINT ( 'NONE',  ( 2864.002162462430100, 465.7734328250871800, -174.8224323168818700 ) ) ;
#1385 = MANIFOLD_SOLID_BREP ( 'Internal_fluid_cyl_3', #2204 ) ;
#1386 = CARTESIAN_POINT ( 'NONE',  ( 618.9613367642603000, 60.51643747385566000, -493.8059995490216400 ) ) ;
#1387 = ORIENTED_EDGE ( 'NONE', *, *, #2602, .T. ) ;
#1388 = PRESENTATION_LAYER_ASSIGNMENT (  '', '', ( #6133 ) ) ;
#1389 = SURFACE_STYLE_USAGE ( .BOTH. , #3094 ) ;
#1390 = PRESENTATION_STYLE_ASSIGNMENT (( #3479 ) ) ;
#1391 = EDGE_CURVE ( 'NONE', #3649, #2415, #2249, .T. ) ;
#1392 = CARTESIAN_POINT ( 'NONE',  ( 248.0000000000000000, -497.5000000000000600, 8.123490434344108300E-014 ) ) ;
#1393 = CARTESIAN_POINT ( 'NONE',  ( 2738.944477278407200, 1940.000000000000200, -117.4999999999987200 ) ) ;
#1394 = CARTESIAN_POINT ( 'NONE',  ( 2907.055522721590900, 1869.999999999999800, 117.4999999999999900 ) ) ;
#1395 = CARTESIAN_POINT ( 'NONE',  ( 1744.234409606303600, -88.89999999999857000, 0.0000000000000000000 ) ) ;
#1396 = CARTESIAN_POINT ( 'NONE',  ( -3502.399999999999200, -1801.559999999999700, -3335.999999999999500 ) ) ;
#1397 = ORIENTED_EDGE ( 'NONE', *, *, #2934, .F. ) ;
#1398 = CARTESIAN_POINT ( 'NONE',  ( 781.1540116501973900, 483.7589767875024300, -116.1241105401625500 ) ) ;
#1399 = STYLED_ITEM ( 'NONE', ( #6777 ), #2155 ) ;
#1400 = LINE ( 'NONE', #3316, #5078 ) ;
#1401 = DIRECTION ( 'NONE',  ( -1.000000000000000000, 0.0000000000000000000, 0.0000000000000000000 ) ) ;
#1402 = DIRECTION ( 'NONE',  ( 0.0000000000000000000, 0.0000000000000000000, -1.000000000000000000 ) ) ;
#1403 = PLANE ( 'NONE',  #5970 ) ;
#1404 = FACE_OUTER_BOUND ( 'NONE', #3426, .T. ) ;
#1405 = CARTESIAN_POINT ( 'NONE',  ( 2881.019120303634700, 467.6120539777418200, -169.8395278652591000 ) ) ;
#1406 = AXIS2_PLACEMENT_3D ( 'NONE', #4968, #2318, #2824 ) ;
#1407 = VECTOR ( 'NONE', #735, 1000.000000000000000 ) ;
#1408 = CARTESIAN_POINT ( 'NONE',  ( -651.5199999999999800, -228.9532722495596300, -3214.560000000000400 ) ) ;
#1409 = DIRECTION ( 'NONE',  ( 0.0000000000000000000, 4.571076353035057300E-016, -1.000000000000000000 ) ) ;
#1410 = EDGE_CURVE ( 'NONE', #5692, #3064, #59, .T. ) ;
#1411 = CIRCLE ( 'NONE', #5235, 121.4400000000001000 ) ;
#1412 = CARTESIAN_POINT ( 'NONE',  ( 52.58022456961541700, 0.0000000000000000000, -121.4400000000000400 ) ) ;
#1413 = SURFACE_STYLE_FILL_AREA ( #3909 ) ;
#1414 =( GEOMETRIC_REPRESENTATION_CONTEXT ( 3 ) GLOBAL_UNCERTAINTY_ASSIGNED_CONTEXT ( ( #4002 ) ) GLOBAL_UNIT_ASSIGNED_CONTEXT ( ( #1271, #1245, #208 ) ) REPRESENTATION_CONTEXT ( 'NONE', 'WORKASPACE' ) );
#1415 = VERTEX_POINT ( 'NONE', #4739 ) ;
#1416 = DIRECTION ( 'NONE',  ( -1.000000000000000000, 0.0000000000000000000, 0.0000000000000000000 ) ) ;
#1417 = DIRECTION ( 'NONE',  ( -1.000000000000000000, 0.0000000000000000000, 0.0000000000000000000 ) ) ;
#1418 = CARTESIAN_POINT ( 'NONE',  ( 514.1200000000002300, -4.622191388436821300, -497.5000000000000000 ) ) ;
#1419 = DIRECTION ( 'NONE',  ( 0.0000000000000000000, 1.000000000000000000, 0.0000000000000000000 ) ) ;
#1420 = EDGE_LOOP ( 'NONE', ( #2688, #1379, #973, #851, #817 ) ) ;
#1421 = CARTESIAN_POINT ( 'NONE',  ( 3716.382674367796400, 198.5999999999998500, 0.0000000000000000000 ) ) ;
#1422 = PRESENTATION_LAYER_ASSIGNMENT (  '', '', ( #800 ) ) ;
#1423 = CARTESIAN_POINT ( 'NONE',  ( 2738.944477278409100, 1869.999999999999800, 117.4999999999999900 ) ) ;
#1424 = CARTESIAN_POINT ( 'NONE',  ( 1073.380254983841700, 489.3188556199704600, 90.00369113059430500 ) ) ;
#1425 = SURFACE_STYLE_USAGE ( .BOTH. , #2944 ) ;
#1426 = VERTEX_POINT ( 'NONE', #1548 ) ;
#1427 = VERTEX_POINT ( 'NONE', #5726 ) ;
#1428 = CARTESIAN_POINT ( 'NONE',  ( 2983.865712788544400, 491.0882993442715500, -79.78559693671584800 ) ) ;
#1429 = CARTESIAN_POINT ( 'NONE',  ( 535.4334422521511700, 50.25763674981890700, -494.9556432733202200 ) ) ;
#1430 = EDGE_CURVE ( 'NONE', #1635, #6062, #1581, .T. ) ;
#1431 = SURFACE_STYLE_FILL_AREA ( #3583 ) ;
#1432 = CARTESIAN_POINT ( 'NONE',  ( -651.5199999999999800, -380.9999999999993700, -3214.560000000000400 ) ) ;
#1433 = CARTESIAN_POINT ( 'NONE',  ( 917.9999999999998900, 424.0008287708115500, 0.0000000000000000000 ) ) ;
#1434 = EDGE_LOOP ( 'NONE', ( #2313, #4168, #3232, #3258, #607 ) ) ;
#1435 = VERTEX_POINT ( 'NONE', #996 ) ;
#1436 = CARTESIAN_POINT ( 'NONE',  ( 0.0000000000000000000, 0.0000000000000000000, -497.5000000000000000 ) ) ;
#1437 = COLOUR_RGB ( '',0.7921568627450980000, 0.8196078431372548800, 0.9333333333333333500 ) ;
#1438 = DIRECTION ( 'NONE',  ( -0.0000000000000000000, -1.000000000000000000, -0.0000000000000000000 ) ) ;
#1439 = CARTESIAN_POINT ( 'NONE',  ( 738.5963471633549500, 497.4760514562217400, -5.713205971321913900 ) ) ;
#1440 = EDGE_CURVE ( 'NONE', #61, #5411, #1411, .T. ) ;
#1441 = UNCERTAINTY_MEASURE_WITH_UNIT (LENGTH_MEASURE( 1.000000000000000100E-005 ), #576, 'distance_accuracy_value', 'NONE');
#1442 = EDGE_LOOP ( 'NONE', ( #3863, #2703 ) ) ;
#1443 = CARTESIAN_POINT ( 'NONE',  ( -4132.648929280135200, 996.0000000000001100, -3228.234795723730700 ) ) ;
#1444 = AXIS2_PLACEMENT_3D ( 'NONE', #31, #5440, #2160 ) ;
#1445 = PRESENTATION_STYLE_ASSIGNMENT (( #2641 ) ) ;
#1446 = PRESENTATION_STYLE_ASSIGNMENT (( #2907 ) ) ;
#1447 = CARTESIAN_POINT ( 'NONE',  ( 0.0000000000000000000, 0.0000000000000000000, 0.0000000000000000000 ) ) ;
#1448 = CARTESIAN_POINT ( 'NONE',  ( 1181.074175964327700, 2009.999999999999800, 117.4999999999999600 ) ) ;
#1449 = CARTESIAN_POINT ( 'NONE',  ( 739.9801636032219700, 496.9784031549533600, -23.53716099757431800 ) ) ;
#1450 = STYLED_ITEM ( 'NONE', ( #6906 ), #4232 ) ;
#1451 = VERTEX_POINT ( 'NONE', #925 ) ;
#1452 = MECHANICAL_DESIGN_GEOMETRIC_PRESENTATION_REPRESENTATION (  '', ( #4541 ), #5842 ) ;
#1453 = DIRECTION ( 'NONE',  ( 0.0000000000000000000, 1.000000000000000000, 0.0000000000000000000 ) ) ;
#1454 = CARTESIAN_POINT ( 'NONE',  ( 1097.473222375487900, 497.5011624510598300, 2.751901792383862200 ) ) ;
#1455 = DIRECTION ( 'NONE',  ( 0.0000000000000000000, -1.000000000000000000, -0.0000000000000000000 ) ) ;
#1456 = CARTESIAN_POINT ( 'NONE',  ( 2997.717861124246600, 495.8050342896301000, -41.13421042428388600 ) ) ;
#1457 = FILL_AREA_STYLE ('',( #4655 ) ) ;
#1458 = VERTEX_POINT ( 'NONE', #5284 ) ;
#1459 = SURFACE_STYLE_USAGE ( .BOTH. , #418 ) ;
#1460 = FACE_OUTER_BOUND ( 'NONE', #3951, .T. ) ;
#1461 = CARTESIAN_POINT ( 'NONE',  ( 1689.342921790578700, -196.8454561511633500, -199.9301936077232000 ) ) ;
#1462 = ORIENTED_EDGE ( 'NONE', *, *, #341, .T. ) ;
#1463 = FILL_AREA_STYLE_COLOUR ( '', #2659 ) ;
#1464 = AXIS2_PLACEMENT_3D ( 'NONE', #4660, #4644, #3002 ) ;
#1465 = CIRCLE ( 'NONE', #3884, 156.4400000000000500 ) ;
#1466 = CARTESIAN_POINT ( 'NONE',  ( 870.9535392159704100, 466.3466377775481000, -173.2928547555547400 ) ) ;
#1467 = ORIENTED_EDGE ( 'NONE', *, *, #841, .F. ) ;
#1468 = CARTESIAN_POINT ( 'NONE',  ( 2559.925824035672100, 1869.999999999999800, 117.5000000000000000 ) ) ;
#1469 = CARTESIAN_POINT ( 'NONE',  ( 1046.986407839354600, 481.5914408634000100, 124.8217701821481000 ) ) ;
#1470 = DIRECTION ( 'NONE',  ( 1.000000000000000000, -0.0000000000000000000, -0.0000000000000000000 ) ) ;
#1471 = FACE_OUTER_BOUND ( 'NONE', #39, .T. ) ;
#1472 = CARTESIAN_POINT ( 'NONE',  ( 627.9999999999998900, 1939.999999999999800, 496.0000000000000000 ) ) ;
#1473 = MECHANICAL_DESIGN_GEOMETRIC_PRESENTATION_REPRESENTATION (  '', ( #524 ), #2335 ) ;
#1474 = CARTESIAN_POINT ( 'NONE',  ( -894.3999999999999800, -228.9532722495596900, -3214.559999999999900 ) ) ;
#1475 = ORIENTED_EDGE ( 'NONE', *, *, #2514, .F. ) ;
#1476 = EDGE_CURVE ( 'NONE', #1451, #4361, #4340, .T. ) ;
#1477 =( NAMED_UNIT ( * ) SI_UNIT ( $, .STERADIAN. ) SOLID_ANGLE_UNIT ( ) );
#1478 = PRESENTATION_STYLE_ASSIGNMENT (( #4856 ) ) ;
#1479 = CARTESIAN_POINT ( 'NONE',  ( -5315.622039134138500, 1377.000000000002500, -4381.394042559289100 ) ) ;
#1480 = CARTESIAN_POINT ( 'NONE',  ( 2823.000000000000000, 410.0008287708115500, -71.49999999999998600 ) ) ;
#1481 = EDGE_LOOP ( 'NONE', ( #1703, #6463, #2910, #6659 ) ) ;
#1482 = CARTESIAN_POINT ( 'NONE',  ( 541.3206680780830300, -55.52284552954448300, -494.3987041139146800 ) ) ;
#1483 = CARTESIAN_POINT ( 'NONE',  ( 627.9999999999998900, 1939.999999999999800, -496.0000000000000000 ) ) ;
#1484 = STYLED_ITEM ( 'NONE', ( #6010 ), #3796 ) ;
#1485 =( NAMED_UNIT ( * ) SI_UNIT ( $, .STERADIAN. ) SOLID_ANGLE_UNIT ( ) );
#1486 = PRESENTATION_LAYER_ASSIGNMENT (  '', '', ( #6368 ) ) ;
#1487 = DIRECTION ( 'NONE',  ( 0.0000000000000000000, 0.0000000000000000000, 1.000000000000000000 ) ) ;
#1488 = CARTESIAN_POINT ( 'NONE',  ( 822.8250562720944600, 473.6549023120848600, -152.1835105369349300 ) ) ;
#1489 = PRESENTATION_STYLE_ASSIGNMENT (( #1754 ) ) ;
#1490 = VERTEX_POINT ( 'NONE', #5799 ) ;
#1491 = CARTESIAN_POINT ( 'NONE',  ( 923.9806592989850700, 464.0008287708116700, 179.4700000000000300 ) ) ;
#1492 = FILL_AREA_STYLE_COLOUR ( '', #683 ) ;
#1493 = DIRECTION ( 'NONE',  ( 1.000000000000000000, -0.0000000000000000000, -0.0000000000000000000 ) ) ;
#1494 =( GEOMETRIC_REPRESENTATION_CONTEXT ( 3 ) GLOBAL_UNCERTAINTY_ASSIGNED_CONTEXT ( ( #6220 ) ) GLOBAL_UNIT_ASSIGNED_CONTEXT ( ( #6074, #1756, #5488 ) ) REPRESENTATION_CONTEXT ( 'NONE', 'WORKASPACE' ) );
#1495 = CARTESIAN_POINT ( 'NONE',  ( 703.0000000000000000, 1939.999999999999800, 496.0000000000000000 ) ) ;
#1496 = ORIENTED_EDGE ( 'NONE', *, *, #3849, .T. ) ;
#1497 = EDGE_CURVE ( 'NONE', #5986, #1201, #5339, .T. ) ;
#1498 =( NAMED_UNIT ( * ) SI_UNIT ( $, .STERADIAN. ) SOLID_ANGLE_UNIT ( ) );
#1499 = DIRECTION ( 'NONE',  ( 0.0000000000000000000, -0.0000000000000000000, -1.000000000000000000 ) ) ;
#1500 =( GEOMETRIC_REPRESENTATION_CONTEXT ( 3 ) GLOBAL_UNCERTAINTY_ASSIGNED_CONTEXT ( ( #249 ) ) GLOBAL_UNIT_ASSIGNED_CONTEXT ( ( #4461, #6026, #3952 ) ) REPRESENTATION_CONTEXT ( 'NONE', 'WORKASPACE' ) );
#1501 = UNCERTAINTY_MEASURE_WITH_UNIT (LENGTH_MEASURE( 1.000000000000000100E-005 ), #2648, 'distance_accuracy_value', 'NONE');
#1502 = FACE_OUTER_BOUND ( 'NONE', #36, .T. ) ;
#1503 =( LENGTH_UNIT ( ) NAMED_UNIT ( * ) SI_UNIT ( .MILLI., .METRE. ) );
#1504 = ORIENTED_EDGE ( 'NONE', *, *, #808, .T. ) ;
#1505 = UNCERTAINTY_MEASURE_WITH_UNIT (LENGTH_MEASURE( 1.000000000000000100E-005 ), #5330, 'distance_accuracy_value', 'NONE');
#1506 = CARTESIAN_POINT ( 'NONE',  ( 579.3851443656559500, -69.87659008659102300, -492.5682817332011000 ) ) ;
#1507 =( GEOMETRIC_REPRESENTATION_CONTEXT ( 3 ) GLOBAL_UNCERTAINTY_ASSIGNED_CONTEXT ( ( #6459 ) ) GLOBAL_UNIT_ASSIGNED_CONTEXT ( ( #2262, #3782, #3278 ) ) REPRESENTATION_CONTEXT ( 'NONE', 'WORKASPACE' ) );
#1508 = UNCERTAINTY_MEASURE_WITH_UNIT (LENGTH_MEASURE( 1.000000000000000100E-005 ), #1728, 'distance_accuracy_value', 'NONE');
#1509 = CARTESIAN_POINT ( 'NONE',  ( 917.9999999999998900, 1940.000000000000200, 0.0000000000000000000 ) ) ;
#1510 = FACE_OUTER_BOUND ( 'NONE', #5363, .T. ) ;
#1511 = VECTOR ( 'NONE', #4726, 1000.000000000000000 ) ;
#1512 = FILL_AREA_STYLE_COLOUR ( '', #6012 ) ;
#1513 = VECTOR ( 'NONE', #835, 1000.000000000000000 ) ;
#1514 = ORIENTED_EDGE ( 'NONE', *, *, #4132, .F. ) ;
#1515 = ORIENTED_EDGE ( 'NONE', *, *, #5600, .F. ) ;
#1516 = CARTESIAN_POINT ( 'NONE',  ( 3113.000000000000000, 1940.000000000000200, -117.4999999999986100 ) ) ;
#1517 = COLOUR_RGB ( '',0.7921568627450980000, 0.8196078431372548800, 0.9333333333333333500 ) ;
#1518 = AXIS2_PLACEMENT_3D ( 'NONE', #960, #2983, #5629 ) ;
#1519 = CARTESIAN_POINT ( 'NONE',  ( 1097.165436477336500, 497.3899117537554800, -11.99423519587279900 ) ) ;
#1520 = UNCERTAINTY_MEASURE_WITH_UNIT (LENGTH_MEASURE( 1.000000000000000100E-005 ), #4860, 'distance_accuracy_value', 'NONE');
#1521 = FILL_AREA_STYLE ('',( #3577 ) ) ;
#1522 = ORIENTED_EDGE ( 'NONE', *, *, #1348, .T. ) ;
#1523 = DIRECTION ( 'NONE',  ( -1.000000000000000000, 0.0000000000000000000, 0.0000000000000000000 ) ) ;
#1524 = EDGE_CURVE ( 'NONE', #1101, #6919, #5166, .T. ) ;
#1525 = CARTESIAN_POINT ( 'NONE',  ( -894.3999999999999800, -121.4400000000001000, -2955.000000000000000 ) ) ;
#1526 = CIRCLE ( 'NONE', #3468, 144.4699999999998000 ) ;
#1527 = COLOUR_RGB ( '',0.7921568627450980000, 0.8196078431372548800, 0.9333333333333333500 ) ;
#1528 =( NAMED_UNIT ( * ) PLANE_ANGLE_UNIT ( ) SI_UNIT ( $, .RADIAN. ) );
#1529 =( NAMED_UNIT ( * ) SI_UNIT ( $, .STERADIAN. ) SOLID_ANGLE_UNIT ( ) );
#1530 = EDGE_LOOP ( 'NONE', ( #5605, #277, #3897, #1375 ) ) ;
#1531 =( LENGTH_UNIT ( ) NAMED_UNIT ( * ) SI_UNIT ( .MILLI., .METRE. ) );
#1532 = COLOUR_RGB ( '',0.7921568627450980000, 0.8196078431372548800, 0.9333333333333333500 ) ;
#1533 = SURFACE_STYLE_FILL_AREA ( #2531 ) ;
#1534 = PRESENTATION_STYLE_ASSIGNMENT (( #5867 ) ) ;
#1535 = SURFACE_SIDE_STYLE ('',( #2046 ) ) ;
#1536 = FACE_OUTER_BOUND ( 'NONE', #1765, .T. ) ;
#1537 = AXIS2_PLACEMENT_3D ( 'NONE', #2428, #1438, #6680 ) ;
#1538 = CARTESIAN_POINT ( 'NONE',  ( 523.3531846537772500, -35.01443136761896100, -496.2809026779605700 ) ) ;
#1539 = EDGE_CURVE ( 'NONE', #5213, #935, #5849, .T. ) ;
#1540 = ORIENTED_EDGE ( 'NONE', *, *, #3003, .F. ) ;
#1541 = CARTESIAN_POINT ( 'NONE',  ( 4225.000000000002700, 0.0000000000000000000, 0.0000000000000000000 ) ) ;
#1542 = STYLED_ITEM ( 'NONE', ( #4700 ), #2188 ) ;
#1543 = ORIENTED_EDGE ( 'NONE', *, *, #6864, .F. ) ;
#1544 = DIRECTION ( 'NONE',  ( 0.0000000000000000000, 1.000000000000000000, 0.0000000000000000000 ) ) ;
#1545 =( GEOMETRIC_REPRESENTATION_CONTEXT ( 3 ) GLOBAL_UNCERTAINTY_ASSIGNED_CONTEXT ( ( #3609 ) ) GLOBAL_UNIT_ASSIGNED_CONTEXT ( ( #5742, #431, #2081 ) ) REPRESENTATION_CONTEXT ( 'NONE', 'WORKASPACE' ) );
#1546 = ADVANCED_FACE ( 'NONE', ( #4183 ), #2729, .F. ) ;
#1547 = MECHANICAL_DESIGN_GEOMETRIC_PRESENTATION_REPRESENTATION (  '', ( #4760 ), #3599 ) ;
#1548 = CARTESIAN_POINT ( 'NONE',  ( 3038.000000000000000, 1940.000000000000200, -496.0000000000000000 ) ) ;
#1549 = CARTESIAN_POINT ( 'NONE',  ( -5353.859199719160600, 1255.560000000002900, -4572.191842782487600 ) ) ;
#1550 = CARTESIAN_POINT ( 'NONE',  ( -807.7225377212620300, 242.8800000000000500, 121.4400000000002400 ) ) ;
#1551 = LINE ( 'NONE', #4429, #2773 ) ;
#1552 = DIRECTION ( 'NONE',  ( -0.0000000000000000000, -1.000000000000000000, -0.0000000000000000000 ) ) ;
#1553 =( NAMED_UNIT ( * ) SI_UNIT ( $, .STERADIAN. ) SOLID_ANGLE_UNIT ( ) );
#1554 = ORIENTED_EDGE ( 'NONE', *, *, #2860, .T. ) ;
#1555 = CARTESIAN_POINT ( 'NONE',  ( 2823.000000000000000, 418.0008287708115500, 63.50000000000001400 ) ) ;
#1556 =( GEOMETRIC_REPRESENTATION_CONTEXT ( 3 ) GLOBAL_UNCERTAINTY_ASSIGNED_CONTEXT ( ( #4719 ) ) GLOBAL_UNIT_ASSIGNED_CONTEXT ( ( #543, #1081, #4824 ) ) REPRESENTATION_CONTEXT ( 'NONE', 'WORKASPACE' ) );
#1557 =( LENGTH_UNIT ( ) NAMED_UNIT ( * ) SI_UNIT ( .MILLI., .METRE. ) );
#1558 = ORIENTED_EDGE ( 'NONE', *, *, #213, .T. ) ;
#1559 = ADVANCED_FACE ( 'NONE', ( #6008 ), #4017, .F. ) ;
#1560 = VECTOR ( 'NONE', #6247, 1000.000000000000000 ) ;
#1561 = DIRECTION ( 'NONE',  ( 0.0000000000000000000, 0.0000000000000000000, -1.000000000000000000 ) ) ;
#1562 = ORIENTED_EDGE ( 'NONE', *, *, #577, .T. ) ;
#1563 = CARTESIAN_POINT ( 'NONE',  ( 1908.577679628630700, 497.4999999999998300, 0.0000000000000000000 ) ) ;
#1564 = DIRECTION ( 'NONE',  ( 1.000000000000000000, -0.0000000000000000000, -0.0000000000000000000 ) ) ;
#1565 = MECHANICAL_DESIGN_GEOMETRIC_PRESENTATION_REPRESENTATION (  '', ( #5769 ), #6819 ) ;
#1566 = CARTESIAN_POINT ( 'NONE',  ( 917.9999999999998900, 424.0008287708115500, 0.0000000000000000000 ) ) ;
#1567 = COLOUR_RGB ( '',0.7921568627450980000, 0.8196078431372548800, 0.9333333333333333500 ) ;
#1568 = EDGE_CURVE ( 'NONE', #3945, #2364, #6904, .T. ) ;
#1569 = FILL_AREA_STYLE_COLOUR ( '', #3328 ) ;
#1570 = CARTESIAN_POINT ( 'NONE',  ( -5622.066632290265300, 996.0000000000022700, -4797.669598562014500 ) ) ;
#1571 = DIRECTION ( 'NONE',  ( 0.0000000000000000000, 0.0000000000000000000, -1.000000000000000000 ) ) ;
#1572 = CARTESIAN_POINT ( 'NONE',  ( 917.9999999999998900, 497.5000000000000000, 0.0000000000000000000 ) ) ;
#1573 = VECTOR ( 'NONE', #1154, 1000.000000000000000 ) ;
#1574 = CARTESIAN_POINT ( 'NONE',  ( 3590.709194396763500, 497.4999999999999400, 994.9999999999997700 ) ) ;
#1575 = PRESENTATION_STYLE_ASSIGNMENT (( #5502 ) ) ;
#1576 = EDGE_CURVE ( 'NONE', #1803, #81, #2576, .T. ) ;
#1577 = DIRECTION ( 'NONE',  ( 0.0000000000000000000, 0.0000000000000000000, -1.000000000000000000 ) ) ;
#1578 = CIRCLE ( 'NONE', #761, 259.5600000000000000 ) ;
#1579 = ADVANCED_FACE ( 'NONE', ( #2657 ), #4914, .T. ) ;
#1580 = EDGE_LOOP ( 'NONE', ( #1039, #1725, #6480, #5798, #1462 ) ) ;
#1581 = LINE ( 'NONE', #4720, #2997 ) ;
#1582 = SURFACE_STYLE_FILL_AREA ( #2141 ) ;
#1583 = ORIENTED_EDGE ( 'NONE', *, *, #5060, .T. ) ;
#1584 = PRESENTATION_LAYER_ASSIGNMENT (  '', '', ( #860 ) ) ;
#1585 = ADVANCED_FACE ( 'NONE', ( #5254 ), #3335, .T. ) ;
#1586 = UNCERTAINTY_MEASURE_WITH_UNIT (LENGTH_MEASURE( 1.000000000000000100E-005 ), #4371, 'distance_accuracy_value', 'NONE');
#1587 = CARTESIAN_POINT ( 'NONE',  ( 2823.000000000000000, 1600.000000000000000, 0.0000000000000000000 ) ) ;
#1588 = CIRCLE ( 'NONE', #939, 144.4699999999999400 ) ;
#1589 = CARTESIAN_POINT ( 'NONE',  ( 917.9999999999998900, 2009.999999999999800, 0.0000000000000000000 ) ) ;
#1590 = SURFACE_SIDE_STYLE ('',( #3261 ) ) ;
#1591 = ORIENTED_EDGE ( 'NONE', *, *, #3865, .T. ) ;
#1592 =( NAMED_UNIT ( * ) SI_UNIT ( $, .STERADIAN. ) SOLID_ANGLE_UNIT ( ) );
#1593 =( GEOMETRIC_REPRESENTATION_CONTEXT ( 3 ) GLOBAL_UNCERTAINTY_ASSIGNED_CONTEXT ( ( #5187 ) ) GLOBAL_UNIT_ASSIGNED_CONTEXT ( ( #3197, #3757, #4239 ) ) REPRESENTATION_CONTEXT ( 'NONE', 'WORKASPACE' ) );
#1594 = ADVANCED_FACE ( 'NONE', ( #50 ), #119, .F. ) ;
#1595 = SURFACE_STYLE_USAGE ( .BOTH. , #1611 ) ;
#1596 = EDGE_LOOP ( 'NONE', ( #1006, #6814, #6846, #836, #5233, #6399 ) ) ;
#1597 = ORIENTED_EDGE ( 'NONE', *, *, #6437, .T. ) ;
#1598 = CARTESIAN_POINT ( 'NONE',  ( -1275.400000000000300, -1541.999999999999500, -3335.999999999999500 ) ) ;
#1599 = SURFACE_STYLE_USAGE ( .BOTH. , #515 ) ;
#1600 = COLOUR_RGB ( '',0.7921568627450980000, 0.8196078431372548800, 0.9333333333333333500 ) ;
#1601 = SURFACE_STYLE_FILL_AREA ( #5053 ) ;
#1602 = STYLED_ITEM ( 'NONE', ( #4789 ), #491 ) ;
#1603 = ORIENTED_EDGE ( 'NONE', *, *, #887, .F. ) ;
#1604 = VERTEX_POINT ( 'NONE', #3810 ) ;
#1605 = CARTESIAN_POINT ( 'NONE',  ( 2457.999999999999500, 1940.000000000000200, -496.0000000000000000 ) ) ;
#1606 = CIRCLE ( 'NONE', #4573, 796.0000000000000000 ) ;
#1607 = FILL_AREA_STYLE ('',( #5902 ) ) ;
#1608 = EDGE_LOOP ( 'NONE', ( #3108, #4235, #3190, #420, #5309 ) ) ;
#1609 = AXIS2_PLACEMENT_3D ( 'NONE', #413, #441, #1001 ) ;
#1610 =( NAMED_UNIT ( * ) SI_UNIT ( $, .STERADIAN. ) SOLID_ANGLE_UNIT ( ) );
#1611 = SURFACE_SIDE_STYLE ('',( #5090 ) ) ;
#1612 = EDGE_CURVE ( 'NONE', #4297, #1427, #4497, .T. ) ;
#1613 = ORIENTED_EDGE ( 'NONE', *, *, #1300, .F. ) ;
#1614 = DIRECTION ( 'NONE',  ( -1.000000000000000000, 0.0000000000000000000, 0.0000000000000000000 ) ) ;
#1615 = FACE_OUTER_BOUND ( 'NONE', #2107, .T. ) ;
#1616 = ADVANCED_FACE ( 'NONE', ( #1832 ), #479, .F. ) ;
#1617 =( NAMED_UNIT ( * ) PLANE_ANGLE_UNIT ( ) SI_UNIT ( $, .RADIAN. ) );
#1618 = ORIENTED_EDGE ( 'NONE', *, *, #6170, .T. ) ;
#1619 = VECTOR ( 'NONE', #4494, 1000.000000000000000 ) ;
#1620 =( GEOMETRIC_REPRESENTATION_CONTEXT ( 3 ) GLOBAL_UNCERTAINTY_ASSIGNED_CONTEXT ( ( #3614 ) ) GLOBAL_UNIT_ASSIGNED_CONTEXT ( ( #1503, #6837, #2053 ) ) REPRESENTATION_CONTEXT ( 'NONE', 'WORKASPACE' ) );
#1621 = CARTESIAN_POINT ( 'NONE',  ( 632.5665577478489500, -50.25763674981897800, -494.9556432733205600 ) ) ;
#1622 = ADVANCED_FACE ( 'NONE', ( #4011 ), #5664, .T. ) ;
#1623 = AXIS2_PLACEMENT_3D ( 'NONE', #165, #6520, #6001 ) ;
#1624 = FILL_AREA_STYLE_COLOUR ( '', #1527 ) ;
#1625 = MECHANICAL_DESIGN_GEOMETRIC_PRESENTATION_REPRESENTATION (  '', ( #3918 ), #1494 ) ;
#1626 = PRESENTATION_LAYER_ASSIGNMENT (  '', '', ( #908 ) ) ;
#1627 = DIRECTION ( 'NONE',  ( -0.6434991012582379500, 1.146489985353013100E-016, 0.7654468673133624200 ) ) ;
#1628 = DIRECTION ( 'NONE',  ( 1.000000000000000000, 0.0000000000000000000, -0.0000000000000000000 ) ) ;
#1629 = UNCERTAINTY_MEASURE_WITH_UNIT (LENGTH_MEASURE( 1.000000000000000100E-005 ), #6513, 'distance_accuracy_value', 'NONE');
#1630 = EDGE_CURVE ( 'NONE', #4361, #1101, #4256, .T. ) ;
#1631 = FILL_AREA_STYLE ('',( #547 ) ) ;
#1632 = UNCERTAINTY_MEASURE_WITH_UNIT (LENGTH_MEASURE( 1.000000000000000100E-005 ), #206, 'distance_accuracy_value', 'NONE');
#1633 = STYLED_ITEM ( 'NONE', ( #5515 ), #3128 ) ;
#1634 = CARTESIAN_POINT ( 'NONE',  ( -894.3999999999999800, 121.4400000000004500, -2954.999999999999500 ) ) ;
#1635 = VERTEX_POINT ( 'NONE', #5040 ) ;
#1636 = CARTESIAN_POINT ( 'NONE',  ( 2533.000000000000000, 1940.000000000000200, -117.4999999999986100 ) ) ;
#1637 = DIRECTION ( 'NONE',  ( 0.0000000000000000000, 1.000000000000000000, 0.0000000000000000000 ) ) ;
#1638 = PRESENTATION_STYLE_ASSIGNMENT (( #2349 ) ) ;
#1639 = DIRECTION ( 'NONE',  ( 1.000000000000000000, 0.0000000000000000000, 0.0000000000000000000 ) ) ;
#1640 = DIRECTION ( 'NONE',  ( 1.000000000000000000, -0.0000000000000000000, -0.0000000000000000000 ) ) ;
#1641 = AXIS2_PLACEMENT_3D ( 'NONE', #1330, #878, #6695 ) ;
#1642 = ADVANCED_FACE ( 'NONE', ( #1404 ), #603, .T. ) ;
#1643 = ORIENTED_EDGE ( 'NONE', *, *, #4795, .F. ) ;
#1644 = UNCERTAINTY_MEASURE_WITH_UNIT (LENGTH_MEASURE( 1.000000000000000100E-005 ), #2619, 'distance_accuracy_value', 'NONE');
#1645 = SHAPE_REPRESENTATION ( 'discharge_piping', ( #1005, #6495 ), #5079 ) ;
#1646 = DIRECTION ( 'NONE',  ( 1.000000000000000000, 0.0000000000000000000, 0.0000000000000000000 ) ) ;
#1647 = EDGE_CURVE ( 'NONE', #5986, #3803, #5451, .T. ) ;
#1648 = VECTOR ( 'NONE', #3228, 1000.000000000000000 ) ;
#1649 =( NAMED_UNIT ( * ) SI_UNIT ( $, .STERADIAN. ) SOLID_ANGLE_UNIT ( ) );
#1650 = CARTESIAN_POINT ( 'NONE',  ( 917.9999999999998900, 0.0000000000000000000, 0.0000000000000000000 ) ) ;
#1651 = SURFACE_SIDE_STYLE ('',( #3539 ) ) ;
#1652 = ADVANCED_FACE ( 'NONE', ( #4216 ), #1187, .T. ) ;
#1653 = CARTESIAN_POINT ( 'NONE',  ( 1930.784992816085600, -493.4355023101049400, -7.935502310104598500 ) ) ;
#1654 = PRESENTATION_STYLE_ASSIGNMENT (( #1176 ) ) ;
#1655 = CARTESIAN_POINT ( 'NONE',  ( 484.5802245696154400, 0.0000000000000000000, 0.0000000000000000000 ) ) ;
#1656 = SURFACE_STYLE_USAGE ( .BOTH. , #601 ) ;
#1657 = ORIENTED_EDGE ( 'NONE', *, *, #5005, .F. ) ;
#1658 = CYLINDRICAL_SURFACE ( 'NONE', #580, 121.4399999999999300 ) ;
#1659 = SURFACE_SIDE_STYLE ('',( #2091 ) ) ;
#1660 = EDGE_CURVE ( 'NONE', #6132, #3974, #3449, .T. ) ;
#1661 =( NAMED_UNIT ( * ) PLANE_ANGLE_UNIT ( ) SI_UNIT ( $, .RADIAN. ) );
#1662 = STYLED_ITEM ( 'NONE', ( #4592 ), #3685 ) ;
#1663 = DIRECTION ( 'NONE',  ( -1.000000000000000000, 0.0000000000000000000, 0.0000000000000000000 ) ) ;
#1664 = CYLINDRICAL_SURFACE ( 'NONE', #3157, 154.5000000000000300 ) ;
#1665 = EDGE_LOOP ( 'NONE', ( #2674, #3602, #4962, #4397, #2747, #1496, #2589, #2765 ) ) ;
#1666 = CIRCLE ( 'NONE', #5484, 121.4400000000002100 ) ;
#1667 = PRESENTATION_LAYER_ASSIGNMENT (  '', '', ( #1450 ) ) ;
#1668 = PRESENTATION_STYLE_ASSIGNMENT (( #3271 ) ) ;
#1669 = VECTOR ( 'NONE', #5891, 1000.000000000000000 ) ;
#1670 = AXIS2_PLACEMENT_3D ( 'NONE', #4462, #1734, #121 ) ;
#1671 = CIRCLE ( 'NONE', #4185, 63.50000000000000000 ) ;
#1672 = VERTEX_POINT ( 'NONE', #1823 ) ;
#1673 = SURFACE_SIDE_STYLE ('',( #2212 ) ) ;
#1674 = DIRECTION ( 'NONE',  ( 0.0000000000000000000, 0.0000000000000000000, 1.000000000000000000 ) ) ;
#1675 = CARTESIAN_POINT ( 'NONE',  ( 1764.357206279194100, 0.0000000000000000000, -88.90000000000000600 ) ) ;
#1676 = FILL_AREA_STYLE ('',( #2295 ) ) ;
#1677 = DIRECTION ( 'NONE',  ( -0.0000000000000000000, -0.0000000000000000000, -1.000000000000000000 ) ) ;
#1678 = STYLED_ITEM ( 'NONE', ( #1446 ), #2211 ) ;
#1679 = CARTESIAN_POINT ( 'NONE',  ( -772.9600000000002600, -1836.322537721261100, -3335.999999999999500 ) ) ;
#1680 =( NAMED_UNIT ( * ) PLANE_ANGLE_UNIT ( ) SI_UNIT ( $, .RADIAN. ) );
#1681 = FACE_OUTER_BOUND ( 'NONE', #1053, .T. ) ;
#1682 = PRESENTATION_LAYER_ASSIGNMENT (  '', '', ( #5389 ) ) ;
#1683 = ORIENTED_EDGE ( 'NONE', *, *, #6288, .T. ) ;
#1684 = ORIENTED_EDGE ( 'NONE', *, *, #4827, .T. ) ;
#1685 = CARTESIAN_POINT ( 'NONE',  ( 1927.644856678323800, -489.4826203873169000, -3.982620387317156000 ) ) ;
#1686 =( NAMED_UNIT ( * ) SI_UNIT ( $, .STERADIAN. ) SOLID_ANGLE_UNIT ( ) );
#1687 = ADVANCED_FACE ( 'NONE', ( #2042, #3972 ), #5009, .F. ) ;
#1688 = CARTESIAN_POINT ( 'NONE',  ( 2823.000000000000000, 497.5000000000000000, 179.4700000000000000 ) ) ;
#1689 = CARTESIAN_POINT ( 'NONE',  ( 2711.303514420397700, 477.2542433270323300, 140.4831788092090500 ) ) ;
#1690 = EDGE_LOOP ( 'NONE', ( #1888, #4807 ) ) ;
#1691 = CARTESIAN_POINT ( 'NONE',  ( 12.58022456961535500, -156.4400000000000500, 1.915837452586119800E-014 ) ) ;
#1692 = VECTOR ( 'NONE', #4082, 1000.000000000000000 ) ;
#1693 = PRESENTATION_LAYER_ASSIGNMENT (  '', '', ( #5628 ) ) ;
#1694 = ADVANCED_FACE ( 'NONE', ( #1536 ), #4646, .F. ) ;
#1695 = VERTEX_POINT ( 'NONE', #5667 ) ;
#1696 = EDGE_CURVE ( 'NONE', #1415, #6920, #6447, .T. ) ;
#1697 = COLOUR_RGB ( '',0.7921568627450980000, 0.8196078431372548800, 0.9333333333333333500 ) ;
#1698 = COLOUR_RGB ( '',0.7921568627450980000, 0.8196078431372548800, 0.9333333333333333500 ) ;
#1699 = CONICAL_SURFACE ( 'NONE', #4189, 121.4400000000000000, 0.3884718357546366200 ) ;
#1700 = SURFACE_SIDE_STYLE ('',( #275 ) ) ;
#1701 = DIRECTION ( 'NONE',  ( 0.0000000000000000000, 0.0000000000000000000, 1.000000000000000000 ) ) ;
#1702 = CARTESIAN_POINT ( 'NONE',  ( 2823.000000000000000, 424.0008287708115500, 0.0000000000000000000 ) ) ;
#1703 = ORIENTED_EDGE ( 'NONE', *, *, #2199, .T. ) ;
#1704 = VERTEX_POINT ( 'NONE', #2984 ) ;
#1705 = PRESENTATION_LAYER_ASSIGNMENT (  '', '', ( #3994 ) ) ;
#1706 =( NAMED_UNIT ( * ) PLANE_ANGLE_UNIT ( ) SI_UNIT ( $, .RADIAN. ) );
#1707 = DIRECTION ( 'NONE',  ( -0.0000000000000000000, -1.000000000000000000, -0.0000000000000000000 ) ) ;
#1708 = SURFACE_SIDE_STYLE ('',( #2616 ) ) ;
#1709 = EDGE_CURVE ( 'NONE', #3064, #6370, #2806, .T. ) ;
#1710 = DIRECTION ( 'NONE',  ( -0.0000000000000000000, -0.0000000000000000000, -1.000000000000000000 ) ) ;
#1711 = ORIENTED_EDGE ( 'NONE', *, *, #6259, .F. ) ;
#1712 = SURFACE_SIDE_STYLE ('',( #4905 ) ) ;
#1713 = VERTEX_POINT ( 'NONE', #1910 ) ;
#1714 = CARTESIAN_POINT ( 'NONE',  ( 917.9999999999998900, 414.0008287708116700, 0.0000000000000000000 ) ) ;
#1715 = CARTESIAN_POINT ( 'NONE',  ( 2767.797606504293500, 467.2709267139672400, 170.7758159068402800 ) ) ;
#1716 = AXIS2_PLACEMENT_3D ( 'NONE', #807, #6118, #710 ) ;
#1717 = ORIENTED_EDGE ( 'NONE', *, *, #2676, .F. ) ;
#1718 =( NAMED_UNIT ( * ) SI_UNIT ( $, .STERADIAN. ) SOLID_ANGLE_UNIT ( ) );
#1719 = EDGE_LOOP ( 'NONE', ( #211, #957, #2331, #2538, #6059, #746 ) ) ;
#1720 = STYLED_ITEM ( 'NONE', ( #1175 ), #6335 ) ;
#1721 =( NAMED_UNIT ( * ) SI_UNIT ( $, .STERADIAN. ) SOLID_ANGLE_UNIT ( ) );
#1722 = CARTESIAN_POINT ( 'NONE',  ( 3489.000000000000000, -497.5000000000000000, 6.092617825758081200E-014 ) ) ;
#1723 = CYLINDRICAL_SURFACE ( 'NONE', #508, 88.90000000000000600 ) ;
#1724 = MECHANICAL_DESIGN_GEOMETRIC_PRESENTATION_REPRESENTATION (  '', ( #6487 ), #6147 ) ;
#1725 = ORIENTED_EDGE ( 'NONE', *, *, #5249, .F. ) ;
#1726 = UNCERTAINTY_MEASURE_WITH_UNIT (LENGTH_MEASURE( 1.000000000000000100E-005 ), #2296, 'distance_accuracy_value', 'NONE');
#1727 = FILL_AREA_STYLE_COLOUR ( '', #2581 ) ;
#1728 =( LENGTH_UNIT ( ) NAMED_UNIT ( * ) SI_UNIT ( .MILLI., .METRE. ) );
#1729 =( GEOMETRIC_REPRESENTATION_CONTEXT ( 3 ) GLOBAL_UNCERTAINTY_ASSIGNED_CONTEXT ( ( #4263 ) ) GLOBAL_UNIT_ASSIGNED_CONTEXT ( ( #2372, #6096, #1852 ) ) REPRESENTATION_CONTEXT ( 'NONE', 'WORKASPACE' ) );
#1730 = SURFACE_SIDE_STYLE ('',( #6489 ) ) ;
#1731 = COLOUR_RGB ( '',0.7921568627450980000, 0.8196078431372548800, 0.9333333333333333500 ) ;
#1732 = PRODUCT_DEFINITION ( 'UNKNOWN', '', #2449, #21 ) ;
#1733 = DIRECTION ( 'NONE',  ( 1.000000000000000000, -0.0000000000000000000, -0.0000000000000000000 ) ) ;
#1734 = DIRECTION ( 'NONE',  ( 0.7654468673133622000, -0.0000000000000000000, 0.6434991012582380600 ) ) ;
#1735 =( NAMED_UNIT ( * ) PLANE_ANGLE_UNIT ( ) SI_UNIT ( $, .RADIAN. ) );
#1736 = SURFACE_SIDE_STYLE ('',( #382 ) ) ;
#1737 = EDGE_CURVE ( 'NONE', #1872, #5618, #6379, .T. ) ;
#1738 = CARTESIAN_POINT ( 'NONE',  ( 2920.640616106121800, 474.1570040072280700, 150.6130355273883800 ) ) ;
#1739 = CARTESIAN_POINT ( 'NONE',  ( 2823.000000000000000, 497.5000000000000000, -179.4700000000000000 ) ) ;
#1740 = FILL_AREA_STYLE_COLOUR ( '', #4514 ) ;
#1741 = CARTESIAN_POINT ( 'NONE',  ( 644.5015237674969100, -35.04339794791676600, -496.2683885891497100 ) ) ;
#1742 = SURFACE_SIDE_STYLE ('',( #2282 ) ) ;
#1743 = DIRECTION ( 'NONE',  ( 1.000000000000000000, -0.0000000000000000000, -0.0000000000000000000 ) ) ;
#1744 = FACE_OUTER_BOUND ( 'NONE', #6522, .T. ) ;
#1745 =( GEOMETRIC_REPRESENTATION_CONTEXT ( 3 ) GLOBAL_UNCERTAINTY_ASSIGNED_CONTEXT ( ( #4576 ) ) GLOBAL_UNIT_ASSIGNED_CONTEXT ( ( #6048, #97, #1149 ) ) REPRESENTATION_CONTEXT ( 'NONE', 'WORKASPACE' ) );
#1746 = CYLINDRICAL_SURFACE ( 'NONE', #215, 144.4699999999999400 ) ;
#1747 = DIRECTION ( 'NONE',  ( 0.0000000000000000000, 0.0000000000000000000, -1.000000000000000000 ) ) ;
#1748 = CARTESIAN_POINT ( 'NONE',  ( 917.9999999999998900, 424.0008287708115500, 0.0000000000000000000 ) ) ;
#1749 = EDGE_CURVE ( 'NONE', #6370, #6217, #5462, .T. ) ;
#1750 = FACE_OUTER_BOUND ( 'NONE', #2753, .T. ) ;
#1751 = CARTESIAN_POINT ( 'NONE',  ( 2975.377685568536400, 488.3709940874969100, 94.99682062107331100 ) ) ;
#1752 =( NAMED_UNIT ( * ) SI_UNIT ( $, .STERADIAN. ) SOLID_ANGLE_UNIT ( ) );
#1753 =( NAMED_UNIT ( * ) SI_UNIT ( $, .STERADIAN. ) SOLID_ANGLE_UNIT ( ) );
#1754 = SURFACE_STYLE_USAGE ( .BOTH. , #102 ) ;
#1755 = SURFACE_STYLE_FILL_AREA ( #3481 ) ;
#1756 =( NAMED_UNIT ( * ) PLANE_ANGLE_UNIT ( ) SI_UNIT ( $, .RADIAN. ) );
#1757 = LINE ( 'NONE', #131, #4515 ) ;
#1758 = ORIENTED_EDGE ( 'NONE', *, *, #1410, .T. ) ;
#1759 = STYLED_ITEM ( 'NONE', ( #1199 ), #5393 ) ;
#1760 = DIRECTION ( 'NONE',  ( -0.0000000000000000000, -1.000000000000000000, -0.0000000000000000000 ) ) ;
#1761 = AXIS2_PLACEMENT_3D ( 'NONE', #4193, #974, #5261 ) ;
#1762 = CARTESIAN_POINT ( 'NONE',  ( 1002.055522721591300, 2009.999999999999800, 117.4999999999999400 ) ) ;
#1763 = CARTESIAN_POINT ( 'NONE',  ( 3123.000000000000000, 1869.999999999999800, -117.4999999999985900 ) ) ;
#1764 = ORIENTED_EDGE ( 'NONE', *, *, #2060, .T. ) ;
#1765 = EDGE_LOOP ( 'NONE', ( #3383, #3451, #6717, #2906 ) ) ;
#1766 =( GEOMETRIC_REPRESENTATION_CONTEXT ( 3 ) GLOBAL_UNCERTAINTY_ASSIGNED_CONTEXT ( ( #2867 ) ) GLOBAL_UNIT_ASSIGNED_CONTEXT ( ( #2201, #6004, #5438 ) ) REPRESENTATION_CONTEXT ( 'NONE', 'WORKASPACE' ) );
#1767 = DIRECTION ( 'NONE',  ( 0.0000000000000000000, 0.0000000000000000000, 1.000000000000000000 ) ) ;
#1768 = COLOUR_RGB ( '',0.7921568627450980000, 0.8196078431372548800, 0.9333333333333333500 ) ;
#1769 = DIRECTION ( 'NONE',  ( -0.7654468673133620900, 0.0000000000000000000, -0.6434991012582381700 ) ) ;
#1770 = CARTESIAN_POINT ( 'NONE',  ( 230.5802245696153500, 0.0000000000000000000, 0.0000000000000000000 ) ) ;
#1771 = UNCERTAINTY_MEASURE_WITH_UNIT (LENGTH_MEASURE( 1.000000000000000100E-005 ), #4322, 'distance_accuracy_value', 'NONE');
#1772 = CARTESIAN_POINT ( 'NONE',  ( -1275.400000000000100, -1923.000000000000000, -3335.999999999999500 ) ) ;
#1773 = ORIENTED_EDGE ( 'NONE', *, *, #1391, .F. ) ;
#1774 = EDGE_CURVE ( 'NONE', #3641, #159, #5128, .T. ) ;
#1775 = FACE_OUTER_BOUND ( 'NONE', #2787, .T. ) ;
#1776 = CIRCLE ( 'NONE', #3643, 502.4400000000002300 ) ;
#1777 = COLOUR_RGB ( '',0.7921568627450980000, 0.8196078431372548800, 0.9333333333333333500 ) ;
#1778 = STYLED_ITEM ( 'NONE', ( #149 ), #2722 ) ;
#1779 = DIRECTION ( 'NONE',  ( 0.0000000000000000000, 0.0000000000000000000, 1.000000000000000000 ) ) ;
#1780 = FILL_AREA_STYLE_COLOUR ( '', #1366 ) ;
#1781 =( LENGTH_UNIT ( ) NAMED_UNIT ( * ) SI_UNIT ( .MILLI., .METRE. ) );
#1782 = DIRECTION ( 'NONE',  ( 0.0000000000000000000, 0.0000000000000000000, -1.000000000000000000 ) ) ;
#1783 = SURFACE_STYLE_FILL_AREA ( #2858 ) ;
#1784 = CIRCLE ( 'NONE', #56, 121.4400000000000300 ) ;
#1785 = CARTESIAN_POINT ( 'NONE',  ( 2793.322750019851400, 464.9466246763341200, -177.0055444078746500 ) ) ;
#1786 = ORIENTED_EDGE ( 'NONE', *, *, #4437, .F. ) ;
#1787 = CARTESIAN_POINT ( 'NONE',  ( 648.9860775613661900, 25.71642536991404200, -496.8360260299766700 ) ) ;
#1788 = AXIS2_PLACEMENT_3D ( 'NONE', #1148, #6543, #4970 ) ;
#1789 = DIRECTION ( 'NONE',  ( -0.0000000000000000000, 1.000000000000000000, 0.0000000000000000000 ) ) ;
#1790 = PRESENTATION_STYLE_ASSIGNMENT (( #3185 ) ) ;
#1791 = DIRECTION ( 'NONE',  ( 0.0000000000000000000, 0.0000000000000000000, -1.000000000000000000 ) ) ;
#1792 = ORIENTED_EDGE ( 'NONE', *, *, #6821, .T. ) ;
#1793 = EDGE_CURVE ( 'NONE', #2035, #6711, #1371, .T. ) ;
#1794 = CARTESIAN_POINT ( 'NONE',  ( 1218.000000000000000, 1869.999999999999800, 117.4999999999999900 ) ) ;
#1795 = EDGE_LOOP ( 'NONE', ( #2306, #3469, #3899, #502, #4332, #6547 ) ) ;
#1796 = DIRECTION ( 'NONE',  ( -0.0000000000000000000, -1.000000000000000000, -0.0000000000000000000 ) ) ;
#1797 = FILL_AREA_STYLE ('',( #4987 ) ) ;
#1798 = CARTESIAN_POINT ( 'NONE',  ( 12.58022456961535700, -156.4400000000000800, -312.8800000000000500 ) ) ;
#1799 = CARTESIAN_POINT ( 'NONE',  ( 137.2218920732927600, -497.5000000000001100, -994.9999999999996600 ) ) ;
#1800 =( LENGTH_UNIT ( ) NAMED_UNIT ( * ) SI_UNIT ( .MILLI., .METRE. ) );
#1801 = CARTESIAN_POINT ( 'NONE',  ( 0.0000000000000000000, 0.0000000000000000000, 0.0000000000000000000 ) ) ;
#1802 = CARTESIAN_POINT ( 'NONE',  ( 1934.000000000000200, 0.0000000000000000000, 0.0000000000000000000 ) ) ;
#1803 = VERTEX_POINT ( 'NONE', #4673 ) ;
#1804 = DIRECTION ( 'NONE',  ( 0.0000000000000000000, 1.000000000000000000, 0.0000000000000000000 ) ) ;
#1805 =( BOUNDED_SURFACE ( )  B_SPLINE_SURFACE ( 3, 3, ( 
 ( #3742, #4, #4242, #1570 ),
 ( #5329, #506, #2151, #6391 ),
 ( #3701, #4763, #6851, #5310 ),
 ( #3671, #1549, #4305, #2088 ) ),
 .UNSPECIFIED., .F., .F., .F. ) 
 B_SPLINE_SURFACE_WITH_KNOTS ( ( 4, 4 ),
 ( 4, 4 ),
 ( 0.0000000000000000000, 1.000000000000000000 ),
 ( 0.0000000000000000000, 1.000000000000000000 ),
 .UNSPECIFIED. ) 
 GEOMETRIC_REPRESENTATION_ITEM ( )  RATIONAL_B_SPLINE_SURFACE ( (
 ( 1.000000000000000000, 0.8047378541243651600, 0.8047378541243651600, 1.000000000000000000),
 ( 0.3333333333333321500, 0.2682459513747874100, 0.2682459513747874100, 0.3333333333333321500),
 ( 0.3333333333333321500, 0.2682459513747874100, 0.2682459513747874100, 0.3333333333333321500),
 ( 1.000000000000000000, 0.8047378541243651600, 0.8047378541243651600, 1.000000000000000000) ) ) 
 REPRESENTATION_ITEM ( '' )  SURFACE ( )  );
#1806 = EDGE_CURVE ( 'NONE', #4297, #4044, #4715, .T. ) ;
#1807 = DIRECTION ( 'NONE',  ( 0.0000000000000000000, 0.0000000000000000000, -1.000000000000000000 ) ) ;
#1808 = DIRECTION ( 'NONE',  ( 1.000000000000000000, -0.0000000000000000000, -0.0000000000000000000 ) ) ;
#1809 = CARTESIAN_POINT ( 'NONE',  ( 2667.619745016158500, 489.3188556199704100, -90.00369113059440500 ) ) ;
#1810 = FACE_OUTER_BOUND ( 'NONE', #1795, .T. ) ;
#1811 = AXIS2_PLACEMENT_3D ( 'NONE', #4897, #616, #4922 ) ;
#1812 = CARTESIAN_POINT ( 'NONE',  ( 650.5391701962863600, 21.37919616086174900, -497.0416359435729400 ) ) ;
#1813 = ORIENTED_EDGE ( 'NONE', *, *, #1539, .F. ) ;
#1814 = AXIS2_PLACEMENT_3D ( 'NONE', #386, #999, #5260 ) ;
#1815 = UNCERTAINTY_MEASURE_WITH_UNIT (LENGTH_MEASURE( 1.000000000000000100E-005 ), #3373, 'distance_accuracy_value', 'NONE');
#1816 = FILL_AREA_STYLE_COLOUR ( '', #3366 ) ;
#1817 = DIRECTION ( 'NONE',  ( 0.0000000000000000000, 0.0000000000000000000, -1.000000000000000000 ) ) ;
#1818 = ORIENTED_EDGE ( 'NONE', *, *, #1709, .T. ) ;
#1819 = PLANE ( 'NONE',  #6400 ) ;
#1820 = STYLED_ITEM ( 'NONE', ( #5065 ), #4881 ) ;
#1821 = CARTESIAN_POINT ( 'NONE',  ( -772.9600000000000400, -1541.999999999999500, -3335.999999999999500 ) ) ;
#1822 = COLOUR_RGB ( '',0.7921568627450980000, 0.8196078431372548800, 0.9333333333333333500 ) ;
#1823 = CARTESIAN_POINT ( 'NONE',  ( 2608.000000000000000, 1940.000000000000200, -496.0000000000000000 ) ) ;
#1824 = CARTESIAN_POINT ( 'NONE',  ( 0.0000000000000000000, -497.3586457683634900, 11.85864576836358000 ) ) ;
#1825 = FILL_AREA_STYLE_COLOUR ( '', #5793 ) ;
#1826 = ORIENTED_EDGE ( 'NONE', *, *, #6357, .T. ) ;
#1827 = DIRECTION ( 'NONE',  ( 0.0000000000000000000, 0.0000000000000000000, -1.000000000000000000 ) ) ;
#1828 = ORIENTED_EDGE ( 'NONE', *, *, #4042, .T. ) ;
#1829 = AXIS2_PLACEMENT_3D ( 'NONE', #2513, #4589, #5151 ) ;
#1830 = DIRECTION ( 'NONE',  ( 0.0000000000000000000, 0.0000000000000000000, -1.000000000000000000 ) ) ;
#1831 = CARTESIAN_POINT ( 'NONE',  ( 2677.097432704114500, 486.3895845413599100, -104.6699376316123800 ) ) ;
#1832 = FACE_OUTER_BOUND ( 'NONE', #6448, .T. ) ;
#1833 = DIRECTION ( 'NONE',  ( 1.000000000000000000, 0.0000000000000000000, -0.0000000000000000000 ) ) ;
#1834 = SURFACE_STYLE_FILL_AREA ( #403 ) ;
#1835 = ORIENTED_EDGE ( 'NONE', *, *, #5016, .T. ) ;
#1836 = CYLINDRICAL_SURFACE ( 'NONE', #4931, 48.59000000000003200 ) ;
#1837 = PRODUCT_DEFINITION_SHAPE ( 'NONE', 'NONE',  #1732 ) ;
#1838 = CARTESIAN_POINT ( 'NONE',  ( 2823.000000000000000, 424.0008287708115500, 63.50000000000000000 ) ) ;
#1839 = AXIS2_PLACEMENT_3D ( 'NONE', #4898, #3304, #4923 ) ;
#1840 = ORIENTED_EDGE ( 'NONE', *, *, #2514, .T. ) ;
#1841 =( LENGTH_UNIT ( ) NAMED_UNIT ( * ) SI_UNIT ( .MILLI., .METRE. ) );
#1842 = SURFACE_SIDE_STYLE ('',( #3404 ) ) ;
#1843 = DIRECTION ( 'NONE',  ( 1.000000000000000000, -0.0000000000000000000, -0.0000000000000000000 ) ) ;
#1844 = EDGE_CURVE ( 'NONE', #4950, #5476, #6211, .T. ) ;
#1845 = DIRECTION ( 'NONE',  ( 0.7654468673133625300, -2.503722994132712000E-015, 0.6434991012582378400 ) ) ;
#1846 = DIRECTION ( 'NONE',  ( 0.0000000000000000000, -0.0000000000000000000, -1.000000000000000000 ) ) ;
#1847 = DIRECTION ( 'NONE',  ( -0.7654468673133624200, 2.742645811821032600E-015, -0.6434991012582377300 ) ) ;
#1848 = SURFACE_STYLE_FILL_AREA ( #1457 ) ;
#1849 = VERTEX_POINT ( 'NONE', #5239 ) ;
#1850 = CARTESIAN_POINT ( 'NONE',  ( 2823.000000000000000, 424.0008287708115500, -164.4999999999999400 ) ) ;
#1851 = PRESENTATION_STYLE_ASSIGNMENT (( #4432 ) ) ;
#1852 =( NAMED_UNIT ( * ) SI_UNIT ( $, .STERADIAN. ) SOLID_ANGLE_UNIT ( ) );
#1853 = STYLED_ITEM ( 'NONE', ( #4508 ), #3731 ) ;
#1854 = PRESENTATION_STYLE_ASSIGNMENT (( #2312 ) ) ;
#1855 = AXIS2_PLACEMENT_3D ( 'NONE', #6743, #5760, #6221 ) ;
#1856 = CARTESIAN_POINT ( 'NONE',  ( 981.5945686534669200, 468.3304678843541600, -167.8509986757852600 ) ) ;
#1857 = CARTESIAN_POINT ( 'NONE',  ( 2650.542441844146200, 495.0128487682978900, 49.76528653216524800 ) ) ;
#1858 = UNCERTAINTY_MEASURE_WITH_UNIT (LENGTH_MEASURE( 1.000000000000000100E-005 ), #4495, 'distance_accuracy_value', 'NONE');
#1859 = ORIENTED_EDGE ( 'NONE', *, *, #3767, .T. ) ;
#1860 = EDGE_LOOP ( 'NONE', ( #3886, #523, #3126, #1958, #6789, #1238 ) ) ;
#1861 = PRESENTATION_LAYER_ASSIGNMENT (  '', '', ( #5980 ) ) ;
#1862 = CARTESIAN_POINT ( 'NONE',  ( 3123.000000000000000, 1869.999999999999800, -117.4999999999985900 ) ) ;
#1863 = PRESENTATION_STYLE_ASSIGNMENT (( #1864 ) ) ;
#1864 = SURFACE_STYLE_USAGE ( .BOTH. , #3437 ) ;
#1865 = AXIS2_PLACEMENT_3D ( 'NONE', #4976, #3985, #1782 ) ;
#1866 = VERTEX_POINT ( 'NONE', #6375 ) ;
#1867 = DIRECTION ( 'NONE',  ( 0.0000000000000000000, 0.0000000000000000000, 1.000000000000000000 ) ) ;
#1868 = VECTOR ( 'NONE', #5150, 1000.000000000000000 ) ;
#1869 =( NAMED_UNIT ( * ) SI_UNIT ( $, .STERADIAN. ) SOLID_ANGLE_UNIT ( ) );
#1870 = CARTESIAN_POINT ( 'NONE',  ( 815.7121500577669600, 475.1357059252516700, 147.4964933230836000 ) ) ;
#1871 = EDGE_CURVE ( 'NONE', #4035, #4907, #6051, .T. ) ;
#1872 = VERTEX_POINT ( 'NONE', #6853 ) ;
#1873 = CARTESIAN_POINT ( 'NONE',  ( 52.58022456961544600, 0.0000000000000000000, 0.0000000000000000000 ) ) ;
#1874 =( LENGTH_UNIT ( ) NAMED_UNIT ( * ) SI_UNIT ( .MILLI., .METRE. ) );
#1875 = AXIS2_PLACEMENT_3D ( 'NONE', #6905, #1055, #2146 ) ;
#1876 = FILL_AREA_STYLE ('',( #786 ) ) ;
#1877 = SURFACE_STYLE_USAGE ( .BOTH. , #2393 ) ;
#1878 = STYLED_ITEM ( 'NONE', ( #3708 ), #521 ) ;
#1879 =( LENGTH_UNIT ( ) NAMED_UNIT ( * ) SI_UNIT ( .MILLI., .METRE. ) );
#1880 = ORIENTED_EDGE ( 'NONE', *, *, #454, .T. ) ;
#1881 = CARTESIAN_POINT ( 'NONE',  ( -5237.475508277337200, 1377.000000000002500, -4474.349910125824000 ) ) ;
#1882 = CARTESIAN_POINT ( 'NONE',  ( 1008.009004221808600, 472.6234050401816900, -155.3763638203944000 ) ) ;
#1883 = CIRCLE ( 'NONE', #6401, 164.4999999999999400 ) ;
#1884 = CARTESIAN_POINT ( 'NONE',  ( 2743.193068114253900, 470.7864934939938700, -160.8569741205672000 ) ) ;
#1885 =( GEOMETRIC_REPRESENTATION_CONTEXT ( 3 ) GLOBAL_UNCERTAINTY_ASSIGNED_CONTEXT ( ( #2105 ) ) GLOBAL_UNIT_ASSIGNED_CONTEXT ( ( #6850, #4241, #3700 ) ) REPRESENTATION_CONTEXT ( 'NONE', 'WORKASPACE' ) );
#1886 = CARTESIAN_POINT ( 'NONE',  ( -3654.446727750440000, -1801.559999999999300, -3335.999999999999100 ) ) ;
#1887 = EDGE_CURVE ( 'NONE', #6062, #1604, #3891, .T. ) ;
#1888 = ORIENTED_EDGE ( 'NONE', *, *, #4171, .F. ) ;
#1889 = ORIENTED_EDGE ( 'NONE', *, *, #4182, .T. ) ;
#1890 = UNCERTAINTY_MEASURE_WITH_UNIT (LENGTH_MEASURE( 1.000000000000000100E-005 ), #7, 'distance_accuracy_value', 'NONE');
#1891 = DIRECTION ( 'NONE',  ( -1.000000000000000000, 0.0000000000000000000, 0.0000000000000000000 ) ) ;
#1892 = CARTESIAN_POINT ( 'NONE',  ( 777.5763149883814500, 484.7808225754659500, 111.7994830264419300 ) ) ;
#1893 = CARTESIAN_POINT ( 'NONE',  ( 62.73714325720444400, 0.0000000000000000000, 125.8430813124108500 ) ) ;
#1894 = FILL_AREA_STYLE ('',( #5084 ) ) ;
#1895 = CARTESIAN_POINT ( 'NONE',  ( -3883.400000000000100, 996.0000000000004500, -3457.439999999999600 ) ) ;
#1896 = ORIENTED_EDGE ( 'NONE', *, *, #546, .T. ) ;
#1897 = SURFACE_SIDE_STYLE ('',( #1783 ) ) ;
#1898 = AXIS2_PLACEMENT_3D ( 'NONE', #3443, #6086, #1291 ) ;
#1899 = EDGE_CURVE ( 'NONE', #806, #6192, #1959, .T. ) ;
#1900 = AXIS2_PLACEMENT_3D ( 'NONE', #3424, #1377, #6688 ) ;
#1901 = CARTESIAN_POINT ( 'NONE',  ( 997.7405283013515600, 470.7757576644667100, -160.8877976145814200 ) ) ;
#1902 =( NAMED_UNIT ( * ) SI_UNIT ( $, .STERADIAN. ) SOLID_ANGLE_UNIT ( ) );
#1903 = CARTESIAN_POINT ( 'NONE',  ( 2925.287849942233200, 475.1357059252517300, -147.4964933230836000 ) ) ;
#1904 = PRESENTATION_STYLE_ASSIGNMENT (( #53 ) ) ;
#1905 = CARTESIAN_POINT ( 'NONE',  ( 703.0000000000000000, 1939.999999999999800, 117.5000000000000000 ) ) ;
#1906 = AXIS2_PLACEMENT_3D ( 'NONE', #3183, #1042, #527 ) ;
#1907 = VERTEX_POINT ( 'NONE', #6826 ) ;
#1908 =( LENGTH_UNIT ( ) NAMED_UNIT ( * ) SI_UNIT ( .MILLI., .METRE. ) );
#1909 = CARTESIAN_POINT ( 'NONE',  ( -513.3999999999999800, 0.0000000000000000000, 0.0000000000000000000 ) ) ;
#1910 = CARTESIAN_POINT ( 'NONE',  ( 917.9999999999998900, 424.0008287708115500, 63.50000000000000000 ) ) ;
#1911 = CYLINDRICAL_SURFACE ( 'NONE', #1406, 74.99999999999995700 ) ;
#1912 = ORIENTED_EDGE ( 'NONE', *, *, #3818, .T. ) ;
#1913 = DIRECTION ( 'NONE',  ( -0.0000000000000000000, -1.000000000000000000, 0.0000000000000000000 ) ) ;
#1914 = DIRECTION ( 'NONE',  ( -1.000000000000000000, 0.0000000000000000000, -0.0000000000000000000 ) ) ;
#1915 = CYLINDRICAL_SURFACE ( 'NONE', #2434, 144.4699999999999400 ) ;
#1916 = ORIENTED_EDGE ( 'NONE', *, *, #3733, .F. ) ;
#1917 = CARTESIAN_POINT ( 'NONE',  ( -5436.154897157194700, 996.0000000000009100, -4641.376536848412800 ) ) ;
#1918 = CARTESIAN_POINT ( 'NONE',  ( 1066.227531615565300, 487.1011811186644400, -101.1941057180370100 ) ) ;
#1919 =( NAMED_UNIT ( * ) PLANE_ANGLE_UNIT ( ) SI_UNIT ( $, .RADIAN. ) );
#1920 = CARTESIAN_POINT ( 'NONE',  ( 2970.392872197714500, 486.8477951004344400, -102.4059310056919000 ) ) ;
#1921 = CARTESIAN_POINT ( 'NONE',  ( 531.3593475707205000, 46.18868954895423700, -495.3620460978828500 ) ) ;
#1922 = EDGE_CURVE ( 'NONE', #5050, #6432, #942, .T. ) ;
#1923 = CIRCLE ( 'NONE', #3736, 144.4699999999999400 ) ;
#1924 = CARTESIAN_POINT ( 'NONE',  ( 2823.000000000000000, 1600.000000000000000, 0.0000000000000000000 ) ) ;
#1925 =( NAMED_UNIT ( * ) SI_UNIT ( $, .STERADIAN. ) SOLID_ANGLE_UNIT ( ) );
#1926 = ORIENTED_EDGE ( 'NONE', *, *, #1749, .F. ) ;
#1927 = SURFACE_STYLE_FILL_AREA ( #5694 ) ;
#1928 =( NAMED_UNIT ( * ) SI_UNIT ( $, .STERADIAN. ) SOLID_ANGLE_UNIT ( ) );
#1929 = SURFACE_STYLE_FILL_AREA ( #470 ) ;
#1930 = COLOUR_RGB ( '',0.7921568627450980000, 0.8196078431372548800, 0.9333333333333333500 ) ;
#1931 = CARTESIAN_POINT ( 'NONE',  ( 2823.000000000000000, 2009.999999999999800, 144.4699999999997700 ) ) ;
#1932 = EDGE_LOOP ( 'NONE', ( #350, #6206, #4681, #6802, #1255 ) ) ;
#1933 = EDGE_LOOP ( 'NONE', ( #4207, #3721, #2822, #421 ) ) ;
#1934 = DIRECTION ( 'NONE',  ( 1.000000000000000000, -0.0000000000000000000, -0.0000000000000000000 ) ) ;
#1935 = CARTESIAN_POINT ( 'NONE',  ( -894.3999999999999800, -380.9999999999998300, -3214.559999999999900 ) ) ;
#1936 = EDGE_CURVE ( 'NONE', #5189, #3929, #2955, .T. ) ;
#1937 =( NAMED_UNIT ( * ) PLANE_ANGLE_UNIT ( ) SI_UNIT ( $, .RADIAN. ) );
#1938 = CARTESIAN_POINT ( 'NONE',  ( -4331.328318159991800, 1255.560000000000900, -3395.261422446319100 ) ) ;
#1939 = AXIS2_PLACEMENT_3D ( 'NONE', #1509, #2740, #3519 ) ;
#1940 =( NAMED_UNIT ( * ) PLANE_ANGLE_UNIT ( ) SI_UNIT ( $, .RADIAN. ) );
#1941 = VERTEX_POINT ( 'NONE', #5803 ) ;
#1942 = SURFACE_STYLE_USAGE ( .BOTH. , #6663 ) ;
#1943 = CARTESIAN_POINT ( 'NONE',  ( 795.1923641281827000, 479.9611423342162800, -131.0027203778485900 ) ) ;
#1944 = COLOUR_RGB ( '',0.7921568627450980000, 0.8196078431372548800, 0.9333333333333333500 ) ;
#1945 = PRESENTATION_STYLE_ASSIGNMENT (( #438 ) ) ;
#1946 = FACE_OUTER_BOUND ( 'NONE', #5577, .T. ) ;
#1947 = AXIS2_PLACEMENT_3D ( 'NONE', #6836, #2020, #3585 ) ;
#1948 = DIRECTION ( 'NONE',  ( 0.0000000000000000000, 0.0000000000000000000, -1.000000000000000000 ) ) ;
#1949 = CARTESIAN_POINT ( 'NONE',  ( 1052.880537818682300, 483.1945681411054400, -118.5349766382506500 ) ) ;
#1950 = DIRECTION ( 'NONE',  ( 0.0000000000000000000, 0.0000000000000000000, 1.000000000000000000 ) ) ;
#1951 = CARTESIAN_POINT ( 'NONE',  ( 3001.019836396778400, 496.9784031549534100, 23.53716099757414800 ) ) ;
#1952 = ORIENTED_EDGE ( 'NONE', *, *, #6137, .F. ) ;
#1953 = DIRECTION ( 'NONE',  ( 0.0000000000000000000, 0.0000000000000000000, -1.000000000000000000 ) ) ;
#1954 = CARTESIAN_POINT ( 'NONE',  ( -651.5199999999999800, 121.4400000000004500, -2954.999999999999500 ) ) ;
#1955 = CARTESIAN_POINT ( 'NONE',  ( 3113.000000000000000, 1940.000000000000200, 496.0000000000000000 ) ) ;
#1956 = MECHANICAL_DESIGN_GEOMETRIC_PRESENTATION_REPRESENTATION (  '', ( #5389 ), #230 ) ;
#1957 =( NAMED_UNIT ( * ) PLANE_ANGLE_UNIT ( ) SI_UNIT ( $, .RADIAN. ) );
#1958 = ORIENTED_EDGE ( 'NONE', *, *, #3187, .F. ) ;
#1959 = LINE ( 'NONE', #5286, #6135 ) ;
#1960 = DIRECTION ( 'NONE',  ( 0.0000000000000000000, 0.0000000000000000000, -1.000000000000000000 ) ) ;
#1961 = CARTESIAN_POINT ( 'NONE',  ( 514.5740723352749900, -9.166018615617257800, -497.4356437291553400 ) ) ;
#1962 =( NAMED_UNIT ( * ) PLANE_ANGLE_UNIT ( ) SI_UNIT ( $, .RADIAN. ) );
#1963 = ORIENTED_EDGE ( 'NONE', *, *, #160, .F. ) ;
#1964 = CARTESIAN_POINT ( 'NONE',  ( 917.9999999999998900, 410.0008287708115500, 0.0000000000000000000 ) ) ;
#1965 = AXIS2_PLACEMENT_3D ( 'NONE', #5974, #2214, #2750 ) ;
#1966 = CARTESIAN_POINT ( 'NONE',  ( 883.9266993492876700, 465.2479531173996200, -176.2120615322270100 ) ) ;
#1967 = EDGE_LOOP ( 'NONE', ( #5512, #1840, #1889, #5638 ) ) ;
#1968 = DIRECTION ( 'NONE',  ( -0.0000000000000000000, 1.000000000000000000, -0.0000000000000000000 ) ) ;
#1969 = CARTESIAN_POINT ( 'NONE',  ( 1060.430031542582100, 485.3559827478520700, 109.3499229958326000 ) ) ;
#1970 =( NAMED_UNIT ( * ) PLANE_ANGLE_UNIT ( ) SI_UNIT ( $, .RADIAN. ) );
#1971 = CARTESIAN_POINT ( 'NONE',  ( 3002.165436477335800, 497.3899117537553100, -11.99423519587282200 ) ) ;
#1972 = DIRECTION ( 'NONE',  ( 0.0000000000000000000, 1.000000000000000000, 0.0000000000000000000 ) ) ;
#1973 = PRESENTATION_LAYER_ASSIGNMENT (  '', '', ( #524 ) ) ;
#1974 = CARTESIAN_POINT ( 'NONE',  ( -1015.840000000000100, -242.8800000000000500, -86.67746227873763600 ) ) ;
#1975 = CARTESIAN_POINT ( 'NONE',  ( 47.41465111042757700, 367.3934380223626600, -734.7868760447255500 ) ) ;
#1976 = EDGE_CURVE ( 'NONE', #5907, #6586, #1032, .T. ) ;
#1977 = CARTESIAN_POINT ( 'NONE',  ( 2075.043348385338500, 502.5169125668200500, -387.7783473880119800 ) ) ;
#1978 = CARTESIAN_POINT ( 'NONE',  ( -5462.763772755797600, 1498.440000000003700, -4663.746198629499300 ) ) ;
#1979 = CARTESIAN_POINT ( 'NONE',  ( 738.8119617270643900, 497.3983490779181700, -10.16540497459627300 ) ) ;
#1980 = DIRECTION ( 'NONE',  ( -0.0000000000000000000, -1.000000000000000000, -0.0000000000000000000 ) ) ;
#1981 = CARTESIAN_POINT ( 'NONE',  ( 1181.074175964327400, 1869.999999999999800, -117.5000000000000100 ) ) ;
#1982 = MECHANICAL_DESIGN_GEOMETRIC_PRESENTATION_REPRESENTATION (  '', ( #1759 ), #6756 ) ;
#1983 = UNCERTAINTY_MEASURE_WITH_UNIT (LENGTH_MEASURE( 1.000000000000000100E-005 ), #6435, 'distance_accuracy_value', 'NONE');
#1984 = CARTESIAN_POINT ( 'NONE',  ( 827.8626881148577500, 472.6731671767115000, -155.1996046761811100 ) ) ;
#1985 = AXIS2_PLACEMENT_3D ( 'NONE', #2414, #788, #2431 ) ;
#1986 = LINE ( 'NONE', #2696, #6078 ) ;
#1987 = CARTESIAN_POINT ( 'NONE',  ( 1080.744966165742000, 491.7136747466576000, 75.66850121473939300 ) ) ;
#1988 = CARTESIAN_POINT ( 'NONE',  ( -513.3999999999997500, 242.8800000000000500, 121.4400000000000300 ) ) ;
#1989 = ORIENTED_EDGE ( 'NONE', *, *, #3052, .F. ) ;
#1990 = CARTESIAN_POINT ( 'NONE',  ( 2995.457558155852400, 495.0128487682977200, -49.76528653216563200 ) ) ;
#1991 = MECHANICAL_DESIGN_GEOMETRIC_PRESENTATION_REPRESENTATION (  '', ( #6493 ), #1766 ) ;
#1992 =( NAMED_UNIT ( * ) SI_UNIT ( $, .STERADIAN. ) SOLID_ANGLE_UNIT ( ) );
#1993 = EDGE_CURVE ( 'NONE', #2767, #3735, #5967, .T. ) ;
#1994 = PLANE ( 'NONE',  #6485 ) ;
#1995 =( NAMED_UNIT ( * ) SI_UNIT ( $, .STERADIAN. ) SOLID_ANGLE_UNIT ( ) );
#1996 = ORIENTED_EDGE ( 'NONE', *, *, #3439, .F. ) ;
#1997 = STYLED_ITEM ( 'NONE', ( #5004 ), #3138 ) ;
#1998 = FACE_OUTER_BOUND ( 'NONE', #4728, .T. ) ;
#1999 = ORIENTED_EDGE ( 'NONE', *, *, #3535, .F. ) ;
#2000 = CARTESIAN_POINT ( 'NONE',  ( 1905.487258222592300, -493.4332421576984300, 7.933242157698517300 ) ) ;
#2001 = CARTESIAN_POINT ( 'NONE',  ( 517.8227739149971300, -22.47482807826042300, -496.9932720472446600 ) ) ;
#2002 = PRESENTATION_LAYER_ASSIGNMENT (  '', '', ( #4505 ) ) ;
#2003 = SURFACE_STYLE_FILL_AREA ( #5856 ) ;
#2004 = COLOUR_RGB ( '',0.7921568627450980000, 0.8196078431372548800, 0.9333333333333333500 ) ;
#2005 = CARTESIAN_POINT ( 'NONE',  ( 0.0000000000000000000, 2.432148543106642300E-014, 198.5999999999999100 ) ) ;
#2006 = SURFACE_STYLE_FILL_AREA ( #6434 ) ;
#2007 = CARTESIAN_POINT ( 'NONE',  ( 248.0000000000000000, 0.0000000000000000000, 0.0000000000000000000 ) ) ;
#2008 = CARTESIAN_POINT ( 'NONE',  ( 2559.925824035671700, 1869.999999999999800, 496.0000000000000000 ) ) ;
#2009 = CARTESIAN_POINT ( 'NONE',  ( 831.7141239044654000, 471.9538080678908600, -157.3734188528708300 ) ) ;
#2010 = AXIS2_PLACEMENT_3D ( 'NONE', #6209, #5141, #1948 ) ;
#2011 = CARTESIAN_POINT ( 'NONE',  ( 1934.000000000000200, 0.0000000000000000000, 0.0000000000000000000 ) ) ;
#2012 =( NAMED_UNIT ( * ) PLANE_ANGLE_UNIT ( ) SI_UNIT ( $, .RADIAN. ) );
#2013 = ORIENTED_EDGE ( 'NONE', *, *, #1109, .T. ) ;
#2014 = FILL_AREA_STYLE ('',( #2565 ) ) ;
#2015 = FACE_OUTER_BOUND ( 'NONE', #4544, .T. ) ;
#2016 = EDGE_CURVE ( 'NONE', #4777, #4114, #101, .T. ) ;
#2017 =( NAMED_UNIT ( * ) SI_UNIT ( $, .STERADIAN. ) SOLID_ANGLE_UNIT ( ) );
#2018 = VERTEX_POINT ( 'NONE', #6278 ) ;
#2019 = EDGE_LOOP ( 'NONE', ( #4908, #2391, #4141, #4562, #1657, #5470, #3784, #6610 ) ) ;
#2020 = DIRECTION ( 'NONE',  ( -0.0000000000000000000, -1.000000000000000000, -0.0000000000000000000 ) ) ;
#2021 = DIRECTION ( 'NONE',  ( 0.0000000000000000000, 1.000000000000000000, 0.0000000000000000000 ) ) ;
#2022 = SURFACE_STYLE_FILL_AREA ( #6346 ) ;
#2023 = UNCERTAINTY_MEASURE_WITH_UNIT (LENGTH_MEASURE( 1.000000000000000100E-005 ), #4372, 'distance_accuracy_value', 'NONE');
#2024 = CARTESIAN_POINT ( 'NONE',  ( 611.7630006532236800, -64.13845869145170300, -493.3484599718096300 ) ) ;
#2025 = UNCERTAINTY_MEASURE_WITH_UNIT (LENGTH_MEASURE( 1.000000000000000100E-005 ), #2067, 'distance_accuracy_value', 'NONE');
#2026 = EDGE_CURVE ( 'NONE', #4754, #6704, #1883, .T. ) ;
#2027 = ORIENTED_EDGE ( 'NONE', *, *, #2591, .F. ) ;
#2028 = PRESENTATION_LAYER_ASSIGNMENT (  '', '', ( #1662 ) ) ;
#2029 = SURFACE_STYLE_FILL_AREA ( #5086 ) ;
#2030 = CARTESIAN_POINT ( 'NONE',  ( 3123.000000000000000, 1869.999999999999800, -117.4999999999985900 ) ) ;
#2031 = LINE ( 'NONE', #6455, #3122 ) ;
#2032 = DIRECTION ( 'NONE',  ( -0.0000000000000000000, -0.0000000000000000000, -1.000000000000000000 ) ) ;
#2033 = CARTESIAN_POINT ( 'NONE',  ( 750.0095958398663900, 493.4703261732482200, -63.43311632874390700 ) ) ;
#2034 = MECHANICAL_DESIGN_GEOMETRIC_PRESENTATION_REPRESENTATION (  '', ( #4757 ), #945 ) ;
#2035 = VERTEX_POINT ( 'NONE', #6348 ) ;
#2036 = ADVANCED_FACE ( 'NONE', ( #6876 ), #3457, .T. ) ;
#2037 = STYLED_ITEM ( 'NONE', ( #4780 ), #6849 ) ;
#2038 = CARTESIAN_POINT ( 'NONE',  ( -894.3999999999999800, -1541.999999999999800, -3335.999999999999500 ) ) ;
#2039 = CARTESIAN_POINT ( 'NONE',  ( 952.0733006507121000, 465.2479531173997300, 176.2120615322269800 ) ) ;
#2040 = UNCERTAINTY_MEASURE_WITH_UNIT (LENGTH_MEASURE( 1.000000000000000100E-005 ), #6253, 'distance_accuracy_value', 'NONE');
#2041 = SURFACE_SIDE_STYLE ('',( #5709 ) ) ;
#2042 = FACE_BOUND ( 'NONE', #6324, .T. ) ;
#2043 = DIRECTION ( 'NONE',  ( -0.0000000000000000000, -0.0000000000000000000, -1.000000000000000000 ) ) ;
#2044 = ORIENTED_EDGE ( 'NONE', *, *, #1206, .F. ) ;
#2045 = AXIS2_PLACEMENT_3D ( 'NONE', #2482, #4559, #6254 ) ;
#2046 = SURFACE_STYLE_FILL_AREA ( #3076 ) ;
#2047 = FACE_OUTER_BOUND ( 'NONE', #5374, .T. ) ;
#2048 = STYLED_ITEM ( 'NONE', ( #4885 ), #5315 ) ;
#2049 = PLANE ( 'NONE',  #3718 ) ;
#2050 = CARTESIAN_POINT ( 'NONE',  ( 703.0000000000000000, 1939.999999999999800, -117.5000000000000400 ) ) ;
#2051 = ORIENTED_EDGE ( 'NONE', *, *, #981, .F. ) ;
#2052 = DIRECTION ( 'NONE',  ( -0.0000000000000000000, -1.000000000000000000, -0.0000000000000000000 ) ) ;
#2053 =( NAMED_UNIT ( * ) SI_UNIT ( $, .STERADIAN. ) SOLID_ANGLE_UNIT ( ) );
#2054 = FACE_OUTER_BOUND ( 'NONE', #6926, .T. ) ;
#2055 = CARTESIAN_POINT ( 'NONE',  ( 549.0386632357399300, -60.51643747385563200, -493.8059995490215200 ) ) ;
#2056 = DIRECTION ( 'NONE',  ( 1.000000000000000000, 1.071875439572228200E-015, -0.0000000000000000000 ) ) ;
#2057 = ORIENTED_EDGE ( 'NONE', *, *, #3171, .F. ) ;
#2058 = FILL_AREA_STYLE ('',( #3693 ) ) ;
#2059 = MECHANICAL_DESIGN_GEOMETRIC_PRESENTATION_REPRESENTATION (  '', ( #5628 ), #5992 ) ;
#2060 = EDGE_CURVE ( 'NONE', #2432, #5626, #4629, .T. ) ;
#2061 = DIRECTION ( 'NONE',  ( 0.0000000000000000000, 0.0000000000000000000, -1.000000000000000000 ) ) ;
#2062 = CARTESIAN_POINT ( 'NONE',  ( 1096.751069239202900, 497.2410836064739800, 16.11706690907599100 ) ) ;
#2063 =( NAMED_UNIT ( * ) PLANE_ANGLE_UNIT ( ) SI_UNIT ( $, .RADIAN. ) );
#2064 = DIRECTION ( 'NONE',  ( -2.285538176517532100E-016, 0.0000000000000000000, 1.000000000000000000 ) ) ;
#2065 = FACE_OUTER_BOUND ( 'NONE', #6382, .T. ) ;
#2066 = CARTESIAN_POINT ( 'NONE',  ( 917.9999999999998900, 424.0008287708115500, 0.0000000000000000000 ) ) ;
#2067 =( LENGTH_UNIT ( ) NAMED_UNIT ( * ) SI_UNIT ( .MILLI., .METRE. ) );
#2068 = STYLED_ITEM ( 'NONE', ( #3623 ), #1694 ) ;
#2069 = DIRECTION ( 'NONE',  ( 0.0000000000000000000, 0.0000000000000000000, -1.000000000000000000 ) ) ;
#2070 = DIRECTION ( 'NONE',  ( -1.000000000000000000, 0.0000000000000000000, 0.0000000000000000000 ) ) ;
#2071 = EDGE_CURVE ( 'NONE', #503, #752, #5809, .T. ) ;
#2072 = SURFACE_SIDE_STYLE ('',( #5200 ) ) ;
#2073 = FACE_BOUND ( 'NONE', #620, .T. ) ;
#2074 = FILL_AREA_STYLE ('',( #2510 ) ) ;
#2075 = ADVANCED_FACE ( 'NONE', ( #2387 ), #5306, .T. ) ;
#2076 = DIRECTION ( 'NONE',  ( 0.0000000000000000000, 0.0000000000000000000, -1.000000000000000000 ) ) ;
#2077 = ORIENTED_EDGE ( 'NONE', *, *, #1027, .T. ) ;
#2078 = DIRECTION ( 'NONE',  ( 0.0000000000000000000, 0.0000000000000000000, -1.000000000000000000 ) ) ;
#2079 = STYLED_ITEM ( 'NONE', ( #6746 ), #3755 ) ;
#2080 = VECTOR ( 'NONE', #2142, 1000.000000000000000 ) ;
#2081 =( NAMED_UNIT ( * ) SI_UNIT ( $, .STERADIAN. ) SOLID_ANGLE_UNIT ( ) );
#2082 =( GEOMETRIC_REPRESENTATION_CONTEXT ( 3 ) GLOBAL_UNCERTAINTY_ASSIGNED_CONTEXT ( ( #6689 ) ) GLOBAL_UNIT_ASSIGNED_CONTEXT ( ( #6212, #1970, #3483 ) ) REPRESENTATION_CONTEXT ( 'NONE', 'WORKASPACE' ) );
#2083 = ADVANCED_FACE ( 'NONE', ( #2047 ), #5366, .F. ) ;
#2084 = DIRECTION ( 'NONE',  ( -1.000000000000000000, -0.0000000000000000000, -0.0000000000000000000 ) ) ;
#2085 =( GEOMETRIC_REPRESENTATION_CONTEXT ( 3 ) GLOBAL_UNCERTAINTY_ASSIGNED_CONTEXT ( ( #2023 ) ) GLOBAL_UNIT_ASSIGNED_CONTEXT ( ( #4372, #24, #1752 ) ) REPRESENTATION_CONTEXT ( 'NONE', 'WORKASPACE' ) );
#2086 = CYLINDRICAL_SURFACE ( 'NONE', #3640, 63.50000000000000000 ) ;
#2087 = PRESENTATION_STYLE_ASSIGNMENT (( #3327 ) ) ;
#2088 = CARTESIAN_POINT ( 'NONE',  ( -5436.154897157195600, 996.0000000000022700, -4641.376536848412800 ) ) ;
#2089 = SURFACE_STYLE_USAGE ( .BOTH. , #2041 ) ;
#2090 = CARTESIAN_POINT ( 'NONE',  ( 0.0000000000000000000, 6.998856457127125700E-015, 57.15000000000002000 ) ) ;
#2091 = SURFACE_STYLE_FILL_AREA ( #3241 ) ;
#2092 = PRESENTATION_LAYER_ASSIGNMENT (  '', '', ( #3918 ) ) ;
#2093 = ADVANCED_FACE ( 'NONE', ( #6870 ), #545, .F. ) ;
#2094 = DIRECTION ( 'NONE',  ( 0.0000000000000000000, 0.0000000000000000000, 1.000000000000000000 ) ) ;
#2095 =( NAMED_UNIT ( * ) SI_UNIT ( $, .STERADIAN. ) SOLID_ANGLE_UNIT ( ) );
#2096 = PRESENTATION_LAYER_ASSIGNMENT (  '', '', ( #3887 ) ) ;
#2097 = DIRECTION ( 'NONE',  ( -0.0000000000000000000, -1.000000000000000000, -0.0000000000000000000 ) ) ;
#2098 = EDGE_CURVE ( 'NONE', #1458, #2379, #439, .T. ) ;
#2099 = ORIENTED_EDGE ( 'NONE', *, *, #5052, .F. ) ;
#2100 = CARTESIAN_POINT ( 'NONE',  ( 564.7429811124668500, -67.18399696875006600, -492.9428704352329800 ) ) ;
#2101 = EDGE_CURVE ( 'NONE', #2018, #3131, #3129, .T. ) ;
#2102 = SURFACE_STYLE_USAGE ( .BOTH. , #2257 ) ;
#2103 = CIRCLE ( 'NONE', #5047, 75.00000000000007100 ) ;
#2104 = FILL_AREA_STYLE ('',( #3668 ) ) ;
#2105 = UNCERTAINTY_MEASURE_WITH_UNIT (LENGTH_MEASURE( 1.000000000000000100E-005 ), #6850, 'distance_accuracy_value', 'NONE');
#2106 = ORIENTED_EDGE ( 'NONE', *, *, #5739, .T. ) ;
#2107 = EDGE_LOOP ( 'NONE', ( #2440, #5441, #1558, #4345 ) ) ;
#2108 = DIRECTION ( 'NONE',  ( 0.0000000000000000000, -1.156314567817962800E-015, -1.000000000000000000 ) ) ;
#2109 = PRESENTATION_STYLE_ASSIGNMENT (( #3761 ) ) ;
#2110 = PRESENTATION_LAYER_ASSIGNMENT (  '', '', ( #2068 ) ) ;
#2111 = CARTESIAN_POINT ( 'NONE',  ( 1934.000000000000200, 0.0000000000000000000, 0.0000000000000000000 ) ) ;
#2112 = DIRECTION ( 'NONE',  ( -0.0000000000000000000, -1.000000000000000000, -0.0000000000000000000 ) ) ;
#2113 =( NAMED_UNIT ( * ) PLANE_ANGLE_UNIT ( ) SI_UNIT ( $, .RADIAN. ) );
#2114 = ORIENTED_EDGE ( 'NONE', *, *, #3486, .F. ) ;
#2115 =( LENGTH_UNIT ( ) NAMED_UNIT ( * ) SI_UNIT ( .MILLI., .METRE. ) );
#2116 = EDGE_CURVE ( 'NONE', #1204, #3355, #602, .T. ) ;
#2117 = LINE ( 'NONE', #4528, #6193 ) ;
#2118 = LINE ( 'NONE', #6866, #4288 ) ;
#2119 =( NAMED_UNIT ( * ) SI_UNIT ( $, .STERADIAN. ) SOLID_ANGLE_UNIT ( ) );
#2120 = PRESENTATION_STYLE_ASSIGNMENT (( #2949 ) ) ;
#2121 = ADVANCED_FACE ( 'NONE', ( #3881 ), #5486, .F. ) ;
#2122 = UNCERTAINTY_MEASURE_WITH_UNIT (LENGTH_MEASURE( 1.000000000000000100E-005 ), #6557, 'distance_accuracy_value', 'NONE');
#2123 = DIRECTION ( 'NONE',  ( 0.0000000000000000000, 0.0000000000000000000, 1.000000000000000000 ) ) ;
#2124 = ORIENTED_EDGE ( 'NONE', *, *, #392, .F. ) ;
#2125 = AXIS2_PLACEMENT_3D ( 'NONE', #5814, #937, #984 ) ;
#2126 = ADVANCED_FACE ( 'NONE', ( #5623 ), #3384, .F. ) ;
#2127 = CARTESIAN_POINT ( 'NONE',  ( 1881.527547663555900, -196.8454561511630300, 544.0055660007614100 ) ) ;
#2128 = PRESENTATION_LAYER_ASSIGNMENT (  '', '', ( #1399 ) ) ;
#2129 = EDGE_LOOP ( 'NONE', ( #2621, #5281 ) ) ;
#2130 = LINE ( 'NONE', #2823, #3630 ) ;
#2131 = DIRECTION ( 'NONE',  ( -0.0000000000000000000, 1.000000000000000000, 0.0000000000000000000 ) ) ;
#2132 = AXIS2_PLACEMENT_3D ( 'NONE', #4290, #2097, #1614 ) ;
#2133 = VERTEX_POINT ( 'NONE', #4974 ) ;
#2134 = ORIENTED_EDGE ( 'NONE', *, *, #3689, .F. ) ;
#2135 = AXIS2_PLACEMENT_3D ( 'NONE', #6642, #5011, #1847 ) ;
#2136 = SURFACE_SIDE_STYLE ('',( #4583 ) ) ;
#2137 =( NAMED_UNIT ( * ) PLANE_ANGLE_UNIT ( ) SI_UNIT ( $, .RADIAN. ) );
#2138 = CARTESIAN_POINT ( 'NONE',  ( 917.9999999999998900, 0.0000000000000000000, 144.4699999999999400 ) ) ;
#2139 = FILL_AREA_STYLE ('',( #4307 ) ) ;
#2140 = EDGE_CURVE ( 'NONE', #2873, #1866, #2458, .T. ) ;
#2141 = FILL_AREA_STYLE ('',( #4768 ) ) ;
#2142 = DIRECTION ( 'NONE',  ( -0.0000000000000000000, -1.000000000000000000, -0.0000000000000000000 ) ) ;
#2143 = VERTEX_POINT ( 'NONE', #2782 ) ;
#2144 = APPLICATION_CONTEXT ( 'automotive_design' ) ;
#2145 = FACE_OUTER_BOUND ( 'NONE', #3433, .T. ) ;
#2146 = DIRECTION ( 'NONE',  ( 0.0000000000000000000, 0.0000000000000000000, -1.000000000000000000 ) ) ;
#2147 = MECHANICAL_DESIGN_GEOMETRIC_PRESENTATION_REPRESENTATION (  '', ( #800 ), #4516 ) ;
#2148 = ADVANCED_FACE ( 'NONE', ( #4707 ), #1246, .F. ) ;
#2149 = DIRECTION ( 'NONE',  ( -0.7654468673133624200, 2.742645811821032600E-015, -0.6434991012582377300 ) ) ;
#2150 = EDGE_CURVE ( 'NONE', #6711, #2035, #4454, .T. ) ;
#2151 = CARTESIAN_POINT ( 'NONE',  ( -5465.773570576662700, 1290.322537721266100, -4983.581333695083200 ) ) ;
#2152 = FILL_AREA_STYLE ('',( #5845 ) ) ;
#2153 = ORIENTED_EDGE ( 'NONE', *, *, #1576, .T. ) ;
#2154 = SURFACE_SIDE_STYLE ('',( #4224 ) ) ;
#2155 = ADVANCED_FACE ( 'NONE', ( #3713 ), #2290, .T. ) ;
#2156 = DIRECTION ( 'NONE',  ( 1.000000000000000000, -0.0000000000000000000, -0.0000000000000000000 ) ) ;
#2157 = DIRECTION ( 'NONE',  ( -1.000000000000000000, 0.0000000000000000000, 0.0000000000000000000 ) ) ;
#2158 = CARTESIAN_POINT ( 'NONE',  ( 3716.382674367796400, 198.5999999999998200, 397.1999999999996500 ) ) ;
#2159 = ORIENTED_EDGE ( 'NONE', *, *, #124, .F. ) ;
#2160 = DIRECTION ( 'NONE',  ( 0.0000000000000000000, -0.7071067811865459100, 0.7071067811865491300 ) ) ;
#2161 = EDGE_CURVE ( 'NONE', #5392, #2834, #2851, .T. ) ;
#2162 =( GEOMETRIC_REPRESENTATION_CONTEXT ( 3 ) GLOBAL_UNCERTAINTY_ASSIGNED_CONTEXT ( ( #3402 ) ) GLOBAL_UNIT_ASSIGNED_CONTEXT ( ( #3771, #4311, #3114 ) ) REPRESENTATION_CONTEXT ( 'NONE', 'WORKASPACE' ) );
#2163 = AXIS2_PLACEMENT_3D ( 'NONE', #1748, #2751, #1221 ) ;
#2164 = COLOUR_RGB ( '',0.7921568627450980000, 0.8196078431372548800, 0.9333333333333333500 ) ;
#2165 = ORIENTED_EDGE ( 'NONE', *, *, #4520, .T. ) ;
#2166 = AXIS2_PLACEMENT_3D ( 'NONE', #25, #6912, #6430 ) ;
#2167 = UNCERTAINTY_MEASURE_WITH_UNIT (LENGTH_MEASURE( 1.000000000000000100E-005 ), #3892, 'distance_accuracy_value', 'NONE');
#2168 = SURFACE_SIDE_STYLE ('',( #4643 ) ) ;
#2169 = CARTESIAN_POINT ( 'NONE',  ( -3654.446727750440000, -1801.559999999999300, -3335.999999999999100 ) ) ;
#2170 = PLANE ( 'NONE',  #5479 ) ;
#2171 =( NAMED_UNIT ( * ) PLANE_ANGLE_UNIT ( ) SI_UNIT ( $, .RADIAN. ) );
#2172 = AXIS2_PLACEMENT_3D ( 'NONE', #4030, #6230, #5066 ) ;
#2173 = FILL_AREA_STYLE_COLOUR ( '', #5007 ) ;
#2174 = CIRCLE ( 'NONE', #4415, 144.4699999999998000 ) ;
#2175 = DIRECTION ( 'NONE',  ( 0.0000000000000000000, 0.0000000000000000000, -1.000000000000000000 ) ) ;
#2176 = SURFACE_STYLE_FILL_AREA ( #3845 ) ;
#2177 = CARTESIAN_POINT ( 'NONE',  ( -894.3999999999999800, 121.4400000000007400, -3249.322537721262100 ) ) ;
#2178 = CIRCLE ( 'NONE', #853, 259.5600000000000000 ) ;
#2179 = ADVANCED_FACE ( 'NONE', ( #1096 ), #6093, .F. ) ;
#2180 = VERTEX_POINT ( 'NONE', #6475 ) ;
#2181 = DIRECTION ( 'NONE',  ( -0.0000000000000000000, -1.000000000000000000, -0.0000000000000000000 ) ) ;
#2182 = DIRECTION ( 'NONE',  ( 0.0000000000000000000, 0.7071067811865465700, 0.7071067811865485700 ) ) ;
#2183 = DIRECTION ( 'NONE',  ( 0.0000000000000000000, 0.0000000000000000000, 1.000000000000000000 ) ) ;
#2184 = CIRCLE ( 'NONE', #1829, 88.90000000000000600 ) ;
#2185 = AXIS2_PLACEMENT_3D ( 'NONE', #6564, #191, #6113 ) ;
#2186 = ORIENTED_EDGE ( 'NONE', *, *, #5863, .T. ) ;
#2187 = ORIENTED_EDGE ( 'NONE', *, *, #1061, .T. ) ;
#2188 = ADVANCED_FACE ( 'NONE', ( #763 ), #5538, .F. ) ;
#2189 = CIRCLE ( 'NONE', #4359, 121.4400000000002100 ) ;
#2190 = VECTOR ( 'NONE', #224, 1000.000000000000000 ) ;
#2191 = CARTESIAN_POINT ( 'NONE',  ( 1002.055522721591000, 1940.000000000000200, -117.5000000000000900 ) ) ;
#2192 = SURFACE_SIDE_STYLE ('',( #6036 ) ) ;
#2193 = ORIENTED_EDGE ( 'NONE', *, *, #5060, .F. ) ;
#2194 = AXIS2_PLACEMENT_3D ( 'NONE', #4480, #6619, #3980 ) ;
#2195 = DIRECTION ( 'NONE',  ( 0.0000000000000000000, 0.0000000000000000000, -1.000000000000000000 ) ) ;
#2196 = FILL_AREA_STYLE_COLOUR ( '', #1697 ) ;
#2197 =( LENGTH_UNIT ( ) NAMED_UNIT ( * ) SI_UNIT ( .MILLI., .METRE. ) );
#2198 =( NAMED_UNIT ( * ) SI_UNIT ( $, .STERADIAN. ) SOLID_ANGLE_UNIT ( ) );
#2199 = EDGE_CURVE ( 'NONE', #103, #5050, #2685, .T. ) ;
#2200 = ORIENTED_EDGE ( 'NONE', *, *, #1806, .T. ) ;
#2201 =( LENGTH_UNIT ( ) NAMED_UNIT ( * ) SI_UNIT ( .MILLI., .METRE. ) );
#2202 = SURFACE_STYLE_USAGE ( .BOTH. , #1659 ) ;
#2203 = DIRECTION ( 'NONE',  ( 1.000000000000000000, -0.0000000000000000000, -0.0000000000000000000 ) ) ;
#2204 = CLOSED_SHELL ( 'NONE', ( #599, #6927, #5900, #2075, #4255, #2665, #2211, #1594, #6371, #2148, #4330, #2179, #1077, #2642, #1017, #4225, #6384, #4250 ) ) ;
#2205 = PRESENTATION_LAYER_ASSIGNMENT (  '', '', ( #2766 ) ) ;
#2206 = ORIENTED_EDGE ( 'NONE', *, *, #4377, .T. ) ;
#2207 = DIRECTION ( 'NONE',  ( 0.0000000000000000000, 0.0000000000000000000, 1.000000000000000000 ) ) ;
#2208 = DIRECTION ( 'NONE',  ( 0.0000000000000000000, -0.0000000000000000000, 1.000000000000000000 ) ) ;
#2209 = PRESENTATION_LAYER_ASSIGNMENT (  '', '', ( #6487 ) ) ;
#2210 = ORIENTED_EDGE ( 'NONE', *, *, #4091, .T. ) ;
#2211 = ADVANCED_FACE ( 'NONE', ( #3270 ), #286, .F. ) ;
#2212 = SURFACE_STYLE_FILL_AREA ( #5480 ) ;
#2213 = FILL_AREA_STYLE_COLOUR ( '', #5054 ) ;
#2214 = DIRECTION ( 'NONE',  ( 0.0000000000000000000, 0.0000000000000000000, -1.000000000000000000 ) ) ;
#2215 = AXIS2_PLACEMENT_3D ( 'NONE', #4316, #15, #5990 ) ;
#2216 =( NAMED_UNIT ( * ) SI_UNIT ( $, .STERADIAN. ) SOLID_ANGLE_UNIT ( ) );
#2217 = SURFACE_SIDE_STYLE ('',( #2504 ) ) ;
#2218 = CARTESIAN_POINT ( 'NONE',  ( -4175.035256446391900, 1255.560000000001800, -3581.173157579389200 ) ) ;
#2219 = ORIENTED_EDGE ( 'NONE', *, *, #6045, .F. ) ;
#2220 = SURFACE_STYLE_FILL_AREA ( #1607 ) ;
#2221 = CARTESIAN_POINT ( 'NONE',  ( 1912.511281437195300, 502.5726625040091400, 143.9673117882238700 ) ) ;
#2222 = STYLED_ITEM ( 'NONE', ( #4425 ), #3161 ) ;
#2223 =( LENGTH_UNIT ( ) NAMED_UNIT ( * ) SI_UNIT ( .MILLI., .METRE. ) );
#2224 = EDGE_LOOP ( 'NONE', ( #699, #769, #4828, #6268 ) ) ;
#2225 = AXIS2_PLACEMENT_3D ( 'NONE', #1655, #3746, #532 ) ;
#2226 = DIRECTION ( 'NONE',  ( -1.000000000000000000, -0.0000000000000000000, 0.0000000000000000000 ) ) ;
#2227 = CARTESIAN_POINT ( 'NONE',  ( 3113.000000000000000, 1940.000000000000200, 117.4999999999999400 ) ) ;
#2228 = DIRECTION ( 'NONE',  ( 0.0000000000000000000, 1.000000000000000000, 0.0000000000000000000 ) ) ;
#2229 = UNCERTAINTY_MEASURE_WITH_UNIT (LENGTH_MEASURE( 1.000000000000000100E-005 ), #116, 'distance_accuracy_value', 'NONE');
#2230 = STYLED_ITEM ( 'NONE', ( #2339 ), #1546 ) ;
#2231 = UNCERTAINTY_MEASURE_WITH_UNIT (LENGTH_MEASURE( 1.000000000000000100E-005 ), #5522, 'distance_accuracy_value', 'NONE');
#2232 = ORIENTED_EDGE ( 'NONE', *, *, #2966, .F. ) ;
#2233 = CARTESIAN_POINT ( 'NONE',  ( 627.9999999999998900, 1939.999999999999800, 496.0000000000000000 ) ) ;
#2234 = FILL_AREA_STYLE ('',( #1171 ) ) ;
#2235 = EDGE_CURVE ( 'NONE', #4044, #6325, #85, .T. ) ;
#2236 = CIRCLE ( 'NONE', #540, 156.4400000000000500 ) ;
#2237 = CARTESIAN_POINT ( 'NONE',  ( -4058.651565004570300, 1255.560000000001800, -3483.331224922725600 ) ) ;
#2238 =( NAMED_UNIT ( * ) SI_UNIT ( $, .STERADIAN. ) SOLID_ANGLE_UNIT ( ) );
#2239 = CARTESIAN_POINT ( 'NONE',  ( -1123.353272249560000, -1801.559999999999000, -3335.999999999999500 ) ) ;
#2240 =( LENGTH_UNIT ( ) NAMED_UNIT ( * ) SI_UNIT ( .MILLI., .METRE. ) );
#2241 = CARTESIAN_POINT ( 'NONE',  ( 1959.033287890740000, -502.4321677444218000, 280.2238448682063600 ) ) ;
#2242 = DIRECTION ( 'NONE',  ( -0.0000000000000000000, 1.000000000000000000, -0.0000000000000000000 ) ) ;
#2243 = CIRCLE ( 'NONE', #627, 121.4400000000001000 ) ;
#2244 = UNCERTAINTY_MEASURE_WITH_UNIT (LENGTH_MEASURE( 1.000000000000000100E-005 ), #3529, 'distance_accuracy_value', 'NONE');
#2245 =( GEOMETRIC_REPRESENTATION_CONTEXT ( 3 ) GLOBAL_UNCERTAINTY_ASSIGNED_CONTEXT ( ( #5763 ) ) GLOBAL_UNIT_ASSIGNED_CONTEXT ( ( #6843, #3924, #4523 ) ) REPRESENTATION_CONTEXT ( 'NONE', 'WORKASPACE' ) );
#2246 = CIRCLE ( 'NONE', #6924, 154.5000000000000300 ) ;
#2247 = EDGE_CURVE ( 'NONE', #6269, #6119, #3357, .T. ) ;
#2248 = CARTESIAN_POINT ( 'NONE',  ( 2727.996201253053600, 473.6031605400033300, 152.3742585783256500 ) ) ;
#2249 = CIRCLE ( 'NONE', #5359, 121.4400000000002100 ) ;
#2250 = MECHANICAL_DESIGN_GEOMETRIC_PRESENTATION_REPRESENTATION (  '', ( #6057 ), #5837 ) ;
#2251 =( NAMED_UNIT ( * ) PLANE_ANGLE_UNIT ( ) SI_UNIT ( $, .RADIAN. ) );
#2252 = LINE ( 'NONE', #1850, #1407 ) ;
#2253 = EDGE_LOOP ( 'NONE', ( #794, #4187, #5875, #3587 ) ) ;
#2254 = CARTESIAN_POINT ( 'NONE',  ( 917.9999999999998900, 464.0008287708115500, -179.4700000000000000 ) ) ;
#2255 = CYLINDRICAL_SURFACE ( 'NONE', #4798, 63.50000000000000000 ) ;
#2256 = PRESENTATION_LAYER_ASSIGNMENT (  '', '', ( #2974 ) ) ;
#2257 = SURFACE_SIDE_STYLE ('',( #3756 ) ) ;
#2258 = MECHANICAL_DESIGN_GEOMETRIC_PRESENTATION_REPRESENTATION (  '', ( #92 ), #6321 ) ;
#2259 = LINE ( 'NONE', #2443, #6261 ) ;
#2260 = ORIENTED_EDGE ( 'NONE', *, *, #1774, .T. ) ;
#2261 = DIRECTION ( 'NONE',  ( -1.000000000000000000, 0.0000000000000000000, 0.0000000000000000000 ) ) ;
#2262 =( LENGTH_UNIT ( ) NAMED_UNIT ( * ) SI_UNIT ( .MILLI., .METRE. ) );
#2263 = DIRECTION ( 'NONE',  ( 1.000000000000000000, 0.0000000000000000000, 0.0000000000000000000 ) ) ;
#2264 = FACE_OUTER_BOUND ( 'NONE', #3870, .T. ) ;
#2265 = VECTOR ( 'NONE', #631, 1000.000000000000000 ) ;
#2266 =( NAMED_UNIT ( * ) SI_UNIT ( $, .STERADIAN. ) SOLID_ANGLE_UNIT ( ) );
#2267 = SURFACE_STYLE_USAGE ( .BOTH. , #3235 ) ;
#2268 = STYLED_ITEM ( 'NONE', ( #5436 ), #2642 ) ;
#2269 = DIRECTION ( 'NONE',  ( -0.0000000000000000000, -0.0000000000000000000, -1.000000000000000000 ) ) ;
#2270 = CARTESIAN_POINT ( 'NONE',  ( -1275.399999999999600, -1923.000000000000000, -3335.999999999999500 ) ) ;
#2271 = EDGE_LOOP ( 'NONE', ( #5294, #2596, #4435, #5342, #659, #3107, #2893, #2633 ) ) ;
#2272 = ORIENTED_EDGE ( 'NONE', *, *, #5332, .T. ) ;
#2273 = CARTESIAN_POINT ( 'NONE',  ( 2823.000000000000000, 0.0000000000000000000, 0.0000000000000000000 ) ) ;
#2274 = DIRECTION ( 'NONE',  ( 0.0000000000000000000, -1.000000000000000000, 0.0000000000000000000 ) ) ;
#2275 = LINE ( 'NONE', #5163, #842 ) ;
#2276 = CARTESIAN_POINT ( 'NONE',  ( -3883.400000000000100, -1541.999999999999800, -3457.439999999999600 ) ) ;
#2277 = SURFACE_SIDE_STYLE ('',( #6769 ) ) ;
#2278 = EDGE_LOOP ( 'NONE', ( #212, #837, #153, #5131 ) ) ;
#2279 = CIRCLE ( 'NONE', #4412, 121.4400000000001000 ) ;
#2280 = CIRCLE ( 'NONE', #4008, 75.00000000000007100 ) ;
#2281 = FILL_AREA_STYLE ('',( #4420 ) ) ;
#2282 = SURFACE_STYLE_FILL_AREA ( #6582 ) ;
#2283 = CARTESIAN_POINT ( 'NONE',  ( 653.8800000000001100, -2.311093293532070700, -497.4999999999999400 ) ) ;
#2284 = STYLED_ITEM ( 'NONE', ( #3420 ), #1025 ) ;
#2285 = ORIENTED_EDGE ( 'NONE', *, *, #808, .F. ) ;
#2286 = EDGE_CURVE ( 'NONE', #4501, #1426, #1356, .T. ) ;
#2287 =( NAMED_UNIT ( * ) SI_UNIT ( $, .STERADIAN. ) SOLID_ANGLE_UNIT ( ) );
#2288 = PRESENTATION_STYLE_ASSIGNMENT (( #2424 ) ) ;
#2289 = CARTESIAN_POINT ( 'NONE',  ( 1689.342921790578400, -196.8454561511630300, 199.9301936077224600 ) ) ;
#2290 = CYLINDRICAL_SURFACE ( 'NONE', #5251, 121.4400000000002100 ) ;
#2291 = SURFACE_STYLE_FILL_AREA ( #3919 ) ;
#2292 =( NAMED_UNIT ( * ) PLANE_ANGLE_UNIT ( ) SI_UNIT ( $, .RADIAN. ) );
#2293 = SURFACE_STYLE_USAGE ( .BOTH. , #4872 ) ;
#2294 = ORIENTED_EDGE ( 'NONE', *, *, #1337, .F. ) ;
#2295 = FILL_AREA_STYLE_COLOUR ( '', #4998 ) ;
#2296 =( LENGTH_UNIT ( ) NAMED_UNIT ( * ) SI_UNIT ( .MILLI., .METRE. ) );
#2297 = CARTESIAN_POINT ( 'NONE',  ( 52.58022456961544600, 1.487211072884545600E-014, -121.4400000000000000 ) ) ;
#2298 = LINE ( 'NONE', #4066, #3208 ) ;
#2299 = FILL_AREA_STYLE ('',( #690 ) ) ;
#2300 = COLOUR_RGB ( '',0.7921568627450980000, 0.8196078431372548800, 0.9333333333333333500 ) ;
#2301 = CARTESIAN_POINT ( 'NONE',  ( 1857.456635693381300, 195.1834758921753000, 541.2040925420351400 ) ) ;
#2302 = EDGE_CURVE ( 'NONE', #1451, #6132, #2939, .T. ) ;
#2303 = VERTEX_POINT ( 'NONE', #1395 ) ;
#2304 = PLANE ( 'NONE',  #3413 ) ;
#2305 = STYLED_ITEM ( 'NONE', ( #825 ), #3175 ) ;
#2306 = ORIENTED_EDGE ( 'NONE', *, *, #248, .F. ) ;
#2307 = CARTESIAN_POINT ( 'NONE',  ( 2653.137069495229300, 494.1128941670861000, 58.23155995817954500 ) ) ;
#2308 = STYLED_ITEM ( 'NONE', ( #4999 ), #3827 ) ;
#2309 = CARTESIAN_POINT ( 'NONE',  ( 644.6468153462229800, 35.01443136761893300, -496.2809026779606300 ) ) ;
#2310 = ORIENTED_EDGE ( 'NONE', *, *, #6864, .T. ) ;
#2311 =( GEOMETRIC_REPRESENTATION_CONTEXT ( 3 ) GLOBAL_UNCERTAINTY_ASSIGNED_CONTEXT ( ( #1520 ) ) GLOBAL_UNIT_ASSIGNED_CONTEXT ( ( #4860, #1661, #626 ) ) REPRESENTATION_CONTEXT ( 'NONE', 'WORKASPACE' ) );
#2312 = SURFACE_STYLE_USAGE ( .BOTH. , #681 ) ;
#2313 = ORIENTED_EDGE ( 'NONE', *, *, #3348, .F. ) ;
#2314 = CARTESIAN_POINT ( 'NONE',  ( -3883.400000000000100, -1541.999999999999800, -3335.999999999999500 ) ) ;
#2315 = CARTESIAN_POINT ( 'NONE',  ( 3488.999999999999500, -497.5000000000000000, 8.123490434344108300E-014 ) ) ;
#2316 = DIRECTION ( 'NONE',  ( -1.000000000000000000, 0.0000000000000000000, 0.0000000000000000000 ) ) ;
#2317 = AXIS2_PLACEMENT_3D ( 'NONE', #856, #2433, #4596 ) ;
#2318 = DIRECTION ( 'NONE',  ( -0.0000000000000000000, -0.0000000000000000000, -1.000000000000000000 ) ) ;
#2319 = FILL_AREA_STYLE_COLOUR ( '', #494 ) ;
#2320 = CARTESIAN_POINT ( 'NONE',  ( -4018.742194732790300, 1498.440000000002300, -3767.084892712459400 ) ) ;
#2321 = CARTESIAN_POINT ( 'NONE',  ( -3976.355867566534500, 996.0000000000001100, -3414.146530856799900 ) ) ;
#2322 =( NAMED_UNIT ( * ) PLANE_ANGLE_UNIT ( ) SI_UNIT ( $, .RADIAN. ) );
#2323 = UNCERTAINTY_MEASURE_WITH_UNIT (LENGTH_MEASURE( 1.000000000000000100E-005 ), #4045, 'distance_accuracy_value', 'NONE');
#2324 = CYLINDRICAL_SURFACE ( 'NONE', #2358, 69.88000000000005200 ) ;
#2325 = EDGE_CURVE ( 'NONE', #1085, #2432, #6860, .T. ) ;
#2326 = CARTESIAN_POINT ( 'NONE',  ( 2864.341991331246800, 465.8028689804009400, 174.7441369531628900 ) ) ;
#2327 = CARTESIAN_POINT ( 'NONE',  ( 2794.796986553498300, 464.8548297450785800, -177.2464209927621500 ) ) ;
#2328 = CARTESIAN_POINT ( 'NONE',  ( 635.0206169091366100, 47.80471105128074800, -495.2005401261125100 ) ) ;
#2329 = CARTESIAN_POINT ( 'NONE',  ( 643.3257054067726100, -36.99794370637439300, -496.1259869831507700 ) ) ;
#2330 = FILL_AREA_STYLE_COLOUR ( '', #5118 ) ;
#2331 = ORIENTED_EDGE ( 'NONE', *, *, #2901, .F. ) ;
#2332 = UNCERTAINTY_MEASURE_WITH_UNIT (LENGTH_MEASURE( 1.000000000000000100E-005 ), #4472, 'distance_accuracy_value', 'NONE');
#2333 = CARTESIAN_POINT ( 'NONE',  ( 248.0000000000000300, -497.5000000000000600, 6.092617825758082500E-014 ) ) ;
#2334 = CARTESIAN_POINT ( 'NONE',  ( 3675.780772845791900, -385.6713619161481000, 4.723111988934112100E-014 ) ) ;
#2335 =( GEOMETRIC_REPRESENTATION_CONTEXT ( 3 ) GLOBAL_UNCERTAINTY_ASSIGNED_CONTEXT ( ( #1586 ) ) GLOBAL_UNIT_ASSIGNED_CONTEXT ( ( #4371, #1706, #2266 ) ) REPRESENTATION_CONTEXT ( 'NONE', 'WORKASPACE' ) );
#2336 = PRODUCT ( 'psd_discharge_stg1', 'psd_discharge_stg1', '', ( #3153 ) ) ;
#2337 = SURFACE_SIDE_STYLE ('',( #3378 ) ) ;
#2338 = CARTESIAN_POINT ( 'NONE',  ( -1015.840000000000000, -1541.999999999999500, -3335.999999999999500 ) ) ;
#2339 = PRESENTATION_STYLE_ASSIGNMENT (( #3725 ) ) ;
#2340 = EDGE_CURVE ( 'NONE', #4687, #3680, #1058, .T. ) ;
#2341 =( NAMED_UNIT ( * ) SI_UNIT ( $, .STERADIAN. ) SOLID_ANGLE_UNIT ( ) );
#2342 = ORIENTED_EDGE ( 'NONE', *, *, #2469, .F. ) ;
#2343 = VECTOR ( 'NONE', #3427, 1000.000000000000000 ) ;
#2344 = SURFACE_SIDE_STYLE ('',( #6130 ) ) ;
#2345 = FILL_AREA_STYLE ('',( #6566 ) ) ;
#2346 = ORIENTED_EDGE ( 'NONE', *, *, #1774, .F. ) ;
#2347 = DIRECTION ( 'NONE',  ( -0.0000000000000000000, -0.0000000000000000000, -1.000000000000000000 ) ) ;
#2348 =( NAMED_UNIT ( * ) SI_UNIT ( $, .STERADIAN. ) SOLID_ANGLE_UNIT ( ) );
#2349 = SURFACE_STYLE_USAGE ( .BOTH. , #145 ) ;
#2350 = PRESENTATION_LAYER_ASSIGNMENT (  '', '', ( #3912 ) ) ;
#2351 = CARTESIAN_POINT ( 'NONE',  ( 2909.285876095535100, 471.9538080678909800, 157.3734188528708600 ) ) ;
#2352 = CARTESIAN_POINT ( 'NONE',  ( 2680.569968457418300, 485.3559827478521800, -109.3499229958326600 ) ) ;
#2353 = COLOUR_RGB ( '',0.7921568627450980000, 0.8196078431372548800, 0.9333333333333333500 ) ;
#2354 = STYLED_ITEM ( 'NONE', ( #342 ), #2179 ) ;
#2355 = CARTESIAN_POINT ( 'NONE',  ( 640.8199745096343300, 40.69423497316380900, -495.8337265715786700 ) ) ;
#2356 = LINE ( 'NONE', #6442, #6423 ) ;
#2357 = ORIENTED_EDGE ( 'NONE', *, *, #5863, .F. ) ;
#2358 = AXIS2_PLACEMENT_3D ( 'NONE', #5409, #2786, #6456 ) ;
#2359 = SURFACE_SIDE_STYLE ('',( #1367 ) ) ;
#2360 = LINE ( 'NONE', #4068, #3252 ) ;
#2361 =( NAMED_UNIT ( * ) PLANE_ANGLE_UNIT ( ) SI_UNIT ( $, .RADIAN. ) );
#2362 = AXIS2_PLACEMENT_3D ( 'NONE', #4176, #2052, #890 ) ;
#2363 = ORIENTED_EDGE ( 'NONE', *, *, #938, .T. ) ;
#2364 = VERTEX_POINT ( 'NONE', #3368 ) ;
#2365 = EDGE_CURVE ( 'NONE', #5031, #4361, #846, .T. ) ;
#2366 = DIRECTION ( 'NONE',  ( 0.0000000000000000000, -0.0000000000000000000, -1.000000000000000000 ) ) ;
#2367 = CARTESIAN_POINT ( 'NONE',  ( -4175.035256446391900, 1255.560000000001800, -3581.173157579389200 ) ) ;
#2368 =( NAMED_UNIT ( * ) PLANE_ANGLE_UNIT ( ) SI_UNIT ( $, .RADIAN. ) );
#2369 = LINE ( 'NONE', #4039, #2523 ) ;
#2370 = AXIS2_PLACEMENT_3D ( 'NONE', #1110, #2242, #2175 ) ;
#2371 = ORIENTED_EDGE ( 'NONE', *, *, #1440, .T. ) ;
#2372 =( LENGTH_UNIT ( ) NAMED_UNIT ( * ) SI_UNIT ( .MILLI., .METRE. ) );
#2373 = VECTOR ( 'NONE', #732, 1000.000000000000000 ) ;
#2374 = LINE ( 'NONE', #4175, #6121 ) ;
#2375 = VECTOR ( 'NONE', #898, 1000.000000000000000 ) ;
#2376 = CARTESIAN_POINT ( 'NONE',  ( 2914.405581330285700, 472.9167276233657200, 154.4559907381752500 ) ) ;
#2377 = CARTESIAN_POINT ( 'NONE',  ( 2704.490784095917200, 478.8760813785304400, -134.9024117698939400 ) ) ;
#2378 = UNCERTAINTY_MEASURE_WITH_UNIT (LENGTH_MEASURE( 1.000000000000000100E-005 ), #5229, 'distance_accuracy_value', 'NONE');
#2379 = VERTEX_POINT ( 'NONE', #4935 ) ;
#2380 = CARTESIAN_POINT ( 'NONE',  ( 2823.000000000000000, 424.0008287708115500, 0.0000000000000000000 ) ) ;
#2381 = AXIS2_PLACEMENT_3D ( 'NONE', #4166, #2709, #2671 ) ;
#2382 = CARTESIAN_POINT ( 'NONE',  ( -3761.960000000000000, -1541.999999999999300, -3335.999999999999500 ) ) ;
#2383 = EDGE_CURVE ( 'NONE', #4154, #5456, #5532, .T. ) ;
#2384 = CARTESIAN_POINT ( 'NONE',  ( 0.0000000000000000000, 0.0000000000000000000, 0.0000000000000000000 ) ) ;
#2385 = ORIENTED_EDGE ( 'NONE', *, *, #2325, .T. ) ;
#2386 = COLOUR_RGB ( '',0.7921568627450980000, 0.8196078431372548800, 0.9333333333333333500 ) ;
#2387 = FACE_OUTER_BOUND ( 'NONE', #3686, .T. ) ;
#2388 =( NAMED_UNIT ( * ) SI_UNIT ( $, .STERADIAN. ) SOLID_ANGLE_UNIT ( ) );
#2389 = SURFACE_SIDE_STYLE ('',( #1024 ) ) ;
#2390 = DIRECTION ( 'NONE',  ( -1.000000000000000000, 0.0000000000000000000, 0.0000000000000000000 ) ) ;
#2391 = ORIENTED_EDGE ( 'NONE', *, *, #3151, .T. ) ;
#2392 = FILL_AREA_STYLE ('',( #3835 ) ) ;
#2393 = SURFACE_SIDE_STYLE ('',( #900 ) ) ;
#2394 = EDGE_CURVE ( 'NONE', #935, #2573, #1526, .T. ) ;
#2395 = UNCERTAINTY_MEASURE_WITH_UNIT (LENGTH_MEASURE( 1.000000000000000100E-005 ), #2759, 'distance_accuracy_value', 'NONE');
#2396 =( GEOMETRIC_REPRESENTATION_CONTEXT ( 3 ) GLOBAL_UNCERTAINTY_ASSIGNED_CONTEXT ( ( #919 ) ) GLOBAL_UNIT_ASSIGNED_CONTEXT ( ( #3916, #3896, #6100 ) ) REPRESENTATION_CONTEXT ( 'NONE', 'WORKASPACE' ) );
#2397 = ORIENTED_EDGE ( 'NONE', *, *, #1061, .F. ) ;
#2398 = FILL_AREA_STYLE_COLOUR ( '', #1777 ) ;
#2399 = CARTESIAN_POINT ( 'NONE',  ( 2658.437176040822100, 492.3183636493637300, -71.62919225059134500 ) ) ;
#2400 = VECTOR ( 'NONE', #522, 1000.000000000000000 ) ;
#2401 = LINE ( 'NONE', #4883, #240 ) ;
#2402 = STYLED_ITEM ( 'NONE', ( #2087 ), #4321 ) ;
#2403 = CARTESIAN_POINT ( 'NONE',  ( 547.0862135377129800, 59.37810798058984600, -493.9454499777770000 ) ) ;
#2404 = ORIENTED_EDGE ( 'NONE', *, *, #6288, .F. ) ;
#2405 = PRESENTATION_LAYER_ASSIGNMENT (  '', '', ( #2037 ) ) ;
#2406 =( LENGTH_UNIT ( ) NAMED_UNIT ( * ) SI_UNIT ( .MILLI., .METRE. ) );
#2407 = CARTESIAN_POINT ( 'NONE',  ( 1736.216572148508000, -194.9904751447258200, -384.9260895966027600 ) ) ;
#2408 = AXIS2_PLACEMENT_3D ( 'NONE', #3497, #5043, #1324 ) ;
#2409 = DIRECTION ( 'NONE',  ( 1.000000000000000000, -2.220446049250311100E-015, -0.0000000000000000000 ) ) ;
#2410 = CARTESIAN_POINT ( 'NONE',  ( 827.9909957781909500, 472.6234050401815200, 155.3763638203943500 ) ) ;
#2411 = STYLED_ITEM ( 'NONE', ( #4155 ), #5267 ) ;
#2412 = DIRECTION ( 'NONE',  ( -1.000000000000000000, 0.0000000000000000000, 0.0000000000000000000 ) ) ;
#2413 = CARTESIAN_POINT ( 'NONE',  ( 52.58022456961535300, 0.0000000000000000000, 0.0000000000000000000 ) ) ;
#2414 = CARTESIAN_POINT ( 'NONE',  ( -3883.400000000000100, -1541.999999999999800, -3335.999999999999500 ) ) ;
#2415 = VERTEX_POINT ( 'NONE', #1279 ) ;
#2416 = ORIENTED_EDGE ( 'NONE', *, *, #5371, .T. ) ;
#2417 = SURFACE_SIDE_STYLE ('',( #6229 ) ) ;
#2418 = CIRCLE ( 'NONE', #4492, 75.00000000000017100 ) ;
#2419 = AXIS2_PLACEMENT_3D ( 'NONE', #1259, #801, #274 ) ;
#2420 = CARTESIAN_POINT ( 'NONE',  ( 1058.423685011618500, 484.7808225754661200, -111.7994830264420000 ) ) ;
#2421 =( NAMED_UNIT ( * ) PLANE_ANGLE_UNIT ( ) SI_UNIT ( $, .RADIAN. ) );
#2422 = EDGE_CURVE ( 'NONE', #4114, #4178, #2678, .T. ) ;
#2423 = CARTESIAN_POINT ( 'NONE',  ( 1218.000000000000000, 1869.999999999999800, 117.4999999999999900 ) ) ;
#2424 = SURFACE_STYLE_USAGE ( .BOTH. , #775 ) ;
#2425 = CYLINDRICAL_SURFACE ( 'NONE', #500, 121.4400000000002100 ) ;
#2426 = STYLED_ITEM ( 'NONE', ( #6486 ), #1594 ) ;
#2427 = ORIENTED_EDGE ( 'NONE', *, *, #5926, .T. ) ;
#2428 = CARTESIAN_POINT ( 'NONE',  ( -3883.400000000000100, -1541.999999999999800, -3335.999999999999500 ) ) ;
#2429 = EDGE_CURVE ( 'NONE', #5266, #2018, #5446, .T. ) ;
#2430 = CARTESIAN_POINT ( 'NONE',  ( 3489.000000000000000, 0.0000000000000000000, 0.0000000000000000000 ) ) ;
#2431 = DIRECTION ( 'NONE',  ( -1.000000000000000000, 0.0000000000000000000, 0.0000000000000000000 ) ) ;
#2432 = VERTEX_POINT ( 'NONE', #4978 ) ;
#2433 = DIRECTION ( 'NONE',  ( 0.0000000000000000000, 1.000000000000000000, 0.0000000000000000000 ) ) ;
#2434 = AXIS2_PLACEMENT_3D ( 'NONE', #2273, #6498, #5487 ) ;
#2435 = MECHANICAL_DESIGN_GEOMETRIC_PRESENTATION_REPRESENTATION (  '', ( #3501 ), #1214 ) ;
#2436 = DIRECTION ( 'NONE',  ( -0.0000000000000000000, -1.000000000000000000, -0.0000000000000000000 ) ) ;
#2437 = CARTESIAN_POINT ( 'NONE',  ( 1070.327777695708800, 488.3551654803957300, -95.08104551882955500 ) ) ;
#2438 = CARTESIAN_POINT ( 'NONE',  ( -894.3999999999999800, 0.0000000000000000000, -380.9999999999999400 ) ) ;
#2439 = VERTEX_POINT ( 'NONE', #3963 ) ;
#2440 = ORIENTED_EDGE ( 'NONE', *, *, #4021, .F. ) ;
#2441 = CARTESIAN_POINT ( 'NONE',  ( 2957.880537818681700, 483.1945681411054900, -118.5349766382506800 ) ) ;
#2442 = PRESENTATION_LAYER_ASSIGNMENT (  '', '', ( #633 ) ) ;
#2443 = CARTESIAN_POINT ( 'NONE',  ( 3123.000000000000000, 1869.999999999999800, 117.4999999999999900 ) ) ;
#2444 = AXIS2_PLACEMENT_3D ( 'NONE', #3866, #2274, #6552 ) ;
#2445 = VERTEX_POINT ( 'NONE', #2276 ) ;
#2446 = FACE_OUTER_BOUND ( 'NONE', #5962, .T. ) ;
#2447 = CARTESIAN_POINT ( 'NONE',  ( 1959.033287890739800, -502.4321677444214100, -280.2238448682066400 ) ) ;
#2448 = VECTOR ( 'NONE', #6358, 1000.000000000000000 ) ;
#2449 = PRODUCT_DEFINITION_FORMATION_WITH_SPECIFIED_SOURCE ( 'ANY', '', #2471, .NOT_KNOWN. ) ;
#2450 = FACE_OUTER_BOUND ( 'NONE', #4765, .T. ) ;
#2451 = SURFACE_STYLE_FILL_AREA ( #2074 ) ;
#2452 = EDGE_CURVE ( 'NONE', #5031, #3803, #6035, .T. ) ;
#2453 = DIRECTION ( 'NONE',  ( 0.0000000000000000000, 0.0000000000000000000, 1.000000000000000000 ) ) ;
#2454 = CARTESIAN_POINT ( 'NONE',  ( 2823.000000000000000, 418.0008287708115500, 0.0000000000000000000 ) ) ;
#2455 = PRESENTATION_STYLE_ASSIGNMENT (( #595 ) ) ;
#2456 = COLOUR_RGB ( '',0.7921568627450980000, 0.8196078431372548800, 0.9333333333333333500 ) ;
#2457 =( NAMED_UNIT ( * ) PLANE_ANGLE_UNIT ( ) SI_UNIT ( $, .RADIAN. ) );
#2458 = CIRCLE ( 'NONE', #6318, 121.4400000000002100 ) ;
#2459 = DIRECTION ( 'NONE',  ( -1.000000000000000000, 0.0000000000000000000, 0.0000000000000000000 ) ) ;
#2460 = COLOUR_RGB ( '',0.7921568627450980000, 0.8196078431372548800, 0.9333333333333333500 ) ;
#2461 = AXIS2_PLACEMENT_3D ( 'NONE', #6828, #487, #2644 ) ;
#2462 = ORIENTED_EDGE ( 'NONE', *, *, #295, .T. ) ;
#2463 = LINE ( 'NONE', #3977, #267 ) ;
#2464 = CARTESIAN_POINT ( 'NONE',  ( 230.5802245696153500, 0.0000000000000000000, 0.0000000000000000000 ) ) ;
#2465 = COLOUR_RGB ( '',0.7921568627450980000, 0.8196078431372548800, 0.9333333333333333500 ) ;
#2466 = CARTESIAN_POINT ( 'NONE',  ( 2869.715470962738400, 466.3126310803731400, -173.3844449322595800 ) ) ;
#2467 = CARTESIAN_POINT ( 'NONE',  ( 520.3658510992970600, 28.90045015482142800, -496.6609516731342100 ) ) ;
#2468 = MECHANICAL_DESIGN_GEOMETRIC_PRESENTATION_REPRESENTATION (  '', ( #2068 ), #4259 ) ;
#2469 = EDGE_CURVE ( 'NONE', #2415, #5721, #4955, .T. ) ;
#2470 = EDGE_LOOP ( 'NONE', ( #2232, #2927, #3804, #2114, #339 ) ) ;
#2471 = PRODUCT ( 'discharge_piping', 'discharge_piping', '', ( #6333 ) ) ;
#2472 = DIRECTION ( 'NONE',  ( 0.0000000000000000000, 1.000000000000000000, 0.0000000000000000000 ) ) ;
#2473 = VERTEX_POINT ( 'NONE', #6627 ) ;
#2474 = CARTESIAN_POINT ( 'NONE',  ( 1208.000000000000000, 1939.999999999999800, -496.0000000000000000 ) ) ;
#2475 =( NAMED_UNIT ( * ) SI_UNIT ( $, .STERADIAN. ) SOLID_ANGLE_UNIT ( ) );
#2476 = DIRECTION ( 'NONE',  ( 0.0000000000000000000, 0.0000000000000000000, -1.000000000000000000 ) ) ;
#2477 =( LENGTH_UNIT ( ) NAMED_UNIT ( * ) SI_UNIT ( .MILLI., .METRE. ) );
#2478 = CARTESIAN_POINT ( 'NONE',  ( 808.4448155256729900, 476.7391377970345200, -142.2700126883060800 ) ) ;
#2479 = MECHANICAL_DESIGN_GEOMETRIC_PRESENTATION_REPRESENTATION (  '', ( #1399 ), #3550 ) ;
#2480 = CARTESIAN_POINT ( 'NONE',  ( 1030.837674786944900, 477.5226798628262900, -139.5681644194227400 ) ) ;
#2481 = FILL_AREA_STYLE_COLOUR ( '', #3434 ) ;
#2482 = CARTESIAN_POINT ( 'NONE',  ( 1764.357206279194100, 0.0000000000000000000, 0.0000000000000000000 ) ) ;
#2483 = MECHANICAL_DESIGN_GEOMETRIC_PRESENTATION_REPRESENTATION (  '', ( #2564 ), #42 ) ;
#2484 = LINE ( 'NONE', #4464, #4569 ) ;
#2485 = CARTESIAN_POINT ( 'NONE',  ( 561.5288124781689000, 66.32682073440440700, -493.0619842263322400 ) ) ;
#2486 = AXIS2_PLACEMENT_3D ( 'NONE', #2881, #4500, #5553 ) ;
#2487 = CARTESIAN_POINT ( 'NONE',  ( -894.3999999999999800, -380.9999999999993200, -3214.560000000000400 ) ) ;
#2488 = CARTESIAN_POINT ( 'NONE',  ( 47.41465111042758500, -367.3934380223628300, 4.499271979018281700E-014 ) ) ;
#2489 = FILL_AREA_STYLE_COLOUR ( '', #6283 ) ;
#2490 = CARTESIAN_POINT ( 'NONE',  ( 2823.000000000000000, 414.0008287708116700, 154.5000000000000300 ) ) ;
#2491 = CARTESIAN_POINT ( 'NONE',  ( 906.0927186051677600, 464.1164946989013600, 179.1717658340384400 ) ) ;
#2492 = VERTEX_POINT ( 'NONE', #2810 ) ;
#2493 = CARTESIAN_POINT ( 'NONE',  ( 1764.357206279194100, 0.0000000000000000000, 0.0000000000000000000 ) ) ;
#2494 = FILL_AREA_STYLE_COLOUR ( '', #6657 ) ;
#2495 = VECTOR ( 'NONE', #2181, 1000.000000000000000 ) ;
#2496 = CARTESIAN_POINT ( 'NONE',  ( 2823.000000000000000, 414.0008287708116700, -154.5000000000000300 ) ) ;
#2497 = SURFACE_STYLE_USAGE ( .BOTH. , #6300 ) ;
#2498 = VECTOR ( 'NONE', #4417, 1000.000000000000000 ) ;
#2499 = ORIENTED_EDGE ( 'NONE', *, *, #4081, .F. ) ;
#2500 =( LENGTH_UNIT ( ) NAMED_UNIT ( * ) SI_UNIT ( .MILLI., .METRE. ) );
#2501 = CARTESIAN_POINT ( 'NONE',  ( 1049.001100225206800, 482.1353275364771200, 122.7061092157675400 ) ) ;
#2502 = DIRECTION ( 'NONE',  ( 0.0000000000000000000, -1.000000000000000000, 0.0000000000000000000 ) ) ;
#2503 = DIRECTION ( 'NONE',  ( -0.6434991012582379500, 1.146489985353013100E-016, 0.7654468673133624200 ) ) ;
#2504 = SURFACE_STYLE_FILL_AREA ( #4874 ) ;
#2505 = EDGE_CURVE ( 'NONE', #2303, #3572, #333, .T. ) ;
#2506 = SURFACE_STYLE_FILL_AREA ( #1631 ) ;
#2507 = ORIENTED_EDGE ( 'NONE', *, *, #802, .T. ) ;
#2508 = CYLINDRICAL_SURFACE ( 'NONE', #5221, 121.4400000000000100 ) ;
#2509 = CARTESIAN_POINT ( 'NONE',  ( 1881.562404219643900, 197.0424432531547400, -543.9774259585129800 ) ) ;
#2510 = FILL_AREA_STYLE_COLOUR ( '', #5290 ) ;
#2511 = CARTESIAN_POINT ( 'NONE',  ( 742.6261902611069000, 496.0367379543375800, 38.23957476881750500 ) ) ;
#2512 = ORIENTED_EDGE ( 'NONE', *, *, #1287, .F. ) ;
#2513 = CARTESIAN_POINT ( 'NONE',  ( 1744.234409606303600, 0.0000000000000000000, 0.0000000000000000000 ) ) ;
#2514 = EDGE_CURVE ( 'NONE', #1803, #5349, #2844, .T. ) ;
#2515 = CARTESIAN_POINT ( 'NONE',  ( 917.9999999999998900, 2009.999999999999800, 0.0000000000000000000 ) ) ;
#2516 = STYLED_ITEM ( 'NONE', ( #409 ), #3347 ) ;
#2517 = CARTESIAN_POINT ( 'NONE',  ( 1283.000000000000000, 1939.999999999999800, -496.0000000000000000 ) ) ;
#2518 = ORIENTED_EDGE ( 'NONE', *, *, #1160, .T. ) ;
#2519 = VERTEX_POINT ( 'NONE', #4053 ) ;
#2520 = CARTESIAN_POINT ( 'NONE',  ( 2823.000000000000000, 424.0008287708115500, -63.50000000000000000 ) ) ;
#2521 = CARTESIAN_POINT ( 'NONE',  ( 843.4803554064440000, 469.9165027581984200, -163.3720408969398600 ) ) ;
#2522 =( GEOMETRIC_REPRESENTATION_CONTEXT ( 3 ) GLOBAL_UNCERTAINTY_ASSIGNED_CONTEXT ( ( #1629 ) ) GLOBAL_UNIT_ASSIGNED_CONTEXT ( ( #6513, #5424, #139 ) ) REPRESENTATION_CONTEXT ( 'NONE', 'WORKASPACE' ) );
#2523 = VECTOR ( 'NONE', #2917, 1000.000000000000000 ) ;
#2524 = PRESENTATION_LAYER_ASSIGNMENT (  '', '', ( #630 ) ) ;
#2525 = CARTESIAN_POINT ( 'NONE',  ( 1054.845988349802600, 483.7589767875023200, 116.1241105401626000 ) ) ;
#2526 = CARTESIAN_POINT ( 'NONE',  ( -1015.840000000000100, 242.8800000000000500, -380.9999999999998900 ) ) ;
#2527 = CARTESIAN_POINT ( 'NONE',  ( 2990.990404160133900, 493.4703261732482800, 63.43311632874389300 ) ) ;
#2528 = ORIENTED_EDGE ( 'NONE', *, *, #3955, .F. ) ;
#2529 = CARTESIAN_POINT ( 'NONE',  ( 654.9258240356723500, 2009.999999999999800, 117.4999999999999700 ) ) ;
#2530 = COLOUR_RGB ( '',0.7921568627450980000, 0.8196078431372548800, 0.9333333333333333500 ) ;
#2531 = FILL_AREA_STYLE ('',( #5732 ) ) ;
#2532 = AXIS2_PLACEMENT_3D ( 'NONE', #5255, #4738, #5821 ) ;
#2533 = ORIENTED_EDGE ( 'NONE', *, *, #5688, .T. ) ;
#2534 = PRESENTATION_STYLE_ASSIGNMENT (( #3435 ) ) ;
#2535 = DIRECTION ( 'NONE',  ( -0.0000000000000000000, -1.000000000000000000, -0.0000000000000000000 ) ) ;
#2536 = CARTESIAN_POINT ( 'NONE',  ( 565.8480011520704200, -67.49106634856563900, -492.9008888009520900 ) ) ;
#2537 = DIRECTION ( 'NONE',  ( -1.000000000000000000, 0.0000000000000000000, 0.0000000000000000000 ) ) ;
#2538 = ORIENTED_EDGE ( 'NONE', *, *, #6068, .T. ) ;
#2539 = CARTESIAN_POINT ( 'NONE',  ( 3038.000000000000000, 1940.000000000000200, 117.4999999999999400 ) ) ;
#2540 =( GEOMETRIC_REPRESENTATION_CONTEXT ( 3 ) GLOBAL_UNCERTAINTY_ASSIGNED_CONTEXT ( ( #772 ) ) GLOBAL_UNIT_ASSIGNED_CONTEXT ( ( #5075, #5544, #6082 ) ) REPRESENTATION_CONTEXT ( 'NONE', 'WORKASPACE' ) );
#2541 = CARTESIAN_POINT ( 'NONE',  ( 2533.000000000000000, 1940.000000000000200, -496.0000000000000000 ) ) ;
#2542 = CARTESIAN_POINT ( 'NONE',  ( 906.0637399533239900, 464.1165628883822500, -179.1716196051569100 ) ) ;
#2543 = CARTESIAN_POINT ( 'NONE',  ( 965.0464607840292500, 466.3466377775480400, 173.2928547555546900 ) ) ;
#2544 = UNCERTAINTY_MEASURE_WITH_UNIT (LENGTH_MEASURE( 1.000000000000000100E-005 ), #5181, 'distance_accuracy_value', 'NONE');
#2545 = CIRCLE ( 'NONE', #4547, 48.59000000000003200 ) ;
#2546 = CARTESIAN_POINT ( 'NONE',  ( 2986.361127946650400, 491.9179873525359300, 74.32903933113684000 ) ) ;
#2547 = DIRECTION ( 'NONE',  ( 0.0000000000000000000, 0.0000000000000000000, 1.000000000000000000 ) ) ;
#2548 =( GEOMETRIC_REPRESENTATION_CONTEXT ( 3 ) GLOBAL_UNCERTAINTY_ASSIGNED_CONTEXT ( ( #5003 ) ) GLOBAL_UNIT_ASSIGNED_CONTEXT ( ( #2639, #5328, #1649 ) ) REPRESENTATION_CONTEXT ( 'NONE', 'WORKASPACE' ) );
#2549 = CARTESIAN_POINT ( 'NONE',  ( -807.7225377212620300, -242.8800000000000500, 121.4400000000002400 ) ) ;
#2550 = EDGE_CURVE ( 'NONE', #5213, #159, #6517, .T. ) ;
#2551 = DIRECTION ( 'NONE',  ( 0.0000000000000000000, -1.000000000000000000, 0.0000000000000000000 ) ) ;
#2552 = DIRECTION ( 'NONE',  ( 0.0000000000000000000, 0.0000000000000000000, -1.000000000000000000 ) ) ;
#2553 = EDGE_LOOP ( 'NONE', ( #5976, #651, #3257, #5489, #600 ) ) ;
#2554 = SURFACE_SIDE_STYLE ('',( #3332 ) ) ;
#2555 = EDGE_LOOP ( 'NONE', ( #776, #2342, #1773, #3370, #5731, #6377 ) ) ;
#2556 =( GEOMETRIC_REPRESENTATION_CONTEXT ( 3 ) GLOBAL_UNCERTAINTY_ASSIGNED_CONTEXT ( ( #4517 ) ) GLOBAL_UNIT_ASSIGNED_CONTEXT ( ( #1908, #1342, #1928 ) ) REPRESENTATION_CONTEXT ( 'NONE', 'WORKASPACE' ) );
#2557 = DIRECTION ( 'NONE',  ( -1.000000000000000000, 0.0000000000000000000, 0.0000000000000000000 ) ) ;
#2558 = CARTESIAN_POINT ( 'NONE',  ( 889.7969865534981900, 464.8548297450784600, -177.2464209927621800 ) ) ;
#2559 = PRESENTATION_LAYER_ASSIGNMENT (  '', '', ( #1178 ) ) ;
#2560 = DIRECTION ( 'NONE',  ( 0.0000000000000000000, 0.0000000000000000000, -1.000000000000000000 ) ) ;
#2561 = CARTESIAN_POINT ( 'NONE',  ( 950.6126410967003700, 465.1432134201615400, 176.4882929777782300 ) ) ;
#2562 =( NAMED_UNIT ( * ) PLANE_ANGLE_UNIT ( ) SI_UNIT ( $, .RADIAN. ) );
#2563 = DIRECTION ( 'NONE',  ( 0.0000000000000000000, 0.0000000000000000000, 1.000000000000000000 ) ) ;
#2564 = STYLED_ITEM ( 'NONE', ( #1478 ), #4759 ) ;
#2565 = FILL_AREA_STYLE_COLOUR ( '', #5854 ) ;
#2566 = CIRCLE ( 'NONE', #5745, 144.4699999999998000 ) ;
#2567 = PRESENTATION_LAYER_ASSIGNMENT (  '', '', ( #417 ) ) ;
#2568 = UNCERTAINTY_MEASURE_WITH_UNIT (LENGTH_MEASURE( 1.000000000000000100E-005 ), #118, 'distance_accuracy_value', 'NONE');
#2569 = EDGE_CURVE ( 'NONE', #946, #1260, #4794, .T. ) ;
#2570 = COLOUR_RGB ( '',0.7921568627450980000, 0.8196078431372548800, 0.9333333333333333500 ) ;
#2571 = CARTESIAN_POINT ( 'NONE',  ( -5393.768569990938000, 1255.560000000003400, -4288.438174992753400 ) ) ;
#2572 = MECHANICAL_DESIGN_GEOMETRIC_PRESENTATION_REPRESENTATION (  '', ( #1633 ), #6900 ) ;
#2573 = VERTEX_POINT ( 'NONE', #5048 ) ;
#2574 = DIRECTION ( 'NONE',  ( 0.0000000000000000000, 0.0000000000000000000, -1.000000000000000000 ) ) ;
#2575 = PRESENTATION_STYLE_ASSIGNMENT (( #2202 ) ) ;
#2576 = CIRCLE ( 'NONE', #254, 63.50000000000001400 ) ;
#2577 = DIRECTION ( 'NONE',  ( 0.0000000000000000000, 0.0000000000000000000, -1.000000000000000000 ) ) ;
#2578 = FACE_OUTER_BOUND ( 'NONE', #2253, .T. ) ;
#2579 = ORIENTED_EDGE ( 'NONE', *, *, #5098, .F. ) ;
#2580 = CARTESIAN_POINT ( 'NONE',  ( 2533.000000000000000, 1940.000000000000200, 496.0000000000000000 ) ) ;
#2581 = COLOUR_RGB ( '',0.7921568627450980000, 0.8196078431372548800, 0.9333333333333333500 ) ;
#2582 = FACE_BOUND ( 'NONE', #3077, .T. ) ;
#2583 = ADVANCED_FACE ( 'NONE', ( #163 ), #6195, .T. ) ;
#2584 = CYLINDRICAL_SURFACE ( 'NONE', #1939, 144.4699999999998000 ) ;
#2585 = AXIS2_PLACEMENT_3D ( 'NONE', #1589, #4808, #1080 ) ;
#2586 = DIRECTION ( 'NONE',  ( -1.000000000000000000, 0.0000000000000000000, 0.0000000000000000000 ) ) ;
#2587 = SURFACE_SIDE_STYLE ('',( #1089 ) ) ;
#2588 = DIRECTION ( 'NONE',  ( 0.0000000000000000000, 0.0000000000000000000, 1.000000000000000000 ) ) ;
#2589 = ORIENTED_EDGE ( 'NONE', *, *, #3398, .T. ) ;
#2590 = DIRECTION ( 'NONE',  ( 1.000000000000000000, 0.0000000000000000000, -0.0000000000000000000 ) ) ;
#2591 = EDGE_CURVE ( 'NONE', #3000, #1435, #4613, .T. ) ;
#2592 = FILL_AREA_STYLE ('',( #3207 ) ) ;
#2593 = SURFACE_STYLE_FILL_AREA ( #1521 ) ;
#2594 = ADVANCED_FACE ( 'NONE', ( #2450 ), #1805, .T. ) ;
#2595 = ORIENTED_EDGE ( 'NONE', *, *, #6821, .F. ) ;
#2596 = ORIENTED_EDGE ( 'NONE', *, *, #1612, .T. ) ;
#2597 = CARTESIAN_POINT ( 'NONE',  ( 917.9999999999998900, 410.0008287708115500, 154.5000000000000300 ) ) ;
#2598 = DIRECTION ( 'NONE',  ( 1.000000000000000000, 0.0000000000000000000, 0.0000000000000000000 ) ) ;
#2599 = DIRECTION ( 'NONE',  ( 0.0000000000000000000, -0.7071067811865493500, -0.7071067811865456900 ) ) ;
#2600 = STYLED_ITEM ( 'NONE', ( #4380 ), #5893 ) ;
#2601 = CARTESIAN_POINT ( 'NONE',  ( 568.0804616897562500, -68.05224022051304200, -492.8237238796491500 ) ) ;
#2602 = EDGE_CURVE ( 'NONE', #3205, #5134, #6274, .T. ) ;
#2603 = ORIENTED_EDGE ( 'NONE', *, *, #910, .F. ) ;
#2604 = LINE ( 'NONE', #5575, #2373 ) ;
#2605 = VECTOR ( 'NONE', #3172, 1000.000000000000000 ) ;
#2606 = VECTOR ( 'NONE', #5070, 1000.000000000000000 ) ;
#2607 =( LENGTH_UNIT ( ) NAMED_UNIT ( * ) SI_UNIT ( .MILLI., .METRE. ) );
#2608 = CIRCLE ( 'NONE', #1136, 88.90000000000000600 ) ;
#2609 = UNCERTAINTY_MEASURE_WITH_UNIT (LENGTH_MEASURE( 1.000000000000000100E-005 ), #6390, 'distance_accuracy_value', 'NONE');
#2610 = DIRECTION ( 'NONE',  ( 1.828430541214022900E-015, -1.000000000000000000, 0.0000000000000000000 ) ) ;
#2611 = STYLED_ITEM ( 'NONE', ( #4258 ), #4330 ) ;
#2612 = VERTEX_POINT ( 'NONE', #1041 ) ;
#2613 = SURFACE_STYLE_FILL_AREA ( #2152 ) ;
#2614 =( GEOMETRIC_REPRESENTATION_CONTEXT ( 3 ) GLOBAL_UNCERTAINTY_ASSIGNED_CONTEXT ( ( #1286 ) ) GLOBAL_UNIT_ASSIGNED_CONTEXT ( ( #1105, #4849, #1064 ) ) REPRESENTATION_CONTEXT ( 'NONE', 'WORKASPACE' ) );
#2615 = DIRECTION ( 'NONE',  ( -0.7654468673133620900, 0.0000000000000000000, -0.6434991012582381700 ) ) ;
#2616 = SURFACE_STYLE_FILL_AREA ( #2299 ) ;
#2617 = FACE_OUTER_BOUND ( 'NONE', #1932, .T. ) ;
#2618 = ORIENTED_EDGE ( 'NONE', *, *, #4021, .T. ) ;
#2619 =( LENGTH_UNIT ( ) NAMED_UNIT ( * ) SI_UNIT ( .MILLI., .METRE. ) );
#2620 = DIRECTION ( 'NONE',  ( 0.0000000000000000000, 0.0000000000000000000, 1.000000000000000000 ) ) ;
#2621 = ORIENTED_EDGE ( 'NONE', *, *, #3141, .F. ) ;
#2622 = CARTESIAN_POINT ( 'NONE',  ( 3675.780772845791900, 385.6713619161479900, 771.3427238322959700 ) ) ;
#2623 = FACE_OUTER_BOUND ( 'NONE', #4369, .T. ) ;
#2624 = COLOUR_RGB ( '',0.7921568627450980000, 0.8196078431372548800, 0.9333333333333333500 ) ;
#2625 = MANIFOLD_SOLID_BREP ( 'Bottle_internal_fluid', #4310 ) ;
#2626 = DIRECTION ( 'NONE',  ( -1.000000000000000000, 0.0000000000000000000, 0.0000000000000000000 ) ) ;
#2627 = ORIENTED_EDGE ( 'NONE', *, *, #160, .T. ) ;
#2628 = ADVANCED_FACE ( 'NONE', ( #2836 ), #2961, .T. ) ;
#2629 = EDGE_LOOP ( 'NONE', ( #4293, #3541, #266, #14, #3376, #107 ) ) ;
#2630 = SURFACE_STYLE_FILL_AREA ( #1797 ) ;
#2631 = CARTESIAN_POINT ( 'NONE',  ( 569.2094538220502500, -68.30648876150451100, -492.7885196690763200 ) ) ;
#2632 = ORIENTED_EDGE ( 'NONE', *, *, #444, .F. ) ;
#2633 = ORIENTED_EDGE ( 'NONE', *, *, #6137, .T. ) ;
#2634 = PRESENTATION_LAYER_ASSIGNMENT (  '', '', ( #2886 ) ) ;
#2635 = ADVANCED_FACE ( 'NONE', ( #4605 ), #840, .F. ) ;
#2636 = FILL_AREA_STYLE ('',( #480 ) ) ;
#2637 = EDGE_CURVE ( 'NONE', #5912, #430, #4204, .T. ) ;
#2638 = ORIENTED_EDGE ( 'NONE', *, *, #4171, .T. ) ;
#2639 =( LENGTH_UNIT ( ) NAMED_UNIT ( * ) SI_UNIT ( .MILLI., .METRE. ) );
#2640 = SURFACE_SIDE_STYLE ('',( #2022 ) ) ;
#2641 = SURFACE_STYLE_USAGE ( .BOTH. , #570 ) ;
#2642 = ADVANCED_FACE ( 'NONE', ( #5862 ), #4845, .T. ) ;
#2643 = FILL_AREA_STYLE_COLOUR ( '', #990 ) ;
#2644 = DIRECTION ( 'NONE',  ( 0.0000000000000000000, 0.0000000000000000000, -1.000000000000000000 ) ) ;
#2645 = DIRECTION ( 'NONE',  ( -0.7071067811865435800, 8.659560562354980900E-017, -0.7071067811865514600 ) ) ;
#2646 = EDGE_CURVE ( 'NONE', #3572, #1085, #325, .T. ) ;
#2647 = AXIS2_PLACEMENT_3D ( 'NONE', #3223, #13, #3799 ) ;
#2648 =( LENGTH_UNIT ( ) NAMED_UNIT ( * ) SI_UNIT ( .MILLI., .METRE. ) );
#2649 = MECHANICAL_DESIGN_GEOMETRIC_PRESENTATION_REPRESENTATION (  '', ( #2079 ), #858 ) ;
#2650 = FACE_OUTER_BOUND ( 'NONE', #1434, .T. ) ;
#2651 = PRESENTATION_LAYER_ASSIGNMENT (  '', '', ( #3501 ) ) ;
#2652 = DIRECTION ( 'NONE',  ( -0.9254889700103149400, 0.0000000000000000000, 0.3787745587935473200 ) ) ;
#2653 = VECTOR ( 'NONE', #4949, 1000.000000000000000 ) ;
#2654 = DIRECTION ( 'NONE',  ( 0.7654468673133622000, 0.0000000000000000000, 0.6434991012582380600 ) ) ;
#2655 =( NAMED_UNIT ( * ) PLANE_ANGLE_UNIT ( ) SI_UNIT ( $, .RADIAN. ) );
#2656 =( GEOMETRIC_REPRESENTATION_CONTEXT ( 3 ) GLOBAL_UNCERTAINTY_ASSIGNED_CONTEXT ( ( #1771 ) ) GLOBAL_UNIT_ASSIGNED_CONTEXT ( ( #4322, #6426, #3781 ) ) REPRESENTATION_CONTEXT ( 'NONE', 'WORKASPACE' ) );
#2657 = FACE_OUTER_BOUND ( 'NONE', #3029, .T. ) ;
#2658 = LINE ( 'NONE', #3838, #4829 ) ;
#2659 = COLOUR_RGB ( '',0.7921568627450980000, 0.8196078431372548800, 0.9333333333333333500 ) ;
#2660 = ADVANCED_FACE ( 'NONE', ( #4937 ), #6923, .T. ) ;
#2661 = CARTESIAN_POINT ( 'NONE',  ( 0.0000000000000000000, 0.0000000000000000000, -57.15000000000002000 ) ) ;
#2662 = CARTESIAN_POINT ( 'NONE',  ( 0.0000000000000000000, 0.0000000000000000000, 0.0000000000000000000 ) ) ;
#2663 = ORIENTED_EDGE ( 'NONE', *, *, #4349, .T. ) ;
#2664 = STYLED_ITEM ( 'NONE', ( #6607 ), #498 ) ;
#2665 = ADVANCED_FACE ( 'NONE', ( #2015 ), #5552, .F. ) ;
#2666 = SURFACE_STYLE_USAGE ( .BOTH. , #4946 ) ;
#2667 = CIRCLE ( 'NONE', #4639, 497.5000000000000000 ) ;
#2668 = ORIENTED_EDGE ( 'NONE', *, *, #5810, .F. ) ;
#2669 = ORIENTED_EDGE ( 'NONE', *, *, #3103, .T. ) ;
#2670 = AXIS2_PLACEMENT_3D ( 'NONE', #3381, #4395, #5457 ) ;
#2671 = DIRECTION ( 'NONE',  ( 0.7654468673133626400, 0.0000000000000000000, 0.6434991012582375000 ) ) ;
#2672 = DIRECTION ( 'NONE',  ( -0.0000000000000000000, -1.000000000000000000, -0.0000000000000000000 ) ) ;
#2673 = CARTESIAN_POINT ( 'NONE',  ( 1764.357206279194100, 0.0000000000000000000, 0.0000000000000000000 ) ) ;
#2674 = ORIENTED_EDGE ( 'NONE', *, *, #781, .F. ) ;
#2675 = DIRECTION ( 'NONE',  ( 0.0000000000000000000, 1.000000000000000000, 0.0000000000000000000 ) ) ;
#2676 = EDGE_CURVE ( 'NONE', #3000, #922, #1341, .T. ) ;
#2677 = CIRCLE ( 'NONE', #3016, 144.4699999999997700 ) ;
#2678 = LINE ( 'NONE', #5467, #3195 ) ;
#2679 = CARTESIAN_POINT ( 'NONE',  ( 3716.382674367796400, -198.5999999999998500, 2.432148543106641700E-014 ) ) ;
#2680 = SURFACE_STYLE_USAGE ( .BOTH. , #5412 ) ;
#2681 = CARTESIAN_POINT ( 'NONE',  ( 62.73714325720447200, 1.541133267240840400E-014, -125.8430813124108500 ) ) ;
#2682 = ORIENTED_EDGE ( 'NONE', *, *, #1440, .F. ) ;
#2683 = CIRCLE ( 'NONE', #2166, 796.0000000000000000 ) ;
#2684 = PRESENTATION_STYLE_ASSIGNMENT (( #3125 ) ) ;
#2685 = CIRCLE ( 'NONE', #2408, 57.14999999999999900 ) ;
#2686 = COLOUR_RGB ( '',0.7921568627450980000, 0.8196078431372548800, 0.9333333333333333500 ) ;
#2687 = MECHANICAL_DESIGN_GEOMETRIC_PRESENTATION_REPRESENTATION (  '', ( #2354 ), #5205 ) ;
#2688 = ORIENTED_EDGE ( 'NONE', *, *, #5713, .T. ) ;
#2689 = ADVANCED_FACE ( 'NONE', ( #2264 ), #5573, .T. ) ;
#2690 = COLOUR_RGB ( '',0.7921568627450980000, 0.8196078431372548800, 0.9333333333333333500 ) ;
#2691 = CARTESIAN_POINT ( 'NONE',  ( 3675.780772845791900, -385.6713619161482100, -771.3427238322959700 ) ) ;
#2692 = VERTEX_POINT ( 'NONE', #5905 ) ;
#2693 = DIRECTION ( 'NONE',  ( 1.000000000000000000, 0.0000000000000000000, 0.0000000000000000000 ) ) ;
#2694 = CARTESIAN_POINT ( 'NONE',  ( 2985.744966165742900, 491.7136747466576000, 75.66850121473950700 ) ) ;
#2695 = ADVANCED_FACE ( 'NONE', ( #3105 ), #3596, .F. ) ;
#2696 = CARTESIAN_POINT ( 'NONE',  ( 917.9999999999998900, 1940.000000000000200, -144.4699999999998000 ) ) ;
#2697 = ORIENTED_EDGE ( 'NONE', *, *, #3204, .F. ) ;
#2698 = COLOUR_RGB ( '',0.7921568627450980000, 0.8196078431372548800, 0.9333333333333333500 ) ;
#2699 = EDGE_CURVE ( 'NONE', #3809, #1351, #2174, .T. ) ;
#2700 = CARTESIAN_POINT ( 'NONE',  ( 1218.000000000000000, 1869.999999999999800, -117.5000000000000100 ) ) ;
#2701 = ORIENTED_EDGE ( 'NONE', *, *, #876, .F. ) ;
#2702 = SURFACE_SIDE_STYLE ('',( #5621 ) ) ;
#2703 = ORIENTED_EDGE ( 'NONE', *, *, #2717, .T. ) ;
#2704 = AXIS2_PLACEMENT_3D ( 'NONE', #6893, #1627, #2654 ) ;
#2705 = SURFACE_SIDE_STYLE ('',( #4142 ) ) ;
#2706 =( NAMED_UNIT ( * ) SI_UNIT ( $, .STERADIAN. ) SOLID_ANGLE_UNIT ( ) );
#2707 = COLOUR_RGB ( '',0.7921568627450980000, 0.8196078431372548800, 0.9333333333333333500 ) ;
#2708 = EDGE_CURVE ( 'NONE', #430, #5912, #911, .T. ) ;
#2709 = DIRECTION ( 'NONE',  ( -0.6434991012582379500, 1.146489985353013100E-016, 0.7654468673133624200 ) ) ;
#2710 = DIRECTION ( 'NONE',  ( -0.0000000000000000000, -1.000000000000000000, -0.0000000000000000000 ) ) ;
#2711 = DIRECTION ( 'NONE',  ( -0.0000000000000000000, -0.0000000000000000000, -1.000000000000000000 ) ) ;
#2712 = DIRECTION ( 'NONE',  ( 0.0000000000000000000, 0.0000000000000000000, 1.000000000000000000 ) ) ;
#2713 = FACE_OUTER_BOUND ( 'NONE', #1442, .T. ) ;
#2714 = ADVANCED_FACE ( 'NONE', ( #3766 ), #6166, .T. ) ;
#2715 = ORIENTED_EDGE ( 'NONE', *, *, #3224, .F. ) ;
#2716 = DIRECTION ( 'NONE',  ( -0.6434991012582396100, 0.0000000000000000000, 0.7654468673133609800 ) ) ;
#2717 = EDGE_CURVE ( 'NONE', #6192, #4178, #3095, .T. ) ;
#2718 = CARTESIAN_POINT ( 'NONE',  ( 2680.779353339093600, 485.3047516482140500, 109.5048641129184800 ) ) ;
#2719 = STYLED_ITEM ( 'NONE', ( #1233 ), #3170 ) ;
#2720 = CIRCLE ( 'NONE', #5969, 136.0000000000000600 ) ;
#2721 =( NAMED_UNIT ( * ) PLANE_ANGLE_UNIT ( ) SI_UNIT ( $, .RADIAN. ) );
#2722 = ADVANCED_FACE ( 'NONE', ( #5770 ), #2508, .T. ) ;
#2723 = AXIS2_PLACEMENT_3D ( 'NONE', #2580, #43, #458 ) ;
#2724 = UNCERTAINTY_MEASURE_WITH_UNIT (LENGTH_MEASURE( 1.000000000000000100E-005 ), #569, 'distance_accuracy_value', 'NONE');
#2725 = MECHANICAL_DESIGN_GEOMETRIC_PRESENTATION_REPRESENTATION (  '', ( #2037 ), #3826 ) ;
#2726 = UNCERTAINTY_MEASURE_WITH_UNIT (LENGTH_MEASURE( 1.000000000000000100E-005 ), #913, 'distance_accuracy_value', 'NONE');
#2727 = DIRECTION ( 'NONE',  ( 1.000000000000000000, -0.0000000000000000000, -0.0000000000000000000 ) ) ;
#2728 = FILL_AREA_STYLE ('',( #941 ) ) ;
#2729 = CYLINDRICAL_SURFACE ( 'NONE', #5823, 156.4400000000000000 ) ;
#2730 = DIRECTION ( 'NONE',  ( -1.000000000000000000, 0.0000000000000000000, 0.0000000000000000000 ) ) ;
#2731 = CARTESIAN_POINT ( 'NONE',  ( -1015.840000000000500, -1541.999999999999500, -3093.119999999999400 ) ) ;
#2732 = ORIENTED_EDGE ( 'NONE', *, *, #2760, .T. ) ;
#2733 = DIRECTION ( 'NONE',  ( 0.0000000000000000000, 1.000000000000000000, 0.0000000000000000000 ) ) ;
#2734 = MECHANICAL_DESIGN_GEOMETRIC_PRESENTATION_REPRESENTATION (  '', ( #2048 ), #3123 ) ;
#2735 = VECTOR ( 'NONE', #1419, 1000.000000000000000 ) ;
#2736 = PRESENTATION_STYLE_ASSIGNMENT (( #5447 ) ) ;
#2737 = CARTESIAN_POINT ( 'NONE',  ( -894.3999999999999800, -228.9532722495596900, -3214.559999999999900 ) ) ;
#2738 = UNCERTAINTY_MEASURE_WITH_UNIT (LENGTH_MEASURE( 1.000000000000000100E-005 ), #4344, 'distance_accuracy_value', 'NONE');
#2739 = ORIENTED_EDGE ( 'NONE', *, *, #3998, .F. ) ;
#2740 = DIRECTION ( 'NONE',  ( -0.0000000000000000000, -1.000000000000000000, -0.0000000000000000000 ) ) ;
#2741 = FILL_AREA_STYLE_COLOUR ( '', #1944 ) ;
#2742 = CARTESIAN_POINT ( 'NONE',  ( 917.9999999999998900, 424.0008287708115500, -164.4999999999999400 ) ) ;
#2743 = FILL_AREA_STYLE ('',( #1740 ) ) ;
#2744 = MECHANICAL_DESIGN_GEOMETRIC_PRESENTATION_REPRESENTATION (  '', ( #5540 ), #2990 ) ;
#2745 = DIRECTION ( 'NONE',  ( -1.000000000000000000, 0.0000000000000000000, 0.0000000000000000000 ) ) ;
#2746 = EDGE_LOOP ( 'NONE', ( #245, #3354, #5543, #774 ) ) ;
#2747 = ORIENTED_EDGE ( 'NONE', *, *, #28, .F. ) ;
#2748 = EDGE_CURVE ( 'NONE', #2364, #5000, #6457, .T. ) ;
#2749 = COLOUR_RGB ( '',0.7921568627450980000, 0.8196078431372548800, 0.9333333333333333500 ) ;
#2750 = DIRECTION ( 'NONE',  ( -1.000000000000000000, 0.0000000000000000000, 0.0000000000000000000 ) ) ;
#2751 = DIRECTION ( 'NONE',  ( -0.0000000000000000000, 1.000000000000000000, 0.0000000000000000000 ) ) ;
#2752 = ORIENTED_EDGE ( 'NONE', *, *, #4656, .T. ) ;
#2753 = EDGE_LOOP ( 'NONE', ( #6125, #3967, #3059, #4285 ) ) ;
#2754 = LINE ( 'NONE', #5832, #1088 ) ;
#2755 = AXIS2_PLACEMENT_3D ( 'NONE', #665, #4953, #6474 ) ;
#2756 = CARTESIAN_POINT ( 'NONE',  ( -3793.453930254329900, 1498.440000000001200, -3577.688604208782600 ) ) ;
#2757 = CARTESIAN_POINT ( 'NONE',  ( -1015.840000000000400, -1694.046727750439000, -3093.119999999999400 ) ) ;
#2758 =( NAMED_UNIT ( * ) PLANE_ANGLE_UNIT ( ) SI_UNIT ( $, .RADIAN. ) );
#2759 =( LENGTH_UNIT ( ) NAMED_UNIT ( * ) SI_UNIT ( .MILLI., .METRE. ) );
#2760 = EDGE_CURVE ( 'NONE', #3986, #1085, #5687, .T. ) ;
#2761 = ORIENTED_EDGE ( 'NONE', *, *, #6170, .F. ) ;
#2762 = LINE ( 'NONE', #4452, #3788 ) ;
#2763 = PRESENTATION_STYLE_ASSIGNMENT (( #1321 ) ) ;
#2764 = CARTESIAN_POINT ( 'NONE',  ( 2678.160987922638000, 486.0806657885790400, 105.9871603342249200 ) ) ;
#2765 = ORIENTED_EDGE ( 'NONE', *, *, #6127, .T. ) ;
#2766 = STYLED_ITEM ( 'NONE', ( #738 ), #3722 ) ;
#2767 = VERTEX_POINT ( 'NONE', #4549 ) ;
#2768 = SURFACE_STYLE_USAGE ( .BOTH. , #5991 ) ;
#2769 = CARTESIAN_POINT ( 'NONE',  ( 646.1271691324326400, -32.01162577988504400, -496.4700712309660300 ) ) ;
#2770 = AXIS2_PLACEMENT_3D ( 'NONE', #1650, #4899, #5427 ) ;
#2771 = ORIENTED_EDGE ( 'NONE', *, *, #6225, .F. ) ;
#2772 = CARTESIAN_POINT ( 'NONE',  ( 1755.939995061416100, -196.8454561511630300, 388.4425596418381000 ) ) ;
#2773 = VECTOR ( 'NONE', #2799, 1000.000000000000000 ) ;
#2774 = DIRECTION ( 'NONE',  ( 0.0000000000000000000, 1.000000000000000000, 0.0000000000000000000 ) ) ;
#2775 = PRESENTATION_LAYER_ASSIGNMENT (  '', '', ( #3165 ) ) ;
#2776 = CARTESIAN_POINT ( 'NONE',  ( 3123.000000000000000, 2009.999999999999800, -117.4999999999986100 ) ) ;
#2777 = ORIENTED_EDGE ( 'NONE', *, *, #1899, .T. ) ;
#2778 = PRODUCT_RELATED_PRODUCT_CATEGORY ( 'part', '', ( #2471 ) ) ;
#2779 = FILL_AREA_STYLE ('',( #640 ) ) ;
#2780 = DIRECTION ( 'NONE',  ( -0.9254889700103148300, 4.638650510249690200E-017, -0.3787745587935476000 ) ) ;
#2781 = EDGE_LOOP ( 'NONE', ( #6761, #2499, #1826, #6739 ) ) ;
#2782 = CARTESIAN_POINT ( 'NONE',  ( 703.0000000000000000, 1939.999999999999800, -496.0000000000000000 ) ) ;
#2783 = CIRCLE ( 'NONE', #4676, 121.4400000000002100 ) ;
#2784 = EDGE_CURVE ( 'NONE', #6479, #29, #232, .T. ) ;
#2785 = CARTESIAN_POINT ( 'NONE',  ( -894.3999999999999800, -380.9999999999997700, -3457.439999999999600 ) ) ;
#2786 = DIRECTION ( 'NONE',  ( 0.0000000000000000000, 0.0000000000000000000, 1.000000000000000000 ) ) ;
#2787 = EDGE_LOOP ( 'NONE', ( #2739, #4147, #6083, #96, #1283 ) ) ;
#2788 = STYLED_ITEM ( 'NONE', ( #4638 ), #55 ) ;
#2789 = CARTESIAN_POINT ( 'NONE',  ( -3502.399999999999600, -1922.999999999999800, -3335.999999999999500 ) ) ;
#2790 = CARTESIAN_POINT ( 'NONE',  ( 2763.579057909197700, 467.7881087421933400, 169.3541232025697800 ) ) ;
#2791 = COLOUR_RGB ( '',0.7921568627450980000, 0.8196078431372548800, 0.9333333333333333500 ) ;
#2792 = CARTESIAN_POINT ( 'NONE',  ( 641.4782051901332800, 39.75892782254350500, -495.9096526398026300 ) ) ;
#2793 = FILL_AREA_STYLE ('',( #4478 ) ) ;
#2794 = PRESENTATION_STYLE_ASSIGNMENT (( #3403 ) ) ;
#2795 = DIRECTION ( 'NONE',  ( -0.0000000000000000000, -1.000000000000000000, -0.0000000000000000000 ) ) ;
#2796 = DIRECTION ( 'NONE',  ( 0.0000000000000000000, -1.000000000000000000, 0.0000000000000000000 ) ) ;
#2797 = MECHANICAL_DESIGN_GEOMETRIC_PRESENTATION_REPRESENTATION (  '', ( #6133 ), #1745 ) ;
#2798 = ORIENTED_EDGE ( 'NONE', *, *, #6411, .T. ) ;
#2799 = DIRECTION ( 'NONE',  ( -1.000000000000000000, 0.0000000000000000000, -0.0000000000000000000 ) ) ;
#2800 = EDGE_CURVE ( 'NONE', #4705, #5859, #1074, .T. ) ;
#2801 = CARTESIAN_POINT ( 'NONE',  ( -3820.062805852933700, 996.0000000000003400, -3600.058265989869600 ) ) ;
#2802 = SURFACE_STYLE_USAGE ( .BOTH. , #5061 ) ;
#2803 = SURFACE_STYLE_USAGE ( .BOTH. , #485 ) ;
#2804 = UNCERTAINTY_MEASURE_WITH_UNIT (LENGTH_MEASURE( 1.000000000000000100E-005 ), #1125, 'distance_accuracy_value', 'NONE');
#2805 =( NAMED_UNIT ( * ) SI_UNIT ( $, .STERADIAN. ) SOLID_ANGLE_UNIT ( ) );
#2806 = LINE ( 'NONE', #6708, #2838 ) ;
#2807 = CARTESIAN_POINT ( 'NONE',  ( 2823.000000000000000, 424.0008287708115500, 0.0000000000000000000 ) ) ;
#2808 = AXIS2_PLACEMENT_3D ( 'NONE', #278, #4085, #1867 ) ;
#2809 = SURFACE_STYLE_FILL_AREA ( #5934 ) ;
#2810 = CARTESIAN_POINT ( 'NONE',  ( 654.9258240356728000, 1869.999999999999800, 117.5000000000000000 ) ) ;
#2811 = CARTESIAN_POINT ( 'NONE',  ( 2644.980163603221600, 496.9784031549533000, -23.53716099757439700 ) ) ;
#2812 = COLOUR_RGB ( '',0.7921568627450980000, 0.8196078431372548800, 0.9333333333333333500 ) ;
#2813 =( GEOMETRIC_REPRESENTATION_CONTEXT ( 3 ) GLOBAL_UNCERTAINTY_ASSIGNED_CONTEXT ( ( #320 ) ) GLOBAL_UNIT_ASSIGNED_CONTEXT ( ( #2197, #2171, #1592 ) ) REPRESENTATION_CONTEXT ( 'NONE', 'WORKASPACE' ) );
#2814 = DIRECTION ( 'NONE',  ( 0.0000000000000000000, 0.0000000000000000000, -1.000000000000000000 ) ) ;
#2815 = ORIENTED_EDGE ( 'NONE', *, *, #1696, .F. ) ;
#2816 = CARTESIAN_POINT ( 'NONE',  ( 652.7422293579862800, -12.61055315633164400, -497.3414121501757000 ) ) ;
#2817 =( GEOMETRIC_REPRESENTATION_CONTEXT ( 3 ) GLOBAL_UNCERTAINTY_ASSIGNED_CONTEXT ( ( #3011 ) ) GLOBAL_UNIT_ASSIGNED_CONTEXT ( ( #3911, #4438, #1224 ) ) REPRESENTATION_CONTEXT ( 'NONE', 'WORKASPACE' ) );
#2818 = CARTESIAN_POINT ( 'NONE',  ( 1218.000000000000000, 1869.999999999999800, -117.5000000000000100 ) ) ;
#2819 =( NAMED_UNIT ( * ) SI_UNIT ( $, .STERADIAN. ) SOLID_ANGLE_UNIT ( ) );
#2820 =( GEOMETRIC_REPRESENTATION_CONTEXT ( 3 ) GLOBAL_UNCERTAINTY_ASSIGNED_CONTEXT ( ( #2544 ) ) GLOBAL_UNIT_ASSIGNED_CONTEXT ( ( #5181, #2063, #5750 ) ) REPRESENTATION_CONTEXT ( 'NONE', 'WORKASPACE' ) );
#2821 = LINE ( 'NONE', #3238, #5511 ) ;
#2822 = ORIENTED_EDGE ( 'NONE', *, *, #6225, .T. ) ;
#2823 = CARTESIAN_POINT ( 'NONE',  ( 0.0000000000000000000, 0.0000000000000000000, -48.59000000000003200 ) ) ;
#2824 = DIRECTION ( 'NONE',  ( -1.000000000000000000, 0.0000000000000000000, 0.0000000000000000000 ) ) ;
#2825 = PRODUCT_DEFINITION_SHAPE ( 'NONE', 'NONE',  #6930 ) ;
#2826 = EDGE_CURVE ( 'NONE', #5880, #1116, #405, .T. ) ;
#2827 = SURFACE_STYLE_FILL_AREA ( #4752 ) ;
#2828 = CARTESIAN_POINT ( 'NONE',  ( -3790.444132433465300, 1290.322537721263200, -3257.853469143199600 ) ) ;
#2829 = DIRECTION ( 'NONE',  ( 0.0000000000000000000, 0.0000000000000000000, -1.000000000000000000 ) ) ;
#2830 = AXIS2_PLACEMENT_3D ( 'NONE', #2493, #4024, #4618 ) ;
#2831 = DIRECTION ( 'NONE',  ( 0.0000000000000000000, 0.0000000000000000000, -1.000000000000000000 ) ) ;
#2832 = LINE ( 'NONE', #4695, #6917 ) ;
#2833 = ORIENTED_EDGE ( 'NONE', *, *, #5098, .T. ) ;
#2834 = VERTEX_POINT ( 'NONE', #5174 ) ;
#2835 = CARTESIAN_POINT ( 'NONE',  ( 1934.000000000000200, 6.092617825758081200E-014, 497.5000000000000000 ) ) ;
#2836 = FACE_OUTER_BOUND ( 'NONE', #617, .T. ) ;
#2837 = FILL_AREA_STYLE ('',( #6623 ) ) ;
#2838 = VECTOR ( 'NONE', #3518, 1000.000000000000000 ) ;
#2839 = PRESENTATION_STYLE_ASSIGNMENT (( #3562 ) ) ;
#2840 = CARTESIAN_POINT ( 'NONE',  ( 2927.899581789161900, 475.6872009016548200, 145.7379174336184100 ) ) ;
#2841 = CARTESIAN_POINT ( 'NONE',  ( 2823.000000000000000, 464.0008287708115500, -179.4700000000000000 ) ) ;
#2842 = ORIENTED_EDGE ( 'NONE', *, *, #1647, .F. ) ;
#2843 = DIRECTION ( 'NONE',  ( -0.0000000000000000000, -0.0000000000000000000, -1.000000000000000000 ) ) ;
#2844 = LINE ( 'NONE', #217, #2606 ) ;
#2845 = DIRECTION ( 'NONE',  ( -1.000000000000000000, 0.0000000000000000000, 2.478375930152841700E-017 ) ) ;
#2846 = ORIENTED_EDGE ( 'NONE', *, *, #6742, .T. ) ;
#2847 = EDGE_CURVE ( 'NONE', #5806, #2180, #2667, .T. ) ;
#2848 = DIRECTION ( 'NONE',  ( -1.000000000000000000, 0.0000000000000000000, 0.0000000000000000000 ) ) ;
#2849 = SURFACE_STYLE_FILL_AREA ( #6242 ) ;
#2850 = FILL_AREA_STYLE_COLOUR ( '', #563 ) ;
#2851 = CIRCLE ( 'NONE', #1985, 121.4399999999997700 ) ;
#2852 = PRESENTATION_STYLE_ASSIGNMENT (( #2803 ) ) ;
#2853 = CARTESIAN_POINT ( 'NONE',  ( -772.9599999999999200, 1.487211072884547100E-014, -380.9999999999999400 ) ) ;
#2854 = CARTESIAN_POINT ( 'NONE',  ( -1123.353272249560400, -1801.559999999999700, -3336.000000000000000 ) ) ;
#2855 = ORIENTED_EDGE ( 'NONE', *, *, #3632, .F. ) ;
#2856 = FILL_AREA_STYLE ('',( #5572 ) ) ;
#2857 = DIRECTION ( 'NONE',  ( 0.0000000000000000000, 0.0000000000000000000, 1.000000000000000000 ) ) ;
#2858 = FILL_AREA_STYLE ('',( #1825 ) ) ;
#2859 = CARTESIAN_POINT ( 'NONE',  ( 1133.000000000000000, 1939.999999999999800, 117.4999999999999400 ) ) ;
#2860 = EDGE_CURVE ( 'NONE', #2143, #2953, #5927, .T. ) ;
#2861 = CARTESIAN_POINT ( 'NONE',  ( -513.4000000000000900, 0.0000000000000000000, -381.0000000000000000 ) ) ;
#2862 =( LENGTH_UNIT ( ) NAMED_UNIT ( * ) SI_UNIT ( .MILLI., .METRE. ) );
#2863 = AXIS2_PLACEMENT_3D ( 'NONE', #1472, #5212, #1523 ) ;
#2864 = VERTEX_POINT ( 'NONE', #1895 ) ;
#2865 = CYLINDRICAL_SURFACE ( 'NONE', #4271, 48.59000000000003200 ) ;
#2866 = CARTESIAN_POINT ( 'NONE',  ( 2731.594418669714700, 472.9167276233656000, -154.4559907381752700 ) ) ;
#2867 = UNCERTAINTY_MEASURE_WITH_UNIT (LENGTH_MEASURE( 1.000000000000000100E-005 ), #2201, 'distance_accuracy_value', 'NONE');
#2868 = MECHANICAL_DESIGN_GEOMETRIC_PRESENTATION_REPRESENTATION (  '', ( #2611 ), #359 ) ;
#2869 = CARTESIAN_POINT ( 'NONE',  ( 620.9317373776658500, 59.33448446846230700, -493.9494137540778000 ) ) ;
#2870 = UNCERTAINTY_MEASURE_WITH_UNIT (LENGTH_MEASURE( 1.000000000000000100E-005 ), #6615, 'distance_accuracy_value', 'NONE');
#2871 = DIRECTION ( 'NONE',  ( -0.0000000000000000000, -1.000000000000000000, -0.0000000000000000000 ) ) ;
#2872 = CONICAL_SURFACE ( 'NONE', #1318, 164.4999999999999400, 0.7853981633974497200 ) ;
#2873 = VERTEX_POINT ( 'NONE', #5720 ) ;
#2874 =( NAMED_UNIT ( * ) SI_UNIT ( $, .STERADIAN. ) SOLID_ANGLE_UNIT ( ) );
#2875 = DIRECTION ( 'NONE',  ( -3.656861082428052200E-015, -1.000000000000000000, 0.0000000000000000000 ) ) ;
#2876 = PRESENTATION_LAYER_ASSIGNMENT (  '', '', ( #4948 ) ) ;
#2877 = CARTESIAN_POINT ( 'NONE',  ( 917.9999999999998900, 2009.999999999999800, 0.0000000000000000000 ) ) ;
#2878 = LINE ( 'NONE', #2008, #959 ) ;
#2879 = SURFACE_STYLE_USAGE ( .BOTH. , #6049 ) ;
#2880 = ORIENTED_EDGE ( 'NONE', *, *, #6617, .F. ) ;
#2881 = CARTESIAN_POINT ( 'NONE',  ( 627.9999999999998900, 1939.999999999999800, 496.0000000000000000 ) ) ;
#2882 =( LENGTH_UNIT ( ) NAMED_UNIT ( * ) SI_UNIT ( .MILLI., .METRE. ) );
#2883 = DIRECTION ( 'NONE',  ( -1.000000000000000000, 0.0000000000000000000, 0.0000000000000000000 ) ) ;
#2884 = UNCERTAINTY_MEASURE_WITH_UNIT (LENGTH_MEASURE( 1.000000000000000100E-005 ), #2115, 'distance_accuracy_value', 'NONE');
#2885 = DIRECTION ( 'NONE',  ( 1.000000000000000000, 0.0000000000000000000, 0.0000000000000000000 ) ) ;
#2886 = STYLED_ITEM ( 'NONE', ( #1854 ), #967 ) ;
#2887 = CARTESIAN_POINT ( 'NONE',  ( 1093.373809738893400, 496.0367379543375800, -38.23957476881739800 ) ) ;
#2888 = CARTESIAN_POINT ( 'NONE',  ( 2764.755243364734300, 467.6090982536821900, -169.8567964672938300 ) ) ;
#2889 = COLOUR_RGB ( '',0.7921568627450980000, 0.8196078431372548800, 0.9333333333333333500 ) ;
#2890 = CARTESIAN_POINT ( 'NONE',  ( 652.0923680914253300, 15.86927975820538700, -497.2518600742797600 ) ) ;
#2891 = CARTESIAN_POINT ( 'NONE',  ( 1744.234409606303600, 88.89999999999857000, 0.0000000000000000000 ) ) ;
#2892 = DIRECTION ( 'NONE',  ( 0.0000000000000000000, 0.0000000000000000000, -1.000000000000000000 ) ) ;
#2893 = ORIENTED_EDGE ( 'NONE', *, *, #190, .T. ) ;
#2894 = SURFACE_SIDE_STYLE ('',( #4956 ) ) ;
#2895 = ORIENTED_EDGE ( 'NONE', *, *, #4312, .T. ) ;
#2896 = FILL_AREA_STYLE ('',( #225 ) ) ;
#2897 = PRESENTATION_STYLE_ASSIGNMENT (( #557 ) ) ;
#2898 = DIRECTION ( 'NONE',  ( 0.0000000000000000000, 0.0000000000000000000, -1.000000000000000000 ) ) ;
#2899 = CARTESIAN_POINT ( 'NONE',  ( 2823.000000000000000, 424.0008287708115500, 0.0000000000000000000 ) ) ;
#2900 = FILL_AREA_STYLE_COLOUR ( '', #811 ) ;
#2901 = EDGE_CURVE ( 'NONE', #729, #1490, #1666, .T. ) ;
#2902 = COLOUR_RGB ( '',0.7921568627450980000, 0.8196078431372548800, 0.9333333333333333500 ) ;
#2903 =( NAMED_UNIT ( * ) PLANE_ANGLE_UNIT ( ) SI_UNIT ( $, .RADIAN. ) );
#2904 = SURFACE_SIDE_STYLE ('',( #6841 ) ) ;
#2905 = FILL_AREA_STYLE ('',( #5042 ) ) ;
#2906 = ORIENTED_EDGE ( 'NONE', *, *, #4928, .T. ) ;
#2907 = SURFACE_STYLE_USAGE ( .BOTH. , #262 ) ;
#2908 = CARTESIAN_POINT ( 'NONE',  ( 1218.000000000000000, 2009.999999999999800, -117.5000000000000100 ) ) ;
#2909 = STYLED_ITEM ( 'NONE', ( #1489 ), #3764 ) ;
#2910 = ORIENTED_EDGE ( 'NONE', *, *, #5434, .F. ) ;
#2911 = MECHANICAL_DESIGN_GEOMETRIC_PRESENTATION_REPRESENTATION (  '', ( #6368 ), #6718 ) ;
#2912 = CARTESIAN_POINT ( 'NONE',  ( 1036.478087894838600, 478.8680650492693800, -134.9316238710733300 ) ) ;
#2913 = CARTESIAN_POINT ( 'NONE',  ( 2788.926699349289300, 465.2479531173996200, -176.2120615322271000 ) ) ;
#2914 = CIRCLE ( 'NONE', #6545, 198.5999999999999100 ) ;
#2915 = AXIS2_PLACEMENT_3D ( 'NONE', #6141, #195, #2932 ) ;
#2916 = CARTESIAN_POINT ( 'NONE',  ( 543.3032275795052300, 56.85208925705693900, -494.2425590822898000 ) ) ;
#2917 = DIRECTION ( 'NONE',  ( 1.000000000000000000, -0.0000000000000000000, 0.0000000000000000000 ) ) ;
#2918 = ORIENTED_EDGE ( 'NONE', *, *, #2452, .F. ) ;
#2919 = PRESENTATION_LAYER_ASSIGNMENT (  '', '', ( #6493 ) ) ;
#2920 =( LENGTH_UNIT ( ) NAMED_UNIT ( * ) SI_UNIT ( .MILLI., .METRE. ) );
#2921 = SURFACE_STYLE_FILL_AREA ( #2793 ) ;
#2922 = PRESENTATION_LAYER_ASSIGNMENT (  '', '', ( #6065 ) ) ;
#2923 = CYLINDRICAL_SURFACE ( 'NONE', #2461, 179.4700000000000000 ) ;
#2924 = FILL_AREA_STYLE ('',( #5058 ) ) ;
#2925 = CARTESIAN_POINT ( 'NONE',  ( 773.1609879226388100, 486.0806657885790400, 105.9871603342248200 ) ) ;
#2926 = ORIENTED_EDGE ( 'NONE', *, *, #203, .T. ) ;
#2927 = ORIENTED_EDGE ( 'NONE', *, *, #6394, .T. ) ;
#2928 = EDGE_CURVE ( 'NONE', #3374, #5686, #4348, .T. ) ;
#2929 = COLOUR_RGB ( '',0.7921568627450980000, 0.8196078431372548800, 0.9333333333333333500 ) ;
#2930 = FILL_AREA_STYLE ('',( #755 ) ) ;
#2931 = PRESENTATION_LAYER_ASSIGNMENT (  '', '', ( #689 ) ) ;
#2932 = DIRECTION ( 'NONE',  ( 1.000000000000000000, 0.0000000000000000000, -0.0000000000000000000 ) ) ;
#2933 = CARTESIAN_POINT ( 'NONE',  ( 2533.000000000000000, 1940.000000000000200, -496.0000000000000000 ) ) ;
#2934 = EDGE_CURVE ( 'NONE', #829, #2935, #4512, .T. ) ;
#2935 = VERTEX_POINT ( 'NONE', #376 ) ;
#2936 = CARTESIAN_POINT ( 'NONE',  ( 0.0000000000000000000, 0.0000000000000000000, 0.0000000000000000000 ) ) ;
#2937 = LINE ( 'NONE', #99, #4952 ) ;
#2938 = CYLINDRICAL_SURFACE ( 'NONE', #1855, 121.4399999999999300 ) ;
#2939 = CIRCLE ( 'NONE', #1362, 121.4400000000002100 ) ;
#2940 = PRESENTATION_STYLE_ASSIGNMENT (( #1599 ) ) ;
#2941 = FACE_OUTER_BOUND ( 'NONE', #1860, .T. ) ;
#2942 = CARTESIAN_POINT ( 'NONE',  ( 2823.000000000000000, 424.0008287708115500, -179.4700000000000000 ) ) ;
#2943 = CARTESIAN_POINT ( 'NONE',  ( 992.4668585457693600, 469.9078236353383900, -163.3971342805091900 ) ) ;
#2944 = SURFACE_SIDE_STYLE ('',( #4612 ) ) ;
#2945 = ORIENTED_EDGE ( 'NONE', *, *, #3493, .T. ) ;
#2946 = CARTESIAN_POINT ( 'NONE',  ( 552.0734221224233800, 62.17090108263303000, -493.6003700182805600 ) ) ;
#2947 = MECHANICAL_DESIGN_GEOMETRIC_PRESENTATION_REPRESENTATION (  '', ( #2230 ), #3669 ) ;
#2948 = PRESENTATION_STYLE_ASSIGNMENT (( #3930 ) ) ;
#2949 = SURFACE_STYLE_USAGE ( .BOTH. , #2894 ) ;
#2950 = ORIENTED_EDGE ( 'NONE', *, *, #623, .F. ) ;
#2951 = EDGE_CURVE ( 'NONE', #1197, #3022, #3012, .T. ) ;
#2952 = CARTESIAN_POINT ( 'NONE',  ( 917.9999999999998900, 424.0008287708115500, -63.50000000000000000 ) ) ;
#2953 = VERTEX_POINT ( 'NONE', #988 ) ;
#2954 = PRESENTATION_STYLE_ASSIGNMENT (( #1239 ) ) ;
#2955 = CIRCLE ( 'NONE', #1761, 74.99999999999995700 ) ;
#2956 = CARTESIAN_POINT ( 'NONE',  ( 52.58022456961536100, 0.0000000000000000000, 136.0000000000000600 ) ) ;
#2957 = CARTESIAN_POINT ( 'NONE',  ( 854.4054313465328500, 468.3304678843540500, 167.8509986757851800 ) ) ;
#2958 = EDGE_LOOP ( 'NONE', ( #5280, #5182 ) ) ;
#2959 = CARTESIAN_POINT ( 'NONE',  ( -3883.400000000000100, 996.0000000000004500, -3335.999999999999500 ) ) ;
#2960 = CARTESIAN_POINT ( 'NONE',  ( -3790.444132433464800, 996.0000000000003400, -3257.853469143198700 ) ) ;
#2961 =( BOUNDED_SURFACE ( )  B_SPLINE_SURFACE ( 3, 3, ( 
 ( #3182, #2169, #4325, #3283 ),
 ( #4954, #5405, #70, #5979 ),
 ( #5385, #4396, #619, #3811 ),
 ( #3857, #1203, #1126, #5922 ) ),
 .UNSPECIFIED., .F., .F., .F. ) 
 B_SPLINE_SURFACE_WITH_KNOTS ( ( 4, 4 ),
 ( 4, 4 ),
 ( 0.0000000000000000000, 1.000000000000000000 ),
 ( 0.0000000000000000000, 1.000000000000000000 ),
 .UNSPECIFIED. ) 
 GEOMETRIC_REPRESENTATION_ITEM ( )  RATIONAL_B_SPLINE_SURFACE ( (
 ( 1.000000000000000000, 0.8047378541243640500, 0.8047378541243640500, 1.000000000000000000),
 ( 0.3333333333333333700, 0.2682459513747880700, 0.2682459513747880700, 0.3333333333333333700),
 ( 0.3333333333333333700, 0.2682459513747880700, 0.2682459513747880700, 0.3333333333333333700),
 ( 1.000000000000000000, 0.8047378541243640500, 0.8047378541243640500, 1.000000000000000000) ) ) 
 REPRESENTATION_ITEM ( '' )  SURFACE ( )  );
#2962 = EDGE_LOOP ( 'NONE', ( #5039, #1683, #3193, #2512, #4749 ) ) ;
#2963 =( NAMED_UNIT ( * ) SI_UNIT ( $, .STERADIAN. ) SOLID_ANGLE_UNIT ( ) );
#2964 = CARTESIAN_POINT ( 'NONE',  ( 3590.709194396763500, 497.5000000000001100, 0.0000000000000000000 ) ) ;
#2965 = PRESENTATION_LAYER_ASSIGNMENT (  '', '', ( #2600 ) ) ;
#2966 = EDGE_CURVE ( 'NONE', #5981, #1201, #4110, .T. ) ;
#2967 = EDGE_LOOP ( 'NONE', ( #6767, #4441 ) ) ;
#2968 = MECHANICAL_DESIGN_GEOMETRIC_PRESENTATION_REPRESENTATION (  '', ( #5601 ), #3692 ) ;
#2969 = EDGE_LOOP ( 'NONE', ( #3531, #695, #3048, #3142 ) ) ;
#2970 = CARTESIAN_POINT ( 'NONE',  ( 514.1199999999998900, 8.557831832441710000E-015, -497.5000000000000000 ) ) ;
#2971 = CARTESIAN_POINT ( 'NONE',  ( 1062.839012077361100, 486.0806657885789300, -105.9871603342248800 ) ) ;
#2972 = SURFACE_SIDE_STYLE ('',( #3768 ) ) ;
#2973 = CARTESIAN_POINT ( 'NONE',  ( 2965.220646660906800, 485.3047516482140500, -109.5048641129185100 ) ) ;
#2974 = STYLED_ITEM ( 'NONE', ( #221 ), #4264 ) ;
#2975 = CARTESIAN_POINT ( 'NONE',  ( 602.1519988479296900, 67.49106634856569500, -492.9008888009520900 ) ) ;
#2976 = ORIENTED_EDGE ( 'NONE', *, *, #2071, .T. ) ;
#2977 = PRESENTATION_LAYER_ASSIGNMENT (  '', '', ( #3112 ) ) ;
#2978 = SURFACE_STYLE_FILL_AREA ( #3957 ) ;
#2979 = DIRECTION ( 'NONE',  ( 0.0000000000000000000, 0.0000000000000000000, -1.000000000000000000 ) ) ;
#2980 = AXIS2_PLACEMENT_3D ( 'NONE', #3421, #5041, #1846 ) ;
#2981 = DIRECTION ( 'NONE',  ( 0.0000000000000000000, 0.0000000000000000000, -1.000000000000000000 ) ) ;
#2982 = DIRECTION ( 'NONE',  ( -0.0000000000000000000, 1.000000000000000000, -0.0000000000000000000 ) ) ;
#2983 = DIRECTION ( 'NONE',  ( 1.867150205551875600E-015, 1.000000000000000000, 1.419903231776531000E-015 ) ) ;
#2984 = CARTESIAN_POINT ( 'NONE',  ( 3716.382674367796400, 2.432148543106642300E-014, 198.5999999999999100 ) ) ;
#2985 = CARTESIAN_POINT ( 'NONE',  ( -3946.737194147065600, 1290.322537721263000, -3071.941734010129900 ) ) ;
#2986 = DIRECTION ( 'NONE',  ( -0.0000000000000000000, -0.0000000000000000000, -1.000000000000000000 ) ) ;
#2987 = PLANE ( 'NONE',  #6576 ) ;
#2988 = ORIENTED_EDGE ( 'NONE', *, *, #5217, .F. ) ;
#2989 =( NAMED_UNIT ( * ) PLANE_ANGLE_UNIT ( ) SI_UNIT ( $, .RADIAN. ) );
#2990 =( GEOMETRIC_REPRESENTATION_CONTEXT ( 3 ) GLOBAL_UNCERTAINTY_ASSIGNED_CONTEXT ( ( #645 ) ) GLOBAL_UNIT_ASSIGNED_CONTEXT ( ( #6191, #886, #1925 ) ) REPRESENTATION_CONTEXT ( 'NONE', 'WORKASPACE' ) );
#2991 = CARTESIAN_POINT ( 'NONE',  ( 1027.387546671999400, 476.7191450421755100, -142.2884150317789800 ) ) ;
#2992 =( NAMED_UNIT ( * ) SI_UNIT ( $, .STERADIAN. ) SOLID_ANGLE_UNIT ( ) );
#2993 = CARTESIAN_POINT ( 'NONE',  ( 2996.256517699485800, 495.2919562807998700, -46.90984265278118700 ) ) ;
#2994 = CARTESIAN_POINT ( 'NONE',  ( 524.6742945932272700, 36.99794370637433600, -496.1259869831508800 ) ) ;
#2995 = EDGE_CURVE ( 'NONE', #2133, #73, #4273, .T. ) ;
#2996 = ORIENTED_EDGE ( 'NONE', *, *, #1476, .T. ) ;
#2997 = VECTOR ( 'NONE', #5747, 1000.000000000000000 ) ;
#2998 = CARTESIAN_POINT ( 'NONE',  ( 2047.270788943147400, -502.4321677444214600, -394.0122959794574100 ) ) ;
#2999 = SURFACE_STYLE_FILL_AREA ( #5794 ) ;
#3000 = VERTEX_POINT ( 'NONE', #1563 ) ;
#3001 = CARTESIAN_POINT ( 'NONE',  ( 871.2845290372612200, 466.3126310803730200, 173.3844449322596100 ) ) ;
#3002 = DIRECTION ( 'NONE',  ( -1.000000000000000000, 0.0000000000000000000, 0.0000000000000000000 ) ) ;
#3003 = EDGE_CURVE ( 'NONE', #4550, #3878, #2914, .T. ) ;
#3004 = CIRCLE ( 'NONE', #6424, 121.4400000000002800 ) ;
#3005 = CARTESIAN_POINT ( 'NONE',  ( -4175.035256446391000, 1498.440000000002300, -3581.173157579389200 ) ) ;
#3006 = AXIS2_PLACEMENT_3D ( 'NONE', #4963, #2843, #5025 ) ;
#3007 = DIRECTION ( 'NONE',  ( -1.000000000000000000, 0.0000000000000000000, 0.0000000000000000000 ) ) ;
#3008 = COLOUR_RGB ( '',0.7921568627450980000, 0.8196078431372548800, 0.9333333333333333500 ) ;
#3009 = EDGE_LOOP ( 'NONE', ( #5642, #2855 ) ) ;
#3010 = CARTESIAN_POINT ( 'NONE',  ( 1905.487258222592100, -493.4332421576984900, -7.933242157698285400 ) ) ;
#3011 = UNCERTAINTY_MEASURE_WITH_UNIT (LENGTH_MEASURE( 1.000000000000000100E-005 ), #3911, 'distance_accuracy_value', 'NONE');
#3012 = CIRCLE ( 'NONE', #5850, 179.4700000000000000 ) ;
#3013 = PLANE ( 'NONE',  #2317 ) ;
#3014 = CARTESIAN_POINT ( 'NONE',  ( 876.6580086687529300, 465.8028689804010000, -174.7441369531627800 ) ) ;
#3015 = MECHANICAL_DESIGN_GEOMETRIC_PRESENTATION_REPRESENTATION (  '', ( #2308 ), #6009 ) ;
#3016 = AXIS2_PLACEMENT_3D ( 'NONE', #605, #6504, #4353 ) ;
#3017 = PRESENTATION_STYLE_ASSIGNMENT (( #5801 ) ) ;
#3018 = PLANE ( 'NONE',  #1641 ) ;
#3019 = CARTESIAN_POINT ( 'NONE',  ( 1081.361127946650000, 491.9179873525359300, 74.32903933113658500 ) ) ;
#3020 = DIRECTION ( 'NONE',  ( -1.000000000000000000, 0.0000000000000000000, 0.0000000000000000000 ) ) ;
#3021 = VERTEX_POINT ( 'NONE', #4682 ) ;
#3022 = VERTEX_POINT ( 'NONE', #5227 ) ;
#3023 = CARTESIAN_POINT ( 'NONE',  ( 2941.478087894838600, 478.8680650492693200, -134.9316238710734400 ) ) ;
#3024 = CARTESIAN_POINT ( 'NONE',  ( -5529.110764723728600, 996.0000000000014800, -4840.963067705213700 ) ) ;
#3025 = FACE_OUTER_BOUND ( 'NONE', #673, .T. ) ;
#3026 =( NAMED_UNIT ( * ) PLANE_ANGLE_UNIT ( ) SI_UNIT ( $, .RADIAN. ) );
#3027 = CARTESIAN_POINT ( 'NONE',  ( 47.41465111042757700, -367.3934380223629400, -734.7868760447254300 ) ) ;
#3028 = ORIENTED_EDGE ( 'NONE', *, *, #3808, .F. ) ;
#3029 = EDGE_LOOP ( 'NONE', ( #1475, #2153, #6635, #5611 ) ) ;
#3030 =( NAMED_UNIT ( * ) PLANE_ANGLE_UNIT ( ) SI_UNIT ( $, .RADIAN. ) );
#3031 = SURFACE_STYLE_FILL_AREA ( #4557 ) ;
#3032 = CARTESIAN_POINT ( 'NONE',  ( -5393.768569990936200, 1498.440000000002600, -4288.438174992753400 ) ) ;
#3033 = CARTESIAN_POINT ( 'NONE',  ( 3113.000000000000000, 1940.000000000000200, -496.0000000000000000 ) ) ;
#3034 = CARTESIAN_POINT ( 'NONE',  ( 738.5367881164162300, 497.4975512309886200, 6.111868265352263100 ) ) ;
#3035 = ORIENTED_EDGE ( 'NONE', *, *, #2302, .T. ) ;
#3036 = CARTESIAN_POINT ( 'NONE',  ( -349.9999999999999400, 0.0000000000000000000, 4.853343459855834300E-029 ) ) ;
#3037 = CARTESIAN_POINT ( 'NONE',  ( -5529.110764723728600, 996.0000000000014800, -4840.963067705212800 ) ) ;
#3038 = PRESENTATION_LAYER_ASSIGNMENT (  '', '', ( #2664 ) ) ;
#3039 =( NAMED_UNIT ( * ) SI_UNIT ( $, .STERADIAN. ) SOLID_ANGLE_UNIT ( ) );
#3040 = ORIENTED_EDGE ( 'NONE', *, *, #663, .F. ) ;
#3041 = DIRECTION ( 'NONE',  ( 0.0000000000000000000, 0.0000000000000000000, -1.000000000000000000 ) ) ;
#3042 = CARTESIAN_POINT ( 'NONE',  ( 1013.174943727905400, 473.6549023120848000, 152.1835105369349600 ) ) ;
#3043 = SURFACE_STYLE_FILL_AREA ( #2139 ) ;
#3044 = UNCERTAINTY_MEASURE_WITH_UNIT (LENGTH_MEASURE( 1.000000000000000100E-005 ), #6484, 'distance_accuracy_value', 'NONE');
#3045 = DIRECTION ( 'NONE',  ( 1.000000000000000000, 0.0000000000000000000, -0.0000000000000000000 ) ) ;
#3046 = CARTESIAN_POINT ( 'NONE',  ( 2882.420942090802800, 467.7881087421931700, -169.3541232025697500 ) ) ;
#3047 = SURFACE_SIDE_STYLE ('',( #5774 ) ) ;
#3048 = ORIENTED_EDGE ( 'NONE', *, *, #643, .T. ) ;
#3049 = MECHANICAL_DESIGN_GEOMETRIC_PRESENTATION_REPRESENTATION (  '', ( #23 ), #6389 ) ;
#3050 = CARTESIAN_POINT ( 'NONE',  ( -807.7225377212620300, 0.0000000000000000000, 121.4400000000002100 ) ) ;
#3051 = CARTESIAN_POINT ( 'NONE',  ( 47.41465111042758500, 367.3934380223628300, -8.998543958036563500E-014 ) ) ;
#3052 = EDGE_CURVE ( 'NONE', #1704, #3878, #1334, .T. ) ;
#3053 = CARTESIAN_POINT ( 'NONE',  ( 1755.939995061416100, -196.8454561511633500, -388.4425596418384400 ) ) ;
#3054 = CARTESIAN_POINT ( 'NONE',  ( 0.0000000000000000000, 0.0000000000000000000, 0.0000000000000000000 ) ) ;
#3055 = CARTESIAN_POINT ( 'NONE',  ( 12.58022456961535500, 156.4400000000000500, -3.831674905172239700E-014 ) ) ;
#3056 = CARTESIAN_POINT ( 'NONE',  ( 739.2489307607966100, 497.2410836064740900, -16.11706690907598000 ) ) ;
#3057 = FACE_OUTER_BOUND ( 'NONE', #6111, .T. ) ;
#3058 = DIRECTION ( 'NONE',  ( -0.7654468673133624200, 2.742645811821032600E-015, -0.6434991012582377300 ) ) ;
#3059 = ORIENTED_EDGE ( 'NONE', *, *, #4561, .T. ) ;
#3060 = STYLED_ITEM ( 'NONE', ( #5966 ), #5853 ) ;
#3061 = DIRECTION ( 'NONE',  ( 0.0000000000000000000, 0.0000000000000000000, 1.000000000000000000 ) ) ;
#3062 = CARTESIAN_POINT ( 'NONE',  ( 854.2614397204822600, 468.3278191615906400, -167.8719664228532600 ) ) ;
#3063 = STYLED_ITEM ( 'NONE', ( #1790 ), #2083 ) ;
#3064 = VERTEX_POINT ( 'NONE', #3104 ) ;
#3065 = CARTESIAN_POINT ( 'NONE',  ( -894.3999999999999800, 121.4400000000002700, -2955.000000000000000 ) ) ;
#3066 = CARTESIAN_POINT ( 'NONE',  ( 1005.576757592724800, 472.1915675289416800, 156.6587495643554700 ) ) ;
#3067 = CARTESIAN_POINT ( 'NONE',  ( 2988.149118873137000, 492.5146842263196200, 70.26692242971019200 ) ) ;
#3068 = PRESENTATION_LAYER_ASSIGNMENT (  '', '', ( #4279 ) ) ;
#3069 = FACE_OUTER_BOUND ( 'NONE', #2470, .T. ) ;
#3070 = AXIS2_PLACEMENT_3D ( 'NONE', #3054, #536, #5271 ) ;
#3071 = SURFACE_STYLE_USAGE ( .BOTH. , #6258 ) ;
#3072 = FILL_AREA_STYLE_COLOUR ( '', #4862 ) ;
#3073 = PRESENTATION_STYLE_ASSIGNMENT (( #469 ) ) ;
#3074 = FILL_AREA_STYLE ('',( #3661 ) ) ;
#3075 = PRESENTATION_LAYER_ASSIGNMENT (  '', '', ( #1997 ) ) ;
#3076 = FILL_AREA_STYLE ('',( #4205 ) ) ;
#3077 = EDGE_LOOP ( 'NONE', ( #5625, #4725 ) ) ;
#3078 = AXIS2_PLACEMENT_3D ( 'NONE', #4220, #3147, #3655 ) ;
#3079 = CARTESIAN_POINT ( 'NONE',  ( 917.9999999999998900, 424.0008287708115500, -144.4699999999999400 ) ) ;
#3080 = DIRECTION ( 'NONE',  ( -0.0000000000000000000, -0.0000000000000000000, -1.000000000000000000 ) ) ;
#3081 = SURFACE_STYLE_FILL_AREA ( #3329 ) ;
#3082 = VECTOR ( 'NONE', #3080, 1000.000000000000000 ) ;
#3083 = VERTEX_POINT ( 'NONE', #3079 ) ;
#3084 = AXIS2_PLACEMENT_3D ( 'NONE', #6784, #3670, #6823 ) ;
#3085 = DIRECTION ( 'NONE',  ( -1.000000000000000000, 0.0000000000000000000, 0.0000000000000000000 ) ) ;
#3086 = CARTESIAN_POINT ( 'NONE',  ( 1092.836058142617300, 495.8459955432600700, 40.94554591607710100 ) ) ;
#3087 = FILL_AREA_STYLE ('',( #4764 ) ) ;
#3088 = FILL_AREA_STYLE_COLOUR ( '', #2300 ) ;
#3089 = DIRECTION ( 'NONE',  ( 0.0000000000000000000, 0.0000000000000000000, -1.000000000000000000 ) ) ;
#3090 = EDGE_CURVE ( 'NONE', #29, #6479, #62, .T. ) ;
#3091 = SURFACE_SIDE_STYLE ('',( #1582 ) ) ;
#3092 = DIRECTION ( 'NONE',  ( 0.0000000000000000000, 0.0000000000000000000, -1.000000000000000000 ) ) ;
#3093 = UNCERTAINTY_MEASURE_WITH_UNIT (LENGTH_MEASURE( 1.000000000000000100E-005 ), #6478, 'distance_accuracy_value', 'NONE');
#3094 = SURFACE_SIDE_STYLE ('',( #1929 ) ) ;
#3095 = CIRCLE ( 'NONE', #4159, 156.4400000000000000 ) ;
#3096 = CARTESIAN_POINT ( 'NONE',  ( 1755.981347946323700, 197.0424432531547400, -388.4224664833807300 ) ) ;
#3097 = SURFACE_STYLE_FILL_AREA ( #4702 ) ;
#3098 = FILL_AREA_STYLE_COLOUR ( '', #4455 ) ;
#3099 = CIRCLE ( 'NONE', #495, 497.5000000000000000 ) ;
#3100 = CARTESIAN_POINT ( 'NONE',  ( 3489.000000000000000, 0.0000000000000000000, 0.0000000000000000000 ) ) ;
#3101 = VERTEX_POINT ( 'NONE', #964 ) ;
#3102 = CARTESIAN_POINT ( 'NONE',  ( 574.8479738055303900, -69.43062024220550700, -492.6321785732456000 ) ) ;
#3103 = EDGE_CURVE ( 'NONE', #3611, #1907, #5594, .T. ) ;
#3104 = CARTESIAN_POINT ( 'NONE',  ( 917.9999999999998900, 414.0008287708116700, -154.5000000000000300 ) ) ;
#3105 = FACE_OUTER_BOUND ( 'NONE', #1481, .T. ) ;
#3106 = MECHANICAL_DESIGN_GEOMETRIC_PRESENTATION_REPRESENTATION (  '', ( #1662 ), #4890 ) ;
#3107 = ORIENTED_EDGE ( 'NONE', *, *, #113, .T. ) ;
#3108 = ORIENTED_EDGE ( 'NONE', *, *, #4795, .T. ) ;
#3109 = CARTESIAN_POINT ( 'NONE',  ( 859.7552433647341600, 467.6090982536820800, -169.8567964672938300 ) ) ;
#3110 = PRESENTATION_LAYER_ASSIGNMENT (  '', '', ( #2611 ) ) ;
#3111 = FACE_OUTER_BOUND ( 'NONE', #3716, .T. ) ;
#3112 = STYLED_ITEM ( 'NONE', ( #1445 ), #6468 ) ;
#3113 = DIRECTION ( 'NONE',  ( 0.0000000000000000000, 1.000000000000000000, 0.0000000000000000000 ) ) ;
#3114 =( NAMED_UNIT ( * ) SI_UNIT ( $, .STERADIAN. ) SOLID_ANGLE_UNIT ( ) );
#3115 = CARTESIAN_POINT ( 'NONE',  ( -513.3999999999998600, 242.8800000000000500, -121.4400000000000000 ) ) ;
#3116 = ORIENTED_EDGE ( 'NONE', *, *, #2394, .F. ) ;
#3117 = CARTESIAN_POINT ( 'NONE',  ( 2823.000000000000000, 0.0000000000000000000, -144.4699999999999400 ) ) ;
#3118 = COLOUR_RGB ( '',0.7921568627450980000, 0.8196078431372548800, 0.9333333333333333500 ) ;
#3119 = FACE_OUTER_BOUND ( 'NONE', #3704, .T. ) ;
#3120 = AXIS2_PLACEMENT_3D ( 'NONE', #5670, #5135, #6729 ) ;
#3121 = SHAPE_DEFINITION_REPRESENTATION ( #1837, #1645 ) ;
#3122 = VECTOR ( 'NONE', #6413, 1000.000000000000000 ) ;
#3123 =( GEOMETRIC_REPRESENTATION_CONTEXT ( 3 ) GLOBAL_UNCERTAINTY_ASSIGNED_CONTEXT ( ( #6925 ) ) GLOBAL_UNIT_ASSIGNED_CONTEXT ( ( #3883, #6512, #3806 ) ) REPRESENTATION_CONTEXT ( 'NONE', 'WORKASPACE' ) );
#3124 = DIRECTION ( 'NONE',  ( 0.0000000000000000000, -0.0000000000000000000, 1.000000000000000000 ) ) ;
#3125 = SURFACE_STYLE_USAGE ( .BOTH. , #3612 ) ;
#3126 = ORIENTED_EDGE ( 'NONE', *, *, #6045, .T. ) ;
#3127 = CARTESIAN_POINT ( 'NONE',  ( 1218.000000000000000, 1869.999999999999800, -117.5000000000000100 ) ) ;
#3128 = ADVANCED_FACE ( 'NONE', ( #6178 ), #3246, .T. ) ;
#3129 = CIRCLE ( 'NONE', #4981, 121.4400000000000000 ) ;
#3130 = SURFACE_STYLE_USAGE ( .BOTH. , #1535 ) ;
#3131 = VERTEX_POINT ( 'NONE', #4735 ) ;
#3132 = DIRECTION ( 'NONE',  ( 0.0000000000000000000, 0.0000000000000000000, -1.000000000000000000 ) ) ;
#3133 = VERTEX_POINT ( 'NONE', #1605 ) ;
#3134 = CIRCLE ( 'NONE', #896, 497.5000000000000000 ) ;
#3135 = CARTESIAN_POINT ( 'NONE',  ( 1133.000000000000000, 1939.999999999999800, 496.0000000000000000 ) ) ;
#3136 = MECHANICAL_DESIGN_GEOMETRIC_PRESENTATION_REPRESENTATION (  '', ( #6601 ), #4119 ) ;
#3137 = VECTOR ( 'NONE', #3673, 1000.000000000000000 ) ;
#3138 = ADVANCED_FACE ( 'NONE', ( #6583 ), #3591, .T. ) ;
#3139 = UNCERTAINTY_MEASURE_WITH_UNIT (LENGTH_MEASURE( 1.000000000000000100E-005 ), #629, 'distance_accuracy_value', 'NONE');
#3140 = VERTEX_POINT ( 'NONE', #6018 ) ;
#3141 = EDGE_CURVE ( 'NONE', #6119, #6269, #5094, .T. ) ;
#3142 = ORIENTED_EDGE ( 'NONE', *, *, #4267, .T. ) ;
#3143 =( NAMED_UNIT ( * ) PLANE_ANGLE_UNIT ( ) SI_UNIT ( $, .RADIAN. ) );
#3144 = DIRECTION ( 'NONE',  ( 1.000000000000000000, 0.0000000000000000000, -0.0000000000000000000 ) ) ;
#3145 = FACE_OUTER_BOUND ( 'NONE', #2746, .T. ) ;
#3146 = DIRECTION ( 'NONE',  ( 0.0000000000000000000, 0.0000000000000000000, -1.000000000000000000 ) ) ;
#3147 = DIRECTION ( 'NONE',  ( 1.000000000000000000, 1.071875439572228200E-015, -0.0000000000000000000 ) ) ;
#3148 = PLANE ( 'NONE',  #5423 ) ;
#3149 = ORIENTED_EDGE ( 'NONE', *, *, #6216, .F. ) ;
#3150 = CIRCLE ( 'NONE', #1083, 121.4400000000002800 ) ;
#3151 = EDGE_CURVE ( 'NONE', #1635, #4319, #4590, .T. ) ;
#3152 = DIRECTION ( 'NONE',  ( -1.000000000000000000, 0.0000000000000000000, 0.0000000000000000000 ) ) ;
#3153 = PRODUCT_CONTEXT ( 'NONE', #2144, 'mechanical' ) ;
#3154 = ORIENTED_EDGE ( 'NONE', *, *, #1007, .F. ) ;
#3155 = MECHANICAL_DESIGN_GEOMETRIC_PRESENTATION_REPRESENTATION (  '', ( #5648 ), #2162 ) ;
#3156 = CARTESIAN_POINT ( 'NONE',  ( 529.2564363920488400, -43.44741615217122900, -495.6000078627712900 ) ) ;
#3157 = AXIS2_PLACEMENT_3D ( 'NONE', #1572, #5871, #5316 ) ;
#3158 = DIRECTION ( 'NONE',  ( -0.0000000000000000000, -1.000000000000000000, -0.0000000000000000000 ) ) ;
#3159 = MECHANICAL_DESIGN_GEOMETRIC_PRESENTATION_REPRESENTATION (  '', ( #3875 ), #4803 ) ;
#3160 =( NAMED_UNIT ( * ) SI_UNIT ( $, .STERADIAN. ) SOLID_ANGLE_UNIT ( ) );
#3161 = ADVANCED_FACE ( 'NONE', ( #654, #6668 ), #4779, .F. ) ;
#3162 = CARTESIAN_POINT ( 'NONE',  ( 1181.074175964327400, 2009.999999999999800, -117.5000000000000100 ) ) ;
#3163 = FILL_AREA_STYLE_COLOUR ( '', #3874 ) ;
#3164 = ORIENTED_EDGE ( 'NONE', *, *, #5292, .T. ) ;
#3165 = STYLED_ITEM ( 'NONE', ( #6899 ), #4730 ) ;
#3166 =( NAMED_UNIT ( * ) PLANE_ANGLE_UNIT ( ) SI_UNIT ( $, .RADIAN. ) );
#3167 = FACE_OUTER_BOUND ( 'NONE', #6013, .T. ) ;
#3168 = PRODUCT_DEFINITION ( 'UNKNOWN', '', #4246, #5868 ) ;
#3169 = CARTESIAN_POINT ( 'NONE',  ( 3590.709194396763500, -497.5000000000001100, 6.092617825758079900E-014 ) ) ;
#3170 = ADVANCED_FACE ( 'NONE', ( #3932 ), #2255, .T. ) ;
#3171 = EDGE_CURVE ( 'NONE', #29, #6920, #736, .T. ) ;
#3172 = DIRECTION ( 'NONE',  ( -0.9254889700103149400, 4.638650510249686500E-017, -0.3787745587935473200 ) ) ;
#3173 = EDGE_LOOP ( 'NONE', ( #2918, #1323, #2294, #4842, #5400, #670 ) ) ;
#3174 = AXIS2_PLACEMENT_3D ( 'NONE', #548, #1710, #2157 ) ;
#3175 = ADVANCED_FACE ( 'NONE', ( #6343 ), #1746, .T. ) ;
#3176 = CARTESIAN_POINT ( 'NONE',  ( 1689.387719574899800, 197.0424432531547400, 199.9198517207151700 ) ) ;
#3177 = FACE_OUTER_BOUND ( 'NONE', #11, .T. ) ;
#3178 = EDGE_LOOP ( 'NONE', ( #1543, #5932, #2106, #3035, #2988, #3991 ) ) ;
#3179 = PLANE ( 'NONE',  #3608 ) ;
#3180 = MECHANICAL_DESIGN_GEOMETRIC_PRESENTATION_REPRESENTATION (  '', ( #3994 ), #2548 ) ;
#3181 =( NAMED_UNIT ( * ) SI_UNIT ( $, .STERADIAN. ) SOLID_ANGLE_UNIT ( ) );
#3182 = CARTESIAN_POINT ( 'NONE',  ( -3502.400000000000100, -1801.559999999999700, -3335.999999999999500 ) ) ;
#3183 = CARTESIAN_POINT ( 'NONE',  ( 1908.577679628630700, 0.0000000000000000000, 0.0000000000000000000 ) ) ;
#3184 = ORIENTED_EDGE ( 'NONE', *, *, #2140, .F. ) ;
#3185 = SURFACE_STYLE_USAGE ( .BOTH. , #4878 ) ;
#3186 =( NAMED_UNIT ( * ) SI_UNIT ( $, .STERADIAN. ) SOLID_ANGLE_UNIT ( ) );
#3187 = EDGE_CURVE ( 'NONE', #5806, #4268, #983, .T. ) ;
#3188 = CARTESIAN_POINT ( 'NONE',  ( 3590.709194396763500, -497.4999999999998900, 994.9999999999997700 ) ) ;
#3189 = VERTEX_POINT ( 'NONE', #205 ) ;
#3190 = ORIENTED_EDGE ( 'NONE', *, *, #113, .F. ) ;
#3191 = AXIS2_PLACEMENT_3D ( 'NONE', #6243, #6154, #4112 ) ;
#3192 = VERTEX_POINT ( 'NONE', #722 ) ;
#3193 = ORIENTED_EDGE ( 'NONE', *, *, #3849, .F. ) ;
#3194 = COLOUR_RGB ( '',0.7921568627450980000, 0.8196078431372548800, 0.9333333333333333500 ) ;
#3195 = VECTOR ( 'NONE', #1808, 1000.000000000000000 ) ;
#3196 = ADVANCED_FACE ( 'NONE', ( #4016 ), #1658, .T. ) ;
#3197 =( LENGTH_UNIT ( ) NAMED_UNIT ( * ) SI_UNIT ( .MILLI., .METRE. ) );
#3198 = ORIENTED_EDGE ( 'NONE', *, *, #1147, .T. ) ;
#3199 = LINE ( 'NONE', #2138, #3711 ) ;
#3200 = AXIS2_PLACEMENT_3D ( 'NONE', #1802, #5533, #6116 ) ;
#3201 = FILL_AREA_STYLE ('',( #2196 ) ) ;
#3202 = VECTOR ( 'NONE', #5593, 1000.000000000000000 ) ;
#3203 =( NAMED_UNIT ( * ) SI_UNIT ( $, .STERADIAN. ) SOLID_ANGLE_UNIT ( ) );
#3204 = EDGE_CURVE ( 'NONE', #2379, #3140, #5673, .T. ) ;
#3205 = VERTEX_POINT ( 'NONE', #1838 ) ;
#3206 = MECHANICAL_DESIGN_GEOMETRIC_PRESENTATION_REPRESENTATION (  '', ( #689 ), #1414 ) ;
#3207 = FILL_AREA_STYLE_COLOUR ( '', #1314 ) ;
#3208 = VECTOR ( 'NONE', #5129, 1000.000000000000000 ) ;
#3209 = FILL_AREA_STYLE_COLOUR ( '', #6491 ) ;
#3210 = DIRECTION ( 'NONE',  ( 0.0000000000000000000, 0.0000000000000000000, -1.000000000000000000 ) ) ;
#3211 = ORIENTED_EDGE ( 'NONE', *, *, #3689, .T. ) ;
#3212 = CARTESIAN_POINT ( 'NONE',  ( 631.7326408184141000, -51.05017766330211500, -494.8744548441821400 ) ) ;
#3213 = VERTEX_POINT ( 'NONE', #3265 ) ;
#3214 =( GEOMETRIC_REPRESENTATION_CONTEXT ( 3 ) GLOBAL_UNCERTAINTY_ASSIGNED_CONTEXT ( ( #18 ) ) GLOBAL_UNIT_ASSIGNED_CONTEXT ( ( #2500, #5678, #306 ) ) REPRESENTATION_CONTEXT ( 'NONE', 'WORKASPACE' ) );
#3215 = DIRECTION ( 'NONE',  ( -0.0000000000000000000, -1.000000000000000000, -0.0000000000000000000 ) ) ;
#3216 = EDGE_CURVE ( 'NONE', #844, #5597, #6007, .T. ) ;
#3217 = DIRECTION ( 'NONE',  ( 0.0000000000000000000, 0.0000000000000000000, -1.000000000000000000 ) ) ;
#3218 = FILL_AREA_STYLE ('',( #6407 ) ) ;
#3219 =( NAMED_UNIT ( * ) SI_UNIT ( $, .STERADIAN. ) SOLID_ANGLE_UNIT ( ) );
#3220 = DIRECTION ( 'NONE',  ( 0.0000000000000000000, -1.000000000000000000, 0.0000000000000000000 ) ) ;
#3221 = CARTESIAN_POINT ( 'NONE',  ( 3675.780772845791900, 385.6713619161481000, 0.0000000000000000000 ) ) ;
#3222 = ADVANCED_FACE ( 'NONE', ( #5586 ), #1836, .T. ) ;
#3223 = CARTESIAN_POINT ( 'NONE',  ( 52.58022456961541700, 0.0000000000000000000, 0.0000000000000000000 ) ) ;
#3224 = EDGE_CURVE ( 'NONE', #3064, #5692, #2246, .T. ) ;
#3225 = CARTESIAN_POINT ( 'NONE',  ( 2823.000000000000000, 1600.000000000000000, 0.0000000000000000000 ) ) ;
#3226 = APPLICATION_PROTOCOL_DEFINITION ( 'draft international standard', 'automotive_design', 1998, #2144 ) ;
#3227 = PRESENTATION_LAYER_ASSIGNMENT (  '', '', ( #5018 ) ) ;
#3228 = DIRECTION ( 'NONE',  ( 8.659560562354946400E-017, 0.7071067811865465700, -0.7071067811865485700 ) ) ;
#3229 = EDGE_LOOP ( 'NONE', ( #3801, #6355, #5945, #3770 ) ) ;
#3230 = CARTESIAN_POINT ( 'NONE',  ( 630.0343880353320900, -52.58669753052475900, -494.7135392725917900 ) ) ;
#3231 = PRESENTATION_LAYER_ASSIGNMENT (  '', '', ( #1168 ) ) ;
#3232 = ORIENTED_EDGE ( 'NONE', *, *, #6428, .F. ) ;
#3233 = ORIENTED_EDGE ( 'NONE', *, *, #2098, .F. ) ;
#3234 = DIRECTION ( 'NONE',  ( 1.867150205551875600E-015, 1.000000000000000000, 1.419903231776531000E-015 ) ) ;
#3235 = SURFACE_SIDE_STYLE ('',( #3691 ) ) ;
#3236 = SURFACE_SIDE_STYLE ('',( #2613 ) ) ;
#3237 = AXIS2_PLACEMENT_3D ( 'NONE', #6757, #4688, #4716 ) ;
#3238 = CARTESIAN_POINT ( 'NONE',  ( 0.0000000000000000000, 5.950558797056993100E-015, 48.59000000000003200 ) ) ;
#3239 = CARTESIAN_POINT ( 'NONE',  ( -1137.279999999999700, -121.4399999999993300, -3107.046727750438500 ) ) ;
#3240 = FACE_BOUND ( 'NONE', #4004, .T. ) ;
#3241 = FILL_AREA_STYLE ('',( #3209 ) ) ;
#3242 = PLANE ( 'NONE',  #6099 ) ;
#3243 = ORIENTED_EDGE ( 'NONE', *, *, #6617, .T. ) ;
#3244 = STYLED_ITEM ( 'NONE', ( #4446 ), #529 ) ;
#3245 = FACE_OUTER_BOUND ( 'NONE', #4128, .T. ) ;
#3246 =( BOUNDED_SURFACE ( )  B_SPLINE_SURFACE ( 3, 3, ( 
 ( #5276, #5836, #1198, #6385 ),
 ( #3715, #3176, #6888, #5340 ),
 ( #4272, #2289, #2772, #2127 ),
 ( #4800, #3324, #3301, #6490 ) ),
 .UNSPECIFIED., .F., .F., .F. ) 
 B_SPLINE_SURFACE_WITH_KNOTS ( ( 4, 4 ),
 ( 4, 4 ),
 ( 0.0000000000000000000, 1.000000000000000000 ),
 ( 0.0000000000000000000, 1.000000000000000000 ),
 .UNSPECIFIED. ) 
 GEOMETRIC_REPRESENTATION_ITEM ( )  RATIONAL_B_SPLINE_SURFACE ( (
 ( 1.000000000000000000, 0.9619272861606544800, 0.9619272861606544800, 1.000000000000000000),
 ( 0.8504055710339720700, 0.8180283230806104600, 0.8180283230806104600, 0.8504055710339720700),
 ( 0.8504055710339720700, 0.8180283230806104600, 0.8180283230806104600, 0.8504055710339720700),
 ( 1.000000000000000000, 0.9619272861606544800, 0.9619272861606544800, 1.000000000000000000) ) ) 
 REPRESENTATION_ITEM ( '' )  SURFACE ( )  );
#3247 = CIRCLE ( 'NONE', #3364, 125.8430813124108700 ) ;
#3248 = ADVANCED_FACE ( 'NONE', ( #5847 ), #3842, .T. ) ;
#3249 = ORIENTED_EDGE ( 'NONE', *, *, #5784, .F. ) ;
#3250 = UNCERTAINTY_MEASURE_WITH_UNIT (LENGTH_MEASURE( 1.000000000000000100E-005 ), #6398, 'distance_accuracy_value', 'NONE');
#3251 = CARTESIAN_POINT ( 'NONE',  ( 3675.780772845791900, 385.6713619161479300, -771.3427238322959700 ) ) ;
#3252 = VECTOR ( 'NONE', #5719, 1000.000000000000000 ) ;
#3253 = CIRCLE ( 'NONE', #3078, 121.4400000000002100 ) ;
#3254 = DIRECTION ( 'NONE',  ( 0.0000000000000000000, 1.000000000000000000, 0.0000000000000000000 ) ) ;
#3255 = DIRECTION ( 'NONE',  ( 0.0000000000000000000, 0.0000000000000000000, 1.000000000000000000 ) ) ;
#3256 = SURFACE_STYLE_USAGE ( .BOTH. , #2154 ) ;
#3257 = ORIENTED_EDGE ( 'NONE', *, *, #3798, .T. ) ;
#3258 = ORIENTED_EDGE ( 'NONE', *, *, #481, .T. ) ;
#3259 = CARTESIAN_POINT ( 'NONE',  ( 1672.161342828090900, -194.9904751447261300, 197.7927334244883200 ) ) ;
#3260 = EDGE_CURVE ( 'NONE', #3680, #3022, #5338, .T. ) ;
#3261 = SURFACE_STYLE_FILL_AREA ( #3218 ) ;
#3262 = FILL_AREA_STYLE_COLOUR ( '', #2889 ) ;
#3263 = FACE_OUTER_BOUND ( 'NONE', #5319, .T. ) ;
#3264 = UNCERTAINTY_MEASURE_WITH_UNIT (LENGTH_MEASURE( 1.000000000000000100E-005 ), #6791, 'distance_accuracy_value', 'NONE');
#3265 = CARTESIAN_POINT ( 'NONE',  ( -5622.066632290265300, 996.0000000000015900, -4797.669598562014500 ) ) ;
#3266 = EDGE_LOOP ( 'NONE', ( #1562, #5752, #6006, #6149, #6176, #329, #6020, #2124 ) ) ;
#3267 = PRESENTATION_LAYER_ASSIGNMENT (  '', '', ( #1484 ) ) ;
#3268 = VECTOR ( 'NONE', #2780, 1000.000000000000000 ) ;
#3269 = SURFACE_STYLE_FILL_AREA ( #4543 ) ;
#3270 = FACE_OUTER_BOUND ( 'NONE', #3537, .T. ) ;
#3271 = SURFACE_STYLE_USAGE ( .BOTH. , #6011 ) ;
#3272 = LINE ( 'NONE', #6728, #3202 ) ;
#3273 =( GEOMETRIC_REPRESENTATION_CONTEXT ( 3 ) GLOBAL_UNCERTAINTY_ASSIGNED_CONTEXT ( ( #998 ) ) GLOBAL_UNIT_ASSIGNED_CONTEXT ( ( #4054, #2421, #1902 ) ) REPRESENTATION_CONTEXT ( 'NONE', 'WORKASPACE' ) );
#3274 = CARTESIAN_POINT ( 'NONE',  ( 639.5287034519639100, -42.66694897679847300, -495.6815032448086500 ) ) ;
#3275 = AXIS2_PLACEMENT_3D ( 'NONE', #3482, #6824, #1022 ) ;
#3276 = ORIENTED_EDGE ( 'NONE', *, *, #1147, .F. ) ;
#3277 = FACE_OUTER_BOUND ( 'NONE', #1580, .T. ) ;
#3278 =( NAMED_UNIT ( * ) SI_UNIT ( $, .STERADIAN. ) SOLID_ANGLE_UNIT ( ) );
#3279 =( GEOMETRIC_REPRESENTATION_CONTEXT ( 3 ) GLOBAL_UNCERTAINTY_ASSIGNED_CONTEXT ( ( #1983 ) ) GLOBAL_UNIT_ASSIGNED_CONTEXT ( ( #6435, #6523, #1686 ) ) REPRESENTATION_CONTEXT ( 'NONE', 'WORKASPACE' ) );
#3280 = ORIENTED_EDGE ( 'NONE', *, *, #2708, .F. ) ;
#3281 = VERTEX_POINT ( 'NONE', #6460 ) ;
#3282 = STYLED_ITEM ( 'NONE', ( #1179 ), #6918 ) ;
#3283 = CARTESIAN_POINT ( 'NONE',  ( -3761.960000000000000, -1541.999999999999300, -3335.999999999999500 ) ) ;
#3284 = CARTESIAN_POINT ( 'NONE',  ( -1275.399999999999000, -2044.439999999999800, -3335.999999999999500 ) ) ;
#3285 = DIRECTION ( 'NONE',  ( -1.000000000000000000, 0.0000000000000000000, 0.0000000000000000000 ) ) ;
#3286 = EDGE_CURVE ( 'NONE', #6586, #5907, #5164, .T. ) ;
#3287 = CARTESIAN_POINT ( 'NONE',  ( 1736.256111820047900, 195.1834758921752700, 384.9075097860517800 ) ) ;
#3288 = PRESENTATION_LAYER_ASSIGNMENT (  '', '', ( #2222 ) ) ;
#3289 = DIRECTION ( 'NONE',  ( 0.0000000000000000000, 1.000000000000000000, 0.0000000000000000000 ) ) ;
#3290 = ORIENTED_EDGE ( 'NONE', *, *, #1195, .F. ) ;
#3291 = STYLED_ITEM ( 'NONE', ( #4865 ), #459 ) ;
#3292 =( LENGTH_UNIT ( ) NAMED_UNIT ( * ) SI_UNIT ( .MILLI., .METRE. ) );
#3293 = CARTESIAN_POINT ( 'NONE',  ( 2823.000000000000000, 464.0008287708115500, 179.4700000000000000 ) ) ;
#3294 = ORIENTED_EDGE ( 'NONE', *, *, #6002, .T. ) ;
#3295 = FILL_AREA_STYLE ('',( #3822 ) ) ;
#3296 = PLANE ( 'NONE',  #1788 ) ;
#3297 = VERTEX_POINT ( 'NONE', #6921 ) ;
#3298 = CIRCLE ( 'NONE', #1220, 144.4699999999999400 ) ;
#3299 = ADVANCED_FACE ( 'NONE', ( #1065 ), #2584, .T. ) ;
#3300 = ORIENTED_EDGE ( 'NONE', *, *, #1844, .F. ) ;
#3301 = CARTESIAN_POINT ( 'NONE',  ( 1985.416459750171500, -502.3764794820819500, 276.9411014576023700 ) ) ;
#3302 =( GEOMETRIC_REPRESENTATION_CONTEXT ( 3 ) GLOBAL_UNCERTAINTY_ASSIGNED_CONTEXT ( ( #4077 ) ) GLOBAL_UNIT_ASSIGNED_CONTEXT ( ( #980, #1528, #5269 ) ) REPRESENTATION_CONTEXT ( 'NONE', 'WORKASPACE' ) );
#3303 = EDGE_CURVE ( 'NONE', #2692, #5834, #236, .T. ) ;
#3304 = DIRECTION ( 'NONE',  ( -0.0000000000000000000, -1.000000000000000000, -0.0000000000000000000 ) ) ;
#3305 =( NAMED_UNIT ( * ) SI_UNIT ( $, .STERADIAN. ) SOLID_ANGLE_UNIT ( ) );
#3306 = DIRECTION ( 'NONE',  ( 1.000000000000000000, -2.220446049250311100E-015, -0.0000000000000000000 ) ) ;
#3307 = CARTESIAN_POINT ( 'NONE',  ( 1857.422946473482200, -194.9904751447261900, 541.2302169206274100 ) ) ;
#3308 =( NAMED_UNIT ( * ) PLANE_ANGLE_UNIT ( ) SI_UNIT ( $, .RADIAN. ) );
#3309 = ORIENTED_EDGE ( 'NONE', *, *, #2847, .T. ) ;
#3310 = AXIS2_PLACEMENT_3D ( 'NONE', #3923, #2409, #2875 ) ;
#3311 = CARTESIAN_POINT ( 'NONE',  ( 2843.824492316515700, 464.4584628533497700, 178.2826045600595800 ) ) ;
#3312 = EDGE_CURVE ( 'NONE', #1288, #752, #915, .T. ) ;
#3313 = FILL_AREA_STYLE_COLOUR ( '', #1355 ) ;
#3314 = AXIS2_PLACEMENT_3D ( 'NONE', #5331, #2711, #6452 ) ;
#3315 = CYLINDRICAL_SURFACE ( 'NONE', #3966, 144.4699999999997700 ) ;
#3316 = CARTESIAN_POINT ( 'NONE',  ( -894.3999999999999800, -380.9999999999997700, -3214.559999999999000 ) ) ;
#3317 = DIRECTION ( 'NONE',  ( 0.0000000000000000000, 0.0000000000000000000, 1.000000000000000000 ) ) ;
#3318 = CARTESIAN_POINT ( 'NONE',  ( 650.2939187702904700, -22.56728963168717800, -497.0059263219756100 ) ) ;
#3319 =( NAMED_UNIT ( * ) PLANE_ANGLE_UNIT ( ) SI_UNIT ( $, .RADIAN. ) );
#3320 =( NAMED_UNIT ( * ) SI_UNIT ( $, .STERADIAN. ) SOLID_ANGLE_UNIT ( ) );
#3321 = MECHANICAL_DESIGN_GEOMETRIC_PRESENTATION_REPRESENTATION (  '', ( #2974 ), #462 ) ;
#3322 = SURFACE_SIDE_STYLE ('',( #4443 ) ) ;
#3323 = ORIENTED_EDGE ( 'NONE', *, *, #2784, .T. ) ;
#3324 = CARTESIAN_POINT ( 'NONE',  ( 1937.935908590988700, -502.3764794820819500, 142.5407351949463400 ) ) ;
#3325 = MECHANICAL_DESIGN_GEOMETRIC_PRESENTATION_REPRESENTATION (  '', ( #630 ), #2820 ) ;
#3326 = CARTESIAN_POINT ( 'NONE',  ( 3590.709194396763500, -497.5000000000001100, 6.092617825758079900E-014 ) ) ;
#3327 = SURFACE_STYLE_USAGE ( .BOTH. , #1730 ) ;
#3328 = COLOUR_RGB ( '',0.7921568627450980000, 0.8196078431372548800, 0.9333333333333333500 ) ;
#3329 = FILL_AREA_STYLE ('',( #4342 ) ) ;
#3330 = FILL_AREA_STYLE_COLOUR ( '', #3605 ) ;
#3331 = CARTESIAN_POINT ( 'NONE',  ( -1123.353272249560600, -1801.559999999999300, -3093.119999999999400 ) ) ;
#3332 = SURFACE_STYLE_FILL_AREA ( #2104 ) ;
#3333 = ORIENTED_EDGE ( 'NONE', *, *, #4162, .T. ) ;
#3334 = CARTESIAN_POINT ( 'NONE',  ( -1275.400000000000100, -1923.000000000000000, -3335.999999999999500 ) ) ;
#3335 =( BOUNDED_SURFACE ( )  B_SPLINE_SURFACE ( 3, 3, ( 
 ( #592, #2828, #4876, #4431 ),
 ( #5998, #162, #2756, #2320 ),
 ( #2801, #5482, #6025, #3831 ),
 ( #5978, #6565, #2237, #2218 ) ),
 .UNSPECIFIED., .F., .F., .T. ) 
 B_SPLINE_SURFACE_WITH_KNOTS ( ( 4, 4 ),
 ( 4, 4 ),
 ( 0.0000000000000000000, 1.000000000000000000 ),
 ( 0.0000000000000000000, 1.000000000000000000 ),
 .UNSPECIFIED. ) 
 GEOMETRIC_REPRESENTATION_ITEM ( )  RATIONAL_B_SPLINE_SURFACE ( (
 ( 1.000000000000000000, 0.8047378541243658300, 0.8047378541243658300, 1.000000000000000000),
 ( 0.3333333333333324800, 0.2682459513747879100, 0.2682459513747879100, 0.3333333333333324800),
 ( 0.3333333333333324800, 0.2682459513747879100, 0.2682459513747879100, 0.3333333333333324800),
 ( 1.000000000000000000, 0.8047378541243658300, 0.8047378541243658300, 1.000000000000000000) ) ) 
 REPRESENTATION_ITEM ( '' )  SURFACE ( )  );
#3336 = SURFACE_SIDE_STYLE ('',( #51 ) ) ;
#3337 = COLOUR_RGB ( '',0.7921568627450980000, 0.8196078431372548800, 0.9333333333333333500 ) ;
#3338 = DIRECTION ( 'NONE',  ( 0.0000000000000000000, -0.0000000000000000000, -1.000000000000000000 ) ) ;
#3339 = EDGE_LOOP ( 'NONE', ( #6632, #6604, #158, #537 ) ) ;
#3340 = CARTESIAN_POINT ( 'NONE',  ( 2957.929152895995200, 483.2202390176634000, 118.3459220883739500 ) ) ;
#3341 = CARTESIAN_POINT ( 'NONE',  ( 2677.301052321392500, 486.3376400959691600, 104.8019566858398300 ) ) ;
#3342 = COLOUR_RGB ( '',0.7921568627450980000, 0.8196078431372548800, 0.9333333333333333500 ) ;
#3343 = PRESENTATION_LAYER_ASSIGNMENT (  '', '', ( #4782 ) ) ;
#3344 =( NAMED_UNIT ( * ) PLANE_ANGLE_UNIT ( ) SI_UNIT ( $, .RADIAN. ) );
#3345 = EDGE_LOOP ( 'NONE', ( #4774, #434, #971, #5781 ) ) ;
#3346 = ORIENTED_EDGE ( 'NONE', *, *, #6155, .T. ) ;
#3347 = MANIFOLD_SOLID_BREP ( 'Pipe_fluid', #3460 ) ;
#3348 = EDGE_CURVE ( 'NONE', #73, #1093, #2178, .T. ) ;
#3349 = CARTESIAN_POINT ( 'NONE',  ( 137.2218920732927600, -497.4999999999998900, 995.0000000000000000 ) ) ;
#3350 = CIRCLE ( 'NONE', #4912, 179.4700000000000000 ) ;
#3351 = SURFACE_SIDE_STYLE ('',( #3412 ) ) ;
#3352 =( LENGTH_UNIT ( ) NAMED_UNIT ( * ) SI_UNIT ( .MILLI., .METRE. ) );
#3353 = SURFACE_SIDE_STYLE ('',( #5410 ) ) ;
#3354 = ORIENTED_EDGE ( 'NONE', *, *, #5111, .T. ) ;
#3355 = VERTEX_POINT ( 'NONE', #3409 ) ;
#3356 =( NAMED_UNIT ( * ) PLANE_ANGLE_UNIT ( ) SI_UNIT ( $, .RADIAN. ) );
#3357 = CIRCLE ( 'NONE', #3120, 121.4400000000000100 ) ;
#3358 = SHAPE_REPRESENTATION_RELATIONSHIP ( 'NONE' , 'NONE' ,  #5736, #6675 ) ;
#3359 = CARTESIAN_POINT ( 'NONE',  ( 917.9999999999998900, 1600.000000000000000, 144.4699999999999400 ) ) ;
#3360 = DIRECTION ( 'NONE',  ( 1.000000000000000000, 1.071875439572228200E-015, -0.0000000000000000000 ) ) ;
#3361 = EDGE_CURVE ( 'NONE', #54, #6538, #4933, .T. ) ;
#3362 = ORIENTED_EDGE ( 'NONE', *, *, #3260, .T. ) ;
#3363 = CARTESIAN_POINT ( 'NONE',  ( 2823.000000000000000, 1600.000000000000000, 144.4699999999997700 ) ) ;
#3364 = AXIS2_PLACEMENT_3D ( 'NONE', #4742, #3579, #930 ) ;
#3365 = FACE_OUTER_BOUND ( 'NONE', #1690, .T. ) ;
#3366 = COLOUR_RGB ( '',0.7921568627450980000, 0.8196078431372548800, 0.9333333333333333500 ) ;
#3367 = CIRCLE ( 'NONE', #6871, 75.00000000000017100 ) ;
#3368 = CARTESIAN_POINT ( 'NONE',  ( 1934.000000000000200, -497.3586457683633200, 11.85864576836329600 ) ) ;
#3369 = CARTESIAN_POINT ( 'NONE',  ( 2686.154011650197400, 483.7589767875024300, -116.1241105401625600 ) ) ;
#3370 = ORIENTED_EDGE ( 'NONE', *, *, #6032, .T. ) ;
#3371 = CARTESIAN_POINT ( 'NONE',  ( 638.7435636079512700, 43.44741615217112200, -495.6000078627715200 ) ) ;
#3372 = AXIS2_PLACEMENT_3D ( 'NONE', #4419, #2203, #5935 ) ;
#3373 =( LENGTH_UNIT ( ) NAMED_UNIT ( * ) SI_UNIT ( .MILLI., .METRE. ) );
#3374 = VERTEX_POINT ( 'NONE', #1762 ) ;
#3375 = CARTESIAN_POINT ( 'NONE',  ( 47.41465111042758500, -367.3934380223628300, 4.499271979018281700E-014 ) ) ;
#3376 = ORIENTED_EDGE ( 'NONE', *, *, #1660, .T. ) ;
#3377 = CARTESIAN_POINT ( 'NONE',  ( 2823.000000000000000, 0.0000000000000000000, 0.0000000000000000000 ) ) ;
#3378 = SURFACE_STYLE_FILL_AREA ( #3995 ) ;
#3379 = PRESENTATION_LAYER_ASSIGNMENT (  '', '', ( #5268 ) ) ;
#3380 = FILL_AREA_STYLE ('',( #685 ) ) ;
#3381 = CARTESIAN_POINT ( 'NONE',  ( 3113.000000000000000, 1940.000000000000200, -496.0000000000000000 ) ) ;
#3382 = DIRECTION ( 'NONE',  ( 0.0000000000000000000, 0.0000000000000000000, -1.000000000000000000 ) ) ;
#3383 = ORIENTED_EDGE ( 'NONE', *, *, #4661, .F. ) ;
#3384 = PLANE ( 'NONE',  #1623 ) ;
#3385 = CARTESIAN_POINT ( 'NONE',  ( 1934.000000000000200, 0.0000000000000000000, -497.5000000000000000 ) ) ;
#3386 = FILL_AREA_STYLE_COLOUR ( '', #1045 ) ;
#3387 = ORIENTED_EDGE ( 'NONE', *, *, #4661, .T. ) ;
#3388 = EDGE_CURVE ( 'NONE', #5476, #3735, #3508, .T. ) ;
#3389 = CARTESIAN_POINT ( 'NONE',  ( 2886.738560279517100, 468.3278191615907500, 167.8719664228532300 ) ) ;
#3390 = CARTESIAN_POINT ( 'NONE',  ( 2643.811961727064000, 497.3983490779181100, -10.16540497459624800 ) ) ;
#3391 = FILL_AREA_STYLE ('',( #3876 ) ) ;
#3392 = SURFACE_STYLE_USAGE ( .BOTH. , #1742 ) ;
#3393 = CYLINDRICAL_SURFACE ( 'NONE', #1865, 179.4700000000000000 ) ;
#3394 = CARTESIAN_POINT ( 'NONE',  ( 137.2218920732927600, 497.5000000000000000, 994.9999999999997700 ) ) ;
#3395 = AXIS2_PLACEMENT_3D ( 'NONE', #1021, #6449, #5885 ) ;
#3396 = DIRECTION ( 'NONE',  ( 0.0000000000000000000, 0.0000000000000000000, -1.000000000000000000 ) ) ;
#3397 = CARTESIAN_POINT ( 'NONE',  ( -1275.399999999999400, -2044.439999999999800, -3578.879999999999700 ) ) ;
#3398 = EDGE_CURVE ( 'NONE', #3710, #2492, #1757, .T. ) ;
#3399 = FILL_AREA_STYLE_COLOUR ( '', #579 ) ;
#3400 = DIRECTION ( 'NONE',  ( -0.0000000000000000000, -0.0000000000000000000, 1.000000000000000000 ) ) ;
#3401 = FILL_AREA_STYLE_COLOUR ( '', #4186 ) ;
#3402 = UNCERTAINTY_MEASURE_WITH_UNIT (LENGTH_MEASURE( 1.000000000000000100E-005 ), #3771, 'distance_accuracy_value', 'NONE');
#3403 = SURFACE_STYLE_USAGE ( .BOTH. , #4483 ) ;
#3404 = SURFACE_STYLE_FILL_AREA ( #3997 ) ;
#3405 = PRESENTATION_LAYER_ASSIGNMENT (  '', '', ( #3060 ) ) ;
#3406 = CARTESIAN_POINT ( 'NONE',  ( -4175.035256446391000, 1377.000000000002500, -3581.173157579389200 ) ) ;
#3407 = CARTESIAN_POINT ( 'NONE',  ( 2647.626190261107200, 496.0367379543375800, 38.23957476881747700 ) ) ;
#3408 = PRESENTATION_LAYER_ASSIGNMENT (  '', '', ( #539 ) ) ;
#3409 = CARTESIAN_POINT ( 'NONE',  ( 248.0000000000000000, 6.092617825758081200E-014, 497.5000000000000000 ) ) ;
#3410 = CIRCLE ( 'NONE', #3698, 497.5000000000000000 ) ;
#3411 = CARTESIAN_POINT ( 'NONE',  ( -4004.839999999999700, -1836.322537721262300, -3335.999999999999100 ) ) ;
#3412 = SURFACE_STYLE_FILL_AREA ( #6539 ) ;
#3413 = AXIS2_PLACEMENT_3D ( 'NONE', #6120, #712, #3338 ) ;
#3414 = CARTESIAN_POINT ( 'NONE',  ( 248.0000000000000900, -497.5000000000000600, 995.0000000000003400 ) ) ;
#3415 = CARTESIAN_POINT ( 'NONE',  ( 3590.709194396763500, -497.5000000000001100, 6.092617825758079900E-014 ) ) ;
#3416 = AXIS2_PLACEMENT_3D ( 'NONE', #3566, #6770, #2021 ) ;
#3417 = CARTESIAN_POINT ( 'NONE',  ( 584.0000000000000000, 0.0000000000000000000, -782.0000000000000000 ) ) ;
#3418 = CARTESIAN_POINT ( 'NONE',  ( -1015.840000000000100, -1541.999999999999500, -3578.879999999999700 ) ) ;
#3419 = EDGE_CURVE ( 'NONE', #5901, #1713, #1671, .T. ) ;
#3420 = PRESENTATION_STYLE_ASSIGNMENT (( #4201 ) ) ;
#3421 = CARTESIAN_POINT ( 'NONE',  ( 3123.000000000000000, 2009.999999999999800, -117.4999999999985900 ) ) ;
#3422 = MECHANICAL_DESIGN_GEOMETRIC_PRESENTATION_REPRESENTATION (  '', ( #6071 ), #1500 ) ;
#3423 = DIRECTION ( 'NONE',  ( -1.000000000000000000, 0.0000000000000000000, 0.0000000000000000000 ) ) ;
#3424 = CARTESIAN_POINT ( 'NONE',  ( 3123.000000000000000, 1869.999999999999800, 117.4999999999999900 ) ) ;
#3425 = CIRCLE ( 'NONE', #6359, 497.5000000000000000 ) ;
#3426 = EDGE_LOOP ( 'NONE', ( #2057, #6144, #6845, #5767 ) ) ;
#3427 = DIRECTION ( 'NONE',  ( -0.0000000000000000000, -1.000000000000000000, -0.0000000000000000000 ) ) ;
#3428 = EDGE_CURVE ( 'NONE', #6682, #1230, #5895, .T. ) ;
#3429 = SURFACE_STYLE_FILL_AREA ( #120 ) ;
#3430 = DIRECTION ( 'NONE',  ( -1.000000000000000000, -0.0000000000000000000, 0.0000000000000000000 ) ) ;
#3431 = CARTESIAN_POINT ( 'NONE',  ( 2649.597807252898300, 495.3408052222326300, -46.64434665251102500 ) ) ;
#3432 = ORIENTED_EDGE ( 'NONE', *, *, #5645, .F. ) ;
#3433 = EDGE_LOOP ( 'NONE', ( #1073, #1514, #799, #4057 ) ) ;
#3434 = COLOUR_RGB ( '',0.7921568627450980000, 0.8196078431372548800, 0.9333333333333333500 ) ;
#3435 = SURFACE_STYLE_USAGE ( .BOTH. , #2702 ) ;
#3436 = COLOUR_RGB ( '',0.7921568627450980000, 0.8196078431372548800, 0.9333333333333333500 ) ;
#3437 = SURFACE_SIDE_STYLE ('',( #1601 ) ) ;
#3438 = ORIENTED_EDGE ( 'NONE', *, *, #2569, .F. ) ;
#3439 = EDGE_CURVE ( 'NONE', #5618, #2439, #744, .T. ) ;
#3440 = CIRCLE ( 'NONE', #1309, 75.00000000000017100 ) ;
#3441 = PRESENTATION_STYLE_ASSIGNMENT (( #5244 ) ) ;
#3442 = PRESENTATION_STYLE_ASSIGNMENT (( #2497 ) ) ;
#3443 = CARTESIAN_POINT ( 'NONE',  ( -4175.035256446391000, 1377.000000000002500, -3581.173157579389200 ) ) ;
#3444 = CARTESIAN_POINT ( 'NONE',  ( 888.5297634921439600, 464.9002132059085900, 177.1314916325079600 ) ) ;
#3445 = ORIENTED_EDGE ( 'NONE', *, *, #1160, .F. ) ;
#3446 = DIRECTION ( 'NONE',  ( -0.0000000000000000000, -1.000000000000000000, -0.0000000000000000000 ) ) ;
#3447 = DIRECTION ( 'NONE',  ( -1.000000000000000000, 0.0000000000000000000, 0.0000000000000000000 ) ) ;
#3448 = DIRECTION ( 'NONE',  ( -0.0000000000000000000, -0.0000000000000000000, -1.000000000000000000 ) ) ;
#3449 = CIRCLE ( 'NONE', #1344, 121.4400000000002100 ) ;
#3450 = EDGE_CURVE ( 'NONE', #3355, #5761, #3425, .T. ) ;
#3451 = ORIENTED_EDGE ( 'NONE', *, *, #612, .F. ) ;
#3452 = DIRECTION ( 'NONE',  ( -1.000000000000000000, 0.0000000000000000000, 0.0000000000000000000 ) ) ;
#3453 = MECHANICAL_DESIGN_GEOMETRIC_PRESENTATION_REPRESENTATION (  '', ( #2719 ), #4439 ) ;
#3454 = ORIENTED_EDGE ( 'NONE', *, *, #190, .F. ) ;
#3455 = LINE ( 'NONE', #4137, #6297 ) ;
#3456 = DIRECTION ( 'NONE',  ( -0.0000000000000000000, 1.000000000000000000, -0.0000000000000000000 ) ) ;
#3457 = CYLINDRICAL_SURFACE ( 'NONE', #4407, 74.99999999999995700 ) ;
#3458 = CARTESIAN_POINT ( 'NONE',  ( 2799.219844062640700, 464.6004730904335200, -177.9125525993686400 ) ) ;
#3459 = PRESENTATION_LAYER_ASSIGNMENT (  '', '', ( #2402 ) ) ;
#3460 = CLOSED_SHELL ( 'NONE', ( #491, #5830, #6380, #6402, #979, #6476, #2155, #560, #1054, #1585, #3196, #2594, #4778, #6349, #4772, #5853, #3694, #6410, #4350, #4291, #551, #2628, #450, #2714, #5918, #6918, #5858, #5258 ) ) ;
#3461 = CARTESIAN_POINT ( 'NONE',  ( 576.0405510766621500, 69.43479348368262500, -492.6307667359075700 ) ) ;
#3462 = ORIENTED_EDGE ( 'NONE', *, *, #5730, .T. ) ;
#3463 = PRESENTATION_LAYER_ASSIGNMENT (  '', '', ( #4541 ) ) ;
#3464 = CARTESIAN_POINT ( 'NONE',  ( -3761.960000000000500, -1541.999999999999500, -3093.119999999999400 ) ) ;
#3465 = VECTOR ( 'NONE', #2652, 1000.000000000000000 ) ;
#3466 = ORIENTED_EDGE ( 'NONE', *, *, #6795, .F. ) ;
#3467 = CARTESIAN_POINT ( 'NONE',  ( 1857.422946473482200, -194.9904751447257900, -541.2302169206276400 ) ) ;
#3468 = AXIS2_PLACEMENT_3D ( 'NONE', #6602, #1760, #1830 ) ;
#3469 = ORIENTED_EDGE ( 'NONE', *, *, #6307, .T. ) ;
#3470 = CARTESIAN_POINT ( 'NONE',  ( 858.5790579091968800, 467.7881087421933400, 169.3541232025697200 ) ) ;
#3471 = PRESENTATION_LAYER_ASSIGNMENT (  '', '', ( #1820 ) ) ;
#3472 = CARTESIAN_POINT ( 'NONE',  ( 248.0000000000000000, 0.0000000000000000000, 0.0000000000000000000 ) ) ;
#3473 =( NAMED_UNIT ( * ) SI_UNIT ( $, .STERADIAN. ) SOLID_ANGLE_UNIT ( ) );
#3474 = ORIENTED_EDGE ( 'NONE', *, *, #850, .F. ) ;
#3475 = UNCERTAINTY_MEASURE_WITH_UNIT (LENGTH_MEASURE( 1.000000000000000100E-005 ), #5034, 'distance_accuracy_value', 'NONE');
#3476 = CARTESIAN_POINT ( 'NONE',  ( 3038.000000000000000, 1940.000000000000200, 496.0000000000000000 ) ) ;
#3477 =( BOUNDED_SURFACE ( )  B_SPLINE_SURFACE ( 3, 3, ( 
 ( #449, #6260, #5149, #6222 ),
 ( #2571, #4203, #3635, #347 ),
 ( #3032, #4111, #371, #4706 ),
 ( #6290, #1978, #4136, #5193 ) ),
 .UNSPECIFIED., .F., .F., .F. ) 
 B_SPLINE_SURFACE_WITH_KNOTS ( ( 4, 4 ),
 ( 4, 4 ),
 ( 0.0000000000000000000, 1.000000000000000000 ),
 ( 0.0000000000000000000, 1.000000000000000000 ),
 .UNSPECIFIED. ) 
 GEOMETRIC_REPRESENTATION_ITEM ( )  RATIONAL_B_SPLINE_SURFACE ( (
 ( 1.000000000000000000, 0.8047378541243651600, 0.8047378541243651600, 1.000000000000000000),
 ( 0.3333333333333342600, 0.2682459513747891300, 0.2682459513747891300, 0.3333333333333342600),
 ( 0.3333333333333342600, 0.2682459513747891300, 0.2682459513747891300, 0.3333333333333342600),
 ( 1.000000000000000000, 0.8047378541243651600, 0.8047378541243651600, 1.000000000000000000) ) ) 
 REPRESENTATION_ITEM ( '' )  SURFACE ( )  );
#3478 = PLANE ( 'NONE',  #1716 ) ;
#3479 = SURFACE_STYLE_USAGE ( .BOTH. , #4532 ) ;
#3480 = PRESENTATION_LAYER_ASSIGNMENT (  '', '', ( #6601 ) ) ;
#3481 = FILL_AREA_STYLE ('',( #4031 ) ) ;
#3482 = CARTESIAN_POINT ( 'NONE',  ( 0.0000000000000000000, 0.0000000000000000000, 0.0000000000000000000 ) ) ;
#3483 =( NAMED_UNIT ( * ) SI_UNIT ( $, .STERADIAN. ) SOLID_ANGLE_UNIT ( ) );
#3484 = CARTESIAN_POINT ( 'NONE',  ( 2913.009004221808900, 472.6234050401815200, -155.3763638203945700 ) ) ;
#3485 = CARTESIAN_POINT ( 'NONE',  ( 248.0000000000000000, 0.0000000000000000000, 0.0000000000000000000 ) ) ;
#3486 = EDGE_CURVE ( 'NONE', #4134, #1941, #6175, .T. ) ;
#3487 = UNCERTAINTY_MEASURE_WITH_UNIT (LENGTH_MEASURE( 1.000000000000000100E-005 ), #6736, 'distance_accuracy_value', 'NONE');
#3488 = PLANE ( 'NONE',  #2419 ) ;
#3489 = CARTESIAN_POINT ( 'NONE',  ( 2533.000000000000000, 1940.000000000000200, 496.0000000000000000 ) ) ;
#3490 = VECTOR ( 'NONE', #2645, 1000.000000000000000 ) ;
#3491 = CARTESIAN_POINT ( 'NONE',  ( 1902.468806510706400, -489.4803602349106800, 3.980360234910859300 ) ) ;
#3492 = CARTESIAN_POINT ( 'NONE',  ( 851.6602347318306600, 468.7115890436696800, 166.7846825921186800 ) ) ;
#3493 = EDGE_CURVE ( 'NONE', #4907, #5806, #3099, .T. ) ;
#3494 = CARTESIAN_POINT ( 'NONE',  ( -3946.737194147065100, 996.0000000000003400, -3071.941734010129900 ) ) ;
#3495 = PRESENTATION_LAYER_ASSIGNMENT (  '', '', ( #2719 ) ) ;
#3496 = CYLINDRICAL_SURFACE ( 'NONE', #310, 121.4400000000002100 ) ;
#3497 = CARTESIAN_POINT ( 'NONE',  ( 230.5802245696153500, 0.0000000000000000000, 0.0000000000000000000 ) ) ;
#3498 =( NAMED_UNIT ( * ) SI_UNIT ( $, .STERADIAN. ) SOLID_ANGLE_UNIT ( ) );
#3499 =( GEOMETRIC_REPRESENTATION_CONTEXT ( 3 ) GLOBAL_UNCERTAINTY_ASSIGNED_CONTEXT ( ( #2395 ) ) GLOBAL_UNIT_ASSIGNED_CONTEXT ( ( #2759, #4957, #2198 ) ) REPRESENTATION_CONTEXT ( 'NONE', 'WORKASPACE' ) );
#3500 = ORIENTED_EDGE ( 'NONE', *, *, #910, .T. ) ;
#3501 = STYLED_ITEM ( 'NONE', ( #6201 ), #5925 ) ;
#3502 = CARTESIAN_POINT ( 'NONE',  ( 1022.681111600275500, 475.6570447054945100, -145.8080145560652700 ) ) ;
#3503 = CARTESIAN_POINT ( 'NONE',  ( 52.58022456961544600, 0.0000000000000000000, 121.4400000000000000 ) ) ;
#3504 = CARTESIAN_POINT ( 'NONE',  ( 3002.097614461009000, 497.3657750865187900, 11.65117917514206900 ) ) ;
#3505 = MECHANICAL_DESIGN_GEOMETRIC_PRESENTATION_REPRESENTATION (  '', ( #1178 ), #1556 ) ;
#3506 = CARTESIAN_POINT ( 'NONE',  ( 572.6196150422113100, 68.95666348982943800, -492.6979373699836100 ) ) ;
#3507 = CIRCLE ( 'NONE', #2010, 71.49999999999998600 ) ;
#3508 = LINE ( 'NONE', #5517, #657 ) ;
#3509 = CARTESIAN_POINT ( 'NONE',  ( -3502.400000000000100, -1801.559999999999700, -3335.999999999999500 ) ) ;
#3510 = ORIENTED_EDGE ( 'NONE', *, *, #1007, .T. ) ;
#3511 = MECHANICAL_DESIGN_GEOMETRIC_PRESENTATION_REPRESENTATION (  '', ( #5344 ), #1729 ) ;
#3512 = CARTESIAN_POINT ( 'NONE',  ( 1912.511281437195300, 502.5726625040092600, -143.9673117882240900 ) ) ;
#3513 = MECHANICAL_DESIGN_GEOMETRIC_PRESENTATION_REPRESENTATION (  '', ( #417 ), #541 ) ;
#3514 = CARTESIAN_POINT ( 'NONE',  ( 917.9999999999998900, 414.0008287708116700, 154.5000000000000300 ) ) ;
#3515 = CARTESIAN_POINT ( 'NONE',  ( 912.0184224340715700, 464.0008287708115500, 179.4700000000000000 ) ) ;
#3516 = EDGE_LOOP ( 'NONE', ( #2051, #6691, #175, #4108, #6884, #6301, #5432, #5737 ) ) ;
#3517 = VERTEX_POINT ( 'NONE', #1905 ) ;
#3518 = DIRECTION ( 'NONE',  ( -0.0000000000000000000, -1.000000000000000000, -0.0000000000000000000 ) ) ;
#3519 = DIRECTION ( 'NONE',  ( 0.0000000000000000000, 0.0000000000000000000, -1.000000000000000000 ) ) ;
#3520 =( GEOMETRIC_REPRESENTATION_CONTEXT ( 3 ) GLOBAL_UNCERTAINTY_ASSIGNED_CONTEXT ( ( #1508 ) ) GLOBAL_UNIT_ASSIGNED_CONTEXT ( ( #1728, #4366, #1100 ) ) REPRESENTATION_CONTEXT ( 'NONE', 'WORKASPACE' ) );
#3521 = ORIENTED_EDGE ( 'NONE', *, *, #1871, .F. ) ;
#3522 = ORIENTED_EDGE ( 'NONE', *, *, #349, .F. ) ;
#3523 = DIRECTION ( 'NONE',  ( 0.0000000000000000000, 0.0000000000000000000, 1.000000000000000000 ) ) ;
#3524 = DIRECTION ( 'NONE',  ( 0.0000000000000000000, 1.000000000000000000, 0.0000000000000000000 ) ) ;
#3525 = LINE ( 'NONE', #1824, #1174 ) ;
#3526 = CIRCLE ( 'NONE', #6580, 144.4699999999999400 ) ;
#3527 = CARTESIAN_POINT ( 'NONE',  ( 2907.055522721590900, 2009.999999999999800, 117.4999999999999900 ) ) ;
#3528 = CARTESIAN_POINT ( 'NONE',  ( 1013.003798746946700, 473.6031605400035000, -152.3742585783257700 ) ) ;
#3529 =( LENGTH_UNIT ( ) NAMED_UNIT ( * ) SI_UNIT ( .MILLI., .METRE. ) );
#3530 = CARTESIAN_POINT ( 'NONE',  ( 3002.403652836646000, 497.4760514562218500, 5.713205971321759300 ) ) ;
#3531 = ORIENTED_EDGE ( 'NONE', *, *, #4405, .F. ) ;
#3532 = CARTESIAN_POINT ( 'NONE',  ( 514.2343684190419700, 4.615480307342097400, -497.4838970147765700 ) ) ;
#3533 = MECHANICAL_DESIGN_GEOMETRIC_PRESENTATION_REPRESENTATION (  '', ( #2426 ), #4822 ) ;
#3534 = SURFACE_STYLE_FILL_AREA ( #5148 ) ;
#3535 = EDGE_CURVE ( 'NONE', #6754, #5880, #2259, .T. ) ;
#3536 =( NAMED_UNIT ( * ) SI_UNIT ( $, .STERADIAN. ) SOLID_ANGLE_UNIT ( ) );
#3537 = EDGE_LOOP ( 'NONE', ( #1504, #2579, #2357, #323, #6796 ) ) ;
#3538 = CIRCLE ( 'NONE', #5835, 144.4699999999997700 ) ;
#3539 = SURFACE_STYLE_FILL_AREA ( #507 ) ;
#3540 = CARTESIAN_POINT ( 'NONE',  ( 859.9808796963650400, 467.6120539777420500, 169.8395278652591300 ) ) ;
#3541 = ORIENTED_EDGE ( 'NONE', *, *, #4610, .F. ) ;
#3542 = FILL_AREA_STYLE_COLOUR ( '', #4677 ) ;
#3543 = ORIENTED_EDGE ( 'NONE', *, *, #4081, .T. ) ;
#3544 = DIRECTION ( 'NONE',  ( -0.0000000000000000000, -1.000000000000000000, -0.0000000000000000000 ) ) ;
#3545 = CIRCLE ( 'NONE', #3310, 121.4400000000000000 ) ;
#3546 = DIRECTION ( 'NONE',  ( 0.0000000000000000000, 0.0000000000000000000, -1.000000000000000000 ) ) ;
#3547 =( GEOMETRIC_REPRESENTATION_CONTEXT ( 3 ) GLOBAL_UNCERTAINTY_ASSIGNED_CONTEXT ( ( #383 ) ) GLOBAL_UNIT_ASSIGNED_CONTEXT ( ( #1841, #157, #4456 ) ) REPRESENTATION_CONTEXT ( 'NONE', 'WORKASPACE' ) );
#3548 =( NAMED_UNIT ( * ) SI_UNIT ( $, .STERADIAN. ) SOLID_ANGLE_UNIT ( ) );
#3549 = CARTESIAN_POINT ( 'NONE',  ( 912.0175040261383400, 464.0008287708116100, -179.4700000000001100 ) ) ;
#3550 =( GEOMETRIC_REPRESENTATION_CONTEXT ( 3 ) GLOBAL_UNCERTAINTY_ASSIGNED_CONTEXT ( ( #3861 ) ) GLOBAL_UNIT_ASSIGNED_CONTEXT ( ( #6620, #5622, #4048 ) ) REPRESENTATION_CONTEXT ( 'NONE', 'WORKASPACE' ) );
#3551 = ORIENTED_EDGE ( 'NONE', *, *, #1497, .T. ) ;
#3552 = SURFACE_SIDE_STYLE ('',( #1755 ) ) ;
#3553 = CARTESIAN_POINT ( 'NONE',  ( 1097.403652836644600, 497.4760514562216800, 5.713205971321903200 ) ) ;
#3554 = UNCERTAINTY_MEASURE_WITH_UNIT (LENGTH_MEASURE( 1.000000000000000100E-005 ), #6323, 'distance_accuracy_value', 'NONE');
#3555 = FILL_AREA_STYLE_COLOUR ( '', #5430 ) ;
#3556 = CARTESIAN_POINT ( 'NONE',  ( 2975.327777695707500, 488.3551654803956700, -95.08104551882961200 ) ) ;
#3557 = PRESENTATION_LAYER_ASSIGNMENT (  '', '', ( #5344 ) ) ;
#3558 = CARTESIAN_POINT ( 'NONE',  ( 603.2570188875332600, 67.18399696875005100, -492.9428704352330300 ) ) ;
#3559 = ORIENTED_EDGE ( 'NONE', *, *, #1871, .T. ) ;
#3560 = MECHANICAL_DESIGN_GEOMETRIC_PRESENTATION_REPRESENTATION (  '', ( #6065 ), #1264 ) ;
#3561 = CARTESIAN_POINT ( 'NONE',  ( -772.9600000000001500, 1.487211072884545900E-014, -228.9532722495605400 ) ) ;
#3562 = SURFACE_STYLE_USAGE ( .BOTH. , #5711 ) ;
#3563 = PRESENTATION_STYLE_ASSIGNMENT (( #5556 ) ) ;
#3564 = EDGE_CURVE ( 'NONE', #2519, #1288, #6103, .T. ) ;
#3565 = CARTESIAN_POINT ( 'NONE',  ( 917.9999999999998900, 424.0008287708115500, 0.0000000000000000000 ) ) ;
#3566 = CARTESIAN_POINT ( 'NONE',  ( 2555.377300840641500, 0.0000000000000000000, 0.0000000000000000000 ) ) ;
#3567 = AXIS2_PLACEMENT_3D ( 'NONE', #233, #4000, #784 ) ;
#3568 = DIRECTION ( 'NONE',  ( -0.0000000000000000000, -0.0000000000000000000, -1.000000000000000000 ) ) ;
#3569 = CARTESIAN_POINT ( 'NONE',  ( 750.1306530987863000, 493.4292240462891100, 63.74526409554783200 ) ) ;
#3570 = CARTESIAN_POINT ( 'NONE',  ( -4214.944626718169300, 1255.560000000000400, -3297.419489789656400 ) ) ;
#3571 = DIRECTION ( 'NONE',  ( 0.0000000000000000000, 0.0000000000000000000, -1.000000000000000000 ) ) ;
#3572 = VERTEX_POINT ( 'NONE', #365 ) ;
#3573 = CARTESIAN_POINT ( 'NONE',  ( 1218.000000000000000, 2009.999999999999800, 117.4999999999999900 ) ) ;
#3574 = AXIS2_PLACEMENT_3D ( 'NONE', #4627, #4556, #1359 ) ;
#3575 = SURFACE_STYLE_USAGE ( .BOTH. , #3552 ) ;
#3576 = CARTESIAN_POINT ( 'NONE',  ( 1015.640616106120900, 474.1570040072279500, 150.6130355273883200 ) ) ;
#3577 = FILL_AREA_STYLE_COLOUR ( '', #6679 ) ;
#3578 = CARTESIAN_POINT ( 'NONE',  ( 3002.473222375487700, 497.5011624510600500, 2.751901792383746800 ) ) ;
#3579 = DIRECTION ( 'NONE',  ( -1.000000000000000000, 0.0000000000000000000, 0.0000000000000000000 ) ) ;
#3580 = EDGE_CURVE ( 'NONE', #4093, #844, #3247, .T. ) ;
#3581 = VECTOR ( 'NONE', #2263, 1000.000000000000000 ) ;
#3582 =( LENGTH_UNIT ( ) NAMED_UNIT ( * ) SI_UNIT ( .MILLI., .METRE. ) );
#3583 = FILL_AREA_STYLE ('',( #6724 ) ) ;
#3584 = PRESENTATION_STYLE_ASSIGNMENT (( #5426 ) ) ;
#3585 = DIRECTION ( 'NONE',  ( 0.0000000000000000000, 0.0000000000000000000, -1.000000000000000000 ) ) ;
#3586 =( LENGTH_UNIT ( ) NAMED_UNIT ( * ) SI_UNIT ( .MILLI., .METRE. ) );
#3587 = ORIENTED_EDGE ( 'NONE', *, *, #4989, .F. ) ;
#3588 = ORIENTED_EDGE ( 'NONE', *, *, #1374, .T. ) ;
#3589 = CARTESIAN_POINT ( 'NONE',  ( 762.6557985867571000, 489.3074300627376400, 90.06496609001837300 ) ) ;
#3590 = CARTESIAN_POINT ( 'NONE',  ( 515.9076319085744400, -15.86927975820543000, -497.2518600742798800 ) ) ;
#3591 = CYLINDRICAL_SURFACE ( 'NONE', #1875, 144.4699999999998000 ) ;
#3592 = EDGE_CURVE ( 'NONE', #4519, #3083, #1923, .T. ) ;
#3593 = DIRECTION ( 'NONE',  ( 1.867150205551875600E-015, 1.000000000000000000, 1.419903231776531000E-015 ) ) ;
#3594 =( GEOMETRIC_REPRESENTATION_CONTEXT ( 3 ) GLOBAL_UNCERTAINTY_ASSIGNED_CONTEXT ( ( #1441 ) ) GLOBAL_UNIT_ASSIGNED_CONTEXT ( ( #576, #1617, #5370 ) ) REPRESENTATION_CONTEXT ( 'NONE', 'WORKASPACE' ) );
#3595 = DIRECTION ( 'NONE',  ( 1.000000000000000000, -0.0000000000000000000, -0.0000000000000000000 ) ) ;
#3596 = CYLINDRICAL_SURFACE ( 'NONE', #4064, 57.15000000000002000 ) ;
#3597 = CARTESIAN_POINT ( 'NONE',  ( 917.9999999999998900, 464.0008287708115500, -179.4700000000000000 ) ) ;
#3598 = VECTOR ( 'NONE', #4358, 1000.000000000000000 ) ;
#3599 =( GEOMETRIC_REPRESENTATION_CONTEXT ( 3 ) GLOBAL_UNCERTAINTY_ASSIGNED_CONTEXT ( ( #2040 ) ) GLOBAL_UNIT_ASSIGNED_CONTEXT ( ( #6253, #2012, #1023 ) ) REPRESENTATION_CONTEXT ( 'NONE', 'WORKASPACE' ) );
#3600 = CARTESIAN_POINT ( 'NONE',  ( 941.7801559373585900, 464.6004730904335800, 177.9125525993687200 ) ) ;
#3601 = DIRECTION ( 'NONE',  ( 0.0000000000000000000, 0.0000000000000000000, 1.000000000000000000 ) ) ;
#3602 = ORIENTED_EDGE ( 'NONE', *, *, #3632, .T. ) ;
#3603 = CARTESIAN_POINT ( 'NONE',  ( 654.9258240356723500, 2009.999999999999800, 496.0000000000000000 ) ) ;
#3604 = DIRECTION ( 'NONE',  ( -1.000000000000000000, 0.0000000000000000000, 0.0000000000000000000 ) ) ;
#3605 = COLOUR_RGB ( '',0.7921568627450980000, 0.8196078431372548800, 0.9333333333333333500 ) ;
#3606 = CIRCLE ( 'NONE', #3987, 121.4400000000000000 ) ;
#3607 = CARTESIAN_POINT ( 'NONE',  ( -1015.840000000000000, 0.0000000000000000000, -380.9999999999998300 ) ) ;
#3608 = AXIS2_PLACEMENT_3D ( 'NONE', #5839, #6909, #2108 ) ;
#3609 = UNCERTAINTY_MEASURE_WITH_UNIT (LENGTH_MEASURE( 1.000000000000000100E-005 ), #5742, 'distance_accuracy_value', 'NONE');
#3610 = VERTEX_POINT ( 'NONE', #4153 ) ;
#3611 = VERTEX_POINT ( 'NONE', #6238 ) ;
#3612 = SURFACE_SIDE_STYLE ('',( #2849 ) ) ;
#3613 = LINE ( 'NONE', #1436, #5872 ) ;
#3614 = UNCERTAINTY_MEASURE_WITH_UNIT (LENGTH_MEASURE( 1.000000000000000100E-005 ), #1503, 'distance_accuracy_value', 'NONE');
#3615 = CARTESIAN_POINT ( 'NONE',  ( 3675.780772845791900, -385.6713619161481000, 4.723111988934112700E-014 ) ) ;
#3616 = ORIENTED_EDGE ( 'NONE', *, *, #4751, .T. ) ;
#3617 = DIRECTION ( 'NONE',  ( 1.000000000000000000, -0.0000000000000000000, -0.0000000000000000000 ) ) ;
#3618 = MECHANICAL_DESIGN_GEOMETRIC_PRESENTATION_REPRESENTATION (  '', ( #1878 ), #5140 ) ;
#3619 = CARTESIAN_POINT ( 'NONE',  ( 753.4371760408229200, 492.3183636493637300, -71.62919225059118800 ) ) ;
#3620 = EDGE_LOOP ( 'NONE', ( #2371, #252, #5563, #6356, #4866 ) ) ;
#3621 = FACE_OUTER_BOUND ( 'NONE', #6185, .T. ) ;
#3622 = CARTESIAN_POINT ( 'NONE',  ( 976.2447566352659600, 467.6090982536823000, 169.8567964672938600 ) ) ;
#3623 = PRESENTATION_STYLE_ASSIGNMENT (( #6640 ) ) ;
#3624 = DIRECTION ( 'NONE',  ( 0.0000000000000000000, 1.000000000000000000, 0.0000000000000000000 ) ) ;
#3625 = UNCERTAINTY_MEASURE_WITH_UNIT (LENGTH_MEASURE( 1.000000000000000100E-005 ), #1781, 'distance_accuracy_value', 'NONE');
#3626 = DIRECTION ( 'NONE',  ( -0.0000000000000000000, -1.000000000000000000, -0.0000000000000000000 ) ) ;
#3627 = ORIENTED_EDGE ( 'NONE', *, *, #5588, .T. ) ;
#3628 = PRESENTATION_LAYER_ASSIGNMENT (  '', '', ( #5056 ) ) ;
#3629 = CARTESIAN_POINT ( 'NONE',  ( -894.3999999999999800, -121.4399999999995600, -2954.999999999999500 ) ) ;
#3630 = VECTOR ( 'NONE', #6749, 1000.000000000000000 ) ;
#3631 = PRESENTATION_STYLE_ASSIGNMENT (( #5388 ) ) ;
#3632 = EDGE_CURVE ( 'NONE', #5860, #3192, #5272, .T. ) ;
#3633 =( NAMED_UNIT ( * ) PLANE_ANGLE_UNIT ( ) SI_UNIT ( $, .RADIAN. ) );
#3634 = ORIENTED_EDGE ( 'NONE', *, *, #3398, .F. ) ;
#3635 = CARTESIAN_POINT ( 'NONE',  ( -5592.447958870796400, 1148.046727750443100, -4455.464801715343100 ) ) ;
#3636 = VERTEX_POINT ( 'NONE', #5708 ) ;
#3637 = DIRECTION ( 'NONE',  ( -1.000000000000000000, 0.0000000000000000000, 0.0000000000000000000 ) ) ;
#3638 = CARTESIAN_POINT ( 'NONE',  ( 618.9582686790843100, -60.55068551683792300, -493.8026421333530000 ) ) ;
#3639 = CIRCLE ( 'NONE', #2225, 48.59000000000003200 ) ;
#3640 = AXIS2_PLACEMENT_3D ( 'NONE', #1250, #6073, #1827 ) ;
#3641 = VERTEX_POINT ( 'NONE', #2529 ) ;
#3642 =( NAMED_UNIT ( * ) PLANE_ANGLE_UNIT ( ) SI_UNIT ( $, .RADIAN. ) );
#3643 = AXIS2_PLACEMENT_3D ( 'NONE', #1598, #1577, #493 ) ;
#3644 = UNCERTAINTY_MEASURE_WITH_UNIT (LENGTH_MEASURE( 1.000000000000000100E-005 ), #108, 'distance_accuracy_value', 'NONE');
#3645 = VECTOR ( 'NONE', #809, 1000.000000000000000 ) ;
#3646 = DIRECTION ( 'NONE',  ( 1.000000000000000000, 0.0000000000000000000, -0.0000000000000000000 ) ) ;
#3647 = MECHANICAL_DESIGN_GEOMETRIC_PRESENTATION_REPRESENTATION (  '', ( #5980 ), #6330 ) ;
#3648 = ADVANCED_FACE ( 'NONE', ( #1338 ), #6281, .T. ) ;
#3649 = VERTEX_POINT ( 'NONE', #6787 ) ;
#3650 = SURFACE_STYLE_USAGE ( .BOTH. , #384 ) ;
#3651 = FILL_AREA_STYLE ('',( #2398 ) ) ;
#3652 = CARTESIAN_POINT ( 'NONE',  ( 0.0000000000000000000, 0.0000000000000000000, -497.5000000000000000 ) ) ;
#3653 = SURFACE_STYLE_FILL_AREA ( #6179 ) ;
#3654 = CARTESIAN_POINT ( 'NONE',  ( 484.5802245696154400, 0.0000000000000000000, 0.0000000000000000000 ) ) ;
#3655 = DIRECTION ( 'NONE',  ( 1.828430541214022900E-015, -1.000000000000000000, 0.0000000000000000000 ) ) ;
#3656 = MECHANICAL_DESIGN_GEOMETRIC_PRESENTATION_REPRESENTATION (  '', ( #4634 ), #6859 ) ;
#3657 = CARTESIAN_POINT ( 'NONE',  ( 3675.780772845791900, -385.6713619161479900, 771.3427238322959700 ) ) ;
#3658 = EDGE_CURVE ( 'NONE', #753, #5126, #6019, .T. ) ;
#3659 = DIRECTION ( 'NONE',  ( 0.0000000000000000000, 1.000000000000000000, 0.0000000000000000000 ) ) ;
#3660 =( NAMED_UNIT ( * ) PLANE_ANGLE_UNIT ( ) SI_UNIT ( $, .RADIAN. ) );
#3661 = FILL_AREA_STYLE_COLOUR ( '', #5873 ) ;
#3662 = MECHANICAL_DESIGN_GEOMETRIC_PRESENTATION_REPRESENTATION (  '', ( #2222 ), #4025 ) ;
#3663 = ORIENTED_EDGE ( 'NONE', *, *, #4427, .T. ) ;
#3664 = CARTESIAN_POINT ( 'NONE',  ( 629.1689334942021800, -53.33179816634664400, -494.6337000513674400 ) ) ;
#3665 = PRESENTATION_LAYER_ASSIGNMENT (  '', '', ( #1878 ) ) ;
#3666 = DIRECTION ( 'NONE',  ( 0.0000000000000000000, 0.0000000000000000000, 1.000000000000000000 ) ) ;
#3667 = CIRCLE ( 'NONE', #2132, 121.4399999999997700 ) ;
#3668 = FILL_AREA_STYLE_COLOUR ( '', #561 ) ;
#3669 =( GEOMETRIC_REPRESENTATION_CONTEXT ( 3 ) GLOBAL_UNCERTAINTY_ASSIGNED_CONTEXT ( ( #2609 ) ) GLOBAL_UNIT_ASSIGNED_CONTEXT ( ( #6390, #5384, #5864 ) ) REPRESENTATION_CONTEXT ( 'NONE', 'WORKASPACE' ) );
#3670 = DIRECTION ( 'NONE',  ( -0.0000000000000000000, -0.0000000000000000000, -1.000000000000000000 ) ) ;
#3671 = CARTESIAN_POINT ( 'NONE',  ( -5237.475508277337200, 1255.560000000002400, -4474.349910125823000 ) ) ;
#3672 =( LENGTH_UNIT ( ) NAMED_UNIT ( * ) SI_UNIT ( .MILLI., .METRE. ) );
#3673 = DIRECTION ( 'NONE',  ( -0.0000000000000000000, -0.0000000000000000000, -1.000000000000000000 ) ) ;
#3674 = DIRECTION ( 'NONE',  ( 0.0000000000000000000, 1.000000000000000000, 0.0000000000000000000 ) ) ;
#3675 = EDGE_CURVE ( 'NONE', #752, #1288, #1588, .T. ) ;
#3676 = CARTESIAN_POINT ( 'NONE',  ( 1208.000000000000000, 1939.999999999999800, -496.0000000000000000 ) ) ;
#3677 = FACE_OUTER_BOUND ( 'NONE', #3724, .T. ) ;
#3678 = CARTESIAN_POINT ( 'NONE',  ( 3716.382674367796400, 198.5999999999998500, 0.0000000000000000000 ) ) ;
#3679 = SURFACE_STYLE_FILL_AREA ( #5535 ) ;
#3680 = VERTEX_POINT ( 'NONE', #906 ) ;
#3681 = VECTOR ( 'NONE', #4453, 1000.000000000000000 ) ;
#3682 = DIRECTION ( 'NONE',  ( -1.000000000000000000, 0.0000000000000000000, 0.0000000000000000000 ) ) ;
#3683 = CIRCLE ( 'NONE', #658, 164.4999999999999400 ) ;
#3684 = APPLICATION_PROTOCOL_DEFINITION ( 'draft international standard', 'automotive_design', 1998, #6868 ) ;
#3685 = ADVANCED_FACE ( 'NONE', ( #1502 ), #4219, .T. ) ;
#3686 = EDGE_LOOP ( 'NONE', ( #4065, #6458, #4006, #2462, #1591, #2186, #6707, #3696 ) ) ;
#3687 = MECHANICAL_DESIGN_GEOMETRIC_PRESENTATION_REPRESENTATION (  '', ( #5959 ), #3547 ) ;
#3688 = CARTESIAN_POINT ( 'NONE',  ( 593.1072095297415700, -69.29353026090112200, -492.6506729846894400 ) ) ;
#3689 = EDGE_CURVE ( 'NONE', #1435, #3611, #567, .T. ) ;
#3690 = DIRECTION ( 'NONE',  ( 0.0000000000000000000, 0.0000000000000000000, -1.000000000000000000 ) ) ;
#3691 = SURFACE_STYLE_FILL_AREA ( #3832 ) ;
#3692 =( GEOMETRIC_REPRESENTATION_CONTEXT ( 3 ) GLOBAL_UNCERTAINTY_ASSIGNED_CONTEXT ( ( #5603 ) ) GLOBAL_UNIT_ASSIGNED_CONTEXT ( ( #6409, #6431, #1043 ) ) REPRESENTATION_CONTEXT ( 'NONE', 'WORKASPACE' ) );
#3693 = FILL_AREA_STYLE_COLOUR ( '', #5265 ) ;
#3694 = ADVANCED_FACE ( 'NONE', ( #6753 ), #2425, .T. ) ;
#3695 = ORIENTED_EDGE ( 'NONE', *, *, #4215, .F. ) ;
#3696 = ORIENTED_EDGE ( 'NONE', *, *, #6571, .T. ) ;
#3697 = DIRECTION ( 'NONE',  ( -0.0000000000000000000, -0.0000000000000000000, -1.000000000000000000 ) ) ;
#3698 = AXIS2_PLACEMENT_3D ( 'NONE', #2007, #1564, #5768 ) ;
#3699 = CYLINDRICAL_SURFACE ( 'NONE', #739, 75.00000000000017100 ) ;
#3700 =( NAMED_UNIT ( * ) SI_UNIT ( $, .STERADIAN. ) SOLID_ANGLE_UNIT ( ) );
#3701 = CARTESIAN_POINT ( 'NONE',  ( -5081.182446563735500, 1255.560000000001800, -4660.261645258891800 ) ) ;
#3702 = DIRECTION ( 'NONE',  ( -1.000000000000000000, 0.0000000000000000000, 2.478375930152841700E-017 ) ) ;
#3703 = ORIENTED_EDGE ( 'NONE', *, *, #754, .T. ) ;
#3704 = EDGE_LOOP ( 'NONE', ( #865, #2272 ) ) ;
#3705 =( LENGTH_UNIT ( ) NAMED_UNIT ( * ) SI_UNIT ( .MILLI., .METRE. ) );
#3706 = VECTOR ( 'NONE', #1707, 1000.000000000000000 ) ;
#3707 = MECHANICAL_DESIGN_GEOMETRIC_PRESENTATION_REPRESENTATION (  '', ( #633 ), #1048 ) ;
#3708 = PRESENTATION_STYLE_ASSIGNMENT (( #6508 ) ) ;
#3709 = CARTESIAN_POINT ( 'NONE',  ( -5529.110764723728600, 996.0000000000010200, -4598.083067705212700 ) ) ;
#3710 = VERTEX_POINT ( 'NONE', #6914 ) ;
#3711 = VECTOR ( 'NONE', #2672, 1000.000000000000000 ) ;
#3712 = FACE_OUTER_BOUND ( 'NONE', #3266, .T. ) ;
#3713 = FACE_OUTER_BOUND ( 'NONE', #5188, .T. ) ;
#3714 = CARTESIAN_POINT ( 'NONE',  ( 553.0565678846450100, -62.69718565957470000, -493.5346916240484300 ) ) ;
#3715 = CARTESIAN_POINT ( 'NONE',  ( 1689.387719574899600, 197.0424432531547400, -7.691532577653797100E-013 ) ) ;
#3716 = EDGE_LOOP ( 'NONE', ( #4617, #4360, #2926, #4115, #2507 ) ) ;
#3717 = CIRCLE ( 'NONE', #1537, 121.4399999999997700 ) ;
#3718 = AXIS2_PLACEMENT_3D ( 'NONE', #1924, #3659, #3124 ) ;
#3719 = PRESENTATION_STYLE_ASSIGNMENT (( #3256 ) ) ;
#3720 = FILL_AREA_STYLE ('',( #5343 ) ) ;
#3721 = ORIENTED_EDGE ( 'NONE', *, *, #5874, .F. ) ;
#3722 = ADVANCED_FACE ( 'NONE', ( #3677 ), #1664, .F. ) ;
#3723 = EDGE_CURVE ( 'NONE', #4918, #753, #2821, .T. ) ;
#3724 = EDGE_LOOP ( 'NONE', ( #733, #3703, #1926, #6831 ) ) ;
#3725 = SURFACE_STYLE_USAGE ( .BOTH. , #6372 ) ;
#3726 = FILL_AREA_STYLE_COLOUR ( '', #247 ) ;
#3727 = COLOUR_RGB ( '',0.7921568627450980000, 0.8196078431372548800, 0.9333333333333333500 ) ;
#3728 = DIRECTION ( 'NONE',  ( 1.000000000000000000, -0.0000000000000000000, -0.0000000000000000000 ) ) ;
#3729 = FILL_AREA_STYLE_COLOUR ( '', #5590 ) ;
#3730 = EDGE_LOOP ( 'NONE', ( #184, #4852, #1269, #4034, #4390, #4942 ) ) ;
#3731 = ADVANCED_FACE ( 'NONE', ( #401 ), #6412, .T. ) ;
#3732 = SURFACE_STYLE_FILL_AREA ( #5381 ) ;
#3733 = EDGE_CURVE ( 'NONE', #1067, #3636, #3935, .T. ) ;
#3734 = APPLICATION_PROTOCOL_DEFINITION ( 'draft international standard', 'automotive_design', 1998, #5812 ) ;
#3735 = VERTEX_POINT ( 'NONE', #4308 ) ;
#3736 = AXIS2_PLACEMENT_3D ( 'NONE', #2066, #3674, #415 ) ;
#3737 = CYLINDRICAL_SURFACE ( 'NONE', #3836, 497.5000000000000000 ) ;
#3738 = FILL_AREA_STYLE ('',( #5449 ) ) ;
#3739 = AXIS2_PLACEMENT_3D ( 'NONE', #1964, #4071, #5695 ) ;
#3740 = STYLED_ITEM ( 'NONE', ( #5444 ), #6342 ) ;
#3741 = DIRECTION ( 'NONE',  ( -0.0000000000000000000, -1.000000000000000000, -0.0000000000000000000 ) ) ;
#3742 = CARTESIAN_POINT ( 'NONE',  ( -5237.475508277336300, 1498.440000000002300, -4474.349910125823000 ) ) ;
#3743 = CARTESIAN_POINT ( 'NONE',  ( 627.9999999999998900, 1939.999999999999800, -496.0000000000000000 ) ) ;
#3744 = MECHANICAL_DESIGN_GEOMETRIC_PRESENTATION_REPRESENTATION (  '', ( #5268 ), #4109 ) ;
#3745 = CARTESIAN_POINT ( 'NONE',  ( 1908.577679628630700, 0.0000000000000000000, 0.0000000000000000000 ) ) ;
#3746 = DIRECTION ( 'NONE',  ( 1.000000000000000000, -0.0000000000000000000, -0.0000000000000000000 ) ) ;
#3747 = CARTESIAN_POINT ( 'NONE',  ( 52.58022456961536100, 1.665519646840401200E-014, -136.0000000000000600 ) ) ;
#3748 = CARTESIAN_POINT ( 'NONE',  ( -5237.475508277338100, 996.0000000000002300, -4474.349910125824000 ) ) ;
#3749 = CARTESIAN_POINT ( 'NONE',  ( -4004.839999999999700, -1541.999999999999800, -3335.999999999999500 ) ) ;
#3750 = SURFACE_STYLE_FILL_AREA ( #3380 ) ;
#3751 = PRESENTATION_LAYER_ASSIGNMENT (  '', '', ( #3291 ) ) ;
#3752 = ORIENTED_EDGE ( 'NONE', *, *, #6477, .T. ) ;
#3753 = CONICAL_SURFACE ( 'NONE', #5301, 125.8430813124108500, 0.3884718357546363400 ) ;
#3754 = ORIENTED_EDGE ( 'NONE', *, *, #1130, .T. ) ;
#3755 = ADVANCED_FACE ( 'NONE', ( #5346 ), #399, .F. ) ;
#3756 = SURFACE_STYLE_FILL_AREA ( #3738 ) ;
#3757 =( NAMED_UNIT ( * ) PLANE_ANGLE_UNIT ( ) SI_UNIT ( $, .RADIAN. ) );
#3758 = SURFACE_STYLE_USAGE ( .BOTH. , #2192 ) ;
#3759 = AXIS2_PLACEMENT_3D ( 'NONE', #1244, #259, #4023 ) ;
#3760 = SURFACE_SIDE_STYLE ('',( #727 ) ) ;
#3761 = SURFACE_STYLE_USAGE ( .BOTH. , #1590 ) ;
#3762 = CARTESIAN_POINT ( 'NONE',  ( -772.9600000000002600, -1541.999999999999300, -3335.999999999999500 ) ) ;
#3763 = CARTESIAN_POINT ( 'NONE',  ( 1218.000000000000000, 2009.999999999999800, -117.5000000000000100 ) ) ;
#3764 = ADVANCED_FACE ( 'NONE', ( #3177 ), #1915, .T. ) ;
#3765 = FILL_AREA_STYLE_COLOUR ( '', #395 ) ;
#3766 = FACE_OUTER_BOUND ( 'NONE', #4284, .T. ) ;
#3767 = EDGE_CURVE ( 'NONE', #430, #6682, #5501, .T. ) ;
#3768 = SURFACE_STYLE_FILL_AREA ( #6236 ) ;
#3769 = UNCERTAINTY_MEASURE_WITH_UNIT (LENGTH_MEASURE( 1.000000000000000100E-005 ), #6685, 'distance_accuracy_value', 'NONE');
#3770 = ORIENTED_EDGE ( 'NONE', *, *, #6357, .F. ) ;
#3771 =( LENGTH_UNIT ( ) NAMED_UNIT ( * ) SI_UNIT ( .MILLI., .METRE. ) );
#3772 = CARTESIAN_POINT ( 'NONE',  ( 2555.377300840641500, 0.0000000000000000000, 0.0000000000000000000 ) ) ;
#3773 = CARTESIAN_POINT ( 'NONE',  ( -4175.035256446391900, 1498.440000000002300, -3581.173157579388300 ) ) ;
#3774 =( NAMED_UNIT ( * ) PLANE_ANGLE_UNIT ( ) SI_UNIT ( $, .RADIAN. ) );
#3775 = MECHANICAL_DESIGN_GEOMETRIC_PRESENTATION_REPRESENTATION (  '', ( #3060 ), #4835 ) ;
#3776 = ORIENTED_EDGE ( 'NONE', *, *, #6344, .T. ) ;
#3777 = ORIENTED_EDGE ( 'NONE', *, *, #2016, .F. ) ;
#3778 = AXIS2_PLACEMENT_3D ( 'NONE', #2673, #3728, #1107 ) ;
#3779 = CYLINDRICAL_SURFACE ( 'NONE', #609, 144.4699999999999400 ) ;
#3780 = UNCERTAINTY_MEASURE_WITH_UNIT (LENGTH_MEASURE( 1.000000000000000100E-005 ), #3586, 'distance_accuracy_value', 'NONE');
#3781 =( NAMED_UNIT ( * ) SI_UNIT ( $, .STERADIAN. ) SOLID_ANGLE_UNIT ( ) );
#3782 =( NAMED_UNIT ( * ) PLANE_ANGLE_UNIT ( ) SI_UNIT ( $, .RADIAN. ) );
#3783 = STYLED_ITEM ( 'NONE', ( #1390 ), #4837 ) ;
#3784 = ORIENTED_EDGE ( 'NONE', *, *, #4989, .T. ) ;
#3785 = PRESENTATION_STYLE_ASSIGNMENT (( #47 ) ) ;
#3786 = CIRCLE ( 'NONE', #4100, 144.4699999999997700 ) ;
#3787 = SURFACE_STYLE_USAGE ( .BOTH. , #666 ) ;
#3788 = VECTOR ( 'NONE', #3879, 1000.000000000000000 ) ;
#3789 = FILL_AREA_STYLE_COLOUR ( '', #169 ) ;
#3790 = FACE_OUTER_BOUND ( 'NONE', #2629, .T. ) ;
#3791 = FILL_AREA_STYLE_COLOUR ( '', #2624 ) ;
#3792 = EDGE_CURVE ( 'NONE', #2445, #2864, #2658, .T. ) ;
#3793 = CARTESIAN_POINT ( 'NONE',  ( 1912.511281437195500, 502.5726625040090900, 0.0000000000000000000 ) ) ;
#3794 = ORIENTED_EDGE ( 'NONE', *, *, #2860, .F. ) ;
#3795 = MECHANICAL_DESIGN_GEOMETRIC_PRESENTATION_REPRESENTATION (  '', ( #1997 ), #52 ) ;
#3796 = ADVANCED_FACE ( 'NONE', ( #5169 ), #3753, .F. ) ;
#3797 = B_SPLINE_CURVE_WITH_KNOTS ( 'NONE', 3,
 ( #3293, #106, #4384, #1161, #3869, #3800, #32, #578, #1715, #128, #2790, #649, #1138, #1189, #4888, #6528, #2248, #58, #5492, #4333, #3843, #1689, #5988, #1210, #4961, #4936, #5395, #5469, #2718, #2764, #3341, #3895, #6461, #5413, #5914, #5961, #6033, #3989, #2307, #1857, #715, #6575, #3407, #1280, #1254, #173, #3965, #4440, #199, #3390, #5514, #5542, #6628, #2811, #6554, #3914, #3431, #3938, #4488, #4469, #2399, #4997, #243, #5559, #767, #1809, #6603, #1831, #2352, #6077, #3369, #5071, #4010, #218, #5049, #148, #2377, #4511, #697, #1306, #1229, #2866, #6124, #5020, #740, #1884, #4980, #6098, #2888, #1332, #5580, #2913, #6646, #1785, #2327, #3458, #796, #4537, #6056, #2841 ),
 .UNSPECIFIED., .F., .F.,
 ( 4, 2, 2, 2, 2, 2, 2, 2, 2, 2, 2, 2, 2, 2, 2, 2, 2, 2, 2, 2, 2, 2, 2, 2, 2, 2, 2, 2, 2, 2, 2, 2, 2, 2, 2, 2, 2, 2, 2, 2, 2, 2, 2, 2, 2, 2, 2, 2, 2, 4 ),
 ( 0.0000000000000000000, 0.01767706135556920700, 0.03535412271113841400, 0.05303118406670762100, 0.05745044940560053300, 0.06186971474449345200, 0.07070824542227809000, 0.08838530677784738100, 0.1060623681334166800, 0.1149008988112019000, 0.1193201641500939700, 0.1237394294889860300, 0.1414164908445522400, 0.1590935522001184200, 0.1679320828779014800, 0.1723513482167930700, 0.1767706135556846600, 0.1944476749112530900, 0.2121247362668215200, 0.2298017976223899500, 0.2386403283001743400, 0.2474788589779587700, 0.2651559203335275800, 0.2828329816890963200, 0.2916715123668807700, 0.2960907777057729700, 0.3005100430446652200, 0.3181871044002340100, 0.3358641657558027500, 0.3535412271113715400, 0.3579604924502635700, 0.3623797577891556500, 0.3712182884669397200, 0.3888953498225073400, 0.4065724111780748600, 0.4109916765169665500, 0.4154109418558582000, 0.4242494725336424200, 0.4419265338892109900, 0.4596035952447795100, 0.4684421259225642300, 0.4728613912614571500, 0.4772806566003501300, 0.4949577179559242500, 0.5126347793114983700, 0.5303118406670724900, 0.5347311060059659600, 0.5391503713448594400, 0.5479889020226477200, 0.5656659633782231700 ),
 .UNSPECIFIED. ) ;
#3798 = EDGE_CURVE ( 'NONE', #4199, #2415, #5676, .T. ) ;
#3799 = DIRECTION ( 'NONE',  ( -2.285538176517532100E-016, 0.0000000000000000000, 1.000000000000000000 ) ) ;
#3800 = CARTESIAN_POINT ( 'NONE',  ( 2781.997837537569500, 465.7734328250870100, 174.8224323168818400 ) ) ;
#3801 = ORIENTED_EDGE ( 'NONE', *, *, #5323, .F. ) ;
#3802 = DIRECTION ( 'NONE',  ( -1.000000000000000000, 0.0000000000000000000, 0.0000000000000000000 ) ) ;
#3803 = VERTEX_POINT ( 'NONE', #4882 ) ;
#3804 = ORIENTED_EDGE ( 'NONE', *, *, #124, .T. ) ;
#3805 = STYLED_ITEM ( 'NONE', ( #1668 ), #1050 ) ;
#3806 =( NAMED_UNIT ( * ) SI_UNIT ( $, .STERADIAN. ) SOLID_ANGLE_UNIT ( ) );
#3807 = CARTESIAN_POINT ( 'NONE',  ( 2738.944477278409100, 2009.999999999999800, 117.4999999999999900 ) ) ;
#3808 = EDGE_CURVE ( 'NONE', #1907, #5000, #4859, .T. ) ;
#3809 = VERTEX_POINT ( 'NONE', #3864 ) ;
#3810 = CARTESIAN_POINT ( 'NONE',  ( 2559.925824035673500, 2009.999999999999800, 117.4999999999999700 ) ) ;
#3811 = CARTESIAN_POINT ( 'NONE',  ( -4004.839999999999700, -1541.999999999998900, -3578.879999999999700 ) ) ;
#3812 = DIRECTION ( 'NONE',  ( -1.000000000000000000, 0.0000000000000000000, 0.0000000000000000000 ) ) ;
#3813 = ORIENTED_EDGE ( 'NONE', *, *, #566, .F. ) ;
#3814 = FILL_AREA_STYLE_COLOUR ( '', #2465 ) ;
#3815 = CIRCLE ( 'NONE', #5314, 121.4400000000002800 ) ;
#3816 = CARTESIAN_POINT ( 'NONE',  ( -1275.400000000000300, -1541.999999999999500, -3335.999999999999500 ) ) ;
#3817 = ORIENTED_EDGE ( 'NONE', *, *, #1793, .T. ) ;
#3818 = EDGE_CURVE ( 'NONE', #2035, #3083, #4421, .T. ) ;
#3819 = FILL_AREA_STYLE ('',( #3313 ) ) ;
#3820 = SURFACE_STYLE_FILL_AREA ( #5698 ) ;
#3821 = MECHANICAL_DESIGN_GEOMETRIC_PRESENTATION_REPRESENTATION (  '', ( #6227 ), #3594 ) ;
#3822 = FILL_AREA_STYLE_COLOUR ( '', #296 ) ;
#3823 = CARTESIAN_POINT ( 'NONE',  ( -513.3999999999999800, 0.0000000000000000000, 121.4400000000000300 ) ) ;
#3824 = UNCERTAINTY_MEASURE_WITH_UNIT (LENGTH_MEASURE( 1.000000000000000100E-005 ), #6472, 'distance_accuracy_value', 'NONE');
#3825 = MECHANICAL_DESIGN_GEOMETRIC_PRESENTATION_REPRESENTATION (  '', ( #1450 ), #1545 ) ;
#3826 =( GEOMETRIC_REPRESENTATION_CONTEXT ( 3 ) GLOBAL_UNCERTAINTY_ASSIGNED_CONTEXT ( ( #5958 ) ) GLOBAL_UNIT_ASSIGNED_CONTEXT ( ( #4001, #2368, #757 ) ) REPRESENTATION_CONTEXT ( 'NONE', 'WORKASPACE' ) );
#3827 = ADVANCED_FACE ( 'NONE', ( #6415 ), #3478, .F. ) ;
#3828 = ORIENTED_EDGE ( 'NONE', *, *, #6835, .F. ) ;
#3829 = CARTESIAN_POINT ( 'NONE',  ( 3716.382674367796400, -198.5999999999998500, 2.432148543106641700E-014 ) ) ;
#3830 = CARTESIAN_POINT ( 'NONE',  ( 2823.000000000000000, 1940.000000000000200, 0.0000000000000000000 ) ) ;
#3831 = CARTESIAN_POINT ( 'NONE',  ( -4018.742194732790700, 1255.560000000000900, -3767.084892712459400 ) ) ;
#3832 = FILL_AREA_STYLE ('',( #4343 ) ) ;
#3833 = MECHANICAL_DESIGN_GEOMETRIC_PRESENTATION_REPRESENTATION (  '', ( #468 ), #4545 ) ;
#3834 = CARTESIAN_POINT ( 'NONE',  ( -1015.840000000000000, -1694.046727750438500, -3335.999999999999500 ) ) ;
#3835 = FILL_AREA_STYLE_COLOUR ( '', #4619 ) ;
#3836 = AXIS2_PLACEMENT_3D ( 'NONE', #4553, #4050, #6714 ) ;
#3837 = ADVANCED_FACE ( 'NONE', ( #5257 ), #2086, .T. ) ;
#3838 = CARTESIAN_POINT ( 'NONE',  ( -3883.400000000000100, -1541.999999999999300, -3457.439999999999600 ) ) ;
#3839 = CARTESIAN_POINT ( 'NONE',  ( 0.0000000000000000000, 1.088711004441997100E-014, 88.90000000000000600 ) ) ;
#3840 = LINE ( 'NONE', #5064, #4177 ) ;
#3841 = CARTESIAN_POINT ( 'NONE',  ( 917.9999999999998900, 410.0008287708115500, 0.0000000000000000000 ) ) ;
#3842 = PLANE ( 'NONE',  #1444 ) ;
#3843 = CARTESIAN_POINT ( 'NONE',  ( 2713.612453328001300, 476.7191450421755100, 142.2884150317790400 ) ) ;
#3844 = SURFACE_STYLE_FILL_AREA ( #505 ) ;
#3845 = FILL_AREA_STYLE ('',( #1140 ) ) ;
#3846 = SURFACE_STYLE_FILL_AREA ( #2058 ) ;
#3847 = AXIS2_PLACEMENT_3D ( 'NONE', #867, #4608, #843 ) ;
#3848 = CARTESIAN_POINT ( 'NONE',  ( 627.9999999999998900, 1939.999999999999800, -496.0000000000000000 ) ) ;
#3849 = EDGE_CURVE ( 'NONE', #5955, #3710, #991, .T. ) ;
#3850 = DIRECTION ( 'NONE',  ( 1.000000000000000000, -0.0000000000000000000, -0.0000000000000000000 ) ) ;
#3851 = VERTEX_POINT ( 'NONE', #238 ) ;
#3852 = CARTESIAN_POINT ( 'NONE',  ( -3761.959999999999600, -1541.999999999999800, -3335.999999999999500 ) ) ;
#3853 = FILL_AREA_STYLE ('',( #5453 ) ) ;
#3854 = FILL_AREA_STYLE_COLOUR ( '', #5669 ) ;
#3855 = COLOUR_RGB ( '',0.7921568627450980000, 0.8196078431372548800, 0.9333333333333333500 ) ;
#3856 =( NAMED_UNIT ( * ) PLANE_ANGLE_UNIT ( ) SI_UNIT ( $, .RADIAN. ) );
#3857 = CARTESIAN_POINT ( 'NONE',  ( -3502.399999999999200, -2044.439999999999800, -3335.999999999999500 ) ) ;
#3858 = CARTESIAN_POINT ( 'NONE',  ( 3113.000000000000000, 1940.000000000000200, -496.0000000000000000 ) ) ;
#3859 =( NAMED_UNIT ( * ) SI_UNIT ( $, .STERADIAN. ) SOLID_ANGLE_UNIT ( ) );
#3860 = SURFACE_STYLE_FILL_AREA ( #880 ) ;
#3861 = UNCERTAINTY_MEASURE_WITH_UNIT (LENGTH_MEASURE( 1.000000000000000100E-005 ), #6620, 'distance_accuracy_value', 'NONE');
#3862 = ORIENTED_EDGE ( 'NONE', *, *, #3388, .F. ) ;
#3863 = ORIENTED_EDGE ( 'NONE', *, *, #4873, .T. ) ;
#3864 = CARTESIAN_POINT ( 'NONE',  ( 1002.055522721591000, 1869.999999999999800, -117.5000000000000400 ) ) ;
#3865 = EDGE_CURVE ( 'NONE', #6754, #5834, #4915, .T. ) ;
#3866 = CARTESIAN_POINT ( 'NONE',  ( -5529.110764723728600, 996.0000000000014800, -4719.523067705213200 ) ) ;
#3867 = MECHANICAL_DESIGN_GEOMETRIC_PRESENTATION_REPRESENTATION (  '', ( #2305 ), #125 ) ;
#3868 = CARTESIAN_POINT ( 'NONE',  ( 2823.000000000000000, 464.0008287708115500, 179.4700000000000000 ) ) ;
#3869 = CARTESIAN_POINT ( 'NONE',  ( 2793.529763492143000, 464.9002132059085900, 177.1314916325079300 ) ) ;
#3870 = EDGE_LOOP ( 'NONE', ( #1540, #1304 ) ) ;
#3871 = ORIENTED_EDGE ( 'NONE', *, *, #492, .F. ) ;
#3872 = AXIS2_PLACEMENT_3D ( 'NONE', #530, #4287, #4813 ) ;
#3873 = CIRCLE ( 'NONE', #5418, 198.5999999999998500 ) ;
#3874 = COLOUR_RGB ( '',0.7921568627450980000, 0.8196078431372548800, 0.9333333333333333500 ) ;
#3875 = STYLED_ITEM ( 'NONE', ( #2684 ), #5968 ) ;
#3876 = FILL_AREA_STYLE_COLOUR ( '', #6842 ) ;
#3877 = CARTESIAN_POINT ( 'NONE',  ( 2823.000000000000000, 497.5000000000000000, 0.0000000000000000000 ) ) ;
#3878 = VERTEX_POINT ( 'NONE', #6052 ) ;
#3879 = DIRECTION ( 'NONE',  ( 0.0000000000000000000, -0.0000000000000000000, -1.000000000000000000 ) ) ;
#3880 =( NAMED_UNIT ( * ) PLANE_ANGLE_UNIT ( ) SI_UNIT ( $, .RADIAN. ) );
#3881 = FACE_OUTER_BOUND ( 'NONE', #4491, .T. ) ;
#3882 = PRESENTATION_STYLE_ASSIGNMENT (( #6085 ) ) ;
#3883 =( LENGTH_UNIT ( ) NAMED_UNIT ( * ) SI_UNIT ( .MILLI., .METRE. ) );
#3884 = AXIS2_PLACEMENT_3D ( 'NONE', #923, #3646, #897 ) ;
#3885 = DIRECTION ( 'NONE',  ( -0.0000000000000000000, 1.000000000000000000, 0.0000000000000000000 ) ) ;
#3886 = ORIENTED_EDGE ( 'NONE', *, *, #4156, .F. ) ;
#3887 = STYLED_ITEM ( 'NONE', ( #2940 ), #6675 ) ;
#3888 = CARTESIAN_POINT ( 'NONE',  ( 584.0000000000000000, 0.0000000000000000000, -782.0000000000000000 ) ) ;
#3889 = CARTESIAN_POINT ( 'NONE',  ( 1181.074175964327700, 2009.999999999999800, -117.5000000000000300 ) ) ;
#3890 = SURFACE_SIDE_STYLE ('',( #6292 ) ) ;
#3891 = CIRCLE ( 'NONE', #1609, 75.00000000000017100 ) ;
#3892 =( LENGTH_UNIT ( ) NAMED_UNIT ( * ) SI_UNIT ( .MILLI., .METRE. ) );
#3893 = PRESENTATION_LAYER_ASSIGNMENT (  '', '', ( #1602 ) ) ;
#3894 = CARTESIAN_POINT ( 'NONE',  ( 2902.806931885747000, 470.7864934939938700, 160.8569741205671700 ) ) ;
#3895 = CARTESIAN_POINT ( 'NONE',  ( 2675.607127802286000, 486.8477951004345500, 102.4059310056916100 ) ) ;
#3896 =( NAMED_UNIT ( * ) PLANE_ANGLE_UNIT ( ) SI_UNIT ( $, .RADIAN. ) );
#3897 = ORIENTED_EDGE ( 'NONE', *, *, #3303, .T. ) ;
#3898 = DIRECTION ( 'NONE',  ( 0.0000000000000000000, 0.0000000000000000000, -1.000000000000000000 ) ) ;
#3899 = ORIENTED_EDGE ( 'NONE', *, *, #2505, .T. ) ;
#3900 = DIRECTION ( 'NONE',  ( 0.0000000000000000000, -0.0000000000000000000, -1.000000000000000000 ) ) ;
#3901 = AXIS2_PLACEMENT_3D ( 'NONE', #3926, #1733, #3999 ) ;
#3902 =( NAMED_UNIT ( * ) SI_UNIT ( $, .STERADIAN. ) SOLID_ANGLE_UNIT ( ) );
#3903 = CARTESIAN_POINT ( 'NONE',  ( 2457.999999999999500, 1940.000000000000200, 496.0000000000000000 ) ) ;
#3904 = FACE_OUTER_BOUND ( 'NONE', #575, .T. ) ;
#3905 = EDGE_CURVE ( 'NONE', #4950, #5274, #2252, .T. ) ;
#3906 =( NAMED_UNIT ( * ) PLANE_ANGLE_UNIT ( ) SI_UNIT ( $, .RADIAN. ) );
#3907 = DIRECTION ( 'NONE',  ( -0.0000000000000000000, -1.000000000000000000, -0.0000000000000000000 ) ) ;
#3908 = CIRCLE ( 'NONE', #2370, 121.4399999999997700 ) ;
#3909 = FILL_AREA_STYLE ('',( #3765 ) ) ;
#3910 = CYLINDRICAL_SURFACE ( 'NONE', #2444, 121.4399999999997700 ) ;
#3911 =( LENGTH_UNIT ( ) NAMED_UNIT ( * ) SI_UNIT ( .MILLI., .METRE. ) );
#3912 = STYLED_ITEM ( 'NONE', ( #6531 ), #5830 ) ;
#3913 = CARTESIAN_POINT ( 'NONE',  ( 2870.046460784029000, 466.3466377775481000, 173.2928547555546600 ) ) ;
#3914 = CARTESIAN_POINT ( 'NONE',  ( 2648.163941857383600, 495.8459955432601900, -40.94554591607713700 ) ) ;
#3915 = AXIS2_PLACEMENT_3D ( 'NONE', #4243, #1493, #2064 ) ;
#3916 =( LENGTH_UNIT ( ) NAMED_UNIT ( * ) SI_UNIT ( .MILLI., .METRE. ) );
#3917 = EDGE_LOOP ( 'NONE', ( #4277, #2663, #6339, #5964, #606, #4327, #6774, #2363 ) ) ;
#3918 = STYLED_ITEM ( 'NONE', ( #1638 ), #4804 ) ;
#3919 = FILL_AREA_STYLE ('',( #6063 ) ) ;
#3920 = SURFACE_SIDE_STYLE ('',( #4506 ) ) ;
#3921 = AXIS2_PLACEMENT_3D ( 'NONE', #2384, #1743, #2552 ) ;
#3922 = COLOUR_RGB ( '',0.7921568627450980000, 0.8196078431372548800, 0.9333333333333333500 ) ;
#3923 = CARTESIAN_POINT ( 'NONE',  ( -3502.399999999999600, -1922.999999999999800, -3335.999999999999500 ) ) ;
#3924 =( NAMED_UNIT ( * ) PLANE_ANGLE_UNIT ( ) SI_UNIT ( $, .RADIAN. ) );
#3925 = CARTESIAN_POINT ( 'NONE',  ( 12.58022456961535500, -156.4400000000000500, 1.915837452586119800E-014 ) ) ;
#3926 = CARTESIAN_POINT ( 'NONE',  ( 0.0000000000000000000, 0.0000000000000000000, 0.0000000000000000000 ) ) ;
#3927 = AXIS2_PLACEMENT_3D ( 'NONE', #2454, #351, #260 ) ;
#3928 = CARTESIAN_POINT ( 'NONE',  ( 917.9999999999998900, 424.0008287708115500, 164.4999999999999400 ) ) ;
#3929 = VERTEX_POINT ( 'NONE', #2859 ) ;
#3930 = SURFACE_STYLE_USAGE ( .BOTH. , #3890 ) ;
#3931 = DIRECTION ( 'NONE',  ( 0.0000000000000000000, 1.000000000000000000, 0.0000000000000000000 ) ) ;
#3932 = FACE_OUTER_BOUND ( 'NONE', #3345, .T. ) ;
#3933 = UNCERTAINTY_MEASURE_WITH_UNIT (LENGTH_MEASURE( 1.000000000000000100E-005 ), #6827, 'distance_accuracy_value', 'NONE');
#3934 = DIRECTION ( 'NONE',  ( -0.0000000000000000000, 1.000000000000000000, 0.0000000000000000000 ) ) ;
#3935 = CIRCLE ( 'NONE', #5199, 121.4400000000000300 ) ;
#3936 = ORIENTED_EDGE ( 'NONE', *, *, #5637, .T. ) ;
#3937 = CARTESIAN_POINT ( 'NONE',  ( 2932.555184474326300, 476.7391377970348600, 142.2700126883060000 ) ) ;
#3938 = CARTESIAN_POINT ( 'NONE',  ( 2653.020648387268900, 494.1529852620451500, -57.88812960753067200 ) ) ;
#3939 = DIRECTION ( 'NONE',  ( 0.0000000000000000000, 1.000000000000000000, 0.0000000000000000000 ) ) ;
#3940 = COLOUR_RGB ( '',0.7921568627450980000, 0.8196078431372548800, 0.9333333333333333500 ) ;
#3941 = CARTESIAN_POINT ( 'NONE',  ( 653.2800833509002100, -9.208974197376614200, -497.4160604158572000 ) ) ;
#3942 = FACE_OUTER_BOUND ( 'NONE', #4799, .T. ) ;
#3943 = AXIS2_PLACEMENT_3D ( 'NONE', #483, #2586, #4650 ) ;
#3944 = FILL_AREA_STYLE ('',( #818 ) ) ;
#3945 = VERTEX_POINT ( 'NONE', #2835 ) ;
#3946 = PRESENTATION_STYLE_ASSIGNMENT (( #2879 ) ) ;
#3947 = EDGE_CURVE ( 'NONE', #2873, #3131, #3840, .T. ) ;
#3948 =( NAMED_UNIT ( * ) SI_UNIT ( $, .STERADIAN. ) SOLID_ANGLE_UNIT ( ) );
#3949 = DIRECTION ( 'NONE',  ( -0.0000000000000000000, -1.000000000000000000, -0.0000000000000000000 ) ) ;
#3950 = VERTEX_POINT ( 'NONE', #4005 ) ;
#3951 = EDGE_LOOP ( 'NONE', ( #4368, #2518, #3346, #3276 ) ) ;
#3952 =( NAMED_UNIT ( * ) SI_UNIT ( $, .STERADIAN. ) SOLID_ANGLE_UNIT ( ) );
#3953 = VECTOR ( 'NONE', #3430, 1000.000000000000000 ) ;
#3954 =( LENGTH_UNIT ( ) NAMED_UNIT ( * ) SI_UNIT ( .MILLI., .METRE. ) );
#3955 = EDGE_CURVE ( 'NONE', #3133, #1672, #5591, .T. ) ;
#3956 = ORIENTED_EDGE ( 'NONE', *, *, #1300, .T. ) ;
#3957 = FILL_AREA_STYLE ('',( #3386 ) ) ;
#3958 = MECHANICAL_DESIGN_GEOMETRIC_PRESENTATION_REPRESENTATION (  '', ( #352 ), #1072 ) ;
#3959 = FACE_OUTER_BOUND ( 'NONE', #6310, .T. ) ;
#3960 = COLOUR_RGB ( '',0.7921568627450980000, 0.8196078431372548800, 0.9333333333333333500 ) ;
#3961 = CYLINDRICAL_SURFACE ( 'NONE', #3921, 156.4400000000000000 ) ;
#3962 = LINE ( 'NONE', #4020, #1868 ) ;
#3963 = CARTESIAN_POINT ( 'NONE',  ( 2823.000000000000000, 2009.999999999999800, -144.4699999999997700 ) ) ;
#3964 = UNCERTAINTY_MEASURE_WITH_UNIT (LENGTH_MEASURE( 1.000000000000000100E-005 ), #1079, 'distance_accuracy_value', 'NONE');
#3965 = CARTESIAN_POINT ( 'NONE',  ( 2643.536788116416600, 497.4975512309887900, 6.111868265352267600 ) ) ;
#3966 = AXIS2_PLACEMENT_3D ( 'NONE', #3830, #706, #189 ) ;
#3967 = ORIENTED_EDGE ( 'NONE', *, *, #2340, .F. ) ;
#3968 = CARTESIAN_POINT ( 'NONE',  ( 639.4536930585715000, 42.53725648760503500, -495.6790160743321400 ) ) ;
#3969 = CYLINDRICAL_SURFACE ( 'NONE', #4180, 121.4399999999997700 ) ;
#3970 = AXIS2_PLACEMENT_3D ( 'NONE', #5238, #3702, #2588 ) ;
#3971 = SURFACE_STYLE_FILL_AREA ( #6072 ) ;
#3972 = FACE_OUTER_BOUND ( 'NONE', #227, .T. ) ;
#3973 = CARTESIAN_POINT ( 'NONE',  ( 12.58022456961535500, -156.4400000000000500, 1.915837452586119800E-014 ) ) ;
#3974 = VERTEX_POINT ( 'NONE', #6569 ) ;
#3975 = FILL_AREA_STYLE_COLOUR ( '', #5764 ) ;
#3976 = FACE_OUTER_BOUND ( 'NONE', #5567, .T. ) ;
#3977 = CARTESIAN_POINT ( 'NONE',  ( 3188.000000000000000, 1940.000000000000200, 496.0000000000000000 ) ) ;
#3978 = PRESENTATION_LAYER_ASSIGNMENT (  '', '', ( #2411 ) ) ;
#3979 = CARTESIAN_POINT ( 'NONE',  ( -981.0774622787374700, -2044.439999999999400, -3336.000000000000000 ) ) ;
#3980 = DIRECTION ( 'NONE',  ( -0.6434991012582377300, 9.142152706070107900E-015, 0.7654468673133624200 ) ) ;
#3981 = DIRECTION ( 'NONE',  ( 1.000000000000000000, -0.0000000000000000000, -0.0000000000000000000 ) ) ;
#3982 = SURFACE_SIDE_STYLE ('',( #6857 ) ) ;
#3983 = FILL_AREA_STYLE_COLOUR ( '', #3960 ) ;
#3984 = CARTESIAN_POINT ( 'NONE',  ( 1764.357206279194100, -88.89999999999795900, 0.0000000000000000000 ) ) ;
#3985 = DIRECTION ( 'NONE',  ( -0.0000000000000000000, -1.000000000000000000, -0.0000000000000000000 ) ) ;
#3986 = VERTEX_POINT ( 'NONE', #3984 ) ;
#3987 = AXIS2_PLACEMENT_3D ( 'NONE', #5001, #6102, #743 ) ;
#3988 = CARTESIAN_POINT ( 'NONE',  ( 941.6516167103785600, 464.5661807260559000, -178.0025450640764900 ) ) ;
#3989 = CARTESIAN_POINT ( 'NONE',  ( 2655.130653098786300, 493.4292240462892800, 63.74526409554781700 ) ) ;
#3990 = DIRECTION ( 'NONE',  ( 0.0000000000000000000, 0.0000000000000000000, -1.000000000000000000 ) ) ;
#3991 = ORIENTED_EDGE ( 'NONE', *, *, #2161, .F. ) ;
#3992 =( NAMED_UNIT ( * ) PLANE_ANGLE_UNIT ( ) SI_UNIT ( $, .RADIAN. ) );
#3993 = CARTESIAN_POINT ( 'NONE',  ( 1912.511281437195500, 502.5726625040092000, -2.220446049250313100E-013 ) ) ;
#3994 = STYLED_ITEM ( 'NONE', ( #987 ), #1579 ) ;
#3995 = FILL_AREA_STYLE ('',( #188 ) ) ;
#3996 = CARTESIAN_POINT ( 'NONE',  ( 795.2187431063872500, 479.9545405092388800, 131.0261883680042300 ) ) ;
#3997 = FILL_AREA_STYLE ('',( #2900 ) ) ;
#3998 = EDGE_CURVE ( 'NONE', #1351, #3374, #6488, .T. ) ;
#3999 = DIRECTION ( 'NONE',  ( 0.0000000000000000000, 0.0000000000000000000, -1.000000000000000000 ) ) ;
#4000 = DIRECTION ( 'NONE',  ( 0.0000000000000000000, 0.0000000000000000000, 1.000000000000000000 ) ) ;
#4001 =( LENGTH_UNIT ( ) NAMED_UNIT ( * ) SI_UNIT ( .MILLI., .METRE. ) );
#4002 = UNCERTAINTY_MEASURE_WITH_UNIT (LENGTH_MEASURE( 1.000000000000000100E-005 ), #1271, 'distance_accuracy_value', 'NONE');
#4003 =( NAMED_UNIT ( * ) SI_UNIT ( $, .STERADIAN. ) SOLID_ANGLE_UNIT ( ) );
#4004 = EDGE_LOOP ( 'NONE', ( #2668, #4891 ) ) ;
#4005 = CARTESIAN_POINT ( 'NONE',  ( 1908.577679628630900, -497.3586457683634300, 11.85864576836349800 ) ) ;
#4006 = ORIENTED_EDGE ( 'NONE', *, *, #257, .T. ) ;
#4007 = UNCERTAINTY_MEASURE_WITH_UNIT (LENGTH_MEASURE( 1.000000000000000100E-005 ), #1047, 'distance_accuracy_value', 'NONE');
#4008 = AXIS2_PLACEMENT_3D ( 'NONE', #1071, #4816, #2626 ) ;
#4009 = CARTESIAN_POINT ( 'NONE',  ( 973.2023934957065900, 467.2709267139673000, -170.7758159068403400 ) ) ;
#4010 = CARTESIAN_POINT ( 'NONE',  ( 2689.045164950819500, 482.9490357249675900, -119.4476128548344000 ) ) ;
#4011 = FACE_OUTER_BOUND ( 'NONE', #6226, .T. ) ;
#4012 = AXIS2_PLACEMENT_3D ( 'NONE', #3888, #4848, #2693 ) ;
#4013 = CARTESIAN_POINT ( 'NONE',  ( 528.4712965480362100, 42.66694897679845200, -495.6815032448088800 ) ) ;
#4014 = ORIENTED_EDGE ( 'NONE', *, *, #2365, .T. ) ;
#4015 =( BOUNDED_SURFACE ( )  B_SPLINE_SURFACE ( 3, 3, ( 
 ( #5589, #6652, #3512, #3993 ),
 ( #819, #6194, #6634, #4063 ),
 ( #3467, #2407, #6676, #5055 ),
 ( #2998, #2447, #5077, #6703 ) ),
 .UNSPECIFIED., .F., .F., .F. ) 
 B_SPLINE_SURFACE_WITH_KNOTS ( ( 4, 4 ),
 ( 4, 4 ),
 ( 0.0000000000000000000, 1.000000000000000000 ),
 ( 0.0000000000000000000, 1.000000000000000000 ),
 .UNSPECIFIED. ) 
 GEOMETRIC_REPRESENTATION_ITEM ( )  RATIONAL_B_SPLINE_SURFACE ( (
 ( 1.000000000000000000, 0.9640722316813746800, 0.9640722316813746800, 1.000000000000000000),
 ( 0.8585955294876328500, 0.8277481082247937200, 0.8277481082247937200, 0.8585955294876328500),
 ( 0.8585955294876328500, 0.8277481082247937200, 0.8277481082247937200, 0.8585955294876328500),
 ( 1.000000000000000000, 0.9640722316813746800, 0.9640722316813746800, 1.000000000000000000) ) ) 
 REPRESENTATION_ITEM ( '' )  SURFACE ( )  );
#4016 = FACE_OUTER_BOUND ( 'NONE', #3730, .T. ) ;
#4017 = CYLINDRICAL_SURFACE ( 'NONE', #749, 179.4700000000000000 ) ;
#4018 = ORIENTED_EDGE ( 'NONE', *, *, #4568, .F. ) ;
#4019 = DIRECTION ( 'NONE',  ( -1.000000000000000000, -0.0000000000000000000, -0.0000000000000000000 ) ) ;
#4020 = CARTESIAN_POINT ( 'NONE',  ( 2457.999999999999500, 1940.000000000000200, 496.0000000000000000 ) ) ;
#4021 = EDGE_CURVE ( 'NONE', #3636, #5411, #1578, .T. ) ;
#4022 = COLOUR_RGB ( '',0.7921568627450980000, 0.8196078431372548800, 0.9333333333333333500 ) ;
#4023 = DIRECTION ( 'NONE',  ( 0.0000000000000000000, 0.0000000000000000000, -1.000000000000000000 ) ) ;
#4024 = DIRECTION ( 'NONE',  ( 1.000000000000000000, -0.0000000000000000000, -0.0000000000000000000 ) ) ;
#4025 =( GEOMETRIC_REPRESENTATION_CONTEXT ( 3 ) GLOBAL_UNCERTAINTY_ASSIGNED_CONTEXT ( ( #2229 ) ) GLOBAL_UNIT_ASSIGNED_CONTEXT ( ( #116, #3880, #656 ) ) REPRESENTATION_CONTEXT ( 'NONE', 'WORKASPACE' ) );
#4026 = ORIENTED_EDGE ( 'NONE', *, *, #6910, .F. ) ;
#4027 = FILL_AREA_STYLE_COLOUR ( '', #1066 ) ;
#4028 =( GEOMETRIC_REPRESENTATION_CONTEXT ( 3 ) GLOBAL_UNCERTAINTY_ASSIGNED_CONTEXT ( ( #2025 ) ) GLOBAL_UNIT_ASSIGNED_CONTEXT ( ( #2067, #6328, #2095 ) ) REPRESENTATION_CONTEXT ( 'NONE', 'WORKASPACE' ) );
#4029 = COLOUR_RGB ( '',0.7921568627450980000, 0.8196078431372548800, 0.9333333333333333500 ) ;
#4030 = CARTESIAN_POINT ( 'NONE',  ( 2823.000000000000000, 1600.000000000000000, 0.0000000000000000000 ) ) ;
#4031 = FILL_AREA_STYLE_COLOUR ( '', #2004 ) ;
#4032 = CARTESIAN_POINT ( 'NONE',  ( 1040.781256893612900, 479.9545405092387700, -131.0261883680042300 ) ) ;
#4033 = CARTESIAN_POINT ( 'NONE',  ( 0.0000000000000000000, 0.0000000000000000000, 0.0000000000000000000 ) ) ;
#4034 = ORIENTED_EDGE ( 'NONE', *, *, #6651, .T. ) ;
#4035 = VERTEX_POINT ( 'NONE', #3385 ) ;
#4036 = CARTESIAN_POINT ( 'NONE',  ( 3000.121883830923300, 496.6565649057715200, -29.53554555986923400 ) ) ;
#4037 = CARTESIAN_POINT ( 'NONE',  ( 588.6148556343436000, 69.87659008659103700, -492.5682817332011600 ) ) ;
#4038 = STYLED_ITEM ( 'NONE', ( #1327 ), #1559 ) ;
#4039 = CARTESIAN_POINT ( 'NONE',  ( 3123.000000000000000, 2009.999999999999800, 117.4999999999999900 ) ) ;
#4040 = ORIENTED_EDGE ( 'NONE', *, *, #6910, .T. ) ;
#4041 = ORIENTED_EDGE ( 'NONE', *, *, #2016, .T. ) ;
#4042 = EDGE_CURVE ( 'NONE', #3517, #3641, #4580, .T. ) ;
#4043 = CARTESIAN_POINT ( 'NONE',  ( 799.5219121051618500, 478.8680650492693800, 134.9316238710735000 ) ) ;
#4044 = VERTEX_POINT ( 'NONE', #2517 ) ;
#4045 =( LENGTH_UNIT ( ) NAMED_UNIT ( * ) SI_UNIT ( .MILLI., .METRE. ) );
#4046 = CARTESIAN_POINT ( 'NONE',  ( -4132.648929280135200, 1148.046727750439900, -3228.234795723731200 ) ) ;
#4047 = CIRCLE ( 'NONE', #1906, 497.5000000000000000 ) ;
#4048 =( NAMED_UNIT ( * ) SI_UNIT ( $, .STERADIAN. ) SOLID_ANGLE_UNIT ( ) );
#4049 = EDGE_CURVE ( 'NONE', #5411, #61, #2243, .T. ) ;
#4050 = DIRECTION ( 'NONE',  ( 1.000000000000000000, -0.0000000000000000000, -0.0000000000000000000 ) ) ;
#4051 = MECHANICAL_DESIGN_GEOMETRIC_PRESENTATION_REPRESENTATION (  '', ( #456 ), #5114 ) ;
#4052 = ORIENTED_EDGE ( 'NONE', *, *, #3171, .T. ) ;
#4053 = CARTESIAN_POINT ( 'NONE',  ( 2823.000000000000000, 1600.000000000000000, -144.4699999999999400 ) ) ;
#4054 =( LENGTH_UNIT ( ) NAMED_UNIT ( * ) SI_UNIT ( .MILLI., .METRE. ) );
#4055 = CARTESIAN_POINT ( 'NONE',  ( 2986.370756252140400, 491.9169498119368900, -74.52229414916413900 ) ) ;
#4056 =( GEOMETRIC_REPRESENTATION_CONTEXT ( 3 ) GLOBAL_UNCERTAINTY_ASSIGNED_CONTEXT ( ( #6798 ) ) GLOBAL_UNIT_ASSIGNED_CONTEXT ( ( #2607, #5304, #4755 ) ) REPRESENTATION_CONTEXT ( 'NONE', 'WORKASPACE' ) );
#4057 = ORIENTED_EDGE ( 'NONE', *, *, #2699, .F. ) ;
#4058 = CARTESIAN_POINT ( 'NONE',  ( 549.0417313209156900, 60.55068551683793000, -493.8026421333530000 ) ) ;
#4059 =( GEOMETRIC_REPRESENTATION_CONTEXT ( 3 ) GLOBAL_UNCERTAINTY_ASSIGNED_CONTEXT ( ( #1505 ) ) GLOBAL_UNIT_ASSIGNED_CONTEXT ( ( #5330, #5311, #6374 ) ) REPRESENTATION_CONTEXT ( 'NONE', 'WORKASPACE' ) );
#4060 = CARTESIAN_POINT ( 'NONE',  ( -894.3999999999999800, -380.9999999999997700, -3336.000000000000500 ) ) ;
#4061 = FACE_OUTER_BOUND ( 'NONE', #5376, .T. ) ;
#4062 = ORIENTED_EDGE ( 'NONE', *, *, #6706, .T. ) ;
#4063 = CARTESIAN_POINT ( 'NONE',  ( 1672.203974350398100, 195.1834758921754900, -4.440892098500625200E-013 ) ) ;
#4064 = AXIS2_PLACEMENT_3D ( 'NONE', #1801, #3981, #2829 ) ;
#4065 = ORIENTED_EDGE ( 'NONE', *, *, #5468, .F. ) ;
#4066 = CARTESIAN_POINT ( 'NONE',  ( 0.0000000000000000000, 6.092617825758081200E-014, 497.5000000000000000 ) ) ;
#4067 = LINE ( 'NONE', #2191, #2400 ) ;
#4068 = CARTESIAN_POINT ( 'NONE',  ( 3123.000000000000000, 2009.999999999999800, -117.4999999999985900 ) ) ;
#4069 = CARTESIAN_POINT ( 'NONE',  ( 2968.902567295885100, 486.3895845413599100, 104.6699376316124100 ) ) ;
#4070 = ORIENTED_EDGE ( 'NONE', *, *, #4928, .F. ) ;
#4071 = DIRECTION ( 'NONE',  ( -0.0000000000000000000, 1.000000000000000000, -0.0000000000000000000 ) ) ;
#4072 = CONICAL_SURFACE ( 'NONE', #182, 164.4999999999999400, 0.7853981633974497200 ) ;
#4073 = FILL_AREA_STYLE_COLOUR ( '', #1731 ) ;
#4074 = CARTESIAN_POINT ( 'NONE',  ( 752.8508811268633300, 492.5146842263196200, -70.26692242971022000 ) ) ;
#4075 = MECHANICAL_DESIGN_GEOMETRIC_PRESENTATION_REPRESENTATION (  '', ( #378 ), #2540 ) ;
#4076 = CARTESIAN_POINT ( 'NONE',  ( 1090.457558155853100, 495.0128487682978300, -49.76528653216548300 ) ) ;
#4077 = UNCERTAINTY_MEASURE_WITH_UNIT (LENGTH_MEASURE( 1.000000000000000100E-005 ), #980, 'distance_accuracy_value', 'NONE');
#4078 = FILL_AREA_STYLE_COLOUR ( '', #2929 ) ;
#4079 = CARTESIAN_POINT ( 'NONE',  ( 2990.869346901213700, 493.4292240462891600, -63.74526409554788800 ) ) ;
#4080 = CARTESIAN_POINT ( 'NONE',  ( 514.7199166491000100, 9.208974197376562600, -497.4160604158571500 ) ) ;
#4081 = EDGE_CURVE ( 'NONE', #4918, #2612, #134, .T. ) ;
#4082 = DIRECTION ( 'NONE',  ( -0.0000000000000000000, -0.0000000000000000000, -1.000000000000000000 ) ) ;
#4083 = CARTESIAN_POINT ( 'NONE',  ( -894.3999999999999800, -121.4399999999993300, -3107.046727750439500 ) ) ;
#4084 = DIRECTION ( 'NONE',  ( -0.0000000000000000000, 1.000000000000000000, 5.665538897647979600E-016 ) ) ;
#4085 = DIRECTION ( 'NONE',  ( 0.0000000000000000000, 1.000000000000000000, 0.0000000000000000000 ) ) ;
#4086 = LINE ( 'NONE', #1739, #1573 ) ;
#4087 = CARTESIAN_POINT ( 'NONE',  ( 1908.577679628630900, -497.3586457683634300, 11.85864576836349800 ) ) ;
#4088 = CARTESIAN_POINT ( 'NONE',  ( 808.6124533280009200, 476.7191450421755100, 142.2884150317790100 ) ) ;
#4089 = COLOUR_RGB ( '',0.7921568627450980000, 0.8196078431372548800, 0.9333333333333333500 ) ;
#4090 = CARTESIAN_POINT ( 'NONE',  ( 917.9999999999998900, 418.0008287708115500, 0.0000000000000000000 ) ) ;
#4091 = EDGE_CURVE ( 'NONE', #3735, #2767, #5666, .T. ) ;
#4092 = AXIS2_PLACEMENT_3D ( 'NONE', #136, #2796, #3900 ) ;
#4093 = VERTEX_POINT ( 'NONE', #6094 ) ;
#4094 =( LENGTH_UNIT ( ) NAMED_UNIT ( * ) SI_UNIT ( .MILLI., .METRE. ) );
#4095 = CARTESIAN_POINT ( 'NONE',  ( 757.1489237886717100, 491.0890113824941600, -79.65596609891591100 ) ) ;
#4096 = AXIS2_PLACEMENT_3D ( 'NONE', #5087, #5624, #6779 ) ;
#4097 = VERTEX_POINT ( 'NONE', #287 ) ;
#4098 = FACE_OUTER_BOUND ( 'NONE', #1310, .T. ) ;
#4099 = EDGE_LOOP ( 'NONE', ( #6618, #4524 ) ) ;
#4100 = AXIS2_PLACEMENT_3D ( 'NONE', #5811, #4657, #4202 ) ;
#4101 = CARTESIAN_POINT ( 'NONE',  ( 1097.188038272935500, 497.3983490779181700, 10.16540497459625700 ) ) ;
#4102 = CARTESIAN_POINT ( 'NONE',  ( 3113.000000000000000, 1940.000000000000200, 496.0000000000000000 ) ) ;
#4103 = CARTESIAN_POINT ( 'NONE',  ( 2886.594568653466000, 468.3304678843541600, -167.8509986757852300 ) ) ;
#4104 = CARTESIAN_POINT ( 'NONE',  ( 541.4757646333271200, 55.49864143488659400, -494.3968673925132900 ) ) ;
#4105 = CIRCLE ( 'NONE', #293, 121.4400000000002100 ) ;
#4106 = CARTESIAN_POINT ( 'NONE',  ( -651.5199999999999800, -121.4399999999995300, -2954.999999999999500 ) ) ;
#4107 = DIRECTION ( 'NONE',  ( 0.0000000000000000000, 0.0000000000000000000, -1.000000000000000000 ) ) ;
#4108 = ORIENTED_EDGE ( 'NONE', *, *, #6700, .T. ) ;
#4109 =( GEOMETRIC_REPRESENTATION_CONTEXT ( 3 ) GLOBAL_UNCERTAINTY_ASSIGNED_CONTEXT ( ( #5571 ) ) GLOBAL_UNIT_ASSIGNED_CONTEXT ( ( #3352, #2292, #6021 ) ) REPRESENTATION_CONTEXT ( 'NONE', 'WORKASPACE' ) );
#4110 = CIRCLE ( 'NONE', #6196, 121.4400000000002800 ) ;
#4111 = CARTESIAN_POINT ( 'NONE',  ( -5619.056834469397500, 1498.440000000003700, -4477.834463496429600 ) ) ;
#4112 = DIRECTION ( 'NONE',  ( -1.000000000000000000, 0.0000000000000000000, 0.0000000000000000000 ) ) ;
#4113 = CARTESIAN_POINT ( 'NONE',  ( 738.8345635226638700, 497.3899117537553100, 11.99423519587271200 ) ) ;
#4114 = VERTEX_POINT ( 'NONE', #5175 ) ;
#4115 = ORIENTED_EDGE ( 'NONE', *, *, #2995, .T. ) ;
#4116 = CARTESIAN_POINT ( 'NONE',  ( 0.0000000000000000000, 0.0000000000000000000, 0.0000000000000000000 ) ) ;
#4117 = PRESENTATION_STYLE_ASSIGNMENT (( #2267 ) ) ;
#4118 = SURFACE_STYLE_FILL_AREA ( #6129 ) ;
#4119 =( GEOMETRIC_REPRESENTATION_CONTEXT ( 3 ) GLOBAL_UNCERTAINTY_ASSIGNED_CONTEXT ( ( #1068 ) ) GLOBAL_UNIT_ASSIGNED_CONTEXT ( ( #2406, #6766, #367 ) ) REPRESENTATION_CONTEXT ( 'NONE', 'WORKASPACE' ) );
#4120 = ORIENTED_EDGE ( 'NONE', *, *, #5190, .T. ) ;
#4121 = CARTESIAN_POINT ( 'NONE',  ( 3113.000000000000000, 1940.000000000000200, -117.4999999999986100 ) ) ;
#4122 = CARTESIAN_POINT ( 'NONE',  ( 830.4232424072752100, 472.1915675289416800, -156.6587495643554200 ) ) ;
#4123 = FACE_OUTER_BOUND ( 'NONE', #4276, .T. ) ;
#4124 = DIRECTION ( 'NONE',  ( 0.7654468673133622000, -0.0000000000000000000, 0.6434991012582380600 ) ) ;
#4125 = CARTESIAN_POINT ( 'NONE',  ( 981.7385602795180800, 468.3278191615909800, 167.8719664228533500 ) ) ;
#4126 = SURFACE_SIDE_STYLE ('',( #3860 ) ) ;
#4127 = CARTESIAN_POINT ( 'NONE',  ( 2997.836058142617300, 495.8459955432600200, 40.94554591607705200 ) ) ;
#4128 = EDGE_LOOP ( 'NONE', ( #2950, #5417 ) ) ;
#4129 = SURFACE_STYLE_FILL_AREA ( #2392 ) ;
#4130 = CARTESIAN_POINT ( 'NONE',  ( -513.3999999999998600, -242.8800000000000000, -121.4400000000000700 ) ) ;
#4131 = UNCERTAINTY_MEASURE_WITH_UNIT (LENGTH_MEASURE( 1.000000000000000100E-005 ), #5415, 'distance_accuracy_value', 'NONE');
#4132 = EDGE_CURVE ( 'NONE', #3021, #3281, #6334, .T. ) ;
#4133 = FILL_AREA_STYLE_COLOUR ( '', #2530 ) ;
#4134 = VERTEX_POINT ( 'NONE', #3037 ) ;
#4135 = UNCERTAINTY_MEASURE_WITH_UNIT (LENGTH_MEASURE( 1.000000000000000100E-005 ), #614, 'distance_accuracy_value', 'NONE');
#4136 = CARTESIAN_POINT ( 'NONE',  ( -5622.066632290265300, 1290.322537721265200, -4797.669598562013600 ) ) ;
#4137 = CARTESIAN_POINT ( 'NONE',  ( 3123.000000000000000, 2009.999999999999800, 117.4999999999999900 ) ) ;
#4138 = CARTESIAN_POINT ( 'NONE',  ( 740.8781161690773200, 496.6565649057715200, 29.53554555986917100 ) ) ;
#4139 = CARTESIAN_POINT ( 'NONE',  ( 517.4608298037136400, -21.37919616086179900, -497.0416359435728900 ) ) ;
#4140 = DIRECTION ( 'NONE',  ( 0.0000000000000000000, 1.000000000000000000, 0.0000000000000000000 ) ) ;
#4141 = ORIENTED_EDGE ( 'NONE', *, *, #392, .T. ) ;
#4142 = SURFACE_STYLE_FILL_AREA ( #1219 ) ;
#4143 = CARTESIAN_POINT ( 'NONE',  ( 1899.522324492973000, -485.4999999999999400, -5.464378949326941100E-014 ) ) ;
#4144 = AXIS2_PLACEMENT_3D ( 'NONE', #4587, #6772, #2981 ) ;
#4145 = CARTESIAN_POINT ( 'NONE',  ( 772.0974327041142300, 486.3895845413597400, -104.6699376316125300 ) ) ;
#4146 = AXIS2_PLACEMENT_3D ( 'NONE', #5952, #2733, #5350 ) ;
#4147 = ORIENTED_EDGE ( 'NONE', *, *, #5351, .F. ) ;
#4148 = CARTESIAN_POINT ( 'NONE',  ( 917.9999999999998900, 464.0008287708115500, 179.4700000000000000 ) ) ;
#4149 = CARTESIAN_POINT ( 'NONE',  ( -513.3999999999999800, 1.487211072884545900E-014, -121.4400000000000300 ) ) ;
#4150 = CARTESIAN_POINT ( 'NONE',  ( 917.9999999999998900, 424.0008287708115500, 0.0000000000000000000 ) ) ;
#4151 = UNCERTAINTY_MEASURE_WITH_UNIT (LENGTH_MEASURE( 1.000000000000000100E-005 ), #3705, 'distance_accuracy_value', 'NONE');
#4152 = PRESENTATION_LAYER_ASSIGNMENT (  '', '', ( #3783 ) ) ;
#4153 = CARTESIAN_POINT ( 'NONE',  ( 3188.000000000000000, 1940.000000000000200, -496.0000000000000000 ) ) ;
#4154 = VERTEX_POINT ( 'NONE', #1421 ) ;
#4155 = PRESENTATION_STYLE_ASSIGNMENT (( #5326 ) ) ;
#4156 = EDGE_CURVE ( 'NONE', #4154, #6886, #1120, .T. ) ;
#4157 = CARTESIAN_POINT ( 'NONE',  ( 1689.342921790578200, -196.8454561511633500, -2.220446049250312800E-013 ) ) ;
#4158 =( NAMED_UNIT ( * ) PLANE_ANGLE_UNIT ( ) SI_UNIT ( $, .RADIAN. ) );
#4159 = AXIS2_PLACEMENT_3D ( 'NONE', #2413, #1349, #852 ) ;
#4160 = ORIENTED_EDGE ( 'NONE', *, *, #623, .T. ) ;
#4161 = CARTESIAN_POINT ( 'NONE',  ( 521.2068832657214400, -31.00331370494532000, -496.5510902821251900 ) ) ;
#4162 = EDGE_CURVE ( 'NONE', #3611, #6039, #379, .T. ) ;
#4163 = CARTESIAN_POINT ( 'NONE',  ( 2608.000000000000000, 1940.000000000000200, 496.0000000000000000 ) ) ;
#4164 = CARTESIAN_POINT ( 'NONE',  ( 780.2107992558422900, 484.0266956785116000, -115.0032911423066200 ) ) ;
#4165 = MECHANICAL_DESIGN_GEOMETRIC_PRESENTATION_REPRESENTATION (  '', ( #3805 ), #6783 ) ;
#4166 = CARTESIAN_POINT ( 'NONE',  ( -4175.035256446391900, 995.9999999999998900, -3581.173157579389200 ) ) ;
#4167 = CARTESIAN_POINT ( 'NONE',  ( 1036.509215904082800, 478.8760813785305000, 134.9024117698940600 ) ) ;
#4168 = ORIENTED_EDGE ( 'NONE', *, *, #2995, .F. ) ;
#4169 = SURFACE_SIDE_STYLE ('',( #2593 ) ) ;
#4170 =( NAMED_UNIT ( * ) PLANE_ANGLE_UNIT ( ) SI_UNIT ( $, .RADIAN. ) );
#4171 = EDGE_CURVE ( 'NONE', #1427, #4297, #1320, .T. ) ;
#4172 = SURFACE_STYLE_USAGE ( .BOTH. , #3091 ) ;
#4173 = CARTESIAN_POINT ( 'NONE',  ( -772.9600000000001500, -242.8800000000000000, -381.0000000000000600 ) ) ;
#4174 = FILL_AREA_STYLE_COLOUR ( '', #4022 ) ;
#4175 = CARTESIAN_POINT ( 'NONE',  ( 2823.000000000000000, 497.5000000000000000, 63.50000000000000000 ) ) ;
#4176 = CARTESIAN_POINT ( 'NONE',  ( 2823.000000000000000, 1940.000000000000200, 0.0000000000000000000 ) ) ;
#4177 = VECTOR ( 'NONE', #2883, 1000.000000000000000 ) ;
#4178 = VERTEX_POINT ( 'NONE', #895 ) ;
#4179 = CARTESIAN_POINT ( 'NONE',  ( 248.0000000000000000, 497.5000000000000600, -6.092617825758082500E-014 ) ) ;
#4180 = AXIS2_PLACEMENT_3D ( 'NONE', #366, #6286, #3092 ) ;
#4181 = VECTOR ( 'NONE', #5913, 1000.000000000000000 ) ;
#4182 = EDGE_CURVE ( 'NONE', #5349, #3189, #299, .T. ) ;
#4183 = FACE_OUTER_BOUND ( 'NONE', #4934, .T. ) ;
#4184 = DIRECTION ( 'NONE',  ( 0.0000000000000000000, 0.0000000000000000000, -1.000000000000000000 ) ) ;
#4185 = AXIS2_PLACEMENT_3D ( 'NONE', #220, #698, #3990 ) ;
#4186 = COLOUR_RGB ( '',0.7921568627450980000, 0.8196078431372548800, 0.9333333333333333500 ) ;
#4187 = ORIENTED_EDGE ( 'NONE', *, *, #6700, .F. ) ;
#4188 = STYLED_ITEM ( 'NONE', ( #4664 ), #4350 ) ;
#4189 = AXIS2_PLACEMENT_3D ( 'NONE', #234, #3423, #5063 ) ;
#4190 =( LENGTH_UNIT ( ) NAMED_UNIT ( * ) SI_UNIT ( .MILLI., .METRE. ) );
#4191 = DIRECTION ( 'NONE',  ( 0.0000000000000000000, -1.000000000000000000, 0.0000000000000000000 ) ) ;
#4192 = VERTEX_POINT ( 'NONE', #1396 ) ;
#4193 = CARTESIAN_POINT ( 'NONE',  ( 1208.000000000000000, 1939.999999999999800, 117.4999999999999400 ) ) ;
#4194 = SURFACE_STYLE_USAGE ( .BOTH. , #3047 ) ;
#4195 = FILL_AREA_STYLE ('',( #6308 ) ) ;
#4196 = LINE ( 'NONE', #6865, #582 ) ;
#4197 = AXIS2_PLACEMENT_3D ( 'NONE', #6117, #235, #5108 ) ;
#4198 = PRESENTATION_LAYER_ASSIGNMENT (  '', '', ( #5165 ) ) ;
#4199 = VERTEX_POINT ( 'NONE', #6228 ) ;
#4200 = ORIENTED_EDGE ( 'NONE', *, *, #2637, .T. ) ;
#4201 = SURFACE_STYLE_USAGE ( .BOTH. , #6833 ) ;
#4202 = DIRECTION ( 'NONE',  ( 0.0000000000000000000, 0.0000000000000000000, -1.000000000000000000 ) ) ;
#4203 = CARTESIAN_POINT ( 'NONE',  ( -5510.152261432760500, 1255.560000000004000, -4386.280107649418800 ) ) ;
#4204 = CIRCLE ( 'NONE', #4012, 69.88000000000005200 ) ;
#4205 = FILL_AREA_STYLE_COLOUR ( '', #6705 ) ;
#4206 = CARTESIAN_POINT ( 'NONE',  ( 527.1800254903655500, -40.69423497316380900, -495.8337265715788400 ) ) ;
#4207 = ORIENTED_EDGE ( 'NONE', *, *, #3905, .F. ) ;
#4208 = DIRECTION ( 'NONE',  ( 1.000000000000000000, -0.0000000000000000000, -0.0000000000000000000 ) ) ;
#4209 = DIRECTION ( 'NONE',  ( 0.0000000000000000000, -0.0000000000000000000, 1.000000000000000000 ) ) ;
#4210 = CYLINDRICAL_SURFACE ( 'NONE', #6383, 121.4400000000002100 ) ;
#4211 = PRESENTATION_LAYER_ASSIGNMENT (  '', '', ( #5769 ) ) ;
#4212 = CARTESIAN_POINT ( 'NONE',  ( 0.0000000000000000000, 6.092617825758081200E-014, 497.5000000000000000 ) ) ;
#4213 = ORIENTED_EDGE ( 'NONE', *, *, #5434, .T. ) ;
#4214 = ADVANCED_FACE ( 'NONE', ( #5083 ), #6003, .T. ) ;
#4215 = EDGE_CURVE ( 'NONE', #1260, #1695, #60, .T. ) ;
#4216 = FACE_OUTER_BOUND ( 'NONE', #2781, .T. ) ;
#4217 = CARTESIAN_POINT ( 'NONE',  ( 2823.000000000000000, 414.0008287708116700, 0.0000000000000000000 ) ) ;
#4218 = VERTEX_POINT ( 'NONE', #5819 ) ;
#4219 = PLANE ( 'NONE',  #5067 ) ;
#4220 = CARTESIAN_POINT ( 'NONE',  ( -1275.399999999999600, -1923.000000000000000, -3335.999999999999500 ) ) ;
#4221 = ORIENTED_EDGE ( 'NONE', *, *, #422, .T. ) ;
#4222 = CARTESIAN_POINT ( 'NONE',  ( 12.58022456961535500, 0.0000000000000000000, 9.579187262930599200E-015 ) ) ;
#4223 = LINE ( 'NONE', #1480, #4792 ) ;
#4224 = SURFACE_STYLE_FILL_AREA ( #6806 ) ;
#4225 = ADVANCED_FACE ( 'NONE', ( #2578 ), #2987, .F. ) ;
#4226 =( NAMED_UNIT ( * ) PLANE_ANGLE_UNIT ( ) SI_UNIT ( $, .RADIAN. ) );
#4227 = EDGE_CURVE ( 'NONE', #5761, #5813, #3410, .T. ) ;
#4228 = CARTESIAN_POINT ( 'NONE',  ( 1899.522324492973000, -485.4999999999999400, -5.464378949326941100E-014 ) ) ;
#4229 =( GEOMETRIC_REPRESENTATION_CONTEXT ( 3 ) GLOBAL_UNCERTAINTY_ASSIGNED_CONTEXT ( ( #6817 ) ) GLOBAL_UNIT_ASSIGNED_CONTEXT ( ( #1137, #553, #604 ) ) REPRESENTATION_CONTEXT ( 'NONE', 'WORKASPACE' ) );
#4230 = ORIENTED_EDGE ( 'NONE', *, *, #2826, .F. ) ;
#4231 = CARTESIAN_POINT ( 'NONE',  ( 532.9793830908633900, -47.80471105128074800, -495.2005401261124600 ) ) ;
#4232 = ADVANCED_FACE ( 'NONE', ( #4098, #3240 ), #4713, .F. ) ;
#4233 = DIRECTION ( 'NONE',  ( -0.0000000000000000000, -1.000000000000000000, -0.0000000000000000000 ) ) ;
#4234 = MECHANICAL_DESIGN_GEOMETRIC_PRESENTATION_REPRESENTATION (  '', ( #2909 ), #3499 ) ;
#4235 = ORIENTED_EDGE ( 'NONE', *, *, #3361, .F. ) ;
#4236 = ORIENTED_EDGE ( 'NONE', *, *, #5570, .T. ) ;
#4237 =( NAMED_UNIT ( * ) SI_UNIT ( $, .STERADIAN. ) SOLID_ANGLE_UNIT ( ) );
#4238 = AXIS2_PLACEMENT_3D ( 'NONE', #4775, #4269, #1092 ) ;
#4239 =( NAMED_UNIT ( * ) SI_UNIT ( $, .STERADIAN. ) SOLID_ANGLE_UNIT ( ) );
#4240 = VERTEX_POINT ( 'NONE', #2539 ) ;
#4241 =( NAMED_UNIT ( * ) PLANE_ANGLE_UNIT ( ) SI_UNIT ( $, .RADIAN. ) );
#4242 = CARTESIAN_POINT ( 'NONE',  ( -5622.066632290265300, 1290.322537721265200, -4797.669598562013600 ) ) ;
#4243 = CARTESIAN_POINT ( 'NONE',  ( 52.58022456961541700, 0.0000000000000000000, 0.0000000000000000000 ) ) ;
#4244 = STYLED_ITEM ( 'NONE', ( #4811 ), #4870 ) ;
#4245 = SURFACE_SIDE_STYLE ('',( #2006 ) ) ;
#4246 = PRODUCT_DEFINITION_FORMATION_WITH_SPECIFIED_SOURCE ( 'ANY', '', #2336, .NOT_KNOWN. ) ;
#4247 = CARTESIAN_POINT ( 'NONE',  ( 3488.999999999999500, 497.5000000000001700, 994.9999999999997700 ) ) ;
#4248 = CARTESIAN_POINT ( 'NONE',  ( 2608.000000000000000, 1940.000000000000200, 117.4999999999999400 ) ) ;
#4249 = DIRECTION ( 'NONE',  ( 1.000000000000000000, 0.0000000000000000000, 0.0000000000000000000 ) ) ;
#4250 = ADVANCED_FACE ( 'NONE', ( #6578 ), #6340, .T. ) ;
#4251 = VERTEX_POINT ( 'NONE', #3807 ) ;
#4252 = CARTESIAN_POINT ( 'NONE',  ( 612.8134804832402600, -63.67359807481958000, -493.4087246329252100 ) ) ;
#4253 = EDGE_CURVE ( 'NONE', #1427, #3929, #5505, .T. ) ;
#4254 = CIRCLE ( 'NONE', #2215, 121.4400000000002100 ) ;
#4255 = ADVANCED_FACE ( 'NONE', ( #6249 ), #4736, .F. ) ;
#4256 = CIRCLE ( 'NONE', #6613, 121.4400000000000000 ) ;
#4257 = PRESENTATION_STYLE_ASSIGNMENT (( #4482 ) ) ;
#4258 = PRESENTATION_STYLE_ASSIGNMENT (( #4458 ) ) ;
#4259 =( GEOMETRIC_REPRESENTATION_CONTEXT ( 3 ) GLOBAL_UNCERTAINTY_ASSIGNED_CONTEXT ( ( #2323 ) ) GLOBAL_UNIT_ASSIGNED_CONTEXT ( ( #4045, #1937, #6174 ) ) REPRESENTATION_CONTEXT ( 'NONE', 'WORKASPACE' ) );
#4260 = CARTESIAN_POINT ( 'NONE',  ( 917.9999999999998900, 418.0008287708115500, 0.0000000000000000000 ) ) ;
#4261 =( LENGTH_UNIT ( ) NAMED_UNIT ( * ) SI_UNIT ( .MILLI., .METRE. ) );
#4262 = CARTESIAN_POINT ( 'NONE',  ( -894.3999999999999800, 0.0000000000000000000, -2955.000000000000000 ) ) ;
#4263 = UNCERTAINTY_MEASURE_WITH_UNIT (LENGTH_MEASURE( 1.000000000000000100E-005 ), #2372, 'distance_accuracy_value', 'NONE');
#4264 = ADVANCED_FACE ( 'NONE', ( #1998 ), #1225, .F. ) ;
#4265 =( LENGTH_UNIT ( ) NAMED_UNIT ( * ) SI_UNIT ( .MILLI., .METRE. ) );
#4266 = COLOUR_RGB ( '',0.7921568627450980000, 0.8196078431372548800, 0.9333333333333333500 ) ;
#4267 = EDGE_CURVE ( 'NONE', #6704, #4754, #4917, .T. ) ;
#4268 = VERTEX_POINT ( 'NONE', #6023 ) ;
#4269 = DIRECTION ( 'NONE',  ( -0.0000000000000000000, 1.000000000000000000, 5.665538897647979600E-016 ) ) ;
#4270 = ORIENTED_EDGE ( 'NONE', *, *, #3286, .F. ) ;
#4271 = AXIS2_PLACEMENT_3D ( 'NONE', #723, #6654, #5008 ) ;
#4272 = CARTESIAN_POINT ( 'NONE',  ( 1689.342921790578200, -196.8454561511630300, -7.691930461906642700E-013 ) ) ;
#4273 = CIRCLE ( 'NONE', #4993, 121.4400000000001000 ) ;
#4274 = FACE_OUTER_BOUND ( 'NONE', #2278, .T. ) ;
#4275 = SURFACE_STYLE_FILL_AREA ( #3087 ) ;
#4276 = EDGE_LOOP ( 'NONE', ( #6159, #496, #372, #782, #669, #5022 ) ) ;
#4277 = ORIENTED_EDGE ( 'NONE', *, *, #4656, .F. ) ;
#4278 = CARTESIAN_POINT ( 'NONE',  ( 2823.000000000000000, 424.0008287708115500, -164.4999999999999400 ) ) ;
#4279 = STYLED_ITEM ( 'NONE', ( #2794 ), #4812 ) ;
#4280 = SURFACE_STYLE_FILL_AREA ( #2779 ) ;
#4281 = DIRECTION ( 'NONE',  ( 0.0000000000000000000, 0.0000000000000000000, -1.000000000000000000 ) ) ;
#4282 = FILL_AREA_STYLE ('',( #3789 ) ) ;
#4283 =( LENGTH_UNIT ( ) NAMED_UNIT ( * ) SI_UNIT ( .MILLI., .METRE. ) );
#4284 = EDGE_LOOP ( 'NONE', ( #5302, #65, #509, #2996, #5112, #6138 ) ) ;
#4285 = ORIENTED_EDGE ( 'NONE', *, *, #422, .F. ) ;
#4286 = EDGE_CURVE ( 'NONE', #1458, #5618, #721, .T. ) ;
#4287 = DIRECTION ( 'NONE',  ( -1.743152798421053600E-032, 0.7071067811865491300, -0.7071067811865459100 ) ) ;
#4288 = VECTOR ( 'NONE', #2182, 1000.000000000000000 ) ;
#4289 = DIRECTION ( 'NONE',  ( 0.0000000000000000000, 0.0000000000000000000, -1.000000000000000000 ) ) ;
#4290 = CARTESIAN_POINT ( 'NONE',  ( -3883.400000000000100, -1541.999999999999800, -3335.999999999999500 ) ) ;
#4291 = ADVANCED_FACE ( 'NONE', ( #6822 ), #3496, .T. ) ;
#4292 = SURFACE_SIDE_STYLE ('',( #2809 ) ) ;
#4293 = ORIENTED_EDGE ( 'NONE', *, *, #3792, .F. ) ;
#4294 = CIRCLE ( 'NONE', #1947, 63.50000000000000000 ) ;
#4295 = SURFACE_STYLE_FILL_AREA ( #5012 ) ;
#4296 = CIRCLE ( 'NONE', #429, 502.4400000000004500 ) ;
#4297 = VERTEX_POINT ( 'NONE', #6563 ) ;
#4298 = FACE_OUTER_BOUND ( 'NONE', #6186, .T. ) ;
#4299 = MECHANICAL_DESIGN_GEOMETRIC_PRESENTATION_REPRESENTATION (  '', ( #5450 ), #1885 ) ;
#4300 =( BOUNDED_SURFACE ( )  B_SPLINE_SURFACE ( 3, 3, ( 
 ( #3829, #5382, #6492, #564 ),
 ( #3615, #2691, #3251, #1122 ),
 ( #3326, #6637, #5232, #152 ),
 ( #1722, #6038, #88, #5419 ) ),
 .UNSPECIFIED., .F., .F., .T. ) 
 B_SPLINE_SURFACE_WITH_KNOTS ( ( 4, 4 ),
 ( 4, 4 ),
 ( 0.0000000000000000000, 1.000000000000000000 ),
 ( 0.0000000000000000000, 1.000000000000000000 ),
 .UNSPECIFIED. ) 
 GEOMETRIC_REPRESENTATION_ITEM ( )  RATIONAL_B_SPLINE_SURFACE ( (
 ( 1.000000000000000000, 0.3333333333333334300, 0.3333333333333334300, 1.000000000000000000),
 ( 0.8909464967160373200, 0.2969821655720125100, 0.2969821655720125100, 0.8909464967160373200),
 ( 0.8909464967160373200, 0.2969821655720125100, 0.2969821655720125100, 0.8909464967160373200),
 ( 1.000000000000000000, 0.3333333333333334300, 0.3333333333333334300, 1.000000000000000000) ) ) 
 REPRESENTATION_ITEM ( '' )  SURFACE ( )  );
#4301 = DIRECTION ( 'NONE',  ( -1.000000000000000000, -1.232595164407836700E-032, -1.232595164407831200E-032 ) ) ;
#4302 = EDGE_CURVE ( 'NONE', #2439, #5102, #1062, .T. ) ;
#4303 = ORIENTED_EDGE ( 'NONE', *, *, #6411, .F. ) ;
#4304 =( NAMED_UNIT ( * ) PLANE_ANGLE_UNIT ( ) SI_UNIT ( $, .RADIAN. ) );
#4305 = CARTESIAN_POINT ( 'NONE',  ( -5436.154897157194700, 1148.046727750442400, -4641.376536848411900 ) ) ;
#4306 = DIRECTION ( 'NONE',  ( -0.0000000000000000000, -0.0000000000000000000, 1.000000000000000000 ) ) ;
#4307 = FILL_AREA_STYLE_COLOUR ( '', #6524 ) ;
#4308 = CARTESIAN_POINT ( 'NONE',  ( 2823.000000000000000, 410.0008287708115500, 154.5000000000000300 ) ) ;
#4309 = FILL_AREA_STYLE ('',( #3262 ) ) ;
#4310 = CLOSED_SHELL ( 'NONE', ( #5870, #3128, #4837, #5393, #459, #6335, #4804, #5893, #1559, #1546, #4830, #5295, #4264, #1025, #3722, #3796, #2695, #6342, #4741, #3837, #5307, #5398, #6849, #3175, #2660, #2722, #1622, #3755, #3248, #5968, #4730, #498, #3731, #4759, #1086, #6889, #4881, #17, #4214, #2635, #5433, #6897, #3161, #2689, #5925, #4737, #967, #5267, #1694, #1616, #589, #2188, #1687, #4812, #5360, #1642, #1579, #4362, #529, #3170, #3222, #4232, #1050, #1652, #3764, #521, #2583, #3685, #5315, #2126 ) ) ;
#4311 =( NAMED_UNIT ( * ) PLANE_ANGLE_UNIT ( ) SI_UNIT ( $, .RADIAN. ) );
#4312 = EDGE_CURVE ( 'NONE', #5274, #4097, #5161, .T. ) ;
#4313 = DIRECTION ( 'NONE',  ( 0.0000000000000000000, 0.0000000000000000000, 1.000000000000000000 ) ) ;
#4314 = ORIENTED_EDGE ( 'NONE', *, *, #4610, .T. ) ;
#4315 = PRESENTATION_LAYER_ASSIGNMENT (  '', '', ( #2305 ) ) ;
#4316 = CARTESIAN_POINT ( 'NONE',  ( -894.3999999999999800, -1541.999999999999800, -3335.999999999999500 ) ) ;
#4317 = CIRCLE ( 'NONE', #3237, 136.0000000000000600 ) ;
#4318 = PRESENTATION_LAYER_ASSIGNMENT (  '', '', ( #4892 ) ) ;
#4319 = VERTEX_POINT ( 'NONE', #3903 ) ;
#4320 = AXIS2_PLACEMENT_3D ( 'NONE', #6392, #4788, #5 ) ;
#4321 = ADVANCED_FACE ( 'NONE', ( #1744 ), #1911, .T. ) ;
#4322 =( LENGTH_UNIT ( ) NAMED_UNIT ( * ) SI_UNIT ( .MILLI., .METRE. ) );
#4323 = COLOUR_RGB ( '',0.7921568627450980000, 0.8196078431372548800, 0.9333333333333333500 ) ;
#4324 = DIRECTION ( 'NONE',  ( 0.0000000000000000000, 0.0000000000000000000, -1.000000000000000000 ) ) ;
#4325 = CARTESIAN_POINT ( 'NONE',  ( -3761.960000000000000, -1694.046727750439500, -3335.999999999999100 ) ) ;
#4326 =( LENGTH_UNIT ( ) NAMED_UNIT ( * ) SI_UNIT ( .MILLI., .METRE. ) );
#4327 = ORIENTED_EDGE ( 'NONE', *, *, #1539, .T. ) ;
#4328 = DIRECTION ( 'NONE',  ( -0.0000000000000000000, -0.0000000000000000000, -1.000000000000000000 ) ) ;
#4329 = AXIS2_PLACEMENT_3D ( 'NONE', #504, #2131, #6877 ) ;
#4330 = ADVANCED_FACE ( 'NONE', ( #5336 ), #3315, .T. ) ;
#4331 = FILL_AREA_STYLE_COLOUR ( '', #1822 ) ;
#4332 = ORIENTED_EDGE ( 'NONE', *, *, #2760, .F. ) ;
#4333 = CARTESIAN_POINT ( 'NONE',  ( 2714.781611279004700, 476.4521683709630800, 143.1796741031844800 ) ) ;
#4334 =( NAMED_UNIT ( * ) SI_UNIT ( $, .STERADIAN. ) SOLID_ANGLE_UNIT ( ) );
#4335 = AXIS2_PLACEMENT_3D ( 'NONE', #3472, #1843, #5500 ) ;
#4336 =( BOUNDED_SURFACE ( )  B_SPLINE_SURFACE ( 3, 3, ( 
 ( #2338, #6066, #2854, #6616 ),
 ( #3418, #6589, #6110, #6087 ),
 ( #4476, #1292, #6638, #3397 ),
 ( #1821, #5549, #3979, #751 ) ),
 .UNSPECIFIED., .F., .F., .F. ) 
 B_SPLINE_SURFACE_WITH_KNOTS ( ( 4, 4 ),
 ( 4, 4 ),
 ( 0.0000000000000000000, 1.000000000000000000 ),
 ( 0.0000000000000000000, 1.000000000000000000 ),
 .UNSPECIFIED. ) 
 GEOMETRIC_REPRESENTATION_ITEM ( )  RATIONAL_B_SPLINE_SURFACE ( (
 ( 1.000000000000000000, 0.8047378541243656000, 0.8047378541243656000, 1.000000000000000000),
 ( 0.3333333333333333700, 0.2682459513747885700, 0.2682459513747885700, 0.3333333333333333700),
 ( 0.3333333333333333700, 0.2682459513747885700, 0.2682459513747885700, 0.3333333333333333700),
 ( 1.000000000000000000, 0.8047378541243656000, 0.8047378541243656000, 1.000000000000000000) ) ) 
 REPRESENTATION_ITEM ( '' )  SURFACE ( )  );
#4337 = ORIENTED_EDGE ( 'NONE', *, *, #4637, .F. ) ;
#4338 = CARTESIAN_POINT ( 'NONE',  ( 917.9999999999998900, 424.0008287708115500, 0.0000000000000000000 ) ) ;
#4339 = SURFACE_STYLE_USAGE ( .BOTH. , #6366 ) ;
#4340 = CIRCLE ( 'NONE', #2381, 502.4400000000024400 ) ;
#4341 =( GEOMETRIC_REPRESENTATION_CONTEXT ( 3 ) GLOBAL_UNCERTAINTY_ASSIGNED_CONTEXT ( ( #848 ) ) GLOBAL_UNIT_ASSIGNED_CONTEXT ( ( #6516, #3906, #687 ) ) REPRESENTATION_CONTEXT ( 'NONE', 'WORKASPACE' ) );
#4342 = FILL_AREA_STYLE_COLOUR ( '', #6088 ) ;
#4343 = FILL_AREA_STYLE_COLOUR ( '', #3855 ) ;
#4344 =( LENGTH_UNIT ( ) NAMED_UNIT ( * ) SI_UNIT ( .MILLI., .METRE. ) );
#4345 = ORIENTED_EDGE ( 'NONE', *, *, #4049, .F. ) ;
#4346 = DIRECTION ( 'NONE',  ( 0.0000000000000000000, -1.000000000000000000, 0.0000000000000000000 ) ) ;
#4347 = DIRECTION ( 'NONE',  ( -1.000000000000000000, 0.0000000000000000000, 0.0000000000000000000 ) ) ;
#4348 = CIRCLE ( 'NONE', #5929, 144.4699999999998000 ) ;
#4349 = EDGE_CURVE ( 'NONE', #5686, #1849, #2566, .T. ) ;
#4350 = ADVANCED_FACE ( 'NONE', ( #4821 ), #4336, .T. ) ;
#4351 = ORIENTED_EDGE ( 'NONE', *, *, #6466, .F. ) ;
#4352 = DIRECTION ( 'NONE',  ( 0.0000000000000000000, 0.0000000000000000000, 1.000000000000000000 ) ) ;
#4353 = DIRECTION ( 'NONE',  ( 0.0000000000000000000, 0.0000000000000000000, -1.000000000000000000 ) ) ;
#4354 = AXIS2_PLACEMENT_3D ( 'NONE', #1350, #875, #3546 ) ;
#4355 = CARTESIAN_POINT ( 'NONE',  ( 917.9999999999998900, 424.0008287708115500, 144.4699999999999400 ) ) ;
#4356 = LINE ( 'NONE', #298, #4939 ) ;
#4357 = LINE ( 'NONE', #1004, #1511 ) ;
#4358 = DIRECTION ( 'NONE',  ( -0.0000000000000000000, 1.000000000000000000, 0.0000000000000000000 ) ) ;
#4359 = AXIS2_PLACEMENT_3D ( 'NONE', #6381, #4747, #1051 ) ;
#4360 = ORIENTED_EDGE ( 'NONE', *, *, #4049, .T. ) ;
#4361 = VERTEX_POINT ( 'NONE', #3773 ) ;
#4362 = ADVANCED_FACE ( 'NONE', ( #3167, #556 ), #3242, .T. ) ;
#4363 = MECHANICAL_DESIGN_GEOMETRIC_PRESENTATION_REPRESENTATION (  '', ( #2268 ), #408 ) ;
#4364 = CIRCLE ( 'NONE', #6122, 198.5999999999998500 ) ;
#4365 = CARTESIAN_POINT ( 'NONE',  ( 0.0000000000000000000, 0.0000000000000000000, 0.0000000000000000000 ) ) ;
#4366 =( NAMED_UNIT ( * ) PLANE_ANGLE_UNIT ( ) SI_UNIT ( $, .RADIAN. ) );
#4367 = SURFACE_STYLE_USAGE ( .BOTH. , #3353 ) ;
#4368 = ORIENTED_EDGE ( 'NONE', *, *, #1922, .F. ) ;
#4369 = EDGE_LOOP ( 'NONE', ( #3280, #1144 ) ) ;
#4370 =( GEOMETRIC_REPRESENTATION_CONTEXT ( 3 ) GLOBAL_UNCERTAINTY_ASSIGNED_CONTEXT ( ( #3780 ) ) GLOBAL_UNIT_ASSIGNED_CONTEXT ( ( #3586, #4158, #982 ) ) REPRESENTATION_CONTEXT ( 'NONE', 'WORKASPACE' ) );
#4371 =( LENGTH_UNIT ( ) NAMED_UNIT ( * ) SI_UNIT ( .MILLI., .METRE. ) );
#4372 =( LENGTH_UNIT ( ) NAMED_UNIT ( * ) SI_UNIT ( .MILLI., .METRE. ) );
#4373 = COLOUR_RGB ( '',0.7921568627450980000, 0.8196078431372548800, 0.9333333333333333500 ) ;
#4374 = FACE_OUTER_BOUND ( 'NONE', #5715, .T. ) ;
#4375 = CARTESIAN_POINT ( 'NONE',  ( -981.0774622787373600, -2044.439999999999100, -3093.119999999999400 ) ) ;
#4376 = DIRECTION ( 'NONE',  ( -1.000000000000000000, 0.0000000000000000000, 0.0000000000000000000 ) ) ;
#4377 = EDGE_CURVE ( 'NONE', #4218, #4240, #5662, .T. ) ;
#4378 = ORIENTED_EDGE ( 'NONE', *, *, #5468, .T. ) ;
#4379 = CARTESIAN_POINT ( 'NONE',  ( -1137.280000000000200, -380.9999999999993700, -3214.560000000000400 ) ) ;
#4380 = PRESENTATION_STYLE_ASSIGNMENT (( #5613 ) ) ;
#4381 = SURFACE_STYLE_FILL_AREA ( #1894 ) ;
#4382 = EDGE_CURVE ( 'NONE', #6289, #5597, #2720, .T. ) ;
#4383 = DIRECTION ( 'NONE',  ( 1.000000000000000000, -0.0000000000000000000, -0.0000000000000000000 ) ) ;
#4384 = CARTESIAN_POINT ( 'NONE',  ( 2811.092718605168100, 464.1164946989013600, 179.1717658340384400 ) ) ;
#4385 = EDGE_LOOP ( 'NONE', ( #591, #4538 ) ) ;
#4386 = ORIENTED_EDGE ( 'NONE', *, *, #2026, .T. ) ;
#4387 = DIRECTION ( 'NONE',  ( 0.0000000000000000000, 0.0000000000000000000, 1.000000000000000000 ) ) ;
#4388 = FILL_AREA_STYLE_COLOUR ( '', #6915 ) ;
#4389 = FILL_AREA_STYLE_COLOUR ( '', #5194 ) ;
#4390 = ORIENTED_EDGE ( 'NONE', *, *, #1524, .F. ) ;
#4391 =( GEOMETRIC_REPRESENTATION_CONTEXT ( 3 ) GLOBAL_UNCERTAINTY_ASSIGNED_CONTEXT ( ( #3044 ) ) GLOBAL_UNIT_ASSIGNED_CONTEXT ( ( #6484, #2251, #1718 ) ) REPRESENTATION_CONTEXT ( 'NONE', 'WORKASPACE' ) );
#4392 = SURFACE_STYLE_USAGE ( .BOTH. , #1673 ) ;
#4393 = EDGE_CURVE ( 'NONE', #5761, #4777, #598, .T. ) ;
#4394 = ORIENTED_EDGE ( 'NONE', *, *, #612, .T. ) ;
#4395 = DIRECTION ( 'NONE',  ( 0.0000000000000000000, 0.0000000000000000000, 1.000000000000000000 ) ) ;
#4396 = CARTESIAN_POINT ( 'NONE',  ( -3796.722537721263100, -2044.440000000000100, -3578.880000000000100 ) ) ;
#4397 = ORIENTED_EDGE ( 'NONE', *, *, #968, .T. ) ;
#4398 = CARTESIAN_POINT ( 'NONE',  ( 1218.000000000000000, 1869.999999999999800, 117.4999999999999900 ) ) ;
#4399 = CIRCLE ( 'NONE', #4582, 75.00000000000017100 ) ;
#4400 = FILL_AREA_STYLE ('',( #692 ) ) ;
#4401 = CARTESIAN_POINT ( 'NONE',  ( -1137.279999999999700, 121.4400000000007100, -3249.322537721262100 ) ) ;
#4402 = ORIENTED_EDGE ( 'NONE', *, *, #2699, .T. ) ;
#4403 = AXIS2_PLACEMENT_3D ( 'NONE', #5080, #1891, #5616 ) ;
#4404 = CARTESIAN_POINT ( 'NONE',  ( 2897.519644593557100, 469.9165027581983600, 163.3720408969398400 ) ) ;
#4405 = EDGE_CURVE ( 'NONE', #3064, #4754, #1139, .T. ) ;
#4406 = CARTESIAN_POINT ( 'NONE',  ( -350.0000000000000600, 1.487211072884545900E-014, 121.4400000000000100 ) ) ;
#4407 = AXIS2_PLACEMENT_3D ( 'NONE', #6896, #4328, #5889 ) ;
#4408 = DIRECTION ( 'NONE',  ( -1.000000000000000000, 0.0000000000000000000, 0.0000000000000000000 ) ) ;
#4409 = CARTESIAN_POINT ( 'NONE',  ( 652.9397991143106300, -11.48212754475689900, -497.3687797926659200 ) ) ;
#4410 =( GEOMETRIC_REPRESENTATION_CONTEXT ( 3 ) GLOBAL_UNCERTAINTY_ASSIGNED_CONTEXT ( ( #5569 ) ) GLOBAL_UNIT_ASSIGNED_CONTEXT ( ( #5526, #726, #2388 ) ) REPRESENTATION_CONTEXT ( 'NONE', 'WORKASPACE' ) );
#4411 = CARTESIAN_POINT ( 'NONE',  ( 248.0000000000000300, 497.5000000000000600, 0.0000000000000000000 ) ) ;
#4412 = AXIS2_PLACEMENT_3D ( 'NONE', #6594, #3400, #2390 ) ;
#4413 = LINE ( 'NONE', #3747, #3490 ) ;
#4414 = FILL_AREA_STYLE_COLOUR ( '', #1142 ) ;
#4415 = AXIS2_PLACEMENT_3D ( 'NONE', #6070, #756, #3382 ) ;
#4416 = CARTESIAN_POINT ( 'NONE',  ( 3086.074175964328300, 1869.999999999999800, 117.4999999999999400 ) ) ;
#4417 = DIRECTION ( 'NONE',  ( 0.0000000000000000000, -1.000000000000000000, 0.0000000000000000000 ) ) ;
#4418 = DIRECTION ( 'NONE',  ( 0.7654468673133625300, -2.503722994132712000E-015, 0.6434991012582378400 ) ) ;
#4419 = CARTESIAN_POINT ( 'NONE',  ( 1744.234409606303600, 0.0000000000000000000, 0.0000000000000000000 ) ) ;
#4420 = FILL_AREA_STYLE_COLOUR ( '', #3008 ) ;
#4421 = LINE ( 'NONE', #622, #2343 ) ;
#4422 = ORIENTED_EDGE ( 'NONE', *, *, #3658, .F. ) ;
#4423 = CARTESIAN_POINT ( 'NONE',  ( 653.4229857895179500, -8.062031143437272000, -497.4359996680089500 ) ) ;
#4424 =( GEOMETRIC_REPRESENTATION_CONTEXT ( 3 ) GLOBAL_UNCERTAINTY_ASSIGNED_CONTEXT ( ( #5240 ) ) GLOBAL_UNIT_ASSIGNED_CONTEXT ( ( #133, #1141, #5474 ) ) REPRESENTATION_CONTEXT ( 'NONE', 'WORKASPACE' ) );
#4425 = PRESENTATION_STYLE_ASSIGNMENT (( #2102 ) ) ;
#4426 = VECTOR ( 'NONE', #2436, 1000.000000000000000 ) ;
#4427 = EDGE_CURVE ( 'NONE', #4114, #3851, #5756, .T. ) ;
#4428 = ORIENTED_EDGE ( 'NONE', *, *, #5323, .T. ) ;
#4429 = CARTESIAN_POINT ( 'NONE',  ( 1218.000000000000000, 1869.999999999999800, 117.4999999999999900 ) ) ;
#4430 = VECTOR ( 'NONE', #4208, 1000.000000000000000 ) ;
#4431 = CARTESIAN_POINT ( 'NONE',  ( -4175.035256446391000, 1498.440000000002300, -3581.173157579389200 ) ) ;
#4432 = SURFACE_STYLE_USAGE ( .BOTH. , #2904 ) ;
#4433 = CARTESIAN_POINT ( 'NONE',  ( 1764.357206279194100, 0.0000000000000000000, 0.0000000000000000000 ) ) ;
#4434 = DIRECTION ( 'NONE',  ( -1.000000000000000000, 0.0000000000000000000, -0.0000000000000000000 ) ) ;
#4435 = ORIENTED_EDGE ( 'NONE', *, *, #4253, .T. ) ;
#4436 = CARTESIAN_POINT ( 'NONE',  ( 62.73714325720447200, 0.0000000000000000000, 0.0000000000000000000 ) ) ;
#4437 = EDGE_CURVE ( 'NONE', #5721, #3101, #4254, .T. ) ;
#4438 =( NAMED_UNIT ( * ) PLANE_ANGLE_UNIT ( ) SI_UNIT ( $, .RADIAN. ) );
#4439 =( GEOMETRIC_REPRESENTATION_CONTEXT ( 3 ) GLOBAL_UNCERTAINTY_ASSIGNED_CONTEXT ( ( #5234 ) ) GLOBAL_UNIT_ASSIGNED_CONTEXT ( ( #6585, #2361, #2819 ) ) REPRESENTATION_CONTEXT ( 'NONE', 'WORKASPACE' ) );
#4440 = CARTESIAN_POINT ( 'NONE',  ( 2643.526777624512300, 497.5011624510600500, -2.751901792383875600 ) ) ;
#4441 = ORIENTED_EDGE ( 'NONE', *, *, #4751, .F. ) ;
#4442 = STYLED_ITEM ( 'NONE', ( #6665 ), #4214 ) ;
#4443 = SURFACE_STYLE_FILL_AREA ( #1876 ) ;
#4444 = CIRCLE ( 'NONE', #717, 74.99999999999995700 ) ;
#4445 = SURFACE_STYLE_FILL_AREA ( #3074 ) ;
#4446 = PRESENTATION_STYLE_ASSIGNMENT (( #3392 ) ) ;
#4447 = PRESENTATION_LAYER_ASSIGNMENT (  '', '', ( #3875 ) ) ;
#4448 = CARTESIAN_POINT ( 'NONE',  ( 0.0000000000000000000, 0.0000000000000000000, -497.5000000000000000 ) ) ;
#4449 = CARTESIAN_POINT ( 'NONE',  ( 2823.000000000000000, 1600.000000000000000, 144.4699999999999400 ) ) ;
#4450 = ORIENTED_EDGE ( 'NONE', *, *, #2951, .F. ) ;
#4451 = CYLINDRICAL_SURFACE ( 'NONE', #1814, 121.4400000000002100 ) ;
#4452 = CARTESIAN_POINT ( 'NONE',  ( 2559.925824035673500, 2009.999999999999800, -117.4999999999985900 ) ) ;
#4453 = DIRECTION ( 'NONE',  ( 8.659560562354910700E-017, -0.7071067811865493500, 0.7071067811865456900 ) ) ;
#4454 = CIRCLE ( 'NONE', #38, 144.4699999999999400 ) ;
#4455 = COLOUR_RGB ( '',0.7921568627450980000, 0.8196078431372548800, 0.9333333333333333500 ) ;
#4456 =( NAMED_UNIT ( * ) SI_UNIT ( $, .STERADIAN. ) SOLID_ANGLE_UNIT ( ) );
#4457 = AXIS2_PLACEMENT_3D ( 'NONE', #4338, #2774, #1747 ) ;
#4458 = SURFACE_STYLE_USAGE ( .BOTH. , #5402 ) ;
#4459 = ORIENTED_EDGE ( 'NONE', *, *, #3003, .T. ) ;
#4460 =( NAMED_UNIT ( * ) SI_UNIT ( $, .STERADIAN. ) SOLID_ANGLE_UNIT ( ) );
#4461 =( LENGTH_UNIT ( ) NAMED_UNIT ( * ) SI_UNIT ( .MILLI., .METRE. ) );
#4462 = CARTESIAN_POINT ( 'NONE',  ( -5237.475508277337200, 1377.000000000002500, -4474.349910125824000 ) ) ;
#4463 = PRESENTATION_STYLE_ASSIGNMENT (( #1181 ) ) ;
#4464 = CARTESIAN_POINT ( 'NONE',  ( 917.9999999999998900, 410.0008287708115500, -71.49999999999998600 ) ) ;
#4465 = EDGE_LOOP ( 'NONE', ( #3817, #2798, #4601, #6683 ) ) ;
#4466 = MECHANICAL_DESIGN_GEOMETRIC_PRESENTATION_REPRESENTATION (  '', ( #3244 ), #4424 ) ;
#4467 = CARTESIAN_POINT ( 'NONE',  ( 2913.137311885142000, 472.6731671767114400, 155.1996046761810800 ) ) ;
#4468 = UNCERTAINTY_MEASURE_WITH_UNIT (LENGTH_MEASURE( 1.000000000000000100E-005 ), #2223, 'distance_accuracy_value', 'NONE');
#4469 = CARTESIAN_POINT ( 'NONE',  ( 2657.850881126863400, 492.5146842263196200, -70.26692242971029100 ) ) ;
#4470 = DIRECTION ( 'NONE',  ( 0.0000000000000000000, 0.0000000000000000000, 1.000000000000000000 ) ) ;
#4471 = CARTESIAN_POINT ( 'NONE',  ( 653.7656315809579200, -4.615480307342166600, -497.4838970147765200 ) ) ;
#4472 =( LENGTH_UNIT ( ) NAMED_UNIT ( * ) SI_UNIT ( .MILLI., .METRE. ) );
#4473 = SURFACE_SIDE_STYLE ('',( #6834 ) ) ;
#4474 = MECHANICAL_DESIGN_GEOMETRIC_PRESENTATION_REPRESENTATION (  '', ( #4699 ), #5403 ) ;
#4475 = DIRECTION ( 'NONE',  ( -0.0000000000000000000, -1.000000000000000000, -0.0000000000000000000 ) ) ;
#4476 = CARTESIAN_POINT ( 'NONE',  ( -772.9600000000001500, -1541.999999999999500, -3578.879999999999700 ) ) ;
#4477 = LINE ( 'NONE', #6799, #282 ) ;
#4478 = FILL_AREA_STYLE_COLOUR ( '', #6677 ) ;
#4479 = EDGE_CURVE ( 'NONE', #4705, #3636, #216, .T. ) ;
#4480 = CARTESIAN_POINT ( 'NONE',  ( -5237.475508277337200, 1377.000000000002500, -4474.349910125824000 ) ) ;
#4481 = ORIENTED_EDGE ( 'NONE', *, *, #5146, .T. ) ;
#4482 = SURFACE_STYLE_USAGE ( .BOTH. , #1299 ) ;
#4483 = SURFACE_SIDE_STYLE ('',( #5657 ) ) ;
#4484 =( GEOMETRIC_REPRESENTATION_CONTEXT ( 3 ) GLOBAL_UNCERTAINTY_ASSIGNED_CONTEXT ( ( #2884 ) ) GLOBAL_UNIT_ASSIGNED_CONTEXT ( ( #2115, #6376, #3186 ) ) REPRESENTATION_CONTEXT ( 'NONE', 'WORKASPACE' ) );
#4485 = CLOSED_SHELL ( 'NONE', ( #6468, #3138, #4321, #5334, #2121, #2093, #6872, #6443, #3648, #3299, #2083, #3827, #6863, #2036, #1112, #4870, #55, #6436 ) ) ;
#4486 = AXIS2_PLACEMENT_3D ( 'NONE', #5663, #6727, #1960 ) ;
#4487 = CARTESIAN_POINT ( 'NONE',  ( 2851.203013446502200, 464.8548297450786300, 177.2464209927621800 ) ) ;
#4488 = CARTESIAN_POINT ( 'NONE',  ( 2655.009595839866500, 493.4703261732482800, -63.43311632874398500 ) ) ;
#4489 = AXIS2_PLACEMENT_3D ( 'NONE', #621, #2347, #4376 ) ;
#4490 = COLOUR_RGB ( '',0.7921568627450980000, 0.8196078431372548800, 0.9333333333333333500 ) ;
#4491 = EDGE_LOOP ( 'NONE', ( #6649, #940, #585, #197, #1190 ) ) ;
#4492 = AXIS2_PLACEMENT_3D ( 'NONE', #5965, #581, #1191 ) ;
#4493 =( GEOMETRIC_REPRESENTATION_CONTEXT ( 3 ) GLOBAL_UNCERTAINTY_ASSIGNED_CONTEXT ( ( #5014 ) ) GLOBAL_UNIT_ASSIGNED_CONTEXT ( ( #1531, #555, #1052 ) ) REPRESENTATION_CONTEXT ( 'NONE', 'WORKASPACE' ) );
#4494 = DIRECTION ( 'NONE',  ( 0.0000000000000000000, 0.0000000000000000000, -1.000000000000000000 ) ) ;
#4495 =( LENGTH_UNIT ( ) NAMED_UNIT ( * ) SI_UNIT ( .MILLI., .METRE. ) );
#4496 = EDGE_CURVE ( 'NONE', #6336, #2473, #2418, .T. ) ;
#4497 = CIRCLE ( 'NONE', #2755, 74.99999999999995700 ) ;
#4498 = DIRECTION ( 'NONE',  ( -1.000000000000000000, 0.0000000000000000000, 0.0000000000000000000 ) ) ;
#4499 = AXIS2_PLACEMENT_3D ( 'NONE', #3036, #6752, #4645 ) ;
#4500 = DIRECTION ( 'NONE',  ( -0.0000000000000000000, -0.0000000000000000000, -1.000000000000000000 ) ) ;
#4501 = VERTEX_POINT ( 'NONE', #4834 ) ;
#4502 =( LENGTH_UNIT ( ) NAMED_UNIT ( * ) SI_UNIT ( .MILLI., .METRE. ) );
#4503 = UNCERTAINTY_MEASURE_WITH_UNIT (LENGTH_MEASURE( 1.000000000000000100E-005 ), #3582, 'distance_accuracy_value', 'NONE');
#4504 = DIRECTION ( 'NONE',  ( 0.0000000000000000000, 0.0000000000000000000, -1.000000000000000000 ) ) ;
#4505 = STYLED_ITEM ( 'NONE', ( #305 ), #17 ) ;
#4506 = SURFACE_STYLE_FILL_AREA ( #6041 ) ;
#4507 = FACE_OUTER_BOUND ( 'NONE', #6034, .T. ) ;
#4508 = PRESENTATION_STYLE_ASSIGNMENT (( #1046 ) ) ;
#4509 = ORIENTED_EDGE ( 'NONE', *, *, #4887, .F. ) ;
#4510 = CARTESIAN_POINT ( 'NONE',  ( 929.9072813948319000, 464.1164946989014200, -179.1717658340384700 ) ) ;
#4511 = CARTESIAN_POINT ( 'NONE',  ( 2713.444815525673200, 476.7391377970348000, -142.2700126883060200 ) ) ;
#4512 = CIRCLE ( 'NONE', #914, 144.4699999999998000 ) ;
#4513 = CARTESIAN_POINT ( 'NONE',  ( 646.7931167342787800, 31.00331370494531700, -496.5510902821250700 ) ) ;
#4514 = COLOUR_RGB ( '',0.7921568627450980000, 0.8196078431372548800, 0.9333333333333333500 ) ;
#4515 = VECTOR ( 'NONE', #5494, 1000.000000000000000 ) ;
#4516 =( GEOMETRIC_REPRESENTATION_CONTEXT ( 3 ) GLOBAL_UNCERTAINTY_ASSIGNED_CONTEXT ( ( #6535 ) ) GLOBAL_UNIT_ASSIGNED_CONTEXT ( ( #728, #707, #2341 ) ) REPRESENTATION_CONTEXT ( 'NONE', 'WORKASPACE' ) );
#4517 = UNCERTAINTY_MEASURE_WITH_UNIT (LENGTH_MEASURE( 1.000000000000000100E-005 ), #1908, 'distance_accuracy_value', 'NONE');
#4518 = DIRECTION ( 'NONE',  ( -1.000000000000000000, 0.0000000000000000000, 0.0000000000000000000 ) ) ;
#4519 = VERTEX_POINT ( 'NONE', #4355 ) ;
#4520 = EDGE_CURVE ( 'NONE', #4950, #2767, #6483, .T. ) ;
#4521 = SURFACE_STYLE_USAGE ( .BOTH. , #228 ) ;
#4522 = CARTESIAN_POINT ( 'NONE',  ( 783.1194621813174300, 483.1945681411056100, 118.5349766382506400 ) ) ;
#4523 =( NAMED_UNIT ( * ) SI_UNIT ( $, .STERADIAN. ) SOLID_ANGLE_UNIT ( ) );
#4524 = ORIENTED_EDGE ( 'NONE', *, *, #5637, .F. ) ;
#4525 = ORIENTED_EDGE ( 'NONE', *, *, #2748, .T. ) ;
#4526 = LINE ( 'NONE', #862, #5786 ) ;
#4527 = CARTESIAN_POINT ( 'NONE',  ( -3976.355867566534900, 1148.046727750440400, -3414.146530856800400 ) ) ;
#4528 = CARTESIAN_POINT ( 'NONE',  ( 0.0000000000000000000, 1.487211072884545900E-014, 121.4400000000000100 ) ) ;
#4529 =( NAMED_UNIT ( * ) PLANE_ANGLE_UNIT ( ) SI_UNIT ( $, .RADIAN. ) );
#4530 = EDGE_CURVE ( 'NONE', #1093, #3101, #1400, .T. ) ;
#4531 = EDGE_LOOP ( 'NONE', ( #2761, #109, #5245, #1098, #4351, #2732, #2385 ) ) ;
#4532 = SURFACE_SIDE_STYLE ('',( #3653 ) ) ;
#4533 = MECHANICAL_DESIGN_GEOMETRIC_PRESENTATION_REPRESENTATION (  '', ( #5018 ), #6710 ) ;
#4534 = CIRCLE ( 'NONE', #2486, 75.00000000000007100 ) ;
#4535 = VECTOR ( 'NONE', #5435, 1000.000000000000000 ) ;
#4536 = CARTESIAN_POINT ( 'NONE',  ( 1026.218388720996200, 476.4521683709631900, -143.1796741031845400 ) ) ;
#4537 = CARTESIAN_POINT ( 'NONE',  ( 2811.063739953323900, 464.1165628883821900, -179.1716196051568500 ) ) ;
#4538 = ORIENTED_EDGE ( 'NONE', *, *, #6317, .T. ) ;
#4539 = CARTESIAN_POINT ( 'NONE',  ( 598.7905461779498600, 68.30648876150448200, -492.7885196690762100 ) ) ;
#4540 = CIRCLE ( 'NONE', #6661, 75.00000000000017100 ) ;
#4541 = STYLED_ITEM ( 'NONE', ( #1365 ), #6410 ) ;
#4542 = PRESENTATION_STYLE_ASSIGNMENT (( #6069 ) ) ;
#4543 = FILL_AREA_STYLE ('',( #2489 ) ) ;
#4544 = EDGE_LOOP ( 'NONE', ( #1711, #625, #4509, #2285, #6296, #1996, #6105, #719, #451, #5431 ) ) ;
#4545 =( GEOMETRIC_REPRESENTATION_CONTEXT ( 3 ) GLOBAL_UNCERTAINTY_ASSIGNED_CONTEXT ( ( #419 ) ) GLOBAL_UNIT_ASSIGNED_CONTEXT ( ( #4190, #6911, #465 ) ) REPRESENTATION_CONTEXT ( 'NONE', 'WORKASPACE' ) );
#4546 = CARTESIAN_POINT ( 'NONE',  ( 787.0175061094275900, 482.1177632247674900, 122.8278688931353900 ) ) ;
#4547 = AXIS2_PLACEMENT_3D ( 'NONE', #1770, #2727, #6541 ) ;
#4548 =( NAMED_UNIT ( * ) PLANE_ANGLE_UNIT ( ) SI_UNIT ( $, .RADIAN. ) );
#4549 = CARTESIAN_POINT ( 'NONE',  ( 2823.000000000000000, 410.0008287708115500, -154.5000000000000300 ) ) ;
#4550 = VERTEX_POINT ( 'NONE', #5916 ) ;
#4551 = CARTESIAN_POINT ( 'NONE',  ( 2983.851076211327400, 491.0890113824939900, 79.65596609891596800 ) ) ;
#4552 = CARTESIAN_POINT ( 'NONE',  ( 3086.074175964328800, 1869.999999999999500, 496.0000000000000000 ) ) ;
#4553 = CARTESIAN_POINT ( 'NONE',  ( 0.0000000000000000000, 0.0000000000000000000, 0.0000000000000000000 ) ) ;
#4554 = ORIENTED_EDGE ( 'NONE', *, *, #5672, .T. ) ;
#4555 = AXIS2_PLACEMENT_3D ( 'NONE', #6533, #2845, #6128 ) ;
#4556 = DIRECTION ( 'NONE',  ( -1.000000000000000000, 0.0000000000000000000, 0.0000000000000000000 ) ) ;
#4557 = FILL_AREA_STYLE ('',( #2481 ) ) ;
#4558 = LINE ( 'NONE', #4212, #797 ) ;
#4559 = DIRECTION ( 'NONE',  ( 1.000000000000000000, -0.0000000000000000000, -0.0000000000000000000 ) ) ;
#4560 = CARTESIAN_POINT ( 'NONE',  ( 514.1199999999996600, 2.311098094907207300, -497.4999999999999400 ) ) ;
#4561 = EDGE_CURVE ( 'NONE', #4687, #1197, #4086, .T. ) ;
#4562 = ORIENTED_EDGE ( 'NONE', *, *, #3955, .T. ) ;
#4563 = CARTESIAN_POINT ( 'NONE',  ( -4004.840000000000600, -1836.322537721261800, -3093.119999999999000 ) ) ;
#4564 = CARTESIAN_POINT ( 'NONE',  ( 2907.055522721590900, 1869.999999999999800, 117.4999999999999900 ) ) ;
#4565 = CARTESIAN_POINT ( 'NONE',  ( 917.9999999999998900, 424.0008287708115500, -179.4700000000000000 ) ) ;
#4566 = CARTESIAN_POINT ( 'NONE',  ( 769.7724683844345500, 487.1011811186643300, 101.1941057180370100 ) ) ;
#4567 = CARTESIAN_POINT ( 'NONE',  ( -1275.399999999999600, -1923.000000000000000, -3214.559999999999000 ) ) ;
#4568 = EDGE_CURVE ( 'NONE', #6929, #3213, #5997, .T. ) ;
#4569 = VECTOR ( 'NONE', #6598, 1000.000000000000000 ) ;
#4570 = PRESENTATION_LAYER_ASSIGNMENT (  '', '', ( #5648 ) ) ;
#4571 = CARTESIAN_POINT ( 'NONE',  ( 3123.000000000000000, 1869.999999999999800, 117.4999999999999900 ) ) ;
#4572 = MECHANICAL_DESIGN_GEOMETRIC_PRESENTATION_REPRESENTATION (  '', ( #1484 ), #6482 ) ;
#4573 = AXIS2_PLACEMENT_3D ( 'NONE', #3772, #4831, #1637 ) ;
#4574 = DIRECTION ( 'NONE',  ( 0.0000000000000000000, 0.0000000000000000000, 1.000000000000000000 ) ) ;
#4575 = DIRECTION ( 'NONE',  ( 1.000000000000000000, -0.0000000000000000000, -0.0000000000000000000 ) ) ;
#4576 = UNCERTAINTY_MEASURE_WITH_UNIT (LENGTH_MEASURE( 1.000000000000000100E-005 ), #6048, 'distance_accuracy_value', 'NONE');
#4577 = FILL_AREA_STYLE ('',( #4078 ) ) ;
#4578 = CARTESIAN_POINT ( 'NONE',  ( 2934.696485579602700, 477.2542433270323300, -140.4831788092090800 ) ) ;
#4579 = CARTESIAN_POINT ( 'NONE',  ( 556.2369993467763200, 64.13845869145163200, -493.3484599718096300 ) ) ;
#4580 = CIRCLE ( 'NONE', #4096, 75.00000000000007100 ) ;
#4581 = ORIENTED_EDGE ( 'NONE', *, *, #2150, .F. ) ;
#4582 = AXIS2_PLACEMENT_3D ( 'NONE', #4121, #2032, #2557 ) ;
#4583 = SURFACE_STYLE_FILL_AREA ( #45 ) ;
#4584 = PRODUCT_RELATED_PRODUCT_CATEGORY ( 'part', '', ( #2336 ) ) ;
#4585 = PRESENTATION_STYLE_ASSIGNMENT (( #5253 ) ) ;
#4586 = ORIENTED_EDGE ( 'NONE', *, *, #481, .F. ) ;
#4587 = CARTESIAN_POINT ( 'NONE',  ( 2823.000000000000000, 410.0008287708115500, 0.0000000000000000000 ) ) ;
#4588 = DIRECTION ( 'NONE',  ( 0.0000000000000000000, 0.0000000000000000000, 1.000000000000000000 ) ) ;
#4589 = DIRECTION ( 'NONE',  ( 1.000000000000000000, -0.0000000000000000000, -0.0000000000000000000 ) ) ;
#4590 = CIRCLE ( 'NONE', #1134, 75.00000000000017100 ) ;
#4591 = PRESENTATION_STYLE_ASSIGNMENT (( #3650 ) ) ;
#4592 = PRESENTATION_STYLE_ASSIGNMENT (( #5184 ) ) ;
#4593 = ORIENTED_EDGE ( 'NONE', *, *, #4182, .F. ) ;
#4594 = SURFACE_SIDE_STYLE ('',( #5841 ) ) ;
#4595 = STYLED_ITEM ( 'NONE', ( #3442 ), #450 ) ;
#4596 = DIRECTION ( 'NONE',  ( 0.0000000000000000000, -0.0000000000000000000, 1.000000000000000000 ) ) ;
#4597 = CARTESIAN_POINT ( 'NONE',  ( 799.4907840959172100, 478.8760813785303300, -134.9024117698940600 ) ) ;
#4598 = DIRECTION ( 'NONE',  ( -0.0000000000000000000, 1.000000000000000000, 0.0000000000000000000 ) ) ;
#4599 = CARTESIAN_POINT ( 'NONE',  ( 1091.256517699486300, 495.2919562808000900, -46.90984265278116500 ) ) ;
#4600 = SURFACE_SIDE_STYLE ('',( #6114 ) ) ;
#4601 = ORIENTED_EDGE ( 'NONE', *, *, #3592, .T. ) ;
#4602 = VERTEX_POINT ( 'NONE', #533 ) ;
#4603 = CARTESIAN_POINT ( 'NONE',  ( 3001.751069239202900, 497.2410836064739200, 16.11706690907581700 ) ) ;
#4604 = DIRECTION ( 'NONE',  ( 1.000000000000000000, -0.0000000000000000000, -0.0000000000000000000 ) ) ;
#4605 = FACE_OUTER_BOUND ( 'NONE', #1249, .T. ) ;
#4606 = MECHANICAL_DESIGN_GEOMETRIC_PRESENTATION_REPRESENTATION (  '', ( #5056 ), #4341 ) ;
#4607 = CARTESIAN_POINT ( 'NONE',  ( -1015.840000000000000, 0.0000000000000000000, -86.67746227873763600 ) ) ;
#4608 = DIRECTION ( 'NONE',  ( -1.000000000000000000, 0.0000000000000000000, 0.0000000000000000000 ) ) ;
#4609 = ORIENTED_EDGE ( 'NONE', *, *, #968, .F. ) ;
#4610 = EDGE_CURVE ( 'NONE', #6075, #2445, #3667, .T. ) ;
#4611 = DIRECTION ( 'NONE',  ( -1.000000000000000000, 0.0000000000000000000, 0.0000000000000000000 ) ) ;
#4612 = SURFACE_STYLE_FILL_AREA ( #5604 ) ;
#4613 = CIRCLE ( 'NONE', #4900, 497.5000000000000000 ) ;
#4614 = CARTESIAN_POINT ( 'NONE',  ( 2738.944477278407200, 2009.999999999999800, -117.4999999999986600 ) ) ;
#4615 = CARTESIAN_POINT ( 'NONE',  ( 805.1623252130550600, 477.5226798628262900, 139.5681644194228000 ) ) ;
#4616 = DIRECTION ( 'NONE',  ( -0.0000000000000000000, -1.000000000000000000, -0.0000000000000000000 ) ) ;
#4617 = ORIENTED_EDGE ( 'NONE', *, *, #5399, .F. ) ;
#4618 = DIRECTION ( 'NONE',  ( 0.0000000000000000000, 0.0000000000000000000, -1.000000000000000000 ) ) ;
#4619 = COLOUR_RGB ( '',0.7921568627450980000, 0.8196078431372548800, 0.9333333333333333500 ) ;
#4620 = DIRECTION ( 'NONE',  ( -0.0000000000000000000, 0.0000000000000000000, -1.000000000000000000 ) ) ;
#4621 = LINE ( 'NONE', #3839, #4535 ) ;
#4622 = PRESENTATION_LAYER_ASSIGNMENT (  '', '', ( #1759 ) ) ;
#4623 = CARTESIAN_POINT ( 'NONE',  ( 3086.074175964326100, 2009.999999999999800, 496.0000000000000000 ) ) ;
#4624 = DIRECTION ( 'NONE',  ( 0.0000000000000000000, 0.0000000000000000000, 1.000000000000000000 ) ) ;
#4625 =( GEOMETRIC_REPRESENTATION_CONTEXT ( 3 ) GLOBAL_UNCERTAINTY_ASSIGNED_CONTEXT ( ( #1890 ) ) GLOBAL_UNIT_ASSIGNED_CONTEXT ( ( #7, #1680, #5407 ) ) REPRESENTATION_CONTEXT ( 'NONE', 'WORKASPACE' ) );
#4626 = ORIENTED_EDGE ( 'NONE', *, *, #28, .T. ) ;
#4627 = CARTESIAN_POINT ( 'NONE',  ( 484.5802245696154400, 0.0000000000000000000, 0.0000000000000000000 ) ) ;
#4628 = CARTESIAN_POINT ( 'NONE',  ( 1078.851076211328500, 491.0890113824941100, 79.65596609891582600 ) ) ;
#4629 = CIRCLE ( 'NONE', #3778, 88.90000000000000600 ) ;
#4630 = CARTESIAN_POINT ( 'NONE',  ( 2945.781256893612900, 479.9545405092388800, -131.0261883680040900 ) ) ;
#4631 = PRESENTATION_LAYER_ASSIGNMENT (  '', '', ( #2564 ) ) ;
#4632 = CARTESIAN_POINT ( 'NONE',  ( 571.4910143317491700, 68.76078408496734100, -492.7253344481356400 ) ) ;
#4633 = ORIENTED_EDGE ( 'NONE', *, *, #3798, .F. ) ;
#4634 = STYLED_ITEM ( 'NONE', ( #5032 ), #6863 ) ;
#4635 = CARTESIAN_POINT ( 'NONE',  ( -772.9600000000000400, -242.8800000000000000, -228.9532722495605700 ) ) ;
#4636 = DIRECTION ( 'NONE',  ( 0.0000000000000000000, 0.0000000000000000000, -1.000000000000000000 ) ) ;
#4637 = EDGE_CURVE ( 'NONE', #6217, #6370, #6818, .T. ) ;
#4638 = PRESENTATION_STYLE_ASSIGNMENT (( #5262 ) ) ;
#4639 = AXIS2_PLACEMENT_3D ( 'NONE', #2430, #5791, #5250 ) ;
#4640 = ORIENTED_EDGE ( 'NONE', *, *, #4405, .T. ) ;
#4641 = CARTESIAN_POINT ( 'NONE',  ( 1899.522324492973000, -485.4999999999999400, -5.464378949326941100E-014 ) ) ;
#4642 = CARTESIAN_POINT ( 'NONE',  ( 738.5267776245119600, 497.5011624510599400, -2.751901792383872900 ) ) ;
#4643 = SURFACE_STYLE_FILL_AREA ( #2636 ) ;
#4644 = DIRECTION ( 'NONE',  ( -0.0000000000000000000, -0.0000000000000000000, 1.000000000000000000 ) ) ;
#4645 = DIRECTION ( 'NONE',  ( 9.142152706070128400E-016, 0.0000000000000000000, -1.000000000000000000 ) ) ;
#4646 = CONICAL_SURFACE ( 'NONE', #5327, 136.0000000000000600, 0.7853981633974538300 ) ;
#4647 = DIRECTION ( 'NONE',  ( 0.7654468673133622000, -0.0000000000000000000, 0.6434991012582380600 ) ) ;
#4648 = CARTESIAN_POINT ( 'NONE',  ( 758.4720249748015700, 490.6569385499800000, -82.27306894332686200 ) ) ;
#4649 = STYLED_ITEM ( 'NONE', ( #2736 ), #1054 ) ;
#4650 = DIRECTION ( 'NONE',  ( 0.0000000000000000000, 0.0000000000000000000, -1.000000000000000000 ) ) ;
#4651 = CARTESIAN_POINT ( 'NONE',  ( 1095.994767843981400, 496.9694236732547100, -23.70607361448514500 ) ) ;
#4652 = SURFACE_STYLE_USAGE ( .BOTH. , #308 ) ;
#4653 = CARTESIAN_POINT ( 'NONE',  ( 2996.402192747101700, 495.3408052222325800, 46.64434665251089000 ) ) ;
#4654 = UNCERTAINTY_MEASURE_WITH_UNIT (LENGTH_MEASURE( 1.000000000000000100E-005 ), #4265, 'distance_accuracy_value', 'NONE');
#4655 = FILL_AREA_STYLE_COLOUR ( '', #4761 ) ;
#4656 = EDGE_CURVE ( 'NONE', #5686, #5013, #130, .T. ) ;
#4657 = DIRECTION ( 'NONE',  ( -0.0000000000000000000, -1.000000000000000000, -0.0000000000000000000 ) ) ;
#4658 = FACE_OUTER_BOUND ( 'NONE', #6570, .T. ) ;
#4659 = SURFACE_SIDE_STYLE ('',( #1265 ) ) ;
#4660 = CARTESIAN_POINT ( 'NONE',  ( -894.3999999999999800, 0.0000000000000000000, -2955.000000000000000 ) ) ;
#4661 = EDGE_CURVE ( 'NONE', #4093, #6289, #4413, .T. ) ;
#4662 = DIRECTION ( 'NONE',  ( -0.0000000000000000000, -1.000000000000000000, -0.0000000000000000000 ) ) ;
#4663 = AXIS2_PLACEMENT_3D ( 'NONE', #2380, #3939, #2814 ) ;
#4664 = PRESENTATION_STYLE_ASSIGNMENT (( #780 ) ) ;
#4665 = SURFACE_STYLE_USAGE ( .BOTH. , #965 ) ;
#4666 = CARTESIAN_POINT ( 'NONE',  ( 838.1930681142532600, 470.7864934939938200, -160.8569741205672300 ) ) ;
#4667 = MECHANICAL_DESIGN_GEOMETRIC_PRESENTATION_REPRESENTATION (  '', ( #4892 ), #1075 ) ;
#4668 = SURFACE_STYLE_FILL_AREA ( #2728 ) ;
#4669 = PRESENTATION_LAYER_ASSIGNMENT (  '', '', ( #5746 ) ) ;
#4670 = CARTESIAN_POINT ( 'NONE',  ( -894.3999999999999800, 0.0000000000000000000, -380.9999999999999400 ) ) ;
#4671 = SURFACE_SIDE_STYLE ('',( #5026 ) ) ;
#4672 = PLANE ( 'NONE',  #4894 ) ;
#4673 = CARTESIAN_POINT ( 'NONE',  ( 917.9999999999998900, 418.0008287708115500, 63.50000000000001400 ) ) ;
#4674 = AXIS2_PLACEMENT_3D ( 'NONE', #6146, #4575, #1402 ) ;
#4675 = CARTESIAN_POINT ( 'NONE',  ( -894.3999999999999800, -86.67746227873708200, -3457.439999999999600 ) ) ;
#4676 = AXIS2_PLACEMENT_3D ( 'NONE', #5771, #380, #2610 ) ;
#4677 = COLOUR_RGB ( '',0.7921568627450980000, 0.8196078431372548800, 0.9333333333333333500 ) ;
#4678 = CARTESIAN_POINT ( 'NONE',  ( 2074.954421756885000, -502.3764794820821700, -387.8501387341038400 ) ) ;
#4679 = DIRECTION ( 'NONE',  ( 0.0000000000000000000, 0.0000000000000000000, 1.000000000000000000 ) ) ;
#4680 = VECTOR ( 'NONE', #3626, 1000.000000000000000 ) ;
#4681 = ORIENTED_EDGE ( 'NONE', *, *, #4427, .F. ) ;
#4682 = CARTESIAN_POINT ( 'NONE',  ( 1181.074175964327200, 1869.999999999999800, 117.4999999999999600 ) ) ;
#4683 = CIRCLE ( 'NONE', #1329, 502.4399999999995400 ) ;
#4684 =( NAMED_UNIT ( * ) PLANE_ANGLE_UNIT ( ) SI_UNIT ( $, .RADIAN. ) );
#4685 = AXIS2_PLACEMENT_3D ( 'NONE', #653, #1789, #5473 ) ;
#4686 = ORIENTED_EDGE ( 'NONE', *, *, #3090, .F. ) ;
#4687 = VERTEX_POINT ( 'NONE', #5264 ) ;
#4688 = DIRECTION ( 'NONE',  ( -1.000000000000000000, 0.0000000000000000000, 0.0000000000000000000 ) ) ;
#4689 = CARTESIAN_POINT ( 'NONE',  ( 820.3593838938786600, 474.1570040072282400, -150.6130355273882900 ) ) ;
#4690 = PRESENTATION_STYLE_ASSIGNMENT (( #5120 ) ) ;
#4691 = PRESENTATION_STYLE_ASSIGNMENT (( #526 ) ) ;
#4692 = EDGE_CURVE ( 'NONE', #1849, #829, #5493, .T. ) ;
#4693 = DIRECTION ( 'NONE',  ( 0.7654468673133625300, -2.503722994132712000E-015, 0.6434991012582378400 ) ) ;
#4694 = CARTESIAN_POINT ( 'NONE',  ( 1091.402192747101700, 495.3408052222325200, 46.64434665251098300 ) ) ;
#4695 = CARTESIAN_POINT ( 'NONE',  ( -5529.110764723728600, 996.0000000000014800, -4598.083067705213600 ) ) ;
#4696 = CARTESIAN_POINT ( 'NONE',  ( 917.9999999999998900, 1600.000000000000000, 0.0000000000000000000 ) ) ;
#4697 = ORIENTED_EDGE ( 'NONE', *, *, #5292, .F. ) ;
#4698 = CARTESIAN_POINT ( 'NONE',  ( 627.9999999999998900, 1939.999999999999800, 496.0000000000000000 ) ) ;
#4699 = STYLED_ITEM ( 'NONE', ( #2763 ), #1652 ) ;
#4700 = PRESENTATION_STYLE_ASSIGNMENT (( #6660 ) ) ;
#4701 = CARTESIAN_POINT ( 'NONE',  ( -350.0000000000000600, 0.0000000000000000000, 121.4400000000000300 ) ) ;
#4702 = FILL_AREA_STYLE ('',( #4174 ) ) ;
#4703 = EDGE_CURVE ( 'NONE', #3851, #806, #2236, .T. ) ;
#4704 = CARTESIAN_POINT ( 'NONE',  ( 1985.521959921282800, 502.5169125668200500, -276.8898394559265600 ) ) ;
#4705 = VERTEX_POINT ( 'NONE', #489 ) ;
#4706 = CARTESIAN_POINT ( 'NONE',  ( -5778.359694003865100, 996.0000000000023900, -4611.757863428945700 ) ) ;
#4707 = FACE_OUTER_BOUND ( 'NONE', #1530, .T. ) ;
#4708 = CARTESIAN_POINT ( 'NONE',  ( 137.2218920732927600, 497.5000000000002300, -1.218523565151616500E-013 ) ) ;
#4709 = CARTESIAN_POINT ( 'NONE',  ( 555.1145463338413000, -63.67118455125236700, -493.4095697379851200 ) ) ;
#4710 = CARTESIAN_POINT ( 'NONE',  ( 2823.000000000000000, 418.0008287708115500, 0.0000000000000000000 ) ) ;
#4711 = PRESENTATION_LAYER_ASSIGNMENT (  '', '', ( #1853 ) ) ;
#4712 = ORIENTED_EDGE ( 'NONE', *, *, #6095, .F. ) ;
#4713 = PLANE ( 'NONE',  #6801 ) ;
#4714 = MECHANICAL_DESIGN_GEOMETRIC_PRESENTATION_REPRESENTATION (  '', ( #5068 ), #993 ) ;
#4715 = LINE ( 'NONE', #6326, #3137 ) ;
#4716 = DIRECTION ( 'NONE',  ( 0.0000000000000000000, 0.0000000000000000000, 1.000000000000000000 ) ) ;
#4717 = PRESENTATION_LAYER_ASSIGNMENT (  '', '', ( #2268 ) ) ;
#4718 = ORIENTED_EDGE ( 'NONE', *, *, #5993, .T. ) ;
#4719 = UNCERTAINTY_MEASURE_WITH_UNIT (LENGTH_MEASURE( 1.000000000000000100E-005 ), #543, 'distance_accuracy_value', 'NONE');
#4720 = CARTESIAN_POINT ( 'NONE',  ( 2608.000000000000000, 1940.000000000000200, 496.0000000000000000 ) ) ;
#4721 = CARTESIAN_POINT ( 'NONE',  ( 997.8069318857467400, 470.7864934939938700, 160.8569741205673200 ) ) ;
#4722 = CARTESIAN_POINT ( 'NONE',  ( -665.4467277504392100, 242.8800000000000500, -121.4399999999999100 ) ) ;
#4723 = UNCERTAINTY_MEASURE_WITH_UNIT (LENGTH_MEASURE( 1.000000000000000100E-005 ), #135, 'distance_accuracy_value', 'NONE');
#4724 = MECHANICAL_DESIGN_GEOMETRIC_PRESENTATION_REPRESENTATION (  '', ( #3165 ), #6151 ) ;
#4725 = ORIENTED_EDGE ( 'NONE', *, *, #5960, .F. ) ;
#4726 = DIRECTION ( 'NONE',  ( -0.0000000000000000000, -0.0000000000000000000, -1.000000000000000000 ) ) ;
#4727 = MECHANICAL_DESIGN_GEOMETRIC_PRESENTATION_REPRESENTATION (  '', ( #908 ), #5921 ) ;
#4728 = EDGE_LOOP ( 'NONE', ( #534, #3387, #5222, #5592 ) ) ;
#4729 =( LENGTH_UNIT ( ) NAMED_UNIT ( * ) SI_UNIT ( .MILLI., .METRE. ) );
#4730 = ADVANCED_FACE ( 'NONE', ( #4744 ), #6590, .T. ) ;
#4731 = EDGE_LOOP ( 'NONE', ( #1952, #4973 ) ) ;
#4732 = CARTESIAN_POINT ( 'NONE',  ( 3488.999999999999500, -497.5000000000000000, 8.123490434344108300E-014 ) ) ;
#4733 = UNCERTAINTY_MEASURE_WITH_UNIT (LENGTH_MEASURE( 1.000000000000000100E-005 ), #2920, 'distance_accuracy_value', 'NONE');
#4734 = AXIS2_PLACEMENT_3D ( 'NONE', #3816, #4289, #5909 ) ;
#4735 = CARTESIAN_POINT ( 'NONE',  ( -3502.399999999999600, -1923.000000000000000, -3457.439999999999600 ) ) ;
#4736 = PLANE ( 'NONE',  #1811 ) ;
#4737 = ADVANCED_FACE ( 'NONE', ( #2073, #2713 ), #3148, .F. ) ;
#4738 = DIRECTION ( 'NONE',  ( 1.000000000000000000, -0.0000000000000000000, -0.0000000000000000000 ) ) ;
#4739 = CARTESIAN_POINT ( 'NONE',  ( 2823.000000000000000, 410.0008287708115500, -71.49999999999998600 ) ) ;
#4740 = FILL_AREA_STYLE ('',( #1492 ) ) ;
#4741 = ADVANCED_FACE ( 'NONE', ( #889 ), #5910, .T. ) ;
#4742 = CARTESIAN_POINT ( 'NONE',  ( 62.73714325720444400, 0.0000000000000000000, 0.0000000000000000000 ) ) ;
#4743 = EDGE_CURVE ( 'NONE', #935, #4796, #1986, .T. ) ;
#4744 = FACE_OUTER_BOUND ( 'NONE', #1596, .T. ) ;
#4745 = SURFACE_SIDE_STYLE ('',( #638 ) ) ;
#4746 = DIRECTION ( 'NONE',  ( -0.0000000000000000000, -1.000000000000000000, -0.0000000000000000000 ) ) ;
#4747 = DIRECTION ( 'NONE',  ( -0.0000000000000000000, -1.000000000000000000, -0.0000000000000000000 ) ) ;
#4748 = APPLICATION_PROTOCOL_DEFINITION ( 'draft international standard', 'automotive_design', 1998, #5876 ) ;
#4749 = ORIENTED_EDGE ( 'NONE', *, *, #2550, .F. ) ;
#4750 = AXIS2_PLACEMENT_3D ( 'NONE', #891, #3568, #1416 ) ;
#4751 = EDGE_CURVE ( 'NONE', #5013, #4796, #5333, .T. ) ;
#4752 = FILL_AREA_STYLE ('',( #6338 ) ) ;
#4753 = MECHANICAL_DESIGN_GEOMETRIC_PRESENTATION_REPRESENTATION (  '', ( #3063 ), #4625 ) ;
#4754 = VERTEX_POINT ( 'NONE', #76 ) ;
#4755 =( NAMED_UNIT ( * ) SI_UNIT ( $, .STERADIAN. ) SOLID_ANGLE_UNIT ( ) );
#4756 = CARTESIAN_POINT ( 'NONE',  ( -350.0009999999998600, -485.4999999999998900, -1.092875789865388500E-013 ) ) ;
#4757 = STYLED_ITEM ( 'NONE', ( #6418 ), #4255 ) ;
#4758 = CIRCLE ( 'NONE', #436, 121.4400000000000000 ) ;
#4759 = ADVANCED_FACE ( 'NONE', ( #4658 ), #2324, .T. ) ;
#4760 = STYLED_ITEM ( 'NONE', ( #3017 ), #6384 ) ;
#4761 = COLOUR_RGB ( '',0.7921568627450980000, 0.8196078431372548800, 0.9333333333333333500 ) ;
#4762 = FILL_AREA_STYLE ('',( #568 ) ) ;
#4763 = CARTESIAN_POINT ( 'NONE',  ( -5197.566138005558100, 1255.560000000002200, -4758.103577915557300 ) ) ;
#4764 = FILL_AREA_STYLE_COLOUR ( '', #6354 ) ;
#4765 = EDGE_LOOP ( 'NONE', ( #2842, #3551, #2013, #4062, #4018, #6438 ) ) ;
#4766 = CARTESIAN_POINT ( 'NONE',  ( 2823.000000000000000, 410.0008287708115500, 0.0000000000000000000 ) ) ;
#4767 = COLOUR_RGB ( '',0.7921568627450980000, 0.8196078431372548800, 0.9333333333333333500 ) ;
#4768 = FILL_AREA_STYLE_COLOUR ( '', #2164 ) ;
#4769 = STYLED_ITEM ( 'NONE', ( #741 ), #2714 ) ;
#4770 = DIRECTION ( 'NONE',  ( -0.0000000000000000000, -1.000000000000000000, -0.0000000000000000000 ) ) ;
#4771 = PRESENTATION_STYLE_ASSIGNMENT (( #1382 ) ) ;
#4772 = ADVANCED_FACE ( 'NONE', ( #2650 ), #5491, .T. ) ;
#4773 = EDGE_LOOP ( 'NONE', ( #6716, #4802 ) ) ;
#4774 = ORIENTED_EDGE ( 'NONE', *, *, #5111, .F. ) ;
#4775 = CARTESIAN_POINT ( 'NONE',  ( -894.3999999999999800, -380.9999999999997700, -3336.000000000000500 ) ) ;
#4776 = CARTESIAN_POINT ( 'NONE',  ( 615.9265778775767300, -62.17090108263300900, -493.6003700182803900 ) ) ;
#4777 = VERTEX_POINT ( 'NONE', #4958 ) ;
#4778 = ADVANCED_FACE ( 'NONE', ( #3069 ), #3910, .T. ) ;
#4779 = PLANE ( 'NONE',  #4092 ) ;
#4780 = PRESENTATION_STYLE_ASSIGNMENT (( #209 ) ) ;
#4781 = FACE_OUTER_BOUND ( 'NONE', #702, .T. ) ;
#4782 = STYLED_ITEM ( 'NONE', ( #326 ), #560 ) ;
#4783 = CARTESIAN_POINT ( 'NONE',  ( -5529.110764723730400, 996.0000000000012500, -4719.523067705212300 ) ) ;
#4784 = VERTEX_POINT ( 'NONE', #3363 ) ;
#4785 = EDGE_CURVE ( 'NONE', #81, #3189, #2484, .T. ) ;
#4786 = CYLINDRICAL_SURFACE ( 'NONE', #3970, 121.4400000000000300 ) ;
#4787 = SURFACE_STYLE_USAGE ( .BOTH. , #1040 ) ;
#4788 = DIRECTION ( 'NONE',  ( -0.0000000000000000000, -0.0000000000000000000, -1.000000000000000000 ) ) ;
#4789 = PRESENTATION_STYLE_ASSIGNMENT (( #1170 ) ) ;
#4790 = DIRECTION ( 'NONE',  ( 0.0000000000000000000, 0.0000000000000000000, -1.000000000000000000 ) ) ;
#4791 = EDGE_LOOP ( 'NONE', ( #1226, #4378, #3936, #4965, #2833, #5287, #2206, #22 ) ) ;
#4792 = VECTOR ( 'NONE', #2599, 1000.000000000000000 ) ;
#4793 = VECTOR ( 'NONE', #6786, 1000.000000000000000 ) ;
#4794 = B_SPLINE_CURVE_WITH_KNOTS ( 'NONE', 3,
 ( #1331, #861, #4510, #3988, #1360, #1381, #766, #5654, #4009, #5119, #1305, #1856, #5579, #2943, #1901, #1882, #3528, #6123, #3502, #4536, #2991, #795, #2480, #2912, #4032, #5630, #1949, #2420, #812, #2971, #6645, #5602, #1918, #2437, #6162, #834, #6184, #5142, #307, #4076, #4599, #5679, #2887, #5775, #4651, #1519, #5727, #1454, #3553, #4101, #5208, #336, #2062, #879, #5180, #3086, #4694, #6210, #6304, #926, #6759, #3019, #1987, #4628, #6735, #1424, #970, #5158, #1969, #410, #2525, #5703, #5748, #2501, #1469, #5800, #4167, #6235, #5237, #3576, #3042, #6804, #361, #3066, #6276, #4721, #6252, #4125, #3622, #2543, #950, #2039, #2561, #902, #6785, #3600, #5259, #385, #1491, #4148 ),
 .UNSPECIFIED., .F., .F.,
 ( 4, 2, 2, 2, 2, 2, 2, 2, 2, 2, 2, 2, 2, 2, 2, 2, 2, 2, 2, 2, 2, 2, 2, 2, 2, 2, 2, 2, 2, 2, 2, 2, 2, 2, 2, 2, 2, 2, 2, 2, 2, 2, 2, 2, 2, 2, 2, 2, 2, 4 ),
 ( 0.5656659633782230600, 0.5833403110247545900, 0.6010146586712860100, 0.6186890063178175400, 0.6231075932294502000, 0.6275261801410829700, 0.6363633539643486200, 0.6540377016108797100, 0.6717120492574107900, 0.6805492230806764500, 0.6849678099923092200, 0.6893863969039419900, 0.7070607445504731900, 0.7247350921970043800, 0.7335722660202700400, 0.7379908529319025900, 0.7424094398435352500, 0.7600837874900667800, 0.7777581351365984200, 0.7954324827831299500, 0.8042696566063956000, 0.8131068304296613600, 0.8307811780761924500, 0.8484555257227237600, 0.8572926995459893000, 0.8617112864576221800, 0.8661298733692549500, 0.8838042210157863700, 0.9014785686623176800, 0.9191529163088489900, 0.9235715032204820900, 0.9279900901321149800, 0.9368272639553809600, 0.9545016116019133800, 0.9721759592484458000, 0.9765945461600790100, 0.9810131330717122300, 0.9898503068949786600, 1.007524654541511700, 1.025199002188044800, 1.034036176011311700, 1.038454762922945300, 1.042873349834578800, 1.060547697481112300, 1.078222045127645900, 1.095896392774179600, 1.100314979685813200, 1.104733566597446700, 1.113570740420713400, 1.131245088067247300 ),
 .UNSPECIFIED. ) ;
#4795 = EDGE_CURVE ( 'NONE', #2573, #6538, #6559, .T. ) ;
#4796 = VERTEX_POINT ( 'NONE', #214 ) ;
#4797 = CARTESIAN_POINT ( 'NONE',  ( 0.0000000000000000000, 0.0000000000000000000, 0.0000000000000000000 ) ) ;
#4798 = AXIS2_PLACEMENT_3D ( 'NONE', #6064, #3949, #5523 ) ;
#4799 = EDGE_LOOP ( 'NONE', ( #5139, #1312, #6467, #167, #4633 ) ) ;
#4800 = CARTESIAN_POINT ( 'NONE',  ( 1937.935908590988700, -502.3764794820818300, -5.483981200257416100E-013 ) ) ;
#4801 =( GEOMETRIC_REPRESENTATION_CONTEXT ( 3 ) GLOBAL_UNCERTAINTY_ASSIGNED_CONTEXT ( ( #4654 ) ) GLOBAL_UNIT_ASSIGNED_CONTEXT ( ( #4265, #4826, #4854 ) ) REPRESENTATION_CONTEXT ( 'NONE', 'WORKASPACE' ) );
#4802 = ORIENTED_EDGE ( 'NONE', *, *, #4312, .F. ) ;
#4803 =( GEOMETRIC_REPRESENTATION_CONTEXT ( 3 ) GLOBAL_UNCERTAINTY_ASSIGNED_CONTEXT ( ( #5971 ) ) GLOBAL_UNIT_ASSIGNED_CONTEXT ( ( #4729, #3660, #1529 ) ) REPRESENTATION_CONTEXT ( 'NONE', 'WORKASPACE' ) );
#4804 = ADVANCED_FACE ( 'NONE', ( #1471 ), #3393, .F. ) ;
#4805 = UNCERTAINTY_MEASURE_WITH_UNIT (LENGTH_MEASURE( 1.000000000000000100E-005 ), #331, 'distance_accuracy_value', 'NONE');
#4806 = FILL_AREA_STYLE_COLOUR ( '', #5224 ) ;
#4807 = ORIENTED_EDGE ( 'NONE', *, *, #1612, .F. ) ;
#4808 = DIRECTION ( 'NONE',  ( -0.0000000000000000000, -1.000000000000000000, -0.0000000000000000000 ) ) ;
#4809 = DIRECTION ( 'NONE',  ( 0.0000000000000000000, 0.0000000000000000000, -1.000000000000000000 ) ) ;
#4810 = PRESENTATION_LAYER_ASSIGNMENT (  '', '', ( #5890 ) ) ;
#4811 = PRESENTATION_STYLE_ASSIGNMENT (( #5089 ) ) ;
#4812 = ADVANCED_FACE ( 'NONE', ( #1301, #6397 ), #2304, .F. ) ;
#4813 = DIRECTION ( 'NONE',  ( 0.0000000000000000000, 0.7071067811865459100, 0.7071067811865491300 ) ) ;
#4814 = DIRECTION ( 'NONE',  ( 1.000000000000000000, 0.0000000000000000000, -0.0000000000000000000 ) ) ;
#4815 = DIRECTION ( 'NONE',  ( -1.000000000000000000, 0.0000000000000000000, 0.0000000000000000000 ) ) ;
#4816 = DIRECTION ( 'NONE',  ( 0.0000000000000000000, 0.0000000000000000000, 1.000000000000000000 ) ) ;
#4817 = PRESENTATION_STYLE_ASSIGNMENT (( #737 ) ) ;
#4818 = DIRECTION ( 'NONE',  ( 1.000000000000000000, 0.0000000000000000000, 0.0000000000000000000 ) ) ;
#4819 = PRESENTATION_LAYER_ASSIGNMENT (  '', '', ( #378 ) ) ;
#4820 = DIRECTION ( 'NONE',  ( -0.0000000000000000000, 1.000000000000000000, 0.0000000000000000000 ) ) ;
#4821 = FACE_OUTER_BOUND ( 'NONE', #2555, .T. ) ;
#4822 =( GEOMETRIC_REPRESENTATION_CONTEXT ( 3 ) GLOBAL_UNCERTAINTY_ASSIGNED_CONTEXT ( ( #2804 ) ) GLOBAL_UNIT_ASSIGNED_CONTEXT ( ( #1125, #3856, #639 ) ) REPRESENTATION_CONTEXT ( 'NONE', 'WORKASPACE' ) );
#4823 = SURFACE_STYLE_USAGE ( .BOTH. , #2136 ) ;
#4824 =( NAMED_UNIT ( * ) SI_UNIT ( $, .STERADIAN. ) SOLID_ANGLE_UNIT ( ) );
#4825 =( NAMED_UNIT ( * ) SI_UNIT ( $, .STERADIAN. ) SOLID_ANGLE_UNIT ( ) );
#4826 =( NAMED_UNIT ( * ) PLANE_ANGLE_UNIT ( ) SI_UNIT ( $, .RADIAN. ) );
#4827 = EDGE_CURVE ( 'NONE', #3878, #4550, #5989, .T. ) ;
#4828 = ORIENTED_EDGE ( 'NONE', *, *, #3428, .F. ) ;
#4829 = VECTOR ( 'NONE', #49, 1000.000000000000000 ) ;
#4830 = ADVANCED_FACE ( 'NONE', ( #3904 ), #4072, .F. ) ;
#4831 = DIRECTION ( 'NONE',  ( 0.0000000000000000000, 0.0000000000000000000, 1.000000000000000000 ) ) ;
#4832 = CIRCLE ( 'NONE', #1518, 121.4400000000002800 ) ;
#4833 = AXIS2_PLACEMENT_3D ( 'NONE', #5044, #3448, #6597 ) ;
#4834 = CARTESIAN_POINT ( 'NONE',  ( 3038.000000000000000, 1940.000000000000200, -117.4999999999986100 ) ) ;
#4835 =( GEOMETRIC_REPRESENTATION_CONTEXT ( 3 ) GLOBAL_UNCERTAINTY_ASSIGNED_CONTEXT ( ( #5944 ) ) GLOBAL_UNIT_ASSIGNED_CONTEXT ( ( #6218, #3026, #1992 ) ) REPRESENTATION_CONTEXT ( 'NONE', 'WORKASPACE' ) );
#4836 = UNCERTAINTY_MEASURE_WITH_UNIT (LENGTH_MEASURE( 1.000000000000000100E-005 ), #5137, 'distance_accuracy_value', 'NONE');
#4837 = ADVANCED_FACE ( 'NONE', ( #6473, #2065 ), #3737, .T. ) ;
#4838 = AXIS2_PLACEMENT_3D ( 'NONE', #709, #6548, #4902 ) ;
#4839 = LINE ( 'NONE', #583, #3598 ) ;
#4840 =( BOUNDED_CURVE ( )  B_SPLINE_CURVE ( 3, ( #3055, #427, #4708, #4179 ),
 .UNSPECIFIED., .F., .F. ) 
 B_SPLINE_CURVE_WITH_KNOTS ( ( 4, 4 ),
 ( 0.0000000000000000000, 1.000000000000000000 ),
 .UNSPECIFIED. ) 
 CURVE ( )  GEOMETRIC_REPRESENTATION_ITEM ( )  RATIONAL_B_SPLINE_CURVE ( ( 1.000000000000000000, 0.8737965628990114200, 0.8737965628990114200, 1.000000000000000000 ) ) 
 REPRESENTATION_ITEM ( '' )  );
#4841 = VECTOR ( 'NONE', #1833, 1000.000000000000000 ) ;
#4842 = ORIENTED_EDGE ( 'NONE', *, *, #1524, .T. ) ;
#4843 = CARTESIAN_POINT ( 'NONE',  ( 917.9999999999998900, 497.5000000000000000, 0.0000000000000000000 ) ) ;
#4844 = MECHANICAL_DESIGN_GEOMETRIC_PRESENTATION_REPRESENTATION (  '', ( #3783 ), #414 ) ;
#4845 = CYLINDRICAL_SURFACE ( 'NONE', #6848, 75.00000000000017100 ) ;
#4846 = LINE ( 'NONE', #5103, #6506 ) ;
#4847 = FILL_AREA_STYLE_COLOUR ( '', #2812 ) ;
#4848 = DIRECTION ( 'NONE',  ( 0.0000000000000000000, 0.0000000000000000000, 1.000000000000000000 ) ) ;
#4849 =( NAMED_UNIT ( * ) PLANE_ANGLE_UNIT ( ) SI_UNIT ( $, .RADIAN. ) );
#4850 = DIRECTION ( 'NONE',  ( -0.0000000000000000000, -1.000000000000000000, -0.0000000000000000000 ) ) ;
#4851 = ORIENTED_EDGE ( 'NONE', *, *, #5283, .T. ) ;
#4852 = ORIENTED_EDGE ( 'NONE', *, *, #2452, .T. ) ;
#4853 = EDGE_CURVE ( 'NONE', #5102, #4784, #1211, .T. ) ;
#4854 =( NAMED_UNIT ( * ) SI_UNIT ( $, .STERADIAN. ) SOLID_ANGLE_UNIT ( ) );
#4855 = PRESENTATION_LAYER_ASSIGNMENT (  '', '', ( #4769 ) ) ;
#4856 = SURFACE_STYLE_USAGE ( .BOTH. , #1736 ) ;
#4857 = PRESENTATION_LAYER_ASSIGNMENT (  '', '', ( #2788 ) ) ;
#4858 = FILL_AREA_STYLE ('',( #5894 ) ) ;
#4859 = B_SPLINE_CURVE_WITH_KNOTS ( 'NONE', 3,
 ( #1223, #1653, #1685, #75 ),
 .UNSPECIFIED., .F., .F.,
 ( 4, 4 ),
 ( 1.561251128379126400E-017, 0.01923535946095461500 ),
 .UNSPECIFIED. ) ;
#4860 =( LENGTH_UNIT ( ) NAMED_UNIT ( * ) SI_UNIT ( .MILLI., .METRE. ) );
#4861 = ORIENTED_EDGE ( 'NONE', *, *, #79, .T. ) ;
#4862 = COLOUR_RGB ( '',0.7921568627450980000, 0.8196078431372548800, 0.9333333333333333500 ) ;
#4863 = CARTESIAN_POINT ( 'NONE',  ( 484.5802245696154400, 0.0000000000000000000, 0.0000000000000000000 ) ) ;
#4864 = PLANE ( 'NONE',  #6648 ) ;
#4865 = PRESENTATION_STYLE_ASSIGNMENT (( #636 ) ) ;
#4866 = ORIENTED_EDGE ( 'NONE', *, *, #203, .F. ) ;
#4867 = COLOUR_RGB ( '',0.7921568627450980000, 0.8196078431372548800, 0.9333333333333333500 ) ;
#4868 = PRESENTATION_LAYER_ASSIGNMENT (  '', '', ( #2284 ) ) ;
#4869 = PRESENTATION_STYLE_ASSIGNMENT (( #2680 ) ) ;
#4870 = ADVANCED_FACE ( 'NONE', ( #2145 ), #3013, .F. ) ;
#4871 = PLANE ( 'NONE',  #6022 ) ;
#4872 = SURFACE_SIDE_STYLE ('',( #4668 ) ) ;
#4873 = EDGE_CURVE ( 'NONE', #4178, #6192, #6067, .T. ) ;
#4874 = FILL_AREA_STYLE ('',( #2319 ) ) ;
#4875 = ORIENTED_EDGE ( 'NONE', *, *, #3723, .F. ) ;
#4876 = CARTESIAN_POINT ( 'NONE',  ( -3949.746991967930600, 1498.440000000001200, -3391.776869075712500 ) ) ;
#4877 = FILL_AREA_STYLE ('',( #5906 ) ) ;
#4878 = SURFACE_SIDE_STYLE ('',( #691 ) ) ;
#4879 = VECTOR ( 'NONE', #2043, 1000.000000000000000 ) ;
#4880 =( BOUNDED_SURFACE ( )  B_SPLINE_SURFACE ( 3, 3, ( 
 ( #95, #6592, #161, #1242 ),
 ( #4990, #1799, #5528, #5147 ),
 ( #2488, #3027, #1975, #3051 ),
 ( #3925, #1798, #6080, #5028 ) ),
 .UNSPECIFIED., .F., .F., .F. ) 
 B_SPLINE_SURFACE_WITH_KNOTS ( ( 4, 4 ),
 ( 4, 4 ),
 ( 0.0000000000000000000, 1.000000000000000000 ),
 ( 0.0000000000000000000, 1.000000000000000000 ),
 .UNSPECIFIED. ) 
 GEOMETRIC_REPRESENTATION_ITEM ( )  RATIONAL_B_SPLINE_SURFACE ( (
 ( 1.000000000000000000, 0.3333333333333334300, 0.3333333333333334300, 1.000000000000000000),
 ( 0.8737965628990114200, 0.2912655209663372300, 0.2912655209663372300, 0.8737965628990114200),
 ( 0.8737965628990114200, 0.2912655209663372300, 0.2912655209663372300, 0.8737965628990114200),
 ( 1.000000000000000000, 0.3333333333333334300, 0.3333333333333334300, 1.000000000000000000) ) ) 
 REPRESENTATION_ITEM ( '' )  SURFACE ( )  );
#4881 = ADVANCED_FACE ( 'NONE', ( #1810 ), #1723, .T. ) ;
#4882 = CARTESIAN_POINT ( 'NONE',  ( -5159.328977420537700, 1377.000000000002500, -4567.305777692357900 ) ) ;
#4883 = CARTESIAN_POINT ( 'NONE',  ( -354.3999999999999800, 0.0000000000000000000, 121.4400000000000300 ) ) ;
#4884 = CARTESIAN_POINT ( 'NONE',  ( -894.3999999999999800, -121.4399999999995600, -2954.999999999999500 ) ) ;
#4885 = PRESENTATION_STYLE_ASSIGNMENT (( #1121 ) ) ;
#4886 = FILL_AREA_STYLE_COLOUR ( '', #398 ) ;
#4887 = EDGE_CURVE ( 'NONE', #490, #4218, #6639, .T. ) ;
#4888 = CARTESIAN_POINT ( 'NONE',  ( 2743.259471698648700, 470.7757576644666500, 160.8877976145816100 ) ) ;
#4889 = EDGE_LOOP ( 'NONE', ( #2528, #6723 ) ) ;
#4890 =( GEOMETRIC_REPRESENTATION_CONTEXT ( 3 ) GLOBAL_UNCERTAINTY_ASSIGNED_CONTEXT ( ( #5372 ) ) GLOBAL_UNIT_ASSIGNED_CONTEXT ( ( #6856, #1003, #1553 ) ) REPRESENTATION_CONTEXT ( 'NONE', 'WORKASPACE' ) );
#4891 = ORIENTED_EDGE ( 'NONE', *, *, #2602, .F. ) ;
#4892 = STYLED_ITEM ( 'NONE', ( #2897 ), #4362 ) ;
#4893 = ORIENTED_EDGE ( 'NONE', *, *, #5332, .F. ) ;
#4894 = AXIS2_PLACEMENT_3D ( 'NONE', #440, #3601, #3144 ) ;
#4895 = FILL_AREA_STYLE ('',( #66 ) ) ;
#4896 =( NAMED_UNIT ( * ) PLANE_ANGLE_UNIT ( ) SI_UNIT ( $, .RADIAN. ) );
#4897 = CARTESIAN_POINT ( 'NONE',  ( 3123.000000000000000, 1869.999999999999800, 117.4999999999999900 ) ) ;
#4898 = CARTESIAN_POINT ( 'NONE',  ( 2823.000000000000000, 497.5000000000000000, 0.0000000000000000000 ) ) ;
#4899 = DIRECTION ( 'NONE',  ( -0.0000000000000000000, -1.000000000000000000, -0.0000000000000000000 ) ) ;
#4900 = AXIS2_PLACEMENT_3D ( 'NONE', #6894, #5844, #4281 ) ;
#4901 = CARTESIAN_POINT ( 'NONE',  ( 52.58022456961541700, 1.487211072884546200E-014, 121.4400000000000400 ) ) ;
#4902 = DIRECTION ( 'NONE',  ( 0.0000000000000000000, 0.0000000000000000000, -1.000000000000000000 ) ) ;
#4903 = MECHANICAL_DESIGN_GEOMETRIC_PRESENTATION_REPRESENTATION (  '', ( #1820 ), #8 ) ;
#4904 = CARTESIAN_POINT ( 'NONE',  ( 1912.401471733790900, -502.4321677444218000, 143.9919032385887200 ) ) ;
#4905 = SURFACE_STYLE_FILL_AREA ( #4309 ) ;
#4906 = CARTESIAN_POINT ( 'NONE',  ( -1137.280000000000200, 121.4400000000004500, -2954.999999999999500 ) ) ;
#4907 = VERTEX_POINT ( 'NONE', #1352 ) ;
#4908 = ORIENTED_EDGE ( 'NONE', *, *, #1430, .F. ) ;
#4909 = DIRECTION ( 'NONE',  ( 0.0000000000000000000, 0.0000000000000000000, -1.000000000000000000 ) ) ;
#4910 = VECTOR ( 'NONE', #4770, 1000.000000000000000 ) ;
#4911 = CARTESIAN_POINT ( 'NONE',  ( 917.9999999999998900, 424.0008287708115500, 0.0000000000000000000 ) ) ;
#4912 = AXIS2_PLACEMENT_3D ( 'NONE', #6060, #6104, #6156 ) ;
#4913 = SURFACE_SIDE_STYLE ('',( #5027 ) ) ;
#4914 = CONICAL_SURFACE ( 'NONE', #3395, 71.49999999999998600, 0.7853981633974457300 ) ;
#4915 = LINE ( 'NONE', #4552, #1143 ) ;
#4916 = EDGE_CURVE ( 'NONE', #1153, #1340, #5733, .T. ) ;
#4917 = CIRCLE ( 'NONE', #2163, 164.4999999999999400 ) ;
#4918 = VERTEX_POINT ( 'NONE', #6692 ) ;
#4919 = CARTESIAN_POINT ( 'NONE',  ( 2533.000000000000000, 1940.000000000000200, 496.0000000000000000 ) ) ;
#4920 = FILL_AREA_STYLE_COLOUR ( '', #3727 ) ;
#4921 = DIRECTION ( 'NONE',  ( 1.000000000000000000, -0.0000000000000000000, -0.0000000000000000000 ) ) ;
#4922 = DIRECTION ( 'NONE',  ( -1.000000000000000000, 0.0000000000000000000, -0.0000000000000000000 ) ) ;
#4923 = DIRECTION ( 'NONE',  ( 0.0000000000000000000, 0.0000000000000000000, -1.000000000000000000 ) ) ;
#4924 =( LENGTH_UNIT ( ) NAMED_UNIT ( * ) SI_UNIT ( .MILLI., .METRE. ) );
#4925 = ORIENTED_EDGE ( 'NONE', *, *, #4091, .F. ) ;
#4926 = SURFACE_SIDE_STYLE ('',( #3971 ) ) ;
#4927 =( NAMED_UNIT ( * ) PLANE_ANGLE_UNIT ( ) SI_UNIT ( $, .RADIAN. ) );
#4928 = EDGE_CURVE ( 'NONE', #5597, #6289, #4317, .T. ) ;
#4929 = LINE ( 'NONE', #6666, #4426 ) ;
#4930 = CARTESIAN_POINT ( 'NONE',  ( -1137.280000000000200, -380.9999999999993700, -3457.440000000001000 ) ) ;
#4931 = AXIS2_PLACEMENT_3D ( 'NONE', #5394, #4383, #4909 ) ;
#4932 = UNCERTAINTY_MEASURE_WITH_UNIT (LENGTH_MEASURE( 1.000000000000000100E-005 ), #324, 'distance_accuracy_value', 'NONE');
#4933 = CIRCLE ( 'NONE', #3006, 74.99999999999995700 ) ;
#4934 = EDGE_LOOP ( 'NONE', ( #2193, #2777, #6510, #1207, #3777 ) ) ;
#4935 = CARTESIAN_POINT ( 'NONE',  ( 2608.000000000000000, 1940.000000000000200, -117.4999999999986100 ) ) ;
#4936 = CARTESIAN_POINT ( 'NONE',  ( 2692.017506109426900, 482.1177632247674300, 122.8278688931351800 ) ) ;
#4937 = FACE_OUTER_BOUND ( 'NONE', #4465, .T. ) ;
#4938 = PRESENTATION_LAYER_ASSIGNMENT (  '', '', ( #2308 ) ) ;
#4939 = VECTOR ( 'NONE', #6751, 1000.000000000000000 ) ;
#4940 = MECHANICAL_DESIGN_GEOMETRIC_PRESENTATION_REPRESENTATION (  '', ( #1720 ), #2082 ) ;
#4941 =( NAMED_UNIT ( * ) PLANE_ANGLE_UNIT ( ) SI_UNIT ( $, .RADIAN. ) );
#4942 = ORIENTED_EDGE ( 'NONE', *, *, #1630, .F. ) ;
#4943 = SURFACE_STYLE_FILL_AREA ( #5886 ) ;
#4944 = DIRECTION ( 'NONE',  ( -1.000000000000000000, 0.0000000000000000000, -0.0000000000000000000 ) ) ;
#4945 = FACE_OUTER_BOUND ( 'NONE', #4791, .T. ) ;
#4946 = SURFACE_SIDE_STYLE ('',( #2827 ) ) ;
#4947 = DIRECTION ( 'NONE',  ( 0.0000000000000000000, -0.0000000000000000000, 1.000000000000000000 ) ) ;
#4948 = STYLED_ITEM ( 'NONE', ( #6465 ), #5258 ) ;
#4949 = DIRECTION ( 'NONE',  ( -0.0000000000000000000, -1.000000000000000000, -0.0000000000000000000 ) ) ;
#4950 = VERTEX_POINT ( 'NONE', #2496 ) ;
#4951 = ORIENTED_EDGE ( 'NONE', *, *, #4479, .F. ) ;
#4952 = VECTOR ( 'NONE', #2269, 1000.000000000000000 ) ;
#4953 = DIRECTION ( 'NONE',  ( -0.0000000000000000000, -0.0000000000000000000, -1.000000000000000000 ) ) ;
#4954 = CARTESIAN_POINT ( 'NONE',  ( -3502.400000000000500, -1801.559999999999700, -3578.879999999999700 ) ) ;
#4955 = CIRCLE ( 'NONE', #1315, 121.4400000000002100 ) ;
#4956 = SURFACE_STYLE_FILL_AREA ( #3944 ) ;
#4957 =( NAMED_UNIT ( * ) PLANE_ANGLE_UNIT ( ) SI_UNIT ( $, .RADIAN. ) );
#4958 = CARTESIAN_POINT ( 'NONE',  ( 12.58022456961535500, -156.4400000000000500, 1.915837452586119800E-014 ) ) ;
#4959 = MECHANICAL_DESIGN_GEOMETRIC_PRESENTATION_REPRESENTATION (  '', ( #1602 ), #6295 ) ;
#4960 = CARTESIAN_POINT ( 'NONE',  ( 2852.677249980147700, 464.9466246763341800, 177.0055444078746500 ) ) ;
#4961 = CARTESIAN_POINT ( 'NONE',  ( 2700.218743106386700, 479.9545405092388300, 131.0261883680040600 ) ) ;
#4962 = ORIENTED_EDGE ( 'NONE', *, *, #6662, .T. ) ;
#4963 = CARTESIAN_POINT ( 'NONE',  ( 1208.000000000000000, 1939.999999999999800, -117.5000000000000400 ) ) ;
#4964 = DIRECTION ( 'NONE',  ( 0.0000000000000000000, 0.0000000000000000000, 1.000000000000000000 ) ) ;
#4965 = ORIENTED_EDGE ( 'NONE', *, *, #2286, .F. ) ;
#4966 = STYLED_ITEM ( 'NONE', ( #4542 ), #1687 ) ;
#4967 = SURFACE_STYLE_USAGE ( .BOTH. , #2705 ) ;
#4968 = CARTESIAN_POINT ( 'NONE',  ( 1208.000000000000000, 1939.999999999999800, 496.0000000000000000 ) ) ;
#4969 = EDGE_CURVE ( 'NONE', #4268, #1704, #5983, .T. ) ;
#4970 = DIRECTION ( 'NONE',  ( 1.000000000000000000, 0.0000000000000000000, -0.0000000000000000000 ) ) ;
#4971 =( NAMED_UNIT ( * ) SI_UNIT ( $, .STERADIAN. ) SOLID_ANGLE_UNIT ( ) );
#4972 = CARTESIAN_POINT ( 'NONE',  ( -1275.399999999999600, -1801.559999999999700, -3093.119999999999400 ) ) ;
#4973 = ORIENTED_EDGE ( 'NONE', *, *, #2235, .F. ) ;
#4974 = CARTESIAN_POINT ( 'NONE',  ( -1015.840000000000000, 0.0000000000000000000, -2955.000000000000000 ) ) ;
#4975 = CARTESIAN_POINT ( 'NONE',  ( 3038.000000000000000, 1940.000000000000200, 496.0000000000000000 ) ) ;
#4976 = CARTESIAN_POINT ( 'NONE',  ( 2823.000000000000000, 497.5000000000000000, 0.0000000000000000000 ) ) ;
#4977 = STYLED_ITEM ( 'NONE', ( #2954 ), #5433 ) ;
#4978 = CARTESIAN_POINT ( 'NONE',  ( 1764.357206279194100, 88.89999999999795900, 0.0000000000000000000 ) ) ;
#4979 = UNCERTAINTY_MEASURE_WITH_UNIT (LENGTH_MEASURE( 1.000000000000000100E-005 ), #117, 'distance_accuracy_value', 'NONE');
#4980 = CARTESIAN_POINT ( 'NONE',  ( 2748.480355406444200, 469.9165027581984800, -163.3720408969398900 ) ) ;
#4981 = AXIS2_PLACEMENT_3D ( 'NONE', #5429, #3306, #5982 ) ;
#4982 = CARTESIAN_POINT ( 'NONE',  ( 650.1772260850032100, 22.47482807826038400, -496.9932720472447200 ) ) ;
#4983 = AXIS2_PLACEMENT_3D ( 'NONE', #6353, #6861, #6901 ) ;
#4984 = SURFACE_STYLE_USAGE ( .BOTH. , #704 ) ;
#4985 = AXIS2_PLACEMENT_3D ( 'NONE', #1794, #6537, #4944 ) ;
#4986 = EDGE_LOOP ( 'NONE', ( #4230, #1999, #693, #6167, #6867 ) ) ;
#4987 = FILL_AREA_STYLE_COLOUR ( '', #2386 ) ;
#4988 = DIRECTION ( 'NONE',  ( 0.0000000000000000000, 0.0000000000000000000, -1.000000000000000000 ) ) ;
#4989 = EDGE_CURVE ( 'NONE', #3140, #1340, #2878, .T. ) ;
#4990 = CARTESIAN_POINT ( 'NONE',  ( 137.2218920732927600, -497.5000000000001700, 6.092617825758082500E-014 ) ) ;
#4991 = SURFACE_SIDE_STYLE ('',( #4381 ) ) ;
#4992 = CARTESIAN_POINT ( 'NONE',  ( 4225.000000000002700, 0.0000000000000000000, 0.0000000000000000000 ) ) ;
#4993 = AXIS2_PLACEMENT_3D ( 'NONE', #5765, #5198, #5741 ) ;
#4994 = CARTESIAN_POINT ( 'NONE',  ( 3123.000000000000000, 1869.999999999999800, -117.4999999999985900 ) ) ;
#4995 = FILL_AREA_STYLE ('',( #1302 ) ) ;
#4996 = CARTESIAN_POINT ( 'NONE',  ( 3716.382674367796400, 0.0000000000000000000, -1.216074271553320800E-014 ) ) ;
#4997 = CARTESIAN_POINT ( 'NONE',  ( 2659.638872053349600, 491.9179873525357600, -74.32903933113686900 ) ) ;
#4998 = COLOUR_RGB ( '',0.7921568627450980000, 0.8196078431372548800, 0.9333333333333333500 ) ;
#4999 = PRESENTATION_STYLE_ASSIGNMENT (( #1877 ) ) ;
#5000 = VERTEX_POINT ( 'NONE', #6780 ) ;
#5001 = CARTESIAN_POINT ( 'NONE',  ( -3502.399999999999600, -1922.999999999999800, -3335.999999999999500 ) ) ;
#5002 = AXIS2_PLACEMENT_3D ( 'NONE', #558, #6507, #3317 ) ;
#5003 = UNCERTAINTY_MEASURE_WITH_UNIT (LENGTH_MEASURE( 1.000000000000000100E-005 ), #2639, 'distance_accuracy_value', 'NONE');
#5004 = PRESENTATION_STYLE_ASSIGNMENT (( #91 ) ) ;
#5005 = EDGE_CURVE ( 'NONE', #2379, #1672, #5230, .T. ) ;
#5006 = FILL_AREA_STYLE_COLOUR ( '', #1186 ) ;
#5007 = COLOUR_RGB ( '',0.7921568627450980000, 0.8196078431372548800, 0.9333333333333333500 ) ;
#5008 = DIRECTION ( 'NONE',  ( 0.0000000000000000000, 0.0000000000000000000, -1.000000000000000000 ) ) ;
#5009 = PLANE ( 'NONE',  #5903 ) ;
#5010 = SURFACE_SIDE_STYLE ('',( #3429 ) ) ;
#5011 = DIRECTION ( 'NONE',  ( 1.867150205551875600E-015, 1.000000000000000000, 1.419903231776531000E-015 ) ) ;
#5012 = FILL_AREA_STYLE ('',( #5576 ) ) ;
#5013 = VERTEX_POINT ( 'NONE', #5796 ) ;
#5014 = UNCERTAINTY_MEASURE_WITH_UNIT (LENGTH_MEASURE( 1.000000000000000100E-005 ), #1531, 'distance_accuracy_value', 'NONE');
#5015 = UNCERTAINTY_MEASURE_WITH_UNIT (LENGTH_MEASURE( 1.000000000000000100E-005 ), #615, 'distance_accuracy_value', 'NONE');
#5016 = EDGE_CURVE ( 'NONE', #1866, #729, #2783, .T. ) ;
#5017 = CARTESIAN_POINT ( 'NONE',  ( -894.3999999999999800, -380.9999999999993200, -3457.440000000000500 ) ) ;
#5018 = STYLED_ITEM ( 'NONE', ( #63 ), #3648 ) ;
#5019 = SURFACE_STYLE_FILL_AREA ( #3391 ) ;
#5020 = CARTESIAN_POINT ( 'NONE',  ( 2735.423242407276100, 472.1915675289416200, -156.6587495643552800 ) ) ;
#5021 = EDGE_LOOP ( 'NONE', ( #552, #6028 ) ) ;
#5022 = ORIENTED_EDGE ( 'NONE', *, *, #2646, .F. ) ;
#5023 = PRESENTATION_LAYER_ASSIGNMENT (  '', '', ( #586 ) ) ;
#5024 = FACE_OUTER_BOUND ( 'NONE', #1347, .T. ) ;
#5025 = DIRECTION ( 'NONE',  ( -1.000000000000000000, 0.0000000000000000000, 0.0000000000000000000 ) ) ;
#5026 = SURFACE_STYLE_FILL_AREA ( #3651 ) ;
#5027 = SURFACE_STYLE_FILL_AREA ( #6558 ) ;
#5028 = CARTESIAN_POINT ( 'NONE',  ( 12.58022456961535500, 156.4400000000000500, -3.831674905172239700E-014 ) ) ;
#5029 =( BOUNDED_SURFACE ( )  B_SPLINE_SURFACE ( 3, 3, ( 
 ( #362, #972, #5776, #5728 ),
 ( #1988, #1550, #411, #2526 ),
 ( #3115, #4722, #951, #6805 ),
 ( #4149, #6825, #6277, #5209 ) ),
 .UNSPECIFIED., .F., .F., .F. ) 
 B_SPLINE_SURFACE_WITH_KNOTS ( ( 4, 4 ),
 ( 4, 4 ),
 ( 0.0000000000000000000, 1.000000000000000000 ),
 ( 0.0000000000000000000, 1.000000000000000000 ),
 .UNSPECIFIED. ) 
 GEOMETRIC_REPRESENTATION_ITEM ( )  RATIONAL_B_SPLINE_SURFACE ( (
 ( 1.000000000000000000, 0.8047378541243649400, 0.8047378541243649400, 1.000000000000000000),
 ( 0.3333333333333333700, 0.2682459513747883500, 0.2682459513747883500, 0.3333333333333333700),
 ( 0.3333333333333333700, 0.2682459513747883500, 0.2682459513747883500, 0.3333333333333333700),
 ( 1.000000000000000000, 0.8047378541243649400, 0.8047378541243649400, 1.000000000000000000) ) ) 
 REPRESENTATION_ITEM ( '' )  SURFACE ( )  );
#5030 = CARTESIAN_POINT ( 'NONE',  ( -3796.722537721263100, -2044.440000000000100, -3093.119999999999000 ) ) ;
#5031 = VERTEX_POINT ( 'NONE', #5743 ) ;
#5032 = PRESENTATION_STYLE_ASSIGNMENT (( #6511 ) ) ;
#5033 = CARTESIAN_POINT ( 'NONE',  ( 137.2218920732927600, 497.5000000000001700, 0.0000000000000000000 ) ) ;
#5034 =( LENGTH_UNIT ( ) NAMED_UNIT ( * ) SI_UNIT ( .MILLI., .METRE. ) );
#5035 = PRESENTATION_LAYER_ASSIGNMENT (  '', '', ( #1542 ) ) ;
#5036 = LINE ( 'NONE', #4975, #1692 ) ;
#5037 = SURFACE_STYLE_USAGE ( .BOTH. , #2337 ) ;
#5038 = MECHANICAL_DESIGN_GEOMETRIC_PRESENTATION_REPRESENTATION (  '', ( #5165 ), #2656 ) ;
#5039 = ORIENTED_EDGE ( 'NONE', *, *, #1070, .F. ) ;
#5040 = CARTESIAN_POINT ( 'NONE',  ( 2608.000000000000000, 1940.000000000000200, 496.0000000000000000 ) ) ;
#5041 = DIRECTION ( 'NONE',  ( 0.0000000000000000000, -1.000000000000000000, 0.0000000000000000000 ) ) ;
#5042 = FILL_AREA_STYLE_COLOUR ( '', #676 ) ;
#5043 = DIRECTION ( 'NONE',  ( -1.000000000000000000, 0.0000000000000000000, 0.0000000000000000000 ) ) ;
#5044 = CARTESIAN_POINT ( 'NONE',  ( 627.9999999999998900, 1939.999999999999800, -117.5000000000000400 ) ) ;
#5045 = COLOUR_RGB ( '',0.7921568627450980000, 0.8196078431372548800, 0.9333333333333333500 ) ;
#5046 = ORIENTED_EDGE ( 'NONE', *, *, #3450, .F. ) ;
#5047 = AXIS2_PLACEMENT_3D ( 'NONE', #3848, #4964, #2745 ) ;
#5048 = CARTESIAN_POINT ( 'NONE',  ( 1002.055522721591000, 2009.999999999999800, -117.5000000000000400 ) ) ;
#5049 = CARTESIAN_POINT ( 'NONE',  ( 2694.013592160644700, 481.5914408633999500, -124.8217701821482400 ) ) ;
#5050 = VERTEX_POINT ( 'NONE', #6847 ) ;
#5051 = CARTESIAN_POINT ( 'NONE',  ( 630.1927510786803200, 52.63232411479062700, -494.7186572364497000 ) ) ;
#5052 = EDGE_CURVE ( 'NONE', #5912, #1230, #4477, .T. ) ;
#5053 = FILL_AREA_STYLE ('',( #6633 ) ) ;
#5054 = COLOUR_RGB ( '',0.7921568627450980000, 0.8196078431372548800, 0.9333333333333333500 ) ;
#5055 = CARTESIAN_POINT ( 'NONE',  ( 1672.161342828090700, -194.9904751447257900, -2.220446049250312600E-013 ) ) ;
#5056 = STYLED_ITEM ( 'NONE', ( #3584 ), #1616 ) ;
#5057 = ORIENTED_EDGE ( 'NONE', *, *, #2901, .T. ) ;
#5058 = FILL_AREA_STYLE_COLOUR ( '', #5888 ) ;
#5059 = CARTESIAN_POINT ( 'NONE',  ( 843.5331414542306400, 469.9078236353384500, 163.3971342805091400 ) ) ;
#5060 = EDGE_CURVE ( 'NONE', #806, #4777, #1465, .T. ) ;
#5061 = SURFACE_SIDE_STYLE ('',( #6591 ) ) ;
#5062 = ORIENTED_EDGE ( 'NONE', *, *, #3947, .T. ) ;
#5063 = DIRECTION ( 'NONE',  ( 0.0000000000000000000, 0.0000000000000000000, 1.000000000000000000 ) ) ;
#5064 = CARTESIAN_POINT ( 'NONE',  ( -1275.400000000000100, -1923.000000000000000, -3457.439999999999600 ) ) ;
#5065 = PRESENTATION_STYLE_ASSIGNMENT (( #1942 ) ) ;
#5066 = DIRECTION ( 'NONE',  ( 0.0000000000000000000, 0.0000000000000000000, -1.000000000000000000 ) ) ;
#5067 = AXIS2_PLACEMENT_3D ( 'NONE', #511, #2675, #1087 ) ;
#5068 = STYLED_ITEM ( 'NONE', ( #2288 ), #5900 ) ;
#5069 = DIRECTION ( 'NONE',  ( -0.6434991012582377300, 0.0000000000000000000, 0.7654468673133624200 ) ) ;
#5070 = DIRECTION ( 'NONE',  ( 8.659560562354910700E-017, -0.7071067811865493500, 0.7071067811865456900 ) ) ;
#5071 = CARTESIAN_POINT ( 'NONE',  ( 2688.070847104004300, 483.2202390176632300, -118.3459220883738800 ) ) ;
#5072 = STYLED_ITEM ( 'NONE', ( #4117 ), #2660 ) ;
#5073 = CARTESIAN_POINT ( 'NONE',  ( 515.2577706420135000, 12.61055315633155900, -497.3414121501757000 ) ) ;
#5074 = ORIENTED_EDGE ( 'NONE', *, *, #2800, .T. ) ;
#5075 =( LENGTH_UNIT ( ) NAMED_UNIT ( * ) SI_UNIT ( .MILLI., .METRE. ) );
#5076 = MECHANICAL_DESIGN_GEOMETRIC_PRESENTATION_REPRESENTATION (  '', ( #773 ), #5211 ) ;
#5077 = CARTESIAN_POINT ( 'NONE',  ( 1912.401471733790900, -502.4321677444214100, -143.9919032385889500 ) ) ;
#5078 = VECTOR ( 'NONE', #6421, 1000.000000000000000 ) ;
#5079 =( GEOMETRIC_REPRESENTATION_CONTEXT ( 3 ) GLOBAL_UNCERTAINTY_ASSIGNED_CONTEXT ( ( #3250 ) ) GLOBAL_UNIT_ASSIGNED_CONTEXT ( ( #6398, #6903, #1094 ) ) REPRESENTATION_CONTEXT ( 'NONE', 'WORKASPACE' ) );
#5080 = CARTESIAN_POINT ( 'NONE',  ( 484.5802245696154400, 0.0000000000000000000, 0.0000000000000000000 ) ) ;
#5081 = DIRECTION ( 'NONE',  ( 0.0000000000000000000, 0.0000000000000000000, -1.000000000000000000 ) ) ;
#5082 = EDGE_CURVE ( 'NONE', #3803, #6929, #3815, .T. ) ;
#5083 = FACE_OUTER_BOUND ( 'NONE', #402, .T. ) ;
#5084 = FILL_AREA_STYLE_COLOUR ( '', #2690 ) ;
#5085 = COLOUR_RGB ( '',0.7921568627450980000, 0.8196078431372548800, 0.9333333333333333500 ) ;
#5086 = FILL_AREA_STYLE ('',( #3983 ) ) ;
#5087 = CARTESIAN_POINT ( 'NONE',  ( 627.9999999999998900, 1939.999999999999800, 117.5000000000000000 ) ) ;
#5088 = EDGE_CURVE ( 'NONE', #1672, #3133, #5820, .T. ) ;
#5089 = SURFACE_STYLE_USAGE ( .BOTH. , #2417 ) ;
#5090 = SURFACE_STYLE_FILL_AREA ( #5848 ) ;
#5091 = DIRECTION ( 'NONE',  ( 0.0000000000000000000, 0.0000000000000000000, 1.000000000000000000 ) ) ;
#5092 = UNCERTAINTY_MEASURE_WITH_UNIT (LENGTH_MEASURE( 1.000000000000000100E-005 ), #1205, 'distance_accuracy_value', 'NONE');
#5093 = CARTESIAN_POINT ( 'NONE',  ( 2889.339765268168800, 468.7115890436697300, -166.7846825921188000 ) ) ;
#5094 = CIRCLE ( 'NONE', #785, 121.4400000000000100 ) ;
#5095 = PRESENTATION_LAYER_ASSIGNMENT (  '', '', ( #4038 ) ) ;
#5096 = SURFACE_STYLE_USAGE ( .BOTH. , #1368 ) ;
#5097 = ORIENTED_EDGE ( 'NONE', *, *, #3450, .T. ) ;
#5098 = EDGE_CURVE ( 'NONE', #4501, #490, #4399, .T. ) ;
#5099 = FILL_AREA_STYLE ('',( #6171 ) ) ;
#5100 = DIRECTION ( 'NONE',  ( -1.000000000000000000, 0.0000000000000000000, 0.0000000000000000000 ) ) ;
#5101 = CARTESIAN_POINT ( 'NONE',  ( -5529.110764723728600, 429.0000000000012500, -4719.523067705213200 ) ) ;
#5102 = VERTEX_POINT ( 'NONE', #460 ) ;
#5103 = CARTESIAN_POINT ( 'NONE',  ( 703.0000000000000000, 1939.999999999999800, 496.0000000000000000 ) ) ;
#5104 = CARTESIAN_POINT ( 'NONE',  ( -4253.181787303192300, 1377.000000000002500, -3488.217290012853900 ) ) ;
#5105 = DIRECTION ( 'NONE',  ( 0.0000000000000000000, 0.0000000000000000000, -1.000000000000000000 ) ) ;
#5106 = CARTESIAN_POINT ( 'NONE',  ( -4331.328318159991800, 1498.440000000002100, -3395.261422446319100 ) ) ;
#5107 = CIRCLE ( 'NONE', #1097, 144.4699999999999400 ) ;
#5108 = DIRECTION ( 'NONE',  ( 0.0000000000000000000, 0.0000000000000000000, 1.000000000000000000 ) ) ;
#5109 = CARTESIAN_POINT ( 'NONE',  ( 1208.000000000000000, 1939.999999999999800, 496.0000000000000000 ) ) ;
#5110 = AXIS2_PLACEMENT_3D ( 'NONE', #6587, #4475, #3396 ) ;
#5111 = EDGE_CURVE ( 'NONE', #1713, #1803, #5644, .T. ) ;
#5112 = ORIENTED_EDGE ( 'NONE', *, *, #1630, .T. ) ;
#5113 = FILL_AREA_STYLE_COLOUR ( '', #5241 ) ;
#5114 =( GEOMETRIC_REPRESENTATION_CONTEXT ( 3 ) GLOBAL_UNCERTAINTY_ASSIGNED_CONTEXT ( ( #5092 ) ) GLOBAL_UNIT_ASSIGNED_CONTEXT ( ( #1205, #2322, #3859 ) ) REPRESENTATION_CONTEXT ( 'NONE', 'WORKASPACE' ) );
#5115 = LINE ( 'NONE', #2297, #3268 ) ;
#5116 = LINE ( 'NONE', #2700, #1257 ) ;
#5117 = VECTOR ( 'NONE', #6744, 1000.000000000000000 ) ;
#5118 = COLOUR_RGB ( '',0.7921568627450980000, 0.8196078431372548800, 0.9333333333333333500 ) ;
#5119 = CARTESIAN_POINT ( 'NONE',  ( 976.0191203036351900, 467.6120539777419900, -169.8395278652591900 ) ) ;
#5120 = SURFACE_STYLE_USAGE ( .BOTH. , #4600 ) ;
#5121 = CARTESIAN_POINT ( 'NONE',  ( 2902.740528301351800, 470.7757576644667100, -160.8877976145816100 ) ) ;
#5122 = ORIENTED_EDGE ( 'NONE', *, *, #288, .F. ) ;
#5123 = CARTESIAN_POINT ( 'NONE',  ( 536.2673591815861300, 51.05017766330205800, -494.8744548441817400 ) ) ;
#5124 = CIRCLE ( 'NONE', #2808, 154.5000000000000300 ) ;
#5125 =( GEOMETRIC_REPRESENTATION_CONTEXT ( 3 ) GLOBAL_UNCERTAINTY_ASSIGNED_CONTEXT ( ( #1298 ) ) GLOBAL_UNIT_ASSIGNED_CONTEXT ( ( #3672, #927, #466 ) ) REPRESENTATION_CONTEXT ( 'NONE', 'WORKASPACE' ) );
#5126 = VERTEX_POINT ( 'NONE', #6820 ) ;
#5127 = VECTOR ( 'NONE', #4019, 1000.000000000000000 ) ;
#5128 = LINE ( 'NONE', #3603, #4879 ) ;
#5129 = DIRECTION ( 'NONE',  ( 1.000000000000000000, -0.0000000000000000000, -0.0000000000000000000 ) ) ;
#5130 = CARTESIAN_POINT ( 'NONE',  ( 862.7976065042934100, 467.2709267139672400, 170.7758159068403100 ) ) ;
#5131 = ORIENTED_EDGE ( 'NONE', *, *, #4520, .F. ) ;
#5132 = DIRECTION ( 'NONE',  ( -0.0000000000000000000, 1.000000000000000000, -0.0000000000000000000 ) ) ;
#5133 = CARTESIAN_POINT ( 'NONE',  ( -4106.040053681532300, 1498.440000000001400, -3205.865133942642800 ) ) ;
#5134 = VERTEX_POINT ( 'NONE', #2520 ) ;
#5135 = DIRECTION ( 'NONE',  ( 1.000000000000000000, -0.0000000000000000000, -0.0000000000000000000 ) ) ;
#5136 = FACE_BOUND ( 'NONE', #4385, .T. ) ;
#5137 =( LENGTH_UNIT ( ) NAMED_UNIT ( * ) SI_UNIT ( .MILLI., .METRE. ) );
#5138 = CARTESIAN_POINT ( 'NONE',  ( 775.5699684574176400, 485.3559827478520700, -109.3499229958325900 ) ) ;
#5139 = ORIENTED_EDGE ( 'NONE', *, *, #6002, .F. ) ;
#5140 =( GEOMETRIC_REPRESENTATION_CONTEXT ( 3 ) GLOBAL_UNCERTAINTY_ASSIGNED_CONTEXT ( ( #1815 ) ) GLOBAL_UNIT_ASSIGNED_CONTEXT ( ( #3373, #4941, #3320 ) ) REPRESENTATION_CONTEXT ( 'NONE', 'WORKASPACE' ) );
#5141 = DIRECTION ( 'NONE',  ( -0.0000000000000000000, 1.000000000000000000, -0.0000000000000000000 ) ) ;
#5142 = CARTESIAN_POINT ( 'NONE',  ( 1085.869346901213500, 493.4292240462890500, -63.74526409554796700 ) ) ;
#5143 = FILL_AREA_STYLE_COLOUR ( '', #1930 ) ;
#5144 = CARTESIAN_POINT ( 'NONE',  ( 3000.994767843981700, 496.9694236732547700, -23.70607361448517000 ) ) ;
#5145 = CARTESIAN_POINT ( 'NONE',  ( 2823.000000000000000, 2009.999999999999800, 0.0000000000000000000 ) ) ;
#5146 = EDGE_CURVE ( 'NONE', #3945, #2180, #4558, .T. ) ;
#5147 = CARTESIAN_POINT ( 'NONE',  ( 137.2218920732927600, 497.5000000000001700, -1.218523565151616500E-013 ) ) ;
#5148 = FILL_AREA_STYLE ('',( #5006 ) ) ;
#5149 = CARTESIAN_POINT ( 'NONE',  ( -5436.154897157194700, 1148.046727750442400, -4641.376536848411900 ) ) ;
#5150 = DIRECTION ( 'NONE',  ( -0.0000000000000000000, -0.0000000000000000000, -1.000000000000000000 ) ) ;
#5151 = DIRECTION ( 'NONE',  ( 0.0000000000000000000, 0.0000000000000000000, -1.000000000000000000 ) ) ;
#5152 = EDGE_CURVE ( 'NONE', #1907, #4035, #369, .T. ) ;
#5153 = CARTESIAN_POINT ( 'NONE',  ( 230.5802245696153500, 0.0000000000000000000, 0.0000000000000000000 ) ) ;
#5154 = CARTESIAN_POINT ( 'NONE',  ( 52.58022456961535300, 0.0000000000000000000, 0.0000000000000000000 ) ) ;
#5155 = FILL_AREA_STYLE ('',( #1317 ) ) ;
#5156 = PRESENTATION_LAYER_ASSIGNMENT (  '', '', ( #4442 ) ) ;
#5157 = PRESENTATION_LAYER_ASSIGNMENT (  '', '', ( #3740 ) ) ;
#5158 = CARTESIAN_POINT ( 'NONE',  ( 1063.902567295886000, 486.3895845413599100, 104.6699376316126100 ) ) ;
#5159 = CARTESIAN_POINT ( 'NONE',  ( 2992.862930504771200, 494.1128941670860400, -58.23155995817994300 ) ) ;
#5160 = CARTESIAN_POINT ( 'NONE',  ( 519.8999855239949300, 27.85160737513388800, -496.7209057173371900 ) ) ;
#5161 = CIRCLE ( 'NONE', #1038, 164.4999999999999400 ) ;
#5162 = FILL_AREA_STYLE ('',( #5215 ) ) ;
#5163 = CARTESIAN_POINT ( 'NONE',  ( 917.9999999999998900, 424.0008287708115500, 164.4999999999999400 ) ) ;
#5164 = CIRCLE ( 'NONE', #2647, 121.4400000000000300 ) ;
#5165 = STYLED_ITEM ( 'NONE', ( #613 ), #5295 ) ;
#5166 = LINE ( 'NONE', #6303, #486 ) ;
#5167 = SURFACE_STYLE_USAGE ( .BOTH. , #2072 ) ;
#5168 = CARTESIAN_POINT ( 'NONE',  ( -5237.475508277338100, 1498.440000000002600, -4474.349910125824000 ) ) ;
#5169 = FACE_OUTER_BOUND ( 'NONE', #3339, .T. ) ;
#5170 = ORIENTED_EDGE ( 'NONE', *, *, #4703, .T. ) ;
#5171 = CARTESIAN_POINT ( 'NONE',  ( 1764.357206279194100, 1.088711004441997100E-014, 88.90000000000000600 ) ) ;
#5172 = CARTESIAN_POINT ( 'NONE',  ( 744.7434823005141900, 495.2919562808000900, 46.90984265278115800 ) ) ;
#5173 = PRESENTATION_STYLE_ASSIGNMENT (( #6046 ) ) ;
#5174 = CARTESIAN_POINT ( 'NONE',  ( -3883.400000000000100, -1541.999999999999800, -3214.559999999999000 ) ) ;
#5175 = CARTESIAN_POINT ( 'NONE',  ( 12.58022456961535500, 0.0000000000000000000, -156.4400000000000000 ) ) ;
#5176 = DIRECTION ( 'NONE',  ( -0.0000000000000000000, -1.000000000000000000, -0.0000000000000000000 ) ) ;
#5177 = CARTESIAN_POINT ( 'NONE',  ( 885.3873589032991700, 465.1432134201614300, -176.4882929777781200 ) ) ;
#5178 = SURFACE_STYLE_FILL_AREA ( #2743 ) ;
#5179 = FILL_AREA_STYLE_COLOUR ( '', #3337 ) ;
#5180 = CARTESIAN_POINT ( 'NONE',  ( 1095.144851865071400, 496.6647789120305000, 29.39194472838289600 ) ) ;
#5181 =( LENGTH_UNIT ( ) NAMED_UNIT ( * ) SI_UNIT ( .MILLI., .METRE. ) );
#5182 = ORIENTED_EDGE ( 'NONE', *, *, #4637, .T. ) ;
#5183 = CARTESIAN_POINT ( 'NONE',  ( 2932.387546672000100, 476.7191450421755100, -142.2884150317790400 ) ) ;
#5184 = SURFACE_STYLE_USAGE ( .BOTH. , #975 ) ;
#5185 = PRESENTATION_LAYER_ASSIGNMENT (  '', '', ( #4966 ) ) ;
#5186 = CARTESIAN_POINT ( 'NONE',  ( -651.5199999999999800, -380.9999999999993700, -3457.440000000001000 ) ) ;
#5187 = UNCERTAINTY_MEASURE_WITH_UNIT (LENGTH_MEASURE( 1.000000000000000100E-005 ), #3197, 'distance_accuracy_value', 'NONE');
#5188 = EDGE_LOOP ( 'NONE', ( #3184, #5062, #514, #2416, #5472, #5228 ) ) ;
#5189 = VERTEX_POINT ( 'NONE', #1448 ) ;
#5190 = EDGE_CURVE ( 'NONE', #503, #2519, #3298, .T. ) ;
#5191 = CARTESIAN_POINT ( 'NONE',  ( 1937.935908590989100, -502.3764794820822900, -142.5407351949467900 ) ) ;
#5192 = CYLINDRICAL_SURFACE ( 'NONE', #6928, 88.90000000000000600 ) ;
#5193 = CARTESIAN_POINT ( 'NONE',  ( -5622.066632290265300, 996.0000000000022700, -4797.669598562014500 ) ) ;
#5194 = COLOUR_RGB ( '',0.7921568627450980000, 0.8196078431372548800, 0.9333333333333333500 ) ;
#5195 = DIRECTION ( 'NONE',  ( -0.0000000000000000000, -0.0000000000000000000, -1.000000000000000000 ) ) ;
#5196 = CARTESIAN_POINT ( 'NONE',  ( 531.4443452758829400, -46.11293596931698600, -495.3615146454207500 ) ) ;
#5197 = ORIENTED_EDGE ( 'NONE', *, *, #1476, .F. ) ;
#5198 = DIRECTION ( 'NONE',  ( -0.0000000000000000000, -0.0000000000000000000, 1.000000000000000000 ) ) ;
#5199 = AXIS2_PLACEMENT_3D ( 'NONE', #27, #6880, #2094 ) ;
#5200 = SURFACE_STYLE_FILL_AREA ( #6811 ) ;
#5201 = FACE_OUTER_BOUND ( 'NONE', #2962, .T. ) ;
#5202 = COLOUR_RGB ( '',0.7921568627450980000, 0.8196078431372548800, 0.9333333333333333500 ) ;
#5203 = DIRECTION ( 'NONE',  ( -0.6434991012582377300, 9.142152706070107900E-015, 0.7654468673133624200 ) ) ;
#5204 = CARTESIAN_POINT ( 'NONE',  ( 894.2198440626413000, 464.6004730904334100, -177.9125525993686900 ) ) ;
#5205 =( GEOMETRIC_REPRESENTATION_CONTEXT ( 3 ) GLOBAL_UNCERTAINTY_ASSIGNED_CONTEXT ( ( #5831 ) ) GLOBAL_UNIT_ASSIGNED_CONTEXT ( ( #4502, #5554, #2963 ) ) REPRESENTATION_CONTEXT ( 'NONE', 'WORKASPACE' ) );
#5206 = ORIENTED_EDGE ( 'NONE', *, *, #3141, .T. ) ;
#5207 =( BOUNDED_SURFACE ( )  B_SPLINE_SURFACE ( 3, 3, ( 
 ( #866, #5758, #3561, #885 ),
 ( #4130, #343, #4635, #4173 ),
 ( #6239, #2549, #1974, #909 ),
 ( #5780, #3050, #4607, #3607 ) ),
 .UNSPECIFIED., .F., .F., .F. ) 
 B_SPLINE_SURFACE_WITH_KNOTS ( ( 4, 4 ),
 ( 4, 4 ),
 ( 0.0000000000000000000, 1.000000000000000000 ),
 ( 0.0000000000000000000, 1.000000000000000000 ),
 .UNSPECIFIED. ) 
 GEOMETRIC_REPRESENTATION_ITEM ( )  RATIONAL_B_SPLINE_SURFACE ( (
 ( 1.000000000000000000, 0.8047378541243649400, 0.8047378541243649400, 1.000000000000000000),
 ( 0.3333333333333333700, 0.2682459513747883500, 0.2682459513747883500, 0.3333333333333333700),
 ( 0.3333333333333333700, 0.2682459513747883500, 0.2682459513747883500, 0.3333333333333333700),
 ( 1.000000000000000000, 0.8047378541243649400, 0.8047378541243649400, 1.000000000000000000) ) ) 
 REPRESENTATION_ITEM ( '' )  SURFACE ( )  );
#5208 = CARTESIAN_POINT ( 'NONE',  ( 1097.097614461009900, 497.3657750865189100, 11.65117917514224100 ) ) ;
#5209 = CARTESIAN_POINT ( 'NONE',  ( -772.9600000000000400, 1.487211072884545900E-014, -381.0000000000000600 ) ) ;
#5210 = DIRECTION ( 'NONE',  ( 1.000000000000000000, -0.0000000000000000000, -0.0000000000000000000 ) ) ;
#5211 =( GEOMETRIC_REPRESENTATION_CONTEXT ( 3 ) GLOBAL_UNCERTAINTY_ASSIGNED_CONTEXT ( ( #3093 ) ) GLOBAL_UNIT_ASSIGNED_CONTEXT ( ( #6478, #3308, #5930 ) ) REPRESENTATION_CONTEXT ( 'NONE', 'WORKASPACE' ) );
#5212 = DIRECTION ( 'NONE',  ( -0.0000000000000000000, -0.0000000000000000000, -1.000000000000000000 ) ) ;
#5213 = VERTEX_POINT ( 'NONE', #5282 ) ;
#5214 =( GEOMETRIC_REPRESENTATION_CONTEXT ( 3 ) GLOBAL_UNCERTAINTY_ASSIGNED_CONTEXT ( ( #2726 ) ) GLOBAL_UNIT_ASSIGNED_CONTEXT ( ( #913, #6792, #5735 ) ) REPRESENTATION_CONTEXT ( 'NONE', 'WORKASPACE' ) );
#5215 = FILL_AREA_STYLE_COLOUR ( '', #447 ) ;
#5216 = PRESENTATION_STYLE_ASSIGNMENT (( #5037 ) ) ;
#5217 = EDGE_CURVE ( 'NONE', #2834, #6132, #6885, .T. ) ;
#5218 = CARTESIAN_POINT ( 'NONE',  ( 1937.935908590988900, -502.3764794820821700, -2.220446049250313100E-013 ) ) ;
#5219 = ORIENTED_EDGE ( 'NONE', *, *, #6835, .T. ) ;
#5220 = SURFACE_SIDE_STYLE ('',( #4445 ) ) ;
#5221 = AXIS2_PLACEMENT_3D ( 'NONE', #4116, #6140, #5668 ) ;
#5222 = ORIENTED_EDGE ( 'NONE', *, *, #4382, .T. ) ;
#5223 = CARTESIAN_POINT ( 'NONE',  ( 248.0000000000000000, 0.0000000000000000000, -497.5000000000000000 ) ) ;
#5224 = COLOUR_RGB ( '',0.7921568627450980000, 0.8196078431372548800, 0.9333333333333333500 ) ;
#5225 = CARTESIAN_POINT ( 'NONE',  ( 595.3803849577885800, -68.95666348982949500, -492.6979373699837200 ) ) ;
#5226 = AXIS2_PLACEMENT_3D ( 'NONE', #3676, #2620, #6351 ) ;
#5227 = CARTESIAN_POINT ( 'NONE',  ( 2823.000000000000000, 424.0008287708115500, 179.4700000000000000 ) ) ;
#5228 = ORIENTED_EDGE ( 'NONE', *, *, #5016, .F. ) ;
#5229 =( LENGTH_UNIT ( ) NAMED_UNIT ( * ) SI_UNIT ( .MILLI., .METRE. ) );
#5230 = LINE ( 'NONE', #4163, #5899 ) ;
#5231 = DIRECTION ( 'NONE',  ( 1.000000000000000000, -0.0000000000000000000, -0.0000000000000000000 ) ) ;
#5232 = CARTESIAN_POINT ( 'NONE',  ( 3590.709194396763500, 497.4999999999997700, -994.9999999999997700 ) ) ;
#5233 = ORIENTED_EDGE ( 'NONE', *, *, #4969, .T. ) ;
#5234 = UNCERTAINTY_MEASURE_WITH_UNIT (LENGTH_MEASURE( 1.000000000000000100E-005 ), #6585, 'distance_accuracy_value', 'NONE');
#5235 = AXIS2_PLACEMENT_3D ( 'NONE', #4670, #2061, #3085 ) ;
#5236 = DIRECTION ( 'NONE',  ( 0.0000000000000000000, 0.0000000000000000000, -1.000000000000000000 ) ) ;
#5237 = CARTESIAN_POINT ( 'NONE',  ( 1022.899581789162000, 475.6872009016546500, 145.7379174336184100 ) ) ;
#5238 = CARTESIAN_POINT ( 'NONE',  ( -354.3999999999999800, 0.0000000000000000000, -3.940617728943018800E-015 ) ) ;
#5239 = CARTESIAN_POINT ( 'NONE',  ( 833.9444772784086100, 2009.999999999999800, 117.4999999999999900 ) ) ;
#5240 = UNCERTAINTY_MEASURE_WITH_UNIT (LENGTH_MEASURE( 1.000000000000000100E-005 ), #133, 'distance_accuracy_value', 'NONE');
#5241 = COLOUR_RGB ( '',0.7921568627450980000, 0.8196078431372548800, 0.9333333333333333500 ) ;
#5242 = EDGE_CURVE ( 'NONE', #2573, #3809, #4067, .T. ) ;
#5243 = PRESENTATION_STYLE_ASSIGNMENT (( #1656 ) ) ;
#5244 = SURFACE_STYLE_USAGE ( .BOTH. , #5220 ) ;
#5245 = ORIENTED_EDGE ( 'NONE', *, *, #5152, .F. ) ;
#5246 = UNCERTAINTY_MEASURE_WITH_UNIT (LENGTH_MEASURE( 1.000000000000000100E-005 ), #956, 'distance_accuracy_value', 'NONE');
#5247 = PRESENTATION_LAYER_ASSIGNMENT (  '', '', ( #5558 ) ) ;
#5248 = CARTESIAN_POINT ( 'NONE',  ( 624.6967724204949900, -56.85208925705693900, -494.2425590822896300 ) ) ;
#5249 = EDGE_CURVE ( 'NONE', #3213, #5981, #3150, .T. ) ;
#5250 = DIRECTION ( 'NONE',  ( 0.0000000000000000000, 0.0000000000000000000, -1.000000000000000000 ) ) ;
#5251 = AXIS2_PLACEMENT_3D ( 'NONE', #3334, #3285, #734 ) ;
#5252 = VECTOR ( 'NONE', #6441, 1000.000000000000000 ) ;
#5253 = SURFACE_STYLE_USAGE ( .BOTH. , #5838 ) ;
#5254 = FACE_OUTER_BOUND ( 'NONE', #6112, .T. ) ;
#5255 = CARTESIAN_POINT ( 'NONE',  ( 1934.000000000000200, 0.0000000000000000000, 0.0000000000000000000 ) ) ;
#5256 = STYLED_ITEM ( 'NONE', ( #5497 ), #4291 ) ;
#5257 = FACE_OUTER_BOUND ( 'NONE', #5897, .T. ) ;
#5258 = ADVANCED_FACE ( 'NONE', ( #5560 ), #3179, .T. ) ;
#5259 = CARTESIAN_POINT ( 'NONE',  ( 938.8244923165156000, 464.4584628533497200, 178.2826045600595800 ) ) ;
#5260 = DIRECTION ( 'NONE',  ( 0.0000000000000000000, 0.0000000000000000000, -1.000000000000000000 ) ) ;
#5261 = DIRECTION ( 'NONE',  ( -1.000000000000000000, 0.0000000000000000000, 0.0000000000000000000 ) ) ;
#5262 = SURFACE_STYLE_USAGE ( .BOTH. , #976 ) ;
#5263 = AXIS2_PLACEMENT_3D ( 'NONE', #4996, #6574, #5490 ) ;
#5264 = CARTESIAN_POINT ( 'NONE',  ( 2823.000000000000000, 464.0008287708115500, -179.4700000000000000 ) ) ;
#5265 = COLOUR_RGB ( '',0.7921568627450980000, 0.8196078431372548800, 0.9333333333333333500 ) ;
#5266 = VERTEX_POINT ( 'NONE', #6404 ) ;
#5267 = ADVANCED_FACE ( 'NONE', ( #6720 ), #872, .F. ) ;
#5268 = STYLED_ITEM ( 'NONE', ( #790 ), #5334 ) ;
#5269 =( NAMED_UNIT ( * ) SI_UNIT ( $, .STERADIAN. ) SOLID_ANGLE_UNIT ( ) );
#5270 = CARTESIAN_POINT ( 'NONE',  ( 1689.387719574899800, 197.0424432531547400, -199.9198517207159400 ) ) ;
#5271 = DIRECTION ( 'NONE',  ( 1.000000000000000000, 0.0000000000000000000, 0.0000000000000000000 ) ) ;
#5272 = CIRCLE ( 'NONE', #2863, 75.00000000000007100 ) ;
#5273 = DIRECTION ( 'NONE',  ( 0.0000000000000000000, 0.0000000000000000000, -1.000000000000000000 ) ) ;
#5274 = VERTEX_POINT ( 'NONE', #4278 ) ;
#5275 = CARTESIAN_POINT ( 'NONE',  ( 550.0349555287357400, -61.08105126994980300, -493.7364174408008400 ) ) ;
#5276 = CARTESIAN_POINT ( 'NONE',  ( 1938.050197447058700, 502.5169125668199400, -5.482966111301680600E-013 ) ) ;
#5277 = CIRCLE ( 'NONE', #2185, 144.4699999999998000 ) ;
#5278 = CARTESIAN_POINT ( 'NONE',  ( 917.9999999999998900, 497.5000000000000000, 179.4700000000000000 ) ) ;
#5279 = AXIS2_PLACEMENT_3D ( 'NONE', #1311, #2871, #4107 ) ;
#5280 = ORIENTED_EDGE ( 'NONE', *, *, #1749, .T. ) ;
#5281 = ORIENTED_EDGE ( 'NONE', *, *, #2247, .F. ) ;
#5282 = CARTESIAN_POINT ( 'NONE',  ( 833.9444772784087300, 2009.999999999999800, -117.5000000000000100 ) ) ;
#5283 = EDGE_CURVE ( 'NONE', #5050, #844, #6549, .T. ) ;
#5284 = CARTESIAN_POINT ( 'NONE',  ( 2559.925824035673500, 2009.999999999999800, -117.4999999999986100 ) ) ;
#5285 = CARTESIAN_POINT ( 'NONE',  ( 484.5802245696154400, 6.998856457127125700E-015, 57.15000000000002000 ) ) ;
#5286 = CARTESIAN_POINT ( 'NONE',  ( 0.0000000000000000000, 1.915837452586119200E-014, 156.4400000000000000 ) ) ;
#5287 = ORIENTED_EDGE ( 'NONE', *, *, #4887, .T. ) ;
#5288 = ORIENTED_EDGE ( 'NONE', *, *, #4162, .F. ) ;
#5289 = SURFACE_SIDE_STYLE ('',( #2506 ) ) ;
#5290 = COLOUR_RGB ( '',0.7921568627450980000, 0.8196078431372548800, 0.9333333333333333500 ) ;
#5291 = CARTESIAN_POINT ( 'NONE',  ( 3590.709194396763500, 497.5000000000001100, 0.0000000000000000000 ) ) ;
#5292 = EDGE_CURVE ( 'NONE', #5000, #6039, #5972, .T. ) ;
#5293 = CARTESIAN_POINT ( 'NONE',  ( 3716.382674367796400, 0.0000000000000000000, -1.216074271553320800E-014 ) ) ;
#5294 = ORIENTED_EDGE ( 'NONE', *, *, #1806, .F. ) ;
#5295 = ADVANCED_FACE ( 'NONE', ( #3057 ), #2872, .F. ) ;
#5296 = PRESENTATION_LAYER_ASSIGNMENT (  '', '', ( #352 ) ) ;
#5297 = FACE_OUTER_BOUND ( 'NONE', #611, .T. ) ;
#5298 = CYLINDRICAL_SURFACE ( 'NONE', #6267, 198.5999999999999100 ) ;
#5299 = COLOUR_RGB ( '',0.7921568627450980000, 0.8196078431372548800, 0.9333333333333333500 ) ;
#5300 = CARTESIAN_POINT ( 'NONE',  ( 561.4608890051355300, -66.18484853868318400, -493.0783585500451500 ) ) ;
#5301 = AXIS2_PLACEMENT_3D ( 'NONE', #4436, #4347, #1131 ) ;
#5302 = ORIENTED_EDGE ( 'NONE', *, *, #1130, .F. ) ;
#5303 = CIRCLE ( 'NONE', #4144, 71.49999999999998600 ) ;
#5304 =( NAMED_UNIT ( * ) PLANE_ANGLE_UNIT ( ) SI_UNIT ( $, .RADIAN. ) );
#5305 = MECHANICAL_DESIGN_GEOMETRIC_PRESENTATION_REPRESENTATION (  '', ( #3740 ), #3273 ) ;
#5306 = CYLINDRICAL_SURFACE ( 'NONE', #3314, 75.00000000000017100 ) ;
#5307 = ADVANCED_FACE ( 'NONE', ( #3145 ), #6793, .T. ) ;
#5308 = DIRECTION ( 'NONE',  ( -0.0000000000000000000, -1.000000000000000000, -0.0000000000000000000 ) ) ;
#5309 = ORIENTED_EDGE ( 'NONE', *, *, #5242, .F. ) ;
#5310 = CARTESIAN_POINT ( 'NONE',  ( -5279.861835443593900, 996.0000000000021600, -4827.288271981481600 ) ) ;
#5311 =( NAMED_UNIT ( * ) PLANE_ANGLE_UNIT ( ) SI_UNIT ( $, .RADIAN. ) );
#5312 = CYLINDRICAL_SURFACE ( 'NONE', #1158, 497.5000000000000000 ) ;
#5313 = DIRECTION ( 'NONE',  ( 0.0000000000000000000, 1.000000000000000000, 0.0000000000000000000 ) ) ;
#5314 = AXIS2_PLACEMENT_3D ( 'NONE', #995, #4647, #5203 ) ;
#5315 = ADVANCED_FACE ( 'NONE', ( #2054 ), #4871, .T. ) ;
#5316 = DIRECTION ( 'NONE',  ( 0.0000000000000000000, 0.0000000000000000000, -1.000000000000000000 ) ) ;
#5317 = ORIENTED_EDGE ( 'NONE', *, *, #2161, .T. ) ;
#5318 =( NAMED_UNIT ( * ) PLANE_ANGLE_UNIT ( ) SI_UNIT ( $, .RADIAN. ) );
#5319 = EDGE_LOOP ( 'NONE', ( #1277, #1172, #5317, #2533, #3154, #5855 ) ) ;
#5320 = UNCERTAINTY_MEASURE_WITH_UNIT (LENGTH_MEASURE( 1.000000000000000100E-005 ), #1063, 'distance_accuracy_value', 'NONE');
#5321 = COLOUR_RGB ( '',0.7921568627450980000, 0.8196078431372548800, 0.9333333333333333500 ) ;
#5322 = ORIENTED_EDGE ( 'NONE', *, *, #5739, .F. ) ;
#5323 = EDGE_CURVE ( 'NONE', #2612, #4918, #2545, .T. ) ;
#5324 = CARTESIAN_POINT ( 'NONE',  ( -350.0000000000000600, 0.0000000000000000000, 0.0000000000000000000 ) ) ;
#5325 = UNCERTAINTY_MEASURE_WITH_UNIT (LENGTH_MEASURE( 1.000000000000000100E-005 ), #423, 'distance_accuracy_value', 'NONE');
#5326 = SURFACE_STYLE_USAGE ( .BOTH. , #5919 ) ;
#5327 = AXIS2_PLACEMENT_3D ( 'NONE', #6090, #4498, #2453 ) ;
#5328 =( NAMED_UNIT ( * ) PLANE_ANGLE_UNIT ( ) SI_UNIT ( $, .RADIAN. ) );
#5329 = CARTESIAN_POINT ( 'NONE',  ( -5081.182446563735500, 1498.440000000002600, -4660.261645258891800 ) ) ;
#5330 =( LENGTH_UNIT ( ) NAMED_UNIT ( * ) SI_UNIT ( .MILLI., .METRE. ) );
#5331 = CARTESIAN_POINT ( 'NONE',  ( 3113.000000000000000, 1940.000000000000200, 496.0000000000000000 ) ) ;
#5332 = EDGE_CURVE ( 'NONE', #1695, #5527, #6306, .T. ) ;
#5333 = CIRCLE ( 'NONE', #1369, 144.4699999999998000 ) ;
#5334 = ADVANCED_FACE ( 'NONE', ( #1113 ), #5640, .T. ) ;
#5335 = ORIENTED_EDGE ( 'NONE', *, *, #1993, .T. ) ;
#5336 = FACE_OUTER_BOUND ( 'NONE', #3516, .T. ) ;
#5337 = PRESENTATION_LAYER_ASSIGNMENT (  '', '', ( #5959 ) ) ;
#5338 = LINE ( 'NONE', #1688, #2495 ) ;
#5339 = CIRCLE ( 'NONE', #2704, 259.5600000000015400 ) ;
#5340 = CARTESIAN_POINT ( 'NONE',  ( 1881.562404219644600, 197.0424432531547400, 543.9774259585128700 ) ) ;
#5341 = PRESENTATION_LAYER_ASSIGNMENT (  '', '', ( #5963 ) ) ;
#5342 = ORIENTED_EDGE ( 'NONE', *, *, #5508, .T. ) ;
#5343 = FILL_AREA_STYLE_COLOUR ( '', #5321 ) ;
#5344 = STYLED_ITEM ( 'NONE', ( #4817 ), #4778 ) ;
#5345 = STYLED_ITEM ( 'NONE', ( #6203 ), #6872 ) ;
#5346 = FACE_OUTER_BOUND ( 'NONE', #5521, .T. ) ;
#5347 = DIRECTION ( 'NONE',  ( 1.000000000000000000, -0.0000000000000000000, -0.0000000000000000000 ) ) ;
#5348 = CARTESIAN_POINT ( 'NONE',  ( 2823.000000000000000, 424.0008287708115500, 0.0000000000000000000 ) ) ;
#5349 = VERTEX_POINT ( 'NONE', #137 ) ;
#5350 = DIRECTION ( 'NONE',  ( 0.0000000000000000000, -0.0000000000000000000, 1.000000000000000000 ) ) ;
#5351 = EDGE_CURVE ( 'NONE', #3021, #1351, #1551, .T. ) ;
#5352 = FACE_OUTER_BOUND ( 'NONE', #5545, .T. ) ;
#5353 =( GEOMETRIC_REPRESENTATION_CONTEXT ( 3 ) GLOBAL_UNCERTAINTY_ASSIGNED_CONTEXT ( ( #4932 ) ) GLOBAL_UNIT_ASSIGNED_CONTEXT ( ( #324, #1962, #3473 ) ) REPRESENTATION_CONTEXT ( 'NONE', 'WORKASPACE' ) );
#5354 = SURFACE_STYLE_USAGE ( .BOTH. , #4745 ) ;
#5355 = ORIENTED_EDGE ( 'NONE', *, *, #3103, .F. ) ;
#5356 =( NAMED_UNIT ( * ) SI_UNIT ( $, .STERADIAN. ) SOLID_ANGLE_UNIT ( ) );
#5357 = SURFACE_STYLE_FILL_AREA ( #5503 ) ;
#5358 = ORIENTED_EDGE ( 'NONE', *, *, #4286, .T. ) ;
#5359 = AXIS2_PLACEMENT_3D ( 'NONE', #2038, #969, #2560 ) ;
#5360 = ADVANCED_FACE ( 'NONE', ( #1460 ), #5547, .F. ) ;
#5361 = SURFACE_STYLE_USAGE ( .BOTH. , #6369 ) ;
#5362 = FILL_AREA_STYLE ('',( #1624 ) ) ;
#5363 = EDGE_LOOP ( 'NONE', ( #3752, #5938, #1916, #1963 ) ) ;
#5364 = EDGE_CURVE ( 'NONE', #2692, #5880, #5466, .T. ) ;
#5365 = DIRECTION ( 'NONE',  ( 1.000000000000000000, 0.0000000000000000000, -0.0000000000000000000 ) ) ;
#5366 = PLANE ( 'NONE',  #304 ) ;
#5367 = CARTESIAN_POINT ( 'NONE',  ( -894.3999999999999800, -380.9999999999997700, -3335.999999999999500 ) ) ;
#5368 = ORIENTED_EDGE ( 'NONE', *, *, #931, .T. ) ;
#5369 = FILL_AREA_STYLE ('',( #6331 ) ) ;
#5370 =( NAMED_UNIT ( * ) SI_UNIT ( $, .STERADIAN. ) SOLID_ANGLE_UNIT ( ) );
#5371 = EDGE_CURVE ( 'NONE', #4192, #5266, #3545, .T. ) ;
#5372 = UNCERTAINTY_MEASURE_WITH_UNIT (LENGTH_MEASURE( 1.000000000000000100E-005 ), #6856, 'distance_accuracy_value', 'NONE');
#5373 = DIRECTION ( 'NONE',  ( 1.000000000000000000, -0.0000000000000000000, -0.0000000000000000000 ) ) ;
#5374 = EDGE_LOOP ( 'NONE', ( #5782, #5448, #1173, #1643, #3116, #1813, #1037, #2346, #1880, #6509 ) ) ;
#5375 = AXIS2_PLACEMENT_3D ( 'NONE', #5145, #5636, #5581 ) ;
#5376 = EDGE_LOOP ( 'NONE', ( #1522, #5641, #4481, #2077, #3462, #3521 ) ) ;
#5377 = DIRECTION ( 'NONE',  ( 0.0000000000000000000, 0.0000000000000000000, -1.000000000000000000 ) ) ;
#5378 = FILL_AREA_STYLE ('',( #4388 ) ) ;
#5379 = PRESENTATION_LAYER_ASSIGNMENT (  '', '', ( #4188 ) ) ;
#5380 = AXIS2_PLACEMENT_3D ( 'NONE', #5406, #5504, #6000 ) ;
#5381 = FILL_AREA_STYLE ('',( #4806 ) ) ;
#5382 = CARTESIAN_POINT ( 'NONE',  ( 3716.382674367796400, -198.5999999999999100, -397.1999999999996500 ) ) ;
#5383 = ORIENTED_EDGE ( 'NONE', *, *, #2394, .T. ) ;
#5384 =( NAMED_UNIT ( * ) PLANE_ANGLE_UNIT ( ) SI_UNIT ( $, .RADIAN. ) );
#5385 = CARTESIAN_POINT ( 'NONE',  ( -3502.399999999999600, -2044.439999999999800, -3578.879999999999700 ) ) ;
#5386 =( GEOMETRIC_REPRESENTATION_CONTEXT ( 3 ) GLOBAL_UNCERTAINTY_ASSIGNED_CONTEXT ( ( #6037 ) ) GLOBAL_UNIT_ASSIGNED_CONTEXT ( ( #5649, #2457, #4003 ) ) REPRESENTATION_CONTEXT ( 'NONE', 'WORKASPACE' ) );
#5387 = SURFACE_SIDE_STYLE ('',( #6364 ) ) ;
#5388 = SURFACE_STYLE_USAGE ( .BOTH. , #1651 ) ;
#5389 = STYLED_ITEM ( 'NONE', ( #363 ), #5307 ) ;
#5390 = CARTESIAN_POINT ( 'NONE',  ( 1736.216572148508000, -194.9904751447261300, 384.9260895966026500 ) ) ;
#5391 =( NAMED_UNIT ( * ) SI_UNIT ( $, .STERADIAN. ) SOLID_ANGLE_UNIT ( ) );
#5392 = VERTEX_POINT ( 'NONE', #3852 ) ;
#5393 = ADVANCED_FACE ( 'NONE', ( #5136, #4061 ), #5312, .T. ) ;
#5394 = CARTESIAN_POINT ( 'NONE',  ( 0.0000000000000000000, 0.0000000000000000000, 0.0000000000000000000 ) ) ;
#5395 = CARTESIAN_POINT ( 'NONE',  ( 2688.119462181317400, 483.1945681411054900, 118.5349766382506800 ) ) ;
#5396 = CARTESIAN_POINT ( 'NONE',  ( 52.58022456961536100, 0.0000000000000000000, 0.0000000000000000000 ) ) ;
#5397 = CARTESIAN_POINT ( 'NONE',  ( 3489.000000000000000, 0.0000000000000000000, 0.0000000000000000000 ) ) ;
#5398 = ADVANCED_FACE ( 'NONE', ( #3976 ), #2865, .T. ) ;
#5399 = EDGE_CURVE ( 'NONE', #5411, #6223, #354, .T. ) ;
#5400 = ORIENTED_EDGE ( 'NONE', *, *, #1206, .T. ) ;
#5401 = CARTESIAN_POINT ( 'NONE',  ( -894.3999999999999800, -381.0000000000000000, -2955.000000000000000 ) ) ;
#5402 = SURFACE_SIDE_STYLE ('',( #3750 ) ) ;
#5403 =( GEOMETRIC_REPRESENTATION_CONTEXT ( 3 ) GLOBAL_UNCERTAINTY_ASSIGNED_CONTEXT ( ( #111 ) ) GLOBAL_UNIT_ASSIGNED_CONTEXT ( ( #1800, #2903, #1270 ) ) REPRESENTATION_CONTEXT ( 'NONE', 'WORKASPACE' ) );
#5404 = FILL_AREA_STYLE ('',( #4414 ) ) ;
#5405 = CARTESIAN_POINT ( 'NONE',  ( -3654.446727750440000, -1801.559999999999500, -3578.880000000000100 ) ) ;
#5406 = CARTESIAN_POINT ( 'NONE',  ( -349.9999999999999400, 0.0000000000000000000, 4.853343459855834300E-029 ) ) ;
#5407 =( NAMED_UNIT ( * ) SI_UNIT ( $, .STERADIAN. ) SOLID_ANGLE_UNIT ( ) );
#5408 = EDGE_CURVE ( 'NONE', #1363, #5031, #6451, .T. ) ;
#5409 = CARTESIAN_POINT ( 'NONE',  ( 584.0000000000000000, 0.0000000000000000000, -782.0000000000000000 ) ) ;
#5410 = SURFACE_STYLE_FILL_AREA ( #5943 ) ;
#5411 = VERTEX_POINT ( 'NONE', #2853 ) ;
#5412 = SURFACE_SIDE_STYLE ('',( #6573 ) ) ;
#5413 = CARTESIAN_POINT ( 'NONE',  ( 2670.672222304292100, 488.3551654803958400, 95.08104551882961200 ) ) ;
#5414 = AXIS2_PLACEMENT_3D ( 'NONE', #3745, #1108, #4790 ) ;
#5415 =( LENGTH_UNIT ( ) NAMED_UNIT ( * ) SI_UNIT ( .MILLI., .METRE. ) );
#5416 =( NAMED_UNIT ( * ) PLANE_ANGLE_UNIT ( ) SI_UNIT ( $, .RADIAN. ) );
#5417 = ORIENTED_EDGE ( 'NONE', *, *, #3592, .F. ) ;
#5418 = AXIS2_PLACEMENT_3D ( 'NONE', #5293, #471, #2123 ) ;
#5419 = CARTESIAN_POINT ( 'NONE',  ( 3489.000000000000000, 497.5000000000000000, -1.218523565151616200E-013 ) ) ;
#5420 = PRESENTATION_LAYER_ASSIGNMENT (  '', '', ( #5072 ) ) ;
#5421 = VERTEX_POINT ( 'NONE', #5524 ) ;
#5422 =( NAMED_UNIT ( * ) PLANE_ANGLE_UNIT ( ) SI_UNIT ( $, .RADIAN. ) );
#5423 = AXIS2_PLACEMENT_3D ( 'NONE', #5465, #646, #1184 ) ;
#5424 =( NAMED_UNIT ( * ) PLANE_ANGLE_UNIT ( ) SI_UNIT ( $, .RADIAN. ) );
#5425 = AXIS2_PLACEMENT_3D ( 'NONE', #394, #4679, #4818 ) ;
#5426 = SURFACE_STYLE_USAGE ( .BOTH. , #69 ) ;
#5427 = DIRECTION ( 'NONE',  ( 0.0000000000000000000, 0.0000000000000000000, -1.000000000000000000 ) ) ;
#5428 = CARTESIAN_POINT ( 'NONE',  ( -1275.399999999999400, -2044.439999999999800, -3093.119999999999400 ) ) ;
#5429 = CARTESIAN_POINT ( 'NONE',  ( -3502.399999999999600, -1922.999999999999800, -3335.999999999999500 ) ) ;
#5430 = COLOUR_RGB ( '',0.7921568627450980000, 0.8196078431372548800, 0.9333333333333333500 ) ;
#5431 = ORIENTED_EDGE ( 'NONE', *, *, #5827, .F. ) ;
#5432 = ORIENTED_EDGE ( 'NONE', *, *, #4302, .T. ) ;
#5434 = EDGE_CURVE ( 'NONE', #6698, #6432, #5627, .T. ) ;
#5433 = ADVANCED_FACE ( 'NONE', ( #2623 ), #1819, .F. ) ;
#5435 = DIRECTION ( 'NONE',  ( 1.000000000000000000, -0.0000000000000000000, -0.0000000000000000000 ) ) ;
#5436 = PRESENTATION_STYLE_ASSIGNMENT (( #593 ) ) ;
#5437 = SHAPE_DEFINITION_REPRESENTATION ( #1044, #5736 ) ;
#5438 =( NAMED_UNIT ( * ) SI_UNIT ( $, .STERADIAN. ) SOLID_ANGLE_UNIT ( ) );
#5439 = AXIS2_PLACEMENT_3D ( 'NONE', #2899, #2472, #5081 ) ;
#5440 = DIRECTION ( 'NONE',  ( -1.743152798421053600E-032, 0.7071067811865491300, 0.7071067811865459100 ) ) ;
#5441 = ORIENTED_EDGE ( 'NONE', *, *, #349, .T. ) ;
#5442 = ORIENTED_EDGE ( 'NONE', *, *, #5190, .F. ) ;
#5443 = CIRCLE ( 'NONE', #1670, 121.4400000000002800 ) ;
#5444 = PRESENTATION_STYLE_ASSIGNMENT (( #4652 ) ) ;
#5445 = DIRECTION ( 'NONE',  ( -1.000000000000000000, 0.0000000000000000000, 0.0000000000000000000 ) ) ;
#5446 = CIRCLE ( 'NONE', #6450, 121.4400000000000000 ) ;
#5447 = SURFACE_STYLE_USAGE ( .BOTH. , #608 ) ;
#5448 = ORIENTED_EDGE ( 'NONE', *, *, #5455, .F. ) ;
#5449 = FILL_AREA_STYLE_COLOUR ( '', #994 ) ;
#5450 = STYLED_ITEM ( 'NONE', ( #4591 ), #1385 ) ;
#5451 = CIRCLE ( 'NONE', #2194, 121.4400000000002800 ) ;
#5452 =( NAMED_UNIT ( * ) SI_UNIT ( $, .STERADIAN. ) SOLID_ANGLE_UNIT ( ) );
#5453 = FILL_AREA_STYLE_COLOUR ( '', #1437 ) ;
#5454 = DIRECTION ( 'NONE',  ( -1.000000000000000000, 0.0000000000000000000, 0.0000000000000000000 ) ) ;
#5455 = EDGE_CURVE ( 'NONE', #5189, #3374, #177, .T. ) ;
#5456 = VERTEX_POINT ( 'NONE', #6043 ) ;
#5457 = DIRECTION ( 'NONE',  ( 1.000000000000000000, 0.0000000000000000000, -0.0000000000000000000 ) ) ;
#5458 = CARTESIAN_POINT ( 'NONE',  ( 2533.000000000000000, 1940.000000000000200, 496.0000000000000000 ) ) ;
#5459 = CARTESIAN_POINT ( 'NONE',  ( 2823.000000000000000, 418.0008287708115500, -63.50000000000001400 ) ) ;
#5460 = CIRCLE ( 'NONE', #4750, 75.00000000000017100 ) ;
#5461 = DIRECTION ( 'NONE',  ( 0.0000000000000000000, 0.0000000000000000000, -1.000000000000000000 ) ) ;
#5462 = CIRCLE ( 'NONE', #156, 154.5000000000000300 ) ;
#5463 = CARTESIAN_POINT ( 'NONE',  ( 2047.357565183938700, 502.5726625040090900, 393.9450051554469500 ) ) ;
#5464 = ORIENTED_EDGE ( 'NONE', *, *, #6768, .F. ) ;
#5465 = CARTESIAN_POINT ( 'NONE',  ( 52.58022456961536100, 0.0000000000000000000, 0.0000000000000000000 ) ) ;
#5466 = CIRCLE ( 'NONE', #5110, 144.4699999999997700 ) ;
#5467 = CARTESIAN_POINT ( 'NONE',  ( 0.0000000000000000000, 0.0000000000000000000, -156.4400000000000000 ) ) ;
#5468 = EDGE_CURVE ( 'NONE', #2473, #3610, #2463, .T. ) ;
#5469 = CARTESIAN_POINT ( 'NONE',  ( 2682.576314988381500, 484.7808225754658900, 111.7994830264419800 ) ) ;
#5470 = ORIENTED_EDGE ( 'NONE', *, *, #3204, .T. ) ;
#5471 =( NAMED_UNIT ( * ) SI_UNIT ( $, .STERADIAN. ) SOLID_ANGLE_UNIT ( ) );
#5472 = ORIENTED_EDGE ( 'NONE', *, *, #6068, .F. ) ;
#5473 = DIRECTION ( 'NONE',  ( 0.0000000000000000000, 0.0000000000000000000, 1.000000000000000000 ) ) ;
#5474 =( NAMED_UNIT ( * ) SI_UNIT ( $, .STERADIAN. ) SOLID_ANGLE_UNIT ( ) );
#5475 = PRESENTATION_LAYER_ASSIGNMENT (  '', '', ( #5256 ) ) ;
#5476 = VERTEX_POINT ( 'NONE', #2490 ) ;
#5477 = CARTESIAN_POINT ( 'NONE',  ( 137.2218920732927600, -497.5000000000001700, 6.092617825758082500E-014 ) ) ;
#5478 = FILL_AREA_STYLE_COLOUR ( '', #143 ) ;
#5479 = AXIS2_PLACEMENT_3D ( 'NONE', #5866, #5887, #5365 ) ;
#5480 = FILL_AREA_STYLE ('',( #2213 ) ) ;
#5481 =( NAMED_UNIT ( * ) PLANE_ANGLE_UNIT ( ) SI_UNIT ( $, .RADIAN. ) );
#5482 = CARTESIAN_POINT ( 'NONE',  ( -3820.062805852933300, 1148.046727750440400, -3600.058265989870100 ) ) ;
#5483 = CARTESIAN_POINT ( 'NONE',  ( 0.0000000000000000000, 0.0000000000000000000, -88.90000000000000600 ) ) ;
#5484 = AXIS2_PLACEMENT_3D ( 'NONE', #6775, #2056, #1014 ) ;
#5485 = DIRECTION ( 'NONE',  ( 0.0000000000000000000, 0.0000000000000000000, -1.000000000000000000 ) ) ;
#5486 = PLANE ( 'NONE',  #5700 ) ;
#5487 = DIRECTION ( 'NONE',  ( 0.0000000000000000000, 0.0000000000000000000, -1.000000000000000000 ) ) ;
#5488 =( NAMED_UNIT ( * ) SI_UNIT ( $, .STERADIAN. ) SOLID_ANGLE_UNIT ( ) );
#5489 = ORIENTED_EDGE ( 'NONE', *, *, #2469, .T. ) ;
#5490 = DIRECTION ( 'NONE',  ( 0.0000000000000000000, 0.0000000000000000000, 1.000000000000000000 ) ) ;
#5491 =( BOUNDED_SURFACE ( )  B_SPLINE_SURFACE ( 3, 3, ( 
 ( #4884, #5956, #2737, #550 ),
 ( #5911, #3239, #6500, #4379 ),
 ( #4906, #4401, #1091, #4930 ),
 ( #1634, #2177, #6572, #5017 ) ),
 .UNSPECIFIED., .F., .F., .T. ) 
 B_SPLINE_SURFACE_WITH_KNOTS ( ( 4, 4 ),
 ( 4, 4 ),
 ( 0.0000000000000000000, 1.000000000000000000 ),
 ( 0.0000000000000000000, 1.000000000000000000 ),
 .UNSPECIFIED. ) 
 GEOMETRIC_REPRESENTATION_ITEM ( )  RATIONAL_B_SPLINE_SURFACE ( (
 ( 1.000000000000000000, 0.8047378541243651600, 0.8047378541243651600, 1.000000000000000000),
 ( 0.3333333333333333700, 0.2682459513747884100, 0.2682459513747884100, 0.3333333333333333700),
 ( 0.3333333333333333700, 0.2682459513747884100, 0.2682459513747884100, 0.3333333333333333700),
 ( 1.000000000000000000, 0.8047378541243651600, 0.8047378541243651600, 1.000000000000000000) ) ) 
 REPRESENTATION_ITEM ( '' )  SURFACE ( )  );
#5492 = CARTESIAN_POINT ( 'NONE',  ( 2718.318888399724500, 475.6570447054946300, 145.8080145560652200 ) ) ;
#5493 = LINE ( 'NONE', #5829, #2080 ) ;
#5494 = DIRECTION ( 'NONE',  ( 0.0000000000000000000, 0.0000000000000000000, 1.000000000000000000 ) ) ;
#5495 = EDGE_CURVE ( 'NONE', #1340, #6062, #6875, .T. ) ;
#5496 = SURFACE_STYLE_USAGE ( .BOTH. , #720 ) ;
#5497 = PRESENTATION_STYLE_ASSIGNMENT (( #4367 ) ) ;
#5498 = ORIENTED_EDGE ( 'NONE', *, *, #6307, .F. ) ;
#5499 = DIRECTION ( 'NONE',  ( 1.000000000000000000, -0.0000000000000000000, -0.0000000000000000000 ) ) ;
#5500 = DIRECTION ( 'NONE',  ( 0.0000000000000000000, 0.0000000000000000000, -1.000000000000000000 ) ) ;
#5501 = LINE ( 'NONE', #6521, #488 ) ;
#5502 = SURFACE_STYLE_USAGE ( .BOTH. , #1222 ) ;
#5503 = FILL_AREA_STYLE ('',( #3399 ) ) ;
#5504 = DIRECTION ( 'NONE',  ( -1.000000000000000000, 0.0000000000000000000, -8.955949383961378300E-016 ) ) ;
#5505 = LINE ( 'NONE', #3135, #3082 ) ;
#5506 = ORIENTED_EDGE ( 'NONE', *, *, #5908, .F. ) ;
#5507 = FILL_AREA_STYLE ('',( #4027 ) ) ;
#5508 = EDGE_CURVE ( 'NONE', #3929, #3021, #1031, .T. ) ;
#5509 = CARTESIAN_POINT ( 'NONE',  ( 4225.000000000002700, 0.0000000000000000000, 0.0000000000000000000 ) ) ;
#5510 = PRESENTATION_LAYER_ASSIGNMENT (  '', '', ( #6227 ) ) ;
#5511 = VECTOR ( 'NONE', #2156, 1000.000000000000000 ) ;
#5512 = ORIENTED_EDGE ( 'NONE', *, *, #711, .T. ) ;
#5513 = CARTESIAN_POINT ( 'NONE',  ( 2941.509215904082300, 478.8760813785304400, 134.9024117698940000 ) ) ;
#5514 = CARTESIAN_POINT ( 'NONE',  ( 2643.902385538990100, 497.3657750865187900, -11.65117917514222000 ) ) ;
#5515 = PRESENTATION_STYLE_ASSIGNMENT (( #2666 ) ) ;
#5516 = PRESENTATION_LAYER_ASSIGNMENT (  '', '', ( #2079 ) ) ;
#5517 = CARTESIAN_POINT ( 'NONE',  ( 2823.000000000000000, 497.5000000000000000, 154.5000000000000300 ) ) ;
#5518 = PRESENTATION_LAYER_ASSIGNMENT (  '', '', ( #5068 ) ) ;
#5519 = LINE ( 'NONE', #3503, #1513 ) ;
#5520 = EDGE_LOOP ( 'NONE', ( #5822, #954, #3294, #4586, #5464 ) ) ;
#5521 = EDGE_LOOP ( 'NONE', ( #1717, #1029, #1613, #921, #4026, #5498, #3871 ) ) ;
#5522 =( LENGTH_UNIT ( ) NAMED_UNIT ( * ) SI_UNIT ( .MILLI., .METRE. ) );
#5523 = DIRECTION ( 'NONE',  ( 0.0000000000000000000, 0.0000000000000000000, -1.000000000000000000 ) ) ;
#5524 = CARTESIAN_POINT ( 'NONE',  ( -5529.110764723728600, 429.0000000000012500, -4598.083067705213600 ) ) ;
#5525 = AXIS2_PLACEMENT_3D ( 'NONE', #2233, #635, #2261 ) ;
#5526 =( LENGTH_UNIT ( ) NAMED_UNIT ( * ) SI_UNIT ( .MILLI., .METRE. ) );
#5527 = VERTEX_POINT ( 'NONE', #4565 ) ;
#5528 = CARTESIAN_POINT ( 'NONE',  ( 137.2218920732927600, 497.4999999999998300, -995.0000000000000000 ) ) ;
#5529 = LINE ( 'NONE', #2681, #2605 ) ;
#5530 = DIRECTION ( 'NONE',  ( 0.0000000000000000000, 0.0000000000000000000, 1.000000000000000000 ) ) ;
#5531 = FILL_AREA_STYLE_COLOUR ( '', #4029 ) ;
#5532 = CIRCLE ( 'NONE', #5263, 198.5999999999998500 ) ;
#5533 = DIRECTION ( 'NONE',  ( 1.000000000000000000, -0.0000000000000000000, -0.0000000000000000000 ) ) ;
#5534 = DIRECTION ( 'NONE',  ( 1.828430541214022900E-015, -1.000000000000000000, 0.0000000000000000000 ) ) ;
#5535 = FILL_AREA_STYLE ('',( #3401 ) ) ;
#5536 =( BOUNDED_SURFACE ( )  B_SPLINE_SURFACE ( 3, 3, ( 
 ( #6609, #6673, #3411, #745 ),
 ( #202, #5030, #4563, #6650 ),
 ( #250, #6150, #1339, #3464 ),
 ( #3509, #1886, #718, #2382 ) ),
 .UNSPECIFIED., .F., .F., .F. ) 
 B_SPLINE_SURFACE_WITH_KNOTS ( ( 4, 4 ),
 ( 4, 4 ),
 ( 0.0000000000000000000, 1.000000000000000000 ),
 ( 0.0000000000000000000, 1.000000000000000000 ),
 .UNSPECIFIED. ) 
 GEOMETRIC_REPRESENTATION_ITEM ( )  RATIONAL_B_SPLINE_SURFACE ( (
 ( 1.000000000000000000, 0.8047378541243640500, 0.8047378541243640500, 1.000000000000000000),
 ( 0.3333333333333333700, 0.2682459513747880700, 0.2682459513747880700, 0.3333333333333333700),
 ( 0.3333333333333333700, 0.2682459513747880700, 0.2682459513747880700, 0.3333333333333333700),
 ( 1.000000000000000000, 0.8047378541243640500, 0.8047378541243640500, 1.000000000000000000) ) ) 
 REPRESENTATION_ITEM ( '' )  SURFACE ( )  );
#5537 = ORIENTED_EDGE ( 'NONE', *, *, #3361, .T. ) ;
#5538 = CONICAL_SURFACE ( 'NONE', #4197, 125.8430813124108500, 0.3884718357546363400 ) ;
#5539 = FACE_OUTER_BOUND ( 'NONE', #5883, .T. ) ;
#5540 = STYLED_ITEM ( 'NONE', ( #2839 ), #599 ) ;
#5541 = CARTESIAN_POINT ( 'NONE',  ( 2945.807635871817200, 479.9611423342163900, 131.0027203778488200 ) ) ;
#5542 = CARTESIAN_POINT ( 'NONE',  ( 2644.120766143546900, 497.2871796325148400, -14.62618120781624500 ) ) ;
#5543 = ORIENTED_EDGE ( 'NONE', *, *, #711, .F. ) ;
#5544 =( NAMED_UNIT ( * ) PLANE_ANGLE_UNIT ( ) SI_UNIT ( $, .RADIAN. ) );
#5545 = EDGE_LOOP ( 'NONE', ( #6874, #2701, #2697, #3233, #5358 ) ) ;
#5546 =( NAMED_UNIT ( * ) PLANE_ANGLE_UNIT ( ) SI_UNIT ( $, .RADIAN. ) );
#5547 = CYLINDRICAL_SURFACE ( 'NONE', #6177, 57.15000000000002000 ) ;
#5548 =( NAMED_UNIT ( * ) PLANE_ANGLE_UNIT ( ) SI_UNIT ( $, .RADIAN. ) );
#5549 = CARTESIAN_POINT ( 'NONE',  ( -772.9600000000001500, -1836.322537721261400, -3336.000000000000000 ) ) ;
#5550 = EDGE_CURVE ( 'NONE', #3355, #6882, #2298, .T. ) ;
#5551 = DIRECTION ( 'NONE',  ( 0.0000000000000000000, -1.000000000000000000, 0.0000000000000000000 ) ) ;
#5552 = PLANE ( 'NONE',  #2980 ) ;
#5553 = DIRECTION ( 'NONE',  ( -1.000000000000000000, 0.0000000000000000000, 0.0000000000000000000 ) ) ;
#5554 =( NAMED_UNIT ( * ) PLANE_ANGLE_UNIT ( ) SI_UNIT ( $, .RADIAN. ) );
#5555 = DIRECTION ( 'NONE',  ( -1.000000000000000000, 0.0000000000000000000, 0.0000000000000000000 ) ) ;
#5556 = SURFACE_STYLE_USAGE ( .BOTH. , #168 ) ;
#5557 = STYLED_ITEM ( 'NONE', ( #5582 ), #4225 ) ;
#5558 = STYLED_ITEM ( 'NONE', ( #435 ), #5858 ) ;
#5559 = CARTESIAN_POINT ( 'NONE',  ( 2662.148923788671700, 491.0890113824940500, -79.65596609891596800 ) ) ;
#5560 = FACE_OUTER_BOUND ( 'NONE', #114, .T. ) ;
#5561 = AXIS2_PLACEMENT_3D ( 'NONE', #4766, #5313, #5846 ) ;
#5562 = SURFACE_STYLE_USAGE ( .BOTH. , #1282 ) ;
#5563 = ORIENTED_EDGE ( 'NONE', *, *, #6768, .T. ) ;
#5564 = CARTESIAN_POINT ( 'NONE',  ( 2533.000000000000000, 1940.000000000000200, 496.0000000000000000 ) ) ;
#5565 =( NAMED_UNIT ( * ) PLANE_ANGLE_UNIT ( ) SI_UNIT ( $, .RADIAN. ) );
#5566 = FILL_AREA_STYLE ('',( #2850 ) ) ;
#5567 = EDGE_LOOP ( 'NONE', ( #4428, #6250, #6200, #6530 ) ) ;
#5568 = CARTESIAN_POINT ( 'NONE',  ( -772.9599999999999200, 1.487211072884546800E-014, -380.9999999999999400 ) ) ;
#5569 = UNCERTAINTY_MEASURE_WITH_UNIT (LENGTH_MEASURE( 1.000000000000000100E-005 ), #5526, 'distance_accuracy_value', 'NONE');
#5570 = EDGE_CURVE ( 'NONE', #2612, #5126, #2130, .T. ) ;
#5571 = UNCERTAINTY_MEASURE_WITH_UNIT (LENGTH_MEASURE( 1.000000000000000100E-005 ), #3352, 'distance_accuracy_value', 'NONE');
#5572 = FILL_AREA_STYLE_COLOUR ( '', #4089 ) ;
#5573 = PLANE ( 'NONE',  #6416 ) ;
#5574 = MECHANICAL_DESIGN_GEOMETRIC_PRESENTATION_REPRESENTATION (  '', ( #1778 ), #5353 ) ;
#5575 = CARTESIAN_POINT ( 'NONE',  ( 2738.944477278409100, 1869.999999999999800, 117.4999999999999900 ) ) ;
#5576 = FILL_AREA_STYLE_COLOUR ( '', #4373 ) ;
#5577 = EDGE_LOOP ( 'NONE', ( #4303, #6501, #1912, #4160 ) ) ;
#5578 = PRESENTATION_LAYER_ASSIGNMENT (  '', '', ( #4595 ) ) ;
#5579 = CARTESIAN_POINT ( 'NONE',  ( 984.3397652681694600, 468.7115890436698500, -166.7846825921187700 ) ) ;
#5580 = CARTESIAN_POINT ( 'NONE',  ( 2781.658008668754100, 465.8028689804010000, -174.7441369531629200 ) ) ;
#5581 = DIRECTION ( 'NONE',  ( 0.0000000000000000000, 0.0000000000000000000, -1.000000000000000000 ) ) ;
#5582 = PRESENTATION_STYLE_ASSIGNMENT (( #4665 ) ) ;
#5583 = EDGE_LOOP ( 'NONE', ( #1896, #3634, #2404, #1397 ) ) ;
#5584 = PRESENTATION_LAYER_ASSIGNMENT (  '', '', ( #4649 ) ) ;
#5585 =( NAMED_UNIT ( * ) SI_UNIT ( $, .STERADIAN. ) SOLID_ANGLE_UNIT ( ) );
#5586 = FACE_OUTER_BOUND ( 'NONE', #6605, .T. ) ;
#5587 = UNCERTAINTY_MEASURE_WITH_UNIT (LENGTH_MEASURE( 1.000000000000000100E-005 ), #3954, 'distance_accuracy_value', 'NONE');
#5588 = EDGE_CURVE ( 'NONE', #6920, #1415, #5303, .T. ) ;
#5589 = CARTESIAN_POINT ( 'NONE',  ( 2047.357565183938700, 502.5726625040092000, -393.9450051554471200 ) ) ;
#5590 = COLOUR_RGB ( '',0.7921568627450980000, 0.8196078431372548800, 0.9333333333333333500 ) ;
#5591 = CIRCLE ( 'NONE', #6715, 75.00000000000017100 ) ;
#5592 = ORIENTED_EDGE ( 'NONE', *, *, #3216, .F. ) ;
#5593 = DIRECTION ( 'NONE',  ( -0.0000000000000000000, -1.000000000000000000, -0.0000000000000000000 ) ) ;
#5594 = LINE ( 'NONE', #6840, #4430 ) ;
#5595 = FILL_AREA_STYLE_COLOUR ( '', #2460 ) ;
#5596 = SURFACE_STYLE_USAGE ( .BOTH. , #805 ) ;
#5597 = VERTEX_POINT ( 'NONE', #2956 ) ;
#5598 = DIRECTION ( 'NONE',  ( -0.0000000000000000000, -0.0000000000000000000, -1.000000000000000000 ) ) ;
#5599 =( GEOMETRIC_REPRESENTATION_CONTEXT ( 3 ) GLOBAL_UNCERTAINTY_ASSIGNED_CONTEXT ( ( #5246 ) ) GLOBAL_UNIT_ASSIGNED_CONTEXT ( ( #956, #390, #2017 ) ) REPRESENTATION_CONTEXT ( 'NONE', 'WORKASPACE' ) );
#5600 = EDGE_CURVE ( 'NONE', #2473, #6336, #5460, .T. ) ;
#5601 = STYLED_ITEM ( 'NONE', ( #3719 ), #2036 ) ;
#5602 = CARTESIAN_POINT ( 'NONE',  ( 1065.392872197713800, 486.8477951004345500, -102.4059310056918400 ) ) ;
#5603 = UNCERTAINTY_MEASURE_WITH_UNIT (LENGTH_MEASURE( 1.000000000000000100E-005 ), #6409, 'distance_accuracy_value', 'NONE');
#5604 = FILL_AREA_STYLE ('',( #2741 ) ) ;
#5605 = ORIENTED_EDGE ( 'NONE', *, *, #3535, .T. ) ;
#5606 = ORIENTED_EDGE ( 'NONE', *, *, #6095, .T. ) ;
#5607 = AXIS2_PLACEMENT_3D ( 'NONE', #2227, #4387, #3802 ) ;
#5608 = CARTESIAN_POINT ( 'NONE',  ( 565.8872735544771300, 67.64640084703371800, -492.8803349825888100 ) ) ;
#5609 = CYLINDRICAL_SURFACE ( 'NONE', #5279, 154.5000000000000300 ) ;
#5610 = PRESENTATION_LAYER_ASSIGNMENT (  '', '', ( #92 ) ) ;
#5611 = ORIENTED_EDGE ( 'NONE', *, *, #1268, .T. ) ;
#5612 = CIRCLE ( 'NONE', #6446, 88.90000000000000600 ) ;
#5613 = SURFACE_STYLE_USAGE ( .BOTH. , #845 ) ;
#5614 = FACE_OUTER_BOUND ( 'NONE', #3173, .T. ) ;
#5615 = MECHANICAL_DESIGN_GEOMETRIC_PRESENTATION_REPRESENTATION (  '', ( #1542 ), #955 ) ;
#5616 = DIRECTION ( 'NONE',  ( 0.0000000000000000000, 0.0000000000000000000, -1.000000000000000000 ) ) ;
#5617 = CARTESIAN_POINT ( 'NONE',  ( 894.3483832896213200, 464.5661807260558500, 178.0025450640764300 ) ) ;
#5618 = VERTEX_POINT ( 'NONE', #4614 ) ;
#5619 =( NAMED_UNIT ( * ) PLANE_ANGLE_UNIT ( ) SI_UNIT ( $, .RADIAN. ) );
#5620 = CARTESIAN_POINT ( 'NONE',  ( 1927.644856678323500, -489.4826203873165600, 3.982620387316690100 ) ) ;
#5621 = SURFACE_STYLE_FILL_AREA ( #6293 ) ;
#5622 =( NAMED_UNIT ( * ) PLANE_ANGLE_UNIT ( ) SI_UNIT ( $, .RADIAN. ) );
#5623 = FACE_OUTER_BOUND ( 'NONE', #2129, .T. ) ;
#5624 = DIRECTION ( 'NONE',  ( 0.0000000000000000000, 0.0000000000000000000, 1.000000000000000000 ) ) ;
#5625 = ORIENTED_EDGE ( 'NONE', *, *, #3419, .F. ) ;
#5626 = VERTEX_POINT ( 'NONE', #5171 ) ;
#5627 = CIRCLE ( 'NONE', #4403, 57.15000000000002000 ) ;
#5628 = STYLED_ITEM ( 'NONE', ( #6106 ), #1017 ) ;
#5629 = DIRECTION ( 'NONE',  ( -0.7654468673133624200, 2.742645811821032600E-015, -0.6434991012582377300 ) ) ;
#5630 = CARTESIAN_POINT ( 'NONE',  ( 1048.982493890572400, 482.1177632247674900, -122.8278688931353600 ) ) ;
#5631 = VECTOR ( 'NONE', #4850, 1000.000000000000000 ) ;
#5632 = CARTESIAN_POINT ( 'NONE',  ( 2823.000000000000000, 410.0008287708115500, 0.0000000000000000000 ) ) ;
#5633 = CARTESIAN_POINT ( 'NONE',  ( 2931.218388720996700, 476.4521683709631400, -143.1796741031844800 ) ) ;
#5634 = CIRCLE ( 'NONE', #4734, 259.5600000000002300 ) ;
#5635 = ORIENTED_EDGE ( 'NONE', *, *, #4853, .F. ) ;
#5636 = DIRECTION ( 'NONE',  ( -0.0000000000000000000, -1.000000000000000000, -0.0000000000000000000 ) ) ;
#5637 = EDGE_CURVE ( 'NONE', #3610, #1426, #777, .T. ) ;
#5638 = ORIENTED_EDGE ( 'NONE', *, *, #4785, .F. ) ;
#5639 = CARTESIAN_POINT ( 'NONE',  ( 3716.382674367796400, 0.0000000000000000000, 1.216074271553320800E-014 ) ) ;
#5640 = CYLINDRICAL_SURFACE ( 'NONE', #5525, 75.00000000000007100 ) ;
#5641 = ORIENTED_EDGE ( 'NONE', *, *, #6795, .T. ) ;
#5642 = ORIENTED_EDGE ( 'NONE', *, *, #6742, .F. ) ;
#5643 = DIRECTION ( 'NONE',  ( 0.0000000000000000000, 0.0000000000000000000, 1.000000000000000000 ) ) ;
#5644 = LINE ( 'NONE', #357, #1383 ) ;
#5645 = EDGE_CURVE ( 'NONE', #4784, #5102, #6207, .T. ) ;
#5646 = CARTESIAN_POINT ( 'NONE',  ( 1930.784992816085400, -493.4355023101047100, 7.935502310104600300 ) ) ;
#5647 = ORIENTED_EDGE ( 'NONE', *, *, #6651, .F. ) ;
#5648 = STYLED_ITEM ( 'NONE', ( #4869 ), #3299 ) ;
#5649 =( LENGTH_UNIT ( ) NAMED_UNIT ( * ) SI_UNIT ( .MILLI., .METRE. ) );
#5650 = CARTESIAN_POINT ( 'NONE',  ( 3716.382674367796400, 198.5999999999998500, 0.0000000000000000000 ) ) ;
#5651 =( NAMED_UNIT ( * ) PLANE_ANGLE_UNIT ( ) SI_UNIT ( $, .RADIAN. ) );
#5652 = MECHANICAL_DESIGN_GEOMETRIC_PRESENTATION_REPRESENTATION (  '', ( #5792 ), #4801 ) ;
#5653 = PRESENTATION_LAYER_ASSIGNMENT (  '', '', ( #1720 ) ) ;
#5654 = CARTESIAN_POINT ( 'NONE',  ( 971.7906799594798000, 467.1062290305251800, -171.2256768244191100 ) ) ;
#5655 = CARTESIAN_POINT ( 'NONE',  ( 917.9999999999998900, 410.0008287708115500, -154.5000000000000300 ) ) ;
#5656 = CARTESIAN_POINT ( 'NONE',  ( 2978.344201413243400, 489.3074300627375800, -90.06496609001843000 ) ) ;
#5657 = SURFACE_STYLE_FILL_AREA ( #4995 ) ;
#5658 = CARTESIAN_POINT ( 'NONE',  ( 608.6832927109612700, 65.41501537571066600, -493.1814057875446300 ) ) ;
#5659 = DIRECTION ( 'NONE',  ( -1.000000000000000000, 0.0000000000000000000, 0.0000000000000000000 ) ) ;
#5660 = MECHANICAL_DESIGN_GEOMETRIC_PRESENTATION_REPRESENTATION (  '', ( #2411 ), #958 ) ;
#5661 = CARTESIAN_POINT ( 'NONE',  ( 0.0000000000000000000, 0.0000000000000000000, 0.0000000000000000000 ) ) ;
#5662 = CIRCLE ( 'NONE', #5607, 75.00000000000017100 ) ;
#5663 = CARTESIAN_POINT ( 'NONE',  ( 2823.000000000000000, 1600.000000000000000, 0.0000000000000000000 ) ) ;
#5664 = CYLINDRICAL_SURFACE ( 'NONE', #3901, 497.5000000000000000 ) ;
#5665 = CARTESIAN_POINT ( 'NONE',  ( 514.1199999999998900, 8.557831832441710000E-015, -497.5000000000000000 ) ) ;
#5666 = CIRCLE ( 'NONE', #4354, 154.5000000000000300 ) ;
#5667 = CARTESIAN_POINT ( 'NONE',  ( 917.9999999999998900, 424.0008287708115500, 179.4700000000000000 ) ) ;
#5668 = DIRECTION ( 'NONE',  ( 0.0000000000000000000, 0.0000000000000000000, -1.000000000000000000 ) ) ;
#5669 = COLOUR_RGB ( '',0.7921568627450980000, 0.8196078431372548800, 0.9333333333333333500 ) ;
#5670 = CARTESIAN_POINT ( 'NONE',  ( -350.0000000000000600, 0.0000000000000000000, 0.0000000000000000000 ) ) ;
#5671 = DIRECTION ( 'NONE',  ( -1.000000000000000000, 0.0000000000000000000, 0.0000000000000000000 ) ) ;
#5672 = EDGE_CURVE ( 'NONE', #6039, #3950, #6089, .T. ) ;
#5673 = CIRCLE ( 'NONE', #5877, 75.00000000000017100 ) ;
#5674 = FILL_AREA_STYLE ('',( #6644 ) ) ;
#5675 = CARTESIAN_POINT ( 'NONE',  ( 783.0708471040054500, 483.2202390176632300, -118.3459220883739000 ) ) ;
#5676 = LINE ( 'NONE', #2785, #2498 ) ;
#5677 = ORIENTED_EDGE ( 'NONE', *, *, #931, .F. ) ;
#5678 =( NAMED_UNIT ( * ) PLANE_ANGLE_UNIT ( ) SI_UNIT ( $, .RADIAN. ) );
#5679 = CARTESIAN_POINT ( 'NONE',  ( 1092.717861124247100, 495.8050342896303300, -41.13421042428388600 ) ) ;
#5680 = CARTESIAN_POINT ( 'NONE',  ( 3000.144851865070500, 496.6647789120303300, 29.39194472838279600 ) ) ;
#5681 = CARTESIAN_POINT ( 'NONE',  ( 553.1016296246914400, 62.68839172846908500, -493.5348641972335600 ) ) ;
#5682 = VECTOR ( 'NONE', #6275, 1000.000000000000000 ) ;
#5683 = SURFACE_STYLE_FILL_AREA ( #9 ) ;
#5684 = MECHANICAL_DESIGN_GEOMETRIC_PRESENTATION_REPRESENTATION (  '', ( #4038 ), #977 ) ;
#5685 = CARTESIAN_POINT ( 'NONE',  ( -651.5199999999999800, -86.67746227873708200, -3457.439999999999600 ) ) ;
#5686 = VERTEX_POINT ( 'NONE', #916 ) ;
#5687 = CIRCLE ( 'NONE', #2830, 88.90000000000000600 ) ;
#5688 = EDGE_CURVE ( 'NONE', #2834, #6075, #3717, .T. ) ;
#5689 = CARTESIAN_POINT ( 'NONE',  ( -3502.400000000000100, -1541.999999999999800, -3335.999999999999500 ) ) ;
#5690 = FILL_AREA_STYLE ('',( #3098 ) ) ;
#5691 = DIRECTION ( 'NONE',  ( -1.000000000000000000, 0.0000000000000000000, 1.224646799147353200E-016 ) ) ;
#5692 = VERTEX_POINT ( 'NONE', #3514 ) ;
#5693 = VERTEX_POINT ( 'NONE', #1931 ) ;
#5694 = FILL_AREA_STYLE ('',( #3542 ) ) ;
#5695 = DIRECTION ( 'NONE',  ( 0.0000000000000000000, 0.0000000000000000000, -1.000000000000000000 ) ) ;
#5696 = PRESENTATION_LAYER_ASSIGNMENT (  '', '', ( #4977 ) ) ;
#5697 = ORIENTED_EDGE ( 'NONE', *, *, #5773, .F. ) ;
#5698 = FILL_AREA_STYLE ('',( #5113 ) ) ;
#5699 = CARTESIAN_POINT ( 'NONE',  ( 754.6388720533505000, 491.9179873525358200, -74.32903933113669800 ) ) ;
#5700 = AXIS2_PLACEMENT_3D ( 'NONE', #4398, #5461, #4434 ) ;
#5701 = CONTEXT_DEPENDENT_SHAPE_REPRESENTATION ( #473, #2825 ) ;
#5702 = CARTESIAN_POINT ( 'NONE',  ( 248.0000000000000000, 497.5000000000000600, -6.092617825758082500E-014 ) ) ;
#5703 = CARTESIAN_POINT ( 'NONE',  ( 1052.929152895994500, 483.2202390176631800, 118.3459220883739400 ) ) ;
#5704 = DIRECTION ( 'NONE',  ( 0.0000000000000000000, 0.0000000000000000000, -1.000000000000000000 ) ) ;
#5705 = CARTESIAN_POINT ( 'NONE',  ( 2834.907281394831900, 464.1164946989014800, -179.1717658340384700 ) ) ;
#5706 = STYLED_ITEM ( 'NONE', ( #3563 ), #4830 ) ;
#5707 = ORIENTED_EDGE ( 'NONE', *, *, #4267, .F. ) ;
#5708 = CARTESIAN_POINT ( 'NONE',  ( -513.3999999999999800, 1.487211072884545900E-014, -121.4400000000000300 ) ) ;
#5709 = SURFACE_STYLE_FILL_AREA ( #4740 ) ;
#5710 = MECHANICAL_DESIGN_GEOMETRIC_PRESENTATION_REPRESENTATION (  '', ( #5345 ), #186 ) ;
#5711 = SURFACE_SIDE_STYLE ('',( #1431 ) ) ;
#5712 = FACE_OUTER_BOUND ( 'NONE', #3620, .T. ) ;
#5713 = EDGE_CURVE ( 'NONE', #4251, #1604, #3455, .T. ) ;
#5714 = CARTESIAN_POINT ( 'NONE',  ( 1938.050197447059000, 502.5169125668200500, -142.5143507999689800 ) ) ;
#5715 = EDGE_LOOP ( 'NONE', ( #6403, #6386, #682, #6907, #5749, #3776, #918, #1013 ) ) ;
#5716 = PRESENTATION_LAYER_ASSIGNMENT (  '', '', ( #1633 ) ) ;
#5717 = SURFACE_STYLE_FILL_AREA ( #5162 ) ;
#5718 = CARTESIAN_POINT ( 'NONE',  ( 743.2821388757529300, 495.8050342896301000, 41.13421042428387200 ) ) ;
#5719 = DIRECTION ( 'NONE',  ( 1.000000000000000000, 0.0000000000000000000, 0.0000000000000000000 ) ) ;
#5720 = CARTESIAN_POINT ( 'NONE',  ( -1275.399999999999600, -1923.000000000000000, -3457.439999999999600 ) ) ;
#5721 = VERTEX_POINT ( 'NONE', #6197 ) ;
#5722 = CARTESIAN_POINT ( 'NONE',  ( 3675.780772845791900, 385.6713619161481000, 0.0000000000000000000 ) ) ;
#5723 = CARTESIAN_POINT ( 'NONE',  ( -3883.400000000000100, -1541.999999999999300, -3214.559999999999000 ) ) ;
#5724 = CARTESIAN_POINT ( 'NONE',  ( 813.1004182108381400, 475.6872009016547600, -145.7379174336183800 ) ) ;
#5725 = STYLED_ITEM ( 'NONE', ( #907 ), #1112 ) ;
#5726 = CARTESIAN_POINT ( 'NONE',  ( 1133.000000000000000, 1939.999999999999800, 496.0000000000000000 ) ) ;
#5727 = CARTESIAN_POINT ( 'NONE',  ( 1097.463211883583700, 497.4975512309887300, -6.111868265352282700 ) ) ;
#5728 = CARTESIAN_POINT ( 'NONE',  ( -1015.840000000000000, 0.0000000000000000000, -380.9999999999998300 ) ) ;
#5729 = CARTESIAN_POINT ( 'NONE',  ( 2992.979351612730600, 494.1529852620451500, 57.88812960753053700 ) ) ;
#5730 = EDGE_CURVE ( 'NONE', #6886, #4907, #3134, .T. ) ;
#5731 = ORIENTED_EDGE ( 'NONE', *, *, #48, .T. ) ;
#5732 = FILL_AREA_STYLE_COLOUR ( '', #936 ) ;
#5733 = LINE ( 'NONE', #4571, #26 ) ;
#5734 = SURFACE_STYLE_USAGE ( .BOTH. , #888 ) ;
#5735 =( NAMED_UNIT ( * ) SI_UNIT ( $, .STERADIAN. ) SOLID_ANGLE_UNIT ( ) );
#5736 = SHAPE_REPRESENTATION ( 'psd_discharge_stg1', ( #5425 ), #5214 ) ;
#5737 = ORIENTED_EDGE ( 'NONE', *, *, #4853, .T. ) ;
#5738 = CARTESIAN_POINT ( 'NONE',  ( 559.3167072890387300, -65.41501537571062400, -493.1814057875444600 ) ) ;
#5739 = EDGE_CURVE ( 'NONE', #2864, #1451, #1192, .T. ) ;
#5740 =( BOUNDED_SURFACE ( )  B_SPLINE_SURFACE ( 3, 3, ( 
 ( #452, #6813, #4675, #314 ),
 ( #1954, #6790, #5685, #5186 ),
 ( #4106, #933, #1408, #1432 ),
 ( #3629, #4083, #1474, #2487 ) ),
 .UNSPECIFIED., .F., .F., .F. ) 
 B_SPLINE_SURFACE_WITH_KNOTS ( ( 4, 4 ),
 ( 4, 4 ),
 ( 0.0000000000000000000, 1.000000000000000000 ),
 ( 0.0000000000000000000, 1.000000000000000000 ),
 .UNSPECIFIED. ) 
 GEOMETRIC_REPRESENTATION_ITEM ( )  RATIONAL_B_SPLINE_SURFACE ( (
 ( 1.000000000000000000, 0.8047378541243651600, 0.8047378541243651600, 1.000000000000000000),
 ( 0.3333333333333333700, 0.2682459513747884100, 0.2682459513747884100, 0.3333333333333333700),
 ( 0.3333333333333333700, 0.2682459513747884100, 0.2682459513747884100, 0.3333333333333333700),
 ( 1.000000000000000000, 0.8047378541243651600, 0.8047378541243651600, 1.000000000000000000) ) ) 
 REPRESENTATION_ITEM ( '' )  SURFACE ( )  );
#5741 = DIRECTION ( 'NONE',  ( -1.000000000000000000, 0.0000000000000000000, 0.0000000000000000000 ) ) ;
#5742 =( LENGTH_UNIT ( ) NAMED_UNIT ( * ) SI_UNIT ( .MILLI., .METRE. ) );
#5743 = CARTESIAN_POINT ( 'NONE',  ( -4096.888725589590600, 1377.000000000002500, -3674.129025145922700 ) ) ;
#5744 = CARTESIAN_POINT ( 'NONE',  ( 784.0451649508194100, 482.9490357249675900, -119.4476128548344300 ) ) ;
#5745 = AXIS2_PLACEMENT_3D ( 'NONE', #2877, #1319, #4988 ) ;
#5746 = STYLED_ITEM ( 'NONE', ( #3785 ), #6476 ) ;
#5747 = DIRECTION ( 'NONE',  ( -0.0000000000000000000, -0.0000000000000000000, -1.000000000000000000 ) ) ;
#5748 = CARTESIAN_POINT ( 'NONE',  ( 1051.954835049180200, 482.9490357249675900, 119.4476128548344600 ) ) ;
#5749 = ORIENTED_EDGE ( 'NONE', *, *, #5947, .T. ) ;
#5750 =( NAMED_UNIT ( * ) SI_UNIT ( $, .STERADIAN. ) SOLID_ANGLE_UNIT ( ) );
#5751 =( BOUNDED_SURFACE ( )  B_SPLINE_SURFACE ( 3, 3, ( 
 ( #4411, #6584, #3414, #2333 ),
 ( #5033, #3394, #3349, #5477 ),
 ( #1196, #183, #6561, #3375 ),
 ( #1234, #155, #204, #3973 ) ),
 .UNSPECIFIED., .F., .F., .F. ) 
 B_SPLINE_SURFACE_WITH_KNOTS ( ( 4, 4 ),
 ( 4, 4 ),
 ( 0.0000000000000000000, 1.000000000000000000 ),
 ( 0.0000000000000000000, 1.000000000000000000 ),
 .UNSPECIFIED. ) 
 GEOMETRIC_REPRESENTATION_ITEM ( )  RATIONAL_B_SPLINE_SURFACE ( (
 ( 1.000000000000000000, 0.3333333333333334300, 0.3333333333333334300, 1.000000000000000000),
 ( 0.8737965628990114200, 0.2912655209663372300, 0.2912655209663372300, 0.8737965628990114200),
 ( 0.8737965628990114200, 0.2912655209663372300, 0.2912655209663372300, 0.8737965628990114200),
 ( 1.000000000000000000, 0.3333333333333334300, 0.3333333333333334300, 1.000000000000000000) ) ) 
 REPRESENTATION_ITEM ( '' )  SURFACE ( )  );
#5752 = ORIENTED_EDGE ( 'NONE', *, *, #1430, .T. ) ;
#5753 = DIRECTION ( 'NONE',  ( 0.0000000000000000000, 0.0000000000000000000, -1.000000000000000000 ) ) ;
#5754 = B_SPLINE_CURVE_WITH_KNOTS ( 'NONE', 3,
 ( #5665, #1418, #1961, #3590, #375, #4139, #2001, #6337, #963, #4161, #1538, #6794, #4206, #1034, #3156, #5196, #4231, #6294, #1482, #5815, #1011, #2055, #5275, #3714, #4709, #5738, #5300, #2100, #2536, #2601, #2631, #3102, #1506, #5789, #497, #6263, #3688, #5225, #986, #475, #6839, #2024, #4252, #6816, #4776, #3638, #428, #5248, #6316, #3664, #3230, #3212, #1621, #559, #3274, #2329, #1741, #2769, #680, #652, #6581, #3318, #179, #2816, #4409, #3941, #4423, #4471, #2283, #6532 ),
 .UNSPECIFIED., .F., .F.,
 ( 4, 2, 2, 2, 2, 2, 2, 2, 2, 2, 2, 2, 2, 2, 2, 2, 2, 2, 2, 2, 2, 2, 2, 2, 2, 2, 2, 2, 2, 2, 2, 2, 2, 2, 4 ),
 ( 4.362265856200723200E-017, 0.01366846165604891600, 0.02050269248407335000, 0.02391980789808555900, 0.02733692331209776700, 0.04100538496814693700, 0.04442250038215928000, 0.04783961579617161700, 0.05467384662419631100, 0.06834230828024592800, 0.07175942369425819500, 0.07517653910827046300, 0.08201076993629499700, 0.08884500076431955900, 0.09226211617833166000, 0.09567923159234376100, 0.1093476932483928700, 0.1161819240764174300, 0.1195990394904297000, 0.1230161549044419500, 0.1366846165604904400, 0.1401017319745023700, 0.1435188473885143400, 0.1503530782165382600, 0.1571873090445621800, 0.1606044244585742900, 0.1640215398725864100, 0.1776900015286354600, 0.1845242323566600200, 0.1879413477706722800, 0.1913584631846845500, 0.2050269248407336500, 0.2084440402547458900, 0.2118611556687581300, 0.2186953864967826600 ),
 .UNSPECIFIED. ) ;
#5755 =( NAMED_UNIT ( * ) SI_UNIT ( $, .STERADIAN. ) SOLID_ANGLE_UNIT ( ) );
#5756 = CIRCLE ( 'NONE', #89, 156.4400000000000500 ) ;
#5757 = MECHANICAL_DESIGN_GEOMETRIC_PRESENTATION_REPRESENTATION (  '', ( #1678 ), #5386 ) ;
#5758 = CARTESIAN_POINT ( 'NONE',  ( -665.4467277504393200, 1.487211072884545900E-014, -121.4399999999999600 ) ) ;
#5759 = AXIS2_PLACEMENT_3D ( 'NONE', #4843, #5308, #1146 ) ;
#5760 = DIRECTION ( 'NONE',  ( -0.7654468673133620900, 0.0000000000000000000, -0.6434991012582381700 ) ) ;
#5761 = VERTEX_POINT ( 'NONE', #1392 ) ;
#5762 = CARTESIAN_POINT ( 'NONE',  ( 2823.000000000000000, 2009.999999999999800, 0.0000000000000000000 ) ) ;
#5763 = UNCERTAINTY_MEASURE_WITH_UNIT (LENGTH_MEASURE( 1.000000000000000100E-005 ), #6843, 'distance_accuracy_value', 'NONE');
#5764 = COLOUR_RGB ( '',0.7921568627450980000, 0.8196078431372548800, 0.9333333333333333500 ) ;
#5765 = CARTESIAN_POINT ( 'NONE',  ( -894.3999999999999800, 0.0000000000000000000, -2955.000000000000000 ) ) ;
#5766 = PRESENTATION_STYLE_ASSIGNMENT (( #1595 ) ) ;
#5767 = ORIENTED_EDGE ( 'NONE', *, *, #1696, .T. ) ;
#5768 = DIRECTION ( 'NONE',  ( 0.0000000000000000000, 0.0000000000000000000, -1.000000000000000000 ) ) ;
#5769 = STYLED_ITEM ( 'NONE', ( #748 ), #979 ) ;
#5770 = FACE_OUTER_BOUND ( 'NONE', #792, .T. ) ;
#5771 = CARTESIAN_POINT ( 'NONE',  ( -1275.399999999999600, -1923.000000000000000, -3335.999999999999500 ) ) ;
#5772 = CARTESIAN_POINT ( 'NONE',  ( 888.3227500198521500, 464.9466246763342400, -177.0055444078746200 ) ) ;
#5773 = EDGE_CURVE ( 'NONE', #3851, #1204, #4840, .T. ) ;
#5774 = SURFACE_STYLE_FILL_AREA ( #2014 ) ;
#5775 = CARTESIAN_POINT ( 'NONE',  ( 1095.121883830922600, 496.6565649057716900, -29.53554555986910300 ) ) ;
#5776 = CARTESIAN_POINT ( 'NONE',  ( -1015.840000000000000, 0.0000000000000000000, -86.67746227873763600 ) ) ;
#5777 = ORIENTED_EDGE ( 'NONE', *, *, #1793, .F. ) ;
#5778 = FACE_OUTER_BOUND ( 'NONE', #1933, .T. ) ;
#5779 = PRESENTATION_LAYER_ASSIGNMENT (  '', '', ( #23 ) ) ;
#5780 = CARTESIAN_POINT ( 'NONE',  ( -513.3999999999997500, 0.0000000000000000000, 121.4400000000000300 ) ) ;
#5781 = ORIENTED_EDGE ( 'NONE', *, *, #1576, .F. ) ;
#5782 = ORIENTED_EDGE ( 'NONE', *, *, #2928, .F. ) ;
#5783 = DIRECTION ( 'NONE',  ( -0.0000000000000000000, -1.000000000000000000, -0.0000000000000000000 ) ) ;
#5784 = EDGE_CURVE ( 'NONE', #6479, #1415, #4223, .T. ) ;
#5785 = CARTESIAN_POINT ( 'NONE',  ( 1938.050197447058700, 502.5169125668200500, -2.220446049250313100E-013 ) ) ;
#5786 = VECTOR ( 'NONE', #1455, 1000.000000000000000 ) ;
#5787 =( LENGTH_UNIT ( ) NAMED_UNIT ( * ) SI_UNIT ( .MILLI., .METRE. ) );
#5788 = DIRECTION ( 'NONE',  ( -0.0000000000000000000, -1.000000000000000000, -0.0000000000000000000 ) ) ;
#5789 = CARTESIAN_POINT ( 'NONE',  ( 586.2295382108205800, -69.88167601761081500, -492.5675601984985400 ) ) ;
#5790 = ORIENTED_EDGE ( 'NONE', *, *, #5588, .F. ) ;
#5791 = DIRECTION ( 'NONE',  ( -1.000000000000000000, 0.0000000000000000000, 0.0000000000000000000 ) ) ;
#5792 = STYLED_ITEM ( 'NONE', ( #5766 ), #3694 ) ;
#5793 = COLOUR_RGB ( '',0.7921568627450980000, 0.8196078431372548800, 0.9333333333333333500 ) ;
#5794 = FILL_AREA_STYLE ('',( #1512 ) ) ;
#5795 = MECHANICAL_DESIGN_GEOMETRIC_PRESENTATION_REPRESENTATION (  '', ( #6014 ), #6233 ) ;
#5796 = CARTESIAN_POINT ( 'NONE',  ( 917.9999999999998900, 1600.000000000000000, 144.4699999999998000 ) ) ;
#5797 = AXIS2_PLACEMENT_3D ( 'NONE', #5348, #2112, #4809 ) ;
#5798 = ORIENTED_EDGE ( 'NONE', *, *, #3486, .T. ) ;
#5799 = CARTESIAN_POINT ( 'NONE',  ( -1275.399999999999400, -2044.439999999999800, -3335.999999999999500 ) ) ;
#5800 = CARTESIAN_POINT ( 'NONE',  ( 1040.807635871817400, 479.9611423342164500, 131.0027203778487900 ) ) ;
#5801 = SURFACE_STYLE_USAGE ( .BOTH. , #4169 ) ;
#5802 = PRESENTATION_STYLE_ASSIGNMENT (( #730 ) ) ;
#5803 = CARTESIAN_POINT ( 'NONE',  ( -5529.110764723728600, 429.0000000000012500, -4840.963067705213700 ) ) ;
#5804 = AXIS2_PLACEMENT_3D ( 'NONE', #3748, #2503, #6417 ) ;
#5805 = DIRECTION ( 'NONE',  ( 1.000000000000000000, -0.0000000000000000000, -0.0000000000000000000 ) ) ;
#5806 = VERTEX_POINT ( 'NONE', #4732 ) ;
#5807 = AXIS2_PLACEMENT_3D ( 'NONE', #2818, #1767, #1262 ) ;
#5808 = SURFACE_SIDE_STYLE ('',( #1056 ) ) ;
#5809 = LINE ( 'NONE', #1129, #5631 ) ;
#5810 = EDGE_CURVE ( 'NONE', #5134, #3205, #6134, .T. ) ;
#5811 = CARTESIAN_POINT ( 'NONE',  ( 2823.000000000000000, 2009.999999999999800, 0.0000000000000000000 ) ) ;
#5812 = APPLICATION_CONTEXT ( 'automotive_design' ) ;
#5813 = VERTEX_POINT ( 'NONE', #5223 ) ;
#5814 = CARTESIAN_POINT ( 'NONE',  ( -3883.400000000000100, 996.0000000000004500, -3335.999999999999500 ) ) ;
#5815 = CARTESIAN_POINT ( 'NONE',  ( 546.0924097199007300, -58.71582055518405200, -494.0233960596980300 ) ) ;
#5816 =( GEOMETRIC_REPRESENTATION_CONTEXT ( 3 ) GLOBAL_UNCERTAINTY_ASSIGNED_CONTEXT ( ( #4805 ) ) GLOBAL_UNIT_ASSIGNED_CONTEXT ( ( #331, #6231, #3039 ) ) REPRESENTATION_CONTEXT ( 'NONE', 'WORKASPACE' ) );
#5817 = ORIENTED_EDGE ( 'NONE', *, *, #341, .F. ) ;
#5818 = EDGE_LOOP ( 'NONE', ( #5635, #3432 ) ) ;
#5819 = CARTESIAN_POINT ( 'NONE',  ( 3086.074175964326100, 2009.999999999999800, 117.4999999999999700 ) ) ;
#5820 = CIRCLE ( 'NONE', #6453, 75.00000000000017100 ) ;
#5821 = DIRECTION ( 'NONE',  ( 0.0000000000000000000, 0.0000000000000000000, -1.000000000000000000 ) ) ;
#5822 = ORIENTED_EDGE ( 'NONE', *, *, #802, .F. ) ;
#5823 = AXIS2_PLACEMENT_3D ( 'NONE', #6406, #5347, #6429 ) ;
#5824 = CARTESIAN_POINT ( 'NONE',  ( -4175.035256446391900, 1255.560000000002200, -3581.173157579388300 ) ) ;
#5825 =( LENGTH_UNIT ( ) NAMED_UNIT ( * ) SI_UNIT ( .MILLI., .METRE. ) );
#5826 = SURFACE_STYLE_USAGE ( .BOTH. , #5289 ) ;
#5827 = EDGE_CURVE ( 'NONE', #5693, #4251, #3538, .T. ) ;
#5828 = CARTESIAN_POINT ( 'NONE',  ( -1015.840000000000000, 0.0000000000000000000, -380.9999999999999400 ) ) ;
#5829 = CARTESIAN_POINT ( 'NONE',  ( 833.9444772784086100, 1869.999999999999800, 117.4999999999999900 ) ) ;
#5830 = ADVANCED_FACE ( 'NONE', ( #6378 ), #5740, .T. ) ;
#5831 = UNCERTAINTY_MEASURE_WITH_UNIT (LENGTH_MEASURE( 1.000000000000000100E-005 ), #4502, 'distance_accuracy_value', 'NONE');
#5832 = CARTESIAN_POINT ( 'NONE',  ( -1275.400000000000100, -1923.000000000000000, -3214.559999999999000 ) ) ;
#5833 = VECTOR ( 'NONE', #2885, 1000.000000000000000 ) ;
#5834 = VERTEX_POINT ( 'NONE', #397 ) ;
#5835 = AXIS2_PLACEMENT_3D ( 'NONE', #5762, #5788, #5273 ) ;
#5836 = CARTESIAN_POINT ( 'NONE',  ( 1938.050197447059000, 502.5169125668199400, 142.5143507999684100 ) ) ;
#5837 =( GEOMETRIC_REPRESENTATION_CONTEXT ( 3 ) GLOBAL_UNCERTAINTY_ASSIGNED_CONTEXT ( ( #632 ) ) GLOBAL_UNIT_ASSIGNED_CONTEXT ( ( #4283, #2655, #3203 ) ) REPRESENTATION_CONTEXT ( 'NONE', 'WORKASPACE' ) );
#5838 = SURFACE_SIDE_STYLE ('',( #2999 ) ) ;
#5839 = CARTESIAN_POINT ( 'NONE',  ( -5529.110764723728600, 429.0000000000013600, -4719.523067705213200 ) ) ;
#5840 = AXIS2_PLACEMENT_3D ( 'NONE', #1447, #3595, #830 ) ;
#5841 = SURFACE_STYLE_FILL_AREA ( #6730 ) ;
#5842 =( GEOMETRIC_REPRESENTATION_CONTEXT ( 3 ) GLOBAL_UNCERTAINTY_ASSIGNED_CONTEXT ( ( #789 ) ) GLOBAL_UNIT_ASSIGNED_CONTEXT ( ( #5825, #2562, #6305 ) ) REPRESENTATION_CONTEXT ( 'NONE', 'WORKASPACE' ) );
#5843 = DIRECTION ( 'NONE',  ( -0.0000000000000000000, -1.000000000000000000, -0.0000000000000000000 ) ) ;
#5844 = DIRECTION ( 'NONE',  ( -1.000000000000000000, 0.0000000000000000000, 0.0000000000000000000 ) ) ;
#5845 = FILL_AREA_STYLE_COLOUR ( '', #1532 ) ;
#5846 = DIRECTION ( 'NONE',  ( 0.0000000000000000000, 0.0000000000000000000, -1.000000000000000000 ) ) ;
#5847 = FACE_OUTER_BOUND ( 'NONE', #353, .T. ) ;
#5848 = FILL_AREA_STYLE ('',( #3729 ) ) ;
#5849 = CIRCLE ( 'NONE', #2585, 144.4699999999998000 ) ;
#5850 = AXIS2_PLACEMENT_3D ( 'NONE', #6246, #4140, #3690 ) ;
#5851 = ORIENTED_EDGE ( 'NONE', *, *, #701, .F. ) ;
#5852 = CARTESIAN_POINT ( 'NONE',  ( -772.9599999999999200, 1.487211072884546800E-014, -2955.000000000000000 ) ) ;
#5853 = ADVANCED_FACE ( 'NONE', ( #1615 ), #5207, .T. ) ;
#5854 = COLOUR_RGB ( '',0.7921568627450980000, 0.8196078431372548800, 0.9333333333333333500 ) ;
#5855 = ORIENTED_EDGE ( 'NONE', *, *, #2429, .F. ) ;
#5856 = FILL_AREA_STYLE ('',( #5478 ) ) ;
#5857 = FACE_OUTER_BOUND ( 'NONE', #4889, .T. ) ;
#5858 = ADVANCED_FACE ( 'NONE', ( #3277 ), #3969, .T. ) ;
#5859 = VERTEX_POINT ( 'NONE', #4701 ) ;
#5860 = VERTEX_POINT ( 'NONE', #1495 ) ;
#5861 = CARTESIAN_POINT ( 'NONE',  ( 62.73714325720447200, 0.0000000000000000000, 125.8430813124108500 ) ) ;
#5862 = FACE_OUTER_BOUND ( 'NONE', #2019, .T. ) ;
#5863 = EDGE_CURVE ( 'NONE', #5834, #4501, #4540, .T. ) ;
#5864 =( NAMED_UNIT ( * ) SI_UNIT ( $, .STERADIAN. ) SOLID_ANGLE_UNIT ( ) );
#5865 = FILL_AREA_STYLE_COLOUR ( '', #3436 ) ;
#5866 = CARTESIAN_POINT ( 'NONE',  ( 1208.000000000000000, 1939.999999999999800, 496.0000000000000000 ) ) ;
#5867 = SURFACE_STYLE_USAGE ( .BOTH. , #596 ) ;
#5868 = PRODUCT_DEFINITION_CONTEXT ( 'detailed design', #5876, 'design' ) ;
#5869 = ORIENTED_EDGE ( 'NONE', *, *, #5874, .T. ) ;
#5870 = ADVANCED_FACE ( 'NONE', ( #3621 ), #4015, .F. ) ;
#5871 = DIRECTION ( 'NONE',  ( -0.0000000000000000000, -1.000000000000000000, -0.0000000000000000000 ) ) ;
#5872 = VECTOR ( 'NONE', #5373, 1000.000000000000000 ) ;
#5873 = COLOUR_RGB ( '',0.7921568627450980000, 0.8196078431372548800, 0.9333333333333333500 ) ;
#5874 = EDGE_CURVE ( 'NONE', #5476, #4950, #5124, .T. ) ;
#5875 = ORIENTED_EDGE ( 'NONE', *, *, #4916, .T. ) ;
#5876 = APPLICATION_CONTEXT ( 'automotive_design' ) ;
#5877 = AXIS2_PLACEMENT_3D ( 'NONE', #1636, #1159, #4815 ) ;
#5878 =( NAMED_UNIT ( * ) PLANE_ANGLE_UNIT ( ) SI_UNIT ( $, .RADIAN. ) );
#5879 = MECHANICAL_DESIGN_GEOMETRIC_PRESENTATION_REPRESENTATION (  '', ( #4442 ), #6232 ) ;
#5880 = VERTEX_POINT ( 'NONE', #4564 ) ;
#5881 = MECHANICAL_DESIGN_GEOMETRIC_PRESENTATION_REPRESENTATION (  '', ( #860 ), #2311 ) ;
#5882 = SURFACE_SIDE_STYLE ('',( #2220 ) ) ;
#5883 = EDGE_LOOP ( 'NONE', ( #457, #2044, #5647, #1346, #961, #6913 ) ) ;
#5884 = EDGE_LOOP ( 'NONE', ( #5355, #3333, #4697, #3028 ) ) ;
#5885 = DIRECTION ( 'NONE',  ( 0.0000000000000000000, 0.0000000000000000000, -1.000000000000000000 ) ) ;
#5886 = FILL_AREA_STYLE ('',( #5865 ) ) ;
#5887 = DIRECTION ( 'NONE',  ( 0.0000000000000000000, 0.0000000000000000000, 1.000000000000000000 ) ) ;
#5888 = COLOUR_RGB ( '',0.7921568627450980000, 0.8196078431372548800, 0.9333333333333333500 ) ;
#5889 = DIRECTION ( 'NONE',  ( -1.000000000000000000, 0.0000000000000000000, 0.0000000000000000000 ) ) ;
#5890 = STYLED_ITEM ( 'NONE', ( #1278 ), #5360 ) ;
#5891 = DIRECTION ( 'NONE',  ( -0.0000000000000000000, -0.0000000000000000000, -1.000000000000000000 ) ) ;
#5892 = CARTESIAN_POINT ( 'NONE',  ( 3716.382674367796400, -198.5999999999998200, 397.1999999999996500 ) ) ;
#5893 = ADVANCED_FACE ( 'NONE', ( #4298 ), #5298, .T. ) ;
#5894 = FILL_AREA_STYLE_COLOUR ( '', #3922 ) ;
#5895 = B_SPLINE_CURVE_WITH_KNOTS ( 'NONE', 3,
 ( #6555, #1213, #6079, #2890, #6577, #1812, #4982, #770, #1787, #4513, #2309, #2792, #2355, #3968, #3371, #1308, #2328, #5051, #6058, #176, #2869, #1386, #839, #292, #6738, #5658, #246, #3558, #2975, #340, #4539, #6148, #4037, #273, #6699, #3461, #6188, #3506, #4632, #5608, #2485, #4579, #816, #5681, #2946, #4058, #2403, #2916, #4104, #6215, #883, #5123, #1429, #1921, #4013, #2994, #798, #6126, #6647, #2467, #5160, #1335, #311, #5073, #6165, #4080, #6722, #3532, #4560, #1364 ),
 .UNSPECIFIED., .F., .F.,
 ( 4, 2, 2, 2, 2, 2, 2, 2, 2, 2, 2, 2, 2, 2, 2, 2, 2, 2, 2, 2, 2, 2, 2, 2, 2, 2, 2, 2, 2, 2, 2, 2, 2, 2, 4 ),
 ( 0.2186953864967826600, 0.2323638623511717100, 0.2391981002783662200, 0.2426152192419634700, 0.2460323382055607500, 0.2597008140599501000, 0.2631179330235475200, 0.2665350519871448900, 0.2733692899143396700, 0.2870377657687294100, 0.2904548847323267200, 0.2938720036959240300, 0.3007062416231186500, 0.3075404795503132700, 0.3109575985139104200, 0.3143747174775075600, 0.3280431933318968000, 0.3348774312590912500, 0.3382945502226885100, 0.3417116691862857000, 0.3553801450406739400, 0.3587972640042711400, 0.3622143829678684000, 0.3690486208950628500, 0.3758828588222572500, 0.3792999777858546700, 0.3827170967494519800, 0.3963855726038421100, 0.4032198105310371700, 0.4066369294946346500, 0.4100540484582321800, 0.4237225243126223100, 0.4271396432762198900, 0.4305567622398174300, 0.4373910001670126600 ),
 .UNSPECIFIED. ) ;
#5896 = CARTESIAN_POINT ( 'NONE',  ( 1208.000000000000000, 1939.999999999999800, -496.0000000000000000 ) ) ;
#5897 = EDGE_LOOP ( 'NONE', ( #6262, #2427, #1059, #5122 ) ) ;
#5898 = AXIS2_PLACEMENT_3D ( 'NONE', #3877, #6015, #3898 ) ;
#5899 = VECTOR ( 'NONE', #6299, 1000.000000000000000 ) ;
#5900 = ADVANCED_FACE ( 'NONE', ( #3712 ), #516, .T. ) ;
#5901 = VERTEX_POINT ( 'NONE', #2952 ) ;
#5902 = FILL_AREA_STYLE_COLOUR ( '', #112 ) ;
#5903 = AXIS2_PLACEMENT_3D ( 'NONE', #6139, #5551, #2366 ) ;
#5904 = DIRECTION ( 'NONE',  ( 1.000000000000000000, -0.0000000000000000000, -0.0000000000000000000 ) ) ;
#5905 = CARTESIAN_POINT ( 'NONE',  ( 2907.055522721593200, 1869.999999999999800, -117.4999999999985900 ) ) ;
#5906 = FILL_AREA_STYLE_COLOUR ( '', #3118 ) ;
#5907 = VERTEX_POINT ( 'NONE', #1412 ) ;
#5908 = EDGE_CURVE ( 'NONE', #4192, #5392, #684, .T. ) ;
#5909 = DIRECTION ( 'NONE',  ( -1.000000000000000000, 0.0000000000000000000, 0.0000000000000000000 ) ) ;
#5910 = CONICAL_SURFACE ( 'NONE', #1123, 71.49999999999998600, 0.7853981633974457300 ) ;
#5911 = CARTESIAN_POINT ( 'NONE',  ( -1137.280000000000200, -121.4399999999996000, -2954.999999999999500 ) ) ;
#5912 = VERTEX_POINT ( 'NONE', #6131 ) ;
#5913 = DIRECTION ( 'NONE',  ( -0.7071067811865435800, 0.0000000000000000000, 0.7071067811865514600 ) ) ;
#5914 = CARTESIAN_POINT ( 'NONE',  ( 2667.655798586756600, 489.3074300627375800, 90.06496609001838700 ) ) ;
#5915 = PRESENTATION_LAYER_ASSIGNMENT (  '', '', ( #5557 ) ) ;
#5916 = CARTESIAN_POINT ( 'NONE',  ( 4225.000000000002700, 0.0000000000000000000, -198.5999999999999100 ) ) ;
#5917 = PRESENTATION_LAYER_ASSIGNMENT (  '', '', ( #5601 ) ) ;
#5918 = ADVANCED_FACE ( 'NONE', ( #5614 ), #2938, .T. ) ;
#5919 = SURFACE_SIDE_STYLE ('',( #6311 ) ) ;
#5920 = CIRCLE ( 'NONE', #6208, 259.5600000000018800 ) ;
#5921 =( GEOMETRIC_REPRESENTATION_CONTEXT ( 3 ) GLOBAL_UNCERTAINTY_ASSIGNED_CONTEXT ( ( #985 ) ) GLOBAL_UNIT_ASSIGNED_CONTEXT ( ( #5787, #6314, #1995 ) ) REPRESENTATION_CONTEXT ( 'NONE', 'WORKASPACE' ) );
#5922 = CARTESIAN_POINT ( 'NONE',  ( -4004.839999999999700, -1541.999999999999300, -3335.999999999999500 ) ) ;
#5923 = ORIENTED_EDGE ( 'NONE', *, *, #2505, .F. ) ;
#5924 = DIRECTION ( 'NONE',  ( 0.0000000000000000000, 0.0000000000000000000, 1.000000000000000000 ) ) ;
#5926 = EDGE_CURVE ( 'NONE', #3205, #29, #2374, .T. ) ;
#5925 = ADVANCED_FACE ( 'NONE', ( #253, #3119 ), #1994, .F. ) ;
#5927 = CIRCLE ( 'NONE', #549, 75.00000000000007100 ) ;
#5928 = CARTESIAN_POINT ( 'NONE',  ( 917.9999999999998900, 418.0008287708115500, -63.50000000000001400 ) ) ;
#5929 = AXIS2_PLACEMENT_3D ( 'NONE', #2515, #4662, #4184 ) ;
#5930 =( NAMED_UNIT ( * ) SI_UNIT ( $, .STERADIAN. ) SOLID_ANGLE_UNIT ( ) );
#5931 = SURFACE_STYLE_FILL_AREA ( #2281 ) ;
#5932 = ORIENTED_EDGE ( 'NONE', *, *, #3792, .T. ) ;
#5933 = MECHANICAL_DESIGN_GEOMETRIC_PRESENTATION_REPRESENTATION (  '', ( #3291 ), #3520 ) ;
#5934 = FILL_AREA_STYLE ('',( #4886 ) ) ;
#5935 = DIRECTION ( 'NONE',  ( 0.0000000000000000000, 0.0000000000000000000, -1.000000000000000000 ) ) ;
#5936 = PRESENTATION_STYLE_ASSIGNMENT (( #6091 ) ) ;
#5937 = CIRCLE ( 'NONE', #966, 63.50000000000001400 ) ;
#5938 = ORIENTED_EDGE ( 'NONE', *, *, #4479, .T. ) ;
#5939 = ORIENTED_EDGE ( 'NONE', *, *, #3564, .T. ) ;
#5940 = PRESENTATION_STYLE_ASSIGNMENT (( #3787 ) ) ;
#5941 = MECHANICAL_DESIGN_GEOMETRIC_PRESENTATION_REPRESENTATION (  '', ( #2284 ), #3302 ) ;
#5942 = DIRECTION ( 'NONE',  ( 0.0000000000000000000, 0.0000000000000000000, -1.000000000000000000 ) ) ;
#5943 = FILL_AREA_STYLE ('',( #3854 ) ) ;
#5944 = UNCERTAINTY_MEASURE_WITH_UNIT (LENGTH_MEASURE( 1.000000000000000100E-005 ), #6218, 'distance_accuracy_value', 'NONE');
#5945 = ORIENTED_EDGE ( 'NONE', *, *, #1976, .T. ) ;
#5946 = EDGE_LOOP ( 'NONE', ( #6425, #787 ) ) ;
#5947 = EDGE_CURVE ( 'NONE', #2439, #4602, #3786, .T. ) ;
#5948 = CIRCLE ( 'NONE', #6540, 144.4699999999997700 ) ;
#5949 = SURFACE_STYLE_USAGE ( .BOTH. , #1202 ) ;
#5950 =( NAMED_UNIT ( * ) PLANE_ANGLE_UNIT ( ) SI_UNIT ( $, .RADIAN. ) );
#5951 = CARTESIAN_POINT ( 'NONE',  ( -981.0774622787370200, -2044.439999999998900, -3335.999999999999500 ) ) ;
#5952 = CARTESIAN_POINT ( 'NONE',  ( 1218.000000000000000, 1869.999999999999800, -117.5000000000000100 ) ) ;
#5953 = CARTESIAN_POINT ( 'NONE',  ( 1912.401471733791100, -502.4321677444218000, 0.0000000000000000000 ) ) ;
#5954 = DIRECTION ( 'NONE',  ( -1.000000000000000000, 0.0000000000000000000, 2.478375930152841700E-017 ) ) ;
#5955 = VERTEX_POINT ( 'NONE', #2050 ) ;
#5956 = CARTESIAN_POINT ( 'NONE',  ( -894.3999999999999800, -121.4399999999993300, -3107.046727750439500 ) ) ;
#5957 = UNCERTAINTY_MEASURE_WITH_UNIT (LENGTH_MEASURE( 1.000000000000000100E-005 ), #1035, 'distance_accuracy_value', 'NONE');
#5958 = UNCERTAINTY_MEASURE_WITH_UNIT (LENGTH_MEASURE( 1.000000000000000100E-005 ), #4001, 'distance_accuracy_value', 'NONE');
#5959 = STYLED_ITEM ( 'NONE', ( #5216 ), #5398 ) ;
#5960 = EDGE_CURVE ( 'NONE', #1713, #5901, #4294, .T. ) ;
#5961 = CARTESIAN_POINT ( 'NONE',  ( 2662.134287211456000, 491.0882993442714300, 79.78559693671572000 ) ) ;
#5962 = EDGE_LOOP ( 'NONE', ( #1786, #4861, #1835, #5057, #396, #3290 ) ) ;
#5963 = STYLED_ITEM ( 'NONE', ( #6701 ), #2121 ) ;
#5964 = ORIENTED_EDGE ( 'NONE', *, *, #2934, .T. ) ;
#5965 = CARTESIAN_POINT ( 'NONE',  ( 3113.000000000000000, 1940.000000000000200, 496.0000000000000000 ) ) ;
#5966 = PRESENTATION_STYLE_ASSIGNMENT (( #1459 ) ) ;
#5967 = CIRCLE ( 'NONE', #5561, 154.5000000000000300 ) ;
#5968 = ADVANCED_FACE ( 'NONE', ( #2 ), #40, .T. ) ;
#5969 = AXIS2_PLACEMENT_3D ( 'NONE', #5396, #5445, #2207 ) ;
#5970 = AXIS2_PLACEMENT_3D ( 'NONE', #4102, #1950, #3045 ) ;
#5971 = UNCERTAINTY_MEASURE_WITH_UNIT (LENGTH_MEASURE( 1.000000000000000100E-005 ), #4729, 'distance_accuracy_value', 'NONE');
#5972 = LINE ( 'NONE', #4756, #6387 ) ;
#5973 = SURFACE_STYLE_USAGE ( .BOTH. , #2168 ) ;
#5974 = CARTESIAN_POINT ( 'NONE',  ( -894.3999999999999800, 0.0000000000000000000, -380.9999999999999400 ) ) ;
#5975 = CARTESIAN_POINT ( 'NONE',  ( 52.58022456961536100, 0.0000000000000000000, 0.0000000000000000000 ) ) ;
#5976 = ORIENTED_EDGE ( 'NONE', *, *, #4530, .F. ) ;
#5977 = CARTESIAN_POINT ( 'NONE',  ( 2960.789200744159200, 484.0266956785114900, 115.0032911423066200 ) ) ;
#5978 = CARTESIAN_POINT ( 'NONE',  ( -3976.355867566534500, 996.0000000000002300, -3414.146530856799500 ) ) ;
#5979 = CARTESIAN_POINT ( 'NONE',  ( -3761.960000000000500, -1541.999999999999500, -3578.879999999999700 ) ) ;
#5980 = STYLED_ITEM ( 'NONE', ( #678 ), #2594 ) ;
#5981 = VERTEX_POINT ( 'NONE', #3709 ) ;
#5982 = DIRECTION ( 'NONE',  ( -3.656861082428052200E-015, -1.000000000000000000, 0.0000000000000000000 ) ) ;
#5983 = CIRCLE ( 'NONE', #6725, 198.5999999999998500 ) ;
#5984 = CARTESIAN_POINT ( 'NONE',  ( 1672.203974350397600, 195.1834758921753000, 0.0000000000000000000 ) ) ;
#5985 = DIRECTION ( 'NONE',  ( 0.0000000000000000000, -1.000000000000000000, 0.0000000000000000000 ) ) ;
#5986 = VERTEX_POINT ( 'NONE', #6396 ) ;
#5987 = DIRECTION ( 'NONE',  ( 0.0000000000000000000, 1.000000000000000000, 0.0000000000000000000 ) ) ;
#5988 = CARTESIAN_POINT ( 'NONE',  ( 2710.162325213056200, 477.5226798628262900, 139.5681644194228000 ) ) ;
#5989 = CIRCLE ( 'NONE', #6279, 198.5999999999999100 ) ;
#5990 = DIRECTION ( 'NONE',  ( 0.0000000000000000000, 0.0000000000000000000, -1.000000000000000000 ) ) ;
#5991 = SURFACE_SIDE_STYLE ('',( #2176 ) ) ;
#5992 =( GEOMETRIC_REPRESENTATION_CONTEXT ( 3 ) GLOBAL_UNCERTAINTY_ASSIGNED_CONTEXT ( ( #5325 ) ) GLOBAL_UNIT_ASSIGNED_CONTEXT ( ( #423, #4226, #1498 ) ) REPRESENTATION_CONTEXT ( 'NONE', 'WORKASPACE' ) );
#5993 = EDGE_CURVE ( 'NONE', #6682, #1435, #3613, .T. ) ;
#5994 = EDGE_LOOP ( 'NONE', ( #1231, #6360 ) ) ;
#5995 = DIRECTION ( 'NONE',  ( -1.000000000000000000, -0.0000000000000000000, -0.0000000000000000000 ) ) ;
#5996 = CARTESIAN_POINT ( 'NONE',  ( 2823.000000000000000, 1940.000000000000200, -144.4699999999997700 ) ) ;
#5997 = CIRCLE ( 'NONE', #5804, 502.4400000000021000 ) ;
#5998 = CARTESIAN_POINT ( 'NONE',  ( -3634.151070719862700, 996.0000000000004500, -3443.765204276269300 ) ) ;
#5999 =( NAMED_UNIT ( * ) PLANE_ANGLE_UNIT ( ) SI_UNIT ( $, .RADIAN. ) );
#6000 = DIRECTION ( 'NONE',  ( 9.142152706070128400E-016, 0.0000000000000000000, -1.000000000000000000 ) ) ;
#6001 = DIRECTION ( 'NONE',  ( -0.0000000000000000000, 0.0000000000000000000, -1.000000000000000000 ) ) ;
#6002 = EDGE_CURVE ( 'NONE', #1093, #4199, #677, .T. ) ;
#6003 = CYLINDRICAL_SURFACE ( 'NONE', #5840, 198.5999999999999100 ) ;
#6004 =( NAMED_UNIT ( * ) PLANE_ANGLE_UNIT ( ) SI_UNIT ( $, .RADIAN. ) );
#6005 = PRESENTATION_LAYER_ASSIGNMENT (  '', '', ( #2516 ) ) ;
#6006 = ORIENTED_EDGE ( 'NONE', *, *, #1887, .T. ) ;
#6007 = LINE ( 'NONE', #78, #4181 ) ;
#6008 = FACE_OUTER_BOUND ( 'NONE', #6445, .T. ) ;
#6009 =( GEOMETRIC_REPRESENTATION_CONTEXT ( 3 ) GLOBAL_UNCERTAINTY_ASSIGNED_CONTEXT ( ( #3625 ) ) GLOBAL_UNIT_ASSIGNED_CONTEXT ( ( #1781, #6142, #1325 ) ) REPRESENTATION_CONTEXT ( 'NONE', 'WORKASPACE' ) );
#6010 = PRESENTATION_STYLE_ASSIGNMENT (( #123 ) ) ;
#6011 = SURFACE_SIDE_STYLE ('',( #5178 ) ) ;
#6012 = COLOUR_RGB ( '',0.7921568627450980000, 0.8196078431372548800, 0.9333333333333333500 ) ;
#6013 = EDGE_LOOP ( 'NONE', ( #4213, #3198 ) ) ;
#6014 = STYLED_ITEM ( 'NONE', ( #4690 ), #6349 ) ;
#6015 = DIRECTION ( 'NONE',  ( -0.0000000000000000000, -1.000000000000000000, -0.0000000000000000000 ) ) ;
#6016 = SURFACE_STYLE_FILL_AREA ( #464 ) ;
#6017 =( NAMED_UNIT ( * ) PLANE_ANGLE_UNIT ( ) SI_UNIT ( $, .RADIAN. ) );
#6018 = CARTESIAN_POINT ( 'NONE',  ( 2559.925824035672100, 1869.999999999999800, -117.4999999999986100 ) ) ;
#6019 = CIRCLE ( 'NONE', #6797, 48.59000000000003200 ) ;
#6020 = ORIENTED_EDGE ( 'NONE', *, *, #5088, .T. ) ;
#6021 =( NAMED_UNIT ( * ) SI_UNIT ( $, .STERADIAN. ) SOLID_ANGLE_UNIT ( ) );
#6022 = AXIS2_PLACEMENT_3D ( 'NONE', #1169, #660, #4947 ) ;
#6023 = CARTESIAN_POINT ( 'NONE',  ( 3716.382674367796400, -198.5999999999998500, 2.432148543106642000E-014 ) ) ;
#6024 = CIRCLE ( 'NONE', #4335, 497.5000000000000000 ) ;
#6025 = CARTESIAN_POINT ( 'NONE',  ( -3902.358503290969100, 1255.560000000000200, -3669.242960055795700 ) ) ;
#6026 =( NAMED_UNIT ( * ) PLANE_ANGLE_UNIT ( ) SI_UNIT ( $, .RADIAN. ) );
#6027 = CARTESIAN_POINT ( 'NONE',  ( -1015.840000000000300, -1541.999999999999300, -3335.999999999999500 ) ) ;
#6028 = ORIENTED_EDGE ( 'NONE', *, *, #2800, .F. ) ;
#6029 =( NAMED_UNIT ( * ) SI_UNIT ( $, .STERADIAN. ) SOLID_ANGLE_UNIT ( ) );
#6030 = FILL_AREA_STYLE_COLOUR ( '', #4867 ) ;
#6031 = CIRCLE ( 'NONE', #16, 75.00000000000017100 ) ;
#6032 = EDGE_CURVE ( 'NONE', #3649, #1490, #1776, .T. ) ;
#6033 = CARTESIAN_POINT ( 'NONE',  ( 2659.629243747859200, 491.9169498119368300, 74.52229414916406800 ) ) ;
#6034 = EDGE_LOOP ( 'NONE', ( #154, #5677, #6855, #6433, #4041, #3663 ) ) ;
#6035 = LINE ( 'NONE', #6553, #6365 ) ;
#6036 = SURFACE_STYLE_FILL_AREA ( #3853 ) ;
#6037 = UNCERTAINTY_MEASURE_WITH_UNIT (LENGTH_MEASURE( 1.000000000000000100E-005 ), #5649, 'distance_accuracy_value', 'NONE');
#6038 = CARTESIAN_POINT ( 'NONE',  ( 3488.999999999999500, -497.5000000000002300, -994.9999999999997700 ) ) ;
#6039 = VERTEX_POINT ( 'NONE', #4228 ) ;
#6040 = CARTESIAN_POINT ( 'NONE',  ( 3488.999999999999500, 497.5000000000000000, -2.030872608586027100E-014 ) ) ;
#6041 = FILL_AREA_STYLE ('',( #3975 ) ) ;
#6042 = PRESENTATION_LAYER_ASSIGNMENT (  '', '', ( #2426 ) ) ;
#6043 = CARTESIAN_POINT ( 'NONE',  ( 3716.382674367796400, 0.0000000000000000000, -198.5999999999999100 ) ) ;
#6044 = DIRECTION ( 'NONE',  ( 0.0000000000000000000, 0.0000000000000000000, 1.000000000000000000 ) ) ;
#6045 = EDGE_CURVE ( 'NONE', #5456, #4268, #3873, .T. ) ;
#6046 = SURFACE_STYLE_USAGE ( .BOTH. , #2217 ) ;
#6047 = ORIENTED_EDGE ( 'NONE', *, *, #2071, .F. ) ;
#6048 =( LENGTH_UNIT ( ) NAMED_UNIT ( * ) SI_UNIT ( .MILLI., .METRE. ) );
#6049 = SURFACE_SIDE_STYLE ('',( #5357 ) ) ;
#6050 = CARTESIAN_POINT ( 'NONE',  ( 2823.000000000000000, 1869.999999999999800, 0.0000000000000000000 ) ) ;
#6051 = LINE ( 'NONE', #3652, #4793 ) ;
#6052 = CARTESIAN_POINT ( 'NONE',  ( 4225.000000000002700, 2.432148543106642300E-014, 198.5999999999999100 ) ) ;
#6053 = DIRECTION ( 'NONE',  ( -1.000000000000000000, 0.0000000000000000000, 0.0000000000000000000 ) ) ;
#6054 = ORIENTED_EDGE ( 'NONE', *, *, #3312, .F. ) ;
#6055 =( GEOMETRIC_REPRESENTATION_CONTEXT ( 3 ) GLOBAL_UNCERTAINTY_ASSIGNED_CONTEXT ( ( #1632 ) ) GLOBAL_UNIT_ASSIGNED_CONTEXT ( ( #206, #6636, #1869 ) ) REPRESENTATION_CONTEXT ( 'NONE', 'WORKASPACE' ) );
#6056 = CARTESIAN_POINT ( 'NONE',  ( 2817.017504026138300, 464.0008287708116700, -179.4700000000000600 ) ) ;
#6057 = STYLED_ITEM ( 'NONE', ( #1534 ), #2093 ) ;
#6058 = CARTESIAN_POINT ( 'NONE',  ( 626.6793319219169700, 55.52284552954450400, -494.3987041139149000 ) ) ;
#6059 = ORIENTED_EDGE ( 'NONE', *, *, #2429, .T. ) ;
#6060 = CARTESIAN_POINT ( 'NONE',  ( 917.9999999999998900, 424.0008287708115500, 0.0000000000000000000 ) ) ;
#6061 = PRESENTATION_LAYER_ASSIGNMENT (  '', '', ( #5706 ) ) ;
#6062 = VERTEX_POINT ( 'NONE', #4248 ) ;
#6063 = FILL_AREA_STYLE_COLOUR ( '', #2686 ) ;
#6064 = CARTESIAN_POINT ( 'NONE',  ( 917.9999999999998900, 497.5000000000000000, 0.0000000000000000000 ) ) ;
#6065 = STYLED_ITEM ( 'NONE', ( #3882 ), #6889 ) ;
#6066 = CARTESIAN_POINT ( 'NONE',  ( -1015.840000000000000, -1694.046727750439000, -3336.000000000000000 ) ) ;
#6067 = CIRCLE ( 'NONE', #6109, 156.4400000000000000 ) ;
#6068 = EDGE_CURVE ( 'NONE', #729, #5266, #2754, .T. ) ;
#6069 = SURFACE_STYLE_USAGE ( .BOTH. , #2344 ) ;
#6070 = CARTESIAN_POINT ( 'NONE',  ( 917.9999999999998900, 1869.999999999999800, 0.0000000000000000000 ) ) ;
#6071 = STYLED_ITEM ( 'NONE', ( #3946 ), #2689 ) ;
#6072 = FILL_AREA_STYLE ('',( #6393 ) ) ;
#6073 = DIRECTION ( 'NONE',  ( -0.0000000000000000000, -1.000000000000000000, -0.0000000000000000000 ) ) ;
#6074 =( LENGTH_UNIT ( ) NAMED_UNIT ( * ) SI_UNIT ( .MILLI., .METRE. ) );
#6075 = VERTEX_POINT ( 'NONE', #3749 ) ;
#6076 = CARTESIAN_POINT ( 'NONE',  ( 2881.244756635265700, 467.6090982536821300, 169.8567964672938000 ) ) ;
#6077 = CARTESIAN_POINT ( 'NONE',  ( 2685.210799255842200, 484.0266956785113700, -115.0032911423065900 ) ) ;
#6078 = VECTOR ( 'NONE', #104, 1000.000000000000000 ) ;
#6079 = CARTESIAN_POINT ( 'NONE',  ( 653.4259276647250100, 9.166018615617208100, -497.4356437291553400 ) ) ;
#6080 = CARTESIAN_POINT ( 'NONE',  ( 12.58022456961535700, 156.4399999999999700, -312.8800000000001100 ) ) ;
#6081 = AXIS2_PLACEMENT_3D ( 'NONE', #437, #1453, #6322 ) ;
#6082 =( NAMED_UNIT ( * ) SI_UNIT ( $, .STERADIAN. ) SOLID_ANGLE_UNIT ( ) );
#6083 = ORIENTED_EDGE ( 'NONE', *, *, #5508, .F. ) ;
#6084 = EDGE_CURVE ( 'NONE', #3974, #2864, #2189, .T. ) ;
#6085 = SURFACE_STYLE_USAGE ( .BOTH. , #2359 ) ;
#6086 = DIRECTION ( 'NONE',  ( 0.7654468673133625300, -2.503722994132712000E-015, 0.6434991012582378400 ) ) ;
#6087 = CARTESIAN_POINT ( 'NONE',  ( -1275.399999999999600, -1801.560000000000200, -3578.879999999999700 ) ) ;
#6088 = COLOUR_RGB ( '',0.7921568627450980000, 0.8196078431372548800, 0.9333333333333333500 ) ;
#6089 = B_SPLINE_CURVE_WITH_KNOTS ( 'NONE', 3,
 ( #4641, #3491, #2000, #4087 ),
 .UNSPECIFIED., .F., .F.,
 ( 4, 4 ),
 ( 1.114136706669030000E-017, 0.01905923439049783000 ),
 .UNSPECIFIED. ) ;
#6090 = CARTESIAN_POINT ( 'NONE',  ( 52.58022456961536100, 0.0000000000000000000, 0.0000000000000000000 ) ) ;
#6091 = SURFACE_STYLE_USAGE ( .BOTH. , #5010 ) ;
#6092 = COLOUR_RGB ( '',0.7921568627450980000, 0.8196078431372548800, 0.9333333333333333500 ) ;
#6093 = PLANE ( 'NONE',  #1900 ) ;
#6094 = CARTESIAN_POINT ( 'NONE',  ( 62.73714325720444400, 1.541133267240840400E-014, -125.8430813124108500 ) ) ;
#6095 = EDGE_CURVE ( 'NONE', #2519, #503, #3526, .T. ) ;
#6096 =( NAMED_UNIT ( * ) PLANE_ANGLE_UNIT ( ) SI_UNIT ( $, .RADIAN. ) );
#6097 = AXIS2_PLACEMENT_3D ( 'NONE', #4698, #2547, #2590 ) ;
#6098 = CARTESIAN_POINT ( 'NONE',  ( 2759.261439720482900, 468.3278191615909200, -167.8719664228532600 ) ) ;
#6099 = AXIS2_PLACEMENT_3D ( 'NONE', #4863, #1663, #2183 ) ;
#6100 =( NAMED_UNIT ( * ) SI_UNIT ( $, .STERADIAN. ) SOLID_ANGLE_UNIT ( ) );
#6101 = MECHANICAL_DESIGN_GEOMETRIC_PRESENTATION_REPRESENTATION (  '', ( #3112 ), #2614 ) ;
#6102 = DIRECTION ( 'NONE',  ( 1.000000000000000000, -2.220446049250311100E-015, -0.0000000000000000000 ) ) ;
#6103 = LINE ( 'NONE', #3117, #4680 ) ;
#6104 = DIRECTION ( 'NONE',  ( 0.0000000000000000000, 1.000000000000000000, 0.0000000000000000000 ) ) ;
#6105 = ORIENTED_EDGE ( 'NONE', *, *, #4286, .F. ) ;
#6106 = PRESENTATION_STYLE_ASSIGNMENT (( #1389 ) ) ;
#6107 = AXIS2_PLACEMENT_3D ( 'NONE', #3406, #4418, #696 ) ;
#6108 = SURFACE_SIDE_STYLE ('',( #187 ) ) ;
#6109 = AXIS2_PLACEMENT_3D ( 'NONE', #5154, #3452, #302 ) ;
#6110 = CARTESIAN_POINT ( 'NONE',  ( -1123.353272249560200, -1801.559999999999700, -3578.879999999999700 ) ) ;
#6111 = EDGE_LOOP ( 'NONE', ( #2715, #4640, #4386, #446 ) ) ;
#6112 = EDGE_LOOP ( 'NONE', ( #387, #3754, #237, #4014, #5197, #5322 ) ) ;
#6113 = DIRECTION ( 'NONE',  ( 0.0000000000000000000, 0.0000000000000000000, -1.000000000000000000 ) ) ;
#6114 = SURFACE_STYLE_FILL_AREA ( #4577 ) ;
#6115 = DIRECTION ( 'NONE',  ( 0.0000000000000000000, 1.000000000000000000, 0.0000000000000000000 ) ) ;
#6116 = DIRECTION ( 'NONE',  ( 0.0000000000000000000, 0.0000000000000000000, -1.000000000000000000 ) ) ;
#6117 = CARTESIAN_POINT ( 'NONE',  ( 62.73714325720447200, 0.0000000000000000000, 0.0000000000000000000 ) ) ;
#6118 = DIRECTION ( 'NONE',  ( 0.0000000000000000000, 1.000000000000000000, 0.0000000000000000000 ) ) ;
#6119 = VERTEX_POINT ( 'NONE', #535 ) ;
#6120 = CARTESIAN_POINT ( 'NONE',  ( 917.9999999999998900, 410.0008287708115500, 0.0000000000000000000 ) ) ;
#6121 = VECTOR ( 'NONE', #6313, 1000.000000000000000 ) ;
#6122 = AXIS2_PLACEMENT_3D ( 'NONE', #5639, #6169, #1285 ) ;
#6123 = CARTESIAN_POINT ( 'NONE',  ( 1020.287849942232600, 475.1357059252515000, -147.4964933230835700 ) ) ;
#6124 = CARTESIAN_POINT ( 'NONE',  ( 2732.862688114858400, 472.6731671767115600, -155.1996046761811100 ) ) ;
#6125 = ORIENTED_EDGE ( 'NONE', *, *, #3260, .F. ) ;
#6126 = CARTESIAN_POINT ( 'NONE',  ( 521.8728308675674700, 32.01162577988498000, -496.4700712309660300 ) ) ;
#6127 = EDGE_CURVE ( 'NONE', #2492, #3517, #2280, .T. ) ;
#6128 = DIRECTION ( 'NONE',  ( 0.0000000000000000000, 0.0000000000000000000, 1.000000000000000000 ) ) ;
#6129 = FILL_AREA_STYLE ('',( #6702 ) ) ;
#6130 = SURFACE_STYLE_FILL_AREA ( #2930 ) ;
#6131 = CARTESIAN_POINT ( 'NONE',  ( 514.1199999999998900, 8.557831832441710000E-015, -782.0000000000000000 ) ) ;
#6132 = VERTEX_POINT ( 'NONE', #554 ) ;
#6133 = STYLED_ITEM ( 'NONE', ( #1654 ), #1585 ) ;
#6134 = CIRCLE ( 'NONE', #671, 63.50000000000000000 ) ;
#6135 = VECTOR ( 'NONE', #1470, 1000.000000000000000 ) ;
#6136 = CARTESIAN_POINT ( 'NONE',  ( 775.7793533390938600, 485.3047516482139900, 109.5048641129184100 ) ) ;
#6137 = EDGE_CURVE ( 'NONE', #6325, #4044, #4444, .T. ) ;
#6138 = ORIENTED_EDGE ( 'NONE', *, *, #1337, .T. ) ;
#6139 = CARTESIAN_POINT ( 'NONE',  ( 2823.000000000000000, 410.0008287708115500, 0.0000000000000000000 ) ) ;
#6140 = DIRECTION ( 'NONE',  ( 1.000000000000000000, -0.0000000000000000000, -0.0000000000000000000 ) ) ;
#6141 = CARTESIAN_POINT ( 'NONE',  ( 3123.000000000000000, 1869.999999999999800, -117.4999999999985900 ) ) ;
#6142 =( NAMED_UNIT ( * ) PLANE_ANGLE_UNIT ( ) SI_UNIT ( $, .RADIAN. ) );
#6143 = PRESENTATION_LAYER_ASSIGNMENT (  '', '', ( #2909 ) ) ;
#6144 = ORIENTED_EDGE ( 'NONE', *, *, #3090, .T. ) ;
#6145 = CARTESIAN_POINT ( 'NONE',  ( -4175.035256446391900, 995.9999999999998900, -3581.173157579389200 ) ) ;
#6146 = CARTESIAN_POINT ( 'NONE',  ( 1744.234409606303600, 0.0000000000000000000, 0.0000000000000000000 ) ) ;
#6147 =( GEOMETRIC_REPRESENTATION_CONTEXT ( 3 ) GLOBAL_UNCERTAINTY_ASSIGNED_CONTEXT ( ( #2724 ) ) GLOBAL_UNIT_ASSIGNED_CONTEXT ( ( #569, #5950, #3305 ) ) REPRESENTATION_CONTEXT ( 'NONE', 'WORKASPACE' ) );
#6148 = CARTESIAN_POINT ( 'NONE',  ( 593.1520261944696100, 69.43062024220552100, -492.6321785732456500 ) ) ;
#6149 = ORIENTED_EDGE ( 'NONE', *, *, #6881, .T. ) ;
#6150 = CARTESIAN_POINT ( 'NONE',  ( -3654.446727750440000, -1801.559999999999500, -3093.119999999999000 ) ) ;
#6151 =( GEOMETRIC_REPRESENTATION_CONTEXT ( 3 ) GLOBAL_UNCERTAINTY_ASSIGNED_CONTEXT ( ( #1333 ) ) GLOBAL_UNIT_ASSIGNED_CONTEXT ( ( #1557, #5318, #2119 ) ) REPRESENTATION_CONTEXT ( 'NONE', 'WORKASPACE' ) );
#6152 = DIRECTION ( 'NONE',  ( -1.000000000000000000, 0.0000000000000000000, 0.0000000000000000000 ) ) ;
#6153 = MECHANICAL_DESIGN_GEOMETRIC_PRESENTATION_REPRESENTATION (  '', ( #3282 ), #4370 ) ;
#6154 = DIRECTION ( 'NONE',  ( 0.0000000000000000000, 0.0000000000000000000, 1.000000000000000000 ) ) ;
#6155 = EDGE_CURVE ( 'NONE', #103, #6698, #6273, .T. ) ;
#6156 = DIRECTION ( 'NONE',  ( 0.0000000000000000000, 0.0000000000000000000, -1.000000000000000000 ) ) ;
#6157 = SURFACE_STYLE_USAGE ( .BOTH. , #1897 ) ;
#6158 = DIRECTION ( 'NONE',  ( 1.000000000000000000, -0.0000000000000000000, -0.0000000000000000000 ) ) ;
#6159 = ORIENTED_EDGE ( 'NONE', *, *, #841, .T. ) ;
#6160 = AXIS2_PLACEMENT_3D ( 'NONE', #2861, #1913, #2476 ) ;
#6161 = CARTESIAN_POINT ( 'NONE',  ( -894.3999999999999800, -1541.999999999999800, -3335.999999999999500 ) ) ;
#6162 = CARTESIAN_POINT ( 'NONE',  ( 1073.344201413242900, 489.3074300627376400, -90.06496609001831600 ) ) ;
#6163 = DIRECTION ( 'NONE',  ( 0.0000000000000000000, 0.0000000000000000000, -1.000000000000000000 ) ) ;
#6164 = CARTESIAN_POINT ( 'NONE',  ( 2968.698947678607100, 486.3376400959692200, -104.8019566858401200 ) ) ;
#6165 = CARTESIAN_POINT ( 'NONE',  ( 515.0602008856890300, 11.48212754475685100, -497.3687797926658600 ) ) ;
#6166 =( BOUNDED_SURFACE ( )  B_SPLINE_SURFACE ( 3, 3, ( 
 ( #2321, #4527, #1322, #2367 ),
 ( #1443, #4046, #3570, #1938 ),
 ( #3494, #2985, #5133, #5106 ),
 ( #2960, #6686, #827, #3005 ) ),
 .UNSPECIFIED., .F., .F., .F. ) 
 B_SPLINE_SURFACE_WITH_KNOTS ( ( 4, 4 ),
 ( 4, 4 ),
 ( 0.0000000000000000000, 1.000000000000000000 ),
 ( 0.0000000000000000000, 1.000000000000000000 ),
 .UNSPECIFIED. ) 
 GEOMETRIC_REPRESENTATION_ITEM ( )  RATIONAL_B_SPLINE_SURFACE ( (
 ( 1.000000000000000000, 0.8047378541243658300, 0.8047378541243658300, 1.000000000000000000),
 ( 0.3333333333333342600, 0.2682459513747893500, 0.2682459513747893500, 0.3333333333333342600),
 ( 0.3333333333333342600, 0.2682459513747893500, 0.2682459513747893500, 0.3333333333333342600),
 ( 1.000000000000000000, 0.8047378541243658300, 0.8047378541243658300, 1.000000000000000000) ) ) 
 REPRESENTATION_ITEM ( '' )  SURFACE ( )  );
#6167 = ORIENTED_EDGE ( 'NONE', *, *, #4377, .F. ) ;
#6168 = AXIS2_PLACEMENT_3D ( 'NONE', #5397, #4408, #35 ) ;
#6169 = DIRECTION ( 'NONE',  ( -1.000000000000000000, -0.0000000000000000000, -0.0000000000000000000 ) ) ;
#6170 = EDGE_CURVE ( 'NONE', #3297, #2432, #1606, .T. ) ;
#6171 = FILL_AREA_STYLE_COLOUR ( '', #2456 ) ;
#6172 = DIRECTION ( 'NONE',  ( 0.0000000000000000000, 0.0000000000000000000, -1.000000000000000000 ) ) ;
#6173 = LINE ( 'NONE', #3162, #5682 ) ;
#6174 =( NAMED_UNIT ( * ) SI_UNIT ( $, .STERADIAN. ) SOLID_ANGLE_UNIT ( ) );
#6175 = LINE ( 'NONE', #3024, #574 ) ;
#6176 = ORIENTED_EDGE ( 'NONE', *, *, #2098, .T. ) ;
#6177 = AXIS2_PLACEMENT_3D ( 'NONE', #4365, #5499, #5942 ) ;
#6178 = FACE_OUTER_BOUND ( 'NONE', #126, .T. ) ;
#6179 = FILL_AREA_STYLE ('',( #4073 ) ) ;
#6180 = LINE ( 'NONE', #1155, #1669 ) ;
#6181 =( GEOMETRIC_REPRESENTATION_CONTEXT ( 3 ) GLOBAL_UNCERTAINTY_ASSIGNED_CONTEXT ( ( #1274 ) ) GLOBAL_UNIT_ASSIGNED_CONTEXT ( ( #2240, #1735, #1753 ) ) REPRESENTATION_CONTEXT ( 'NONE', 'WORKASPACE' ) );
#6182 = CIRCLE ( 'NONE', #1464, 121.4400000000001000 ) ;
#6183 = CYLINDRICAL_SURFACE ( 'NONE', #1076, 121.4400000000001000 ) ;
#6184 = CARTESIAN_POINT ( 'NONE',  ( 1081.370756252141700, 491.9169498119368900, -74.52229414916425300 ) ) ;
#6185 = EDGE_LOOP ( 'NONE', ( #2027, #6361, #1467, #5923, #4040, #5288, #2134 ) ) ;
#6186 = EDGE_LOOP ( 'NONE', ( #3813, #412, #1684, #2397, #947 ) ) ;
#6187 = CARTESIAN_POINT ( 'NONE',  ( 2918.003798746945000, 473.6031605400033300, -152.3742585783256500 ) ) ;
#6188 = CARTESIAN_POINT ( 'NONE',  ( 574.8927904702582100, 69.29353026090109300, -492.6506729846894400 ) ) ;
#6189 = CIRCLE ( 'NONE', #6341, 121.4400000000002100 ) ;
#6190 = PRESENTATION_LAYER_ASSIGNMENT (  '', '', ( #6672 ) ) ;
#6191 =( LENGTH_UNIT ( ) NAMED_UNIT ( * ) SI_UNIT ( .MILLI., .METRE. ) );
#6192 = VERTEX_POINT ( 'NONE', #6419 ) ;
#6193 = VECTOR ( 'NONE', #1296, 1000.000000000000000 ) ;
#6194 = CARTESIAN_POINT ( 'NONE',  ( 1736.256111820047900, 195.1834758921755200, -384.9075097860520600 ) ) ;
#6195 = CYLINDRICAL_SURFACE ( 'NONE', #3275, 121.4400000000000100 ) ;
#6196 = AXIS2_PLACEMENT_3D ( 'NONE', #6873, #3593, #3058 ) ;
#6197 = CARTESIAN_POINT ( 'NONE',  ( -1015.840000000000300, -1541.999999999999800, -3335.999999999999500 ) ) ;
#6198 = CARTESIAN_POINT ( 'NONE',  ( 876.9978375375700400, 465.7734328250869600, 174.8224323168817900 ) ) ;
#6199 = DIRECTION ( 'NONE',  ( -0.0000000000000000000, -0.0000000000000000000, -1.000000000000000000 ) ) ;
#6200 = ORIENTED_EDGE ( 'NONE', *, *, #68, .F. ) ;
#6201 = PRESENTATION_STYLE_ASSIGNMENT (( #5167 ) ) ;
#6202 = DIRECTION ( 'NONE',  ( 0.0000000000000000000, 0.0000000000000000000, 1.000000000000000000 ) ) ;
#6203 = PRESENTATION_STYLE_ASSIGNMENT (( #5496 ) ) ;
#6204 =( NAMED_UNIT ( * ) PLANE_ANGLE_UNIT ( ) SI_UNIT ( $, .RADIAN. ) );
#6205 = CARTESIAN_POINT ( 'NONE',  ( 826.5944186697141700, 472.9167276233656600, -154.4559907381753900 ) ) ;
#6206 = ORIENTED_EDGE ( 'NONE', *, *, #4703, .F. ) ;
#6207 = CIRCLE ( 'NONE', #4486, 144.4699999999997700 ) ;
#6208 = AXIS2_PLACEMENT_3D ( 'NONE', #6145, #335, #268 ) ;
#6209 = CARTESIAN_POINT ( 'NONE',  ( 917.9999999999998900, 410.0008287708115500, 0.0000000000000000000 ) ) ;
#6210 = CARTESIAN_POINT ( 'NONE',  ( 1087.979351612731100, 494.1529852620453200, 57.88812960753064400 ) ) ;
#6211 = CIRCLE ( 'NONE', #1237, 154.5000000000000300 ) ;
#6212 =( LENGTH_UNIT ( ) NAMED_UNIT ( * ) SI_UNIT ( .MILLI., .METRE. ) );
#6213 = CARTESIAN_POINT ( 'NONE',  ( 2878.202393495705600, 467.2709267139671900, -170.7758159068402800 ) ) ;
#6214 = ORIENTED_EDGE ( 'NONE', *, *, #6466, .T. ) ;
#6215 = CARTESIAN_POINT ( 'NONE',  ( 538.8310665057980500, 53.33179816634663000, -494.6337000513675000 ) ) ;
#6216 = EDGE_CURVE ( 'NONE', #103, #4093, #5529, .T. ) ;
#6217 = VERTEX_POINT ( 'NONE', #2597 ) ;
#6218 =( LENGTH_UNIT ( ) NAMED_UNIT ( * ) SI_UNIT ( .MILLI., .METRE. ) );
#6219 = DIRECTION ( 'NONE',  ( 0.0000000000000000000, 1.000000000000000000, 0.0000000000000000000 ) ) ;
#6220 = UNCERTAINTY_MEASURE_WITH_UNIT (LENGTH_MEASURE( 1.000000000000000100E-005 ), #6074, 'distance_accuracy_value', 'NONE');
#6221 = DIRECTION ( 'NONE',  ( -0.6434991012582396100, 0.0000000000000000000, 0.7654468673133609800 ) ) ;
#6222 = CARTESIAN_POINT ( 'NONE',  ( -5436.154897157195600, 996.0000000000022700, -4641.376536848412800 ) ) ;
#6223 = VERTEX_POINT ( 'NONE', #5852 ) ;
#6224 = CARTESIAN_POINT ( 'NONE',  ( 765.6722223042920600, 488.3551654803957800, 95.08104551882966900 ) ) ;
#6225 = EDGE_CURVE ( 'NONE', #5476, #4097, #2118, .T. ) ;
#6226 = EDGE_LOOP ( 'NONE', ( #1164, #5097, #294, #3500, #6388, #4718, #3211, #2669, #6414, #3559, #2945, #3309, #1380, #1084, #5219, #3956 ) ) ;
#6227 = STYLED_ITEM ( 'NONE', ( #1326 ), #3196 ) ;
#6228 = CARTESIAN_POINT ( 'NONE',  ( -894.3999999999999800, -380.9999999999997200, -3457.440000000000500 ) ) ;
#6229 = SURFACE_STYLE_FILL_AREA ( #5674 ) ;
#6230 = DIRECTION ( 'NONE',  ( 0.0000000000000000000, 1.000000000000000000, 0.0000000000000000000 ) ) ;
#6231 =( NAMED_UNIT ( * ) PLANE_ANGLE_UNIT ( ) SI_UNIT ( $, .RADIAN. ) );
#6232 =( GEOMETRIC_REPRESENTATION_CONTEXT ( 3 ) GLOBAL_UNCERTAINTY_ASSIGNED_CONTEXT ( ( #4836 ) ) GLOBAL_UNIT_ASSIGNED_CONTEXT ( ( #5137, #1940, #2475 ) ) REPRESENTATION_CONTEXT ( 'NONE', 'WORKASPACE' ) );
#6233 =( GEOMETRIC_REPRESENTATION_CONTEXT ( 3 ) GLOBAL_UNCERTAINTY_ASSIGNED_CONTEXT ( ( #3487 ) ) GLOBAL_UNIT_ASSIGNED_CONTEXT ( ( #6736, #1919, #2992 ) ) REPRESENTATION_CONTEXT ( 'NONE', 'WORKASPACE' ) );
#6234 = CARTESIAN_POINT ( 'NONE',  ( 917.9999999999998900, 464.0008287708115500, 179.4700000000000000 ) ) ;
#6235 = CARTESIAN_POINT ( 'NONE',  ( 1027.555184474326800, 476.7391377970348000, 142.2700126883061700 ) ) ;
#6236 = FILL_AREA_STYLE ('',( #5143 ) ) ;
#6237 = CARTESIAN_POINT ( 'NONE',  ( 2935.837674786944700, 477.5226798628261800, -139.5681644194227700 ) ) ;
#6238 = CARTESIAN_POINT ( 'NONE',  ( 1908.577679628630400, -497.3586457683633200, -11.85864576836317700 ) ) ;
#6239 = CARTESIAN_POINT ( 'NONE',  ( -513.3999999999997500, -242.8800000000000500, 121.4400000000000300 ) ) ;
#6240 = DIRECTION ( 'NONE',  ( 0.0000000000000000000, 0.7071067811865465700, 0.7071067811865485700 ) ) ;
#6241 = PRESENTATION_LAYER_ASSIGNMENT (  '', '', ( #2048 ) ) ;
#6242 = FILL_AREA_STYLE ('',( #3072 ) ) ;
#6243 = CARTESIAN_POINT ( 'NONE',  ( 2533.000000000000000, 1940.000000000000200, 117.4999999999999400 ) ) ;
#6244 = CARTESIAN_POINT ( 'NONE',  ( 739.1207661435464600, 497.2871796325149500, -14.62618120781625200 ) ) ;
#6245 = CARTESIAN_POINT ( 'NONE',  ( 833.9444772784086100, 1869.999999999999800, 117.4999999999999900 ) ) ;
#6246 = CARTESIAN_POINT ( 'NONE',  ( 2823.000000000000000, 424.0008287708115500, 0.0000000000000000000 ) ) ;
#6247 = DIRECTION ( 'NONE',  ( 0.0000000000000000000, 1.000000000000000000, 0.0000000000000000000 ) ) ;
#6248 = CARTESIAN_POINT ( 'NONE',  ( 740.8551481349287500, 496.6647789120304400, -29.39194472838278600 ) ) ;
#6249 = FACE_OUTER_BOUND ( 'NONE', #4986, .T. ) ;
#6250 = ORIENTED_EDGE ( 'NONE', *, *, #3723, .T. ) ;
#6251 = CARTESIAN_POINT ( 'NONE',  ( -4175.035256446391000, 1377.000000000002500, -3581.173157579389200 ) ) ;
#6252 = CARTESIAN_POINT ( 'NONE',  ( 992.5196445935561100, 469.9165027581984800, 163.3720408969399200 ) ) ;
#6253 =( LENGTH_UNIT ( ) NAMED_UNIT ( * ) SI_UNIT ( .MILLI., .METRE. ) );
#6254 = DIRECTION ( 'NONE',  ( 0.0000000000000000000, 0.0000000000000000000, -1.000000000000000000 ) ) ;
#6255 = MANIFOLD_SOLID_BREP ( 'Internal_fluid_cyl_1', #4485 ) ;
#6256 = CIRCLE ( 'NONE', #334, 497.5000000000000000 ) ;
#6257 = AXIS2_PLACEMENT_3D ( 'NONE', #2111, #5904, #4324 ) ;
#6258 = SURFACE_SIDE_STYLE ('',( #1533 ) ) ;
#6259 = EDGE_CURVE ( 'NONE', #1116, #5693, #2677, .T. ) ;
#6260 = CARTESIAN_POINT ( 'NONE',  ( -5353.859199719160600, 1255.560000000002900, -4572.191842782487600 ) ) ;
#6261 = VECTOR ( 'NONE', #6764, 1000.000000000000000 ) ;
#6262 = ORIENTED_EDGE ( 'NONE', *, *, #5810, .T. ) ;
#6263 = CARTESIAN_POINT ( 'NONE',  ( 591.9594489233378500, -69.43479348368261100, -492.6307667359071700 ) ) ;
#6264 = VECTOR ( 'NONE', #1150, 1000.000000000000000 ) ;
#6265 = PRESENTATION_LAYER_ASSIGNMENT (  '', '', ( #5792 ) ) ;
#6266 = CARTESIAN_POINT ( 'NONE',  ( 2823.000000000000000, 424.0008287708115500, 0.0000000000000000000 ) ) ;
#6267 = AXIS2_PLACEMENT_3D ( 'NONE', #5661, #1313, #6726 ) ;
#6268 = ORIENTED_EDGE ( 'NONE', *, *, #3767, .F. ) ;
#6269 = VERTEX_POINT ( 'NONE', #4406 ) ;
#6270 = DIRECTION ( 'NONE',  ( -1.000000000000000000, 0.0000000000000000000, 0.0000000000000000000 ) ) ;
#6271 = FILL_AREA_STYLE_COLOUR ( '', #5202 ) ;
#6272 = MECHANICAL_DESIGN_GEOMETRIC_PRESENTATION_REPRESENTATION (  '', ( #539 ), #2813 ) ;
#6273 = LINE ( 'NONE', #2661, #2448 ) ;
#6274 = CIRCLE ( 'NONE', #5797, 63.50000000000000000 ) ;
#6275 = DIRECTION ( 'NONE',  ( -0.0000000000000000000, 0.0000000000000000000, 1.000000000000000000 ) ) ;
#6276 = CARTESIAN_POINT ( 'NONE',  ( 1004.285876095534600, 471.9538080678909200, 157.3734188528709400 ) ) ;
#6277 = CARTESIAN_POINT ( 'NONE',  ( -772.9600000000001500, 1.487211072884545900E-014, -228.9532722495605400 ) ) ;
#6278 = CARTESIAN_POINT ( 'NONE',  ( -3502.400000000000100, -2044.439999999999800, -3335.999999999999500 ) ) ;
#6279 = AXIS2_PLACEMENT_3D ( 'NONE', #5509, #6053, #1807 ) ;
#6280 = ORIENTED_EDGE ( 'NONE', *, *, #2116, .F. ) ;
#6281 = PLANE ( 'NONE',  #6097 ) ;
#6282 = CYLINDRICAL_SURFACE ( 'NONE', #4320, 75.00000000000007100 ) ;
#6283 = COLOUR_RGB ( '',0.7921568627450980000, 0.8196078431372548800, 0.9333333333333333500 ) ;
#6284 =( NAMED_UNIT ( * ) PLANE_ANGLE_UNIT ( ) SI_UNIT ( $, .RADIAN. ) );
#6285 = PRESENTATION_LAYER_ASSIGNMENT (  '', '', ( #3282 ) ) ;
#6286 = DIRECTION ( 'NONE',  ( 0.0000000000000000000, -1.000000000000000000, 0.0000000000000000000 ) ) ;
#6287 = SURFACE_STYLE_FILL_AREA ( #461 ) ;
#6288 = EDGE_CURVE ( 'NONE', #2935, #3710, #5116, .T. ) ;
#6289 = VERTEX_POINT ( 'NONE', #6481 ) ;
#6290 = CARTESIAN_POINT ( 'NONE',  ( -5237.475508277336300, 1498.440000000002300, -4474.349910125823000 ) ) ;
#6291 =( GEOMETRIC_REPRESENTATION_CONTEXT ( 3 ) GLOBAL_UNCERTAINTY_ASSIGNED_CONTEXT ( ( #474 ) ) GLOBAL_UNIT_ASSIGNED_CONTEXT ( ( #1874, #3356, #4971 ) ) REPRESENTATION_CONTEXT ( 'NONE', 'WORKASPACE' ) );
#6292 = SURFACE_STYLE_FILL_AREA ( #122 ) ;
#6293 = FILL_AREA_STYLE ('',( #6030 ) ) ;
#6294 = CARTESIAN_POINT ( 'NONE',  ( 537.8072489213196800, -52.63232411479062000, -494.7186572364497000 ) ) ;
#6295 =( GEOMETRIC_REPRESENTATION_CONTEXT ( 3 ) GLOBAL_UNCERTAINTY_ASSIGNED_CONTEXT ( ( #5015 ) ) GLOBAL_UNIT_ASSIGNED_CONTEXT ( ( #615, #4896, #2706 ) ) REPRESENTATION_CONTEXT ( 'NONE', 'WORKASPACE' ) );
#6296 = ORIENTED_EDGE ( 'NONE', *, *, #5947, .F. ) ;
#6297 = VECTOR ( 'NONE', #870, 1000.000000000000000 ) ;
#6298 = UNCERTAINTY_MEASURE_WITH_UNIT (LENGTH_MEASURE( 1.000000000000000100E-005 ), #477, 'distance_accuracy_value', 'NONE');
#6299 = DIRECTION ( 'NONE',  ( -0.0000000000000000000, -0.0000000000000000000, -1.000000000000000000 ) ) ;
#6300 = SURFACE_SIDE_STYLE ('',( #934 ) ) ;
#6301 = ORIENTED_EDGE ( 'NONE', *, *, #3439, .T. ) ;
#6302 = PRESENTATION_LAYER_ASSIGNMENT (  '', '', ( #5725 ) ) ;
#6303 = CARTESIAN_POINT ( 'NONE',  ( -4253.181787303193200, 1377.000000000002500, -3488.217290012854800 ) ) ;
#6304 = CARTESIAN_POINT ( 'NONE',  ( 1085.990404160133000, 493.4703261732484000, 63.43311632874392100 ) ) ;
#6305 =( NAMED_UNIT ( * ) SI_UNIT ( $, .STERADIAN. ) SOLID_ANGLE_UNIT ( ) );
#6306 = CIRCLE ( 'NONE', #4457, 179.4700000000000000 ) ;
#6307 = EDGE_CURVE ( 'NONE', #315, #2303, #6693, .T. ) ;
#6308 = FILL_AREA_STYLE_COLOUR ( '', #750 ) ;
#6309 =( NAMED_UNIT ( * ) SI_UNIT ( $, .STERADIAN. ) SOLID_ANGLE_UNIT ( ) );
#6310 = EDGE_LOOP ( 'NONE', ( #2846, #1248, #1828, #2260, #1078, #4626, #1554, #859 ) ) ;
#6311 = SURFACE_STYLE_FILL_AREA ( #3720 ) ;
#6312 = FILL_AREA_STYLE_COLOUR ( '', #3342 ) ;
#6313 = DIRECTION ( 'NONE',  ( -0.0000000000000000000, -1.000000000000000000, -0.0000000000000000000 ) ) ;
#6314 =( NAMED_UNIT ( * ) PLANE_ANGLE_UNIT ( ) SI_UNIT ( $, .RADIAN. ) );
#6315 = ORIENTED_EDGE ( 'NONE', *, *, #5926, .F. ) ;
#6316 = CARTESIAN_POINT ( 'NONE',  ( 626.5242353666728800, -55.49864143488658600, -494.3968673925131700 ) ) ;
#6317 = EDGE_CURVE ( 'NONE', #3680, #4687, #3797, .T. ) ;
#6318 = AXIS2_PLACEMENT_3D ( 'NONE', #2270, #3360, #5534 ) ;
#6319 = DIRECTION ( 'NONE',  ( 0.0000000000000000000, 0.0000000000000000000, 1.000000000000000000 ) ) ;
#6320 = MECHANICAL_DESIGN_GEOMETRIC_PRESENTATION_REPRESENTATION (  '', ( #5557 ), #6536 ) ;
#6321 =( GEOMETRIC_REPRESENTATION_CONTEXT ( 3 ) GLOBAL_UNCERTAINTY_ASSIGNED_CONTEXT ( ( #6469 ) ) GLOBAL_UNIT_ASSIGNED_CONTEXT ( ( #4326, #2113, #4825 ) ) REPRESENTATION_CONTEXT ( 'NONE', 'WORKASPACE' ) );
#6322 = DIRECTION ( 'NONE',  ( 0.0000000000000000000, 0.0000000000000000000, 1.000000000000000000 ) ) ;
#6323 =( LENGTH_UNIT ( ) NAMED_UNIT ( * ) SI_UNIT ( .MILLI., .METRE. ) );
#6324 = EDGE_LOOP ( 'NONE', ( #2815, #5790 ) ) ;
#6325 = VERTEX_POINT ( 'NONE', #1115 ) ;
#6326 = CARTESIAN_POINT ( 'NONE',  ( 1283.000000000000000, 1939.999999999999800, 496.0000000000000000 ) ) ;
#6327 = CARTESIAN_POINT ( 'NONE',  ( 2823.000000000000000, 424.0008287708115500, 0.0000000000000000000 ) ) ;
#6328 =( NAMED_UNIT ( * ) PLANE_ANGLE_UNIT ( ) SI_UNIT ( $, .RADIAN. ) );
#6329 = SURFACE_STYLE_FILL_AREA ( #3295 ) ;
#6330 =( GEOMETRIC_REPRESENTATION_CONTEXT ( 3 ) GLOBAL_UNCERTAINTY_ASSIGNED_CONTEXT ( ( #3554 ) ) GLOBAL_UNIT_ASSIGNED_CONTEXT ( ( #6323, #2137, #6373 ) ) REPRESENTATION_CONTEXT ( 'NONE', 'WORKASPACE' ) );
#6331 = FILL_AREA_STYLE_COLOUR ( '', #6734 ) ;
#6332 = UNCERTAINTY_MEASURE_WITH_UNIT (LENGTH_MEASURE( 1.000000000000000100E-005 ), #6568, 'distance_accuracy_value', 'NONE');
#6333 = PRODUCT_CONTEXT ( 'NONE', #5812, 'mechanical' ) ;
#6334 = LINE ( 'NONE', #1981, #6496 ) ;
#6335 = ADVANCED_FACE ( 'NONE', ( #4123 ), #5192, .T. ) ;
#6336 = VERTEX_POINT ( 'NONE', #6760 ) ;
#6337 = CARTESIAN_POINT ( 'NONE',  ( 518.6000492507915900, -24.64527523591645800, -496.8903709732356300 ) ) ;
#6338 = FILL_AREA_STYLE_COLOUR ( '', #4767 ) ;
#6339 = ORIENTED_EDGE ( 'NONE', *, *, #4692, .T. ) ;
#6340 = PLANE ( 'NONE',  #2723 ) ;
#6341 = AXIS2_PLACEMENT_3D ( 'NONE', #4060, #4084, #1409 ) ;
#6342 = ADVANCED_FACE ( 'NONE', ( #5024 ), #587, .T. ) ;
#6343 = FACE_OUTER_BOUND ( 'NONE', #510, .T. ) ;
#6344 = EDGE_CURVE ( 'NONE', #4602, #2692, #4526, .T. ) ;
#6345 = CARTESIAN_POINT ( 'NONE',  ( 1002.055522721591300, 1869.999999999999800, 117.4999999999999400 ) ) ;
#6346 = FILL_AREA_STYLE ('',( #3726 ) ) ;
#6347 = EDGE_LOOP ( 'NONE', ( #2595, #1370, #714, #4270 ) ) ;
#6348 = CARTESIAN_POINT ( 'NONE',  ( 917.9999999999998900, 1600.000000000000000, -144.4699999999999400 ) ) ;
#6349 = ADVANCED_FACE ( 'NONE', ( #3111 ), #6183, .T. ) ;
#6350 =( NAMED_UNIT ( * ) SI_UNIT ( $, .STERADIAN. ) SOLID_ANGLE_UNIT ( ) );
#6351 = DIRECTION ( 'NONE',  ( 1.000000000000000000, 0.0000000000000000000, -0.0000000000000000000 ) ) ;
#6352 = VECTOR ( 'NONE', #1934, 1000.000000000000000 ) ;
#6353 = CARTESIAN_POINT ( 'NONE',  ( 917.9999999999998900, 410.0008287708115500, 0.0000000000000000000 ) ) ;
#6354 = COLOUR_RGB ( '',0.7921568627450980000, 0.8196078431372548800, 0.9333333333333333500 ) ;
#6355 = ORIENTED_EDGE ( 'NONE', *, *, #6560, .T. ) ;
#6356 = ORIENTED_EDGE ( 'NONE', *, *, #6428, .T. ) ;
#6357 = EDGE_CURVE ( 'NONE', #4918, #6586, #5519, .T. ) ;
#6358 = DIRECTION ( 'NONE',  ( 1.000000000000000000, -0.0000000000000000000, -0.0000000000000000000 ) ) ;
#6359 = AXIS2_PLACEMENT_3D ( 'NONE', #3485, #4604, #1953 ) ;
#6360 = ORIENTED_EDGE ( 'NONE', *, *, #444, .T. ) ;
#6361 = ORIENTED_EDGE ( 'NONE', *, *, #2676, .T. ) ;
#6362 = DIRECTION ( 'NONE',  ( -0.0000000000000000000, -0.0000000000000000000, -1.000000000000000000 ) ) ;
#6363 = MECHANICAL_DESIGN_GEOMETRIC_PRESENTATION_REPRESENTATION (  '', ( #265 ), #400 ) ;
#6364 = SURFACE_STYLE_FILL_AREA ( #4877 ) ;
#6365 = VECTOR ( 'NONE', #6719, 1000.000000000000000 ) ;
#6366 = SURFACE_SIDE_STYLE ('',( #1834 ) ) ;
#6367 = COLOUR_RGB ( '',0.7921568627450980000, 0.8196078431372548800, 0.9333333333333333500 ) ;
#6368 = STYLED_ITEM ( 'NONE', ( #6440 ), #5918 ) ;
#6369 = SURFACE_SIDE_STYLE ('',( #3732 ) ) ;
#6370 = VERTEX_POINT ( 'NONE', #5655 ) ;
#6371 = ADVANCED_FACE ( 'NONE', ( #319 ), #1403, .T. ) ;
#6372 = SURFACE_SIDE_STYLE ('',( #140 ) ) ;
#6373 =( NAMED_UNIT ( * ) SI_UNIT ( $, .STERADIAN. ) SOLID_ANGLE_UNIT ( ) );
#6374 =( NAMED_UNIT ( * ) SI_UNIT ( $, .STERADIAN. ) SOLID_ANGLE_UNIT ( ) );
#6375 = CARTESIAN_POINT ( 'NONE',  ( -1275.399999999999900, -1801.559999999999900, -3335.999999999999500 ) ) ;
#6376 =( NAMED_UNIT ( * ) PLANE_ANGLE_UNIT ( ) SI_UNIT ( $, .RADIAN. ) );
#6377 = ORIENTED_EDGE ( 'NONE', *, *, #2140, .T. ) ;
#6378 = FACE_OUTER_BOUND ( 'NONE', #5520, .T. ) ;
#6379 = LINE ( 'NONE', #1393, #269 ) ;
#6380 = ADVANCED_FACE ( 'NONE', ( #1681 ), #5029, .T. ) ;
#6381 = CARTESIAN_POINT ( 'NONE',  ( -3883.400000000000100, 996.0000000000004500, -3335.999999999999500 ) ) ;
#6382 = EDGE_LOOP ( 'NONE', ( #6641, #929, #1597, #200, #6838, #222, #2603, #5368 ) ) ;
#6383 = AXIS2_PLACEMENT_3D ( 'NONE', #6800, #3524, #4624 ) ;
#6384 = ADVANCED_FACE ( 'NONE', ( #5857 ), #4672, .F. ) ;
#6385 = CARTESIAN_POINT ( 'NONE',  ( 2075.043348385338500, 502.5169125668199400, 387.7783473880118700 ) ) ;
#6386 = ORIENTED_EDGE ( 'NONE', *, *, #981, .T. ) ;
#6387 = VECTOR ( 'NONE', #4301, 1000.000000000000000 ) ;
#6388 = ORIENTED_EDGE ( 'NONE', *, *, #850, .T. ) ;
#6389 =( GEOMETRIC_REPRESENTATION_CONTEXT ( 3 ) GLOBAL_UNCERTAINTY_ASSIGNED_CONTEXT ( ( #3769 ) ) GLOBAL_UNIT_ASSIGNED_CONTEXT ( ( #6685, #4548, #4460 ) ) REPRESENTATION_CONTEXT ( 'NONE', 'WORKASPACE' ) );
#6390 =( LENGTH_UNIT ( ) NAMED_UNIT ( * ) SI_UNIT ( .MILLI., .METRE. ) );
#6391 = CARTESIAN_POINT ( 'NONE',  ( -5465.773570576663600, 996.0000000000030700, -4983.581333695084100 ) ) ;
#6392 = CARTESIAN_POINT ( 'NONE',  ( 627.9999999999998900, 1939.999999999999800, 496.0000000000000000 ) ) ;
#6393 = FILL_AREA_STYLE_COLOUR ( '', #5299 ) ;
#6394 = EDGE_CURVE ( 'NONE', #5981, #5421, #2832, .T. ) ;
#6395 = FILL_AREA_STYLE_COLOUR ( '', #4490 ) ;
#6396 = CARTESIAN_POINT ( 'NONE',  ( -5237.475508277338100, 1255.560000000002000, -4474.349910125824000 ) ) ;
#6397 = FACE_OUTER_BOUND ( 'NONE', #2958, .T. ) ;
#6398 =( LENGTH_UNIT ( ) NAMED_UNIT ( * ) SI_UNIT ( .MILLI., .METRE. ) );
#6399 = ORIENTED_EDGE ( 'NONE', *, *, #566, .T. ) ;
#6400 = AXIS2_PLACEMENT_3D ( 'NONE', #3417, #1316, #6562 ) ;
#6401 = AXIS2_PLACEMENT_3D ( 'NONE', #4150, #571, #5924 ) ;
#6402 = ADVANCED_FACE ( 'NONE', ( #3942 ), #4451, .T. ) ;
#6403 = ORIENTED_EDGE ( 'NONE', *, *, #6259, .T. ) ;
#6404 = CARTESIAN_POINT ( 'NONE',  ( -3502.399999999999600, -1923.000000000000000, -3214.559999999999000 ) ) ;
#6405 = MECHANICAL_DESIGN_GEOMETRIC_PRESENTATION_REPRESENTATION (  '', ( #5706 ), #6763 ) ;
#6406 = CARTESIAN_POINT ( 'NONE',  ( 0.0000000000000000000, 0.0000000000000000000, 0.0000000000000000000 ) ) ;
#6407 = FILL_AREA_STYLE_COLOUR ( '', #1600 ) ;
#6408 = SURFACE_STYLE_USAGE ( .BOTH. , #3236 ) ;
#6409 =( LENGTH_UNIT ( ) NAMED_UNIT ( * ) SI_UNIT ( .MILLI., .METRE. ) );
#6411 = EDGE_CURVE ( 'NONE', #6711, #4519, #3199, .T. ) ;
#6410 = ADVANCED_FACE ( 'NONE', ( #854 ), #4786, .T. ) ;
#6412 = PLANE ( 'NONE',  #3872 ) ;
#6413 = DIRECTION ( 'NONE',  ( 0.0000000000000000000, 0.0000000000000000000, -1.000000000000000000 ) ) ;
#6414 = ORIENTED_EDGE ( 'NONE', *, *, #5152, .T. ) ;
#6415 = FACE_OUTER_BOUND ( 'NONE', #2967, .T. ) ;
#6416 = AXIS2_PLACEMENT_3D ( 'NONE', #4992, #708, #731 ) ;
#6417 = DIRECTION ( 'NONE',  ( 0.7654468673133623100, 0.0000000000000000000, 0.6434991012582379500 ) ) ;
#6418 = PRESENTATION_STYLE_ASSIGNMENT (( #4339 ) ) ;
#6419 = CARTESIAN_POINT ( 'NONE',  ( 52.58022456961535300, 1.915837452586119200E-014, 156.4400000000000000 ) ) ;
#6420 = DIRECTION ( 'NONE',  ( 0.0000000000000000000, 0.0000000000000000000, 1.000000000000000000 ) ) ;
#6421 = DIRECTION ( 'NONE',  ( 0.0000000000000000000, -1.000000000000000000, 0.0000000000000000000 ) ) ;
#6422 = UNCERTAINTY_MEASURE_WITH_UNIT (LENGTH_MEASURE( 1.000000000000000100E-005 ), #1879, 'distance_accuracy_value', 'NONE');
#6423 = VECTOR ( 'NONE', #1640, 1000.000000000000000 ) ;
#6424 = AXIS2_PLACEMENT_3D ( 'NONE', #1881, #4124, #5069 ) ;
#6425 = ORIENTED_EDGE ( 'NONE', *, *, #577, .F. ) ;
#6426 =( NAMED_UNIT ( * ) PLANE_ANGLE_UNIT ( ) SI_UNIT ( $, .RADIAN. ) );
#6427 = CARTESIAN_POINT ( 'NONE',  ( 1744.234409606303600, 0.0000000000000000000, 0.0000000000000000000 ) ) ;
#6428 = EDGE_CURVE ( 'NONE', #1295, #2133, #6776, .T. ) ;
#6429 = DIRECTION ( 'NONE',  ( 0.0000000000000000000, 0.0000000000000000000, -1.000000000000000000 ) ) ;
#6430 = DIRECTION ( 'NONE',  ( 0.0000000000000000000, 1.000000000000000000, 0.0000000000000000000 ) ) ;
#6431 =( NAMED_UNIT ( * ) PLANE_ANGLE_UNIT ( ) SI_UNIT ( $, .RADIAN. ) );
#6432 = VERTEX_POINT ( 'NONE', #5285 ) ;
#6433 = ORIENTED_EDGE ( 'NONE', *, *, #4393, .T. ) ;
#6434 = FILL_AREA_STYLE ('',( #2643 ) ) ;
#6435 =( LENGTH_UNIT ( ) NAMED_UNIT ( * ) SI_UNIT ( .MILLI., .METRE. ) );
#6436 = ADVANCED_FACE ( 'NONE', ( #3365 ), #2170, .T. ) ;
#6437 = EDGE_CURVE ( 'NONE', #6882, #3000, #4047, .T. ) ;
#6438 = ORIENTED_EDGE ( 'NONE', *, *, #5082, .F. ) ;
#6439 = MECHANICAL_DESIGN_GEOMETRIC_PRESENTATION_REPRESENTATION (  '', ( #2516 ), #2396 ) ;
#6440 = PRESENTATION_STYLE_ASSIGNMENT (( #5734 ) ) ;
#6441 = DIRECTION ( 'NONE',  ( -0.0000000000000000000, -1.000000000000000000, -0.0000000000000000000 ) ) ;
#6442 = CARTESIAN_POINT ( 'NONE',  ( 0.0000000000000000000, 0.0000000000000000000, -198.5999999999999100 ) ) ;
#6443 = ADVANCED_FACE ( 'NONE', ( #5297 ), #1127, .F. ) ;
#6444 = MECHANICAL_DESIGN_GEOMETRIC_PRESENTATION_REPRESENTATION (  '', ( #586 ), #4056 ) ;
#6445 = EDGE_LOOP ( 'NONE', ( #2632, #1281, #3040, #2880 ) ) ;
#6446 = AXIS2_PLACEMENT_3D ( 'NONE', #4433, #1180, #5485 ) ;
#6447 = CIRCLE ( 'NONE', #6740, 71.49999999999998600 ) ;
#6448 = EDGE_LOOP ( 'NONE', ( #3862, #5869, #2165, #4925 ) ) ;
#6449 = DIRECTION ( 'NONE',  ( 0.0000000000000000000, -1.000000000000000000, 0.0000000000000000000 ) ) ;
#6450 = AXIS2_PLACEMENT_3D ( 'NONE', #2789, #147, #6527 ) ;
#6451 = CIRCLE ( 'NONE', #1898, 121.4400000000000000 ) ;
#6452 = DIRECTION ( 'NONE',  ( -1.000000000000000000, 0.0000000000000000000, 0.0000000000000000000 ) ) ;
#6453 = AXIS2_PLACEMENT_3D ( 'NONE', #2541, #433, #6270 ) ;
#6454 = CARTESIAN_POINT ( 'NONE',  ( 1959.135133646403800, 502.5726625040091400, 280.1759872413737200 ) ) ;
#6455 = CARTESIAN_POINT ( 'NONE',  ( -1015.840000000000000, 0.0000000000000000000, -380.9999999999999400 ) ) ;
#6456 = DIRECTION ( 'NONE',  ( 1.000000000000000000, 0.0000000000000000000, 0.0000000000000000000 ) ) ;
#6457 = B_SPLINE_CURVE_WITH_KNOTS ( 'NONE', 3,
 ( #893, #5646, #5620, #6709 ),
 .UNSPECIFIED., .F., .F.,
 ( 4, 4 ),
 ( 1.671106944322083800E-016, 0.01923535946095416100 ),
 .UNSPECIFIED. ) ;
#6458 = ORIENTED_EDGE ( 'NONE', *, *, #5600, .T. ) ;
#6459 = UNCERTAINTY_MEASURE_WITH_UNIT (LENGTH_MEASURE( 1.000000000000000100E-005 ), #2262, 'distance_accuracy_value', 'NONE');
#6460 = CARTESIAN_POINT ( 'NONE',  ( 1181.074175964327200, 1869.999999999999800, -117.5000000000000300 ) ) ;
#6461 = CARTESIAN_POINT ( 'NONE',  ( 2674.772468384433500, 487.1011811186643900, 101.1941057180370400 ) ) ;
#6462 = CARTESIAN_POINT ( 'NONE',  ( 248.0000000000000000, -497.5000000000000600, 8.123490434344108300E-014 ) ) ;
#6463 = ORIENTED_EDGE ( 'NONE', *, *, #1922, .T. ) ;
#6464 = PRESENTATION_LAYER_ASSIGNMENT (  '', '', ( #5540 ) ) ;
#6465 = PRESENTATION_STYLE_ASSIGNMENT (( #19 ) ) ;
#6466 = EDGE_CURVE ( 'NONE', #3986, #5000, #2683, .T. ) ;
#6467 = ORIENTED_EDGE ( 'NONE', *, *, #1195, .T. ) ;
#6468 = ADVANCED_FACE ( 'NONE', ( #3959 ), #6282, .T. ) ;
#6469 = UNCERTAINTY_MEASURE_WITH_UNIT (LENGTH_MEASURE( 1.000000000000000100E-005 ), #4326, 'distance_accuracy_value', 'NONE');
#6470 =( NAMED_UNIT ( * ) PLANE_ANGLE_UNIT ( ) SI_UNIT ( $, .RADIAN. ) );
#6471 = SURFACE_SIDE_STYLE ('',( #86 ) ) ;
#6472 =( LENGTH_UNIT ( ) NAMED_UNIT ( * ) SI_UNIT ( .MILLI., .METRE. ) );
#6473 = FACE_BOUND ( 'NONE', #5994, .T. ) ;
#6474 = DIRECTION ( 'NONE',  ( -1.000000000000000000, 0.0000000000000000000, 0.0000000000000000000 ) ) ;
#6475 = CARTESIAN_POINT ( 'NONE',  ( 3489.000000000000000, 6.092617825758081200E-014, 497.5000000000000000 ) ) ;
#6476 = ADVANCED_FACE ( 'NONE', ( #2446 ), #251, .T. ) ;
#6477 = EDGE_CURVE ( 'NONE', #5859, #4705, #932, .T. ) ;
#6478 =( LENGTH_UNIT ( ) NAMED_UNIT ( * ) SI_UNIT ( .MILLI., .METRE. ) );
#6479 = VERTEX_POINT ( 'NONE', #5459 ) ;
#6480 = ORIENTED_EDGE ( 'NONE', *, *, #6706, .F. ) ;
#6481 = CARTESIAN_POINT ( 'NONE',  ( 52.58022456961536100, 1.665519646840401200E-014, -136.0000000000000600 ) ) ;
#6482 =( GEOMETRIC_REPRESENTATION_CONTEXT ( 3 ) GLOBAL_UNCERTAINTY_ASSIGNED_CONTEXT ( ( #2167 ) ) GLOBAL_UNIT_ASSIGNED_CONTEXT ( ( #3892, #1182, #6029 ) ) REPRESENTATION_CONTEXT ( 'NONE', 'WORKASPACE' ) );
#6483 = LINE ( 'NONE', #34, #5252 ) ;
#6484 =( LENGTH_UNIT ( ) NAMED_UNIT ( * ) SI_UNIT ( .MILLI., .METRE. ) );
#6485 = AXIS2_PLACEMENT_3D ( 'NONE', #3565, #2551, #1499 ) ;
#6486 = PRESENTATION_STYLE_ASSIGNMENT (( #5949 ) ) ;
#6487 = STYLED_ITEM ( 'NONE', ( #5940 ), #2635 ) ;
#6488 = LINE ( 'NONE', #166, #6830 ) ;
#6489 = SURFACE_STYLE_FILL_AREA ( #2234 ) ;
#6490 = CARTESIAN_POINT ( 'NONE',  ( 2074.954421756884600, -502.3764794820818300, 387.8501387341040100 ) ) ;
#6491 = COLOUR_RGB ( '',0.7921568627450980000, 0.8196078431372548800, 0.9333333333333333500 ) ;
#6492 = CARTESIAN_POINT ( 'NONE',  ( 3716.382674367796400, 198.5999999999998200, -397.1999999999996500 ) ) ;
#6493 = STYLED_ITEM ( 'NONE', ( #5243 ), #4741 ) ;
#6494 = DIRECTION ( 'NONE',  ( -1.000000000000000000, 0.0000000000000000000, 0.0000000000000000000 ) ) ;
#6495 = AXIS2_PLACEMENT_3D ( 'NONE', #2662, #4313, #4249 ) ;
#6496 = VECTOR ( 'NONE', #4620, 1000.000000000000000 ) ;
#6497 =( NAMED_UNIT ( * ) SI_UNIT ( $, .STERADIAN. ) SOLID_ANGLE_UNIT ( ) );
#6498 = DIRECTION ( 'NONE',  ( -0.0000000000000000000, -1.000000000000000000, -0.0000000000000000000 ) ) ;
#6499 = CIRCLE ( 'NONE', #3574, 57.15000000000002000 ) ;
#6500 = CARTESIAN_POINT ( 'NONE',  ( -1137.279999999999700, -228.9532722495596300, -3214.560000000000400 ) ) ;
#6501 = ORIENTED_EDGE ( 'NONE', *, *, #2150, .T. ) ;
#6502 =( GEOMETRIC_REPRESENTATION_CONTEXT ( 3 ) GLOBAL_UNCERTAINTY_ASSIGNED_CONTEXT ( ( #4007 ) ) GLOBAL_UNIT_ASSIGNED_CONTEXT ( ( #1047, #6284, #6807 ) ) REPRESENTATION_CONTEXT ( 'NONE', 'WORKASPACE' ) );
#6503 = CARTESIAN_POINT ( 'NONE',  ( 2910.576757592725700, 472.1915675289416200, 156.6587495643553600 ) ) ;
#6504 = DIRECTION ( 'NONE',  ( -0.0000000000000000000, -1.000000000000000000, -0.0000000000000000000 ) ) ;
#6505 = DIRECTION ( 'NONE',  ( -1.000000000000000000, 0.0000000000000000000, 2.478375930152841700E-017 ) ) ;
#6506 = VECTOR ( 'NONE', #6199, 1000.000000000000000 ) ;
#6507 = DIRECTION ( 'NONE',  ( 0.0000000000000000000, 1.000000000000000000, 0.0000000000000000000 ) ) ;
#6508 = SURFACE_STYLE_USAGE ( .BOTH. , #4913 ) ;
#6509 = ORIENTED_EDGE ( 'NONE', *, *, #4349, .F. ) ;
#6510 = ORIENTED_EDGE ( 'NONE', *, *, #4873, .F. ) ;
#6511 = SURFACE_STYLE_USAGE ( .BOTH. , #3322 ) ;
#6512 =( NAMED_UNIT ( * ) PLANE_ANGLE_UNIT ( ) SI_UNIT ( $, .RADIAN. ) );
#6513 =( LENGTH_UNIT ( ) NAMED_UNIT ( * ) SI_UNIT ( .MILLI., .METRE. ) );
#6514 = ORIENTED_EDGE ( 'NONE', *, *, #3998, .T. ) ;
#6515 = EDGE_CURVE ( 'NONE', #5626, #3986, #5612, .T. ) ;
#6516 =( LENGTH_UNIT ( ) NAMED_UNIT ( * ) SI_UNIT ( .MILLI., .METRE. ) );
#6517 = LINE ( 'NONE', #242, #3953 ) ;
#6518 = CARTESIAN_POINT ( 'NONE',  ( -772.9600000000002600, -1836.322537721261400, -3093.119999999999400 ) ) ;
#6519 = CYLINDRICAL_SURFACE ( 'NONE', #1965, 121.4400000000001000 ) ;
#6520 = DIRECTION ( 'NONE',  ( 1.000000000000000000, 0.0000000000000000000, -0.0000000000000000000 ) ) ;
#6521 = CARTESIAN_POINT ( 'NONE',  ( 653.8800000000000000, 0.0000000000000000000, -782.0000000000000000 ) ) ;
#6522 = EDGE_LOOP ( 'NONE', ( #2638, #2200, #41, #3454, #5537, #3588, #869, #6747 ) ) ;
#6523 =( NAMED_UNIT ( * ) PLANE_ANGLE_UNIT ( ) SI_UNIT ( $, .RADIAN. ) );
#6524 = COLOUR_RGB ( '',0.7921568627450980000, 0.8196078431372548800, 0.9333333333333333500 ) ;
#6525 = CIRCLE ( 'NONE', #6765, 121.4399999999997700 ) ;
#6526 = MECHANICAL_DESIGN_GEOMETRIC_PRESENTATION_REPRESENTATION (  '', ( #5558 ), #5599 ) ;
#6527 = DIRECTION ( 'NONE',  ( -3.656861082428052200E-015, -1.000000000000000000, 0.0000000000000000000 ) ) ;
#6528 = CARTESIAN_POINT ( 'NONE',  ( 2732.990995778191100, 472.6234050401815200, 155.3763638203945400 ) ) ;
#6529 = STYLED_ITEM ( 'NONE', ( #4463 ), #2126 ) ;
#6530 = ORIENTED_EDGE ( 'NONE', *, *, #5570, .F. ) ;
#6531 = PRESENTATION_STYLE_ASSIGNMENT (( #3130 ) ) ;
#6532 = CARTESIAN_POINT ( 'NONE',  ( 653.8800000000000000, 0.0000000000000000000, -497.5000000000000000 ) ) ;
#6533 = CARTESIAN_POINT ( 'NONE',  ( -354.3999999999999800, 0.0000000000000000000, -3.940617728943018800E-015 ) ) ;
#6534 = VECTOR ( 'NONE', #5210, 1000.000000000000000 ) ;
#6535 = UNCERTAINTY_MEASURE_WITH_UNIT (LENGTH_MEASURE( 1.000000000000000100E-005 ), #728, 'distance_accuracy_value', 'NONE');
#6536 =( GEOMETRIC_REPRESENTATION_CONTEXT ( 3 ) GLOBAL_UNCERTAINTY_ASSIGNED_CONTEXT ( ( #6298 ) ) GLOBAL_UNIT_ASSIGNED_CONTEXT ( ( #477, #3642, #4237 ) ) REPRESENTATION_CONTEXT ( 'NONE', 'WORKASPACE' ) );
#6537 = DIRECTION ( 'NONE',  ( 0.0000000000000000000, 0.0000000000000000000, -1.000000000000000000 ) ) ;
#6538 = VERTEX_POINT ( 'NONE', #3889 ) ;
#6539 = FILL_AREA_STYLE ('',( #1727 ) ) ;
#6540 = AXIS2_PLACEMENT_3D ( 'NONE', #6050, #3907, #2831 ) ;
#6541 = DIRECTION ( 'NONE',  ( 0.0000000000000000000, 0.0000000000000000000, -1.000000000000000000 ) ) ;
#6542 =( NAMED_UNIT ( * ) PLANE_ANGLE_UNIT ( ) SI_UNIT ( $, .RADIAN. ) );
#6543 = DIRECTION ( 'NONE',  ( 0.0000000000000000000, 0.0000000000000000000, 1.000000000000000000 ) ) ;
#6544 = FILL_AREA_STYLE ('',( #5531 ) ) ;
#6545 = AXIS2_PLACEMENT_3D ( 'NONE', #1541, #2537, #2577 ) ;
#6546 = CARTESIAN_POINT ( 'NONE',  ( 653.8800000000000000, 0.0000000000000000000, -497.5000000000000000 ) ) ;
#6547 = ORIENTED_EDGE ( 'NONE', *, *, #6515, .F. ) ;
#6548 = DIRECTION ( 'NONE',  ( 1.000000000000000000, -0.0000000000000000000, -0.0000000000000000000 ) ) ;
#6549 = LINE ( 'NONE', #5861, #3465 ) ;
#6550 = CARTESIAN_POINT ( 'NONE',  ( 1672.161342828090700, -194.9904751447261900, 0.0000000000000000000 ) ) ;
#6551 = UNCERTAINTY_MEASURE_WITH_UNIT (LENGTH_MEASURE( 1.000000000000000100E-005 ), #87, 'distance_accuracy_value', 'NONE');
#6552 = DIRECTION ( 'NONE',  ( 0.0000000000000000000, 0.0000000000000000000, -1.000000000000000000 ) ) ;
#6553 = CARTESIAN_POINT ( 'NONE',  ( -4096.888725589591600, 1377.000000000002500, -3674.129025145923600 ) ) ;
#6554 = CARTESIAN_POINT ( 'NONE',  ( 2645.855148134928600, 496.6647789120302700, -29.39194472838288500 ) ) ;
#6555 = CARTESIAN_POINT ( 'NONE',  ( 653.8800000000000000, 0.0000000000000000000, -497.5000000000000000 ) ) ;
#6556 = PRESENTATION_LAYER_ASSIGNMENT (  '', '', ( #3805 ) ) ;
#6557 =( LENGTH_UNIT ( ) NAMED_UNIT ( * ) SI_UNIT ( .MILLI., .METRE. ) );
#6558 = FILL_AREA_STYLE ('',( #4389 ) ) ;
#6559 = LINE ( 'NONE', #2908, #5833 ) ;
#6560 = EDGE_CURVE ( 'NONE', #2612, #5907, #5115, .T. ) ;
#6561 = CARTESIAN_POINT ( 'NONE',  ( 47.41465111042757700, -367.3934380223627200, 734.7868760447254300 ) ) ;
#6562 = DIRECTION ( 'NONE',  ( 1.000000000000000000, 0.0000000000000000000, -0.0000000000000000000 ) ) ;
#6563 = CARTESIAN_POINT ( 'NONE',  ( 1283.000000000000000, 1939.999999999999800, 496.0000000000000000 ) ) ;
#6564 = CARTESIAN_POINT ( 'NONE',  ( 917.9999999999998900, 1600.000000000000000, 0.0000000000000000000 ) ) ;
#6565 = CARTESIAN_POINT ( 'NONE',  ( -3976.355867566534900, 1148.046727750440600, -3414.146530856799900 ) ) ;
#6566 = FILL_AREA_STYLE_COLOUR ( '', #2353 ) ;
#6567 = CARTESIAN_POINT ( 'NONE',  ( 917.9999999999998900, 497.5000000000000000, -179.4700000000000000 ) ) ;
#6568 =( LENGTH_UNIT ( ) NAMED_UNIT ( * ) SI_UNIT ( .MILLI., .METRE. ) );
#6569 = CARTESIAN_POINT ( 'NONE',  ( -3976.355867566534900, 996.0000000000004500, -3414.146530856799900 ) ) ;
#6570 = EDGE_LOOP ( 'NONE', ( #2099, #4200, #1859, #3474 ) ) ;
#6571 = EDGE_CURVE ( 'NONE', #1426, #3610, #3440, .T. ) ;
#6572 = CARTESIAN_POINT ( 'NONE',  ( -894.3999999999999800, -86.67746227873708200, -3457.439999999999600 ) ) ;
#6573 = SURFACE_STYLE_FILL_AREA ( #4858 ) ;
#6574 = DIRECTION ( 'NONE',  ( -1.000000000000000000, 0.0000000000000000000, -0.0000000000000000000 ) ) ;
#6575 = CARTESIAN_POINT ( 'NONE',  ( 2648.282138875752500, 495.8050342896301600, 41.13421042428388600 ) ) ;
#6576 = AXIS2_PLACEMENT_3D ( 'NONE', #2030, #1016, #4209 ) ;
#6577 = CARTESIAN_POINT ( 'NONE',  ( 651.5382931446383700, 18.08481558348631400, -497.1760462905493200 ) ) ;
#6578 = FACE_OUTER_BOUND ( 'NONE', #5946, .T. ) ;
#6579 = ORIENTED_EDGE ( 'NONE', *, *, #2026, .F. ) ;
#6580 = AXIS2_PLACEMENT_3D ( 'NONE', #3225, #1033, #3210 ) ;
#6581 = CARTESIAN_POINT ( 'NONE',  ( 648.1000144760049600, -27.85160737513400900, -496.7209057173373600 ) ) ;
#6582 = FILL_AREA_STYLE ('',( #2330 ) ) ;
#6583 = FACE_OUTER_BOUND ( 'NONE', #6622, .T. ) ;
#6584 = CARTESIAN_POINT ( 'NONE',  ( 248.0000000000000900, 497.5000000000001700, 995.0000000000001100 ) ) ;
#6585 =( LENGTH_UNIT ( ) NAMED_UNIT ( * ) SI_UNIT ( .MILLI., .METRE. ) );
#6586 = VERTEX_POINT ( 'NONE', #4901 ) ;
#6587 = CARTESIAN_POINT ( 'NONE',  ( 2823.000000000000000, 1869.999999999999800, 0.0000000000000000000 ) ) ;
#6588 = PRESENTATION_LAYER_ASSIGNMENT (  '', '', ( #4244 ) ) ;
#6589 = CARTESIAN_POINT ( 'NONE',  ( -1015.840000000000100, -1694.046727750439000, -3578.879999999999700 ) ) ;
#6590 =( BOUNDED_SURFACE ( )  B_SPLINE_SURFACE ( 3, 3, ( 
 ( #3678, #2158, #5892, #2679 ),
 ( #3221, #2622, #3657, #512 ),
 ( #5291, #1574, #3188, #3169 ),
 ( #6916, #4247, #6883, #1049 ) ),
 .UNSPECIFIED., .F., .F., .F. ) 
 B_SPLINE_SURFACE_WITH_KNOTS ( ( 4, 4 ),
 ( 4, 4 ),
 ( 0.0000000000000000000, 1.000000000000000000 ),
 ( 0.0000000000000000000, 1.000000000000000000 ),
 .UNSPECIFIED. ) 
 GEOMETRIC_REPRESENTATION_ITEM ( )  RATIONAL_B_SPLINE_SURFACE ( (
 ( 1.000000000000000000, 0.3333333333333334300, 0.3333333333333334300, 1.000000000000000000),
 ( 0.8909464967160373200, 0.2969821655720125100, 0.2969821655720125100, 0.8909464967160373200),
 ( 0.8909464967160373200, 0.2969821655720125100, 0.2969821655720125100, 0.8909464967160373200),
 ( 1.000000000000000000, 0.3333333333333334300, 0.3333333333333334300, 1.000000000000000000) ) ) 
 REPRESENTATION_ITEM ( '' )  SURFACE ( )  );
#6591 = SURFACE_STYLE_FILL_AREA ( #2345 ) ;
#6592 = CARTESIAN_POINT ( 'NONE',  ( 248.0000000000000900, -497.5000000000003400, -994.9999999999997700 ) ) ;
#6593 =( NAMED_UNIT ( * ) SI_UNIT ( $, .STERADIAN. ) SOLID_ANGLE_UNIT ( ) );
#6594 = CARTESIAN_POINT ( 'NONE',  ( -894.3999999999999800, 0.0000000000000000000, -2955.000000000000000 ) ) ;
#6595 = SURFACE_SIDE_STYLE ('',( #2029 ) ) ;
#6596 = ORIENTED_EDGE ( 'NONE', *, *, #6515, .T. ) ;
#6597 = DIRECTION ( 'NONE',  ( -1.000000000000000000, 0.0000000000000000000, 0.0000000000000000000 ) ) ;
#6598 = DIRECTION ( 'NONE',  ( 0.0000000000000000000, -0.7071067811865493500, -0.7071067811865456900 ) ) ;
#6599 = LINE ( 'NONE', #4448, #2265 ) ;
#6600 = FACE_OUTER_BOUND ( 'NONE', #4731, .T. ) ;
#6601 = STYLED_ITEM ( 'NONE', ( #1863 ), #589 ) ;
#6602 = CARTESIAN_POINT ( 'NONE',  ( 917.9999999999998900, 2009.999999999999800, 0.0000000000000000000 ) ) ;
#6603 = CARTESIAN_POINT ( 'NONE',  ( 2670.622314431463600, 488.3709940874968000, -94.99682062107335400 ) ) ;
#6604 = ORIENTED_EDGE ( 'NONE', *, *, #6216, .T. ) ;
#6605 = EDGE_LOOP ( 'NONE', ( #4875, #3543, #4236, #4422 ) ) ;
#6606 = CARTESIAN_POINT ( 'NONE',  ( -894.3999999999999800, -381.0000000000000000, -2955.000000000000000 ) ) ;
#6607 = PRESENTATION_STYLE_ASSIGNMENT (( #3758 ) ) ;
#6608 = CARTESIAN_POINT ( 'NONE',  ( 917.9999999999998900, 2009.999999999999800, -144.4699999999998000 ) ) ;
#6609 = CARTESIAN_POINT ( 'NONE',  ( -3502.399999999999200, -2044.439999999999800, -3335.999999999999500 ) ) ;
#6610 = ORIENTED_EDGE ( 'NONE', *, *, #5495, .T. ) ;
#6611 = FILL_AREA_STYLE ('',( #1816 ) ) ;
#6612 = CARTESIAN_POINT ( 'NONE',  ( 3716.382674367796400, -198.5999999999998500, 2.432148543106642000E-014 ) ) ;
#6613 = AXIS2_PLACEMENT_3D ( 'NONE', #207, #1845, #783 ) ;
#6614 = CIRCLE ( 'NONE', #6160, 502.4400000000000000 ) ;
#6615 =( LENGTH_UNIT ( ) NAMED_UNIT ( * ) SI_UNIT ( .MILLI., .METRE. ) );
#6616 = CARTESIAN_POINT ( 'NONE',  ( -1275.399999999999600, -1801.559999999999900, -3335.999999999999500 ) ) ;
#6617 = EDGE_CURVE ( 'NONE', #946, #5527, #1354, .T. ) ;
#6618 = ORIENTED_EDGE ( 'NONE', *, *, #6571, .F. ) ;
#6619 = DIRECTION ( 'NONE',  ( 0.7654468673133622000, -0.0000000000000000000, 0.6434991012582380600 ) ) ;
#6620 =( LENGTH_UNIT ( ) NAMED_UNIT ( * ) SI_UNIT ( .MILLI., .METRE. ) );
#6621 = CARTESIAN_POINT ( 'NONE',  ( -513.4000000000000900, 1.487211072884545900E-014, -381.0000000000000000 ) ) ;
#6622 = EDGE_LOOP ( 'NONE', ( #6745, #2752, #3616, #674, #5383, #520, #4402, #6514 ) ) ;
#6623 = FILL_AREA_STYLE_COLOUR ( '', #1567 ) ;
#6624 =( GEOMETRIC_REPRESENTATION_CONTEXT ( 3 ) GLOBAL_UNCERTAINTY_ASSIGNED_CONTEXT ( ( #4151 ) ) GLOBAL_UNIT_ASSIGNED_CONTEXT ( ( #3705, #3166, #6350 ) ) REPRESENTATION_CONTEXT ( 'NONE', 'WORKASPACE' ) );
#6625 = EDGE_LOOP ( 'NONE', ( #5707, #6579 ) ) ;
#6626 = STYLED_ITEM ( 'NONE', ( #4771 ), #6371 ) ;
#6627 = CARTESIAN_POINT ( 'NONE',  ( 3188.000000000000000, 1940.000000000000200, 496.0000000000000000 ) ) ;
#6628 = CARTESIAN_POINT ( 'NONE',  ( 2644.248930760796200, 497.2410836064739200, -16.11706690907606500 ) ) ;
#6629 = PRESENTATION_LAYER_ASSIGNMENT (  '', '', ( #456 ) ) ;
#6630 = ORIENTED_EDGE ( 'NONE', *, *, #2748, .F. ) ;
#6631 = DIRECTION ( 'NONE',  ( -0.0000000000000000000, -1.000000000000000000, -0.0000000000000000000 ) ) ;
#6632 = ORIENTED_EDGE ( 'NONE', *, *, #2199, .F. ) ;
#6633 = FILL_AREA_STYLE_COLOUR ( '', #2749 ) ;
#6634 = CARTESIAN_POINT ( 'NONE',  ( 1672.203974350398300, 195.1834758921755200, -197.7831862630604600 ) ) ;
#6635 = ORIENTED_EDGE ( 'NONE', *, *, #4785, .T. ) ;
#6636 =( NAMED_UNIT ( * ) PLANE_ANGLE_UNIT ( ) SI_UNIT ( $, .RADIAN. ) );
#6637 = CARTESIAN_POINT ( 'NONE',  ( 3590.709194396763500, -497.5000000000000600, -994.9999999999995500 ) ) ;
#6638 = CARTESIAN_POINT ( 'NONE',  ( -981.0774622787375800, -2044.439999999998700, -3578.879999999999700 ) ) ;
#6639 = LINE ( 'NONE', #4623, #3645 ) ;
#6640 = SURFACE_STYLE_USAGE ( .BOTH. , #2389 ) ;
#6641 = ORIENTED_EDGE ( 'NONE', *, *, #2116, .T. ) ;
#6642 = CARTESIAN_POINT ( 'NONE',  ( -5529.110764723730400, 996.0000000000012500, -4719.523067705212300 ) ) ;
#6643 = MECHANICAL_DESIGN_GEOMETRIC_PRESENTATION_REPRESENTATION (  '', ( #2664 ), #1507 ) ;
#6644 = FILL_AREA_STYLE_COLOUR ( '', #2791 ) ;
#6645 = CARTESIAN_POINT ( 'NONE',  ( 1063.698947678606800, 486.3376400959692200, -104.8019566858400700 ) ) ;
#6646 = CARTESIAN_POINT ( 'NONE',  ( 2790.387358903300100, 465.1432134201616600, -176.4882929777781700 ) ) ;
#6647 = CARTESIAN_POINT ( 'NONE',  ( 521.3528188789647400, 30.98179502637496100, -496.5354622914244400 ) ) ;
#6648 = AXIS2_PLACEMENT_3D ( 'NONE', #4911, #1193, #2208 ) ;
#6649 = ORIENTED_EDGE ( 'NONE', *, *, #454, .F. ) ;
#6650 = CARTESIAN_POINT ( 'NONE',  ( -4004.839999999999700, -1541.999999999998900, -3093.119999999999400 ) ) ;
#6651 = EDGE_CURVE ( 'NONE', #6929, #6919, #5443, .T. ) ;
#6652 = CARTESIAN_POINT ( 'NONE',  ( 1959.135133646403800, 502.5726625040092600, -280.1759872413738300 ) ) ;
#6653 = VECTOR ( 'NONE', #6505, 1000.000000000000000 ) ;
#6654 = DIRECTION ( 'NONE',  ( 1.000000000000000000, -0.0000000000000000000, -0.0000000000000000000 ) ) ;
#6655 = CARTESIAN_POINT ( 'NONE',  ( 838.2594716986483300, 470.7757576644667700, 160.8877976145814200 ) ) ;
#6656 = SURFACE_STYLE_FILL_AREA ( #5404 ) ;
#6657 = COLOUR_RGB ( '',0.7921568627450980000, 0.8196078431372548800, 0.9333333333333333500 ) ;
#6658 = SURFACE_SIDE_STYLE ('',( #6902 ) ) ;
#6659 = ORIENTED_EDGE ( 'NONE', *, *, #6155, .F. ) ;
#6660 = SURFACE_STYLE_USAGE ( .BOTH. , #6595 ) ;
#6661 = AXIS2_PLACEMENT_3D ( 'NONE', #1516, #3697, #2316 ) ;
#6662 = EDGE_CURVE ( 'NONE', #3192, #2953, #2937, .T. ) ;
#6663 = SURFACE_SIDE_STYLE ('',( #3820 ) ) ;
#6664 = PRESENTATION_LAYER_ASSIGNMENT (  '', '', ( #3063 ) ) ;
#6665 = PRESENTATION_STYLE_ASSIGNMENT (( #6755 ) ) ;
#6666 = CARTESIAN_POINT ( 'NONE',  ( 917.9999999999998900, 497.5000000000000000, -63.50000000000000000 ) ) ;
#6667 = DIRECTION ( 'NONE',  ( 0.0000000000000000000, 0.0000000000000000000, -1.000000000000000000 ) ) ;
#6668 = FACE_OUTER_BOUND ( 'NONE', #244, .T. ) ;
#6669 = DIRECTION ( 'NONE',  ( 0.0000000000000000000, -1.000000000000000000, 0.0000000000000000000 ) ) ;
#6670 = FACE_OUTER_BOUND ( 'NONE', #3178, .T. ) ;
#6671 = UNCERTAINTY_MEASURE_WITH_UNIT (LENGTH_MEASURE( 1.000000000000000100E-005 ), #4924, 'distance_accuracy_value', 'NONE');
#6672 = STYLED_ITEM ( 'NONE', ( #2455 ), #6443 ) ;
#6673 = CARTESIAN_POINT ( 'NONE',  ( -3796.722537721262100, -2044.440000000000100, -3335.999999999999100 ) ) ;
#6674 = ORIENTED_EDGE ( 'NONE', *, *, #1976, .F. ) ;
#6675 = ADVANCED_BREP_SHAPE_REPRESENTATION ( '', ( #6255, #1385, #3347, #2625, #5425 ), #5214 ) ;
#6676 = CARTESIAN_POINT ( 'NONE',  ( 1672.161342828090900, -194.9904751447258200, -197.7927334244885700 ) ) ;
#6677 = COLOUR_RGB ( '',0.7921568627450980000, 0.8196078431372548800, 0.9333333333333333500 ) ;
#6678 = MECHANICAL_DESIGN_GEOMETRIC_PRESENTATION_REPRESENTATION (  '', ( #6808 ), #820 ) ;
#6679 = COLOUR_RGB ( '',0.7921568627450980000, 0.8196078431372548800, 0.9333333333333333500 ) ;
#6680 = DIRECTION ( 'NONE',  ( -1.000000000000000000, 0.0000000000000000000, 0.0000000000000000000 ) ) ;
#6681 = CARTESIAN_POINT ( 'NONE',  ( 917.9999999999998900, 464.0008287708115500, 179.4700000000000000 ) ) ;
#6682 = VERTEX_POINT ( 'NONE', #6546 ) ;
#6683 = ORIENTED_EDGE ( 'NONE', *, *, #3818, .F. ) ;
#6684 = CARTESIAN_POINT ( 'NONE',  ( 0.0000000000000000000, 0.0000000000000000000, -121.4400000000000100 ) ) ;
#6685 =( LENGTH_UNIT ( ) NAMED_UNIT ( * ) SI_UNIT ( .MILLI., .METRE. ) );
#6686 = CARTESIAN_POINT ( 'NONE',  ( -3790.444132433465300, 1290.322537721263000, -3257.853469143199200 ) ) ;
#6687 = COLOUR_RGB ( '',0.7921568627450980000, 0.8196078431372548800, 0.9333333333333333500 ) ;
#6688 = DIRECTION ( 'NONE',  ( -1.000000000000000000, 0.0000000000000000000, -0.0000000000000000000 ) ) ;
#6689 = UNCERTAINTY_MEASURE_WITH_UNIT (LENGTH_MEASURE( 1.000000000000000100E-005 ), #6212, 'distance_accuracy_value', 'NONE');
#6690 = DIRECTION ( 'NONE',  ( 0.0000000000000000000, 0.0000000000000000000, -1.000000000000000000 ) ) ;
#6691 = ORIENTED_EDGE ( 'NONE', *, *, #5827, .T. ) ;
#6692 = CARTESIAN_POINT ( 'NONE',  ( 230.5802245696153500, 0.0000000000000000000, 48.59000000000003200 ) ) ;
#6693 = CIRCLE ( 'NONE', #3372, 88.90000000000000600 ) ;
#6694 = MECHANICAL_DESIGN_GEOMETRIC_PRESENTATION_REPRESENTATION (  '', ( #2886 ), #478 ) ;
#6695 = DIRECTION ( 'NONE',  ( 1.000000000000000000, 0.0000000000000000000, -0.0000000000000000000 ) ) ;
#6696 = CARTESIAN_POINT ( 'NONE',  ( -894.3999999999999800, -1541.999999999999800, -3335.999999999999500 ) ) ;
#6697 = CARTESIAN_POINT ( 'NONE',  ( 2998.373809738892800, 496.0367379543374700, -38.23957476881754800 ) ) ;
#6698 = VERTEX_POINT ( 'NONE', #667 ) ;
#6699 = CARTESIAN_POINT ( 'NONE',  ( 579.4825122457217500, 69.77193273465661600, -492.5831695522991300 ) ) ;
#6700 = EDGE_CURVE ( 'NONE', #1153, #1872, #5948, .T. ) ;
#6701 = PRESENTATION_STYLE_ASSIGNMENT (( #668 ) ) ;
#6702 = FILL_AREA_STYLE_COLOUR ( '', #1768 ) ;
#6703 = CARTESIAN_POINT ( 'NONE',  ( 1912.401471733791100, -502.4321677444214600, -2.220446049250313100E-013 ) ) ;
#6704 = VERTEX_POINT ( 'NONE', #3928 ) ;
#6705 = COLOUR_RGB ( '',0.7921568627450980000, 0.8196078431372548800, 0.9333333333333333500 ) ;
#6706 = EDGE_CURVE ( 'NONE', #4134, #3213, #83, .T. ) ;
#6707 = ORIENTED_EDGE ( 'NONE', *, *, #2286, .T. ) ;
#6708 = CARTESIAN_POINT ( 'NONE',  ( 917.9999999999998900, 497.5000000000000000, -154.5000000000000300 ) ) ;
#6709 = CARTESIAN_POINT ( 'NONE',  ( 1924.579591586715400, -485.4999999999999400, 7.671968796909604500E-014 ) ) ;
#6710 =( GEOMETRIC_REPRESENTATION_CONTEXT ( 3 ) GLOBAL_UNCERTAINTY_ASSIGNED_CONTEXT ( ( #3933 ) ) GLOBAL_UNIT_ASSIGNED_CONTEXT ( ( #6827, #4170, #5755 ) ) REPRESENTATION_CONTEXT ( 'NONE', 'WORKASPACE' ) );
#6711 = VERTEX_POINT ( 'NONE', #3359 ) ;
#6712 = CARTESIAN_POINT ( 'NONE',  ( -3883.400000000000100, 996.0000000000004500, -3335.999999999999500 ) ) ;
#6713 = CARTESIAN_POINT ( 'NONE',  ( 1908.577679628630400, -497.3586457683633200, -11.85864576836317700 ) ) ;
#6714 = DIRECTION ( 'NONE',  ( 0.0000000000000000000, 0.0000000000000000000, -1.000000000000000000 ) ) ;
#6715 = AXIS2_PLACEMENT_3D ( 'NONE', #2933, #1275, #5555 ) ;
#6716 = ORIENTED_EDGE ( 'NONE', *, *, #1241, .F. ) ;
#6717 = ORIENTED_EDGE ( 'NONE', *, *, #3216, .T. ) ;
#6718 =( GEOMETRIC_REPRESENTATION_CONTEXT ( 3 ) GLOBAL_UNCERTAINTY_ASSIGNED_CONTEXT ( ( #263 ) ) GLOBAL_UNIT_ASSIGNED_CONTEXT ( ( #345, #3030, #1477 ) ) REPRESENTATION_CONTEXT ( 'NONE', 'WORKASPACE' ) );
#6719 = DIRECTION ( 'NONE',  ( -0.7654468673133620900, 0.0000000000000000000, -0.6434991012582381700 ) ) ;
#6720 = FACE_OUTER_BOUND ( 'NONE', #2969, .T. ) ;
#6721 = CARTESIAN_POINT ( 'NONE',  ( 2876.790679959480700, 467.1062290305254700, -171.2256768244190500 ) ) ;
#6722 = CARTESIAN_POINT ( 'NONE',  ( 514.5770142104819300, 8.062031143437218700, -497.4359996680089500 ) ) ;
#6723 = ORIENTED_EDGE ( 'NONE', *, *, #5088, .F. ) ;
#6724 = FILL_AREA_STYLE_COLOUR ( '', #1517 ) ;
#6725 = AXIS2_PLACEMENT_3D ( 'NONE', #406, #2084, #3061 ) ;
#6726 = DIRECTION ( 'NONE',  ( 0.0000000000000000000, 0.0000000000000000000, -1.000000000000000000 ) ) ;
#6727 = DIRECTION ( 'NONE',  ( 0.0000000000000000000, 1.000000000000000000, 0.0000000000000000000 ) ) ;
#6728 = CARTESIAN_POINT ( 'NONE',  ( 2823.000000000000000, 497.5000000000000000, -63.50000000000000000 ) ) ;
#6729 = DIRECTION ( 'NONE',  ( 0.0000000000000000000, 0.0000000000000000000, -1.000000000000000000 ) ) ;
#6730 = FILL_AREA_STYLE ('',( #2494 ) ) ;
#6731 = AXIS2_PLACEMENT_3D ( 'NONE', #358, #6319, #1646 ) ;
#6732 = CARTESIAN_POINT ( 'NONE',  ( 917.9999999999998900, 410.0008287708115500, 0.0000000000000000000 ) ) ;
#6733 = CARTESIAN_POINT ( 'NONE',  ( 897.1755076834844000, 464.4584628533498900, -178.2826045600596100 ) ) ;
#6734 = COLOUR_RGB ( '',0.7921568627450980000, 0.8196078431372548800, 0.9333333333333333500 ) ;
#6735 = CARTESIAN_POINT ( 'NONE',  ( 1077.527975025198400, 490.6569385499801100, 82.27306894332686200 ) ) ;
#6736 =( LENGTH_UNIT ( ) NAMED_UNIT ( * ) SI_UNIT ( .MILLI., .METRE. ) );
#6737 = CARTESIAN_POINT ( 'NONE',  ( 2953.982493890572200, 482.1177632247674900, -122.8278688931352000 ) ) ;
#6738 = CARTESIAN_POINT ( 'NONE',  ( 612.8854536661587000, 63.67118455125238100, -493.4095697379849500 ) ) ;
#6739 = ORIENTED_EDGE ( 'NONE', *, *, #3286, .T. ) ;
#6740 = AXIS2_PLACEMENT_3D ( 'NONE', #1376, #5132, #5105 ) ;
#6741 = PRESENTATION_STYLE_ASSIGNMENT (( #1114 ) ) ;
#6742 = EDGE_CURVE ( 'NONE', #3192, #5860, #4534, .T. ) ;
#6743 = CARTESIAN_POINT ( 'NONE',  ( -4175.035256446391900, 1377.000000000002500, -3581.173157579389200 ) ) ;
#6744 = DIRECTION ( 'NONE',  ( 1.000000000000000000, 0.0000000000000000000, -0.0000000000000000000 ) ) ;
#6745 = ORIENTED_EDGE ( 'NONE', *, *, #2928, .T. ) ;
#6746 = PRESENTATION_STYLE_ASSIGNMENT (( #5826 ) ) ;
#6747 = ORIENTED_EDGE ( 'NONE', *, *, #4253, .F. ) ;
#6748 = UNCERTAINTY_MEASURE_WITH_UNIT (LENGTH_MEASURE( 1.000000000000000100E-005 ), #4261, 'distance_accuracy_value', 'NONE');
#6749 = DIRECTION ( 'NONE',  ( 1.000000000000000000, -0.0000000000000000000, -0.0000000000000000000 ) ) ;
#6750 = CARTESIAN_POINT ( 'NONE',  ( 748.1370694952285000, 494.1128941670860400, 58.23155995817971600 ) ) ;
#6751 = DIRECTION ( 'NONE',  ( -0.0000000000000000000, -1.000000000000000000, -0.0000000000000000000 ) ) ;
#6752 = DIRECTION ( 'NONE',  ( -1.000000000000000000, 0.0000000000000000000, -8.955949383961378300E-016 ) ) ;
#6753 = FACE_OUTER_BOUND ( 'NONE', #2553, .T. ) ;
#6754 = VERTEX_POINT ( 'NONE', #4416 ) ;
#6755 = SURFACE_STYLE_USAGE ( .BOTH. , #4594 ) ;
#6756 =( GEOMETRIC_REPRESENTATION_CONTEXT ( 3 ) GLOBAL_UNCERTAINTY_ASSIGNED_CONTEXT ( ( #2870 ) ) GLOBAL_UNIT_ASSIGNED_CONTEXT ( ( #6615, #5548, #1266 ) ) REPRESENTATION_CONTEXT ( 'NONE', 'WORKASPACE' ) );
#6757 = CARTESIAN_POINT ( 'NONE',  ( 52.58022456961536100, 0.0000000000000000000, 0.0000000000000000000 ) ) ;
#6758 = PRESENTATION_LAYER_ASSIGNMENT (  '', '', ( #6057 ) ) ;
#6759 = CARTESIAN_POINT ( 'NONE',  ( 1082.562823959177000, 492.3183636493638500, 71.62919225059113200 ) ) ;
#6760 = CARTESIAN_POINT ( 'NONE',  ( 3038.000000000000000, 1940.000000000000200, 496.0000000000000000 ) ) ;
#6761 = ORIENTED_EDGE ( 'NONE', *, *, #6560, .F. ) ;
#6762 = CARTESIAN_POINT ( 'NONE',  ( 2971.227531615566500, 487.1011811186645600, -101.1941057180370600 ) ) ;
#6763 =( GEOMETRIC_REPRESENTATION_CONTEXT ( 3 ) GLOBAL_UNCERTAINTY_ASSIGNED_CONTEXT ( ( #724 ) ) GLOBAL_UNIT_ASSIGNED_CONTEXT ( ( #2862, #196, #1328 ) ) REPRESENTATION_CONTEXT ( 'NONE', 'WORKASPACE' ) );
#6764 = DIRECTION ( 'NONE',  ( -1.000000000000000000, 0.0000000000000000000, -0.0000000000000000000 ) ) ;
#6765 = AXIS2_PLACEMENT_3D ( 'NONE', #2314, #2795, #2848 ) ;
#6766 =( NAMED_UNIT ( * ) PLANE_ANGLE_UNIT ( ) SI_UNIT ( $, .RADIAN. ) );
#6767 = ORIENTED_EDGE ( 'NONE', *, *, #938, .F. ) ;
#6768 = EDGE_CURVE ( 'NONE', #6223, #1295, #2279, .T. ) ;
#6769 = SURFACE_STYLE_FILL_AREA ( #3819 ) ;
#6770 = DIRECTION ( 'NONE',  ( 0.0000000000000000000, 0.0000000000000000000, 1.000000000000000000 ) ) ;
#6771 = PRESENTATION_LAYER_ASSIGNMENT (  '', '', ( #6071 ) ) ;
#6772 = DIRECTION ( 'NONE',  ( -0.0000000000000000000, 1.000000000000000000, -0.0000000000000000000 ) ) ;
#6773 = CARTESIAN_POINT ( 'NONE',  ( 754.6292437478589400, 491.9169498119370600, 74.52229414916412500 ) ) ;
#6774 = ORIENTED_EDGE ( 'NONE', *, *, #4743, .T. ) ;
#6775 = CARTESIAN_POINT ( 'NONE',  ( -1275.399999999999600, -1923.000000000000000, -3335.999999999999500 ) ) ;
#6776 = CIRCLE ( 'NONE', #223, 121.4400000000001000 ) ;
#6777 = PRESENTATION_STYLE_ASSIGNMENT (( #5596 ) ) ;
#6778 = CIRCLE ( 'NONE', #3416, 816.0000000000001100 ) ;
#6779 = DIRECTION ( 'NONE',  ( -1.000000000000000000, 0.0000000000000000000, 0.0000000000000000000 ) ) ;
#6780 = CARTESIAN_POINT ( 'NONE',  ( 1924.579591586715400, -485.4999999999999400, 7.671968796909604500E-014 ) ) ;
#6781 = CARTESIAN_POINT ( 'NONE',  ( 789.0135921606449800, 481.5914408634000700, -124.8217701821480000 ) ) ;
#6782 = ORIENTED_EDGE ( 'NONE', *, *, #754, .F. ) ;
#6783 =( GEOMETRIC_REPRESENTATION_CONTEXT ( 3 ) GLOBAL_UNCERTAINTY_ASSIGNED_CONTEXT ( ( #3139 ) ) GLOBAL_UNIT_ASSIGNED_CONTEXT ( ( #629, #5416, #5471 ) ) REPRESENTATION_CONTEXT ( 'NONE', 'WORKASPACE' ) );
#6784 = CARTESIAN_POINT ( 'NONE',  ( 627.9999999999998900, 1939.999999999999800, -117.5000000000000400 ) ) ;
#6785 = CARTESIAN_POINT ( 'NONE',  ( 946.2030134465017000, 464.8548297450786300, 177.2464209927622400 ) ) ;
#6786 = DIRECTION ( 'NONE',  ( 1.000000000000000000, -0.0000000000000000000, -0.0000000000000000000 ) ) ;
#6787 = CARTESIAN_POINT ( 'NONE',  ( -772.9599999999999200, -1541.999999999999800, -3335.999999999999500 ) ) ;
#6788 = EDGE_CURVE ( 'NONE', #4251, #1153, #2604, .T. ) ;
#6789 = ORIENTED_EDGE ( 'NONE', *, *, #3493, .F. ) ;
#6790 = CARTESIAN_POINT ( 'NONE',  ( -651.5199999999999800, 121.4400000000007100, -3249.322537721262100 ) ) ;
#6791 =( LENGTH_UNIT ( ) NAMED_UNIT ( * ) SI_UNIT ( .MILLI., .METRE. ) );
#6792 =( NAMED_UNIT ( * ) PLANE_ANGLE_UNIT ( ) SI_UNIT ( $, .RADIAN. ) );
#6793 = CYLINDRICAL_SURFACE ( 'NONE', #5759, 63.50000000000000000 ) ;
#6794 = CARTESIAN_POINT ( 'NONE',  ( 526.5217948098668300, -39.75892782254350500, -495.9096526398026900 ) ) ;
#6795 = EDGE_CURVE ( 'NONE', #3297, #3945, #762, .T. ) ;
#6796 = ORIENTED_EDGE ( 'NONE', *, *, #6344, .F. ) ;
#6797 = AXIS2_PLACEMENT_3D ( 'NONE', #3654, #5805, #443 ) ;
#6798 = UNCERTAINTY_MEASURE_WITH_UNIT (LENGTH_MEASURE( 1.000000000000000100E-005 ), #2607, 'distance_accuracy_value', 'NONE');
#6799 = CARTESIAN_POINT ( 'NONE',  ( 514.1199999999998900, 8.557831832441710000E-015, -782.0000000000000000 ) ) ;
#6800 = CARTESIAN_POINT ( 'NONE',  ( -3883.400000000000100, -1541.999999999999300, -3335.999999999999500 ) ) ;
#6801 = AXIS2_PLACEMENT_3D ( 'NONE', #6266, #1544, #992 ) ;
#6802 = ORIENTED_EDGE ( 'NONE', *, *, #2422, .T. ) ;
#6803 = PRESENTATION_LAYER_ASSIGNMENT (  '', '', ( #4760 ) ) ;
#6804 = CARTESIAN_POINT ( 'NONE',  ( 1009.405581330286100, 472.9167276233657700, 154.4559907381754700 ) ) ;
#6805 = CARTESIAN_POINT ( 'NONE',  ( -772.9600000000001500, 242.8800000000000500, -381.0000000000000600 ) ) ;
#6806 = FILL_AREA_STYLE ('',( #3088 ) ) ;
#6807 =( NAMED_UNIT ( * ) SI_UNIT ( $, .STERADIAN. ) SOLID_ANGLE_UNIT ( ) );
#6808 = STYLED_ITEM ( 'NONE', ( #4691 ), #2625 ) ;
#6809 =( NAMED_UNIT ( * ) PLANE_ANGLE_UNIT ( ) SI_UNIT ( $, .RADIAN. ) );
#6810 = ORIENTED_EDGE ( 'NONE', *, *, #4393, .F. ) ;
#6811 = FILL_AREA_STYLE ('',( #4133 ) ) ;
#6812 = SURFACE_STYLE_USAGE ( .BOTH. , #4659 ) ;
#6813 = CARTESIAN_POINT ( 'NONE',  ( -894.3999999999999800, 121.4400000000007400, -3249.322537721262100 ) ) ;
#6814 = ORIENTED_EDGE ( 'NONE', *, *, #1027, .F. ) ;
#6815 = ORIENTED_EDGE ( 'NONE', *, *, #4969, .F. ) ;
#6816 = CARTESIAN_POINT ( 'NONE',  ( 614.8983703753089000, -62.68839172846905700, -493.5348641972334500 ) ) ;
#6817 = UNCERTAINTY_MEASURE_WITH_UNIT (LENGTH_MEASURE( 1.000000000000000100E-005 ), #1137, 'distance_accuracy_value', 'NONE');
#6818 = CIRCLE ( 'NONE', #4983, 154.5000000000000300 ) ;
#6819 =( GEOMETRIC_REPRESENTATION_CONTEXT ( 3 ) GLOBAL_UNCERTAINTY_ASSIGNED_CONTEXT ( ( #6551 ) ) GLOBAL_UNIT_ASSIGNED_CONTEXT ( ( #87, #3344, #1721 ) ) REPRESENTATION_CONTEXT ( 'NONE', 'WORKASPACE' ) );
#6820 = CARTESIAN_POINT ( 'NONE',  ( 484.5802245696154400, 0.0000000000000000000, -48.59000000000003200 ) ) ;
#6821 = EDGE_CURVE ( 'NONE', #6269, #6586, #2117, .T. ) ;
#6822 = FACE_OUTER_BOUND ( 'NONE', #1719, .T. ) ;
#6823 = DIRECTION ( 'NONE',  ( -1.000000000000000000, 0.0000000000000000000, 0.0000000000000000000 ) ) ;
#6824 = DIRECTION ( 'NONE',  ( 1.000000000000000000, -0.0000000000000000000, -0.0000000000000000000 ) ) ;
#6825 = CARTESIAN_POINT ( 'NONE',  ( -665.4467277504393200, 1.487211072884545900E-014, -121.4399999999999600 ) ) ;
#6826 = CARTESIAN_POINT ( 'NONE',  ( 1934.000000000000500, -497.3586457683634300, -11.85864576836326600 ) ) ;
#6827 =( LENGTH_UNIT ( ) NAMED_UNIT ( * ) SI_UNIT ( .MILLI., .METRE. ) );
#6828 = CARTESIAN_POINT ( 'NONE',  ( 2823.000000000000000, 497.5000000000000000, 0.0000000000000000000 ) ) ;
#6829 = PRESENTATION_LAYER_ASSIGNMENT (  '', '', ( #4699 ) ) ;
#6830 = VECTOR ( 'NONE', #3931, 1000.000000000000000 ) ;
#6831 = ORIENTED_EDGE ( 'NONE', *, *, #1709, .F. ) ;
#6832 = UNCERTAINTY_MEASURE_WITH_UNIT (LENGTH_MEASURE( 1.000000000000000100E-005 ), #804, 'distance_accuracy_value', 'NONE');
#6833 = SURFACE_SIDE_STYLE ('',( #3097 ) ) ;
#6834 = SURFACE_STYLE_FILL_AREA ( #5566 ) ;
#6835 = EDGE_CURVE ( 'NONE', #2364, #3950, #3525, .T. ) ;
#6836 = CARTESIAN_POINT ( 'NONE',  ( 917.9999999999998900, 424.0008287708115500, 0.0000000000000000000 ) ) ;
#6837 =( NAMED_UNIT ( * ) PLANE_ANGLE_UNIT ( ) SI_UNIT ( $, .RADIAN. ) );
#6838 = ORIENTED_EDGE ( 'NONE', *, *, #5993, .F. ) ;
#6839 = CARTESIAN_POINT ( 'NONE',  ( 606.4711875218311000, -66.32682073440446400, -493.0619842263321300 ) ) ;
#6840 = CARTESIAN_POINT ( 'NONE',  ( 0.0000000000000000000, -497.3586457683634900, -11.85864576836340100 ) ) ;
#6841 = SURFACE_STYLE_FILL_AREA ( #6544 ) ;
#6842 = COLOUR_RGB ( '',0.7921568627450980000, 0.8196078431372548800, 0.9333333333333333500 ) ;
#6843 =( LENGTH_UNIT ( ) NAMED_UNIT ( * ) SI_UNIT ( .MILLI., .METRE. ) );
#6844 =( GEOMETRIC_REPRESENTATION_CONTEXT ( 3 ) GLOBAL_UNCERTAINTY_ASSIGNED_CONTEXT ( ( #2244 ) ) GLOBAL_UNIT_ASSIGNED_CONTEXT ( ( #3529, #337, #290 ) ) REPRESENTATION_CONTEXT ( 'NONE', 'WORKASPACE' ) );
#6845 = ORIENTED_EDGE ( 'NONE', *, *, #5784, .T. ) ;
#6846 = ORIENTED_EDGE ( 'NONE', *, *, #2847, .F. ) ;
#6847 = CARTESIAN_POINT ( 'NONE',  ( 230.5802245696153500, 6.998856457127125700E-015, 57.15000000000000600 ) ) ;
#6848 = AXIS2_PLACEMENT_3D ( 'NONE', #5458, #1677, #2730 ) ;
#6849 = ADVANCED_FACE ( 'NONE', ( #332 ), #1699, .T. ) ;
#6850 =( LENGTH_UNIT ( ) NAMED_UNIT ( * ) SI_UNIT ( .MILLI., .METRE. ) );
#6851 = CARTESIAN_POINT ( 'NONE',  ( -5279.861835443592100, 1148.046727750442000, -4827.288271981480600 ) ) ;
#6852 = SURFACE_SIDE_STYLE ('',( #4275 ) ) ;
#6853 = CARTESIAN_POINT ( 'NONE',  ( 2738.944477278407200, 1869.999999999999800, -117.4999999999986600 ) ) ;
#6854 = PRESENTATION_LAYER_ASSIGNMENT (  '', '', ( #773 ) ) ;
#6855 = ORIENTED_EDGE ( 'NONE', *, *, #4227, .F. ) ;
#6856 =( LENGTH_UNIT ( ) NAMED_UNIT ( * ) SI_UNIT ( .MILLI., .METRE. ) );
#6857 = SURFACE_STYLE_FILL_AREA ( #2905 ) ;
#6858 = PRESENTATION_STYLE_ASSIGNMENT (( #80 ) ) ;
#6859 =( GEOMETRIC_REPRESENTATION_CONTEXT ( 3 ) GLOBAL_UNCERTAINTY_ASSIGNED_CONTEXT ( ( #30 ) ) GLOBAL_UNIT_ASSIGNED_CONTEXT ( ( #115, #6017, #3948 ) ) REPRESENTATION_CONTEXT ( 'NONE', 'WORKASPACE' ) );
#6860 = CIRCLE ( 'NONE', #2045, 88.90000000000000600 ) ;
#6861 = DIRECTION ( 'NONE',  ( 0.0000000000000000000, 1.000000000000000000, 0.0000000000000000000 ) ) ;
#6862 = LINE ( 'NONE', #3573, #2375 ) ;
#6863 = ADVANCED_FACE ( 'NONE', ( #1775 ), #1289, .F. ) ;
#6864 = EDGE_CURVE ( 'NONE', #2445, #5392, #6525, .T. ) ;
#6865 = CARTESIAN_POINT ( 'NONE',  ( 2823.000000000000000, 1940.000000000000200, 144.4699999999997700 ) ) ;
#6866 = CARTESIAN_POINT ( 'NONE',  ( 2823.000000000000000, 424.0008287708115500, 164.4999999999999400 ) ) ;
#6867 = ORIENTED_EDGE ( 'NONE', *, *, #531, .F. ) ;
#6868 = APPLICATION_CONTEXT ( 'automotive_design' ) ;
#6869 = PRESENTATION_STYLE_ASSIGNMENT (( #6408 ) ) ;
#6870 = FACE_OUTER_BOUND ( 'NONE', #5583, .T. ) ;
#6871 = AXIS2_PLACEMENT_3D ( 'NONE', #1345, #1373, #1417 ) ;
#6872 = ADVANCED_FACE ( 'NONE', ( #5201 ), #703, .F. ) ;
#6873 = CARTESIAN_POINT ( 'NONE',  ( -5529.110764723730400, 996.0000000000012500, -4719.523067705212300 ) ) ;
#6874 = ORIENTED_EDGE ( 'NONE', *, *, #1737, .F. ) ;
#6875 = CIRCLE ( 'NONE', #3191, 75.00000000000017100 ) ;
#6876 = FACE_OUTER_BOUND ( 'NONE', #2271, .T. ) ;
#6877 = DIRECTION ( 'NONE',  ( 0.0000000000000000000, 0.0000000000000000000, 1.000000000000000000 ) ) ;
#6878 = AXIS2_PLACEMENT_3D ( 'NONE', #2464, #1401, #5091 ) ;
#6879 = SURFACE_STYLE_USAGE ( .BOTH. , #6852 ) ;
#6880 = DIRECTION ( 'NONE',  ( -1.000000000000000000, 0.0000000000000000000, 1.224646799147353200E-016 ) ) ;
#6881 = EDGE_CURVE ( 'NONE', #1604, #1458, #2762, .T. ) ;
#6882 = VERTEX_POINT ( 'NONE', #747 ) ;
#6883 = CARTESIAN_POINT ( 'NONE',  ( 3488.999999999999500, -497.4999999999998900, 995.0000000000001100 ) ) ;
#6884 = ORIENTED_EDGE ( 'NONE', *, *, #1737, .T. ) ;
#6885 = LINE ( 'NONE', #5723, #1560 ) ;
#6886 = VERTEX_POINT ( 'NONE', #6040 ) ;
#6887 = MECHANICAL_DESIGN_GEOMETRIC_PRESENTATION_REPRESENTATION (  '', ( #4977 ), #6055 ) ;
#6888 = CARTESIAN_POINT ( 'NONE',  ( 1755.981347946323700, 197.0424432531547400, 388.4224664833803900 ) ) ;
#6889 = ADVANCED_FACE ( 'NONE', ( #93 ), #5751, .T. ) ;
#6890 = DIRECTION ( 'NONE',  ( 0.0000000000000000000, 0.0000000000000000000, -1.000000000000000000 ) ) ;
#6891 = AXIS2_PLACEMENT_3D ( 'NONE', #5975, #5454, #661 ) ;
#6892 = MECHANICAL_DESIGN_GEOMETRIC_PRESENTATION_REPRESENTATION (  '', ( #1168 ), #5125 ) ;
#6893 = CARTESIAN_POINT ( 'NONE',  ( -5237.475508277338100, 996.0000000000002300, -4474.349910125824000 ) ) ;
#6894 = CARTESIAN_POINT ( 'NONE',  ( 1908.577679628630700, 0.0000000000000000000, 0.0000000000000000000 ) ) ;
#6895 =( NAMED_UNIT ( * ) PLANE_ANGLE_UNIT ( ) SI_UNIT ( $, .RADIAN. ) );
#6896 = CARTESIAN_POINT ( 'NONE',  ( 1208.000000000000000, 1939.999999999999800, 496.0000000000000000 ) ) ;
#6897 = ADVANCED_FACE ( 'NONE', ( #2617 ), #3961, .F. ) ;
#6898 = DIRECTION ( 'NONE',  ( 0.0000000000000000000, 0.0000000000000000000, -1.000000000000000000 ) ) ;
#6899 = PRESENTATION_STYLE_ASSIGNMENT (( #5354 ) ) ;
#6900 =( GEOMETRIC_REPRESENTATION_CONTEXT ( 3 ) GLOBAL_UNCERTAINTY_ASSIGNED_CONTEXT ( ( #5957 ) ) GLOBAL_UNIT_ASSIGNED_CONTEXT ( ( #1035, #5878, #519 ) ) REPRESENTATION_CONTEXT ( 'NONE', 'WORKASPACE' ) );
#6901 = DIRECTION ( 'NONE',  ( 0.0000000000000000000, 0.0000000000000000000, -1.000000000000000000 ) ) ;
#6902 = SURFACE_STYLE_FILL_AREA ( #2856 ) ;
#6903 =( NAMED_UNIT ( * ) PLANE_ANGLE_UNIT ( ) SI_UNIT ( $, .RADIAN. ) );
#6904 = CIRCLE ( 'NONE', #6257, 497.5000000000000000 ) ;
#6905 = CARTESIAN_POINT ( 'NONE',  ( 917.9999999999998900, 1940.000000000000200, 0.0000000000000000000 ) ) ;
#6906 = PRESENTATION_STYLE_ASSIGNMENT (( #590 ) ) ;
#6907 = ORIENTED_EDGE ( 'NONE', *, *, #4302, .F. ) ;
#6908 = MECHANICAL_DESIGN_GEOMETRIC_PRESENTATION_REPRESENTATION (  '', ( #5725 ), #3214 ) ;
#6909 = DIRECTION ( 'NONE',  ( -1.681763419644012600E-016, -1.000000000000000000, 1.156314567817962800E-015 ) ) ;
#6910 = EDGE_CURVE ( 'NONE', #2303, #6039, #6778, .T. ) ;
#6911 =( NAMED_UNIT ( * ) PLANE_ANGLE_UNIT ( ) SI_UNIT ( $, .RADIAN. ) );
#6912 = DIRECTION ( 'NONE',  ( 0.0000000000000000000, 0.0000000000000000000, 1.000000000000000000 ) ) ;
#6913 = ORIENTED_EDGE ( 'NONE', *, *, #2966, .T. ) ;
#6914 = CARTESIAN_POINT ( 'NONE',  ( 654.9258240356728000, 1869.999999999999800, -117.5000000000000400 ) ) ;
#6915 = COLOUR_RGB ( '',0.7921568627450980000, 0.8196078431372548800, 0.9333333333333333500 ) ;
#6916 = CARTESIAN_POINT ( 'NONE',  ( 3489.000000000000000, 497.5000000000000000, 0.0000000000000000000 ) ) ;
#6917 = VECTOR ( 'NONE', #4191, 1000.000000000000000 ) ;
#6918 = ADVANCED_FACE ( 'NONE', ( #5539 ), #3477, .T. ) ;
#6919 = VERTEX_POINT ( 'NONE', #1479 ) ;
#6920 = VERTEX_POINT ( 'NONE', #425 ) ;
#6921 = CARTESIAN_POINT ( 'NONE',  ( 1934.000000000000200, 497.4999999999997200, 0.0000000000000000000 ) ) ;
#6922 = EDGE_CURVE ( 'NONE', #3809, #3281, #847, .T. ) ;
#6923 = CYLINDRICAL_SURFACE ( 'NONE', #2770, 144.4699999999999400 ) ;
#6924 = AXIS2_PLACEMENT_3D ( 'NONE', #1714, #5987, #4352 ) ;
#6925 = UNCERTAINTY_MEASURE_WITH_UNIT (LENGTH_MEASURE( 1.000000000000000100E-005 ), #3883, 'distance_accuracy_value', 'NONE');
#6926 = EDGE_LOOP ( 'NONE', ( #5777, #4581 ) ) ;
#6927 = ADVANCED_FACE ( 'NONE', ( #4374 ), #1015, .T. ) ;
#6928 = AXIS2_PLACEMENT_3D ( 'NONE', #4033, #270, #813 ) ;
#6929 = VERTEX_POINT ( 'NONE', #5168 ) ;
#6930 = NEXT_ASSEMBLY_USAGE_OCCURRENCE ( 'NAUO1', ' ', ' ', #1732, #3168, $ ) ;
ENDSEC;
END-ISO-10303-21;
