ISO-10303-21;
HEADER;
FILE_DESCRIPTION (( 'STEP AP214' ),
    '1' );
FILE_NAME ('big_spring_fluid.STEP',
    '2025-10-09T02:51:20',
    ( '' ),
    ( '' ),
    'SwSTEP 2.0',
    'SolidWorks 2015',
    '' );
FILE_SCHEMA (( 'AUTOMOTIVE_DESIGN' ));
ENDSEC;

DATA;
#1 = CARTESIAN_POINT ( 'NONE',  ( 2053.097807818861800, 9.922372435306478200, -424.5015580418834700 ) ) ;
#2 = CARTESIAN_POINT ( 'NONE',  ( 1105.850453990153900, 396.4971611974475500, -381.0004166280697900 ) ) ;
#3 = CARTESIAN_POINT ( 'NONE',  ( 3036.941397261658900, -137.5350240503095700, 177.3312653412857600 ) ) ;
#4 = CARTESIAN_POINT ( 'NONE',  ( 1164.212229570133600, -11.35731670629401800, 299.7476535779490500 ) ) ;
#5 = CARTESIAN_POINT ( 'NONE',  ( 2287.509112372107700, 223.7634133696939800, -400.2781980146884800 ) ) ;
#6 = CARTESIAN_POINT ( 'NONE',  ( 13.46760736763797800, -509.6219108540258300, 206.5349341212784400 ) ) ;
#7 = CARTESIAN_POINT ( 'NONE',  ( 2430.655139814063700, 547.6317727303818400, -49.70623499605041900 ) ) ;
#8 = CARTESIAN_POINT ( 'NONE',  ( 2508.052972886947800, 663.2176663937283400, 246.6031456874874000 ) ) ;
#9 = FACE_OUTER_BOUND ( 'NONE', #3037, .T. ) ;
#10 = CARTESIAN_POINT ( 'NONE',  ( 1472.042880002304200, -367.1086947326762100, -213.3807939582962400 ) ) ;
#11 = CARTESIAN_POINT ( 'NONE',  ( 844.5038610431134900, -421.3630392499083500, 52.47210360708145100 ) ) ;
#12 = CARTESIAN_POINT ( 'NONE',  ( 1663.662966524490500, 479.6917623978397400, 268.8255277902046000 ) ) ;
#13 = CARTESIAN_POINT ( 'NONE',  ( 3049.592103429233200, 191.9148509170357200, -65.30447644383676200 ) ) ;
#14 = CARTESIAN_POINT ( 'NONE',  ( 722.6105035667618500, 227.3411821292322400, -195.6873196444075800 ) ) ;
#15 = CARTESIAN_POINT ( 'NONE',  ( 2424.972829328015500, 73.08442305010659400, 418.2806104678707000 ) ) ;
#16 = CARTESIAN_POINT ( 'NONE',  ( 2593.350246891878200, 10.95629946909593900, -549.7710825985312800 ) ) ;
#17 = CARTESIAN_POINT ( 'NONE',  ( -15.45675980767026800, -109.4079797478691500, -410.1956625905695500 ) ) ;
#18 = CARTESIAN_POINT ( 'NONE',  ( 59.76598577910436200, 178.9586655841055500, -41.19734836209234900 ) ) ;
#19 = CARTESIAN_POINT ( 'NONE',  ( 340.8476245674322600, -427.8474136778342000, 395.6692807179394400 ) ) ;
#20 = ORIENTED_EDGE ( 'NONE', *, *, #1997, .T. ) ;
#21 = CARTESIAN_POINT ( 'NONE',  ( 1960.128809498491100, 321.1986875845480000, -277.7257006169349400 ) ) ;
#22 = CARTESIAN_POINT ( 'NONE',  ( 2703.879034067257600, 190.4675125357092000, -379.5024259260121100 ) ) ;
#23 = CARTESIAN_POINT ( 'NONE',  ( -71.82889688832058500, -33.43953971730992000, -708.0167366465215100 ) ) ;
#24 = CARTESIAN_POINT ( 'NONE',  ( 2762.320804577676400, -67.09217620763193700, 94.82871608103131700 ) ) ;
#25 = CARTESIAN_POINT ( 'NONE',  ( 838.8222125356851400, -54.59457325633655200, -294.9528146306931800 ) ) ;
#26 = CARTESIAN_POINT ( 'NONE',  ( 2905.311205738229500, -406.7209460015514500, -99.84457475499688400 ) ) ;
#27 = CARTESIAN_POINT ( 'NONE',  ( 2587.667891479652100, 423.7877350758161600, -26.53503590373044200 ) ) ;
#28 = CARTESIAN_POINT ( 'NONE',  ( 1624.849690625051400, -294.7245674065351900, 643.2793611440046100 ) ) ;
#29 = CARTESIAN_POINT ( 'NONE',  ( -61.94123650696379000, 119.9427753087445400, -194.6341534985647600 ) ) ;
#30 = CARTESIAN_POINT ( 'NONE',  ( -182.5680654982462000, 1.178588654849433800, -100.9298996074385900 ) ) ;
#31 = CARTESIAN_POINT ( 'NONE',  ( 596.5114254808418100, 579.8232006706447200, 58.41893834112946800 ) ) ;
#32 = CARTESIAN_POINT ( 'NONE',  ( 1936.886950226844200, 371.7540228150267600, -205.1801962472025600 ) ) ;
#33 = CARTESIAN_POINT ( 'NONE',  ( -25.34510263802309600, -317.9847543750705100, -632.1537477339335300 ) ) ;
#34 = CARTESIAN_POINT ( 'NONE',  ( 3187.478672477060600, -210.0970013167747400, 76.54573820726348300 ) ) ;
#35 = CARTESIAN_POINT ( 'NONE',  ( 536.6730046060539500, 172.4617303503555100, 245.4272780573375600 ) ) ;
#36 = CARTESIAN_POINT ( 'NONE',  ( 2587.667891479652100, 423.7877350758161600, -26.53503590373044200 ) ) ;
#37 = CARTESIAN_POINT ( 'NONE',  ( 2006.613505947774500, 181.0966141674948600, -384.0624778713066100 ) ) ;
#38 = CARTESIAN_POINT ( 'NONE',  ( 3193.954303082406100, -452.2695810584449400, -43.02378949068104700 ) ) ;
#39 = CARTESIAN_POINT ( 'NONE',  ( 1950.240623403478400, 428.5062650410549200, -563.0747848263386000 ) ) ;
#40 = B_SPLINE_CURVE_WITH_KNOTS ( 'NONE', 3,
 ( #1879, #639, #1433, #3205, #2442, #3216, #2715, #901, #1147, #136, #1679, #2460, #1414, #2687, #2939 ),
 .UNSPECIFIED., .F., .F.,
 ( 4, 1, 1, 1, 1, 1, 1, 1, 1, 1, 1, 1, 4 ),
 ( 0.0000000000000000000, 0.06872001483710214700, 0.1441621501476888800, 0.2260670143695056000, 0.3135939262562698100, 0.4053086433777585200, 0.4993180314041685300, 0.5933736809744103400, 0.6852230481327128400, 0.7729622596479137600, 0.8551453571842779800, 0.9309162955894704200, 1.000000000000000000 ),
 .UNSPECIFIED. ) ;
#41 = CARTESIAN_POINT ( 'NONE',  ( 77.51178346368035900, -377.1402240965411500, -195.1089865859023300 ) ) ;
#42 = CARTESIAN_POINT ( 'NONE',  ( 215.8229561111861900, 79.75087266667219400, -120.7218146916127800 ) ) ;
#43 = CARTESIAN_POINT ( 'NONE',  ( 1851.589571262224400, 98.34352554730629900, 574.4008214432831200 ) ) ;
#44 = CARTESIAN_POINT ( 'NONE',  ( 1634.738391249849900, -252.5439106327094100, 341.3526414264071600 ) ) ;
#45 = CARTESIAN_POINT ( 'NONE',  ( 2564.425932812137900, 420.0944872966696800, 61.81129882888951200 ) ) ;
#46 = CARTESIAN_POINT ( 'NONE',  ( 160.5918811928608200, -597.8416370578204400, 378.4919349279363700 ) ) ;
#47 = CARTESIAN_POINT ( 'NONE',  ( 3181.096739139916700, -11.68431209922989600, 99.52304326338101200 ) ) ;
#48 = CARTESIAN_POINT ( 'NONE',  ( 95.07192497943374600, 61.98415244450458100, -291.2725963511994100 ) ) ;
#49 = CARTESIAN_POINT ( 'NONE',  ( 245.8892769056061800, 430.8942484408517500, 341.6144778481894900 ) ) ;
#50 = CARTESIAN_POINT ( 'NONE',  ( 2448.214759445655500, 158.1302315888606800, 394.0748478219521200 ) ) ;
#51 = CARTESIAN_POINT ( 'NONE',  ( 2755.789033593694100, -197.1240180452323900, 175.0761047128737000 ) ) ;
#52 = CARTESIAN_POINT ( 'NONE',  ( 1926.999126467320800, 535.8339815151072100, -462.1183489094362900 ) ) ;
#53 = CARTESIAN_POINT ( 'NONE',  ( 170.4804369296374500, -397.8368357175933700, 148.4115961522966200 ) ) ;
#54 = CARTESIAN_POINT ( 'NONE',  ( -69.02626168942754200, 80.38307335020076000, -163.4217782815923100 ) ) ;
#55 = CARTESIAN_POINT ( 'NONE',  ( 1014.870789427402000, -507.6927729436624800, 286.1045136165090500 ) ) ;
#56 = CARTESIAN_POINT ( 'NONE',  ( 658.5664191527043800, -10.91872795160985300, -424.4771967385190700 ) ) ;
#57 = CARTESIAN_POINT ( 'NONE',  ( 2913.058602738325600, -416.2739075224484400, -66.47794835451715300 ) ) ;
#58 = CARTESIAN_POINT ( 'NONE',  ( 3176.166861843479200, -210.8703498684955700, 77.02386721363173200 ) ) ;
#59 = ORIENTED_EDGE ( 'NONE', *, *, #930, .T. ) ;
#60 = CARTESIAN_POINT ( 'NONE',  ( 2117.141527451546600, 236.6694201379546000, -184.2962134100610300 ) ) ;
#61 = CARTESIAN_POINT ( 'NONE',  ( 687.4910557458165400, -543.5531484218604400, 83.19378433778355500 ) ) ;
#62 = CARTESIAN_POINT ( 'NONE',  ( 722.6105035667618500, 227.3411821292322400, -195.6873196444075800 ) ) ;
#63 = DIRECTION ( 'NONE',  ( -1.000000000000000000, -0.0000000000000000000, -0.0000000000000000000 ) ) ;
#64 = CARTESIAN_POINT ( 'NONE',  ( 3036.941397261658900, -137.5350240503095700, 177.3312653412857600 ) ) ;
#65 = CARTESIAN_POINT ( 'NONE',  ( 648.6777592314867900, -163.4206239562574600, -688.4507911444278500 ) ) ;
#66 = CARTESIAN_POINT ( 'NONE',  ( -95.07192497943364600, 457.7966328801490500, -302.4834036529695700 ) ) ;
#67 = CARTESIAN_POINT ( 'NONE',  ( -114.1113481655878800, -195.6127438967616000, 96.53848040081895500 ) ) ;
#68 = CARTESIAN_POINT ( 'NONE',  ( 1642.409868665216200, -577.2801025411929500, -79.72101543619439200 ) ) ;
#69 = CARTESIAN_POINT ( 'NONE',  ( 2750.363497391439100, 20.33625789955811000, -424.1293910252187500 ) ) ;
#70 = CARTESIAN_POINT ( 'NONE',  ( 2913.058602738478400, -357.4093514646051500, 53.64274982952104400 ) ) ;
#71 = CARTESIAN_POINT ( 'NONE',  ( 154.9102183837228500, -351.8561434033824200, -464.5360315791938300 ) ) ;
#72 = CARTESIAN_POINT ( 'NONE',  ( 2628.470430784224400, 153.9404019843497600, 257.4491647699554200 ) ) ;
#73 = CARTESIAN_POINT ( 'NONE',  ( 850.1863018044853100, 22.77523185852867000, 549.4107484435637600 ) ) ;
#74 = CARTESIAN_POINT ( 'NONE',  ( 327.4932664916369200, -286.0517605811608600, 90.28825818331486600 ) ) ;
#75 = CARTESIAN_POINT ( 'NONE',  ( 1960.128809498491400, 321.1986875845480500, -277.7257006169349400 ) ) ;
#76 = CARTESIAN_POINT ( 'NONE',  ( 3036.941397261658000, -568.5338454897652100, -107.1702293123536800 ) ) ;
#77 = CARTESIAN_POINT ( 'NONE',  ( 927.5840003899052100, -278.8490004307867000, 650.3184214404349200 ) ) ;
#78 = CARTESIAN_POINT ( 'NONE',  ( -79.46056378098406000, 61.53529561829892500, -148.5509910549578500 ) ) ;
#79 = CARTESIAN_POINT ( 'NONE',  ( 1688.894425603805800, -560.0610738227820800, 161.0562138079175200 ) ) ;
#80 = CARTESIAN_POINT ( 'NONE',  ( 2587.667891479652100, 423.7877350758161600, -26.53503590373044200 ) ) ;
#81 = CARTESIAN_POINT ( 'NONE',  ( 1014.870789427402000, -507.6927729436624800, 286.1045136165090500 ) ) ;
#82 = EDGE_CURVE ( 'NONE', #492, #383, #1401, .T. ) ;
#83 = CARTESIAN_POINT ( 'NONE',  ( 0.0000000000000000000, 0.0000000000000000000, 0.0000000000000000000 ) ) ;
#84 = CARTESIAN_POINT ( 'NONE',  ( 224.6367756512845200, -557.2844597401455100, -170.4143663213349700 ) ) ;
#85 = CARTESIAN_POINT ( 'NONE',  ( 2837.650168938717800, 198.9368797054844700, -224.5035391490418100 ) ) ;
#86 = CARTESIAN_POINT ( 'NONE',  ( 59.95193435229460700, -382.2048285488608000, 395.3358946913620000 ) ) ;
#87 = CARTESIAN_POINT ( 'NONE',  ( 102.8191345987503000, 43.57110820087223100, -291.1447338012222300 ) ) ;
#88 = CARTESIAN_POINT ( 'NONE',  ( 3162.408482505612000, -12.36608972770771700, 99.94455780471253100 ) ) ;
#89 = CARTESIAN_POINT ( 'NONE',  ( 3193.947562770009000, -323.4024809682247800, 101.6311416981076300 ) ) ;
#90 = CARTESIAN_POINT ( 'NONE',  ( 2182.662340561712000, -701.1341051646071500, -95.29947207389221800 ) ) ;
#91 = CARTESIAN_POINT ( 'NONE',  ( 3036.953026392876400, -278.1180597025805800, 227.7571901379738200 ) ) ;
#92 = CARTESIAN_POINT ( 'NONE',  ( 1363.503606075067600, 511.1654902847333200, -279.8528142002843400 ) ) ;
#93 = CARTESIAN_POINT ( 'NONE',  ( 2657.394458048358500, 327.9176437785192800, -269.7594566205813200 ) ) ;
#94 = CARTESIAN_POINT ( 'NONE',  ( 387.3317496950427300, -230.8011621520798300, 535.1060836367642000 ) ) ;
#95 = CARTESIAN_POINT ( 'NONE',  ( 852.1757712686070400, -340.3205067121869000, -473.0638418091764400 ) ) ;
#96 = VERTEX_POINT ( 'NONE', #2132 ) ;
#97 = CARTESIAN_POINT ( 'NONE',  ( 2930.618660570090500, -32.74837891261711300, -298.1683075089101700 ) ) ;
#98 = CARTESIAN_POINT ( 'NONE',  ( 2729.110506855296500, 140.9714537278521200, 436.3702902282988700 ) ) ;
#99 = CARTESIAN_POINT ( 'NONE',  ( 3070.071476600146100, -296.2566836394083200, -57.29476911810587600 ) ) ;
#100 = CARTESIAN_POINT ( 'NONE',  ( 2879.928489444853300, -69.37823946422236100, 280.8403385328175000 ) ) ;
#101 = CARTESIAN_POINT ( 'NONE',  ( 3070.073403988781100, -295.5245181618420800, -54.66795282860881100 ) ) ;
#102 = CARTESIAN_POINT ( 'NONE',  ( 2345.358473902691900, -171.9982137403088100, 686.3584909233785500 ) ) ;
#103 = CARTESIAN_POINT ( 'NONE',  ( -61.94123650696379000, 119.9427753087445400, -194.6341534985647600 ) ) ;
#104 = CARTESIAN_POINT ( 'NONE',  ( 2913.058602738323300, -223.9190532165985700, 46.14064577414685400 ) ) ;
#105 = CARTESIAN_POINT ( 'NONE',  ( 2153.738406257312400, 149.7860096835679300, -563.1798740167730600 ) ) ;
#106 = CARTESIAN_POINT ( 'NONE',  ( 178.1520782754866200, -440.4089051747785700, -381.6382704574272100 ) ) ;
#107 = CARTESIAN_POINT ( 'NONE',  ( 3187.478672477060200, 11.40110497998127800, -99.34794816822855500 ) ) ;
#108 = ORIENTED_EDGE ( 'NONE', *, *, #1107, .T. ) ;
#109 = CARTESIAN_POINT ( 'NONE',  ( 2326.321223033765400, -247.1662788636076300, -169.9598362445628900 ) ) ;
#110 = CARTESIAN_POINT ( 'NONE',  ( 792.3370421485366300, 69.61711501734649200, -291.7721587794983400 ) ) ;
#111 = CARTESIAN_POINT ( 'NONE',  ( 3145.574856085577700, -192.8889746688234100, -118.6915089819188600 ) ) ;
#112 = PRESENTATION_STYLE_ASSIGNMENT (( #2068 ) ) ;
#113 = CARTESIAN_POINT ( 'NONE',  ( 3070.071511053649800, -291.6893635921281300, -72.89873928193837600 ) ) ;
#114 = CARTESIAN_POINT ( 'NONE',  ( 2913.058602738402400, -414.8524180914482700, -24.71910555930741900 ) ) ;
#115 = CARTESIAN_POINT ( 'NONE',  ( 1595.925897553155900, -495.4489686379809000, -306.8187856304878700 ) ) ;
#116 = CARTESIAN_POINT ( 'NONE',  ( 2914.552265943959800, -211.6127533775217000, 38.53217621532276400 ) ) ;
#117 = CARTESIAN_POINT ( 'NONE',  ( 2246.706862182200000, -316.6982801385259400, -489.1929746829453600 ) ) ;
#118 = EDGE_CURVE ( 'NONE', #3261, #1588, #1972, .T. ) ;
#119 = CARTESIAN_POINT ( 'NONE',  ( 2872.180903153245300, -678.1178621053856000, -160.3570904864224900 ) ) ;
#120 = CARTESIAN_POINT ( 'NONE',  ( 1502.956736312556800, -105.3848632203318700, -573.1507551643692300 ) ) ;
#121 = CARTESIAN_POINT ( 'NONE',  ( 1123.410086841770400, 369.6995623536938100, 208.8597130810748300 ) ) ;
#122 = CARTESIAN_POINT ( 'NONE',  ( 1768.508724324042800, -234.3899829438399300, 187.1866446719432400 ) ) ;
#123 = CARTESIAN_POINT ( 'NONE',  ( 3052.629710145931800, -17.18362149596789100, -81.67520948253118700 ) ) ;
#124 = CARTESIAN_POINT ( 'NONE',  ( 1828.347534558495000, -22.75354399955214300, 582.3141763209314400 ) ) ;
#125 = CARTESIAN_POINT ( 'NONE',  ( 1340.261653327897900, 558.0424516701374400, -167.9169505129662200 ) ) ;
#126 = CARTESIAN_POINT ( 'NONE',  ( -97.89500828681957500, 17.85025309766476900, 85.91625391955106700 ) ) ;
#127 = CARTESIAN_POINT ( 'NONE',  ( 2479.128709820765800, -269.5405025664619000, 516.6774895345423600 ) ) ;
#128 = CARTESIAN_POINT ( 'NONE',  ( 433.8164416162271700, 5.846917986818087200, 582.7291293720647900 ) ) ;
#129 = CARTESIAN_POINT ( 'NONE',  ( 1549.441316697409100, -328.6083606843869800, -481.2733558691931000 ) ) ;
#130 = CARTESIAN_POINT ( 'NONE',  ( 728.2929883516811700, -257.5069977802110700, -337.6244238629619200 ) ) ;
#131 = CARTESIAN_POINT ( 'NONE',  ( 2419.290690593921700, -291.9187659140240500, 69.00106460326304600 ) ) ;
#132 = CARTESIAN_POINT ( 'NONE',  ( 2880.572907880704400, -67.88104396531596800, 279.9146852880533100 ) ) ;
#133 = CARTESIAN_POINT ( 'NONE',  ( 2200.222420164072900, -91.28739764144326300, -575.5643716729594000 ) ) ;
#134 = CARTESIAN_POINT ( 'NONE',  ( 1549.441316697409100, -328.6083606843869800, -481.2733558691931000 ) ) ;
#135 = CARTESIAN_POINT ( 'NONE',  ( 61.94123650696375400, 332.7761337390543900, -293.3646783105707500 ) ) ;
#136 = CARTESIAN_POINT ( 'NONE',  ( 61.94123650696376200, 277.1456154857600000, -462.9264347758796100 ) ) ;
#137 = CARTESIAN_POINT ( 'NONE',  ( 501.5535131067824200, -29.51566734873629400, -549.0899838837712000 ) ) ;
#138 = CARTESIAN_POINT ( 'NONE',  ( 449.3867119737771000, 407.9542018470962700, 117.7857756406480000 ) ) ;
#139 = CARTESIAN_POINT ( 'NONE',  ( 1931.204624532656500, 160.2119287090801800, 253.5938269759312200 ) ) ;
#140 = ORIENTED_EDGE ( 'NONE', *, *, #862, .F. ) ;
#141 = CARTESIAN_POINT ( 'NONE',  ( -148.4094965463189900, 10.08272088311764300, -107.9552082506017600 ) ) ;
#142 = CARTESIAN_POINT ( 'NONE',  ( 2781.277441754306900, 460.2168854668300400, -357.5022005441695700 ) ) ;
#143 = CARTESIAN_POINT ( 'NONE',  ( 1456.472765198796000, 135.9198019351518700, -566.6862142857628400 ) ) ;
#144 = CARTESIAN_POINT ( 'NONE',  ( 95.07192497943361800, 48.36030236806328000, -288.9190693747193600 ) ) ;
#145 = CARTESIAN_POINT ( 'NONE',  ( -149.2277802080162400, -261.0083714379842900, -483.7498243145868200 ) ) ;
#146 = ORIENTED_EDGE ( 'NONE', *, *, #1343, .T. ) ;
#147 = CARTESIAN_POINT ( 'NONE',  ( 774.7773058541245100, -372.2347539652482700, -204.3071616281586400 ) ) ;
#148 = CARTESIAN_POINT ( 'NONE',  ( 2093.900224934891400, 269.7073959951124500, -131.2844558138067400 ) ) ;
#149 = CARTESIAN_POINT ( 'NONE',  ( -219.1830668321543400, 193.7104518916212300, -95.03758305082101300 ) ) ;
#150 = CARTESIAN_POINT ( 'NONE',  ( 3036.902349825744700, -225.4543811013532200, 219.1331831645552200 ) ) ;
#151 = CARTESIAN_POINT ( 'NONE',  ( 497.8605736156941400, -349.2062953199989000, 297.2326275482171800 ) ) ;
#152 = CARTESIAN_POINT ( 'NONE',  ( 1898.074089068914000, 322.6776163439242300, 485.2697049046943800 ) ) ;
#153 = CARTESIAN_POINT ( 'NONE',  ( 2084.011844420376700, 451.3047140685141600, -368.6888617025626300 ) ) ;
#154 = CARTESIAN_POINT ( 'NONE',  ( 218.9543979933612000, 147.8801673754283900, -419.9999185639864000 ) ) ;
#155 = DIRECTION ( 'NONE',  ( 1.000000000000000000, 0.0000000000000000000, 0.0000000000000000000 ) ) ;
#156 = CARTESIAN_POINT ( 'NONE',  ( 2913.058602738325600, -416.2739075224484400, -66.47794835451715300 ) ) ;
#157 = CARTESIAN_POINT ( 'NONE',  ( -95.07192497943368900, 111.6640252224262800, -693.5351566610085000 ) ) ;
#158 = CARTESIAN_POINT ( 'NONE',  ( 100.7538683739703900, -409.3679296927246000, -112.7710983124488400 ) ) ;
#159 = CARTESIAN_POINT ( 'NONE',  ( 1629.055611419373500, -251.2628627728651900, -163.8428462301878900 ) ) ;
#160 = CARTESIAN_POINT ( 'NONE',  ( -111.0977507124092800, 245.0792236917915800, 64.43275417411533100 ) ) ;
#161 = CARTESIAN_POINT ( 'NONE',  ( 3194.210966406285900, -220.7754210452258100, 84.51889266675645700 ) ) ;
#162 = CARTESIAN_POINT ( 'NONE',  ( 265.4388271726125500, -86.96512460210337300, -449.7607600641646900 ) ) ;
#163 = CARTESIAN_POINT ( 'NONE',  ( 3036.941397261658000, -568.5338454897654400, -107.1702293123527200 ) ) ;
#164 = CARTESIAN_POINT ( 'NONE',  ( 2990.457135152888900, -479.1713658245075200, -330.9455658735427100 ) ) ;
#165 = CARTESIAN_POINT ( 'NONE',  ( 152.9207235351852600, 36.25165509659658600, 548.6865264787622900 ) ) ;
#166 = CARTESIAN_POINT ( 'NONE',  ( -218.9543979933612500, 70.97173506272967800, -541.2749627333785200 ) ) ;
#167 = CARTESIAN_POINT ( 'NONE',  ( 1448.801046349031100, -314.9553174178816400, -284.7860491532835600 ) ) ;
#168 = CARTESIAN_POINT ( 'NONE',  ( 658.5664191527043800, -10.91872795160985300, -424.4771967385190700 ) ) ;
#169 = CARTESIAN_POINT ( 'NONE',  ( 741.6473959814425100, -619.8559869023577000, -341.2476676738382900 ) ) ;
#170 = CARTESIAN_POINT ( 'NONE',  ( 2914.552265943959800, -211.6127533775217000, 38.53217621532276400 ) ) ;
#171 = CARTESIAN_POINT ( 'NONE',  ( 3193.956198512024000, -357.2691450882200600, 91.39690489872781100 ) ) ;
#172 = CARTESIAN_POINT ( 'NONE',  ( 985.9464731220240300, -167.4648352952733300, -426.9047174575528100 ) ) ;
#173 = CARTESIAN_POINT ( 'NONE',  ( 95.07192497943363200, 49.07631041076944500, -293.8758488725878200 ) ) ;
#174 = CARTESIAN_POINT ( 'NONE',  ( 2781.277441754306900, 460.2168854668300400, -357.5022005441695700 ) ) ;
#175 = CARTESIAN_POINT ( 'NONE',  ( 594.5220818838397500, -426.6696374071528300, -346.8764963495344800 ) ) ;
#176 = CARTESIAN_POINT ( 'NONE',  ( -95.07192497943373200, 242.8348314821168100, -651.6905709568470700 ) ) ;
#177 = ADVANCED_FACE ( 'NONE', ( #965 ), #449, .F. ) ;
#178 = CARTESIAN_POINT ( 'NONE',  ( 2814.407216742368300, 241.1209994188152200, -178.4326380267748700 ) ) ;
#179 = CARTESIAN_POINT ( 'NONE',  ( 1229.733449517436400, 524.3317245461337300, -475.1291362770081700 ) ) ;
#180 = CARTESIAN_POINT ( 'NONE',  ( 3052.629710145931800, -17.18362149596789100, -81.67520948253118700 ) ) ;
#181 = CARTESIAN_POINT ( 'NONE',  ( 567.5871297792839400, -108.8985203464898700, 445.4585904265360900 ) ) ;
#182 = CARTESIAN_POINT ( 'NONE',  ( 451.3761606151750200, -439.6986086561264500, 130.2199928927931900 ) ) ;
#183 =( GEOMETRIC_REPRESENTATION_CONTEXT ( 3 ) GLOBAL_UNCERTAINTY_ASSIGNED_CONTEXT ( ( #1647 ) ) GLOBAL_UNIT_ASSIGNED_CONTEXT ( ( #2587, #2117, #537 ) ) REPRESENTATION_CONTEXT ( 'NONE', 'WORKASPACE' ) );
#184 = CARTESIAN_POINT ( 'NONE',  ( 1146.652404596852200, 404.9407078602448600, 127.7619083019056200 ) ) ;
#185 = CARTESIAN_POINT ( 'NONE',  ( 1989.053378438320400, -409.1354506476456500, -367.3944513431507600 ) ) ;
#186 = CARTESIAN_POINT ( 'NONE',  ( 218.9543979933611700, 116.5314231406407800, -439.2640347981517300 ) ) ;
#187 = CARTESIAN_POINT ( 'NONE',  ( 2721.439071643991200, 294.1371484169984000, 58.83006075884862400 ) ) ;
#188 = CARTESIAN_POINT ( 'NONE',  ( 1415.669969876360300, -524.2334765377253200, -475.2369256578168100 ) ) ;
#189 = CARTESIAN_POINT ( 'NONE',  ( -191.6799252592085500, 1.685950541230128300, 98.66979480924074200 ) ) ;
#190 = FILL_AREA_STYLE_COLOUR ( '', #2313 ) ;
#191 = CARTESIAN_POINT ( 'NONE',  ( 1497.274652640645900, 444.1939245854657700, -113.9477551265053100 ) ) ;
#192 = CARTESIAN_POINT ( 'NONE',  ( 730.2824242867817500, 430.7412371402132300, 157.3344985773633200 ) ) ;
#193 = CARTESIAN_POINT ( 'NONE',  ( 472.6291722519905500, 423.5032764882386700, 30.73959188267947000 ) ) ;
#194 = CARTESIAN_POINT ( 'NONE',  ( 960.7151196917280900, -166.8375490195445300, 390.4678884455473200 ) ) ;
#195 = CARTESIAN_POINT ( 'NONE',  ( 2756.549116713601500, -149.8048581463635600, 147.0099274563678500 ) ) ;
#196 = CARTESIAN_POINT ( 'NONE',  ( 1105.850453990153900, 396.4971611974475500, -381.0004166280697900 ) ) ;
#197 = CARTESIAN_POINT ( 'NONE',  ( -95.07192497943366000, 449.4958756123501200, -215.3815889692523100 ) ) ;
#198 = CARTESIAN_POINT ( 'NONE',  ( 3046.830131125924300, -273.8122372702633800, -122.8741976230479200 ) ) ;
#199 = CARTESIAN_POINT ( 'NONE',  ( 1113.522111381631500, 674.5193265005465300, 213.7630473235163900 ) ) ;
#200 =( BOUNDED_SURFACE ( )  B_SPLINE_SURFACE ( 3, 3, ( 
 ( #2579, #517, #269, #1261, #3085, #2059, #259, #3051, #1282, #1535, #1017 ),
 ( #1783, #1524, #24, #1294, #3073, #2303, #751, #13, #1562, #772, #2811 ),
 ( #251, #1273, #1812, #2791, #280, #2274, #1801, #742, #3062, #2537, #1250 ),
 ( #3, #1792, #3040, #3301, #2030, #2283, #2548, #1007, #1331, #47, #2600 ),
 ( #2855, #2103, #1823, #3095, #2589, #1307, #1048, #2347, #2360, #58, #34 ),
 ( #1836, #2843, #1598, #1069, #1574, #3107, #539, #291, #1586, #3119, #2080 ),
 ( #1848, #550, #573, #315, #304, #2612, #805, #2323, #2866, #2335, #1319 ) ),
 .UNSPECIFIED., .T., .F., .T. ) 
 B_SPLINE_SURFACE_WITH_KNOTS ( ( 4, 3, 4 ),
 ( 4, 1, 1, 1, 1, 1, 1, 1, 4 ),
 ( 0.0000000000000000000, 0.5000000000000000000, 1.000000000000000000 ),
 ( 0.0000000000000000000, 0.1310038109028284500, 0.2704835234952268100, 0.4156855244358762500, 0.5630748974725337000, 0.6780326435055935600, 0.7901374509886026600, 0.8978491610507430800, 1.000000000000000000 ),
 .UNSPECIFIED. ) 
 GEOMETRIC_REPRESENTATION_ITEM ( )  RATIONAL_B_SPLINE_SURFACE ( (
 ( 1.000000000000000000, 1.000000000000000000, 0.9999999999999996700, 1.000000000000000400, 1.000000000000000000, 1.000000000000000000, 1.000000000000000200, 0.9999999999999997800, 1.000000000000000000, 1.000000000000000000, 1.000000000000000000),
 ( 0.3333333333333333700, 0.3333333333333333700, 0.3333333333333333100, 0.3333333333333335400, 0.3333333333333333700, 0.3333333333333333100, 0.3333333333333334300, 0.3333333333333333100, 0.3333333333333333700, 0.3333333333333333700, 0.3333333333333333700),
 ( 0.3333333333333333700, 0.3333333333333333700, 0.3333333333333333100, 0.3333333333333335400, 0.3333333333333333700, 0.3333333333333333100, 0.3333333333333334300, 0.3333333333333333100, 0.3333333333333333700, 0.3333333333333333700, 0.3333333333333333700),
 ( 1.000000000000000000, 1.000000000000000000, 0.9999999999999996700, 1.000000000000000400, 1.000000000000000000, 1.000000000000000000, 1.000000000000000200, 0.9999999999999997800, 1.000000000000000000, 1.000000000000000000, 1.000000000000000000),
 ( 0.3333333333333333700, 0.3333333333333333700, 0.3333333333333333100, 0.3333333333333335400, 0.3333333333333333700, 0.3333333333333333100, 0.3333333333333334300, 0.3333333333333333100, 0.3333333333333333700, 0.3333333333333333700, 0.3333333333333333700),
 ( 0.3333333333333333700, 0.3333333333333333700, 0.3333333333333333100, 0.3333333333333335400, 0.3333333333333333700, 0.3333333333333333100, 0.3333333333333334300, 0.3333333333333333100, 0.3333333333333333700, 0.3333333333333333700, 0.3333333333333333700),
 ( 1.000000000000000000, 1.000000000000000000, 0.9999999999999996700, 1.000000000000000400, 1.000000000000000000, 1.000000000000000000, 1.000000000000000200, 0.9999999999999997800, 1.000000000000000000, 1.000000000000000000, 1.000000000000000000) ) ) 
 REPRESENTATION_ITEM ( '' )  SURFACE ( )  );
#201 = DIRECTION ( 'NONE',  ( 0.0000000000000000000, 0.0000000000000000000, 1.000000000000000000 ) ) ;
#202 = CARTESIAN_POINT ( 'NONE',  ( 2543.173146907605800, -448.0872737084000600, 97.52112887951393800 ) ) ;
#203 = CARTESIAN_POINT ( 'NONE',  ( 2734.792747174800300, 565.6097358203512600, -140.3326394958737400 ) ) ;
#204 = CARTESIAN_POINT ( 'NONE',  ( 1425.558682665315700, -249.1437610836876500, -343.8421902273055900 ) ) ;
#205 = CARTESIAN_POINT ( 'NONE',  ( 1379.074486745906400, -88.43075020097425900, -415.3070507816522100 ) ) ;
#206 = CARTESIAN_POINT ( 'NONE',  ( 2913.058602738181900, -407.7202966610681200, -3.552609226616570700 ) ) ;
#207 = CARTESIAN_POINT ( 'NONE',  ( 1268.545647680608900, -334.9757913131097100, -436.0756559493060000 ) ) ;
#208 = CARTESIAN_POINT ( 'NONE',  ( 2913.058602738325600, -416.2739075224482700, -66.47794835451811900 ) ) ;
#209 = CARTESIAN_POINT ( 'NONE',  ( 309.9335742612010400, 16.12685566109054800, 424.3112665430387600 ) ) ;
#210 = CARTESIAN_POINT ( 'NONE',  ( 240.2070055445152000, -235.4905126099820300, 353.3331965359094500 ) ) ;
#211 = CARTESIAN_POINT ( 'NONE',  ( 2035.537782499217900, -522.9191123013599700, -170.0768868659719400 ) ) ;
#212 = CARTESIAN_POINT ( 'NONE',  ( -119.5421438976939500, 23.92177212726273800, -118.8741393520527700 ) ) ;
#213 = CARTESIAN_POINT ( 'NONE',  ( 2913.058602738325600, -416.2739075224484400, -66.47794835451715300 ) ) ;
#214 = CARTESIAN_POINT ( 'NONE',  ( 2891.805976846158000, 449.2503412120826200, -92.01511236683320800 ) ) ;
#215 = CARTESIAN_POINT ( 'NONE',  ( 1822.665190162285600, -458.3666518712220200, 13.85559359862951500 ) ) ;
#216 = CARTESIAN_POINT ( 'NONE',  ( 1565.011821730056900, -404.6396834679588300, 128.7120176484132200 ) ) ;
#217 = CARTESIAN_POINT ( 'NONE',  ( 1425.558682665315700, -249.1437610836876500, -343.8421902273055900 ) ) ;
#218 = CARTESIAN_POINT ( 'NONE',  ( 3070.071508559227800, -294.8817469306469500, -56.53083894178141800 ) ) ;
#219 = CARTESIAN_POINT ( 'NONE',  ( 2756.045560573874400, -461.0293656872900700, 132.0103878655902700 ) ) ;
#220 = CARTESIAN_POINT ( 'NONE',  ( 1617.178435935709800, 329.5991631944002100, 440.1534395616986900 ) ) ;
#221 = CARTESIAN_POINT ( 'NONE',  ( -79.46056378098406000, 61.53529561829892500, -148.5509910549578500 ) ) ;
#222 = CARTESIAN_POINT ( 'NONE',  ( -15.45675980767026800, -109.4079797478691500, -410.1956625905695500 ) ) ;
#223 = VERTEX_POINT ( 'NONE', #107 ) ;
#224 = CARTESIAN_POINT ( 'NONE',  ( 821.2619938850186800, -423.0941575160816200, -35.93430701073204100 ) ) ;
#225 = CARTESIAN_POINT ( 'NONE',  ( 2291.202019929882700, 218.9795694711112600, 504.3998827943357800 ) ) ;
#226 = CARTESIAN_POINT ( 'NONE',  ( -137.4286091560191800, -196.4623203387082800, -102.7912087179379800 ) ) ;
#227 = CARTESIAN_POINT ( 'NONE',  ( -95.07192497943357500, 111.6640252224263200, -693.5351566610086100 ) ) ;
#228 = CARTESIAN_POINT ( 'NONE',  ( 2148.055994532579500, 450.2659585152310900, 86.90970430985810000 ) ) ;
#229 = CARTESIAN_POINT ( 'NONE',  ( 2264.266882198928200, 301.8137768876506500, -345.2549156443246800 ) ) ;
#230 = PRODUCT ( 'big_spring_fluid', 'big_spring_fluid', '', ( #362 ) ) ;
#231 = CARTESIAN_POINT ( 'NONE',  ( 1727.707280054016300, 83.32761291488125700, 416.3609788150378100 ) ) ;
#232 = CARTESIAN_POINT ( 'NONE',  ( 1216.378974091563800, 403.0297565761927100, -133.6678469861857100 ) ) ;
#233 = CARTESIAN_POINT ( 'NONE',  ( 2756.045694921517700, -155.7622686305113600, 149.6497189656784600 ) ) ;
#234 = CARTESIAN_POINT ( 'NONE',  ( 509.2246456582402600, 602.4413472824172700, -371.1269421595119400 ) ) ;
#235 = CARTESIAN_POINT ( 'NONE',  ( 31.02730239950738100, -265.7657841759900100, -331.1837440498681000 ) ) ;
#236 = CARTESIAN_POINT ( 'NONE',  ( 1216.378974091563800, 403.0297565761927100, -133.6678469861857100 ) ) ;
#237 = CARTESIAN_POINT ( 'NONE',  ( 2082.022338045518600, -546.9806147686260800, 56.42278413039164800 ) ) ;
#238 = CARTESIAN_POINT ( 'NONE',  ( -15.45675980767026800, -109.4079797478691500, -410.1956625905695500 ) ) ;
#239 = DIRECTION ( 'NONE',  ( -1.000000000000000000, -0.0000000000000000000, 0.0000000000000000000 ) ) ;
#240 = CARTESIAN_POINT ( 'NONE',  ( 2984.774684275259500, 233.5192390820154200, -394.6659449891475900 ) ) ;
#241 = CARTESIAN_POINT ( 'NONE',  ( 2682.626279029952900, -47.95772708797775200, 456.0621254926129500 ) ) ;
#242 = CARTESIAN_POINT ( 'NONE',  ( 1123.410086841770400, 369.6995623536938100, 208.8597130810748300 ) ) ;
#243 = AXIS2_PLACEMENT_3D ( 'NONE', #380, #2125, #1648 ) ;
#244 = CARTESIAN_POINT ( 'NONE',  ( 2686.319079250845300, -400.3454524552196300, -376.9562982009017600 ) ) ;
#245 = CARTESIAN_POINT ( 'NONE',  ( 2438.326428511730700, 393.0499617289889300, 588.3727697473965500 ) ) ;
#246 =( BOUNDED_CURVE ( )  B_SPLINE_CURVE ( 3, ( #213, #1239, #3290, #688 ),
 .UNSPECIFIED., .F., .F. ) 
 B_SPLINE_CURVE_WITH_KNOTS ( ( 4, 4 ),
 ( 0.0000000000000000000, 0.5000000000000010000 ),
 .UNSPECIFIED. ) 
 CURVE ( )  GEOMETRIC_REPRESENTATION_ITEM ( )  RATIONAL_B_SPLINE_CURVE ( ( 1.000000000000000000, 0.3333333333333320400, 0.3333333333333333700, 1.000000000000001300 ) ) 
 REPRESENTATION_ITEM ( '' )  );
#247 = CARTESIAN_POINT ( 'NONE',  ( 3036.941380284148600, -534.7770930882978700, 94.52246412996380800 ) ) ;
#248 = CARTESIAN_POINT ( 'NONE',  ( 1960.128809498491400, 321.1986875845480500, -277.7257006169349400 ) ) ;
#249 = CARTESIAN_POINT ( 'NONE',  ( 1686.904993629687900, 524.9669368469154700, 163.6470424773487800 ) ) ;
#250 = CARTESIAN_POINT ( 'NONE',  ( 449.3867119737771000, 407.9542018470962700, 117.7857756406480000 ) ) ;
#251 = CARTESIAN_POINT ( 'NONE',  ( 2879.928489444853300, -69.37823946422236100, 280.8403385328175000 ) ) ;
#252 = CARTESIAN_POINT ( 'NONE',  ( 1892.391751600739800, -363.3699731013934400, 279.7395624922083900 ) ) ;
#253 = CARTESIAN_POINT ( 'NONE',  ( 2124.813749666337100, 422.5027062033366900, 178.2805201527243100 ) ) ;
#254 = CARTESIAN_POINT ( 'NONE',  ( 2122.824377100373600, -240.6304480669044800, -349.8528394635234200 ) ) ;
#255 = CARTESIAN_POINT ( 'NONE',  ( 2360.928580006872800, 472.9499289682747200, 280.5167483110235500 ) ) ;
#256 = CARTESIAN_POINT ( 'NONE',  ( 154.9102183837228500, -351.8561434033824200, -464.5360315791938300 ) ) ;
#257 = CARTESIAN_POINT ( 'NONE',  ( 1169.894805205858800, 422.6213295586341000, 41.12362249146293200 ) ) ;
#258 = CARTESIAN_POINT ( 'NONE',  ( 1222.061149392482500, -129.5218948781670500, -534.4103259059109000 ) ) ;
#259 = CARTESIAN_POINT ( 'NONE',  ( 3052.629710145931800, -17.18362149596789100, -81.67520948253118700 ) ) ;
#260 = CARTESIAN_POINT ( 'NONE',  ( 1280.422851077145900, 253.2545971156941400, 160.7470696457047800 ) ) ;
#261 = CARTESIAN_POINT ( 'NONE',  ( 1706.454351682115400, -242.7763304549649800, -389.0398901471927500 ) ) ;
#262 = CARTESIAN_POINT ( 'NONE',  ( 2076.340061156901400, -78.21191419390091000, -417.3522151804077100 ) ) ;
#263 = CARTESIAN_POINT ( 'NONE',  ( -25.34510263802309600, -317.9847543750705100, -632.1537477339335300 ) ) ;
#264 = VECTOR ( 'NONE', #1930, 1000.000000000000000 ) ;
#265 = CARTESIAN_POINT ( 'NONE',  ( 69.68872719744923900, 64.44423921871064900, -572.2507210888254600 ) ) ;
#266 = CARTESIAN_POINT ( 'NONE',  ( 1704.464960753232600, -4.712376380482743000, 424.5913821206938200 ) ) ;
#267 = CARTESIAN_POINT ( 'NONE',  ( 890.9885569975175500, -363.9499450121271600, 218.7244327674069700 ) ) ;
#268 = CARTESIAN_POINT ( 'NONE',  ( 2686.319079250845300, -400.3454524552196300, -376.9562982009017600 ) ) ;
#269 = CARTESIAN_POINT ( 'NONE',  ( 2915.822899625887700, -172.7150191533068000, 14.48333695233353100 ) ) ;
#270 = CARTESIAN_POINT ( 'NONE',  ( 931.7901235502749800, -255.2082255154220700, -157.6270547386402500 ) ) ;
#271 = CARTESIAN_POINT ( 'NONE',  ( 1913.644669105993200, 406.1886734279198100, -123.7368040717043800 ) ) ;
#272 = CARTESIAN_POINT ( 'NONE',  ( 44.38147957363467800, -628.0453063921975200, -325.9314323548911100 ) ) ;
#273 = CARTESIAN_POINT ( 'NONE',  ( 61.94123650696376200, 107.1702339133139500, -568.5339734699186900 ) ) ;
#274 = CARTESIAN_POINT ( 'NONE',  ( -212.4786724770602300, -200.0000000000000000, 100.0000000000000400 ) ) ;
#275 = CARTESIAN_POINT ( 'NONE',  ( 387.3317496950427300, -230.8011621520798300, 535.1060836367642000 ) ) ;
#276 = CARTESIAN_POINT ( 'NONE',  ( 2029.855372570679700, 97.62666697265525800, -413.2422961824517500 ) ) ;
#277 = SURFACE_SIDE_STYLE ('',( #350 ) ) ;
#278 = CARTESIAN_POINT ( 'NONE',  ( 2639.834817706228000, -212.7983604719582300, -507.0226188961465300 ) ) ;
#279 = EDGE_CURVE ( 'NONE', #826, #2532, #1184, .T. ) ;
#280 = CARTESIAN_POINT ( 'NONE',  ( 2943.444156290901000, 89.36198000423084400, 182.6979120211833800 ) ) ;
#281 = CARTESIAN_POINT ( 'NONE',  ( 769.0956451462069500, 128.5361685062488800, -271.0280137304287700 ) ) ;
#282 = CARTESIAN_POINT ( 'NONE',  ( 2820.090063403012200, -231.9281665741588100, -355.6922131221876400 ) ) ;
#283 = CARTESIAN_POINT ( 'NONE',  ( 2285.519723658380400, -374.2439546804560600, 200.6027234723002600 ) ) ;
#284 = CARTESIAN_POINT ( 'NONE',  ( 1810.787537551432500, 669.0699971228212900, 230.2524452446809300 ) ) ;
#285 = CARTESIAN_POINT ( 'NONE',  ( -61.94123650696380400, 171.8851068568388900, -269.8945515301224400 ) ) ;
#286 = CARTESIAN_POINT ( 'NONE',  ( -148.4094965463189900, 10.08272088311764300, -107.9552082506017600 ) ) ;
#287 = CARTESIAN_POINT ( 'NONE',  ( 2670.748487069098200, 318.2016875271687600, -631.9958665428797500 ) ) ;
#288 = CARTESIAN_POINT ( 'NONE',  ( 2006.613505947774500, 181.0966141674948600, -384.0624778713066100 ) ) ;
#289 = CARTESIAN_POINT ( 'NONE',  ( 2308.761628918020500, -324.5826141202644000, 273.7631916285900500 ) ) ;
#290 = CARTESIAN_POINT ( 'NONE',  ( 207.0770463185308500, -393.1712568314775900, 588.2920426019145500 ) ) ;
#291 = CARTESIAN_POINT ( 'NONE',  ( 3145.574856085577700, -192.8889746688234100, -118.6915089819188600 ) ) ;
#292 = CARTESIAN_POINT ( 'NONE',  ( 1071.243210503026800, -229.7255156080642000, 192.8826250403935200 ) ) ;
#293 = CARTESIAN_POINT ( 'NONE',  ( 2913.058602738244200, -378.6984817956280800, 37.80443157823967900 ) ) ;
#294 = CARTESIAN_POINT ( 'NONE',  ( 2703.879034067257600, 190.4675125357092000, -379.5024259260121100 ) ) ;
#295 = CARTESIAN_POINT ( 'NONE',  ( 2750.363497391439100, 20.33625789955811000, -424.1293910252187500 ) ) ;
#296 = CARTESIAN_POINT ( 'NONE',  ( 2879.928489444849700, -694.5430020323984800, -100.9222159279452600 ) ) ;
#297 = CARTESIAN_POINT ( 'NONE',  ( 1322.701739164673200, 0.07284046875806221600, -707.5810332838779000 ) ) ;
#298 = CARTESIAN_POINT ( 'NONE',  ( -54.19383950686793100, 31.85626587600423700, -418.7089904382343700 ) ) ;
#299 = CARTESIAN_POINT ( 'NONE',  ( -142.9647123307620100, 217.3009716732034900, 86.34963377509068000 ) ) ;
#300 = CARTESIAN_POINT ( 'NONE',  ( 1456.472765198796000, 135.9198019351518700, -566.6862142857628400 ) ) ;
#301 = CARTESIAN_POINT ( 'NONE',  ( 1425.558682665315700, -249.1437610836876500, -343.8421902273055900 ) ) ;
#302 = CARTESIAN_POINT ( 'NONE',  ( 2587.667891479652100, 423.7877350758161600, -26.53503590373044200 ) ) ;
#303 = CARTESIAN_POINT ( 'NONE',  ( 2500.381699354349600, 414.7142881382232000, -361.0862752143878000 ) ) ;
#304 = CARTESIAN_POINT ( 'NONE',  ( 2966.837838460251100, -79.50425484933441600, -43.14497310310682800 ) ) ;
#305 = CARTESIAN_POINT ( 'NONE',  ( 420.4627923996039800, -125.2006098813453600, 272.5849200107916800 ) ) ;
#306 = CARTESIAN_POINT ( 'NONE',  ( 548.0379202141521100, -249.4975066859753400, -490.0226367760317300 ) ) ;
#307 = CARTESIAN_POINT ( 'NONE',  ( 1867.160394000341700, 421.4848395733090500, 51.48293470015357800 ) ) ;
#308 = CARTESIAN_POINT ( 'NONE',  ( 2879.928489444655000, -692.5649592883628400, 22.54331323322707800 ) ) ;
#309 = CARTESIAN_POINT ( 'NONE',  ( 1996.725687294813300, 163.5625680953522800, -688.4175350003751000 ) ) ;
#310 = CARTESIAN_POINT ( 'NONE',  ( -95.07192497943370300, 385.0381135569227200, -66.43732945278347300 ) ) ;
#311 = CARTESIAN_POINT ( 'NONE',  ( -185.3495513001858800, 202.1992771718953700, 98.26478307730242500 ) ) ;
#312 = CARTESIAN_POINT ( 'NONE',  ( 1224.050477905885600, 426.0714072374696000, 397.5813233591497400 ) ) ;
#313 = CARTESIAN_POINT ( 'NONE',  ( 1588.254164154618100, -369.2081204829040600, 209.7267601632492800 ) ) ;
#314 = CARTESIAN_POINT ( 'NONE',  ( 2913.058602738347400, -307.8531166490925000, 69.73910233162369800 ) ) ;
#315 = CARTESIAN_POINT ( 'NONE',  ( 2935.222762715896400, -126.1933831036805900, -14.27904136924176700 ) ) ;
#316 = CARTESIAN_POINT ( 'NONE',  ( 2558.743850927545700, -26.05108503642659900, 298.8294808127361100 ) ) ;
#317 = CARTESIAN_POINT ( 'NONE',  ( 757.2176229811823300, -391.7918266402608100, 385.8372888178313900 ) ) ;
#318 = CARTESIAN_POINT ( 'NONE',  ( 3193.954305078465900, -443.5323505217376700, -102.6763546792609700 ) ) ;
#319 = CARTESIAN_POINT ( 'NONE',  ( 2053.097807818861800, 9.922372435306478200, -424.5015580418834700 ) ) ;
#320 = CARTESIAN_POINT ( 'NONE',  ( 3036.941397261610300, -570.6839726435006200, -90.15530456760302500 ) ) ;
#321 = CARTESIAN_POINT ( 'NONE',  ( 1160.006874622796700, 703.2780510027447500, -77.91940781880403200 ) ) ;
#322 = CARTESIAN_POINT ( 'NONE',  ( -95.07192497943367500, 183.7691912277825300, -679.5439825254233000 ) ) ;
#323 = CARTESIAN_POINT ( 'NONE',  ( 167.1548560104485300, -26.43401450370702200, -36.94255507517894400 ) ) ;
#324 = CARTESIAN_POINT ( 'NONE',  ( 1317.019630680450700, 580.7201012066671000, -48.69942136333715200 ) ) ;
#325 = CARTESIAN_POINT ( 'NONE',  ( 2517.941325277202400, 359.0059867058370200, 226.7484415351504800 ) ) ;
#326 = CARTESIAN_POINT ( 'NONE',  ( 85.18374999450449500, -11.51692598476615000, -584.3472152484894200 ) ) ;
#327 = CARTESIAN_POINT ( 'NONE',  ( 526.7848664408709300, 435.7001968705668600, 387.0052309522349700 ) ) ;
#328 = CARTESIAN_POINT ( 'NONE',  ( 2674.954070547529700, 245.0620444433992900, 172.9801347592771800 ) ) ;
#329 = CARTESIAN_POINT ( 'NONE',  ( 129.6785048839078900, -78.17372296002407900, 544.2976204679605400 ) ) ;
#330 = CARTESIAN_POINT ( 'NONE',  ( 304.2513026819720500, -298.5491195671357300, 29.08625323755654400 ) ) ;
#331 = CARTESIAN_POINT ( 'NONE',  ( 2471.457222529656100, 236.3191106539477500, 352.7793610130492000 ) ) ;
#332 = CARTESIAN_POINT ( 'NONE',  ( 3036.689686365617000, -154.4781301543609700, 186.8306154562400000 ) ) ;
#333 = CARTESIAN_POINT ( 'NONE',  ( 1508.639735703463700, -704.1812800050605600, 69.28331670644998000 ) ) ;
#334 = CARTESIAN_POINT ( 'NONE',  ( 3052.629710145931300, -17.18362149596789100, -81.67520948253118700 ) ) ;
#335 = CARTESIAN_POINT ( 'NONE',  ( -44.78117057507183300, 42.50293848855188400, 66.46542824515920200 ) ) ;
#336 = CARTESIAN_POINT ( 'NONE',  ( 852.1757712686070400, -340.3205067121869000, -473.0638418091764400 ) ) ;
#337 = CARTESIAN_POINT ( 'NONE',  ( 2843.332141944883000, -300.7663593893897800, -299.7501137585966800 ) ) ;
#338 = CARTESIAN_POINT ( 'NONE',  ( 550.0273500763615900, 506.4063858710249500, 288.3749801636882400 ) ) ;
#339 = CARTESIAN_POINT ( 'NONE',  ( 991.6288806293533800, -555.9397927091649800, 174.7524002920202400 ) ) ;
#340 = CARTESIAN_POINT ( 'NONE',  ( 2093.900224934891400, 269.7073959951124500, -131.2844558138067400 ) ) ;
#341 = CARTESIAN_POINT ( 'NONE',  ( 164.7982306619007000, -121.3291441144015600, -274.5047962118251800 ) ) ;
#342 = CARTESIAN_POINT ( 'NONE',  ( 3072.414418530550800, -268.9604336234382900, -71.65971329026884000 ) ) ;
#343 = CARTESIAN_POINT ( 'NONE',  ( 3193.953791568882900, -388.9833038973835100, 73.37746749573179300 ) ) ;
#344 = CARTESIAN_POINT ( 'NONE',  ( 2322.115517620144100, -310.4224412663451200, 635.8529435316352200 ) ) ;
#345 = CARTESIAN_POINT ( 'NONE',  ( 218.9543979933610800, 102.6764426042016400, -443.5327902788290000 ) ) ;
#346 = CARTESIAN_POINT ( 'NONE',  ( 2756.045694921518100, -541.2754024904752400, -70.97182298760982600 ) ) ;
#347 = CARTESIAN_POINT ( 'NONE',  ( 1061.355435237922400, -348.1958377790681400, 467.2976757908674600 ) ) ;
#348 = CARTESIAN_POINT ( 'NONE',  ( 2905.311205738229500, -406.7209460015514500, -99.84457475499688400 ) ) ;
#349 = CARTESIAN_POINT ( 'NONE',  ( 2647.506062379399300, 442.1959726097663300, -552.3889243709537600 ) ) ;
#350 = SURFACE_STYLE_FILL_AREA ( #2333 ) ;
#351 = CARTESIAN_POINT ( 'NONE',  ( 108.4254982717045400, -133.7778430456611100, -566.8247449017771900 ) ) ;
#352 = CARTESIAN_POINT ( 'NONE',  ( 3070.071510555134000, -291.2724125544205000, -61.98407372142636300 ) ) ;
#353 = CARTESIAN_POINT ( 'NONE',  ( 2396.047790423289400, -299.8798024188743600, 7.044308840151915200 ) ) ;
#354 = CARTESIAN_POINT ( 'NONE',  ( 536.6730046060539500, 172.4617303503555100, 245.4272780573375600 ) ) ;
#355 = CARTESIAN_POINT ( 'NONE',  ( 3195.447968284101500, -193.3855087973198900, 66.21372259093008900 ) ) ;
#356 = CARTESIAN_POINT ( 'NONE',  ( 2913.058602738478800, -357.4093514646051500, 53.64274982952104400 ) ) ;
#357 = CARTESIAN_POINT ( 'NONE',  ( 2484.811580647903200, 597.7640015795150200, 378.6152865987966200 ) ) ;
#358 = CARTESIAN_POINT ( 'NONE',  ( -61.94123650696379700, 108.7436509782913000, -403.8920581914685500 ) ) ;
#359 = CARTESIAN_POINT ( 'NONE',  ( -62.43245932280328200, 101.6169966916318800, -180.1752205435168700 ) ) ;
#360 = CARTESIAN_POINT ( 'NONE',  ( 2618.581858289627700, 406.0499209653943400, 418.0085606876605200 ) ) ;
#361 = CARTESIAN_POINT ( 'NONE',  ( 875.4176662236719700, -430.9182465231791600, -392.3228281870228200 ) ) ;
#362 = PRODUCT_CONTEXT ( 'NONE', #2576, 'mechanical' ) ;
#363 = CARTESIAN_POINT ( 'NONE',  ( 828.9336421551297500, -234.9646976282108700, -533.2908317999646200 ) ) ;
#364 = CARTESIAN_POINT ( 'NONE',  ( 2512.259468964009100, -144.9141359597958900, 262.6357750398389600 ) ) ;
#365 = CARTESIAN_POINT ( 'NONE',  ( 885.3059058006292600, -169.4370905953257700, -247.5251434881892600 ) ) ;
#366 = CARTESIAN_POINT ( 'NONE',  ( 3186.026616436355700, 210.3039356309311400, -76.67367702320356700 ) ) ;
#367 = CARTESIAN_POINT ( 'NONE',  ( 1967.800643608884700, 545.7863516630791300, 204.2664826987025900 ) ) ;
#368 = CARTESIAN_POINT ( 'NONE',  ( 2479.128709820765800, -269.5405025664619000, 516.6774895345423600 ) ) ;
#369 = DIRECTION ( 'NONE',  ( -1.000000000000000000, -0.0000000000000000000, 0.0000000000000000000 ) ) ;
#370 = CARTESIAN_POINT ( 'NONE',  ( 2913.058602738325600, -416.2739075224484400, -66.47794835451715300 ) ) ;
#371 = CARTESIAN_POINT ( 'NONE',  ( 2758.035009248055800, 524.2813227968631500, -254.4342215877591400 ) ) ;
#372 = CARTESIAN_POINT ( 'NONE',  ( 201.3944709491654200, -509.9090920513600100, -282.1366020917331000 ) ) ;
#373 = CARTESIAN_POINT ( 'NONE',  ( 1363.503606075067600, 511.1654902847333200, -279.8528142002843400 ) ) ;
#374 = ORIENTED_EDGE ( 'NONE', *, *, #2407, .T. ) ;
#375 = CARTESIAN_POINT ( 'NONE',  ( 1030.441681961543100, 93.52055891879226100, 414.1905898548604900 ) ) ;
#376 = CARTESIAN_POINT ( 'NONE',  ( 2349.564110149684900, -277.0083277344279500, -115.0829984261211900 ) ) ;
#377 = CARTESIAN_POINT ( 'NONE',  ( 2935.222762715896400, -126.1933831036805900, -14.27904136924176700 ) ) ;
#378 = CARTESIAN_POINT ( 'NONE',  ( -61.94123650696378300, 163.5948939821157600, -245.1890524929250100 ) ) ;
#379 = CARTESIAN_POINT ( 'NONE',  ( 1735.379027789479300, -446.7463668881953800, 374.1993083987590600 ) ) ;
#380 = CARTESIAN_POINT ( 'NONE',  ( -912.4786724770601700, 0.0000000000000000000, 0.0000000000000000000 ) ) ;
#381 = CARTESIAN_POINT ( 'NONE',  ( 2572.097767339524600, 201.8207916100842300, 546.6953252007306200 ) ) ;
#382 = CARTESIAN_POINT ( 'NONE',  ( 59.95193435229460700, -382.2048285488608000, 395.3358946913620000 ) ) ;
#383 = VERTEX_POINT ( 'NONE', #3184 ) ;
#384 = CARTESIAN_POINT ( 'NONE',  ( 1781.863003179551700, -256.7795618564801400, 523.1367041973862800 ) ) ;
#385 = CARTESIAN_POINT ( 'NONE',  ( 2953.860368083510400, -93.79010790827287300, -284.9275489247227700 ) ) ;
#386 = CARTESIAN_POINT ( 'NONE',  ( 1977.688402698278000, 249.2333217498159000, 166.9139215341209300 ) ) ;
#387 = CARTESIAN_POINT ( 'NONE',  ( 3187.630143651208100, -210.0175695298616700, 76.49662886159187300 ) ) ;
#388 = CARTESIAN_POINT ( 'NONE',  ( 2525.613081696607000, -37.03751837823941900, 581.5804508844024700 ) ) ;
#389 = CARTESIAN_POINT ( 'NONE',  ( 2595.339636766300400, 310.6712530593217700, 493.0425735044831900 ) ) ;
#390 = CARTESIAN_POINT ( 'NONE',  ( 61.94123650696373300, 307.7213332981186200, -180.3963784427493800 ) ) ;
#391 = CARTESIAN_POINT ( 'NONE',  ( 3187.478672477060200, -11.40110498075880200, 99.34794816812313900 ) ) ;
#392 = CARTESIAN_POINT ( 'NONE',  ( 2285.519723658380400, -374.2439546804560600, 200.6027234723002600 ) ) ;
#393 = CARTESIAN_POINT ( 'NONE',  ( 588.8398500194769000, 239.8086796758640000, -350.4167660466767400 ) ) ;
#394 = CARTESIAN_POINT ( 'NONE',  ( 1071.243210503026800, -229.7255156080642000, 192.8826250403935200 ) ) ;
#395 = CARTESIAN_POINT ( 'NONE',  ( 2688.308433454536500, 573.9545967573027400, 100.9148515455192800 ) ) ;
#396 = CARTESIAN_POINT ( 'NONE',  ( 1502.956736312556600, -105.3848632203318700, -573.1507551643692300 ) ) ;
#397 = CARTESIAN_POINT ( 'NONE',  ( 95.07192497943364600, 56.92218293943840700, -287.6695704146874800 ) ) ;
#398 = CARTESIAN_POINT ( 'NONE',  ( -61.94123650696379000, 119.9427753087445900, -194.6341534985647900 ) ) ;
#399 = CARTESIAN_POINT ( 'NONE',  ( 2494.699381346197200, 304.2596785729984400, 296.1858475686171300 ) ) ;
#400 = ORIENTED_EDGE ( 'NONE', *, *, #118, .F. ) ;
#401 = CARTESIAN_POINT ( 'NONE',  ( 844.5038610431134900, -421.3630392499083500, 52.47210360708145100 ) ) ;
#402 = CARTESIAN_POINT ( 'NONE',  ( 2000.931205744592000, 278.3996459274312100, 111.6751173853922000 ) ) ;
#403 = CARTESIAN_POINT ( 'NONE',  ( -62.43245932280328200, 101.6169966916318800, -180.1752205435168700 ) ) ;
#404 = CARTESIAN_POINT ( 'NONE',  ( 3036.942343978378600, -394.8868687028291900, 210.4994084670908900 ) ) ;
#405 = CARTESIAN_POINT ( 'NONE',  ( 683.7981962873587900, 330.0300407113774700, 318.3911922578530500 ) ) ;
#406 = CARTESIAN_POINT ( 'NONE',  ( 2990.457135152888900, -479.1713658245075200, -330.9455658735427600 ) ) ;
#407 = CARTESIAN_POINT ( 'NONE',  ( 2107.253752801204000, 365.1600209643527800, -454.1648502353315300 ) ) ;
#408 = CARTESIAN_POINT ( 'NONE',  ( 218.9543979933611400, 199.3021327794794500, -348.2542320258600100 ) ) ;
#409 = CARTESIAN_POINT ( 'NONE',  ( 3138.948667581742900, -17.68167174820001000, 103.2309594460835700 ) ) ;
#410 = CARTESIAN_POINT ( 'NONE',  ( 2401.730653594198000, -15.13087632668688300, 424.3478062045223300 ) ) ;
#411 = CARTESIAN_POINT ( 'NONE',  ( -95.07192497943370300, 385.0381135569227200, -66.43732945278347300 ) ) ;
#412 = CARTESIAN_POINT ( 'NONE',  ( 681.8088664285991200, -98.59627392807516300, -413.0117641535836100 ) ) ;
#413 = CARTESIAN_POINT ( 'NONE',  ( 2256.594656733042900, -100.7555773008731700, -282.5346464735485500 ) ) ;
#414 = CARTESIAN_POINT ( 'NONE',  ( 1555.123115694395700, -615.6933206449638200, 348.7013481798354100 ) ) ;
#415 = CARTESIAN_POINT ( 'NONE',  ( -102.5660075094164900, 257.3544983789528300, 54.74763369901744900 ) ) ;
#416 = CARTESIAN_POINT ( 'NONE',  ( 3036.941397261658900, -137.5350240503095700, 177.3312653412857600 ) ) ;
#417 = CARTESIAN_POINT ( 'NONE',  ( 730.2824242867817500, 430.7412371402132300, 157.3344985773633200 ) ) ;
#418 = CARTESIAN_POINT ( 'NONE',  ( 95.07192497943368900, 51.51502657973360000, -286.9363988957420600 ) ) ;
#419 = CARTESIAN_POINT ( 'NONE',  ( 1125.399589909985000, -457.8886828353968800, 25.10035160009484700 ) ) ;
#420 = PRODUCT_RELATED_PRODUCT_CATEGORY ( 'part', '', ( #230 ) ) ;
#421 = CARTESIAN_POINT ( 'NONE',  ( 106.4361568508009300, -189.2089086020092200, 516.3044742290879900 ) ) ;
#422 = CARTESIAN_POINT ( 'NONE',  ( -61.94123650696378300, 128.2509615012112900, -201.5172910259399300 ) ) ;
#423 = CARTESIAN_POINT ( 'NONE',  ( 1588.254164154618400, -369.2081204829041200, 209.7267601632492500 ) ) ;
#424 = SHAPE_DEFINITION_REPRESENTATION ( #1444, #1332 ) ;
#425 = CARTESIAN_POINT ( 'NONE',  ( -15.45675980767026800, -109.4079797478691500, -410.1956625905695500 ) ) ;
#426 = CARTESIAN_POINT ( 'NONE',  ( 1694.576266923241300, 137.9700464581199800, 693.9994133746165500 ) ) ;
#427 = CARTESIAN_POINT ( 'NONE',  ( -212.4786724770602300, 200.0000000000000000, 100.0000000000000000 ) ) ;
#428 = CARTESIAN_POINT ( 'NONE',  ( 3193.954271123464400, -435.2969852274164900, 18.83289813904458800 ) ) ;
#429 = CARTESIAN_POINT ( 'NONE',  ( 753.5247603914735900, 453.9881088242768800, 64.71153954094747000 ) ) ;
#430 = CARTESIAN_POINT ( 'NONE',  ( -61.94123650696377600, 161.7377721547260300, -350.1904221682440800 ) ) ;
#431 = CARTESIAN_POINT ( 'NONE',  ( 3036.941397261658000, -568.5338454897654400, -107.1702293123527200 ) ) ;
#432 = AXIS2_PLACEMENT_3D ( 'NONE', #782, #1027, #508 ) ;
#433 = ADVANCED_FACE ( 'NONE', ( #2733 ), #796, .F. ) ;
#434 = CARTESIAN_POINT ( 'NONE',  ( 1896.084666857853600, -2.537398138237698700, -549.8764805525759100 ) ) ;
#435 = CARTESIAN_POINT ( 'NONE',  ( -218.9543979933612500, 269.9928421958454100, -413.7501840887812800 ) ) ;
#436 = CARTESIAN_POINT ( 'NONE',  ( 379.6601430728482600, 261.6307607664486500, 334.4390350002051400 ) ) ;
#437 = PRESENTATION_STYLE_ASSIGNMENT (( #3245 ) ) ;
#438 = CARTESIAN_POINT ( 'NONE',  ( 1834.029423683429300, 702.2507090696476600, 86.68845142629541600 ) ) ;
#439 = CARTESIAN_POINT ( 'NONE',  ( -212.4786724770602000, 0.0000000000000000000, -100.0000000000000000 ) ) ;
#440 = DIRECTION ( 'NONE',  ( 0.0000000000000000000, 0.0000000000000000000, 1.000000000000000000 ) ) ;
#441 = CARTESIAN_POINT ( 'NONE',  ( 1125.399589909985000, -457.8886828353968800, 25.10035160009484700 ) ) ;
#442 = CARTESIAN_POINT ( 'NONE',  ( 2641.824325918232300, 483.8200593161166100, 324.8469798254344600 ) ) ;
#443 = CARTESIAN_POINT ( 'NONE',  ( 1193.136644523474600, 421.9752477100066100, -47.29734849041153000 ) ) ;
#444 = CARTESIAN_POINT ( 'NONE',  ( 571.2800709027333100, -345.5769049650963300, -427.7237042377345800 ) ) ;
#445 = CARTESIAN_POINT ( 'NONE',  ( 218.9543979933612800, 121.7196860984684900, -435.1314626153355200 ) ) ;
#446 = ADVANCED_FACE ( 'NONE', ( #2932 ), #599, .F. ) ;
#447 = CARTESIAN_POINT ( 'NONE',  ( 263.4494746252024100, -157.2047592416771800, 394.4446971199395800 ) ) ;
#448 = CARTESIAN_POINT ( 'NONE',  ( 1926.999126467320800, 535.8339815151072100, -462.1183489094362900 ) ) ;
#449 =( BOUNDED_SURFACE ( )  B_SPLINE_SURFACE ( 3, 3, ( 
 ( #636, #1388, #2402, #114, #2683, #832, #293, #2602, #2349, #2614, #2834, #1039, #542, #1565, #1371 ),
 ( #352, #2647, #1231, #218, #2011, #99, #1655, #1874, #2218, #1962, #1186, #926, #2479, #689, #2195 ),
 ( #2964, #2735, #3234, #665, #939, #428, #1174, #1699, #171, #1709, #1197, #2985, #161, #3211, #1465 ),
 ( #2207, #677, #1453, #2723, #3246, #1428, #2455, #2974, #404, #1687, #2469, #150, #1951, #914, #416 ),
 ( #1938, #2710, #1440, #3224, #2268, #1768, #2785, #458, #3295, #1517, #1999, #2774, #1733, #990, #1244 ),
 ( #2518, #1219, #2761, #713, #3010, #1746, #219, #2012, #724, #482, #470, #1489, #1987, #195, #233 ),
 ( #975, #2254, #2530, #735, #206, #3283, #3034, #2244, #1756, #3271, #1232, #2506, #963, #3022, #1502 ) ),
 .UNSPECIFIED., .T., .F., .F. ) 
 B_SPLINE_SURFACE_WITH_KNOTS ( ( 4, 3, 4 ),
 ( 4, 1, 1, 1, 1, 1, 1, 1, 1, 1, 1, 1, 4 ),
 ( 0.0000000000000000000, 0.5000000000000000000, 1.000000000000000000 ),
 ( 0.0000000000000000000, 0.06907319844232752400, 0.1448615941842202600, 0.2270779165498379700, 0.3148503243135923900, 0.4067341657130256700, 0.5007830334961411700, 0.5947601119321818100, 0.6864518096793602600, 0.7739432093830230800, 0.8558339846223969000, 0.9312771037333215100, 1.000000000000000000 ),
 .UNSPECIFIED. ) 
 GEOMETRIC_REPRESENTATION_ITEM ( )  RATIONAL_B_SPLINE_SURFACE ( (
 ( 1.000000000000000000, 1.000000000000000000, 1.000000000000000000, 1.000000000000000200, 1.000000000000000000, 1.000000000000000200, 0.9999999999999996700, 0.9999999999999997800, 1.000000000000000000, 1.000000000000000200, 1.000000000000000000, 1.000000000000000200, 1.000000000000000200, 1.000000000000000000, 1.000000000000000000),
 ( 0.3333333333333333700, 0.3333333333333333700, 0.3333333333333333100, 0.3333333333333334800, 0.3333333333333333700, 0.3333333333333334300, 0.3333333333333332600, 0.3333333333333333100, 0.3333333333333333700, 0.3333333333333333700, 0.3333333333333333700, 0.3333333333333333700, 0.3333333333333335400, 0.3333333333333333700, 0.3333333333333333700),
 ( 0.3333333333333333700, 0.3333333333333333700, 0.3333333333333333100, 0.3333333333333334800, 0.3333333333333333700, 0.3333333333333334300, 0.3333333333333332600, 0.3333333333333333100, 0.3333333333333333700, 0.3333333333333333700, 0.3333333333333333700, 0.3333333333333333700, 0.3333333333333335400, 0.3333333333333333700, 0.3333333333333333700),
 ( 1.000000000000000000, 1.000000000000000000, 1.000000000000000000, 1.000000000000000200, 1.000000000000000000, 1.000000000000000200, 0.9999999999999996700, 0.9999999999999997800, 1.000000000000000000, 1.000000000000000200, 1.000000000000000000, 1.000000000000000200, 1.000000000000000200, 1.000000000000000000, 1.000000000000000000),
 ( 0.3333333333333333700, 0.3333333333333333700, 0.3333333333333333100, 0.3333333333333334800, 0.3333333333333333700, 0.3333333333333334300, 0.3333333333333332600, 0.3333333333333333100, 0.3333333333333333700, 0.3333333333333333700, 0.3333333333333333700, 0.3333333333333333700, 0.3333333333333335400, 0.3333333333333333700, 0.3333333333333333700),
 ( 0.3333333333333333700, 0.3333333333333333700, 0.3333333333333333100, 0.3333333333333334800, 0.3333333333333333700, 0.3333333333333334300, 0.3333333333333332600, 0.3333333333333333100, 0.3333333333333333700, 0.3333333333333333700, 0.3333333333333333700, 0.3333333333333333700, 0.3333333333333335400, 0.3333333333333333700, 0.3333333333333333700),
 ( 1.000000000000000000, 1.000000000000000000, 1.000000000000000000, 1.000000000000000200, 1.000000000000000000, 1.000000000000000200, 0.9999999999999996700, 0.9999999999999997800, 1.000000000000000000, 1.000000000000000200, 1.000000000000000000, 1.000000000000000200, 1.000000000000000200, 1.000000000000000000, 1.000000000000000000) ) ) 
 REPRESENTATION_ITEM ( '' )  SURFACE ( )  );
#450 = CARTESIAN_POINT ( 'NONE',  ( 95.07192497943361800, 45.98724821414788300, -294.0825109829851800 ) ) ;
#451 = LINE ( 'NONE', #762, #1191 ) ;
#452 = CARTESIAN_POINT ( 'NONE',  ( 3887.478672477059700, 6.269428228639932400E-012, -7.092726873930178800E-012 ) ) ;
#453 = CARTESIAN_POINT ( 'NONE',  ( 962.7044514456581500, -75.41722261278019300, -452.3328920986463100 ) ) ;
#454 = CARTESIAN_POINT ( 'NONE',  ( 2827.761585672180000, 275.8604633045922600, -513.3309057660137600 ) ) ;
#455 = CARTESIAN_POINT ( 'NONE',  ( 565.5976434057930600, 307.1843288152108500, -293.1516709313598300 ) ) ;
#456 = EDGE_CURVE ( 'NONE', #683, #223, #2495, .T. ) ;
#457 = CARTESIAN_POINT ( 'NONE',  ( 1588.254164154618400, -369.2081204829041200, 209.7267601632492500 ) ) ;
#458 = CARTESIAN_POINT ( 'NONE',  ( 2879.928489444455000, -511.4238020327925900, 291.2123000895346600 ) ) ;
#459 = CARTESIAN_POINT ( 'NONE',  ( 617.7644881579733500, -489.2612824150744500, -250.9872685176770200 ) ) ;
#460 = CARTESIAN_POINT ( 'NONE',  ( -95.07192497943368900, 122.1027386819507000, -690.8081067275825300 ) ) ;
#461 = CARTESIAN_POINT ( 'NONE',  ( -38.69938682774781600, -18.69921223518427300, -425.0968237248495100 ) ) ;
#462 = CARTESIAN_POINT ( 'NONE',  ( 695.1628538196588400, -428.3904138970721100, -563.1631221839489900 ) ) ;
#463 = CARTESIAN_POINT ( 'NONE',  ( -33.80123708168549300, -171.7639322576422100, 77.72190645040521400 ) ) ;
#464 = CARTESIAN_POINT ( 'NONE',  ( 218.9543979933611700, 139.7211787372338000, -168.0380380775823100 ) ) ;
#465 = CARTESIAN_POINT ( 'NONE',  ( 1869.149755603707700, -413.4290994307696100, 198.4166180922139800 ) ) ;
#466 = CARTESIAN_POINT ( 'NONE',  ( 381.6495948148710800, -432.6388119289600800, -152.0375810560827900 ) ) ;
#467 = CARTESIAN_POINT ( 'NONE',  ( 1495.285252200299500, -403.3423706458466400, -132.7214875357167900 ) ) ;
#468 = CARTESIAN_POINT ( 'NONE',  ( 1053.683529647383500, 177.2761031780801800, 385.8410636703430900 ) ) ;
#469 = FACE_OUTER_BOUND ( 'NONE', #1516, .T. ) ;
#470 = CARTESIAN_POINT ( 'NONE',  ( 2756.022436658548500, -273.0002634493473000, 194.1953221661810900 ) ) ;
#471 = CARTESIAN_POINT ( 'NONE',  ( 1012.881457463547600, 548.5729540268505400, 37.92109424141888500 ) ) ;
#472 = CARTESIAN_POINT ( 'NONE',  ( 2913.058602738467900, -417.4156117387359500, -48.75924005057553500 ) ) ;
#473 = CARTESIAN_POINT ( 'NONE',  ( 2913.058602738478800, -357.4093514646051500, 53.64274982952104400 ) ) ;
#474 = CARTESIAN_POINT ( 'NONE',  ( 402.9026067520942400, 325.2240922817133000, 273.0004391538154800 ) ) ;
#475 = CARTESIAN_POINT ( 'NONE',  ( 1012.881457463547600, 548.5729540268505400, 37.92109424141888500 ) ) ;
#476 = CARTESIAN_POINT ( 'NONE',  ( -198.0102992182312700, -198.8273760894351500, 99.07480654117905800 ) ) ;
#477 = CARTESIAN_POINT ( 'NONE',  ( 2961.532542673087800, 310.1959309719483100, -337.7442219444998300 ) ) ;
#478 = CARTESIAN_POINT ( 'NONE',  ( 2148.055994532579500, 450.2659585152310900, 86.90970430985810000 ) ) ;
#479 = CARTESIAN_POINT ( 'NONE',  ( 1588.254164154618400, -369.2081204829041200, 209.7267601632492500 ) ) ;
#480 = AXIS2_PLACEMENT_3D ( 'NONE', #1061, #63, #1839 ) ;
#481 = CARTESIAN_POINT ( 'NONE',  ( 1541.769440031708200, -422.5238979995637600, 42.11548391066070000 ) ) ;
#482 = CARTESIAN_POINT ( 'NONE',  ( 2756.052437229975100, -320.6227529846570400, 193.6363034225902300 ) ) ;
#483 = CARTESIAN_POINT ( 'NONE',  ( 1686.904993629687900, 524.9669368469154700, 163.6470424773487800 ) ) ;
#484 = CARTESIAN_POINT ( 'NONE',  ( 333.1760408744870600, 103.6571321955124500, 411.7707511148894900 ) ) ;
#485 = ORIENTED_EDGE ( 'NONE', *, *, #82, .F. ) ;
#486 = CARTESIAN_POINT ( 'NONE',  ( 1472.042880002304200, -367.1086947326762100, -213.3807939582962400 ) ) ;
#487 = CARTESIAN_POINT ( 'NONE',  ( 2174.990898296107400, -325.5229695864853700, 443.1763825516748600 ) ) ;
#488 = CARTESIAN_POINT ( 'NONE',  ( 94.95711800053767600, 43.10887186586753500, -291.8114887520267800 ) ) ;
#489 = CARTESIAN_POINT ( 'NONE',  ( 61.94123650696376200, 107.1702339133139500, -568.5339734699186900 ) ) ;
#490 = CARTESIAN_POINT ( 'NONE',  ( 2659.383942723930900, -141.3734483882217300, 436.2402113329270000 ) ) ;
#491 = CARTESIAN_POINT ( 'NONE',  ( 2496.688787026607300, -449.1654471402450200, -92.42861796654810300 ) ) ;
#492 = VERTEX_POINT ( 'NONE', #727 ) ;
#493 = CARTESIAN_POINT ( 'NONE',  ( 1750.949122808540600, 167.7536730660594300, 390.0754622386540400 ) ) ;
#494 = CARTESIAN_POINT ( 'NONE',  ( 555.7097669336923200, 400.3609725179736100, -583.4228074295720000 ) ) ;
#495 = UNCERTAINTY_MEASURE_WITH_UNIT (LENGTH_MEASURE( 1.000000000000000100E-005 ), #1046, 'distance_accuracy_value', 'NONE');
#496 = CARTESIAN_POINT ( 'NONE',  ( 2913.058602738402400, -414.8524180914482700, -24.71910555930741900 ) ) ;
#497 = CARTESIAN_POINT ( 'NONE',  ( 1309.347926683977900, 171.6166385955494600, -388.3911326368934200 ) ) ;
#498 = CARTESIAN_POINT ( 'NONE',  ( 2337.686223803099400, 404.5962745024934900, 372.3875568169431200 ) ) ;
#499 = CARTESIAN_POINT ( 'NONE',  ( 2217.782553590465300, 415.8327933104278600, -193.3282290013305300 ) ) ;
#500 = CARTESIAN_POINT ( 'NONE',  ( 1845.907484380653800, -445.5588734530607600, 108.4882750826516800 ) ) ;
#501 = CARTESIAN_POINT ( 'NONE',  ( 914.2304167421048100, -310.7586711241626700, 289.3599569291124600 ) ) ;
#502 = CARTESIAN_POINT ( 'NONE',  ( 207.0770463185308500, -393.1712568314775900, 588.2920426019145500 ) ) ;
#503 = CARTESIAN_POINT ( 'NONE',  ( 271.1210481409517600, -578.5342046664820800, 70.04085091632138900 ) ) ;
#504 = CARTESIAN_POINT ( 'NONE',  ( 77.51178346368035900, -377.1402240965410900, -195.1089865859023300 ) ) ;
#505 = CARTESIAN_POINT ( 'NONE',  ( 960.7151196917280900, -166.8375490195445300, 390.4678884455473200 ) ) ;
#506 = CARTESIAN_POINT ( 'NONE',  ( 1756.631551345904400, 521.3273057727116100, -174.8955697330390000 ) ) ;
#507 = CARTESIAN_POINT ( 'NONE',  ( 286.6914343002495700, -72.10246702905166700, 418.4511018544503100 ) ) ;
#508 = DIRECTION ( 'NONE',  ( 0.0000000000000000000, 0.0000000000000000000, -1.000000000000000000 ) ) ;
#509 = CARTESIAN_POINT ( 'NONE',  ( 1938.876315734053200, -218.8345563064254100, 402.9940472507680100 ) ) ;
#510 = CARTESIAN_POINT ( 'NONE',  ( 2217.782553590465300, 415.8327933104278600, -193.3282290013305300 ) ) ;
#511 = CARTESIAN_POINT ( 'NONE',  ( 2680.636928791563200, 264.9369102135892100, -331.8259156840658800 ) ) ;
#512 = CARTESIAN_POINT ( 'NONE',  ( 137.3505014905569800, -663.2687053700609600, 246.4666773000377000 ) ) ;
#513 = CARTESIAN_POINT ( 'NONE',  ( 410.5742003629431500, -114.9697763144505800, 571.3051090341973600 ) ) ;
#514 = ORIENTED_EDGE ( 'NONE', *, *, #2516, .F. ) ;
#515 = CARTESIAN_POINT ( 'NONE',  ( 1611.496000512782800, -317.7663767306417000, 281.6463905784937100 ) ) ;
#516 = CARTESIAN_POINT ( 'NONE',  ( 1919.326810446963000, -116.3678762022786100, -537.4281290686049000 ) ) ;
#517 = CARTESIAN_POINT ( 'NONE',  ( 2914.552265943959800, -211.6127533775217000, 38.53217621532276400 ) ) ;
#518 = CARTESIAN_POINT ( 'NONE',  ( 1326.908152948169100, 296.6697050904174400, 44.32615074150692200 ) ) ;
#519 = CARTESIAN_POINT ( 'NONE',  ( 2519.930815081765100, -458.5686311517333700, 2.602517734570548100 ) ) ;
#520 = CYLINDRICAL_SURFACE ( 'NONE', #1094, 99.99999999999987200 ) ;
#521 = CARTESIAN_POINT ( 'NONE',  ( 2192.550946324452500, -399.9637200178939300, -142.5799426460466200 ) ) ;
#522 = CARTESIAN_POINT ( 'NONE',  ( 416.2566793304299000, 679.5623604467875800, 197.1449002440034500 ) ) ;
#523 = CARTESIAN_POINT ( 'NONE',  ( 550.0273500763615900, 506.4063858710249500, 288.3749801636882400 ) ) ;
#524 = CARTESIAN_POINT ( 'NONE',  ( 1100.168243801621400, 318.4263695353304800, 280.8996032994163000 ) ) ;
#525 = CARTESIAN_POINT ( 'NONE',  ( 1123.410086841770400, 369.6995623536938100, 208.8597130810748300 ) ) ;
#526 = CARTESIAN_POINT ( 'NONE',  ( 183.8346755191706700, -506.4885320356694400, 494.1059338876615900 ) ) ;
#527 = EDGE_CURVE ( 'NONE', #2784, #96, #1129, .T. ) ;
#528 = CARTESIAN_POINT ( 'NONE',  ( 257.7666875536493200, -284.7236738985386600, -94.39453316703453800 ) ) ;
#529 = CARTESIAN_POINT ( 'NONE',  ( 2355.246276763386000, -185.7960746596789900, 381.8112290369313100 ) ) ;
#530 = CIRCLE ( 'NONE', #944, 100.0000000000000000 ) ;
#531 = CARTESIAN_POINT ( 'NONE',  ( 798.0195576103511700, -406.4780621743745400, -122.7830880845829000 ) ) ;
#532 = CARTESIAN_POINT ( 'NONE',  ( 300.0449837164001100, 171.8567215893301900, 686.3935044297131800 ) ) ;
#533 = CARTESIAN_POINT ( 'NONE',  ( -61.94123650696378300, 163.5948939821157600, -245.1890524929250100 ) ) ;
#534 = CARTESIAN_POINT ( 'NONE',  ( -123.9646004942159700, 230.4017909342461800, 76.01316342316552300 ) ) ;
#535 = CARTESIAN_POINT ( 'NONE',  ( 2322.115517620144100, -310.4224412663451200, 635.8529435316352200 ) ) ;
#536 = CARTESIAN_POINT ( 'NONE',  ( 1123.410086841770400, 369.6995623536937500, 208.8597130810748300 ) ) ;
#537 =( NAMED_UNIT ( * ) SI_UNIT ( $, .STERADIAN. ) SOLID_ANGLE_UNIT ( ) );
#538 = CARTESIAN_POINT ( 'NONE',  ( -87.32434059855862100, 60.83371371083282500, -698.5334410028765400 ) ) ;
#539 = CARTESIAN_POINT ( 'NONE',  ( 3128.785912611527700, -200.2340788744435500, -114.1503388100840800 ) ) ;
#540 = CARTESIAN_POINT ( 'NONE',  ( 908.5487788363203700, -217.0292945430770100, -207.0652430513005400 ) ) ;
#541 = CARTESIAN_POINT ( 'NONE',  ( 1867.160394000341700, 421.4848395733090500, 51.48293470015357800 ) ) ;
#542 = CARTESIAN_POINT ( 'NONE',  ( 2913.058602738476600, -238.5599280058694900, 56.16150394498585300 ) ) ;
#543 = CARTESIAN_POINT ( 'NONE',  ( 1843.918099687140100, 401.6832913871735400, 137.6610799313704400 ) ) ;
#544 = CARTESIAN_POINT ( 'NONE',  ( 602.1942249206406400, 129.5868390639897700, -695.6138625441115000 ) ) ;
#545 = CARTESIAN_POINT ( 'NONE',  ( -218.9543979933612500, 199.9430870442494100, -494.5789943608194200 ) ) ;
#546 = CARTESIAN_POINT ( 'NONE',  ( -33.80123708168549300, -171.7639322576422100, 77.72190645040521400 ) ) ;
#547 = CARTESIAN_POINT ( 'NONE',  ( 2159.420253133026100, -666.1939914850572700, -238.4457511832228200 ) ) ;
#548 = CARTESIAN_POINT ( 'NONE',  ( 798.0195576103511700, -406.4780621743745400, -122.7830880845829000 ) ) ;
#549 = CARTESIAN_POINT ( 'NONE',  ( 2570.108258631188600, 124.5850966152164100, -535.5842203206000200 ) ) ;
#550 = CARTESIAN_POINT ( 'NONE',  ( 2914.552265943959800, -211.6127533775217000, 38.53217621532276400 ) ) ;
#551 = CARTESIAN_POINT ( 'NONE',  ( 1140.969756023535600, -73.19249099888990900, 290.8958159678643900 ) ) ;
#552 = CARTESIAN_POINT ( 'NONE',  ( -195.7120771924614400, -36.86059706858725300, -548.1715814843715900 ) ) ;
#553 = CARTESIAN_POINT ( 'NONE',  ( 1797.433837274166500, 311.4368312437213700, 288.6296227836526200 ) ) ;
#554 = CARTESIAN_POINT ( 'NONE',  ( 2756.022436658548500, -273.0002634493473000, 194.1953221661810900 ) ) ;
#555 = CARTESIAN_POINT ( 'NONE',  ( 578.9512018736657000, 270.8475688735675800, -653.6913509641493600 ) ) ;
#556 = CARTESIAN_POINT ( 'NONE',  ( 61.94123650696375400, 119.3170809112957300, -565.0360707628671000 ) ) ;
#557 = CARTESIAN_POINT ( 'NONE',  ( -218.9543979933612300, 193.8983024033413500, -95.18579601414431600 ) ) ;
#558 = CARTESIAN_POINT ( 'NONE',  ( 805.6911053385728100, -119.4189232845188000, -570.3918416215368600 ) ) ;
#559 = CARTESIAN_POINT ( 'NONE',  ( 1402.316320431299300, -172.5278744211943800, -387.9874841881657500 ) ) ;
#560 = CARTESIAN_POINT ( 'NONE',  ( 2541.183791378416600, 398.1839155192730000, 147.4773359526423300 ) ) ;
#561 = CARTESIAN_POINT ( 'NONE',  ( 3187.478672477060200, 6.661338147750939200E-012, -7.327471962526033200E-012 ) ) ;
#562 = CARTESIAN_POINT ( 'NONE',  ( 1001.516666340409900, -299.1729300779563200, 21.75042287637937800 ) ) ;
#563 = VERTEX_POINT ( 'NONE', #2521 ) ;
#564 = CARTESIAN_POINT ( 'NONE',  ( 431.8269552758594000, 297.7345565384950400, -462.3041633073173700 ) ) ;
#565 = CARTESIAN_POINT ( 'NONE',  ( 1890.402246843528900, 423.0089088681412500, -36.92728967445302100 ) ) ;
#566 = CARTESIAN_POINT ( 'NONE',  ( 2756.045694921612300, -539.9981329068213000, -72.77600842461063700 ) ) ;
#567 = CARTESIAN_POINT ( 'NONE',  ( 1090.280298360160500, 615.6217681013484900, 348.8284483747705700 ) ) ;
#568 = CARTESIAN_POINT ( 'NONE',  ( -38.69938682774781600, -18.69921223518427300, -425.0968237248495100 ) ) ;
#569 = CARTESIAN_POINT ( 'NONE',  ( -44.78117057507183300, 42.50293848855188400, 66.46542824515920200 ) ) ;
#570 = CARTESIAN_POINT ( 'NONE',  ( 1828.347534558495200, -22.75354399955214600, 582.3141763209314400 ) ) ;
#571 = CARTESIAN_POINT ( 'NONE',  ( 1611.496000512782800, -317.7663767306416400, 281.6463905784937100 ) ) ;
#572 = CARTESIAN_POINT ( 'NONE',  ( 457.0583078476418000, 126.4095295898106000, 568.8834104917340300 ) ) ;
#573 = CARTESIAN_POINT ( 'NONE',  ( 2915.822899625887700, -172.7150191533068000, 14.48333695233353100 ) ) ;
#574 = CARTESIAN_POINT ( 'NONE',  ( 2070.657786866082900, 291.0500410831277200, -72.57803841036981400 ) ) ;
#575 = CARTESIAN_POINT ( 'NONE',  ( 733.9752058815980700, -463.2074854370465000, 296.3260162971097300 ) ) ;
#576 = CARTESIAN_POINT ( 'NONE',  ( 815.5793251986260700, 7.678211445516565100, -299.8644095932669400 ) ) ;
#577 = CARTESIAN_POINT ( 'NONE',  ( 3036.941140506668900, -450.2035529650881900, 182.2948837926333900 ) ) ;
#578 = CARTESIAN_POINT ( 'NONE',  ( 1252.975196604409800, 414.5584692046630300, -573.4214958738165300 ) ) ;
#579 = CARTESIAN_POINT ( 'NONE',  ( -95.07192497943366000, 415.7969534376378000, -475.3772823641800800 ) ) ;
#580 = CARTESIAN_POINT ( 'NONE',  ( 61.94123650696374700, 213.6767058318305900, -68.58968059316188700 ) ) ;
#581 = ORIENTED_EDGE ( 'NONE', *, *, #2031, .T. ) ;
#582 = CARTESIAN_POINT ( 'NONE',  ( 1595.925897553155900, -495.4489686379809000, -306.8187856304878700 ) ) ;
#583 = CARTESIAN_POINT ( 'NONE',  ( -212.4786724770602000, 0.0000000000000000000, -100.0000000000000000 ) ) ;
#584 = CARTESIAN_POINT ( 'NONE',  ( 573.2695518086054600, 555.1517987935003500, 177.2396994106834100 ) ) ;
#585 = CARTESIAN_POINT ( 'NONE',  ( 596.5114254808418100, 579.8232006706447200, 58.41893834112946800 ) ) ;
#586 = CARTESIAN_POINT ( 'NONE',  ( 2791.165602905574800, 272.8480996783949300, -124.6256213851912000 ) ) ;
#587 = CARTESIAN_POINT ( 'NONE',  ( 292.3738394956014300, 532.3647635003796900, 137.6909764739674800 ) ) ;
#588 = CARTESIAN_POINT ( 'NONE',  ( 397.2198456100666700, -178.9420433712084800, 240.7432884292935300 ) ) ;
#589 = CARTESIAN_POINT ( 'NONE',  ( 2680.636928791563200, 264.9369102135892100, -331.8259156840658800 ) ) ;
#590 = CARTESIAN_POINT ( 'NONE',  ( 2879.928489445055700, -580.1933281448089000, 236.7080417527587300 ) ) ;
#591 = CARTESIAN_POINT ( 'NONE',  ( 1462.154824260841500, -671.8452486062610700, -222.0244636130879900 ) ) ;
#592 = CARTESIAN_POINT ( 'NONE',  ( -61.94123650696379000, 151.9439373606254300, -224.8190127061672900 ) ) ;
#593 = CARTESIAN_POINT ( 'NONE',  ( -191.6799252592085500, 1.685950541230128300, 98.66979480924074200 ) ) ;
#594 = CARTESIAN_POINT ( 'NONE',  ( 666.2379849731664800, 504.1435817045345400, -292.3131387578429800 ) ) ;
#595 = CARTESIAN_POINT ( 'NONE',  ( 2703.879034067257600, 190.4675125357092000, -379.5024259260121100 ) ) ;
#596 = CARTESIAN_POINT ( 'NONE',  ( 2624.264683060212500, 547.0135324227447900, -448.8290259229270300 ) ) ;
#597 = DIRECTION ( 'NONE',  ( 1.000000000000000000, 0.0000000000000000000, 0.0000000000000000000 ) ) ;
#598 = CARTESIAN_POINT ( 'NONE',  ( 805.6911053385728100, -119.4189232845188000, -570.3918416215368600 ) ) ;
#599 =( BOUNDED_SURFACE ( )  B_SPLINE_SURFACE ( 3, 3, ( 
 ( #208, #2764, #472, #1399, #916, #2905, #1112, #356, #2147, #2916, #1122, #1644, #2401, #1375, #3162 ),
 ( #3173, #614, #113, #869, #1387, #2662, #1900, #1634, #101, #1888, #1062, #1876, #603, #1073, #1578 ),
 ( #2847, #1840, #2084, #38, #1086, #2883, #2110, #343, #3136, #89, #1612, #3150, #1351, #2870, #2390 ),
 ( #76, #320, #836, #2340, #1592, #1336, #1601, #577, #3123, #1853, #2628, #1323, #2366, #332, #64 ),
 ( #1864, #296, #3100, #308, #2094, #2123, #590, #2640, #2377, #857, #2134, #848, #1100, #2859, #2895 ),
 ( #1363, #566, #1622, #2352, #809, #821, #3111, #2651, #1311, #1828, #554, #2604, #51, #2617, #1268 ),
 ( #3046, #2797, #1257, #496, #1789, #2258, #2289, #473, #1541, #1770, #3318, #1531, #2807, #2014, #2299 ) ),
 .UNSPECIFIED., .T., .F., .F. ) 
 B_SPLINE_SURFACE_WITH_KNOTS ( ( 4, 3, 4 ),
 ( 4, 1, 1, 1, 1, 1, 1, 1, 1, 1, 1, 1, 4 ),
 ( 0.0000000000000000000, 0.5000000000000000000, 1.000000000000000000 ),
 ( 0.0000000000000000000, 0.06907319844232752400, 0.1448615941842202600, 0.2270779165498379700, 0.3148503243135923900, 0.4067341657130256700, 0.5007830334961411700, 0.5947601119321818100, 0.6864518096793602600, 0.7739432093830230800, 0.8558339846223969000, 0.9312771037333215100, 1.000000000000000000 ),
 .UNSPECIFIED. ) 
 GEOMETRIC_REPRESENTATION_ITEM ( )  RATIONAL_B_SPLINE_SURFACE ( (
 ( 1.000000000000000000, 1.000000000000000000, 1.000000000000000000, 1.000000000000000200, 1.000000000000000000, 1.000000000000000200, 0.9999999999999996700, 0.9999999999999997800, 1.000000000000000000, 1.000000000000000200, 1.000000000000000000, 1.000000000000000200, 1.000000000000000200, 1.000000000000000000, 1.000000000000000000),
 ( 0.3333333333333333700, 0.3333333333333333700, 0.3333333333333333100, 0.3333333333333334800, 0.3333333333333333700, 0.3333333333333334300, 0.3333333333333332600, 0.3333333333333333100, 0.3333333333333333700, 0.3333333333333333700, 0.3333333333333333700, 0.3333333333333333700, 0.3333333333333335400, 0.3333333333333333700, 0.3333333333333333700),
 ( 0.3333333333333333700, 0.3333333333333333700, 0.3333333333333333100, 0.3333333333333334800, 0.3333333333333333700, 0.3333333333333334300, 0.3333333333333332600, 0.3333333333333333100, 0.3333333333333333700, 0.3333333333333333700, 0.3333333333333333700, 0.3333333333333333700, 0.3333333333333335400, 0.3333333333333333700, 0.3333333333333333700),
 ( 1.000000000000000000, 1.000000000000000000, 1.000000000000000000, 1.000000000000000200, 1.000000000000000000, 1.000000000000000200, 0.9999999999999996700, 0.9999999999999997800, 1.000000000000000000, 1.000000000000000200, 1.000000000000000000, 1.000000000000000200, 1.000000000000000200, 1.000000000000000000, 1.000000000000000000),
 ( 0.3333333333333333700, 0.3333333333333333700, 0.3333333333333333100, 0.3333333333333334800, 0.3333333333333333700, 0.3333333333333334300, 0.3333333333333332600, 0.3333333333333333100, 0.3333333333333333700, 0.3333333333333333700, 0.3333333333333333700, 0.3333333333333333700, 0.3333333333333335400, 0.3333333333333333700, 0.3333333333333333700),
 ( 0.3333333333333333700, 0.3333333333333333700, 0.3333333333333333100, 0.3333333333333334800, 0.3333333333333333700, 0.3333333333333334300, 0.3333333333333332600, 0.3333333333333333100, 0.3333333333333333700, 0.3333333333333333700, 0.3333333333333333700, 0.3333333333333333700, 0.3333333333333335400, 0.3333333333333333700, 0.3333333333333333700),
 ( 1.000000000000000000, 1.000000000000000000, 1.000000000000000000, 1.000000000000000200, 1.000000000000000000, 1.000000000000000200, 0.9999999999999996700, 0.9999999999999997800, 1.000000000000000000, 1.000000000000000200, 1.000000000000000000, 1.000000000000000200, 1.000000000000000200, 1.000000000000000000, 1.000000000000000000) ) ) 
 REPRESENTATION_ITEM ( '' )  SURFACE ( )  );
#600 = CARTESIAN_POINT ( 'NONE',  ( 1768.508724324042800, -234.3899829438399300, 187.1866446719432400 ) ) ;
#601 = CARTESIAN_POINT ( 'NONE',  ( 188.0401136566557100, -175.4439582851579800, -243.2528243131285100 ) ) ;
#602 = CARTESIAN_POINT ( 'NONE',  ( 3108.529749802917200, -211.9407763090540300, -106.9125782947127200 ) ) ;
#603 = CARTESIAN_POINT ( 'NONE',  ( 3070.328171883255000, -279.9958379665066000, -62.75309682290205900 ) ) ;
#604 = CARTESIAN_POINT ( 'NONE',  ( 2391.842108417315100, 120.8972340433522000, 697.1764017116338400 ) ) ;
#605 = CARTESIAN_POINT ( 'NONE',  ( -61.94123650696380400, 66.47794375361736700, -416.2737795422888800 ) ) ;
#606 = CARTESIAN_POINT ( 'NONE',  ( -148.4094965463189900, 10.08272088311764100, -107.9552082506017600 ) ) ;
#607 = CARTESIAN_POINT ( 'NONE',  ( 1479.714762247769600, 15.60587661384605000, -582.5495243629994800 ) ) ;
#608 = CARTESIAN_POINT ( 'NONE',  ( 2401.730653594198000, -15.13087632668688100, 424.3478062045223900 ) ) ;
#609 = CARTESIAN_POINT ( 'NONE',  ( 224.6367756512844900, -557.2844597401455100, -170.4143663213349700 ) ) ;
#610 = CARTESIAN_POINT ( 'NONE',  ( 1061.355435237922400, -348.1958377790681400, 467.2976757908674600 ) ) ;
#611 = CARTESIAN_POINT ( 'NONE',  ( 2535.500928401080700, -87.37803857843511000, 286.9540088169442200 ) ) ;
#612 = CARTESIAN_POINT ( 'NONE',  ( 3100.985672795316100, -223.3733285706053700, -400.5065115902265800 ) ) ;
#613 = CARTESIAN_POINT ( 'NONE',  ( 3069.324994674095700, -278.3378620989815900, -65.86204217636411300 ) ) ;
#614 = CARTESIAN_POINT ( 'NONE',  ( 3070.071510555038900, -294.5650052872857700, -38.69611224942520500 ) ) ;
#615 = CARTESIAN_POINT ( 'NONE',  ( 2089.693709742594800, -400.2407317949963500, -583.5050762124585600 ) ) ;
#616 = PLANE ( 'NONE',  #243 ) ;
#617 = CARTESIAN_POINT ( 'NONE',  ( 59.76598577910436200, 178.9586655841055500, -41.19734836209234900 ) ) ;
#618 = CIRCLE ( 'NONE', #1096, 99.99999999999987200 ) ;
#619 = CARTESIAN_POINT ( 'NONE',  ( 2781.277441754306900, 460.2168854668300400, -357.5022005441695700 ) ) ;
#620 = CARTESIAN_POINT ( 'NONE',  ( 945.1442275846277400, -579.0626703133300500, -65.52987575671400600 ) ) ;
#621 = CARTESIAN_POINT ( 'NONE',  ( 945.1442275846277400, -579.0626703133300500, -65.52987575671400600 ) ) ;
#622 = CARTESIAN_POINT ( 'NONE',  ( 1536.087824099330200, -47.33960552378150800, -296.2037756573936300 ) ) ;
#623 = CARTESIAN_POINT ( 'NONE',  ( 745.8527447630941700, 181.8828028132330400, -238.5293687860360900 ) ) ;
#624 = CARTESIAN_POINT ( 'NONE',  ( 3090.267191512276000, 174.6542260334613600, 129.9652900305750600 ) ) ;
#625 = CARTESIAN_POINT ( 'NONE',  ( 2479.128709820765800, -269.5405025664619000, 516.6774895345423600 ) ) ;
#626 = CARTESIAN_POINT ( 'NONE',  ( 1619.167871147108100, -548.2519128031343600, -197.5533956258165900 ) ) ;
#627 = DIRECTION ( 'NONE',  ( -1.000000000000000000, 2.205967590111317200E-015, 2.531553851092364800E-016 ) ) ;
#628 = CARTESIAN_POINT ( 'NONE',  ( 61.94123650696374700, 213.6767058318305900, -68.58968059316188700 ) ) ;
#629 = CARTESIAN_POINT ( 'NONE',  ( 2293.191528487865500, -487.7700191101325200, -318.8852827847960600 ) ) ;
#630 = EDGE_CURVE ( 'NONE', #1269, #817, #1438, .T. ) ;
#631 = CARTESIAN_POINT ( 'NONE',  ( 2554.538132389342500, 706.2541523557924800, -43.31737227295639100 ) ) ;
#632 = CARTESIAN_POINT ( 'NONE',  ( 1595.925897553155900, -495.4489686379809000, -306.8187856304878700 ) ) ;
#633 = CARTESIAN_POINT ( 'NONE',  ( 1193.136644523474600, 421.9752477100066100, -47.29734849041153000 ) ) ;
#634 = CARTESIAN_POINT ( 'NONE',  ( 2372.806393250832600, -294.8370187360432600, -55.21594689224841800 ) ) ;
#635 = CARTESIAN_POINT ( 'NONE',  ( 3181.096739139916700, -11.68431209922989600, 99.52304326338101200 ) ) ;
#636 = CARTESIAN_POINT ( 'NONE',  ( 2913.058602738325600, -416.2739075224482700, -66.47794835451811900 ) ) ;
#637 = CARTESIAN_POINT ( 'NONE',  ( -61.94123650696380400, 171.8851068568388900, -269.8945515301224400 ) ) ;
#638 = CARTESIAN_POINT ( 'NONE',  ( 1131.081989805978300, -8.455858692752388000, 582.6971448584331500 ) ) ;
#639 = CARTESIAN_POINT ( 'NONE',  ( 61.94123650696374000, 226.7607438494720200, -79.66522243802505400 ) ) ;
#640 = ADVANCED_FACE ( 'NONE', ( #1458 ), #2231, .T. ) ;
#641 = CARTESIAN_POINT ( 'NONE',  ( 2386.159971798925200, -563.8450016468633500, 147.2630189794619200 ) ) ;
#642 = B_SPLINE_CURVE_WITH_KNOTS ( 'NONE', 3,
 ( #2704, #2182, #1422, #891, #2694, #3196, #919, #409, #1168, #909, #391 ),
 .UNSPECIFIED., .F., .F.,
 ( 4, 1, 1, 1, 1, 1, 1, 1, 4 ),
 ( 0.0000000000000000000, 0.1310038109028284500, 0.2704835234952268100, 0.4156855244358762500, 0.5630748974725337000, 0.6780326435055935600, 0.7901374509886026600, 0.8978491610507430800, 1.000000000000000000 ),
 .UNSPECIFIED. ) ;
#643 = CARTESIAN_POINT ( 'NONE',  ( 2471.457222529656100, 236.3191106539477500, 352.7793610130492000 ) ) ;
#644 = CARTESIAN_POINT ( 'NONE',  ( 1433.230170932237100, 250.3405682213433200, -526.2483795188518300 ) ) ;
#645 = CARTESIAN_POINT ( 'NONE',  ( 77.51178346368035900, -377.1402240965411500, -195.1089865859023300 ) ) ;
#646 = CARTESIAN_POINT ( 'NONE',  ( 2489.017270857713400, -196.1669741735810500, 226.9278157142553600 ) ) ;
#647 = CARTESIAN_POINT ( 'NONE',  ( 2756.045694921517700, -155.7622686305113600, 149.6497189656784600 ) ) ;
#648 = CARTESIAN_POINT ( 'NONE',  ( 1944.558719275123400, 491.6465166663810500, 312.8755826629608800 ) ) ;
#649 = CARTESIAN_POINT ( 'NONE',  ( 1851.589571262224400, 98.34352554730629900, 574.4008214432831200 ) ) ;
#650 = CARTESIAN_POINT ( 'NONE',  ( 218.9543979933613100, 206.9396171922460300, -316.7047841535695600 ) ) ;
#651 = CARTESIAN_POINT ( 'NONE',  ( 2610.910360134809700, 409.1029209792747600, -113.7312204753230000 ) ) ;
#652 = CARTESIAN_POINT ( 'NONE',  ( 821.2619938850186800, -423.0941575160816200, -35.93430701073204100 ) ) ;
#653 = ADVANCED_FACE ( 'NONE', ( #9 ), #3251, .T. ) ;
#654 = CARTESIAN_POINT ( 'NONE',  ( 1419.875951381629600, 232.0752328491407500, -190.0489249978498900 ) ) ;
#655 = CARTESIAN_POINT ( 'NONE',  ( -79.46056378098406000, 61.53529561829892500, -148.5509910549578500 ) ) ;
#656 = CARTESIAN_POINT ( 'NONE',  ( 2734.792747174800300, 565.6097358203512600, -140.3326394958737400 ) ) ;
#657 = CARTESIAN_POINT ( 'NONE',  ( 1433.230170932237100, 250.3405682213433200, -526.2483795188518300 ) ) ;
#658 = CARTESIAN_POINT ( 'NONE',  ( 95.07192497943361800, 75.83913298094420000, -287.0038408705218600 ) ) ;
#659 = CARTESIAN_POINT ( 'NONE',  ( 3187.478672477060200, -99.99999999999320700, -7.197852950236631600E-012 ) ) ;
#660 = CARTESIAN_POINT ( 'NONE',  ( 2657.394458048358500, 327.9176437785192800, -269.7594566205813200 ) ) ;
#661 = ORIENTED_EDGE ( 'NONE', *, *, #2229, .F. ) ;
#662 = CARTESIAN_POINT ( 'NONE',  ( 240.2070055445152000, -235.4905126099820300, 353.3331965359094500 ) ) ;
#663 = CARTESIAN_POINT ( 'NONE',  ( 2117.141527451546600, 236.6694201379546000, -184.2962134100610300 ) ) ;
#664 = CARTESIAN_POINT ( 'NONE',  ( -185.3495513001858800, 202.1992771718953700, -101.7352169226975900 ) ) ;
#665 = CARTESIAN_POINT ( 'NONE',  ( 3193.954303082406100, -452.2695810584449400, -43.02378949068104700 ) ) ;
#666 = CARTESIAN_POINT ( 'NONE',  ( 660.5558582890661200, 256.9311133107085500, 379.8401579510526700 ) ) ;
#667 = CARTESIAN_POINT ( 'NONE',  ( 1991.042709108003900, 576.2583337924389800, 86.79907786807672200 ) ) ;
#668 = CARTESIAN_POINT ( 'NONE',  ( 2200.222420164072900, -91.28739764144326300, -575.5643716729594000 ) ) ;
#669 = VERTEX_POINT ( 'NONE', #2150 ) ;
#670 = CARTESIAN_POINT ( 'NONE',  ( 61.94123650696373300, 307.5495431085587400, -411.8157571950199000 ) ) ;
#671 = CARTESIAN_POINT ( 'NONE',  ( 2703.879034067257600, 190.4675125357092000, -379.5024259260121100 ) ) ;
#672 = CARTESIAN_POINT ( 'NONE',  ( 61.94123650696374700, 213.6767058318305300, -68.58968059316183000 ) ) ;
#673 = CARTESIAN_POINT ( 'NONE',  ( 1262.863202685892000, 314.2861970232941100, -285.5246708129598100 ) ) ;
#674 = CARTESIAN_POINT ( 'NONE',  ( 1187.455032857055100, 50.97094735670005900, 295.6005539409268300 ) ) ;
#675 = CARTESIAN_POINT ( 'NONE',  ( 625.4363104587962400, -17.29237151153344200, -707.3698031812811000 ) ) ;
#676 = CARTESIAN_POINT ( 'NONE',  ( -161.9887794919536100, 207.4644384529717300, 94.11060138869689200 ) ) ;
#677 = CARTESIAN_POINT ( 'NONE',  ( 3036.941397261610300, -570.6839726435006200, -90.15530456760302500 ) ) ;
#678 = ORIENTED_EDGE ( 'NONE', *, *, #1107, .F. ) ;
#679 = CARTESIAN_POINT ( 'NONE',  ( 1427.548086308885800, 426.7504963624126000, 167.8580681004235700 ) ) ;
#680 = CARTESIAN_POINT ( 'NONE',  ( -61.94123650696380400, 76.91665721314180400, -413.5467296088629000 ) ) ;
#681 = CARTESIAN_POINT ( 'NONE',  ( 2618.581858289627700, 406.0499209653943400, 418.0085606876605200 ) ) ;
#682 = CARTESIAN_POINT ( 'NONE',  ( 222.6472815396423900, 350.7997911825417000, 423.4507919430724900 ) ) ;
#683 = VERTEX_POINT ( 'NONE', #2908 ) ;
#684 = CARTESIAN_POINT ( 'NONE',  ( -95.07192497943364600, 457.7966328801490500, -302.4834036529695700 ) ) ;
#685 = CARTESIAN_POINT ( 'NONE',  ( 1657.980722345475900, -176.3698985561189000, 386.2558888736069200 ) ) ;
#686 = CARTESIAN_POINT ( 'NONE',  ( 705.0507511810458300, -181.9976443530377400, -383.6365224336197500 ) ) ;
#687 = CARTESIAN_POINT ( 'NONE',  ( 1345.943398959132500, -146.4760078975246500, -692.2540302886279700 ) ) ;
#688 = CARTESIAN_POINT ( 'NONE',  ( 3036.941397261658000, -568.5338454897654400, -107.1702293123527200 ) ) ;
#689 = CARTESIAN_POINT ( 'NONE',  ( 3069.568088763045100, -316.6524494361368600, -43.82269676100891300 ) ) ;
#690 = CARTESIAN_POINT ( 'NONE',  ( 474.6185027621180600, -403.1952608852353700, 218.4635655059381100 ) ) ;
#691 = CARTESIAN_POINT ( 'NONE',  ( -61.94123650696381100, 147.0699192162865600, -372.8707035996889700 ) ) ;
#692 = CARTESIAN_POINT ( 'NONE',  ( 683.7981962873587900, 330.0300407113774700, 318.3911922578530500 ) ) ;
#693 = EDGE_CURVE ( 'NONE', #1505, #683, #618, .T. ) ;
#694 = CARTESIAN_POINT ( 'NONE',  ( 1826.358109087492000, 320.0600144733681400, -447.1377731452968800 ) ) ;
#695 = CARTESIAN_POINT ( 'NONE',  ( 218.9543979933612500, 185.8288040617309500, -376.8912527037577400 ) ) ;
#696 = CARTESIAN_POINT ( 'NONE',  ( 426.1445377633461400, 374.7138869023844400, 199.7238239529858700 ) ) ;
#697 = CARTESIAN_POINT ( 'NONE',  ( 1438.913166136086100, -611.2948005977918900, -356.3567333585961000 ) ) ;
#698 = B_SPLINE_CURVE_WITH_KNOTS ( 'NONE', 3,
 ( #2237, #1740, #1671, #2190, #1692, #247, #3152, #3175, #1624, #2675, #91, #3186, #1114, #1903, #870 ),
 .UNSPECIFIED., .F., .F.,
 ( 4, 1, 1, 1, 1, 1, 1, 1, 1, 1, 1, 1, 4 ),
 ( 0.0000000000000000000, 0.06907319844232752400, 0.1448615941842202600, 0.2270779165498379700, 0.3148503243135923900, 0.4067341657130256700, 0.5007830334961411700, 0.5947601119321818100, 0.6864518096793602600, 0.7739432093830230800, 0.8558339846223969000, 0.9312771037333215100, 1.000000000000000000 ),
 .UNSPECIFIED. ) ;
#699 = CARTESIAN_POINT ( 'NONE',  ( -210.6710471362766300, -199.8540293507657600, -100.1151699949444000 ) ) ;
#700 = CARTESIAN_POINT ( 'NONE',  ( 1078.915254918155600, -428.7781509643759800, -162.6085282670552500 ) ) ;
#701 = CARTESIAN_POINT ( 'NONE',  ( 2897.488162861401200, -77.13180308170650800, -577.6321929042840100 ) ) ;
#702 = CARTESIAN_POINT ( 'NONE',  ( 1239.621366168603800, 366.6066307565863600, -214.2417318773315500 ) ) ;
#703 = CARTESIAN_POINT ( 'NONE',  ( 1059.365974778815100, 516.8782836608642100, -187.6370423726464800 ) ) ;
#704 = EDGE_LOOP ( 'NONE', ( #1745, #2668 ) ) ;
#705 = CARTESIAN_POINT ( 'NONE',  ( -95.07192497943370300, 368.4624269097890900, -548.9616168480015400 ) ) ;
#706 = CARTESIAN_POINT ( 'NONE',  ( 2953.860368083510400, -93.79010790827287300, -284.9275489247227700 ) ) ;
#707 = CARTESIAN_POINT ( 'NONE',  ( 1787.546001188230100, 606.8757369903933100, 363.8313857910028400 ) ) ;
#708 = CARTESIAN_POINT ( 'NONE',  ( 3036.941397261658900, -137.5350240503095700, 177.3312653412857600 ) ) ;
#709 = CARTESIAN_POINT ( 'NONE',  ( 335.1653724073981900, -333.9032432685514800, -314.3284790121289800 ) ) ;
#710 = CARTESIAN_POINT ( 'NONE',  ( 962.7044514456581500, -75.41722261278019300, -452.3328920986463100 ) ) ;
#711 = CARTESIAN_POINT ( 'NONE',  ( 658.5664191527043800, -10.91872795160985300, -424.4771967385190700 ) ) ;
#712 = CARTESIAN_POINT ( 'NONE',  ( 1681.222561440336200, -92.54819698102512900, 414.4092079586452000 ) ) ;
#713 = CARTESIAN_POINT ( 'NONE',  ( 2756.045696917575700, -534.8230892522498200, 7.092627823166644400 ) ) ;
#714 = CARTESIAN_POINT ( 'NONE',  ( 1222.061149392482500, -129.5218948781670500, -534.4103259059109000 ) ) ;
#715 = CARTESIAN_POINT ( 'NONE',  ( -95.07192497943366000, 295.9404191188939400, 23.97553936388342800 ) ) ;
#716 = CARTESIAN_POINT ( 'NONE',  ( 2558.743850927545700, -26.05108503642659900, 298.8294808127361100 ) ) ;
#717 = CARTESIAN_POINT ( 'NONE',  ( 1043.795568689221700, 421.4471368504584900, 568.3777675102290900 ) ) ;
#718 = CARTESIAN_POINT ( 'NONE',  ( 147.2383330595286000, -419.9482504234900400, 62.79714441866391900 ) ) ;
#719 =( LENGTH_UNIT ( ) NAMED_UNIT ( * ) SI_UNIT ( .MILLI., .METRE. ) );
#720 = CARTESIAN_POINT ( 'NONE',  ( 2519.930815081765100, -458.5686311517333700, 2.602517734570548100 ) ) ;
#721 = CARTESIAN_POINT ( 'NONE',  ( 497.8605736156941400, -349.2062953199989000, 297.2326275482171800 ) ) ;
#722 = CARTESIAN_POINT ( 'NONE',  ( 728.2929883516811700, -257.5069977802110700, -337.6244238629619200 ) ) ;
#723 = CARTESIAN_POINT ( 'NONE',  ( 914.2304167421048100, -310.7586711241626700, 289.3599569291124600 ) ) ;
#724 = CARTESIAN_POINT ( 'NONE',  ( 2756.043801487959600, -370.8179902303334100, 183.5708068087208700 ) ) ;
#725 = CARTESIAN_POINT ( 'NONE',  ( 1315.030148585234200, -482.9545266924877200, -262.9187416864047000 ) ) ;
#726 = CARTESIAN_POINT ( 'NONE',  ( -61.94123650696380400, 76.91665721314180400, -413.5467296088629000 ) ) ;
#727 = CARTESIAN_POINT ( 'NONE',  ( 61.94123650696374700, 213.6767058318305900, -68.58968059316188700 ) ) ;
#728 = CARTESIAN_POINT ( 'NONE',  ( 1727.707280054016300, 83.32761291488125700, 416.3609788150378100 ) ) ;
#729 = CARTESIAN_POINT ( 'NONE',  ( 1570.693975715033700, 122.9541338256949700, 535.9595707463709000 ) ) ;
#730 = CARTESIAN_POINT ( 'NONE',  ( 47.53827636071530800, 143.6073562754665400, -13.30537051784361300 ) ) ;
#731 = CARTESIAN_POINT ( 'NONE',  ( 2241.024562373431300, 366.7754466219205900, -275.2593744956882900 ) ) ;
#732 = CARTESIAN_POINT ( 'NONE',  ( 1450.790389477237300, 452.2633038835864500, 75.83345328233269800 ) ) ;
#733 = CARTESIAN_POINT ( 'NONE',  ( 1611.496000512782800, -317.7663767306417000, 281.6463905784937100 ) ) ;
#734 = CARTESIAN_POINT ( 'NONE',  ( 821.2619938850186800, -423.0941575160816200, -35.93430701073204100 ) ) ;
#735 = CARTESIAN_POINT ( 'NONE',  ( 2913.058602738402400, -414.8524180914482700, -24.71910555930741900 ) ) ;
#736 = CARTESIAN_POINT ( 'NONE',  ( 1733.389529185310000, 546.2470582862451900, -63.13082499465094300 ) ) ;
#737 = ORIENTED_EDGE ( 'NONE', *, *, #2749, .T. ) ;
#738 = CARTESIAN_POINT ( 'NONE',  ( 519.1132809578360800, 399.6280679885772400, -143.5183736566619900 ) ) ;
#739 = CARTESIAN_POINT ( 'NONE',  ( 798.0195576103511700, -406.4780621743745400, -122.7830880845829000 ) ) ;
#740 = CARTESIAN_POINT ( 'NONE',  ( 1291.787714004005200, -418.0283841760639800, -357.2430512862705400 ) ) ;
#741 = CARTESIAN_POINT ( 'NONE',  ( -212.4786724770602000, 0.0000000000000000000, -100.0000000000000000 ) ) ;
#742 = CARTESIAN_POINT ( 'NONE',  ( 3090.267191512276000, 174.6542260334613600, 129.9652900305750600 ) ) ;
#743 = CARTESIAN_POINT ( 'NONE',  ( 2008.602875601206700, 58.71700463649249000, 454.8022295119496300 ) ) ;
#744 = CARTESIAN_POINT ( 'NONE',  ( 2566.415344670369400, -418.1738385267723300, 188.2107040024532100 ) ) ;
#745 = CARTESIAN_POINT ( 'NONE',  ( 379.6601430728482600, 261.6307607664486500, 334.4390350002051400 ) ) ;
#746 = CARTESIAN_POINT ( 'NONE',  ( 2105.264340376563700, -523.4342217909509100, 168.4848448031590600 ) ) ;
#747 = CARTESIAN_POINT ( 'NONE',  ( -61.94123650696380400, 66.47794375361736700, -416.2737795422888800 ) ) ;
#748 = CARTESIAN_POINT ( 'NONE',  ( 1146.652404596852200, 404.9407078602448600, 127.7619083019056200 ) ) ;
#749 = CARTESIAN_POINT ( 'NONE',  ( 2477.139364533449200, 480.5069853991463400, -267.3644403224911900 ) ) ;
#750 = CARTESIAN_POINT ( 'NONE',  ( 263.4494746252024100, -157.2047592416771800, 394.4446971199395800 ) ) ;
#751 = CARTESIAN_POINT ( 'NONE',  ( 2976.473507680336300, 165.8668358825091500, -49.20008015497795400 ) ) ;
#752 = CARTESIAN_POINT ( 'NONE',  ( 3054.501239703708100, -41.93555226573217700, -456.6565553020071200 ) ) ;
#753 = CARTESIAN_POINT ( 'NONE',  ( 1567.001218982456100, 293.2498210431525100, -352.5576440659887700 ) ) ;
#754 = CARTESIAN_POINT ( 'NONE',  ( 960.7151196917280900, -166.8375490195445300, 390.4678884455473200 ) ) ;
#755 = ORIENTED_EDGE ( 'NONE', *, *, #118, .T. ) ;
#756 = CARTESIAN_POINT ( 'NONE',  ( 276.8035908902114100, 25.97171743223511000, 707.1043893093555000 ) ) ;
#757 = CARTESIAN_POINT ( 'NONE',  ( 294.3633310528659900, -551.4836570130934200, 188.3433350964153300 ) ) ;
#758 = DIRECTION ( 'NONE',  ( -1.000000000000000000, -0.0000000000000000000, -0.0000000000000000000 ) ) ;
#759 = CARTESIAN_POINT ( 'NONE',  ( 914.2304167421048100, -310.7586711241626700, 289.3599569291124600 ) ) ;
#760 = CARTESIAN_POINT ( 'NONE',  ( 1803.116091545434800, 405.7279550311412800, -371.1551878238090000 ) ) ;
#761 = CARTESIAN_POINT ( 'NONE',  ( 658.5664191527043800, -10.91872795160985300, -424.4771967385190700 ) ) ;
#762 = CARTESIAN_POINT ( 'NONE',  ( 3187.478672477060200, -99.99999999999320700, -7.315225494534559600E-012 ) ) ;
#763 = CARTESIAN_POINT ( 'NONE',  ( 2171.297999753065100, 458.5021523153590700, -8.229672728815753400 ) ) ;
#764 = CARTESIAN_POINT ( 'NONE',  ( 2310.751125219809200, 136.0094512717834900, -437.9422130331712400 ) ) ;
#765 = CARTESIAN_POINT ( 'NONE',  ( -79.50120785179257200, -495.2816335115774100, -238.9046383468517000 ) ) ;
#766 = CARTESIAN_POINT ( 'NONE',  ( 160.5918811928608200, -597.8416370578204400, 378.4919349279363700 ) ) ;
#767 = CARTESIAN_POINT ( 'NONE',  ( 2043.209169454137100, -129.4433596498208800, -695.6402855611563600 ) ) ;
#768 = CIRCLE ( 'NONE', #432, 100.0000000000000000 ) ;
#769 = DIRECTION ( 'NONE',  ( 0.0000000000000000000, 0.0000000000000000000, 1.000000000000000000 ) ) ;
#770 = CARTESIAN_POINT ( 'NONE',  ( 1774.191530234183100, 244.9055459517400700, 346.8736332688148400 ) ) ;
#771 = CARTESIAN_POINT ( 'NONE',  ( 1547.451878260461600, 9.285080975086140500, 549.8040247569503000 ) ) ;
#772 = CARTESIAN_POINT ( 'NONE',  ( 3186.026616436355700, 210.3039356309311400, -76.67367702320356700 ) ) ;
#773 = CARTESIAN_POINT ( 'NONE',  ( 1419.875951381629600, 232.0752328491407500, -190.0489249978498900 ) ) ;
#774 = CARTESIAN_POINT ( 'NONE',  ( 1915.634050721190800, -297.5542049680953500, 348.9325536538033200 ) ) ;
#775 = CARTESIAN_POINT ( 'NONE',  ( 2494.699381346197200, 304.2596785729984400, 296.1858475686171300 ) ) ;
#776 = CARTESIAN_POINT ( 'NONE',  ( 2523.623688644405300, 330.9369407216939300, -439.1482922190898500 ) ) ;
#777 = CARTESIAN_POINT ( 'NONE',  ( 131.6678996750783300, -247.8750968034590600, -527.4885316022832700 ) ) ;
#778 = EDGE_LOOP ( 'NONE', ( #2787, #108, #2106, #1235, #661 ) ) ;
#779 = CARTESIAN_POINT ( 'NONE',  ( 1518.527605486947100, -422.0848634600073400, -46.30675814131414800 ) ) ;
#780 = CARTESIAN_POINT ( 'NONE',  ( 2657.394458048358500, 327.9176437785192800, -269.7594566205813200 ) ) ;
#781 = CARTESIAN_POINT ( 'NONE',  ( 2748.298108629913300, -525.8579241380682600, -119.6648095285869300 ) ) ;
#782 = CARTESIAN_POINT ( 'NONE',  ( -212.4786724770602000, 0.0000000000000000000, 0.0000000000000000000 ) ) ;
#783 = CARTESIAN_POINT ( 'NONE',  ( 3170.712306174087200, -416.7748033218314800, -192.5398512225358700 ) ) ;
#784 = CARTESIAN_POINT ( 'NONE',  ( 2053.097807818861800, 9.922372435306478200, -424.5015580418834700 ) ) ;
#785 = CARTESIAN_POINT ( 'NONE',  ( 1262.863202685892000, 314.2861970232941100, -285.5246708129598100 ) ) ;
#786 = CARTESIAN_POINT ( 'NONE',  ( 2500.381699354349600, 414.7142881382232000, -361.0862752143878000 ) ) ;
#787 = CARTESIAN_POINT ( 'NONE',  ( -218.9543979933612000, 155.9565399543092200, -519.8566980715010000 ) ) ;
#788 = CARTESIAN_POINT ( 'NONE',  ( 81.13054345329919700, -32.94430519121962700, -231.8059735123634400 ) ) ;
#789 = CARTESIAN_POINT ( 'NONE',  ( 2136.178805398408700, -602.3652438431840900, -371.2512769904300300 ) ) ;
#790 = CARTESIAN_POINT ( 'NONE',  ( 1379.074486745906400, -88.43075020097425900, -415.3070507816522100 ) ) ;
#791 = CARTESIAN_POINT ( 'NONE',  ( 2727.121024962711100, 107.7389251779094600, -410.7221546982665900 ) ) ;
#792 = CARTESIAN_POINT ( 'NONE',  ( 21.13878414357504500, -546.9145670810054300, -448.9480619027253300 ) ) ;
#793 = CARTESIAN_POINT ( 'NONE',  ( 1048.001908113436000, -264.6924045872078200, 141.1228492377041400 ) ) ;
#794 = CIRCLE ( 'NONE', #1680, 99.99999999999987200 ) ;
#795 = CARTESIAN_POINT ( 'NONE',  ( 2378.488193990461700, -102.6904212544789600, 412.0131486121708800 ) ) ;
#796 =( BOUNDED_SURFACE ( )  B_SPLINE_SURFACE ( 3, 3, ( 
 ( #2157, #1134, #1657, #1911, #378, #637, #888, #2684, #430, #691, #2481, #1964, #1188, #680, #3237 ),
 ( #2220, #2976, #2471, #173, #941, #1711, #1455, #418, #1953, #2737, #2209, #928, #2725, #1607, #2118 ),
 ( #2979, #3229, #1479, #1435, #1967, #2990, #1471, #3220, #2741, #695, #954, #2496, #445, #186, #2753 ),
 ( #672, #3252, #946, #1210, #2728, #1192, #1978, #3262, #1957, #1946, #1736, #2233, #2474, #1202, #3000 ),
 ( #1724, #715, #932, #411, #1695, #197, #684, #1459, #1989, #705, #2223, #176, #3241, #460, #157 ),
 ( #2202, #1715, #1704, #2246, #2508, #1447, #2462, #921, #435, #966, #2718, #1170, #2960, #1180, #166 ),
 ( #2970, #422, #2213, #2486, #977, #1491, #3285, #1221, #3012, #3024, #3273, #2256, #2520, #726, #1504 ) ),
 .UNSPECIFIED., .T., .F., .F. ) 
 B_SPLINE_SURFACE_WITH_KNOTS ( ( 4, 3, 4 ),
 ( 4, 1, 1, 1, 1, 1, 1, 1, 1, 1, 1, 1, 4 ),
 ( 0.0000000000000000000, 0.5000000000000000000, 1.000000000000000000 ),
 ( 0.0000000000000000000, 0.06872001483710214700, 0.1441621501476888800, 0.2260670143695056000, 0.3135939262562698100, 0.4053086433777585200, 0.4993180314041685300, 0.5933736809744103400, 0.6852230481327128400, 0.7729622596479137600, 0.8551453571842779800, 0.9309162955894704200, 1.000000000000000000 ),
 .UNSPECIFIED. ) 
 GEOMETRIC_REPRESENTATION_ITEM ( )  RATIONAL_B_SPLINE_SURFACE ( (
 ( 1.000000000000000000, 1.000000000000000000, 1.000000000000000000, 0.9999999999999997800, 1.000000000000000200, 1.000000000000000000, 1.000000000000000000, 1.000000000000000000, 1.000000000000000200, 1.000000000000000000, 1.000000000000000200, 0.9999999999999997800, 1.000000000000000200, 1.000000000000000000, 1.000000000000000000),
 ( 0.3333333333333333700, 0.3333333333333333700, 0.3333333333333334300, 0.3333333333333332000, 0.3333333333333335400, 0.3333333333333334300, 0.3333333333333333700, 0.3333333333333333700, 0.3333333333333333700, 0.3333333333333333700, 0.3333333333333333700, 0.3333333333333332600, 0.3333333333333334800, 0.3333333333333333700, 0.3333333333333333700),
 ( 0.3333333333333333700, 0.3333333333333333700, 0.3333333333333334300, 0.3333333333333332000, 0.3333333333333335400, 0.3333333333333334300, 0.3333333333333333700, 0.3333333333333333700, 0.3333333333333333700, 0.3333333333333333700, 0.3333333333333333700, 0.3333333333333332600, 0.3333333333333334800, 0.3333333333333333700, 0.3333333333333333700),
 ( 1.000000000000000000, 1.000000000000000000, 1.000000000000000000, 0.9999999999999997800, 1.000000000000000200, 1.000000000000000000, 1.000000000000000000, 1.000000000000000000, 1.000000000000000200, 1.000000000000000000, 1.000000000000000200, 0.9999999999999997800, 1.000000000000000200, 1.000000000000000000, 1.000000000000000000),
 ( 0.3333333333333333700, 0.3333333333333333700, 0.3333333333333334300, 0.3333333333333332000, 0.3333333333333335400, 0.3333333333333334300, 0.3333333333333333700, 0.3333333333333333700, 0.3333333333333333700, 0.3333333333333333700, 0.3333333333333333700, 0.3333333333333332600, 0.3333333333333334800, 0.3333333333333333700, 0.3333333333333333700),
 ( 0.3333333333333333700, 0.3333333333333333700, 0.3333333333333334300, 0.3333333333333332000, 0.3333333333333335400, 0.3333333333333334300, 0.3333333333333333700, 0.3333333333333333700, 0.3333333333333333700, 0.3333333333333333700, 0.3333333333333333700, 0.3333333333333332600, 0.3333333333333334800, 0.3333333333333333700, 0.3333333333333333700),
 ( 1.000000000000000000, 1.000000000000000000, 1.000000000000000000, 0.9999999999999997800, 1.000000000000000200, 1.000000000000000000, 1.000000000000000000, 1.000000000000000000, 1.000000000000000200, 1.000000000000000000, 1.000000000000000200, 0.9999999999999997800, 1.000000000000000200, 1.000000000000000000, 1.000000000000000000) ) ) 
 REPRESENTATION_ITEM ( '' )  SURFACE ( )  );
#797 = CARTESIAN_POINT ( 'NONE',  ( 2239.035064234403800, -423.4302085937501400, 31.73354648527180900 ) ) ;
#798 = CARTESIAN_POINT ( 'NONE',  ( 1717.819436705223300, 278.7151604092205700, 650.3762773110422600 ) ) ;
#799 = CARTESIAN_POINT ( 'NONE',  ( -95.07192497943368900, 122.1027386819507000, -690.8081067275825300 ) ) ;
#800 = CARTESIAN_POINT ( 'NONE',  ( 218.0451811164944300, 130.8406629886635800, -161.0313626998167000 ) ) ;
#801 = CARTESIAN_POINT ( 'NONE',  ( 1526.199331643517600, -221.8063923892910100, -538.8964436839194100 ) ) ;
#802 = CARTESIAN_POINT ( 'NONE',  ( 2053.097807818861800, 9.922372435306478200, -424.5015580418834700 ) ) ;
#803 = CARTESIAN_POINT ( 'NONE',  ( 2610.910360134809700, 409.1029209792747600, -113.7312204753230000 ) ) ;
#804 = CARTESIAN_POINT ( 'NONE',  ( 323.2878648096084900, 310.2914016197640900, 635.9171220116231800 ) ) ;
#805 = CARTESIAN_POINT ( 'NONE',  ( 3052.629710145931800, -17.18362149596789100, -81.67520948253118700 ) ) ;
#806 = CARTESIAN_POINT ( 'NONE',  ( 559.9159365985819900, 219.5539361225749000, 204.3864004594417200 ) ) ;
#807 = CARTESIAN_POINT ( 'NONE',  ( -125.9855088576410800, -356.0876100668219200, -419.1146637866075400 ) ) ;
#808 = CARTESIAN_POINT ( 'NONE',  ( 2843.332141944883000, -300.7663593893897800, -299.7501137585966800 ) ) ;
#809 = CARTESIAN_POINT ( 'NONE',  ( 2756.045686599206900, -520.0241269665284600, 52.83314113694499500 ) ) ;
#810 = CARTESIAN_POINT ( 'NONE',  ( 974.0690259231538400, 8.610415589658956000, 707.5286922912405300 ) ) ;
#811 = CARTESIAN_POINT ( 'NONE',  ( -218.9543979933612300, 295.4099113456144300, -250.8700336855251300 ) ) ;
#812 = CARTESIAN_POINT ( 'NONE',  ( -102.5660075094164900, 257.3544983789528300, 54.74763369901744900 ) ) ;
#813 = CARTESIAN_POINT ( 'NONE',  ( 1874.832155954665000, 215.1766125267149900, 541.5777473331249900 ) ) ;
#814 = CARTESIAN_POINT ( 'NONE',  ( 1193.136644523474600, 421.9752477100066100, -47.29734849041153000 ) ) ;
#815 = CARTESIAN_POINT ( 'NONE',  ( 2843.332141944883000, -300.7663593893897800, -299.7501137585966800 ) ) ;
#816 = DIRECTION ( 'NONE',  ( 1.000000000000000000, -5.598713130157252400E-016, 3.353501265655067400E-016 ) ) ;
#817 = VERTEX_POINT ( 'NONE', #2886 ) ;
#818 = CARTESIAN_POINT ( 'NONE',  ( 1977.688402698278000, 249.2333217498159000, 166.9139215341209300 ) ) ;
#819 = CARTESIAN_POINT ( 'NONE',  ( 571.2800709027333100, -345.5769049650963300, -427.7237042377345800 ) ) ;
#820 = CARTESIAN_POINT ( 'NONE',  ( 2378.488193990461700, -102.6904212544789600, 412.0131486121708800 ) ) ;
#821 = CARTESIAN_POINT ( 'NONE',  ( 2756.045728876520100, -495.1853868354178300, 93.91644247068866500 ) ) ;
#822 = ORIENTED_EDGE ( 'NONE', *, *, #279, .F. ) ;
#823 = CARTESIAN_POINT ( 'NONE',  ( 1764.302844604584200, 518.3622090120208000, 481.6342520157166400 ) ) ;
#824 = CARTESIAN_POINT ( 'NONE',  ( -95.07192497943363200, 424.9179415278541100, -136.0644626601742900 ) ) ;
#825 = CARTESIAN_POINT ( 'NONE',  ( -161.9887794919536100, 207.4644384529717300, 94.11060138869689200 ) ) ;
#826 = VERTEX_POINT ( 'NONE', #3176 ) ;
#827 = CARTESIAN_POINT ( 'NONE',  ( 1781.863003179551900, -256.7795618564801400, 523.1367041973861700 ) ) ;
#828 = CARTESIAN_POINT ( 'NONE',  ( 1797.433837274166300, 311.4368312437213700, 288.6296227836526200 ) ) ;
#829 = CARTESIAN_POINT ( 'NONE',  ( 2913.058602738476600, -238.5599280058694900, 56.16150394498585300 ) ) ;
#830 = CARTESIAN_POINT ( 'NONE',  ( 759.2070700394656300, 121.9718128805633800, -569.8512138027093700 ) ) ;
#831 = CARTESIAN_POINT ( 'NONE',  ( 1838.235282594704800, -80.30952036611954300, 289.0119119842739200 ) ) ;
#832 = CARTESIAN_POINT ( 'NONE',  ( 2913.058602738332000, -395.7210352374130500, 18.31083667629141600 ) ) ;
#833 = CARTESIAN_POINT ( 'NONE',  ( 617.7644881579733500, -489.2612824150744500, -250.9872685176770200 ) ) ;
#834 = CARTESIAN_POINT ( 'NONE',  ( 1001.516666340409900, -299.1729300779563200, 21.75042287637937800 ) ) ;
#835 = CARTESIAN_POINT ( 'NONE',  ( 2905.311205738229500, -406.7209460015514500, -99.84457475499688400 ) ) ;
#836 = CARTESIAN_POINT ( 'NONE',  ( 3036.941397510583600, -575.6925368435872800, -61.68259544180623500 ) ) ;
#837 = CARTESIAN_POINT ( 'NONE',  ( 811.3739793153913500, -702.2689011793012200, 86.54371306149907600 ) ) ;
#838 = CARTESIAN_POINT ( 'NONE',  ( -61.94123650696379000, 128.4326349918438800, -391.1242823877532800 ) ) ;
#839 = CARTESIAN_POINT ( 'NONE',  ( -21.10864054069587300, -150.8679829391531100, -138.7648762692211600 ) ) ;
#840 = CARTESIAN_POINT ( 'NONE',  ( 1549.441316697409100, -328.6083606843869800, -481.2733558691931000 ) ) ;
#841 = CARTESIAN_POINT ( 'NONE',  ( -198.0102992182312100, 1.172623910564816000, -100.9251934588209700 ) ) ;
#842 = CARTESIAN_POINT ( 'NONE',  ( 642.9961067805925300, 553.7534143102079700, -181.5615330663665100 ) ) ;
#843 = CARTESIAN_POINT ( 'NONE',  ( 294.3633310528659900, -551.4836570130934200, 188.3433350964153300 ) ) ;
#844 = CARTESIAN_POINT ( 'NONE',  ( 1466.361268267305600, 135.1488069669402100, -267.7919291950355500 ) ) ;
#845 = CARTESIAN_POINT ( 'NONE',  ( 873.4283310660299500, 136.0701704808846600, 532.7806257687942700 ) ) ;
#846 = CARTESIAN_POINT ( 'NONE',  ( 2752.352845020867300, 228.2925443896548400, 397.7123772615696000 ) ) ;
#847 = CARTESIAN_POINT ( 'NONE',  ( 3036.941397261658900, -137.5350240503095700, 177.3312653412857600 ) ) ;
#848 = CARTESIAN_POINT ( 'NONE',  ( 2879.928489445331300, -190.7794684105399500, 338.1058432015772200 ) ) ;
#849 = CARTESIAN_POINT ( 'NONE',  ( 1136.763693992615100, 704.1665528200198900, 69.42839678224463300 ) ) ;
#850 = CARTESIAN_POINT ( 'NONE',  ( 968.3867846126880700, -580.0787920073490800, 55.82203233079700100 ) ) ;
#851 = CARTESIAN_POINT ( 'NONE',  ( 2866.574125531307300, -355.5833450892332600, -231.6864341944795700 ) ) ;
#852 = CARTESIAN_POINT ( 'NONE',  ( 526.7848664408709300, 435.7001968705668600, 387.0052309522349700 ) ) ;
#853 = CARTESIAN_POINT ( 'NONE',  ( 619.7539240058076800, 579.3501359978140500, -62.93621484225791800 ) ) ;
#854 = CARTESIAN_POINT ( 'NONE',  ( 2767.923589806162500, 292.7435265574056300, -65.41369383342028200 ) ) ;
#855 = CARTESIAN_POINT ( 'NONE',  ( 141.5565574423061700, -61.58744351512535800, -292.9723113885787000 ) ) ;
#856 = CARTESIAN_POINT ( 'NONE',  ( 3038.010438082402700, -130.6332763813179600, 173.0642039394916800 ) ) ;
#857 = CARTESIAN_POINT ( 'NONE',  ( 2879.928489444791900, -349.1463764225056300, 349.5347661511481200 ) ) ;
#858 = CARTESIAN_POINT ( 'NONE',  ( 2438.326428511730700, 393.0499617289889300, 588.3727697473965500 ) ) ;
#859 = CARTESIAN_POINT ( 'NONE',  ( -61.94123650696380400, 135.4254898659801300, -205.8705406480883700 ) ) ;
#860 = CARTESIAN_POINT ( 'NONE',  ( 3187.478672477060200, 6.661338147750939200E-012, -7.327471962526033200E-012 ) ) ;
#861 = CARTESIAN_POINT ( 'NONE',  ( 2362.918088892880000, -582.1190373266092600, 27.29175537969041400 ) ) ;
#862 = EDGE_CURVE ( 'NONE', #2532, #817, #3317, .T. ) ;
#863 = CARTESIAN_POINT ( 'NONE',  ( 2308.761628918020500, -324.5826141202644000, 273.7631916285900500 ) ) ;
#864 = CARTESIAN_POINT ( 'NONE',  ( 666.2379849731664800, 504.1435817045345400, -292.3131387578429800 ) ) ;
#865 = CARTESIAN_POINT ( 'NONE',  ( 178.1520782754866200, -440.4089051747785700, -381.6382704574272700 ) ) ;
#866 = CARTESIAN_POINT ( 'NONE',  ( 2442.532931823791400, -271.2981730203009100, 127.9646991245762800 ) ) ;
#867 = CARTESIAN_POINT ( 'NONE',  ( 559.9159365985819900, 219.5539361225749000, 204.3864004594417200 ) ) ;
#868 = CARTESIAN_POINT ( 'NONE',  ( 3186.026616436355700, 187.5017256700353100, 122.0222193131302600 ) ) ;
#869 = CARTESIAN_POINT ( 'NONE',  ( 3070.071508559227800, -294.8817469306469500, -56.53083894178141800 ) ) ;
#870 = CARTESIAN_POINT ( 'NONE',  ( 3036.941397261658900, -137.5350240503095700, 177.3312653412857600 ) ) ;
#871 = DIRECTION ( 'NONE',  ( 1.000000000000000000, -5.598713130157252400E-016, 3.353501265655067400E-016 ) ) ;
#872 = CARTESIAN_POINT ( 'NONE',  ( 2851.003999033269300, 163.5623078978643700, -559.3343674969760300 ) ) ;
#873 = CARTESIAN_POINT ( 'NONE',  ( 805.6911053385728100, -119.4189232845188000, -570.3918416215368600 ) ) ;
#874 = CARTESIAN_POINT ( 'NONE',  ( 85.18374999450449500, -11.51692598476615000, -584.3472152484894200 ) ) ;
#875 = CARTESIAN_POINT ( 'NONE',  ( 333.1760408744870600, 103.6571321955124500, 411.7707511148894900 ) ) ;
#876 = CARTESIAN_POINT ( 'NONE',  ( 2279.837529539980600, -157.0879964104343000, -255.5407379340103900 ) ) ;
#877 = CARTESIAN_POINT ( 'NONE',  ( 2907.429873291389000, 125.2910033531744200, -24.11374302193588200 ) ) ;
#878 = CARTESIAN_POINT ( 'NONE',  ( 2711.550884054929200, 582.4101147511721600, -20.14617331116454200 ) ) ;
#879 = CARTESIAN_POINT ( 'NONE',  ( 2548.855283746977900, 84.21754351159727000, 576.6412303872565400 ) ) ;
#880 = SURFACE_STYLE_FILL_AREA ( #1464 ) ;
#881 = CARTESIAN_POINT ( 'NONE',  ( 3013.698884241906400, -540.2338159581911400, -223.5237752745895200 ) ) ;
#882 = CARTESIAN_POINT ( 'NONE',  ( 457.0583078476418000, 126.4095295898106000, 568.8834104917340300 ) ) ;
#883 = CARTESIAN_POINT ( 'NONE',  ( 1758.620980072118100, -359.5591570556904300, 458.6117416304061300 ) ) ;
#884 = CARTESIAN_POINT ( 'NONE',  ( 3023.586878180124600, -242.9982344288339400, -175.6989354141431600 ) ) ;
#885 = CARTESIAN_POINT ( 'NONE',  ( 1489.602503465379000, 76.75680393384917000, -289.9756873746579200 ) ) ;
#886 = CARTESIAN_POINT ( 'NONE',  ( 3007.979811547152600, -43.32488647793931600, -65.51316065832408200 ) ) ;
#887 = CARTESIAN_POINT ( 'NONE',  ( 3887.478672477059700, 6.269428228639932400E-012, -7.092726873930178800E-012 ) ) ;
#888 = CARTESIAN_POINT ( 'NONE',  ( -61.94123650696377600, 174.6114165073967100, -296.7608087306832100 ) ) ;
#889 = CARTESIAN_POINT ( 'NONE',  ( 1944.558719275123400, 491.6465166663810500, 312.8755826629609400 ) ) ;
#890 = PLANE ( 'NONE',  #1514 ) ;
#891 = CARTESIAN_POINT ( 'NONE',  ( 3050.212458226034400, -84.83977399107770600, 144.7520001508449900 ) ) ;
#892 = CARTESIAN_POINT ( 'NONE',  ( 2711.550884054929200, 582.4101147511721600, -20.14617331116454200 ) ) ;
#893 = CARTESIAN_POINT ( 'NONE',  ( -172.4700770576466500, -157.2285159806128800, -527.4190137925604600 ) ) ;
#894 = CARTESIAN_POINT ( 'NONE',  ( 1456.472765198795700, 135.9198019351518700, -566.6862142857628400 ) ) ;
#895 = CARTESIAN_POINT ( 'NONE',  ( 170.4804369296374500, -397.8368357175933700, 148.4115961522966200 ) ) ;
#896 = CARTESIAN_POINT ( 'NONE',  ( 1117.728471059709600, -131.8524003047467100, 269.4302709776537800 ) ) ;
#897 = ORIENTED_EDGE ( 'NONE', *, *, #2200, .T. ) ;
#898 = CARTESIAN_POINT ( 'NONE',  ( 2153.738406257312400, 149.7860096835679300, -563.1798740167730600 ) ) ;
#899 = CARTESIAN_POINT ( 'NONE',  ( 1270.535098845258500, 550.6349114314797400, 190.8105577119699800 ) ) ;
#900 = CARTESIAN_POINT ( 'NONE',  ( 218.9543979933612500, 185.8288040617309500, -376.8912527037577400 ) ) ;
#901 = CARTESIAN_POINT ( 'NONE',  ( 61.94123650696375400, 326.6774766849014800, -353.9850086248570700 ) ) ;
#902 = CARTESIAN_POINT ( 'NONE',  ( 2634.152483719513400, 376.6775425387706400, -195.9950308538411700 ) ) ;
#903 = CARTESIAN_POINT ( 'NONE',  ( 472.6291722519905500, 423.5032764882386700, 30.73959188267947000 ) ) ;
#904 = CARTESIAN_POINT ( 'NONE',  ( 1884.720584392999900, 43.70109200406747600, 296.7623868837046600 ) ) ;
#905 = CARTESIAN_POINT ( 'NONE',  ( -217.9756472546921500, 198.7115271936786200, -98.98340243488452500 ) ) ;
#906 = CARTESIAN_POINT ( 'NONE',  ( 2874.245857949713800, 44.17080791732581000, -581.0819266018392000 ) ) ;
#907 = CARTESIAN_POINT ( 'NONE',  ( 2037.527198184496200, 561.9953544726968200, -154.1712240957641900 ) ) ;
#908 = CARTESIAN_POINT ( 'NONE',  ( 95.07192497943361800, 46.17748579729003900, -289.3271796512854100 ) ) ;
#909 = CARTESIAN_POINT ( 'NONE',  ( 3181.096739139916700, -11.68431209922989600, 99.52304326338101200 ) ) ;
#910 = CARTESIAN_POINT ( 'NONE',  ( 2424.972829328015500, 73.08442305010659400, 418.2806104678707000 ) ) ;
#911 = CARTESIAN_POINT ( 'NONE',  ( 890.9885569975175500, -363.9499450121271600, 218.7244327674069700 ) ) ;
#912 = CARTESIAN_POINT ( 'NONE',  ( 2186.868091533177900, 83.85010856087090800, -288.0046351988498300 ) ) ;
#913 = CARTESIAN_POINT ( 'NONE',  ( -198.1278751215670000, 200.1752734413514100, 99.86171027216626300 ) ) ;
#914 = CARTESIAN_POINT ( 'NONE',  ( 3036.689686365617000, -154.4781301543609700, 186.8306154562400000 ) ) ;
#915 = CARTESIAN_POINT ( 'NONE',  ( 892.9778879739125200, 203.8532090445989100, -410.7756897763131300 ) ) ;
#916 = CARTESIAN_POINT ( 'NONE',  ( 2913.058602738181900, -407.7202966610681200, -3.552609226616570700 ) ) ;
#917 = CARTESIAN_POINT ( 'NONE',  ( 2246.706862182200000, -316.6982801385259400, -489.1929746829453600 ) ) ;
#918 = CARTESIAN_POINT ( 'NONE',  ( 218.9543979933611700, 139.7211787372338000, -168.0380380775823100 ) ) ;
#919 = CARTESIAN_POINT ( 'NONE',  ( 3114.663254271779800, -26.57546536261973800, 108.7296193895797400 ) ) ;
#920 = CARTESIAN_POINT ( 'NONE',  ( 36.70959722498145800, -455.7957680400688200, 307.6045157086348400 ) ) ;
#921 = CARTESIAN_POINT ( 'NONE',  ( -218.9543979933612300, 290.9775419209220200, -361.4898529039251100 ) ) ;
#922 = CARTESIAN_POINT ( 'NONE',  ( 1239.621366168603800, 366.6066307565863600, -214.2417318773315500 ) ) ;
#923 = CARTESIAN_POINT ( 'NONE',  ( 3023.586878180124600, -242.9982344288339400, -175.6989354141431600 ) ) ;
#924 = CARTESIAN_POINT ( 'NONE',  ( 904.3424830686830100, -407.4904016804294400, 578.4657090017909700 ) ) ;
#925 = CARTESIAN_POINT ( 'NONE',  ( -96.77555175427120600, 272.7495777775670800, 42.60100541583155100 ) ) ;
#926 = CARTESIAN_POINT ( 'NONE',  ( 3069.993415682454700, -296.9123170290183700, -53.10063512160337500 ) ) ;
#927 = CARTESIAN_POINT ( 'NONE',  ( 1567.001218982456100, 293.2498210431525100, -352.5576440659887700 ) ) ;
#928 = CARTESIAN_POINT ( 'NONE',  ( 95.07192497943364600, 61.53076200227337000, -287.9274183114362700 ) ) ;
#929 = CARTESIAN_POINT ( 'NONE',  ( 1195.126148727231300, -356.3954368144345000, 288.5729547647562800 ) ) ;
#930 = EDGE_CURVE ( 'NONE', #669, #492, #2424, .T. ) ;
#931 = CARTESIAN_POINT ( 'NONE',  ( 315.6158373413586600, 549.3383683346073700, 24.44699068286161400 ) ) ;
#932 = CARTESIAN_POINT ( 'NONE',  ( -95.07192497943364600, 345.1599260729696500, -14.82518924068127600 ) ) ;
#933 = CARTESIAN_POINT ( 'NONE',  ( 1611.496000512782800, -317.7663767306417000, 281.6463905784937100 ) ) ;
#934 = CARTESIAN_POINT ( 'NONE',  ( 2767.923589806162500, 292.7435265574056300, -65.41369383342028200 ) ) ;
#935 = CARTESIAN_POINT ( 'NONE',  ( 1741.060994770441100, 407.3712335865843700, 578.5495111975782300 ) ) ;
#936 =( BOUNDED_CURVE ( )  B_SPLINE_CURVE ( 3, ( #1510, #2018, #227, #489 ),
 .UNSPECIFIED., .F., .T. ) 
 B_SPLINE_CURVE_WITH_KNOTS ( ( 4, 4 ),
 ( 0.0000000000000000000, 0.5000000000000004400 ),
 .UNSPECIFIED. ) 
 CURVE ( )  GEOMETRIC_REPRESENTATION_ITEM ( )  RATIONAL_B_SPLINE_CURVE ( ( 1.000000000000000000, 0.3333333333333327600, 0.3333333333333333700, 1.000000000000000700 ) ) 
 REPRESENTATION_ITEM ( '' )  );
#937 = CARTESIAN_POINT ( 'NONE',  ( 3007.979811547152600, -43.32488647793931600, -65.51316065832408200 ) ) ;
#938 = CARTESIAN_POINT ( 'NONE',  ( -61.94123650696380400, 66.47794375361736700, -416.2737795422888800 ) ) ;
#939 = CARTESIAN_POINT ( 'NONE',  ( 3193.954313400777200, -447.3764987952538900, -14.05382395343976600 ) ) ;
#940 = CARTESIAN_POINT ( 'NONE',  ( 1102.157577733573100, -453.1598415778300400, -70.27778575480782300 ) ) ;
#941 = CARTESIAN_POINT ( 'NONE',  ( 95.07192497943361800, 46.17748579729003900, -289.3271796512854100 ) ) ;
#942 = CARTESIAN_POINT ( 'NONE',  ( 800.0089903318122400, 441.2635640180883500, -124.8144233866390200 ) ) ;
#943 = CARTESIAN_POINT ( 'NONE',  ( 1495.285252200299500, -403.3423706458466400, -132.7214875357167900 ) ) ;
#944 = AXIS2_PLACEMENT_3D ( 'NONE', #2293, #2831, #996 ) ;
#945 = CARTESIAN_POINT ( 'NONE',  ( 710.7331864033287700, -514.5368447275823200, 193.9658694090483100 ) ) ;
#946 = CARTESIAN_POINT ( 'NONE',  ( 61.94123650696376900, 249.0096388165077600, -95.90268158566880200 ) ) ;
#947 = CARTESIAN_POINT ( 'NONE',  ( 472.6291722519905500, 423.5032764882386700, 30.73959188267947000 ) ) ;
#948 = CARTESIAN_POINT ( 'NONE',  ( 1857.272564436629900, 704.9784511515671300, -60.63674336921171500 ) ) ;
#949 = CARTESIAN_POINT ( 'NONE',  ( 31.02730239950738100, -265.7657841759900100, -331.1837440498681000 ) ) ;
#950 = CARTESIAN_POINT ( 'NONE',  ( 1334.579267191226800, 162.2133912608555600, 428.9275520613784900 ) ) ;
#951 = CARTESIAN_POINT ( 'NONE',  ( 776.7668001084046000, 457.5462883529795600, -30.71749912253783800 ) ) ;
#952 = CARTESIAN_POINT ( 'NONE',  ( 1169.894805205858800, 422.6213295586341000, 41.12362249146293200 ) ) ;
#953 = CARTESIAN_POINT ( 'NONE',  ( 757.2176229811823300, -391.7918266402608100, 385.8372888178313900 ) ) ;
#954 = CARTESIAN_POINT ( 'NONE',  ( 218.9543979933612500, 167.3695522412555200, -401.2152291334380700 ) ) ;
#955 = CARTESIAN_POINT ( 'NONE',  ( 2698.197010415288800, 275.5752881504522000, 118.4735513440689800 ) ) ;
#956 = CARTESIAN_POINT ( 'NONE',  ( 1973.482586092599600, 302.5963099866945100, -639.6142963376519200 ) ) ;
#957 = CARTESIAN_POINT ( 'NONE',  ( -148.4094965463189900, 10.08272088311764300, -107.9552082506017600 ) ) ;
#958 = CARTESIAN_POINT ( 'NONE',  ( 2310.751125219809200, 136.0094512717834900, -437.9422130331712400 ) ) ;
#959 = CARTESIAN_POINT ( 'NONE',  ( 218.9543979933613100, 102.6764426042011300, -443.5327902788291700 ) ) ;
#960 = CARTESIAN_POINT ( 'NONE',  ( 1146.652404596852200, 404.9407078602448600, 127.7619083019056200 ) ) ;
#961 = EDGE_CURVE ( 'NONE', #1808, #1686, #1222, .T. ) ;
#962 = CARTESIAN_POINT ( 'NONE',  ( 1518.527605486947100, -422.0848634600073400, -46.30675814131414800 ) ) ;
#963 = CARTESIAN_POINT ( 'NONE',  ( 2913.058602738476600, -238.5599280058694900, 56.16150394498585300 ) ) ;
#964 = CARTESIAN_POINT ( 'NONE',  ( 733.9752058815980700, -463.2074854370465000, 296.3260162971097300 ) ) ;
#965 = FACE_OUTER_BOUND ( 'NONE', #3201, .T. ) ;
#966 = CARTESIAN_POINT ( 'NONE',  ( -218.9543979933612300, 238.3636386318893900, -458.9158787985659300 ) ) ;
#967 = CARTESIAN_POINT ( 'NONE',  ( 286.6914343002495700, -72.10246702905166700, 418.4511018544503100 ) ) ;
#968 = CARTESIAN_POINT ( 'NONE',  ( 1624.849690625051400, -294.7245674065351900, 643.2793611440046100 ) ) ;
#969 = CARTESIAN_POINT ( 'NONE',  ( -61.94123650696379000, 119.9427753087445900, -194.6341534985647900 ) ) ;
#970 = CARTESIAN_POINT ( 'NONE',  ( -212.4786724770602000, 0.0000000000000000000, 0.0000000000000000000 ) ) ;
#971 = CARTESIAN_POINT ( 'NONE',  ( 2566.415344670369400, -418.1738385267723300, 188.2107040024532100 ) ) ;
#972 = CARTESIAN_POINT ( 'NONE',  ( 1962.118313282495800, -130.6249755541371400, 439.5782889778377000 ) ) ;
#973 = CARTESIAN_POINT ( 'NONE',  ( 844.5038610431134900, -421.3630392499083500, 52.47210360708145100 ) ) ;
#974 = CARTESIAN_POINT ( 'NONE',  ( 1286.105543605267300, 248.3360195457722700, -344.4260374339733100 ) ) ;
#975 = CARTESIAN_POINT ( 'NONE',  ( 2913.058602738325600, -416.2739075224482700, -66.47794835451811900 ) ) ;
#976 = CARTESIAN_POINT ( 'NONE',  ( 687.4910557458165400, -543.5531484218604400, 83.19378433778355500 ) ) ;
#977 = CARTESIAN_POINT ( 'NONE',  ( -61.94123650696378300, 163.5948939821157600, -245.1890524929250100 ) ) ;
#978 =( BOUNDED_SURFACE ( )  B_SPLINE_SURFACE ( 3, 3, ( 
 ( #439, #2944, #1452, #141, #2953, #3210, #655, #2963, #403, #1937, #2722 ),
 ( #2194, #664, #2206, #2446, #905, #1685, #2983, #149, #1708, #1961, #1463 ),
 ( #427, #2454, #913, #676, #1439, #1698, #160, #415, #2467, #925, #3016 ),
 ( #2994, #189, #1225, #2273, #1523, #983, #1484, #730, #2779, #2524, #1750 ),
 ( #2500, #476, #1739, #463, #2744, #1238, #1249, #3028, #2261, #1509, #3289 ),
 ( #1761, #699, #226, #2017, #1981, #1205, #2029, #1495, #1213, #488, #450 ),
 ( #741, #2536, #2236, #957, #212, #3003, #3265, #2005, #995, #3277, #969 ) ),
 .UNSPECIFIED., .T., .F., .T. ) 
 B_SPLINE_SURFACE_WITH_KNOTS ( ( 4, 3, 4 ),
 ( 4, 1, 1, 1, 1, 1, 1, 1, 4 ),
 ( 0.0000000000000000000, 0.5000000000000000000, 1.000000000000000000 ),
 ( 0.0000000000000000000, 0.1309596317701286200, 0.2703843856125739400, 0.4155301728200250800, 0.5628700821170533600, 0.6778522134162822100, 0.7899982289276533700, 0.8977704429180358700, 1.000000000000000000 ),
 .UNSPECIFIED. ) 
 GEOMETRIC_REPRESENTATION_ITEM ( )  RATIONAL_B_SPLINE_SURFACE ( (
 ( 1.000000000000000000, 1.000000000000000000, 1.000000000000000200, 0.9999999999999996700, 1.000000000000000200, 1.000000000000000000, 1.000000000000000000, 1.000000000000000200, 1.000000000000000000, 1.000000000000000000, 1.000000000000000000),
 ( 0.3333333333333333700, 0.3333333333333333700, 0.3333333333333334300, 0.3333333333333332600, 0.3333333333333333700, 0.3333333333333334300, 0.3333333333333333700, 0.3333333333333334800, 0.3333333333333333100, 0.3333333333333333700, 0.3333333333333333700),
 ( 0.3333333333333333700, 0.3333333333333333700, 0.3333333333333334300, 0.3333333333333332600, 0.3333333333333333700, 0.3333333333333334300, 0.3333333333333333700, 0.3333333333333334800, 0.3333333333333333100, 0.3333333333333333700, 0.3333333333333333700),
 ( 1.000000000000000000, 1.000000000000000000, 1.000000000000000200, 0.9999999999999996700, 1.000000000000000200, 1.000000000000000000, 1.000000000000000000, 1.000000000000000200, 1.000000000000000000, 1.000000000000000000, 1.000000000000000000),
 ( 0.3333333333333333700, 0.3333333333333333700, 0.3333333333333334300, 0.3333333333333332600, 0.3333333333333333700, 0.3333333333333334300, 0.3333333333333333700, 0.3333333333333334800, 0.3333333333333333100, 0.3333333333333333700, 0.3333333333333333700),
 ( 0.3333333333333333700, 0.3333333333333333700, 0.3333333333333334300, 0.3333333333333332600, 0.3333333333333333700, 0.3333333333333334300, 0.3333333333333333700, 0.3333333333333334800, 0.3333333333333333100, 0.3333333333333333700, 0.3333333333333333700),
 ( 1.000000000000000000, 1.000000000000000000, 1.000000000000000200, 0.9999999999999996700, 1.000000000000000200, 1.000000000000000000, 1.000000000000000000, 1.000000000000000200, 1.000000000000000000, 1.000000000000000000, 1.000000000000000000) ) ) 
 REPRESENTATION_ITEM ( '' )  SURFACE ( )  );
#979 = CARTESIAN_POINT ( 'NONE',  ( -38.69938682774781600, -18.69921223518427300, -425.0968237248495100 ) ) ;
#980 = ORIENTED_EDGE ( 'NONE', *, *, #997, .T. ) ;
#981 = CARTESIAN_POINT ( 'NONE',  ( 937.4726962839844200, -244.0907298006166300, 347.4475639389448200 ) ) ;
#982 = CARTESIAN_POINT ( 'NONE',  ( 2360.928580006872800, 472.9499289682747200, 280.5167483110235500 ) ) ;
#983 = CARTESIAN_POINT ( 'NONE',  ( -2.313111179756459200, 74.56194164354491200, 41.17106084561168400 ) ) ;
#984 = CARTESIAN_POINT ( 'NONE',  ( -61.94123650696380400, 171.8851068568388900, -269.8945515301224400 ) ) ;
#985 = CARTESIAN_POINT ( 'NONE',  ( 2194.540315944585900, 446.8567221279051900, -103.0124584344297000 ) ) ;
#986 = CARTESIAN_POINT ( 'NONE',  ( 2450.204251577324200, -373.1747943770811800, -266.5192885791622100 ) ) ;
#987 = CARTESIAN_POINT ( 'NONE',  ( 1286.105543605267300, 248.3360195457722700, -344.4260374339733100 ) ) ;
#988 = AXIS2_PLACEMENT_3D ( 'NONE', #970, #2262, #440 ) ;
#989 = CARTESIAN_POINT ( 'NONE',  ( 1123.410086841770400, 369.6995623536938100, 208.8597130810748300 ) ) ;
#990 = CARTESIAN_POINT ( 'NONE',  ( 2879.928489444853300, -78.68784003887398600, 286.2933081063501400 ) ) ;
#991 = CARTESIAN_POINT ( 'NONE',  ( 1803.116091545434800, 405.7279550311412800, -371.1551878238090000 ) ) ;
#992 = CARTESIAN_POINT ( 'NONE',  ( 565.5976434057930600, 307.1843288152108500, -293.1516709313598300 ) ) ;
#993 = CARTESIAN_POINT ( 'NONE',  ( 1402.316320431299300, -172.5278744211943800, -387.9874841881657500 ) ) ;
#994 = CARTESIAN_POINT ( 'NONE',  ( 1152.334585100650400, 208.0844702241587400, -508.9903360787510600 ) ) ;
#995 = CARTESIAN_POINT ( 'NONE',  ( -62.43245932280328200, 101.6169966916318800, -180.1752205435168700 ) ) ;
#996 = DIRECTION ( 'NONE',  ( 0.0000000000000000000, 0.0000000000000000000, -1.000000000000000000 ) ) ;
#997 = EDGE_CURVE ( 'NONE', #2784, #383, #1480, .T. ) ;
#998 = CARTESIAN_POINT ( 'NONE',  ( 1962.118313282495800, -130.6249755541371400, 439.5782889778377000 ) ) ;
#999 = CARTESIAN_POINT ( 'NONE',  ( 1892.391751600739800, -363.3699731013934400, 279.7395624922083900 ) ) ;
#1000 = CARTESIAN_POINT ( 'NONE',  ( 542.3557373686104500, 361.2384628735770800, -223.1741890344821700 ) ) ;
#1001 = CARTESIAN_POINT ( 'NONE',  ( 2663.076804988614200, -313.0811661600132000, -452.0853807716276800 ) ) ;
#1002 = CARTESIAN_POINT ( 'NONE',  ( 2484.811580647903200, 597.7640015795150200, 378.6152865987966200 ) ) ;
#1003 = CARTESIAN_POINT ( 'NONE',  ( 3187.478672477060200, 6.661338147750939200E-012, -7.327471962526033200E-012 ) ) ;
#1004 = CARTESIAN_POINT ( 'NONE',  ( 1262.863202685892000, 314.2861970232941100, -285.5246708129598100 ) ) ;
#1005 = CARTESIAN_POINT ( 'NONE',  ( 1268.545647680608900, -334.9757913131097100, -436.0756559493060000 ) ) ;
#1006 = CARTESIAN_POINT ( 'NONE',  ( 472.6291722519905500, 423.5032764882386700, 30.73959188267947000 ) ) ;
#1007 = CARTESIAN_POINT ( 'NONE',  ( 3138.948667581742900, -17.68167174820001400, 103.2309594460835700 ) ) ;
#1008 = CARTESIAN_POINT ( 'NONE',  ( 2287.509112372107700, 223.7634133696939800, -400.2781980146884800 ) ) ;
#1009 = CARTESIAN_POINT ( 'NONE',  ( 2241.024562373431300, 366.7754466219205900, -275.2593744956882900 ) ) ;
#1010 = CARTESIAN_POINT ( 'NONE',  ( 937.4726962839844200, -244.0907298006166300, 347.4475639389448200 ) ) ;
#1011 = CARTESIAN_POINT ( 'NONE',  ( 323.2878648096084900, 310.2914016197640900, 635.9171220116231800 ) ) ;
#1012 = CARTESIAN_POINT ( 'NONE',  ( 2252.388928339546500, -624.0654018470826300, 333.4867526979012400 ) ) ;
#1013 = CARTESIAN_POINT ( 'NONE',  ( 123.9963410469408100, -423.8488862914641700, -25.54015740645641900 ) ) ;
#1014 = CARTESIAN_POINT ( 'NONE',  ( 983.9569729454711900, -82.35016715827936200, 416.5556263892082700 ) ) ;
#1015 = CARTESIAN_POINT ( 'NONE',  ( 1175.577019182417600, 98.15474620199735500, -541.0517269726735800 ) ) ;
#1016 = CARTESIAN_POINT ( 'NONE',  ( 379.6601430728482600, 261.6307607664486500, 334.4390350002051400 ) ) ;
#1017 = CARTESIAN_POINT ( 'NONE',  ( 3187.478672477060200, 11.40110498045432400, -99.34794816817427000 ) ) ;
#1018 = CARTESIAN_POINT ( 'NONE',  ( 211.2830674245773300, -222.0498932813647500, -201.6874172390196200 ) ) ;
#1019 = CARTESIAN_POINT ( 'NONE',  ( 2426.962229093431700, -309.8849009075800600, -338.0296070976778500 ) ) ;
#1020 = CARTESIAN_POINT ( 'NONE',  ( 2029.855372570679700, 97.62666697265525800, -413.2422961824517500 ) ) ;
#1021 = CARTESIAN_POINT ( 'NONE',  ( 2384.170572341543900, 520.7925428880940900, 176.4811205612158200 ) ) ;
#1022 = VECTOR ( 'NONE', #1971, 1000.000000000000000 ) ;
#1023 = CARTESIAN_POINT ( 'NONE',  ( 2461.568700746530800, 506.3865168946321100, 494.2102699366595300 ) ) ;
#1024 = CARTESIAN_POINT ( 'NONE',  ( 193.7229080096929300, -358.4725871293073900, 227.5903298629680500 ) ) ;
#1025 = CARTESIAN_POINT ( 'NONE',  ( 2169.308499944308100, -361.7615035966590000, -222.3258304501967500 ) ) ;
#1026 = CARTESIAN_POINT ( 'NONE',  ( 2012.295776854850600, -476.3567283297103900, -274.6918246558306600 ) ) ;
#1027 = DIRECTION ( 'NONE',  ( 1.000000000000000000, 0.0000000000000000000, 0.0000000000000000000 ) ) ;
#1028 = CARTESIAN_POINT ( 'NONE',  ( 466.9464249872170900, -3.997943774415485300, 299.9360066073156200 ) ) ;
#1029 = CARTESIAN_POINT ( 'NONE',  ( 838.8222125356851400, -54.59457325633655200, -294.9528146306931800 ) ) ;
#1030 = CARTESIAN_POINT ( 'NONE',  ( 2634.152483719513400, 376.6775425387706400, -195.9950308538411700 ) ) ;
#1031 = CARTESIAN_POINT ( 'NONE',  ( -87.32434059855862100, 60.83371371083282500, -698.5334410028765400 ) ) ;
#1032 = CARTESIAN_POINT ( 'NONE',  ( 25.54777469880103900, -113.9336631753012600, -167.9058401738877800 ) ) ;
#1033 = CARTESIAN_POINT ( 'NONE',  ( 2275.631918868029100, -541.4645244710822000, 455.5080070740322100 ) ) ;
#1034 = CARTESIAN_POINT ( 'NONE',  ( 1309.347926683977900, 171.6166385955494600, -388.3911326368934200 ) ) ;
#1035 = CARTESIAN_POINT ( 'NONE',  ( 2905.311205738229500, -406.7209460015514500, -99.84457475499688400 ) ) ;
#1036 = CARTESIAN_POINT ( 'NONE',  ( 439.4980905702100200, 705.6582925170121100, 52.12633714131148100 ) ) ;
#1037 = CARTESIAN_POINT ( 'NONE',  ( 490.1893650057285200, 58.20994019333725300, 294.2606571764902100 ) ) ;
#1038 = CARTESIAN_POINT ( 'NONE',  ( 2843.332141944883000, -300.7663593893897800, -299.7501137585966800 ) ) ;
#1039 = CARTESIAN_POINT ( 'NONE',  ( 2913.058602738139100, -261.0532285704169900, 65.24429301791711600 ) ) ;
#1040 = CARTESIAN_POINT ( 'NONE',  ( 2541.183791378416600, 398.1839155192730000, 147.4773359526423300 ) ) ;
#1041 = CARTESIAN_POINT ( 'NONE',  ( 2732.803375112112900, -523.4519959960295000, -177.7290527379122700 ) ) ;
#1042 = CARTESIAN_POINT ( 'NONE',  ( -218.9543979933611400, 281.0123021669415400, -201.0509253345645100 ) ) ;
#1043 = CARTESIAN_POINT ( 'NONE',  ( -212.4786724770602000, 0.0000000000000000000, -100.0000000000000000 ) ) ;
#1044 = CARTESIAN_POINT ( 'NONE',  ( 2531.295294622683700, 699.9119356503572400, 103.8960895805853000 ) ) ;
#1045 = CARTESIAN_POINT ( 'NONE',  ( 844.5038610431134900, -421.3630392499083500, 52.47210360708145100 ) ) ;
#1046 =( LENGTH_UNIT ( ) NAMED_UNIT ( * ) SI_UNIT ( .MILLI., .METRE. ) );
#1047 = CARTESIAN_POINT ( 'NONE',  ( -2.102593709925257400, -442.1056111906142400, -552.4555093191479500 ) ) ;
#1048 = CARTESIAN_POINT ( 'NONE',  ( 3190.628415691940100, -209.6347439541236200, 76.25994384843409100 ) ) ;
#1049 = CARTESIAN_POINT ( 'NONE',  ( 792.3370421485366300, 69.61711501734649200, -291.7721587794983400 ) ) ;
#1050 = CARTESIAN_POINT ( 'NONE',  ( 2471.457222529656100, 236.3191106539477500, 352.7793610130492000 ) ) ;
#1051 = CARTESIAN_POINT ( 'NONE',  ( 1880.514080424407000, 677.1339868174885600, -205.3299897570987300 ) ) ;
#1052 = CARTESIAN_POINT ( 'NONE',  ( -218.9543979933611700, 234.0107239389012900, -126.9305247898555800 ) ) ;
#1053 = CARTESIAN_POINT ( 'NONE',  ( -96.77555175427120600, 272.7495777775670800, 42.60100541583155100 ) ) ;
#1054 = CARTESIAN_POINT ( 'NONE',  ( 875.4176662236719700, -430.9182465231791600, -392.3228281870228200 ) ) ;
#1055 = CARTESIAN_POINT ( 'NONE',  ( 1355.832113132020400, -0.4983282087845749600, -424.6172645515200100 ) ) ;
#1056 = CARTESIAN_POINT ( 'NONE',  ( 2889.816753119018800, -398.6321166331462100, -150.3016251804800700 ) ) ;
#1057 = CARTESIAN_POINT ( 'NONE',  ( 2709.561372882492800, -468.1684557496328100, -287.6739329748162400 ) ) ;
#1058 = CYLINDRICAL_SURFACE ( 'NONE', #480, 100.0000000000000000 ) ;
#1059 = CARTESIAN_POINT ( 'NONE',  ( 1233.938810777485700, 166.3869384098949500, 249.5857287447428500 ) ) ;
#1060 = CARTESIAN_POINT ( 'NONE',  ( 2099.581936054847600, -162.9542179362596200, -392.1046848399512300 ) ) ;
#1061 = CARTESIAN_POINT ( 'NONE',  ( -212.4786724770602000, 0.0000000000000000000, 0.0000000000000000000 ) ) ;
#1062 = CARTESIAN_POINT ( 'NONE',  ( 3070.094768818509200, -292.7886863660447700, -55.13458445012954500 ) ) ;
#1063 = CARTESIAN_POINT ( 'NONE',  ( 764.8893970318583800, -677.0918266909777700, -205.4694425153421100 ) ) ;
#1064 = CARTESIAN_POINT ( 'NONE',  ( -218.9543979933611700, 299.6503393279240900, -305.8951070763647500 ) ) ;
#1065 = CARTESIAN_POINT ( 'NONE',  ( 28.02855264901960200, 109.3226045940422500, 13.74509954946815400 ) ) ;
#1066 = CARTESIAN_POINT ( 'NONE',  ( 1991.042709108003900, 576.2583337924389800, 86.79907786807672200 ) ) ;
#1067 = CARTESIAN_POINT ( 'NONE',  ( 1681.222561440336200, -92.54819698102511400, 414.4092079586452000 ) ) ;
#1068 = CARTESIAN_POINT ( 'NONE',  ( 2913.058602738181900, -407.7202966610681200, -3.552609226616570700 ) ) ;
#1069 = CARTESIAN_POINT ( 'NONE',  ( 3078.265319056941700, -246.4674610103902200, -85.56617580555413800 ) ) ;
#1070 = CARTESIAN_POINT ( 'NONE',  ( 2651.712538889293700, 203.9230826435033100, 219.9841383202911500 ) ) ;
#1071 = CARTESIAN_POINT ( 'NONE',  ( 106.4361568508009300, -189.2089086020092200, 516.3044742290879900 ) ) ;
#1072 = CARTESIAN_POINT ( 'NONE',  ( 2169.308499944308100, -361.7615035966590000, -222.3258304501967500 ) ) ;
#1073 = CARTESIAN_POINT ( 'NONE',  ( 3069.568088763045100, -316.6524494361368600, -43.82269676100891300 ) ) ;
#1074 = CARTESIAN_POINT ( 'NONE',  ( 1276.216829348909600, 286.8083998499526500, -646.8475829607097000 ) ) ;
#1075 = CARTESIAN_POINT ( 'NONE',  ( -95.07192497943366000, 295.9404191188939400, 23.97553936388342800 ) ) ;
#1076 = CARTESIAN_POINT ( 'NONE',  ( 47.53827636071530800, 143.6073562754665400, -13.30537051784361300 ) ) ;
#1077 = ORIENTED_EDGE ( 'NONE', *, *, #1693, .F. ) ;
#1078 = CARTESIAN_POINT ( 'NONE',  ( 1944.558719275123400, 491.6465166663810500, 312.8755826629609400 ) ) ;
#1079 = CARTESIAN_POINT ( 'NONE',  ( 1076.925835126850000, 253.3444557373080700, 340.7589659639286900 ) ) ;
#1080 = CARTESIAN_POINT ( 'NONE',  ( 2913.058602738467900, -417.4156117387359500, -48.75924005057553500 ) ) ;
#1081 = CARTESIAN_POINT ( 'NONE',  ( 712.7226616773097000, 342.4350956553425400, -471.5354101689313200 ) ) ;
#1082 = CARTESIAN_POINT ( 'NONE',  ( 2465.774358883119900, -238.9132038791081200, 181.3780646914121900 ) ) ;
#1083 = CARTESIAN_POINT ( 'NONE',  ( 826.9441898674067500, -91.50784331766880100, 542.2154368105526600 ) ) ;
#1084 = CARTESIAN_POINT ( 'NONE',  ( 3031.259108465531400, 53.55026269600792700, -455.4389187822293900 ) ) ;
#1085 = CARTESIAN_POINT ( 'NONE',  ( 2146.066615849345500, -307.8714397218545900, -292.4297461168197900 ) ) ;
#1086 = CARTESIAN_POINT ( 'NONE',  ( 3193.954313400777200, -447.3764987952538900, -14.05382395343976600 ) ) ;
#1087 = CARTESIAN_POINT ( 'NONE',  ( 1345.943398959132500, -146.4760078975246500, -692.2540302886279700 ) ) ;
#1088 = CARTESIAN_POINT ( 'NONE',  ( -95.07192497943373200, 242.8348314821168100, -651.6905709568470700 ) ) ;
#1089 = CARTESIAN_POINT ( 'NONE',  ( -2.313111179756459200, 74.56194164354491200, 41.17106084561168400 ) ) ;
#1090 = CARTESIAN_POINT ( 'NONE',  ( 1619.167871147108100, -548.2519128031343600, -197.5533956258165900 ) ) ;
#1091 = CARTESIAN_POINT ( 'NONE',  ( -148.4094965463189900, 10.08272088311764300, -107.9552082506017600 ) ) ;
#1092 = CARTESIAN_POINT ( 'NONE',  ( 271.1210481409517600, -578.5342046664820800, 70.04085091632138900 ) ) ;
#1093 = CARTESIAN_POINT ( 'NONE',  ( 201.3944709491654200, -509.9090920513600600, -282.1366020917331000 ) ) ;
#1094 = AXIS2_PLACEMENT_3D ( 'NONE', #561, #816, #3256 ) ;
#1095 = CARTESIAN_POINT ( 'NONE',  ( 1582.571717650021600, -163.3117308542658500, -251.6087245053055000 ) ) ;
#1096 = AXIS2_PLACEMENT_3D ( 'NONE', #860, #1904, #1403 ) ;
#1097 = CARTESIAN_POINT ( 'NONE',  ( 919.9128594762146300, 340.3019730647213200, 431.9322031831143800 ) ) ;
#1098 = CARTESIAN_POINT ( 'NONE',  ( 2915.048128434097600, 420.4518806321398800, -183.0648139371309400 ) ) ;
#1099 = CARTESIAN_POINT ( 'NONE',  ( 3070.071510555129000, -292.0758378026857300, -57.36842741738480100 ) ) ;
#1100 = CARTESIAN_POINT ( 'NONE',  ( 2879.928489444456800, -130.1199641982480300, 318.2221207277550000 ) ) ;
#1101 = CARTESIAN_POINT ( 'NONE',  ( 1601.607909423044500, -421.5641091432851200, 568.2909296070088200 ) ) ;
#1102 = CARTESIAN_POINT ( 'NONE',  ( 3097.583479757406600, -0.4870618758931252200, -91.99799271287750500 ) ) ;
#1103 = CARTESIAN_POINT ( 'NONE',  ( 3036.941397261658000, -568.5338454897654400, -107.1702293123527200 ) ) ;
#1104 = CARTESIAN_POINT ( 'NONE',  ( 759.2070700394655200, 121.9718128805633800, -569.8512138027094800 ) ) ;
#1105 = CARTESIAN_POINT ( 'NONE',  ( 2239.035064234403800, -423.4302085937501400, 31.73354648527180900 ) ) ;
#1106 = CARTESIAN_POINT ( 'NONE',  ( 69.68872719744923900, 64.44423921871064900, -572.2507210888254600 ) ) ;
#1107 = EDGE_CURVE ( 'NONE', #1808, #1505, #642, .T. ) ;
#1108 = CARTESIAN_POINT ( 'NONE',  ( 1177.566493951783100, 228.4027519633875200, 536.1339994358173700 ) ) ;
#1109 = CARTESIAN_POINT ( 'NONE',  ( 2884.133791294233600, 90.89275374060264300, -285.8600890759332200 ) ) ;
#1110 = CARTESIAN_POINT ( 'NONE',  ( 3054.501239703708100, -41.93555226573217700, -456.6565553020071200 ) ) ;
#1111 = CARTESIAN_POINT ( 'NONE',  ( 3187.478672477060600, 210.0970013167880900, -76.54573820727813400 ) ) ;
#1112 = CARTESIAN_POINT ( 'NONE',  ( 2913.058602738244200, -378.6984817956280800, 37.80443157823967900 ) ) ;
#1113 = CARTESIAN_POINT ( 'NONE',  ( 2461.568700746530800, 506.3865168946321100, 494.2102699366595300 ) ) ;
#1114 = CARTESIAN_POINT ( 'NONE',  ( 3037.069727925371800, -175.4476926217370500, 201.3705066972556200 ) ) ;
#1115 = CARTESIAN_POINT ( 'NONE',  ( 2548.855283746977900, 84.21754351159727000, 576.6412303872565400 ) ) ;
#1116 = CARTESIAN_POINT ( 'NONE',  ( 2913.058602738325600, -416.2739075224484400, -66.47794835451715300 ) ) ;
#1117 = CARTESIAN_POINT ( 'NONE',  ( 712.7226616773097000, 342.4350956553425400, -471.5354101689313200 ) ) ;
#1118 = CARTESIAN_POINT ( 'NONE',  ( 1293.777041734927500, 578.2149283518032200, 72.63092503228874400 ) ) ;
#1119 = CARTESIAN_POINT ( 'NONE',  ( 1605.814378694058200, -211.8822506596990800, -212.3290470202966800 ) ) ;
#1120 = CARTESIAN_POINT ( 'NONE',  ( 606.3995844519531600, 283.5436401938126200, 97.88057480732850000 ) ) ;
#1121 = CARTESIAN_POINT ( 'NONE',  ( 3039.116086553368400, -110.0215323535325100, 160.3208262353557000 ) ) ;
#1122 = CARTESIAN_POINT ( 'NONE',  ( 2913.058602738528400, -282.8944749076960100, 69.53036885802562500 ) ) ;
#1123 = CARTESIAN_POINT ( 'NONE',  ( 2176.980307464918000, 29.89778353012718900, -581.9911357455704300 ) ) ;
#1124 = CARTESIAN_POINT ( 'NONE',  ( 3007.979811547152600, -43.32488647793931600, -65.51316065832408200 ) ) ;
#1125 = CARTESIAN_POINT ( 'NONE',  ( -62.85045338383052600, 111.0622595601743300, -187.6274781207990800 ) ) ;
#1126 = CARTESIAN_POINT ( 'NONE',  ( 2502.371208313311400, -156.6858310642653900, 561.2993511281530300 ) ) ;
#1127 = CARTESIAN_POINT ( 'NONE',  ( 991.6288806293533800, -555.9397927091649800, 174.7524002920202400 ) ) ;
#1128 = CARTESIAN_POINT ( 'NONE',  ( 247.8786346796538900, -580.4965516700039000, -51.29901305882634700 ) ) ;
#1129 = LINE ( 'NONE', #1779, #1896 ) ;
#1130 = CARTESIAN_POINT ( 'NONE',  ( 542.3557373686104500, 361.2384628735770800, -223.1741890344821700 ) ) ;
#1131 = CARTESIAN_POINT ( 'NONE',  ( 2326.321223033765400, -247.1662788636076300, -169.9598362445628900 ) ) ;
#1132 = CARTESIAN_POINT ( 'NONE',  ( -95.07192497943366000, 287.6322329264272600, 30.85867689125861400 ) ) ;
#1133 = CARTESIAN_POINT ( 'NONE',  ( 2885.405283122791800, -7.072061366504580200, 242.3190392322956900 ) ) ;
#1134 = CARTESIAN_POINT ( 'NONE',  ( -61.94123650696378300, 128.2509615012112900, -201.5172910259399300 ) ) ;
#1135 = CARTESIAN_POINT ( 'NONE',  ( 2269.948991682409500, -411.1489118333715900, -412.9943123240093400 ) ) ;
#1136 = CARTESIAN_POINT ( 'NONE',  ( 3029.193905615808900, -556.0486255531132000, -148.2000357830816000 ) ) ;
#1137 = EDGE_CURVE ( 'NONE', #492, #826, #40, .T. ) ;
#1138 = CARTESIAN_POINT ( 'NONE',  ( 2577.779517503441200, 681.9691304286197900, -188.6501666249144800 ) ) ;
#1139 = APPLICATION_CONTEXT ( 'automotive_design' ) ;
#1140 = CARTESIAN_POINT ( 'NONE',  ( 1479.714762247769600, 15.60587661384605000, -582.5495243629994800 ) ) ;
#1141 = CARTESIAN_POINT ( 'NONE',  ( 356.4179857565110900, 186.6917869077182700, 381.3741909471209500 ) ) ;
#1142 = CARTESIAN_POINT ( 'NONE',  ( 2396.047790423289400, -299.8798024188743600, 7.044308840151915200 ) ) ;
#1143 = CARTESIAN_POINT ( 'NONE',  ( 3050.212458226034400, -84.83977399107770600, 144.7520001508449900 ) ) ;
#1144 = LINE ( 'NONE', #1151, #264 ) ;
#1145 = CARTESIAN_POINT ( 'NONE',  ( 1921.316139903172400, 416.1859946219792600, 407.9178447688838100 ) ) ;
#1146 = CARTESIAN_POINT ( 'NONE',  ( 2502.371208313311400, -156.6858310642653900, 561.2993511281530300 ) ) ;
#1147 = CARTESIAN_POINT ( 'NONE',  ( 61.94123650696373300, 307.5495431085587400, -411.8157571950199000 ) ) ;
#1148 = CARTESIAN_POINT ( 'NONE',  ( 2820.090063403012200, -231.9281665741588100, -355.6922131221876400 ) ) ;
#1149 = CARTESIAN_POINT ( 'NONE',  ( 7.785225226942174900, -191.1687577761928200, -379.1273102632059700 ) ) ;
#1150 = CARTESIAN_POINT ( 'NONE',  ( 1233.938810777485700, 166.3869384098949500, 249.5857287447428500 ) ) ;
#1151 = CARTESIAN_POINT ( 'NONE',  ( 3187.478672477060200, 100.0000000000065200, -7.327471962526033200E-012 ) ) ;
#1152 = CARTESIAN_POINT ( 'NONE',  ( 2548.855283746977900, 84.21754351159727000, 576.6412303872565400 ) ) ;
#1153 = CARTESIAN_POINT ( 'NONE',  ( 1200.808544339857500, 334.4896195230454100, 477.2045302910434500 ) ) ;
#1154 = CARTESIAN_POINT ( 'NONE',  ( 218.9543979933612800, 121.7196860984684900, -435.1314626153355200 ) ) ;
#1155 = DIRECTION ( 'NONE',  ( 0.0000000000000000000, 0.0000000000000000000, -1.000000000000000000 ) ) ;
#1156 = PRESENTATION_LAYER_ASSIGNMENT (  '', '', ( #2705 ) ) ;
#1157 = CARTESIAN_POINT ( 'NONE',  ( 2355.246276763386000, -185.7960746596789900, 381.8112290369313100 ) ) ;
#1158 = ORIENTED_EDGE ( 'NONE', *, *, #2172, .F. ) ;
#1159 = AXIS2_PLACEMENT_3D ( 'NONE', #2821, #239, #2801 ) ;
#1160 = CARTESIAN_POINT ( 'NONE',  ( 3070.071510555134000, -291.2724125544206700, -61.98407372142544600 ) ) ;
#1161 = CARTESIAN_POINT ( 'NONE',  ( 2024.173679424916800, 295.4924642961008200, 51.59356114193489900 ) ) ;
#1162 = ORIENTED_EDGE ( 'NONE', *, *, #527, .T. ) ;
#1163 = CARTESIAN_POINT ( 'NONE',  ( 3176.166861843478700, 10.62775642873351800, -98.86981916180603500 ) ) ;
#1164 = CARTESIAN_POINT ( 'NONE',  ( 288.6809019881796400, -177.7654392318478400, -422.8233154706329600 ) ) ;
#1165 = CARTESIAN_POINT ( 'NONE',  ( 2014.285282094848100, 581.7403017334633000, -34.43320804901372900 ) ) ;
#1166 = CARTESIAN_POINT ( 'NONE',  ( 1479.714762247769600, 15.60587661384605000, -582.5495243629994800 ) ) ;
#1167 = CARTESIAN_POINT ( 'NONE',  ( 218.9543979933611700, 152.8593515600458400, -176.9801739306561500 ) ) ;
#1168 = CARTESIAN_POINT ( 'NONE',  ( 3162.408482505612000, -12.36608972770771700, 99.94455780471253100 ) ) ;
#1169 = CARTESIAN_POINT ( 'NONE',  ( -79.50120785179257200, -495.2816335115774100, -238.9046383468517000 ) ) ;
#1170 = CARTESIAN_POINT ( 'NONE',  ( -218.9543979933612000, 155.9565399543092200, -519.8566980715010000 ) ) ;
#1171 = CARTESIAN_POINT ( 'NONE',  ( 937.4726962839844200, -244.0907298006166300, 347.4475639389448200 ) ) ;
#1172 = CARTESIAN_POINT ( 'NONE',  ( 1257.181593491779900, 214.4719387770451200, 209.7129248147743100 ) ) ;
#1173 = CARTESIAN_POINT ( 'NONE',  ( 3174.727708320218900, -187.3896062276328700, -122.0915380665903500 ) ) ;
#1174 = CARTESIAN_POINT ( 'NONE',  ( 3193.954439426108400, -415.5441790092234000, 48.34520413196242600 ) ) ;
#1175 = CARTESIAN_POINT ( 'NONE',  ( 381.6495948148710800, -432.6388119289600800, -152.0375810560827900 ) ) ;
#1176 = CARTESIAN_POINT ( 'NONE',  ( 2572.097767339524600, 201.8207916100842300, 546.6953252007306200 ) ) ;
#1177 = CARTESIAN_POINT ( 'NONE',  ( 521.1027264496224200, -280.0743173235696300, 363.1122265516135000 ) ) ;
#1178 = CARTESIAN_POINT ( 'NONE',  ( 61.94123650696374700, 195.3574994287726300, -535.8452447604166800 ) ) ;
#1179 = CARTESIAN_POINT ( 'NONE',  ( 176.1627167432454800, 149.1043241976876500, 529.2808450532883200 ) ) ;
#1180 = CARTESIAN_POINT ( 'NONE',  ( -218.9543979933612300, 77.99418144533945000, -540.0896183472039000 ) ) ;
#1181 = CARTESIAN_POINT ( 'NONE',  ( 1518.527605486947100, -422.0848634600073400, -46.30675814131414800 ) ) ;
#1182 = CARTESIAN_POINT ( 'NONE',  ( 2860.892132669171100, 148.1263244736762500, -260.8375596513075200 ) ) ;
#1183 = CARTESIAN_POINT ( 'NONE',  ( 1299.460023057315100, 146.6187730692259400, -692.2242340847705000 ) ) ;
#1184 = B_SPLINE_CURVE_WITH_KNOTS ( 'NONE', 3,
 ( #2129, #2921, #874, #351, #1883, #71, #865, #1093, #84, #1128, #2623, #843, #3131, #2890, #1859, #2667, #1395, #1870, #572, #3180, #2102, #327, #2635, #1640, #585, #853, #1629, #2646, #2153, #1081, #2658, #830, #1895, #598, #363, #95, #3169, #2372, #1652, #621, #3157, #339, #3144, #2142, #610, #2397, #2385, #2359, #2878, #1108, #2902, #2409, #1345, #1370, #1118, #2912, #1383, #373, #2162, #2679, #644, #894, #1140, #120, #2931, #129, #1907, #632, #2434, #2421, #3189, #1406, #1663, #1918, #883, #384, #2174, #124, #1645, #3202, #152, #1145, #648, #367, #667, #1165, #2712, #2936, #1442, #1411, #3226, #898, #1931, #133, #2691, #1419, #3193, #2413, #1668, #2966, #2439, #2187, #1701, #1922, #2926, #625, #1940, #388, #1152, #1176, #2701, #1676, #2945, #2179, #395, #878, #656, #2673, #142, #2427, #2955, #2448, #906, #1430, #3213, #1689, #2167, #406, #2197, #2457, #163 ),
 .UNSPECIFIED., .F., .F.,
 ( 4, 1, 1, 1, 1, 1, 1, 1, 1, 1, 1, 1, 1, 1, 1, 1, 1, 1, 1, 1, 1, 1, 1, 1, 1, 1, 1, 1, 1, 1, 1, 1, 1, 1, 1, 1, 1, 1, 1, 1, 1, 1, 1, 1, 1, 1, 1, 1, 1, 1, 1, 1, 1, 1, 1, 1, 1, 1, 1, 1, 1, 1, 1, 1, 1, 1, 1, 1, 1, 1, 1, 1, 1, 1, 1, 1, 1, 1, 1, 1, 1, 1, 1, 1, 1, 1, 1, 1, 1, 1, 1, 1, 1, 1, 1, 1, 1, 1, 1, 1, 1, 1, 1, 1, 1, 1, 1, 1, 1, 1, 1, 1, 1, 1, 1, 1, 1, 1, 1, 1, 1, 1, 1, 1, 1, 1, 1, 1, 4 ),
 ( 0.0000000000000000000, 0.007812498270105783400, 0.01562500109867619200, 0.02343749904354634100, 0.03124999760562388600, 0.03906250119592157700, 0.04687499891039848000, 0.05468749772174422200, 0.06250000129585638100, 0.07031249879026797700, 0.07812499784389986800, 0.08593750139596839600, 0.09374999868177907900, 0.1015624979711991600, 0.1093750014953673600, 0.1171874985840685200, 0.1249999981027989000, 0.1328125015932184700, 0.1406249984963307300, 0.1484374982379126600, 0.1562500016887449500, 0.1640624984178144000, 0.1718749983758097200, 0.1796875017812235000, 0.1874999983478233500, 0.1953124985158118100, 0.2031250018699869400, 0.2109374982857137600, 0.2187499986572965800, 0.2265625019544197100, 0.2343749982308942800, 0.2421874987996902000, 0.2500000020339568900, 0.2578124981828233100, 0.2656249989424697100, 0.2734375021080822600, 0.2812499981410093700, 0.2890624990851610700, 0.2968750021763320000, 0.3046874981050089500, 0.3124999992273404000, 0.3203125022382868300, 0.3281249980744224100, 0.3359374993686246000, 0.3437500022935740500, 0.3515624980488999400, 0.3593749995086825700, 0.3671875023418643700, 0.3749999980281314400, 0.3828124996472208600, 0.3906250023828760600, 0.3984374980118506900, 0.4062499997839912300, 0.4140625024163667700, 0.4218749979998377400, 0.4296874999187879600, 0.4375000024421347200, 0.4453124979919032000, 0.4531250000514437400, 0.4609375024600199700, 0.4687499979879063400, 0.4765625001818292700, 0.4843750024698961800, 0.4921874979877351500, 0.5000000003098494800, 0.5078125024716808600, 0.5156249979913217800, 0.5234375004354551200, 0.5312500024653218400, 0.5390624979986307100, 0.5468750005586202600, 0.5546875024508058900, 0.5624999980096562200, 0.5703125006793631200, 0.5781250024281477900, 0.5859374980244300700, 0.5937500007977257700, 0.6015625023973982800, 0.6093749980430129800, 0.6171875009137823800, 0.6250000023586352900, 0.6328124980654950000, 0.6406250010276414200, 0.6484375023119716100, 0.6562499980919985800, 0.6640625011394351000, 0.6718750022575432600, 0.6796874981226654900, 0.6875000012493256400, 0.6953125021955148800, 0.7031249981576699300, 0.7109375013574983400, 0.7187500021260745400, 0.7265624981972113000, 0.7343750014641616800, 0.7421875020494398400, 0.7499999982415060900, 0.7578125015695511600, 0.7656250019658447100, 0.7734374982908042200, 0.7812500016739244400, 0.7890625018755455000, 0.7968749983453600200, 0.8046875017775566600, 0.8125000017788235300, 0.8203124984054658300, 0.8281250018807501100, 0.8359375016759783600, 0.8437499984714169600, 0.8515625019838051200, 0.8593750015673206100, 0.8671874985435305000, 0.8750000020870598600, 0.8828125014531857900, 0.8906249986221431700, 0.8984375021908611600, 0.9062500013339190900, 0.9140624987076081400, 0.9218750022955687400, 0.9296875012098857500, 0.9374999988002746800, 0.9453125024015507400, 0.9531250010814545900, 0.9609374989005250400, 0.9687500025092051800, 0.9765625009486272900, 0.9843749990093700900, 0.9921875017881567300, 1.000000000000000000 ),
 .UNSPECIFIED. ) ;
#1185 = CARTESIAN_POINT ( 'NONE',  ( 3187.478672477060200, 11.40110498045432400, -99.34794816817427000 ) ) ;
#1186 = CARTESIAN_POINT ( 'NONE',  ( 3070.094768818509200, -292.7886863660447700, -55.13458445012954500 ) ) ;
#1187 = CARTESIAN_POINT ( 'NONE',  ( 226.7017949934570400, 68.05476472658847300, -445.9680011747744900 ) ) ;
#1188 = CARTESIAN_POINT ( 'NONE',  ( -61.94123650696380400, 85.45494405054931500, -413.5030687041288500 ) ) ;
#1189 = CARTESIAN_POINT ( 'NONE',  ( 474.6185027621180600, -403.1952608852353700, 218.4635655059381100 ) ) ;
#1190 = CARTESIAN_POINT ( 'NONE',  ( 2680.636928791563200, 264.9369102135892100, -331.8259156840658800 ) ) ;
#1191 = VECTOR ( 'NONE', #2569, 1000.000000000000000 ) ;
#1192 = CARTESIAN_POINT ( 'NONE',  ( 61.94123650696376200, 325.9069629891425800, -234.3499819006185600 ) ) ;
#1193 = CARTESIAN_POINT ( 'NONE',  ( 1565.011821730056900, -404.6396834679588300, 128.7120176484132200 ) ) ;
#1194 = CARTESIAN_POINT ( 'NONE',  ( 751.5354303600802300, -321.8494659751147500, -276.9708697004175000 ) ) ;
#1195 = CARTESIAN_POINT ( 'NONE',  ( 578.9512018736657000, 270.8475688735675800, -653.6913509641493600 ) ) ;
#1196 = CARTESIAN_POINT ( 'NONE',  ( 2913.058602738323300, -223.9190532165985700, 46.14064577414685400 ) ) ;
#1197 = CARTESIAN_POINT ( 'NONE',  ( 3193.977563341431100, -288.3649604256666000, 103.2792833726669500 ) ) ;
#1198 = CARTESIAN_POINT ( 'NONE',  ( 637.3136862516069000, 172.6910803406475500, 424.8176182967832200 ) ) ;
#1199 = CARTESIAN_POINT ( 'NONE',  ( 335.1653724073981900, -333.9032432685514800, -314.3284790121289800 ) ) ;
#1200 = CARTESIAN_POINT ( 'NONE',  ( 1309.347926683977900, 171.6166385955494600, -388.3911326368934200 ) ) ;
#1201 = CARTESIAN_POINT ( 'NONE',  ( 1779.873675518797000, 473.8006496349414100, -279.0759366805983700 ) ) ;
#1202 = CARTESIAN_POINT ( 'NONE',  ( 61.94123650696375400, 119.3170809112957300, -565.0360707628671000 ) ) ;
#1203 = CARTESIAN_POINT ( 'NONE',  ( 774.7773058541245100, -372.2347539652482700, -204.3071616281586400 ) ) ;
#1204 = CARTESIAN_POINT ( 'NONE',  ( 1880.514080424407000, 677.1339868174885600, -205.3299897570987300 ) ) ;
#1205 = CARTESIAN_POINT ( 'NONE',  ( 25.54777469880103900, -113.9336631753012600, -167.9058401738877800 ) ) ;
#1206 = CARTESIAN_POINT ( 'NONE',  ( 846.4933574859293200, 352.8274239113642900, -292.9248330965012900 ) ) ;
#1207 = CARTESIAN_POINT ( 'NONE',  ( 869.7355564209266300, 284.5092187927115200, -359.6480129082904700 ) ) ;
#1208 = CARTESIAN_POINT ( 'NONE',  ( 1774.191530234183100, 244.9055459517400700, 346.8736332688148400 ) ) ;
#1209 = CARTESIAN_POINT ( 'NONE',  ( 1036.123888465820100, 544.5331975060843200, -76.51733494587847400 ) ) ;
#1210 = CARTESIAN_POINT ( 'NONE',  ( 61.94123650696374000, 281.4294386214868400, -134.8436574990155600 ) ) ;
#1211 = CARTESIAN_POINT ( 'NONE',  ( 2674.954070547529700, 245.0620444433992900, 172.9801347592771800 ) ) ;
#1212 = CARTESIAN_POINT ( 'NONE',  ( 1996.725687294813300, 163.5625680953522800, -688.4175350003751000 ) ) ;
#1213 = CARTESIAN_POINT ( 'NONE',  ( 93.43087349552303100, 0.9400939025441518200, -258.5405677118981200 ) ) ;
#1214 = ORIENTED_EDGE ( 'NONE', *, *, #1380, .T. ) ;
#1215 = CARTESIAN_POINT ( 'NONE',  ( 1985.360617051264600, -36.75100135512103300, 457.1015336846743900 ) ) ;
#1216 = CARTESIAN_POINT ( 'NONE',  ( 985.9464731220240300, -167.4648352952733300, -426.9047174575528100 ) ) ;
#1217 = CARTESIAN_POINT ( 'NONE',  ( 1053.683529647383500, 177.2761031780801800, 385.8410636703430900 ) ) ;
#1218 = CARTESIAN_POINT ( 'NONE',  ( 1611.496000512782800, -317.7663767306417000, 281.6463905784937100 ) ) ;
#1219 = CARTESIAN_POINT ( 'NONE',  ( 2756.045694921612300, -539.9981329068213000, -72.77600842461063700 ) ) ;
#1220 = CARTESIAN_POINT ( 'NONE',  ( 896.6707564079392800, 243.4654638806121600, 493.0475110447822000 ) ) ;
#1221 = CARTESIAN_POINT ( 'NONE',  ( -61.94123650696380400, 171.2462842503277300, -324.2131258998336400 ) ) ;
#1222 =( BOUNDED_CURVE ( )  B_SPLINE_CURVE ( 3, ( #1914, #2676, #2898, #104 ),
 .UNSPECIFIED., .F., .F. ) 
 B_SPLINE_CURVE_WITH_KNOTS ( ( 4, 4 ),
 ( 0.4999999999999995000, 1.000000000000000000 ),
 .UNSPECIFIED. ) 
 CURVE ( )  GEOMETRIC_REPRESENTATION_ITEM ( )  RATIONAL_B_SPLINE_CURVE ( ( 1.000000000000000400, 0.3333333333333333100, 0.3333333333333326500, 1.000000000000000000 ) ) 
 REPRESENTATION_ITEM ( '' )  );
#1223 = CARTESIAN_POINT ( 'NONE',  ( 100.7538683739703900, -409.3679296927246000, -112.7710983124488400 ) ) ;
#1224 = CARTESIAN_POINT ( 'NONE',  ( 1508.639735703463700, -704.1812800050605600, 69.28331670644998000 ) ) ;
#1225 = CARTESIAN_POINT ( 'NONE',  ( -156.1196116435774300, 2.281264772294913100, 98.20009533649255200 ) ) ;
#1226 = DIRECTION ( 'NONE',  ( -1.000000000000000000, -0.0000000000000000000, 0.0000000000000000000 ) ) ;
#1227 = CARTESIAN_POINT ( 'NONE',  ( 2450.204251577324200, -373.1747943770811800, -266.5192885791622100 ) ) ;
#1228 = CARTESIAN_POINT ( 'NONE',  ( 2333.993448425925200, 42.35755410367141100, -456.6162132348777000 ) ) ;
#1229 = CARTESIAN_POINT ( 'NONE',  ( 309.9335742612010400, 16.12685566109054800, 424.3112665430387600 ) ) ;
#1230 = CARTESIAN_POINT ( 'NONE',  ( 1355.832113132020400, -0.4983282087845749600, -424.6172645515200100 ) ) ;
#1231 = CARTESIAN_POINT ( 'NONE',  ( 3070.071511053649800, -291.6893635921281300, -72.89873928193837600 ) ) ;
#1232 = CARTESIAN_POINT ( 'NONE',  ( 2913.058602738528400, -282.8944749076960100, 69.53036885802562500 ) ) ;
#1233 = CARTESIAN_POINT ( 'NONE',  ( 1361.514278938898800, -548.0663374821311900, -44.65006884770794900 ) ) ;
#1234 = CARTESIAN_POINT ( 'NONE',  ( 402.9026067520942400, 325.2240922817133000, 273.0004391538154800 ) ) ;
#1235 = ORIENTED_EDGE ( 'NONE', *, *, #456, .T. ) ;
#1236 = CARTESIAN_POINT ( 'NONE',  ( 2192.550946324452500, -399.9637200178939300, -142.5799426460466200 ) ) ;
#1237 = CARTESIAN_POINT ( 'NONE',  ( 1036.123888465820100, 544.5331975060843200, -76.51733494587847400 ) ) ;
#1238 = CARTESIAN_POINT ( 'NONE',  ( 119.3383781347029900, -81.27790764715645400, 6.328958268057868400 ) ) ;
#1239 = CARTESIAN_POINT ( 'NONE',  ( 3070.071510555134900, -291.2724125544197000, -61.98407372142634100 ) ) ;
#1240 = CARTESIAN_POINT ( 'NONE',  ( 2612.899712990773400, -306.0278946852478700, 341.5252822665479500 ) ) ;
#1241 = CARTESIAN_POINT ( 'NONE',  ( 1427.548086308885800, 426.7504963624126000, 167.8580681004235700 ) ) ;
#1242 = CARTESIAN_POINT ( 'NONE',  ( 1657.980722345475900, -176.3698985561189000, 386.2558888736069200 ) ) ;
#1243 = CARTESIAN_POINT ( 'NONE',  ( 2006.613505947774500, 181.0966141674948600, -384.0624778713066100 ) ) ;
#1244 = CARTESIAN_POINT ( 'NONE',  ( 2879.928489444853300, -69.37823946422231800, 280.8403385328175000 ) ) ;
#1245 = CARTESIAN_POINT ( 'NONE',  ( 1663.662966524490500, 479.6917623978397400, 268.8255277902046000 ) ) ;
#1246 = CARTESIAN_POINT ( 'NONE',  ( 542.3557373686104500, 361.2384628735770800, -223.1741890344821700 ) ) ;
#1247 = CARTESIAN_POINT ( 'NONE',  ( 1448.801046349031100, -314.9553174178816400, -284.7860491532835600 ) ) ;
#1248 = CARTESIAN_POINT ( 'NONE',  ( 2314.444014275087700, 318.6978193235459000, 448.1095572561428600 ) ) ;
#1249 = CARTESIAN_POINT ( 'NONE',  ( 167.1548560104485300, -26.43401450370702200, -36.94255507517894400 ) ) ;
#1250 = CARTESIAN_POINT ( 'NONE',  ( 3187.478672477060600, 187.2947913558923000, 122.1501581290557000 ) ) ;
#1251 = CARTESIAN_POINT ( 'NONE',  ( 2031.844875204107400, 151.6380646442093800, 432.7792173552078300 ) ) ;
#1252 = CARTESIAN_POINT ( 'NONE',  ( 1264.852707822135000, -119.7978294511321700, 442.6516947896967600 ) ) ;
#1253 = CARTESIAN_POINT ( 'NONE',  ( 1448.801046349031100, -314.9553174178816400, -284.7860491532835600 ) ) ;
#1254 = ORIENTED_EDGE ( 'NONE', *, *, #961, .T. ) ;
#1255 = CARTESIAN_POINT ( 'NONE',  ( 2709.561372882492800, -468.1684557496328100, -287.6739329748162400 ) ) ;
#1256 = CARTESIAN_POINT ( 'NONE',  ( 2856.685462309726500, -663.6928285945509700, -254.5076993266431200 ) ) ;
#1257 = CARTESIAN_POINT ( 'NONE',  ( 2913.058602738467900, -417.4156117387359500, -48.75924005057553500 ) ) ;
#1258 = CARTESIAN_POINT ( 'NONE',  ( 1890.402246843528900, 423.0089088681412500, -36.92728967445302100 ) ) ;
#1259 = CARTESIAN_POINT ( 'NONE',  ( 1338.272205314033000, -526.9357064489736300, -157.1925555229881900 ) ) ;
#1260 = CARTESIAN_POINT ( 'NONE',  ( 519.1132809578360800, 399.6280679885772400, -143.5183736566619900 ) ) ;
#1261 = CARTESIAN_POINT ( 'NONE',  ( 2935.222762715896400, -126.1933831036805900, -14.27904136924176700 ) ) ;
#1262 = CARTESIAN_POINT ( 'NONE',  ( 3077.743330835652600, -135.6116914945368100, -438.0613843017332000 ) ) ;
#1263 = CARTESIAN_POINT ( 'NONE',  ( 1729.696634566412500, -318.0873430213604800, -330.3229213918428400 ) ) ;
#1264 = CARTESIAN_POINT ( 'NONE',  ( 1355.832113132020400, -0.4983282087845749600, -424.6172645515200100 ) ) ;
#1265 =( GEOMETRIC_REPRESENTATION_CONTEXT ( 3 ) GLOBAL_UNCERTAINTY_ASSIGNED_CONTEXT ( ( #2773 ) ) GLOBAL_UNIT_ASSIGNED_CONTEXT ( ( #719, #2226, #3017 ) ) REPRESENTATION_CONTEXT ( 'NONE', 'WORKASPACE' ) );
#1266 = CARTESIAN_POINT ( 'NONE',  ( 90.86533149167587500, -706.2449463238010600, -43.46268910248831200 ) ) ;
#1267 = CARTESIAN_POINT ( 'NONE',  ( 2229.146796690246000, -679.6027295853266400, 197.0049090794099400 ) ) ;
#1268 = CARTESIAN_POINT ( 'NONE',  ( 2756.045694921517700, -155.7622686305113600, 149.6497189656784600 ) ) ;
#1269 = VERTEX_POINT ( 'NONE', #2948 ) ;
#1270 = CARTESIAN_POINT ( 'NONE',  ( 1030.441681961543100, 93.52055891879226100, 414.1905898548604900 ) ) ;
#1271 = CARTESIAN_POINT ( 'NONE',  ( 2430.655139814063700, 547.6317727303818400, -49.70623499605041900 ) ) ;
#1272 = CARTESIAN_POINT ( 'NONE',  ( 333.1760408744870600, 103.6571321955124500, 411.7707511148894900 ) ) ;
#1273 = CARTESIAN_POINT ( 'NONE',  ( 2880.572907880704400, -67.88104396531596800, 279.9146852880533100 ) ) ;
#1274 = CARTESIAN_POINT ( 'NONE',  ( 862.0635821479404500, -114.4977820201001900, -277.2504080912075300 ) ) ;
#1275 = CARTESIAN_POINT ( 'NONE',  ( 2031.844875204107400, 151.6380646442093800, 432.7792173552078300 ) ) ;
#1276 = CARTESIAN_POINT ( 'NONE',  ( -33.01696213672529700, -549.5976539348621400, -17.70389243101485400 ) ) ;
#1277 = CARTESIAN_POINT ( 'NONE',  ( 2570.108258631188600, 124.5850966152164100, -535.5842203206000200 ) ) ;
#1278 = CARTESIAN_POINT ( 'NONE',  ( 480.3007755306075000, 241.4912409802057600, 530.3673701542030600 ) ) ;
#1279 = CARTESIAN_POINT ( 'NONE',  ( 240.2070055445152000, -235.4905126099820300, 353.3331965359094500 ) ) ;
#1280 = CARTESIAN_POINT ( 'NONE',  ( 2215.793170018386300, -420.8213477482246400, -56.65137394592055400 ) ) ;
#1281 = CARTESIAN_POINT ( 'NONE',  ( 1989.053378438320400, -409.1354506476456500, -367.3944513431507600 ) ) ;
#1282 = CARTESIAN_POINT ( 'NONE',  ( 3140.689233324243100, 9.693319666490815200, -98.29209606443747300 ) ) ;
#1283 = CARTESIAN_POINT ( 'NONE',  ( 164.7982306619007000, -121.3291441144015600, -274.5047962118251800 ) ) ;
#1284 = CARTESIAN_POINT ( 'NONE',  ( 513.4308964775103700, 117.8916262688715500, 275.8244390898137200 ) ) ;
#1285 = CARTESIAN_POINT ( 'NONE',  ( 2308.761628918020500, -324.5826141202644000, 273.7631916285900500 ) ) ;
#1286 =( BOUNDED_CURVE ( )  B_SPLINE_CURVE ( 3, ( #2501, #2525, #464, #2006 ),
 .UNSPECIFIED., .F., .T. ) 
 B_SPLINE_CURVE_WITH_KNOTS ( ( 4, 4 ),
 ( 0.0000000000000000000, 0.5000000000000000000 ),
 .UNSPECIFIED. ) 
 CURVE ( )  GEOMETRIC_REPRESENTATION_ITEM ( )  RATIONAL_B_SPLINE_CURVE ( ( 1.000000000000000000, 0.3333333333333333700, 0.3333333333333333700, 1.000000000000000000 ) ) 
 REPRESENTATION_ITEM ( '' )  );
#1287 = ORIENTED_EDGE ( 'NONE', *, *, #82, .T. ) ;
#1288 = CARTESIAN_POINT ( 'NONE',  ( -71.82889688832058500, -33.43953971730992000, -708.0167366465215100 ) ) ;
#1289 = CARTESIAN_POINT ( 'NONE',  ( -212.4786724770602300, 200.0000000000000000, -100.0000000000000100 ) ) ;
#1290 = CARTESIAN_POINT ( 'NONE',  ( 433.8164416162271700, 5.846917986818087200, 582.7291293720647900 ) ) ;
#1291 = CARTESIAN_POINT ( 'NONE',  ( 705.0507511810458300, -181.9976443530377400, -383.6365224336197500 ) ) ;
#1292 = APPLICATION_PROTOCOL_DEFINITION ( 'draft international standard', 'automotive_design', 1998, #2576 ) ;
#1293 = CARTESIAN_POINT ( 'NONE',  ( 346.5301352226544500, 435.2691741425135200, 557.8636718367272400 ) ) ;
#1294 = CARTESIAN_POINT ( 'NONE',  ( 2792.180206374850500, -5.919305196970629600, 57.00809306707048300 ) ) ;
#1295 = CARTESIAN_POINT ( 'NONE',  ( 327.4932664916369200, -286.0517605811608600, 90.28825818331486600 ) ) ;
#1296 = CARTESIAN_POINT ( 'NONE',  ( 2727.121024962711100, 107.7389251779094600, -410.7221546982665900 ) ) ;
#1297 = ORIENTED_EDGE ( 'NONE', *, *, #961, .F. ) ;
#1298 = CARTESIAN_POINT ( 'NONE',  ( 2889.816753119018800, -398.6321166331462100, -150.3016251804800700 ) ) ;
#1299 = CARTESIAN_POINT ( 'NONE',  ( 2756.045694921517200, -541.2754024904761500, -70.97182298760890300 ) ) ;
#1300 = CARTESIAN_POINT ( 'NONE',  ( -61.94123650696368300, 66.47794375361687000, -416.2737795422889300 ) ) ;
#1301 = CARTESIAN_POINT ( 'NONE',  ( 59.66231502613864300, -74.33704918162952400, -199.1473387723270300 ) ) ;
#1302 = CARTESIAN_POINT ( 'NONE',  ( 573.2695518086054600, 555.1517987935003500, 177.2396994106834100 ) ) ;
#1303 = CARTESIAN_POINT ( 'NONE',  ( 1286.105543605267300, 248.3360195457722700, -344.4260374339733100 ) ) ;
#1304 = CARTESIAN_POINT ( 'NONE',  ( 2913.058602738332000, -395.7210352374130500, 18.31083667629141600 ) ) ;
#1305 = CARTESIAN_POINT ( 'NONE',  ( -95.07192497943357500, 111.6640252224257600, -693.5351566610086100 ) ) ;
#1306 = EDGE_CURVE ( 'NONE', #563, #96, #2815, .T. ) ;
#1307 = CARTESIAN_POINT ( 'NONE',  ( 3191.032677239049900, -209.0908764728766000, 75.92369337272626200 ) ) ;
#1308 = CARTESIAN_POINT ( 'NONE',  ( 118.3133035369658500, -0.5378274017812801900, -302.0220659653275600 ) ) ;
#1309 = CARTESIAN_POINT ( 'NONE',  ( 2564.425932812137900, 420.0944872966696800, 61.81129882888951200 ) ) ;
#1310 = CARTESIAN_POINT ( 'NONE',  ( 1820.675684611383800, 364.4625420738277600, 217.8697246621627800 ) ) ;
#1311 = CARTESIAN_POINT ( 'NONE',  ( 2756.043801487959600, -370.8179902303334100, 183.5708068087208700 ) ) ;
#1312 = CARTESIAN_POINT ( 'NONE',  ( 1694.576266923241300, 137.9700464581199800, 693.9994133746165500 ) ) ;
#1313 = CARTESIAN_POINT ( 'NONE',  ( -95.07192497943368900, 111.6640252224262800, -693.5351566610085000 ) ) ;
#1314 = CARTESIAN_POINT ( 'NONE',  ( -95.07192497943366000, 287.6322329264273200, 30.85867689125861800 ) ) ;
#1315 = CARTESIAN_POINT ( 'NONE',  ( 1433.230170932237100, 250.3405682213433200, -526.2483795188518300 ) ) ;
#1316 = CARTESIAN_POINT ( 'NONE',  ( 2122.824377100373600, -240.6304480669044800, -349.8528394635234200 ) ) ;
#1317 = CARTESIAN_POINT ( 'NONE',  ( 2494.699381346197200, 304.2596785729984400, 296.1858475686171300 ) ) ;
#1318 = CARTESIAN_POINT ( 'NONE',  ( 393.0144571236197600, 623.9968184676755500, 333.6155360698624000 ) ) ;
#1319 = CARTESIAN_POINT ( 'NONE',  ( 3187.478672477060200, 11.40110498045432400, -99.34794816817427000 ) ) ;
#1320 = CARTESIAN_POINT ( 'NONE',  ( 1303.665392060479700, 281.0562927911779000, 104.8094186903592700 ) ) ;
#1321 = CARTESIAN_POINT ( 'NONE',  ( 2448.214759445655500, 158.1302315888606800, 394.0748478219521200 ) ) ;
#1322 = CARTESIAN_POINT ( 'NONE',  ( 1936.886950226844200, 371.7540228150267600, -205.1801962472025600 ) ) ;
#1323 = CARTESIAN_POINT ( 'NONE',  ( 3036.902349825744700, -225.4543811013532200, 219.1331831645552200 ) ) ;
#1324 = CARTESIAN_POINT ( 'NONE',  ( 1787.546001188230100, 606.8757369903933100, 363.8313857910028400 ) ) ;
#1325 = CARTESIAN_POINT ( 'NONE',  ( -61.94123650696380400, 76.91665721314180400, -413.5467296088629000 ) ) ;
#1326 = CARTESIAN_POINT ( 'NONE',  ( -219.1830668321543400, 193.7104518916212300, -95.03758305082101300 ) ) ;
#1327 = CARTESIAN_POINT ( 'NONE',  ( 1154.323914582264700, 112.4103489101780300, 571.8143613684609400 ) ) ;
#1328 = CARTESIAN_POINT ( 'NONE',  ( 1495.285252200299500, -403.3423706458466400, -132.7214875357167900 ) ) ;
#1329 = CARTESIAN_POINT ( 'NONE',  ( 2913.058602738243700, -378.6984817956280300, 37.80443157823967900 ) ) ;
#1330 = AXIS2_PLACEMENT_3D ( 'NONE', #1891, #369, #1659 ) ;
#1331 = CARTESIAN_POINT ( 'NONE',  ( 3162.408482505612000, -12.36608972770771700, 99.94455780471253100 ) ) ;
#1332 = ADVANCED_BREP_SHAPE_REPRESENTATION ( 'big_spring_fluid', ( #1824, #3049 ), #183 ) ;
#1333 = CARTESIAN_POINT ( 'NONE',  ( 1675.540932034996600, -296.1033894378831500, -47.96344743492033300 ) ) ;
#1334 = CARTESIAN_POINT ( 'NONE',  ( 594.5220818838397500, -426.6696374071528300, -346.8764963495344800 ) ) ;
#1335 = CARTESIAN_POINT ( 'NONE',  ( 2773.605583667111700, -67.94275007601241600, -419.1488574054469600 ) ) ;
#1336 = CARTESIAN_POINT ( 'NONE',  ( 3036.941380284149100, -534.7770930882978700, 94.52246412996382200 ) ) ;
#1337 = CARTESIAN_POINT ( 'NONE',  ( 2043.209169454137100, -129.4433596498208800, -695.6402855611563600 ) ) ;
#1338 = CARTESIAN_POINT ( 'NONE',  ( -61.94123650696380400, 85.45494405054931500, -413.5030687041288500 ) ) ;
#1339 = CARTESIAN_POINT ( 'NONE',  ( -211.6031393552245000, 199.7668229251813700, -99.81602464146851600 ) ) ;
#1340 = ORIENTED_EDGE ( 'NONE', *, *, #2146, .T. ) ;
#1341 = CARTESIAN_POINT ( 'NONE',  ( 2060.769278882417900, 517.8794201303427400, -267.2239694347264300 ) ) ;
#1342 = CARTESIAN_POINT ( 'NONE',  ( 2727.121024962711100, 107.7389251779094600, -410.7221546982665900 ) ) ;
#1343 = EDGE_CURVE ( 'NONE', #2784, #669, #2417, .T. ) ;
#1344 = CARTESIAN_POINT ( 'NONE',  ( 2913.058602738323300, -223.9190532165985700, 46.14064577414685400 ) ) ;
#1345 = CARTESIAN_POINT ( 'NONE',  ( 1247.293062595535000, 499.1768028633487100, 300.7158049394005300 ) ) ;
#1346 = CARTESIAN_POINT ( 'NONE',  ( 2581.986004657678700, 36.40473251835668800, 297.7454391434801000 ) ) ;
#1347 = VERTEX_POINT ( 'NONE', #659 ) ;
#1348 = CARTESIAN_POINT ( 'NONE',  ( 83.19416547896341300, -292.0389818487555500, 465.9231046425252900 ) ) ;
#1349 = CARTESIAN_POINT ( 'NONE',  ( 3008.016765360436700, 146.7162714135646100, -434.4726545615641300 ) ) ;
#1350 = CARTESIAN_POINT ( 'NONE',  ( 2215.793170018386300, -420.8213477482246400, -56.65137394592055400 ) ) ;
#1351 = CARTESIAN_POINT ( 'NONE',  ( 3194.210966406285900, -220.7754210452258100, 84.51889266675645700 ) ) ;
#1352 = CARTESIAN_POINT ( 'NONE',  ( 1438.913166136086100, -611.2948005977918900, -356.3567333585961000 ) ) ;
#1353 = CARTESIAN_POINT ( 'NONE',  ( 3887.478672477059700, -11.40110498044139400, 99.34794816815984600 ) ) ;
#1354 = CARTESIAN_POINT ( 'NONE',  ( -212.4786724770602000, 0.0000000000000000000, 100.0000000000000000 ) ) ;
#1355 = CARTESIAN_POINT ( 'NONE',  ( 1665.652462932874600, -581.2739659381416000, 41.56945515253973900 ) ) ;
#1356 = CARTESIAN_POINT ( 'NONE',  ( 2169.308499944308100, -361.7615035966590000, -222.3258304501967500 ) ) ;
#1357 = CARTESIAN_POINT ( 'NONE',  ( 782.4492165047181500, 1.304567885592973700, -582.7570160360289700 ) ) ;
#1358 = CARTESIAN_POINT ( 'NONE',  ( 2256.594656733042900, -100.7555773008731700, -282.5346464735485500 ) ) ;
#1359 = ORIENTED_EDGE ( 'NONE', *, *, #1633, .T. ) ;
#1360 = CARTESIAN_POINT ( 'NONE',  ( 943.1548941114621100, 422.3808002936157200, 352.0862817840582000 ) ) ;
#1361 = CARTESIAN_POINT ( 'NONE',  ( 211.2830674245773300, -222.0498932813647500, -201.6874172390196200 ) ) ;
#1362 = CARTESIAN_POINT ( 'NONE',  ( 3114.663254271779800, -26.57546536261973800, 108.7296193895797400 ) ) ;
#1363 = CARTESIAN_POINT ( 'NONE',  ( 2756.045694921517200, -541.2754024904759300, -70.97182298760985500 ) ) ;
#1364 = CARTESIAN_POINT ( 'NONE',  ( 1671.334452065723800, -8.756086643983215000, 707.5268189571878600 ) ) ;
#1365 = CARTESIAN_POINT ( 'NONE',  ( -61.94123650696380400, 76.91665721314180400, -413.5467296088629000 ) ) ;
#1366 = CARTESIAN_POINT ( 'NONE',  ( -198.0102992182312100, 1.172623910564816000, -100.9251934588209700 ) ) ;
#1367 = CARTESIAN_POINT ( 'NONE',  ( 1340.261653327897900, 558.0424516701374400, -167.9169505129662200 ) ) ;
#1368 = CARTESIAN_POINT ( 'NONE',  ( 2448.214759445655500, 158.1302315888606800, 394.0748478219521200 ) ) ;
#1369 = CARTESIAN_POINT ( 'NONE',  ( 2856.685462309726500, -663.6928285945509700, -254.5076993266431200 ) ) ;
#1370 = CARTESIAN_POINT ( 'NONE',  ( 1270.535098845258500, 550.6349114314797400, 190.8105577119699500 ) ) ;
#1371 = CARTESIAN_POINT ( 'NONE',  ( 2913.058602738323300, -223.9190532165985700, 46.14064577414685400 ) ) ;
#1372 = CARTESIAN_POINT ( 'NONE',  ( 1791.751461898922100, -190.5389585451144700, 231.6734534498043000 ) ) ;
#1373 = CARTESIAN_POINT ( 'NONE',  ( 420.4627923996039800, -125.2006098813453600, 272.5849200107916800 ) ) ;
#1374 = CARTESIAN_POINT ( 'NONE',  ( 3176.166861843478700, 10.62775642873351800, -98.86981916180603500 ) ) ;
#1375 = CARTESIAN_POINT ( 'NONE',  ( 2913.058602738322900, -233.2286537912502500, 51.59361534767946700 ) ) ;
#1376 = CARTESIAN_POINT ( 'NONE',  ( 2136.178805398408700, -602.3652438431840900, -371.2512769904300300 ) ) ;
#1377 = CARTESIAN_POINT ( 'NONE',  ( -61.94123650696380400, 85.45494405054931500, -413.5030687041288500 ) ) ;
#1378 = CARTESIAN_POINT ( 'NONE',  ( -96.05768947636757100, 41.86872085088604900, -133.0341777201032600 ) ) ;
#1379 = CARTESIAN_POINT ( 'NONE',  ( 2107.253752801204000, 365.1600209643527800, -454.1648502353315300 ) ) ;
#1380 = EDGE_CURVE ( 'NONE', #669, #2784, #768, .T. ) ;
#1381 = CARTESIAN_POINT ( 'NONE',  ( 2192.550946324452500, -399.9637200178938800, -142.5799426460466200 ) ) ;
#1382 = CARTESIAN_POINT ( 'NONE',  ( 2693.991232706102900, 180.4083443821643000, -684.1960804323878200 ) ) ;
#1383 = CARTESIAN_POINT ( 'NONE',  ( 1340.261653327897900, 558.0424516701374400, -167.9169505129662200 ) ) ;
#1384 = CARTESIAN_POINT ( 'NONE',  ( 2000.931205744592000, 278.3996459274312100, 111.6751173853922000 ) ) ;
#1385 = CARTESIAN_POINT ( 'NONE',  ( 652.8839664177095300, 298.8835157423009200, -25.42025474615876500 ) ) ;
#1386 = CARTESIAN_POINT ( 'NONE',  ( 3176.166861843479200, -210.8703498684955700, 77.02386721363173200 ) ) ;
#1387 = CARTESIAN_POINT ( 'NONE',  ( 3070.071518877155100, -295.4164663556081800, -59.93835959017803100 ) ) ;
#1388 = CARTESIAN_POINT ( 'NONE',  ( 2913.058602738325600, -417.2815690970536500, -55.73606033701793200 ) ) ;
#1389 = CARTESIAN_POINT ( 'NONE',  ( 2293.191528487865500, -487.7700191101325200, -318.8852827847960600 ) ) ;
#1390 = CARTESIAN_POINT ( 'NONE',  ( 95.07192497943361800, 63.84713805696405600, -309.3504571453363500 ) ) ;
#1391 = CARTESIAN_POINT ( 'NONE',  ( 2879.928489444849700, -693.5353404577927000, -111.6641039454453800 ) ) ;
#1392 = ORIENTED_EDGE ( 'NONE', *, *, #1633, .F. ) ;
#1393 = CARTESIAN_POINT ( 'NONE',  ( 2897.488162861401200, -77.13180308170650800, -577.6321929042840100 ) ) ;
#1394 = CARTESIAN_POINT ( 'NONE',  ( 108.4254982717045400, -133.7778430456611100, -566.8247449017771900 ) ) ;
#1395 = CARTESIAN_POINT ( 'NONE',  ( 410.5742003629431500, -114.9697763144505800, 571.3051090341973600 ) ) ;
#1396 = CARTESIAN_POINT ( 'NONE',  ( 1076.925835126850000, 253.3444557373080700, 340.7589659639286900 ) ) ;
#1397 = CARTESIAN_POINT ( 'NONE',  ( 1326.908152948169100, 296.6697050904174400, 44.32615074150692200 ) ) ;
#1398 = CARTESIAN_POINT ( 'NONE',  ( 3187.478672477060200, -11.40110498044100100, 99.34794816815961800 ) ) ;
#1399 = CARTESIAN_POINT ( 'NONE',  ( 2913.058602738402400, -414.8524180914482700, -24.71910555930741900 ) ) ;
#1400 = CARTESIAN_POINT ( 'NONE',  ( 1154.323914582264700, 112.4103489101780300, 571.8143613684609400 ) ) ;
#1401 =( BOUNDED_CURVE ( )  B_SPLINE_CURVE ( 3, ( #2671, #1132, #2924, #3148 ),
 .UNSPECIFIED., .F., .F. ) 
 B_SPLINE_CURVE_WITH_KNOTS ( ( 4, 4 ),
 ( 0.5000000000000000000, 1.000000000000000000 ),
 .UNSPECIFIED. ) 
 CURVE ( )  GEOMETRIC_REPRESENTATION_ITEM ( )  RATIONAL_B_SPLINE_CURVE ( ( 1.000000000000000000, 0.3333333333333333700, 0.3333333333333333700, 1.000000000000000000 ) ) 
 REPRESENTATION_ITEM ( '' )  );
#1402 = CARTESIAN_POINT ( 'NONE',  ( -61.94123650696378300, 163.5948939821157600, -245.1890524929250100 ) ) ;
#1403 = DIRECTION ( 'NONE',  ( 0.0000000000000000000, 0.0000000000000000000, 1.000000000000000000 ) ) ;
#1404 = CARTESIAN_POINT ( 'NONE',  ( 2432.644648833126700, -455.7951142299257900, 363.1228801368542900 ) ) ;
#1405 = CARTESIAN_POINT ( 'NONE',  ( 2670.748487069098200, 318.2016875271687600, -631.9958665428797500 ) ) ;
#1406 = CARTESIAN_POINT ( 'NONE',  ( 1688.894425603805800, -560.0610738227820800, 161.0562138079175200 ) ) ;
#1407 = FACE_OUTER_BOUND ( 'NONE', #3121, .T. ) ;
#1408 = CARTESIAN_POINT ( 'NONE',  ( 286.6914343002495700, -72.10246702905166700, 418.4511018544503100 ) ) ;
#1409 = CARTESIAN_POINT ( 'NONE',  ( 2442.532931823791400, -271.2981730203009100, 127.9646991245762800 ) ) ;
#1410 = CARTESIAN_POINT ( 'NONE',  ( 2756.690113357368800, -154.2650731316050200, 148.7240657209143500 ) ) ;
#1411 = CARTESIAN_POINT ( 'NONE',  ( 2107.253752801204000, 365.1600209643527800, -454.1648502353315300 ) ) ;
#1412 = CARTESIAN_POINT ( 'NONE',  ( 2386.159971798925200, -563.8450016468633500, 147.2630189794619200 ) ) ;
#1413 = CARTESIAN_POINT ( 'NONE',  ( 218.9543979933611400, 207.7556345979596100, -284.2459529681718800 ) ) ;
#1414 = CARTESIAN_POINT ( 'NONE',  ( 61.94123650696378300, 152.7444386631255500, -557.3377225703794700 ) ) ;
#1415 = CARTESIAN_POINT ( 'NONE',  ( 478.3113519108864600, 84.84716738419936600, -543.2974562623023800 ) ) ;
#1416 = CARTESIAN_POINT ( 'NONE',  ( 3000.345204638921100, -201.1872663235597300, -222.5439293162913000 ) ) ;
#1417 = CARTESIAN_POINT ( 'NONE',  ( 1675.540932034996600, -296.1033894378831500, -47.96344743492033300 ) ) ;
#1418 = CARTESIAN_POINT ( 'NONE',  ( 2915.822899625887700, -172.7150191533068000, 14.48333695233353100 ) ) ;
#1419 = CARTESIAN_POINT ( 'NONE',  ( 2246.706862182200000, -316.6982801385259400, -489.1929746829453600 ) ) ;
#1420 = CARTESIAN_POINT ( 'NONE',  ( 1712.136435649051500, -514.5612100378668900, 273.5589831360246100 ) ) ;
#1421 = CARTESIAN_POINT ( 'NONE',  ( 95.07192497943364600, 61.98415244450506400, -291.2725963511993000 ) ) ;
#1422 = CARTESIAN_POINT ( 'NONE',  ( 3039.116086553367900, -110.0215323535324900, 160.3208262353556700 ) ) ;
#1423 = CARTESIAN_POINT ( 'NONE',  ( 2866.574125531307300, -355.5833450892332600, -231.6864341944795700 ) ) ;
#1424 = ORIENTED_EDGE ( 'NONE', *, *, #2058, .T. ) ;
#1425 = CARTESIAN_POINT ( 'NONE',  ( 54.26977306852646900, -328.5361669032420200, -268.9941428122707000 ) ) ;
#1426 = CARTESIAN_POINT ( 'NONE',  ( 1443.118554794290300, 187.6816954650169900, -233.9941115300594800 ) ) ;
#1427 = CARTESIAN_POINT ( 'NONE',  ( 2879.928489444852900, -69.37823946422238900, 280.8403385328173800 ) ) ;
#1428 = CARTESIAN_POINT ( 'NONE',  ( 3036.941380284149100, -534.7770930882978700, 94.52246412996382200 ) ) ;
#1429 = CARTESIAN_POINT ( 'NONE',  ( 218.9543979933613100, 102.6764426042011300, -443.5327902788291700 ) ) ;
#1430 = CARTESIAN_POINT ( 'NONE',  ( 2897.488162861401200, -77.13180308170650800, -577.6321929042840100 ) ) ;
#1431 = CARTESIAN_POINT ( 'NONE',  ( 2060.769278882417900, 517.8794201303427400, -267.2239694347264300 ) ) ;
#1432 = CARTESIAN_POINT ( 'NONE',  ( 218.9543979933611700, 202.3180503659347400, -253.3183748319847800 ) ) ;
#1433 = CARTESIAN_POINT ( 'NONE',  ( 61.94123650696376900, 249.0096388165077600, -95.90268158566880200 ) ) ;
#1434 = CARTESIAN_POINT ( 'NONE',  ( 2308.761628918020500, -324.5826141202644000, 273.7631916285900500 ) ) ;
#1435 = CARTESIAN_POINT ( 'NONE',  ( 218.9543979933612300, 177.8207636860510400, -203.2499855452478500 ) ) ;
#1436 = CARTESIAN_POINT ( 'NONE',  ( 983.9569729454711900, -82.35016715827936200, 416.5556263892082700 ) ) ;
#1437 = CARTESIAN_POINT ( 'NONE',  ( 1698.782167261119600, -299.6165839326449100, 14.40162235675047400 ) ) ;
#1438 = B_SPLINE_CURVE_WITH_KNOTS ( 'NONE', 3,
 ( #747, #2037, #979, #222, #3297, #235, #2544, #504, #2555, #1013, #3286, #2566, #1024, #1520, #1279, #1492, #2776, #209, #484, #2270, #3274, #1234, #2002, #3025, #1506, #1758, #738, #1246, #992, #2533, #2788, #3036, #56, #2828, #1291, #2055, #1583, #2345, #548, #2332, #1045, #2622, #3070, #2067, #2309, #2089, #1550, #3082, #1820, #1845, #1079, #524, #536, #2100, #2320, #814, #3117, #1596, #1833, #1303, #1034, #2864, #1055, #790, #559, #301, #3104, #10, #1328, #779, #1798, #2575, #313, #571, #44, #2610, #1067, #266, #1571, #1809, #2357, #828, #2077, #2876, #2840, #1559, #3092, #32, #21, #2586, #288, #276, #802, #2597, #2852, #1316, #2910, #1356, #1381, #2127, #1105, #2888, #1858, #863, #1627, #1616, #2900, #608, #3129, #1368, #3167, #3141, #325, #1606, #2140, #80, #1868, #2656, #93, #2382, #595, #1342, #69, #2395, #3155, #1881, #337, #851, #2644, #348, #1116 ),
 .UNSPECIFIED., .F., .F.,
 ( 4, 1, 1, 1, 1, 1, 1, 1, 1, 1, 1, 1, 1, 1, 1, 1, 1, 1, 1, 1, 1, 1, 1, 1, 1, 1, 1, 1, 1, 1, 1, 1, 1, 1, 1, 1, 1, 1, 1, 1, 1, 1, 1, 1, 1, 1, 1, 1, 1, 1, 1, 1, 1, 1, 1, 1, 1, 1, 1, 1, 1, 1, 1, 1, 1, 1, 1, 1, 1, 1, 1, 1, 1, 1, 1, 1, 1, 1, 1, 1, 1, 1, 1, 1, 1, 1, 1, 1, 1, 1, 1, 1, 1, 1, 1, 1, 1, 1, 1, 1, 1, 1, 1, 1, 1, 1, 1, 1, 1, 1, 1, 1, 1, 1, 1, 1, 1, 1, 1, 1, 1, 1, 1, 1, 1, 1, 1, 1, 4 ),
 ( 0.0000000000000000000, 0.007812498270105783400, 0.01562500109867619200, 0.02343749904354634100, 0.03124999760562388600, 0.03906250119592157700, 0.04687499891039848000, 0.05468749772174422200, 0.06250000129585638100, 0.07031249879026797700, 0.07812499784389986800, 0.08593750139596839600, 0.09374999868177907900, 0.1015624979711991600, 0.1093750014953673600, 0.1171874985840685200, 0.1249999981027989000, 0.1328125015932184700, 0.1406249984963307300, 0.1484374982379126600, 0.1562500016887449500, 0.1640624984178144000, 0.1718749983758097200, 0.1796875017812235000, 0.1874999983478233500, 0.1953124985158118100, 0.2031250018699869400, 0.2109374982857137600, 0.2187499986572965800, 0.2265625019544197100, 0.2343749982308942800, 0.2421874987996902000, 0.2500000020339568900, 0.2578124981828233100, 0.2656249989424697100, 0.2734375021080822600, 0.2812499981410093700, 0.2890624990851610700, 0.2968750021763320000, 0.3046874981050089500, 0.3124999992273404000, 0.3203125022382868300, 0.3281249980744224100, 0.3359374993686246000, 0.3437500022935740500, 0.3515624980488999400, 0.3593749995086825700, 0.3671875023418643700, 0.3749999980281314400, 0.3828124996472208600, 0.3906250023828760600, 0.3984374980118506900, 0.4062499997839912300, 0.4140625024163667700, 0.4218749979998377400, 0.4296874999187879600, 0.4375000024421347200, 0.4453124979919032000, 0.4531250000514437400, 0.4609375024600199700, 0.4687499979879063400, 0.4765625001818292700, 0.4843750024698961800, 0.4921874979877351500, 0.5000000003098494800, 0.5078125024716808600, 0.5156249979913217800, 0.5234375004354551200, 0.5312500024653218400, 0.5390624979986307100, 0.5468750005586202600, 0.5546875024508058900, 0.5624999980096562200, 0.5703125006793631200, 0.5781250024281477900, 0.5859374980244300700, 0.5937500007977257700, 0.6015625023973982800, 0.6093749980430129800, 0.6171875009137823800, 0.6250000023586352900, 0.6328124980654950000, 0.6406250010276414200, 0.6484375023119716100, 0.6562499980919985800, 0.6640625011394351000, 0.6718750022575432600, 0.6796874981226654900, 0.6875000012493256400, 0.6953125021955148800, 0.7031249981576699300, 0.7109375013574983400, 0.7187500021260745400, 0.7265624981972113000, 0.7343750014641616800, 0.7421875020494398400, 0.7499999982415060900, 0.7578125015695511600, 0.7656250019658447100, 0.7734374982908042200, 0.7812500016739244400, 0.7890625018755455000, 0.7968749983453600200, 0.8046875017775566600, 0.8125000017788235300, 0.8203124984054658300, 0.8281250018807501100, 0.8359375016759783600, 0.8437499984714169600, 0.8515625019838051200, 0.8593750015673206100, 0.8671874985435305000, 0.8750000020870598600, 0.8828125014531857900, 0.8906249986221431700, 0.8984375021908611600, 0.9062500013339190900, 0.9140624987076081400, 0.9218750022955687400, 0.9296875012098857500, 0.9374999988002746800, 0.9453125024015507400, 0.9531250010814545900, 0.9609374989005250400, 0.9687500025092051800, 0.9765625009486272900, 0.9843749990093700900, 0.9921875017881567300, 1.000000000000000000 ),
 .UNSPECIFIED. ) ;
#1439 = CARTESIAN_POINT ( 'NONE',  ( -142.9647123307620100, 217.3009716732034900, 86.34963377509068000 ) ) ;
#1440 = CARTESIAN_POINT ( 'NONE',  ( 2879.928489444475400, -700.8366108754702300, -40.73965360824527700 ) ) ;
#1441 = CARTESIAN_POINT ( 'NONE',  ( 590.8292923422435500, -14.27788145859893900, 458.3538694347742500 ) ) ;
#1442 = CARTESIAN_POINT ( 'NONE',  ( 2084.011844420376700, 451.3047140685141000, -368.6888617025625800 ) ) ;
#1443 = CARTESIAN_POINT ( 'NONE',  ( 1078.915254918155600, -428.7781509643759800, -162.6085282670552500 ) ) ;
#1444 = PRODUCT_DEFINITION_SHAPE ( 'NONE', 'NONE',  #2240 ) ;
#1445 = CARTESIAN_POINT ( 'NONE',  ( 218.9543979933611700, 157.5810685800500200, -183.3059842399335700 ) ) ;
#1446 = CARTESIAN_POINT ( 'NONE',  ( -195.7120771924614400, -36.86059706858725300, -548.1715814843715900 ) ) ;
#1447 = CARTESIAN_POINT ( 'NONE',  ( -218.9543979933612300, 295.4099113456144300, -250.8700336855251300 ) ) ;
#1448 = CARTESIAN_POINT ( 'NONE',  ( 1379.074486745906400, -88.43075020097425900, -415.3070507816522100 ) ) ;
#1449 = PRODUCT_DEFINITION_CONTEXT ( 'detailed design', #1139, 'design' ) ;
#1450 = CARTESIAN_POINT ( 'NONE',  ( 565.5976434057930600, 307.1843288152108500, -293.1516709313598300 ) ) ;
#1451 = CARTESIAN_POINT ( 'NONE',  ( 1601.607909423044500, -421.5641091432851200, 568.2909296070088200 ) ) ;
#1452 = CARTESIAN_POINT ( 'NONE',  ( -182.5680654982462000, 1.178588654849433800, -100.9298996074385900 ) ) ;
#1453 = CARTESIAN_POINT ( 'NONE',  ( 3036.941397510583600, -575.6925368435872800, -61.68259544180623500 ) ) ;
#1454 = CARTESIAN_POINT ( 'NONE',  ( 1264.852707822135000, -119.7978294511321700, 442.6516947896967600 ) ) ;
#1455 = CARTESIAN_POINT ( 'NONE',  ( 95.07192497943361800, 49.57249368686932200, -287.6265103850016100 ) ) ;
#1456 = CARTESIAN_POINT ( 'NONE',  ( 265.4388271726125500, -86.96512460210337300, -449.7607600641646900 ) ) ;
#1457 = CARTESIAN_POINT ( 'NONE',  ( 269.1316448106043100, 492.3043194990487500, 244.9643798591623100 ) ) ;
#1458 = FACE_OUTER_BOUND ( 'NONE', #2745, .T. ) ;
#1459 = CARTESIAN_POINT ( 'NONE',  ( -95.07192497943370300, 446.4153361775572100, -391.2652330961447000 ) ) ;
#1460 = CARTESIAN_POINT ( 'NONE',  ( 1425.558682665315700, -249.1437610836876500, -343.8421902273055900 ) ) ;
#1461 = CARTESIAN_POINT ( 'NONE',  ( 519.1132809578360800, 399.6280679885772400, -143.5183736566619900 ) ) ;
#1462 = CARTESIAN_POINT ( 'NONE',  ( 1764.302844604584200, 518.3622090120208000, 481.6342520157166400 ) ) ;
#1463 = CARTESIAN_POINT ( 'NONE',  ( -218.9543979933612300, 193.8983024033413500, -95.18579601414431600 ) ) ;
#1464 = FILL_AREA_STYLE ('',( #190 ) ) ;
#1465 = CARTESIAN_POINT ( 'NONE',  ( 3193.954305078464600, -205.6918086363967300, 73.82219214975417300 ) ) ;
#1466 = CARTESIAN_POINT ( 'NONE',  ( 1636.727785330867800, 31.13891275893407600, -457.5180154421211700 ) ) ;
#1467 = CARTESIAN_POINT ( 'NONE',  ( 2711.550884054929200, 582.4101147511721600, -20.14617331116454200 ) ) ;
#1468 = CARTESIAN_POINT ( 'NONE',  ( 728.2929883516811700, -257.5069977802110700, -337.6244238629619200 ) ) ;
#1469 = CARTESIAN_POINT ( 'NONE',  ( 1965.811224660767300, -324.1728997233747100, -444.1649409930363400 ) ) ;
#1470 = ORIENTED_EDGE ( 'NONE', *, *, #1137, .F. ) ;
#1471 = CARTESIAN_POINT ( 'NONE',  ( 218.9543979933611400, 207.7556345979596100, -284.2459529681718800 ) ) ;
#1472 = CARTESIAN_POINT ( 'NONE',  ( -61.94123650696368300, 66.47794375361687000, -416.2737795422889300 ) ) ;
#1473 = CARTESIAN_POINT ( 'NONE',  ( 1276.216829348909600, 286.8083998499526500, -646.8475829607097000 ) ) ;
#1474 = CARTESIAN_POINT ( 'NONE',  ( -54.19383950686793100, 31.85626587600423700, -418.7089904382343700 ) ) ;
#1475 = CARTESIAN_POINT ( 'NONE',  ( 1195.126148727231300, -356.3954368144345000, 288.5729547647562800 ) ) ;
#1476 = CARTESIAN_POINT ( 'NONE',  ( 3029.193905615808900, -556.0486255531132000, -148.2000357830816000 ) ) ;
#1477 = CARTESIAN_POINT ( 'NONE',  ( 890.9885569975175500, -363.9499450121271600, 218.7244327674069700 ) ) ;
#1478 = CARTESIAN_POINT ( 'NONE',  ( 641.0066286672026800, -530.6349000376753800, -144.2135452087262600 ) ) ;
#1479 = CARTESIAN_POINT ( 'NONE',  ( 218.9543979933611700, 152.8593515600458400, -176.9801739306561500 ) ) ;
#1480 = B_SPLINE_CURVE_WITH_KNOTS ( 'NONE', 3,
 ( #2416, #1366, #3153, #606, #2393, #1378, #3165, #1892, #359, #2405, #398 ),
 .UNSPECIFIED., .F., .F.,
 ( 4, 1, 1, 1, 1, 1, 1, 1, 4 ),
 ( 0.0000000000000000000, 0.1309596317701286200, 0.2703843856125739400, 0.4155301728200250800, 0.5628700821170533600, 0.6778522134162822100, 0.7899982289276533700, 0.8977704429180358700, 1.000000000000000000 ),
 .UNSPECIFIED. ) ;
#1481 = CARTESIAN_POINT ( 'NONE',  ( 2930.618660570090500, -32.74837891261711300, -298.1683075089101700 ) ) ;
#1482 = CYLINDRICAL_SURFACE ( 'NONE', #988, 100.0000000000000000 ) ;
#1483 = CARTESIAN_POINT ( 'NONE',  ( 1090.280298360160500, 615.6217681013484900, 348.8284483747705700 ) ) ;
#1484 = CARTESIAN_POINT ( 'NONE',  ( 28.02855264901960200, 109.3226045940422500, 13.74509954946815400 ) ) ;
#1485 = CARTESIAN_POINT ( 'NONE',  ( 1845.907484380653800, -445.5588734530607600, 108.4882750826516800 ) ) ;
#1486 = CARTESIAN_POINT ( 'NONE',  ( 358.4074623246962100, -391.7728777105226600, -238.3417718285748500 ) ) ;
#1487 = CARTESIAN_POINT ( 'NONE',  ( 426.1445377633461400, 374.7138869023844400, 199.7238239529858700 ) ) ;
#1488 = CARTESIAN_POINT ( 'NONE',  ( 1936.886950226844200, 371.7540228150267600, -205.1801962472025600 ) ) ;
#1489 = CARTESIAN_POINT ( 'NONE',  ( 2756.123789793825400, -225.1941401118157600, 183.5892211574375800 ) ) ;
#1490 = CARTESIAN_POINT ( 'NONE',  ( 919.9128594762146300, 340.3019730647213200, 431.9322031831143800 ) ) ;
#1491 = CARTESIAN_POINT ( 'NONE',  ( -61.94123650696380400, 171.8851068568388900, -269.8945515301224400 ) ) ;
#1492 = CARTESIAN_POINT ( 'NONE',  ( 263.4494746252024100, -157.2047592416771800, 394.4446971199395800 ) ) ;
#1493 = CARTESIAN_POINT ( 'NONE',  ( 309.9335742612010400, 16.12685566109054800, 424.3112665430387600 ) ) ;
#1494 = CARTESIAN_POINT ( 'NONE',  ( 1671.334452065723800, -8.756086643983215000, 707.5268189571878600 ) ) ;
#1495 = CARTESIAN_POINT ( 'NONE',  ( 81.13054345329919700, -32.94430519121962700, -231.8059735123634400 ) ) ;
#1496 = CARTESIAN_POINT ( 'NONE',  ( -61.94123650696377600, 161.7377721547260300, -350.1904221682440800 ) ) ;
#1497 = CARTESIAN_POINT ( 'NONE',  ( 2496.688787026607300, -449.1654471402450200, -92.42861796654810300 ) ) ;
#1498 = CARTESIAN_POINT ( 'NONE',  ( 1869.149755603707700, -413.4290994307696100, 198.4166180922139800 ) ) ;
#1499 = PRESENTATION_LAYER_ASSIGNMENT (  '', '', ( #2302 ) ) ;
#1500 = CARTESIAN_POINT ( 'NONE',  ( 1402.316320431299300, -172.5278744211943800, -387.9874841881657500 ) ) ;
#1501 = CARTESIAN_POINT ( 'NONE',  ( 1402.316320431299300, -172.5278744211943800, -387.9874841881657500 ) ) ;
#1502 = CARTESIAN_POINT ( 'NONE',  ( 2913.058602738323300, -223.9190532165985700, 46.14064577414685400 ) ) ;
#1503 = CARTESIAN_POINT ( 'NONE',  ( 1500.967409790975400, -214.3149041061738600, 506.3985458202253700 ) ) ;
#1504 = CARTESIAN_POINT ( 'NONE',  ( -61.94123650696380400, 66.47794375361736700, -416.2737795422888800 ) ) ;
#1505 = VERTEX_POINT ( 'NONE', #1544 ) ;
#1506 = CARTESIAN_POINT ( 'NONE',  ( 472.6291722519905500, 423.5032764882386700, 30.73959188267947000 ) ) ;
#1507 = CARTESIAN_POINT ( 'NONE',  ( 1634.738391249850100, -252.5439106327093800, 341.3526414264072200 ) ) ;
#1508 = CARTESIAN_POINT ( 'NONE',  ( 1640.420541975578500, 413.6130456337628500, 362.3460300304853400 ) ) ;
#1509 = CARTESIAN_POINT ( 'NONE',  ( 218.0451811164944300, 130.8406629886635800, -161.0313626998167000 ) ) ;
#1510 = CARTESIAN_POINT ( 'NONE',  ( -61.94123650696380400, 66.47794375361736700, -416.2737795422888800 ) ) ;
#1511 = CARTESIAN_POINT ( 'NONE',  ( 3100.985672795316100, -223.3733285706053700, -400.5065115902265800 ) ) ;
#1512 = CARTESIAN_POINT ( 'NONE',  ( 1776.180918033373900, -424.6585770000073100, -173.0823276385451900 ) ) ;
#1513 = CARTESIAN_POINT ( 'NONE',  ( 1704.464960753232400, -4.712376380482743000, 424.5913821206937700 ) ) ;
#1514 = AXIS2_PLACEMENT_3D ( 'NONE', #1353, #627, #3138 ) ;
#1515 = CARTESIAN_POINT ( 'NONE',  ( 2053.097807818861800, 9.922372435306478200, -424.5015580418834700 ) ) ;
#1516 = EDGE_LOOP ( 'NONE', ( #1340, #1947, #2698, #3159 ) ) ;
#1517 = CARTESIAN_POINT ( 'NONE',  ( 2879.928489444791900, -349.1463764225056300, 349.5347661511481200 ) ) ;
#1518 = AXIS2_PLACEMENT_3D ( 'NONE', #887, #1635, #1901 ) ;
#1519 = CARTESIAN_POINT ( 'NONE',  ( 1477.725320600777200, -314.5488627203043300, 451.0318294030097900 ) ) ;
#1520 = CARTESIAN_POINT ( 'NONE',  ( 216.9648834005341500, -303.5637082683479700, 296.8992418256731300 ) ) ;
#1521 = CARTESIAN_POINT ( 'NONE',  ( 1657.980722345475900, -176.3698985561189000, 386.2558888736069200 ) ) ;
#1522 = CARTESIAN_POINT ( 'NONE',  ( 2453.897130463457000, 525.4623154011435400, -162.0487471172257300 ) ) ;
#1523 = CARTESIAN_POINT ( 'NONE',  ( -44.78117057507183300, 42.50293848855188400, 66.46542824515920200 ) ) ;
#1524 = CARTESIAN_POINT ( 'NONE',  ( 2756.690113357368800, -154.2650731316050200, 148.7240657209143500 ) ) ;
#1525 = EDGE_CURVE ( 'NONE', #96, #563, #530, .T. ) ;
#1526 = CARTESIAN_POINT ( 'NONE',  ( 2078.329435201759200, 314.0097802319374400, 334.2014375220508100 ) ) ;
#1527 = CARTESIAN_POINT ( 'NONE',  ( 1334.579267191226800, 162.2133912608555600, 428.9275520613784900 ) ) ;
#1528 = CARTESIAN_POINT ( 'NONE',  ( 751.5354303600802300, -321.8494659751147500, -276.9708697004175000 ) ) ;
#1529 = CARTESIAN_POINT ( 'NONE',  ( 2748.298108629913300, -525.8579241380682600, -119.6648095285869300 ) ) ;
#1530 = CARTESIAN_POINT ( 'NONE',  ( 2577.779517503441200, 681.9691304286197900, -188.6501666249144800 ) ) ;
#1531 = CARTESIAN_POINT ( 'NONE',  ( 2913.058602738139100, -261.0532285704169900, 65.24429301791711600 ) ) ;
#1532 = CARTESIAN_POINT ( 'NONE',  ( 1007.199265687309200, 5.708957576117353700, 424.5792010107563200 ) ) ;
#1533 = CARTESIAN_POINT ( 'NONE',  ( 1315.030148585234200, -482.9545266924877200, -262.9187416864047000 ) ) ;
#1534 = CARTESIAN_POINT ( 'NONE',  ( 612.0823020960837100, 162.0333484207332000, -392.4858443243468300 ) ) ;
#1535 = CARTESIAN_POINT ( 'NONE',  ( 3176.166861843478700, 10.62775642873351800, -98.86981916180603500 ) ) ;
#1536 = CARTESIAN_POINT ( 'NONE',  ( 1822.665190162285600, -458.3666518712220200, 13.85559359862951500 ) ) ;
#1537 = CARTESIAN_POINT ( 'NONE',  ( 1636.727785330867800, 31.13891275893407600, -457.5180154421211700 ) ) ;
#1538 = CARTESIAN_POINT ( 'NONE',  ( 681.8088664285991200, -98.59627392807516300, -413.0117641535836100 ) ) ;
#1539 = CARTESIAN_POINT ( 'NONE',  ( 183.8346755191706700, -506.4885320356694400, 494.1059338876615900 ) ) ;
#1540 = CARTESIAN_POINT ( 'NONE',  ( 108.4254982717045400, -133.7778430456611100, -566.8247449017771900 ) ) ;
#1541 = CARTESIAN_POINT ( 'NONE',  ( 2913.058602738370200, -333.1712541960878900, 64.45142699005595000 ) ) ;
#1542 = CARTESIAN_POINT ( 'NONE',  ( 1053.683529647383500, 177.2761031780801800, 385.8410636703430900 ) ) ;
#1543 = CARTESIAN_POINT ( 'NONE',  ( 1872.842653608181100, 111.4032253844395400, -538.4799571660536200 ) ) ;
#1544 = CARTESIAN_POINT ( 'NONE',  ( 3187.478672477060200, -11.40110498075880200, 99.34794816812313900 ) ) ;
#1545 = CARTESIAN_POINT ( 'NONE',  ( 1117.728471059709600, -131.8524003047467100, 269.4302709776537800 ) ) ;
#1546 = CARTESIAN_POINT ( 'NONE',  ( 2636.141902021388000, -228.6585638665786200, 397.5020355374499000 ) ) ;
#1547 = CARTESIAN_POINT ( 'NONE',  ( 1960.128809498491400, 321.1986875845480500, -277.7257006169349400 ) ) ;
#1548 = CARTESIAN_POINT ( 'NONE',  ( 2151.748898952923400, -410.2520243614210900, 366.1483185657678000 ) ) ;
#1549 = CARTESIAN_POINT ( 'NONE',  ( 2182.662340561712000, -701.1341051646071500, -95.29947207389221800 ) ) ;
#1550 = CARTESIAN_POINT ( 'NONE',  ( 983.9569729454711900, -82.35016715827936200, 416.5556263892082700 ) ) ;
#1551 = CARTESIAN_POINT ( 'NONE',  ( 1797.433837274166500, 311.4368312437213700, 288.6296227836526200 ) ) ;
#1552 = CARTESIAN_POINT ( 'NONE',  ( 1431.240844199962600, -470.3402310900012300, 284.8691252070599400 ) ) ;
#1553 = CARTESIAN_POINT ( 'NONE',  ( 606.3995844519531600, 283.5436401938126200, 97.88057480732850000 ) ) ;
#1554 = CARTESIAN_POINT ( 'NONE',  ( 2868.563635720516700, 458.5660771465521700, 3.025025650627355800 ) ) ;
#1555 = CARTESIAN_POINT ( 'NONE',  ( 2285.519723658380400, -374.2439546804560600, 200.6027234723002600 ) ) ;
#1556 = CARTESIAN_POINT ( 'NONE',  ( 2337.686223803099400, 404.5962745024934900, 372.3875568169431200 ) ) ;
#1557 = CARTESIAN_POINT ( 'NONE',  ( -218.2957921411294800, 202.2938994807196300, -101.8098733751358400 ) ) ;
#1558 = CARTESIAN_POINT ( 'NONE',  ( 2717.232607433895300, 34.79135313864354400, -706.7249344214485500 ) ) ;
#1559 = CARTESIAN_POINT ( 'NONE',  ( 1890.402246843528900, 423.0089088681412500, -36.92728967445302100 ) ) ;
#1560 = FILL_AREA_STYLE_COLOUR ( '', #3064 ) ;
#1561 = CARTESIAN_POINT ( 'NONE',  ( 509.2246456582402600, 602.4413472824172700, -371.1269421595119400 ) ) ;
#1562 = CARTESIAN_POINT ( 'NONE',  ( 3106.650758328266400, 206.7762455606138600, -74.49265406228460100 ) ) ;
#1563 = CARTESIAN_POINT ( 'NONE',  ( 815.5793251986260700, 7.678211445516565100, -299.8644095932669400 ) ) ;
#1564 = CARTESIAN_POINT ( 'NONE',  ( 2866.574125531307300, -355.5833450892332600, -231.6864341944795700 ) ) ;
#1565 = CARTESIAN_POINT ( 'NONE',  ( 2913.058602738322900, -233.2286537912502500, 51.59361534767946700 ) ) ;
#1566 = CARTESIAN_POINT ( 'NONE',  ( 2076.340061156901400, -78.21191419390091000, -417.3522151804077100 ) ) ;
#1567 = CARTESIAN_POINT ( 'NONE',  ( -2.102593709925257400, -442.1056111906142400, -552.4555093191479500 ) ) ;
#1568 = CARTESIAN_POINT ( 'NONE',  ( -95.07192497943370300, 368.4624269097890900, -548.9616168480015400 ) ) ;
#1569 = CARTESIAN_POINT ( 'NONE',  ( -85.21585373741338300, -179.6013811589461100, -116.0943918597349600 ) ) ;
#1570 = CARTESIAN_POINT ( 'NONE',  ( 2872.180903153245300, -678.1178621053856000, -160.3570904864224900 ) ) ;
#1571 = CARTESIAN_POINT ( 'NONE',  ( 1727.707280054016300, 83.32761291488122900, 416.3609788150377500 ) ) ;
#1572 = CARTESIAN_POINT ( 'NONE',  ( 2796.847592894867800, -153.2942341901155600, -395.9750839104348200 ) ) ;
#1573 = CARTESIAN_POINT ( 'NONE',  ( 90.86533149167587500, -706.2449463238010600, -43.46268910248831200 ) ) ;
#1574 = CARTESIAN_POINT ( 'NONE',  ( 3091.178501351199400, -228.9170116715523300, -96.41688327118737300 ) ) ;
#1575 = CARTESIAN_POINT ( 'NONE',  ( 373.9778324487737700, -224.9225879878350400, 198.4625889599841700 ) ) ;
#1576 = CARTESIAN_POINT ( 'NONE',  ( 1797.433837274166500, 311.4368312437213700, 288.6296227836526200 ) ) ;
#1577 = CARTESIAN_POINT ( 'NONE',  ( 2634.152483719513400, 376.6775425387706400, -195.9950308538411700 ) ) ;
#1578 = CARTESIAN_POINT ( 'NONE',  ( 3070.071510555129000, -292.0758378026857300, -57.36842741738478700 ) ) ;
#1579 = CARTESIAN_POINT ( 'NONE',  ( 671.9208111882356900, -302.4645599611484400, -639.6769461423768900 ) ) ;
#1580 = CARTESIAN_POINT ( 'NONE',  ( 31.02730239950738100, -265.7657841759900100, -331.1837440498681000 ) ) ;
#1581 = CARTESIAN_POINT ( 'NONE',  ( -137.4286091560191800, -196.4623203387082800, -102.7912087179379800 ) ) ;
#1582 = CARTESIAN_POINT ( 'NONE',  ( 1805.105592128126800, -142.8636521690427200, 564.9755849522089200 ) ) ;
#1583 = CARTESIAN_POINT ( 'NONE',  ( 751.5354303600801100, -321.8494659751147500, -276.9708697004175000 ) ) ;
#1584 = CARTESIAN_POINT ( 'NONE',  ( 2634.152483719513400, 376.6775425387706400, -195.9950308538411700 ) ) ;
#1585 = CARTESIAN_POINT ( 'NONE',  ( 2546.865935465343200, 232.8087005977421900, -498.1672922007171600 ) ) ;
#1586 = CARTESIAN_POINT ( 'NONE',  ( 3174.727708320218900, -187.3896062276328700, -122.0915380665903500 ) ) ;
#1587 =( BOUNDED_SURFACE ( )  B_SPLINE_SURFACE ( 3, 3, ( 
 ( #1656, #2412, #2935, #377, #3183, #886, #123, #3161, #3172, #1374, #3149 ),
 ( #647, #1410, #2650, #2388, #1632, #877, #2925, #2672, #1899, #366, #1111 ),
 ( #100, #132, #1133, #1910, #1887, #2156, #1621, #624, #2894, #868, #2178 ),
 ( #847, #856, #1121, #1143, #1921, #1643, #1362, #2166, #88, #635, #1398 ),
 ( #2426, #355, #3192, #1875, #2682, #2145, #2915, #387, #1667, #1386, #2639 ),
 ( #1099, #342, #613, #2400, #2133, #602, #2661, #111, #1173, #3244, #1718 ),
 ( #2438, #170, #1418, #2478, #2699, #937, #180, #2217, #3200, #1163, #1185 ) ),
 .UNSPECIFIED., .T., .F., .T. ) 
 B_SPLINE_SURFACE_WITH_KNOTS ( ( 4, 3, 4 ),
 ( 4, 1, 1, 1, 1, 1, 1, 1, 4 ),
 ( 0.0000000000000000000, 0.5000000000000000000, 1.000000000000000000 ),
 ( 0.0000000000000000000, 0.1310038109028284500, 0.2704835234952268100, 0.4156855244358762500, 0.5630748974725337000, 0.6780326435055935600, 0.7901374509886026600, 0.8978491610507430800, 1.000000000000000000 ),
 .UNSPECIFIED. ) 
 GEOMETRIC_REPRESENTATION_ITEM ( )  RATIONAL_B_SPLINE_SURFACE ( (
 ( 1.000000000000000000, 1.000000000000000000, 0.9999999999999996700, 1.000000000000000400, 1.000000000000000000, 1.000000000000000000, 1.000000000000000200, 0.9999999999999997800, 1.000000000000000000, 1.000000000000000000, 1.000000000000000000),
 ( 0.3333333333333333700, 0.3333333333333333700, 0.3333333333333333100, 0.3333333333333335400, 0.3333333333333333700, 0.3333333333333333100, 0.3333333333333334300, 0.3333333333333333100, 0.3333333333333333700, 0.3333333333333333700, 0.3333333333333333700),
 ( 0.3333333333333333700, 0.3333333333333333700, 0.3333333333333333100, 0.3333333333333335400, 0.3333333333333333700, 0.3333333333333333100, 0.3333333333333334300, 0.3333333333333333100, 0.3333333333333333700, 0.3333333333333333700, 0.3333333333333333700),
 ( 1.000000000000000000, 1.000000000000000000, 0.9999999999999996700, 1.000000000000000400, 1.000000000000000000, 1.000000000000000000, 1.000000000000000200, 0.9999999999999997800, 1.000000000000000000, 1.000000000000000000, 1.000000000000000000),
 ( 0.3333333333333333700, 0.3333333333333333700, 0.3333333333333333100, 0.3333333333333335400, 0.3333333333333333700, 0.3333333333333333100, 0.3333333333333334300, 0.3333333333333333100, 0.3333333333333333700, 0.3333333333333333700, 0.3333333333333333700),
 ( 0.3333333333333333700, 0.3333333333333333700, 0.3333333333333333100, 0.3333333333333335400, 0.3333333333333333700, 0.3333333333333333100, 0.3333333333333334300, 0.3333333333333333100, 0.3333333333333333700, 0.3333333333333333700, 0.3333333333333333700),
 ( 1.000000000000000000, 1.000000000000000000, 0.9999999999999996700, 1.000000000000000400, 1.000000000000000000, 1.000000000000000000, 1.000000000000000200, 0.9999999999999997800, 1.000000000000000000, 1.000000000000000000, 1.000000000000000000) ) ) 
 REPRESENTATION_ITEM ( '' )  SURFACE ( )  );
#1588 = VERTEX_POINT ( 'NONE', #2311 ) ;
#1589 = CARTESIAN_POINT ( 'NONE',  ( 1396.634711211715500, 266.4042617400520500, -137.8640231874536800 ) ) ;
#1590 = CARTESIAN_POINT ( 'NONE',  ( -149.2277802080162400, -261.0083714379842900, -483.7498243145868200 ) ) ;
#1591 = CARTESIAN_POINT ( 'NONE',  ( 2424.972829328015500, 73.08442305010659400, 418.2806104678707000 ) ) ;
#1592 = CARTESIAN_POINT ( 'NONE',  ( 3036.941401422999700, -559.6275473987519700, 42.04273926770135000 ) ) ;
#1593 = CARTESIAN_POINT ( 'NONE',  ( 1903.756004174369800, 619.9260469502570500, -341.1197098681224700 ) ) ;
#1594 = CARTESIAN_POINT ( 'NONE',  ( 60.63481468111160700, 201.7951203831153700, -59.21517864199257300 ) ) ;
#1595 = CARTESIAN_POINT ( 'NONE',  ( 689.4804973249603100, 432.6705705973429900, -390.3891843834536500 ) ) ;
#1596 = CARTESIAN_POINT ( 'NONE',  ( 1239.621366168603800, 366.6066307565863600, -214.2417318773315500 ) ) ;
#1597 = CARTESIAN_POINT ( 'NONE',  ( 2913.058602738370200, -333.1712541960878900, 64.45142699005595000 ) ) ;
#1598 = CARTESIAN_POINT ( 'NONE',  ( 3069.324994674095700, -278.3378620989815900, -65.86204217636411300 ) ) ;
#1599 = CARTESIAN_POINT ( 'NONE',  ( 2419.290690593921700, -291.9187659140240500, 69.00106460326304600 ) ) ;
#1600 = CARTESIAN_POINT ( 'NONE',  ( 664.2486437360743100, -548.9969862515819200, -31.18639701263822100 ) ) ;
#1601 = CARTESIAN_POINT ( 'NONE',  ( 3036.941464435582000, -497.8687535770162100, 142.5266229423604600 ) ) ;
#1602 = CARTESIAN_POINT ( 'NONE',  ( 834.6159401094619200, -669.1175029579592300, 230.1147231849231800 ) ) ;
#1603 = CARTESIAN_POINT ( 'NONE',  ( -61.94123650696378300, 128.2509615012112900, -201.5172910259399300 ) ) ;
#1604 = CARTESIAN_POINT ( 'NONE',  ( -97.89500828681958900, 17.85025309766476900, 85.91625391955108200 ) ) ;
#1605 = CARTESIAN_POINT ( 'NONE',  ( 1131.081989805978300, -8.455858692752388000, 582.6971448584331500 ) ) ;
#1606 = CARTESIAN_POINT ( 'NONE',  ( 2541.183791378416600, 398.1839155192730000, 147.4773359526423300 ) ) ;
#1607 = CARTESIAN_POINT ( 'NONE',  ( 95.07192497943361800, 75.83913298094420000, -287.0038408705218600 ) ) ;
#1608 = CARTESIAN_POINT ( 'NONE',  ( 2349.564110149684900, -277.0083277344279500, -115.0829984261211900 ) ) ;
#1609 = CARTESIAN_POINT ( 'NONE',  ( 478.3113519108864600, 84.84716738419936600, -543.2974562623023800 ) ) ;
#1610 = CARTESIAN_POINT ( 'NONE',  ( 234.5247747791530600, -258.9988146815050500, -151.3133348249530500 ) ) ;
#1611 = CARTESIAN_POINT ( 'NONE',  ( 2657.394458048358500, 327.9176437785192800, -269.7594566205813200 ) ) ;
#1612 = CARTESIAN_POINT ( 'NONE',  ( 3193.977563341431100, -288.3649604256666000, 103.2792833726669500 ) ) ;
#1613 = CARTESIAN_POINT ( 'NONE',  ( 1113.522111381631500, 674.5193265005465300, 213.7630473235163900 ) ) ;
#1614 = CARTESIAN_POINT ( 'NONE',  ( 61.94123650696376200, 107.1702339133139500, -568.5339734699186900 ) ) ;
#1615 = CARTESIAN_POINT ( 'NONE',  ( 1038.113354966309500, -437.4285923305331500, 385.0502866534752700 ) ) ;
#1616 = CARTESIAN_POINT ( 'NONE',  ( 2355.246276763386000, -185.7960746596789900, 381.8112290369313700 ) ) ;
#1617 = CARTESIAN_POINT ( 'NONE',  ( 898.6602136775934500, -502.8294584525314700, -294.5675607843201100 ) ) ;
#1618 = CARTESIAN_POINT ( 'NONE',  ( 1652.298299086565300, -279.7490348427199400, -108.2504195484454400 ) ) ;
#1619 = CARTESIAN_POINT ( 'NONE',  ( 989.6394171332242400, 528.8251229293119900, 150.7143979134519600 ) ) ;
#1620 = CARTESIAN_POINT ( 'NONE',  ( 2961.532542673087800, 310.1959309719483100, -337.7442219444998300 ) ) ;
#1621 = CARTESIAN_POINT ( 'NONE',  ( 3038.698092851620900, 156.4838132288846000, 141.1992949307252200 ) ) ;
#1622 = CARTESIAN_POINT ( 'NONE',  ( 2756.045694423288300, -543.1418598853439300, -24.61974081921291800 ) ) ;
#1623 = CARTESIAN_POINT ( 'NONE',  ( 2252.388928339546500, -624.0654018470826300, 333.4867526979012400 ) ) ;
#1624 = CARTESIAN_POINT ( 'NONE',  ( 3036.942343978378600, -394.8868687028291900, 210.4994084670908900 ) ) ;
#1625 = DIRECTION ( 'NONE',  ( 0.0000000000000000000, 1.000000000000000000, 0.0000000000000000000 ) ) ;
#1626 = CARTESIAN_POINT ( 'NONE',  ( 782.4492165047181500, 1.304567885592973700, -582.7570160360289700 ) ) ;
#1627 = CARTESIAN_POINT ( 'NONE',  ( 2332.004084576911300, -260.8449718800333700, 335.0520991329650500 ) ) ;
#1628 = CARTESIAN_POINT ( 'NONE',  ( 340.8476245674322600, -427.8474136778342000, 395.6692807179394400 ) ) ;
#1629 = CARTESIAN_POINT ( 'NONE',  ( 642.9961067805925300, 553.7534143102079700, -181.5615330663665100 ) ) ;
#1630 = CARTESIAN_POINT ( 'NONE',  ( 1698.782167261119600, -299.6165839326449100, 14.40162235675047400 ) ) ;
#1631 = CARTESIAN_POINT ( 'NONE',  ( 443.7043637165910500, -66.03121109807918300, 292.6045832409401400 ) ) ;
#1632 = CARTESIAN_POINT ( 'NONE',  ( 2842.497175569301800, 69.90850197288376900, 10.12693706497340600 ) ) ;
#1633 = EDGE_CURVE ( 'NONE', #1347, #1588, #451, .T. ) ;
#1634 = CARTESIAN_POINT ( 'NONE',  ( 3070.070997045858800, -296.1980449537762200, -55.26419117711743200 ) ) ;
#1635 = DIRECTION ( 'NONE',  ( -1.000000000000000000, -0.0000000000000000000, 0.0000000000000000000 ) ) ;
#1636 = CARTESIAN_POINT ( 'NONE',  ( 2368.599884363256500, -26.11730966850098700, 707.0987762761921000 ) ) ;
#1637 = CARTESIAN_POINT ( 'NONE',  ( 2316.433416958260300, -543.2385992015914600, -210.9488069632975900 ) ) ;
#1638 = CARTESIAN_POINT ( 'NONE',  ( 2740.475086019093900, -112.3280538976810300, -698.6078305065616400 ) ) ;
#1639 =( NAMED_UNIT ( * ) SI_UNIT ( $, .STERADIAN. ) SOLID_ANGLE_UNIT ( ) );
#1640 = CARTESIAN_POINT ( 'NONE',  ( 573.2695518086054600, 555.1517987935003500, 177.2396994106834100 ) ) ;
#1641 = CARTESIAN_POINT ( 'NONE',  ( 2303.079853260367600, -206.6074287960631200, -217.4650408904883800 ) ) ;
#1642 = CARTESIAN_POINT ( 'NONE',  ( 769.0956451462069500, 128.5361685062488800, -271.0280137304287700 ) ) ;
#1643 = CARTESIAN_POINT ( 'NONE',  ( 3090.417687956870900, -40.43782390317363000, 117.3001348449571300 ) ) ;
#1644 = CARTESIAN_POINT ( 'NONE',  ( 2913.058602738139100, -261.0532285704169900, 65.24429301791711600 ) ) ;
#1645 = CARTESIAN_POINT ( 'NONE',  ( 1851.589571262224100, 98.34352554730628500, 574.4008214432831200 ) ) ;
#1646 = CARTESIAN_POINT ( 'NONE',  ( 2409.402136504958900, -521.1196201869274800, 260.8487283501772300 ) ) ;
#1647 = UNCERTAINTY_MEASURE_WITH_UNIT (LENGTH_MEASURE( 1.000000000000000100E-005 ), #2587, 'distance_accuracy_value', 'NONE');
#1648 = DIRECTION ( 'NONE',  ( 0.0000000000000000000, 0.0000000000000000000, -1.000000000000000000 ) ) ;
#1649 = CARTESIAN_POINT ( 'NONE',  ( -96.05768947636757100, 41.86872085088604900, -133.0341777201032600 ) ) ;
#1650 = CARTESIAN_POINT ( 'NONE',  ( 2920.730555420585000, -195.1088028159823600, -549.1272522230489100 ) ) ;
#1651 = CARTESIAN_POINT ( 'NONE',  ( 1084.597351757886800, -243.8638517159889700, 529.2808039725416600 ) ) ;
#1652 = CARTESIAN_POINT ( 'NONE',  ( 921.9023259750072200, -552.9349888276769900, -184.0389853911987400 ) ) ;
#1653 = CARTESIAN_POINT ( 'NONE',  ( 2977.103321817406100, -150.7751669883043300, -259.2990454727475900 ) ) ;
#1654 = CARTESIAN_POINT ( 'NONE',  ( 1373.391973404312200, 289.1812294915211500, -79.69865159972484000 ) ) ;
#1655 = CARTESIAN_POINT ( 'NONE',  ( 3070.071644902612700, -296.3675979039658700, -56.40152470911089500 ) ) ;
#1656 = CARTESIAN_POINT ( 'NONE',  ( 2913.058602738323300, -223.9190532165985400, 46.14064577414684000 ) ) ;
#1657 = CARTESIAN_POINT ( 'NONE',  ( -61.94123650696380400, 135.4254898659801300, -205.8705406480883700 ) ) ;
#1658 = CARTESIAN_POINT ( 'NONE',  ( 1874.832155954665000, 215.1766125267149900, 541.5777473331249900 ) ) ;
#1659 = DIRECTION ( 'NONE',  ( 0.0000000000000000000, 0.0000000000000000000, 1.000000000000000000 ) ) ;
#1660 = EDGE_LOOP ( 'NONE', ( #1470, #1847, #20, #2184 ) ) ;
#1661 = CARTESIAN_POINT ( 'NONE',  ( 2665.066191923820500, 540.6090390284935000, 217.5993610695425100 ) ) ;
#1662 = CARTESIAN_POINT ( 'NONE',  ( 61.94123650696386800, 107.1702339133134200, -568.5339734699188100 ) ) ;
#1663 = CARTESIAN_POINT ( 'NONE',  ( 1712.136435649051500, -514.5612100378668900, 273.5589831360246100 ) ) ;
#1664 = CARTESIAN_POINT ( 'NONE',  ( 426.1445377633461400, 374.7138869023844400, 199.7238239529858700 ) ) ;
#1665 = CARTESIAN_POINT ( 'NONE',  ( 1954.447132572753400, 209.2606168536797200, 214.9132155368196200 ) ) ;
#1666 = ORIENTED_EDGE ( 'NONE', *, *, #1343, .F. ) ;
#1667 = CARTESIAN_POINT ( 'NONE',  ( 3194.033080537748400, -209.6883208395913400, 76.29306819185782700 ) ) ;
#1668 = CARTESIAN_POINT ( 'NONE',  ( 2316.433416958260300, -543.2385992015914600, -210.9488069632976100 ) ) ;
#1669 = CARTESIAN_POINT ( 'NONE',  ( 1642.409868665216200, -577.2801025411929500, -79.72101543619439200 ) ) ;
#1670 = CARTESIAN_POINT ( 'NONE',  ( 95.07192497943364600, 61.53076200227337000, -287.9274183114362700 ) ) ;
#1671 = CARTESIAN_POINT ( 'NONE',  ( 3036.941397510583600, -575.6925368435872800, -61.68259544180623500 ) ) ;
#1672 = CARTESIAN_POINT ( 'NONE',  ( 2773.605583667111700, -67.94275007601241600, -419.1488574054469600 ) ) ;
#1673 = CARTESIAN_POINT ( 'NONE',  ( 565.5976434057930600, 307.1843288152108500, -293.1516709313598300 ) ) ;
#1674 = CARTESIAN_POINT ( 'NONE',  ( 1303.665392060479700, 281.0562927911779000, 104.8094186903592700 ) ) ;
#1675 = CARTESIAN_POINT ( 'NONE',  ( 2169.308499944308100, -361.7615035966590000, -222.3258304501967500 ) ) ;
#1676 = CARTESIAN_POINT ( 'NONE',  ( 2618.581858289627700, 406.0499209653943400, 418.0085606876605200 ) ) ;
#1677 = CARTESIAN_POINT ( 'NONE',  ( 1805.105592128126800, -142.8636521690427200, 564.9755849522089200 ) ) ;
#1678 = CARTESIAN_POINT ( 'NONE',  ( 61.94123650696376900, 249.0096388165077600, -95.90268158566880200 ) ) ;
#1679 = CARTESIAN_POINT ( 'NONE',  ( 61.94123650696375400, 238.8012600038293800, -504.7053722392482800 ) ) ;
#1680 = AXIS2_PLACEMENT_3D ( 'NONE', #452, #1226, #201 ) ;
#1681 = CARTESIAN_POINT ( 'NONE',  ( -218.9543979933611400, 70.97173506272919500, -541.2749627333785200 ) ) ;
#1682 = AXIS2_PLACEMENT_3D ( 'NONE', #1003, #3058, #769 ) ;
#1683 = CARTESIAN_POINT ( 'NONE',  ( 123.9963410469408100, -423.8488862914641700, -25.54015740645641900 ) ) ;
#1684 = CARTESIAN_POINT ( 'NONE',  ( 1350.149400581129600, 299.4172979139290800, -18.07736203494463100 ) ) ;
#1685 = CARTESIAN_POINT ( 'NONE',  ( -217.6631536515361100, 197.6711048770732500, -98.16251526631867800 ) ) ;
#1686 = VERTEX_POINT ( 'NONE', #1773 ) ;
#1687 = CARTESIAN_POINT ( 'NONE',  ( 3036.938026107399800, -336.2744286953650900, 225.5829539246277300 ) ) ;
#1688 = CARTESIAN_POINT ( 'NONE',  ( 776.7668001084046000, 457.5462883529795600, -30.71749912253783800 ) ) ;
#1689 = CARTESIAN_POINT ( 'NONE',  ( 2943.972415225950000, -304.5525083594847000, -496.8312597548844000 ) ) ;
#1690 = CARTESIAN_POINT ( 'NONE',  ( 2014.285282094848100, 581.7403017334633000, -34.43320804901372900 ) ) ;
#1691 = CARTESIAN_POINT ( 'NONE',  ( 218.9543979933611100, 190.5247250683830500, -224.7282942253243300 ) ) ;
#1692 = CARTESIAN_POINT ( 'NONE',  ( 3036.941401422999700, -559.6275473987519700, 42.04273926770135000 ) ) ;
#1693 = EDGE_CURVE ( 'NONE', #1347, #1505, #3177, .T. ) ;
#1694 = CARTESIAN_POINT ( 'NONE',  ( 2905.311205738229500, -406.7209460015514500, -99.84457475499688400 ) ) ;
#1695 = CARTESIAN_POINT ( 'NONE',  ( -95.07192497943363200, 424.9179415278541100, -136.0644626601742900 ) ) ;
#1696 = CARTESIAN_POINT ( 'NONE',  ( 309.9335742612010400, 16.12685566109054800, 424.3112665430387600 ) ) ;
#1697 = CARTESIAN_POINT ( 'NONE',  ( 2233.353311866839200, -40.05595218552311800, -297.2763012922104600 ) ) ;
#1698 = CARTESIAN_POINT ( 'NONE',  ( -123.9646004942159700, 230.4017909342461800, 76.01316342316552300 ) ) ;
#1699 = CARTESIAN_POINT ( 'NONE',  ( 3193.953791568882900, -388.9833038973835100, 73.37746749573179300 ) ) ;
#1700 = CARTESIAN_POINT ( 'NONE',  ( 1311.337265477777500, 69.86073734808577700, 453.2243254545271600 ) ) ;
#1701 = CARTESIAN_POINT ( 'NONE',  ( 2409.402136504958900, -521.1196201869274800, 260.8487283501772300 ) ) ;
#1702 = CARTESIAN_POINT ( 'NONE',  ( 2851.003999033269300, 163.5623078978643700, -559.3343674969760300 ) ) ;
#1703 = CARTESIAN_POINT ( 'NONE',  ( -56.25895080570846600, -534.0121854869102000, -131.1476634578630800 ) ) ;
#1704 = CARTESIAN_POINT ( 'NONE',  ( -218.9543979933611700, 234.0107239389012900, -126.9305247898555800 ) ) ;
#1705 = CARTESIAN_POINT ( 'NONE',  ( 1332.589761323899200, 87.45577506792334100, -415.5137071736658600 ) ) ;
#1706 = CARTESIAN_POINT ( 'NONE',  ( 635.3241970297115100, 77.23214120077291500, -417.5348075209003600 ) ) ;
#1707 = CARTESIAN_POINT ( 'NONE',  ( 1252.975196604409800, 414.5584692046630300, -573.4214958738165300 ) ) ;
#1708 = CARTESIAN_POINT ( 'NONE',  ( -218.2957921411294800, 202.2938994807196300, -101.8098733751358400 ) ) ;
#1709 = CARTESIAN_POINT ( 'NONE',  ( 3193.947562770009000, -323.4024809682247800, 101.6311416981076300 ) ) ;
#1710 = CARTESIAN_POINT ( 'NONE',  ( 1520.516951118178900, 410.9631212681990700, -203.4751055104065400 ) ) ;
#1711 = CARTESIAN_POINT ( 'NONE',  ( 95.07192497943361800, 48.36030236806328000, -288.9190693747193600 ) ) ;
#1712 = CARTESIAN_POINT ( 'NONE',  ( 614.0716319788832600, 80.96233759029100000, 451.3733165537547100 ) ) ;
#1713 = ADVANCED_FACE ( 'NONE', ( #2992 ), #200, .T. ) ;
#1714 = CARTESIAN_POINT ( 'NONE',  ( 385.3423980536843500, 459.5362284514596900, -301.9879924361509900 ) ) ;
#1715 = CARTESIAN_POINT ( 'NONE',  ( -218.9543979933612300, 192.6547849454585200, -93.68412490654337400 ) ) ;
#1716 = CARTESIAN_POINT ( 'NONE',  ( 54.26977306852646900, -328.5361669032420200, -268.9941428122707000 ) ) ;
#1717 = CARTESIAN_POINT ( 'NONE',  ( 1810.787537551432500, 669.0699971228212900, 230.2524452446809300 ) ) ;
#1718 = CARTESIAN_POINT ( 'NONE',  ( 3187.478672477060600, -187.2947913558786600, -122.1501581290703600 ) ) ;
#1719 = CARTESIAN_POINT ( 'NONE',  ( -61.94123650696380400, 76.91665721314180400, -413.5467296088629000 ) ) ;
#1720 = CARTESIAN_POINT ( 'NONE',  ( 404.8919378676319500, -454.7481570162073000, -59.13533701516435300 ) ) ;
#1721 = CARTESIAN_POINT ( 'NONE',  ( 428.1340177622398100, -457.1349738678777600, 36.32997553909553500 ) ) ;
#1722 = CARTESIAN_POINT ( 'NONE',  ( 2099.581936054847600, -162.9542179362596200, -392.1046848399512300 ) ) ;
#1723 = CARTESIAN_POINT ( 'NONE',  ( 1942.569215376650600, -225.1528585716461900, -501.6747232063540300 ) ) ;
#1724 = CARTESIAN_POINT ( 'NONE',  ( -95.07192497943366000, 287.6322329264272600, 30.85867689125861400 ) ) ;
#1725 = ADVANCED_FACE ( 'NONE', ( #2762 ), #520, .T. ) ;
#1726 = CARTESIAN_POINT ( 'NONE',  ( 170.4804369296374500, -397.8368357175933700, 148.4115961522966200 ) ) ;
#1727 = CARTESIAN_POINT ( 'NONE',  ( 950.8271416660063600, -138.1131817699110200, 693.9713156323850900 ) ) ;
#1728 = CARTESIAN_POINT ( 'NONE',  ( 77.51178346368035900, -377.1402240965411500, -195.1089865859023300 ) ) ;
#1729 = CARTESIAN_POINT ( 'NONE',  ( 1450.790389477237300, 452.2633038835864500, 75.83345328233269800 ) ) ;
#1730 = CARTESIAN_POINT ( 'NONE',  ( 916.2199151582904100, 114.3567866971369700, -444.0885650613072900 ) ) ;
#1731 = MECHANICAL_DESIGN_GEOMETRIC_PRESENTATION_REPRESENTATION (  '', ( #2302 ), #2865 ) ;
#1732 = CARTESIAN_POINT ( 'NONE',  ( 751.5354303600802300, -321.8494659751147500, -276.9708697004175000 ) ) ;
#1733 = CARTESIAN_POINT ( 'NONE',  ( 2879.928489444456800, -130.1199641982480300, 318.2221207277550000 ) ) ;
#1734 = CARTESIAN_POINT ( 'NONE',  ( 826.9441898674067500, -91.50784331766880100, 542.2154368105526600 ) ) ;
#1735 = EDGE_LOOP ( 'NONE', ( #822, #374, #1767, #1424 ) ) ;
#1736 = CARTESIAN_POINT ( 'NONE',  ( 61.94123650696375400, 238.8012600038293800, -504.7053722392482800 ) ) ;
#1737 = CARTESIAN_POINT ( 'NONE',  ( 3000.345204638921100, -201.1872663235597300, -222.5439293162913000 ) ) ;
#1738 = CARTESIAN_POINT ( 'NONE',  ( 1136.763693992615100, 704.1665528200198900, 69.42839678224463300 ) ) ;
#1739 = CARTESIAN_POINT ( 'NONE',  ( -114.1113481655878800, -195.6127438967616000, 96.53848040081895500 ) ) ;
#1740 = CARTESIAN_POINT ( 'NONE',  ( 3036.941397261610300, -570.6839726435006200, -90.15530456760302500 ) ) ;
#1741 = CARTESIAN_POINT ( 'NONE',  ( 2822.079410960693600, 418.0004116632582600, 188.5955764515975100 ) ) ;
#1742 = CARTESIAN_POINT ( 'NONE',  ( 1055.673031373743700, -385.8029300027049500, -247.8874538948015200 ) ) ;
#1743 = CARTESIAN_POINT ( 'NONE',  ( 1379.074486745906400, -88.43075020097425900, -415.3070507816522100 ) ) ;
#1744 = CARTESIAN_POINT ( 'NONE',  ( 867.7461269232193200, -401.3591344787880600, 138.6035465161454000 ) ) ;
#1745 = ORIENTED_EDGE ( 'NONE', *, *, #1306, .F. ) ;
#1746 = CARTESIAN_POINT ( 'NONE',  ( 2756.045728876520100, -495.1853868354178300, 93.91644247068866500 ) ) ;
#1747 = CARTESIAN_POINT ( 'NONE',  ( 1152.334585100650400, 208.0844702241587400, -508.9903360787510600 ) ) ;
#1748 = CARTESIAN_POINT ( 'NONE',  ( 147.2383330595286000, -419.9482504234900400, 62.79714441866391900 ) ) ;
#1749 = CARTESIAN_POINT ( 'NONE',  ( 718.4043177474318300, -535.7384179552171900, -462.2284548361399200 ) ) ;
#1750 = CARTESIAN_POINT ( 'NONE',  ( 61.94123650696374700, 213.6767058318305900, -68.58968059316188700 ) ) ;
#1751 = CARTESIAN_POINT ( 'NONE',  ( -61.94123650696378300, 163.5948939821157600, -245.1890524929250100 ) ) ;
#1752 = CARTESIAN_POINT ( 'NONE',  ( 2868.563635720516700, 458.5660771465521700, 3.025025650627355800 ) ) ;
#1753 = CARTESIAN_POINT ( 'NONE',  ( 1590.243512515564800, 213.8727365927341000, -405.6491760769940200 ) ) ;
#1754 = CARTESIAN_POINT ( 'NONE',  ( 1541.769440031708200, -422.5238979995637600, 42.11548391066070000 ) ) ;
#1755 = CARTESIAN_POINT ( 'NONE',  ( 774.7773058541245100, -372.2347539652482700, -204.3071616281586400 ) ) ;
#1756 = CARTESIAN_POINT ( 'NONE',  ( 2913.058602738370200, -333.1712541960878900, 64.45142699005595000 ) ) ;
#1757 = CARTESIAN_POINT ( 'NONE',  ( 1593.936403559098800, 231.2922209485649900, 498.8739922165711400 ) ) ;
#1758 = CARTESIAN_POINT ( 'NONE',  ( 495.8710903151131800, 420.6873633871350600, -57.63897046587885600 ) ) ;
#1759 = CARTESIAN_POINT ( 'NONE',  ( 1541.769440031708200, -422.5238979995637600, 42.11548391066070000 ) ) ;
#1760 = CARTESIAN_POINT ( 'NONE',  ( 2244.717456260849300, -4.210667616947144900, 549.8661315963080400 ) ) ;
#1761 = CARTESIAN_POINT ( 'NONE',  ( -212.4786724770602300, -200.0000000000000000, -100.0000000000000100 ) ) ;
#1762 = CARTESIAN_POINT ( 'NONE',  ( -61.94123650696379000, 128.4326349918438800, -391.1242823877532800 ) ) ;
#1763 = CARTESIAN_POINT ( 'NONE',  ( 2055.087183367387300, 237.9839991012644000, 391.9898986118108700 ) ) ;
#1764 = CARTESIAN_POINT ( 'NONE',  ( 1357.821519990492600, 247.5321021956319800, 386.0312930718574200 ) ) ;
#1765 = CARTESIAN_POINT ( 'NONE',  ( 612.0823020960837100, 162.0333484207332000, -392.4858443243468300 ) ) ;
#1766 = CARTESIAN_POINT ( 'NONE',  ( 2076.340061156901400, -78.21191419390091000, -417.3522151804077100 ) ) ;
#1767 = ORIENTED_EDGE ( 'NONE', *, *, #630, .T. ) ;
#1768 = CARTESIAN_POINT ( 'NONE',  ( 2879.928489444833800, -634.2572009491793800, 170.2120301208829900 ) ) ;
#1769 = CARTESIAN_POINT ( 'NONE',  ( 485.9832232293727000, 666.2432646023277100, -238.3086427460940500 ) ) ;
#1770 = CARTESIAN_POINT ( 'NONE',  ( 2913.058602738347400, -307.8531166490925000, 69.73910233162369800 ) ) ;
#1771 = CARTESIAN_POINT ( 'NONE',  ( 1867.160394000341700, 421.4848395733090500, 51.48293470015357800 ) ) ;
#1772 = CARTESIAN_POINT ( 'NONE',  ( 1849.600242808020300, 220.5130624759951300, -503.7305270327881900 ) ) ;
#1773 = CARTESIAN_POINT ( 'NONE',  ( 2913.058602738323300, -223.9190532165985700, 46.14064577414685400 ) ) ;
#1774 = CARTESIAN_POINT ( 'NONE',  ( 2101.571437362017200, 376.4172963423693500, 261.9197795349191400 ) ) ;
#1775 = CARTESIAN_POINT ( 'NONE',  ( 2078.329435201759200, 314.0097802319374400, 334.2014375220508100 ) ) ;
#1776 = CARTESIAN_POINT ( 'NONE',  ( 1076.925835126850000, 253.3444557373080700, 340.7589659639286900 ) ) ;
#1777 = CARTESIAN_POINT ( 'NONE',  ( 2221.475459579842200, -118.0028039305229200, 537.0722884073976500 ) ) ;
#1778 = CARTESIAN_POINT ( 'NONE',  ( 2391.842108417315100, 120.8972340433522000, 697.1764017116338400 ) ) ;
#1779 = CARTESIAN_POINT ( 'NONE',  ( -212.4786724770602000, 1.224646799147353200E-014, -100.0000000000000000 ) ) ;
#1780 = CARTESIAN_POINT ( 'NONE',  ( 1913.644669105993200, 406.1886734279198100, -123.7368040717043800 ) ) ;
#1781 = CARTESIAN_POINT ( 'NONE',  ( 2384.170572341543900, 520.7925428880940900, 176.4811205612158200 ) ) ;
#1782 = CARTESIAN_POINT ( 'NONE',  ( 426.1445377633461400, 374.7138869023844400, 199.7238239529858700 ) ) ;
#1783 = CARTESIAN_POINT ( 'NONE',  ( 2756.045694921517700, -155.7622686305113600, 149.6497189656784600 ) ) ;
#1784 = CARTESIAN_POINT ( 'NONE',  ( 2798.837071188560000, 369.8761170527178600, 271.0786730520723000 ) ) ;
#1785 = CARTESIAN_POINT ( 'NONE',  ( 1752.938628970225900, -379.6031366781696200, -257.2808379023794000 ) ) ;
#1786 = CARTESIAN_POINT ( 'NONE',  ( 1936.886950226844200, 371.7540228150267600, -205.1801962472025600 ) ) ;
#1787 = CARTESIAN_POINT ( 'NONE',  ( 21.13878414357504500, -546.9145670810054300, -448.9480619027253300 ) ) ;
#1788 = CARTESIAN_POINT ( 'NONE',  ( 364.0898863840767500, -336.6227870775235300, 475.7021345767639100 ) ) ;
#1789 = CARTESIAN_POINT ( 'NONE',  ( 2913.058602738181900, -407.7202966610681200, -3.552609226616570700 ) ) ;
#1790 = CARTESIAN_POINT ( 'NONE',  ( 2076.340061156901400, -78.21191419390091000, -417.3522151804077100 ) ) ;
#1791 = CARTESIAN_POINT ( 'NONE',  ( 1059.365974778815100, 516.8782836608642100, -187.6370423726464800 ) ) ;
#1792 = CARTESIAN_POINT ( 'NONE',  ( 3038.010438082402700, -130.6332763813179600, 173.0642039394916800 ) ) ;
#1793 = CARTESIAN_POINT ( 'NONE',  ( 1187.455032857055100, 50.97094735670005900, 295.6005539409268300 ) ) ;
#1794 = CARTESIAN_POINT ( 'NONE',  ( 2659.383942723930900, -141.3734483882217300, 436.2402113329270000 ) ) ;
#1795 = CARTESIAN_POINT ( 'NONE',  ( 36.70959722498145800, -455.7957680400688200, 307.6045157086348400 ) ) ;
#1796 = CARTESIAN_POINT ( 'NONE',  ( -95.07192497943357500, 111.6640252224257600, -693.5351566610086100 ) ) ;
#1797 = CARTESIAN_POINT ( 'NONE',  ( 526.7848664408709300, 435.7001968705668600, 387.0052309522349700 ) ) ;
#1798 = CARTESIAN_POINT ( 'NONE',  ( 1541.769440031708200, -422.5238979995637600, 42.11548391066070000 ) ) ;
#1799 = CARTESIAN_POINT ( 'NONE',  ( 2006.613505947774500, 181.0966141674948600, -384.0624778713066100 ) ) ;
#1800 = CARTESIAN_POINT ( 'NONE',  ( 137.3505014905569800, -663.2687053700609600, 246.4666773000377000 ) ) ;
#1801 = CARTESIAN_POINT ( 'NONE',  ( 3038.698092851620900, 156.4838132288846000, 141.1992949307252200 ) ) ;
#1802 = CARTESIAN_POINT ( 'NONE',  ( 745.8527447630941700, 181.8828028132330400, -238.5293687860360900 ) ) ;
#1803 = CARTESIAN_POINT ( 'NONE',  ( 2541.183791378416600, 398.1839155192730000, 147.4773359526423300 ) ) ;
#1804 = CARTESIAN_POINT ( 'NONE',  ( 2639.834817706228000, -212.7983604719582300, -507.0226188961465300 ) ) ;
#1805 = CARTESIAN_POINT ( 'NONE',  ( 147.2383330595286000, -419.9482504234900400, 62.79714441866391900 ) ) ;
#1806 = CARTESIAN_POINT ( 'NONE',  ( -156.1196116435774300, 2.281264772294913100, 98.20009533649255200 ) ) ;
#1807 = CARTESIAN_POINT ( 'NONE',  ( 2693.991232706102900, 180.4083443821643000, -684.1960804323878200 ) ) ;
#1808 = VERTEX_POINT ( 'NONE', #708 ) ;
#1809 = CARTESIAN_POINT ( 'NONE',  ( 1750.949122808540600, 167.7536730660594300, 390.0754622386540400 ) ) ;
#1810 = CARTESIAN_POINT ( 'NONE',  ( 2913.058602738402400, -414.8524180914482700, -24.71910555930741900 ) ) ;
#1811 = CARTESIAN_POINT ( 'NONE',  ( 114.1080785196634200, -699.9334354650858400, 103.7517262935471400 ) ) ;
#1812 = CARTESIAN_POINT ( 'NONE',  ( 2885.405283122791800, -7.072061366504580200, 242.3190392322956900 ) ) ;
#1813 = CARTESIAN_POINT ( 'NONE',  ( 885.3059058006292600, -169.4370905953257700, -247.5251434881892600 ) ) ;
#1814 = CARTESIAN_POINT ( 'NONE',  ( 2913.058602738325600, -416.2739075224484400, -66.47794835451715300 ) ) ;
#1815 = CARTESIAN_POINT ( 'NONE',  ( 1774.191530234183100, 244.9055459517400700, 346.8736332688148400 ) ) ;
#1816 = CARTESIAN_POINT ( 'NONE',  ( 1578.366303978218900, -530.1227606749970400, 468.6590543053093300 ) ) ;
#1817 = CARTESIAN_POINT ( 'NONE',  ( -218.9543979933613100, 254.8115643104815100, -155.7621765397468000 ) ) ;
#1818 = CARTESIAN_POINT ( 'NONE',  ( -191.6799252592085500, 1.685950541230128300, 98.66979480924074200 ) ) ;
#1819 = CARTESIAN_POINT ( 'NONE',  ( 2112.935754271385100, -512.4129227591624800, -487.9590175503401500 ) ) ;
#1820 = CARTESIAN_POINT ( 'NONE',  ( 1030.441681961543100, 93.52055891879226100, 414.1905898548604900 ) ) ;
#1821 = CARTESIAN_POINT ( 'NONE',  ( 2332.004084576911300, -260.8449718800333700, 335.0520991329650500 ) ) ;
#1822 = CARTESIAN_POINT ( 'NONE',  ( 276.8035908902114100, 25.97171743223511000, 707.1043893093555000 ) ) ;
#1823 = CARTESIAN_POINT ( 'NONE',  ( 3192.826889983940000, -212.9710033405603200, 78.32261323841596800 ) ) ;
#1824 = MANIFOLD_SOLID_BREP ( 'Varredura1', #3096 ) ;
#1825 = CARTESIAN_POINT ( 'NONE',  ( 443.7043637165910500, -66.03121109807918300, 292.6045832409401400 ) ) ;
#1826 = CARTESIAN_POINT ( 'NONE',  ( 2610.910360134809700, 409.1029209792747600, -113.7312204753230000 ) ) ;
#1827 = CARTESIAN_POINT ( 'NONE',  ( 2517.941325277202400, 359.0059867058370200, 226.7484415351504800 ) ) ;
#1828 = CARTESIAN_POINT ( 'NONE',  ( 2756.052437229975100, -320.6227529846570400, 193.6363034225902300 ) ) ;
#1829 = CARTESIAN_POINT ( 'NONE',  ( 741.6473959814425100, -619.8559869023577000, -341.2476676738382900 ) ) ;
#1830 = CARTESIAN_POINT ( 'NONE',  ( 100.7538683739703900, -409.3679296927246000, -112.7710983124488400 ) ) ;
#1831 = CARTESIAN_POINT ( 'NONE',  ( -217.6631536515361100, 197.6711048770732500, -98.16251526631867800 ) ) ;
#1832 = CARTESIAN_POINT ( 'NONE',  ( 898.6602136775934500, -502.8294584525314700, -294.5675607843201100 ) ) ;
#1833 = CARTESIAN_POINT ( 'NONE',  ( 1262.863202685892000, 314.2861970232941100, -285.5246708129598100 ) ) ;
#1834 = CARTESIAN_POINT ( 'NONE',  ( 2750.363497391439100, 20.33625789955811000, -424.1293910252187500 ) ) ;
#1835 = CARTESIAN_POINT ( 'NONE',  ( 416.2566793304299000, 679.5623604467875800, 197.1449002440034500 ) ) ;
#1836 = CARTESIAN_POINT ( 'NONE',  ( 3070.071510555129000, -292.0758378026857300, -57.36842741738480100 ) ) ;
#1837 = CARTESIAN_POINT ( 'NONE',  ( 141.5565574423061700, -61.58744351512535800, -292.9723113885787000 ) ) ;
#1838 = CARTESIAN_POINT ( 'NONE',  ( 338.8582142125159700, 542.4912110319689900, -89.85768618559889400 ) ) ;
#1839 = DIRECTION ( 'NONE',  ( 0.0000000000000000000, 0.0000000000000000000, 1.000000000000000000 ) ) ;
#1840 = CARTESIAN_POINT ( 'NONE',  ( 3193.954305078371400, -446.8249432546027700, -79.38839320726081900 ) ) ;
#1841 = CARTESIAN_POINT ( 'NONE',  ( 1973.482586092599600, 302.5963099866945100, -639.6142963376519200 ) ) ;
#1842 = CARTESIAN_POINT ( 'NONE',  ( -218.9543979933612300, 238.3636386318893900, -458.9158787985659300 ) ) ;
#1843 = CARTESIAN_POINT ( 'NONE',  ( -198.1278751215670000, 200.1752734413514100, 99.86171027216626300 ) ) ;
#1844 = CARTESIAN_POINT ( 'NONE',  ( 712.7226616773097000, 342.4350956553425400, -471.5354101689313200 ) ) ;
#1845 = CARTESIAN_POINT ( 'NONE',  ( 1053.683529647383500, 177.2761031780801800, 385.8410636703430900 ) ) ;
#1846 = CARTESIAN_POINT ( 'NONE',  ( 2471.457222529656100, 236.3191106539477500, 352.7793610130492000 ) ) ;
#1847 = ORIENTED_EDGE ( 'NONE', *, *, #2031, .F. ) ;
#1848 = CARTESIAN_POINT ( 'NONE',  ( 2913.058602738323300, -223.9190532165985400, 46.14064577414684000 ) ) ;
#1849 = CARTESIAN_POINT ( 'NONE',  ( 1884.720584392999900, 43.70109200406747600, 296.7623868837046600 ) ) ;
#1850 = CARTESIAN_POINT ( 'NONE',  ( 455.0689590459606400, 195.5305283352176100, -513.9436749182651700 ) ) ;
#1851 = CARTESIAN_POINT ( 'NONE',  ( 3170.712306174087200, -416.7748033218314800, -192.5398512225358700 ) ) ;
#1852 = CARTESIAN_POINT ( 'NONE',  ( 3036.941397261658000, -568.5338454897654400, -107.1702293123527200 ) ) ;
#1853 = CARTESIAN_POINT ( 'NONE',  ( 3036.938026107399800, -336.2744286953650900, 225.5829539246277300 ) ) ;
#1854 = CARTESIAN_POINT ( 'NONE',  ( 1206.490261031955900, 611.3678593012678000, -356.2305228901621500 ) ) ;
#1855 = CARTESIAN_POINT ( 'NONE',  ( -218.9543979933612300, 290.9775419209220200, -361.4898529039251100 ) ) ;
#1856 = CARTESIAN_POINT ( 'NONE',  ( 119.3383781347029900, -81.27790764715645400, 6.328958268057868400 ) ) ;
#1857 = CARTESIAN_POINT ( 'NONE',  ( 1200.808544339857500, 334.4896195230454100, 477.2045302910434500 ) ) ;
#1858 = CARTESIAN_POINT ( 'NONE',  ( 2285.519723658380400, -374.2439546804560600, 200.6027234723002600 ) ) ;
#1859 = CARTESIAN_POINT ( 'NONE',  ( 364.0898863840767500, -336.6227870775235300, 475.7021345767639100 ) ) ;
#1860 = CARTESIAN_POINT ( 'NONE',  ( 2024.173679424916800, 295.4924642961008200, 51.59356114193489900 ) ) ;
#1861 = CARTESIAN_POINT ( 'NONE',  ( 362.1003974066162500, 512.1179182806971500, -200.2654833363896800 ) ) ;
#1862 = CARTESIAN_POINT ( 'NONE',  ( 373.9778324487737700, -224.9225879878350400, 198.4625889599841700 ) ) ;
#1863 = CARTESIAN_POINT ( 'NONE',  ( 1983.371238485216700, 256.7137703966662300, -338.2278385542899700 ) ) ;
#1864 = CARTESIAN_POINT ( 'NONE',  ( 2879.928489444849700, -693.5353404577931500, -111.6641039454454600 ) ) ;
#1865 = CARTESIAN_POINT ( 'NONE',  ( 625.4363104587962400, -17.29237151153344200, -707.3698031812811000 ) ) ;
#1866 = CARTESIAN_POINT ( 'NONE',  ( 2084.011844420376700, 451.3047140685141600, -368.6888617025626300 ) ) ;
#1867 = EDGE_LOOP ( 'NONE', ( #1666, #1162, #2027, #514 ) ) ;
#1868 = CARTESIAN_POINT ( 'NONE',  ( 2610.910360134809700, 409.1029209792747600, -113.7312204753230000 ) ) ;
#1869 = CARTESIAN_POINT ( 'NONE',  ( 1107.839924744070500, -128.9555056105215600, 568.3115052110408700 ) ) ;
#1870 = CARTESIAN_POINT ( 'NONE',  ( 433.8164416162271700, 5.846917986818087200, 582.7291293720647900 ) ) ;
#1871 = CARTESIAN_POINT ( 'NONE',  ( 2210.110948779869400, 22.38214300885066500, -299.1266355311905700 ) ) ;
#1872 = CARTESIAN_POINT ( 'NONE',  ( 176.1627167432454800, 149.1043241976876500, 529.2808450532883200 ) ) ;
#1873 = CARTESIAN_POINT ( 'NONE',  ( 2775.595015832724100, 305.7133250361565600, 341.8068514386615700 ) ) ;
#1874 = CARTESIAN_POINT ( 'NONE',  ( 3070.070997045858800, -296.1980449537762200, -55.26419117711743200 ) ) ;
#1875 = CARTESIAN_POINT ( 'NONE',  ( 3193.199717901286500, -205.8822386387404000, 73.93992704120188400 ) ) ;
#1876 = CARTESIAN_POINT ( 'NONE',  ( 3069.993415682454700, -296.9123170290183700, -53.10063512160337500 ) ) ;
#1877 = CARTESIAN_POINT ( 'NONE',  ( 2298.873340429167500, -435.3838900981523900, 557.7738491039676800 ) ) ;
#1878 = CARTESIAN_POINT ( 'NONE',  ( 2915.822899625887200, -172.7150191533067700, 14.48333695233352900 ) ) ;
#1879 = CARTESIAN_POINT ( 'NONE',  ( 61.94123650696374700, 213.6767058318305900, -68.58968059316188700 ) ) ;
#1880 = CARTESIAN_POINT ( 'NONE',  ( 1409.988207793432800, 353.9041451239078200, -462.9895699699028500 ) ) ;
#1881 = CARTESIAN_POINT ( 'NONE',  ( 2820.090063403012200, -231.9281665741588100, -355.6922131221876400 ) ) ;
#1882 = CARTESIAN_POINT ( 'NONE',  ( 503.5429967558602000, 346.1001437266111800, 468.8519148938901800 ) ) ;
#1883 = CARTESIAN_POINT ( 'NONE',  ( 131.6678996750783300, -247.8750968034590600, -527.4885316022832700 ) ) ;
#1884 = FACE_OUTER_BOUND ( 'NONE', #1660, .T. ) ;
#1885 = CARTESIAN_POINT ( 'NONE',  ( 1814.994034899977100, -138.4248930060641400, 266.1132319269887000 ) ) ;
#1886 = CARTESIAN_POINT ( 'NONE',  ( 466.9464249872170900, -3.997943774415485300, 299.9360066073156200 ) ) ;
#1887 = CARTESIAN_POINT ( 'NONE',  ( 2943.444156290901000, 89.36198000423084400, 182.6979120211833800 ) ) ;
#1888 = CARTESIAN_POINT ( 'NONE',  ( 3070.064768246720600, -295.0834803135281300, -54.15809875934292700 ) ) ;
#1889 = CARTESIAN_POINT ( 'NONE',  ( 2415.085027823751700, 262.6701294923163900, 657.0203601731627700 ) ) ;
#1890 = B_SPLINE_CURVE_WITH_KNOTS ( 'NONE', 3,
 ( #2512, #1993, #2995, #3266, #1751, #984, #3278, #2490, #1496, #2746, #1762, #2768, #1973, #1719, #938 ),
 .UNSPECIFIED., .F., .F.,
 ( 4, 1, 1, 1, 1, 1, 1, 1, 1, 1, 1, 1, 4 ),
 ( 0.0000000000000000000, 0.06872001483710214700, 0.1441621501476888800, 0.2260670143695056000, 0.3135939262562698100, 0.4053086433777585200, 0.4993180314041685300, 0.5933736809744103400, 0.6852230481327128400, 0.7729622596479137600, 0.8551453571842779800, 0.9309162955894704200, 1.000000000000000000 ),
 .UNSPECIFIED. ) ;
#1891 = CARTESIAN_POINT ( 'NONE',  ( 3187.478672477060200, 6.661338147750939200E-012, -7.327471962526033200E-012 ) ) ;
#1892 = CARTESIAN_POINT ( 'NONE',  ( -69.02626168942754200, 80.38307335020076000, -163.4217782815923100 ) ) ;
#1893 = CARTESIAN_POINT ( 'NONE',  ( 2339.675563794160100, -575.1497761524260600, -93.86404502022017500 ) ) ;
#1894 = CARTESIAN_POINT ( 'NONE',  ( 480.3007755306075000, 241.4912409802057600, 530.3673701542030600 ) ) ;
#1895 = CARTESIAN_POINT ( 'NONE',  ( 782.4492165047181500, 1.304567885592973700, -582.7570160360289700 ) ) ;
#1896 = VECTOR ( 'NONE', #758, 1000.000000000000000 ) ;
#1897 = CARTESIAN_POINT ( 'NONE',  ( 1629.055611419373500, -251.2628627728651900, -163.8428462301878900 ) ) ;
#1898 = CARTESIAN_POINT ( 'NONE',  ( 862.0635821479404500, -114.4977820201001900, -277.2504080912075300 ) ) ;
#1899 = CARTESIAN_POINT ( 'NONE',  ( 3106.650758328266400, 206.7762455606138600, -74.49265406228460100 ) ) ;
#1900 = CARTESIAN_POINT ( 'NONE',  ( 3070.071644902612700, -296.3675979039658700, -56.40152470911089500 ) ) ;
#1901 = DIRECTION ( 'NONE',  ( 0.0000000000000000000, 0.0000000000000000000, 1.000000000000000000 ) ) ;
#1902 = CARTESIAN_POINT ( 'NONE',  ( 2432.644648833126700, -455.7951142299257900, 363.1228801368542900 ) ) ;
#1903 = CARTESIAN_POINT ( 'NONE',  ( 3036.689686365617000, -154.4781301543609700, 186.8306154562400000 ) ) ;
#1904 = DIRECTION ( 'NONE',  ( -1.000000000000000000, -0.0000000000000000000, 0.0000000000000000000 ) ) ;
#1905 = CARTESIAN_POINT ( 'NONE',  ( 2641.824325918232300, 483.8200593161166100, 324.8469798254344600 ) ) ;
#1906 = CARTESIAN_POINT ( 'NONE',  ( 247.8786346796538900, -580.4965516700039000, -51.29901305882634700 ) ) ;
#1907 = CARTESIAN_POINT ( 'NONE',  ( 1572.683302221386200, -421.1604097795428200, -402.7799235248297100 ) ) ;
#1908 = CARTESIAN_POINT ( 'NONE',  ( 1146.652404596852200, 404.9407078602448600, 127.7619083019056200 ) ) ;
#1909 = CARTESIAN_POINT ( 'NONE',  ( 1536.087824099330200, -47.33960552378150800, -296.2037756573936300 ) ) ;
#1910 = CARTESIAN_POINT ( 'NONE',  ( 2907.225198550783700, 36.20269065658585100, 215.5640732604878200 ) ) ;
#1911 = CARTESIAN_POINT ( 'NONE',  ( -61.94123650696379000, 151.9439373606254300, -224.8190127061672900 ) ) ;
#1912 = CARTESIAN_POINT ( 'NONE',  ( 1526.199331643517600, -221.8063923892910100, -538.8964436839194100 ) ) ;
#1913 = CARTESIAN_POINT ( 'NONE',  ( 3176.166861843478700, 10.62775642873351800, -98.86981916180603500 ) ) ;
#1914 = CARTESIAN_POINT ( 'NONE',  ( 3036.941397261658900, -137.5350240503095700, 177.3312653412857600 ) ) ;
#1915 = CARTESIAN_POINT ( 'NONE',  ( 2269.948991682409500, -411.1489118333715900, -412.9943123240093400 ) ) ;
#1916 = CARTESIAN_POINT ( 'NONE',  ( -211.2068136124861200, 20.14142355113624900, -546.2732470752464500 ) ) ;
#1917 =( NAMED_UNIT ( * ) PLANE_ANGLE_UNIT ( ) SI_UNIT ( $, .RADIAN. ) );
#1918 = CARTESIAN_POINT ( 'NONE',  ( 1735.379027789479300, -446.7463668881953800, 374.1993083987590600 ) ) ;
#1919 = CARTESIAN_POINT ( 'NONE',  ( -38.69938682774781600, -18.69921223518427300, -425.0968237248495100 ) ) ;
#1920 = CARTESIAN_POINT ( 'NONE',  ( 1791.751461898922100, -190.5389585451144700, 231.6734534498043000 ) ) ;
#1921 = CARTESIAN_POINT ( 'NONE',  ( 3067.781749272286100, -59.83797778539943800, 129.2944371274939500 ) ) ;
#1922 = CARTESIAN_POINT ( 'NONE',  ( 2432.644648833126700, -455.7951142299257900, 363.1228801368542900 ) ) ;
#1923 = CARTESIAN_POINT ( 'NONE',  ( 2455.886526709970900, -370.7058923917001600, 449.6495656852578700 ) ) ;
#1924 = CARTESIAN_POINT ( 'NONE',  ( 61.94123650696374000, 226.7607438494720200, -79.66522243802505400 ) ) ;
#1925 = DIRECTION ( 'NONE',  ( 1.000000000000000000, 0.0000000000000000000, 0.0000000000000000000 ) ) ;
#1926 = CARTESIAN_POINT ( 'NONE',  ( 245.8892769056061800, 430.8942484408517500, 341.6144778481894900 ) ) ;
#1927 = CARTESIAN_POINT ( 'NONE',  ( 379.6601430728482600, 261.6307607664486500, 334.4390350002051400 ) ) ;
#1928 = CARTESIAN_POINT ( 'NONE',  ( 1024.759067443110600, -288.1814242299937000, 83.24122362324247600 ) ) ;
#1929 = B_SPLINE_CURVE_WITH_KNOTS ( 'NONE', 3,
 ( #57, #2321, #1080, #1810, #1068, #1304, #1329, #70, #1597, #314, #2877, #2101, #829, #2829, #1344 ),
 .UNSPECIFIED., .F., .F.,
 ( 4, 1, 1, 1, 1, 1, 1, 1, 1, 1, 1, 1, 4 ),
 ( 0.0000000000000000000, 0.06907319844232752400, 0.1448615941842202600, 0.2270779165498379700, 0.3148503243135923900, 0.4067341657130256700, 0.5007830334961411700, 0.5947601119321818100, 0.6864518096793602600, 0.7739432093830230800, 0.8558339846223969000, 0.9312771037333215100, 1.000000000000000000 ),
 .UNSPECIFIED. ) ;
#1930 = DIRECTION ( 'NONE',  ( 1.000000000000000000, -5.598713130157252400E-016, 3.353501265655067900E-016 ) ) ;
#1931 = CARTESIAN_POINT ( 'NONE',  ( 2176.980307464918000, 29.89778353012718900, -581.9911357455704300 ) ) ;
#1932 = CARTESIAN_POINT ( 'NONE',  ( 1363.503606075067600, 511.1654902847333200, -279.8528142002843400 ) ) ;
#1933 = CARTESIAN_POINT ( 'NONE',  ( 95.07192497943364600, 53.56011427802279500, -291.6894541042587400 ) ) ;
#1934 = CARTESIAN_POINT ( 'NONE',  ( -9.774636562915050700, -541.3473812798438300, 96.50803559977134700 ) ) ;
#1935 = CARTESIAN_POINT ( 'NONE',  ( 798.0195576103511700, -406.4780621743745400, -122.7830880845829000 ) ) ;
#1936 = CARTESIAN_POINT ( 'NONE',  ( 1466.361268267305600, 135.1488069669402100, -267.7919291950355500 ) ) ;
#1937 = CARTESIAN_POINT ( 'NONE',  ( -62.85045338383052600, 111.0622595601743300, -187.6274781207990800 ) ) ;
#1938 = CARTESIAN_POINT ( 'NONE',  ( 2879.928489444849700, -693.5353404577931500, -111.6641039454454600 ) ) ;
#1939 = CARTESIAN_POINT ( 'NONE',  ( 869.7355564209266300, 284.5092187927115200, -359.6480129082904700 ) ) ;
#1940 = CARTESIAN_POINT ( 'NONE',  ( 2502.371208313311400, -156.6858310642653900, 561.2993511281530300 ) ) ;
#1941 = CARTESIAN_POINT ( 'NONE',  ( 1688.894425603805800, -560.0610738227820800, 161.0562138079175200 ) ) ;
#1942 = CARTESIAN_POINT ( 'NONE',  ( 218.9543979933612300, 102.6764426042016500, -443.5327902788291700 ) ) ;
#1943 = CARTESIAN_POINT ( 'NONE',  ( -912.4786724770601700, 0.0000000000000000000, 0.0000000000000000000 ) ) ;
#1944 = ADVANCED_FACE ( 'NONE', ( #1407 ), #1482, .T. ) ;
#1945 = CARTESIAN_POINT ( 'NONE',  ( -125.9855088576410800, -356.0876100668219200, -419.1146637866075400 ) ) ;
#1946 = CARTESIAN_POINT ( 'NONE',  ( 61.94123650696376200, 277.1456154857600000, -462.9264347758796100 ) ) ;
#1947 = ORIENTED_EDGE ( 'NONE', *, *, #279, .T. ) ;
#1948 = CARTESIAN_POINT ( 'NONE',  ( 1007.199265687309200, 5.708957576117353700, 424.5792010107563200 ) ) ;
#1949 = CARTESIAN_POINT ( 'NONE',  ( 1280.422851077145900, 253.2545971156941400, 160.7470696457047800 ) ) ;
#1950 = CARTESIAN_POINT ( 'NONE',  ( 1160.006874622796700, 703.2780510027447500, -77.91940781880403200 ) ) ;
#1951 = CARTESIAN_POINT ( 'NONE',  ( 3037.069727925372300, -175.4476926217370500, 201.3705066972556200 ) ) ;
#1952 = CARTESIAN_POINT ( 'NONE',  ( 3036.941397261658000, -568.5338454897654400, -107.1702293123527200 ) ) ;
#1953 = CARTESIAN_POINT ( 'NONE',  ( 95.07192497943360400, 53.48270211360663500, -286.6306602477070000 ) ) ;
#1954 = CARTESIAN_POINT ( 'NONE',  ( 753.5247603914735900, 453.9881088242768800, 64.71153954094747000 ) ) ;
#1955 = CARTESIAN_POINT ( 'NONE',  ( -102.7435212875243000, -435.0224405251191800, -336.3008683855218200 ) ) ;
#1956 = ORIENTED_EDGE ( 'NONE', *, *, #2229, .T. ) ;
#1957 = CARTESIAN_POINT ( 'NONE',  ( 61.94123650696373300, 307.5495431085587400, -411.8157571950199000 ) ) ;
#1958 = CARTESIAN_POINT ( 'NONE',  ( 1472.042880002304200, -367.1086947326762100, -213.3807939582962400 ) ) ;
#1959 = CARTESIAN_POINT ( 'NONE',  ( 2512.259468964009100, -144.9141359597958900, 262.6357750398389600 ) ) ;
#1960 = CARTESIAN_POINT ( 'NONE',  ( 1020.553720712339100, 294.5921126659195600, 643.3404468102567100 ) ) ;
#1961 = CARTESIAN_POINT ( 'NONE',  ( -220.6580247681987700, 179.0156472544811100, -83.44346748957136100 ) ) ;
#1962 = CARTESIAN_POINT ( 'NONE',  ( 3070.064768246720600, -295.0834803135281300, -54.15809875934292700 ) ) ;
#1963 = CARTESIAN_POINT ( 'NONE',  ( 1543.758946908911900, 359.9097961978268900, -284.1776446467880000 ) ) ;
#1964 = CARTESIAN_POINT ( 'NONE',  ( -61.94123650696379700, 108.7436509782913000, -403.8920581914685500 ) ) ;
#1965 = CARTESIAN_POINT ( 'NONE',  ( 2874.245857949713800, 44.17080791732581000, -581.0819266018392000 ) ) ;
#1966 = CARTESIAN_POINT ( 'NONE',  ( 1570.693975715033700, 122.9541338256949700, 535.9595707463709000 ) ) ;
#1967 = CARTESIAN_POINT ( 'NONE',  ( 218.9543979933611100, 190.5247250683830500, -224.7282942253243300 ) ) ;
#1968 = EDGE_CURVE ( 'NONE', #1588, #3261, #794, .T. ) ;
#1969 = CARTESIAN_POINT ( 'NONE',  ( 77.51178346368035900, -377.1402240965411500, -195.1089865859023300 ) ) ;
#1970 = CARTESIAN_POINT ( 'NONE',  ( 648.6777592314867900, -163.4206239562574600, -688.4507911444278500 ) ) ;
#1971 = DIRECTION ( 'NONE',  ( -1.000000000000000000, -0.0000000000000000000, -0.0000000000000000000 ) ) ;
#1972 = CIRCLE ( 'NONE', #1518, 99.99999999999987200 ) ;
#1973 = CARTESIAN_POINT ( 'NONE',  ( -61.94123650696380400, 85.45494405054931500, -413.5030687041288500 ) ) ;
#1974 = CARTESIAN_POINT ( 'NONE',  ( 1032.431014699912800, -326.0980750911416000, -322.4172015379059500 ) ) ;
#1975 = CARTESIAN_POINT ( 'NONE',  ( 660.5558582890661200, 256.9311133107085500, 379.8401579510526700 ) ) ;
#1976 = CARTESIAN_POINT ( 'NONE',  ( 1867.160394000341700, 421.4848395733090500, 51.48293470015357800 ) ) ;
#1977 = CARTESIAN_POINT ( 'NONE',  ( 966.3973226063966400, 486.1445275916934200, 256.9723565164448500 ) ) ;
#1978 = CARTESIAN_POINT ( 'NONE',  ( 61.94123650696375400, 332.7761337390543900, -293.3646783105707500 ) ) ;
#1979 = CARTESIAN_POINT ( 'NONE',  ( 2744.680643145241000, 299.9436974212506500, -3.363836811410453500 ) ) ;
#1980 = CARTESIAN_POINT ( 'NONE',  ( 1903.756004174369800, 619.9260469502570500, -341.1197098681224700 ) ) ;
#1981 = CARTESIAN_POINT ( 'NONE',  ( -21.10864054069587300, -150.8679829391531100, -138.7648762692211600 ) ) ;
#1982 = ORIENTED_EDGE ( 'NONE', *, *, #1968, .T. ) ;
#1983 = CARTESIAN_POINT ( 'NONE',  ( 614.0716319788832600, 80.96233759029100000, 451.3733165537547100 ) ) ;
#1984 = CARTESIAN_POINT ( 'NONE',  ( 939.4621225506404000, 19.90150728271940000, -458.1442288907767900 ) ) ;
#1985 = CARTESIAN_POINT ( 'NONE',  ( 519.1132809578360800, 399.6280679885772400, -143.5183736566619900 ) ) ;
#1986 = CARTESIAN_POINT ( 'NONE',  ( 1890.402246843528900, 423.0089088681412500, -36.92728967445302100 ) ) ;
#1987 = CARTESIAN_POINT ( 'NONE',  ( 2755.789033593694100, -197.1240180452323900, 175.0761047128737000 ) ) ;
#1988 = CARTESIAN_POINT ( 'NONE',  ( 943.1548941114621100, 422.3808002936157200, 352.0862817840582000 ) ) ;
#1989 = CARTESIAN_POINT ( 'NONE',  ( -95.07192497943366000, 415.7969534376378000, -475.3772823641800800 ) ) ;
#1990 = CARTESIAN_POINT ( 'NONE',  ( 3070.071510555134000, -291.2724125544206700, -61.98407372142544600 ) ) ;
#1991 = CARTESIAN_POINT ( 'NONE',  ( 1578.366303978218900, -530.1227606749970400, 468.6590543053093300 ) ) ;
#1992 = CARTESIAN_POINT ( 'NONE',  ( 123.9963410469408100, -423.8488862914641700, -25.54015740645641900 ) ) ;
#1993 = CARTESIAN_POINT ( 'NONE',  ( -61.94123650696378300, 128.2509615012112900, -201.5172910259399300 ) ) ;
#1994 = CARTESIAN_POINT ( 'NONE',  ( 2589.657378798226500, -370.1257039887694900, 270.7377531996763800 ) ) ;
#1995 = CARTESIAN_POINT ( 'NONE',  ( 2758.035009248055800, 524.2813227968631500, -254.4342215877591400 ) ) ;
#1996 = CARTESIAN_POINT ( 'NONE',  ( 1472.042880002304200, -367.1086947326762100, -213.3807939582962400 ) ) ;
#1997 = EDGE_CURVE ( 'NONE', #383, #1269, #1890, .T. ) ;
#1998 = CARTESIAN_POINT ( 'NONE',  ( 937.4726962839844200, -244.0907298006166300, 347.4475639389448200 ) ) ;
#1999 = CARTESIAN_POINT ( 'NONE',  ( 2879.928489444319000, -267.8711589794945700, 352.2350969032805200 ) ) ;
#2000 = CARTESIAN_POINT ( 'NONE',  ( 1175.577019182417600, 98.15474620199735500, -541.0517269726735800 ) ) ;
#2001 = CARTESIAN_POINT ( 'NONE',  ( -96.05768947636757100, 41.86872085088604900, -133.0341777201032600 ) ) ;
#2002 = CARTESIAN_POINT ( 'NONE',  ( 426.1445377633461400, 374.7138869023844400, 199.7238239529858700 ) ) ;
#2003 = CARTESIAN_POINT ( 'NONE',  ( 356.4179857565110900, 186.6917869077182700, 381.3741909471209500 ) ) ;
#2004 = CARTESIAN_POINT ( 'NONE',  ( 2198.233084562765300, -226.6780133595621600, 500.9866830340238800 ) ) ;
#2005 = CARTESIAN_POINT ( 'NONE',  ( -69.02626168942754200, 80.38307335020076000, -163.4217782815923100 ) ) ;
#2006 = CARTESIAN_POINT ( 'NONE',  ( 61.94123650696374700, 213.6767058318305900, -68.58968059316188700 ) ) ;
#2007 = CARTESIAN_POINT ( 'NONE',  ( 2915.048128434097600, 420.4518806321398800, -183.0648139371309400 ) ) ;
#2008 = CARTESIAN_POINT ( 'NONE',  ( 2101.571437362017200, 376.4172963423693500, 261.9197795349191400 ) ) ;
#2009 = CARTESIAN_POINT ( 'NONE',  ( 1262.863202685892000, 314.2861970232941100, -285.5246708129598100 ) ) ;
#2010 = CARTESIAN_POINT ( 'NONE',  ( 1960.128809498491400, 321.1986875845480500, -277.7257006169349400 ) ) ;
#2011 = CARTESIAN_POINT ( 'NONE',  ( 3070.071518877155100, -295.4164663556081800, -59.93835959017803100 ) ) ;
#2012 = CARTESIAN_POINT ( 'NONE',  ( 2756.046208431099300, -418.6206579754344800, 162.5496908361595800 ) ) ;
#2013 = CARTESIAN_POINT ( 'NONE',  ( 1640.420541975578500, 413.6130456337628500, 362.3460300304853400 ) ) ;
#2014 = CARTESIAN_POINT ( 'NONE',  ( 2913.058602738322900, -233.2286537912502500, 51.59361534767946700 ) ) ;
#2015 = CARTESIAN_POINT ( 'NONE',  ( 867.7461269232193200, -401.3591344787880600, 138.6035465161454000 ) ) ;
#2016 = CARTESIAN_POINT ( 'NONE',  ( 2128.506515492966600, -477.1897363406112000, 273.2407478200244100 ) ) ;
#2017 = CARTESIAN_POINT ( 'NONE',  ( -85.21585373741338300, -179.6013811589461100, -116.0943918597349600 ) ) ;
#2018 = CARTESIAN_POINT ( 'NONE',  ( -218.9543979933617400, 70.97173506272970700, -541.2749627333790800 ) ) ;
#2019 = CARTESIAN_POINT ( 'NONE',  ( 1729.696634566412500, -318.0873430213604800, -330.3229213918428400 ) ) ;
#2020 = CARTESIAN_POINT ( 'NONE',  ( 1543.758946908911900, 359.9097961978268900, -284.1776446467880000 ) ) ;
#2021 = CARTESIAN_POINT ( 'NONE',  ( 588.8398500194769000, 239.8086796758640000, -350.4167660466767400 ) ) ;
#2022 = CARTESIAN_POINT ( 'NONE',  ( 2122.824377100373600, -240.6304480669044800, -349.8528394635234200 ) ) ;
#2023 = ORIENTED_EDGE ( 'NONE', *, *, #3052, .F. ) ;
#2024 = AXIS2_PLACEMENT_3D ( 'NONE', #2958, #155, #2115 ) ;
#2025 = CARTESIAN_POINT ( 'NONE',  ( 532.4676371639913000, 512.5137172833217400, -487.8535356704058500 ) ) ;
#2026 = CARTESIAN_POINT ( 'NONE',  ( 1565.011821730056900, -404.6396834679588300, 128.7120176484132200 ) ) ;
#2027 = ORIENTED_EDGE ( 'NONE', *, *, #1525, .T. ) ;
#2028 = CARTESIAN_POINT ( 'NONE',  ( 1245.303584046295300, -237.3967298956051500, -495.9981107312678400 ) ) ;
#2029 = CARTESIAN_POINT ( 'NONE',  ( 59.66231502613864300, -74.33704918162952400, -199.1473387723270300 ) ) ;
#2030 = CARTESIAN_POINT ( 'NONE',  ( 3067.781749272286100, -59.83797778539943800, 129.2944371274939500 ) ) ;
#2031 = EDGE_CURVE ( 'NONE', #383, #492, #1286, .T. ) ;
#2032 = CARTESIAN_POINT ( 'NONE',  ( 3008.016765360436700, 146.7162714135646100, -434.4726545615641300 ) ) ;
#2033 = CARTESIAN_POINT ( 'NONE',  ( 1799.423195213265200, -451.2986285190691000, -81.37770472980055600 ) ) ;
#2034 = CARTESIAN_POINT ( 'NONE',  ( 1239.621366168603800, 366.6066307565863600, -214.2417318773315500 ) ) ;
#2035 = CARTESIAN_POINT ( 'NONE',  ( 230.3184319206397700, -262.8053113743695800, 656.9658607677405400 ) ) ;
#2036 = CARTESIAN_POINT ( 'NONE',  ( 2368.599884363256500, -26.11730966850098700, 707.0987762761921000 ) ) ;
#2037 = CARTESIAN_POINT ( 'NONE',  ( -54.19383950686793100, 31.85626587600423700, -418.7089904382343700 ) ) ;
#2038 = EDGE_LOOP ( 'NONE', ( #400, #2552 ) ) ;
#2039 = CARTESIAN_POINT ( 'NONE',  ( 1843.918099687140100, 401.6832913871735400, 137.6610799313704400 ) ) ;
#2040 = CARTESIAN_POINT ( 'NONE',  ( 2151.748898952923400, -410.2520243614210900, 366.1483185657678000 ) ) ;
#2041 = CARTESIAN_POINT ( 'NONE',  ( 565.5976434057930600, 307.1843288152108500, -293.1516709313598300 ) ) ;
#2042 = CARTESIAN_POINT ( 'NONE',  ( 2264.266882198928200, 301.8137768876506500, -345.2549156443246800 ) ) ;
#2043 = CARTESIAN_POINT ( 'NONE',  ( 1404.305826830909600, 382.7318376253488200, 252.6031615040304500 ) ) ;
#2044 = CARTESIAN_POINT ( 'NONE',  ( 2239.035064234403800, -423.4302085937501400, 31.73354648527180900 ) ) ;
#2045 = CARTESIAN_POINT ( 'NONE',  ( 114.1080785196634200, -699.9334354650858400, 103.7517262935471400 ) ) ;
#2046 = CARTESIAN_POINT ( 'NONE',  ( 2763.717780005519200, -254.6059141374279900, -660.1931201443644600 ) ) ;
#2047 = CARTESIAN_POINT ( 'NONE',  ( 1425.558682665315700, -249.1437610836876500, -343.8421902273055900 ) ) ;
#2048 = CARTESIAN_POINT ( 'NONE',  ( 1477.725320600777200, -314.5488627203043300, 451.0318294030097900 ) ) ;
#2049 = CARTESIAN_POINT ( 'NONE',  ( 263.4494746252024100, -157.2047592416771800, 394.4446971199395800 ) ) ;
#2050 = CARTESIAN_POINT ( 'NONE',  ( 1350.149400581129600, 299.4172979139290800, -18.07736203494463100 ) ) ;
#2051 = CARTESIAN_POINT ( 'NONE',  ( 2055.087183367387300, 237.9839991012644000, 391.9898986118108700 ) ) ;
#2052 = CARTESIAN_POINT ( 'NONE',  ( 2215.793170018386300, -420.8213477482246400, -56.65137394592055400 ) ) ;
#2053 = CARTESIAN_POINT ( 'NONE',  ( 253.5612709466017000, -121.0410322824112500, 697.1516276418584500 ) ) ;
#2054 = CARTESIAN_POINT ( 'NONE',  ( 85.18374999450449500, -11.51692598476615000, -584.3472152484894200 ) ) ;
#2055 = CARTESIAN_POINT ( 'NONE',  ( 728.2929883516811700, -257.5069977802110700, -337.6244238629619200 ) ) ;
#2056 = CARTESIAN_POINT ( 'NONE',  ( 1936.886950226844200, 371.7540228150267600, -205.1801962472025600 ) ) ;
#2057 = CARTESIAN_POINT ( 'NONE',  ( 44.38147957363467800, -628.0453063921975200, -325.9314323548911100 ) ) ;
#2058 = EDGE_CURVE ( 'NONE', #817, #2532, #246, .T. ) ;
#2059 = CARTESIAN_POINT ( 'NONE',  ( 3007.979811547152600, -43.32488647793931600, -65.51316065832408200 ) ) ;
#2060 = CARTESIAN_POINT ( 'NONE',  ( 281.0096442306070200, -298.1001186480667700, -33.37642238189805300 ) ) ;
#2061 = CARTESIAN_POINT ( 'NONE',  ( 2262.277515485243400, -407.6764938524876200, 118.7429547032109800 ) ) ;
#2062 = ORIENTED_EDGE ( 'NONE', *, *, #2146, .F. ) ;
#2063 = CARTESIAN_POINT ( 'NONE',  ( 2244.717456260849300, -4.210667616947144900, 549.8661315963080400 ) ) ;
#2064 = CARTESIAN_POINT ( 'NONE',  ( -95.07192497943366000, 287.6322329264272600, 30.85867689125861400 ) ) ;
#2065 = CARTESIAN_POINT ( 'NONE',  ( -198.0102992182312700, -198.8273760894351500, 99.07480654117905800 ) ) ;
#2066 = CARTESIAN_POINT ( 'NONE',  ( 2066.452246932685300, -270.7130516999578700, -653.7475437685437800 ) ) ;
#2067 = CARTESIAN_POINT ( 'NONE',  ( 914.2304167421048100, -310.7586711241626700, 289.3599569291124600 ) ) ;
#2068 = SURFACE_STYLE_USAGE ( .BOTH. , #277 ) ;
#2069 = CARTESIAN_POINT ( 'NONE',  ( 230.3184319206397700, -262.8053113743695800, 656.9658607677405400 ) ) ;
#2070 = CARTESIAN_POINT ( 'NONE',  ( 699.3690766835369500, 262.9406972956944600, -144.3603856328132600 ) ) ;
#2071 = CARTESIAN_POINT ( 'NONE',  ( 2332.004084576911300, -260.8449718800333700, 335.0520991329650500 ) ) ;
#2072 = CARTESIAN_POINT ( 'NONE',  ( 2727.121024962711100, 107.7389251779094600, -410.7221546982665900 ) ) ;
#2073 = CARTESIAN_POINT ( 'NONE',  ( 1415.669969876360300, -524.2334765377253200, -475.2369256578168100 ) ) ;
#2074 = CARTESIAN_POINT ( 'NONE',  ( -95.07192497943370300, 446.4153361775572100, -391.2652330961447000 ) ) ;
#2075 = CARTESIAN_POINT ( 'NONE',  ( -119.5421438976939500, 23.92177212726273800, -118.8741393520527700 ) ) ;
#2076 = CARTESIAN_POINT ( 'NONE',  ( 247.8786346796538900, -580.4965516700039000, -51.29901305882634700 ) ) ;
#2077 = CARTESIAN_POINT ( 'NONE',  ( 1820.675684611383800, 364.4625420738277600, 217.8697246621627800 ) ) ;
#2078 = CARTESIAN_POINT ( 'NONE',  ( 2448.214759445655500, 158.1302315888606800, 394.0748478219521200 ) ) ;
#2079 = CARTESIAN_POINT ( 'NONE',  ( 2593.350246891878200, 10.95629946909593900, -549.7710825985312800 ) ) ;
#2080 = CARTESIAN_POINT ( 'NONE',  ( 3187.478672477060600, -187.2947913558786600, -122.1501581290703600 ) ) ;
#2081 = CARTESIAN_POINT ( 'NONE',  ( 3186.206908078370400, -433.9793890008406800, -136.0429810797406600 ) ) ;
#2082 = CARTESIAN_POINT ( 'NONE',  ( -211.2068136124861200, 20.14142355113624900, -546.2732470752464500 ) ) ;
#2083 = CARTESIAN_POINT ( 'NONE',  ( 2796.847592894867800, -153.2942341901155600, -395.9750839104348200 ) ) ;
#2084 = CARTESIAN_POINT ( 'NONE',  ( 3193.954305576692600, -450.5484628117050600, -82.62553727536715100 ) ) ;
#2085 = CARTESIAN_POINT ( 'NONE',  ( 1020.553720712339100, 294.5921126659195600, 643.3404468102567100 ) ) ;
#2086 = CARTESIAN_POINT ( 'NONE',  ( -218.9543979933613100, 117.3497738230758900, -535.3166833039991800 ) ) ;
#2087 = CARTESIAN_POINT ( 'NONE',  ( 197.6425602308470700, 29.86021417198030300, -81.35837473470461100 ) ) ;
#2088 = CARTESIAN_POINT ( 'NONE',  ( 619.7539240058076800, 579.3501359978140500, -62.93621484225791800 ) ) ;
#2089 = CARTESIAN_POINT ( 'NONE',  ( 960.7151196917280900, -166.8375490195445300, 390.4678884455473200 ) ) ;
#2090 = CARTESIAN_POINT ( 'NONE',  ( 2517.941325277202400, 359.0059867058370200, 226.7484415351504800 ) ) ;
#2091 = CARTESIAN_POINT ( 'NONE',  ( 629.6425071626222200, 297.6681846418700800, 37.03219308249732200 ) ) ;
#2092 = CARTESIAN_POINT ( 'NONE',  ( 222.6472815396423900, 350.7997911825417000, 423.4507919430724900 ) ) ;
#2093 = CARTESIAN_POINT ( 'NONE',  ( 1750.949122808540600, 167.7536730660594300, 390.0754622386540400 ) ) ;
#2094 = CARTESIAN_POINT ( 'NONE',  ( 2879.928489445221200, -671.8785960022497600, 98.13930248884256000 ) ) ;
#2095 = CARTESIAN_POINT ( 'NONE',  ( 695.1628538196588400, -428.3904138970721100, -563.1631221839489900 ) ) ;
#2096 = CARTESIAN_POINT ( 'NONE',  ( -61.94123650696377600, 174.6114165073967100, -296.7608087306832100 ) ) ;
#2097 = CARTESIAN_POINT ( 'NONE',  ( -61.94123650696379000, 119.9427753087445900, -194.6341534985647900 ) ) ;
#2098 = EDGE_LOOP ( 'NONE', ( #485, #2562, #2062, #3305 ) ) ;
#2099 = CARTESIAN_POINT ( 'NONE',  ( 2037.527198184496200, 561.9953544726968200, -154.1712240957641900 ) ) ;
#2100 = CARTESIAN_POINT ( 'NONE',  ( 1146.652404596852200, 404.9407078602449100, 127.7619083019056200 ) ) ;
#2101 = CARTESIAN_POINT ( 'NONE',  ( 2913.058602738139100, -261.0532285704169900, 65.24429301791711600 ) ) ;
#2102 = CARTESIAN_POINT ( 'NONE',  ( 503.5429967558602000, 346.1001437266111800, 468.8519148938901800 ) ) ;
#2103 = CARTESIAN_POINT ( 'NONE',  ( 3195.447968284101500, -193.3855087973198900, 66.21372259093008900 ) ) ;
#2104 = FACE_OUTER_BOUND ( 'NONE', #3218, .T. ) ;
#2105 = CARTESIAN_POINT ( 'NONE',  ( 2186.868091533177900, 83.85010856087090800, -288.0046351988498300 ) ) ;
#2106 = ORIENTED_EDGE ( 'NONE', *, *, #693, .T. ) ;
#2107 = CARTESIAN_POINT ( 'NONE',  ( 803.7017683237469300, -201.8226977343422000, 511.5055059134405700 ) ) ;
#2108 = CARTESIAN_POINT ( 'NONE',  ( 3147.469876031968900, -366.2216121799089000, -275.9110270486654000 ) ) ;
#2109 = CARTESIAN_POINT ( 'NONE',  ( 2564.425932812137900, 420.0944872966696800, 61.81129882888951200 ) ) ;
#2110 = CARTESIAN_POINT ( 'NONE',  ( 3193.954439426108400, -415.5441790092234000, 48.34520413196242600 ) ) ;
#2111 = CARTESIAN_POINT ( 'NONE',  ( 1229.733449517436400, 524.3317245461337300, -475.1291362770081700 ) ) ;
#2112 = CARTESIAN_POINT ( 'NONE',  ( -218.9543979933612500, 70.97173506272967800, -541.2749627333785200 ) ) ;
#2113 = CARTESIAN_POINT ( 'NONE',  ( 218.9543979933611700, 139.7211787372338800, -168.0380380775823700 ) ) ;
#2114 = CARTESIAN_POINT ( 'NONE',  ( 1177.566493951783100, 228.4027519633875200, 536.1339994358173700 ) ) ;
#2115 = DIRECTION ( 'NONE',  ( 0.0000000000000000000, 0.0000000000000000000, -1.000000000000000000 ) ) ;
#2116 = CARTESIAN_POINT ( 'NONE',  ( 364.0898863840767500, -336.6227870775235300, 475.7021345767639100 ) ) ;
#2117 =( NAMED_UNIT ( * ) PLANE_ANGLE_UNIT ( ) SI_UNIT ( $, .RADIAN. ) );
#2118 = CARTESIAN_POINT ( 'NONE',  ( 95.07192497943364600, 61.98415244450506400, -291.2725963511993000 ) ) ;
#2119 = CARTESIAN_POINT ( 'NONE',  ( 2140.384367882940800, 193.3675263199641000, -229.3179039632830700 ) ) ;
#2120 = CARTESIAN_POINT ( 'NONE',  ( 269.1316448106043100, 492.3043194990487500, 244.9643798591623100 ) ) ;
#2121 = CARTESIAN_POINT ( 'NONE',  ( 2891.805976846158000, 449.2503412120826200, -92.01511236683320800 ) ) ;
#2122 = CARTESIAN_POINT ( 'NONE',  ( 2494.699381346197200, 304.2596785729984400, 296.1858475686171300 ) ) ;
#2123 = CARTESIAN_POINT ( 'NONE',  ( 2879.928489444833800, -634.2572009491793800, 170.2120301208829900 ) ) ;
#2124 = CARTESIAN_POINT ( 'NONE',  ( 857.8574383114837500, -606.9503133685817600, 363.7060971462118500 ) ) ;
#2125 = DIRECTION ( 'NONE',  ( 1.000000000000000000, 0.0000000000000000000, 0.0000000000000000000 ) ) ;
#2126 = CARTESIAN_POINT ( 'NONE',  ( 945.1442275846277400, -579.0626703133300500, -65.52987575671400600 ) ) ;
#2127 = CARTESIAN_POINT ( 'NONE',  ( 2215.793170018386300, -420.8213477482246400, -56.65137394592055400 ) ) ;
#2128 = CARTESIAN_POINT ( 'NONE',  ( 735.9645449237889400, 237.3503889590832000, -532.2335203702309600 ) ) ;
#2129 = CARTESIAN_POINT ( 'NONE',  ( 61.94123650696376200, 107.1702339133139500, -568.5339734699186900 ) ) ;
#2130 = CARTESIAN_POINT ( 'NONE',  ( 1907.961842057982300, 104.2151251835538100, 281.2769322607366600 ) ) ;
#2131 = CARTESIAN_POINT ( 'NONE',  ( 257.7666875536493200, -284.7236738985386600, -94.39453316703453800 ) ) ;
#2132 = CARTESIAN_POINT ( 'NONE',  ( -912.4786724770601700, 1.224646799147353200E-014, -100.0000000000000000 ) ) ;
#2133 = CARTESIAN_POINT ( 'NONE',  ( 3091.178501351199400, -228.9170116715523300, -96.41688327118737300 ) ) ;
#2134 = CARTESIAN_POINT ( 'NONE',  ( 2879.928489444319000, -267.8711589794945700, 352.2350969032805200 ) ) ;
#2135 = CARTESIAN_POINT ( 'NONE',  ( 2275.631918868029100, -541.4645244710822000, 455.5080070740322100 ) ) ;
#2136 = CARTESIAN_POINT ( 'NONE',  ( 95.07192497943322000, 61.98415244450507800, -291.2725963511996400 ) ) ;
#2137 = CARTESIAN_POINT ( 'NONE',  ( 60.63481468111160700, 201.7951203831153700, -59.21517864199257300 ) ) ;
#2138 = ORIENTED_EDGE ( 'NONE', *, *, #2749, .F. ) ;
#2139 = CARTESIAN_POINT ( 'NONE',  ( 1293.777041734927700, 578.2149283518032200, 72.63092503228874400 ) ) ;
#2140 = CARTESIAN_POINT ( 'NONE',  ( 2564.425932812137900, 420.0944872966696800, 61.81129882888951200 ) ) ;
#2141 = CARTESIAN_POINT ( 'NONE',  ( 2879.928489444849700, -693.5353404577933800, -111.6641039454445000 ) ) ;
#2142 = CARTESIAN_POINT ( 'NONE',  ( 1038.113354966309500, -437.4285923305331500, 385.0502866534752700 ) ) ;
#2143 = CARTESIAN_POINT ( 'NONE',  ( 1745.267484109274200, -268.0760098758070700, 134.5843951194387400 ) ) ;
#2144 = CARTESIAN_POINT ( 'NONE',  ( 2845.321572286390600, 447.9972578642484700, 97.93361351045328400 ) ) ;
#2145 = CARTESIAN_POINT ( 'NONE',  ( 3191.032677239049900, -209.0908764728766000, 75.92369337272626200 ) ) ;
#2146 = EDGE_CURVE ( 'NONE', #1269, #826, #936, .T. ) ;
#2147 = CARTESIAN_POINT ( 'NONE',  ( 2913.058602738370200, -333.1712541960878900, 64.45142699005595000 ) ) ;
#2148 = CARTESIAN_POINT ( 'NONE',  ( 2508.052972886947800, 663.2176663937283400, 246.6031456874874000 ) ) ;
#2149 = CARTESIAN_POINT ( 'NONE',  ( -61.94123650696380400, 66.47794375361736700, -416.2737795422888800 ) ) ;
#2150 = CARTESIAN_POINT ( 'NONE',  ( -212.4786724770602000, 0.0000000000000000000, 100.0000000000000000 ) ) ;
#2151 = CARTESIAN_POINT ( 'NONE',  ( 2804.519302526243800, 376.1959517908574100, -445.0665731577269600 ) ) ;
#2152 = CARTESIAN_POINT ( 'NONE',  ( 921.9023259750072200, -552.9349888276769900, -184.0389853911987400 ) ) ;
#2153 = CARTESIAN_POINT ( 'NONE',  ( 689.4804973249603100, 432.6705705973429900, -390.3891843834536500 ) ) ;
#2154 = CARTESIAN_POINT ( 'NONE',  ( 1489.602503465379000, 76.75680393384917000, -289.9756873746579200 ) ) ;
#2155 = CARTESIAN_POINT ( 'NONE',  ( 908.5487788363203700, -217.0292945430770100, -207.0652430513005400 ) ) ;
#2156 = CARTESIAN_POINT ( 'NONE',  ( 2989.802698674693100, 128.2152286665289600, 158.6765763171880500 ) ) ;
#2157 = CARTESIAN_POINT ( 'NONE',  ( -61.94123650696379000, 119.9427753087445400, -194.6341534985647600 ) ) ;
#2158 = CARTESIAN_POINT ( 'NONE',  ( 2316.433416958260300, -543.2385992015914600, -210.9488069632975900 ) ) ;
#2159 = CARTESIAN_POINT ( 'NONE',  ( 2935.222762715896400, -126.1933831036805900, -14.27904136924176700 ) ) ;
#2160 = CARTESIAN_POINT ( 'NONE',  ( 2943.972415225950000, -304.5525083594847000, -496.8312597548844000 ) ) ;
#2161 = CARTESIAN_POINT ( 'NONE',  ( 410.5742003629431500, -114.9697763144505800, 571.3051090341973600 ) ) ;
#2162 = CARTESIAN_POINT ( 'NONE',  ( 1386.746198213174500, 442.1207603719805100, -379.6533904618980300 ) ) ;
#2163 = FACE_OUTER_BOUND ( 'NONE', #2038, .T. ) ;
#2164 = CARTESIAN_POINT ( 'NONE',  ( 1169.894805205858800, 422.6213295586341000, 41.12362249146293200 ) ) ;
#2165 = CARTESIAN_POINT ( 'NONE',  ( 1838.235282594704800, -80.30952036611954300, 289.0119119842739200 ) ) ;
#2166 = CARTESIAN_POINT ( 'NONE',  ( 3138.948667581742900, -17.68167174820001400, 103.2309594460835700 ) ) ;
#2167 = CARTESIAN_POINT ( 'NONE',  ( 2967.214734188788000, -401.0574903525524100, -422.9100520374715300 ) ) ;
#2168 = CARTESIAN_POINT ( 'NONE',  ( 1317.019630680450700, 580.7201012066671000, -48.69942136333715200 ) ) ;
#2169 = CARTESIAN_POINT ( 'NONE',  ( -61.94123650696377600, 174.6114165073967100, -296.7608087306832100 ) ) ;
#2170 = CARTESIAN_POINT ( 'NONE',  ( 28.02855264901960200, 109.3226045940422500, 13.74509954946815400 ) ) ;
#2171 = CARTESIAN_POINT ( 'NONE',  ( 2688.308433454536500, 573.9545967573027400, 100.9148515455192800 ) ) ;
#2172 = EDGE_CURVE ( 'NONE', #2532, #1808, #698, .T. ) ;
#2173 = CARTESIAN_POINT ( 'NONE',  ( 408.5847832448244500, 387.0274755011896600, -390.6160222183122000 ) ) ;
#2174 = CARTESIAN_POINT ( 'NONE',  ( 1805.105592128126800, -142.8636521690427200, 564.9755849522089200 ) ) ;
#2175 = CARTESIAN_POINT ( 'NONE',  ( -54.19383950686793100, 31.85626587600423700, -418.7089904382343700 ) ) ;
#2176 = CARTESIAN_POINT ( 'NONE',  ( 2465.774358883119900, -238.9132038791081200, 181.3780646914121900 ) ) ;
#2177 = B_SPLINE_CURVE_WITH_KNOTS ( 'NONE', 3,
 ( #2663, #116, #1878, #2159, #2415, #1124, #334, #1102, #2686, #1913, #2429 ),
 .UNSPECIFIED., .F., .F.,
 ( 4, 1, 1, 1, 1, 1, 1, 1, 4 ),
 ( 0.0000000000000000000, 0.1310038109028284500, 0.2704835234952268100, 0.4156855244358762500, 0.5630748974725337000, 0.6780326435055935600, 0.7901374509886026600, 0.8978491610507430800, 1.000000000000000000 ),
 .UNSPECIFIED. ) ;
#2178 = CARTESIAN_POINT ( 'NONE',  ( 3187.478672477060600, 187.2947913558923000, 122.1501581290557000 ) ) ;
#2179 = CARTESIAN_POINT ( 'NONE',  ( 2665.066191923820500, 540.6090390284935000, 217.5993610695425100 ) ) ;
#2180 = CARTESIAN_POINT ( 'NONE',  ( 1828.347534558495200, -22.75354399955214600, 582.3141763209314400 ) ) ;
#2181 = CARTESIAN_POINT ( 'NONE',  ( 61.94123650696375400, 326.6774766849014800, -353.9850086248570700 ) ) ;
#2182 = CARTESIAN_POINT ( 'NONE',  ( 3038.010438082402700, -130.6332763813179600, 173.0642039394916800 ) ) ;
#2183 = CARTESIAN_POINT ( 'NONE',  ( 2564.425932812137900, 420.0944872966696800, 61.81129882888951200 ) ) ;
#2184 = ORIENTED_EDGE ( 'NONE', *, *, #2407, .F. ) ;
#2185 = CARTESIAN_POINT ( 'NONE',  ( 705.0507511810458300, -181.9976443530377400, -383.6365224336197500 ) ) ;
#2186 = CARTESIAN_POINT ( 'NONE',  ( 1559.329056816302700, -107.6590189467835900, -279.9768576450636000 ) ) ;
#2187 = CARTESIAN_POINT ( 'NONE',  ( 2386.159971798925200, -563.8450016468633500, 147.2630189794619200 ) ) ;
#2188 = CARTESIAN_POINT ( 'NONE',  ( 1898.074089068914000, 322.6776163439242300, 485.2697049046943800 ) ) ;
#2189 = CARTESIAN_POINT ( 'NONE',  ( 95.07192497943366000, 55.77619980068384100, -286.8255284008122300 ) ) ;
#2190 = CARTESIAN_POINT ( 'NONE',  ( 3036.941396263531300, -572.4172701734044000, -10.24023812872696700 ) ) ;
#2191 = CARTESIAN_POINT ( 'NONE',  ( 2448.214759445655500, 158.1302315888606800, 394.0748478219521200 ) ) ;
#2192 = CARTESIAN_POINT ( 'NONE',  ( 867.7461269232193200, -401.3591344787880600, 138.6035465161454000 ) ) ;
#2193 = CARTESIAN_POINT ( 'NONE',  ( 1396.634711211715500, 266.4042617400520500, -137.8640231874536800 ) ) ;
#2194 = CARTESIAN_POINT ( 'NONE',  ( -212.4786724770602300, 200.0000000000000000, -100.0000000000000100 ) ) ;
#2195 = CARTESIAN_POINT ( 'NONE',  ( 3070.071510555129000, -292.0758378026857300, -57.36842741738478700 ) ) ;
#2196 = CARTESIAN_POINT ( 'NONE',  ( 1009.188688717554900, -252.2505995273014600, -382.9645614344032700 ) ) ;
#2197 = CARTESIAN_POINT ( 'NONE',  ( 3013.698884241906400, -540.2338159581911400, -223.5237752745895200 ) ) ;
#2198 = CARTESIAN_POINT ( 'NONE',  ( 2153.738406257312400, 149.7860096835679300, -563.1798740167730600 ) ) ;
#2199 = CARTESIAN_POINT ( 'NONE',  ( 95.07192497943363200, 49.07631041076944500, -293.8758488725878200 ) ) ;
#2200 = EDGE_CURVE ( 'NONE', #223, #1347, #3164, .T. ) ;
#2201 = CARTESIAN_POINT ( 'NONE',  ( 2239.035064234403800, -423.4302085937501400, 31.73354648527180900 ) ) ;
#2202 = CARTESIAN_POINT ( 'NONE',  ( -218.9543979933612300, 193.8983024033412900, -95.18579601414428700 ) ) ;
#2203 = CARTESIAN_POINT ( 'NONE',  ( 1053.683529647383500, 177.2761031780801800, 385.8410636703430900 ) ) ;
#2204 = CARTESIAN_POINT ( 'NONE',  ( 1140.969756023535600, -73.19249099888990900, 290.8958159678643900 ) ) ;
#2205 = CARTESIAN_POINT ( 'NONE',  ( 555.7097669336923200, 400.3609725179736100, -583.4228074295720000 ) ) ;
#2206 = CARTESIAN_POINT ( 'NONE',  ( -227.7075218404731900, 198.8194976484072100, -99.06859049693927900 ) ) ;
#2207 = CARTESIAN_POINT ( 'NONE',  ( 3036.941397261658000, -568.5338454897652100, -107.1702293123536800 ) ) ;
#2208 = CARTESIAN_POINT ( 'NONE',  ( 1404.305826830909600, 382.7318376253488200, 252.6031615040304500 ) ) ;
#2209 = CARTESIAN_POINT ( 'NONE',  ( 95.07192497943364600, 56.92218293943840700, -287.6695704146874800 ) ) ;
#2210 = CARTESIAN_POINT ( 'NONE',  ( 1148.641821149243900, -442.7620824603704900, 119.3900773991174000 ) ) ;
#2211 = ADVANCED_FACE ( 'NONE', ( #2163 ), #890, .F. ) ;
#2212 = CARTESIAN_POINT ( 'NONE',  ( 2750.363497391439100, 20.33625789955811000, -424.1293910252187500 ) ) ;
#2213 = CARTESIAN_POINT ( 'NONE',  ( -61.94123650696380400, 135.4254898659801300, -205.8705406480883700 ) ) ;
#2214 = CARTESIAN_POINT ( 'NONE',  ( 1309.347926683977900, 171.6166385955494600, -388.3911326368934200 ) ) ;
#2215 = CARTESIAN_POINT ( 'NONE',  ( 681.8088664285991200, -98.59627392807516300, -413.0117641535836100 ) ) ;
#2216 = CARTESIAN_POINT ( 'NONE',  ( 1648.092870973759500, -155.1023287839484500, 690.3728809265805900 ) ) ;
#2217 = CARTESIAN_POINT ( 'NONE',  ( 3097.583479757406600, -0.4870618758931252200, -91.99799271287750500 ) ) ;
#2218 = CARTESIAN_POINT ( 'NONE',  ( 3070.073403988781100, -295.5245181618420800, -54.66795282860881100 ) ) ;
#2219 = CARTESIAN_POINT ( 'NONE',  ( 428.1340177622398100, -457.1349738678777600, 36.32997553909553500 ) ) ;
#2220 = CARTESIAN_POINT ( 'NONE',  ( 95.07192497943361800, 45.98724821414786100, -294.0825109829851800 ) ) ;
#2221 = CARTESIAN_POINT ( 'NONE',  ( 242.1963968773295100, 10.40568774777756600, -460.6776938504572200 ) ) ;
#2222 = CARTESIAN_POINT ( 'NONE',  ( 1245.303584046295300, -237.3967298956051500, -495.9981107312678400 ) ) ;
#2223 = CARTESIAN_POINT ( 'NONE',  ( -95.07192497943368900, 310.2329677664033600, -608.1955153450586500 ) ) ;
#2224 = CARTESIAN_POINT ( 'NONE',  ( 2837.650168938717800, 198.9368797054844700, -224.5035391490418100 ) ) ;
#2225 = CARTESIAN_POINT ( 'NONE',  ( 764.8893970318583800, -677.0918266909777700, -205.4694425153421100 ) ) ;
#2226 =( NAMED_UNIT ( * ) PLANE_ANGLE_UNIT ( ) SI_UNIT ( $, .RADIAN. ) );
#2227 = CARTESIAN_POINT ( 'NONE',  ( 1148.641821149243900, -442.7620824603704900, 119.3900773991174000 ) ) ;
#2228 = CARTESIAN_POINT ( 'NONE',  ( 2665.066191923820500, 540.6090390284935000, 217.5993610695425100 ) ) ;
#2229 = EDGE_CURVE ( 'NONE', #1686, #223, #2177, .T. ) ;
#2230 = CARTESIAN_POINT ( 'NONE',  ( 1100.168243801621400, 318.4263695353304800, 280.8996032994163000 ) ) ;
#2231 =( BOUNDED_SURFACE ( )  B_SPLINE_SURFACE ( 3, 3, ( 
 ( #583, #841, #2633, #1091, #2818, #2001, #221, #54, #2874, #2595, #2097 ),
 ( #1289, #2850, #3090, #1339, #3080, #1831, #2862, #1326, #1557, #2607, #557 ),
 ( #2355, #311, #1843, #825, #299, #534, #3115, #812, #2620, #1053, #1314 ),
 ( #3127, #1818, #1806, #1604, #569, #2330, #1065, #1076, #18, #1594, #580 ),
 ( #274, #2065, #67, #546, #3102, #1856, #323, #2087, #42, #800, #2113 ),
 ( #2369, #2318, #1581, #1569, #839, #1032, #1301, #788, #2584, #2343, #2826 ),
 ( #1043, #2838, #30, #286, #2075, #1649, #78, #2664, #2631, #1125, #2380 ) ),
 .UNSPECIFIED., .T., .F., .T. ) 
 B_SPLINE_SURFACE_WITH_KNOTS ( ( 4, 3, 4 ),
 ( 4, 1, 1, 1, 1, 1, 1, 1, 4 ),
 ( 0.0000000000000000000, 0.5000000000000000000, 1.000000000000000000 ),
 ( 0.0000000000000000000, 0.1309596317701286200, 0.2703843856125739400, 0.4155301728200250800, 0.5628700821170533600, 0.6778522134162822100, 0.7899982289276533700, 0.8977704429180358700, 1.000000000000000000 ),
 .UNSPECIFIED. ) 
 GEOMETRIC_REPRESENTATION_ITEM ( )  RATIONAL_B_SPLINE_SURFACE ( (
 ( 1.000000000000000000, 1.000000000000000000, 1.000000000000000200, 0.9999999999999996700, 1.000000000000000200, 1.000000000000000000, 1.000000000000000000, 1.000000000000000200, 1.000000000000000000, 1.000000000000000000, 1.000000000000000000),
 ( 0.3333333333333333700, 0.3333333333333333700, 0.3333333333333334300, 0.3333333333333332600, 0.3333333333333333700, 0.3333333333333334300, 0.3333333333333333700, 0.3333333333333334800, 0.3333333333333333100, 0.3333333333333333700, 0.3333333333333333700),
 ( 0.3333333333333333700, 0.3333333333333333700, 0.3333333333333334300, 0.3333333333333332600, 0.3333333333333333700, 0.3333333333333334300, 0.3333333333333333700, 0.3333333333333334800, 0.3333333333333333100, 0.3333333333333333700, 0.3333333333333333700),
 ( 1.000000000000000000, 1.000000000000000000, 1.000000000000000200, 0.9999999999999996700, 1.000000000000000200, 1.000000000000000000, 1.000000000000000000, 1.000000000000000200, 1.000000000000000000, 1.000000000000000000, 1.000000000000000000),
 ( 0.3333333333333333700, 0.3333333333333333700, 0.3333333333333334300, 0.3333333333333332600, 0.3333333333333333700, 0.3333333333333334300, 0.3333333333333333700, 0.3333333333333334800, 0.3333333333333333100, 0.3333333333333333700, 0.3333333333333333700),
 ( 0.3333333333333333700, 0.3333333333333333700, 0.3333333333333334300, 0.3333333333333332600, 0.3333333333333333700, 0.3333333333333334300, 0.3333333333333333700, 0.3333333333333334800, 0.3333333333333333100, 0.3333333333333333700, 0.3333333333333333700),
 ( 1.000000000000000000, 1.000000000000000000, 1.000000000000000200, 0.9999999999999996700, 1.000000000000000200, 1.000000000000000000, 1.000000000000000000, 1.000000000000000200, 1.000000000000000000, 1.000000000000000000, 1.000000000000000000) ) ) 
 REPRESENTATION_ITEM ( '' )  SURFACE ( )  );
#2232 = CARTESIAN_POINT ( 'NONE',  ( 548.0379202141521100, -249.4975066859753400, -490.0226367760317300 ) ) ;
#2233 = CARTESIAN_POINT ( 'NONE',  ( 61.94123650696374700, 195.3574994287726300, -535.8452447604166800 ) ) ;
#2234 = CARTESIAN_POINT ( 'NONE',  ( 2791.165602905574800, 272.8480996783949300, -124.6256213851912000 ) ) ;
#2235 = CARTESIAN_POINT ( 'NONE',  ( 1950.240623403478400, 428.5062650410549200, -563.0747848263386000 ) ) ;
#2236 = CARTESIAN_POINT ( 'NONE',  ( -182.5680654982462000, 1.178588654849433800, -100.9298996074385900 ) ) ;
#2237 = CARTESIAN_POINT ( 'NONE',  ( 3036.941397261658000, -568.5338454897654400, -107.1702293123527200 ) ) ;
#2238 = CARTESIAN_POINT ( 'NONE',  ( 1288.094953688802900, -25.52213297516372500, 457.8655974256256500 ) ) ;
#2239 = CARTESIAN_POINT ( 'NONE',  ( 846.4933574859293200, 352.8274239113642900, -292.9248330965012900 ) ) ;
#2240 = PRODUCT_DEFINITION ( 'UNKNOWN', '', #2419, #1449 ) ;
#2241 = CARTESIAN_POINT ( 'NONE',  ( 356.4179857565110900, 186.6917869077182700, 381.3741909471209500 ) ) ;
#2242 = CARTESIAN_POINT ( 'NONE',  ( 1913.644669105993200, 406.1886734279198100, -123.7368040717043800 ) ) ;
#2243 = ADVANCED_FACE ( 'NONE', ( #3076 ), #616, .F. ) ;
#2244 = CARTESIAN_POINT ( 'NONE',  ( 2913.058602738478800, -357.4093514646051500, 53.64274982952104400 ) ) ;
#2245 = CARTESIAN_POINT ( 'NONE',  ( 1129.092532416243800, 308.9903436265274800, -454.8579633378871600 ) ) ;
#2246 = CARTESIAN_POINT ( 'NONE',  ( -218.9543979933613100, 254.8115643104815100, -155.7621765397468000 ) ) ;
#2247 = CARTESIAN_POINT ( 'NONE',  ( 7.785225226942174900, -191.1687577761928200, -379.1273102632059700 ) ) ;
#2248 = CARTESIAN_POINT ( 'NONE',  ( 788.1308774356832600, -704.9654990488303400, -60.78196575862015300 ) ) ;
#2249 = CARTESIAN_POINT ( 'NONE',  ( -61.94123650696368300, 66.47794375361687000, -416.2737795422889300 ) ) ;
#2250 = CARTESIAN_POINT ( 'NONE',  ( 1915.634050721190800, -297.5542049680953500, 348.9325536538033200 ) ) ;
#2251 = CARTESIAN_POINT ( 'NONE',  ( 311.9230304773708400, -261.6066756161502600, -376.6165538392394900 ) ) ;
#2252 = CARTESIAN_POINT ( 'NONE',  ( 1518.527605486947100, -422.0848634600073400, -46.30675814131414800 ) ) ;
#2253 = CARTESIAN_POINT ( 'NONE',  ( 681.8088664285991200, -98.59627392807516300, -413.0117641535836100 ) ) ;
#2254 = CARTESIAN_POINT ( 'NONE',  ( 2913.058602738325600, -417.2815690970536500, -55.73606033701793200 ) ) ;
#2255 = CARTESIAN_POINT ( 'NONE',  ( 1291.787714004005200, -418.0283841760639800, -357.2430512862705400 ) ) ;
#2256 = CARTESIAN_POINT ( 'NONE',  ( -61.94123650696379700, 108.7436509782913000, -403.8920581914685500 ) ) ;
#2257 = ORIENTED_EDGE ( 'NONE', *, *, #456, .F. ) ;
#2258 = CARTESIAN_POINT ( 'NONE',  ( 2913.058602738332000, -395.7210352374130500, 18.31083667629141600 ) ) ;
#2259 = CARTESIAN_POINT ( 'NONE',  ( 449.3867119737771000, 407.9542018470962700, 117.7857756406480000 ) ) ;
#2260 = CARTESIAN_POINT ( 'NONE',  ( 1129.092532416243800, 308.9903436265274800, -454.8579633378871600 ) ) ;
#2261 = CARTESIAN_POINT ( 'NONE',  ( 215.8229561111861900, 79.75087266667219400, -120.7218146916127800 ) ) ;
#2262 = DIRECTION ( 'NONE',  ( -1.000000000000000000, -0.0000000000000000000, -0.0000000000000000000 ) ) ;
#2263 = CARTESIAN_POINT ( 'NONE',  ( 3124.227800036517200, -301.5761030582143000, -345.4485228012615000 ) ) ;
#2264 = CARTESIAN_POINT ( 'NONE',  ( 2403.720014621806100, -233.1558284820558500, -394.8808731534325000 ) ) ;
#2265 = ORIENTED_EDGE ( 'NONE', *, *, #2058, .F. ) ;
#2266 = CARTESIAN_POINT ( 'NONE',  ( 983.9569729454711900, -82.35016715827936200, 416.5556263892082700 ) ) ;
#2267 = CARTESIAN_POINT ( 'NONE',  ( 1797.433837274166500, 311.4368312437213700, 288.6296227836526200 ) ) ;
#2268 = CARTESIAN_POINT ( 'NONE',  ( 2879.928489445221200, -671.8785960022497600, 98.13930248884256000 ) ) ;
#2269 = CARTESIAN_POINT ( 'NONE',  ( 1710.147108575766400, 547.4772148505177300, 51.37230825837220700 ) ) ;
#2270 = CARTESIAN_POINT ( 'NONE',  ( 356.4179857565110900, 186.6917869077182700, 381.3741909471209500 ) ) ;
#2271 = CARTESIAN_POINT ( 'NONE',  ( 2262.277515485243400, -407.6764938524876200, 118.7429547032109800 ) ) ;
#2272 = CARTESIAN_POINT ( 'NONE',  ( 2105.264340376563700, -523.4342217909509100, 168.4848448031590600 ) ) ;
#2273 = CARTESIAN_POINT ( 'NONE',  ( -97.89500828681958900, 17.85025309766476900, 85.91625391955108200 ) ) ;
#2274 = CARTESIAN_POINT ( 'NONE',  ( 2989.802698674693100, 128.2152286665289600, 158.6765763171880500 ) ) ;
#2275 = CARTESIAN_POINT ( 'NONE',  ( 3031.259108465531400, 53.55026269600792700, -455.4389187822293900 ) ) ;
#2276 = CARTESIAN_POINT ( 'NONE',  ( 2543.173146907605800, -448.0872737084000600, 97.52112887951393800 ) ) ;
#2277 = CARTESIAN_POINT ( 'NONE',  ( 798.0195576103511700, -406.4780621743745400, -122.7830880845829000 ) ) ;
#2278 =( BOUNDED_SURFACE ( )  B_SPLINE_SURFACE ( 3, 3, ( 
 ( #103, #2653, #859, #592, #1402, #2918, #2169, #2907, #2379, #2642, #2392, #358, #1377, #1365, #2149 ),
 ( #2404, #1390, #2938, #2199, #908, #144, #2947, #2703, #2957, #2189, #397, #1670, #1933, #658, #1421 ),
 ( #918, #1445, #1167, #2441, #1691, #1432, #1413, #650, #408, #900, #2693, #154, #1154, #3195, #1942 ),
 ( #3204, #1924, #1678, #3215, #390, #2450, #135, #2181, #670, #2459, #2714, #1178, #2968, #556, #273 ),
 ( #2064, #1075, #2861, #310, #824, #3089, #66, #2074, #579, #1568, #2354, #1088, #322, #799, #1313 ),
 ( #2606, #2317, #1052, #1817, #1042, #811, #1064, #1855, #2630, #1842, #545, #787, #2086, #3126, #2112 ),
 ( #29, #1603, #2368, #2873, #533, #285, #2096, #2329, #3079, #2594, #838, #2885, #1338, #1325, #2849 ) ),
 .UNSPECIFIED., .T., .F., .T. ) 
 B_SPLINE_SURFACE_WITH_KNOTS ( ( 4, 3, 4 ),
 ( 4, 1, 1, 1, 1, 1, 1, 1, 1, 1, 1, 1, 4 ),
 ( 0.0000000000000000000, 0.5000000000000000000, 1.000000000000000000 ),
 ( 0.0000000000000000000, 0.06872001483710214700, 0.1441621501476888800, 0.2260670143695056000, 0.3135939262562698100, 0.4053086433777585200, 0.4993180314041685300, 0.5933736809744103400, 0.6852230481327128400, 0.7729622596479137600, 0.8551453571842779800, 0.9309162955894704200, 1.000000000000000000 ),
 .UNSPECIFIED. ) 
 GEOMETRIC_REPRESENTATION_ITEM ( )  RATIONAL_B_SPLINE_SURFACE ( (
 ( 1.000000000000000000, 1.000000000000000000, 1.000000000000000000, 0.9999999999999997800, 1.000000000000000200, 1.000000000000000000, 1.000000000000000000, 1.000000000000000000, 1.000000000000000200, 1.000000000000000000, 1.000000000000000200, 0.9999999999999997800, 1.000000000000000200, 1.000000000000000000, 1.000000000000000000),
 ( 0.3333333333333333700, 0.3333333333333333700, 0.3333333333333334300, 0.3333333333333332000, 0.3333333333333335400, 0.3333333333333334300, 0.3333333333333333700, 0.3333333333333333700, 0.3333333333333333700, 0.3333333333333333700, 0.3333333333333333700, 0.3333333333333332600, 0.3333333333333334800, 0.3333333333333333700, 0.3333333333333333700),
 ( 0.3333333333333333700, 0.3333333333333333700, 0.3333333333333334300, 0.3333333333333332000, 0.3333333333333335400, 0.3333333333333334300, 0.3333333333333333700, 0.3333333333333333700, 0.3333333333333333700, 0.3333333333333333700, 0.3333333333333333700, 0.3333333333333332600, 0.3333333333333334800, 0.3333333333333333700, 0.3333333333333333700),
 ( 1.000000000000000000, 1.000000000000000000, 1.000000000000000000, 0.9999999999999997800, 1.000000000000000200, 1.000000000000000000, 1.000000000000000000, 1.000000000000000000, 1.000000000000000200, 1.000000000000000000, 1.000000000000000200, 0.9999999999999997800, 1.000000000000000200, 1.000000000000000000, 1.000000000000000000),
 ( 0.3333333333333333700, 0.3333333333333333700, 0.3333333333333334300, 0.3333333333333332000, 0.3333333333333335400, 0.3333333333333334300, 0.3333333333333333700, 0.3333333333333333700, 0.3333333333333333700, 0.3333333333333333700, 0.3333333333333333700, 0.3333333333333332600, 0.3333333333333334800, 0.3333333333333333700, 0.3333333333333333700),
 ( 0.3333333333333333700, 0.3333333333333333700, 0.3333333333333334300, 0.3333333333333332000, 0.3333333333333335400, 0.3333333333333334300, 0.3333333333333333700, 0.3333333333333333700, 0.3333333333333333700, 0.3333333333333333700, 0.3333333333333333700, 0.3333333333333332600, 0.3333333333333334800, 0.3333333333333333700, 0.3333333333333333700),
 ( 1.000000000000000000, 1.000000000000000000, 1.000000000000000000, 0.9999999999999997800, 1.000000000000000200, 1.000000000000000000, 1.000000000000000000, 1.000000000000000000, 1.000000000000000200, 1.000000000000000000, 1.000000000000000200, 0.9999999999999997800, 1.000000000000000200, 1.000000000000000000, 1.000000000000000000) ) ) 
 REPRESENTATION_ITEM ( '' )  SURFACE ( )  );
#2279 = CARTESIAN_POINT ( 'NONE',  ( 2058.779946785939000, -546.8056767604056200, -58.08680099959261900 ) ) ;
#2280 = CARTESIAN_POINT ( 'NONE',  ( 1076.925835126850000, 253.3444557373080700, 340.7589659639286900 ) ) ;
#2281 = CARTESIAN_POINT ( 'NONE',  ( 1524.209840285968300, -104.7868735959308300, 539.8065039330168700 ) ) ;
#2282 = CARTESIAN_POINT ( 'NONE',  ( 240.2070055445152000, -235.4905126099820300, 353.3331965359094500 ) ) ;
#2283 = CARTESIAN_POINT ( 'NONE',  ( 3090.417687956870900, -40.43782390317363000, 117.3001348449571300 ) ) ;
#2284 = CARTESIAN_POINT ( 'NONE',  ( 2473.446580783493100, -420.2832069181250200, -183.4518627433720600 ) ) ;
#2285 = CARTESIAN_POINT ( 'NONE',  ( 1474.032386738106700, 458.1621514105892700, -19.47943490787018600 ) ) ;
#2286 = CARTESIAN_POINT ( 'NONE',  ( 890.9885569975175500, -363.9499450121271600, 218.7244327674069700 ) ) ;
#2287 = CARTESIAN_POINT ( 'NONE',  ( 2407.412793980285600, 546.0518261763409100, 64.79253689893039300 ) ) ;
#2288 = CARTESIAN_POINT ( 'NONE',  ( 2601.021890062015700, 628.1107649615863700, -325.8036292383871500 ) ) ;
#2289 = CARTESIAN_POINT ( 'NONE',  ( 2913.058602738244200, -378.6984817956280800, 37.80443157823967900 ) ) ;
#2290 = CARTESIAN_POINT ( 'NONE',  ( 2029.855372570679700, 97.62666697265525800, -413.2422961824517500 ) ) ;
#2291 = CARTESIAN_POINT ( 'NONE',  ( 1896.084666857853600, -2.537398138237698700, -549.8764805525759100 ) ) ;
#2292 = CARTESIAN_POINT ( 'NONE',  ( 635.3241970297115100, 77.23214120077291500, -417.5348075209003600 ) ) ;
#2293 = CARTESIAN_POINT ( 'NONE',  ( -912.4786724770601700, 0.0000000000000000000, 0.0000000000000000000 ) ) ;
#2294 = CARTESIAN_POINT ( 'NONE',  ( 1706.454351682115400, -242.7763304549649800, -389.0398901471927500 ) ) ;
#2295 = CARTESIAN_POINT ( 'NONE',  ( 2171.297999753065100, 458.5021523153590700, -8.229672728815753400 ) ) ;
#2296 = CARTESIAN_POINT ( 'NONE',  ( 2889.816753119018800, -398.6321166331462100, -150.3016251804800700 ) ) ;
#2297 = CARTESIAN_POINT ( 'NONE',  ( 393.0144571236197600, 623.9968184676755500, 333.6155360698624000 ) ) ;
#2298 = CARTESIAN_POINT ( 'NONE',  ( 2089.693709742594800, -400.2407317949963500, -583.5050762124585600 ) ) ;
#2299 = CARTESIAN_POINT ( 'NONE',  ( 2913.058602738323300, -223.9190532165985700, 46.14064577414685400 ) ) ;
#2300 = CARTESIAN_POINT ( 'NONE',  ( 1820.675684611383800, 364.4625420738277600, 217.8697246621627800 ) ) ;
#2301 = CARTESIAN_POINT ( 'NONE',  ( 1500.967409790975400, -214.3149041061738600, 506.3985458202253700 ) ) ;
#2302 = STYLED_ITEM ( 'NONE', ( #112 ), #1332 ) ;
#2303 = CARTESIAN_POINT ( 'NONE',  ( 2907.429873291389000, 125.2910033531744200, -24.11374302193588200 ) ) ;
#2304 = CARTESIAN_POINT ( 'NONE',  ( 1373.391973404312200, 289.1812294915211500, -79.69865159972484000 ) ) ;
#2305 = CARTESIAN_POINT ( 'NONE',  ( 1520.516951118178900, 410.9631212681990700, -203.4751055104065400 ) ) ;
#2306 = CARTESIAN_POINT ( 'NONE',  ( 1890.402246843528900, 423.0089088681412500, -36.92728967445302100 ) ) ;
#2307 = CARTESIAN_POINT ( 'NONE',  ( 2174.990898296107400, -325.5229695864853700, 443.1763825516748600 ) ) ;
#2308 = CARTESIAN_POINT ( 'NONE',  ( 2554.538132389342500, 706.2541523557924800, -43.31737227295639100 ) ) ;
#2309 = CARTESIAN_POINT ( 'NONE',  ( 937.4726962839844200, -244.0907298006166300, 347.4475639389448200 ) ) ;
#2310 = CARTESIAN_POINT ( 'NONE',  ( 300.0449837164001100, 171.8567215893301900, 686.3935044297131800 ) ) ;
#2311 = CARTESIAN_POINT ( 'NONE',  ( 3887.478672477059700, -99.99999999999359100, -7.197852950236631600E-012 ) ) ;
#2312 = CARTESIAN_POINT ( 'NONE',  ( 3193.954305078465900, -443.5323505217376700, -102.6763546792609700 ) ) ;
#2313 = COLOUR_RGB ( '',0.7921568627450980000, 0.8196078431372548800, 0.9333333333333333500 ) ;
#2314 = CARTESIAN_POINT ( 'NONE',  ( 2517.941325277202400, 359.0059867058370200, 226.7484415351504800 ) ) ;
#2315 = CARTESIAN_POINT ( 'NONE',  ( 1030.441681961543100, 93.52055891879226100, 414.1905898548604900 ) ) ;
#2316 = CARTESIAN_POINT ( 'NONE',  ( 439.4980905702100200, 705.6582925170121100, 52.12633714131148100 ) ) ;
#2317 = CARTESIAN_POINT ( 'NONE',  ( -218.9543979933612300, 192.6547849454585200, -93.68412490654337400 ) ) ;
#2318 = CARTESIAN_POINT ( 'NONE',  ( -210.6710471362766300, -199.8540293507657600, -100.1151699949444000 ) ) ;
#2319 = CARTESIAN_POINT ( 'NONE',  ( 2740.475086019093900, -112.3280538976810300, -698.6078305065616400 ) ) ;
#2320 = CARTESIAN_POINT ( 'NONE',  ( 1169.894805205858800, 422.6213295586341000, 41.12362249146292500 ) ) ;
#2321 = CARTESIAN_POINT ( 'NONE',  ( 2913.058602738325600, -417.2815690970536500, -55.73606033701793200 ) ) ;
#2322 = CARTESIAN_POINT ( 'NONE',  ( 2732.803375112112900, -523.4519959960295000, -177.7290527379122700 ) ) ;
#2323 = CARTESIAN_POINT ( 'NONE',  ( 3097.583479757406600, -0.4870618758931252200, -91.99799271287750500 ) ) ;
#2324 = CARTESIAN_POINT ( 'NONE',  ( 1024.759067443110600, -288.1814242299937000, 83.24122362324247600 ) ) ;
#2325 = CARTESIAN_POINT ( 'NONE',  ( 2146.066615849345500, -307.8714397218545900, -292.4297461168197900 ) ) ;
#2326 = ORIENTED_EDGE ( 'NONE', *, *, #2516, .T. ) ;
#2327 = CARTESIAN_POINT ( 'NONE',  ( 1727.707280054016300, 83.32761291488125700, 416.3609788150378100 ) ) ;
#2328 = CARTESIAN_POINT ( 'NONE',  ( 1043.795568689221700, 421.4471368504584900, 568.3777675102290900 ) ) ;
#2329 = CARTESIAN_POINT ( 'NONE',  ( -61.94123650696380400, 171.2462842503277300, -324.2131258998336400 ) ) ;
#2330 = CARTESIAN_POINT ( 'NONE',  ( -2.313111179756459200, 74.56194164354491200, 41.17106084561168400 ) ) ;
#2331 = CARTESIAN_POINT ( 'NONE',  ( 2019.967166503910200, 17.43801295658295900, -707.3660582562629300 ) ) ;
#2332 = CARTESIAN_POINT ( 'NONE',  ( 821.2619938850186800, -423.0941575160815700, -35.93430701073204100 ) ) ;
#2333 = FILL_AREA_STYLE ('',( #1560 ) ) ;
#2334 = CARTESIAN_POINT ( 'NONE',  ( 2663.076804988614200, -313.0811661600132000, -452.0853807716276800 ) ) ;
#2335 = CARTESIAN_POINT ( 'NONE',  ( 3176.166861843478700, 10.62775642873351800, -98.86981916180603500 ) ) ;
#2336 = ORIENTED_EDGE ( 'NONE', *, *, #1306, .T. ) ;
#2337 = CARTESIAN_POINT ( 'NONE',  ( 1210.696302886827000, 111.0867424755481200, 278.6346162959042700 ) ) ;
#2338 = CARTESIAN_POINT ( 'NONE',  ( -172.4700770576466500, -157.2285159806128800, -527.4190137925604600 ) ) ;
#2339 = CARTESIAN_POINT ( 'NONE',  ( 2308.761628918020500, -324.5826141202644000, 273.7631916285900500 ) ) ;
#2340 = CARTESIAN_POINT ( 'NONE',  ( 3036.941396263531700, -572.4172701734044000, -10.24023812872696700 ) ) ;
#2341 = CARTESIAN_POINT ( 'NONE',  ( 788.1308774356832600, -704.9654990488303400, -60.78196575862015300 ) ) ;
#2342 = CARTESIAN_POINT ( 'NONE',  ( 54.26977306852646900, -328.5361669032420200, -268.9941428122707000 ) ) ;
#2343 = CARTESIAN_POINT ( 'NONE',  ( 94.95711800053767600, 43.10887186586753500, -291.8114887520267800 ) ) ;
#2344 = CARTESIAN_POINT ( 'NONE',  ( 1502.956736312556600, -105.3848632203318700, -573.1507551643692300 ) ) ;
#2345 = CARTESIAN_POINT ( 'NONE',  ( 774.7773058541245100, -372.2347539652482700, -204.3071616281586100 ) ) ;
#2346 = CARTESIAN_POINT ( 'NONE',  ( 2820.090063403012200, -231.9281665741588100, -355.6922131221876400 ) ) ;
#2347 = CARTESIAN_POINT ( 'NONE',  ( 3187.630143651208100, -210.0175695298616700, 76.49662886159187300 ) ) ;
#2348 = CARTESIAN_POINT ( 'NONE',  ( 3147.469876031968900, -366.2216121799089000, -275.9110270486654000 ) ) ;
#2349 = CARTESIAN_POINT ( 'NONE',  ( 2913.058602738370200, -333.1712541960878900, 64.45142699005595000 ) ) ;
#2350 = CARTESIAN_POINT ( 'NONE',  ( 501.5535131067824200, -29.51566734873629400, -549.0899838837712000 ) ) ;
#2351 = CARTESIAN_POINT ( 'NONE',  ( 2262.277515485243400, -407.6764938524876200, 118.7429547032109800 ) ) ;
#2352 = CARTESIAN_POINT ( 'NONE',  ( 2756.045696917575700, -534.8230892522498200, 7.092627823166644400 ) ) ;
#2353 = CARTESIAN_POINT ( 'NONE',  ( 997.3105636867522900, 154.9599604722703800, 690.4043972823946000 ) ) ;
#2354 = CARTESIAN_POINT ( 'NONE',  ( -95.07192497943368900, 310.2329677664033600, -608.1955153450586500 ) ) ;
#2355 = CARTESIAN_POINT ( 'NONE',  ( -212.4786724770602300, 200.0000000000000000, 100.0000000000000000 ) ) ;
#2356 = CARTESIAN_POINT ( 'NONE',  ( 1712.136435649051500, -514.5612100378668900, 273.5589831360246100 ) ) ;
#2357 = CARTESIAN_POINT ( 'NONE',  ( 1774.191530234182900, 244.9055459517400700, 346.8736332688148400 ) ) ;
#2358 = CARTESIAN_POINT ( 'NONE',  ( 2680.636928791563200, 264.9369102135892100, -331.8259156840658800 ) ) ;
#2359 = CARTESIAN_POINT ( 'NONE',  ( 1131.081989805978300, -8.455858692752388000, 582.6971448584331500 ) ) ;
#2360 = CARTESIAN_POINT ( 'NONE',  ( 3194.033080537748400, -209.6883208395913400, 76.29306819185782700 ) ) ;
#2361 = CARTESIAN_POINT ( 'NONE',  ( 1559.329056816302700, -107.6590189467835900, -279.9768576450636000 ) ) ;
#2362 = ORIENTED_EDGE ( 'NONE', *, *, #2578, .F. ) ;
#2363 = CARTESIAN_POINT ( 'NONE',  ( 524.7955203215131000, -142.5979745998137400, -531.0707136764743800 ) ) ;
#2364 = CARTESIAN_POINT ( 'NONE',  ( 676.1261645090561400, 287.1382176964576200, -86.77126397693453400 ) ) ;
#2365 = CARTESIAN_POINT ( 'NONE',  ( 2703.879034067257600, 190.4675125357092000, -379.5024259260121100 ) ) ;
#2366 = CARTESIAN_POINT ( 'NONE',  ( 3037.069727925372300, -175.4476926217370500, 201.3705066972556200 ) ) ;
#2367 = CARTESIAN_POINT ( 'NONE',  ( 904.3424830686830100, -407.4904016804294400, 578.4657090017909700 ) ) ;
#2368 = CARTESIAN_POINT ( 'NONE',  ( -61.94123650696380400, 135.4254898659801300, -205.8705406480883700 ) ) ;
#2369 = CARTESIAN_POINT ( 'NONE',  ( -212.4786724770602300, -200.0000000000000000, -100.0000000000000100 ) ) ;
#2370 = CARTESIAN_POINT ( 'NONE',  ( 1735.379027789479300, -446.7463668881953800, 374.1993083987590600 ) ) ;
#2371 = CARTESIAN_POINT ( 'NONE',  ( 2763.717780005519200, -254.6059141374279900, -660.1931201443644600 ) ) ;
#2372 = CARTESIAN_POINT ( 'NONE',  ( 898.6602136775934500, -502.8294584525314700, -294.5675607843201100 ) ) ;
#2373 = CARTESIAN_POINT ( 'NONE',  ( 2047.414964501746700, 299.7707594500372500, -10.72375435425507500 ) ) ;
#2374 = CARTESIAN_POINT ( 'NONE',  ( 641.0066286672026800, -530.6349000376753800, -144.2135452087262600 ) ) ;
#2375 = CARTESIAN_POINT ( 'NONE',  ( 2984.774684275259500, 233.5192390820154200, -394.6659449891475900 ) ) ;
#2376 = CARTESIAN_POINT ( 'NONE',  ( 2866.574125531307300, -355.5833450892332600, -231.6864341944795700 ) ) ;
#2377 = CARTESIAN_POINT ( 'NONE',  ( 2879.928489444732300, -432.5045923174381500, 329.6019120354541800 ) ) ;
#2378 = CARTESIAN_POINT ( 'NONE',  ( 1531.881366826956500, -674.5632741925030600, 213.6241525331833200 ) ) ;
#2379 = CARTESIAN_POINT ( 'NONE',  ( -61.94123650696377600, 161.7377721547260300, -350.1904221682440800 ) ) ;
#2380 = CARTESIAN_POINT ( 'NONE',  ( -61.94123650696379000, 119.9427753087445900, -194.6341534985647900 ) ) ;
#2381 = CARTESIAN_POINT ( 'NONE',  ( 921.9023259750072200, -552.9349888276769900, -184.0389853911987400 ) ) ;
#2382 = CARTESIAN_POINT ( 'NONE',  ( 2680.636928791563200, 264.9369102135892100, -331.8259156840658800 ) ) ;
#2383 = CARTESIAN_POINT ( 'NONE',  ( 294.3633310528659900, -551.4836570130934200, 188.3433350964153300 ) ) ;
#2384 = APPLICATION_PROTOCOL_DEFINITION ( 'draft international standard', 'automotive_design', 1998, #1139 ) ;
#2385 = CARTESIAN_POINT ( 'NONE',  ( 1107.839924744070500, -128.9555056105215600, 568.3115052110408700 ) ) ;
#2386 = CARTESIAN_POINT ( 'NONE',  ( 2233.353311866839200, -40.05595218552311800, -297.2763012922104600 ) ) ;
#2387 = CARTESIAN_POINT ( 'NONE',  ( 118.3133035369658500, -0.5378274017812801900, -302.0220659653275600 ) ) ;
#2388 = CARTESIAN_POINT ( 'NONE',  ( 2792.180206374850500, -5.919305196970629600, 57.00809306707048300 ) ) ;
#2389 = LINE ( 'NONE', #2732, #1022 ) ;
#2390 = CARTESIAN_POINT ( 'NONE',  ( 3193.954305078464600, -205.6918086363967300, 73.82219214975417300 ) ) ;
#2391 = CARTESIAN_POINT ( 'NONE',  ( 2229.146796690246000, -679.6027295853266400, 197.0049090794099400 ) ) ;
#2392 = CARTESIAN_POINT ( 'NONE',  ( -61.94123650696379000, 128.4326349918438800, -391.1242823877532800 ) ) ;
#2393 = CARTESIAN_POINT ( 'NONE',  ( -119.5421438976939500, 23.92177212726273400, -118.8741393520527700 ) ) ;
#2394 = CARTESIAN_POINT ( 'NONE',  ( 2223.464967610883400, -208.5144110645711900, -544.1775054021407000 ) ) ;
#2395 = CARTESIAN_POINT ( 'NONE',  ( 2773.605583667111700, -67.94275007601241600, -419.1488574054469600 ) ) ;
#2396 = CARTESIAN_POINT ( 'NONE',  ( 596.5114254808418100, 579.8232006706447200, 58.41893834112946800 ) ) ;
#2397 = CARTESIAN_POINT ( 'NONE',  ( 1084.597351757886800, -243.8638517159889700, 529.2808039725416600 ) ) ;
#2398 = CARTESIAN_POINT ( 'NONE',  ( 2744.680643145241000, 299.9436974212506500, -3.363836811410453500 ) ) ;
#2399 = CARTESIAN_POINT ( 'NONE',  ( 95.07192497943374600, 61.98415244450458100, -291.2725963511994100 ) ) ;
#2400 = CARTESIAN_POINT ( 'NONE',  ( 3078.265319056941700, -246.4674610103902200, -85.56617580555413800 ) ) ;
#2401 = CARTESIAN_POINT ( 'NONE',  ( 2913.058602738476600, -238.5599280058694900, 56.16150394498585300 ) ) ;
#2402 = CARTESIAN_POINT ( 'NONE',  ( 2913.058602738467900, -417.4156117387359500, -48.75924005057553500 ) ) ;
#2403 = CARTESIAN_POINT ( 'NONE',  ( 2205.905362703994300, -705.6694435014851500, 51.98099302481029600 ) ) ;
#2404 = CARTESIAN_POINT ( 'NONE',  ( 95.07192497943361800, 45.98724821414786100, -294.0825109829851800 ) ) ;
#2405 = CARTESIAN_POINT ( 'NONE',  ( -62.85045338383052600, 111.0622595601743300, -187.6274781207990800 ) ) ;
#2406 = CARTESIAN_POINT ( 'NONE',  ( 2734.792747174800300, 565.6097358203512600, -140.3326394958737400 ) ) ;
#2407 = EDGE_CURVE ( 'NONE', #826, #1269, #2872, .T. ) ;
#2408 = CARTESIAN_POINT ( 'NONE',  ( 317.6051919774894300, -500.5184489715281900, 298.4777502169373000 ) ) ;
#2409 = CARTESIAN_POINT ( 'NONE',  ( 1224.050477905885600, 426.0714072374696000, 397.5813233591497400 ) ) ;
#2410 = CARTESIAN_POINT ( 'NONE',  ( 3062.324302846546300, -287.5839678650344200, -80.02433998140685400 ) ) ;
#2411 = CARTESIAN_POINT ( 'NONE',  ( 2798.837071188560000, 369.8761170527178600, 271.0786730520723000 ) ) ;
#2412 = CARTESIAN_POINT ( 'NONE',  ( 2914.552265943959800, -211.6127533775217000, 38.53217621532276400 ) ) ;
#2413 = CARTESIAN_POINT ( 'NONE',  ( 2293.191528487865500, -487.7700191101325200, -318.8852827847960600 ) ) ;
#2414 = CARTESIAN_POINT ( 'NONE',  ( 2525.613081696607400, -37.03751837823941900, 581.5804508844024700 ) ) ;
#2415 = CARTESIAN_POINT ( 'NONE',  ( 2966.837838460251100, -79.50425484933441600, -43.14497310310682800 ) ) ;
#2416 = CARTESIAN_POINT ( 'NONE',  ( -212.4786724770602000, 1.224646799147353200E-014, -100.0000000000000000 ) ) ;
#2417 = CIRCLE ( 'NONE', #2024, 100.0000000000000000 ) ;
#2418 = CARTESIAN_POINT ( 'NONE',  ( 2967.214734188788000, -401.0574903525524100, -422.9100520374715300 ) ) ;
#2419 = PRODUCT_DEFINITION_FORMATION_WITH_SPECIFIED_SOURCE ( 'ANY', '', #230, .NOT_KNOWN. ) ;
#2420 = CARTESIAN_POINT ( 'NONE',  ( 2531.295294622683700, 699.9119356503572400, 103.8960895805853000 ) ) ;
#2421 = CARTESIAN_POINT ( 'NONE',  ( 1642.409868665216200, -577.2801025411929500, -79.72101543619439200 ) ) ;
#2422 = CARTESIAN_POINT ( 'NONE',  ( 1216.378974091563800, 403.0297565761927100, -133.6678469861857100 ) ) ;
#2423 = CARTESIAN_POINT ( 'NONE',  ( 1210.696302886827000, 111.0867424755481200, 278.6346162959042700 ) ) ;
#2424 = B_SPLINE_CURVE_WITH_KNOTS ( 'NONE', 3,
 ( #1354, #593, #2654, #126, #335, #1089, #2170, #2430, #617, #2137, #628 ),
 .UNSPECIFIED., .F., .F.,
 ( 4, 1, 1, 1, 1, 1, 1, 1, 4 ),
 ( 0.0000000000000000000, 0.1309596317701286200, 0.2703843856125739400, 0.4155301728200250800, 0.5628700821170533600, 0.6778522134162822100, 0.7899982289276533700, 0.8977704429180358700, 1.000000000000000000 ),
 .UNSPECIFIED. ) ;
#2425 = ORIENTED_EDGE ( 'NONE', *, *, #997, .F. ) ;
#2426 = CARTESIAN_POINT ( 'NONE',  ( 3193.954305078464600, -205.6918086363967300, 73.82219214975417300 ) ) ;
#2427 = CARTESIAN_POINT ( 'NONE',  ( 2804.519302526243800, 376.1959517908574100, -445.0665731577269600 ) ) ;
#2428 = CARTESIAN_POINT ( 'NONE',  ( 1921.316139903172600, 416.1859946219793200, 407.9178447688838700 ) ) ;
#2429 = CARTESIAN_POINT ( 'NONE',  ( 3187.478672477060200, 11.40110497998127800, -99.34794816822855500 ) ) ;
#2430 = CARTESIAN_POINT ( 'NONE',  ( 47.53827636071530100, 143.6073562754665400, -13.30537051784361300 ) ) ;
#2431 = CARTESIAN_POINT ( 'NONE',  ( 2409.402136504958900, -521.1196201869274800, 260.8487283501772300 ) ) ;
#2432 = CARTESIAN_POINT ( 'NONE',  ( 431.8269552758594000, 297.7345565384950400, -462.3041633073173700 ) ) ;
#2433 = FACE_OUTER_BOUND ( 'NONE', #3314, .T. ) ;
#2434 = CARTESIAN_POINT ( 'NONE',  ( 1619.167871147108100, -548.2519128031343600, -197.5533956258165900 ) ) ;
#2435 = CARTESIAN_POINT ( 'NONE',  ( 193.7229080096929300, -358.4725871293073900, 227.5903298629680500 ) ) ;
#2436 = ADVANCED_FACE ( 'NONE', ( #1884 ), #2278, .F. ) ;
#2437 = CARTESIAN_POINT ( 'NONE',  ( 1722.024880506905200, -290.1374830982376800, 76.14407892314737600 ) ) ;
#2438 = CARTESIAN_POINT ( 'NONE',  ( 2913.058602738323300, -223.9190532165985400, 46.14064577414684000 ) ) ;
#2439 = CARTESIAN_POINT ( 'NONE',  ( 2362.918088892880000, -582.1190373266092600, 27.29175537969041400 ) ) ;
#2440 = CARTESIAN_POINT ( 'NONE',  ( 2339.675563794160100, -575.1497761524260600, -93.86404502022017500 ) ) ;
#2441 = CARTESIAN_POINT ( 'NONE',  ( 218.9543979933612300, 177.8207636860510400, -203.2499855452478500 ) ) ;
#2442 = CARTESIAN_POINT ( 'NONE',  ( 61.94123650696373300, 307.7213332981186200, -180.3963784427493800 ) ) ;
#2443 = CARTESIAN_POINT ( 'NONE',  ( 2332.004084576911300, -260.8449718800333700, 335.0520991329650500 ) ) ;
#2444 = CARTESIAN_POINT ( 'NONE',  ( 751.5354303600802300, -321.8494659751147500, -276.9708697004175000 ) ) ;
#2445 = CARTESIAN_POINT ( 'NONE',  ( 1861.478043246002500, -18.70983373605167400, 299.3787394844368400 ) ) ;
#2446 = CARTESIAN_POINT ( 'NONE',  ( -211.6031393552245000, 199.7668229251813700, -99.81602464146851600 ) ) ;
#2447 = ORIENTED_EDGE ( 'NONE', *, *, #1693, .T. ) ;
#2448 = CARTESIAN_POINT ( 'NONE',  ( 2851.003999033269300, 163.5623078978643700, -559.3343674969760300 ) ) ;
#2449 = CARTESIAN_POINT ( 'NONE',  ( 1991.042709108003900, 576.2583337924389800, 86.79907786807672200 ) ) ;
#2450 = CARTESIAN_POINT ( 'NONE',  ( 61.94123650696376200, 325.9069629891425800, -234.3499819006185600 ) ) ;
#2451 = CARTESIAN_POINT ( 'NONE',  ( 2517.941325277202400, 359.0059867058370200, 226.7484415351504800 ) ) ;
#2452 = CARTESIAN_POINT ( 'NONE',  ( 263.4494746252024100, -157.2047592416771800, 394.4446971199395800 ) ) ;
#2453 = CARTESIAN_POINT ( 'NONE',  ( 1745.267484109274200, -268.0760098758070700, 134.5843951194387400 ) ) ;
#2454 = CARTESIAN_POINT ( 'NONE',  ( -185.3495513001858800, 202.1992771718953700, 98.26478307730242500 ) ) ;
#2455 = CARTESIAN_POINT ( 'NONE',  ( 3036.941464435582000, -497.8687535770162100, 142.5266229423604600 ) ) ;
#2456 = CARTESIAN_POINT ( 'NONE',  ( 1055.673031373743700, -385.8029300027049500, -247.8874538948015200 ) ) ;
#2457 = CARTESIAN_POINT ( 'NONE',  ( 3029.193905615808900, -556.0486255531132000, -148.2000357830816000 ) ) ;
#2458 = CARTESIAN_POINT ( 'NONE',  ( 2223.464967610883400, -208.5144110645711900, -544.1775054021407000 ) ) ;
#2459 = CARTESIAN_POINT ( 'NONE',  ( 61.94123650696376200, 277.1456154857600000, -462.9264347758796100 ) ) ;
#2460 = CARTESIAN_POINT ( 'NONE',  ( 61.94123650696374700, 195.3574994287726300, -535.8452447604166800 ) ) ;
#2461 = CARTESIAN_POINT ( 'NONE',  ( 13.46760736763797800, -509.6219108540258300, 206.5349341212784400 ) ) ;
#2462 = CARTESIAN_POINT ( 'NONE',  ( -218.9543979933611700, 299.6503393279240900, -305.8951070763647500 ) ) ;
#2463 = CARTESIAN_POINT ( 'NONE',  ( 1286.105543605267300, 248.3360195457722700, -344.4260374339733100 ) ) ;
#2464 = ADVANCED_FACE ( 'NONE', ( #2565 ), #3009, .T. ) ;
#2465 = CARTESIAN_POINT ( 'NONE',  ( 3062.324302846546300, -287.5839678650344200, -80.02433998140685400 ) ) ;
#2466 = CARTESIAN_POINT ( 'NONE',  ( 857.8574383114837500, -606.9503133685817600, 363.7060971462118500 ) ) ;
#2467 = CARTESIAN_POINT ( 'NONE',  ( -96.29098455297733500, 278.1664585015388400, 38.32711796742805200 ) ) ;
#2468 = ORIENTED_EDGE ( 'NONE', *, *, #1380, .F. ) ;
#2469 = CARTESIAN_POINT ( 'NONE',  ( 3036.953026392876400, -278.1180597025805800, 227.7571901379738200 ) ) ;
#2470 = CARTESIAN_POINT ( 'NONE',  ( 1474.032386738106700, 458.1621514105892700, -19.47943490787018600 ) ) ;
#2471 = CARTESIAN_POINT ( 'NONE',  ( 95.07192497943364600, 36.84025579305896500, -284.8105565063210100 ) ) ;
#2472 = CARTESIAN_POINT ( 'NONE',  ( 1171.884140543322000, -408.4352325187433600, 208.5029300868062300 ) ) ;
#2473 = CARTESIAN_POINT ( 'NONE',  ( 292.3738394956014300, 532.3647635003796900, 137.6909764739674800 ) ) ;
#2474 = CARTESIAN_POINT ( 'NONE',  ( 61.94123650696378300, 152.7444386631255500, -557.3377225703794700 ) ) ;
#2475 = CARTESIAN_POINT ( 'NONE',  ( 1681.222561440336200, -92.54819698102512900, 414.4092079586452000 ) ) ;
#2476 = CARTESIAN_POINT ( 'NONE',  ( 728.2929883516811700, -257.5069977802110700, -337.6244238629619200 ) ) ;
#2477 = CARTESIAN_POINT ( 'NONE',  ( 1717.819436705223300, 278.7151604092205700, 650.3762773110422600 ) ) ;
#2478 = CARTESIAN_POINT ( 'NONE',  ( 2935.222762715896400, -126.1933831036805900, -14.27904136924176700 ) ) ;
#2479 = CARTESIAN_POINT ( 'NONE',  ( 3070.328171883255000, -279.9958379665066000, -62.75309682290205900 ) ) ;
#2480 = CARTESIAN_POINT ( 'NONE',  ( 358.4074623246962100, -391.7728777105226600, -238.3417718285748500 ) ) ;
#2481 = CARTESIAN_POINT ( 'NONE',  ( -61.94123650696379000, 128.4326349918438800, -391.1242823877532800 ) ) ;
#2482 = CARTESIAN_POINT ( 'NONE',  ( 707.0402430291035200, 388.8159532743740100, 243.1344242575138100 ) ) ;
#2483 = ADVANCED_FACE ( 'NONE', ( #3239 ), #1058, .T. ) ;
#2484 =( BOUNDED_CURVE ( )  B_SPLINE_CURVE ( 3, ( #1196, #3233, #1427, #3223 ),
 .UNSPECIFIED., .F., .F. ) 
 B_SPLINE_CURVE_WITH_KNOTS ( ( 4, 4 ),
 ( 0.0000000000000000000, 0.4999999999999995000 ),
 .UNSPECIFIED. ) 
 CURVE ( )  GEOMETRIC_REPRESENTATION_ITEM ( )  RATIONAL_B_SPLINE_CURVE ( ( 1.000000000000000000, 0.3333333333333340400, 0.3333333333333333700, 0.9999999999999993300 ) ) 
 REPRESENTATION_ITEM ( '' )  );
#2485 = CARTESIAN_POINT ( 'NONE',  ( 1454.483276701521600, -401.1427705174434100, 376.1061364850442000 ) ) ;
#2486 = CARTESIAN_POINT ( 'NONE',  ( -61.94123650696379000, 151.9439373606254300, -224.8190127061672900 ) ) ;
#2487 = CARTESIAN_POINT ( 'NONE',  ( 216.9648834005341500, -303.5637082683479700, 296.8992418256731300 ) ) ;
#2488 = CARTESIAN_POINT ( 'NONE',  ( 1462.154824260841500, -671.8452486062610700, -222.0244636130879900 ) ) ;
#2489 = CARTESIAN_POINT ( 'NONE',  ( 7.785225226942174900, -191.1687577761928200, -379.1273102632059700 ) ) ;
#2490 = CARTESIAN_POINT ( 'NONE',  ( -61.94123650696380400, 171.2462842503277300, -324.2131258998336400 ) ) ;
#2491 = CARTESIAN_POINT ( 'NONE',  ( 1357.821519990492600, 247.5321021956319800, 386.0312930718574200 ) ) ;
#2492 = CARTESIAN_POINT ( 'NONE',  ( 226.7017949934570400, 68.05476472658847300, -445.9680011747744900 ) ) ;
#2493 = CARTESIAN_POINT ( 'NONE',  ( 1843.918099687140100, 401.6832913871735400, 137.6610799313704400 ) ) ;
#2494 = CARTESIAN_POINT ( 'NONE',  ( 780.4597441147448100, -303.3852937019777900, 458.6155971498682800 ) ) ;
#2495 = CIRCLE ( 'NONE', #1682, 99.99999999999987200 ) ;
#2496 = CARTESIAN_POINT ( 'NONE',  ( 218.9543979933612000, 147.8801673754283900, -419.9999185639864000 ) ) ;
#2497 = ADVANCED_FACE ( 'NONE', ( #2104 ), #1587, .T. ) ;
#2498 = CARTESIAN_POINT ( 'NONE',  ( 2651.712538889293700, 203.9230826435033100, 219.9841383202911500 ) ) ;
#2499 = CARTESIAN_POINT ( 'NONE',  ( 974.0690259231538400, 8.610415589658956000, 707.5286922912405300 ) ) ;
#2500 = CARTESIAN_POINT ( 'NONE',  ( -212.4786724770602300, -200.0000000000000000, 100.0000000000000400 ) ) ;
#2501 = CARTESIAN_POINT ( 'NONE',  ( -61.94123650696379000, 119.9427753087445900, -194.6341534985647900 ) ) ;
#2502 = CARTESIAN_POINT ( 'NONE',  ( 451.3761606151750200, -439.6986086561264500, 130.2199928927931900 ) ) ;
#2503 = CARTESIAN_POINT ( 'NONE',  ( 2967.214734188788000, -401.0574903525524100, -422.9100520374715300 ) ) ;
#2504 = CARTESIAN_POINT ( 'NONE',  ( 1030.441681961543100, 93.52055891879226100, 414.1905898548604900 ) ) ;
#2505 = CARTESIAN_POINT ( 'NONE',  ( 1448.801046349031100, -314.9553174178816400, -284.7860491532835600 ) ) ;
#2506 = CARTESIAN_POINT ( 'NONE',  ( 2913.058602738139100, -261.0532285704169900, 65.24429301791711600 ) ) ;
#2507 = CARTESIAN_POINT ( 'NONE',  ( 1198.819090048924200, -16.03136435387260800, -549.6487734723986000 ) ) ;
#2508 = CARTESIAN_POINT ( 'NONE',  ( -218.9543979933611400, 281.0123021669415400, -201.0509253345645100 ) ) ;
#2509 = CARTESIAN_POINT ( 'NONE',  ( 31.02730239950738100, -265.7657841759900100, -331.1837440498681000 ) ) ;
#2510 = CARTESIAN_POINT ( 'NONE',  ( 1183.248654015149700, 671.8909787548088800, -221.8861458994272200 ) ) ;
#2511 = CARTESIAN_POINT ( 'NONE',  ( 170.4804369296374500, -397.8368357175933700, 148.4115961522966200 ) ) ;
#2512 = CARTESIAN_POINT ( 'NONE',  ( -61.94123650696379000, 119.9427753087445900, -194.6341534985647900 ) ) ;
#2513 = CARTESIAN_POINT ( 'NONE',  ( 2752.352845020867300, 228.2925443896548400, 397.7123772615696000 ) ) ;
#2514 = CARTESIAN_POINT ( 'NONE',  ( 567.5871297792839400, -108.8985203464898700, 445.4585904265360900 ) ) ;
#2515 = CARTESIAN_POINT ( 'NONE',  ( 1309.347926683977900, 171.6166385955494600, -388.3911326368934200 ) ) ;
#2516 = EDGE_CURVE ( 'NONE', #669, #563, #2389, .T. ) ;
#2517 = CARTESIAN_POINT ( 'NONE',  ( 1332.589761323899200, 87.45577506792334100, -415.5137071736658600 ) ) ;
#2518 = CARTESIAN_POINT ( 'NONE',  ( 2756.045694921517200, -541.2754024904759300, -70.97182298760985500 ) ) ;
#2519 = CARTESIAN_POINT ( 'NONE',  ( 1338.272205314033000, -526.9357064489736300, -157.1925555229881900 ) ) ;
#2520 = CARTESIAN_POINT ( 'NONE',  ( -61.94123650696380400, 85.45494405054931500, -413.5030687041288500 ) ) ;
#2521 = CARTESIAN_POINT ( 'NONE',  ( -912.4786724770601700, 0.0000000000000000000, 100.0000000000000000 ) ) ;
#2522 = CARTESIAN_POINT ( 'NONE',  ( 2122.824377100373600, -240.6304480669044800, -349.8528394635234200 ) ) ;
#2523 = CARTESIAN_POINT ( 'NONE',  ( 1710.147108575766400, 547.4772148505177300, 51.37230825837220700 ) ) ;
#2524 = CARTESIAN_POINT ( 'NONE',  ( 60.63481468111160700, 201.7951203831153700, -59.21517864199257300 ) ) ;
#2525 = CARTESIAN_POINT ( 'NONE',  ( 95.07192497943361800, 45.98724821414786100, -294.0825109829851800 ) ) ;
#2526 = CARTESIAN_POINT ( 'NONE',  ( 2124.813749666337100, 422.5027062033366900, 178.2805201527243100 ) ) ;
#2527 = CARTESIAN_POINT ( 'NONE',  ( 1985.360617051264600, -36.75100135512103300, 457.1015336846743900 ) ) ;
#2528 = CARTESIAN_POINT ( 'NONE',  ( 705.0507511810458300, -181.9976443530377400, -383.6365224336197500 ) ) ;
#2529 = CARTESIAN_POINT ( 'NONE',  ( 1076.925835126850000, 253.3444557373080700, 340.7589659639286900 ) ) ;
#2530 = CARTESIAN_POINT ( 'NONE',  ( 2913.058602738467900, -417.4156117387359500, -48.75924005057553500 ) ) ;
#2531 = CARTESIAN_POINT ( 'NONE',  ( 1756.631551345904400, 521.3273057727116100, -174.8955697330390000 ) ) ;
#2532 = VERTEX_POINT ( 'NONE', #1852 ) ;
#2533 = CARTESIAN_POINT ( 'NONE',  ( 588.8398500194769000, 239.8086796758640000, -350.4167660466767400 ) ) ;
#2534 = CARTESIAN_POINT ( 'NONE',  ( 1355.832113132020400, -0.4983282087845749600, -424.6172645515200100 ) ) ;
#2535 = CARTESIAN_POINT ( 'NONE',  ( 2221.475459579842200, -118.0028039305229200, 537.0722884073976500 ) ) ;
#2536 = CARTESIAN_POINT ( 'NONE',  ( -198.0102992182312100, 1.172623910564816000, -100.9251934588209700 ) ) ;
#2537 = CARTESIAN_POINT ( 'NONE',  ( 3186.026616436355700, 187.5017256700353100, 122.0222193131302600 ) ) ;
#2538 = CARTESIAN_POINT ( 'NONE',  ( 2705.868459076642500, 47.53785297984235600, 456.1060590628786700 ) ) ;
#2539 = CARTESIAN_POINT ( 'NONE',  ( 2612.899712990773400, -306.0278946852478700, 341.5252822665479500 ) ) ;
#2540 = CARTESIAN_POINT ( 'NONE',  ( 495.8710903151131800, 420.6873633871350600, -57.63897046587885600 ) ) ;
#2541 = MECHANICAL_DESIGN_GEOMETRIC_PRESENTATION_REPRESENTATION (  '', ( #2705 ), #1265 ) ;
#2542 = CARTESIAN_POINT ( 'NONE',  ( 67.62395648769802400, -681.9301075513298000, -188.7911515865870100 ) ) ;
#2543 = CARTESIAN_POINT ( 'NONE',  ( 2624.264683060212500, 547.0135324227447900, -448.8290259229270300 ) ) ;
#2544 = CARTESIAN_POINT ( 'NONE',  ( 54.26977306852646900, -328.5361669032420200, -268.9941428122707000 ) ) ;
#2545 = CARTESIAN_POINT ( 'NONE',  ( 1239.621366168603800, 366.6066307565863600, -214.2417318773315500 ) ) ;
#2546 = CARTESIAN_POINT ( 'NONE',  ( 2058.779946785939000, -546.8056767604056200, -58.08680099959261900 ) ) ;
#2547 = CARTESIAN_POINT ( 'NONE',  ( 216.9648834005341500, -303.5637082683479700, 296.8992418256731300 ) ) ;
#2548 = CARTESIAN_POINT ( 'NONE',  ( 3114.663254271779800, -26.57546536261973800, 108.7296193895797400 ) ) ;
#2549 = CARTESIAN_POINT ( 'NONE',  ( 1752.938628970225900, -379.6031366781696200, -257.2808379023794000 ) ) ;
#2550 = CARTESIAN_POINT ( 'NONE',  ( 2194.540315944585900, 446.8567221279051900, -103.0124584344297000 ) ) ;
#2551 = CARTESIAN_POINT ( 'NONE',  ( 1007.199265687309200, 5.708957576117353700, 424.5792010107563200 ) ) ;
#2552 = ORIENTED_EDGE ( 'NONE', *, *, #1968, .F. ) ;
#2553 = CARTESIAN_POINT ( 'NONE',  ( 2477.139364533449200, 480.5069853991463400, -267.3644403224911900 ) ) ;
#2554 = CARTESIAN_POINT ( 'NONE',  ( 2415.085027823751700, 262.6701294923163900, 657.0203601731627700 ) ) ;
#2555 = CARTESIAN_POINT ( 'NONE',  ( 100.7538683739703900, -409.3679296927246000, -112.7710983124488400 ) ) ;
#2556 = CARTESIAN_POINT ( 'NONE',  ( 1379.074486745906400, -88.43075020097425900, -415.3070507816522100 ) ) ;
#2557 = CARTESIAN_POINT ( 'NONE',  ( 1407.998762953207500, -519.1418838376802100, 181.2799563736790300 ) ) ;
#2558 = CARTESIAN_POINT ( 'NONE',  ( 588.8398500194769000, 239.8086796758640000, -350.4167660466767400 ) ) ;
#2559 = CARTESIAN_POINT ( 'NONE',  ( 102.8191345987503000, 43.57110820087223100, -291.1447338012222300 ) ) ;
#2560 = CARTESIAN_POINT ( 'NONE',  ( 2380.477688289078700, -146.3157704291846800, -434.6074670357380100 ) ) ;
#2561 = CARTESIAN_POINT ( 'NONE',  ( -102.7435212875243000, -435.0224405251191800, -336.3008683855218200 ) ) ;
#2562 = ORIENTED_EDGE ( 'NONE', *, *, #1137, .T. ) ;
#2563 = CARTESIAN_POINT ( 'NONE',  ( 2035.537782499217900, -522.9191123013599700, -170.0768868659719400 ) ) ;
#2564 = CARTESIAN_POINT ( 'NONE',  ( 2205.905362703994300, -705.6694435014851500, 51.98099302481029600 ) ) ;
#2565 = FACE_OUTER_BOUND ( 'NONE', #1735, .T. ) ;
#2566 = CARTESIAN_POINT ( 'NONE',  ( 170.4804369296374500, -397.8368357175933700, 148.4115961522966200 ) ) ;
#2567 = CARTESIAN_POINT ( 'NONE',  ( 2099.581936054847600, -162.9542179362596200, -392.1046848399512300 ) ) ;
#2568 = CARTESIAN_POINT ( 'NONE',  ( 1384.756712802297000, -545.4312120664831100, 69.82934546457092000 ) ) ;
#2569 = DIRECTION ( 'NONE',  ( 1.000000000000000000, -5.598713130157252400E-016, 3.353501265655067900E-016 ) ) ;
#2570 = CARTESIAN_POINT ( 'NONE',  ( 1443.118554794290300, 187.6816954650169900, -233.9941115300594800 ) ) ;
#2571 = CARTESIAN_POINT ( 'NONE',  ( 931.7901235502749800, -255.2082255154220700, -157.6270547386402500 ) ) ;
#2572 = CARTESIAN_POINT ( 'NONE',  ( 1843.918099687140100, 401.6832913871735400, 137.6610799313704400 ) ) ;
#2573 = CARTESIAN_POINT ( 'NONE',  ( 2082.022338045518600, -546.9806147686260800, 56.42278413039164800 ) ) ;
#2574 = CARTESIAN_POINT ( 'NONE',  ( 457.0583078476418000, 126.4095295898106000, 568.8834104917340300 ) ) ;
#2575 = CARTESIAN_POINT ( 'NONE',  ( 1565.011821730056900, -404.6396834679588300, 128.7120176484132200 ) ) ;
#2576 = APPLICATION_CONTEXT ( 'automotive_design' ) ;
#2577 = CARTESIAN_POINT ( 'NONE',  ( 369.7715365943828900, 541.3703530297564200, 455.6192696466169400 ) ) ;
#2578 = EDGE_CURVE ( 'NONE', #1686, #1808, #2484, .T. ) ;
#2579 = CARTESIAN_POINT ( 'NONE',  ( 2913.058602738323300, -223.9190532165985400, 46.14064577414684000 ) ) ;
#2580 = CARTESIAN_POINT ( 'NONE',  ( 397.2198456100666700, -178.9420433712084800, 240.7432884292935300 ) ) ;
#2581 = CARTESIAN_POINT ( 'NONE',  ( 2750.363497391439100, 20.33625789955811000, -424.1293910252187500 ) ) ;
#2582 = CARTESIAN_POINT ( 'NONE',  ( 2029.855372570679700, 97.62666697265525800, -413.2422961824517500 ) ) ;
#2583 = CARTESIAN_POINT ( 'NONE',  ( 462.7410479032105900, 701.1539836426488800, -95.15493056197799100 ) ) ;
#2584 = CARTESIAN_POINT ( 'NONE',  ( 93.43087349552303100, 0.9400939025441518200, -258.5405677118981200 ) ) ;
#2585 = CARTESIAN_POINT ( 'NONE',  ( 2786.959157656583100, -385.7316881483637900, -593.1560079195422800 ) ) ;
#2586 = CARTESIAN_POINT ( 'NONE',  ( 1983.371238485216700, 256.7137703966662900, -338.2278385542899700 ) ) ;
#2587 =( LENGTH_UNIT ( ) NAMED_UNIT ( * ) SI_UNIT ( .MILLI., .METRE. ) );
#2588 = CARTESIAN_POINT ( 'NONE',  ( 2756.045694921517200, -541.2754024904761500, -70.97182298760890300 ) ) ;
#2589 = CARTESIAN_POINT ( 'NONE',  ( 3192.119342253671200, -209.0379355750300500, 75.89096223380480000 ) ) ;
#2590 = CARTESIAN_POINT ( 'NONE',  ( 1094.485648453224300, -184.7961658992552700, 236.2795307280214800 ) ) ;
#2591 = CARTESIAN_POINT ( 'NONE',  ( 2401.730653594198000, -15.13087632668688300, 424.3478062045223300 ) ) ;
#2592 = CARTESIAN_POINT ( 'NONE',  ( 2355.246276763386000, -185.7960746596789900, 381.8112290369313100 ) ) ;
#2593 = CARTESIAN_POINT ( 'NONE',  ( 1857.272564436629900, 704.9784511515671300, -60.63674336921171500 ) ) ;
#2594 = CARTESIAN_POINT ( 'NONE',  ( -61.94123650696381100, 147.0699192162865600, -372.8707035996889700 ) ) ;
#2595 = CARTESIAN_POINT ( 'NONE',  ( -62.85045338383052600, 111.0622595601743300, -187.6274781207990800 ) ) ;
#2596 = CARTESIAN_POINT ( 'NONE',  ( 1758.620980072118300, -359.5591570556904900, 458.6117416304061900 ) ) ;
#2597 = CARTESIAN_POINT ( 'NONE',  ( 2076.340061156901400, -78.21191419390091000, -417.3522151804077100 ) ) ;
#2598 = CARTESIAN_POINT ( 'NONE',  ( 2285.519723658380400, -374.2439546804560600, 200.6027234723002600 ) ) ;
#2599 = CARTESIAN_POINT ( 'NONE',  ( 2616.592506764134200, -103.1371212394077600, -540.1294073019838600 ) ) ;
#2600 = CARTESIAN_POINT ( 'NONE',  ( 3187.478672477060200, -11.40110498044100100, 99.34794816815961800 ) ) ;
#2601 = CARTESIAN_POINT ( 'NONE',  ( 583.1574307160879000, 257.1234543057200300, 154.4832680468095100 ) ) ;
#2602 = CARTESIAN_POINT ( 'NONE',  ( 2913.058602738478800, -357.4093514646051500, 53.64274982952104400 ) ) ;
#2603 = CARTESIAN_POINT ( 'NONE',  ( 1774.191530234183100, 244.9055459517400700, 346.8736332688148400 ) ) ;
#2604 = CARTESIAN_POINT ( 'NONE',  ( 2756.123789793825400, -225.1941401118157600, 183.5892211574375800 ) ) ;
#2605 = CARTESIAN_POINT ( 'NONE',  ( 1183.248654015149700, 671.8909787548088800, -221.8861458994272200 ) ) ;
#2606 = CARTESIAN_POINT ( 'NONE',  ( -218.9543979933612300, 193.8983024033412900, -95.18579601414428700 ) ) ;
#2607 = CARTESIAN_POINT ( 'NONE',  ( -220.6580247681987700, 179.0156472544811100, -83.44346748957136100 ) ) ;
#2608 = ORIENTED_EDGE ( 'NONE', *, *, #3052, .T. ) ;
#2609 = CARTESIAN_POINT ( 'NONE',  ( 1898.074089068914000, 322.6776163439242300, 485.2697049046943800 ) ) ;
#2610 = CARTESIAN_POINT ( 'NONE',  ( 1657.980722345475900, -176.3698985561189000, 386.2558888736069200 ) ) ;
#2611 = CARTESIAN_POINT ( 'NONE',  ( 2866.574125531307300, -355.5833450892332600, -231.6864341944795700 ) ) ;
#2612 = CARTESIAN_POINT ( 'NONE',  ( 3007.979811547152600, -43.32488647793931600, -65.51316065832408200 ) ) ;
#2613 = CARTESIAN_POINT ( 'NONE',  ( 2372.806393250832600, -294.8370187360432600, -55.21594689224841800 ) ) ;
#2614 = CARTESIAN_POINT ( 'NONE',  ( 2913.058602738347400, -307.8531166490925000, 69.73910233162369800 ) ) ;
#2615 = CARTESIAN_POINT ( 'NONE',  ( 408.5847832448244500, 387.0274755011896600, -390.6160222183122000 ) ) ;
#2616 = CARTESIAN_POINT ( 'NONE',  ( 2401.730653594198000, -15.13087632668688300, 424.3478062045223300 ) ) ;
#2617 = CARTESIAN_POINT ( 'NONE',  ( 2756.549116713601500, -149.8048581463635600, 147.0099274563678500 ) ) ;
#2618 = CARTESIAN_POINT ( 'NONE',  ( 2019.967166503910200, 17.43801295658295900, -707.3660582562629300 ) ) ;
#2619 = CARTESIAN_POINT ( 'NONE',  ( 7.785225226942174900, -191.1687577761928200, -379.1273102632059700 ) ) ;
#2620 = CARTESIAN_POINT ( 'NONE',  ( -96.29098455297733500, 278.1664585015388400, 38.32711796742805200 ) ) ;
#2621 = CARTESIAN_POINT ( 'NONE',  ( 1107.839924744070500, -128.9555056105215600, 568.3115052110408700 ) ) ;
#2622 = CARTESIAN_POINT ( 'NONE',  ( 867.7461269232193200, -401.3591344787880600, 138.6035465161454000 ) ) ;
#2623 = CARTESIAN_POINT ( 'NONE',  ( 271.1210481409517600, -578.5342046664820800, 70.04085091632138900 ) ) ;
#2624 = CARTESIAN_POINT ( 'NONE',  ( 2721.439071643991200, 294.1371484169984000, 58.83006075884862400 ) ) ;
#2625 = CARTESIAN_POINT ( 'NONE',  ( 780.4597441147448100, -303.3852937019777900, 458.6155971498682800 ) ) ;
#2626 = CARTESIAN_POINT ( 'NONE',  ( 3186.206908078370400, -433.9793890008406800, -136.0429810797406600 ) ) ;
#2627 = CARTESIAN_POINT ( 'NONE',  ( 2099.581936054847600, -162.9542179362596200, -392.1046848399512300 ) ) ;
#2628 = CARTESIAN_POINT ( 'NONE',  ( 3036.953026392876400, -278.1180597025805800, 227.7571901379738200 ) ) ;
#2629 = CARTESIAN_POINT ( 'NONE',  ( 950.8271416660063600, -138.1131817699110200, 693.9713156323850900 ) ) ;
#2630 = CARTESIAN_POINT ( 'NONE',  ( -218.9543979933612500, 269.9928421958454100, -413.7501840887812800 ) ) ;
#2631 = CARTESIAN_POINT ( 'NONE',  ( -62.43245932280328200, 101.6169966916318800, -180.1752205435168700 ) ) ;
#2632 = CARTESIAN_POINT ( 'NONE',  ( 2014.285282094848100, 581.7403017334633000, -34.43320804901372900 ) ) ;
#2633 = CARTESIAN_POINT ( 'NONE',  ( -182.5680654982462000, 1.178588654849433800, -100.9298996074385900 ) ) ;
#2634 = CARTESIAN_POINT ( 'NONE',  ( 131.6678996750783300, -247.8750968034590600, -527.4885316022832700 ) ) ;
#2635 = CARTESIAN_POINT ( 'NONE',  ( 550.0273500763615900, 506.4063858710249500, 288.3749801636882400 ) ) ;
#2636 = CARTESIAN_POINT ( 'NONE',  ( 2814.407216742368300, 241.1209994188152200, -178.4326380267748700 ) ) ;
#2637 = CARTESIAN_POINT ( 'NONE',  ( 896.6707564079392800, 243.4654638806121600, 493.0475110447822000 ) ) ;
#2638 = CARTESIAN_POINT ( 'NONE',  ( 2822.079410960693600, 418.0004116632582600, 188.5955764515975100 ) ) ;
#2639 = CARTESIAN_POINT ( 'NONE',  ( 3187.478672477060600, -210.0970013167747400, 76.54573820726348300 ) ) ;
#2640 = CARTESIAN_POINT ( 'NONE',  ( 2879.928489444455000, -511.4238020327925900, 291.2123000895346600 ) ) ;
#2641 = CARTESIAN_POINT ( 'NONE',  ( 1555.123115694395700, -615.6933206449638200, 348.7013481798354100 ) ) ;
#2642 = CARTESIAN_POINT ( 'NONE',  ( -61.94123650696381100, 147.0699192162865600, -372.8707035996889700 ) ) ;
#2643 = CARTESIAN_POINT ( 'NONE',  ( 1084.597351757886800, -243.8638517159889700, 529.2808039725416600 ) ) ;
#2644 = CARTESIAN_POINT ( 'NONE',  ( 2889.816753119018800, -398.6321166331462100, -150.3016251804800700 ) ) ;
#2645 = CARTESIAN_POINT ( 'NONE',  ( 852.1757712686070400, -340.3205067121869000, -473.0638418091764400 ) ) ;
#2646 = CARTESIAN_POINT ( 'NONE',  ( 666.2379849731664800, 504.1435817045345400, -292.3131387578429800 ) ) ;
#2647 = CARTESIAN_POINT ( 'NONE',  ( 3070.071510555038900, -294.5650052872857700, -38.69611224942520500 ) ) ;
#2648 = CARTESIAN_POINT ( 'NONE',  ( 2860.892132669171100, 148.1263244736762500, -260.8375596513075200 ) ) ;
#2649 = CARTESIAN_POINT ( 'NONE',  ( 350.7362187944043500, -261.1494062185461200, 147.5761440173012000 ) ) ;
#2650 = CARTESIAN_POINT ( 'NONE',  ( 2762.320804577676400, -67.09217620763193700, 94.82871608103131700 ) ) ;
#2651 = CARTESIAN_POINT ( 'NONE',  ( 2756.046208431099300, -418.6206579754344800, 162.5496908361595800 ) ) ;
#2652 = CARTESIAN_POINT ( 'NONE',  ( 2066.452246932685300, -270.7130516999578700, -653.7475437685437800 ) ) ;
#2653 = CARTESIAN_POINT ( 'NONE',  ( -61.94123650696378300, 128.2509615012112900, -201.5172910259399300 ) ) ;
#2654 = CARTESIAN_POINT ( 'NONE',  ( -156.1196116435774300, 2.281264772294913100, 98.20009533649255200 ) ) ;
#2655 = CARTESIAN_POINT ( 'NONE',  ( 2827.761585672180000, 275.8604633045922600, -513.3309057660137600 ) ) ;
#2656 = CARTESIAN_POINT ( 'NONE',  ( 2634.152483719513400, 376.6775425387706900, -195.9950308538411700 ) ) ;
#2657 = CARTESIAN_POINT ( 'NONE',  ( 689.4804973249603100, 432.6705705973429900, -390.3891843834536500 ) ) ;
#2658 = CARTESIAN_POINT ( 'NONE',  ( 735.9645449237889400, 237.3503889590832000, -532.2335203702309600 ) ) ;
#2659 = CARTESIAN_POINT ( 'NONE',  ( 1512.845136215117700, 15.03470793630348000, -299.5857556306416400 ) ) ;
#2660 = CARTESIAN_POINT ( 'NONE',  ( 583.1574307160879000, 257.1234543057200300, 154.4832680468095100 ) ) ;
#2661 = CARTESIAN_POINT ( 'NONE',  ( 3128.785912611527700, -200.2340788744435500, -114.1503388100840800 ) ) ;
#2662 = CARTESIAN_POINT ( 'NONE',  ( 3070.071476600146100, -296.2566836394083200, -57.29476911810587600 ) ) ;
#2663 = CARTESIAN_POINT ( 'NONE',  ( 2913.058602738323300, -223.9190532165985700, 46.14064577414685400 ) ) ;
#2664 = CARTESIAN_POINT ( 'NONE',  ( -69.02626168942754200, 80.38307335020076000, -163.4217782815923100 ) ) ;
#2665 = CARTESIAN_POINT ( 'NONE',  ( 2200.222420164072900, -91.28739764144326300, -575.5643716729594000 ) ) ;
#2666 = CARTESIAN_POINT ( 'NONE',  ( 968.3867846126880700, -580.0787920073490800, 55.82203233079700100 ) ) ;
#2667 = CARTESIAN_POINT ( 'NONE',  ( 387.3317496950427300, -230.8011621520798300, 535.1060836367642000 ) ) ;
#2668 = ORIENTED_EDGE ( 'NONE', *, *, #1525, .F. ) ;
#2669 = CARTESIAN_POINT ( 'NONE',  ( 635.3241970297115100, 77.23214120077291500, -417.5348075209003600 ) ) ;
#2670 = CARTESIAN_POINT ( 'NONE',  ( 2303.079853260367600, -206.6074287960631200, -217.4650408904883800 ) ) ;
#2671 = CARTESIAN_POINT ( 'NONE',  ( 61.94123650696374700, 213.6767058318305900, -68.58968059316188700 ) ) ;
#2672 = CARTESIAN_POINT ( 'NONE',  ( 3049.592103429233200, 191.9148509170357200, -65.30447644383676200 ) ) ;
#2673 = CARTESIAN_POINT ( 'NONE',  ( 2758.035009248055800, 524.2813227968631500, -254.4342215877591400 ) ) ;
#2674 = CARTESIAN_POINT ( 'NONE',  ( 1224.050477905885600, 426.0714072374696000, 397.5813233591497400 ) ) ;
#2675 = CARTESIAN_POINT ( 'NONE',  ( 3036.938026107399300, -336.2744286953650900, 225.5829539246277300 ) ) ;
#2676 = CARTESIAN_POINT ( 'NONE',  ( 3193.954305078463700, -205.6918086363966200, 73.82219214975431500 ) ) ;
#2677 = CARTESIAN_POINT ( 'NONE',  ( 2990.457135152888900, -479.1713658245075200, -330.9455658735427100 ) ) ;
#2678 = CARTESIAN_POINT ( 'NONE',  ( 619.7539240058076800, 579.3501359978140500, -62.93621484225791800 ) ) ;
#2679 = CARTESIAN_POINT ( 'NONE',  ( 1409.988207793432800, 353.9041451239078200, -462.9895699699027900 ) ) ;
#2680 = CARTESIAN_POINT ( 'NONE',  ( 147.2383330595286000, -419.9482504234900400, 62.79714441866391900 ) ) ;
#2681 = CARTESIAN_POINT ( 'NONE',  ( 2163.626769087528800, 141.6801658589946800, -264.3944287098250400 ) ) ;
#2682 = CARTESIAN_POINT ( 'NONE',  ( 3192.119342253671200, -209.0379355750300500, 75.89096223380480000 ) ) ;
#2683 = CARTESIAN_POINT ( 'NONE',  ( 2913.058602738181900, -407.7202966610681200, -3.552609226616570700 ) ) ;
#2684 = CARTESIAN_POINT ( 'NONE',  ( -61.94123650696380400, 171.2462842503277300, -324.2131258998336400 ) ) ;
#2685 = CARTESIAN_POINT ( 'NONE',  ( 2362.918088892880000, -582.1190373266092600, 27.29175537969041400 ) ) ;
#2686 = CARTESIAN_POINT ( 'NONE',  ( 3140.689233324243100, 9.693319666490815200, -98.29209606443747300 ) ) ;
#2687 = CARTESIAN_POINT ( 'NONE',  ( 61.94123650696375400, 119.3170809112957300, -565.0360707628671000 ) ) ;
#2688 = CARTESIAN_POINT ( 'NONE',  ( -33.01696213672529700, -549.5976539348621400, -17.70389243101485400 ) ) ;
#2689 = CARTESIAN_POINT ( 'NONE',  ( -61.94123650696368300, 66.47794375361687000, -416.2737795422889300 ) ) ;
#2690 = CARTESIAN_POINT ( 'NONE',  ( 2140.384367882940800, 193.3675263199641000, -229.3179039632830700 ) ) ;
#2691 = CARTESIAN_POINT ( 'NONE',  ( 2223.464967610883400, -208.5144110645711900, -544.1775054021407000 ) ) ;
#2692 = CARTESIAN_POINT ( 'NONE',  ( 1386.746198213174500, 442.1207603719805100, -379.6533904618980300 ) ) ;
#2693 = CARTESIAN_POINT ( 'NONE',  ( 218.9543979933612500, 167.3695522412555200, -401.2152291334380700 ) ) ;
#2694 = CARTESIAN_POINT ( 'NONE',  ( 3067.781749272286100, -59.83797778539943800, 129.2944371274939500 ) ) ;
#2695 = CARTESIAN_POINT ( 'NONE',  ( 2541.183791378416600, 398.1839155192730000, 147.4773359526423300 ) ) ;
#2696 = CARTESIAN_POINT ( 'NONE',  ( -15.45675980767026800, -109.4079797478691500, -410.1956625905695500 ) ) ;
#2697 = CARTESIAN_POINT ( 'NONE',  ( 1652.298299086565300, -279.7490348427199400, -108.2504195484454400 ) ) ;
#2698 = ORIENTED_EDGE ( 'NONE', *, *, #862, .T. ) ;
#2699 = CARTESIAN_POINT ( 'NONE',  ( 2966.837838460251100, -79.50425484933441600, -43.14497310310682800 ) ) ;
#2700 = CARTESIAN_POINT ( 'NONE',  ( 823.2513242880926300, 405.8458161266518700, -213.4993353561740700 ) ) ;
#2701 = CARTESIAN_POINT ( 'NONE',  ( 2595.339636766299900, 310.6712530593217700, 493.0425735044831300 ) ) ;
#2702 = CARTESIAN_POINT ( 'NONE',  ( 1665.652462932874600, -581.2739659381416000, 41.56945515253973900 ) ) ;
#2703 = CARTESIAN_POINT ( 'NONE',  ( 95.07192497943368900, 51.51502657973360000, -286.9363988957420600 ) ) ;
#2704 = CARTESIAN_POINT ( 'NONE',  ( 3036.941397261658900, -137.5350240503095700, 177.3312653412857600 ) ) ;
#2705 = STYLED_ITEM ( 'NONE', ( #437 ), #1824 ) ;
#2706 = CARTESIAN_POINT ( 'NONE',  ( 2727.121024962711100, 107.7389251779094600, -410.7221546982665900 ) ) ;
#2707 = CARTESIAN_POINT ( 'NONE',  ( 914.2304167421048100, -310.7586711241626700, 289.3599569291124600 ) ) ;
#2708 = CARTESIAN_POINT ( 'NONE',  ( 1164.212229570133600, -11.35731670629401800, 299.7476535779490500 ) ) ;
#2709 = CARTESIAN_POINT ( 'NONE',  ( -212.4786724770602000, 1.224646799147353200E-014, -100.0000000000000000 ) ) ;
#2710 = CARTESIAN_POINT ( 'NONE',  ( 2879.928489444849700, -694.5430020323984800, -100.9222159279452600 ) ) ;
#2711 = CARTESIAN_POINT ( 'NONE',  ( 1171.884140543322000, -408.4352325187433600, 208.5029300868062300 ) ) ;
#2712 = CARTESIAN_POINT ( 'NONE',  ( 2037.527198184496200, 561.9953544726968200, -154.1712240957641900 ) ) ;
#2713 = CARTESIAN_POINT ( 'NONE',  ( 2804.519302526243800, 376.1959517908574100, -445.0665731577269600 ) ) ;
#2714 = CARTESIAN_POINT ( 'NONE',  ( 61.94123650696375400, 238.8012600038293800, -504.7053722392482800 ) ) ;
#2715 = CARTESIAN_POINT ( 'NONE',  ( 61.94123650696375400, 332.7761337390543900, -293.3646783105707500 ) ) ;
#2716 = CARTESIAN_POINT ( 'NONE',  ( 83.19416547896341300, -292.0389818487555500, 465.9231046425252900 ) ) ;
#2717 = ORIENTED_EDGE ( 'NONE', *, *, #2172, .T. ) ;
#2718 = CARTESIAN_POINT ( 'NONE',  ( -218.9543979933612500, 199.9430870442494100, -494.5789943608194200 ) ) ;
#2719 = CARTESIAN_POINT ( 'NONE',  ( 1495.285252200299500, -403.3423706458466400, -132.7214875357167900 ) ) ;
#2720 = CARTESIAN_POINT ( 'NONE',  ( 542.3557373686104500, 361.2384628735770800, -223.1741890344821700 ) ) ;
#2721 = CARTESIAN_POINT ( 'NONE',  ( 1067.037128215726600, 530.0258379957548400, 468.7680018437916900 ) ) ;
#2722 = CARTESIAN_POINT ( 'NONE',  ( -61.94123650696379000, 119.9427753087445900, -194.6341534985647900 ) ) ;
#2723 = CARTESIAN_POINT ( 'NONE',  ( 3036.941396263531700, -572.4172701734044000, -10.24023812872696700 ) ) ;
#2724 = CARTESIAN_POINT ( 'NONE',  ( 800.0089903318122400, 441.2635640180883500, -124.8144233866390200 ) ) ;
#2725 = CARTESIAN_POINT ( 'NONE',  ( 95.07192497943364600, 53.56011427802279500, -291.6894541042587400 ) ) ;
#2726 = CARTESIAN_POINT ( 'NONE',  ( 288.6809019881796400, -177.7654392318478400, -422.8233154706329600 ) ) ;
#2727 = CARTESIAN_POINT ( 'NONE',  ( 129.6785048839078900, -78.17372296002407900, 544.2976204679605400 ) ) ;
#2728 = CARTESIAN_POINT ( 'NONE',  ( 61.94123650696373300, 307.7213332981186200, -180.3963784427493800 ) ) ;
#2729 = CARTESIAN_POINT ( 'NONE',  ( 1402.316320431299300, -172.5278744211943800, -387.9874841881657500 ) ) ;
#2730 = CARTESIAN_POINT ( 'NONE',  ( 193.7229080096929300, -358.4725871293073900, 227.5903298629680500 ) ) ;
#2731 = CARTESIAN_POINT ( 'NONE',  ( 1531.881366826956500, -674.5632741925030600, 213.6241525331833200 ) ) ;
#2732 = CARTESIAN_POINT ( 'NONE',  ( -212.4786724770602000, 0.0000000000000000000, 100.0000000000000000 ) ) ;
#2733 = FACE_OUTER_BOUND ( 'NONE', #2098, .T. ) ;
#2734 = SURFACE_SIDE_STYLE ('',( #880 ) ) ;
#2735 = CARTESIAN_POINT ( 'NONE',  ( 3193.954305078371400, -446.8249432546027700, -79.38839320726081900 ) ) ;
#2736 = CARTESIAN_POINT ( 'NONE',  ( 1590.243512515564800, 213.8727365927341000, -405.6491760769940200 ) ) ;
#2737 = CARTESIAN_POINT ( 'NONE',  ( 95.07192497943366000, 55.77619980068384100, -286.8255284008122300 ) ) ;
#2738 = CARTESIAN_POINT ( 'NONE',  ( 404.8919378676319500, -454.7481570162073000, -59.13533701516435300 ) ) ;
#2739 = CARTESIAN_POINT ( 'NONE',  ( 2146.066615849345500, -307.8714397218545900, -292.4297461168197900 ) ) ;
#2740 = CARTESIAN_POINT ( 'NONE',  ( 1547.451878260461600, 9.285080975086140500, 549.8040247569503000 ) ) ;
#2741 = CARTESIAN_POINT ( 'NONE',  ( 218.9543979933611400, 199.3021327794794500, -348.2542320258600100 ) ) ;
#2742 = CARTESIAN_POINT ( 'NONE',  ( 588.8398500194769000, 239.8086796758640000, -350.4167660466767400 ) ) ;
#2743 = CARTESIAN_POINT ( 'NONE',  ( 834.6159401094619200, -669.1175029579592300, 230.1147231849231800 ) ) ;
#2744 = CARTESIAN_POINT ( 'NONE',  ( 53.40237118061838800, -132.2950946960997100, 46.58122271522777400 ) ) ;
#2745 = EDGE_LOOP ( 'NONE', ( #146, #59, #1287, #2425 ) ) ;
#2746 = CARTESIAN_POINT ( 'NONE',  ( -61.94123650696381100, 147.0699192162865600, -372.8707035996889700 ) ) ;
#2747 = CARTESIAN_POINT ( 'NONE',  ( 1381.063827596044600, 322.1169764791843000, 326.3946448745078300 ) ) ;
#2748 = CARTESIAN_POINT ( 'NONE',  ( 823.2513242880926300, 405.8458161266518700, -213.4993353561740700 ) ) ;
#2749 = EDGE_CURVE ( 'NONE', #683, #3261, #1144, .T. ) ;
#2750 = CARTESIAN_POINT ( 'NONE',  ( 1727.707280054016300, 83.32761291488125700, 416.3609788150378100 ) ) ;
#2751 = ADVANCED_FACE ( 'NONE', ( #2433 ), #978, .T. ) ;
#2752 = CARTESIAN_POINT ( 'NONE',  ( 850.1863018044853100, 22.77523185852867000, 549.4107484435637600 ) ) ;
#2753 = CARTESIAN_POINT ( 'NONE',  ( 218.9543979933612300, 102.6764426042016500, -443.5327902788291700 ) ) ;
#2754 = CARTESIAN_POINT ( 'NONE',  ( 2605.227498961428400, 97.28089370661007300, 283.7498128495686800 ) ) ;
#2755 = CARTESIAN_POINT ( 'NONE',  ( 881.1005612053868400, -518.4617478466314000, 481.5276185421942600 ) ) ;
#2756 = CARTESIAN_POINT ( 'NONE',  ( 100.7538683739703900, -409.3679296927246000, -112.7710983124488400 ) ) ;
#2757 = CARTESIAN_POINT ( 'NONE',  ( 2636.141902021388000, -228.6585638665786200, 397.5020355374499000 ) ) ;
#2758 = CARTESIAN_POINT ( 'NONE',  ( 2920.730555420585000, -195.1088028159823600, -549.1272522230489100 ) ) ;
#2759 = CARTESIAN_POINT ( 'NONE',  ( 1332.589761323899200, 87.45577506792334100, -415.5137071736658600 ) ) ;
#2760 = CARTESIAN_POINT ( 'NONE',  ( 844.5038610431134900, -421.3630392499083500, 52.47210360708145100 ) ) ;
#2761 = CARTESIAN_POINT ( 'NONE',  ( 2756.045694423288300, -543.1418598853439300, -24.61974081921291800 ) ) ;
#2762 = FACE_OUTER_BOUND ( 'NONE', #3013, .T. ) ;
#2763 = CARTESIAN_POINT ( 'NONE',  ( 989.6394171332242400, 528.8251229293119900, 150.7143979134519600 ) ) ;
#2764 = CARTESIAN_POINT ( 'NONE',  ( 2913.058602738325600, -417.2815690970536500, -55.73606033701793200 ) ) ;
#2765 = CARTESIAN_POINT ( 'NONE',  ( 123.9963410469408100, -423.8488862914641700, -25.54015740645641900 ) ) ;
#2766 = CARTESIAN_POINT ( 'NONE',  ( 1485.396542117167900, -703.2615765633172500, -78.06432614258821400 ) ) ;
#2767 = CARTESIAN_POINT ( 'NONE',  ( 193.7229080096929300, -358.4725871293073900, 227.5903298629680500 ) ) ;
#2768 = CARTESIAN_POINT ( 'NONE',  ( -61.94123650696379700, 108.7436509782913000, -403.8920581914685500 ) ) ;
#2769 = CARTESIAN_POINT ( 'NONE',  ( 2403.720014621806100, -233.1558284820558500, -394.8808731534325000 ) ) ;
#2770 = CARTESIAN_POINT ( 'NONE',  ( 1613.485507340275000, 125.2208308010777100, -441.1481944867546800 ) ) ;
#2771 = CARTESIAN_POINT ( 'NONE',  ( 1169.894805205858800, 422.6213295586341000, 41.12362249146293200 ) ) ;
#2772 = CARTESIAN_POINT ( 'NONE',  ( 1472.042880002304200, -367.1086947326762100, -213.3807939582962400 ) ) ;
#2773 = UNCERTAINTY_MEASURE_WITH_UNIT (LENGTH_MEASURE( 1.000000000000000100E-005 ), #719, 'distance_accuracy_value', 'NONE');
#2774 = CARTESIAN_POINT ( 'NONE',  ( 2879.928489445331300, -190.7794684105399500, 338.1058432015772200 ) ) ;
#2775 = CARTESIAN_POINT ( 'NONE',  ( 1384.756712802297000, -545.4312120664831100, 69.82934546457092000 ) ) ;
#2776 = CARTESIAN_POINT ( 'NONE',  ( 286.6914343002495700, -72.10246702905166700, 418.4511018544503100 ) ) ;
#2777 = CARTESIAN_POINT ( 'NONE',  ( 2146.066615849345500, -307.8714397218545900, -292.4297461168197900 ) ) ;
#2778 = CARTESIAN_POINT ( 'NONE',  ( 2267.959653998352200, 109.7641135818565500, 538.8157817922610800 ) ) ;
#2779 = CARTESIAN_POINT ( 'NONE',  ( 59.76598577910436200, 178.9586655841055500, -41.19734836209234900 ) ) ;
#2780 = CARTESIAN_POINT ( 'NONE',  ( 2357.235670874011200, -53.13143563306548600, -455.4884577847620300 ) ) ;
#2781 = CARTESIAN_POINT ( 'NONE',  ( 1381.063827596044600, 322.1169764791843000, 326.3946448745078300 ) ) ;
#2782 = CARTESIAN_POINT ( 'NONE',  ( 1634.738391249850100, -252.5439106327093800, 341.3526414264072200 ) ) ;
#2783 = CARTESIAN_POINT ( 'NONE',  ( 1983.371238485216700, 256.7137703966662300, -338.2278385542899700 ) ) ;
#2784 = VERTEX_POINT ( 'NONE', #2709 ) ;
#2785 = CARTESIAN_POINT ( 'NONE',  ( 2879.928489445055700, -580.1933281448089000, 236.7080417527587300 ) ) ;
#2786 = CARTESIAN_POINT ( 'NONE',  ( 524.7955203215131000, -142.5979745998137400, -531.0707136764743800 ) ) ;
#2787 = ORIENTED_EDGE ( 'NONE', *, *, #2578, .T. ) ;
#2788 = CARTESIAN_POINT ( 'NONE',  ( 612.0823020960837100, 162.0333484207332300, -392.4858443243468300 ) ) ;
#2789 = CARTESIAN_POINT ( 'NONE',  ( 1332.589761323899200, 87.45577506792334100, -415.5137071736658600 ) ) ;
#2790 = CARTESIAN_POINT ( 'NONE',  ( 1361.514278938898800, -548.0663374821311900, -44.65006884770794900 ) ) ;
#2791 = CARTESIAN_POINT ( 'NONE',  ( 2907.225198550783700, 36.20269065658585100, 215.5640732604878200 ) ) ;
#2792 = CARTESIAN_POINT ( 'NONE',  ( 2426.962229093431700, -309.8849009075800600, -338.0296070976778500 ) ) ;
#2793 = CARTESIAN_POINT ( 'NONE',  ( 1311.337265477777500, 69.86073734808577700, 453.2243254545271600 ) ) ;
#2794 = CARTESIAN_POINT ( 'NONE',  ( 1193.136644523474600, 421.9752477100066100, -47.29734849041153000 ) ) ;
#2795 = CARTESIAN_POINT ( 'NONE',  ( 2267.959653998352200, 109.7641135818565500, 538.8157817922610800 ) ) ;
#2796 = CARTESIAN_POINT ( 'NONE',  ( 2810.201668341058800, -500.5388776468904600, -500.3715812736811000 ) ) ;
#2797 = CARTESIAN_POINT ( 'NONE',  ( 2913.058602738325600, -417.2815690970536500, -55.73606033701793200 ) ) ;
#2798 = CARTESIAN_POINT ( 'NONE',  ( 1750.949122808540600, 167.7536730660594300, 390.0754622386540400 ) ) ;
#2799 = CARTESIAN_POINT ( 'NONE',  ( 1779.873675518797000, 473.8006496349414100, -279.0759366805983700 ) ) ;
#2800 = CARTESIAN_POINT ( 'NONE',  ( 495.8710903151131800, 420.6873633871350600, -57.63897046587885600 ) ) ;
#2801 = DIRECTION ( 'NONE',  ( 0.0000000000000000000, 0.0000000000000000000, 1.000000000000000000 ) ) ;
#2802 = CARTESIAN_POINT ( 'NONE',  ( 2682.626279029952900, -47.95772708797775200, 456.0621254926129500 ) ) ;
#2803 = CARTESIAN_POINT ( 'NONE',  ( 1218.368387407162800, -288.9012738777069000, 356.1296425799439500 ) ) ;
#2804 = CARTESIAN_POINT ( 'NONE',  ( 402.9026067520942400, 325.2240922817133000, 273.0004391538154800 ) ) ;
#2805 = CARTESIAN_POINT ( 'NONE',  ( 2314.444014275087700, 318.6978193235459000, 448.1095572561428600 ) ) ;
#2806 = CARTESIAN_POINT ( 'NONE',  ( 2298.873340429167500, -435.3838900981523900, 557.7738491039676800 ) ) ;
#2807 = CARTESIAN_POINT ( 'NONE',  ( 2913.058602738476600, -238.5599280058694900, 56.16150394498585300 ) ) ;
#2808 = CARTESIAN_POINT ( 'NONE',  ( 1681.222561440336200, -92.54819698102512900, 414.4092079586452000 ) ) ;
#2809 = CARTESIAN_POINT ( 'NONE',  ( 1826.358109087492000, 320.0600144733681400, -447.1377731452968800 ) ) ;
#2810 = CARTESIAN_POINT ( 'NONE',  ( 542.3557373686104500, 361.2384628735770800, -223.1741890344821700 ) ) ;
#2811 = CARTESIAN_POINT ( 'NONE',  ( 3187.478672477060600, 210.0970013167880900, -76.54573820727813400 ) ) ;
#2812 = CARTESIAN_POINT ( 'NONE',  ( 652.8839664177095300, 298.8835157423009200, -25.42025474615876500 ) ) ;
#2813 = CARTESIAN_POINT ( 'NONE',  ( 1938.876315734053200, -218.8345563064254100, 402.9940472507680100 ) ) ;
#2814 = CARTESIAN_POINT ( 'NONE',  ( -56.25895080570846600, -534.0121854869102000, -131.1476634578630800 ) ) ;
#2815 = CIRCLE ( 'NONE', #3063, 100.0000000000000000 ) ;
#2816 = CARTESIAN_POINT ( 'NONE',  ( 2453.897130463457000, 525.4623154011435400, -162.0487471172257300 ) ) ;
#2817 = CARTESIAN_POINT ( 'NONE',  ( 178.1520782754866200, -440.4089051747785700, -381.6382704574272100 ) ) ;
#2818 = CARTESIAN_POINT ( 'NONE',  ( -119.5421438976939500, 23.92177212726273800, -118.8741393520527700 ) ) ;
#2819 = CARTESIAN_POINT ( 'NONE',  ( 1983.371238485216700, 256.7137703966662300, -338.2278385542899700 ) ) ;
#2820 = CARTESIAN_POINT ( 'NONE',  ( 1617.178435935709800, 329.5991631944002100, 440.1534395616986900 ) ) ;
#2821 = CARTESIAN_POINT ( 'NONE',  ( 3187.478672477060200, 6.661338147750939200E-012, -7.327471962526033200E-012 ) ) ;
#2822 = CARTESIAN_POINT ( 'NONE',  ( 188.0401136566557100, -175.4439582851579800, -243.2528243131285100 ) ) ;
#2823 = CARTESIAN_POINT ( 'NONE',  ( 955.0324865534993300, -282.3212243110734800, -101.3526309604395000 ) ) ;
#2824 = CARTESIAN_POINT ( 'NONE',  ( 2773.605583667111700, -67.94275007601241600, -419.1488574054469600 ) ) ;
#2825 = CARTESIAN_POINT ( 'NONE',  ( 2198.233084562765300, -226.6780133595621600, 500.9866830340238800 ) ) ;
#2826 = CARTESIAN_POINT ( 'NONE',  ( 95.07192497943361800, 45.98724821414788300, -294.0825109829851800 ) ) ;
#2827 = CARTESIAN_POINT ( 'NONE',  ( 61.94123650696386800, 107.1702339133134200, -568.5339734699188100 ) ) ;
#2828 = CARTESIAN_POINT ( 'NONE',  ( 681.8088664285991200, -98.59627392807516300, -413.0117641535836100 ) ) ;
#2829 = CARTESIAN_POINT ( 'NONE',  ( 2913.058602738322900, -233.2286537912502500, 51.59361534767946700 ) ) ;
#2830 = CARTESIAN_POINT ( 'NONE',  ( 462.7410479032105900, 701.1539836426488800, -95.15493056197799100 ) ) ;
#2831 = DIRECTION ( 'NONE',  ( 1.000000000000000000, 0.0000000000000000000, 0.0000000000000000000 ) ) ;
#2832 = CARTESIAN_POINT ( 'NONE',  ( 234.5247747791530600, -258.9988146815050500, -151.3133348249530500 ) ) ;
#2833 = CARTESIAN_POINT ( 'NONE',  ( 2796.847592894867800, -153.2942341901155600, -395.9750839104348200 ) ) ;
#2834 = CARTESIAN_POINT ( 'NONE',  ( 2913.058602738528400, -282.8944749076960100, 69.53036885802562500 ) ) ;
#2835 = CARTESIAN_POINT ( 'NONE',  ( 2820.090063403012200, -231.9281665741588100, -355.6922131221876400 ) ) ;
#2836 = CARTESIAN_POINT ( 'NONE',  ( 2012.295776854850600, -476.3567283297103900, -274.6918246558306600 ) ) ;
#2837 = CARTESIAN_POINT ( 'NONE',  ( 2192.550946324452500, -399.9637200178939300, -142.5799426460466200 ) ) ;
#2838 = CARTESIAN_POINT ( 'NONE',  ( -198.0102992182312100, 1.172623910564816000, -100.9251934588209700 ) ) ;
#2839 = CARTESIAN_POINT ( 'NONE',  ( 2833.444394273809800, -592.1211194691067000, -385.9801046984203500 ) ) ;
#2840 = CARTESIAN_POINT ( 'NONE',  ( 1867.160394000341500, 421.4848395733090500, 51.48293470015357800 ) ) ;
#2841 = CARTESIAN_POINT ( 'NONE',  ( 2773.605583667111700, -67.94275007601241600, -419.1488574054469600 ) ) ;
#2842 = CARTESIAN_POINT ( 'NONE',  ( 67.62395648769802400, -681.9301075513298000, -188.7911515865870100 ) ) ;
#2843 = CARTESIAN_POINT ( 'NONE',  ( 3072.414418530550800, -268.9604336234382900, -71.65971329026884000 ) ) ;
#2844 = CARTESIAN_POINT ( 'NONE',  ( 304.2513026819720500, -298.5491195671357300, 29.08625323755654400 ) ) ;
#2845 = CARTESIAN_POINT ( 'NONE',  ( 1983.371238485216700, 256.7137703966662300, -338.2278385542899700 ) ) ;
#2846 = CARTESIAN_POINT ( 'NONE',  ( 2122.824377100373600, -240.6304480669044800, -349.8528394635234200 ) ) ;
#2847 = CARTESIAN_POINT ( 'NONE',  ( 3193.954305078465900, -443.5323505217375000, -102.6763546792619600 ) ) ;
#2848 = CARTESIAN_POINT ( 'NONE',  ( 1067.037128215726600, 530.0258379957548400, 468.7680018437916900 ) ) ;
#2849 = CARTESIAN_POINT ( 'NONE',  ( -61.94123650696380400, 66.47794375361736700, -416.2737795422888800 ) ) ;
#2850 = CARTESIAN_POINT ( 'NONE',  ( -185.3495513001858800, 202.1992771718953700, -101.7352169226975900 ) ) ;
#2851 = CARTESIAN_POINT ( 'NONE',  ( 991.6288806293533800, -555.9397927091649800, 174.7524002920202400 ) ) ;
#2852 = CARTESIAN_POINT ( 'NONE',  ( 2099.581936054847600, -162.9542179362596200, -392.1046848399512300 ) ) ;
#2853 = CARTESIAN_POINT ( 'NONE',  ( 2913.058602738325600, -416.2739075224484400, -66.47794835451715300 ) ) ;
#2854 = CARTESIAN_POINT ( 'NONE',  ( 253.5612709466017000, -121.0410322824112500, 697.1516276418584500 ) ) ;
#2855 = CARTESIAN_POINT ( 'NONE',  ( 3193.954305078464600, -205.6918086363967300, 73.82219214975417300 ) ) ;
#2856 = CARTESIAN_POINT ( 'NONE',  ( 1257.181593491779900, 214.4719387770451200, 209.7129248147743100 ) ) ;
#2857 = CARTESIAN_POINT ( 'NONE',  ( 2169.308499944308100, -361.7615035966590000, -222.3258304501967500 ) ) ;
#2858 = CARTESIAN_POINT ( 'NONE',  ( 1913.644669105993200, 406.1886734279198100, -123.7368040717043800 ) ) ;
#2859 = CARTESIAN_POINT ( 'NONE',  ( 2879.928489444853300, -78.68784003887398600, 286.2933081063501400 ) ) ;
#2860 = CARTESIAN_POINT ( 'NONE',  ( 1369.186595258513500, -286.6752478637018300, -646.9070702270215600 ) ) ;
#2861 = CARTESIAN_POINT ( 'NONE',  ( -95.07192497943364600, 345.1599260729696500, -14.82518924068127600 ) ) ;
#2862 = CARTESIAN_POINT ( 'NONE',  ( -218.5834425881067800, 197.4076404182274000, -97.95464333758863500 ) ) ;
#2863 = CARTESIAN_POINT ( 'NONE',  ( 828.9336421551297500, -234.9646976282108700, -533.2908317999646200 ) ) ;
#2864 = CARTESIAN_POINT ( 'NONE',  ( 1332.589761323899000, 87.45577506792331200, -415.5137071736658100 ) ) ;
#2865 =( GEOMETRIC_REPRESENTATION_CONTEXT ( 3 ) GLOBAL_UNCERTAINTY_ASSIGNED_CONTEXT ( ( #495 ) ) GLOBAL_UNIT_ASSIGNED_CONTEXT ( ( #1046, #1917, #1639 ) ) REPRESENTATION_CONTEXT ( 'NONE', 'WORKASPACE' ) );
#2866 = CARTESIAN_POINT ( 'NONE',  ( 3140.689233324243100, 9.693319666490815200, -98.29209606443747300 ) ) ;
#2867 = CARTESIAN_POINT ( 'NONE',  ( 2698.197010415288800, 275.5752881504522000, 118.4735513440689800 ) ) ;
#2868 = CARTESIAN_POINT ( 'NONE',  ( 385.3423980536843500, 459.5362284514596900, -301.9879924361509900 ) ) ;
#2869 = CARTESIAN_POINT ( 'NONE',  ( 2913.058602738325600, -416.2739075224484400, -66.47794835451715300 ) ) ;
#2870 = CARTESIAN_POINT ( 'NONE',  ( 3193.450883286381700, -230.2684202698479200, 87.36792280613005300 ) ) ;
#2871 = CARTESIAN_POINT ( 'NONE',  ( 1299.460023057315100, 146.6187730692259400, -692.2242340847705000 ) ) ;
#2872 =( BOUNDED_CURVE ( )  B_SPLINE_CURVE ( 3, ( #1614, #345, #2136, #605 ),
 .UNSPECIFIED., .F., .F. ) 
 B_SPLINE_CURVE_WITH_KNOTS ( ( 4, 4 ),
 ( 0.5000000000000004400, 1.000000000000000000 ),
 .UNSPECIFIED. ) 
 CURVE ( )  GEOMETRIC_REPRESENTATION_ITEM ( )  RATIONAL_B_SPLINE_CURVE ( ( 0.9999999999999994400, 0.3333333333333333700, 0.3333333333333339800, 1.000000000000000000 ) ) 
 REPRESENTATION_ITEM ( '' )  );
#2873 = CARTESIAN_POINT ( 'NONE',  ( -61.94123650696379000, 151.9439373606254300, -224.8190127061672900 ) ) ;
#2874 = CARTESIAN_POINT ( 'NONE',  ( -62.43245932280328200, 101.6169966916318800, -180.1752205435168700 ) ) ;
#2875 = CARTESIAN_POINT ( 'NONE',  ( 1386.746198213174500, 442.1207603719805100, -379.6533904618980300 ) ) ;
#2876 = CARTESIAN_POINT ( 'NONE',  ( 1843.918099687140100, 401.6832913871735400, 137.6610799313704400 ) ) ;
#2877 = CARTESIAN_POINT ( 'NONE',  ( 2913.058602738528400, -282.8944749076960100, 69.53036885802562500 ) ) ;
#2878 = CARTESIAN_POINT ( 'NONE',  ( 1154.323914582264700, 112.4103489101780300, 571.8143613684609400 ) ) ;
#2879 = CARTESIAN_POINT ( 'NONE',  ( 2163.626769087528800, 141.6801658589946800, -264.3944287098250400 ) ) ;
#2880 = CARTESIAN_POINT ( 'NONE',  ( 152.9207235351852600, 36.25165509659658600, 548.6865264787622900 ) ) ;
#2881 = CARTESIAN_POINT ( 'NONE',  ( 3077.743330835652600, -135.6116914945368100, -438.0613843017332000 ) ) ;
#2882 = CARTESIAN_POINT ( 'NONE',  ( 1704.464960753232400, -4.712376380482743000, 424.5913821206937700 ) ) ;
#2883 = CARTESIAN_POINT ( 'NONE',  ( 3193.954271123464400, -435.2969852274164900, 18.83289813904458800 ) ) ;
#2884 = CARTESIAN_POINT ( 'NONE',  ( 881.1005612053868400, -518.4617478466314000, 481.5276185421942600 ) ) ;
#2885 = CARTESIAN_POINT ( 'NONE',  ( -61.94123650696379700, 108.7436509782913000, -403.8920581914685500 ) ) ;
#2886 = CARTESIAN_POINT ( 'NONE',  ( 2913.058602738325600, -416.2739075224484400, -66.47794835451715300 ) ) ;
#2887 = CARTESIAN_POINT ( 'NONE',  ( 642.9961067805925300, 553.7534143102079700, -181.5615330663665100 ) ) ;
#2888 = CARTESIAN_POINT ( 'NONE',  ( 2262.277515485243400, -407.6764938524876200, 118.7429547032109800 ) ) ;
#2889 = CARTESIAN_POINT ( 'NONE',  ( 759.2070700394655200, 121.9718128805633800, -569.8512138027094800 ) ) ;
#2890 = CARTESIAN_POINT ( 'NONE',  ( 340.8476245674322600, -427.8474136778342000, 395.6692807179394400 ) ) ;
#2891 = CARTESIAN_POINT ( 'NONE',  ( 1954.447132572753400, 209.2606168536797200, 214.9132155368196200 ) ) ;
#2892 = CARTESIAN_POINT ( 'NONE',  ( 710.7331864033287700, -514.5368447275823200, 193.9658694090483100 ) ) ;
#2893 = CARTESIAN_POINT ( 'NONE',  ( 2938.290200448399000, 373.4202385109154500, -266.1753751654122800 ) ) ;
#2894 = CARTESIAN_POINT ( 'NONE',  ( 3130.783884473475600, 184.9561413841765900, 123.5960474175684700 ) ) ;
#2895 = CARTESIAN_POINT ( 'NONE',  ( 2879.928489444853300, -69.37823946422231800, 280.8403385328175000 ) ) ;
#2896 = CARTESIAN_POINT ( 'NONE',  ( 1648.092870973759500, -155.1023287839484500, 690.3728809265805900 ) ) ;
#2897 = CARTESIAN_POINT ( 'NONE',  ( 193.7229080096929300, -358.4725871293073900, 227.5903298629680500 ) ) ;
#2898 = CARTESIAN_POINT ( 'NONE',  ( 3070.071510555129400, -292.0758378026859500, -57.36842741738510700 ) ) ;
#2899 = CARTESIAN_POINT ( 'NONE',  ( 735.9645449237889400, 237.3503889590832000, -532.2335203702309600 ) ) ;
#2900 = CARTESIAN_POINT ( 'NONE',  ( 2378.488193990461700, -102.6904212544789600, 412.0131486121708800 ) ) ;
#2901 = CARTESIAN_POINT ( 'NONE',  ( 154.9102183837228500, -351.8561434033824200, -464.5360315791938300 ) ) ;
#2902 = CARTESIAN_POINT ( 'NONE',  ( 1200.808544339857500, 334.4896195230454100, 477.2045302910435100 ) ) ;
#2903 = CARTESIAN_POINT ( 'NONE',  ( 2605.227498961428400, 97.28089370661007300, 283.7498128495686800 ) ) ;
#2904 = CARTESIAN_POINT ( 'NONE',  ( 281.0096442306070200, -298.1001186480667700, -33.37642238189805300 ) ) ;
#2905 = CARTESIAN_POINT ( 'NONE',  ( 2913.058602738332000, -395.7210352374130500, 18.31083667629141600 ) ) ;
#2906 = CARTESIAN_POINT ( 'NONE',  ( 2112.935754271385100, -512.4129227591624800, -487.9590175503401500 ) ) ;
#2907 = CARTESIAN_POINT ( 'NONE',  ( -61.94123650696380400, 171.2462842503277300, -324.2131258998336400 ) ) ;
#2908 = CARTESIAN_POINT ( 'NONE',  ( 3187.478672477060200, 100.0000000000065200, -7.210099418228106000E-012 ) ) ;
#2909 = CARTESIAN_POINT ( 'NONE',  ( 2130.495849232353100, 263.1798616781942400, -519.9462471761703500 ) ) ;
#2910 = CARTESIAN_POINT ( 'NONE',  ( 2146.066615849345500, -307.8714397218545300, -292.4297461168197300 ) ) ;
#2911 = CARTESIAN_POINT ( 'NONE',  ( 2601.021890062015700, 628.1107649615863700, -325.8036292383871500 ) ) ;
#2912 = CARTESIAN_POINT ( 'NONE',  ( 1317.019630680450700, 580.7201012066671000, -48.69942136333715200 ) ) ;
#2913 = CARTESIAN_POINT ( 'NONE',  ( 1861.478043246002500, -18.70983373605167400, 299.3787394844368400 ) ) ;
#2914 = CARTESIAN_POINT ( 'NONE',  ( 629.6425071626222200, 297.6681846418700800, 37.03219308249732200 ) ) ;
#2915 = CARTESIAN_POINT ( 'NONE',  ( 3190.628415691940100, -209.6347439541236200, 76.25994384843409100 ) ) ;
#2916 = CARTESIAN_POINT ( 'NONE',  ( 2913.058602738347400, -307.8531166490925000, 69.73910233162369800 ) ) ;
#2917 = CARTESIAN_POINT ( 'NONE',  ( 2130.495849232353100, 263.1798616781942400, -519.9462471761703500 ) ) ;
#2918 = CARTESIAN_POINT ( 'NONE',  ( -61.94123650696380400, 171.8851068568388900, -269.8945515301224400 ) ) ;
#2919 = CARTESIAN_POINT ( 'NONE',  ( 2874.245857949713800, 44.17080791732581000, -581.0819266018392000 ) ) ;
#2920 = CARTESIAN_POINT ( 'NONE',  ( 1038.113354966309500, -437.4285923305331500, 385.0502866534752700 ) ) ;
#2921 = CARTESIAN_POINT ( 'NONE',  ( 69.68872719744923900, 64.44423921871064900, -572.2507210888254600 ) ) ;
#2922 = CARTESIAN_POINT ( 'NONE',  ( 960.7151196917280900, -166.8375490195445300, 390.4678884455473200 ) ) ;
#2923 = CARTESIAN_POINT ( 'NONE',  ( 1094.485648453224300, -184.7961658992552700, 236.2795307280214800 ) ) ;
#2924 = CARTESIAN_POINT ( 'NONE',  ( -218.9543979933612300, 193.8983024033412600, -95.18579601414428700 ) ) ;
#2925 = CARTESIAN_POINT ( 'NONE',  ( 2976.473507680336300, 165.8668358825091500, -49.20008015497795400 ) ) ;
#2926 = CARTESIAN_POINT ( 'NONE',  ( 2455.886526709970900, -370.7058923917001600, 449.6495656852578700 ) ) ;
#2927 = CARTESIAN_POINT ( 'NONE',  ( 1293.777041734927700, 578.2149283518032200, 72.63092503228874400 ) ) ;
#2928 = CARTESIAN_POINT ( 'NONE',  ( 2215.793170018386300, -420.8213477482246400, -56.65137394592055400 ) ) ;
#2929 = CARTESIAN_POINT ( 'NONE',  ( 2455.886526709970900, -370.7058923917001600, 449.6495656852578700 ) ) ;
#2930 = CARTESIAN_POINT ( 'NONE',  ( 2786.959157656583100, -385.7316881483637900, -593.1560079195422800 ) ) ;
#2931 = CARTESIAN_POINT ( 'NONE',  ( 1526.199331643517300, -221.8063923892910100, -538.8964436839194100 ) ) ;
#2932 = FACE_OUTER_BOUND ( 'NONE', #3206, .T. ) ;
#2933 = CARTESIAN_POINT ( 'NONE',  ( 402.9026067520942400, 325.2240922817133000, 273.0004391538154800 ) ) ;
#2934 = CARTESIAN_POINT ( 'NONE',  ( 1814.994034899977100, -138.4248930060641400, 266.1132319269887000 ) ) ;
#2935 = CARTESIAN_POINT ( 'NONE',  ( 2915.822899625887700, -172.7150191533068000, 14.48333695233353100 ) ) ;
#2936 = CARTESIAN_POINT ( 'NONE',  ( 2060.769278882417900, 517.8794201303427400, -267.2239694347264300 ) ) ;
#2937 = CARTESIAN_POINT ( 'NONE',  ( 2572.097767339524600, 201.8207916100842300, 546.6953252007306200 ) ) ;
#2938 = CARTESIAN_POINT ( 'NONE',  ( 95.07192497943364600, 36.84025579305896500, -284.8105565063210100 ) ) ;
#2939 = CARTESIAN_POINT ( 'NONE',  ( 61.94123650696376200, 107.1702339133139500, -568.5339734699186900 ) ) ;
#2940 = CARTESIAN_POINT ( 'NONE',  ( 455.0689590459606400, 195.5305283352176100, -513.9436749182651700 ) ) ;
#2941 = ORIENTED_EDGE ( 'NONE', *, *, #930, .F. ) ;
#2942 = CARTESIAN_POINT ( 'NONE',  ( 519.1132809578360800, 399.6280679885772400, -143.5183736566619900 ) ) ;
#2943 = CARTESIAN_POINT ( 'NONE',  ( 1605.814378694058200, -211.8822506596990800, -212.3290470202966800 ) ) ;
#2944 = CARTESIAN_POINT ( 'NONE',  ( -198.0102992182312100, 1.172623910564816000, -100.9251934588209700 ) ) ;
#2945 = CARTESIAN_POINT ( 'NONE',  ( 2641.824325918232300, 483.8200593161166100, 324.8469798254344600 ) ) ;
#2946 = CARTESIAN_POINT ( 'NONE',  ( 1758.620980072118300, -359.5591570556904900, 458.6117416304061900 ) ) ;
#2947 = CARTESIAN_POINT ( 'NONE',  ( 95.07192497943361800, 49.57249368686932200, -287.6265103850016100 ) ) ;
#2948 = CARTESIAN_POINT ( 'NONE',  ( -61.94123650696380400, 66.47794375361736700, -416.2737795422888800 ) ) ;
#2949 = ADVANCED_FACE ( 'NONE', ( #469 ), #3113, .T. ) ;
#2950 = CARTESIAN_POINT ( 'NONE',  ( 2262.277515485243400, -407.6764938524876200, 118.7429547032109800 ) ) ;
#2951 = CARTESIAN_POINT ( 'NONE',  ( 31.02730239950738100, -265.7657841759900100, -331.1837440498681000 ) ) ;
#2952 = CARTESIAN_POINT ( 'NONE',  ( 2047.414964501746700, 299.7707594500372500, -10.72375435425507500 ) ) ;
#2953 = CARTESIAN_POINT ( 'NONE',  ( -119.5421438976939500, 23.92177212726273800, -118.8741393520527700 ) ) ;
#2954 = CARTESIAN_POINT ( 'NONE',  ( 521.1027264496224200, -280.0743173235696300, 363.1122265516135000 ) ) ;
#2955 = CARTESIAN_POINT ( 'NONE',  ( 2827.761585672180000, 275.8604633045922600, -513.3309057660137600 ) ) ;
#2956 = CARTESIAN_POINT ( 'NONE',  ( 1177.566493951783100, 228.4027519633875200, 536.1339994358173700 ) ) ;
#2957 = CARTESIAN_POINT ( 'NONE',  ( 95.07192497943360400, 53.48270211360663500, -286.6306602477070000 ) ) ;
#2958 = CARTESIAN_POINT ( 'NONE',  ( -212.4786724770602000, 0.0000000000000000000, 0.0000000000000000000 ) ) ;
#2959 = CARTESIAN_POINT ( 'NONE',  ( 2378.488193990461700, -102.6904212544789600, 412.0131486121708800 ) ) ;
#2960 = CARTESIAN_POINT ( 'NONE',  ( -218.9543979933613100, 117.3497738230758900, -535.3166833039991800 ) ) ;
#2961 = CARTESIAN_POINT ( 'NONE',  ( 658.5664191527043800, -10.91872795160985300, -424.4771967385190700 ) ) ;
#2962 = CARTESIAN_POINT ( 'NONE',  ( 1512.845136215117700, 15.03470793630348000, -299.5857556306416400 ) ) ;
#2963 = CARTESIAN_POINT ( 'NONE',  ( -69.02626168942754200, 80.38307335020076000, -163.4217782815923100 ) ) ;
#2964 = CARTESIAN_POINT ( 'NONE',  ( 3193.954305078465900, -443.5323505217375000, -102.6763546792619600 ) ) ;
#2965 = CARTESIAN_POINT ( 'NONE',  ( 1218.368387407162800, -288.9012738777069000, 356.1296425799439500 ) ) ;
#2966 = CARTESIAN_POINT ( 'NONE',  ( 2339.675563794160100, -575.1497761524260600, -93.86404502022016100 ) ) ;
#2967 = CARTESIAN_POINT ( 'NONE',  ( 637.3136862516069000, 172.6910803406475500, 424.8176182967832200 ) ) ;
#2968 = CARTESIAN_POINT ( 'NONE',  ( 61.94123650696378300, 152.7444386631255500, -557.3377225703794700 ) ) ;
#2969 = CARTESIAN_POINT ( 'NONE',  ( 2587.667891479652100, 423.7877350758161600, -26.53503590373044200 ) ) ;
#2970 = CARTESIAN_POINT ( 'NONE',  ( -61.94123650696379000, 119.9427753087445400, -194.6341534985647600 ) ) ;
#2971 = CARTESIAN_POINT ( 'NONE',  ( 1541.769440031708200, -422.5238979995637600, 42.11548391066070000 ) ) ;
#2972 = CARTESIAN_POINT ( 'NONE',  ( 333.1760408744870600, 103.6571321955124500, 411.7707511148894900 ) ) ;
#2973 = CARTESIAN_POINT ( 'NONE',  ( 532.4676371639913000, 512.5137172833217400, -487.8535356704058500 ) ) ;
#2974 = CARTESIAN_POINT ( 'NONE',  ( 3036.941140506668900, -450.2035529650881900, 182.2948837926333900 ) ) ;
#2975 = CARTESIAN_POINT ( 'NONE',  ( 916.2199151582904100, 114.3567866971369700, -444.0885650613072900 ) ) ;
#2976 = CARTESIAN_POINT ( 'NONE',  ( 95.07192497943361800, 63.84713805696405600, -309.3504571453363500 ) ) ;
#2977 = CARTESIAN_POINT ( 'NONE',  ( 3013.698884241906400, -540.2338159581911400, -223.5237752745895200 ) ) ;
#2978 = CARTESIAN_POINT ( 'NONE',  ( 338.8582142125159700, 542.4912110319689900, -89.85768618559889400 ) ) ;
#2979 = CARTESIAN_POINT ( 'NONE',  ( 218.9543979933611700, 139.7211787372338000, -168.0380380775823100 ) ) ;
#2980 = CARTESIAN_POINT ( 'NONE',  ( 1355.832113132020400, -0.4983282087845749600, -424.6172645515200100 ) ) ;
#2981 = CARTESIAN_POINT ( 'NONE',  ( -54.19383950686793100, 31.85626587600423700, -418.7089904382343700 ) ) ;
#2982 = CARTESIAN_POINT ( 'NONE',  ( 1206.490261031955900, 611.3678593012678000, -356.2305228901621500 ) ) ;
#2983 = CARTESIAN_POINT ( 'NONE',  ( -218.5834425881067800, 197.4076404182274000, -97.95464333758863500 ) ) ;
#2984 = CARTESIAN_POINT ( 'NONE',  ( 240.2070055445152000, -235.4905126099820300, 353.3331965359094500 ) ) ;
#2985 = CARTESIAN_POINT ( 'NONE',  ( 3193.876210206158700, -260.1292937921663800, 100.1605231275336800 ) ) ;
#2986 = CARTESIAN_POINT ( 'NONE',  ( 1613.485507340275000, 125.2208308010777100, -441.1481944867546800 ) ) ;
#2987 = CARTESIAN_POINT ( 'NONE',  ( 2688.308433454536500, 573.9545967573027400, 100.9148515455192800 ) ) ;
#2988 = CARTESIAN_POINT ( 'NONE',  ( 705.0507511810458300, -181.9976443530377400, -383.6365224336197500 ) ) ;
#2989 = CARTESIAN_POINT ( 'NONE',  ( 1919.326810446963000, -116.3678762022786100, -537.4281290686049000 ) ) ;
#2990 = CARTESIAN_POINT ( 'NONE',  ( 218.9543979933611700, 202.3180503659347400, -253.3183748319847800 ) ) ;
#2991 = CARTESIAN_POINT ( 'NONE',  ( 2535.500928401080700, -87.37803857843511000, 286.9540088169442200 ) ) ;
#2992 = FACE_OUTER_BOUND ( 'NONE', #778, .T. ) ;
#2993 = CARTESIAN_POINT ( 'NONE',  ( 602.1942249206406400, 129.5868390639897700, -695.6138625441115000 ) ) ;
#2994 = CARTESIAN_POINT ( 'NONE',  ( -212.4786724770602000, 1.224646799147353200E-014, 100.0000000000000000 ) ) ;
#2995 = CARTESIAN_POINT ( 'NONE',  ( -61.94123650696380400, 135.4254898659801300, -205.8705406480883700 ) ) ;
#2996 = CARTESIAN_POINT ( 'NONE',  ( 939.4621225506404000, 19.90150728271940000, -458.1442288907767900 ) ) ;
#2997 = CARTESIAN_POINT ( 'NONE',  ( 892.9778879739125200, 203.8532090445989100, -410.7756897763131300 ) ) ;
#2998 = CARTESIAN_POINT ( 'NONE',  ( 1704.464960753232400, -4.712376380482743000, 424.5913821206937700 ) ) ;
#2999 = CARTESIAN_POINT ( 'NONE',  ( 664.2486437360743100, -548.9969862515819200, -31.18639701263822100 ) ) ;
#3000 = CARTESIAN_POINT ( 'NONE',  ( 61.94123650696376200, 107.1702339133139500, -568.5339734699186900 ) ) ;
#3001 = CARTESIAN_POINT ( 'NONE',  ( 2884.133791294233600, 90.89275374060264300, -285.8600890759332200 ) ) ;
#3002 = CARTESIAN_POINT ( 'NONE',  ( 997.3105636867522900, 154.9599604722703800, 690.4043972823946000 ) ) ;
#3003 = CARTESIAN_POINT ( 'NONE',  ( -96.05768947636757100, 41.86872085088604900, -133.0341777201032600 ) ) ;
#3004 = ORIENTED_EDGE ( 'NONE', *, *, #693, .F. ) ;
#3005 = CARTESIAN_POINT ( 'NONE',  ( 2775.595015832724100, 305.7133250361565600, 341.8068514386615700 ) ) ;
#3006 = CARTESIAN_POINT ( 'NONE',  ( 1009.188688717554900, -252.2505995273014600, -382.9645614344032700 ) ) ;
#3007 = CARTESIAN_POINT ( 'NONE',  ( 635.3241970297115100, 77.23214120077291500, -417.5348075209003600 ) ) ;
#3008 = CARTESIAN_POINT ( 'NONE',  ( 1634.738391249850100, -252.5439106327093800, 341.3526414264072200 ) ) ;
#3009 =( BOUNDED_SURFACE ( )  B_SPLINE_SURFACE ( 3, 3, ( 
 ( #1300, #298, #568, #17, #2619, #1580, #2342, #41, #1830, #3114, #1805, #53, #2897, #3029, #2984, #2049, #3293, #1229, #3281, #2241, #745, #2804, #1487, #3055, #193, #2540, #1985, #1000, #455, #2021, #1765, #3007, #711, #1538, #2528, #722, #1528, #3269, #2277, #3304, #973, #3020, #2286, #501, #1010, #754, #2266, #2551, #2504, #1217, #1776, #3043, #242, #960, #2771, #2794, #3313, #2034, #2009, #987, #2515, #2759, #1264, #1743, #1500, #204, #1253, #1996, #467, #2252, #1754, #216, #479, #733, #2782, #1242, #3032, #1513, #231, #493, #2603, #1576, #3087, #2572, #541, #2306, #271, #1786, #1547, #2845, #3077, #1020, #784, #262, #1060, #254, #2325, #2857, #521, #2052, #2044, #2061, #1555, #1285, #2071, #529, #795, #2591, #15, #1321, #1050, #775, #2314, #1803, #1309, #36, #1826, #1030, #3109, #511, #294, #1296, #2581, #2824, #2833, #282, #1038, #1564, #2296, #26, #1814 ),
 ( #3098, #2082, #552, #2338, #1590, #807, #2561, #765, #2814, #1276, #3067, #6, #1795, #86, #1348, #1071, #329, #2880, #1872, #3133, #2092, #49, #2120, #587, #3122, #1838, #1861, #2868, #2615, #564, #1850, #1609, #2350, #2363, #306, #819, #1334, #833, #2374, #1600, #61, #2892, #575, #317, #2625, #2107, #1083, #73, #845, #2637, #1097, #1360, #3146, #1619, #475, #1237, #1791, #3060, #2, #2260, #994, #1015, #3072, #258, #2028, #1005, #740, #1533, #1259, #2790, #2568, #2557, #1552, #3048, #2048, #2301, #2281, #771, #729, #3027, #2820, #1508, #12, #249, #2523, #3309, #506, #2799, #760, #2809, #1772, #1543, #2291, #516, #3288, #3299, #1281, #1026, #211, #2546, #237, #2272, #2016, #2040, #487, #2004, #2535, #1760, #2778, #225, #1248, #498, #982, #1781, #3039, #1271, #1522, #749, #303, #3106, #1585, #549, #2079, #2599, #278, #2334, #268, #1057, #2322, #781, #2588 ),
 ( #1305, #538, #23, #3094, #33, #1047, #792, #2057, #2842, #1573, #1811, #1800, #46, #526, #290, #2069, #2854, #1822, #2310, #804, #1293, #2577, #1318, #1835, #1036, #2830, #3084, #1561, #2973, #2205, #1195, #2993, #675, #1970, #3276, #462, #1749, #169, #2225, #2248, #3015, #2743, #2466, #2755, #924, #3264, #1727, #2499, #3002, #1960, #717, #2721, #1483, #199, #1738, #1950, #2510, #2982, #179, #1707, #1473, #1183, #3243, #687, #3232, #3254, #188, #697, #2488, #2766, #1224, #2731, #414, #1991, #1451, #968, #2216, #1494, #426, #2477, #935, #1462, #707, #1717, #438, #948, #1204, #1980, #448, #2235, #956, #1212, #2331, #767, #2066, #2298, #1819, #789, #547, #1549, #2564, #1267, #1012, #1033, #2806, #535, #3057, #2036, #1778, #2554, #245, #1023, #1002, #8, #1044, #2308, #1530, #2288, #2543, #3091, #287, #1807, #1558, #2319, #2046, #2585, #2796, #2839, #1256, #1570, #3045 ),
 ( #2827, #265, #2054, #1540, #777, #256, #2817, #3307, #3081, #2076, #503, #757, #3316, #19, #1788, #275, #513, #1290, #2574, #1278, #3069, #1797, #523, #1302, #31, #2088, #2887, #594, #1595, #1844, #2899, #1104, #1626, #558, #2863, #336, #1054, #1832, #2381, #2126, #850, #2851, #55, #1615, #347, #2643, #2621, #1605, #1327, #2114, #1857, #312, #3154, #3140, #2139, #324, #1367, #92, #2875, #1880, #1315, #300, #607, #2344, #801, #840, #3103, #582, #1090, #68, #1355, #79, #2356, #2370, #2596, #827, #1582, #570, #43, #813, #2609, #3128, #1078, #3116, #1066, #2632, #2099, #1341, #1866, #1379, #2909, #105, #3166, #2665, #2394, #117, #1915, #629, #1637, #1893, #861, #641, #2431, #1404, #2929, #127, #1126, #3187, #1115, #381, #3178, #360, #1905, #1661, #2171, #892, #2406, #371, #619, #2151, #2655, #872, #2919, #1393, #1650, #2160, #2418, #2677, #881, #1136, #1952 ),
 ( #1429, #1187, #3236, #162, #1164, #3257, #709, #2480, #1175, #1720, #2219, #2502, #690, #151, #2954, #3247, #181, #1441, #1983, #1198, #666, #405, #3212, #417, #429, #1688, #2724, #2700, #1206, #1939, #915, #2975, #2996, #453, #172, #2196, #1974, #2456, #700, #940, #441, #2227, #2711, #1475, #2965, #3225, #1454, #2238, #1700, #950, #2491, #2747, #2208, #679, #1729, #2470, #191, #1710, #1963, #927, #2736, #2986, #1466, #3311, #3302, #2294, #2019, #2549, #3053, #3030, #1536, #1485, #465, #252, #2250, #509, #998, #1215, #743, #1251, #1763, #1526, #1774, #2526, #228, #763, #985, #499, #731, #2042, #1008, #958, #3291, #2780, #3018, #2769, #2792, #1227, #2284, #1497, #720, #202, #971, #1994, #1240, #2757, #490, #2802, #2538, #3267, #2513, #3005, #1784, #1741, #3279, #1752, #214, #2007, #3041, #477, #240, #2032, #2275, #752, #1262, #1511, #2263, #2348, #783, #2081, #2312 ),
 ( #48, #2559, #1308, #1837, #1283, #2822, #1018, #2832, #528, #2060, #2844, #1295, #3097, #1575, #2580, #305, #1825, #1028, #1037, #3086, #35, #806, #2601, #1553, #2091, #2812, #3074, #2070, #14, #1802, #281, #1049, #1563, #25, #1274, #1813, #540, #270, #3065, #3108, #562, #2324, #793, #292, #2590, #1545, #551, #4, #1793, #2337, #1059, #2856, #260, #1320, #518, #2050, #2304, #1589, #773, #2570, #844, #2154, #2659, #622, #2361, #1095, #1119, #1897, #1618, #1333, #1630, #3120, #2143, #600, #1372, #1885, #831, #2913, #1849, #2130, #3132, #2891, #818, #1384, #1860, #2373, #574, #340, #60, #2119, #2879, #2105, #1871, #2386, #1358, #3145, #1641, #109, #1608, #2613, #353, #1599, #866, #1082, #3170, #364, #611, #316, #1346, #2903, #72, #1070, #328, #2867, #2624, #2398, #854, #586, #2636, #85, #2648, #1109, #3158, #97, #385, #1653, #1416, #884, #3221, #2410, #1160 ),
 ( #2689, #2175, #1919, #2696, #1149, #2951, #1425, #645, #158, #1683, #2680, #895, #2435, #3208, #662, #2452, #1408, #1696, #875, #1141, #1927, #2933, #1664, #138, #903, #3198, #2942, #1130, #1673, #393, #3190, #2669, #2961, #412, #2185, #130, #2444, #147, #1935, #652, #401, #2192, #911, #2707, #1171, #2922, #1436, #1948, #375, #2203, #1396, #3181, #121, #1908, #2164, #633, #2422, #922, #673, #2463, #2214, #1705, #2980, #1448, #2729, #1460, #167, #1958, #2719, #1181, #2971, #1193, #423, #933, #3230, #685, #2475, #2882, #2327, #2093, #1815, #553, #1310, #543, #307, #565, #2858, #1322, #75, #1863, #37, #2582, #319, #1566, #2627, #2846, #1085, #1072, #3110, #1350, #797, #2351, #283, #2339, #3099, #2592, #820, #2616, #1591, #50, #331, #2122, #1827, #1040, #2109, #27, #3135, #1577, #1611, #589, #2365, #2072, #295, #1335, #2083, #2835, #808, #2376, #1298, #835, #2869 ) ),
 .UNSPECIFIED., .T., .F., .T. ) 
 B_SPLINE_SURFACE_WITH_KNOTS ( ( 4, 3, 4 ),
 ( 4, 1, 1, 1, 1, 1, 1, 1, 1, 1, 1, 1, 1, 1, 1, 1, 1, 1, 1, 1, 1, 1, 1, 1, 1, 1, 1, 1, 1, 1, 1, 1, 1, 1, 1, 1, 1, 1, 1, 1, 1, 1, 1, 1, 1, 1, 1, 1, 1, 1, 1, 1, 1, 1, 1, 1, 1, 1, 1, 1, 1, 1, 1, 1, 1, 1, 1, 1, 1, 1, 1, 1, 1, 1, 1, 1, 1, 1, 1, 1, 1, 1, 1, 1, 1, 1, 1, 1, 1, 1, 1, 1, 1, 1, 1, 1, 1, 1, 1, 1, 1, 1, 1, 1, 1, 1, 1, 1, 1, 1, 1, 1, 1, 1, 1, 1, 1, 1, 1, 1, 1, 1, 1, 1, 1, 1, 1, 1, 4 ),
 ( 0.0000000000000000000, 0.5000000000000000000, 1.000000000000000000 ),
 ( 0.0000000000000000000, 0.007812498270105783400, 0.01562500109867619200, 0.02343749904354634100, 0.03124999760562388600, 0.03906250119592157700, 0.04687499891039848000, 0.05468749772174422200, 0.06250000129585638100, 0.07031249879026797700, 0.07812499784389986800, 0.08593750139596839600, 0.09374999868177907900, 0.1015624979711991600, 0.1093750014953673600, 0.1171874985840685200, 0.1249999981027989000, 0.1328125015932184700, 0.1406249984963307300, 0.1484374982379126600, 0.1562500016887449500, 0.1640624984178144000, 0.1718749983758097200, 0.1796875017812235000, 0.1874999983478233500, 0.1953124985158118100, 0.2031250018699869400, 0.2109374982857137600, 0.2187499986572965800, 0.2265625019544197100, 0.2343749982308942800, 0.2421874987996902000, 0.2500000020339568900, 0.2578124981828233100, 0.2656249989424697100, 0.2734375021080822600, 0.2812499981410093700, 0.2890624990851610700, 0.2968750021763320000, 0.3046874981050089500, 0.3124999992273404000, 0.3203125022382868300, 0.3281249980744224100, 0.3359374993686246000, 0.3437500022935740500, 0.3515624980488999400, 0.3593749995086825700, 0.3671875023418643700, 0.3749999980281314400, 0.3828124996472208600, 0.3906250023828760600, 0.3984374980118506900, 0.4062499997839912300, 0.4140625024163667700, 0.4218749979998377400, 0.4296874999187879600, 0.4375000024421347200, 0.4453124979919032000, 0.4531250000514437400, 0.4609375024600199700, 0.4687499979879063400, 0.4765625001818292700, 0.4843750024698961800, 0.4921874979877351500, 0.5000000003098494800, 0.5078125024716808600, 0.5156249979913217800, 0.5234375004354551200, 0.5312500024653218400, 0.5390624979986307100, 0.5468750005586202600, 0.5546875024508058900, 0.5624999980096562200, 0.5703125006793631200, 0.5781250024281477900, 0.5859374980244300700, 0.5937500007977257700, 0.6015625023973982800, 0.6093749980430129800, 0.6171875009137823800, 0.6250000023586352900, 0.6328124980654950000, 0.6406250010276414200, 0.6484375023119716100, 0.6562499980919985800, 0.6640625011394351000, 0.6718750022575432600, 0.6796874981226654900, 0.6875000012493256400, 0.6953125021955148800, 0.7031249981576699300, 0.7109375013574983400, 0.7187500021260745400, 0.7265624981972113000, 0.7343750014641616800, 0.7421875020494398400, 0.7499999982415060900, 0.7578125015695511600, 0.7656250019658447100, 0.7734374982908042200, 0.7812500016739244400, 0.7890625018755455000, 0.7968749983453600200, 0.8046875017775566600, 0.8125000017788235300, 0.8203124984054658300, 0.8281250018807501100, 0.8359375016759783600, 0.8437499984714169600, 0.8515625019838051200, 0.8593750015673206100, 0.8671874985435305000, 0.8750000020870598600, 0.8828125014531857900, 0.8906249986221431700, 0.8984375021908611600, 0.9062500013339190900, 0.9140624987076081400, 0.9218750022955687400, 0.9296875012098857500, 0.9374999988002746800, 0.9453125024015507400, 0.9531250010814545900, 0.9609374989005250400, 0.9687500025092051800, 0.9765625009486272900, 0.9843749990093700900, 0.9921875017881567300, 1.000000000000000000 ),
 .UNSPECIFIED. ) 
 GEOMETRIC_REPRESENTATION_ITEM ( )  RATIONAL_B_SPLINE_SURFACE ( (
 ( 1.000000000000000200, 1.000000000000000200, 0.9999999999999997800, 1.000000000000000200, 0.9999999999999997800, 1.000000000000000200, 0.9999999999999997800, 1.000000000000000200, 1.000000000000000400, 0.9999999999999997800, 1.000000000000000000, 1.000000000000000000, 0.9999999999999997800, 1.000000000000000400, 0.9999999999999997800, 1.000000000000000200, 1.000000000000000000, 1.000000000000000000, 1.000000000000000000, 1.000000000000000000, 1.000000000000000000, 1.000000000000000000, 1.000000000000000200, 1.000000000000000200, 0.9999999999999997800, 0.9999999999999997800, 1.000000000000000200, 1.000000000000000200, 1.000000000000000000, 1.000000000000000000, 1.000000000000000400, 0.9999999999999997800, 1.000000000000000200, 1.000000000000000000, 1.000000000000000000, 1.000000000000000200, 1.000000000000000200, 0.9999999999999997800, 1.000000000000000200, 0.9999999999999997800, 1.000000000000000200, 1.000000000000000200, 0.9999999999999996700, 1.000000000000000400, 1.000000000000000000, 1.000000000000000200, 1.000000000000000000, 0.9999999999999997800, 1.000000000000000200, 1.000000000000000000, 1.000000000000000200, 0.9999999999999997800, 0.9999999999999997800, 1.000000000000000200, 0.9999999999999996700, 1.000000000000000400, 0.9999999999999997800, 1.000000000000000400, 1.000000000000000000, 0.9999999999999997800, 1.000000000000000200, 0.9999999999999996700, 1.000000000000000400, 0.9999999999999997800, 1.000000000000000200, 1.000000000000000000, 1.000000000000000000, 1.000000000000000200, 1.000000000000000000, 1.000000000000000000, 0.9999999999999997800, 1.000000000000000400, 0.9999999999999996700, 1.000000000000000400, 0.9999999999999996700, 1.000000000000000400, 0.9999999999999997800, 0.9999999999999996700, 0.9999999999999996700, 1.000000000000000000, 1.000000000000000400, 0.9999999999999996700, 1.000000000000000400, 0.9999999999999997800, 0.9999999999999997800, 1.000000000000000200, 1.000000000000000000, 1.000000000000000000, 0.9999999999999996700, 1.000000000000000200, 1.000000000000000200, 1.000000000000000000, 1.000000000000000000, 0.9999999999999997800, 1.000000000000000000, 1.000000000000000200, 0.9999999999999994400, 1.000000000000000200, 0.9999999999999996700, 1.000000000000000200, 1.000000000000000000, 1.000000000000000000, 1.000000000000000200, 1.000000000000000200, 1.000000000000000000, 0.9999999999999997800, 1.000000000000000200, 0.9999999999999996700, 1.000000000000000200, 1.000000000000000200, 0.9999999999999996700, 1.000000000000000400, 0.9999999999999997800, 1.000000000000000000, 1.000000000000000200, 1.000000000000000400, 1.000000000000000000, 0.9999999999999997800, 1.000000000000000200, 1.000000000000000000, 1.000000000000000000, 1.000000000000000200, 1.000000000000000200, 0.9999999999999997800, 1.000000000000000400, 0.9999999999999997800, 0.9999999999999997800, 1.000000000000000400, 1.000000000000000000, 1.000000000000000000, 1.000000000000000000),
 ( 0.3333333333333334300, 0.3333333333333334300, 0.3333333333333333100, 0.3333333333333334800, 0.3333333333333333100, 0.3333333333333334300, 0.3333333333333333100, 0.3333333333333334800, 0.3333333333333335400, 0.3333333333333332600, 0.3333333333333334800, 0.3333333333333333100, 0.3333333333333333700, 0.3333333333333334800, 0.3333333333333333100, 0.3333333333333333700, 0.3333333333333334800, 0.3333333333333332600, 0.3333333333333333700, 0.3333333333333333100, 0.3333333333333333700, 0.3333333333333333100, 0.3333333333333334800, 0.3333333333333333700, 0.3333333333333333100, 0.3333333333333333700, 0.3333333333333333700, 0.3333333333333334300, 0.3333333333333333100, 0.3333333333333334300, 0.3333333333333334300, 0.3333333333333333100, 0.3333333333333333700, 0.3333333333333333700, 0.3333333333333333700, 0.3333333333333334800, 0.3333333333333333100, 0.3333333333333333100, 0.3333333333333334800, 0.3333333333333332600, 0.3333333333333334300, 0.3333333333333334300, 0.3333333333333332600, 0.3333333333333335900, 0.3333333333333333100, 0.3333333333333334800, 0.3333333333333333700, 0.3333333333333332600, 0.3333333333333334300, 0.3333333333333333700, 0.3333333333333334300, 0.3333333333333333700, 0.3333333333333332600, 0.3333333333333334300, 0.3333333333333333100, 0.3333333333333334300, 0.3333333333333333100, 0.3333333333333335400, 0.3333333333333333700, 0.3333333333333333100, 0.3333333333333334300, 0.3333333333333333100, 0.3333333333333334300, 0.3333333333333333700, 0.3333333333333334300, 0.3333333333333333100, 0.3333333333333333700, 0.3333333333333333700, 0.3333333333333334300, 0.3333333333333333100, 0.3333333333333332600, 0.3333333333333335900, 0.3333333333333332000, 0.3333333333333335900, 0.3333333333333332600, 0.3333333333333334300, 0.3333333333333332600, 0.3333333333333333100, 0.3333333333333332600, 0.3333333333333334300, 0.3333333333333334300, 0.3333333333333333100, 0.3333333333333334300, 0.3333333333333333700, 0.3333333333333332000, 0.3333333333333335400, 0.3333333333333333100, 0.3333333333333333700, 0.3333333333333333100, 0.3333333333333334300, 0.3333333333333334300, 0.3333333333333334300, 0.3333333333333333100, 0.3333333333333333100, 0.3333333333333333700, 0.3333333333333333700, 0.3333333333333333100, 0.3333333333333333700, 0.3333333333333333100, 0.3333333333333334300, 0.3333333333333333700, 0.3333333333333333700, 0.3333333333333334300, 0.3333333333333333700, 0.3333333333333334300, 0.3333333333333332600, 0.3333333333333334300, 0.3333333333333333700, 0.3333333333333333700, 0.3333333333333334300, 0.3333333333333332600, 0.3333333333333335400, 0.3333333333333333700, 0.3333333333333333100, 0.3333333333333334300, 0.3333333333333334800, 0.3333333333333333700, 0.3333333333333333100, 0.3333333333333334300, 0.3333333333333334300, 0.3333333333333333700, 0.3333333333333333700, 0.3333333333333334800, 0.3333333333333332600, 0.3333333333333334800, 0.3333333333333333700, 0.3333333333333333100, 0.3333333333333334300, 0.3333333333333333700, 0.3333333333333334300, 0.3333333333333333700),
 ( 0.3333333333333334300, 0.3333333333333334300, 0.3333333333333333100, 0.3333333333333334800, 0.3333333333333333100, 0.3333333333333334300, 0.3333333333333333100, 0.3333333333333334800, 0.3333333333333335400, 0.3333333333333332600, 0.3333333333333334800, 0.3333333333333333100, 0.3333333333333333700, 0.3333333333333334800, 0.3333333333333333100, 0.3333333333333333700, 0.3333333333333334800, 0.3333333333333332600, 0.3333333333333333700, 0.3333333333333333100, 0.3333333333333333700, 0.3333333333333333100, 0.3333333333333334800, 0.3333333333333333700, 0.3333333333333333100, 0.3333333333333333700, 0.3333333333333333700, 0.3333333333333334300, 0.3333333333333333100, 0.3333333333333334300, 0.3333333333333334300, 0.3333333333333333100, 0.3333333333333333700, 0.3333333333333333700, 0.3333333333333333700, 0.3333333333333334800, 0.3333333333333333100, 0.3333333333333333100, 0.3333333333333334800, 0.3333333333333332600, 0.3333333333333334300, 0.3333333333333334300, 0.3333333333333332600, 0.3333333333333335900, 0.3333333333333333100, 0.3333333333333334800, 0.3333333333333333700, 0.3333333333333332600, 0.3333333333333334300, 0.3333333333333333700, 0.3333333333333334300, 0.3333333333333333700, 0.3333333333333332600, 0.3333333333333334300, 0.3333333333333333100, 0.3333333333333334300, 0.3333333333333333100, 0.3333333333333335400, 0.3333333333333333700, 0.3333333333333333100, 0.3333333333333334300, 0.3333333333333333100, 0.3333333333333334300, 0.3333333333333333700, 0.3333333333333334300, 0.3333333333333333100, 0.3333333333333333700, 0.3333333333333333700, 0.3333333333333334300, 0.3333333333333333100, 0.3333333333333332600, 0.3333333333333335900, 0.3333333333333332000, 0.3333333333333335900, 0.3333333333333332600, 0.3333333333333334300, 0.3333333333333332600, 0.3333333333333333100, 0.3333333333333332600, 0.3333333333333334300, 0.3333333333333334300, 0.3333333333333333100, 0.3333333333333334300, 0.3333333333333333700, 0.3333333333333332000, 0.3333333333333335400, 0.3333333333333333100, 0.3333333333333333700, 0.3333333333333333100, 0.3333333333333334300, 0.3333333333333334300, 0.3333333333333334300, 0.3333333333333333100, 0.3333333333333333100, 0.3333333333333333700, 0.3333333333333333700, 0.3333333333333333100, 0.3333333333333333700, 0.3333333333333333100, 0.3333333333333334300, 0.3333333333333333700, 0.3333333333333333700, 0.3333333333333334300, 0.3333333333333333700, 0.3333333333333334300, 0.3333333333333332600, 0.3333333333333334300, 0.3333333333333333700, 0.3333333333333333700, 0.3333333333333334300, 0.3333333333333332600, 0.3333333333333335400, 0.3333333333333333700, 0.3333333333333333100, 0.3333333333333334300, 0.3333333333333334800, 0.3333333333333333700, 0.3333333333333333100, 0.3333333333333334300, 0.3333333333333334300, 0.3333333333333333700, 0.3333333333333333700, 0.3333333333333334800, 0.3333333333333332600, 0.3333333333333334800, 0.3333333333333333700, 0.3333333333333333100, 0.3333333333333334300, 0.3333333333333333700, 0.3333333333333334300, 0.3333333333333333700),
 ( 1.000000000000000200, 1.000000000000000200, 0.9999999999999997800, 1.000000000000000200, 0.9999999999999997800, 1.000000000000000200, 0.9999999999999997800, 1.000000000000000200, 1.000000000000000400, 0.9999999999999997800, 1.000000000000000000, 1.000000000000000000, 0.9999999999999997800, 1.000000000000000400, 0.9999999999999997800, 1.000000000000000200, 1.000000000000000000, 1.000000000000000000, 1.000000000000000000, 1.000000000000000000, 1.000000000000000000, 1.000000000000000000, 1.000000000000000200, 1.000000000000000200, 0.9999999999999997800, 0.9999999999999997800, 1.000000000000000200, 1.000000000000000200, 1.000000000000000000, 1.000000000000000000, 1.000000000000000400, 0.9999999999999997800, 1.000000000000000200, 1.000000000000000000, 1.000000000000000000, 1.000000000000000200, 1.000000000000000200, 0.9999999999999997800, 1.000000000000000200, 0.9999999999999997800, 1.000000000000000200, 1.000000000000000200, 0.9999999999999996700, 1.000000000000000400, 1.000000000000000000, 1.000000000000000200, 1.000000000000000000, 0.9999999999999997800, 1.000000000000000200, 1.000000000000000000, 1.000000000000000200, 0.9999999999999997800, 0.9999999999999997800, 1.000000000000000200, 0.9999999999999996700, 1.000000000000000400, 0.9999999999999997800, 1.000000000000000400, 1.000000000000000000, 0.9999999999999997800, 1.000000000000000200, 0.9999999999999996700, 1.000000000000000400, 0.9999999999999997800, 1.000000000000000200, 1.000000000000000000, 1.000000000000000000, 1.000000000000000200, 1.000000000000000000, 1.000000000000000000, 0.9999999999999997800, 1.000000000000000400, 0.9999999999999996700, 1.000000000000000400, 0.9999999999999996700, 1.000000000000000400, 0.9999999999999997800, 0.9999999999999996700, 0.9999999999999996700, 1.000000000000000000, 1.000000000000000400, 0.9999999999999996700, 1.000000000000000400, 0.9999999999999997800, 0.9999999999999997800, 1.000000000000000200, 1.000000000000000000, 1.000000000000000000, 0.9999999999999996700, 1.000000000000000200, 1.000000000000000200, 1.000000000000000000, 1.000000000000000000, 0.9999999999999997800, 1.000000000000000000, 1.000000000000000200, 0.9999999999999994400, 1.000000000000000200, 0.9999999999999996700, 1.000000000000000200, 1.000000000000000000, 1.000000000000000000, 1.000000000000000200, 1.000000000000000200, 1.000000000000000000, 0.9999999999999997800, 1.000000000000000200, 0.9999999999999996700, 1.000000000000000200, 1.000000000000000200, 0.9999999999999996700, 1.000000000000000400, 0.9999999999999997800, 1.000000000000000000, 1.000000000000000200, 1.000000000000000400, 1.000000000000000000, 0.9999999999999997800, 1.000000000000000200, 1.000000000000000000, 1.000000000000000000, 1.000000000000000200, 1.000000000000000200, 0.9999999999999997800, 1.000000000000000400, 0.9999999999999997800, 0.9999999999999997800, 1.000000000000000400, 1.000000000000000000, 1.000000000000000000, 1.000000000000000000),
 ( 0.3333333333333334300, 0.3333333333333334300, 0.3333333333333333100, 0.3333333333333334800, 0.3333333333333333100, 0.3333333333333334300, 0.3333333333333333100, 0.3333333333333334800, 0.3333333333333335400, 0.3333333333333332600, 0.3333333333333334800, 0.3333333333333333100, 0.3333333333333333700, 0.3333333333333334800, 0.3333333333333333100, 0.3333333333333333700, 0.3333333333333334800, 0.3333333333333332600, 0.3333333333333333700, 0.3333333333333333100, 0.3333333333333333700, 0.3333333333333333100, 0.3333333333333334800, 0.3333333333333333700, 0.3333333333333333100, 0.3333333333333333700, 0.3333333333333333700, 0.3333333333333334300, 0.3333333333333333100, 0.3333333333333334300, 0.3333333333333334300, 0.3333333333333333100, 0.3333333333333333700, 0.3333333333333333700, 0.3333333333333333700, 0.3333333333333334800, 0.3333333333333333100, 0.3333333333333333100, 0.3333333333333334800, 0.3333333333333332600, 0.3333333333333334300, 0.3333333333333334300, 0.3333333333333332600, 0.3333333333333335900, 0.3333333333333333100, 0.3333333333333334800, 0.3333333333333333700, 0.3333333333333332600, 0.3333333333333334300, 0.3333333333333333700, 0.3333333333333334300, 0.3333333333333333700, 0.3333333333333332600, 0.3333333333333334300, 0.3333333333333333100, 0.3333333333333334300, 0.3333333333333333100, 0.3333333333333335400, 0.3333333333333333700, 0.3333333333333333100, 0.3333333333333334300, 0.3333333333333333100, 0.3333333333333334300, 0.3333333333333333700, 0.3333333333333334300, 0.3333333333333333100, 0.3333333333333333700, 0.3333333333333333700, 0.3333333333333334300, 0.3333333333333333100, 0.3333333333333332600, 0.3333333333333335900, 0.3333333333333332000, 0.3333333333333335900, 0.3333333333333332600, 0.3333333333333334300, 0.3333333333333332600, 0.3333333333333333100, 0.3333333333333332600, 0.3333333333333334300, 0.3333333333333334300, 0.3333333333333333100, 0.3333333333333334300, 0.3333333333333333700, 0.3333333333333332000, 0.3333333333333335400, 0.3333333333333333100, 0.3333333333333333700, 0.3333333333333333100, 0.3333333333333334300, 0.3333333333333334300, 0.3333333333333334300, 0.3333333333333333100, 0.3333333333333333100, 0.3333333333333333700, 0.3333333333333333700, 0.3333333333333333100, 0.3333333333333333700, 0.3333333333333333100, 0.3333333333333334300, 0.3333333333333333700, 0.3333333333333333700, 0.3333333333333334300, 0.3333333333333333700, 0.3333333333333334300, 0.3333333333333332600, 0.3333333333333334300, 0.3333333333333333700, 0.3333333333333333700, 0.3333333333333334300, 0.3333333333333332600, 0.3333333333333335400, 0.3333333333333333700, 0.3333333333333333100, 0.3333333333333334300, 0.3333333333333334800, 0.3333333333333333700, 0.3333333333333333100, 0.3333333333333334300, 0.3333333333333334300, 0.3333333333333333700, 0.3333333333333333700, 0.3333333333333334800, 0.3333333333333332600, 0.3333333333333334800, 0.3333333333333333700, 0.3333333333333333100, 0.3333333333333334300, 0.3333333333333333700, 0.3333333333333334300, 0.3333333333333333700),
 ( 0.3333333333333334300, 0.3333333333333334300, 0.3333333333333333100, 0.3333333333333334800, 0.3333333333333333100, 0.3333333333333334300, 0.3333333333333333100, 0.3333333333333334800, 0.3333333333333335400, 0.3333333333333332600, 0.3333333333333334800, 0.3333333333333333100, 0.3333333333333333700, 0.3333333333333334800, 0.3333333333333333100, 0.3333333333333333700, 0.3333333333333334800, 0.3333333333333332600, 0.3333333333333333700, 0.3333333333333333100, 0.3333333333333333700, 0.3333333333333333100, 0.3333333333333334800, 0.3333333333333333700, 0.3333333333333333100, 0.3333333333333333700, 0.3333333333333333700, 0.3333333333333334300, 0.3333333333333333100, 0.3333333333333334300, 0.3333333333333334300, 0.3333333333333333100, 0.3333333333333333700, 0.3333333333333333700, 0.3333333333333333700, 0.3333333333333334800, 0.3333333333333333100, 0.3333333333333333100, 0.3333333333333334800, 0.3333333333333332600, 0.3333333333333334300, 0.3333333333333334300, 0.3333333333333332600, 0.3333333333333335900, 0.3333333333333333100, 0.3333333333333334800, 0.3333333333333333700, 0.3333333333333332600, 0.3333333333333334300, 0.3333333333333333700, 0.3333333333333334300, 0.3333333333333333700, 0.3333333333333332600, 0.3333333333333334300, 0.3333333333333333100, 0.3333333333333334300, 0.3333333333333333100, 0.3333333333333335400, 0.3333333333333333700, 0.3333333333333333100, 0.3333333333333334300, 0.3333333333333333100, 0.3333333333333334300, 0.3333333333333333700, 0.3333333333333334300, 0.3333333333333333100, 0.3333333333333333700, 0.3333333333333333700, 0.3333333333333334300, 0.3333333333333333100, 0.3333333333333332600, 0.3333333333333335900, 0.3333333333333332000, 0.3333333333333335900, 0.3333333333333332600, 0.3333333333333334300, 0.3333333333333332600, 0.3333333333333333100, 0.3333333333333332600, 0.3333333333333334300, 0.3333333333333334300, 0.3333333333333333100, 0.3333333333333334300, 0.3333333333333333700, 0.3333333333333332000, 0.3333333333333335400, 0.3333333333333333100, 0.3333333333333333700, 0.3333333333333333100, 0.3333333333333334300, 0.3333333333333334300, 0.3333333333333334300, 0.3333333333333333100, 0.3333333333333333100, 0.3333333333333333700, 0.3333333333333333700, 0.3333333333333333100, 0.3333333333333333700, 0.3333333333333333100, 0.3333333333333334300, 0.3333333333333333700, 0.3333333333333333700, 0.3333333333333334300, 0.3333333333333333700, 0.3333333333333334300, 0.3333333333333332600, 0.3333333333333334300, 0.3333333333333333700, 0.3333333333333333700, 0.3333333333333334300, 0.3333333333333332600, 0.3333333333333335400, 0.3333333333333333700, 0.3333333333333333100, 0.3333333333333334300, 0.3333333333333334800, 0.3333333333333333700, 0.3333333333333333100, 0.3333333333333334300, 0.3333333333333334300, 0.3333333333333333700, 0.3333333333333333700, 0.3333333333333334800, 0.3333333333333332600, 0.3333333333333334800, 0.3333333333333333700, 0.3333333333333333100, 0.3333333333333334300, 0.3333333333333333700, 0.3333333333333334300, 0.3333333333333333700),
 ( 1.000000000000000200, 1.000000000000000200, 0.9999999999999997800, 1.000000000000000200, 0.9999999999999997800, 1.000000000000000200, 0.9999999999999997800, 1.000000000000000200, 1.000000000000000400, 0.9999999999999997800, 1.000000000000000000, 1.000000000000000000, 0.9999999999999997800, 1.000000000000000400, 0.9999999999999997800, 1.000000000000000200, 1.000000000000000000, 1.000000000000000000, 1.000000000000000000, 1.000000000000000000, 1.000000000000000000, 1.000000000000000000, 1.000000000000000200, 1.000000000000000200, 0.9999999999999997800, 0.9999999999999997800, 1.000000000000000200, 1.000000000000000200, 1.000000000000000000, 1.000000000000000000, 1.000000000000000400, 0.9999999999999997800, 1.000000000000000200, 1.000000000000000000, 1.000000000000000000, 1.000000000000000200, 1.000000000000000200, 0.9999999999999997800, 1.000000000000000200, 0.9999999999999997800, 1.000000000000000200, 1.000000000000000200, 0.9999999999999996700, 1.000000000000000400, 1.000000000000000000, 1.000000000000000200, 1.000000000000000000, 0.9999999999999997800, 1.000000000000000200, 1.000000000000000000, 1.000000000000000200, 0.9999999999999997800, 0.9999999999999997800, 1.000000000000000200, 0.9999999999999996700, 1.000000000000000400, 0.9999999999999997800, 1.000000000000000400, 1.000000000000000000, 0.9999999999999997800, 1.000000000000000200, 0.9999999999999996700, 1.000000000000000400, 0.9999999999999997800, 1.000000000000000200, 1.000000000000000000, 1.000000000000000000, 1.000000000000000200, 1.000000000000000000, 1.000000000000000000, 0.9999999999999997800, 1.000000000000000400, 0.9999999999999996700, 1.000000000000000400, 0.9999999999999996700, 1.000000000000000400, 0.9999999999999997800, 0.9999999999999996700, 0.9999999999999996700, 1.000000000000000000, 1.000000000000000400, 0.9999999999999996700, 1.000000000000000400, 0.9999999999999997800, 0.9999999999999997800, 1.000000000000000200, 1.000000000000000000, 1.000000000000000000, 0.9999999999999996700, 1.000000000000000200, 1.000000000000000200, 1.000000000000000000, 1.000000000000000000, 0.9999999999999997800, 1.000000000000000000, 1.000000000000000200, 0.9999999999999994400, 1.000000000000000200, 0.9999999999999996700, 1.000000000000000200, 1.000000000000000000, 1.000000000000000000, 1.000000000000000200, 1.000000000000000200, 1.000000000000000000, 0.9999999999999997800, 1.000000000000000200, 0.9999999999999996700, 1.000000000000000200, 1.000000000000000200, 0.9999999999999996700, 1.000000000000000400, 0.9999999999999997800, 1.000000000000000000, 1.000000000000000200, 1.000000000000000400, 1.000000000000000000, 0.9999999999999997800, 1.000000000000000200, 1.000000000000000000, 1.000000000000000000, 1.000000000000000200, 1.000000000000000200, 0.9999999999999997800, 1.000000000000000400, 0.9999999999999997800, 0.9999999999999997800, 1.000000000000000400, 1.000000000000000000, 1.000000000000000000, 1.000000000000000000) ) ) 
 REPRESENTATION_ITEM ( '' )  SURFACE ( )  );
#3010 = CARTESIAN_POINT ( 'NONE',  ( 2756.045686599206900, -520.0241269665284600, 52.83314113694499500 ) ) ;
#3011 = CARTESIAN_POINT ( 'NONE',  ( 1082.608021125491600, 466.8089997731204900, -290.6194405672094400 ) ) ;
#3012 = CARTESIAN_POINT ( 'NONE',  ( -61.94123650696377600, 161.7377721547260300, -350.1904221682440800 ) ) ;
#3013 = EDGE_LOOP ( 'NONE', ( #1077, #1359, #1982, #2138, #3004 ) ) ;
#3014 = CARTESIAN_POINT ( 'NONE',  ( 2907.376747891001300, 29.71621633002020200, -298.4876994519062800 ) ) ;
#3015 = CARTESIAN_POINT ( 'NONE',  ( 811.3739793153913500, -702.2689011793012200, 86.54371306149907600 ) ) ;
#3016 = CARTESIAN_POINT ( 'NONE',  ( -95.07192497943366000, 287.6322329264273200, 30.85867689125861800 ) ) ;
#3017 =( NAMED_UNIT ( * ) SI_UNIT ( $, .STERADIAN. ) SOLID_ANGLE_UNIT ( ) );
#3018 = CARTESIAN_POINT ( 'NONE',  ( 2380.477688289078700, -146.3157704291846800, -434.6074670357380100 ) ) ;
#3019 = CARTESIAN_POINT ( 'NONE',  ( 1288.094953688802900, -25.52213297516372500, 457.8655974256256500 ) ) ;
#3020 = CARTESIAN_POINT ( 'NONE',  ( 867.7461269232193200, -401.3591344787880600, 138.6035465161454000 ) ) ;
#3021 = CARTESIAN_POINT ( 'NONE',  ( 1750.949122808540600, 167.7536730660594300, 390.0754622386540400 ) ) ;
#3022 = CARTESIAN_POINT ( 'NONE',  ( 2913.058602738322900, -233.2286537912502500, 51.59361534767946700 ) ) ;
#3023 = CARTESIAN_POINT ( 'NONE',  ( 1431.240844199962600, -470.3402310900012300, 284.8691252070599400 ) ) ;
#3024 = CARTESIAN_POINT ( 'NONE',  ( -61.94123650696381100, 147.0699192162865600, -372.8707035996889700 ) ) ;
#3025 = CARTESIAN_POINT ( 'NONE',  ( 449.3867119737771000, 407.9542018470962700, 117.7857756406480000 ) ) ;
#3026 = CARTESIAN_POINT ( 'NONE',  ( 1193.136644523474600, 421.9752477100066100, -47.29734849041153000 ) ) ;
#3027 = CARTESIAN_POINT ( 'NONE',  ( 1593.936403559098800, 231.2922209485649900, 498.8739922165711400 ) ) ;
#3028 = CARTESIAN_POINT ( 'NONE',  ( 197.6425602308470700, 29.86021417198030300, -81.35837473470461100 ) ) ;
#3029 = CARTESIAN_POINT ( 'NONE',  ( 216.9648834005341500, -303.5637082683479700, 296.8992418256731300 ) ) ;
#3030 = CARTESIAN_POINT ( 'NONE',  ( 1799.423195213265200, -451.2986285190691000, -81.37770472980055600 ) ) ;
#3031 = CARTESIAN_POINT ( 'NONE',  ( 1683.212068028522000, -156.9375369148801800, -430.8858171408174900 ) ) ;
#3032 = CARTESIAN_POINT ( 'NONE',  ( 1681.222561440336200, -92.54819698102512900, 414.4092079586452000 ) ) ;
#3033 = CARTESIAN_POINT ( 'NONE',  ( 2029.855372570679700, 97.62666697265525800, -413.2422961824517500 ) ) ;
#3034 = CARTESIAN_POINT ( 'NONE',  ( 2913.058602738244200, -378.6984817956280800, 37.80443157823967900 ) ) ;
#3035 = CARTESIAN_POINT ( 'NONE',  ( 1849.600242808020300, 220.5130624759951300, -503.7305270327881900 ) ) ;
#3036 = CARTESIAN_POINT ( 'NONE',  ( 635.3241970297115100, 77.23214120077291500, -417.5348075209003600 ) ) ;
#3037 = EDGE_LOOP ( 'NONE', ( #1392, #3124, #2257, #737, #755 ) ) ;
#3038 = CARTESIAN_POINT ( 'NONE',  ( 1518.527605486947100, -422.0848634600073400, -46.30675814131414800 ) ) ;
#3039 = CARTESIAN_POINT ( 'NONE',  ( 2407.412793980285600, 546.0518261763409100, 64.79253689893039300 ) ) ;
#3040 = CARTESIAN_POINT ( 'NONE',  ( 3039.116086553368400, -110.0215323535325100, 160.3208262353557000 ) ) ;
#3041 = CARTESIAN_POINT ( 'NONE',  ( 2938.290200448399000, 373.4202385109154500, -266.1753751654122800 ) ) ;
#3042 = CARTESIAN_POINT ( 'NONE',  ( 2008.602875601206700, 58.71700463649249000, 454.8022295119496300 ) ) ;
#3043 = CARTESIAN_POINT ( 'NONE',  ( 1100.168243801621400, 318.4263695353304800, 280.8996032994163000 ) ) ;
#3044 = CARTESIAN_POINT ( 'NONE',  ( 2616.592506764134200, -103.1371212394077600, -540.1294073019838600 ) ) ;
#3045 = CARTESIAN_POINT ( 'NONE',  ( 2879.928489444849700, -693.5353404577933800, -111.6641039454445000 ) ) ;
#3046 = CARTESIAN_POINT ( 'NONE',  ( 2913.058602738325600, -416.2739075224482700, -66.47794835451811900 ) ) ;
#3047 = CARTESIAN_POINT ( 'NONE',  ( 1286.105543605267300, 248.3360195457722700, -344.4260374339733100 ) ) ;
#3048 = CARTESIAN_POINT ( 'NONE',  ( 1454.483276701521600, -401.1427705174434100, 376.1061364850442000 ) ) ;
#3049 = AXIS2_PLACEMENT_3D ( 'NONE', #83, #3143, #597 ) ;
#3050 = CARTESIAN_POINT ( 'NONE',  ( 356.4179857565110900, 186.6917869077182700, 381.3741909471209500 ) ) ;
#3051 = CARTESIAN_POINT ( 'NONE',  ( 3097.583479757406600, -0.4870618758931252200, -91.99799271287750500 ) ) ;
#3052 = EDGE_CURVE ( 'NONE', #817, #1686, #1929, .T. ) ;
#3053 = CARTESIAN_POINT ( 'NONE',  ( 1776.180918033373900, -424.6585770000073100, -173.0823276385451900 ) ) ;
#3054 = CARTESIAN_POINT ( 'NONE',  ( 2357.235670874011200, -53.13143563306548600, -455.4884577847620300 ) ) ;
#3055 = CARTESIAN_POINT ( 'NONE',  ( 449.3867119737771000, 407.9542018470962700, 117.7857756406480000 ) ) ;
#3056 = CARTESIAN_POINT ( 'NONE',  ( 369.7715365943828900, 541.3703530297564200, 455.6192696466169400 ) ) ;
#3057 = CARTESIAN_POINT ( 'NONE',  ( 2345.358473902691900, -171.9982137403088100, 686.3584909233785500 ) ) ;
#3058 = DIRECTION ( 'NONE',  ( -1.000000000000000000, -0.0000000000000000000, 0.0000000000000000000 ) ) ;
#3059 = CARTESIAN_POINT ( 'NONE',  ( 1588.254164154618400, -369.2081204829041200, 209.7267601632492500 ) ) ;
#3060 = CARTESIAN_POINT ( 'NONE',  ( 1082.608021125491600, 466.8089997731204900, -290.6194405672094400 ) ) ;
#3061 = CARTESIAN_POINT ( 'NONE',  ( 402.9026067520942400, 325.2240922817133000, 273.0004391538154800 ) ) ;
#3062 = CARTESIAN_POINT ( 'NONE',  ( 3130.783884473475600, 184.9561413841765900, 123.5960474175684700 ) ) ;
#3063 = AXIS2_PLACEMENT_3D ( 'NONE', #1943, #1925, #1155 ) ;
#3064 = COLOUR_RGB ( '',0.7921568627450980000, 0.8196078431372548800, 0.9333333333333333500 ) ;
#3065 = CARTESIAN_POINT ( 'NONE',  ( 955.0324865534993300, -282.3212243110734800, -101.3526309604395000 ) ) ;
#3066 = CARTESIAN_POINT ( 'NONE',  ( 2589.657378798226500, -370.1257039887694900, 270.7377531996763800 ) ) ;
#3067 = CARTESIAN_POINT ( 'NONE',  ( -9.774636562915050700, -541.3473812798438300, 96.50803559977134700 ) ) ;
#3068 = CARTESIAN_POINT ( 'NONE',  ( 2291.202019929882700, 218.9795694711112600, 504.3998827943357800 ) ) ;
#3069 = CARTESIAN_POINT ( 'NONE',  ( 503.5429967558602000, 346.1001437266111800, 468.8519148938901800 ) ) ;
#3070 = CARTESIAN_POINT ( 'NONE',  ( 890.9885569975174300, -363.9499450121270500, 218.7244327674069700 ) ) ;
#3071 = CARTESIAN_POINT ( 'NONE',  ( 2239.035064234403800, -423.4302085937501400, 31.73354648527180900 ) ) ;
#3072 = CARTESIAN_POINT ( 'NONE',  ( 1198.819090048924200, -16.03136435387260800, -549.6487734723986000 ) ) ;
#3073 = CARTESIAN_POINT ( 'NONE',  ( 2842.497175569301800, 69.90850197288376900, 10.12693706497340600 ) ) ;
#3074 = CARTESIAN_POINT ( 'NONE',  ( 676.1261645090561400, 287.1382176964576200, -86.77126397693453400 ) ) ;
#3075 = CARTESIAN_POINT ( 'NONE',  ( 978.2753440339637300, -297.1913287805817300, -40.68221700882590100 ) ) ;
#3076 = FACE_OUTER_BOUND ( 'NONE', #704, .T. ) ;
#3077 = CARTESIAN_POINT ( 'NONE',  ( 2006.613505947774500, 181.0966141674948600, -384.0624778713066100 ) ) ;
#3078 = CARTESIAN_POINT ( 'NONE',  ( 2128.506515492966600, -477.1897363406112000, 273.2407478200244100 ) ) ;
#3079 = CARTESIAN_POINT ( 'NONE',  ( -61.94123650696377600, 161.7377721547260300, -350.1904221682440800 ) ) ;
#3080 = CARTESIAN_POINT ( 'NONE',  ( -217.9756472546921500, 198.7115271936786200, -98.98340243488452500 ) ) ;
#3081 = CARTESIAN_POINT ( 'NONE',  ( 224.6367756512844900, -557.2844597401455100, -170.4143663213349700 ) ) ;
#3082 = CARTESIAN_POINT ( 'NONE',  ( 1007.199265687309200, 5.708957576117353700, 424.5792010107563200 ) ) ;
#3083 = CARTESIAN_POINT ( 'NONE',  ( 2378.488193990461700, -102.6904212544789600, 412.0131486121708800 ) ) ;
#3084 = CARTESIAN_POINT ( 'NONE',  ( 485.9832232293727000, 666.2432646023277100, -238.3086427460940500 ) ) ;
#3085 = CARTESIAN_POINT ( 'NONE',  ( 2966.837838460251100, -79.50425484933441600, -43.14497310310682800 ) ) ;
#3086 = CARTESIAN_POINT ( 'NONE',  ( 513.4308964775103700, 117.8916262688715500, 275.8244390898137200 ) ) ;
#3087 = CARTESIAN_POINT ( 'NONE',  ( 1820.675684611383800, 364.4625420738277600, 217.8697246621627800 ) ) ;
#3088 = CARTESIAN_POINT ( 'NONE',  ( 2546.865935465343200, 232.8087005977421900, -498.1672922007171600 ) ) ;
#3089 = CARTESIAN_POINT ( 'NONE',  ( -95.07192497943366000, 449.4958756123501200, -215.3815889692523100 ) ) ;
#3090 = CARTESIAN_POINT ( 'NONE',  ( -227.7075218404731900, 198.8194976484072100, -99.06859049693927900 ) ) ;
#3091 = CARTESIAN_POINT ( 'NONE',  ( 2647.506062379399300, 442.1959726097663300, -552.3889243709537600 ) ) ;
#3092 = CARTESIAN_POINT ( 'NONE',  ( 1913.644669105993200, 406.1886734279198100, -123.7368040717043800 ) ) ;
#3093 = CARTESIAN_POINT ( 'NONE',  ( 2424.972829328015500, 73.08442305010659400, 418.2806104678707000 ) ) ;
#3094 = CARTESIAN_POINT ( 'NONE',  ( -48.58783062920348100, -180.5905614892187100, -683.8887297393893000 ) ) ;
#3095 = CARTESIAN_POINT ( 'NONE',  ( 3193.199717901286500, -205.8822386387404000, 73.93992704120188400 ) ) ;
#3096 = CLOSED_SHELL ( 'NONE', ( #1713, #446, #2949, #433, #640, #2483, #1725, #653, #1944, #2243, #2751, #2436, #2464, #177, #2211, #2497 ) ) ;
#3097 = CARTESIAN_POINT ( 'NONE',  ( 350.7362187944043500, -261.1494062185461200, 147.5761440173012000 ) ) ;
#3098 = CARTESIAN_POINT ( 'NONE',  ( -218.9543979933611400, 70.97173506272919500, -541.2749627333785200 ) ) ;
#3099 = CARTESIAN_POINT ( 'NONE',  ( 2332.004084576911300, -260.8449718800333700, 335.0520991329650500 ) ) ;
#3100 = CARTESIAN_POINT ( 'NONE',  ( 2879.928489444475400, -700.8366108754702300, -40.73965360824527700 ) ) ;
#3101 = CARTESIAN_POINT ( 'NONE',  ( 1834.029423683429300, 702.2507090696476600, 86.68845142629541600 ) ) ;
#3102 = CARTESIAN_POINT ( 'NONE',  ( 53.40237118061838800, -132.2950946960997100, 46.58122271522777400 ) ) ;
#3103 = CARTESIAN_POINT ( 'NONE',  ( 1572.683302221386200, -421.1604097795428200, -402.7799235248297100 ) ) ;
#3104 = CARTESIAN_POINT ( 'NONE',  ( 1448.801046349031100, -314.9553174178816400, -284.7860491532835600 ) ) ;
#3105 = CARTESIAN_POINT ( 'NONE',  ( 2401.730653594198000, -15.13087632668688300, 424.3478062045223300 ) ) ;
#3106 = CARTESIAN_POINT ( 'NONE',  ( 2523.623688644405300, 330.9369407216939300, -439.1482922190898500 ) ) ;
#3107 = CARTESIAN_POINT ( 'NONE',  ( 3108.529749802917200, -211.9407763090540300, -106.9125782947127200 ) ) ;
#3108 = CARTESIAN_POINT ( 'NONE',  ( 978.2753440339637300, -297.1913287805817300, -40.68221700882590100 ) ) ;
#3109 = CARTESIAN_POINT ( 'NONE',  ( 2657.394458048358500, 327.9176437785192800, -269.7594566205813200 ) ) ;
#3110 = CARTESIAN_POINT ( 'NONE',  ( 2192.550946324452500, -399.9637200178939300, -142.5799426460466200 ) ) ;
#3111 = CARTESIAN_POINT ( 'NONE',  ( 2756.045560573874400, -461.0293656872900700, 132.0103878655902700 ) ) ;
#3112 = CARTESIAN_POINT ( 'NONE',  ( 1392.428281712701800, -414.4403909138088700, -573.5068215911933300 ) ) ;
#3113 =( BOUNDED_SURFACE ( )  B_SPLINE_SURFACE ( 3, 3, ( 
 ( #2249, #1474, #3300, #238, #2489, #949, #3255, #1728, #2756, #1992, #718, #2511, #2767, #2547, #2282, #750, #507, #3310, #1272, #3050, #1016, #3061, #1782, #250, #1006, #2800, #1260, #2810, #2041, #2558, #1534, #2292, #761, #2253, #2988, #1468, #1732, #1755, #531, #734, #2760, #1744, #1477, #723, #1998, #194, #3294, #3282, #2315, #468, #2529, #2230, #989, #184, #952, #443, #232, #702, #785, #974, #1200, #2517, #1230, #205, #1501, #217, #2505, #2772, #943, #962, #481, #3249, #457, #1218, #3008, #3270, #712, #2998, #2750, #3021, #1208, #2267, #3259, #2493, #1976, #1986, #2242, #1488, #2010, #2783, #1243, #3033, #1515, #1766, #1722, #2022, #2739, #1675, #2837, #2928, #2201, #2950, #392, #1434, #2443, #1157, #2959, #410, #910, #2191, #643, #399, #2451, #2695, #2183, #2969, #651, #902, #660, #1190, #671, #2706, #2212, #1672, #3217, #1148, #3207, #1423, #3197, #1694, #156 ),
 ( #1681, #1916, #1446, #893, #145, #1945, #1955, #1169, #1703, #2688, #1934, #2461, #920, #382, #2716, #421, #2727, #165, #1179, #3228, #682, #1926, #1457, #2473, #931, #2978, #3240, #1714, #2173, #2432, #2940, #1415, #137, #2786, #2232, #444, #175, #459, #1478, #2999, #976, #945, #964, #953, #2494, #3260, #1734, #2752, #3272, #1220, #1490, #1988, #1977, #2763, #471, #1209, #703, #3011, #196, #2245, #1747, #2000, #2507, #714, #2222, #207, #2255, #725, #2519, #1233, #2775, #3250, #3023, #2485, #1519, #1503, #3284, #2740, #1966, #1757, #220, #2013, #1245, #483, #2269, #736, #2531, #1201, #991, #694, #3035, #3296, #434, #2989, #1723, #1469, #185, #2836, #2563, #2279, #2573, #746, #3078, #1548, #2307, #2825, #1777, #2063, #2795, #3068, #2805, #1556, #255, #1021, #2287, #7, #2816, #2553, #786, #776, #3088, #1277, #16, #3044, #1804, #1001, #244, #1255, #1041, #1529, #1299 ),
 ( #1796, #1031, #1288, #3315, #263, #1567, #1787, #272, #2542, #1266, #2045, #512, #766, #1539, #502, #2035, #2053, #756, #532, #1011, #3306, #3056, #2297, #522, #2316, #2583, #1769, #234, #2025, #494, #555, #544, #1865, #65, #1579, #2095, #3125, #1829, #1063, #2341, #837, #1602, #2124, #2884, #2367, #77, #2629, #810, #2353, #2085, #2328, #2848, #567, #1613, #849, #321, #2605, #1854, #2111, #578, #1074, #2871, #297, #1087, #2860, #3112, #2073, #1352, #591, #3137, #333, #2378, #2641, #1816, #1101, #28, #2896, #1364, #1312, #798, #3151, #823, #1324, #284, #3101, #2593, #1051, #1593, #52, #39, #1841, #309, #2618, #1337, #2652, #615, #2906, #1376, #3163, #90, #2403, #2391, #1623, #2135, #1877, #344, #102, #1636, #604, #1889, #858, #1113, #357, #2148, #2420, #631, #1138, #2911, #596, #349, #1405, #1382, #3168, #1638, #2371, #2930, #3156, #3188, #1369, #119, #2141 ),
 ( #1662, #1106, #326, #1394, #2634, #2901, #106, #372, #609, #1906, #1092, #2383, #2408, #1628, #2116, #94, #2161, #128, #882, #1894, #1882, #852, #338, #584, #2396, #2678, #842, #864, #2657, #1117, #2128, #2889, #1357, #873, #3142, #2645, #361, #1617, #2152, #620, #2666, #1127, #81, #2920, #3179, #1651, #1869, #638, #1400, #2956, #1153, #2674, #3194, #899, #2927, #2168, #125, #1932, #2692, #3214, #657, #143, #1166, #396, #1912, #134, #3185, #115, #626, #1669, #2702, #1941, #1420, #379, #2946, #3203, #1677, #2180, #649, #1658, #2188, #2428, #889, #3174, #2449, #1690, #907, #1431, #153, #407, #2917, #2198, #1123, #668, #2458, #917, #1135, #1389, #2158, #2440, #2685, #1412, #1646, #1902, #1923, #368, #1146, #2414, #879, #2937, #389, #681, #442, #2228, #2987, #1467, #203, #1995, #174, #2713, #454, #1702, #1965, #701, #2758, #3248, #2503, #164, #2977, #1476, #431 ),
 ( #959, #2492, #2221, #1456, #2726, #2251, #1199, #1486, #466, #2738, #1721, #182, #1189, #721, #1177, #3258, #2514, #3238, #1712, #2967, #1975, #692, #2482, #192, #1954, #951, #942, #2748, #2239, #1207, #2997, #1730, #1984, #710, #1216, #3006, #3268, #1742, #1443, #3227, #419, #2210, #2472, #929, #2803, #3303, #1252, #3019, #2793, #1527, #1764, #2781, #2043, #1241, #732, #2285, #3280, #2305, #2020, #753, #1753, #2770, #1537, #3312, #3031, #261, #1263, #1785, #1512, #2033, #215, #500, #1498, #999, #774, #2813, #972, #2527, #3042, #1275, #2051, #1775, #2008, #253, #478, #2295, #2550, #510, #1009, #229, #5, #764, #1228, #3054, #2560, #2264, #1019, #986, #3292, #491, #519, #2276, #744, #3066, #2539, #1546, #1794, #241, #3160, #98, #846, #1873, #2411, #2638, #2144, #1554, #2121, #1098, #2893, #1620, #2375, #1349, #1084, #1110, #2881, #612, #3134, #2108, #1851, #2626, #318 ),
 ( #2399, #87, #2387, #855, #341, #601, #1361, #1610, #2131, #2904, #330, #74, #2649, #1862, #588, #1373, #1631, #1886, #3147, #1284, #354, #867, #2660, #1120, #2914, #1385, #2364, #3171, #62, #623, #1642, #110, #576, #1029, #1898, #365, #2155, #2571, #2823, #3075, #834, #1928, #3182, #394, #2923, #896, #2204, #2708, #674, #2423, #1150, #1172, #1949, #1674, #1397, #1684, #1654, #2193, #654, #1426, #1936, #885, #2962, #1909, #2186, #3191, #2943, #159, #2697, #1417, #1437, #2437, #2453, #122, #1920, #2934, #2165, #2445, #904, #3199, #139, #1665, #386, #402, #1161, #2952, #3209, #148, #663, #2690, #2681, #912, #3222, #1697, #413, #876, #2670, #1131, #376, #634, #1142, #131, #1409, #2176, #646, #1959, #2991, #716, #3275, #2754, #3242, #2498, #1211, #955, #187, #1979, #934, #2234, #178, #2224, #1182, #3001, #3014, #1481, #706, #3263, #1737, #923, #198, #2465, #1990 ),
 ( #1472, #2981, #461, #425, #2247, #2509, #1716, #1969, #1223, #2765, #1748, #1726, #2730, #2487, #210, #447, #967, #1493, #2972, #2003, #436, #474, #696, #2259, #947, #3253, #1461, #2720, #1450, #2742, #3231, #1706, #168, #2215, #686, #2476, #1194, #1203, #739, #224, #11, #2015, #267, #759, #981, #505, #1014, #1532, #1270, #1542, #2280, #3308, #525, #748, #257, #3026, #236, #2545, #1004, #3047, #497, #2789, #2534, #2556, #993, #2047, #1247, #486, #3287, #3038, #1759, #2026, #3059, #515, #1507, #1521, #2808, #3298, #728, #2798, #770, #1551, #2300, #2039, #1771, #1258, #1780, #2056, #248, #2819, #1799, #2290, #1, #1790, #2567, #2522, #2777, #1025, #1236, #1280, #3071, #2271, #2598, #289, #1821, #3118, #3083, #3105, #3093, #2078, #1846, #1317, #2090, #560, #45, #302, #803, #1584, #780, #2358, #22, #791, #1834, #2841, #1572, #2346, #815, #2611, #1056, #1035, #2853 ) ),
 .UNSPECIFIED., .T., .F., .T. ) 
 B_SPLINE_SURFACE_WITH_KNOTS ( ( 4, 3, 4 ),
 ( 4, 1, 1, 1, 1, 1, 1, 1, 1, 1, 1, 1, 1, 1, 1, 1, 1, 1, 1, 1, 1, 1, 1, 1, 1, 1, 1, 1, 1, 1, 1, 1, 1, 1, 1, 1, 1, 1, 1, 1, 1, 1, 1, 1, 1, 1, 1, 1, 1, 1, 1, 1, 1, 1, 1, 1, 1, 1, 1, 1, 1, 1, 1, 1, 1, 1, 1, 1, 1, 1, 1, 1, 1, 1, 1, 1, 1, 1, 1, 1, 1, 1, 1, 1, 1, 1, 1, 1, 1, 1, 1, 1, 1, 1, 1, 1, 1, 1, 1, 1, 1, 1, 1, 1, 1, 1, 1, 1, 1, 1, 1, 1, 1, 1, 1, 1, 1, 1, 1, 1, 1, 1, 1, 1, 1, 1, 1, 1, 4 ),
 ( 0.0000000000000000000, 0.5000000000000000000, 1.000000000000000000 ),
 ( 0.0000000000000000000, 0.007812498270105783400, 0.01562500109867619200, 0.02343749904354634100, 0.03124999760562388600, 0.03906250119592157700, 0.04687499891039848000, 0.05468749772174422200, 0.06250000129585638100, 0.07031249879026797700, 0.07812499784389986800, 0.08593750139596839600, 0.09374999868177907900, 0.1015624979711991600, 0.1093750014953673600, 0.1171874985840685200, 0.1249999981027989000, 0.1328125015932184700, 0.1406249984963307300, 0.1484374982379126600, 0.1562500016887449500, 0.1640624984178144000, 0.1718749983758097200, 0.1796875017812235000, 0.1874999983478233500, 0.1953124985158118100, 0.2031250018699869400, 0.2109374982857137600, 0.2187499986572965800, 0.2265625019544197100, 0.2343749982308942800, 0.2421874987996902000, 0.2500000020339568900, 0.2578124981828233100, 0.2656249989424697100, 0.2734375021080822600, 0.2812499981410093700, 0.2890624990851610700, 0.2968750021763320000, 0.3046874981050089500, 0.3124999992273404000, 0.3203125022382868300, 0.3281249980744224100, 0.3359374993686246000, 0.3437500022935740500, 0.3515624980488999400, 0.3593749995086825700, 0.3671875023418643700, 0.3749999980281314400, 0.3828124996472208600, 0.3906250023828760600, 0.3984374980118506900, 0.4062499997839912300, 0.4140625024163667700, 0.4218749979998377400, 0.4296874999187879600, 0.4375000024421347200, 0.4453124979919032000, 0.4531250000514437400, 0.4609375024600199700, 0.4687499979879063400, 0.4765625001818292700, 0.4843750024698961800, 0.4921874979877351500, 0.5000000003098494800, 0.5078125024716808600, 0.5156249979913217800, 0.5234375004354551200, 0.5312500024653218400, 0.5390624979986307100, 0.5468750005586202600, 0.5546875024508058900, 0.5624999980096562200, 0.5703125006793631200, 0.5781250024281477900, 0.5859374980244300700, 0.5937500007977257700, 0.6015625023973982800, 0.6093749980430129800, 0.6171875009137823800, 0.6250000023586352900, 0.6328124980654950000, 0.6406250010276414200, 0.6484375023119716100, 0.6562499980919985800, 0.6640625011394351000, 0.6718750022575432600, 0.6796874981226654900, 0.6875000012493256400, 0.6953125021955148800, 0.7031249981576699300, 0.7109375013574983400, 0.7187500021260745400, 0.7265624981972113000, 0.7343750014641616800, 0.7421875020494398400, 0.7499999982415060900, 0.7578125015695511600, 0.7656250019658447100, 0.7734374982908042200, 0.7812500016739244400, 0.7890625018755455000, 0.7968749983453600200, 0.8046875017775566600, 0.8125000017788235300, 0.8203124984054658300, 0.8281250018807501100, 0.8359375016759783600, 0.8437499984714169600, 0.8515625019838051200, 0.8593750015673206100, 0.8671874985435305000, 0.8750000020870598600, 0.8828125014531857900, 0.8906249986221431700, 0.8984375021908611600, 0.9062500013339190900, 0.9140624987076081400, 0.9218750022955687400, 0.9296875012098857500, 0.9374999988002746800, 0.9453125024015507400, 0.9531250010814545900, 0.9609374989005250400, 0.9687500025092051800, 0.9765625009486272900, 0.9843749990093700900, 0.9921875017881567300, 1.000000000000000000 ),
 .UNSPECIFIED. ) 
 GEOMETRIC_REPRESENTATION_ITEM ( )  RATIONAL_B_SPLINE_SURFACE ( (
 ( 1.000000000000000200, 1.000000000000000200, 0.9999999999999997800, 1.000000000000000200, 0.9999999999999997800, 1.000000000000000200, 0.9999999999999997800, 1.000000000000000200, 1.000000000000000400, 0.9999999999999997800, 1.000000000000000000, 1.000000000000000000, 0.9999999999999997800, 1.000000000000000400, 0.9999999999999997800, 1.000000000000000200, 1.000000000000000000, 1.000000000000000000, 1.000000000000000000, 1.000000000000000000, 1.000000000000000000, 1.000000000000000000, 1.000000000000000200, 1.000000000000000200, 0.9999999999999997800, 0.9999999999999997800, 1.000000000000000200, 1.000000000000000200, 1.000000000000000000, 1.000000000000000000, 1.000000000000000400, 0.9999999999999997800, 1.000000000000000200, 1.000000000000000000, 1.000000000000000000, 1.000000000000000200, 1.000000000000000200, 0.9999999999999997800, 1.000000000000000200, 0.9999999999999997800, 1.000000000000000200, 1.000000000000000200, 0.9999999999999996700, 1.000000000000000400, 1.000000000000000000, 1.000000000000000200, 1.000000000000000000, 0.9999999999999997800, 1.000000000000000200, 1.000000000000000000, 1.000000000000000200, 0.9999999999999997800, 0.9999999999999997800, 1.000000000000000200, 0.9999999999999996700, 1.000000000000000400, 0.9999999999999997800, 1.000000000000000400, 1.000000000000000000, 0.9999999999999997800, 1.000000000000000200, 0.9999999999999996700, 1.000000000000000400, 0.9999999999999997800, 1.000000000000000200, 1.000000000000000000, 1.000000000000000000, 1.000000000000000200, 1.000000000000000000, 1.000000000000000000, 0.9999999999999997800, 1.000000000000000400, 0.9999999999999996700, 1.000000000000000400, 0.9999999999999996700, 1.000000000000000400, 0.9999999999999997800, 0.9999999999999996700, 0.9999999999999996700, 1.000000000000000000, 1.000000000000000400, 0.9999999999999996700, 1.000000000000000400, 0.9999999999999997800, 0.9999999999999997800, 1.000000000000000200, 1.000000000000000000, 1.000000000000000000, 0.9999999999999996700, 1.000000000000000200, 1.000000000000000200, 1.000000000000000000, 1.000000000000000000, 0.9999999999999997800, 1.000000000000000000, 1.000000000000000200, 0.9999999999999994400, 1.000000000000000200, 0.9999999999999996700, 1.000000000000000200, 1.000000000000000000, 1.000000000000000000, 1.000000000000000200, 1.000000000000000200, 1.000000000000000000, 0.9999999999999997800, 1.000000000000000200, 0.9999999999999996700, 1.000000000000000200, 1.000000000000000200, 0.9999999999999996700, 1.000000000000000400, 0.9999999999999997800, 1.000000000000000000, 1.000000000000000200, 1.000000000000000400, 1.000000000000000000, 0.9999999999999997800, 1.000000000000000200, 1.000000000000000000, 1.000000000000000000, 1.000000000000000200, 1.000000000000000200, 0.9999999999999997800, 1.000000000000000400, 0.9999999999999997800, 0.9999999999999997800, 1.000000000000000400, 1.000000000000000000, 1.000000000000000000, 1.000000000000000000),
 ( 0.3333333333333334300, 0.3333333333333334300, 0.3333333333333333100, 0.3333333333333334800, 0.3333333333333333100, 0.3333333333333334300, 0.3333333333333333100, 0.3333333333333334800, 0.3333333333333335400, 0.3333333333333332600, 0.3333333333333334800, 0.3333333333333333100, 0.3333333333333333700, 0.3333333333333334800, 0.3333333333333333100, 0.3333333333333333700, 0.3333333333333334800, 0.3333333333333332600, 0.3333333333333333700, 0.3333333333333333100, 0.3333333333333333700, 0.3333333333333333100, 0.3333333333333334800, 0.3333333333333333700, 0.3333333333333333100, 0.3333333333333333700, 0.3333333333333333700, 0.3333333333333334300, 0.3333333333333333100, 0.3333333333333334300, 0.3333333333333334300, 0.3333333333333333100, 0.3333333333333333700, 0.3333333333333333700, 0.3333333333333333700, 0.3333333333333334800, 0.3333333333333333100, 0.3333333333333333100, 0.3333333333333334800, 0.3333333333333332600, 0.3333333333333334300, 0.3333333333333334300, 0.3333333333333332600, 0.3333333333333335900, 0.3333333333333333100, 0.3333333333333334800, 0.3333333333333333700, 0.3333333333333332600, 0.3333333333333334300, 0.3333333333333333700, 0.3333333333333334300, 0.3333333333333333700, 0.3333333333333332600, 0.3333333333333334300, 0.3333333333333333100, 0.3333333333333334300, 0.3333333333333333100, 0.3333333333333335400, 0.3333333333333333700, 0.3333333333333333100, 0.3333333333333334300, 0.3333333333333333100, 0.3333333333333334300, 0.3333333333333333700, 0.3333333333333334300, 0.3333333333333333100, 0.3333333333333333700, 0.3333333333333333700, 0.3333333333333334300, 0.3333333333333333100, 0.3333333333333332600, 0.3333333333333335900, 0.3333333333333332000, 0.3333333333333335900, 0.3333333333333332600, 0.3333333333333334300, 0.3333333333333332600, 0.3333333333333333100, 0.3333333333333332600, 0.3333333333333334300, 0.3333333333333334300, 0.3333333333333333100, 0.3333333333333334300, 0.3333333333333333700, 0.3333333333333332000, 0.3333333333333335400, 0.3333333333333333100, 0.3333333333333333700, 0.3333333333333333100, 0.3333333333333334300, 0.3333333333333334300, 0.3333333333333334300, 0.3333333333333333100, 0.3333333333333333100, 0.3333333333333333700, 0.3333333333333333700, 0.3333333333333333100, 0.3333333333333333700, 0.3333333333333333100, 0.3333333333333334300, 0.3333333333333333700, 0.3333333333333333700, 0.3333333333333334300, 0.3333333333333333700, 0.3333333333333334300, 0.3333333333333332600, 0.3333333333333334300, 0.3333333333333333700, 0.3333333333333333700, 0.3333333333333334300, 0.3333333333333332600, 0.3333333333333335400, 0.3333333333333333700, 0.3333333333333333100, 0.3333333333333334300, 0.3333333333333334800, 0.3333333333333333700, 0.3333333333333333100, 0.3333333333333334300, 0.3333333333333334300, 0.3333333333333333700, 0.3333333333333333700, 0.3333333333333334800, 0.3333333333333332600, 0.3333333333333334800, 0.3333333333333333700, 0.3333333333333333100, 0.3333333333333334300, 0.3333333333333333700, 0.3333333333333334300, 0.3333333333333333700),
 ( 0.3333333333333334300, 0.3333333333333334300, 0.3333333333333333100, 0.3333333333333334800, 0.3333333333333333100, 0.3333333333333334300, 0.3333333333333333100, 0.3333333333333334800, 0.3333333333333335400, 0.3333333333333332600, 0.3333333333333334800, 0.3333333333333333100, 0.3333333333333333700, 0.3333333333333334800, 0.3333333333333333100, 0.3333333333333333700, 0.3333333333333334800, 0.3333333333333332600, 0.3333333333333333700, 0.3333333333333333100, 0.3333333333333333700, 0.3333333333333333100, 0.3333333333333334800, 0.3333333333333333700, 0.3333333333333333100, 0.3333333333333333700, 0.3333333333333333700, 0.3333333333333334300, 0.3333333333333333100, 0.3333333333333334300, 0.3333333333333334300, 0.3333333333333333100, 0.3333333333333333700, 0.3333333333333333700, 0.3333333333333333700, 0.3333333333333334800, 0.3333333333333333100, 0.3333333333333333100, 0.3333333333333334800, 0.3333333333333332600, 0.3333333333333334300, 0.3333333333333334300, 0.3333333333333332600, 0.3333333333333335900, 0.3333333333333333100, 0.3333333333333334800, 0.3333333333333333700, 0.3333333333333332600, 0.3333333333333334300, 0.3333333333333333700, 0.3333333333333334300, 0.3333333333333333700, 0.3333333333333332600, 0.3333333333333334300, 0.3333333333333333100, 0.3333333333333334300, 0.3333333333333333100, 0.3333333333333335400, 0.3333333333333333700, 0.3333333333333333100, 0.3333333333333334300, 0.3333333333333333100, 0.3333333333333334300, 0.3333333333333333700, 0.3333333333333334300, 0.3333333333333333100, 0.3333333333333333700, 0.3333333333333333700, 0.3333333333333334300, 0.3333333333333333100, 0.3333333333333332600, 0.3333333333333335900, 0.3333333333333332000, 0.3333333333333335900, 0.3333333333333332600, 0.3333333333333334300, 0.3333333333333332600, 0.3333333333333333100, 0.3333333333333332600, 0.3333333333333334300, 0.3333333333333334300, 0.3333333333333333100, 0.3333333333333334300, 0.3333333333333333700, 0.3333333333333332000, 0.3333333333333335400, 0.3333333333333333100, 0.3333333333333333700, 0.3333333333333333100, 0.3333333333333334300, 0.3333333333333334300, 0.3333333333333334300, 0.3333333333333333100, 0.3333333333333333100, 0.3333333333333333700, 0.3333333333333333700, 0.3333333333333333100, 0.3333333333333333700, 0.3333333333333333100, 0.3333333333333334300, 0.3333333333333333700, 0.3333333333333333700, 0.3333333333333334300, 0.3333333333333333700, 0.3333333333333334300, 0.3333333333333332600, 0.3333333333333334300, 0.3333333333333333700, 0.3333333333333333700, 0.3333333333333334300, 0.3333333333333332600, 0.3333333333333335400, 0.3333333333333333700, 0.3333333333333333100, 0.3333333333333334300, 0.3333333333333334800, 0.3333333333333333700, 0.3333333333333333100, 0.3333333333333334300, 0.3333333333333334300, 0.3333333333333333700, 0.3333333333333333700, 0.3333333333333334800, 0.3333333333333332600, 0.3333333333333334800, 0.3333333333333333700, 0.3333333333333333100, 0.3333333333333334300, 0.3333333333333333700, 0.3333333333333334300, 0.3333333333333333700),
 ( 1.000000000000000200, 1.000000000000000200, 0.9999999999999997800, 1.000000000000000200, 0.9999999999999997800, 1.000000000000000200, 0.9999999999999997800, 1.000000000000000200, 1.000000000000000400, 0.9999999999999997800, 1.000000000000000000, 1.000000000000000000, 0.9999999999999997800, 1.000000000000000400, 0.9999999999999997800, 1.000000000000000200, 1.000000000000000000, 1.000000000000000000, 1.000000000000000000, 1.000000000000000000, 1.000000000000000000, 1.000000000000000000, 1.000000000000000200, 1.000000000000000200, 0.9999999999999997800, 0.9999999999999997800, 1.000000000000000200, 1.000000000000000200, 1.000000000000000000, 1.000000000000000000, 1.000000000000000400, 0.9999999999999997800, 1.000000000000000200, 1.000000000000000000, 1.000000000000000000, 1.000000000000000200, 1.000000000000000200, 0.9999999999999997800, 1.000000000000000200, 0.9999999999999997800, 1.000000000000000200, 1.000000000000000200, 0.9999999999999996700, 1.000000000000000400, 1.000000000000000000, 1.000000000000000200, 1.000000000000000000, 0.9999999999999997800, 1.000000000000000200, 1.000000000000000000, 1.000000000000000200, 0.9999999999999997800, 0.9999999999999997800, 1.000000000000000200, 0.9999999999999996700, 1.000000000000000400, 0.9999999999999997800, 1.000000000000000400, 1.000000000000000000, 0.9999999999999997800, 1.000000000000000200, 0.9999999999999996700, 1.000000000000000400, 0.9999999999999997800, 1.000000000000000200, 1.000000000000000000, 1.000000000000000000, 1.000000000000000200, 1.000000000000000000, 1.000000000000000000, 0.9999999999999997800, 1.000000000000000400, 0.9999999999999996700, 1.000000000000000400, 0.9999999999999996700, 1.000000000000000400, 0.9999999999999997800, 0.9999999999999996700, 0.9999999999999996700, 1.000000000000000000, 1.000000000000000400, 0.9999999999999996700, 1.000000000000000400, 0.9999999999999997800, 0.9999999999999997800, 1.000000000000000200, 1.000000000000000000, 1.000000000000000000, 0.9999999999999996700, 1.000000000000000200, 1.000000000000000200, 1.000000000000000000, 1.000000000000000000, 0.9999999999999997800, 1.000000000000000000, 1.000000000000000200, 0.9999999999999994400, 1.000000000000000200, 0.9999999999999996700, 1.000000000000000200, 1.000000000000000000, 1.000000000000000000, 1.000000000000000200, 1.000000000000000200, 1.000000000000000000, 0.9999999999999997800, 1.000000000000000200, 0.9999999999999996700, 1.000000000000000200, 1.000000000000000200, 0.9999999999999996700, 1.000000000000000400, 0.9999999999999997800, 1.000000000000000000, 1.000000000000000200, 1.000000000000000400, 1.000000000000000000, 0.9999999999999997800, 1.000000000000000200, 1.000000000000000000, 1.000000000000000000, 1.000000000000000200, 1.000000000000000200, 0.9999999999999997800, 1.000000000000000400, 0.9999999999999997800, 0.9999999999999997800, 1.000000000000000400, 1.000000000000000000, 1.000000000000000000, 1.000000000000000000),
 ( 0.3333333333333334300, 0.3333333333333334300, 0.3333333333333333100, 0.3333333333333334800, 0.3333333333333333100, 0.3333333333333334300, 0.3333333333333333100, 0.3333333333333334800, 0.3333333333333335400, 0.3333333333333332600, 0.3333333333333334800, 0.3333333333333333100, 0.3333333333333333700, 0.3333333333333334800, 0.3333333333333333100, 0.3333333333333333700, 0.3333333333333334800, 0.3333333333333332600, 0.3333333333333333700, 0.3333333333333333100, 0.3333333333333333700, 0.3333333333333333100, 0.3333333333333334800, 0.3333333333333333700, 0.3333333333333333100, 0.3333333333333333700, 0.3333333333333333700, 0.3333333333333334300, 0.3333333333333333100, 0.3333333333333334300, 0.3333333333333334300, 0.3333333333333333100, 0.3333333333333333700, 0.3333333333333333700, 0.3333333333333333700, 0.3333333333333334800, 0.3333333333333333100, 0.3333333333333333100, 0.3333333333333334800, 0.3333333333333332600, 0.3333333333333334300, 0.3333333333333334300, 0.3333333333333332600, 0.3333333333333335900, 0.3333333333333333100, 0.3333333333333334800, 0.3333333333333333700, 0.3333333333333332600, 0.3333333333333334300, 0.3333333333333333700, 0.3333333333333334300, 0.3333333333333333700, 0.3333333333333332600, 0.3333333333333334300, 0.3333333333333333100, 0.3333333333333334300, 0.3333333333333333100, 0.3333333333333335400, 0.3333333333333333700, 0.3333333333333333100, 0.3333333333333334300, 0.3333333333333333100, 0.3333333333333334300, 0.3333333333333333700, 0.3333333333333334300, 0.3333333333333333100, 0.3333333333333333700, 0.3333333333333333700, 0.3333333333333334300, 0.3333333333333333100, 0.3333333333333332600, 0.3333333333333335900, 0.3333333333333332000, 0.3333333333333335900, 0.3333333333333332600, 0.3333333333333334300, 0.3333333333333332600, 0.3333333333333333100, 0.3333333333333332600, 0.3333333333333334300, 0.3333333333333334300, 0.3333333333333333100, 0.3333333333333334300, 0.3333333333333333700, 0.3333333333333332000, 0.3333333333333335400, 0.3333333333333333100, 0.3333333333333333700, 0.3333333333333333100, 0.3333333333333334300, 0.3333333333333334300, 0.3333333333333334300, 0.3333333333333333100, 0.3333333333333333100, 0.3333333333333333700, 0.3333333333333333700, 0.3333333333333333100, 0.3333333333333333700, 0.3333333333333333100, 0.3333333333333334300, 0.3333333333333333700, 0.3333333333333333700, 0.3333333333333334300, 0.3333333333333333700, 0.3333333333333334300, 0.3333333333333332600, 0.3333333333333334300, 0.3333333333333333700, 0.3333333333333333700, 0.3333333333333334300, 0.3333333333333332600, 0.3333333333333335400, 0.3333333333333333700, 0.3333333333333333100, 0.3333333333333334300, 0.3333333333333334800, 0.3333333333333333700, 0.3333333333333333100, 0.3333333333333334300, 0.3333333333333334300, 0.3333333333333333700, 0.3333333333333333700, 0.3333333333333334800, 0.3333333333333332600, 0.3333333333333334800, 0.3333333333333333700, 0.3333333333333333100, 0.3333333333333334300, 0.3333333333333333700, 0.3333333333333334300, 0.3333333333333333700),
 ( 0.3333333333333334300, 0.3333333333333334300, 0.3333333333333333100, 0.3333333333333334800, 0.3333333333333333100, 0.3333333333333334300, 0.3333333333333333100, 0.3333333333333334800, 0.3333333333333335400, 0.3333333333333332600, 0.3333333333333334800, 0.3333333333333333100, 0.3333333333333333700, 0.3333333333333334800, 0.3333333333333333100, 0.3333333333333333700, 0.3333333333333334800, 0.3333333333333332600, 0.3333333333333333700, 0.3333333333333333100, 0.3333333333333333700, 0.3333333333333333100, 0.3333333333333334800, 0.3333333333333333700, 0.3333333333333333100, 0.3333333333333333700, 0.3333333333333333700, 0.3333333333333334300, 0.3333333333333333100, 0.3333333333333334300, 0.3333333333333334300, 0.3333333333333333100, 0.3333333333333333700, 0.3333333333333333700, 0.3333333333333333700, 0.3333333333333334800, 0.3333333333333333100, 0.3333333333333333100, 0.3333333333333334800, 0.3333333333333332600, 0.3333333333333334300, 0.3333333333333334300, 0.3333333333333332600, 0.3333333333333335900, 0.3333333333333333100, 0.3333333333333334800, 0.3333333333333333700, 0.3333333333333332600, 0.3333333333333334300, 0.3333333333333333700, 0.3333333333333334300, 0.3333333333333333700, 0.3333333333333332600, 0.3333333333333334300, 0.3333333333333333100, 0.3333333333333334300, 0.3333333333333333100, 0.3333333333333335400, 0.3333333333333333700, 0.3333333333333333100, 0.3333333333333334300, 0.3333333333333333100, 0.3333333333333334300, 0.3333333333333333700, 0.3333333333333334300, 0.3333333333333333100, 0.3333333333333333700, 0.3333333333333333700, 0.3333333333333334300, 0.3333333333333333100, 0.3333333333333332600, 0.3333333333333335900, 0.3333333333333332000, 0.3333333333333335900, 0.3333333333333332600, 0.3333333333333334300, 0.3333333333333332600, 0.3333333333333333100, 0.3333333333333332600, 0.3333333333333334300, 0.3333333333333334300, 0.3333333333333333100, 0.3333333333333334300, 0.3333333333333333700, 0.3333333333333332000, 0.3333333333333335400, 0.3333333333333333100, 0.3333333333333333700, 0.3333333333333333100, 0.3333333333333334300, 0.3333333333333334300, 0.3333333333333334300, 0.3333333333333333100, 0.3333333333333333100, 0.3333333333333333700, 0.3333333333333333700, 0.3333333333333333100, 0.3333333333333333700, 0.3333333333333333100, 0.3333333333333334300, 0.3333333333333333700, 0.3333333333333333700, 0.3333333333333334300, 0.3333333333333333700, 0.3333333333333334300, 0.3333333333333332600, 0.3333333333333334300, 0.3333333333333333700, 0.3333333333333333700, 0.3333333333333334300, 0.3333333333333332600, 0.3333333333333335400, 0.3333333333333333700, 0.3333333333333333100, 0.3333333333333334300, 0.3333333333333334800, 0.3333333333333333700, 0.3333333333333333100, 0.3333333333333334300, 0.3333333333333334300, 0.3333333333333333700, 0.3333333333333333700, 0.3333333333333334800, 0.3333333333333332600, 0.3333333333333334800, 0.3333333333333333700, 0.3333333333333333100, 0.3333333333333334300, 0.3333333333333333700, 0.3333333333333334300, 0.3333333333333333700),
 ( 1.000000000000000200, 1.000000000000000200, 0.9999999999999997800, 1.000000000000000200, 0.9999999999999997800, 1.000000000000000200, 0.9999999999999997800, 1.000000000000000200, 1.000000000000000400, 0.9999999999999997800, 1.000000000000000000, 1.000000000000000000, 0.9999999999999997800, 1.000000000000000400, 0.9999999999999997800, 1.000000000000000200, 1.000000000000000000, 1.000000000000000000, 1.000000000000000000, 1.000000000000000000, 1.000000000000000000, 1.000000000000000000, 1.000000000000000200, 1.000000000000000200, 0.9999999999999997800, 0.9999999999999997800, 1.000000000000000200, 1.000000000000000200, 1.000000000000000000, 1.000000000000000000, 1.000000000000000400, 0.9999999999999997800, 1.000000000000000200, 1.000000000000000000, 1.000000000000000000, 1.000000000000000200, 1.000000000000000200, 0.9999999999999997800, 1.000000000000000200, 0.9999999999999997800, 1.000000000000000200, 1.000000000000000200, 0.9999999999999996700, 1.000000000000000400, 1.000000000000000000, 1.000000000000000200, 1.000000000000000000, 0.9999999999999997800, 1.000000000000000200, 1.000000000000000000, 1.000000000000000200, 0.9999999999999997800, 0.9999999999999997800, 1.000000000000000200, 0.9999999999999996700, 1.000000000000000400, 0.9999999999999997800, 1.000000000000000400, 1.000000000000000000, 0.9999999999999997800, 1.000000000000000200, 0.9999999999999996700, 1.000000000000000400, 0.9999999999999997800, 1.000000000000000200, 1.000000000000000000, 1.000000000000000000, 1.000000000000000200, 1.000000000000000000, 1.000000000000000000, 0.9999999999999997800, 1.000000000000000400, 0.9999999999999996700, 1.000000000000000400, 0.9999999999999996700, 1.000000000000000400, 0.9999999999999997800, 0.9999999999999996700, 0.9999999999999996700, 1.000000000000000000, 1.000000000000000400, 0.9999999999999996700, 1.000000000000000400, 0.9999999999999997800, 0.9999999999999997800, 1.000000000000000200, 1.000000000000000000, 1.000000000000000000, 0.9999999999999996700, 1.000000000000000200, 1.000000000000000200, 1.000000000000000000, 1.000000000000000000, 0.9999999999999997800, 1.000000000000000000, 1.000000000000000200, 0.9999999999999994400, 1.000000000000000200, 0.9999999999999996700, 1.000000000000000200, 1.000000000000000000, 1.000000000000000000, 1.000000000000000200, 1.000000000000000200, 1.000000000000000000, 0.9999999999999997800, 1.000000000000000200, 0.9999999999999996700, 1.000000000000000200, 1.000000000000000200, 0.9999999999999996700, 1.000000000000000400, 0.9999999999999997800, 1.000000000000000000, 1.000000000000000200, 1.000000000000000400, 1.000000000000000000, 0.9999999999999997800, 1.000000000000000200, 1.000000000000000000, 1.000000000000000000, 1.000000000000000200, 1.000000000000000200, 0.9999999999999997800, 1.000000000000000400, 0.9999999999999997800, 0.9999999999999997800, 1.000000000000000400, 1.000000000000000000, 1.000000000000000000, 1.000000000000000000) ) ) 
 REPRESENTATION_ITEM ( '' )  SURFACE ( )  );
#3114 = CARTESIAN_POINT ( 'NONE',  ( 123.9963410469408100, -423.8488862914641700, -25.54015740645641900 ) ) ;
#3115 = CARTESIAN_POINT ( 'NONE',  ( -111.0977507124092800, 245.0792236917915800, 64.43275417411533100 ) ) ;
#3116 = CARTESIAN_POINT ( 'NONE',  ( 1967.800643608884700, 545.7863516630791300, 204.2664826987025900 ) ) ;
#3117 = CARTESIAN_POINT ( 'NONE',  ( 1216.378974091563800, 403.0297565761927100, -133.6678469861857100 ) ) ;
#3118 = CARTESIAN_POINT ( 'NONE',  ( 2355.246276763386000, -185.7960746596789900, 381.8112290369313100 ) ) ;
#3119 = CARTESIAN_POINT ( 'NONE',  ( 3166.307107250603200, -189.0484227734633300, -121.0659613004084500 ) ) ;
#3120 = CARTESIAN_POINT ( 'NONE',  ( 1722.024880506905200, -290.1374830982376800, 76.14407892314737600 ) ) ;
#3121 = EDGE_LOOP ( 'NONE', ( #3235, #2468, #2326, #2336 ) ) ;
#3122 = CARTESIAN_POINT ( 'NONE',  ( 315.6158373413586600, 549.3383683346073700, 24.44699068286161400 ) ) ;
#3123 = CARTESIAN_POINT ( 'NONE',  ( 3036.942343978378600, -394.8868687028291900, 210.4994084670908900 ) ) ;
#3124 = ORIENTED_EDGE ( 'NONE', *, *, #2200, .F. ) ;
#3125 = CARTESIAN_POINT ( 'NONE',  ( 718.4043177474318300, -535.7384179552171900, -462.2284548361399200 ) ) ;
#3126 = CARTESIAN_POINT ( 'NONE',  ( -218.9543979933612300, 77.99418144533945000, -540.0896183472039000 ) ) ;
#3127 = CARTESIAN_POINT ( 'NONE',  ( -212.4786724770602000, 1.224646799147353200E-014, 100.0000000000000000 ) ) ;
#3128 = CARTESIAN_POINT ( 'NONE',  ( 1921.316139903172600, 416.1859946219793200, 407.9178447688838700 ) ) ;
#3129 = CARTESIAN_POINT ( 'NONE',  ( 2424.972829328015500, 73.08442305010659400, 418.2806104678707000 ) ) ;
#3130 = CARTESIAN_POINT ( 'NONE',  ( 3887.478672477059700, 100.0000000000061400, -7.210099418228106000E-012 ) ) ;
#3131 = CARTESIAN_POINT ( 'NONE',  ( 317.6051919774894300, -500.5184489715281900, 298.4777502169373000 ) ) ;
#3132 = CARTESIAN_POINT ( 'NONE',  ( 1931.204624532656500, 160.2119287090801800, 253.5938269759312200 ) ) ;
#3133 = CARTESIAN_POINT ( 'NONE',  ( 199.4050750355121100, 255.4919475465650000, 486.9239428044285200 ) ) ;
#3134 = CARTESIAN_POINT ( 'NONE',  ( 3124.227800036517200, -301.5761030582143000, -345.4485228012615000 ) ) ;
#3135 = CARTESIAN_POINT ( 'NONE',  ( 2610.910360134809700, 409.1029209792747600, -113.7312204753230000 ) ) ;
#3136 = CARTESIAN_POINT ( 'NONE',  ( 3193.956198512024000, -357.2691450882200600, 91.39690489872781100 ) ) ;
#3137 = CARTESIAN_POINT ( 'NONE',  ( 1485.396542117167900, -703.2615765633172500, -78.06432614258821400 ) ) ;
#3138 = DIRECTION ( 'NONE',  ( -2.205967590111317200E-015, -1.000000000000000000, 0.0000000000000000000 ) ) ;
#3139 = CARTESIAN_POINT ( 'NONE',  ( 3187.478672477060200, 6.661338147750939200E-012, -7.327471962526033200E-012 ) ) ;
#3140 = CARTESIAN_POINT ( 'NONE',  ( 1270.535098845258500, 550.6349114314797400, 190.8105577119699800 ) ) ;
#3141 = CARTESIAN_POINT ( 'NONE',  ( 2494.699381346197200, 304.2596785729984400, 296.1858475686171300 ) ) ;
#3142 = CARTESIAN_POINT ( 'NONE',  ( 828.9336421551297500, -234.9646976282108700, -533.2908317999646200 ) ) ;
#3143 = DIRECTION ( 'NONE',  ( 0.0000000000000000000, 0.0000000000000000000, 1.000000000000000000 ) ) ;
#3144 = CARTESIAN_POINT ( 'NONE',  ( 1014.870789427402100, -507.6927729436625300, 286.1045136165090500 ) ) ;
#3145 = CARTESIAN_POINT ( 'NONE',  ( 2279.837529539980600, -157.0879964104343000, -255.5407379340103900 ) ) ;
#3146 = CARTESIAN_POINT ( 'NONE',  ( 966.3973226063966400, 486.1445275916934200, 256.9723565164448500 ) ) ;
#3147 = CARTESIAN_POINT ( 'NONE',  ( 490.1893650057285200, 58.20994019333725300, 294.2606571764902100 ) ) ;
#3148 = CARTESIAN_POINT ( 'NONE',  ( -61.94123650696379000, 119.9427753087445900, -194.6341534985647900 ) ) ;
#3149 = CARTESIAN_POINT ( 'NONE',  ( 3187.478672477060200, 11.40110498045432400, -99.34794816817427000 ) ) ;
#3150 = CARTESIAN_POINT ( 'NONE',  ( 3193.876210206158700, -260.1292937921663800, 100.1605231275336800 ) ) ;
#3151 = CARTESIAN_POINT ( 'NONE',  ( 1741.060994770441100, 407.3712335865843700, 578.5495111975782300 ) ) ;
#3152 = CARTESIAN_POINT ( 'NONE',  ( 3036.941464435581600, -497.8687535770161500, 142.5266229423604600 ) ) ;
#3153 = CARTESIAN_POINT ( 'NONE',  ( -182.5680654982462000, 1.178588654849433800, -100.9298996074385900 ) ) ;
#3154 = CARTESIAN_POINT ( 'NONE',  ( 1247.293062595535000, 499.1768028633487100, 300.7158049394005300 ) ) ;
#3155 = CARTESIAN_POINT ( 'NONE',  ( 2796.847592894867800, -153.2942341901155600, -395.9750839104348200 ) ) ;
#3156 = CARTESIAN_POINT ( 'NONE',  ( 2810.201668341058800, -500.5388776468904600, -500.3715812736811000 ) ) ;
#3157 = CARTESIAN_POINT ( 'NONE',  ( 968.3867846126880700, -580.0787920073490800, 55.82203233079700100 ) ) ;
#3158 = CARTESIAN_POINT ( 'NONE',  ( 2907.376747891001300, 29.71621633002020200, -298.4876994519062800 ) ) ;
#3159 = ORIENTED_EDGE ( 'NONE', *, *, #630, .F. ) ;
#3160 = CARTESIAN_POINT ( 'NONE',  ( 2705.868459076642500, 47.53785297984235600, 456.1060590628786700 ) ) ;
#3161 = CARTESIAN_POINT ( 'NONE',  ( 3097.583479757406600, -0.4870618758931252200, -91.99799271287750500 ) ) ;
#3162 = CARTESIAN_POINT ( 'NONE',  ( 2913.058602738323300, -223.9190532165985700, 46.14064577414685400 ) ) ;
#3163 = CARTESIAN_POINT ( 'NONE',  ( 2159.420253133026100, -666.1939914850572700, -238.4457511832228200 ) ) ;
#3164 = CIRCLE ( 'NONE', #1330, 99.99999999999987200 ) ;
#3165 = CARTESIAN_POINT ( 'NONE',  ( -79.46056378098406000, 61.53529561829892500, -148.5509910549578500 ) ) ;
#3166 = CARTESIAN_POINT ( 'NONE',  ( 2176.980307464918000, 29.89778353012718900, -581.9911357455704300 ) ) ;
#3167 = CARTESIAN_POINT ( 'NONE',  ( 2471.457222529656100, 236.3191106539477200, 352.7793610130491400 ) ) ;
#3168 = CARTESIAN_POINT ( 'NONE',  ( 2717.232607433895300, 34.79135313864354400, -706.7249344214485500 ) ) ;
#3169 = CARTESIAN_POINT ( 'NONE',  ( 875.4176662236719700, -430.9182465231791600, -392.3228281870228200 ) ) ;
#3170 = CARTESIAN_POINT ( 'NONE',  ( 2489.017270857713400, -196.1669741735810500, 226.9278157142553600 ) ) ;
#3171 = CARTESIAN_POINT ( 'NONE',  ( 699.3690766835369500, 262.9406972956944600, -144.3603856328132600 ) ) ;
#3172 = CARTESIAN_POINT ( 'NONE',  ( 3140.689233324243100, 9.693319666490815200, -98.29209606443747300 ) ) ;
#3173 = CARTESIAN_POINT ( 'NONE',  ( 3070.071510555134000, -291.2724125544205000, -61.98407372142636300 ) ) ;
#3174 = CARTESIAN_POINT ( 'NONE',  ( 1967.800643608884700, 545.7863516630791300, 204.2664826987025900 ) ) ;
#3175 = CARTESIAN_POINT ( 'NONE',  ( 3036.941140506669400, -450.2035529650881900, 182.2948837926333900 ) ) ;
#3176 = CARTESIAN_POINT ( 'NONE',  ( 61.94123650696376200, 107.1702339133139500, -568.5339734699186900 ) ) ;
#3177 = CIRCLE ( 'NONE', #1159, 99.99999999999987200 ) ;
#3178 = CARTESIAN_POINT ( 'NONE',  ( 2595.339636766300400, 310.6712530593217700, 493.0425735044831900 ) ) ;
#3179 = CARTESIAN_POINT ( 'NONE',  ( 1061.355435237922400, -348.1958377790681400, 467.2976757908674600 ) ) ;
#3180 = CARTESIAN_POINT ( 'NONE',  ( 480.3007755306075000, 241.4912409802057600, 530.3673701542030600 ) ) ;
#3181 = CARTESIAN_POINT ( 'NONE',  ( 1100.168243801621400, 318.4263695353304800, 280.8996032994163000 ) ) ;
#3182 = CARTESIAN_POINT ( 'NONE',  ( 1048.001908113436000, -264.6924045872078200, 141.1228492377041400 ) ) ;
#3183 = CARTESIAN_POINT ( 'NONE',  ( 2966.837838460251100, -79.50425484933441600, -43.14497310310682800 ) ) ;
#3184 = CARTESIAN_POINT ( 'NONE',  ( -61.94123650696379000, 119.9427753087445900, -194.6341534985647900 ) ) ;
#3185 = CARTESIAN_POINT ( 'NONE',  ( 1572.683302221386200, -421.1604097795428200, -402.7799235248297100 ) ) ;
#3186 = CARTESIAN_POINT ( 'NONE',  ( 3036.902349825744300, -225.4543811013532200, 219.1331831645552200 ) ) ;
#3187 = CARTESIAN_POINT ( 'NONE',  ( 2525.613081696607400, -37.03751837823941900, 581.5804508844024700 ) ) ;
#3188 = CARTESIAN_POINT ( 'NONE',  ( 2833.444394273809800, -592.1211194691067000, -385.9801046984203500 ) ) ;
#3189 = CARTESIAN_POINT ( 'NONE',  ( 1665.652462932874600, -581.2739659381416000, 41.56945515253973900 ) ) ;
#3190 = CARTESIAN_POINT ( 'NONE',  ( 612.0823020960837100, 162.0333484207332000, -392.4858443243468300 ) ) ;
#3191 = CARTESIAN_POINT ( 'NONE',  ( 1582.571717650021600, -163.3117308542658500, -251.6087245053055000 ) ) ;
#3192 = CARTESIAN_POINT ( 'NONE',  ( 3192.826889983940000, -212.9710033405603200, 78.32261323841596800 ) ) ;
#3193 = CARTESIAN_POINT ( 'NONE',  ( 2269.948991682409500, -411.1489118333715300, -412.9943123240092900 ) ) ;
#3194 = CARTESIAN_POINT ( 'NONE',  ( 1247.293062595535000, 499.1768028633487100, 300.7158049394005300 ) ) ;
#3195 = CARTESIAN_POINT ( 'NONE',  ( 218.9543979933611700, 116.5314231406407800, -439.2640347981517300 ) ) ;
#3196 = CARTESIAN_POINT ( 'NONE',  ( 3090.417687956870900, -40.43782390317363000, 117.3001348449571300 ) ) ;
#3197 = CARTESIAN_POINT ( 'NONE',  ( 2889.816753119018800, -398.6321166331462100, -150.3016251804800700 ) ) ;
#3198 = CARTESIAN_POINT ( 'NONE',  ( 495.8710903151131800, 420.6873633871350600, -57.63897046587885600 ) ) ;
#3199 = CARTESIAN_POINT ( 'NONE',  ( 1907.961842057982300, 104.2151251835538100, 281.2769322607366600 ) ) ;
#3200 = CARTESIAN_POINT ( 'NONE',  ( 3140.689233324243100, 9.693319666490815200, -98.29209606443747300 ) ) ;
#3201 = EDGE_LOOP ( 'NONE', ( #1158, #2265, #2608, #1297 ) ) ;
#3202 = CARTESIAN_POINT ( 'NONE',  ( 1874.832155954665000, 215.1766125267149900, 541.5777473331249900 ) ) ;
#3203 = CARTESIAN_POINT ( 'NONE',  ( 1781.863003179551900, -256.7795618564801400, 523.1367041973861700 ) ) ;
#3204 = CARTESIAN_POINT ( 'NONE',  ( 61.94123650696374700, 213.6767058318305300, -68.58968059316183000 ) ) ;
#3205 = CARTESIAN_POINT ( 'NONE',  ( 61.94123650696374000, 281.4294386214868400, -134.8436574990155600 ) ) ;
#3206 = EDGE_LOOP ( 'NONE', ( #140, #2717, #2362, #2023 ) ) ;
#3207 = CARTESIAN_POINT ( 'NONE',  ( 2843.332141944883000, -300.7663593893897800, -299.7501137585966800 ) ) ;
#3208 = CARTESIAN_POINT ( 'NONE',  ( 216.9648834005341500, -303.5637082683479700, 296.8992418256731300 ) ) ;
#3209 = CARTESIAN_POINT ( 'NONE',  ( 2070.657786866082900, 291.0500410831277200, -72.57803841036981400 ) ) ;
#3210 = CARTESIAN_POINT ( 'NONE',  ( -96.05768947636757100, 41.86872085088604900, -133.0341777201032600 ) ) ;
#3211 = CARTESIAN_POINT ( 'NONE',  ( 3193.450883286381700, -230.2684202698479200, 87.36792280613005300 ) ) ;
#3212 = CARTESIAN_POINT ( 'NONE',  ( 707.0402430291035200, 388.8159532743740100, 243.1344242575138100 ) ) ;
#3213 = CARTESIAN_POINT ( 'NONE',  ( 2920.730555420585000, -195.1088028159823600, -549.1272522230489100 ) ) ;
#3214 = CARTESIAN_POINT ( 'NONE',  ( 1409.988207793432800, 353.9041451239078200, -462.9895699699028500 ) ) ;
#3215 = CARTESIAN_POINT ( 'NONE',  ( 61.94123650696374000, 281.4294386214868400, -134.8436574990155600 ) ) ;
#3216 = CARTESIAN_POINT ( 'NONE',  ( 61.94123650696376200, 325.9069629891425800, -234.3499819006185600 ) ) ;
#3217 = CARTESIAN_POINT ( 'NONE',  ( 2796.847592894867800, -153.2942341901155600, -395.9750839104348200 ) ) ;
#3218 = EDGE_LOOP ( 'NONE', ( #678, #1254, #1956, #897, #2447 ) ) ;
#3219 = AXIS2_PLACEMENT_3D ( 'NONE', #3139, #871, #1625 ) ;
#3220 = CARTESIAN_POINT ( 'NONE',  ( 218.9543979933613100, 206.9396171922460300, -316.7047841535695600 ) ) ;
#3221 = CARTESIAN_POINT ( 'NONE',  ( 3046.830131125924300, -273.8122372702633800, -122.8741976230479200 ) ) ;
#3222 = CARTESIAN_POINT ( 'NONE',  ( 2210.110948779869400, 22.38214300885066500, -299.1266355311905700 ) ) ;
#3223 = CARTESIAN_POINT ( 'NONE',  ( 3036.941397261658900, -137.5350240503095700, 177.3312653412857600 ) ) ;
#3224 = CARTESIAN_POINT ( 'NONE',  ( 2879.928489444655000, -692.5649592883628400, 22.54331323322707800 ) ) ;
#3225 = CARTESIAN_POINT ( 'NONE',  ( 1241.610703125867800, -208.8787030011910100, 408.2431865046482400 ) ) ;
#3226 = CARTESIAN_POINT ( 'NONE',  ( 2130.495849232353100, 263.1798616781942400, -519.9462471761703500 ) ) ;
#3227 = CARTESIAN_POINT ( 'NONE',  ( 1102.157577733573100, -453.1598415778300400, -70.27778575480782300 ) ) ;
#3228 = CARTESIAN_POINT ( 'NONE',  ( 199.4050750355121100, 255.4919475465650000, 486.9239428044285200 ) ) ;
#3229 = CARTESIAN_POINT ( 'NONE',  ( 218.9543979933611700, 157.5810685800500200, -183.3059842399335700 ) ) ;
#3230 = CARTESIAN_POINT ( 'NONE',  ( 1634.738391249850100, -252.5439106327093800, 341.3526414264072200 ) ) ;
#3231 = CARTESIAN_POINT ( 'NONE',  ( 612.0823020960837100, 162.0333484207332000, -392.4858443243468300 ) ) ;
#3232 = CARTESIAN_POINT ( 'NONE',  ( 1369.186595258513500, -286.6752478637018300, -646.9070702270215600 ) ) ;
#3233 = CARTESIAN_POINT ( 'NONE',  ( 2756.045694921518100, -155.7622686305115800, 149.6497189656782000 ) ) ;
#3234 = CARTESIAN_POINT ( 'NONE',  ( 3193.954305576692600, -450.5484628117050600, -82.62553727536715100 ) ) ;
#3235 = ORIENTED_EDGE ( 'NONE', *, *, #527, .F. ) ;
#3236 = CARTESIAN_POINT ( 'NONE',  ( 242.1963968773295100, 10.40568774777756600, -460.6776938504572200 ) ) ;
#3237 = CARTESIAN_POINT ( 'NONE',  ( -61.94123650696380400, 66.47794375361736700, -416.2737795422888800 ) ) ;
#3238 = CARTESIAN_POINT ( 'NONE',  ( 590.8292923422435500, -14.27788145859893900, 458.3538694347742500 ) ) ;
#3239 = FACE_OUTER_BOUND ( 'NONE', #1867, .T. ) ;
#3240 = CARTESIAN_POINT ( 'NONE',  ( 362.1003974066162500, 512.1179182806971500, -200.2654833363896800 ) ) ;
#3241 = CARTESIAN_POINT ( 'NONE',  ( -95.07192497943367500, 183.7691912277825300, -679.5439825254233000 ) ) ;
#3242 = CARTESIAN_POINT ( 'NONE',  ( 2628.470430784224400, 153.9404019843497600, 257.4491647699554200 ) ) ;
#3243 = CARTESIAN_POINT ( 'NONE',  ( 1322.701739164673200, 0.07284046875806221600, -707.5810332838779000 ) ) ;
#3244 = CARTESIAN_POINT ( 'NONE',  ( 3166.307107250603200, -189.0484227734633300, -121.0659613004084500 ) ) ;
#3245 = SURFACE_STYLE_USAGE ( .BOTH. , #2734 ) ;
#3246 = CARTESIAN_POINT ( 'NONE',  ( 3036.941401422999700, -559.6275473987519700, 42.04273926770135000 ) ) ;
#3247 = CARTESIAN_POINT ( 'NONE',  ( 544.3450674694460100, -198.7970129297899300, 413.2463065057873500 ) ) ;
#3248 = CARTESIAN_POINT ( 'NONE',  ( 2943.972415225950000, -304.5525083594847000, -496.8312597548844000 ) ) ;
#3249 = CARTESIAN_POINT ( 'NONE',  ( 1565.011821730056900, -404.6396834679588300, 128.7120176484132200 ) ) ;
#3250 = CARTESIAN_POINT ( 'NONE',  ( 1407.998762953207500, -519.1418838376802100, 181.2799563736790300 ) ) ;
#3251 = CYLINDRICAL_SURFACE ( 'NONE', #3219, 99.99999999999987200 ) ;
#3252 = CARTESIAN_POINT ( 'NONE',  ( 61.94123650696374000, 226.7607438494720200, -79.66522243802505400 ) ) ;
#3253 = CARTESIAN_POINT ( 'NONE',  ( 495.8710903151131800, 420.6873633871350600, -57.63897046587885600 ) ) ;
#3254 = CARTESIAN_POINT ( 'NONE',  ( 1392.428281712701800, -414.4403909138088700, -573.5068215911933300 ) ) ;
#3255 = CARTESIAN_POINT ( 'NONE',  ( 54.26977306852646900, -328.5361669032420200, -268.9941428122707000 ) ) ;
#3256 = DIRECTION ( 'NONE',  ( 0.0000000000000000000, 1.000000000000000000, 0.0000000000000000000 ) ) ;
#3257 = CARTESIAN_POINT ( 'NONE',  ( 311.9230304773708400, -261.6066756161502600, -376.6165538392394900 ) ) ;
#3258 = CARTESIAN_POINT ( 'NONE',  ( 544.3450674694460100, -198.7970129297899300, 413.2463065057873500 ) ) ;
#3259 = CARTESIAN_POINT ( 'NONE',  ( 1820.675684611383800, 364.4625420738277600, 217.8697246621627800 ) ) ;
#3260 = CARTESIAN_POINT ( 'NONE',  ( 803.7017683237469300, -201.8226977343422000, 511.5055059134405700 ) ) ;
#3261 = VERTEX_POINT ( 'NONE', #3130 ) ;
#3262 = CARTESIAN_POINT ( 'NONE',  ( 61.94123650696375400, 326.6774766849014800, -353.9850086248570700 ) ) ;
#3263 = CARTESIAN_POINT ( 'NONE',  ( 2977.103321817406100, -150.7751669883043300, -259.2990454727475900 ) ) ;
#3264 = CARTESIAN_POINT ( 'NONE',  ( 927.5840003899052100, -278.8490004307867000, 650.3184214404349200 ) ) ;
#3265 = CARTESIAN_POINT ( 'NONE',  ( -79.46056378098406000, 61.53529561829892500, -148.5509910549578500 ) ) ;
#3266 = CARTESIAN_POINT ( 'NONE',  ( -61.94123650696379000, 151.9439373606254300, -224.8190127061672900 ) ) ;
#3267 = CARTESIAN_POINT ( 'NONE',  ( 2729.110506855296500, 140.9714537278521200, 436.3702902282988700 ) ) ;
#3268 = CARTESIAN_POINT ( 'NONE',  ( 1032.431014699912800, -326.0980750911416000, -322.4172015379059500 ) ) ;
#3269 = CARTESIAN_POINT ( 'NONE',  ( 774.7773058541245100, -372.2347539652482700, -204.3071616281586400 ) ) ;
#3270 = CARTESIAN_POINT ( 'NONE',  ( 1657.980722345475900, -176.3698985561189000, 386.2558888736069200 ) ) ;
#3271 = CARTESIAN_POINT ( 'NONE',  ( 2913.058602738347400, -307.8531166490925000, 69.73910233162369800 ) ) ;
#3272 = CARTESIAN_POINT ( 'NONE',  ( 873.4283310660299500, 136.0701704808846600, 532.7806257687942700 ) ) ;
#3273 = CARTESIAN_POINT ( 'NONE',  ( -61.94123650696379000, 128.4326349918438800, -391.1242823877532800 ) ) ;
#3274 = CARTESIAN_POINT ( 'NONE',  ( 379.6601430728482600, 261.6307607664486500, 334.4390350002051400 ) ) ;
#3275 = CARTESIAN_POINT ( 'NONE',  ( 2581.986004657678700, 36.40473251835668800, 297.7454391434801000 ) ) ;
#3276 = CARTESIAN_POINT ( 'NONE',  ( 671.9208111882356900, -302.4645599611484400, -639.6769461423768900 ) ) ;
#3277 = CARTESIAN_POINT ( 'NONE',  ( -62.85045338383052600, 111.0622595601743300, -187.6274781207990800 ) ) ;
#3278 = CARTESIAN_POINT ( 'NONE',  ( -61.94123650696377600, 174.6114165073967100, -296.7608087306832100 ) ) ;
#3279 = CARTESIAN_POINT ( 'NONE',  ( 2845.321572286390600, 447.9972578642484700, 97.93361351045328400 ) ) ;
#3280 = CARTESIAN_POINT ( 'NONE',  ( 1497.274652640645900, 444.1939245854657700, -113.9477551265053100 ) ) ;
#3281 = CARTESIAN_POINT ( 'NONE',  ( 333.1760408744870600, 103.6571321955124500, 411.7707511148894900 ) ) ;
#3282 = CARTESIAN_POINT ( 'NONE',  ( 1007.199265687309200, 5.708957576117353700, 424.5792010107563200 ) ) ;
#3283 = CARTESIAN_POINT ( 'NONE',  ( 2913.058602738332000, -395.7210352374130500, 18.31083667629141600 ) ) ;
#3284 = CARTESIAN_POINT ( 'NONE',  ( 1524.209840285968300, -104.7868735959308300, 539.8065039330168700 ) ) ;
#3285 = CARTESIAN_POINT ( 'NONE',  ( -61.94123650696377600, 174.6114165073967100, -296.7608087306832100 ) ) ;
#3286 = CARTESIAN_POINT ( 'NONE',  ( 147.2383330595286000, -419.9482504234900400, 62.79714441866391900 ) ) ;
#3287 = CARTESIAN_POINT ( 'NONE',  ( 1495.285252200299500, -403.3423706458466400, -132.7214875357167900 ) ) ;
#3288 = CARTESIAN_POINT ( 'NONE',  ( 1942.569215376650600, -225.1528585716461900, -501.6747232063540300 ) ) ;
#3289 = CARTESIAN_POINT ( 'NONE',  ( 218.9543979933611700, 139.7211787372338800, -168.0380380775823700 ) ) ;
#3290 = CARTESIAN_POINT ( 'NONE',  ( 3193.954305078467300, -443.5323505217378400, -102.6763546792620500 ) ) ;
#3291 = CARTESIAN_POINT ( 'NONE',  ( 2333.993448425925200, 42.35755410367141100, -456.6162132348777000 ) ) ;
#3292 = CARTESIAN_POINT ( 'NONE',  ( 2473.446580783493100, -420.2832069181250200, -183.4518627433720600 ) ) ;
#3293 = CARTESIAN_POINT ( 'NONE',  ( 286.6914343002495700, -72.10246702905166700, 418.4511018544503100 ) ) ;
#3294 = CARTESIAN_POINT ( 'NONE',  ( 983.9569729454711900, -82.35016715827936200, 416.5556263892082700 ) ) ;
#3295 = CARTESIAN_POINT ( 'NONE',  ( 2879.928489444732300, -432.5045923174381500, 329.6019120354541800 ) ) ;
#3296 = CARTESIAN_POINT ( 'NONE',  ( 1872.842653608181100, 111.4032253844395400, -538.4799571660536200 ) ) ;
#3297 = CARTESIAN_POINT ( 'NONE',  ( 7.785225226942174900, -191.1687577761928500, -379.1273102632060300 ) ) ;
#3298 = CARTESIAN_POINT ( 'NONE',  ( 1704.464960753232400, -4.712376380482743000, 424.5913821206937700 ) ) ;
#3299 = CARTESIAN_POINT ( 'NONE',  ( 1965.811224660767300, -324.1728997233747100, -444.1649409930363400 ) ) ;
#3300 = CARTESIAN_POINT ( 'NONE',  ( -38.69938682774781600, -18.69921223518427300, -425.0968237248495100 ) ) ;
#3301 = CARTESIAN_POINT ( 'NONE',  ( 3050.212458226034400, -84.83977399107770600, 144.7520001508449900 ) ) ;
#3302 = CARTESIAN_POINT ( 'NONE',  ( 1683.212068028522000, -156.9375369148801800, -430.8858171408174900 ) ) ;
#3303 = CARTESIAN_POINT ( 'NONE',  ( 1241.610703125867800, -208.8787030011910100, 408.2431865046482400 ) ) ;
#3304 = CARTESIAN_POINT ( 'NONE',  ( 821.2619938850186800, -423.0941575160816200, -35.93430701073204100 ) ) ;
#3305 = ORIENTED_EDGE ( 'NONE', *, *, #1997, .F. ) ;
#3306 = CARTESIAN_POINT ( 'NONE',  ( 346.5301352226544500, 435.2691741425135200, 557.8636718367272400 ) ) ;
#3307 = CARTESIAN_POINT ( 'NONE',  ( 201.3944709491654200, -509.9090920513600100, -282.1366020917331000 ) ) ;
#3308 = CARTESIAN_POINT ( 'NONE',  ( 1100.168243801621400, 318.4263695353304800, 280.8996032994163000 ) ) ;
#3309 = CARTESIAN_POINT ( 'NONE',  ( 1733.389529185310000, 546.2470582862451900, -63.13082499465094300 ) ) ;
#3310 = CARTESIAN_POINT ( 'NONE',  ( 309.9335742612010400, 16.12685566109054800, 424.3112665430387600 ) ) ;
#3311 = CARTESIAN_POINT ( 'NONE',  ( 1659.970073665979500, -64.29371854313909300, -454.0474800401103200 ) ) ;
#3312 = CARTESIAN_POINT ( 'NONE',  ( 1659.970073665979500, -64.29371854313909300, -454.0474800401103200 ) ) ;
#3313 = CARTESIAN_POINT ( 'NONE',  ( 1216.378974091563800, 403.0297565761927100, -133.6678469861857100 ) ) ;
#3314 = EDGE_LOOP ( 'NONE', ( #2941, #1214, #980, #581 ) ) ;
#3315 = CARTESIAN_POINT ( 'NONE',  ( -48.58783062920348100, -180.5905614892187100, -683.8887297393893000 ) ) ;
#3316 = CARTESIAN_POINT ( 'NONE',  ( 317.6051919774894300, -500.5184489715281900, 298.4777502169373000 ) ) ;
#3317 =( BOUNDED_CURVE ( )  B_SPLINE_CURVE ( 3, ( #1103, #1391, #346, #370 ),
 .UNSPECIFIED., .F., .F. ) 
 B_SPLINE_CURVE_WITH_KNOTS ( ( 4, 4 ),
 ( 0.5000000000000010000, 1.000000000000000000 ),
 .UNSPECIFIED. ) 
 CURVE ( )  GEOMETRIC_REPRESENTATION_ITEM ( )  RATIONAL_B_SPLINE_CURVE ( ( 0.9999999999999986700, 0.3333333333333333700, 0.3333333333333347000, 1.000000000000000000 ) ) 
 REPRESENTATION_ITEM ( '' )  );
#3318 = CARTESIAN_POINT ( 'NONE',  ( 2913.058602738528400, -282.8944749076960100, 69.53036885802562500 ) ) ;
ENDSEC;
END-ISO-10303-21;
