ISO-10303-21;
HEADER;
FILE_DESCRIPTION (( 'STEP AP214' ),
    '1' );
FILE_NAME ('metamaterial_model.STEP',
    '2025-10-09T21:55:40',
    ( '' ),
    ( '' ),
    'SwSTEP 2.0',
    'SolidWorks 2015',
    '' );
FILE_SCHEMA (( 'AUTOMOTIVE_DESIGN' ));
ENDSEC;

DATA;
#1 = VECTOR ( 'NONE', #1905, 1000.000000000000000 ) ;
#2 = LINE ( 'NONE', #639, #507 ) ;
#3 = CARTESIAN_POINT ( 'NONE',  ( 150.0000000000000000, 19.00000000000000400, -15.00000000000000000 ) ) ;
#4 = DIRECTION ( 'NONE',  ( 0.0000000000000000000, 1.000000000000000000, -1.489106329299799200E-016 ) ) ;
#5 = EDGE_CURVE ( 'NONE', #1091, #778, #1700, .T. ) ;
#6 = VECTOR ( 'NONE', #527, 1000.000000000000000 ) ;
#7 = SURFACE_STYLE_FILL_AREA ( #67 ) ;
#8 = ORIENTED_EDGE ( 'NONE', *, *, #1995, .T. ) ;
#9 = PLANE ( 'NONE',  #1643 ) ;
#10 = VECTOR ( 'NONE', #1570, 1000.000000000000000 ) ;
#11 = AXIS2_PLACEMENT_3D ( 'NONE', #961, #2120, #1287 ) ;
#12 = CARTESIAN_POINT ( 'NONE',  ( 146.0000000000000000, 19.00000000000000400, -15.00000000000000000 ) ) ;
#13 = ORIENTED_EDGE ( 'NONE', *, *, #864, .T. ) ;
#14 = DIRECTION ( 'NONE',  ( 1.000000000000000000, 0.0000000000000000000, 0.0000000000000000000 ) ) ;
#15 = PLANE ( 'NONE',  #1477 ) ;
#16 = CARTESIAN_POINT ( 'NONE',  ( 120.0000000000000000, 19.00000000000000000, -2.829302025669618700E-015 ) ) ;
#17 = ADVANCED_FACE ( 'NONE', ( #478 ), #418, .F. ) ;
#18 = VECTOR ( 'NONE', #1860, 1000.000000000000000 ) ;
#19 = AXIS2_PLACEMENT_3D ( 'NONE', #986, #1476, #488 ) ;
#20 = VERTEX_POINT ( 'NONE', #753 ) ;
#21 = ORIENTED_EDGE ( 'NONE', *, *, #1296, .F. ) ;
#22 = FILL_AREA_STYLE ('',( #2026 ) ) ;
#23 = EDGE_LOOP ( 'NONE', ( #1662, #518, #407, #155 ) ) ;
#24 = DIRECTION ( 'NONE',  ( 0.0000000000000000000, 0.0000000000000000000, -1.000000000000000000 ) ) ;
#25 = DIRECTION ( 'NONE',  ( 0.0000000000000000000, 0.0000000000000000000, -1.000000000000000000 ) ) ;
#26 = CARTESIAN_POINT ( 'NONE',  ( 150.0000000000000000, 19.00000000000000400, -15.00000000000000000 ) ) ;
#27 = EDGE_CURVE ( 'NONE', #1273, #1063, #937, .T. ) ;
#28 = DIRECTION ( 'NONE',  ( -0.0000000000000000000, -0.0000000000000000000, -1.000000000000000000 ) ) ;
#29 =( LENGTH_UNIT ( ) NAMED_UNIT ( * ) SI_UNIT ( .MILLI., .METRE. ) );
#30 = ADVANCED_FACE ( 'NONE', ( #522 ), #586, .F. ) ;
#31 =( NAMED_UNIT ( * ) SI_UNIT ( $, .STERADIAN. ) SOLID_ANGLE_UNIT ( ) );
#32 = FACE_OUTER_BOUND ( 'NONE', #290, .T. ) ;
#33 =( LENGTH_UNIT ( ) NAMED_UNIT ( * ) SI_UNIT ( .MILLI., .METRE. ) );
#34 = CARTESIAN_POINT ( 'NONE',  ( 126.0000000000000000, 2.649999999999999500, -15.00000000000000000 ) ) ;
#35 =( NAMED_UNIT ( * ) PLANE_ANGLE_UNIT ( ) SI_UNIT ( $, .RADIAN. ) );
#36 = COLOUR_RGB ( '',0.7921568627450980000, 0.8196078431372548800, 0.9333333333333333500 ) ;
#37 = PRESENTATION_LAYER_ASSIGNMENT (  '', '', ( #2029 ) ) ;
#38 = ORIENTED_EDGE ( 'NONE', *, *, #1988, .F. ) ;
#39 = EDGE_CURVE ( 'NONE', #1435, #539, #1313, .T. ) ;
#40 = DIRECTION ( 'NONE',  ( 0.0000000000000000000, 2.312964634635743400E-016, -1.000000000000000000 ) ) ;
#41 = PRODUCT_DEFINITION_SHAPE ( 'NONE', 'NONE',  #2036 ) ;
#42 = EDGE_LOOP ( 'NONE', ( #184, #286, #158, #948 ) ) ;
#43 = CARTESIAN_POINT ( 'NONE',  ( 146.0000000000000000, 15.00000000000000000, -15.00000000000000000 ) ) ;
#44 = LINE ( 'NONE', #1061, #727 ) ;
#45 = ORIENTED_EDGE ( 'NONE', *, *, #2031, .T. ) ;
#46 = AXIS2_PLACEMENT_3D ( 'NONE', #983, #631, #1807 ) ;
#47 = DIRECTION ( 'NONE',  ( 1.000000000000000000, 0.0000000000000000000, 0.0000000000000000000 ) ) ;
#48 = DIRECTION ( 'NONE',  ( 0.0000000000000000000, 1.000000000000000000, -0.0000000000000000000 ) ) ;
#49 = DIRECTION ( 'NONE',  ( 0.0000000000000000000, 0.0000000000000000000, -1.000000000000000000 ) ) ;
#50 = CARTESIAN_POINT ( 'NONE',  ( 141.0000000000000000, 18.99999999999999600, -15.00000000000000000 ) ) ;
#51 = ORIENTED_EDGE ( 'NONE', *, *, #1873, .T. ) ;
#52 = LINE ( 'NONE', #1157, #1817 ) ;
#53 = CARTESIAN_POINT ( 'NONE',  ( 124.9999999999999900, 2.649999999999999500, -15.00000000000000000 ) ) ;
#54 = EDGE_LOOP ( 'NONE', ( #1198, #1603, #1721, #840 ) ) ;
#55 = CARTESIAN_POINT ( 'NONE',  ( 130.0000000000000000, 19.00000000000000400, -15.00000000000000000 ) ) ;
#56 = LINE ( 'NONE', #1644, #403 ) ;
#57 = EDGE_CURVE ( 'NONE', #984, #807, #1760, .T. ) ;
#58 = DIRECTION ( 'NONE',  ( 0.0000000000000000000, 0.0000000000000000000, 1.000000000000000000 ) ) ;
#59 = VERTEX_POINT ( 'NONE', #2086 ) ;
#60 = VERTEX_POINT ( 'NONE', #577 ) ;
#61 = PRESENTATION_LAYER_ASSIGNMENT (  '', '', ( #318 ) ) ;
#62 = CARTESIAN_POINT ( 'NONE',  ( -0.0000000000000000000, 2.649999999999999500, 0.0000000000000000000 ) ) ;
#63 = DIRECTION ( 'NONE',  ( -0.0000000000000000000, 1.000000000000000000, 0.0000000000000000000 ) ) ;
#64 = AXIS2_PLACEMENT_3D ( 'NONE', #1595, #1753, #1405 ) ;
#65 = ADVANCED_FACE ( 'NONE', ( #865 ), #2093, .F. ) ;
#66 = LINE ( 'NONE', #1500, #1345 ) ;
#67 = FILL_AREA_STYLE ('',( #1369 ) ) ;
#68 = EDGE_CURVE ( 'NONE', #859, #291, #83, .T. ) ;
#69 = CARTESIAN_POINT ( 'NONE',  ( 131.0000000000000000, 19.00000000000000400, -15.00000000000000000 ) ) ;
#70 = CARTESIAN_POINT ( 'NONE',  ( 119.9999999999999900, 0.6500000000000012400, -15.01000000000000000 ) ) ;
#71 = CARTESIAN_POINT ( 'NONE',  ( 145.0000000000000000, 0.0000000000000000000, -15.00000000000000000 ) ) ;
#72 = CARTESIAN_POINT ( 'NONE',  ( 150.0000000000000000, 0.6500000000000012400, 0.0000000000000000000 ) ) ;
#73 = VECTOR ( 'NONE', #221, 1000.000000000000000 ) ;
#74 = ORIENTED_EDGE ( 'NONE', *, *, #493, .F. ) ;
#75 = DIRECTION ( 'NONE',  ( 0.0000000000000000000, -1.489106329299799200E-016, -1.000000000000000000 ) ) ;
#76 = ADVANCED_FACE ( 'NONE', ( #1418 ), #568, .T. ) ;
#77 = ORIENTED_EDGE ( 'NONE', *, *, #125, .F. ) ;
#78 = ORIENTED_EDGE ( 'NONE', *, *, #1607, .F. ) ;
#79 = DIRECTION ( 'NONE',  ( -1.000000000000000000, -0.0000000000000000000, -0.0000000000000000000 ) ) ;
#80 = VERTEX_POINT ( 'NONE', #1087 ) ;
#81 = DIRECTION ( 'NONE',  ( -0.0000000000000000000, -0.0000000000000000000, 1.000000000000000000 ) ) ;
#82 = DIRECTION ( 'NONE',  ( 0.0000000000000000000, 1.000000000000000000, -1.489106329299799500E-016 ) ) ;
#83 = LINE ( 'NONE', #733, #1816 ) ;
#84 = VECTOR ( 'NONE', #316, 1000.000000000000000 ) ;
#85 = CARTESIAN_POINT ( 'NONE',  ( 80.00000000000000000, 18.99999999999999600, -14.99999999999999800 ) ) ;
#86 = DIRECTION ( 'NONE',  ( 1.000000000000000000, 0.0000000000000000000, 0.0000000000000000000 ) ) ;
#87 = EDGE_LOOP ( 'NONE', ( #1390, #517, #1730, #1642 ) ) ;
#88 = EDGE_CURVE ( 'NONE', #256, #263, #459, .T. ) ;
#89 = EDGE_CURVE ( 'NONE', #214, #60, #1298, .T. ) ;
#90 = LINE ( 'NONE', #1257, #593 ) ;
#91 = FILL_AREA_STYLE_COLOUR ( '', #1411 ) ;
#92 = AXIS2_PLACEMENT_3D ( 'NONE', #1585, #1766, #1267 ) ;
#93 = CARTESIAN_POINT ( 'NONE',  ( 0.0000000000000000000, 0.0000000000000000000, 0.0000000000000000000 ) ) ;
#94 = CARTESIAN_POINT ( 'NONE',  ( 80.00000000000000000, 19.00000000000000000, -2.829302025669618700E-015 ) ) ;
#95 = VECTOR ( 'NONE', #899, 1000.000000000000000 ) ;
#96 = ORIENTED_EDGE ( 'NONE', *, *, #1449, .T. ) ;
#97 = PLANE ( 'NONE',  #1948 ) ;
#98 = ADVANCED_FACE ( 'NONE', ( #965 ), #2079, .F. ) ;
#99 = LINE ( 'NONE', #1295, #668 ) ;
#100 = ORIENTED_EDGE ( 'NONE', *, *, #643, .T. ) ;
#101 = SURFACE_STYLE_FILL_AREA ( #1413 ) ;
#102 =( GEOMETRIC_REPRESENTATION_CONTEXT ( 3 ) GLOBAL_UNCERTAINTY_ASSIGNED_CONTEXT ( ( #1957 ) ) GLOBAL_UNIT_ASSIGNED_CONTEXT ( ( #1923, #1596, #767 ) ) REPRESENTATION_CONTEXT ( 'NONE', 'WORKASPACE' ) );
#103 = EDGE_LOOP ( 'NONE', ( #1639, #332, #1109, #803 ) ) ;
#104 = STYLED_ITEM ( 'NONE', ( #1567 ), #1719 ) ;
#105 = CARTESIAN_POINT ( 'NONE',  ( 131.0000000000000000, 19.00000000000000400, -15.00000000000000000 ) ) ;
#106 = VERTEX_POINT ( 'NONE', #745 ) ;
#107 = LINE ( 'NONE', #1850, #1360 ) ;
#108 = EDGE_CURVE ( 'NONE', #203, #544, #1397, .T. ) ;
#109 = VERTEX_POINT ( 'NONE', #1254 ) ;
#110 = ADVANCED_FACE ( 'NONE', ( #2132 ), #1085, .F. ) ;
#111 = LINE ( 'NONE', #651, #1442 ) ;
#112 = EDGE_LOOP ( 'NONE', ( #1379, #390, #2118, #1336 ) ) ;
#113 = ORIENTED_EDGE ( 'NONE', *, *, #715, .T. ) ;
#114 = DIRECTION ( 'NONE',  ( -1.000000000000000000, 0.0000000000000000000, 0.0000000000000000000 ) ) ;
#115 = VERTEX_POINT ( 'NONE', #925 ) ;
#116 = PLANE ( 'NONE',  #475 ) ;
#117 = LINE ( 'NONE', #572, #1145 ) ;
#118 = CARTESIAN_POINT ( 'NONE',  ( 150.0000000000000000, 19.00000000000000000, -2.829302025669618300E-015 ) ) ;
#119 = ADVANCED_FACE ( 'NONE', ( #915 ), #732, .F. ) ;
#120 = VECTOR ( 'NONE', #261, 1000.000000000000000 ) ;
#121 = DIRECTION ( 'NONE',  ( 0.0000000000000000000, -1.000000000000000000, 0.0000000000000000000 ) ) ;
#122 = DIRECTION ( 'NONE',  ( -0.0000000000000000000, -0.0000000000000000000, 1.000000000000000000 ) ) ;
#123 = VECTOR ( 'NONE', #435, 1000.000000000000000 ) ;
#124 = LINE ( 'NONE', #1606, #975 ) ;
#125 = EDGE_CURVE ( 'NONE', #1665, #256, #848, .T. ) ;
#126 = EDGE_CURVE ( 'NONE', #1350, #20, #505, .T. ) ;
#127 = ADVANCED_FACE ( 'NONE', ( #416 ), #1235, .T. ) ;
#128 = CARTESIAN_POINT ( 'NONE',  ( 126.0000000000000000, 18.99999999999999600, -15.00000000000000000 ) ) ;
#129 = EDGE_LOOP ( 'NONE', ( #1620, #100, #1458, #729 ) ) ;
#130 = CARTESIAN_POINT ( 'NONE',  ( 150.0000000000000000, 19.00000000000000000, -2.829302025669618300E-015 ) ) ;
#131 = VECTOR ( 'NONE', #1070, 1000.000000000000000 ) ;
#132 = VECTOR ( 'NONE', #1483, 1000.000000000000000 ) ;
#133 = DIRECTION ( 'NONE',  ( -1.000000000000000000, -0.0000000000000000000, -0.0000000000000000000 ) ) ;
#134 = DIRECTION ( 'NONE',  ( 0.0000000000000000000, 1.000000000000000000, -0.0000000000000000000 ) ) ;
#135 = LINE ( 'NONE', #1392, #295 ) ;
#136 = DIRECTION ( 'NONE',  ( -0.0000000000000000000, -0.0000000000000000000, 1.000000000000000000 ) ) ;
#137 = DIRECTION ( 'NONE',  ( 0.0000000000000000000, -2.312964634635743400E-016, 1.000000000000000000 ) ) ;
#138 = FACE_OUTER_BOUND ( 'NONE', #1291, .T. ) ;
#139 = VECTOR ( 'NONE', #1554, 1000.000000000000000 ) ;
#140 = SURFACE_STYLE_USAGE ( .BOTH. , #567 ) ;
#141 = VECTOR ( 'NONE', #358, 1000.000000000000000 ) ;
#142 = EDGE_CURVE ( 'NONE', #1976, #1473, #912, .T. ) ;
#143 = VECTOR ( 'NONE', #966, 1000.000000000000000 ) ;
#144 = ORIENTED_EDGE ( 'NONE', *, *, #57, .F. ) ;
#145 = PLANE ( 'NONE',  #1804 ) ;
#146 = VECTOR ( 'NONE', #28, 1000.000000000000000 ) ;
#147 = PLANE ( 'NONE',  #1466 ) ;
#148 = ORIENTED_EDGE ( 'NONE', *, *, #1357, .F. ) ;
#149 = AXIS2_PLACEMENT_3D ( 'NONE', #1708, #1385, #710 ) ;
#150 = EDGE_CURVE ( 'NONE', #906, #1273, #845, .T. ) ;
#151 = CARTESIAN_POINT ( 'NONE',  ( -0.0000000000000000000, 2.649999999999999500, 0.0000000000000000000 ) ) ;
#152 = EDGE_CURVE ( 'NONE', #1665, #1656, #1043, .T. ) ;
#153 = EDGE_LOOP ( 'NONE', ( #797, #1564, #1429, #1183 ) ) ;
#154 = VECTOR ( 'NONE', #134, 1000.000000000000000 ) ;
#155 = ORIENTED_EDGE ( 'NONE', *, *, #828, .F. ) ;
#156 = DIRECTION ( 'NONE',  ( 1.000000000000000000, -1.182766006347822100E-016, 0.0000000000000000000 ) ) ;
#157 = VECTOR ( 'NONE', #499, 1000.000000000000000 ) ;
#158 = ORIENTED_EDGE ( 'NONE', *, *, #432, .F. ) ;
#159 = EDGE_LOOP ( 'NONE', ( #645, #1768, #1093, #276 ) ) ;
#160 = UNCERTAINTY_MEASURE_WITH_UNIT (LENGTH_MEASURE( 1.000000000000000100E-005 ), #694, 'distance_accuracy_value', 'NONE');
#161 = CARTESIAN_POINT ( 'NONE',  ( -0.0000000000000000000, 6.649999999999999500, 0.0000000000000000000 ) ) ;
#162 = LINE ( 'NONE', #680, #2052 ) ;
#163 = PLANE ( 'NONE',  #461 ) ;
#164 = PLANE ( 'NONE',  #431 ) ;
#165 = VECTOR ( 'NONE', #502, 1000.000000000000000 ) ;
#166 = AXIS2_PLACEMENT_3D ( 'NONE', #1270, #1102, #255 ) ;
#167 = CARTESIAN_POINT ( 'NONE',  ( 80.00000000000000000, 0.0000000000000000000, -15.00000000000000000 ) ) ;
#168 = SURFACE_SIDE_STYLE ('',( #622 ) ) ;
#169 = VECTOR ( 'NONE', #1204, 1000.000000000000000 ) ;
#170 = SURFACE_STYLE_USAGE ( .BOTH. , #746 ) ;
#171 = SURFACE_SIDE_STYLE ('',( #659 ) ) ;
#172 = DIRECTION ( 'NONE',  ( 0.0000000000000000000, 1.000000000000000000, -0.0000000000000000000 ) ) ;
#173 = EDGE_CURVE ( 'NONE', #1123, #1976, #1359, .T. ) ;
#174 = LINE ( 'NONE', #118, #1263 ) ;
#175 = CLOSED_SHELL ( 'NONE', ( #1916, #1794, #1517, #1434, #1300, #945 ) ) ;
#176 = CARTESIAN_POINT ( 'NONE',  ( 150.0000000000000000, 0.0000000000000000000, 0.0000000000000000000 ) ) ;
#177 = CARTESIAN_POINT ( 'NONE',  ( 139.9999999999999700, 6.649999999999999500, -15.00000000000000000 ) ) ;
#178 = ORIENTED_EDGE ( 'NONE', *, *, #1502, .F. ) ;
#179 = ORIENTED_EDGE ( 'NONE', *, *, #2130, .T. ) ;
#180 = VECTOR ( 'NONE', #376, 1000.000000000000000 ) ;
#181 = ORIENTED_EDGE ( 'NONE', *, *, #801, .F. ) ;
#182 = DIRECTION ( 'NONE',  ( -1.000000000000000000, -0.0000000000000000000, -0.0000000000000000000 ) ) ;
#183 = DIRECTION ( 'NONE',  ( 1.000000000000000000, 0.0000000000000000000, -0.0000000000000000000 ) ) ;
#184 = ORIENTED_EDGE ( 'NONE', *, *, #711, .T. ) ;
#185 = ORIENTED_EDGE ( 'NONE', *, *, #39, .T. ) ;
#186 = DIRECTION ( 'NONE',  ( -1.000000000000000000, 0.0000000000000000000, 0.0000000000000000000 ) ) ;
#187 = VECTOR ( 'NONE', #2097, 1000.000000000000000 ) ;
#188 = CARTESIAN_POINT ( 'NONE',  ( -15.00000000000000000, 6.649999999999999500, -15.00000000000000000 ) ) ;
#189 =( NAMED_UNIT ( * ) PLANE_ANGLE_UNIT ( ) SI_UNIT ( $, .RADIAN. ) );
#190 = EDGE_CURVE ( 'NONE', #1623, #960, #1741, .T. ) ;
#191 = LINE ( 'NONE', #579, #95 ) ;
#192 = FACE_OUTER_BOUND ( 'NONE', #808, .T. ) ;
#193 = ORIENTED_EDGE ( 'NONE', *, *, #270, .T. ) ;
#194 = CARTESIAN_POINT ( 'NONE',  ( 134.9999999999999700, 19.00000000000000000, -15.00000000000000000 ) ) ;
#195 = VERTEX_POINT ( 'NONE', #1912 ) ;
#196 = DIRECTION ( 'NONE',  ( 0.0000000000000000000, 1.000000000000000000, 9.130123557772670800E-017 ) ) ;
#197 = PRESENTATION_STYLE_ASSIGNMENT (( #696 ) ) ;
#198 = ADVANCED_FACE ( 'NONE', ( #939 ), #1247, .F. ) ;
#199 = ORIENTED_EDGE ( 'NONE', *, *, #486, .F. ) ;
#200 = DIRECTION ( 'NONE',  ( 0.0000000000000000000, 0.0000000000000000000, -1.000000000000000000 ) ) ;
#201 = DIRECTION ( 'NONE',  ( 0.0000000000000000000, -0.0000000000000000000, -1.000000000000000000 ) ) ;
#202 = PLANE ( 'NONE',  #1964 ) ;
#203 = VERTEX_POINT ( 'NONE', #701 ) ;
#204 = FACE_OUTER_BOUND ( 'NONE', #860, .T. ) ;
#205 = CARTESIAN_POINT ( 'NONE',  ( 120.0000000000000000, 18.99999999999999600, -14.99999999999999800 ) ) ;
#206 =( NAMED_UNIT ( * ) SI_UNIT ( $, .STERADIAN. ) SOLID_ANGLE_UNIT ( ) );
#207 = DIRECTION ( 'NONE',  ( 0.0000000000000000000, -1.000000000000000000, 0.0000000000000000000 ) ) ;
#208 =( GEOMETRIC_REPRESENTATION_CONTEXT ( 3 ) GLOBAL_UNCERTAINTY_ASSIGNED_CONTEXT ( ( #160 ) ) GLOBAL_UNIT_ASSIGNED_CONTEXT ( ( #694, #1732, #552 ) ) REPRESENTATION_CONTEXT ( 'NONE', 'WORKASPACE' ) );
#209 = FACE_OUTER_BOUND ( 'NONE', #1675, .T. ) ;
#210 = ORIENTED_EDGE ( 'NONE', *, *, #1489, .T. ) ;
#211 = ORIENTED_EDGE ( 'NONE', *, *, #1167, .F. ) ;
#212 = AXIS2_PLACEMENT_3D ( 'NONE', #1713, #1722, #1231 ) ;
#213 = DIRECTION ( 'NONE',  ( 0.0000000000000000000, 1.000000000000000000, 0.0000000000000000000 ) ) ;
#214 = VERTEX_POINT ( 'NONE', #1568 ) ;
#215 =( NAMED_UNIT ( * ) PLANE_ANGLE_UNIT ( ) SI_UNIT ( $, .RADIAN. ) );
#216 = EDGE_CURVE ( 'NONE', #313, #1086, #551, .T. ) ;
#217 = CARTESIAN_POINT ( 'NONE',  ( 145.0000000000000000, 19.00000000000000400, -15.00000000000000000 ) ) ;
#218 = FACE_OUTER_BOUND ( 'NONE', #1457, .T. ) ;
#219 = DIRECTION ( 'NONE',  ( 0.0000000000000000000, 1.000000000000000000, 0.0000000000000000000 ) ) ;
#220 = SURFACE_SIDE_STYLE ('',( #101 ) ) ;
#221 = DIRECTION ( 'NONE',  ( 0.0000000000000000000, 0.0000000000000000000, -1.000000000000000000 ) ) ;
#222 = LINE ( 'NONE', #1301, #1802 ) ;
#223 = ORIENTED_EDGE ( 'NONE', *, *, #1883, .T. ) ;
#224 = ADVANCED_FACE ( 'NONE', ( #1761 ), #1755, .F. ) ;
#225 = DIRECTION ( 'NONE',  ( -0.0000000000000000000, 0.0000000000000000000, 1.000000000000000000 ) ) ;
#226 = LINE ( 'NONE', #913, #2062 ) ;
#227 = CARTESIAN_POINT ( 'NONE',  ( 141.0000000000000000, 0.0000000000000000000, 0.0000000000000000000 ) ) ;
#228 = ORIENTED_EDGE ( 'NONE', *, *, #524, .T. ) ;
#229 = MANIFOLD_SOLID_BREP ( 'volume_11', #1577 ) ;
#230 = AXIS2_PLACEMENT_3D ( 'NONE', #1478, #490, #1660 ) ;
#231 = CARTESIAN_POINT ( 'NONE',  ( 131.0000000000000000, 19.00000000000000400, -15.00000000000000000 ) ) ;
#232 = EDGE_LOOP ( 'NONE', ( #963, #1522, #871, #178 ) ) ;
#233 = CARTESIAN_POINT ( 'NONE',  ( 0.0000000000000000000, 0.0000000000000000000, -15.00000000000000000 ) ) ;
#234 = ADVANCED_FACE ( 'NONE', ( #204 ), #1312, .F. ) ;
#235 = ORIENTED_EDGE ( 'NONE', *, *, #303, .F. ) ;
#236 = PRESENTATION_STYLE_ASSIGNMENT (( #2038 ) ) ;
#237 = EDGE_CURVE ( 'NONE', #203, #2122, #1205, .T. ) ;
#238 = EDGE_CURVE ( 'NONE', #1332, #1997, #497, .T. ) ;
#239 = DIRECTION ( 'NONE',  ( 0.0000000000000000000, 1.000000000000000000, -1.489106329299799200E-016 ) ) ;
#240 = ORIENTED_EDGE ( 'NONE', *, *, #1234, .T. ) ;
#241 = VERTEX_POINT ( 'NONE', #1826 ) ;
#242 = LINE ( 'NONE', #437, #2004 ) ;
#243 = CARTESIAN_POINT ( 'NONE',  ( 150.0000000000000000, 0.0000000000000000000, -15.00000000000000000 ) ) ;
#244 = CARTESIAN_POINT ( 'NONE',  ( 0.0000000000000000000, 6.649999999999999500, -15.00000000000000000 ) ) ;
#245 = CARTESIAN_POINT ( 'NONE',  ( 124.9999999999999900, 0.0000000000000000000, 0.0000000000000000000 ) ) ;
#246 = DIRECTION ( 'NONE',  ( -1.000000000000000000, -0.0000000000000000000, -0.0000000000000000000 ) ) ;
#247 = LINE ( 'NONE', #227, #640 ) ;
#248 = CARTESIAN_POINT ( 'NONE',  ( 120.9999999999999900, 19.00000000000000000, 0.0000000000000000000 ) ) ;
#249 = VERTEX_POINT ( 'NONE', #988 ) ;
#250 = FILL_AREA_STYLE_COLOUR ( '', #973 ) ;
#251 = LINE ( 'NONE', #2110, #1431 ) ;
#252 = ORIENTED_EDGE ( 'NONE', *, *, #1911, .T. ) ;
#253 = VERTEX_POINT ( 'NONE', #820 ) ;
#254 = LINE ( 'NONE', #233, #146 ) ;
#255 = DIRECTION ( 'NONE',  ( 0.0000000000000000000, 1.000000000000000000, -1.489106329299799200E-016 ) ) ;
#256 = VERTEX_POINT ( 'NONE', #663 ) ;
#257 = VERTEX_POINT ( 'NONE', #654 ) ;
#258 = DIRECTION ( 'NONE',  ( 1.000000000000000000, 0.0000000000000000000, -0.0000000000000000000 ) ) ;
#259 = EDGE_CURVE ( 'NONE', #1246, #2084, #52, .T. ) ;
#260 = ADVANCED_FACE ( 'NONE', ( #523 ), #476, .F. ) ;
#261 = DIRECTION ( 'NONE',  ( -1.000000000000000000, -0.0000000000000000000, -0.0000000000000000000 ) ) ;
#262 = UNCERTAINTY_MEASURE_WITH_UNIT (LENGTH_MEASURE( 1.000000000000000100E-005 ), #1561, 'distance_accuracy_value', 'NONE');
#263 = VERTEX_POINT ( 'NONE', #1472 ) ;
#264 = VERTEX_POINT ( 'NONE', #485 ) ;
#265 = SURFACE_STYLE_FILL_AREA ( #853 ) ;
#266 = VERTEX_POINT ( 'NONE', #1992 ) ;
#267 = EDGE_CURVE ( 'NONE', #1602, #396, #1891, .T. ) ;
#268 = ORIENTED_EDGE ( 'NONE', *, *, #1261, .F. ) ;
#269 = EDGE_CURVE ( 'NONE', #106, #906, #1701, .T. ) ;
#270 = EDGE_CURVE ( 'NONE', #195, #1894, #430, .T. ) ;
#271 = LINE ( 'NONE', #386, #1709 ) ;
#272 = ADVANCED_FACE ( 'NONE', ( #1973 ), #164, .T. ) ;
#273 = FACE_OUTER_BOUND ( 'NONE', #1791, .T. ) ;
#274 = CARTESIAN_POINT ( 'NONE',  ( 0.0000000000000000000, 19.00000000000000000, -2.829302025669618700E-015 ) ) ;
#275 = SURFACE_STYLE_FILL_AREA ( #439 ) ;
#276 = ORIENTED_EDGE ( 'NONE', *, *, #1058, .T. ) ;
#277 = CARTESIAN_POINT ( 'NONE',  ( 120.0000000000000000, 0.0000000000000000000, 0.0000000000000000000 ) ) ;
#278 = LINE ( 'NONE', #1066, #1688 ) ;
#279 = VERTEX_POINT ( 'NONE', #504 ) ;
#280 = EDGE_LOOP ( 'NONE', ( #721, #333, #2039, #756 ) ) ;
#281 = FACE_OUTER_BOUND ( 'NONE', #734, .T. ) ;
#282 = ADVANCED_FACE ( 'NONE', ( #1538 ), #1671, .T. ) ;
#283 = ORIENTED_EDGE ( 'NONE', *, *, #108, .F. ) ;
#284 = CARTESIAN_POINT ( 'NONE',  ( 146.0000000000000000, 0.6500000000000000200, 0.0000000000000000000 ) ) ;
#285 = DIRECTION ( 'NONE',  ( 0.0000000000000000000, -1.000000000000000000, 1.489106329299799200E-016 ) ) ;
#286 = ORIENTED_EDGE ( 'NONE', *, *, #1613, .F. ) ;
#287 = VECTOR ( 'NONE', #1480, 1000.000000000000000 ) ;
#288 = EDGE_CURVE ( 'NONE', #489, #2030, #107, .T. ) ;
#289 = LINE ( 'NONE', #1190, #1008 ) ;
#290 = EDGE_LOOP ( 'NONE', ( #2021, #1658, #1965, #384 ) ) ;
#291 = VERTEX_POINT ( 'NONE', #1680 ) ;
#292 = DIRECTION ( 'NONE',  ( 0.0000000000000000000, 0.0000000000000000000, 1.000000000000000000 ) ) ;
#293 = MECHANICAL_DESIGN_GEOMETRIC_PRESENTATION_REPRESENTATION (  '', ( #1346 ), #1193 ) ;
#294 = DIRECTION ( 'NONE',  ( -0.0000000000000000000, -0.0000000000000000000, 1.000000000000000000 ) ) ;
#295 = VECTOR ( 'NONE', #2070, 1000.000000000000000 ) ;
#296 = DIRECTION ( 'NONE',  ( 0.0000000000000000000, -2.312964634635743400E-016, 1.000000000000000000 ) ) ;
#297 = LINE ( 'NONE', #515, #688 ) ;
#298 = DIRECTION ( 'NONE',  ( 0.0000000000000000000, 0.0000000000000000000, 1.000000000000000000 ) ) ;
#299 = LINE ( 'NONE', #1424, #641 ) ;
#300 = ORIENTED_EDGE ( 'NONE', *, *, #1340, .F. ) ;
#301 = CARTESIAN_POINT ( 'NONE',  ( 0.0000000000000000000, 18.99999999999999600, -14.99999999999999800 ) ) ;
#302 = VERTEX_POINT ( 'NONE', #341 ) ;
#303 = EDGE_CURVE ( 'NONE', #2080, #1226, #812, .T. ) ;
#304 = VECTOR ( 'NONE', #219, 1000.000000000000000 ) ;
#305 = DIRECTION ( 'NONE',  ( -1.000000000000000000, 0.0000000000000000000, 0.0000000000000000000 ) ) ;
#306 = DIRECTION ( 'NONE',  ( 1.000000000000000000, 0.0000000000000000000, -0.0000000000000000000 ) ) ;
#307 = VERTEX_POINT ( 'NONE', #1532 ) ;
#308 = LINE ( 'NONE', #1046, #1865 ) ;
#309 = ORIENTED_EDGE ( 'NONE', *, *, #368, .T. ) ;
#310 = LINE ( 'NONE', #311, #1316 ) ;
#311 = CARTESIAN_POINT ( 'NONE',  ( 0.0000000000000000000, 2.649999999999999500, -15.00000000000000000 ) ) ;
#312 = ORIENTED_EDGE ( 'NONE', *, *, #5, .T. ) ;
#313 = VERTEX_POINT ( 'NONE', #1903 ) ;
#314 = PLANE ( 'NONE',  #230 ) ;
#315 = ORIENTED_EDGE ( 'NONE', *, *, #1657, .T. ) ;
#316 = DIRECTION ( 'NONE',  ( 0.0000000000000000000, 1.000000000000000000, -0.0000000000000000000 ) ) ;
#317 = LINE ( 'NONE', #177, #1275 ) ;
#318 = STYLED_ITEM ( 'NONE', ( #1858 ), #957 ) ;
#319 = MANIFOLD_SOLID_BREP ( 'volume_8', #670 ) ;
#320 = DIRECTION ( 'NONE',  ( 1.000000000000000000, 0.0000000000000000000, -0.0000000000000000000 ) ) ;
#321 = AXIS2_PLACEMENT_3D ( 'NONE', #2054, #1676, #1019 ) ;
#322 = CARTESIAN_POINT ( 'NONE',  ( 131.0000000000000000, 0.6500000000000000200, -15.00000000000000000 ) ) ;
#323 = CARTESIAN_POINT ( 'NONE',  ( 150.0000000000000000, 0.0000000000000000000, -15.00000000000000000 ) ) ;
#324 = LINE ( 'NONE', #970, #1020 ) ;
#325 = ORIENTED_EDGE ( 'NONE', *, *, #1857, .T. ) ;
#326 = EDGE_CURVE ( 'NONE', #2000, #778, #308, .T. ) ;
#327 = LINE ( 'NONE', #34, #73 ) ;
#328 = VERTEX_POINT ( 'NONE', #1207 ) ;
#329 = CARTESIAN_POINT ( 'NONE',  ( 150.0000000000000000, 19.00000000000000000, -2.829302025669618300E-015 ) ) ;
#330 = LINE ( 'NONE', #1740, #1178 ) ;
#331 = CARTESIAN_POINT ( 'NONE',  ( 150.0000000000000000, 19.00000000000000400, -15.00000000000000000 ) ) ;
#332 = ORIENTED_EDGE ( 'NONE', *, *, #949, .T. ) ;
#333 = ORIENTED_EDGE ( 'NONE', *, *, #1796, .F. ) ;
#334 = VECTOR ( 'NONE', #822, 1000.000000000000000 ) ;
#335 = CARTESIAN_POINT ( 'NONE',  ( 150.0000000000000000, 0.0000000000000000000, -15.00000000000000000 ) ) ;
#336 = PLANE ( 'NONE',  #818 ) ;
#337 = ORIENTED_EDGE ( 'NONE', *, *, #126, .T. ) ;
#338 = CARTESIAN_POINT ( 'NONE',  ( 80.00000000000000000, 19.00000000000000000, -2.829302025669618700E-015 ) ) ;
#339 = FACE_OUTER_BOUND ( 'NONE', #42, .T. ) ;
#340 = AXIS2_PLACEMENT_3D ( 'NONE', #979, #1156, #306 ) ;
#341 = CARTESIAN_POINT ( 'NONE',  ( 80.00000000000000000, 18.99999999999999600, -14.99999999999999800 ) ) ;
#342 = EDGE_LOOP ( 'NONE', ( #782, #1537, #1739, #1990 ) ) ;
#343 = ORIENTED_EDGE ( 'NONE', *, *, #852, .T. ) ;
#344 = DIRECTION ( 'NONE',  ( 0.0000000000000000000, 2.312964634635743400E-016, -1.000000000000000000 ) ) ;
#345 = AXIS2_PLACEMENT_3D ( 'NONE', #1535, #538, #2066 ) ;
#346 = EDGE_CURVE ( 'NONE', #59, #1435, #1439, .T. ) ;
#347 = VECTOR ( 'NONE', #1343, 1000.000000000000000 ) ;
#348 = DIRECTION ( 'NONE',  ( 0.0000000000000000000, -0.0000000000000000000, -1.000000000000000000 ) ) ;
#349 = DIRECTION ( 'NONE',  ( 0.0000000000000000000, 0.0000000000000000000, -1.000000000000000000 ) ) ;
#350 = LINE ( 'NONE', #1036, #1519 ) ;
#351 = ADVANCED_BREP_SHAPE_REPRESENTATION ( 'metamaterial_model', ( #791, #624, #1329, #2114, #957, #1174, #319, #1479, #1719, #1018, #1400, #787, #229, #1822 ), #922 ) ;
#352 = FILL_AREA_STYLE_COLOUR ( '', #371 ) ;
#353 = EDGE_LOOP ( 'NONE', ( #1890, #1141, #1953, #1367 ) ) ;
#354 = ADVANCED_FACE ( 'NONE', ( #2040 ), #1714, .T. ) ;
#355 = VECTOR ( 'NONE', #79, 1000.000000000000000 ) ;
#356 = VERTEX_POINT ( 'NONE', #1892 ) ;
#357 = DIRECTION ( 'NONE',  ( 1.000000000000000000, 0.0000000000000000000, 0.0000000000000000000 ) ) ;
#358 = DIRECTION ( 'NONE',  ( 0.0000000000000000000, -2.312964634635743400E-016, 1.000000000000000000 ) ) ;
#359 =( NAMED_UNIT ( * ) SI_UNIT ( $, .STERADIAN. ) SOLID_ANGLE_UNIT ( ) );
#360 = VECTOR ( 'NONE', #1370, 1000.000000000000000 ) ;
#361 = SURFACE_SIDE_STYLE ('',( #1499 ) ) ;
#362 = ORIENTED_EDGE ( 'NONE', *, *, #1422, .F. ) ;
#363 = DIRECTION ( 'NONE',  ( 0.0000000000000000000, -1.000000000000000000, -2.312964634635743400E-016 ) ) ;
#364 = FACE_OUTER_BOUND ( 'NONE', #232, .T. ) ;
#365 = DIRECTION ( 'NONE',  ( -0.0000000000000000000, -0.0000000000000000000, 1.000000000000000000 ) ) ;
#366 = ORIENTED_EDGE ( 'NONE', *, *, #150, .F. ) ;
#367 = VERTEX_POINT ( 'NONE', #881 ) ;
#368 = EDGE_CURVE ( 'NONE', #1308, #263, #1649, .T. ) ;
#369 = DIRECTION ( 'NONE',  ( 0.0000000000000000000, 0.0000000000000000000, -1.000000000000000000 ) ) ;
#370 = DIRECTION ( 'NONE',  ( 1.000000000000000000, 0.0000000000000000000, 0.0000000000000000000 ) ) ;
#371 = COLOUR_RGB ( '',0.7921568627450980000, 0.8196078431372548800, 0.9333333333333333500 ) ;
#372 = DIRECTION ( 'NONE',  ( 1.000000000000000000, 0.0000000000000000000, 0.0000000000000000000 ) ) ;
#373 = DIRECTION ( 'NONE',  ( 0.0000000000000000000, -1.000000000000000000, 0.0000000000000000000 ) ) ;
#374 = DIRECTION ( 'NONE',  ( 1.000000000000000000, 0.0000000000000000000, 0.0000000000000000000 ) ) ;
#375 = DIRECTION ( 'NONE',  ( 0.0000000000000000000, -1.000000000000000000, -9.130123557772670800E-017 ) ) ;
#376 = DIRECTION ( 'NONE',  ( -1.000000000000000000, -0.0000000000000000000, -0.0000000000000000000 ) ) ;
#377 = EDGE_CURVE ( 'NONE', #1623, #1473, #1994, .T. ) ;
#378 = EDGE_CURVE ( 'NONE', #588, #1827, #607, .T. ) ;
#379 = DIRECTION ( 'NONE',  ( 0.0000000000000000000, -1.000000000000000000, 0.0000000000000000000 ) ) ;
#380 = ADVANCED_FACE ( 'NONE', ( #1159 ), #656, .F. ) ;
#381 = EDGE_CURVE ( 'NONE', #1641, #313, #735, .T. ) ;
#382 = DIRECTION ( 'NONE',  ( 0.0000000000000000000, 1.000000000000000000, 0.0000000000000000000 ) ) ;
#383 = VECTOR ( 'NONE', #1419, 1000.000000000000000 ) ;
#384 = ORIENTED_EDGE ( 'NONE', *, *, #1482, .T. ) ;
#385 = VECTOR ( 'NONE', #535, 1000.000000000000000 ) ;
#386 = CARTESIAN_POINT ( 'NONE',  ( 141.0000000000000000, 19.00000000000000000, -2.829302025669618300E-015 ) ) ;
#387 = VERTEX_POINT ( 'NONE', #731 ) ;
#388 = SURFACE_STYLE_USAGE ( .BOTH. , #2057 ) ;
#389 = DIRECTION ( 'NONE',  ( -1.000000000000000000, 0.0000000000000000000, 0.0000000000000000000 ) ) ;
#390 = ORIENTED_EDGE ( 'NONE', *, *, #1461, .F. ) ;
#391 = DIRECTION ( 'NONE',  ( 1.000000000000000000, 0.0000000000000000000, -0.0000000000000000000 ) ) ;
#392 = CARTESIAN_POINT ( 'NONE',  ( 134.9999999999999700, 19.00000000000000000, -15.00000000000000000 ) ) ;
#393 = UNCERTAINTY_MEASURE_WITH_UNIT (LENGTH_MEASURE( 1.000000000000000100E-005 ), #2037, 'distance_accuracy_value', 'NONE');
#394 = AXIS2_PLACEMENT_3D ( 'NONE', #1382, #2085, #369 ) ;
#395 = DIRECTION ( 'NONE',  ( 0.0000000000000000000, 1.000000000000000000, -1.489106329299799200E-016 ) ) ;
#396 = VERTEX_POINT ( 'NONE', #722 ) ;
#397 = VECTOR ( 'NONE', #404, 1000.000000000000000 ) ;
#398 = CARTESIAN_POINT ( 'NONE',  ( 145.0000000000000000, 0.0000000000000000000, -15.00000000000000000 ) ) ;
#399 = CARTESIAN_POINT ( 'NONE',  ( 0.0000000000000000000, 15.00000000000000000, -15.00000000000000000 ) ) ;
#400 = CARTESIAN_POINT ( 'NONE',  ( 145.0000000000000000, 15.00000000000000000, -15.00000000000000000 ) ) ;
#401 = MECHANICAL_DESIGN_GEOMETRIC_PRESENTATION_REPRESENTATION (  '', ( #1829 ), #1371 ) ;
#402 = ORIENTED_EDGE ( 'NONE', *, *, #190, .T. ) ;
#403 = VECTOR ( 'NONE', #1154, 1000.000000000000000 ) ;
#404 = DIRECTION ( 'NONE',  ( -1.000000000000000000, -0.0000000000000000000, -0.0000000000000000000 ) ) ;
#405 = DIRECTION ( 'NONE',  ( 0.0000000000000000000, 1.000000000000000000, -0.0000000000000000000 ) ) ;
#406 = CLOSED_SHELL ( 'NONE', ( #380, #1230, #2121, #1077, #1446, #1747 ) ) ;
#407 = ORIENTED_EDGE ( 'NONE', *, *, #1647, .F. ) ;
#408 = PRESENTATION_LAYER_ASSIGNMENT (  '', '', ( #1037 ) ) ;
#409 = CARTESIAN_POINT ( 'NONE',  ( 80.00000000000000000, 0.0000000000000000000, 0.0000000000000000000 ) ) ;
#410 = EDGE_CURVE ( 'NONE', #80, #705, #2018, .T. ) ;
#411 = VECTOR ( 'NONE', #1420, 1000.000000000000000 ) ;
#412 = CARTESIAN_POINT ( 'NONE',  ( 130.0000000000000000, 0.0000000000000000000, -15.00000000000000000 ) ) ;
#413 = ADVANCED_FACE ( 'NONE', ( #2124 ), #1558, .F. ) ;
#414 = VECTOR ( 'NONE', #520, 1000.000000000000000 ) ;
#415 = CARTESIAN_POINT ( 'NONE',  ( 0.0000000000000000000, 15.00000000000000000, 0.0000000000000000000 ) ) ;
#416 = FACE_OUTER_BOUND ( 'NONE', #940, .T. ) ;
#417 = AXIS2_PLACEMENT_3D ( 'NONE', #914, #559, #1228 ) ;
#418 = PLANE ( 'NONE',  #1533 ) ;
#419 = FACE_OUTER_BOUND ( 'NONE', #582, .T. ) ;
#420 = EDGE_LOOP ( 'NONE', ( #1859, #1615, #2172, #642 ) ) ;
#421 = CARTESIAN_POINT ( 'NONE',  ( -15.00000000000000000, 2.649999999999999500, -15.00000000000000000 ) ) ;
#422 = VECTOR ( 'NONE', #246, 1000.000000000000000 ) ;
#423 = ORIENTED_EDGE ( 'NONE', *, *, #378, .F. ) ;
#424 = ORIENTED_EDGE ( 'NONE', *, *, #1911, .F. ) ;
#425 = VECTOR ( 'NONE', #564, 1000.000000000000000 ) ;
#426 = FILL_AREA_STYLE_COLOUR ( '', #36 ) ;
#427 = DIRECTION ( 'NONE',  ( -0.0000000000000000000, -0.0000000000000000000, 1.000000000000000000 ) ) ;
#428 = PLANE ( 'NONE',  #1780 ) ;
#429 = VECTOR ( 'NONE', #1092, 1000.000000000000000 ) ;
#430 = LINE ( 'NONE', #1164, #1118 ) ;
#431 = AXIS2_PLACEMENT_3D ( 'NONE', #674, #1493, #1503 ) ;
#432 = EDGE_CURVE ( 'NONE', #1223, #249, #452, .T. ) ;
#433 = ORIENTED_EDGE ( 'NONE', *, *, #1836, .T. ) ;
#434 = FACE_OUTER_BOUND ( 'NONE', #1475, .T. ) ;
#435 = DIRECTION ( 'NONE',  ( 1.000000000000000000, 0.0000000000000000000, 0.0000000000000000000 ) ) ;
#436 = ORIENTED_EDGE ( 'NONE', *, *, #2112, .F. ) ;
#437 = CARTESIAN_POINT ( 'NONE',  ( 0.0000000000000000000, 2.649999999999999500, -15.00000000000000000 ) ) ;
#438 = SHAPE_DEFINITION_REPRESENTATION ( #41, #351 ) ;
#439 = FILL_AREA_STYLE ('',( #426 ) ) ;
#440 = LINE ( 'NONE', #672, #1149 ) ;
#441 = VERTEX_POINT ( 'NONE', #50 ) ;
#442 = STYLED_ITEM ( 'NONE', ( #809 ), #791 ) ;
#443 = ADVANCED_FACE ( 'NONE', ( #2074 ), #1547, .F. ) ;
#444 = CARTESIAN_POINT ( 'NONE',  ( 120.0000000000000000, 0.0000000000000000000, 0.0000000000000000000 ) ) ;
#445 = LINE ( 'NONE', #2103, #355 ) ;
#446 = VECTOR ( 'NONE', #372, 1000.000000000000000 ) ;
#447 = CARTESIAN_POINT ( 'NONE',  ( 145.0000000000000000, 19.00000000000000400, -15.00000000000000000 ) ) ;
#448 = ORIENTED_EDGE ( 'NONE', *, *, #711, .F. ) ;
#449 = EDGE_CURVE ( 'NONE', #1350, #1165, #2173, .T. ) ;
#450 = DIRECTION ( 'NONE',  ( 0.0000000000000000000, 0.0000000000000000000, -1.000000000000000000 ) ) ;
#451 = ORIENTED_EDGE ( 'NONE', *, *, #1171, .T. ) ;
#452 = LINE ( 'NONE', #244, #287 ) ;
#453 = ORIENTED_EDGE ( 'NONE', *, *, #1381, .T. ) ;
#454 = DIRECTION ( 'NONE',  ( 0.0000000000000000000, -1.489106329299799200E-016, -1.000000000000000000 ) ) ;
#455 = FACE_OUTER_BOUND ( 'NONE', #23, .T. ) ;
#456 = ORIENTED_EDGE ( 'NONE', *, *, #173, .F. ) ;
#457 = ORIENTED_EDGE ( 'NONE', *, *, #1744, .T. ) ;
#458 = ORIENTED_EDGE ( 'NONE', *, *, #919, .T. ) ;
#459 = LINE ( 'NONE', #1921, #1797 ) ;
#460 = DIRECTION ( 'NONE',  ( -1.000000000000000000, -0.0000000000000000000, -0.0000000000000000000 ) ) ;
#461 = AXIS2_PLACEMENT_3D ( 'NONE', #687, #2180, #1012 ) ;
#462 = LINE ( 'NONE', #1636, #1745 ) ;
#463 = ADVANCED_FACE ( 'NONE', ( #1619 ), #1374, .F. ) ;
#464 = PLANE ( 'NONE',  #1984 ) ;
#465 = DIRECTION ( 'NONE',  ( 0.0000000000000000000, -1.000000000000000000, -2.312964634635743400E-016 ) ) ;
#466 = CARTESIAN_POINT ( 'NONE',  ( -15.00000000000000000, 2.649999999999999500, -15.00000000000000000 ) ) ;
#467 = PRESENTATION_STYLE_ASSIGNMENT (( #388 ) ) ;
#468 = ORIENTED_EDGE ( 'NONE', *, *, #173, .T. ) ;
#469 = EDGE_CURVE ( 'NONE', #2141, #539, #1731, .T. ) ;
#470 = VECTOR ( 'NONE', #460, 1000.000000000000000 ) ;
#471 = ORIENTED_EDGE ( 'NONE', *, *, #1014, .T. ) ;
#472 = ORIENTED_EDGE ( 'NONE', *, *, #1422, .T. ) ;
#473 = DIRECTION ( 'NONE',  ( 0.0000000000000000000, -1.000000000000000000, 0.0000000000000000000 ) ) ;
#474 = DIRECTION ( 'NONE',  ( 1.000000000000000000, 0.0000000000000000000, -0.0000000000000000000 ) ) ;
#475 = AXIS2_PLACEMENT_3D ( 'NONE', #1609, #1799, #450 ) ;
#476 = PLANE ( 'NONE',  #1110 ) ;
#477 = ORIENTED_EDGE ( 'NONE', *, *, #560, .F. ) ;
#478 = FACE_OUTER_BOUND ( 'NONE', #1765, .T. ) ;
#479 = CARTESIAN_POINT ( 'NONE',  ( 150.0000000000000000, 0.6500000000000012400, -9.679191140448715900E-017 ) ) ;
#480 = DIRECTION ( 'NONE',  ( 0.0000000000000000000, 0.0000000000000000000, 1.000000000000000000 ) ) ;
#481 = VECTOR ( 'NONE', #1334, 1000.000000000000000 ) ;
#482 = ORIENTED_EDGE ( 'NONE', *, *, #27, .F. ) ;
#483 = PLANE ( 'NONE',  #19 ) ;
#484 = CARTESIAN_POINT ( 'NONE',  ( 141.0000000000000000, 2.649999999999999500, -15.00000000000000000 ) ) ;
#485 = CARTESIAN_POINT ( 'NONE',  ( 134.9999999999999700, 0.6500000000000012400, -15.00000000000000000 ) ) ;
#486 = EDGE_CURVE ( 'NONE', #1079, #109, #1290, .T. ) ;
#487 = LINE ( 'NONE', #176, #991 ) ;
#488 = DIRECTION ( 'NONE',  ( 1.000000000000000000, 0.0000000000000000000, -0.0000000000000000000 ) ) ;
#489 = VERTEX_POINT ( 'NONE', #1974 ) ;
#490 = DIRECTION ( 'NONE',  ( -1.000000000000000000, 0.0000000000000000000, -0.0000000000000000000 ) ) ;
#491 = FACE_OUTER_BOUND ( 'NONE', #280, .T. ) ;
#492 = ORIENTED_EDGE ( 'NONE', *, *, #1857, .F. ) ;
#493 = EDGE_CURVE ( 'NONE', #291, #241, #814, .T. ) ;
#494 = EDGE_CURVE ( 'NONE', #2141, #80, #768, .T. ) ;
#495 = ORIENTED_EDGE ( 'NONE', *, *, #530, .T. ) ;
#496 = EDGE_LOOP ( 'NONE', ( #2126, #144, #1317, #495 ) ) ;
#497 = LINE ( 'NONE', #1843, #1947 ) ;
#498 = ORIENTED_EDGE ( 'NONE', *, *, #665, .F. ) ;
#499 = DIRECTION ( 'NONE',  ( 1.000000000000000000, 0.0000000000000000000, 0.0000000000000000000 ) ) ;
#500 = EDGE_LOOP ( 'NONE', ( #2067, #1153, #1443, #74 ) ) ;
#501 = ORIENTED_EDGE ( 'NONE', *, *, #288, .T. ) ;
#502 = DIRECTION ( 'NONE',  ( 0.0000000000000000000, 1.000000000000000000, -0.0000000000000000000 ) ) ;
#503 = AXIS2_PLACEMENT_3D ( 'NONE', #1005, #548, #1893 ) ;
#504 = CARTESIAN_POINT ( 'NONE',  ( 131.0000000000000000, 19.00000000000000000, -2.829302025669618300E-015 ) ) ;
#505 = LINE ( 'NONE', #69, #1130 ) ;
#506 = LINE ( 'NONE', #331, #2157 ) ;
#507 = VECTOR ( 'NONE', #133, 1000.000000000000000 ) ;
#508 = CARTESIAN_POINT ( 'NONE',  ( 126.0000000000000000, 6.649999999999999500, -15.01000000000000000 ) ) ;
#509 = PLANE ( 'NONE',  #589 ) ;
#510 = STYLED_ITEM ( 'NONE', ( #1611 ), #1479 ) ;
#511 = DIRECTION ( 'NONE',  ( 0.0000000000000000000, -1.000000000000000000, 0.0000000000000000000 ) ) ;
#512 = EDGE_CURVE ( 'NONE', #489, #1436, #868, .T. ) ;
#513 = COLOUR_RGB ( '',0.7921568627450980000, 0.8196078431372548800, 0.9333333333333333500 ) ;
#514 = SURFACE_STYLE_USAGE ( .BOTH. , #1186 ) ;
#515 = CARTESIAN_POINT ( 'NONE',  ( 80.00000000000000000, 18.99999999999999600, -14.99999999999999800 ) ) ;
#516 = CARTESIAN_POINT ( 'NONE',  ( 124.9999999999999900, 19.00000000000000400, -15.00000000000000000 ) ) ;
#517 = ORIENTED_EDGE ( 'NONE', *, *, #1883, .F. ) ;
#518 = ORIENTED_EDGE ( 'NONE', *, *, #1132, .T. ) ;
#519 = ADVANCED_FACE ( 'NONE', ( #1734 ), #483, .F. ) ;
#520 = DIRECTION ( 'NONE',  ( -1.000000000000000000, -0.0000000000000000000, -0.0000000000000000000 ) ) ;
#521 = CARTESIAN_POINT ( 'NONE',  ( 145.0000000000000000, 19.00000000000000000, -2.829302025669618300E-015 ) ) ;
#522 = FACE_OUTER_BOUND ( 'NONE', #112, .T. ) ;
#523 = FACE_OUTER_BOUND ( 'NONE', #1885, .T. ) ;
#524 = EDGE_CURVE ( 'NONE', #635, #1544, #1600, .T. ) ;
#525 = EDGE_LOOP ( 'NONE', ( #1151, #402, #1575, #179 ) ) ;
#526 = DIRECTION ( 'NONE',  ( 0.0000000000000000000, -1.489106329299799200E-016, -1.000000000000000000 ) ) ;
#527 = DIRECTION ( 'NONE',  ( -0.0000000000000000000, -0.0000000000000000000, 1.000000000000000000 ) ) ;
#528 =( NAMED_UNIT ( * ) PLANE_ANGLE_UNIT ( ) SI_UNIT ( $, .RADIAN. ) );
#529 = EDGE_CURVE ( 'NONE', #1029, #279, #2127, .T. ) ;
#530 = EDGE_CURVE ( 'NONE', #266, #106, #310, .T. ) ;
#531 = VECTOR ( 'NONE', #2151, 1000.000000000000000 ) ;
#532 = ADVANCED_FACE ( 'NONE', ( #455 ), #145, .F. ) ;
#533 = DIRECTION ( 'NONE',  ( 0.0000000000000000000, 1.000000000000000000, 0.0000000000000000000 ) ) ;
#534 = DIRECTION ( 'NONE',  ( -1.000000000000000000, 0.0000000000000000000, 0.0000000000000000000 ) ) ;
#535 = DIRECTION ( 'NONE',  ( 0.0000000000000000000, -1.000000000000000000, 0.0000000000000000000 ) ) ;
#536 =( LENGTH_UNIT ( ) NAMED_UNIT ( * ) SI_UNIT ( .MILLI., .METRE. ) );
#537 = CLOSED_SHELL ( 'NONE', ( #716, #2060, #127, #725, #413, #17 ) ) ;
#538 = DIRECTION ( 'NONE',  ( 0.0000000000000000000, -1.000000000000000000, 0.0000000000000000000 ) ) ;
#539 = VERTEX_POINT ( 'NONE', #978 ) ;
#540 = ORIENTED_EDGE ( 'NONE', *, *, #1586, .F. ) ;
#541 = CARTESIAN_POINT ( 'NONE',  ( 124.9999999999999900, 6.649999999999999500, -15.00000000000000000 ) ) ;
#542 = PLANE ( 'NONE',  #1576 ) ;
#543 =( NAMED_UNIT ( * ) PLANE_ANGLE_UNIT ( ) SI_UNIT ( $, .RADIAN. ) );
#544 = VERTEX_POINT ( 'NONE', #1659 ) ;
#545 = ORIENTED_EDGE ( 'NONE', *, *, #764, .F. ) ;
#546 = DIRECTION ( 'NONE',  ( 0.0000000000000000000, -1.000000000000000000, 0.0000000000000000000 ) ) ;
#547 = DIRECTION ( 'NONE',  ( 0.0000000000000000000, 1.000000000000000000, -1.489106329299799200E-016 ) ) ;
#548 = DIRECTION ( 'NONE',  ( 0.0000000000000000000, -9.130123557772670800E-017, 1.000000000000000000 ) ) ;
#549 = AXIS2_PLACEMENT_3D ( 'NONE', #1050, #533, #1372 ) ;
#550 = VERTEX_POINT ( 'NONE', #2156 ) ;
#551 = LINE ( 'NONE', #400, #1838 ) ;
#552 =( NAMED_UNIT ( * ) SI_UNIT ( $, .STERADIAN. ) SOLID_ANGLE_UNIT ( ) );
#553 = AXIS2_PLACEMENT_3D ( 'NONE', #615, #454, #780 ) ;
#554 = ORIENTED_EDGE ( 'NONE', *, *, #2104, .F. ) ;
#555 = VECTOR ( 'NONE', #473, 1000.000000000000000 ) ;
#556 = UNCERTAINTY_MEASURE_WITH_UNIT (LENGTH_MEASURE( 1.000000000000000100E-005 ), #658, 'distance_accuracy_value', 'NONE');
#557 = EDGE_LOOP ( 'NONE', ( #1013, #609, #2154, #448 ) ) ;
#558 = ORIENTED_EDGE ( 'NONE', *, *, #410, .F. ) ;
#559 = DIRECTION ( 'NONE',  ( 1.000000000000000000, 0.0000000000000000000, 0.0000000000000000000 ) ) ;
#560 = EDGE_CURVE ( 'NONE', #906, #253, #111, .T. ) ;
#561 = DIRECTION ( 'NONE',  ( 0.0000000000000000000, 0.0000000000000000000, -1.000000000000000000 ) ) ;
#562 = ADVANCED_FACE ( 'NONE', ( #839 ), #464, .F. ) ;
#563 = CARTESIAN_POINT ( 'NONE',  ( 150.0000000000000000, 0.0000000000000000000, -15.00000000000000000 ) ) ;
#564 = DIRECTION ( 'NONE',  ( -0.0000000000000000000, -0.0000000000000000000, 1.000000000000000000 ) ) ;
#565 = LINE ( 'NONE', #1628, #1401 ) ;
#566 = CARTESIAN_POINT ( 'NONE',  ( 134.9999999999999700, 0.6500000000000012400, -15.00000000000000000 ) ) ;
#567 = SURFACE_SIDE_STYLE ('',( #959 ) ) ;
#568 = PLANE ( 'NONE',  #1856 ) ;
#569 = CARTESIAN_POINT ( 'NONE',  ( 146.0000000000000000, 19.00000000000000000, -2.829302025669618300E-015 ) ) ;
#570 = LINE ( 'NONE', #776, #1749 ) ;
#571 = DIRECTION ( 'NONE',  ( -1.000000000000000000, -0.0000000000000000000, -0.0000000000000000000 ) ) ;
#572 = CARTESIAN_POINT ( 'NONE',  ( 150.0000000000000000, 19.00000000000000000, -2.829302025669618300E-015 ) ) ;
#573 = AXIS2_PLACEMENT_3D ( 'NONE', #900, #888, #2055 ) ;
#574 = SURFACE_SIDE_STYLE ('',( #1963 ) ) ;
#575 = LINE ( 'NONE', #762, #1691 ) ;
#576 = ORIENTED_EDGE ( 'NONE', *, *, #1566, .F. ) ;
#577 = CARTESIAN_POINT ( 'NONE',  ( 124.9999999999999900, 18.99999999999999600, 0.0000000000000000000 ) ) ;
#578 = CARTESIAN_POINT ( 'NONE',  ( 135.9999999999999700, 2.649999999999998600, 0.0000000000000000000 ) ) ;
#579 = CARTESIAN_POINT ( 'NONE',  ( 139.9999999999999700, 0.0000000000000000000, 0.0000000000000000000 ) ) ;
#580 = AXIS2_PLACEMENT_3D ( 'NONE', #2092, #1099, #82 ) ;
#581 = EDGE_CURVE ( 'NONE', #1656, #706, #2106, .T. ) ;
#582 = EDGE_LOOP ( 'NONE', ( #1272, #1693, #741, #1358 ) ) ;
#583 = DIRECTION ( 'NONE',  ( -0.0000000000000000000, -0.0000000000000000000, 1.000000000000000000 ) ) ;
#584 = ORIENTED_EDGE ( 'NONE', *, *, #2082, .T. ) ;
#585 = VERTEX_POINT ( 'NONE', #1456 ) ;
#586 = PLANE ( 'NONE',  #1501 ) ;
#587 = FILL_AREA_STYLE ('',( #91 ) ) ;
#588 = VERTEX_POINT ( 'NONE', #1980 ) ;
#589 = AXIS2_PLACEMENT_3D ( 'NONE', #1853, #678, #183 ) ;
#590 = CARTESIAN_POINT ( 'NONE',  ( 141.0000000000000000, 0.0000000000000000000, -15.00000000000000000 ) ) ;
#591 =( NAMED_UNIT ( * ) PLANE_ANGLE_UNIT ( ) SI_UNIT ( $, .RADIAN. ) );
#592 = CARTESIAN_POINT ( 'NONE',  ( 150.0000000000000000, 0.6500000000000012400, -9.679191140448715900E-017 ) ) ;
#593 = VECTOR ( 'NONE', #1417, 1000.000000000000000 ) ;
#594 = PLANE ( 'NONE',  #1936 ) ;
#595 = CARTESIAN_POINT ( 'NONE',  ( 126.0000000000000000, 2.649999999999999500, 0.0000000000000000000 ) ) ;
#596 = FACE_OUTER_BOUND ( 'NONE', #496, .T. ) ;
#597 = EDGE_LOOP ( 'NONE', ( #453, #1977, #1031, #789 ) ) ;
#598 = PLANE ( 'NONE',  #2181 ) ;
#599 = ORIENTED_EDGE ( 'NONE', *, *, #1959, .T. ) ;
#600 = EDGE_CURVE ( 'NONE', #1223, #544, #1485, .T. ) ;
#601 = VECTOR ( 'NONE', #200, 1000.000000000000000 ) ;
#602 = CARTESIAN_POINT ( 'NONE',  ( 80.00000000000000000, 18.99999999999999600, -14.99999999999999800 ) ) ;
#603 = ORIENTED_EDGE ( 'NONE', *, *, #621, .T. ) ;
#604 = DIRECTION ( 'NONE',  ( 0.0000000000000000000, -0.0000000000000000000, -1.000000000000000000 ) ) ;
#605 = ADVANCED_FACE ( 'NONE', ( #434 ), #1460, .F. ) ;
#606 = ORIENTED_EDGE ( 'NONE', *, *, #949, .F. ) ;
#607 = LINE ( 'NONE', #1152, #154 ) ;
#608 = EDGE_CURVE ( 'NONE', #367, #1436, #1243, .T. ) ;
#609 = ORIENTED_EDGE ( 'NONE', *, *, #1022, .T. ) ;
#610 = FACE_OUTER_BOUND ( 'NONE', #1327, .T. ) ;
#611 = CARTESIAN_POINT ( 'NONE',  ( 145.0000000000000000, 2.649999999999999900, 0.0000000000000000000 ) ) ;
#612 = EDGE_CURVE ( 'NONE', #1165, #1590, #56, .T. ) ;
#613 = EDGE_LOOP ( 'NONE', ( #1484, #2077, #958, #2098 ) ) ;
#614 = VERTEX_POINT ( 'NONE', #1819 ) ;
#615 = CARTESIAN_POINT ( 'NONE',  ( 150.0000000000000000, 19.00000000000000000, -2.829302025669618300E-015 ) ) ;
#616 = AXIS2_PLACEMENT_3D ( 'NONE', #995, #1834, #480 ) ;
#617 = ADVANCED_FACE ( 'NONE', ( #364 ), #671, .F. ) ;
#618 = PLANE ( 'NONE',  #779 ) ;
#619 = LINE ( 'NONE', #1491, #165 ) ;
#620 = CARTESIAN_POINT ( 'NONE',  ( 80.00000000000000000, 0.0000000000000000000, 0.0000000000000000000 ) ) ;
#621 = EDGE_CURVE ( 'NONE', #1781, #550, #703, .T. ) ;
#622 = SURFACE_STYLE_FILL_AREA ( #1956 ) ;
#623 = PLANE ( 'NONE',  #660 ) ;
#624 = MANIFOLD_SOLID_BREP ( 'volume_2', #406 ) ;
#625 = VECTOR ( 'NONE', #1219, 1000.000000000000000 ) ;
#626 = CARTESIAN_POINT ( 'NONE',  ( 134.9999999999999700, 0.6500000000000012400, 0.0000000000000000000 ) ) ;
#627 = ADVANCED_FACE ( 'NONE', ( #339 ), #9, .F. ) ;
#628 = ORIENTED_EDGE ( 'NONE', *, *, #1199, .F. ) ;
#629 = EDGE_CURVE ( 'NONE', #1246, #1332, #1120, .T. ) ;
#630 = VERTEX_POINT ( 'NONE', #167 ) ;
#631 = DIRECTION ( 'NONE',  ( -1.000000000000000000, 0.0000000000000000000, 0.0000000000000000000 ) ) ;
#632 = ORIENTED_EDGE ( 'NONE', *, *, #1970, .F. ) ;
#633 = ORIENTED_EDGE ( 'NONE', *, *, #368, .F. ) ;
#634 = ORIENTED_EDGE ( 'NONE', *, *, #1695, .T. ) ;
#635 = VERTEX_POINT ( 'NONE', #1661 ) ;
#636 = DIRECTION ( 'NONE',  ( 0.0000000000000000000, -1.000000000000000000, 1.489106329299799200E-016 ) ) ;
#637 = CARTESIAN_POINT ( 'NONE',  ( 150.0000000000000000, 19.00000000000000400, -15.00000000000000000 ) ) ;
#638 = EDGE_CURVE ( 'NONE', #253, #1063, #740, .T. ) ;
#639 = CARTESIAN_POINT ( 'NONE',  ( 150.0000000000000000, 19.00000000000000000, -2.829302025669618300E-015 ) ) ;
#640 = VECTOR ( 'NONE', #373, 1000.000000000000000 ) ;
#641 = VECTOR ( 'NONE', #923, 1000.000000000000000 ) ;
#642 = ORIENTED_EDGE ( 'NONE', *, *, #1566, .T. ) ;
#643 = EDGE_CURVE ( 'NONE', #115, #257, #289, .T. ) ;
#644 = FACE_OUTER_BOUND ( 'NONE', #87, .T. ) ;
#645 = ORIENTED_EDGE ( 'NONE', *, *, #2059, .T. ) ;
#646 = CARTESIAN_POINT ( 'NONE',  ( 80.00000000000000000, 0.0000000000000000000, -15.00000000000000000 ) ) ;
#647 = CARTESIAN_POINT ( 'NONE',  ( 124.9999999999999900, 2.649999999999999500, -15.00000000000000000 ) ) ;
#648 = VECTOR ( 'NONE', #561, 1000.000000000000000 ) ;
#649 = STYLED_ITEM ( 'NONE', ( #1608 ), #2114 ) ;
#650 = ORIENTED_EDGE ( 'NONE', *, *, #2016, .F. ) ;
#651 = CARTESIAN_POINT ( 'NONE',  ( 139.9999999999999700, 18.99999999999999600, -15.00000000000000000 ) ) ;
#652 = CLOSED_SHELL ( 'NONE', ( #1783, #1035, #1453, #627, #1377, #1803 ) ) ;
#653 = FACE_OUTER_BOUND ( 'NONE', #54, .T. ) ;
#654 = CARTESIAN_POINT ( 'NONE',  ( 150.0000000000000000, 0.0000000000000000000, 0.0000000000000000000 ) ) ;
#655 = ORIENTED_EDGE ( 'NONE', *, *, #142, .T. ) ;
#656 = PLANE ( 'NONE',  #503 ) ;
#657 = AXIS2_PLACEMENT_3D ( 'NONE', #2041, #63, #1241 ) ;
#658 =( LENGTH_UNIT ( ) NAMED_UNIT ( * ) SI_UNIT ( .MILLI., .METRE. ) );
#659 = SURFACE_STYLE_FILL_AREA ( #661 ) ;
#660 = AXIS2_PLACEMENT_3D ( 'NONE', #1293, #1450, #786 ) ;
#661 = FILL_AREA_STYLE ('',( #352 ) ) ;
#662 = DIRECTION ( 'NONE',  ( 0.0000000000000000000, 1.000000000000000000, 0.0000000000000000000 ) ) ;
#663 = CARTESIAN_POINT ( 'NONE',  ( 130.0000000000000000, 2.649999999999999900, -15.00000000000000000 ) ) ;
#664 = LINE ( 'NONE', #72, #1583 ) ;
#665 = EDGE_CURVE ( 'NONE', #1325, #1350, #1622, .T. ) ;
#666 = FACE_OUTER_BOUND ( 'NONE', #1993, .T. ) ;
#667 = EDGE_LOOP ( 'NONE', ( #1738, #458, #1396, #498 ) ) ;
#668 = VECTOR ( 'NONE', #285, 1000.000000000000000 ) ;
#669 = ORIENTED_EDGE ( 'NONE', *, *, #1069, .F. ) ;
#670 = CLOSED_SHELL ( 'NONE', ( #1950, #1617, #967, #519, #1140, #443 ) ) ;
#671 = PLANE ( 'NONE',  #1100 ) ;
#672 = CARTESIAN_POINT ( 'NONE',  ( 141.0000000000000000, 0.0000000000000000000, -15.00000000000000000 ) ) ;
#673 =( NAMED_UNIT ( * ) PLANE_ANGLE_UNIT ( ) SI_UNIT ( $, .RADIAN. ) );
#674 = CARTESIAN_POINT ( 'NONE',  ( 150.0000000000000000, 0.0000000000000000000, 0.0000000000000000000 ) ) ;
#675 = ORIENTED_EDGE ( 'NONE', *, *, #757, .F. ) ;
#676 = ORIENTED_EDGE ( 'NONE', *, *, #638, .F. ) ;
#677 = DIRECTION ( 'NONE',  ( 0.0000000000000000000, -1.000000000000000000, 0.0000000000000000000 ) ) ;
#678 = DIRECTION ( 'NONE',  ( 0.0000000000000000000, 0.0000000000000000000, 1.000000000000000000 ) ) ;
#679 = ORIENTED_EDGE ( 'NONE', *, *, #1284, .T. ) ;
#680 = CARTESIAN_POINT ( 'NONE',  ( 131.0000000000000000, 15.00000000000000000, -15.00000000000000000 ) ) ;
#681 = VERTEX_POINT ( 'NONE', #1839 ) ;
#682 = EDGE_CURVE ( 'NONE', #2080, #60, #1951, .T. ) ;
#683 = FACE_OUTER_BOUND ( 'NONE', #1763, .T. ) ;
#684 = DIRECTION ( 'NONE',  ( 0.0000000000000000000, -1.000000000000000000, -2.312964634635743400E-016 ) ) ;
#685 =( NAMED_UNIT ( * ) SI_UNIT ( $, .STERADIAN. ) SOLID_ANGLE_UNIT ( ) );
#686 = PRESENTATION_LAYER_ASSIGNMENT (  '', '', ( #1631 ) ) ;
#687 = CARTESIAN_POINT ( 'NONE',  ( 146.0000000000000000, 15.00000000000000000, -15.01000000000000000 ) ) ;
#688 = VECTOR ( 'NONE', #1250, 1000.000000000000000 ) ;
#689 = ORIENTED_EDGE ( 'NONE', *, *, #89, .F. ) ;
#690 = ADVANCED_FACE ( 'NONE', ( #653 ), #831, .F. ) ;
#691 = CARTESIAN_POINT ( 'NONE',  ( 146.0000000000000000, 19.00000000000000400, -15.00000000000000000 ) ) ;
#692 = EDGE_LOOP ( 'NONE', ( #185, #1010, #362, #901 ) ) ;
#693 = FACE_OUTER_BOUND ( 'NONE', #525, .T. ) ;
#694 =( LENGTH_UNIT ( ) NAMED_UNIT ( * ) SI_UNIT ( .MILLI., .METRE. ) );
#695 = AXIS2_PLACEMENT_3D ( 'NONE', #2044, #697, #2177 ) ;
#696 = SURFACE_STYLE_USAGE ( .BOTH. , #361 ) ;
#697 = DIRECTION ( 'NONE',  ( 1.000000000000000000, 0.0000000000000000000, 0.0000000000000000000 ) ) ;
#698 = ORIENTED_EDGE ( 'NONE', *, *, #1995, .F. ) ;
#699 = CARTESIAN_POINT ( 'NONE',  ( 150.0000000000000000, 19.00000000000000000, -2.829302025669618300E-015 ) ) ;
#700 = EDGE_CURVE ( 'NONE', #873, #328, #2152, .T. ) ;
#701 = CARTESIAN_POINT ( 'NONE',  ( 139.9999999999999700, 2.649999999999999500, 0.0000000000000000000 ) ) ;
#702 = ADVANCED_FACE ( 'NONE', ( #1064 ), #2005, .F. ) ;
#703 = LINE ( 'NONE', #1505, #2174 ) ;
#704 = CARTESIAN_POINT ( 'NONE',  ( 120.9999999999999900, 0.0000000000000000000, -15.00000000000000000 ) ) ;
#705 = VERTEX_POINT ( 'NONE', #1486 ) ;
#706 = VERTEX_POINT ( 'NONE', #1848 ) ;
#707 = CARTESIAN_POINT ( 'NONE',  ( 130.0000000000000000, 15.00000000000000000, -15.01000000000000000 ) ) ;
#708 = UNCERTAINTY_MEASURE_WITH_UNIT (LENGTH_MEASURE( 1.000000000000000100E-005 ), #29, 'distance_accuracy_value', 'NONE');
#709 = CARTESIAN_POINT ( 'NONE',  ( 145.0000000000000000, 2.649999999999999900, -15.00000000000000000 ) ) ;
#710 = DIRECTION ( 'NONE',  ( 0.0000000000000000000, 0.0000000000000000000, -1.000000000000000000 ) ) ;
#711 = EDGE_CURVE ( 'NONE', #2122, #2049, #1337, .T. ) ;
#712 = VECTOR ( 'NONE', #717, 1000.000000000000000 ) ;
#713 = DIRECTION ( 'NONE',  ( 0.0000000000000000000, -0.0000000000000000000, 1.000000000000000000 ) ) ;
#714 = LINE ( 'NONE', #130, #1800 ) ;
#715 = EDGE_CURVE ( 'NONE', #1308, #1944, #1673, .T. ) ;
#716 = ADVANCED_FACE ( 'NONE', ( #610 ), #1180, .F. ) ;
#717 = DIRECTION ( 'NONE',  ( 0.0000000000000000000, 0.0000000000000000000, -1.000000000000000000 ) ) ;
#718 = DIRECTION ( 'NONE',  ( 0.0000000000000000000, -2.312964634635743900E-016, -1.000000000000000000 ) ) ;
#719 = FILL_AREA_STYLE_COLOUR ( '', #1785 ) ;
#720 = VECTOR ( 'NONE', #1274, 1000.000000000000000 ) ;
#721 = ORIENTED_EDGE ( 'NONE', *, *, #968, .F. ) ;
#722 = CARTESIAN_POINT ( 'NONE',  ( 150.0000000000000000, 0.6500000000000012400, -15.00000000000000000 ) ) ;
#723 = CARTESIAN_POINT ( 'NONE',  ( 135.9999999999999700, 19.00000000000000000, -15.00000000000000000 ) ) ;
#724 = VECTOR ( 'NONE', #196, 1000.000000000000000 ) ;
#725 = ADVANCED_FACE ( 'NONE', ( #209 ), #542, .F. ) ;
#726 = EDGE_LOOP ( 'NONE', ( #424, #1000, #760, #51 ) ) ;
#727 = VECTOR ( 'NONE', #2051, 1000.000000000000000 ) ;
#728 = SURFACE_STYLE_USAGE ( .BOTH. , #220 ) ;
#729 = ORIENTED_EDGE ( 'NONE', *, *, #267, .T. ) ;
#730 = PLANE ( 'NONE',  #898 ) ;
#731 = CARTESIAN_POINT ( 'NONE',  ( 150.0000000000000000, 19.00000000000000400, -15.00000000000000000 ) ) ;
#732 = PLANE ( 'NONE',  #1694 ) ;
#733 = CARTESIAN_POINT ( 'NONE',  ( 124.9999999999999900, 19.00000000000000000, -2.829302025669618300E-015 ) ) ;
#734 = EDGE_LOOP ( 'NONE', ( #2179, #8, #857, #309 ) ) ;
#735 = LINE ( 'NONE', #399, #837 ) ;
#736 = CARTESIAN_POINT ( 'NONE',  ( 124.9999999999999900, 2.649999999999999500, 0.0000000000000000000 ) ) ;
#737 = AXIS2_PLACEMENT_3D ( 'NONE', #1041, #363, #1879 ) ;
#738 = ORIENTED_EDGE ( 'NONE', *, *, #715, .F. ) ;
#739 = CARTESIAN_POINT ( 'NONE',  ( 141.0000000000000000, 2.649999999999999500, 0.0000000000000000000 ) ) ;
#740 = LINE ( 'NONE', #329, #18 ) ;
#741 = ORIENTED_EDGE ( 'NONE', *, *, #1111, .F. ) ;
#742 = CARTESIAN_POINT ( 'NONE',  ( 130.0000000000000000, 15.00000000000000000, -15.00000000000000000 ) ) ;
#743 = EDGE_LOOP ( 'NONE', ( #96, #1918, #1618, #759 ) ) ;
#744 = EDGE_CURVE ( 'NONE', #778, #279, #1389, .T. ) ;
#745 = CARTESIAN_POINT ( 'NONE',  ( 139.9999999999999700, 2.649999999999999500, -15.00000000000000000 ) ) ;
#746 = SURFACE_SIDE_STYLE ('',( #1433 ) ) ;
#747 = FILL_AREA_STYLE_COLOUR ( '', #1084 ) ;
#748 = CARTESIAN_POINT ( 'NONE',  ( 150.0000000000000000, 0.0000000000000000000, -15.00000000000000000 ) ) ;
#749 = LINE ( 'NONE', #2144, #1514 ) ;
#750 = PLANE ( 'NONE',  #1089 ) ;
#751 = UNCERTAINTY_MEASURE_WITH_UNIT (LENGTH_MEASURE( 1.000000000000000100E-005 ), #33, 'distance_accuracy_value', 'NONE');
#752 = AXIS2_PLACEMENT_3D ( 'NONE', #1540, #526, #1698 ) ;
#753 = CARTESIAN_POINT ( 'NONE',  ( 131.0000000000000000, 19.00000000000000000, -2.829302025669618300E-015 ) ) ;
#754 = DIRECTION ( 'NONE',  ( 0.0000000000000000000, 0.0000000000000000000, -1.000000000000000000 ) ) ;
#755 = VECTOR ( 'NONE', #1072, 1000.000000000000000 ) ;
#756 = ORIENTED_EDGE ( 'NONE', *, *, #700, .T. ) ;
#757 = EDGE_CURVE ( 'NONE', #550, #635, #1249, .T. ) ;
#758 =( LENGTH_UNIT ( ) NAMED_UNIT ( * ) SI_UNIT ( .MILLI., .METRE. ) );
#759 = ORIENTED_EDGE ( 'NONE', *, *, #1430, .T. ) ;
#760 = ORIENTED_EDGE ( 'NONE', *, *, #512, .T. ) ;
#761 = FACE_OUTER_BOUND ( 'NONE', #1806, .T. ) ;
#762 = CARTESIAN_POINT ( 'NONE',  ( 150.0000000000000000, 0.0000000000000000000, -15.00000000000000000 ) ) ;
#763 = CARTESIAN_POINT ( 'NONE',  ( 150.0000000000000000, 0.0000000000000000000, -15.00000000000000000 ) ) ;
#764 = EDGE_CURVE ( 'NONE', #544, #1972, #2065, .T. ) ;
#765 = DIRECTION ( 'NONE',  ( -0.0000000000000000000, -0.0000000000000000000, 1.000000000000000000 ) ) ;
#766 = ORIENTED_EDGE ( 'NONE', *, *, #2146, .T. ) ;
#767 =( NAMED_UNIT ( * ) SI_UNIT ( $, .STERADIAN. ) SOLID_ANGLE_UNIT ( ) );
#768 = LINE ( 'NONE', #646, #1271 ) ;
#769 = VERTEX_POINT ( 'NONE', #1040 ) ;
#770 = ORIENTED_EDGE ( 'NONE', *, *, #1657, .F. ) ;
#771 = ADVANCED_FACE ( 'NONE', ( #281 ), #1215, .F. ) ;
#772 =( NAMED_UNIT ( * ) PLANE_ANGLE_UNIT ( ) SI_UNIT ( $, .RADIAN. ) );
#773 = VECTOR ( 'NONE', #1065, 1000.000000000000000 ) ;
#774 = DIRECTION ( 'NONE',  ( 1.000000000000000000, 0.0000000000000000000, 0.0000000000000000000 ) ) ;
#775 = AXIS2_PLACEMENT_3D ( 'NONE', #1584, #2087, #1276 ) ;
#776 = CARTESIAN_POINT ( 'NONE',  ( 150.0000000000000000, 19.00000000000000400, -15.00000000000000000 ) ) ;
#777 = FACE_OUTER_BOUND ( 'NONE', #1844, .T. ) ;
#778 = VERTEX_POINT ( 'NONE', #2034 ) ;
#779 = AXIS2_PLACEMENT_3D ( 'NONE', #1447, #1789, #1278 ) ;
#780 = DIRECTION ( 'NONE',  ( 0.0000000000000000000, 1.000000000000000000, -1.489106329299799200E-016 ) ) ;
#781 = ADVANCED_FACE ( 'NONE', ( #1200 ), #1361, .T. ) ;
#782 = ORIENTED_EDGE ( 'NONE', *, *, #1647, .T. ) ;
#783 = ORIENTED_EDGE ( 'NONE', *, *, #39, .F. ) ;
#784 = EDGE_CURVE ( 'NONE', #1059, #195, #1833, .T. ) ;
#785 = ORIENTED_EDGE ( 'NONE', *, *, #974, .F. ) ;
#786 = DIRECTION ( 'NONE',  ( 0.0000000000000000000, 2.312964634635743400E-016, -1.000000000000000000 ) ) ;
#787 = MANIFOLD_SOLID_BREP ( 'volume_3', #1767 ) ;
#788 = PLANE ( 'NONE',  #1375 ) ;
#789 = ORIENTED_EDGE ( 'NONE', *, *, #1717, .F. ) ;
#790 = VECTOR ( 'NONE', #305, 1000.000000000000000 ) ;
#791 = MANIFOLD_SOLID_BREP ( 'volume_1', #817 ) ;
#792 = EDGE_LOOP ( 'NONE', ( #1194, #1805, #785, #1987 ) ) ;
#793 = ADVANCED_FACE ( 'NONE', ( #1526 ), #883, .F. ) ;
#794 = DIRECTION ( 'NONE',  ( -1.000000000000000000, -0.0000000000000000000, -0.0000000000000000000 ) ) ;
#795 = ORIENTED_EDGE ( 'NONE', *, *, #1314, .T. ) ;
#796 = EDGE_CURVE ( 'NONE', #313, #1877, #832, .T. ) ;
#797 = ORIENTED_EDGE ( 'NONE', *, *, #449, .T. ) ;
#798 = DIRECTION ( 'NONE',  ( 0.0000000000000000000, -0.0000000000000000000, 1.000000000000000000 ) ) ;
#799 = LINE ( 'NONE', #2063, #712 ) ;
#800 = VECTOR ( 'NONE', #137, 1000.000000000000000 ) ;
#801 = EDGE_CURVE ( 'NONE', #1820, #1972, #330, .T. ) ;
#802 = CARTESIAN_POINT ( 'NONE',  ( 146.0000000000000000, 0.6500000000000000200, -15.00000000000000000 ) ) ;
#803 = ORIENTED_EDGE ( 'NONE', *, *, #68, .T. ) ;
#804 = CARTESIAN_POINT ( 'NONE',  ( -15.00000000000000000, 0.6500000000000172300, 0.0000000000000000000 ) ) ;
#805 = SURFACE_STYLE_FILL_AREA ( #944 ) ;
#806 = DIRECTION ( 'NONE',  ( 0.0000000000000000000, 2.312964634635743400E-016, -1.000000000000000000 ) ) ;
#807 = VERTEX_POINT ( 'NONE', #1915 ) ;
#808 = EDGE_LOOP ( 'NONE', ( #738, #2108, #838, #1409 ) ) ;
#809 = PRESENTATION_STYLE_ASSIGNMENT (( #170 ) ) ;
#810 = DIRECTION ( 'NONE',  ( -1.000000000000000000, 0.0000000000000000000, 0.0000000000000000000 ) ) ;
#811 = DIRECTION ( 'NONE',  ( 0.0000000000000000000, 1.000000000000000000, 0.0000000000000000000 ) ) ;
#812 = LINE ( 'NONE', #26, #360 ) ;
#813 = EDGE_LOOP ( 'NONE', ( #1787, #962, #1117, #1260 ) ) ;
#814 = LINE ( 'NONE', #2142, #1542 ) ;
#815 = ORIENTED_EDGE ( 'NONE', *, *, #1695, .F. ) ;
#816 = ORIENTED_EDGE ( 'NONE', *, *, #933, .F. ) ;
#817 = CLOSED_SHELL ( 'NONE', ( #224, #894, #1203, #793, #1697, #1771 ) ) ;
#818 = AXIS2_PLACEMENT_3D ( 'NONE', #1362, #1528, #1187 ) ;
#819 = PLANE ( 'NONE',  #46 ) ;
#820 = CARTESIAN_POINT ( 'NONE',  ( 139.9999999999999700, 18.99999999999999600, 0.0000000000000000000 ) ) ;
#821 = EDGE_CURVE ( 'NONE', #705, #1922, #44, .T. ) ;
#822 = DIRECTION ( 'NONE',  ( -1.000000000000000000, -0.0000000000000000000, -0.0000000000000000000 ) ) ;
#823 = FACE_OUTER_BOUND ( 'NONE', #726, .T. ) ;
#824 = DIRECTION ( 'NONE',  ( 0.0000000000000000000, -1.489106329299799200E-016, -1.000000000000000000 ) ) ;
#825 = DIRECTION ( 'NONE',  ( 0.0000000000000000000, 2.312964634635743400E-016, -1.000000000000000000 ) ) ;
#826 = FACE_OUTER_BOUND ( 'NONE', #1297, .T. ) ;
#827 = ORIENTED_EDGE ( 'NONE', *, *, #1430, .F. ) ;
#828 = EDGE_CURVE ( 'NONE', #1283, #1455, #999, .T. ) ;
#829 = EDGE_CURVE ( 'NONE', #1641, #1455, #862, .T. ) ;
#830 = EDGE_LOOP ( 'NONE', ( #1315, #325, #669, #2008 ) ) ;
#831 = PLANE ( 'NONE',  #1762 ) ;
#832 = LINE ( 'NONE', #71, #2167 ) ;
#833 = PLANE ( 'NONE',  #1699 ) ;
#834 = ORIENTED_EDGE ( 'NONE', *, *, #469, .T. ) ;
#835 = DIRECTION ( 'NONE',  ( 0.0000000000000000000, 2.312964634635743900E-016, 1.000000000000000000 ) ) ;
#836 = EDGE_LOOP ( 'NONE', ( #1604, #1831, #675, #1210 ) ) ;
#837 = VECTOR ( 'NONE', #389, 1000.000000000000000 ) ;
#838 = ORIENTED_EDGE ( 'NONE', *, *, #581, .F. ) ;
#839 = FACE_OUTER_BOUND ( 'NONE', #667, .T. ) ;
#840 = ORIENTED_EDGE ( 'NONE', *, *, #1674, .F. ) ;
#841 = AXIS2_PLACEMENT_3D ( 'NONE', #699, #1057, #547 ) ;
#842 = VERTEX_POINT ( 'NONE', #1410 ) ;
#843 = ORIENTED_EDGE ( 'NONE', *, *, #744, .T. ) ;
#844 = DIRECTION ( 'NONE',  ( 0.0000000000000000000, -0.0000000000000000000, -1.000000000000000000 ) ) ;
#845 = LINE ( 'NONE', #1710, #2083 ) ;
#846 = SURFACE_STYLE_USAGE ( .BOTH. , #168 ) ;
#847 = ORIENTED_EDGE ( 'NONE', *, *, #326, .T. ) ;
#848 = LINE ( 'NONE', #412, #1682 ) ;
#849 =( GEOMETRIC_REPRESENTATION_CONTEXT ( 3 ) GLOBAL_UNCERTAINTY_ASSIGNED_CONTEXT ( ( #393 ) ) GLOBAL_UNIT_ASSIGNED_CONTEXT ( ( #2037, #1056, #359 ) ) REPRESENTATION_CONTEXT ( 'NONE', 'WORKASPACE' ) );
#850 = CARTESIAN_POINT ( 'NONE',  ( 124.9999999999999900, 6.649999999999999500, -15.01000000000000000 ) ) ;
#851 = VECTOR ( 'NONE', #1242, 1000.000000000000000 ) ;
#852 = EDGE_CURVE ( 'NONE', #266, #1273, #1474, .T. ) ;
#853 = FILL_AREA_STYLE ('',( #1668 ) ) ;
#854 = CARTESIAN_POINT ( 'NONE',  ( 130.0000000000000000, 19.00000000000000400, -15.00000000000000000 ) ) ;
#855 = DIRECTION ( 'NONE',  ( -0.0000000000000000000, -0.0000000000000000000, 1.000000000000000000 ) ) ;
#856 = VECTOR ( 'NONE', #2090, 1000.000000000000000 ) ;
#857 = ORIENTED_EDGE ( 'NONE', *, *, #1033, .T. ) ;
#858 = LINE ( 'NONE', #85, #1640 ) ;
#859 = VERTEX_POINT ( 'NONE', #736 ) ;
#860 = EDGE_LOOP ( 'NONE', ( #1559, #252, #1899, #1952 ) ) ;
#861 = STYLED_ITEM ( 'NONE', ( #197 ), #787 ) ;
#862 = LINE ( 'NONE', #43, #425 ) ;
#863 = CARTESIAN_POINT ( 'NONE',  ( -15.00000000000000000, 0.6500000000000172300, -15.00000000000000000 ) ) ;
#864 = EDGE_CURVE ( 'NONE', #859, #1924, #2143, .T. ) ;
#865 = FACE_OUTER_BOUND ( 'NONE', #1809, .T. ) ;
#866 = VECTOR ( 'NONE', #1815, 1000.000000000000000 ) ;
#867 = PLANE ( 'NONE',  #695 ) ;
#868 = LINE ( 'NONE', #802, #1163 ) ;
#869 =( NAMED_UNIT ( * ) SI_UNIT ( $, .STERADIAN. ) SOLID_ANGLE_UNIT ( ) );
#870 = SURFACE_SIDE_STYLE ('',( #1333 ) ) ;
#871 = ORIENTED_EDGE ( 'NONE', *, *, #1356, .F. ) ;
#872 = AXIS2_PLACEMENT_3D ( 'NONE', #1002, #662, #2076 ) ;
#873 = VERTEX_POINT ( 'NONE', #1221 ) ;
#874 = EDGE_CURVE ( 'NONE', #2128, #387, #1782, .T. ) ;
#875 = DIRECTION ( 'NONE',  ( 0.0000000000000000000, 0.0000000000000000000, 1.000000000000000000 ) ) ;
#876 = ADVANCED_FACE ( 'NONE', ( #1696 ), #1557, .F. ) ;
#877 = CARTESIAN_POINT ( 'NONE',  ( 119.9999999999999900, 0.6500000000000012400, 0.0000000000000000000 ) ) ;
#878 = MECHANICAL_DESIGN_GEOMETRIC_PRESENTATION_REPRESENTATION (  '', ( #649 ), #1580 ) ;
#879 = SURFACE_STYLE_USAGE ( .BOTH. , #1889 ) ;
#880 = CARTESIAN_POINT ( 'NONE',  ( 120.0000000000000000, 19.00000000000000000, -2.829302025669618700E-015 ) ) ;
#881 = CARTESIAN_POINT ( 'NONE',  ( 150.0000000000000000, 0.6500000000000012400, -9.679191140448715900E-017 ) ) ;
#882 = FACE_OUTER_BOUND ( 'NONE', #153, .T. ) ;
#883 = PLANE ( 'NONE',  #1006 ) ;
#884 = PRESENTATION_STYLE_ASSIGNMENT (( #1268 ) ) ;
#885 = ORIENTED_EDGE ( 'NONE', *, *, #259, .F. ) ;
#886 = FILL_AREA_STYLE_COLOUR ( '', #1229 ) ;
#887 = CARTESIAN_POINT ( 'NONE',  ( 146.0000000000000000, 0.0000000000000000000, -15.00000000000000000 ) ) ;
#888 = DIRECTION ( 'NONE',  ( 0.0000000000000000000, -1.489106329299799500E-016, -1.000000000000000000 ) ) ;
#889 = ORIENTED_EDGE ( 'NONE', *, *, #529, .F. ) ;
#890 = CARTESIAN_POINT ( 'NONE',  ( 120.9999999999999900, 19.00000000000000000, -15.00000000000000000 ) ) ;
#891 = LINE ( 'NONE', #1248, #1594 ) ;
#892 = DIRECTION ( 'NONE',  ( 0.0000000000000000000, -1.000000000000000000, -2.312964634635743400E-016 ) ) ;
#893 = AXIS2_PLACEMENT_3D ( 'NONE', #704, #370, #920 ) ;
#894 = ADVANCED_FACE ( 'NONE', ( #761 ), #1897, .F. ) ;
#895 = EDGE_LOOP ( 'NONE', ( #456, #2017, #1790, #1023 ) ) ;
#896 = DIRECTION ( 'NONE',  ( 0.0000000000000000000, -1.000000000000000000, 2.312964634635743900E-016 ) ) ;
#897 = CARTESIAN_POINT ( 'NONE',  ( 120.0000000000000000, 0.0000000000000000000, 0.0000000000000000000 ) ) ;
#898 = AXIS2_PLACEMENT_3D ( 'NONE', #1206, #1075, #58 ) ;
#899 = DIRECTION ( 'NONE',  ( 0.0000000000000000000, 1.000000000000000000, -0.0000000000000000000 ) ) ;
#900 = CARTESIAN_POINT ( 'NONE',  ( 120.0000000000000000, 19.00000000000000000, -2.829302025669618700E-015 ) ) ;
#901 = ORIENTED_EDGE ( 'NONE', *, *, #346, .T. ) ;
#902 = COLOUR_RGB ( '',0.7921568627450980000, 0.8196078431372548800, 0.9333333333333333500 ) ;
#903 = PLANE ( 'NONE',  #1792 ) ;
#904 = EDGE_CURVE ( 'NONE', #489, #2128, #2100, .T. ) ;
#905 = DIRECTION ( 'NONE',  ( 0.0000000000000000000, -2.312964634635743400E-016, 1.000000000000000000 ) ) ;
#906 = VERTEX_POINT ( 'NONE', #1908 ) ;
#907 = VECTOR ( 'NONE', #122, 1000.000000000000000 ) ;
#908 = DIRECTION ( 'NONE',  ( 1.000000000000000000, 0.0000000000000000000, -0.0000000000000000000 ) ) ;
#909 = PLANE ( 'NONE',  #657 ) ;
#910 = EDGE_LOOP ( 'NONE', ( #889, #1047, #847, #843 ) ) ;
#911 = PLANE ( 'NONE',  #1605 ) ;
#912 = LINE ( 'NONE', #1920, #1469 ) ;
#913 = CARTESIAN_POINT ( 'NONE',  ( 120.0000000000000000, 0.0000000000000000000, 0.0000000000000000000 ) ) ;
#914 = CARTESIAN_POINT ( 'NONE',  ( 135.9999999999999700, 0.0000000000000000000, -15.00000000000000000 ) ) ;
#915 = FACE_OUTER_BOUND ( 'NONE', #1525, .T. ) ;
#916 = LINE ( 'NONE', #1488, #1071 ) ;
#917 = DIRECTION ( 'NONE',  ( 0.0000000000000000000, -0.0000000000000000000, -1.000000000000000000 ) ) ;
#918 = LINE ( 'NONE', #1311, #1851 ) ;
#919 = EDGE_CURVE ( 'NONE', #2064, #1165, #891, .T. ) ;
#920 = DIRECTION ( 'NONE',  ( 0.0000000000000000000, 0.0000000000000000000, -1.000000000000000000 ) ) ;
#921 = PLANE ( 'NONE',  #2053 ) ;
#922 =( GEOMETRIC_REPRESENTATION_CONTEXT ( 3 ) GLOBAL_UNCERTAINTY_ASSIGNED_CONTEXT ( ( #751 ) ) GLOBAL_UNIT_ASSIGNED_CONTEXT ( ( #33, #215, #2047 ) ) REPRESENTATION_CONTEXT ( 'NONE', 'WORKASPACE' ) );
#923 = DIRECTION ( 'NONE',  ( -1.000000000000000000, -0.0000000000000000000, -0.0000000000000000000 ) ) ;
#924 = LINE ( 'NONE', #94, #383 ) ;
#925 = CARTESIAN_POINT ( 'NONE',  ( 150.0000000000000000, 0.6500000000000012400, -9.679191140448715900E-017 ) ) ;
#926 = ADVANCED_FACE ( 'NONE', ( #1155 ), #909, .F. ) ;
#927 = LINE ( 'NONE', #1725, #625 ) ;
#928 = ORIENTED_EDGE ( 'NONE', *, *, #88, .T. ) ;
#929 = DIRECTION ( 'NONE',  ( -1.000000000000000000, -0.0000000000000000000, -0.0000000000000000000 ) ) ;
#930 = CARTESIAN_POINT ( 'NONE',  ( 146.0000000000000000, 15.00000000000000000, -15.00000000000000000 ) ) ;
#931 = ORIENTED_EDGE ( 'NONE', *, *, #2016, .T. ) ;
#932 = ORIENTED_EDGE ( 'NONE', *, *, #89, .T. ) ;
#933 = EDGE_CURVE ( 'NONE', #539, #705, #254, .T. ) ;
#934 = CARTESIAN_POINT ( 'NONE',  ( -15.00000000000000000, 2.649999999999999500, -15.00000000000000000 ) ) ;
#935 = ORIENTED_EDGE ( 'NONE', *, *, #796, .F. ) ;
#936 = DIRECTION ( 'NONE',  ( 0.0000000000000000000, 0.0000000000000000000, -1.000000000000000000 ) ) ;
#937 = LINE ( 'NONE', #723, #981 ) ;
#938 = CARTESIAN_POINT ( 'NONE',  ( 150.0000000000000000, 19.00000000000000000, -2.829302025669618300E-015 ) ) ;
#939 = FACE_OUTER_BOUND ( 'NONE', #342, .T. ) ;
#940 = EDGE_LOOP ( 'NONE', ( #554, #13, #795, #1188 ) ) ;
#941 = ORIENTED_EDGE ( 'NONE', *, *, #1523, .F. ) ;
#942 = DIRECTION ( 'NONE',  ( 0.0000000000000000000, 0.0000000000000000000, 1.000000000000000000 ) ) ;
#943 = PLANE ( 'NONE',  #64 ) ;
#944 = FILL_AREA_STYLE ('',( #747 ) ) ;
#945 = ADVANCED_FACE ( 'NONE', ( #693 ), #1425, .T. ) ;
#946 = DIRECTION ( 'NONE',  ( 0.0000000000000000000, 0.0000000000000000000, 1.000000000000000000 ) ) ;
#947 = VECTOR ( 'NONE', #583, 1000.000000000000000 ) ;
#948 = ORIENTED_EDGE ( 'NONE', *, *, #2112, .T. ) ;
#949 = EDGE_CURVE ( 'NONE', #1059, #1924, #2164, .T. ) ;
#950 = SURFACE_SIDE_STYLE ('',( #275 ) ) ;
#951 = ORIENTED_EDGE ( 'NONE', *, *, #682, .F. ) ;
#952 = VECTOR ( 'NONE', #1870, 1000.000000000000000 ) ;
#953 = PLANE ( 'NONE',  #321 ) ;
#954 = ORIENTED_EDGE ( 'NONE', *, *, #1277, .T. ) ;
#955 = EDGE_CURVE ( 'NONE', #1059, #291, #1307, .T. ) ;
#956 = DIRECTION ( 'NONE',  ( -1.000000000000000000, -0.0000000000000000000, -0.0000000000000000000 ) ) ;
#957 = MANIFOLD_SOLID_BREP ( 'voume_5', #1481 ) ;
#958 = ORIENTED_EDGE ( 'NONE', *, *, #1624, .F. ) ;
#959 = SURFACE_STYLE_FILL_AREA ( #1076 ) ;
#960 = VERTEX_POINT ( 'NONE', #1441 ) ;
#961 = CARTESIAN_POINT ( 'NONE',  ( 150.0000000000000000, 19.00000000000000000, -2.829302025669618300E-015 ) ) ;
#962 = ORIENTED_EDGE ( 'NONE', *, *, #904, .T. ) ;
#963 = ORIENTED_EDGE ( 'NONE', *, *, #2081, .T. ) ;
#964 = DIRECTION ( 'NONE',  ( 1.000000000000000000, 0.0000000000000000000, 0.0000000000000000000 ) ) ;
#965 = FACE_OUTER_BOUND ( 'NONE', #1383, .T. ) ;
#966 = DIRECTION ( 'NONE',  ( -1.000000000000000000, -0.0000000000000000000, -0.0000000000000000000 ) ) ;
#967 = ADVANCED_FACE ( 'NONE', ( #1720 ), #1095, .F. ) ;
#968 = EDGE_CURVE ( 'NONE', #214, #328, #1754, .T. ) ;
#969 = LINE ( 'NONE', #1319, #1490 ) ;
#970 = CARTESIAN_POINT ( 'NONE',  ( 134.9999999999999700, 0.0000000000000000000, 0.0000000000000000000 ) ) ;
#971 = CARTESIAN_POINT ( 'NONE',  ( 150.0000000000000000, 19.00000000000000000, -2.829302025669618300E-015 ) ) ;
#972 = VECTOR ( 'NONE', #81, 1000.000000000000000 ) ;
#973 = COLOUR_RGB ( '',0.7921568627450980000, 0.8196078431372548800, 0.9333333333333333500 ) ;
#974 = EDGE_CURVE ( 'NONE', #80, #302, #858, .T. ) ;
#975 = VECTOR ( 'NONE', #774, 1000.000000000000000 ) ;
#976 = ADVANCED_FACE ( 'NONE', ( #491 ), #1416, .T. ) ;
#977 = ORIENTED_EDGE ( 'NONE', *, *, #990, .F. ) ;
#978 = CARTESIAN_POINT ( 'NONE',  ( 0.0000000000000000000, 0.0000000000000000000, 0.0000000000000000000 ) ) ;
#979 = CARTESIAN_POINT ( 'NONE',  ( 150.0000000000000000, 0.0000000000000000000, -15.00000000000000000 ) ) ;
#980 = EDGE_LOOP ( 'NONE', ( #1487, #1626, #492, #935 ) ) ;
#981 = VECTOR ( 'NONE', #1582, 1000.000000000000000 ) ;
#982 = PRESENTATION_LAYER_ASSIGNMENT (  '', '', ( #1346 ) ) ;
#983 = CARTESIAN_POINT ( 'NONE',  ( 124.9999999999999900, 6.649999999999999500, -15.01000000000000000 ) ) ;
#984 = VERTEX_POINT ( 'NONE', #578 ) ;
#985 = EDGE_CURVE ( 'NONE', #681, #307, #1326, .T. ) ;
#986 = CARTESIAN_POINT ( 'NONE',  ( 150.0000000000000000, 0.0000000000000000000, -15.00000000000000000 ) ) ;
#987 = LINE ( 'NONE', #1421, #187 ) ;
#988 = CARTESIAN_POINT ( 'NONE',  ( 141.0000000000000000, 6.649999999999999500, -15.00000000000000000 ) ) ;
#989 = AXIS2_PLACEMENT_3D ( 'NONE', #1330, #2153, #806 ) ;
#990 = EDGE_CURVE ( 'NONE', #1602, #550, #575, .T. ) ;
#991 = VECTOR ( 'NONE', #349, 1000.000000000000000 ) ;
#992 = CARTESIAN_POINT ( 'NONE',  ( -15.00000000000000000, 15.00000000000000000, 0.0000000000000000000 ) ) ;
#993 = VECTOR ( 'NONE', #1498, 1000.000000000000000 ) ;
#994 = ORIENTED_EDGE ( 'NONE', *, *, #303, .T. ) ;
#995 = CARTESIAN_POINT ( 'NONE',  ( 139.9999999999999700, 6.649999999999999500, -15.01000000000000000 ) ) ;
#996 = FACE_OUTER_BOUND ( 'NONE', #1572, .T. ) ;
#997 = EDGE_LOOP ( 'NONE', ( #315, #2155, #2105, #1509 ) ) ;
#998 = ORIENTED_EDGE ( 'NONE', *, *, #1769, .T. ) ;
#999 = LINE ( 'NONE', #569, #1112 ) ;
#1000 = ORIENTED_EDGE ( 'NONE', *, *, #288, .F. ) ;
#1001 = DIRECTION ( 'NONE',  ( -0.0000000000000000000, -0.0000000000000000000, 1.000000000000000000 ) ) ;
#1002 = CARTESIAN_POINT ( 'NONE',  ( -15.00000000000000000, 15.00000000000000000, -15.00000000000000000 ) ) ;
#1003 = ORIENTED_EDGE ( 'NONE', *, *, #904, .F. ) ;
#1004 = VECTOR ( 'NONE', #811, 1000.000000000000000 ) ;
#1005 = CARTESIAN_POINT ( 'NONE',  ( 120.0000000000000000, 0.0000000000000000000, -15.00000000000000000 ) ) ;
#1006 = AXIS2_PLACEMENT_3D ( 'NONE', #1712, #896, #1212 ) ;
#1007 = ORIENTED_EDGE ( 'NONE', *, *, #1607, .T. ) ;
#1008 = VECTOR ( 'NONE', #1852, 1000.000000000000000 ) ;
#1009 = DIRECTION ( 'NONE',  ( 1.000000000000000000, 0.0000000000000000000, 0.0000000000000000000 ) ) ;
#1010 = ORIENTED_EDGE ( 'NONE', *, *, #469, .F. ) ;
#1011 = ORIENTED_EDGE ( 'NONE', *, *, #1462, .F. ) ;
#1012 = DIRECTION ( 'NONE',  ( 0.0000000000000000000, 0.0000000000000000000, -1.000000000000000000 ) ) ;
#1013 = ORIENTED_EDGE ( 'NONE', *, *, #237, .F. ) ;
#1014 = EDGE_CURVE ( 'NONE', #20, #1590, #445, .T. ) ;
#1015 = FACE_OUTER_BOUND ( 'NONE', #1545, .T. ) ;
#1016 = DIRECTION ( 'NONE',  ( 0.0000000000000000000, 0.0000000000000000000, -1.000000000000000000 ) ) ;
#1017 = DIRECTION ( 'NONE',  ( 0.0000000000000000000, 2.312964634635743900E-016, 1.000000000000000000 ) ) ;
#1018 = MANIFOLD_SOLID_BREP ( 'volume_9', #1107 ) ;
#1019 = DIRECTION ( 'NONE',  ( 0.0000000000000000000, 2.312964634635743400E-016, -1.000000000000000000 ) ) ;
#1020 = VECTOR ( 'NONE', #121, 1000.000000000000000 ) ;
#1021 = LINE ( 'NONE', #1531, #856 ) ;
#1022 = EDGE_CURVE ( 'NONE', #203, #1820, #124, .T. ) ;
#1023 = ORIENTED_EDGE ( 'NONE', *, *, #1386, .F. ) ;
#1024 = PLANE ( 'NONE',  #737 ) ;
#1025 =( NAMED_UNIT ( * ) SI_UNIT ( $, .STERADIAN. ) SOLID_ANGLE_UNIT ( ) );
#1026 = ORIENTED_EDGE ( 'NONE', *, *, #1502, .T. ) ;
#1027 = MECHANICAL_DESIGN_GEOMETRIC_PRESENTATION_REPRESENTATION (  '', ( #104 ), #2071 ) ;
#1028 = PRODUCT_DEFINITION_CONTEXT ( 'detailed design', #1244, 'design' ) ;
#1029 = VERTEX_POINT ( 'NONE', #105 ) ;
#1030 = CARTESIAN_POINT ( 'NONE',  ( 130.0000000000000000, 19.00000000000000000, -2.829302025669618300E-015 ) ) ;
#1031 = ORIENTED_EDGE ( 'NONE', *, *, #560, .T. ) ;
#1032 = DIRECTION ( 'NONE',  ( 0.0000000000000000000, -1.000000000000000000, 1.489106329299799200E-016 ) ) ;
#1033 = EDGE_CURVE ( 'NONE', #706, #1308, #251, .T. ) ;
#1034 = DIRECTION ( 'NONE',  ( 0.0000000000000000000, 1.000000000000000000, -0.0000000000000000000 ) ) ;
#1035 = ADVANCED_FACE ( 'NONE', ( #1808 ), #97, .T. ) ;
#1036 = CARTESIAN_POINT ( 'NONE',  ( 141.0000000000000000, 6.649999999999999500, -15.00000000000000000 ) ) ;
#1037 = STYLED_ITEM ( 'NONE', ( #884 ), #1400 ) ;
#1038 = CARTESIAN_POINT ( 'NONE',  ( 150.0000000000000000, 19.00000000000000000, -2.829302025669618300E-015 ) ) ;
#1039 = FACE_OUTER_BOUND ( 'NONE', #613, .T. ) ;
#1040 = CARTESIAN_POINT ( 'NONE',  ( 145.0000000000000000, 19.00000000000000000, -2.829302025669618300E-015 ) ) ;
#1041 = CARTESIAN_POINT ( 'NONE',  ( 150.0000000000000000, 19.00000000000000400, -15.00000000000000000 ) ) ;
#1042 = LINE ( 'NONE', #1917, #2027 ) ;
#1043 = LINE ( 'NONE', #1727, #139 ) ;
#1044 = CARTESIAN_POINT ( 'NONE',  ( 145.0000000000000000, 2.649999999999999900, -15.00000000000000000 ) ) ;
#1045 = DIRECTION ( 'NONE',  ( 0.0000000000000000000, -1.000000000000000000, 2.312964634635743900E-016 ) ) ;
#1046 = CARTESIAN_POINT ( 'NONE',  ( 131.0000000000000000, 0.6500000000000000200, -15.00000000000000000 ) ) ;
#1047 = ORIENTED_EDGE ( 'NONE', *, *, #1259, .F. ) ;
#1048 = FACE_OUTER_BOUND ( 'NONE', #1438, .T. ) ;
#1049 = ORIENTED_EDGE ( 'NONE', *, *, #1729, .T. ) ;
#1050 = CARTESIAN_POINT ( 'NONE',  ( 80.00000000000000000, 0.0000000000000000000, -15.00000000000000000 ) ) ;
#1051 = CARTESIAN_POINT ( 'NONE',  ( 80.00000000000000000, 0.0000000000000000000, -15.00000000000000000 ) ) ;
#1052 = VECTOR ( 'NONE', #405, 1000.000000000000000 ) ;
#1053 = CARTESIAN_POINT ( 'NONE',  ( -15.00000000000000000, 6.649999999999999500, -15.00000000000000000 ) ) ;
#1054 = EDGE_LOOP ( 'NONE', ( #603, #977, #540, #1305 ) ) ;
#1055 = CARTESIAN_POINT ( 'NONE',  ( 130.0000000000000000, 15.00000000000000000, -15.01000000000000000 ) ) ;
#1056 =( NAMED_UNIT ( * ) PLANE_ANGLE_UNIT ( ) SI_UNIT ( $, .RADIAN. ) );
#1057 = DIRECTION ( 'NONE',  ( 0.0000000000000000000, -1.489106329299799200E-016, -1.000000000000000000 ) ) ;
#1058 = EDGE_CURVE ( 'NONE', #302, #1922, #1986, .T. ) ;
#1059 = VERTEX_POINT ( 'NONE', #1967 ) ;
#1060 = VECTOR ( 'NONE', #1034, 1000.000000000000000 ) ;
#1061 = CARTESIAN_POINT ( 'NONE',  ( 0.0000000000000000000, 18.99999999999999600, -14.99999999999999800 ) ) ;
#1062 = ADVANCED_FACE ( 'NONE', ( #644 ), #1801, .F. ) ;
#1063 = VERTEX_POINT ( 'NONE', #2134 ) ;
#1064 = FACE_OUTER_BOUND ( 'NONE', #1998, .T. ) ;
#1065 = DIRECTION ( 'NONE',  ( -0.0000000000000000000, -0.0000000000000000000, 1.000000000000000000 ) ) ;
#1066 = CARTESIAN_POINT ( 'NONE',  ( 131.0000000000000000, 0.0000000000000000000, -15.00000000000000000 ) ) ;
#1067 = FILL_AREA_STYLE ('',( #719 ) ) ;
#1068 = ORIENTED_EDGE ( 'NONE', *, *, #682, .T. ) ;
#1069 = EDGE_CURVE ( 'NONE', #1283, #769, #174, .T. ) ;
#1070 = DIRECTION ( 'NONE',  ( -1.000000000000000000, 0.0000000000000000000, 0.0000000000000000000 ) ) ;
#1071 = VECTOR ( 'NONE', #1196, 1000.000000000000000 ) ;
#1072 = DIRECTION ( 'NONE',  ( -1.000000000000000000, 0.0000000000000000000, 0.0000000000000000000 ) ) ;
#1073 = CARTESIAN_POINT ( 'NONE',  ( 0.0000000000000000000, 0.0000000000000000000, 0.0000000000000000000 ) ) ;
#1074 = FACE_OUTER_BOUND ( 'NONE', #597, .T. ) ;
#1075 = DIRECTION ( 'NONE',  ( -1.000000000000000000, 0.0000000000000000000, 0.0000000000000000000 ) ) ;
#1076 = FILL_AREA_STYLE ('',( #1546 ) ) ;
#1077 = ADVANCED_FACE ( 'NONE', ( #1524 ), #788, .F. ) ;
#1078 = CARTESIAN_POINT ( 'NONE',  ( 134.9999999999999700, 0.0000000000000000000, -15.00000000000000000 ) ) ;
#1079 = VERTEX_POINT ( 'NONE', #1303 ) ;
#1080 = DIRECTION ( 'NONE',  ( 0.0000000000000000000, 0.0000000000000000000, -1.000000000000000000 ) ) ;
#1081 = MECHANICAL_DESIGN_GEOMETRIC_PRESENTATION_REPRESENTATION (  '', ( #2029 ), #2145 ) ;
#1082 = CARTESIAN_POINT ( 'NONE',  ( 80.00000000000000000, 0.0000000000000000000, 0.0000000000000000000 ) ) ;
#1083 = CARTESIAN_POINT ( 'NONE',  ( 130.0000000000000000, 19.00000000000000400, -15.00000000000000000 ) ) ;
#1084 = COLOUR_RGB ( '',0.7921568627450980000, 0.8196078431372548800, 0.9333333333333333500 ) ;
#1085 = PLANE ( 'NONE',  #394 ) ;
#1086 = VERTEX_POINT ( 'NONE', #1135 ) ;
#1087 = CARTESIAN_POINT ( 'NONE',  ( 80.00000000000000000, 0.0000000000000000000, -15.00000000000000000 ) ) ;
#1088 = CARTESIAN_POINT ( 'NONE',  ( 150.0000000000000000, 0.0000000000000000000, -15.00000000000000000 ) ) ;
#1089 = AXIS2_PLACEMENT_3D ( 'NONE', #938, #75, #239 ) ;
#1090 = DIRECTION ( 'NONE',  ( -1.000000000000000000, -0.0000000000000000000, -0.0000000000000000000 ) ) ;
#1091 = VERTEX_POINT ( 'NONE', #626 ) ;
#1092 = DIRECTION ( 'NONE',  ( 0.0000000000000000000, -2.312964634635743400E-016, 1.000000000000000000 ) ) ;
#1093 = ORIENTED_EDGE ( 'NONE', *, *, #1625, .F. ) ;
#1094 = DIRECTION ( 'NONE',  ( -0.0000000000000000000, -0.0000000000000000000, 1.000000000000000000 ) ) ;
#1095 = PLANE ( 'NONE',  #166 ) ;
#1096 = ORIENTED_EDGE ( 'NONE', *, *, #1846, .T. ) ;
#1097 = ORIENTED_EDGE ( 'NONE', *, *, #2082, .F. ) ;
#1098 = PLANE ( 'NONE',  #2088 ) ;
#1099 = DIRECTION ( 'NONE',  ( 0.0000000000000000000, -1.489106329299799500E-016, -1.000000000000000000 ) ) ;
#1100 = AXIS2_PLACEMENT_3D ( 'NONE', #3, #684, #344 ) ;
#1101 = DIRECTION ( 'NONE',  ( 0.0000000000000000000, 1.000000000000000000, -1.489106329299799200E-016 ) ) ;
#1102 = DIRECTION ( 'NONE',  ( 0.0000000000000000000, -1.489106329299799200E-016, -1.000000000000000000 ) ) ;
#1103 = EDGE_CURVE ( 'NONE', #1944, #256, #1940, .T. ) ;
#1104 = DIRECTION ( 'NONE',  ( 0.0000000000000000000, -1.489106329299799200E-016, -1.000000000000000000 ) ) ;
#1105 = COLOUR_RGB ( '',0.7921568627450980000, 0.8196078431372548800, 0.9333333333333333500 ) ;
#1106 = LINE ( 'NONE', #2048, #1454 ) ;
#1107 = CLOSED_SHELL ( 'NONE', ( #110, #1867, #65, #30, #1578, #617 ) ) ;
#1108 =( NAMED_UNIT ( * ) SI_UNIT ( $, .STERADIAN. ) SOLID_ANGLE_UNIT ( ) );
#1109 = ORIENTED_EDGE ( 'NONE', *, *, #864, .F. ) ;
#1110 = AXIS2_PLACEMENT_3D ( 'NONE', #637, #1467, #1646 ) ;
#1111 = EDGE_CURVE ( 'NONE', #1123, #441, #1351, .T. ) ;
#1112 = VECTOR ( 'NONE', #2069, 1000.000000000000000 ) ;
#1113 = CARTESIAN_POINT ( 'NONE',  ( 150.0000000000000000, 19.00000000000000000, -2.829302025669618300E-015 ) ) ;
#1114 = ORIENTED_EDGE ( 'NONE', *, *, #1321, .T. ) ;
#1115 = AXIS2_PLACEMENT_3D ( 'NONE', #1055, #47, #24 ) ;
#1116 = DIRECTION ( 'NONE',  ( 0.0000000000000000000, -2.312964634635743400E-016, 1.000000000000000000 ) ) ;
#1117 = ORIENTED_EDGE ( 'NONE', *, *, #1729, .F. ) ;
#1118 = VECTOR ( 'NONE', #511, 1000.000000000000000 ) ;
#1119 = ORIENTED_EDGE ( 'NONE', *, *, #1523, .T. ) ;
#1120 = LINE ( 'NONE', #1347, #2045 ) ;
#1121 = CARTESIAN_POINT ( 'NONE',  ( 150.0000000000000000, 19.00000000000000000, -2.829302025669618300E-015 ) ) ;
#1122 = UNCERTAINTY_MEASURE_WITH_UNIT (LENGTH_MEASURE( 1.000000000000000100E-005 ), #536, 'distance_accuracy_value', 'NONE');
#1123 = VERTEX_POINT ( 'NONE', #447 ) ;
#1124 = CARTESIAN_POINT ( 'NONE',  ( 150.0000000000000000, 19.00000000000000000, -2.829302025669618300E-015 ) ) ;
#1125 = ADVANCED_FACE ( 'NONE', ( #1048 ), #1448, .F. ) ;
#1126 = ORIENTED_EDGE ( 'NONE', *, *, #432, .T. ) ;
#1127 = DIRECTION ( 'NONE',  ( 0.0000000000000000000, 0.0000000000000000000, -1.000000000000000000 ) ) ;
#1128 = FACE_OUTER_BOUND ( 'NONE', #1971, .T. ) ;
#1129 = MECHANICAL_DESIGN_GEOMETRIC_PRESENTATION_REPRESENTATION (  '', ( #1150 ), #849 ) ;
#1130 = VECTOR ( 'NONE', #905, 1000.000000000000000 ) ;
#1131 = VERTEX_POINT ( 'NONE', #620 ) ;
#1132 = EDGE_CURVE ( 'NONE', #769, #1086, #99, .T. ) ;
#1133 = EDGE_LOOP ( 'NONE', ( #783, #1541, #1716, #816 ) ) ;
#1134 = EDGE_LOOP ( 'NONE', ( #2150, #2165, #343, #366 ) ) ;
#1135 = CARTESIAN_POINT ( 'NONE',  ( 145.0000000000000000, 15.00000000000000000, 0.0000000000000000000 ) ) ;
#1136 = CARTESIAN_POINT ( 'NONE',  ( 150.0000000000000000, 0.0000000000000000000, -15.00000000000000000 ) ) ;
#1137 = EDGE_LOOP ( 'NONE', ( #223, #1049, #1835, #1096 ) ) ;
#1138 = ORIENTED_EDGE ( 'NONE', *, *, #1796, .T. ) ;
#1139 = DIRECTION ( 'NONE',  ( -1.000000000000000000, -0.0000000000000000000, -0.0000000000000000000 ) ) ;
#1140 = ADVANCED_FACE ( 'NONE', ( #996 ), #953, .F. ) ;
#1141 = ORIENTED_EDGE ( 'NONE', *, *, #1959, .F. ) ;
#1142 = CARTESIAN_POINT ( 'NONE',  ( 139.9999999999999700, 0.0000000000000000000, -15.00000000000000000 ) ) ;
#1143 = DIRECTION ( 'NONE',  ( 0.0000000000000000000, 1.000000000000000000, -1.489106329299799200E-016 ) ) ;
#1144 = EDGE_CURVE ( 'NONE', #441, #960, #1589, .T. ) ;
#1145 = VECTOR ( 'NONE', #1090, 1000.000000000000000 ) ;
#1146 = PRODUCT ( 'metamaterial_model', 'metamaterial_model', '', ( #1724 ) ) ;
#1147 = CARTESIAN_POINT ( 'NONE',  ( 150.0000000000000000, 0.0000000000000000000, -15.00000000000000000 ) ) ;
#1148 = CARTESIAN_POINT ( 'NONE',  ( 126.0000000000000000, 2.649999999999999500, -15.00000000000000000 ) ) ;
#1149 = VECTOR ( 'NONE', #1506, 1000.000000000000000 ) ;
#1150 = STYLED_ITEM ( 'NONE', ( #467 ), #1174 ) ;
#1151 = ORIENTED_EDGE ( 'NONE', *, *, #377, .F. ) ;
#1152 = CARTESIAN_POINT ( 'NONE',  ( 120.9999999999999900, 0.0000000000000000000, 0.0000000000000000000 ) ) ;
#1153 = ORIENTED_EDGE ( 'NONE', *, *, #2104, .T. ) ;
#1154 = DIRECTION ( 'NONE',  ( 0.0000000000000000000, -2.312964634635743400E-016, 1.000000000000000000 ) ) ;
#1155 = FACE_OUTER_BOUND ( 'NONE', #1054, .T. ) ;
#1156 = DIRECTION ( 'NONE',  ( 0.0000000000000000000, 0.0000000000000000000, 1.000000000000000000 ) ) ;
#1157 = CARTESIAN_POINT ( 'NONE',  ( 120.0000000000000000, 18.99999999999999600, -14.99999999999999800 ) ) ;
#1158 = CARTESIAN_POINT ( 'NONE',  ( 150.0000000000000000, 19.00000000000000400, -15.00000000000000000 ) ) ;
#1159 = FACE_OUTER_BOUND ( 'NONE', #743, .T. ) ;
#1160 = DIRECTION ( 'NONE',  ( -0.0000000000000000000, -0.0000000000000000000, -1.000000000000000000 ) ) ;
#1161 = VERTEX_POINT ( 'NONE', #2075 ) ;
#1162 = CARTESIAN_POINT ( 'NONE',  ( 145.0000000000000000, 19.00000000000000400, -15.00000000000000000 ) ) ;
#1163 = VECTOR ( 'NONE', #136, 1000.000000000000000 ) ;
#1164 = CARTESIAN_POINT ( 'NONE',  ( 126.0000000000000000, 0.0000000000000000000, -15.00000000000000000 ) ) ;
#1165 = VERTEX_POINT ( 'NONE', #1083 ) ;
#1166 = ORIENTED_EDGE ( 'NONE', *, *, #852, .F. ) ;
#1167 = EDGE_CURVE ( 'NONE', #984, #1063, #1914, .T. ) ;
#1168 = FACE_OUTER_BOUND ( 'NONE', #1757, .T. ) ;
#1169 = CARTESIAN_POINT ( 'NONE',  ( 139.9999999999999700, 19.00000000000000000, -2.829302025669618300E-015 ) ) ;
#1170 = LINE ( 'NONE', #1751, #1981 ) ;
#1171 = EDGE_CURVE ( 'NONE', #195, #241, #1106, .T. ) ;
#1172 = EDGE_LOOP ( 'NONE', ( #1285, #1813, #1365, #211 ) ) ;
#1173 = DIRECTION ( 'NONE',  ( -1.000000000000000000, -0.0000000000000000000, -0.0000000000000000000 ) ) ;
#1174 = MANIFOLD_SOLID_BREP ( 'volume_7', #652 ) ;
#1175 = LINE ( 'NONE', #934, #123 ) ;
#1176 = AXIS2_PLACEMENT_3D ( 'NONE', #850, #186, #1355 ) ;
#1177 = ORIENTED_EDGE ( 'NONE', *, *, #764, .T. ) ;
#1178 = VECTOR ( 'NONE', #1539, 1000.000000000000000 ) ;
#1179 = ORIENTED_EDGE ( 'NONE', *, *, #665, .T. ) ;
#1180 = PLANE ( 'NONE',  #1683 ) ;
#1181 = CARTESIAN_POINT ( 'NONE',  ( 120.0000000000000000, 19.00000000000000000, -2.829302025669618700E-015 ) ) ;
#1182 = EDGE_CURVE ( 'NONE', #1510, #1894, #327, .T. ) ;
#1183 = ORIENTED_EDGE ( 'NONE', *, *, #126, .F. ) ;
#1184 = VECTOR ( 'NONE', #571, 1000.000000000000000 ) ;
#1185 = COLOUR_RGB ( '',0.7921568627450980000, 0.8196078431372548800, 0.9333333333333333500 ) ;
#1186 = SURFACE_SIDE_STYLE ('',( #265 ) ) ;
#1187 = DIRECTION ( 'NONE',  ( 0.0000000000000000000, 1.000000000000000000, -1.489106329299799200E-016 ) ) ;
#1188 = ORIENTED_EDGE ( 'NONE', *, *, #1182, .F. ) ;
#1189 = ORIENTED_EDGE ( 'NONE', *, *, #326, .F. ) ;
#1190 = CARTESIAN_POINT ( 'NONE',  ( 150.0000000000000000, 19.00000000000000000, -2.829302025669618300E-015 ) ) ;
#1191 = DIRECTION ( 'NONE',  ( 0.0000000000000000000, -1.000000000000000000, 0.0000000000000000000 ) ) ;
#1192 = LINE ( 'NONE', #1181, #1468 ) ;
#1193 =( GEOMETRIC_REPRESENTATION_CONTEXT ( 3 ) GLOBAL_UNCERTAINTY_ASSIGNED_CONTEXT ( ( #556 ) ) GLOBAL_UNIT_ASSIGNED_CONTEXT ( ( #658, #2022, #1685 ) ) REPRESENTATION_CONTEXT ( 'NONE', 'WORKASPACE' ) );
#1194 = ORIENTED_EDGE ( 'NONE', *, *, #821, .T. ) ;
#1195 = CARTESIAN_POINT ( 'NONE',  ( 134.9999999999999700, 0.0000000000000000000, -15.00000000000000000 ) ) ;
#1196 = DIRECTION ( 'NONE',  ( 1.000000000000000000, 0.0000000000000000000, 0.0000000000000000000 ) ) ;
#1197 = ORIENTED_EDGE ( 'NONE', *, *, #968, .T. ) ;
#1198 = ORIENTED_EDGE ( 'NONE', *, *, #152, .F. ) ;
#1199 = EDGE_CURVE ( 'NONE', #441, #1161, #927, .T. ) ;
#1200 = FACE_OUTER_BOUND ( 'NONE', #1654, .T. ) ;
#1201 = UNCERTAINTY_MEASURE_WITH_UNIT (LENGTH_MEASURE( 1.000000000000000100E-005 ), #1679, 'distance_accuracy_value', 'NONE');
#1202 =( NAMED_UNIT ( * ) PLANE_ANGLE_UNIT ( ) SI_UNIT ( $, .RADIAN. ) );
#1203 = ADVANCED_FACE ( 'NONE', ( #1985 ), #903, .F. ) ;
#1204 = DIRECTION ( 'NONE',  ( 0.0000000000000000000, -1.000000000000000000, 0.0000000000000000000 ) ) ;
#1205 = LINE ( 'NONE', #1169, #866 ) ;
#1206 = CARTESIAN_POINT ( 'NONE',  ( 126.0000000000000000, 6.649999999999999500, -15.01000000000000000 ) ) ;
#1207 = CARTESIAN_POINT ( 'NONE',  ( 124.9999999999999900, 2.649999999999999500, -15.00000000000000000 ) ) ;
#1208 = STYLED_ITEM ( 'NONE', ( #236 ), #319 ) ;
#1209 = EDGE_CURVE ( 'NONE', #1123, #2140, #1521, .T. ) ;
#1210 = ORIENTED_EDGE ( 'NONE', *, *, #621, .F. ) ;
#1211 = VECTOR ( 'NONE', #1832, 1000.000000000000000 ) ;
#1212 = DIRECTION ( 'NONE',  ( 0.0000000000000000000, -2.312964634635743900E-016, -1.000000000000000000 ) ) ;
#1213 = ORIENTED_EDGE ( 'NONE', *, *, #1988, .T. ) ;
#1214 = EDGE_LOOP ( 'NONE', ( #457, #827, #268, #433 ) ) ;
#1215 = PLANE ( 'NONE',  #752 ) ;
#1216 = DIRECTION ( 'NONE',  ( 0.0000000000000000000, 0.0000000000000000000, 1.000000000000000000 ) ) ;
#1217 = PRODUCT_RELATED_PRODUCT_CATEGORY ( 'part', '', ( #1146 ) ) ;
#1218 = APPLICATION_CONTEXT ( 'automotive_design' ) ;
#1219 = DIRECTION ( 'NONE',  ( -0.0000000000000000000, -0.0000000000000000000, 1.000000000000000000 ) ) ;
#1220 = CARTESIAN_POINT ( 'NONE',  ( 141.0000000000000000, 2.649999999999999500, -15.00000000000000000 ) ) ;
#1221 = CARTESIAN_POINT ( 'NONE',  ( 120.9999999999999900, 2.649999999999998600, -15.00000000000000000 ) ) ;
#1222 = CARTESIAN_POINT ( 'NONE',  ( 126.0000000000000000, 18.99999999999999600, -15.00000000000000000 ) ) ;
#1223 = VERTEX_POINT ( 'NONE', #1737 ) ;
#1224 = CARTESIAN_POINT ( 'NONE',  ( 150.0000000000000000, 19.00000000000000400, -15.00000000000000000 ) ) ;
#1225 = CARTESIAN_POINT ( 'NONE',  ( 150.0000000000000000, 19.00000000000000000, -2.829302025669618300E-015 ) ) ;
#1226 = VERTEX_POINT ( 'NONE', #890 ) ;
#1227 = CARTESIAN_POINT ( 'NONE',  ( 150.0000000000000000, 0.6500000000000012400, -15.00000000000000000 ) ) ;
#1228 = DIRECTION ( 'NONE',  ( 0.0000000000000000000, 0.0000000000000000000, -1.000000000000000000 ) ) ;
#1229 = COLOUR_RGB ( '',0.7921568627450980000, 0.8196078431372548800, 0.9333333333333333500 ) ;
#1230 = ADVANCED_FACE ( 'NONE', ( #1304 ), #1702, .F. ) ;
#1231 = DIRECTION ( 'NONE',  ( 0.0000000000000000000, 0.0000000000000000000, -1.000000000000000000 ) ) ;
#1232 = ORIENTED_EDGE ( 'NONE', *, *, #784, .F. ) ;
#1233 = DIRECTION ( 'NONE',  ( -0.0000000000000000000, -0.0000000000000000000, 1.000000000000000000 ) ) ;
#1234 = EDGE_CURVE ( 'NONE', #2084, #356, #2028, .T. ) ;
#1235 = PLANE ( 'NONE',  #345 ) ;
#1236 = DIRECTION ( 'NONE',  ( -1.000000000000000000, 0.0000000000000000000, -0.0000000000000000000 ) ) ;
#1237 = ADVANCED_FACE ( 'NONE', ( #192 ), #730, .T. ) ;
#1238 = ORIENTED_EDGE ( 'NONE', *, *, #238, .T. ) ;
#1239 = VECTOR ( 'NONE', #1016, 1000.000000000000000 ) ;
#1240 = CARTESIAN_POINT ( 'NONE',  ( 80.00000000000000000, 0.0000000000000000000, 0.0000000000000000000 ) ) ;
#1241 = DIRECTION ( 'NONE',  ( 0.0000000000000000000, -0.0000000000000000000, 1.000000000000000000 ) ) ;
#1242 = DIRECTION ( 'NONE',  ( -1.000000000000000000, -0.0000000000000000000, -0.0000000000000000000 ) ) ;
#1243 = LINE ( 'NONE', #479, #1842 ) ;
#1244 = APPLICATION_CONTEXT ( 'automotive_design' ) ;
#1245 = CARTESIAN_POINT ( 'NONE',  ( 120.9999999999999900, 2.649999999999998600, -15.00000000000000000 ) ) ;
#1246 = VERTEX_POINT ( 'NONE', #205 ) ;
#1247 = PLANE ( 'NONE',  #1930 ) ;
#1248 = CARTESIAN_POINT ( 'NONE',  ( 130.0000000000000000, 0.0000000000000000000, -15.00000000000000000 ) ) ;
#1249 = LINE ( 'NONE', #1527, #952 ) ;
#1250 = DIRECTION ( 'NONE',  ( 0.0000000000000000000, 2.312964634635743900E-016, 1.000000000000000000 ) ) ;
#1251 = AXIS2_PLACEMENT_3D ( 'NONE', #1982, #465, #825 ) ;
#1252 = LINE ( 'NONE', #863, #347 ) ;
#1253 = DIRECTION ( 'NONE',  ( 0.0000000000000000000, 1.000000000000000000, -1.489106329299799200E-016 ) ) ;
#1254 = CARTESIAN_POINT ( 'NONE',  ( 130.0000000000000000, 15.00000000000000000, 0.0000000000000000000 ) ) ;
#1255 = SURFACE_SIDE_STYLE ('',( #805 ) ) ;
#1256 = FACE_OUTER_BOUND ( 'NONE', #1338, .T. ) ;
#1257 = CARTESIAN_POINT ( 'NONE',  ( -15.00000000000000000, 2.649999999999999500, 0.0000000000000000000 ) ) ;
#1258 = VECTOR ( 'NONE', #546, 1000.000000000000000 ) ;
#1259 = EDGE_CURVE ( 'NONE', #2000, #1029, #278, .T. ) ;
#1260 = ORIENTED_EDGE ( 'NONE', *, *, #608, .T. ) ;
#1261 = EDGE_CURVE ( 'NONE', #356, #2020, #226, .T. ) ;
#1262 = FILL_AREA_STYLE ('',( #250 ) ) ;
#1263 = VECTOR ( 'NONE', #1139, 1000.000000000000000 ) ;
#1264 = ORIENTED_EDGE ( 'NONE', *, *, #1103, .T. ) ;
#1265 = ORIENTED_EDGE ( 'NONE', *, *, #1296, .T. ) ;
#1266 = MECHANICAL_DESIGN_GEOMETRIC_PRESENTATION_REPRESENTATION (  '', ( #1037 ), #1750 ) ;
#1267 = DIRECTION ( 'NONE',  ( 0.0000000000000000000, 0.0000000000000000000, 1.000000000000000000 ) ) ;
#1268 = SURFACE_STYLE_USAGE ( .BOTH. , #950 ) ;
#1269 = ORIENTED_EDGE ( 'NONE', *, *, #2166, .F. ) ;
#1270 = CARTESIAN_POINT ( 'NONE',  ( 150.0000000000000000, 19.00000000000000000, -2.829302025669618300E-015 ) ) ;
#1271 = VECTOR ( 'NONE', #1160, 1000.000000000000000 ) ;
#1272 = ORIENTED_EDGE ( 'NONE', *, *, #1818, .F. ) ;
#1273 = VERTEX_POINT ( 'NONE', #1364 ) ;
#1274 = DIRECTION ( 'NONE',  ( 0.0000000000000000000, 0.0000000000000000000, -1.000000000000000000 ) ) ;
#1275 = VECTOR ( 'NONE', #1849, 1000.000000000000000 ) ;
#1276 = DIRECTION ( 'NONE',  ( 0.0000000000000000000, -0.0000000000000000000, -1.000000000000000000 ) ) ;
#1277 = EDGE_CURVE ( 'NONE', #2020, #1246, #2010, .T. ) ;
#1278 = DIRECTION ( 'NONE',  ( 0.0000000000000000000, -0.0000000000000000000, -1.000000000000000000 ) ) ;
#1279 = COLOUR_RGB ( '',0.7921568627450980000, 0.8196078431372548800, 0.9333333333333333500 ) ;
#1280 = EDGE_LOOP ( 'NONE', ( #633, #113, #1264, #928 ) ) ;
#1281 = CARTESIAN_POINT ( 'NONE',  ( 124.9999999999999900, 2.649999999999999500, -15.00000000000000000 ) ) ;
#1282 = VECTOR ( 'NONE', #754, 1000.000000000000000 ) ;
#1283 = VERTEX_POINT ( 'NONE', #1553 ) ;
#1284 = EDGE_CURVE ( 'NONE', #264, #1091, #1496, .T. ) ;
#1285 = ORIENTED_EDGE ( 'NONE', *, *, #57, .T. ) ;
#1286 = CARTESIAN_POINT ( 'NONE',  ( 80.00000000000000000, 0.0000000000000000000, -15.00000000000000000 ) ) ;
#1287 = DIRECTION ( 'NONE',  ( 0.0000000000000000000, 1.000000000000000000, -1.489106329299799200E-016 ) ) ;
#1288 = STYLED_ITEM ( 'NONE', ( #1798 ), #351 ) ;
#1289 = ORIENTED_EDGE ( 'NONE', *, *, #1314, .F. ) ;
#1290 = LINE ( 'NONE', #992, #790 ) ;
#1291 = EDGE_LOOP ( 'NONE', ( #1003, #501, #1011, #2161 ) ) ;
#1292 = PRESENTATION_STYLE_ASSIGNMENT (( #514 ) ) ;
#1293 = CARTESIAN_POINT ( 'NONE',  ( 150.0000000000000000, 19.00000000000000400, -15.00000000000000000 ) ) ;
#1294 = EDGE_LOOP ( 'NONE', ( #655, #1999, #1845, #468 ) ) ;
#1295 = CARTESIAN_POINT ( 'NONE',  ( 145.0000000000000000, 19.00000000000000000, -2.829302025669618300E-015 ) ) ;
#1296 = EDGE_CURVE ( 'NONE', #328, #2080, #1021, .T. ) ;
#1297 = EDGE_LOOP ( 'NONE', ( #21, #1504, #1706, #235 ) ) ;
#1298 = LINE ( 'NONE', #245, #411 ) ;
#1299 = FACE_OUTER_BOUND ( 'NONE', #103, .T. ) ;
#1300 = ADVANCED_FACE ( 'NONE', ( #419 ), #943, .F. ) ;
#1301 = CARTESIAN_POINT ( 'NONE',  ( 120.0000000000000000, 0.0000000000000000000, -15.00000000000000000 ) ) ;
#1302 = DIRECTION ( 'NONE',  ( 1.000000000000000000, 0.0000000000000000000, 0.0000000000000000000 ) ) ;
#1303 = CARTESIAN_POINT ( 'NONE',  ( 131.0000000000000000, 15.00000000000000000, 0.0000000000000000000 ) ) ;
#1304 = FACE_OUTER_BOUND ( 'NONE', #1881, .T. ) ;
#1305 = ORIENTED_EDGE ( 'NONE', *, *, #1726, .T. ) ;
#1306 = PLANE ( 'NONE',  #340 ) ;
#1307 = LINE ( 'NONE', #541, #10 ) ;
#1308 = VERTEX_POINT ( 'NONE', #595 ) ;
#1309 = AXIS2_PLACEMENT_3D ( 'NONE', #1689, #2169, #844 ) ;
#1310 = DIRECTION ( 'NONE',  ( 0.0000000000000000000, 1.000000000000000000, -1.489106329299799200E-016 ) ) ;
#1311 = CARTESIAN_POINT ( 'NONE',  ( 126.0000000000000000, 19.00000000000000000, -2.829302025669618300E-015 ) ) ;
#1312 = PLANE ( 'NONE',  #989 ) ;
#1313 = LINE ( 'NONE', #1407, #2147 ) ;
#1314 = EDGE_CURVE ( 'NONE', #1924, #1894, #1175, .T. ) ;
#1315 = ORIENTED_EDGE ( 'NONE', *, *, #1743, .T. ) ;
#1316 = VECTOR ( 'NONE', #1302, 1000.000000000000000 ) ;
#1317 = ORIENTED_EDGE ( 'NONE', *, *, #1954, .F. ) ;
#1318 = ORIENTED_EDGE ( 'NONE', *, *, #1461, .T. ) ;
#1319 = CARTESIAN_POINT ( 'NONE',  ( 150.0000000000000000, 0.6500000000000012400, -15.00000000000000000 ) ) ;
#1320 = AXIS2_PLACEMENT_3D ( 'NONE', #1344, #2015, #2182 ) ;
#1321 = EDGE_CURVE ( 'NONE', #873, #588, #1408, .T. ) ;
#1322 = DIRECTION ( 'NONE',  ( 0.0000000000000000000, -1.000000000000000000, 0.0000000000000000000 ) ) ;
#1323 = VECTOR ( 'NONE', #1690, 1000.000000000000000 ) ;
#1324 = LINE ( 'NONE', #1113, #120 ) ;
#1325 = VERTEX_POINT ( 'NONE', #1933 ) ;
#1326 = LINE ( 'NONE', #1124, #422 ) ;
#1327 = EDGE_LOOP ( 'NONE', ( #451, #1391, #2078, #1939 ) ) ;
#1328 = ORIENTED_EDGE ( 'NONE', *, *, #378, .T. ) ;
#1329 = MANIFOLD_SOLID_BREP ( 'volume_6', #175 ) ;
#1330 = CARTESIAN_POINT ( 'NONE',  ( 150.0000000000000000, 19.00000000000000400, -15.00000000000000000 ) ) ;
#1331 = MECHANICAL_DESIGN_GEOMETRIC_PRESENTATION_REPRESENTATION (  '', ( #318 ), #102 ) ;
#1332 = VERTEX_POINT ( 'NONE', #602 ) ;
#1333 = SURFACE_STYLE_FILL_AREA ( #1067 ) ;
#1334 = DIRECTION ( 'NONE',  ( 0.0000000000000000000, 1.000000000000000000, 0.0000000000000000000 ) ) ;
#1335 = PRESENTATION_LAYER_ASSIGNMENT (  '', '', ( #510 ) ) ;
#1336 = ORIENTED_EDGE ( 'NONE', *, *, #744, .F. ) ;
#1337 = LINE ( 'NONE', #161, #157 ) ;
#1338 = EDGE_LOOP ( 'NONE', ( #1648, #634, #210, #1569 ) ) ;
#1339 = CLOSED_SHELL ( 'NONE', ( #1968, #976, #2025, #1402, #260, #876 ) ) ;
#1340 = EDGE_CURVE ( 'NONE', #2064, #109, #1777, .T. ) ;
#1341 = CARTESIAN_POINT ( 'NONE',  ( 131.0000000000000000, 0.0000000000000000000, -15.00000000000000000 ) ) ;
#1342 = FACE_OUTER_BOUND ( 'NONE', #420, .T. ) ;
#1343 = DIRECTION ( 'NONE',  ( 1.000000000000000000, -1.182766006347822100E-016, 0.0000000000000000000 ) ) ;
#1344 = CARTESIAN_POINT ( 'NONE',  ( -15.00000000000000000, 2.649999999999999500, -15.00000000000000000 ) ) ;
#1345 = VECTOR ( 'NONE', #2014, 1000.000000000000000 ) ;
#1346 = STYLED_ITEM ( 'NONE', ( #1292 ), #624 ) ;
#1347 = CARTESIAN_POINT ( 'NONE',  ( 120.0000000000000000, 18.99999999999999600, -14.99999999999999800 ) ) ;
#1348 = DIRECTION ( 'NONE',  ( -0.0000000000000000000, -0.0000000000000000000, 1.000000000000000000 ) ) ;
#1349 = LINE ( 'NONE', #194, #6 ) ;
#1350 = VERTEX_POINT ( 'NONE', #231 ) ;
#1351 = LINE ( 'NONE', #1616, #143 ) ;
#1352 = ORIENTED_EDGE ( 'NONE', *, *, #784, .T. ) ;
#1353 = ADVANCED_FACE ( 'NONE', ( #1406 ), #2107, .F. ) ;
#1354 = DIRECTION ( 'NONE',  ( 0.0000000000000000000, -0.0000000000000000000, -1.000000000000000000 ) ) ;
#1355 = DIRECTION ( 'NONE',  ( 0.0000000000000000000, 0.0000000000000000000, 1.000000000000000000 ) ) ;
#1356 = EDGE_CURVE ( 'NONE', #614, #279, #299, .T. ) ;
#1357 = EDGE_CURVE ( 'NONE', #1226, #1827, #1854, .T. ) ;
#1358 = ORIENTED_EDGE ( 'NONE', *, *, #1209, .T. ) ;
#1359 = LINE ( 'NONE', #217, #429 ) ;
#1360 = VECTOR ( 'NONE', #172, 1000.000000000000000 ) ;
#1361 = PLANE ( 'NONE',  #1404 ) ;
#1362 = CARTESIAN_POINT ( 'NONE',  ( 150.0000000000000000, 19.00000000000000000, -2.829302025669618300E-015 ) ) ;
#1363 = CARTESIAN_POINT ( 'NONE',  ( 139.9999999999999700, 6.649999999999999500, 0.0000000000000000000 ) ) ;
#1364 = CARTESIAN_POINT ( 'NONE',  ( 135.9999999999999700, 19.00000000000000000, -15.00000000000000000 ) ) ;
#1365 = ORIENTED_EDGE ( 'NONE', *, *, #638, .T. ) ;
#1366 = ORIENTED_EDGE ( 'NONE', *, *, #259, .T. ) ;
#1367 = ORIENTED_EDGE ( 'NONE', *, *, #1726, .F. ) ;
#1368 = DIRECTION ( 'NONE',  ( 0.0000000000000000000, -1.000000000000000000, 0.0000000000000000000 ) ) ;
#1369 = FILL_AREA_STYLE_COLOUR ( '', #513 ) ;
#1370 = DIRECTION ( 'NONE',  ( -1.000000000000000000, -0.0000000000000000000, -0.0000000000000000000 ) ) ;
#1371 =( GEOMETRIC_REPRESENTATION_CONTEXT ( 3 ) GLOBAL_UNCERTAINTY_ASSIGNED_CONTEXT ( ( #1556 ) ) GLOBAL_UNIT_ASSIGNED_CONTEXT ( ( #1764, #1770, #1108 ) ) REPRESENTATION_CONTEXT ( 'NONE', 'WORKASPACE' ) );
#1372 = DIRECTION ( 'NONE',  ( 0.0000000000000000000, -0.0000000000000000000, 1.000000000000000000 ) ) ;
#1373 = LINE ( 'NONE', #1926, #720 ) ;
#1374 = PLANE ( 'NONE',  #2102 ) ;
#1375 = AXIS2_PLACEMENT_3D ( 'NONE', #277, #1452, #798 ) ;
#1376 = CARTESIAN_POINT ( 'NONE',  ( 131.0000000000000000, 0.0000000000000000000, 0.0000000000000000000 ) ) ;
#1377 = ADVANCED_FACE ( 'NONE', ( #1715 ), #750, .F. ) ;
#1378 = PRESENTATION_STYLE_ASSIGNMENT (( #1779 ) ) ;
#1379 = ORIENTED_EDGE ( 'NONE', *, *, #5, .F. ) ;
#1380 = CARTESIAN_POINT ( 'NONE',  ( 141.0000000000000000, 0.0000000000000000000, -15.00000000000000000 ) ) ;
#1381 = EDGE_CURVE ( 'NONE', #807, #106, #1373, .T. ) ;
#1382 = CARTESIAN_POINT ( 'NONE',  ( 131.0000000000000000, 15.00000000000000000, -15.01000000000000000 ) ) ;
#1383 = EDGE_LOOP ( 'NONE', ( #1612, #300, #1898, #45 ) ) ;
#1384 = DIRECTION ( 'NONE',  ( 0.0000000000000000000, -1.000000000000000000, 0.0000000000000000000 ) ) ;
#1385 = DIRECTION ( 'NONE',  ( 1.000000000000000000, 0.0000000000000000000, 0.0000000000000000000 ) ) ;
#1386 = EDGE_CURVE ( 'NONE', #1976, #1161, #1324, .T. ) ;
#1387 = CARTESIAN_POINT ( 'NONE',  ( 0.0000000000000000000, 15.00000000000000000, -15.00000000000000000 ) ) ;
#1388 = CLOSED_SHELL ( 'NONE', ( #2113, #76, #272, #1062, #1633, #234 ) ) ;
#1389 = LINE ( 'NONE', #1376, #1060 ) ;
#1390 = ORIENTED_EDGE ( 'NONE', *, *, #608, .F. ) ;
#1391 = ORIENTED_EDGE ( 'NONE', *, *, #1847, .F. ) ;
#1392 = CARTESIAN_POINT ( 'NONE',  ( 150.0000000000000000, 0.0000000000000000000, 0.0000000000000000000 ) ) ;
#1393 = MECHANICAL_DESIGN_GEOMETRIC_PRESENTATION_REPRESENTATION (  '', ( #1288 ), #1492 ) ;
#1394 = DIRECTION ( 'NONE',  ( 0.0000000000000000000, 0.0000000000000000000, 1.000000000000000000 ) ) ;
#1395 = CARTESIAN_POINT ( 'NONE',  ( 80.00000000000000000, 18.99999999999999600, -14.99999999999999800 ) ) ;
#1396 = ORIENTED_EDGE ( 'NONE', *, *, #449, .F. ) ;
#1397 = LINE ( 'NONE', #1574, #1 ) ;
#1398 = SURFACE_STYLE_FILL_AREA ( #1563 ) ;
#1399 = DIRECTION ( 'NONE',  ( 0.0000000000000000000, -1.000000000000000000, 1.489106329299799500E-016 ) ) ;
#1400 = MANIFOLD_SOLID_BREP ( 'volume_10', #1629 ) ;
#1401 = VECTOR ( 'NONE', #1032, 1000.000000000000000 ) ;
#1402 = ADVANCED_FACE ( 'NONE', ( #826 ), #1098, .F. ) ;
#1403 = DIRECTION ( 'NONE',  ( 0.0000000000000000000, 0.0000000000000000000, 1.000000000000000000 ) ) ;
#1404 = AXIS2_PLACEMENT_3D ( 'NONE', #707, #357, #1887 ) ;
#1405 = DIRECTION ( 'NONE',  ( 1.000000000000000000, 0.0000000000000000000, -0.0000000000000000000 ) ) ;
#1406 = FACE_OUTER_BOUND ( 'NONE', #353, .T. ) ;
#1407 = CARTESIAN_POINT ( 'NONE',  ( 0.0000000000000000000, 19.00000000000000000, -2.829302025669618700E-015 ) ) ;
#1408 = LINE ( 'NONE', #1245, #1562 ) ;
#1409 = ORIENTED_EDGE ( 'NONE', *, *, #1674, .T. ) ;
#1410 = CARTESIAN_POINT ( 'NONE',  ( 130.0000000000000000, 19.00000000000000000, -2.829302025669618300E-015 ) ) ;
#1411 = COLOUR_RGB ( '',0.7921568627450980000, 0.8196078431372548800, 0.9333333333333333500 ) ;
#1412 = AXIS2_PLACEMENT_3D ( 'NONE', #444, #964, #1127 ) ;
#1413 = FILL_AREA_STYLE ('',( #1571 ) ) ;
#1414 = ORIENTED_EDGE ( 'NONE', *, *, #1357, .T. ) ;
#1415 = ORIENTED_EDGE ( 'NONE', *, *, #190, .F. ) ;
#1416 = PLANE ( 'NONE',  #1666 ) ;
#1417 = DIRECTION ( 'NONE',  ( 1.000000000000000000, 0.0000000000000000000, 0.0000000000000000000 ) ) ;
#1418 = FACE_OUTER_BOUND ( 'NONE', #813, .T. ) ;
#1419 = DIRECTION ( 'NONE',  ( 0.0000000000000000000, -1.000000000000000000, 1.489106329299799500E-016 ) ) ;
#1420 = DIRECTION ( 'NONE',  ( 0.0000000000000000000, 1.000000000000000000, -0.0000000000000000000 ) ) ;
#1421 = CARTESIAN_POINT ( 'NONE',  ( 120.0000000000000000, 19.00000000000000000, -2.829302025669618300E-015 ) ) ;
#1422 = EDGE_CURVE ( 'NONE', #59, #2141, #924, .T. ) ;
#1423 = FACE_OUTER_BOUND ( 'NONE', #830, .T. ) ;
#1424 = CARTESIAN_POINT ( 'NONE',  ( 150.0000000000000000, 19.00000000000000000, -2.829302025669618300E-015 ) ) ;
#1425 = PLANE ( 'NONE',  #775 ) ;
#1426 = LINE ( 'NONE', #2035, #1323 ) ;
#1427 = CARTESIAN_POINT ( 'NONE',  ( 120.0000000000000000, 0.0000000000000000000, 0.0000000000000000000 ) ) ;
#1428 = PRESENTATION_LAYER_ASSIGNMENT (  '', '', ( #1208 ) ) ;
#1429 = ORIENTED_EDGE ( 'NONE', *, *, #1014, .F. ) ;
#1430 = EDGE_CURVE ( 'NONE', #2020, #630, #222, .T. ) ;
#1431 = VECTOR ( 'NONE', #1949, 1000.000000000000000 ) ;
#1432 = ORIENTED_EDGE ( 'NONE', *, *, #1144, .T. ) ;
#1433 = SURFACE_STYLE_FILL_AREA ( #1516 ) ;
#1434 = ADVANCED_FACE ( 'NONE', ( #2160 ), #623, .F. ) ;
#1435 = VERTEX_POINT ( 'NONE', #274 ) ;
#1436 = VERTEX_POINT ( 'NONE', #284 ) ;
#1437 = DIRECTION ( 'NONE',  ( 1.000000000000000000, 0.0000000000000000000, -0.0000000000000000000 ) ) ;
#1438 = EDGE_LOOP ( 'NONE', ( #471, #1213, #199, #1097 ) ) ;
#1439 = LINE ( 'NONE', #2058, #180 ) ;
#1440 = EDGE_LOOP ( 'NONE', ( #472, #1778, #1884, #1733 ) ) ;
#1441 = CARTESIAN_POINT ( 'NONE',  ( 141.0000000000000000, 2.649999999999999500, -15.00000000000000000 ) ) ;
#1442 = VECTOR ( 'NONE', #2149, 1000.000000000000000 ) ;
#1443 = ORIENTED_EDGE ( 'NONE', *, *, #1847, .T. ) ;
#1444 = ORIENTED_EDGE ( 'NONE', *, *, #796, .T. ) ;
#1445 = PRESENTATION_LAYER_ASSIGNMENT (  '', '', ( #1829 ) ) ;
#1446 = ADVANCED_FACE ( 'NONE', ( #666 ), #1961, .T. ) ;
#1447 = CARTESIAN_POINT ( 'NONE',  ( 0.0000000000000000000, 2.649999999999999500, -15.00000000000000000 ) ) ;
#1448 = PLANE ( 'NONE',  #553 ) ;
#1449 = EDGE_CURVE ( 'NONE', #630, #1332, #2116, .T. ) ;
#1450 = DIRECTION ( 'NONE',  ( 0.0000000000000000000, -1.000000000000000000, -2.312964634635743400E-016 ) ) ;
#1451 = VECTOR ( 'NONE', #2123, 1000.000000000000000 ) ;
#1452 = DIRECTION ( 'NONE',  ( -0.0000000000000000000, 1.000000000000000000, 0.0000000000000000000 ) ) ;
#1453 = ADVANCED_FACE ( 'NONE', ( #777 ), #618, .T. ) ;
#1454 = VECTOR ( 'NONE', #1233, 1000.000000000000000 ) ;
#1455 = VERTEX_POINT ( 'NONE', #1955 ) ;
#1456 = CARTESIAN_POINT ( 'NONE',  ( 146.0000000000000000, 19.00000000000000400, -15.00000000000000000 ) ) ;
#1457 = EDGE_LOOP ( 'NONE', ( #1979, #1269, #2011, #78 ) ) ;
#1458 = ORIENTED_EDGE ( 'NONE', *, *, #1586, .T. ) ;
#1459 = ADVANCED_FACE ( 'NONE', ( #1256 ), #116, .T. ) ;
#1460 = PLANE ( 'NONE',  #1515 ) ;
#1461 = EDGE_CURVE ( 'NONE', #614, #1091, #324, .T. ) ;
#1462 = EDGE_CURVE ( 'NONE', #387, #2030, #570, .T. ) ;
#1463 = DIRECTION ( 'NONE',  ( 1.000000000000000000, 0.0000000000000000000, -0.0000000000000000000 ) ) ;
#1464 = LINE ( 'NONE', #2163, #800 ) ;
#1465 = DIRECTION ( 'NONE',  ( 0.0000000000000000000, -0.0000000000000000000, -1.000000000000000000 ) ) ;
#1466 = AXIS2_PLACEMENT_3D ( 'NONE', #2001, #1322, #1465 ) ;
#1467 = DIRECTION ( 'NONE',  ( 0.0000000000000000000, -1.000000000000000000, -2.312964634635743400E-016 ) ) ;
#1468 = VECTOR ( 'NONE', #1686, 1000.000000000000000 ) ;
#1469 = VECTOR ( 'NONE', #379, 1000.000000000000000 ) ;
#1470 = CARTESIAN_POINT ( 'NONE',  ( 135.9999999999999700, 2.649999999999998600, -15.00000000000000000 ) ) ;
#1471 = VECTOR ( 'NONE', #1632, 1000.000000000000000 ) ;
#1472 = CARTESIAN_POINT ( 'NONE',  ( 130.0000000000000000, 2.649999999999999900, 0.0000000000000000000 ) ) ;
#1473 = VERTEX_POINT ( 'NONE', #611 ) ;
#1474 = LINE ( 'NONE', #1875, #1052 ) ;
#1475 = EDGE_LOOP ( 'NONE', ( #931, #1681, #1942, #2095 ) ) ;
#1476 = DIRECTION ( 'NONE',  ( 0.0000000000000000000, 0.0000000000000000000, 1.000000000000000000 ) ) ;
#1477 = AXIS2_PLACEMENT_3D ( 'NONE', #2023, #1191, #1354 ) ;
#1478 = CARTESIAN_POINT ( 'NONE',  ( 145.0000000000000000, 0.0000000000000000000, -15.00000000000000000 ) ) ;
#1479 = MANIFOLD_SOLID_BREP ( 'volume_12', #537 ) ;
#1480 = DIRECTION ( 'NONE',  ( 1.000000000000000000, 0.0000000000000000000, 0.0000000000000000000 ) ) ;
#1481 = CLOSED_SHELL ( 'NONE', ( #1549, #1459, #198, #1960, #1906, #532 ) ) ;
#1482 = EDGE_CURVE ( 'NONE', #1723, #264, #1494, .T. ) ;
#1483 = DIRECTION ( 'NONE',  ( 1.000000000000000000, 0.0000000000000000000, 0.0000000000000000000 ) ) ;
#1484 = ORIENTED_EDGE ( 'NONE', *, *, #1449, .F. ) ;
#1485 = LINE ( 'NONE', #1142, #555 ) ;
#1486 = CARTESIAN_POINT ( 'NONE',  ( 0.0000000000000000000, 0.0000000000000000000, -15.00000000000000000 ) ) ;
#1487 = ORIENTED_EDGE ( 'NONE', *, *, #216, .T. ) ;
#1488 = CARTESIAN_POINT ( 'NONE',  ( -15.00000000000000000, 2.649999999999999500, 0.0000000000000000000 ) ) ;
#1489 = EDGE_CURVE ( 'NONE', #585, #1283, #1876, .T. ) ;
#1490 = VECTOR ( 'NONE', #474, 1000.000000000000000 ) ;
#1491 = CARTESIAN_POINT ( 'NONE',  ( 120.9999999999999900, 0.0000000000000000000, -15.00000000000000000 ) ) ;
#1492 =( GEOMETRIC_REPRESENTATION_CONTEXT ( 3 ) GLOBAL_UNCERTAINTY_ASSIGNED_CONTEXT ( ( #2046 ) ) GLOBAL_UNIT_ASSIGNED_CONTEXT ( ( #2072, #528, #869 ) ) REPRESENTATION_CONTEXT ( 'NONE', 'WORKASPACE' ) );
#1493 = DIRECTION ( 'NONE',  ( 1.000000000000000000, 0.0000000000000000000, 0.0000000000000000000 ) ) ;
#1494 = LINE ( 'NONE', #1195, #169 ) ;
#1495 = ORIENTED_EDGE ( 'NONE', *, *, #237, .T. ) ;
#1496 = LINE ( 'NONE', #566, #1614 ) ;
#1497 = ORIENTED_EDGE ( 'NONE', *, *, #600, .F. ) ;
#1498 = DIRECTION ( 'NONE',  ( 0.0000000000000000000, -2.312964634635743400E-016, 1.000000000000000000 ) ) ;
#1499 = SURFACE_STYLE_FILL_AREA ( #22 ) ;
#1500 = CARTESIAN_POINT ( 'NONE',  ( 130.0000000000000000, 0.0000000000000000000, 0.0000000000000000000 ) ) ;
#1501 = AXIS2_PLACEMENT_3D ( 'NONE', #1225, #1896, #2068 ) ;
#1502 = EDGE_CURVE ( 'NONE', #1723, #614, #1349, .T. ) ;
#1503 = DIRECTION ( 'NONE',  ( 0.0000000000000000000, 0.0000000000000000000, -1.000000000000000000 ) ) ;
#1504 = ORIENTED_EDGE ( 'NONE', *, *, #700, .F. ) ;
#1505 = CARTESIAN_POINT ( 'NONE',  ( 120.0000000000000000, 0.0000000000000000000, 0.0000000000000000000 ) ) ;
#1506 = DIRECTION ( 'NONE',  ( 0.0000000000000000000, -1.000000000000000000, 0.0000000000000000000 ) ) ;
#1507 = AXIS2_PLACEMENT_3D ( 'NONE', #1543, #1045, #718 ) ;
#1508 = ORIENTED_EDGE ( 'NONE', *, *, #150, .T. ) ;
#1509 = ORIENTED_EDGE ( 'NONE', *, *, #1386, .T. ) ;
#1510 = VERTEX_POINT ( 'NONE', #1871 ) ;
#1511 = ORIENTED_EDGE ( 'NONE', *, *, #955, .T. ) ;
#1512 = CARTESIAN_POINT ( 'NONE',  ( -15.00000000000000000, 2.649999999999999500, -15.00000000000000000 ) ) ;
#1513 = PLANE ( 'NONE',  #1176 ) ;
#1514 = VECTOR ( 'NONE', #296, 1000.000000000000000 ) ;
#1515 = AXIS2_PLACEMENT_3D ( 'NONE', #1147, #298, #1463 ) ;
#1516 = FILL_AREA_STYLE ('',( #886 ) ) ;
#1517 = ADVANCED_FACE ( 'NONE', ( #1910 ), #336, .F. ) ;
#1518 =( LENGTH_UNIT ( ) NAMED_UNIT ( * ) SI_UNIT ( .MILLI., .METRE. ) );
#1519 = VECTOR ( 'NONE', #1348, 1000.000000000000000 ) ;
#1520 = DIRECTION ( 'NONE',  ( 0.0000000000000000000, 1.000000000000000000, -0.0000000000000000000 ) ) ;
#1521 = LINE ( 'NONE', #398, #1258 ) ;
#1522 = ORIENTED_EDGE ( 'NONE', *, *, #529, .T. ) ;
#1523 = EDGE_CURVE ( 'NONE', #1665, #842, #2138, .T. ) ;
#1524 = FACE_OUTER_BOUND ( 'NONE', #1214, .T. ) ;
#1525 = EDGE_LOOP ( 'NONE', ( #941, #2099, #1627, #698 ) ) ;
#1526 = FACE_OUTER_BOUND ( 'NONE', #159, .T. ) ;
#1527 = CARTESIAN_POINT ( 'NONE',  ( 120.0000000000000000, 0.0000000000000000000, -15.00000000000000000 ) ) ;
#1528 = DIRECTION ( 'NONE',  ( 0.0000000000000000000, -1.489106329299799200E-016, -1.000000000000000000 ) ) ;
#1529 = ORIENTED_EDGE ( 'NONE', *, *, #612, .F. ) ;
#1530 = EDGE_LOOP ( 'NONE', ( #1328, #148, #632, #1114 ) ) ;
#1531 = CARTESIAN_POINT ( 'NONE',  ( 124.9999999999999900, 0.0000000000000000000, -15.00000000000000000 ) ) ;
#1532 = CARTESIAN_POINT ( 'NONE',  ( 146.0000000000000000, 19.00000000000000000, -2.829302025669618300E-015 ) ) ;
#1533 = AXIS2_PLACEMENT_3D ( 'NONE', #563, #1728, #908 ) ;
#1534 = EDGE_CURVE ( 'NONE', #1325, #2064, #1426, .T. ) ;
#1535 = CARTESIAN_POINT ( 'NONE',  ( -15.00000000000000000, 2.649999999999999500, -15.00000000000000000 ) ) ;
#1536 = ADVANCED_FACE ( 'NONE', ( #882 ), #1024, .F. ) ;
#1537 = ORIENTED_EDGE ( 'NONE', *, *, #216, .F. ) ;
#1538 = FACE_OUTER_BOUND ( 'NONE', #1280, .T. ) ;
#1539 = DIRECTION ( 'NONE',  ( 0.0000000000000000000, 0.0000000000000000000, -1.000000000000000000 ) ) ;
#1540 = CARTESIAN_POINT ( 'NONE',  ( 150.0000000000000000, 19.00000000000000000, -2.829302025669618300E-015 ) ) ;
#1541 = ORIENTED_EDGE ( 'NONE', *, *, #2059, .F. ) ;
#1542 = VECTOR ( 'NONE', #1824, 1000.000000000000000 ) ;
#1543 = CARTESIAN_POINT ( 'NONE',  ( 120.0000000000000000, 18.99999999999999600, -14.99999999999999800 ) ) ;
#1544 = VERTEX_POINT ( 'NONE', #877 ) ;
#1545 = EDGE_LOOP ( 'NONE', ( #1197, #1265, #1068, #689 ) ) ;
#1546 = FILL_AREA_STYLE_COLOUR ( '', #902 ) ;
#1547 = PLANE ( 'NONE',  #417 ) ;
#1548 = VECTOR ( 'NONE', #1017, 1000.000000000000000 ) ;
#1549 = ADVANCED_FACE ( 'NONE', ( #1776 ), #867, .F. ) ;
#1550 = DIRECTION ( 'NONE',  ( -1.000000000000000000, 0.0000000000000000000, 0.0000000000000000000 ) ) ;
#1551 = CARTESIAN_POINT ( 'NONE',  ( 150.0000000000000000, 0.6500000000000012400, -15.00000000000000000 ) ) ;
#1552 = LINE ( 'NONE', #1579, #851 ) ;
#1553 = CARTESIAN_POINT ( 'NONE',  ( 146.0000000000000000, 19.00000000000000000, -2.829302025669618300E-015 ) ) ;
#1554 = DIRECTION ( 'NONE',  ( -1.000000000000000000, -0.0000000000000000000, -0.0000000000000000000 ) ) ;
#1555 = MECHANICAL_DESIGN_GEOMETRIC_PRESENTATION_REPRESENTATION (  '', ( #442 ), #208 ) ;
#1556 = UNCERTAINTY_MEASURE_WITH_UNIT (LENGTH_MEASURE( 1.000000000000000100E-005 ), #1764, 'distance_accuracy_value', 'NONE');
#1557 = PLANE ( 'NONE',  #893 ) ;
#1558 = PLANE ( 'NONE',  #841 ) ;
#1559 = ORIENTED_EDGE ( 'NONE', *, *, #1462, .T. ) ;
#1560 = MECHANICAL_DESIGN_GEOMETRIC_PRESENTATION_REPRESENTATION (  '', ( #510 ), #1669 ) ;
#1561 =( LENGTH_UNIT ( ) NAMED_UNIT ( * ) SI_UNIT ( .MILLI., .METRE. ) );
#1562 = VECTOR ( 'NONE', #765, 1000.000000000000000 ) ;
#1563 = FILL_AREA_STYLE ('',( #1872 ) ) ;
#1564 = ORIENTED_EDGE ( 'NONE', *, *, #612, .T. ) ;
#1565 = CARTESIAN_POINT ( 'NONE',  ( 120.0000000000000000, 0.0000000000000000000, -15.00000000000000000 ) ) ;
#1566 = EDGE_CURVE ( 'NONE', #2084, #1997, #1192, .T. ) ;
#1567 = PRESENTATION_STYLE_ASSIGNMENT (( #728 ) ) ;
#1568 = CARTESIAN_POINT ( 'NONE',  ( 124.9999999999999900, 2.649999999999999500, 0.0000000000000000000 ) ) ;
#1569 = ORIENTED_EDGE ( 'NONE', *, *, #828, .T. ) ;
#1570 = DIRECTION ( 'NONE',  ( -0.0000000000000000000, -0.0000000000000000000, 1.000000000000000000 ) ) ;
#1571 = FILL_AREA_STYLE_COLOUR ( '', #1105 ) ;
#1572 = EDGE_LOOP ( 'NONE', ( #477, #1508, #1651, #676 ) ) ;
#1573 = DIRECTION ( 'NONE',  ( -0.0000000000000000000, -0.0000000000000000000, 1.000000000000000000 ) ) ;
#1574 = CARTESIAN_POINT ( 'NONE',  ( 139.9999999999999700, 2.649999999999999500, -15.00000000000000000 ) ) ;
#1575 = ORIENTED_EDGE ( 'NONE', *, *, #1818, .T. ) ;
#1576 = AXIS2_PLACEMENT_3D ( 'NONE', #188, #1368, #201 ) ;
#1577 = CLOSED_SHELL ( 'NONE', ( #282, #690, #119, #771, #781, #1237 ) ) ;
#1578 = ADVANCED_FACE ( 'NONE', ( #32 ), #509, .F. ) ;
#1579 = CARTESIAN_POINT ( 'NONE',  ( 150.0000000000000000, 19.00000000000000400, -15.00000000000000000 ) ) ;
#1580 =( GEOMETRIC_REPRESENTATION_CONTEXT ( 3 ) GLOBAL_UNCERTAINTY_ASSIGNED_CONTEXT ( ( #1201 ) ) GLOBAL_UNIT_ASSIGNED_CONTEXT ( ( #1679, #673, #1025 ) ) REPRESENTATION_CONTEXT ( 'NONE', 'WORKASPACE' ) );
#1581 = DIRECTION ( 'NONE',  ( 1.000000000000000000, 0.0000000000000000000, 0.0000000000000000000 ) ) ;
#1582 = DIRECTION ( 'NONE',  ( -0.0000000000000000000, -0.0000000000000000000, 1.000000000000000000 ) ) ;
#1583 = VECTOR ( 'NONE', #1909, 1000.000000000000000 ) ;
#1584 = CARTESIAN_POINT ( 'NONE',  ( 0.0000000000000000000, 2.649999999999999500, -15.00000000000000000 ) ) ;
#1585 = CARTESIAN_POINT ( 'NONE',  ( 141.0000000000000000, 6.649999999999999500, -15.01000000000000000 ) ) ;
#1586 = EDGE_CURVE ( 'NONE', #257, #1602, #487, .T. ) ;
#1587 =( LENGTH_UNIT ( ) NAMED_UNIT ( * ) SI_UNIT ( .MILLI., .METRE. ) );
#1588 = FACE_OUTER_BOUND ( 'NONE', #1440, .T. ) ;
#1589 = LINE ( 'NONE', #1380, #385 ) ;
#1590 = VERTEX_POINT ( 'NONE', #1030 ) ;
#1591 = CARTESIAN_POINT ( 'NONE',  ( 124.9999999999999900, 0.0000000000000000000, -15.00000000000000000 ) ) ;
#1592 = CARTESIAN_POINT ( 'NONE',  ( 141.0000000000000000, 2.649999999999999500, 0.0000000000000000000 ) ) ;
#1593 = ORIENTED_EDGE ( 'NONE', *, *, #2031, .F. ) ;
#1594 = VECTOR ( 'NONE', #1705, 1000.000000000000000 ) ;
#1595 = CARTESIAN_POINT ( 'NONE',  ( 150.0000000000000000, 0.0000000000000000000, -15.00000000000000000 ) ) ;
#1596 =( NAMED_UNIT ( * ) PLANE_ANGLE_UNIT ( ) SI_UNIT ( $, .RADIAN. ) );
#1597 = CARTESIAN_POINT ( 'NONE',  ( 80.00000000000000000, 0.0000000000000000000, 0.0000000000000000000 ) ) ;
#1598 = VECTOR ( 'NONE', #1989, 1000.000000000000000 ) ;
#1599 = PRESENTATION_LAYER_ASSIGNMENT (  '', '', ( #861 ) ) ;
#1600 = LINE ( 'NONE', #1812, #1895 ) ;
#1601 = DIRECTION ( 'NONE',  ( 0.0000000000000000000, 0.0000000000000000000, 1.000000000000000000 ) ) ;
#1602 = VERTEX_POINT ( 'NONE', #1677 ) ;
#1603 = ORIENTED_EDGE ( 'NONE', *, *, #125, .T. ) ;
#1604 = ORIENTED_EDGE ( 'NONE', *, *, #1774, .F. ) ;
#1605 = AXIS2_PLACEMENT_3D ( 'NONE', #748, #1403, #2061 ) ;
#1606 = CARTESIAN_POINT ( 'NONE',  ( -0.0000000000000000000, 2.649999999999999500, 0.0000000000000000000 ) ) ;
#1607 = EDGE_CURVE ( 'NONE', #249, #1972, #440, .T. ) ;
#1608 = PRESENTATION_STYLE_ASSIGNMENT (( #1670 ) ) ;
#1609 = CARTESIAN_POINT ( 'NONE',  ( 146.0000000000000000, 15.00000000000000000, -15.01000000000000000 ) ) ;
#1610 = VECTOR ( 'NONE', #156, 1000.000000000000000 ) ;
#1611 = PRESENTATION_STYLE_ASSIGNMENT (( #846 ) ) ;
#1612 = ORIENTED_EDGE ( 'NONE', *, *, #486, .T. ) ;
#1613 = EDGE_CURVE ( 'NONE', #249, #2049, #350, .T. ) ;
#1614 = VECTOR ( 'NONE', #1573, 1000.000000000000000 ) ;
#1615 = ORIENTED_EDGE ( 'NONE', *, *, #1836, .F. ) ;
#1616 = CARTESIAN_POINT ( 'NONE',  ( 150.0000000000000000, 19.00000000000000400, -15.00000000000000000 ) ) ;
#1617 = ADVANCED_FACE ( 'NONE', ( #596 ), #15, .T. ) ;
#1618 = ORIENTED_EDGE ( 'NONE', *, *, #1277, .F. ) ;
#1619 = FACE_OUTER_BOUND ( 'NONE', #836, .T. ) ;
#1620 = ORIENTED_EDGE ( 'NONE', *, *, #2146, .F. ) ;
#1621 = FILL_AREA_STYLE_COLOUR ( '', #1279 ) ;
#1622 = LINE ( 'NONE', #1341, #481 ) ;
#1623 = VERTEX_POINT ( 'NONE', #739 ) ;
#1624 = EDGE_CURVE ( 'NONE', #1997, #1131, #1637, .T. ) ;
#1625 = EDGE_CURVE ( 'NONE', #302, #59, #297, .T. ) ;
#1626 = ORIENTED_EDGE ( 'NONE', *, *, #1132, .F. ) ;
#1627 = ORIENTED_EDGE ( 'NONE', *, *, #581, .T. ) ;
#1628 = CARTESIAN_POINT ( 'NONE',  ( 130.0000000000000000, 19.00000000000000000, -2.829302025669618300E-015 ) ) ;
#1629 = CLOSED_SHELL ( 'NONE', ( #2131, #1718, #1536, #98, #1125, #562 ) ) ;
#1630 = LINE ( 'NONE', #1663, #2003 ) ;
#1631 = STYLED_ITEM ( 'NONE', ( #1938 ), #1329 ) ;
#1632 = DIRECTION ( 'NONE',  ( 1.000000000000000000, 0.0000000000000000000, 0.0000000000000000000 ) ) ;
#1633 = ADVANCED_FACE ( 'NONE', ( #138 ), #911, .F. ) ;
#1634 = LINE ( 'NONE', #804, #1610 ) ;
#1635 = CARTESIAN_POINT ( 'NONE',  ( 131.0000000000000000, 19.00000000000000400, -15.00000000000000000 ) ) ;
#1636 = CARTESIAN_POINT ( 'NONE',  ( 146.0000000000000000, 0.0000000000000000000, 0.0000000000000000000 ) ) ;
#1637 = LINE ( 'NONE', #1888, #1874 ) ;
#1638 =( NAMED_UNIT ( * ) SI_UNIT ( $, .STERADIAN. ) SOLID_ANGLE_UNIT ( ) );
#1639 = ORIENTED_EDGE ( 'NONE', *, *, #955, .F. ) ;
#1640 = VECTOR ( 'NONE', #1928, 1000.000000000000000 ) ;
#1641 = VERTEX_POINT ( 'NONE', #930 ) ;
#1642 = ORIENTED_EDGE ( 'NONE', *, *, #1873, .F. ) ;
#1643 = AXIS2_PLACEMENT_3D ( 'NONE', #1866, #677, #348 ) ;
#1644 = CARTESIAN_POINT ( 'NONE',  ( 130.0000000000000000, 19.00000000000000400, -15.00000000000000000 ) ) ;
#1645 = COLOUR_RGB ( '',0.7921568627450980000, 0.8196078431372548800, 0.9333333333333333500 ) ;
#1646 = DIRECTION ( 'NONE',  ( 0.0000000000000000000, 2.312964634635743400E-016, -1.000000000000000000 ) ) ;
#1647 = EDGE_CURVE ( 'NONE', #1455, #1086, #2091, .T. ) ;
#1648 = ORIENTED_EDGE ( 'NONE', *, *, #829, .F. ) ;
#1649 = LINE ( 'NONE', #1828, #1598 ) ;
#1650 = DIRECTION ( 'NONE',  ( 0.0000000000000000000, 0.0000000000000000000, 1.000000000000000000 ) ) ;
#1651 = ORIENTED_EDGE ( 'NONE', *, *, #27, .T. ) ;
#1652 = CARTESIAN_POINT ( 'NONE',  ( 126.0000000000000000, 2.649999999999999500, -15.00000000000000000 ) ) ;
#1653 =( LENGTH_UNIT ( ) NAMED_UNIT ( * ) SI_UNIT ( .MILLI., .METRE. ) );
#1654 = EDGE_LOOP ( 'NONE', ( #1119, #1840, #1837, #77 ) ) ;
#1655 = MECHANICAL_DESIGN_GEOMETRIC_PRESENTATION_REPRESENTATION (  '', ( #1208 ), #1773 ) ;
#1656 = VERTEX_POINT ( 'NONE', #1222 ) ;
#1657 = EDGE_CURVE ( 'NONE', #1161, #1623, #247, .T. ) ;
#1658 = ORIENTED_EDGE ( 'NONE', *, *, #1259, .T. ) ;
#1659 = CARTESIAN_POINT ( 'NONE',  ( 139.9999999999999700, 2.649999999999999500, -15.00000000000000000 ) ) ;
#1660 = DIRECTION ( 'NONE',  ( -0.0000000000000000000, 0.0000000000000000000, 1.000000000000000000 ) ) ;
#1661 = CARTESIAN_POINT ( 'NONE',  ( 120.0000000000000000, 0.6500000000000000200, -15.00000000000000000 ) ) ;
#1662 = ORIENTED_EDGE ( 'NONE', *, *, #1069, .T. ) ;
#1663 = CARTESIAN_POINT ( 'NONE',  ( 131.0000000000000000, 19.00000000000000000, -2.829302025669618300E-015 ) ) ;
#1664 = VECTOR ( 'NONE', #1520, 1000.000000000000000 ) ;
#1665 = VERTEX_POINT ( 'NONE', #55 ) ;
#1666 = AXIS2_PLACEMENT_3D ( 'NONE', #421, #1758, #604 ) ;
#1667 = ORIENTED_EDGE ( 'NONE', *, *, #1931, .T. ) ;
#1668 = FILL_AREA_STYLE_COLOUR ( '', #1185 ) ;
#1669 =( GEOMETRIC_REPRESENTATION_CONTEXT ( 3 ) GLOBAL_UNCERTAINTY_ASSIGNED_CONTEXT ( ( #1823 ) ) GLOBAL_UNIT_ASSIGNED_CONTEXT ( ( #1518, #189, #685 ) ) REPRESENTATION_CONTEXT ( 'NONE', 'WORKASPACE' ) );
#1670 = SURFACE_STYLE_USAGE ( .BOTH. , #171 ) ;
#1671 = PLANE ( 'NONE',  #1320 ) ;
#1672 = ORIENTED_EDGE ( 'NONE', *, *, #919, .F. ) ;
#1673 = LINE ( 'NONE', #2013, #1239 ) ;
#1674 = EDGE_CURVE ( 'NONE', #1656, #1944, #1042, .T. ) ;
#1675 = EDGE_LOOP ( 'NONE', ( #1810, #1821, #1232, #1511 ) ) ;
#1676 = DIRECTION ( 'NONE',  ( 0.0000000000000000000, -1.000000000000000000, -2.312964634635743400E-016 ) ) ;
#1677 = CARTESIAN_POINT ( 'NONE',  ( 150.0000000000000000, 0.0000000000000000000, -15.00000000000000000 ) ) ;
#1678 = ORIENTED_EDGE ( 'NONE', *, *, #1743, .F. ) ;
#1679 =( LENGTH_UNIT ( ) NAMED_UNIT ( * ) SI_UNIT ( .MILLI., .METRE. ) );
#1680 = CARTESIAN_POINT ( 'NONE',  ( 124.9999999999999900, 6.649999999999999500, 0.0000000000000000000 ) ) ;
#1681 = ORIENTED_EDGE ( 'NONE', *, *, #267, .F. ) ;
#1682 = VECTOR ( 'NONE', #207, 1000.000000000000000 ) ;
#1683 = AXIS2_PLACEMENT_3D ( 'NONE', #508, #534, #875 ) ;
#1684 = LINE ( 'NONE', #1470, #531 ) ;
#1685 =( NAMED_UNIT ( * ) SI_UNIT ( $, .STERADIAN. ) SOLID_ANGLE_UNIT ( ) );
#1686 = DIRECTION ( 'NONE',  ( -1.000000000000000000, -0.0000000000000000000, -0.0000000000000000000 ) ) ;
#1687 = PLANE ( 'NONE',  #573 ) ;
#1688 = VECTOR ( 'NONE', #48, 1000.000000000000000 ) ;
#1689 = CARTESIAN_POINT ( 'NONE',  ( 119.9999999999999900, 0.6500000000000012400, -15.01000000000000000 ) ) ;
#1690 = DIRECTION ( 'NONE',  ( -1.000000000000000000, 0.0000000000000000000, 0.0000000000000000000 ) ) ;
#1691 = VECTOR ( 'NONE', #929, 1000.000000000000000 ) ;
#1692 = ORIENTED_EDGE ( 'NONE', *, *, #108, .T. ) ;
#1693 = ORIENTED_EDGE ( 'NONE', *, *, #1144, .F. ) ;
#1694 = AXIS2_PLACEMENT_3D ( 'NONE', #1224, #892, #40 ) ;
#1695 = EDGE_CURVE ( 'NONE', #1641, #585, #1983, .T. ) ;
#1696 = FACE_OUTER_BOUND ( 'NONE', #1530, .T. ) ;
#1697 = ADVANCED_FACE ( 'NONE', ( #1588 ), #921, .F. ) ;
#1698 = DIRECTION ( 'NONE',  ( 0.0000000000000000000, 1.000000000000000000, -1.489106329299799200E-016 ) ) ;
#1699 = AXIS2_PLACEMENT_3D ( 'NONE', #1038, #1868, #4 ) ;
#1700 = LINE ( 'NONE', #592, #131 ) ;
#1701 = LINE ( 'NONE', #2158, #84 ) ;
#1702 = PLANE ( 'NONE',  #1507 ) ;
#1703 = EDGE_LOOP ( 'NONE', ( #1593, #1179, #337, #584 ) ) ;
#1704 = VECTOR ( 'NONE', #1009, 1000.000000000000000 ) ;
#1705 = DIRECTION ( 'NONE',  ( 0.0000000000000000000, 1.000000000000000000, 0.0000000000000000000 ) ) ;
#1706 = ORIENTED_EDGE ( 'NONE', *, *, #1970, .T. ) ;
#1707 = CARTESIAN_POINT ( 'NONE',  ( 135.9999999999999700, 0.0000000000000000000, 0.0000000000000000000 ) ) ;
#1708 = CARTESIAN_POINT ( 'NONE',  ( 150.0000000000000000, 0.0000000000000000000, 0.0000000000000000000 ) ) ;
#1709 = VECTOR ( 'NONE', #395, 1000.000000000000000 ) ;
#1710 = CARTESIAN_POINT ( 'NONE',  ( 150.0000000000000000, 19.00000000000000400, -15.00000000000000000 ) ) ;
#1711 =( GEOMETRIC_REPRESENTATION_CONTEXT ( 3 ) GLOBAL_UNCERTAINTY_ASSIGNED_CONTEXT ( ( #708 ) ) GLOBAL_UNIT_ASSIGNED_CONTEXT ( ( #29, #1202, #1878 ) ) REPRESENTATION_CONTEXT ( 'NONE', 'WORKASPACE' ) );
#1712 = CARTESIAN_POINT ( 'NONE',  ( 80.00000000000000000, 18.99999999999999600, -14.99999999999999800 ) ) ;
#1713 = CARTESIAN_POINT ( 'NONE',  ( 131.0000000000000000, 15.00000000000000000, -15.01000000000000000 ) ) ;
#1714 = PLANE ( 'NONE',  #149 ) ;
#1715 = FACE_OUTER_BOUND ( 'NONE', #557, .T. ) ;
#1716 = ORIENTED_EDGE ( 'NONE', *, *, #821, .F. ) ;
#1717 = EDGE_CURVE ( 'NONE', #807, #253, #191, .T. ) ;
#1718 = ADVANCED_FACE ( 'NONE', ( #1935 ), #1925, .T. ) ;
#1719 = MANIFOLD_SOLID_BREP ( 'volume_13', #1339 ) ;
#1720 = FACE_OUTER_BOUND ( 'NONE', #1172, .T. ) ;
#1721 = ORIENTED_EDGE ( 'NONE', *, *, #1103, .F. ) ;
#1722 = DIRECTION ( 'NONE',  ( 1.000000000000000000, 0.0000000000000000000, 0.0000000000000000000 ) ) ;
#1723 = VERTEX_POINT ( 'NONE', #392 ) ;
#1724 = PRODUCT_CONTEXT ( 'NONE', #1218, 'mechanical' ) ;
#1725 = CARTESIAN_POINT ( 'NONE',  ( 141.0000000000000000, 18.99999999999999600, -15.00000000000000000 ) ) ;
#1726 = EDGE_CURVE ( 'NONE', #257, #1781, #135, .T. ) ;
#1727 = CARTESIAN_POINT ( 'NONE',  ( 150.0000000000000000, 19.00000000000000400, -15.00000000000000000 ) ) ;
#1728 = DIRECTION ( 'NONE',  ( 0.0000000000000000000, 0.0000000000000000000, 1.000000000000000000 ) ) ;
#1729 = EDGE_CURVE ( 'NONE', #367, #2128, #664, .T. ) ;
#1730 = ORIENTED_EDGE ( 'NONE', *, *, #985, .T. ) ;
#1731 = LINE ( 'NONE', #1240, #397 ) ;
#1732 =( NAMED_UNIT ( * ) PLANE_ANGLE_UNIT ( ) SI_UNIT ( $, .RADIAN. ) );
#1733 = ORIENTED_EDGE ( 'NONE', *, *, #1625, .T. ) ;
#1734 = FACE_OUTER_BOUND ( 'NONE', #1134, .T. ) ;
#1735 = PRODUCT_DEFINITION_FORMATION_WITH_SPECIFIED_SOURCE ( 'ANY', '', #1146, .NOT_KNOWN. ) ;
#1736 = APPLICATION_PROTOCOL_DEFINITION ( 'draft international standard', 'automotive_design', 1998, #1244 ) ;
#1737 = CARTESIAN_POINT ( 'NONE',  ( 139.9999999999999700, 6.649999999999999500, -15.00000000000000000 ) ) ;
#1738 = ORIENTED_EDGE ( 'NONE', *, *, #1534, .T. ) ;
#1739 = ORIENTED_EDGE ( 'NONE', *, *, #381, .F. ) ;
#1740 = CARTESIAN_POINT ( 'NONE',  ( 141.0000000000000000, 2.649999999999999500, -15.00000000000000000 ) ) ;
#1741 = LINE ( 'NONE', #1220, #648 ) ;
#1742 = COLOUR_RGB ( '',0.7921568627450980000, 0.8196078431372548800, 0.9333333333333333500 ) ;
#1743 = EDGE_CURVE ( 'NONE', #585, #1877, #1552, .T. ) ;
#1744 = EDGE_CURVE ( 'NONE', #1131, #630, #1170, .T. ) ;
#1745 = VECTOR ( 'NONE', #2137, 1000.000000000000000 ) ;
#1746 = DIRECTION ( 'NONE',  ( -1.000000000000000000, -0.0000000000000000000, -0.0000000000000000000 ) ) ;
#1747 = ADVANCED_FACE ( 'NONE', ( #1039 ), #202, .F. ) ;
#1748 = CARTESIAN_POINT ( 'NONE',  ( 139.9999999999999700, 6.649999999999999500, -15.01000000000000000 ) ) ;
#1749 = VECTOR ( 'NONE', #956, 1000.000000000000000 ) ;
#1750 =( GEOMETRIC_REPRESENTATION_CONTEXT ( 3 ) GLOBAL_UNCERTAINTY_ASSIGNED_CONTEXT ( ( #1795 ) ) GLOBAL_UNIT_ASSIGNED_CONTEXT ( ( #1587, #591, #2101 ) ) REPRESENTATION_CONTEXT ( 'NONE', 'WORKASPACE' ) );
#1751 = CARTESIAN_POINT ( 'NONE',  ( 80.00000000000000000, 0.0000000000000000000, 0.0000000000000000000 ) ) ;
#1752 = ORIENTED_EDGE ( 'NONE', *, *, #933, .T. ) ;
#1753 = DIRECTION ( 'NONE',  ( 0.0000000000000000000, 0.0000000000000000000, 1.000000000000000000 ) ) ;
#1754 = LINE ( 'NONE', #1281, #1282 ) ;
#1755 = PLANE ( 'NONE',  #580 ) ;
#1756 = ORIENTED_EDGE ( 'NONE', *, *, #1340, .T. ) ;
#1757 = EDGE_LOOP ( 'NONE', ( #1756, #38, #1529, #1672 ) ) ;
#1758 = DIRECTION ( 'NONE',  ( 0.0000000000000000000, -1.000000000000000000, 0.0000000000000000000 ) ) ;
#1759 = DIRECTION ( 'NONE',  ( -1.000000000000000000, 0.0000000000000000000, -0.0000000000000000000 ) ) ;
#1760 = LINE ( 'NONE', #62, #1864 ) ;
#1761 = FACE_OUTER_BOUND ( 'NONE', #692, .T. ) ;
#1762 = AXIS2_PLACEMENT_3D ( 'NONE', #335, #2159, #320 ) ;
#1763 = EDGE_LOOP ( 'NONE', ( #1497, #1126, #1007, #545 ) ) ;
#1764 =( LENGTH_UNIT ( ) NAMED_UNIT ( * ) SI_UNIT ( .MILLI., .METRE. ) );
#1765 = EDGE_LOOP ( 'NONE', ( #606, #1352, #193, #1289 ) ) ;
#1766 = DIRECTION ( 'NONE',  ( -1.000000000000000000, 0.0000000000000000000, 0.0000000000000000000 ) ) ;
#1767 = CLOSED_SHELL ( 'NONE', ( #702, #463, #1353, #605, #926, #354 ) ) ;
#1768 = ORIENTED_EDGE ( 'NONE', *, *, #346, .F. ) ;
#1769 = EDGE_CURVE ( 'NONE', #60, #1827, #117, .T. ) ;
#1770 =( NAMED_UNIT ( * ) PLANE_ANGLE_UNIT ( ) SI_UNIT ( $, .RADIAN. ) );
#1771 = ADVANCED_FACE ( 'NONE', ( #1958 ), #598, .T. ) ;
#1772 = PLANE ( 'NONE',  #92 ) ;
#1773 =( GEOMETRIC_REPRESENTATION_CONTEXT ( 3 ) GLOBAL_UNCERTAINTY_ASSIGNED_CONTEXT ( ( #1122 ) ) GLOBAL_UNIT_ASSIGNED_CONTEXT ( ( #536, #35, #206 ) ) REPRESENTATION_CONTEXT ( 'NONE', 'WORKASPACE' ) );
#1774 = EDGE_CURVE ( 'NONE', #1544, #1781, #987, .T. ) ;
#1775 = SURFACE_STYLE_USAGE ( .BOTH. , #574 ) ;
#1776 = FACE_OUTER_BOUND ( 'NONE', #980, .T. ) ;
#1777 = LINE ( 'NONE', #742, #972 ) ;
#1778 = ORIENTED_EDGE ( 'NONE', *, *, #494, .T. ) ;
#1779 = SURFACE_STYLE_USAGE ( .BOTH. , #1255 ) ;
#1780 = AXIS2_PLACEMENT_3D ( 'NONE', #590, #1759, #1937 ) ;
#1781 = VERTEX_POINT ( 'NONE', #2111 ) ;
#1782 = LINE ( 'NONE', #1088, #304 ) ;
#1783 = ADVANCED_FACE ( 'NONE', ( #218 ), #1772, .F. ) ;
#1784 = EDGE_LOOP ( 'NONE', ( #1667, #679, #312, #1189 ) ) ;
#1785 = COLOUR_RGB ( '',0.7921568627450980000, 0.8196078431372548800, 0.9333333333333333500 ) ;
#1786 = PRESENTATION_LAYER_ASSIGNMENT (  '', '', ( #442 ) ) ;
#1787 = ORIENTED_EDGE ( 'NONE', *, *, #512, .F. ) ;
#1788 = VECTOR ( 'NONE', #1001, 1000.000000000000000 ) ;
#1789 = DIRECTION ( 'NONE',  ( 0.0000000000000000000, -1.000000000000000000, 0.0000000000000000000 ) ) ;
#1790 = ORIENTED_EDGE ( 'NONE', *, *, #1199, .T. ) ;
#1791 = EDGE_LOOP ( 'NONE', ( #770, #628, #1432, #1415 ) ) ;
#1792 = AXIS2_PLACEMENT_3D ( 'NONE', #1395, #1882, #375 ) ;
#1793 = CARTESIAN_POINT ( 'NONE',  ( 80.00000000000000000, 18.99999999999999600, -14.99999999999999800 ) ) ;
#1794 = ADVANCED_FACE ( 'NONE', ( #273 ), #428, .T. ) ;
#1795 = UNCERTAINTY_MEASURE_WITH_UNIT (LENGTH_MEASURE( 1.000000000000000100E-005 ), #1587, 'distance_accuracy_value', 'NONE');
#1796 = EDGE_CURVE ( 'NONE', #588, #214, #90, .T. ) ;
#1797 = VECTOR ( 'NONE', #1094, 1000.000000000000000 ) ;
#1798 = PRESENTATION_STYLE_ASSIGNMENT (( #879 ) ) ;
#1799 = DIRECTION ( 'NONE',  ( 1.000000000000000000, 0.0000000000000000000, 0.0000000000000000000 ) ) ;
#1800 = VECTOR ( 'NONE', #636, 1000.000000000000000 ) ;
#1801 = PLANE ( 'NONE',  #11 ) ;
#1802 = VECTOR ( 'NONE', #794, 1000.000000000000000 ) ;
#1803 = ADVANCED_FACE ( 'NONE', ( #683 ), #594, .F. ) ;
#1804 = AXIS2_PLACEMENT_3D ( 'NONE', #971, #824, #1310 ) ;
#1805 = ORIENTED_EDGE ( 'NONE', *, *, #1058, .F. ) ;
#1806 = EDGE_LOOP ( 'NONE', ( #1752, #558, #2178, #834 ) ) ;
#1807 = DIRECTION ( 'NONE',  ( 0.0000000000000000000, 0.0000000000000000000, 1.000000000000000000 ) ) ;
#1808 = FACE_OUTER_BOUND ( 'NONE', #1863, .T. ) ;
#1809 = EDGE_LOOP ( 'NONE', ( #1318, #1946, #2012, #1026 ) ) ;
#1810 = ORIENTED_EDGE ( 'NONE', *, *, #493, .T. ) ;
#1811 = PRESENTATION_LAYER_ASSIGNMENT (  '', '', ( #1288 ) ) ;
#1812 = CARTESIAN_POINT ( 'NONE',  ( 119.9999999999999900, 0.6500000000000012400, -15.00000000000000000 ) ) ;
#1813 = ORIENTED_EDGE ( 'NONE', *, *, #1717, .T. ) ;
#1814 = PLANE ( 'NONE',  #616 ) ;
#1815 = DIRECTION ( 'NONE',  ( 0.0000000000000000000, 1.000000000000000000, -1.489106329299799200E-016 ) ) ;
#1816 = VECTOR ( 'NONE', #1101, 1000.000000000000000 ) ;
#1817 = VECTOR ( 'NONE', #2171, 1000.000000000000000 ) ;
#1818 = EDGE_CURVE ( 'NONE', #960, #2140, #242, .T. ) ;
#1819 = CARTESIAN_POINT ( 'NONE',  ( 134.9999999999999700, 19.00000000000000000, 0.0000000000000000000 ) ) ;
#1820 = VERTEX_POINT ( 'NONE', #1592 ) ;
#1821 = ORIENTED_EDGE ( 'NONE', *, *, #1171, .F. ) ;
#1822 = AXIS2_PLACEMENT_3D ( 'NONE', #1073, #1394, #374 ) ;
#1823 = UNCERTAINTY_MEASURE_WITH_UNIT (LENGTH_MEASURE( 1.000000000000000100E-005 ), #1518, 'distance_accuracy_value', 'NONE');
#1824 = DIRECTION ( 'NONE',  ( 1.000000000000000000, 0.0000000000000000000, 0.0000000000000000000 ) ) ;
#1825 = VECTOR ( 'NONE', #213, 1000.000000000000000 ) ;
#1826 = CARTESIAN_POINT ( 'NONE',  ( 126.0000000000000000, 6.649999999999999500, 0.0000000000000000000 ) ) ;
#1827 = VERTEX_POINT ( 'NONE', #248 ) ;
#1828 = CARTESIAN_POINT ( 'NONE',  ( -15.00000000000000000, 2.649999999999999500, 0.0000000000000000000 ) ) ;
#1829 = STYLED_ITEM ( 'NONE', ( #1378 ), #1018 ) ;
#1830 = VECTOR ( 'NONE', #2096, 1000.000000000000000 ) ;
#1831 = ORIENTED_EDGE ( 'NONE', *, *, #524, .F. ) ;
#1832 = DIRECTION ( 'NONE',  ( 0.0000000000000000000, -2.312964634635743400E-016, 1.000000000000000000 ) ) ;
#1833 = LINE ( 'NONE', #1053, #2119 ) ;
#1834 = DIRECTION ( 'NONE',  ( -1.000000000000000000, 0.0000000000000000000, 0.0000000000000000000 ) ) ;
#1835 = ORIENTED_EDGE ( 'NONE', *, *, #874, .T. ) ;
#1836 = EDGE_CURVE ( 'NONE', #356, #1131, #2056, .T. ) ;
#1837 = ORIENTED_EDGE ( 'NONE', *, *, #88, .F. ) ;
#1838 = VECTOR ( 'NONE', #427, 1000.000000000000000 ) ;
#1839 = CARTESIAN_POINT ( 'NONE',  ( 150.0000000000000000, 19.00000000000000000, -2.829302025669618300E-015 ) ) ;
#1840 = ORIENTED_EDGE ( 'NONE', *, *, #1996, .T. ) ;
#1841 = CARTESIAN_POINT ( 'NONE',  ( 141.0000000000000000, 6.649999999999999500, 0.0000000000000000000 ) ) ;
#1842 = VECTOR ( 'NONE', #810, 1000.000000000000000 ) ;
#1843 = CARTESIAN_POINT ( 'NONE',  ( 80.00000000000000000, 18.99999999999999600, -14.99999999999999800 ) ) ;
#1844 = EDGE_LOOP ( 'NONE', ( #2043, #1692, #1177, #181 ) ) ;
#1845 = ORIENTED_EDGE ( 'NONE', *, *, #1209, .F. ) ;
#1846 = EDGE_CURVE ( 'NONE', #387, #681, #1932, .T. ) ;
#1847 = EDGE_CURVE ( 'NONE', #1510, #241, #918, .T. ) ;
#1848 = CARTESIAN_POINT ( 'NONE',  ( 126.0000000000000000, 18.99999999999999600, 0.0000000000000000000 ) ) ;
#1849 = DIRECTION ( 'NONE',  ( -0.0000000000000000000, -0.0000000000000000000, 1.000000000000000000 ) ) ;
#1850 = CARTESIAN_POINT ( 'NONE',  ( 146.0000000000000000, 0.0000000000000000000, -15.00000000000000000 ) ) ;
#1851 = VECTOR ( 'NONE', #1143, 1000.000000000000000 ) ;
#1852 = DIRECTION ( 'NONE',  ( 0.0000000000000000000, -1.000000000000000000, 1.489106329299799200E-016 ) ) ;
#1853 = CARTESIAN_POINT ( 'NONE',  ( 150.0000000000000000, 0.0000000000000000000, -15.00000000000000000 ) ) ;
#1854 = LINE ( 'NONE', #1945, #947 ) ;
#1855 = CARTESIAN_POINT ( 'NONE',  ( 120.0000000000000000, 0.0000000000000000000, -15.00000000000000000 ) ) ;
#1856 = AXIS2_PLACEMENT_3D ( 'NONE', #70, #1913, #917 ) ;
#1857 = EDGE_CURVE ( 'NONE', #1877, #769, #749, .T. ) ;
#1858 = PRESENTATION_STYLE_ASSIGNMENT (( #1943 ) ) ;
#1859 = ORIENTED_EDGE ( 'NONE', *, *, #1624, .T. ) ;
#1860 = DIRECTION ( 'NONE',  ( -1.000000000000000000, -0.0000000000000000000, -0.0000000000000000000 ) ) ;
#1861 =( GEOMETRIC_REPRESENTATION_CONTEXT ( 3 ) GLOBAL_UNCERTAINTY_ASSIGNED_CONTEXT ( ( #2175 ) ) GLOBAL_UNIT_ASSIGNED_CONTEXT ( ( #758, #772, #1919 ) ) REPRESENTATION_CONTEXT ( 'NONE', 'WORKASPACE' ) );
#1862 = CARTESIAN_POINT ( 'NONE',  ( 0.0000000000000000000, 18.99999999999999600, -14.99999999999999800 ) ) ;
#1863 = EDGE_LOOP ( 'NONE', ( #436, #2117, #283, #1495 ) ) ;
#1864 = VECTOR ( 'NONE', #1927, 1000.000000000000000 ) ;
#1865 = VECTOR ( 'NONE', #365, 1000.000000000000000 ) ;
#1866 = CARTESIAN_POINT ( 'NONE',  ( 0.0000000000000000000, 6.649999999999999500, -15.00000000000000000 ) ) ;
#1867 = ADVANCED_FACE ( 'NONE', ( #2135 ), #147, .T. ) ;
#1868 = DIRECTION ( 'NONE',  ( 0.0000000000000000000, -1.489106329299799200E-016, -1.000000000000000000 ) ) ;
#1869 = FACE_OUTER_BOUND ( 'NONE', #1294, .T. ) ;
#1870 = DIRECTION ( 'NONE',  ( 0.0000000000000000000, 1.000000000000000000, 0.0000000000000000000 ) ) ;
#1871 = CARTESIAN_POINT ( 'NONE',  ( 126.0000000000000000, 2.649999999999999500, 0.0000000000000000000 ) ) ;
#1872 = FILL_AREA_STYLE_COLOUR ( '', #1742 ) ;
#1873 = EDGE_CURVE ( 'NONE', #1436, #307, #462, .T. ) ;
#1874 = VECTOR ( 'NONE', #1900, 1000.000000000000000 ) ;
#1875 = CARTESIAN_POINT ( 'NONE',  ( 135.9999999999999700, 0.0000000000000000000, -15.00000000000000000 ) ) ;
#1876 = LINE ( 'NONE', #691, #993 ) ;
#1877 = VERTEX_POINT ( 'NONE', #1162 ) ;
#1878 =( NAMED_UNIT ( * ) SI_UNIT ( $, .STERADIAN. ) SOLID_ANGLE_UNIT ( ) );
#1879 = DIRECTION ( 'NONE',  ( 0.0000000000000000000, 2.312964634635743400E-016, -1.000000000000000000 ) ) ;
#1880 = PLANE ( 'NONE',  #1115 ) ;
#1881 = EDGE_LOOP ( 'NONE', ( #1238, #576, #885, #2109 ) ) ;
#1882 = DIRECTION ( 'NONE',  ( 0.0000000000000000000, -9.130123557772670800E-017, 1.000000000000000000 ) ) ;
#1883 = EDGE_CURVE ( 'NONE', #681, #367, #714, .T. ) ;
#1884 = ORIENTED_EDGE ( 'NONE', *, *, #974, .T. ) ;
#1885 = EDGE_LOOP ( 'NONE', ( #951, #994, #1414, #1991 ) ) ;
#1886 = UNCERTAINTY_MEASURE_WITH_UNIT (LENGTH_MEASURE( 1.000000000000000100E-005 ), #1653, 'distance_accuracy_value', 'NONE');
#1887 = DIRECTION ( 'NONE',  ( 0.0000000000000000000, 0.0000000000000000000, -1.000000000000000000 ) ) ;
#1888 = CARTESIAN_POINT ( 'NONE',  ( 80.00000000000000000, 19.00000000000000000, -2.829302025669618700E-015 ) ) ;
#1889 = SURFACE_SIDE_STYLE ('',( #1398 ) ) ;
#1890 = ORIENTED_EDGE ( 'NONE', *, *, #643, .F. ) ;
#1891 = LINE ( 'NONE', #323, #1004 ) ;
#1892 = CARTESIAN_POINT ( 'NONE',  ( 120.0000000000000000, 0.0000000000000000000, 0.0000000000000000000 ) ) ;
#1893 = DIRECTION ( 'NONE',  ( 0.0000000000000000000, -1.000000000000000000, -9.130123557772670800E-017 ) ) ;
#1894 = VERTEX_POINT ( 'NONE', #1148 ) ;
#1895 = VECTOR ( 'NONE', #294, 1000.000000000000000 ) ;
#1896 = DIRECTION ( 'NONE',  ( 0.0000000000000000000, -1.489106329299799200E-016, -1.000000000000000000 ) ) ;
#1897 = PLANE ( 'NONE',  #549 ) ;
#1898 = ORIENTED_EDGE ( 'NONE', *, *, #1534, .F. ) ;
#1899 = ORIENTED_EDGE ( 'NONE', *, *, #985, .F. ) ;
#1900 = DIRECTION ( 'NONE',  ( 0.0000000000000000000, -1.000000000000000000, 1.489106329299799500E-016 ) ) ;
#1901 = APPLICATION_PROTOCOL_DEFINITION ( 'draft international standard', 'automotive_design', 1998, #1218 ) ;
#1902 = DIRECTION ( 'NONE',  ( 0.0000000000000000000, -1.000000000000000000, 1.489106329299799500E-016 ) ) ;
#1903 = CARTESIAN_POINT ( 'NONE',  ( 145.0000000000000000, 15.00000000000000000, -15.00000000000000000 ) ) ;
#1904 = LINE ( 'NONE', #1862, #1548 ) ;
#1905 = DIRECTION ( 'NONE',  ( 0.0000000000000000000, 0.0000000000000000000, -1.000000000000000000 ) ) ;
#1906 = ADVANCED_FACE ( 'NONE', ( #1128 ), #1306, .F. ) ;
#1907 = FACE_OUTER_BOUND ( 'NONE', #2168, .T. ) ;
#1908 = CARTESIAN_POINT ( 'NONE',  ( 139.9999999999999700, 19.00000000000000400, -15.00000000000000000 ) ) ;
#1909 = DIRECTION ( 'NONE',  ( 0.0000000000000000000, 0.0000000000000000000, -1.000000000000000000 ) ) ;
#1910 = FACE_OUTER_BOUND ( 'NONE', #997, .T. ) ;
#1911 = EDGE_CURVE ( 'NONE', #2030, #307, #1464, .T. ) ;
#1912 = CARTESIAN_POINT ( 'NONE',  ( 126.0000000000000000, 6.649999999999999500, -15.00000000000000000 ) ) ;
#1913 = DIRECTION ( 'NONE',  ( 0.0000000000000000000, -1.000000000000000000, 0.0000000000000000000 ) ) ;
#1914 = LINE ( 'NONE', #1707, #1664 ) ;
#1915 = CARTESIAN_POINT ( 'NONE',  ( 139.9999999999999700, 2.649999999999999500, 0.0000000000000000000 ) ) ;
#1916 = ADVANCED_FACE ( 'NONE', ( #1869 ), #314, .F. ) ;
#1917 = CARTESIAN_POINT ( 'NONE',  ( 126.0000000000000000, 0.0000000000000000000, -15.00000000000000000 ) ) ;
#1918 = ORIENTED_EDGE ( 'NONE', *, *, #629, .F. ) ;
#1919 =( NAMED_UNIT ( * ) SI_UNIT ( $, .STERADIAN. ) SOLID_ANGLE_UNIT ( ) );
#1920 = CARTESIAN_POINT ( 'NONE',  ( 145.0000000000000000, 0.0000000000000000000, 0.0000000000000000000 ) ) ;
#1921 = CARTESIAN_POINT ( 'NONE',  ( 130.0000000000000000, 2.649999999999999900, -15.00000000000000000 ) ) ;
#1922 = VERTEX_POINT ( 'NONE', #301 ) ;
#1923 =( LENGTH_UNIT ( ) NAMED_UNIT ( * ) SI_UNIT ( .MILLI., .METRE. ) );
#1924 = VERTEX_POINT ( 'NONE', #647 ) ;
#1925 = PLANE ( 'NONE',  #212 ) ;
#1926 = CARTESIAN_POINT ( 'NONE',  ( 139.9999999999999700, 2.649999999999999500, -15.00000000000000000 ) ) ;
#1927 = DIRECTION ( 'NONE',  ( 1.000000000000000000, 0.0000000000000000000, 0.0000000000000000000 ) ) ;
#1928 = DIRECTION ( 'NONE',  ( -0.0000000000000000000, 1.000000000000000000, 9.130123557772670800E-017 ) ) ;
#1929 = DIRECTION ( 'NONE',  ( 1.000000000000000000, 0.0000000000000000000, 0.0000000000000000000 ) ) ;
#1930 = AXIS2_PLACEMENT_3D ( 'NONE', #1387, #2050, #713 ) ;
#1931 = EDGE_CURVE ( 'NONE', #2000, #264, #969, .T. ) ;
#1932 = LINE ( 'NONE', #1966, #2024 ) ;
#1933 = CARTESIAN_POINT ( 'NONE',  ( 131.0000000000000000, 15.00000000000000000, -15.00000000000000000 ) ) ;
#1934 = SURFACE_SIDE_STYLE ('',( #2139 ) ) ;
#1935 = FACE_OUTER_BOUND ( 'NONE', #1703, .T. ) ;
#1936 = AXIS2_PLACEMENT_3D ( 'NONE', #763, #942, #258 ) ;
#1937 = DIRECTION ( 'NONE',  ( -0.0000000000000000000, 0.0000000000000000000, 1.000000000000000000 ) ) ;
#1938 = PRESENTATION_STYLE_ASSIGNMENT (( #1775 ) ) ;
#1939 = ORIENTED_EDGE ( 'NONE', *, *, #270, .F. ) ;
#1940 = LINE ( 'NONE', #466, #1471 ) ;
#1941 = ORIENTED_EDGE ( 'NONE', *, *, #1954, .T. ) ;
#1942 = ORIENTED_EDGE ( 'NONE', *, *, #990, .T. ) ;
#1943 = SURFACE_STYLE_USAGE ( .BOTH. , #1934 ) ;
#1944 = VERTEX_POINT ( 'NONE', #1652 ) ;
#1945 = CARTESIAN_POINT ( 'NONE',  ( 120.9999999999999900, 19.00000000000000000, -15.00000000000000000 ) ) ;
#1946 = ORIENTED_EDGE ( 'NONE', *, *, #1284, .F. ) ;
#1947 = VECTOR ( 'NONE', #835, 1000.000000000000000 ) ;
#1948 = AXIS2_PLACEMENT_3D ( 'NONE', #1748, #114, #292 ) ;
#1949 = DIRECTION ( 'NONE',  ( 0.0000000000000000000, -1.000000000000000000, 0.0000000000000000000 ) ) ;
#1950 = ADVANCED_FACE ( 'NONE', ( #1074 ), #1814, .F. ) ;
#1951 = LINE ( 'NONE', #2019, #1788 ) ;
#1952 = ORIENTED_EDGE ( 'NONE', *, *, #1846, .F. ) ;
#1953 = ORIENTED_EDGE ( 'NONE', *, *, #1774, .T. ) ;
#1954 = EDGE_CURVE ( 'NONE', #266, #984, #1684, .T. ) ;
#1955 = CARTESIAN_POINT ( 'NONE',  ( 146.0000000000000000, 15.00000000000000000, 0.0000000000000000000 ) ) ;
#1956 = FILL_AREA_STYLE ('',( #1621 ) ) ;
#1957 = UNCERTAINTY_MEASURE_WITH_UNIT (LENGTH_MEASURE( 1.000000000000000100E-005 ), #1923, 'distance_accuracy_value', 'NONE');
#1958 = FACE_OUTER_BOUND ( 'NONE', #1133, .T. ) ;
#1959 = EDGE_CURVE ( 'NONE', #1544, #115, #1634, .T. ) ;
#1960 = ADVANCED_FACE ( 'NONE', ( #1423 ), #1975, .F. ) ;
#1961 = PLANE ( 'NONE',  #1412 ) ;
#1962 = EDGE_LOOP ( 'NONE', ( #2073, #482, #1166, #1941 ) ) ;
#1963 = SURFACE_STYLE_FILL_AREA ( #1262 ) ;
#1964 = AXIS2_PLACEMENT_3D ( 'NONE', #1597, #86, #936 ) ;
#1965 = ORIENTED_EDGE ( 'NONE', *, *, #2081, .F. ) ;
#1966 = CARTESIAN_POINT ( 'NONE',  ( 150.0000000000000000, 19.00000000000000400, -15.00000000000000000 ) ) ;
#1967 = CARTESIAN_POINT ( 'NONE',  ( 124.9999999999999900, 6.649999999999999500, -15.00000000000000000 ) ) ;
#1968 = ADVANCED_FACE ( 'NONE', ( #1015 ), #819, .F. ) ;
#1969 = AXIS2_PLACEMENT_3D ( 'NONE', #1078, #1236, #225 ) ;
#1970 = EDGE_CURVE ( 'NONE', #873, #1226, #619, .T. ) ;
#1971 = EDGE_LOOP ( 'NONE', ( #2129, #1444, #1678, #815 ) ) ;
#1972 = VERTEX_POINT ( 'NONE', #484 ) ;
#1973 = FACE_OUTER_BOUND ( 'NONE', #1137, .T. ) ;
#1974 = CARTESIAN_POINT ( 'NONE',  ( 146.0000000000000000, 0.6500000000000000200, -15.00000000000000000 ) ) ;
#1975 = PLANE ( 'NONE',  #1251 ) ;
#1976 = VERTEX_POINT ( 'NONE', #521 ) ;
#1977 = ORIENTED_EDGE ( 'NONE', *, *, #269, .T. ) ;
#1978 = AXIS2_PLACEMENT_3D ( 'NONE', #1121, #1104, #1253 ) ;
#1979 = ORIENTED_EDGE ( 'NONE', *, *, #1613, .T. ) ;
#1980 = CARTESIAN_POINT ( 'NONE',  ( 120.9999999999999900, 2.649999999999998600, 0.0000000000000000000 ) ) ;
#1981 = VECTOR ( 'NONE', #1080, 1000.000000000000000 ) ;
#1982 = CARTESIAN_POINT ( 'NONE',  ( 150.0000000000000000, 19.00000000000000400, -15.00000000000000000 ) ) ;
#1983 = LINE ( 'NONE', #887, #1825 ) ;
#1984 = AXIS2_PLACEMENT_3D ( 'NONE', #1136, #1650, #2136 ) ;
#1985 = FACE_OUTER_BOUND ( 'NONE', #792, .T. ) ;
#1986 = LINE ( 'NONE', #1793, #470 ) ;
#1987 = ORIENTED_EDGE ( 'NONE', *, *, #410, .T. ) ;
#1988 = EDGE_CURVE ( 'NONE', #1590, #109, #565, .T. ) ;
#1989 = DIRECTION ( 'NONE',  ( 1.000000000000000000, 0.0000000000000000000, 0.0000000000000000000 ) ) ;
#1990 = ORIENTED_EDGE ( 'NONE', *, *, #829, .T. ) ;
#1991 = ORIENTED_EDGE ( 'NONE', *, *, #1769, .F. ) ;
#1992 = CARTESIAN_POINT ( 'NONE',  ( 135.9999999999999700, 2.649999999999998600, -15.00000000000000000 ) ) ;
#1993 = EDGE_LOOP ( 'NONE', ( #954, #1366, #240, #2032 ) ) ;
#1994 = LINE ( 'NONE', #151, #132 ) ;
#1995 = EDGE_CURVE ( 'NONE', #842, #706, #2, .T. ) ;
#1996 = EDGE_CURVE ( 'NONE', #842, #263, #66, .T. ) ;
#1997 = VERTEX_POINT ( 'NONE', #338 ) ;
#1998 = EDGE_LOOP ( 'NONE', ( #599, #766, #650, #228 ) ) ;
#1999 = ORIENTED_EDGE ( 'NONE', *, *, #2130, .F. ) ;
#2000 = VERTEX_POINT ( 'NONE', #322 ) ;
#2001 = CARTESIAN_POINT ( 'NONE',  ( 119.9999999999999900, 0.6500000000000012400, -15.01000000000000000 ) ) ;
#2002 = PRESENTATION_LAYER_ASSIGNMENT (  '', '', ( #649 ) ) ;
#2003 = VECTOR ( 'NONE', #2006, 1000.000000000000000 ) ;
#2004 = VECTOR ( 'NONE', #1929, 1000.000000000000000 ) ;
#2005 = PLANE ( 'NONE',  #1309 ) ;
#2006 = DIRECTION ( 'NONE',  ( 0.0000000000000000000, -1.000000000000000000, 1.489106329299799200E-016 ) ) ;
#2007 =( NAMED_UNIT ( * ) PLANE_ANGLE_UNIT ( ) SI_UNIT ( $, .RADIAN. ) );
#2008 = ORIENTED_EDGE ( 'NONE', *, *, #1489, .F. ) ;
#2009 = MECHANICAL_DESIGN_GEOMETRIC_PRESENTATION_REPRESENTATION (  '', ( #861 ), #1711 ) ;
#2010 = LINE ( 'NONE', #1565, #724 ) ;
#2011 = ORIENTED_EDGE ( 'NONE', *, *, #801, .T. ) ;
#2012 = ORIENTED_EDGE ( 'NONE', *, *, #1482, .F. ) ;
#2013 = CARTESIAN_POINT ( 'NONE',  ( 126.0000000000000000, 2.649999999999999500, -15.00000000000000000 ) ) ;
#2014 = DIRECTION ( 'NONE',  ( 0.0000000000000000000, -1.000000000000000000, 0.0000000000000000000 ) ) ;
#2015 = DIRECTION ( 'NONE',  ( 0.0000000000000000000, -1.000000000000000000, 0.0000000000000000000 ) ) ;
#2016 = EDGE_CURVE ( 'NONE', #635, #396, #1252, .T. ) ;
#2017 = ORIENTED_EDGE ( 'NONE', *, *, #1111, .T. ) ;
#2018 = LINE ( 'NONE', #1051, #1184 ) ;
#2019 = CARTESIAN_POINT ( 'NONE',  ( 124.9999999999999900, 18.99999999999999600, -15.00000000000000000 ) ) ;
#2020 = VERTEX_POINT ( 'NONE', #1855 ) ;
#2021 = ORIENTED_EDGE ( 'NONE', *, *, #1931, .F. ) ;
#2022 =( NAMED_UNIT ( * ) PLANE_ANGLE_UNIT ( ) SI_UNIT ( $, .RADIAN. ) );
#2023 = CARTESIAN_POINT ( 'NONE',  ( 0.0000000000000000000, 2.649999999999999500, -15.00000000000000000 ) ) ;
#2024 = VECTOR ( 'NONE', #1116, 1000.000000000000000 ) ;
#2025 = ADVANCED_FACE ( 'NONE', ( #1907 ), #833, .F. ) ;
#2026 = FILL_AREA_STYLE_COLOUR ( '', #1645 ) ;
#2027 = VECTOR ( 'NONE', #1384, 1000.000000000000000 ) ;
#2028 = LINE ( 'NONE', #880, #2094 ) ;
#2029 = STYLED_ITEM ( 'NONE', ( #2148 ), #229 ) ;
#2030 = VERTEX_POINT ( 'NONE', #12 ) ;
#2031 = EDGE_CURVE ( 'NONE', #1325, #1079, #162, .T. ) ;
#2032 = ORIENTED_EDGE ( 'NONE', *, *, #1261, .T. ) ;
#2033 = VECTOR ( 'NONE', #391, 1000.000000000000000 ) ;
#2034 = CARTESIAN_POINT ( 'NONE',  ( 131.0000000000000000, 0.6500000000000000200, 0.0000000000000000000 ) ) ;
#2035 = CARTESIAN_POINT ( 'NONE',  ( -15.00000000000000000, 15.00000000000000000, -15.00000000000000000 ) ) ;
#2036 = PRODUCT_DEFINITION ( 'UNKNOWN', '', #1735, #1028 ) ;
#2037 =( LENGTH_UNIT ( ) NAMED_UNIT ( * ) SI_UNIT ( .MILLI., .METRE. ) );
#2038 = SURFACE_STYLE_USAGE ( .BOTH. , #870 ) ;
#2039 = ORIENTED_EDGE ( 'NONE', *, *, #1321, .F. ) ;
#2040 = FACE_OUTER_BOUND ( 'NONE', #129, .T. ) ;
#2041 = CARTESIAN_POINT ( 'NONE',  ( 150.0000000000000000, 0.0000000000000000000, 0.0000000000000000000 ) ) ;
#2042 = CARTESIAN_POINT ( 'NONE',  ( 0.0000000000000000000, 2.649999999999999500, -15.00000000000000000 ) ) ;
#2043 = ORIENTED_EDGE ( 'NONE', *, *, #1022, .F. ) ;
#2044 = CARTESIAN_POINT ( 'NONE',  ( 145.0000000000000000, 15.00000000000000000, -15.01000000000000000 ) ) ;
#2045 = VECTOR ( 'NONE', #182, 1000.000000000000000 ) ;
#2046 = UNCERTAINTY_MEASURE_WITH_UNIT (LENGTH_MEASURE( 1.000000000000000100E-005 ), #2072, 'distance_accuracy_value', 'NONE');
#2047 =( NAMED_UNIT ( * ) SI_UNIT ( $, .STERADIAN. ) SOLID_ANGLE_UNIT ( ) );
#2048 = CARTESIAN_POINT ( 'NONE',  ( 126.0000000000000000, 6.649999999999999500, -15.00000000000000000 ) ) ;
#2049 = VERTEX_POINT ( 'NONE', #1841 ) ;
#2050 = DIRECTION ( 'NONE',  ( 0.0000000000000000000, 1.000000000000000000, 0.0000000000000000000 ) ) ;
#2051 = DIRECTION ( 'NONE',  ( -0.0000000000000000000, 1.000000000000000000, 9.130123557772670800E-017 ) ) ;
#2052 = VECTOR ( 'NONE', #855, 1000.000000000000000 ) ;
#2053 = AXIS2_PLACEMENT_3D ( 'NONE', #409, #1550, #1216 ) ;
#2054 = CARTESIAN_POINT ( 'NONE',  ( 150.0000000000000000, 19.00000000000000400, -15.00000000000000000 ) ) ;
#2055 = DIRECTION ( 'NONE',  ( 0.0000000000000000000, 1.000000000000000000, -1.489106329299799500E-016 ) ) ;
#2056 = LINE ( 'NONE', #1427, #414 ) ;
#2057 = SURFACE_SIDE_STYLE ('',( #7 ) ) ;
#2058 = CARTESIAN_POINT ( 'NONE',  ( 80.00000000000000000, 19.00000000000000000, -2.829302025669618700E-015 ) ) ;
#2059 = EDGE_CURVE ( 'NONE', #1922, #1435, #1904, .T. ) ;
#2060 = ADVANCED_FACE ( 'NONE', ( #1299 ), #1513, .T. ) ;
#2061 = DIRECTION ( 'NONE',  ( 1.000000000000000000, 0.0000000000000000000, -0.0000000000000000000 ) ) ;
#2062 = VECTOR ( 'NONE', #25, 1000.000000000000000 ) ;
#2063 = CARTESIAN_POINT ( 'NONE',  ( 150.0000000000000000, 0.6500000000000012400, 0.0000000000000000000 ) ) ;
#2064 = VERTEX_POINT ( 'NONE', #2170 ) ;
#2065 = LINE ( 'NONE', #2042, #446 ) ;
#2066 = DIRECTION ( 'NONE',  ( 0.0000000000000000000, -0.0000000000000000000, -1.000000000000000000 ) ) ;
#2067 = ORIENTED_EDGE ( 'NONE', *, *, #68, .F. ) ;
#2068 = DIRECTION ( 'NONE',  ( 0.0000000000000000000, 1.000000000000000000, -1.489106329299799200E-016 ) ) ;
#2069 = DIRECTION ( 'NONE',  ( 0.0000000000000000000, -1.000000000000000000, 1.489106329299799200E-016 ) ) ;
#2070 = DIRECTION ( 'NONE',  ( -1.000000000000000000, -0.0000000000000000000, -0.0000000000000000000 ) ) ;
#2071 =( GEOMETRIC_REPRESENTATION_CONTEXT ( 3 ) GLOBAL_UNCERTAINTY_ASSIGNED_CONTEXT ( ( #262 ) ) GLOBAL_UNIT_ASSIGNED_CONTEXT ( ( #1561, #543, #31 ) ) REPRESENTATION_CONTEXT ( 'NONE', 'WORKASPACE' ) );
#2072 =( LENGTH_UNIT ( ) NAMED_UNIT ( * ) SI_UNIT ( .MILLI., .METRE. ) );
#2073 = ORIENTED_EDGE ( 'NONE', *, *, #1167, .T. ) ;
#2074 = FACE_OUTER_BOUND ( 'NONE', #1962, .T. ) ;
#2075 = CARTESIAN_POINT ( 'NONE',  ( 141.0000000000000000, 18.99999999999999600, 0.0000000000000000000 ) ) ;
#2076 = DIRECTION ( 'NONE',  ( 0.0000000000000000000, -0.0000000000000000000, 1.000000000000000000 ) ) ;
#2077 = ORIENTED_EDGE ( 'NONE', *, *, #1744, .F. ) ;
#2078 = ORIENTED_EDGE ( 'NONE', *, *, #1182, .T. ) ;
#2079 = PLANE ( 'NONE',  #872 ) ;
#2080 = VERTEX_POINT ( 'NONE', #516 ) ;
#2081 = EDGE_CURVE ( 'NONE', #1723, #1029, #506, .T. ) ;
#2082 = EDGE_CURVE ( 'NONE', #20, #1079, #1630, .T. ) ;
#2083 = VECTOR ( 'NONE', #1746, 1000.000000000000000 ) ;
#2084 = VERTEX_POINT ( 'NONE', #16 ) ;
#2085 = DIRECTION ( 'NONE',  ( 1.000000000000000000, 0.0000000000000000000, 0.0000000000000000000 ) ) ;
#2086 = CARTESIAN_POINT ( 'NONE',  ( 80.00000000000000000, 19.00000000000000000, -2.829302025669618700E-015 ) ) ;
#2087 = DIRECTION ( 'NONE',  ( 0.0000000000000000000, -1.000000000000000000, 0.0000000000000000000 ) ) ;
#2088 = AXIS2_PLACEMENT_3D ( 'NONE', #243, #1601, #1437 ) ;
#2089 = DIRECTION ( 'NONE',  ( -1.000000000000000000, 0.0000000000000000000, 0.0000000000000000000 ) ) ;
#2090 = DIRECTION ( 'NONE',  ( 0.0000000000000000000, 1.000000000000000000, -0.0000000000000000000 ) ) ;
#2091 = LINE ( 'NONE', #415, #755 ) ;
#2092 = CARTESIAN_POINT ( 'NONE',  ( 80.00000000000000000, 19.00000000000000000, -2.829302025669618700E-015 ) ) ;
#2093 = PLANE ( 'NONE',  #1969 ) ;
#2094 = VECTOR ( 'NONE', #1902, 1000.000000000000000 ) ;
#2095 = ORIENTED_EDGE ( 'NONE', *, *, #757, .T. ) ;
#2096 = DIRECTION ( 'NONE',  ( 0.0000000000000000000, -1.000000000000000000, 0.0000000000000000000 ) ) ;
#2097 = DIRECTION ( 'NONE',  ( 0.0000000000000000000, -1.000000000000000000, 1.489106329299799200E-016 ) ) ;
#2098 = ORIENTED_EDGE ( 'NONE', *, *, #238, .F. ) ;
#2099 = ORIENTED_EDGE ( 'NONE', *, *, #152, .T. ) ;
#2100 = LINE ( 'NONE', #1227, #2033 ) ;
#2101 =( NAMED_UNIT ( * ) SI_UNIT ( $, .STERADIAN. ) SOLID_ANGLE_UNIT ( ) );
#2102 = AXIS2_PLACEMENT_3D ( 'NONE', #897, #1581, #49 ) ;
#2103 = CARTESIAN_POINT ( 'NONE',  ( 150.0000000000000000, 19.00000000000000000, -2.829302025669618300E-015 ) ) ;
#2104 = EDGE_CURVE ( 'NONE', #859, #1510, #916, .T. ) ;
#2105 = ORIENTED_EDGE ( 'NONE', *, *, #142, .F. ) ;
#2106 = LINE ( 'NONE', #128, #907 ) ;
#2107 = PLANE ( 'NONE',  #1978 ) ;
#2108 = ORIENTED_EDGE ( 'NONE', *, *, #1033, .F. ) ;
#2109 = ORIENTED_EDGE ( 'NONE', *, *, #629, .T. ) ;
#2110 = CARTESIAN_POINT ( 'NONE',  ( 126.0000000000000000, 0.0000000000000000000, 0.0000000000000000000 ) ) ;
#2111 = CARTESIAN_POINT ( 'NONE',  ( 120.0000000000000000, 0.0000000000000000000, 0.0000000000000000000 ) ) ;
#2112 = EDGE_CURVE ( 'NONE', #1223, #2122, #317, .T. ) ;
#2113 = ADVANCED_FACE ( 'NONE', ( #823 ), #163, .F. ) ;
#2114 = MANIFOLD_SOLID_BREP ( 'volume_4', #1388 ) ;
#2115 = PRESENTATION_LAYER_ASSIGNMENT (  '', '', ( #104 ) ) ;
#2116 = LINE ( 'NONE', #1286, #1451 ) ;
#2117 = ORIENTED_EDGE ( 'NONE', *, *, #600, .T. ) ;
#2118 = ORIENTED_EDGE ( 'NONE', *, *, #1356, .T. ) ;
#2119 = VECTOR ( 'NONE', #14, 1000.000000000000000 ) ;
#2120 = DIRECTION ( 'NONE',  ( 0.0000000000000000000, -1.489106329299799200E-016, -1.000000000000000000 ) ) ;
#2121 = ADVANCED_FACE ( 'NONE', ( #1342 ), #1687, .F. ) ;
#2122 = VERTEX_POINT ( 'NONE', #1363 ) ;
#2123 = DIRECTION ( 'NONE',  ( 0.0000000000000000000, 1.000000000000000000, 9.130123557772670800E-017 ) ) ;
#2124 = FACE_OUTER_BOUND ( 'NONE', #500, .T. ) ;
#2125 = MECHANICAL_DESIGN_GEOMETRIC_PRESENTATION_REPRESENTATION (  '', ( #1631 ), #1861 ) ;
#2126 = ORIENTED_EDGE ( 'NONE', *, *, #1381, .F. ) ;
#2127 = LINE ( 'NONE', #1635, #1211 ) ;
#2128 = VERTEX_POINT ( 'NONE', #1551 ) ;
#2129 = ORIENTED_EDGE ( 'NONE', *, *, #381, .T. ) ;
#2130 = EDGE_CURVE ( 'NONE', #2140, #1473, #2133, .T. ) ;
#2131 = ADVANCED_FACE ( 'NONE', ( #1168 ), #1880, .F. ) ;
#2132 = FACE_OUTER_BOUND ( 'NONE', #910, .T. ) ;
#2133 = LINE ( 'NONE', #1044, #773 ) ;
#2134 = CARTESIAN_POINT ( 'NONE',  ( 135.9999999999999700, 19.00000000000000000, -2.829302025669618300E-015 ) ) ;
#2135 = FACE_OUTER_BOUND ( 'NONE', #1784, .T. ) ;
#2136 = DIRECTION ( 'NONE',  ( 1.000000000000000000, 0.0000000000000000000, -0.0000000000000000000 ) ) ;
#2137 = DIRECTION ( 'NONE',  ( 0.0000000000000000000, 1.000000000000000000, -0.0000000000000000000 ) ) ;
#2138 = LINE ( 'NONE', #854, #141 ) ;
#2139 = SURFACE_STYLE_FILL_AREA ( #587 ) ;
#2140 = VERTEX_POINT ( 'NONE', #709 ) ;
#2141 = VERTEX_POINT ( 'NONE', #1082 ) ;
#2142 = CARTESIAN_POINT ( 'NONE',  ( -15.00000000000000000, 6.649999999999999500, 0.0000000000000000000 ) ) ;
#2143 = LINE ( 'NONE', #53, #601 ) ;
#2144 = CARTESIAN_POINT ( 'NONE',  ( 145.0000000000000000, 19.00000000000000400, -15.00000000000000000 ) ) ;
#2145 =( GEOMETRIC_REPRESENTATION_CONTEXT ( 3 ) GLOBAL_UNCERTAINTY_ASSIGNED_CONTEXT ( ( #1886 ) ) GLOBAL_UNIT_ASSIGNED_CONTEXT ( ( #1653, #2007, #1638 ) ) REPRESENTATION_CONTEXT ( 'NONE', 'WORKASPACE' ) );
#2146 = EDGE_CURVE ( 'NONE', #115, #396, #799, .T. ) ;
#2147 = VECTOR ( 'NONE', #1399, 1000.000000000000000 ) ;
#2148 = PRESENTATION_STYLE_ASSIGNMENT (( #140 ) ) ;
#2149 = DIRECTION ( 'NONE',  ( -0.0000000000000000000, -0.0000000000000000000, 1.000000000000000000 ) ) ;
#2150 = ORIENTED_EDGE ( 'NONE', *, *, #269, .F. ) ;
#2151 = DIRECTION ( 'NONE',  ( -0.0000000000000000000, -0.0000000000000000000, 1.000000000000000000 ) ) ;
#2152 = LINE ( 'NONE', #1512, #1704 ) ;
#2153 = DIRECTION ( 'NONE',  ( 0.0000000000000000000, -1.000000000000000000, -2.312964634635743400E-016 ) ) ;
#2154 = ORIENTED_EDGE ( 'NONE', *, *, #2166, .T. ) ;
#2155 = ORIENTED_EDGE ( 'NONE', *, *, #377, .T. ) ;
#2156 = CARTESIAN_POINT ( 'NONE',  ( 120.0000000000000000, 0.0000000000000000000, -15.00000000000000000 ) ) ;
#2157 = VECTOR ( 'NONE', #1173, 1000.000000000000000 ) ;
#2158 = CARTESIAN_POINT ( 'NONE',  ( 139.9999999999999700, 0.0000000000000000000, -15.00000000000000000 ) ) ;
#2159 = DIRECTION ( 'NONE',  ( 0.0000000000000000000, 0.0000000000000000000, 1.000000000000000000 ) ) ;
#2160 = FACE_OUTER_BOUND ( 'NONE', #895, .T. ) ;
#2161 = ORIENTED_EDGE ( 'NONE', *, *, #874, .F. ) ;
#2162 = PRESENTATION_LAYER_ASSIGNMENT (  '', '', ( #1150 ) ) ;
#2163 = CARTESIAN_POINT ( 'NONE',  ( 146.0000000000000000, 19.00000000000000400, -15.00000000000000000 ) ) ;
#2164 = LINE ( 'NONE', #1591, #1830 ) ;
#2165 = ORIENTED_EDGE ( 'NONE', *, *, #530, .F. ) ;
#2166 = EDGE_CURVE ( 'NONE', #1820, #2049, #271, .T. ) ;
#2167 = VECTOR ( 'NONE', #382, 1000.000000000000000 ) ;
#2168 = EDGE_LOOP ( 'NONE', ( #1138, #932, #998, #423 ) ) ;
#2169 = DIRECTION ( 'NONE',  ( 0.0000000000000000000, -1.000000000000000000, 0.0000000000000000000 ) ) ;
#2170 = CARTESIAN_POINT ( 'NONE',  ( 130.0000000000000000, 15.00000000000000000, -15.00000000000000000 ) ) ;
#2171 = DIRECTION ( 'NONE',  ( 0.0000000000000000000, 2.312964634635743900E-016, 1.000000000000000000 ) ) ;
#2172 = ORIENTED_EDGE ( 'NONE', *, *, #1234, .F. ) ;
#2173 = LINE ( 'NONE', #1158, #334 ) ;
#2174 = VECTOR ( 'NONE', #2176, 1000.000000000000000 ) ;
#2175 = UNCERTAINTY_MEASURE_WITH_UNIT (LENGTH_MEASURE( 1.000000000000000100E-005 ), #758, 'distance_accuracy_value', 'NONE');
#2176 = DIRECTION ( 'NONE',  ( 0.0000000000000000000, 0.0000000000000000000, -1.000000000000000000 ) ) ;
#2177 = DIRECTION ( 'NONE',  ( 0.0000000000000000000, 0.0000000000000000000, -1.000000000000000000 ) ) ;
#2178 = ORIENTED_EDGE ( 'NONE', *, *, #494, .F. ) ;
#2179 = ORIENTED_EDGE ( 'NONE', *, *, #1996, .F. ) ;
#2180 = DIRECTION ( 'NONE',  ( 1.000000000000000000, 0.0000000000000000000, 0.0000000000000000000 ) ) ;
#2181 = AXIS2_PLACEMENT_3D ( 'NONE', #93, #2089, #946 ) ;
#2182 = DIRECTION ( 'NONE',  ( 0.0000000000000000000, -0.0000000000000000000, -1.000000000000000000 ) ) ;
ENDSEC;
END-ISO-10303-21;
