ISO-10303-21;
HEADER;
FILE_DESCRIPTION (( 'STEP AP214' ),
    '1' );
FILE_NAME ('pressure_vessel_and_fluid.STEP',
    '2023-03-03T20:01:20',
    ( '' ),
    ( '' ),
    'SwSTEP 2.0',
    'SolidWorks 2015',
    '' );
FILE_SCHEMA (( 'AUTOMOTIVE_DESIGN' ));
ENDSEC;

DATA;
#1 = VERTEX_POINT ( 'NONE', #1467 ) ;
#2 = CARTESIAN_POINT ( 'NONE',  ( 737.2803068109051300, 1252.064066679887400, -137.5545227462082200 ) ) ;
#3 = CARTESIAN_POINT ( 'NONE',  ( 724.8377787601417600, 1137.271897715925200, 121.8009061570182900 ) ) ;
#4 = CARTESIAN_POINT ( 'NONE',  ( -748.8932522469406200, -1351.626138888049100, -40.80715929542812900 ) ) ;
#5 = FACE_BOUND ( 'NONE', #815, .T. ) ;
#6 = CARTESIAN_POINT ( 'NONE',  ( -735.0006738048573400, -1347.003369025084100, 4.750167145003778100 ) ) ;
#7 = ADVANCED_BREP_SHAPE_REPRESENTATION ( 'pressure_vessel_and_fluid', ( #2228, #1324, #628 ), #1961 ) ;
#8 = ADVANCED_FACE ( 'NONE', ( #1142, #1422 ), #1545, .F. ) ;
#9 = CARTESIAN_POINT ( 'NONE',  ( 722.7933172900177400, 1168.711104546083300, -133.3984162402867900 ) ) ;
#10 = FACE_OUTER_BOUND ( 'NONE', #223, .T. ) ;
#11 = EDGE_CURVE ( 'NONE', #1882, #1882, #1005, .T. ) ;
#12 = DIRECTION ( 'NONE',  ( 0.0000000000000000000, 0.0000000000000000000, 1.000000000000000000 ) ) ;
#13 = DIRECTION ( 'NONE',  ( 0.0000000000000000000, 0.0000000000000000000, -1.000000000000000000 ) ) ;
#14 = FACE_OUTER_BOUND ( 'NONE', #134, .T. ) ;
#15 = CARTESIAN_POINT ( 'NONE',  ( 734.7912004351470600, 1335.876046903058300, 18.07822443661666900 ) ) ;
#16 = CARTESIAN_POINT ( 'NONE',  ( -742.8290217561653900, -1318.096854062336700, 103.4831224392569900 ) ) ;
#17 = FACE_OUTER_BOUND ( 'NONE', #735, .T. ) ;
#18 = CARTESIAN_POINT ( 'NONE',  ( 732.8321508778370800, 1075.140823397067200, -56.56207066453940500 ) ) ;
#19 = CARTESIAN_POINT ( 'NONE',  ( -725.9448702533545700, -1291.560452653475500, 115.0278965299277200 ) ) ;
#20 = CARTESIAN_POINT ( 'NONE',  ( 1025.400000000000100, 1049.744592443400500, 86.75000000000122200 ) ) ;
#21 = CARTESIAN_POINT ( 'NONE',  ( 734.9862770116317300, 1336.926360512042900, 4.631826595844853700 ) ) ;
#22 = CARTESIAN_POINT ( 'NONE',  ( -743.2111678512502500, -1079.532189070816000, 100.6884875614346800 ) ) ;
#23 = CARTESIAN_POINT ( 'NONE',  ( 733.2762180480768800, 1072.568743589648000, -50.35171640207265400 ) ) ;
#24 = CARTESIAN_POINT ( 'NONE',  ( -730.9046025935607500, -1324.949859462897600, 77.58656595643961400 ) ) ;
#25 = EDGE_LOOP ( 'NONE', ( #736 ) ) ;
#26 = CARTESIAN_POINT ( 'NONE',  ( 731.4452105488422800, 1316.456561643570000, -72.29767441806775700 ) ) ;
#27 = CARTESIAN_POINT ( 'NONE',  ( -734.2432744569280200, -1235.883101342218700, 152.9309659464512900 ) ) ;
#28 = AXIS2_PLACEMENT_3D ( 'NONE', #2256, #499, #2093 ) ;
#29 = CARTESIAN_POINT ( 'NONE',  ( 728.1786495261869700, 1106.203003727010100, -99.95481492591874000 ) ) ;
#30 = CARTESIAN_POINT ( 'NONE',  ( -1000.000000000000000, -1110.749999999998200, -144.5855345755214800 ) ) ;
#31 = DIRECTION ( 'NONE',  ( -1.000000000000000000, 0.0000000000000000000, 0.0000000000000000000 ) ) ;
#32 = FACE_OUTER_BOUND ( 'NONE', #2354, .T. ) ;
#33 = CARTESIAN_POINT ( 'NONE',  ( 739.5477173957983700, 1122.183390134878700, 124.8056381594623500 ) ) ;
#34 = AXIS2_PLACEMENT_3D ( 'NONE', #1634, #462, #456 ) ;
#35 = CARTESIAN_POINT ( 'NONE',  ( 0.0000000000000000000, 1500.000000000000000, 0.0000000000000000000 ) ) ;
#36 = FACE_BOUND ( 'NONE', #1808, .T. ) ;
#37 = CARTESIAN_POINT ( 'NONE',  ( -733.9253291283064300, -1228.315039383138600, 154.4470066771897900 ) ) ;
#38 = CARTESIAN_POINT ( 'NONE',  ( -1000.000000000000000, -1354.585534575522600, 99.24999999999883500 ) ) ;
#39 = EDGE_CURVE ( 'NONE', #1412, #1412, #1736, .T. ) ;
#40 = CARTESIAN_POINT ( 'NONE',  ( 747.8036331974678900, 1064.650527229260000, 57.36701681373814000 ) ) ;
#41 = CYLINDRICAL_SURFACE ( 'NONE', #1787, 750.0000000000000000 ) ;
#42 = AXIS2_PLACEMENT_3D ( 'NONE', #1677, #682, #1300 ) ;
#43 = CARTESIAN_POINT ( 'NONE',  ( -749.5831165436258100, -1045.000636969318100, -25.50534530235736600 ) ) ;
#44 = CARTESIAN_POINT ( 'NONE',  ( -734.9994255804000400, -1053.002872098485300, 4.893994835759364100 ) ) ;
#45 = CARTESIAN_POINT ( 'NONE',  ( 735.4529216748003400, 1200.000000000000000, -146.9999999999999100 ) ) ;
#46 = CARTESIAN_POINT ( 'NONE',  ( 747.1743170369637700, 1068.168659308344100, 65.07978778033781000 ) ) ;
#47 = CARTESIAN_POINT ( 'NONE',  ( -734.7382912050416100, -1155.380797051348700, -150.5316955180361200 ) ) ;
#48 = EDGE_LOOP ( 'NONE', ( #334 ) ) ;
#49 = EDGE_CURVE ( 'NONE', #743, #743, #2011, .T. ) ;
#50 = SURFACE_SIDE_STYLE ('',( #2544 ) ) ;
#51 = CARTESIAN_POINT ( 'NONE',  ( 725.1893907358634100, 1266.689575382906000, -119.6933270678055000 ) ) ;
#52 = EDGE_LOOP ( 'NONE', ( #2467 ) ) ;
#53 = CARTESIAN_POINT ( 'NONE',  ( 748.2119529910602300, 1062.401371925916500, -51.94724263728367200 ) ) ;
#54 = DIRECTION ( 'NONE',  ( 0.0000000000000000000, 0.0000000000000000000, -1.000000000000000000 ) ) ;
#55 = CARTESIAN_POINT ( 'NONE',  ( -746.7897874752420600, -1059.111441918941400, -69.46606630724394900 ) ) ;
#56 = VERTEX_POINT ( 'NONE', #107 ) ;
#57 = CARTESIAN_POINT ( 'NONE',  ( 1000.000000000000000, 1049.744592443400500, 86.75000000000122200 ) ) ;
#58 = PLANE ( 'NONE',  #483 ) ;
#59 = CIRCLE ( 'NONE', #1771, 10.00000000000000700 ) ;
#60 = CARTESIAN_POINT ( 'NONE',  ( 722.1618430490417500, 1209.043277772666200, -136.7752785682315800 ) ) ;
#61 = CARTESIAN_POINT ( 'NONE',  ( 746.3916734448328000, 1072.663689027428500, 73.60467359026800700 ) ) ;
#62 = FACE_OUTER_BOUND ( 'NONE', #2504, .T. ) ;
#63 = CARTESIAN_POINT ( 'NONE',  ( -720.1499843782552300, -1195.131050626361500, 146.9999999999998000 ) ) ;
#64 = VERTEX_POINT ( 'NONE', #890 ) ;
#65 = CARTESIAN_POINT ( 'NONE',  ( -747.9438909184634700, -1053.135182800210900, 55.51038808661151300 ) ) ;
#66 = FACE_OUTER_BOUND ( 'NONE', #695, .T. ) ;
#67 = CARTESIAN_POINT ( 'NONE',  ( 1000.000000000000000, 1200.000000000000000, 0.0000000000000000000 ) ) ;
#68 = ORIENTED_EDGE ( 'NONE', *, *, #1251, .T. ) ;
#69 = EDGE_LOOP ( 'NONE', ( #2251 ) ) ;
#70 = CARTESIAN_POINT ( 'NONE',  ( 749.2640514128460200, 1343.200806392791700, 33.54857817593469300 ) ) ;
#71 = CARTESIAN_POINT ( 'NONE',  ( 1025.400000000000100, 1373.500000000000000, 0.0000000000000000000 ) ) ;
#72 = CARTESIAN_POINT ( 'NONE',  ( -722.0138084058105500, -1148.104675994462500, 137.5563695217267900 ) ) ;
#73 = AXIS2_PLACEMENT_3D ( 'NONE', #2061, #1252, #1235 ) ;
#74 = CARTESIAN_POINT ( 'NONE',  ( -749.5729714890993600, -1045.049661650928300, 25.79945824976466500 ) ) ;
#75 = DIRECTION ( 'NONE',  ( 0.0000000000000000000, 0.0000000000000000000, -1.000000000000000000 ) ) ;
#76 = CARTESIAN_POINT ( 'NONE',  ( 0.0000000000000000000, -1499.999999999999300, 0.0000000000000000000 ) ) ;
#77 = APPLICATION_CONTEXT ( 'automotive_design' ) ;
#78 = CARTESIAN_POINT ( 'NONE',  ( -722.6875447111624500, -1260.669187319159200, -133.9820498256669100 ) ) ;
#79 = CARTESIAN_POINT ( 'NONE',  ( 736.5581590527442600, 1240.400468621819800, 141.3597679797967400 ) ) ;
#80 = CARTESIAN_POINT ( 'NONE',  ( -720.1499843782552300, -1199.999999999999800, 146.9999999999998300 ) ) ;
#81 = DIRECTION ( 'NONE',  ( -1.000000000000000000, -0.0000000000000000000, -0.0000000000000000000 ) ) ;
#82 = ORIENTED_EDGE ( 'NONE', *, *, #1431, .T. ) ;
#83 = CARTESIAN_POINT ( 'NONE',  ( 738.3207150390140900, 1134.853155904166000, -131.8627100381024800 ) ) ;
#84 = DIRECTION ( 'NONE',  ( -0.0000000000000000000, -1.000000000000000000, -0.0000000000000000000 ) ) ;
#85 = EDGE_CURVE ( 'NONE', #2454, #2454, #918, .T. ) ;
#86 = DIRECTION ( 'NONE',  ( 1.000000000000000000, 0.0000000000000000000, -0.0000000000000000000 ) ) ;
#87 = CARTESIAN_POINT ( 'NONE',  ( 1025.400000000000100, 1044.744592443399400, -78.08974596215479400 ) ) ;
#88 = CARTESIAN_POINT ( 'NONE',  ( -726.6430145717208700, -1103.007707108073200, -110.5638651219334900 ) ) ;
#89 = CARTESIAN_POINT ( 'NONE',  ( 749.9542442529150300, 1346.767094207433300, -9.565547424120222100 ) ) ;
#90 = AXIS2_PLACEMENT_3D ( 'NONE', #1699, #1155, #1903 ) ;
#91 = DIRECTION ( 'NONE',  ( 1.000000000000000000, -0.0000000000000000000, -0.0000000000000000000 ) ) ;
#92 = PRODUCT_DEFINITION_CONTEXT ( 'detailed design', #1151, 'design' ) ;
#93 = CARTESIAN_POINT ( 'NONE',  ( 744.6352556858928400, 1083.382391431823000, -89.62257374684698200 ) ) ;
#94 = CYLINDRICAL_SURFACE ( 'NONE', #234, 735.0000000000008000 ) ;
#95 = CARTESIAN_POINT ( 'NONE',  ( -1000.000000000000000, -1200.000000000000000, 156.9999999999998000 ) ) ;
#96 = VERTEX_POINT ( 'NONE', #2080 ) ;
#97 = CARTESIAN_POINT ( 'NONE',  ( -722.0053185702090600, -1148.083869138026300, -137.6111869251685100 ) ) ;
#98 = CARTESIAN_POINT ( 'NONE',  ( 737.2627793394211700, 1251.815757931902700, 137.6483405672069000 ) ) ;
#99 = CARTESIAN_POINT ( 'NONE',  ( 722.3284365485233100, 1217.951244249167100, -135.8927203014885900 ) ) ;
#100 = DIRECTION ( 'NONE',  ( 1.000000000000000000, -0.0000000000000000000, -0.0000000000000000000 ) ) ;
#101 = FACE_OUTER_BOUND ( 'NONE', #2408, .T. ) ;
#102 = CARTESIAN_POINT ( 'NONE',  ( 736.1968533791599600, 1166.579837832132400, -143.2309494736126400 ) ) ;
#103 = EDGE_CURVE ( 'NONE', #1681, #1681, #1763, .T. ) ;
#104 = ORIENTED_EDGE ( 'NONE', *, *, #1224, .T. ) ;
#105 = DIRECTION ( 'NONE',  ( 1.000000000000000000, 0.0000000000000000000, 0.0000000000000000000 ) ) ;
#106 = ORIENTED_EDGE ( 'NONE', *, *, #1667, .T. ) ;
#107 = CARTESIAN_POINT ( 'NONE',  ( -1025.400000000000100, -1021.500000000000100, 9.999999999999856100 ) ) ;
#108 = CARTESIAN_POINT ( 'NONE',  ( -720.5500603411267100, -1175.872606187770500, -145.0267015296071000 ) ) ;
#109 = CARTESIAN_POINT ( 'NONE',  ( 735.4533128838107800, 1195.137684810625800, 146.9980427494281200 ) ) ;
#110 = CARTESIAN_POINT ( 'NONE',  ( 734.7829710379561400, 1335.830898701136000, 17.89541673153431100 ) ) ;
#111 = CARTESIAN_POINT ( 'NONE',  ( -733.1860431929779900, -1062.344394970439900, -51.79969825672547800 ) ) ;
#112 = CARTESIAN_POINT ( 'NONE',  ( -733.3832558764891000, -1194.798455523692600, -157.0000000000000900 ) ) ;
#113 = DIRECTION ( 'NONE',  ( -0.0000000000000000000, -1.000000000000000000, -0.0000000000000000000 ) ) ;
#114 = ADVANCED_FACE ( 'NONE', ( #663, #1862 ), #1485, .T. ) ;
#115 = ORIENTED_EDGE ( 'NONE', *, *, #1413, .T. ) ;
#116 = CARTESIAN_POINT ( 'NONE',  ( -731.3173673778520700, -1072.665437825871100, -73.60766586836788900 ) ) ;
#117 = CARTESIAN_POINT ( 'NONE',  ( 731.8032825411896700, 1318.677742091577300, 68.59111110649286000 ) ) ;
#118 = ORIENTED_EDGE ( 'NONE', *, *, #1147, .F. ) ;
#119 = CARTESIAN_POINT ( 'NONE',  ( -730.8830167760766000, -1075.202593654009900, 77.69217515553489800 ) ) ;
#120 = CARTESIAN_POINT ( 'NONE',  ( -749.1473779164979300, -1352.875347010509600, -35.77444131468280400 ) ) ;
#121 = CARTESIAN_POINT ( 'NONE',  ( 728.1704479346141200, 1106.266562767523700, -100.0145520232731700 ) ) ;
#122 = VERTEX_POINT ( 'NONE', #644 ) ;
#123 = CARTESIAN_POINT ( 'NONE',  ( 726.5195486607588000, 1279.926357359063100, 111.3581931518966600 ) ) ;
#124 = FACE_BOUND ( 'NONE', #2135, .T. ) ;
#125 = AXIS2_PLACEMENT_3D ( 'NONE', #2398, #1625, #614 ) ;
#126 = CARTESIAN_POINT ( 'NONE',  ( -728.5788879992686600, -1089.455038017790700, 97.01381656420780100 ) ) ;
#127 = FACE_OUTER_BOUND ( 'NONE', #1967, .T. ) ;
#128 = VERTEX_POINT ( 'NONE', #1075 ) ;
#129 = CARTESIAN_POINT ( 'NONE',  ( -749.4749458756903100, -1354.473091907007800, 28.17206504560212100 ) ) ;
#130 = CARTESIAN_POINT ( 'NONE',  ( 734.1546222418088500, 1067.604237939630600, 35.50095417118047400 ) ) ;
#131 = FACE_OUTER_BOUND ( 'NONE', #1704, .T. ) ;
#132 = CARTESIAN_POINT ( 'NONE',  ( 730.2471681260891500, 1308.686550155501700, -83.52308935278871600 ) ) ;
#133 = EDGE_LOOP ( 'NONE', ( #1672 ) ) ;
#134 = EDGE_LOOP ( 'NONE', ( #1116 ) ) ;
#135 = CARTESIAN_POINT ( 'NONE',  ( -746.7745681856865800, -1340.792182811300300, 69.52168125142915800 ) ) ;
#136 = CARTESIAN_POINT ( 'NONE',  ( 732.4967733359587800, 1077.132464075732500, 60.64387700047517900 ) ) ;
#137 = CARTESIAN_POINT ( 'NONE',  ( -730.8824020401513100, -1324.819777752806000, -77.79417923316411500 ) ) ;
#138 = CARTESIAN_POINT ( 'NONE',  ( 733.4159447126775100, 1328.241118580650700, -48.40563574242313600 ) ) ;
#139 = CARTESIAN_POINT ( 'NONE',  ( 1025.400000000000100, 1350.255407556599900, -86.75000000000009900 ) ) ;
#140 = CARTESIAN_POINT ( 'NONE',  ( -728.4466216723235400, -1309.631751756916600, -97.93532655342534100 ) ) ;
#141 = CARTESIAN_POINT ( 'NONE',  ( -724.3291671714536100, -1277.799313269771800, 124.8188097752528000 ) ) ;
#142 = CARTESIAN_POINT ( 'NONE',  ( -734.4944706210094400, -1240.686909699888500, -151.7241464660744700 ) ) ;
#143 = EDGE_LOOP ( 'NONE', ( #1405 ) ) ;
#144 = CARTESIAN_POINT ( 'NONE',  ( 723.7330949608232200, 1151.646097265851700, -128.2029920973209000 ) ) ;
#145 = CARTESIAN_POINT ( 'NONE',  ( 729.7293317370023300, 1094.883874327327200, 87.86849533104855000 ) ) ;
#146 =( NAMED_UNIT ( * ) SI_UNIT ( $, .STERADIAN. ) SOLID_ANGLE_UNIT ( ) );
#147 = CARTESIAN_POINT ( 'NONE',  ( -733.2409210406240200, -1337.936253893809400, -50.83363479069935700 ) ) ;
#148 = CARTESIAN_POINT ( 'NONE',  ( -721.2934399544468500, -1240.615085801483200, 141.2829901514088000 ) ) ;
#149 = CARTESIAN_POINT ( 'NONE',  ( -739.5864740313824100, -1295.610485058505400, -124.5563001224463700 ) ) ;
#150 = CARTESIAN_POINT ( 'NONE',  ( 734.3381531979977100, 1066.596165644551800, -31.20413071110446900 ) ) ;
#151 = FACE_BOUND ( 'NONE', #1202, .T. ) ;
#152 = CARTESIAN_POINT ( 'NONE',  ( -731.3081661735915300, -1327.281528821286400, -73.69737487920066600 ) ) ;
#153 = CARTESIAN_POINT ( 'NONE',  ( 733.7996519373559700, 1069.591629025804900, 42.04402406859311000 ) ) ;
#154 = AXIS2_PLACEMENT_3D ( 'NONE', #1876, #1635, #670 ) ;
#155 = VERTEX_POINT ( 'NONE', #286 ) ;
#156 = DIRECTION ( 'NONE',  ( 0.0000000000000000000, 0.0000000000000000000, 1.000000000000000000 ) ) ;
#157 = CARTESIAN_POINT ( 'NONE',  ( -728.5674196326109500, -1310.431401061764700, -97.03280363109372800 ) ) ;
#158 = CARTESIAN_POINT ( 'NONE',  ( -721.1042978142527300, -1237.105154057891200, 142.2451520009583700 ) ) ;
#159 = ORIENTED_EDGE ( 'NONE', *, *, #2156, .T. ) ;
#160 = CARTESIAN_POINT ( 'NONE',  ( 725.7419383354617800, 1127.481525985650700, 116.3182733252774000 ) ) ;
#161 = EDGE_LOOP ( 'NONE', ( #191 ) ) ;
#162 = CARTESIAN_POINT ( 'NONE',  ( -730.2341510289311400, -1320.944812417810500, 83.58910215092747400 ) ) ;
#163 = EDGE_LOOP ( 'NONE', ( #821 ) ) ;
#164 = CARTESIAN_POINT ( 'NONE',  ( 728.1564346626061000, 1106.375200025999700, 100.1165941183398500 ) ) ;
#165 = CARTESIAN_POINT ( 'NONE',  ( -722.0138084058101000, -1148.104675994462200, 137.5563695217267100 ) ) ;
#166 = CARTESIAN_POINT ( 'NONE',  ( -732.9133691443252000, -1336.184486684631600, -55.35560784428920300 ) ) ;
#167 = EDGE_CURVE ( 'NONE', #620, #620, #387, .T. ) ;
#168 = CARTESIAN_POINT ( 'NONE',  ( 723.0964915533925300, 1237.644670361902400, 131.7455938270139500 ) ) ;
#169 = AXIS2_PLACEMENT_3D ( 'NONE', #35, #1022, #809 ) ;
#170 = CARTESIAN_POINT ( 'NONE',  ( -733.2409210406242400, -1337.936253893810100, -50.83363479069957700 ) ) ;
#171 = CARTESIAN_POINT ( 'NONE',  ( 722.7835702142732500, 1231.295630019693800, 133.4530378091116100 ) ) ;
#172 = CARTESIAN_POINT ( 'NONE',  ( -720.1499843782552300, -1195.131050626361900, 146.9999999999997400 ) ) ;
#173 = EDGE_LOOP ( 'NONE', ( #1697 ) ) ;
#174 = CARTESIAN_POINT ( 'NONE',  ( -729.9918143175851800, -1319.494519861614700, -85.74946625993426600 ) ) ;
#175 = AXIS2_PLACEMENT_3D ( 'NONE', #474, #439, #1041 ) ;
#176 = EDGE_LOOP ( 'NONE', ( #1748 ) ) ;
#177 = CARTESIAN_POINT ( 'NONE',  ( 726.9150147620735000, 1283.433407530193800, 108.7552791383595100 ) ) ;
#178 = CARTESIAN_POINT ( 'NONE',  ( 722.1194460287631500, 1204.530318512331200, 136.9981958656550200 ) ) ;
#179 = VERTEX_POINT ( 'NONE', #871 ) ;
#180 = DIRECTION ( 'NONE',  ( 0.0000000000000000000, -0.0000000000000000000, 1.000000000000000000 ) ) ;
#181 = B_SPLINE_CURVE_WITH_KNOTS ( 'NONE', 3,
 ( #2452, #1700, #1100, #99, #1478, #1506, #266, #481, #874, #2274, #1089, #528, #1938, #330, #2521, #1146, #1946, #541, #1319, #712, #1346, #2138, #336, #912, #2113, #132, #1747, #1536, #2125, #937, #733, #1353, #2326, #138, #2132, #1741, #1544, #929, #2516, #1723, #344, #550, #2322, #1122, #1952, #2330, #740, #944, #2493, #110, #2306, #1517, #311, #1713, #521, #1529, #1732, #1922, #720, #2503, #1329, #117, #728, #1340, #1522, #320, #534, #2118, #1931, #922, #2314, #1139, #1131, #2509, #123, #1558, #1391, #362, #977, #2550, #2543, #1576, #2147, #748, #1383, #390, #171, #765, #2168, #1779, #2560, #2363, #178, #1982, #377, #1581, #2162, #1176, #1762, #1183, #1374, #967, #2338, #1789, #985, #589, #580, #773, #1992, #953, #781, #2177, #1152, #2530, #164, #1567, #1754, #1966, #1551, #1360, #145, #1973, #368, #355, #556, #1770, #758, #1960, #1160, #2537, #2355, #1370, #153, #563, #2155, #958, #2347, #1169, #571, #607, #1017, #2569, #2202, #195, #1225, #1819, #611, #1002, #1011, #2013, #1831, #1203, #23, #18, #416, #2402, #597, #992, #2376, #1599, #2028, #1190, #1424, #825, #793, #29, #2371, #187, #805, #406, #426, #399, #2220, #1207, #1805, #2392, #1429, #209, #1414, #9, #627, #1398, #1216, #1614, #2188, #220 ),
 .UNSPECIFIED., .T., .F.,
 ( 4, 2, 2, 2, 2, 2, 2, 2, 2, 2, 2, 2, 2, 2, 2, 2, 2, 2, 2, 2, 2, 2, 2, 2, 2, 2, 2, 2, 2, 2, 2, 2, 2, 2, 2, 2, 2, 2, 2, 2, 2, 2, 2, 2, 2, 2, 2, 2, 2, 2, 2, 2, 2, 2, 2, 2, 2, 2, 2, 2, 2, 2, 2, 2, 2, 2, 2, 2, 2, 2, 2, 2, 2, 2, 2, 2, 2, 2, 2, 2, 2, 2, 2, 2, 2, 2, 2, 2, 2, 2, 2, 2, 4 ),
 ( 0.0000000000000000000, 0.01341275987589436200, 0.02682551975178872400, 0.04023827962768308800, 0.04359146959665698800, 0.04694465956563088900, 0.05365103950357810700, 0.06706379937947316800, 0.08047655925536824400, 0.08718293919331603100, 0.09388931913126383200, 0.1073020790071589200, 0.1207148388830540100, 0.1341275987589490800, 0.1408339786968966500, 0.1475403586348442200, 0.1609531185107396500, 0.1743658783866350600, 0.1810722583245826800, 0.1844254482935565000, 0.1877786382625303000, 0.2011913981384256300, 0.2146041580143209500, 0.2280169178902162500, 0.2313701078591900400, 0.2347232978281638400, 0.2414296777661114900, 0.2548424376420066500, 0.2682551975179018300, 0.2749615774558493200, 0.2816679573937967400, 0.2950807172696913700, 0.3084934771455859500, 0.3151998570835334900, 0.3185530470525070300, 0.3219062370214805800, 0.3353189968973746500, 0.3487317567732687300, 0.3621445166491628100, 0.3654977066181358500, 0.3688508965871089600, 0.3755572765250556600, 0.3889700364009492400, 0.4023827962768428100, 0.4090891762147892400, 0.4157955561527357200, 0.4292083160286286300, 0.4426210759045215400, 0.4560338357804145100, 0.4593870257493872200, 0.4627402157183599900, 0.4694465956563054800, 0.4828593555321962800, 0.4962721154080871900, 0.5029784953460326700, 0.5096848752839781000, 0.5230976351598696200, 0.5365103950357610300, 0.5432167749737069100, 0.5465699649426799500, 0.5499231549116530000, 0.5633359147875457400, 0.5767486746634386000, 0.5901614345393314500, 0.5935146245083043900, 0.5968678144772774400, 0.6035741944152232000, 0.6169869542911146100, 0.6303997141670061300, 0.6371060941049518900, 0.6404592840739248300, 0.6438124740428975400, 0.6572252339187890600, 0.6706379937946805900, 0.6840507536705721100, 0.6907571336085179800, 0.6974635135464637400, 0.7108762734223558200, 0.7242890332982477900, 0.7309954132361938800, 0.7343486032051669300, 0.7377017931741400900, 0.7511145530500327200, 0.7645273129259253500, 0.7779400728018180900, 0.7846464527397640800, 0.7913528326777101700, 0.8047655925536022500, 0.8181783524294944400, 0.8248847323674405300, 0.8315911123053866300, 0.8450038721812787000, 0.8584166320571707800 ),
 .UNSPECIFIED. ) ;
#182 = FACE_OUTER_BOUND ( 'NONE', #1452, .T. ) ;
#183 = FACE_OUTER_BOUND ( 'NONE', #530, .T. ) ;
#184 = CARTESIAN_POINT ( 'NONE',  ( 728.6968993322469700, 1102.307656816430800, 96.05454044342499700 ) ) ;
#185 = VERTEX_POINT ( 'NONE', #909 ) ;
#186 = CARTESIAN_POINT ( 'NONE',  ( -733.4727782830364000, -1339.165239486228800, -47.41213321405511000 ) ) ;
#187 = CARTESIAN_POINT ( 'NONE',  ( 726.9352225721727300, 1116.390661792091600, -108.6204108374568300 ) ) ;
#188 = FACE_OUTER_BOUND ( 'NONE', #2377, .T. ) ;
#189 = CARTESIAN_POINT ( 'NONE',  ( -925.4000000000000900, -1021.500000000000100, -1.469576158976823800E-013 ) ) ;
#190 = EDGE_LOOP ( 'NONE', ( #1740 ) ) ;
#191 = ORIENTED_EDGE ( 'NONE', *, *, #254, .F. ) ;
#192 = CARTESIAN_POINT ( 'NONE',  ( 738.3275398079646300, 1265.224549156758900, -131.8246132935440800 ) ) ;
#193 = CARTESIAN_POINT ( 'NONE',  ( 723.4504502264061300, 1244.078275512039900, 129.7928982103408700 ) ) ;
#194 = CARTESIAN_POINT ( 'NONE',  ( -738.0542502213845600, -1117.066638125259300, 133.3332368773691300 ) ) ;
#195 = CARTESIAN_POINT ( 'NONE',  ( 735.0006208978896900, 1062.996668904591800, -4.422400424757430700 ) ) ;
#196 = CARTESIAN_POINT ( 'NONE',  ( -722.0053185702091700, -1148.083869138026800, -137.6111869251684800 ) ) ;
#197 = DIRECTION ( 'NONE',  ( -1.000000000000000000, 0.0000000000000000000, 0.0000000000000000000 ) ) ;
#198 = CARTESIAN_POINT ( 'NONE',  ( 746.4046818519706200, 1327.412234435490500, -73.47121996639144500 ) ) ;
#199 = EDGE_LOOP ( 'NONE', ( #710 ) ) ;
#200 = CARTESIAN_POINT ( 'NONE',  ( 734.3582022781753300, 1333.516666440876200, -31.02114400452319700 ) ) ;
#201 = CARTESIAN_POINT ( 'NONE',  ( -746.5563970986575000, -1339.631209880191400, 71.82431306740106400 ) ) ;
#202 = AXIS2_PLACEMENT_3D ( 'NONE', #2471, #86, #284 ) ;
#203 = ORIENTED_EDGE ( 'NONE', *, *, #1833, .T. ) ;
#204 = CARTESIAN_POINT ( 'NONE',  ( 0.0000000000000000000, 0.0000000000000000000, 0.0000000000000000000 ) ) ;
#205 = CARTESIAN_POINT ( 'NONE',  ( -721.7033147395563900, -1247.549237282615200, 139.1811409807224000 ) ) ;
#206 = CARTESIAN_POINT ( 'NONE',  ( 735.0006208978895800, 1337.003331095409500, -4.422400424757369400 ) ) ;
#207 = CARTESIAN_POINT ( 'NONE',  ( -739.5805856034320400, -1104.377189505591100, 124.6246692292016100 ) ) ;
#208 = FACE_OUTER_BOUND ( 'NONE', #1843, .T. ) ;
#209 = CARTESIAN_POINT ( 'NONE',  ( 723.1075319507756400, 1162.143522227618000, -131.6850124067905800 ) ) ;
#210 = CIRCLE ( 'NONE', #2035, 156.9999999999999400 ) ;
#211 = CARTESIAN_POINT ( 'NONE',  ( -732.4906603377304500, -1066.108999931308100, -60.69319430553230900 ) ) ;
#212 = EDGE_CURVE ( 'NONE', #1025, #1025, #945, .T. ) ;
#213 = CARTESIAN_POINT ( 'NONE',  ( -723.0856836447416100, -1265.227130550864300, 131.8233058703790200 ) ) ;
#214 = CIRCLE ( 'NONE', #249, 146.9999999999998900 ) ;
#215 = AXIS2_PLACEMENT_3D ( 'NONE', #1865, #281, #1102 ) ;
#216 = CARTESIAN_POINT ( 'NONE',  ( 733.4725445718884200, 1328.553938301145300, 47.37258753522270600 ) ) ;
#217 = CARTESIAN_POINT ( 'NONE',  ( -737.5826602114723300, -1278.725121117507800, 135.9336967786682600 ) ) ;
#218 = FACE_BOUND ( 'NONE', #1211, .T. ) ;
#219 = ORIENTED_EDGE ( 'NONE', *, *, #1177, .T. ) ;
#220 = CARTESIAN_POINT ( 'NONE',  ( 722.1191037495137800, 1199.999999999999800, -136.9999999999998000 ) ) ;
#221 = CARTESIAN_POINT ( 'NONE',  ( -1000.000000000000000, -1378.499999999999800, 9.999999999999856100 ) ) ;
#222 = DIRECTION ( 'NONE',  ( 1.000000000000000000, 0.0000000000000000000, 0.0000000000000000000 ) ) ;
#223 = EDGE_LOOP ( 'NONE', ( #2513 ) ) ;
#224 = CARTESIAN_POINT ( 'NONE',  ( 749.7550066743639300, 1054.255047141988600, 19.20628706230397900 ) ) ;
#225 = CARTESIAN_POINT ( 'NONE',  ( -741.8772776339820900, -1311.945107052195200, 110.0861236223711600 ) ) ;
#226 = CARTESIAN_POINT ( 'NONE',  ( 1000.000000000000000, 1373.500000000000000, 0.0000000000000000000 ) ) ;
#227 = CARTESIAN_POINT ( 'NONE',  ( -732.7583578619345400, -1064.652237752298600, -57.37105455289440700 ) ) ;
#228 = CARTESIAN_POINT ( 'NONE',  ( 1000.000000000000000, 1350.255407556601100, 86.74999999999811000 ) ) ;
#229 = CARTESIAN_POINT ( 'NONE',  ( 742.2869268833642300, 1099.449910025977000, 107.3406894972937100 ) ) ;
#230 = EDGE_LOOP ( 'NONE', ( #2321 ) ) ;
#231 = DIRECTION ( 'NONE',  ( -1.000000000000000000, 0.0000000000000000000, 0.0000000000000000000 ) ) ;
#232 = ORIENTED_EDGE ( 'NONE', *, *, #2553, .T. ) ;
#233 = CARTESIAN_POINT ( 'NONE',  ( -741.2099202968225900, -1092.511185516937800, -114.5476861323935900 ) ) ;
#234 = AXIS2_PLACEMENT_3D ( 'NONE', #204, #2383, #2018 ) ;
#235 = DIRECTION ( 'NONE',  ( -0.0000000000000000000, -1.000000000000000000, -0.0000000000000000000 ) ) ;
#236 = CARTESIAN_POINT ( 'NONE',  ( 0.0000000000000000000, 1985.000000000000200, -250.0000000000000000 ) ) ;
#237 = VERTEX_POINT ( 'NONE', #1631 ) ;
#238 = CARTESIAN_POINT ( 'NONE',  ( 735.7030576891803500, 1180.667935586096100, 145.7434191903413100 ) ) ;
#239 = DIRECTION ( 'NONE',  ( -1.000000000000000000, -0.0000000000000000000, 0.0000000000000000000 ) ) ;
#240 = FACE_BOUND ( 'NONE', #1676, .T. ) ;
#241 = CARTESIAN_POINT ( 'NONE',  ( -734.2548556499250500, -1164.146100159962300, -152.8732353076677000 ) ) ;
#242 = CIRCLE ( 'NONE', #694, 146.9999999999998600 ) ;
#243 = PLANE ( 'NONE',  #1836 ) ;
#244 =( LENGTH_UNIT ( ) NAMED_UNIT ( * ) SI_UNIT ( .MILLI., .METRE. ) );
#245 = CARTESIAN_POINT ( 'NONE',  ( 722.7933172900176300, 1231.288895453916400, -133.3984162402869100 ) ) ;
#246 = CARTESIAN_POINT ( 'NONE',  ( 745.9675675165190100, 1075.187702018876300, -77.69630663483634700 ) ) ;
#247 = FACE_OUTER_BOUND ( 'NONE', #588, .T. ) ;
#248 = DIRECTION ( 'NONE',  ( 0.0000000000000000000, 0.0000000000000000000, 1.000000000000000000 ) ) ;
#249 = AXIS2_PLACEMENT_3D ( 'NONE', #2451, #2255, #248 ) ;
#250 = EDGE_LOOP ( 'NONE', ( #1874 ) ) ;
#251 = CARTESIAN_POINT ( 'NONE',  ( -748.4540322205923500, -1050.557780150735200, 48.19375646261071500 ) ) ;
#252 = CARTESIAN_POINT ( 'NONE',  ( 0.0000000000000000000, -2000.000000000000000, 0.0000000000000000000 ) ) ;
#253 = DIRECTION ( 'NONE',  ( 1.000000000000000000, 0.0000000000000000000, -0.0000000000000000000 ) ) ;
#254 = EDGE_CURVE ( 'NONE', #2059, #2059, #1602, .T. ) ;
#255 = CARTESIAN_POINT ( 'NONE',  ( 1000.000000000000000, 1373.500000000000000, -10.00000000000000700 ) ) ;
#256 = CARTESIAN_POINT ( 'NONE',  ( 743.3623367509177300, 1091.846388655917700, 99.56529444327955500 ) ) ;
#257 = CARTESIAN_POINT ( 'NONE',  ( -721.5549405511602600, -1154.979438139297600, 139.9414810508276300 ) ) ;
#258 = CARTESIAN_POINT ( 'NONE',  ( -734.5208380140675200, -1159.117079236014400, -151.5891303949438800 ) ) ;
#259 = EDGE_LOOP ( 'NONE', ( #2193 ) ) ;
#260 = EDGE_CURVE ( 'NONE', #993, #993, #356, .T. ) ;
#261 = DIRECTION ( 'NONE',  ( 0.0000000000000000000, -0.5000000000000086600, 0.8660254037844336000 ) ) ;
#262 = CARTESIAN_POINT ( 'NONE',  ( -731.5204303453924700, -1071.518941960831600, 71.46593727753048600 ) ) ;
#263 = ORIENTED_EDGE ( 'NONE', *, *, #370, .T. ) ;
#264 = CARTESIAN_POINT ( 'NONE',  ( 749.6259092929134300, 1345.082239075568400, 24.14791821238643300 ) ) ;
#265 = DIRECTION ( 'NONE',  ( -0.0000000000000000000, -1.000000000000000000, -0.0000000000000000000 ) ) ;
#266 = CARTESIAN_POINT ( 'NONE',  ( 722.9777438780271300, 1235.486949568138900, -132.4007120516339200 ) ) ;
#267 = ADVANCED_FACE ( 'NONE', ( #17 ), #2043, .T. ) ;
#268 = CARTESIAN_POINT ( 'NONE',  ( -723.8875359916705700, -1126.414746297517500, 127.3463567581222800 ) ) ;
#269 = CARTESIAN_POINT ( 'NONE',  ( -745.8712690070422000, -1064.064043952363800, 78.71802601834485800 ) ) ;
#270 = CARTESIAN_POINT ( 'NONE',  ( 0.0000000000000000000, 1499.999999999999300, 0.0000000000000000000 ) ) ;
#271 = AXIS2_PLACEMENT_3D ( 'NONE', #67, #1859, #75 ) ;
#272 = DIRECTION ( 'NONE',  ( 0.0000000000000000000, 0.0000000000000000000, -1.000000000000000000 ) ) ;
#273 = FACE_OUTER_BOUND ( 'NONE', #2566, .T. ) ;
#274 = CARTESIAN_POINT ( 'NONE',  ( -734.2375861302330100, -1056.860552625777200, 33.48989948159952200 ) ) ;
#275 = CARTESIAN_POINT ( 'NONE',  ( -1025.400000000000100, -1280.589745962153800, -159.5855345755229600 ) ) ;
#276 = CARTESIAN_POINT ( 'NONE',  ( -723.6757891141742200, -1271.380106842963000, -128.5289117656258200 ) ) ;
#277 = CARTESIAN_POINT ( 'NONE',  ( 747.9553390765597700, 1336.185157798045800, 55.35395220592953100 ) ) ;
#278 = DIRECTION ( 'NONE',  ( 0.0000000000000000000, 0.0000000000000000000, -1.000000000000000000 ) ) ;
#279 = CIRCLE ( 'NONE', #1375, 10.00000000000005900 ) ;
#280 = EDGE_LOOP ( 'NONE', ( #2283 ) ) ;
#281 = DIRECTION ( 'NONE',  ( 1.000000000000000000, 0.0000000000000000000, 0.0000000000000000000 ) ) ;
#282 = DIRECTION ( 'NONE',  ( 0.0000000000000000000, 0.4999999999999890100, 0.8660254037844450400 ) ) ;
#283 = CARTESIAN_POINT ( 'NONE',  ( -1000.000000000000000, -1200.000000000000000, -1.469576158976823800E-013 ) ) ;
#284 = DIRECTION ( 'NONE',  ( 0.0000000000000000000, 0.0000000000000000000, -1.000000000000000000 ) ) ;
#285 = FACE_OUTER_BOUND ( 'NONE', #828, .T. ) ;
#286 = CARTESIAN_POINT ( 'NONE',  ( 722.1191037495139000, 1200.000000000000000, -136.9999999999998300 ) ) ;
#287 = CARTESIAN_POINT ( 'NONE',  ( -727.1155496522462700, -1300.460368809699500, -107.4228456422470100 ) ) ;
#288 = EDGE_LOOP ( 'NONE', ( #1295 ) ) ;
#289 = CARTESIAN_POINT ( 'NONE',  ( 749.6347609812327200, 1345.127923850057200, -23.87343012472904400 ) ) ;
#290 = DIRECTION ( 'NONE',  ( -1.000000000000000000, -0.0000000000000000000, -0.0000000000000000000 ) ) ;
#291 = PLANE ( 'NONE',  #959 ) ;
#292 = CARTESIAN_POINT ( 'NONE',  ( -1025.400000000000100, -1045.414465424476700, -89.24999999999805300 ) ) ;
#293 = CARTESIAN_POINT ( 'NONE',  ( -1025.400000000000100, -1110.750000000000500, 154.5855345755221600 ) ) ;
#294 =( NAMED_UNIT ( * ) SI_UNIT ( $, .STERADIAN. ) SOLID_ANGLE_UNIT ( ) );
#295 = CARTESIAN_POINT ( 'NONE',  ( 0.0000000000000000000, -1499.999999999999300, -750.0000000000000000 ) ) ;
#296 = CARTESIAN_POINT ( 'NONE',  ( -722.5250728398276600, -1141.422000442146600, -134.8458335302131000 ) ) ;
#297 = CARTESIAN_POINT ( 'NONE',  ( 748.1979871930076300, 1337.511502224460400, 51.97167826283539700 ) ) ;
#298 = CARTESIAN_POINT ( 'NONE',  ( 0.0000000000000000000, -1500.000000000000000, 0.0000000000000000000 ) ) ;
#299 = CARTESIAN_POINT ( 'NONE',  ( 727.7600741238926500, 1290.500989543343800, -102.9489484052065900 ) ) ;
#300 = ADVANCED_FACE ( 'NONE', ( #881, #285 ), #2428, .F. ) ;
#301 = CARTESIAN_POINT ( 'NONE',  ( -734.9517067405371300, -1053.240927219040300, 9.685884495057189600 ) ) ;
#302 = ORIENTED_EDGE ( 'NONE', *, *, #212, .F. ) ;
#303 = CARTESIAN_POINT ( 'NONE',  ( 736.7589148090296500, 1156.136233331815200, -140.3083358215449700 ) ) ;
#304 = DIRECTION ( 'NONE',  ( 0.0000000000000000000, 0.0000000000000000000, -1.000000000000000000 ) ) ;
#305 = EDGE_LOOP ( 'NONE', ( #2192 ) ) ;
#306 = CARTESIAN_POINT ( 'NONE',  ( -1000.000000000000000, -1199.999999999998200, -178.5000000000001100 ) ) ;
#307 = CARTESIAN_POINT ( 'NONE',  ( -728.2254030994944300, -1091.847898222941200, -99.56693443276891700 ) ) ;
#308 = CARTESIAN_POINT ( 'NONE',  ( -1025.400000000000100, -1189.999999999998200, -178.5000000000000000 ) ) ;
#309 = CARTESIAN_POINT ( 'NONE',  ( -720.1495880007579400, -1204.743272341256200, -147.0019418453937000 ) ) ;
#310 = CARTESIAN_POINT ( 'NONE',  ( 735.4525352854952900, 1204.743240990203500, 147.0019331371950700 ) ) ;
#311 = CARTESIAN_POINT ( 'NONE',  ( 734.5924707985697100, 1334.797194142947100, 24.57112914241232800 ) ) ;
#312 = AXIS2_PLACEMENT_3D ( 'NONE', #856, #2247, #2439 ) ;
#313 = CARTESIAN_POINT ( 'NONE',  ( -729.9894261540256400, -1080.519542381440900, 85.77155533246697400 ) ) ;
#314 = CIRCLE ( 'NONE', #2416, 10.00000000000000900 ) ;
#315 = ADVANCED_FACE ( 'NONE', ( #1933 ), #1839, .T. ) ;
#316 = FACE_BOUND ( 'NONE', #635, .T. ) ;
#317 =( NAMED_UNIT ( * ) PLANE_ANGLE_UNIT ( ) SI_UNIT ( $, .RADIAN. ) );
#318 = APPLICATION_PROTOCOL_DEFINITION ( 'draft international standard', 'automotive_design', 1998, #77 ) ;
#319 = CARTESIAN_POINT ( 'NONE',  ( -720.5298499382912500, -1223.872544851168400, -145.1298218351661500 ) ) ;
#320 = CARTESIAN_POINT ( 'NONE',  ( 729.6429735099770800, 1304.521928516201100, 88.59547678611841100 ) ) ;
#321 = SURFACE_STYLE_FILL_AREA ( #1296 ) ;
#322 = CARTESIAN_POINT ( 'NONE',  ( -730.9916623291346700, -1074.568009046014100, 76.66336643406251000 ) ) ;
#323 = FACE_BOUND ( 'NONE', #1765, .T. ) ;
#324 = EDGE_CURVE ( 'NONE', #2308, #2308, #2340, .T. ) ;
#325 = ORIENTED_EDGE ( 'NONE', *, *, #669, .F. ) ;
#326 = CARTESIAN_POINT ( 'NONE',  ( -744.3965465754565700, -1327.605647448599700, -91.61015365551519100 ) ) ;
#327 = CARTESIAN_POINT ( 'NONE',  ( 726.3144687440844800, 1122.024826892518600, -112.6670961463841700 ) ) ;
#328 = EDGE_LOOP ( 'NONE', ( #1988 ) ) ;
#329 = ADVANCED_FACE ( 'NONE', ( #1301, #1395, #1895, #786, #1824, #1262, #753, #218, #2318, #1797, #2134, #544, #2131, #2525 ), #243, .T. ) ;
#330 = CARTESIAN_POINT ( 'NONE',  ( 724.3276464596206100, 1256.671254837778200, -124.8099034138912900 ) ) ;
#331 = CARTESIAN_POINT ( 'NONE',  ( -731.3127793986965300, -1072.705549407184200, 73.55914136944555500 ) ) ;
#332 = CARTESIAN_POINT ( 'NONE',  ( -748.9109087332857400, -1351.719058343276400, 40.70078402284227800 ) ) ;
#333 = CARTESIAN_POINT ( 'NONE',  ( 723.3356127949206200, 1158.052956618556700, -130.4251551676302100 ) ) ;
#334 = ORIENTED_EDGE ( 'NONE', *, *, #1201, .T. ) ;
#335 = CARTESIAN_POINT ( 'NONE',  ( -732.9973044396524500, -1336.635402962092700, -54.23316221551056100 ) ) ;
#336 = CARTESIAN_POINT ( 'NONE',  ( 728.1704479346141200, 1293.733437232475600, -100.0145520232730800 ) ) ;
#337 = ORIENTED_EDGE ( 'NONE', *, *, #669, .T. ) ;
#338 = ADVANCED_FACE ( 'NONE', ( #2008 ), #696, .T. ) ;
#339 = CARTESIAN_POINT ( 'NONE',  ( -735.1223423121745100, -1250.550590306980900, -148.6449261294467900 ) ) ;
#340 = CARTESIAN_POINT ( 'NONE',  ( 731.9793981325111600, 1080.254756992772400, -66.59643118408617100 ) ) ;
#341 = ADVANCED_FACE ( 'NONE', ( #972, #2039 ), #1482, .T. ) ;
#342 = VERTEX_POINT ( 'NONE', #687 ) ;
#343 = CARTESIAN_POINT ( 'NONE',  ( -732.1088926196496200, -1331.804341050181400, -65.26489349946699300 ) ) ;
#344 = CARTESIAN_POINT ( 'NONE',  ( 734.4714523656225500, 1334.135607932609400, -27.89104049550937600 ) ) ;
#345 = COLOUR_RGB ( '',0.6784313725490196400, 0.6784313725490196400, 0.7294117647058823200 ) ;
#346 = AXIS2_PLACEMENT_3D ( 'NONE', #505, #889, #1073 ) ;
#347 = SURFACE_SIDE_STYLE ('',( #842 ) ) ;
#348 = CARTESIAN_POINT ( 'NONE',  ( -734.2605479010851500, -1343.259871181454400, 33.29671197727923700 ) ) ;
#349 = CYLINDRICAL_SURFACE ( 'NONE', #1310, 10.00000000000000900 ) ;
#350 = CARTESIAN_POINT ( 'NONE',  ( -725.2283836965608500, -1114.234055360673400, -119.4825219029637000 ) ) ;
#351 = VERTEX_POINT ( 'NONE', #1502 ) ;
#352 = CARTESIAN_POINT ( 'NONE',  ( -749.7356827165119700, -1355.733225528092400, -20.55370914862171000 ) ) ;
#353 = CARTESIAN_POINT ( 'NONE',  ( 722.4523106307993900, 1177.627391954590400, -135.2347860330726200 ) ) ;
#354 = FACE_OUTER_BOUND ( 'NONE', #895, .T. ) ;
#355 = CARTESIAN_POINT ( 'NONE',  ( 731.4256315556701800, 1083.666563701842300, 72.49450008138673200 ) ) ;
#356 = CIRCLE ( 'NONE', #2230, 10.00000000000000700 ) ;
#357 = EDGE_LOOP ( 'NONE', ( #2501 ) ) ;
#358 = CARTESIAN_POINT ( 'NONE',  ( -720.3873761448364800, -1219.100608221774800, -145.8329742864968400 ) ) ;
#359 = EDGE_CURVE ( 'NONE', #1783, #1783, #2218, .T. ) ;
#360 = CARTESIAN_POINT ( 'NONE',  ( 734.9995078342215000, 1063.002640451877400, -4.558290915856464800 ) ) ;
#361 = AXIS2_PLACEMENT_3D ( 'NONE', #292, #492, #282 ) ;
#362 = CARTESIAN_POINT ( 'NONE',  ( 724.9250149618608200, 1263.727957649833600, 121.2807195689716900 ) ) ;
#363 = ORIENTED_EDGE ( 'NONE', *, *, #618, .T. ) ;
#364 = CARTESIAN_POINT ( 'NONE',  ( -732.9973044396523400, -1336.635402962092500, -54.23316221551051100 ) ) ;
#365 = ORIENTED_EDGE ( 'NONE', *, *, #708, .F. ) ;
#366 = CARTESIAN_POINT ( 'NONE',  ( 728.7861157274345500, 1298.364907027271100, 95.38516112332776200 ) ) ;
#367 = ORIENTED_EDGE ( 'NONE', *, *, #11, .T. ) ;
#368 = CARTESIAN_POINT ( 'NONE',  ( 730.6523536996857000, 1088.631800449062700, 79.91273410270902400 ) ) ;
#369 = CARTESIAN_POINT ( 'NONE',  ( -720.3918015113541700, -1180.732295319810900, 145.8111314674698100 ) ) ;
#370 = EDGE_CURVE ( 'NONE', #1052, #1052, #942, .T. ) ;
#371 = CARTESIAN_POINT ( 'NONE',  ( -734.7594534436423100, -1345.793259583119400, -19.40420034375300400 ) ) ;
#372 = FACE_OUTER_BOUND ( 'NONE', #143, .T. ) ;
#373 = CARTESIAN_POINT ( 'NONE',  ( 744.6485403064905300, 1316.666133851930900, -89.43976721733952200 ) ) ;
#374 = CARTESIAN_POINT ( 'NONE',  ( 725.3675608397766200, 1131.314465723083700, 118.6235465128195300 ) ) ;
#375 = CYLINDRICAL_SURFACE ( 'NONE', #1857, 10.00000000000000900 ) ;
#376 = CARTESIAN_POINT ( 'NONE',  ( -729.3019897304272900, -1315.177817112910600, 91.34838914082354200 ) ) ;
#377 = CARTESIAN_POINT ( 'NONE',  ( 722.1600351146437300, 1191.114266075004900, 136.7847961209876900 ) ) ;
#378 = AXIS2_PLACEMENT_3D ( 'NONE', #1608, #816, #2211 ) ;
#379 = CIRCLE ( 'NONE', #524, 9.999999999999996400 ) ;
#380 = DIRECTION ( 'NONE',  ( 0.0000000000000000000, -0.5000000000000086600, -0.8660254037844336000 ) ) ;
#381 = CARTESIAN_POINT ( 'NONE',  ( -734.9842346993569900, -1346.921156340358500, -4.965174279632616800 ) ) ;
#382 = B_SPLINE_CURVE_WITH_KNOTS ( 'NONE', 3,
 ( #1105, #2486, #1510, #1679, #1312, #102, #2300, #303, #1117, #2498, #1302, #896, #2096, #1323, #83, #1896, #684, #2087, #1500, #2278, #1706, #1092, #503, #1691, #2478, #93, #1905, #514, #246, #2431, #655, #1647, #2053, #53, #2236, #855, #1450, #1854, #1029, #459, #2038, #1639, #436, #1864, #1656, #2245, #846, #646, #1044, #224, #1253, #1462, #1265, #621, #836, #2231, #2405, #40, #2214, #1053, #2438, #46, #638, #61, #2046, #1037, #1442, #1469, #1020, #256, #2420, #453, #1227, #229, #2021, #1823, #819, #33, #1433, #1834, #1623, #630, #2031, #827, #2223, #1243, #2413, #1236, #1632, #443, #1844, #238, #1318, #2462, #109, #310, #2082, #902, #1298, #1889, #1698, #2294, #2254, #702, #79, #467, #98, #1686, #2092, #1504, #2102, #1477, #672, #2062, #498, #1869, #1113, #1308, #1098, #1902, #873, #690, #1273, #665, #1674, #1284, #2265, #1064, #2483, #277, #2492, #297, #863, #508, #885, #2450, #70, #264, #478, #1912, #1878, #1087, #2075, #490, #2273, #2474, #89, #1495, #289, #2117, #2154, #2346, #1010, #2391, #2240, #1680, #989, #1587, #1774, #198, #2366, #2194, #2563, #1387, #373, #1604, #1579, #393, #971, #1793, #1978, #592, #2181, #996, #1417, #192, #981, #2, #1400, #770, #1194, #788, #1212, #1784, #2386, #383, #2173, #2166, #584, #601 ),
 .UNSPECIFIED., .T., .F.,
 ( 4, 2, 2, 2, 2, 2, 2, 2, 2, 2, 2, 2, 2, 2, 2, 2, 2, 2, 2, 2, 2, 2, 2, 2, 2, 2, 2, 2, 2, 2, 2, 2, 2, 2, 2, 2, 2, 2, 2, 2, 2, 2, 2, 2, 2, 2, 2, 2, 2, 2, 2, 2, 2, 2, 2, 2, 2, 2, 2, 2, 2, 2, 2, 2, 2, 2, 2, 2, 2, 2, 2, 2, 2, 2, 2, 2, 2, 2, 2, 2, 2, 2, 2, 2, 2, 2, 2, 2, 2, 2, 2, 2, 2, 2, 4 ),
 ( 0.0000000000000000000, 0.01439515288858736600, 0.02879030577717473300, 0.04318545866576210100, 0.04678424688790924800, 0.05038303511005639400, 0.05758061155435135300, 0.07197576444294066800, 0.08637091733152997600, 0.09356849377582436600, 0.1007660702201187400, 0.1151612231087080400, 0.1295563759972973300, 0.1439515288858866400, 0.1511491053301814700, 0.1583466817744762800, 0.1727418346630658600, 0.1871369875516554500, 0.1943345639959502500, 0.1979333522180976000, 0.2015321404402449200, 0.2159272933288344500, 0.2303224462174239800, 0.2447175991060135700, 0.2483163873281609400, 0.2519151755503084000, 0.2591127519946031000, 0.2735079048831928200, 0.2879030577717824300, 0.2915018459939298100, 0.2951006342160771300, 0.3022982106603717100, 0.3166933635489603800, 0.3310885164375490500, 0.3382860928818434100, 0.3418848811039905100, 0.3454836693261377200, 0.3598788222147253900, 0.3742739751033130600, 0.3886691279919007300, 0.3922679162140480000, 0.3958667044361953200, 0.4030642808804893500, 0.4174594337690774000, 0.4318545866576654100, 0.4390521631019594400, 0.4462497395462534700, 0.4606448924348415200, 0.4750400453234294700, 0.4894351982120175300, 0.4930339864341640700, 0.4966327746563105600, 0.5038303511006029200, 0.5182255039891876500, 0.5326206568777722700, 0.5398182333220643600, 0.5470158097663564400, 0.5614109626549401700, 0.5758061155435237900, 0.5830036919878158800, 0.5866024802099618600, 0.5902012684321078500, 0.6045964213206919100, 0.6189915742092758600, 0.6333867270978598100, 0.6369855153200059100, 0.6405843035421521200, 0.6477818799864446500, 0.6621770328750299400, 0.6765721857636151100, 0.6837697622079077500, 0.6873685504300540700, 0.6909673386522003900, 0.7053624915407856700, 0.7197576444293710700, 0.7341527973179563500, 0.7377515855401027800, 0.7413503737622492200, 0.7485479502065423000, 0.7629431030951286900, 0.7773382559837152000, 0.7845358324280081700, 0.7881346206501548300, 0.7917334088723017000, 0.8061285617608887600, 0.8205237146494759300, 0.8349188675380631000, 0.8493140204266502700, 0.8637091733152374400, 0.8781043262038246100, 0.8817031144259710500, 0.8853019026481172600, 0.8924994790924104500, 0.9068946319809969600, 0.9212897848695832400 ),
 .UNSPECIFIED. ) ;
#383 = CARTESIAN_POINT ( 'NONE',  ( 735.8321452532425200, 1224.091814773135900, -145.0930361719458100 ) ) ;
#384 = FACE_OUTER_BOUND ( 'NONE', #988, .T. ) ;
#385 = CARTESIAN_POINT ( 'NONE',  ( 724.3168572818174200, 1256.531639673446100, 124.8723127349431200 ) ) ;
#386 = EDGE_LOOP ( 'NONE', ( #1573 ) ) ;
#387 = CIRCLE ( 'NONE', #1380, 735.0000000000008000 ) ;
#388 = CARTESIAN_POINT ( 'NONE',  ( -733.6263649610720000, -1339.970649970998200, 44.92983272725233200 ) ) ;
#389 = ORIENTED_EDGE ( 'NONE', *, *, #987, .T. ) ;
#390 = CARTESIAN_POINT ( 'NONE',  ( 722.9849857371444800, 1235.629543120040400, 132.3610797772574600 ) ) ;
#391 = CARTESIAN_POINT ( 'NONE',  ( -728.0975636156558700, -1092.662892873642900, 100.5514898818050400 ) ) ;
#392 = CARTESIAN_POINT ( 'NONE',  ( -728.1060310173527300, -1307.394388810324700, 100.4901398787711000 ) ) ;
#393 = CARTESIAN_POINT ( 'NONE',  ( 743.7182397228931400, 1310.611586582218700, -96.93944098024418600 ) ) ;
#394 = CARTESIAN_POINT ( 'NONE',  ( 722.4654995076196000, 1177.519360198572500, 135.1618187968827600 ) ) ;
#395 = CARTESIAN_POINT ( 'NONE',  ( -733.3832558764892200, -1205.201544476309900, -157.0000000000000600 ) ) ;
#396 = CARTESIAN_POINT ( 'NONE',  ( -726.6430145717211000, -1103.007707108073400, -110.5638651219334600 ) ) ;
#397 = AXIS2_PLACEMENT_3D ( 'NONE', #2107, #1290, #904 ) ;
#398 = CARTESIAN_POINT ( 'NONE',  ( -734.7594534436418600, -1345.793259583119400, -19.40420034375293300 ) ) ;
#399 = CARTESIAN_POINT ( 'NONE',  ( 725.3711253658198100, 1131.363743550631600, -118.5879493733353200 ) ) ;
#400 = ORIENTED_EDGE ( 'NONE', *, *, #260, .T. ) ;
#401 = CARTESIAN_POINT ( 'NONE',  ( -721.1042978142526200, -1237.105154057891000, 142.2451520009582900 ) ) ;
#402 = EDGE_LOOP ( 'NONE', ( #975 ) ) ;
#403 = CARTESIAN_POINT ( 'NONE',  ( 725.1730111181020700, 1266.511524489492600, 119.7925379217566900 ) ) ;
#404 = CARTESIAN_POINT ( 'NONE',  ( -740.6419592888755700, -1096.487724667079400, 118.1534549758876300 ) ) ;
#405 = CARTESIAN_POINT ( 'NONE',  ( -733.1763486655140700, -1337.594323414950600, 51.79427492229861900 ) ) ;
#406 = CARTESIAN_POINT ( 'NONE',  ( 725.9379637252387700, 1125.613130733722500, -115.0682023804802200 ) ) ;
#407 = VERTEX_POINT ( 'NONE', #2029 ) ;
#408 = EDGE_CURVE ( 'NONE', #1726, #1726, #726, .T. ) ;
#409 = CARTESIAN_POINT ( 'NONE',  ( -729.3019897304274100, -1315.177817112910600, 91.34838914082361300 ) ) ;
#410 = FACE_OUTER_BOUND ( 'NONE', #1369, .T. ) ;
#411 = CIRCLE ( 'NONE', #2551, 10.00000000000000900 ) ;
#412 = PRESENTATION_LAYER_ASSIGNMENT (  '', '', ( #535 ) ) ;
#413 = CARTESIAN_POINT ( 'NONE',  ( 734.9970568689709600, 1336.984212279020300, 2.368038636539772300 ) ) ;
#414 = CARTESIAN_POINT ( 'NONE',  ( -741.9942161154878000, -1087.271910047548300, 109.3065588515087800 ) ) ;
#415 = DIRECTION ( 'NONE',  ( -1.000000000000000000, 0.0000000000000000000, 0.0000000000000000000 ) ) ;
#416 = CARTESIAN_POINT ( 'NONE',  ( 732.5083273531735100, 1077.049838682751400, -60.59823559861232000 ) ) ;
#417 = FACE_OUTER_BOUND ( 'NONE', #1798, .T. ) ;
#418 = AXIS2_PLACEMENT_3D ( 'NONE', #832, #2057, #2425 ) ;
#419 = DIRECTION ( 'NONE',  ( -1.000000000000000000, 0.0000000000000000000, -0.0000000000000000000 ) ) ;
#420 = ORIENTED_EDGE ( 'NONE', *, *, #1118, .T. ) ;
#421 = ORIENTED_EDGE ( 'NONE', *, *, #2190, .F. ) ;
#422 = DIRECTION ( 'NONE',  ( 0.0000000000000000000, 0.0000000000000000000, 1.000000000000000000 ) ) ;
#423 = CARTESIAN_POINT ( 'NONE',  ( 733.8104768836240100, 1330.469268002563000, -41.85526119419798600 ) ) ;
#424 = CARTESIAN_POINT ( 'NONE',  ( -736.0437191257644800, -1262.569488620982400, 144.0161455122560300 ) ) ;
#425 = ORIENTED_EDGE ( 'NONE', *, *, #980, .F. ) ;
#426 = CARTESIAN_POINT ( 'NONE',  ( 725.7453113834526400, 1127.516048810985900, -116.2760261446218200 ) ) ;
#427 = CARTESIAN_POINT ( 'NONE',  ( -727.1408779474197700, -1300.643026217644800, 107.2511269616907000 ) ) ;
#428 = DIRECTION ( 'NONE',  ( 0.0000000000000000000, -1.000000000000000000, -0.0000000000000000000 ) ) ;
#429 = CARTESIAN_POINT ( 'NONE',  ( 734.7973830066849800, 1335.909449009089000, -17.82316621692326200 ) ) ;
#430 = CARTESIAN_POINT ( 'NONE',  ( -734.1303502950492000, -1166.864415960841400, 153.4689314977696900 ) ) ;
#431 = AXIS2_PLACEMENT_3D ( 'NONE', #833, #457, #1868 ) ;
#432 = PRODUCT_DEFINITION_SHAPE ( 'NONE', 'NONE',  #1841 ) ;
#433 = ORIENTED_EDGE ( 'NONE', *, *, #1032, .F. ) ;
#434 = CARTESIAN_POINT ( 'NONE',  ( 925.4000000000000900, 1199.999999999999300, -173.5000000000000000 ) ) ;
#435 = CARTESIAN_POINT ( 'NONE',  ( 0.0000000000000000000, -1985.000000000000200, -250.0000000000000000 ) ) ;
#436 = CARTESIAN_POINT ( 'NONE',  ( 749.7684550959945700, 1054.185217726980200, -19.23766554499964700 ) ) ;
#437 = AXIS2_PLACEMENT_3D ( 'NONE', #868, #2252, #1260 ) ;
#438 = CARTESIAN_POINT ( 'NONE',  ( -734.3110812983950400, -1163.076721072761100, 152.6018961119894800 ) ) ;
#439 = DIRECTION ( 'NONE',  ( -0.0000000000000000000, -1.000000000000000000, -0.0000000000000000000 ) ) ;
#440 = CARTESIAN_POINT ( 'NONE',  ( -1000.000000000000000, -1200.000000000000700, 178.4999999999996600 ) ) ;
#441 = FACE_OUTER_BOUND ( 'NONE', #2109, .T. ) ;
#442 = DIRECTION ( 'NONE',  ( 0.0000000000000000000, 0.0000000000000000000, -1.000000000000000000 ) ) ;
#443 = CARTESIAN_POINT ( 'NONE',  ( 735.9265686733048100, 1173.495662704092000, 144.6109181082365800 ) ) ;
#444 = FACE_OUTER_BOUND ( 'NONE', #2538, .T. ) ;
#445 = CARTESIAN_POINT ( 'NONE',  ( 0.0000000000000000000, -1985.000000000000200, 0.0000000000000000000 ) ) ;
#446 = AXIS2_PLACEMENT_3D ( 'NONE', #1649, #894, #1690 ) ;
#447 = CARTESIAN_POINT ( 'NONE',  ( -737.5789788707603500, -1121.311542307709000, -135.9532947826991200 ) ) ;
#448 = CIRCLE ( 'NONE', #215, 136.9999999999998300 ) ;
#449 = EDGE_LOOP ( 'NONE', ( #784 ) ) ;
#450 = FILL_AREA_STYLE_COLOUR ( '', #345 ) ;
#451 = CARTESIAN_POINT ( 'NONE',  ( -734.7499528609896500, -1054.255310727430200, -19.20828985224296300 ) ) ;
#452 = CARTESIAN_POINT ( 'NONE',  ( 1025.400000000000100, 1200.000000000000000, -136.9999999999998300 ) ) ;
#453 = CARTESIAN_POINT ( 'NONE',  ( 743.0044453948902400, 1094.334082553168600, 102.2016419413557500 ) ) ;
#454 = CARTESIAN_POINT ( 'NONE',  ( -733.8171264355196400, -1174.267107250770300, -154.9628881285472600 ) ) ;
#455 = ORIENTED_EDGE ( 'NONE', *, *, #1941, .F. ) ;
#456 = DIRECTION ( 'NONE',  ( 0.0000000000000000000, -0.4999999999999908400, -0.8660254037844440400 ) ) ;
#457 = DIRECTION ( 'NONE',  ( -1.000000000000000000, 0.0000000000000000000, 0.0000000000000000000 ) ) ;
#458 = CARTESIAN_POINT ( 'NONE',  ( 723.1075319507757500, 1237.856477772381600, -131.6850124067907200 ) ) ;
#459 = CARTESIAN_POINT ( 'NONE',  ( 749.3551040784367400, 1056.326270279686500, -31.11806709333324900 ) ) ;
#460 = EDGE_LOOP ( 'NONE', ( #1179 ) ) ;
#461 = CARTESIAN_POINT ( 'NONE',  ( -734.4519732779359600, -1160.373262512350300, -151.9223608553991800 ) ) ;
#462 = DIRECTION ( 'NONE',  ( -1.000000000000000000, -0.0000000000000000000, 0.0000000000000000000 ) ) ;
#463 = DIRECTION ( 'NONE',  ( 0.0000000000000000000, 0.0000000000000000000, 1.000000000000000000 ) ) ;
#464 = CARTESIAN_POINT ( 'NONE',  ( 722.3295535305230700, 1218.001033872803200, -135.8867928821676100 ) ) ;
#465 = UNCERTAINTY_MEASURE_WITH_UNIT (LENGTH_MEASURE( 1.000000000000000100E-005 ), #244, 'distance_accuracy_value', 'NONE');
#466 = VERTEX_POINT ( 'NONE', #2411 ) ;
#467 = CARTESIAN_POINT ( 'NONE',  ( 736.9582588728267200, 1247.303066619932000, 139.2643075630250600 ) ) ;
#468 = CARTESIAN_POINT ( 'NONE',  ( -720.1499843782552300, -1204.868949373637200, 146.9999999999998600 ) ) ;
#469 = CARTESIAN_POINT ( 'NONE',  ( -721.7021926040070000, -1152.677980116060100, 139.1800831407155100 ) ) ;
#470 = FACE_OUTER_BOUND ( 'NONE', #1085, .T. ) ;
#471 = CARTESIAN_POINT ( 'NONE',  ( -747.1862980116502500, -1057.030960398448500, 65.08057592600536600 ) ) ;
#472 = PRESENTATION_STYLE_ASSIGNMENT (( #552 ) ) ;
#473 = CARTESIAN_POINT ( 'NONE',  ( -725.0106933389799900, -1283.836168437952900, 120.7740202460067300 ) ) ;
#474 = CARTESIAN_POINT ( 'NONE',  ( 0.0000000000000000000, 1500.000000000000000, 0.0000000000000000000 ) ) ;
#475 = CARTESIAN_POINT ( 'NONE',  ( 1000.000000000000000, 1350.255407556599900, -86.75000000000009900 ) ) ;
#476 =( NAMED_UNIT ( * ) SI_UNIT ( $, .STERADIAN. ) SOLID_ANGLE_UNIT ( ) );
#477 = VERTEX_POINT ( 'NONE', #495 ) ;
#478 = CARTESIAN_POINT ( 'NONE',  ( 749.7643084137960200, 1345.793479036745600, 19.40231207367206800 ) ) ;
#479 = CIRCLE ( 'NONE', #791, 250.0000000000000000 ) ;
#480 = DIRECTION ( 'NONE',  ( 0.0000000000000000000, 0.0000000000000000000, -1.000000000000000000 ) ) ;
#481 = CARTESIAN_POINT ( 'NONE',  ( 723.2740785372725400, 1240.872353423276800, -130.7658890325845700 ) ) ;
#482 = CARTESIAN_POINT ( 'NONE',  ( -724.3175578751188400, -1122.310600632330300, 124.8854997826226600 ) ) ;
#483 = AXIS2_PLACEMENT_3D ( 'NONE', #1447, #2446, #463 ) ;
#484 = ORIENTED_EDGE ( 'NONE', *, *, #2058, .F. ) ;
#485 = CARTESIAN_POINT ( 'NONE',  ( -749.8908762678078100, -1043.521921945126700, 13.04733107756622500 ) ) ;
#486 = ORIENTED_EDGE ( 'NONE', *, *, #1224, .F. ) ;
#487 = CARTESIAN_POINT ( 'NONE',  ( -734.3418291018759900, -1056.326792765891000, 31.12048015295501800 ) ) ;
#488 = CARTESIAN_POINT ( 'NONE',  ( 1000.000000000000000, 1286.750000000001800, 140.2554075565989300 ) ) ;
#489 = CARTESIAN_POINT ( 'NONE',  ( -720.9174952837079200, -1166.409806519968000, -143.1918130895702500 ) ) ;
#490 = CARTESIAN_POINT ( 'NONE',  ( 749.9966977716152300, 1346.983154116320300, 2.535860818666889400 ) ) ;
#491 = CARTESIAN_POINT ( 'NONE',  ( -1025.400000000000100, -1200.000000000000000, -1.469576158976823800E-013 ) ) ;
#492 = DIRECTION ( 'NONE',  ( -1.000000000000000000, 0.0000000000000000000, 0.0000000000000000000 ) ) ;
#493 = CARTESIAN_POINT ( 'NONE',  ( 0.0000000000000000000, 1985.000000000000200, 0.0000000000000000000 ) ) ;
#494 = DIRECTION ( 'NONE',  ( 0.0000000000000000000, 0.0000000000000000000, 1.000000000000000000 ) ) ;
#495 = CARTESIAN_POINT ( 'NONE',  ( 1000.000000000000000, 1049.744592443399100, -96.74999999999923300 ) ) ;
#496 = ORIENTED_EDGE ( 'NONE', *, *, #560, .F. ) ;
#497 = CARTESIAN_POINT ( 'NONE',  ( -720.9779329241546300, -1234.562291510677100, -142.8842539045429900 ) ) ;
#498 = CARTESIAN_POINT ( 'NONE',  ( 740.8728919708744300, 1289.526969114218200, 116.6908626645081600 ) ) ;
#499 = DIRECTION ( 'NONE',  ( 1.000000000000000000, 0.0000000000000000000, 0.0000000000000000000 ) ) ;
#500 = AXIS2_PLACEMENT_3D ( 'NONE', #1334, #707, #2479 ) ;
#501 = CARTESIAN_POINT ( 'NONE',  ( 0.0000000000000000000, 2000.000000000000000, 0.0000000000000000000 ) ) ;
#502 = ADVANCED_FACE ( 'NONE', ( #1600, #131 ), #2463, .F. ) ;
#503 = CARTESIAN_POINT ( 'NONE',  ( 742.2906368882858000, 1099.423690484929900, -107.3138756327433900 ) ) ;
#504 = DIRECTION ( 'NONE',  ( 0.0000000000000000000, -0.8660254037844407100, 0.4999999999999964500 ) ) ;
#505 = CARTESIAN_POINT ( 'NONE',  ( 1025.400000000000100, 1286.750000000001800, 150.2554075565989500 ) ) ;
#506 = CARTESIAN_POINT ( 'NONE',  ( 1025.400000000000100, 1104.589745962154400, -145.2554075565995800 ) ) ;
#507 = CARTESIAN_POINT ( 'NONE',  ( -723.2867033210753800, -1132.678807954507600, -130.7007575448377600 ) ) ;
#508 = CARTESIAN_POINT ( 'NONE',  ( 748.5034871299939100, 1339.165796080088500, 47.41052188532866300 ) ) ;
#509 = AXIS2_PLACEMENT_3D ( 'NONE', #57, #2037, #2456 ) ;
#510 = CARTESIAN_POINT ( 'NONE',  ( -925.4000000000000900, -1289.249999999998200, -154.5855345755230400 ) ) ;
#511 = CARTESIAN_POINT ( 'NONE',  ( 0.0000000000000000000, 1499.999999999999300, 0.0000000000000000000 ) ) ;
#512 = FACE_BOUND ( 'NONE', #848, .T. ) ;
#513 = CARTESIAN_POINT ( 'NONE',  ( -731.5204303453927000, -1071.518941960831900, 71.46593727753052900 ) ) ;
#514 = CARTESIAN_POINT ( 'NONE',  ( 745.7509064378588200, 1076.488175415517400, -79.74750267005809700 ) ) ;
#515 = DIRECTION ( 'NONE',  ( 1.000000000000000000, -0.0000000000000000000, 0.0000000000000000000 ) ) ;
#516 = CARTESIAN_POINT ( 'NONE',  ( 1000.000000000000000, 1113.250000000001400, 150.2554075566009400 ) ) ;
#517 = CIRCLE ( 'NONE', #125, 10.00000000000000700 ) ;
#518 = CARTESIAN_POINT ( 'NONE',  ( -1025.400000000000100, -1349.585534575521300, -97.91025403784573200 ) ) ;
#519 = CARTESIAN_POINT ( 'NONE',  ( -720.1503857219769300, -1195.137121186566200, -146.9980338251696400 ) ) ;
#520 = ORIENTED_EDGE ( 'NONE', *, *, #2445, .T. ) ;
#521 = CARTESIAN_POINT ( 'NONE',  ( 734.1546222418094200, 1332.395762060369600, 35.50095417118048100 ) ) ;
#522 = ADVANCED_FACE ( 'NONE', ( #188, #1065 ), #847, .F. ) ;
#523 = CARTESIAN_POINT ( 'NONE',  ( -733.1751190625900600, -1062.402736965516600, 51.95085328434321100 ) ) ;
#524 = AXIS2_PLACEMENT_3D ( 'NONE', #2373, #419, #1192 ) ;
#525 = CARTESIAN_POINT ( 'NONE',  ( -1025.400000000000100, -1289.250000000000500, 154.5855345755218200 ) ) ;
#526 = DIRECTION ( 'NONE',  ( 0.0000000000000000000, 0.0000000000000000000, -1.000000000000000000 ) ) ;
#527 = CARTESIAN_POINT ( 'NONE',  ( -720.8165805060217500, -1231.015197085761000, -143.6959663682473800 ) ) ;
#528 = CARTESIAN_POINT ( 'NONE',  ( 723.7330949608232200, 1248.353902734147800, -128.2029920973208400 ) ) ;
#529 = CARTESIAN_POINT ( 'NONE',  ( -734.2536668216630500, -1056.775360785372000, -33.44916013391782900 ) ) ;
#530 = EDGE_LOOP ( 'NONE', ( #1350 ) ) ;
#531 = CARTESIAN_POINT ( 'NONE',  ( -745.8765451607042700, -1335.950436257471900, -78.56919860181908200 ) ) ;
#532 = EDGE_LOOP ( 'NONE', ( #1242 ) ) ;
#533 = CARTESIAN_POINT ( 'NONE',  ( 725.7296702563078300, 1127.603627529447500, -116.3949051887858100 ) ) ;
#534 = CARTESIAN_POINT ( 'NONE',  ( 729.4348498925093100, 1303.060312490368700, 90.29183007723712300 ) ) ;
#535 = STYLED_ITEM ( 'NONE', ( #472 ), #1324 ) ;
#536 = VERTEX_POINT ( 'NONE', #435 ) ;
#537 = FACE_OUTER_BOUND ( 'NONE', #757, .T. ) ;
#538 = CARTESIAN_POINT ( 'NONE',  ( -750.0006365915949100, -1357.003041043171400, 5.041572032204576300 ) ) ;
#539 = CARTESIAN_POINT ( 'NONE',  ( 727.1262794210327900, 1114.796666899143500, -107.3054368030361400 ) ) ;
#540 = FACE_OUTER_BOUND ( 'NONE', #1174, .T. ) ;
#541 = CARTESIAN_POINT ( 'NONE',  ( 726.3144687440839100, 1277.975173107482100, -112.6670961463842200 ) ) ;
#542 = FACE_OUTER_BOUND ( 'NONE', #1642, .T. ) ;
#543 = EDGE_CURVE ( 'NONE', #717, #717, #2069, .T. ) ;
#544 = FACE_BOUND ( 'NONE', #2012, .T. ) ;
#545 = CARTESIAN_POINT ( 'NONE',  ( -739.0629194326052100, -1291.472461228477000, -127.6261164108682400 ) ) ;
#546 = CARTESIAN_POINT ( 'NONE',  ( 722.1618362886495100, 1190.967020687907500, -136.7753043709981600 ) ) ;
#547 = ORIENTED_EDGE ( 'NONE', *, *, #103, .F. ) ;
#548 = AXIS2_PLACEMENT_3D ( 'NONE', #1879, #1285, #1489 ) ;
#549 = CARTESIAN_POINT ( 'NONE',  ( -732.4838759039118900, -1333.865426262229700, -60.92923260234567100 ) ) ;
#550 = CARTESIAN_POINT ( 'NONE',  ( 734.6730816552901600, 1335.237896001952100, -22.36190445673064200 ) ) ;
#551 = CARTESIAN_POINT ( 'NONE',  ( -724.3315229999404900, -1122.181339306287800, -124.8043522798987800 ) ) ;
#552 = SURFACE_STYLE_USAGE ( .BOTH. , #347 ) ;
#553 = CARTESIAN_POINT ( 'NONE',  ( -733.4815780257338200, -1339.209786977887900, 47.23460523571132800 ) ) ;
#554 = CARTESIAN_POINT ( 'NONE',  ( -733.6542381306684300, -1220.583225871372900, -155.7296593450134900 ) ) ;
#555 = CARTESIAN_POINT ( 'NONE',  ( 729.4262738580179100, 1096.973165520222400, -90.41207893204709500 ) ) ;
#556 = CARTESIAN_POINT ( 'NONE',  ( 731.7952464960261500, 1081.371998948608700, 68.67517348618542900 ) ) ;
#557 = CARTESIAN_POINT ( 'NONE',  ( -733.4923442660439200, -1060.727295382424500, -47.27682862782558700 ) ) ;
#558 = CARTESIAN_POINT ( 'NONE',  ( -723.2867033210756100, -1132.678807954507600, -130.7007575448376700 ) ) ;
#559 = EDGE_LOOP ( 'NONE', ( #1718 ) ) ;
#560 = EDGE_CURVE ( 'NONE', #936, #936, #1794, .T. ) ;
#561 = CARTESIAN_POINT ( 'NONE',  ( -734.0208365706371300, -1342.029873773000900, -38.20633182621902800 ) ) ;
#562 = CARTESIAN_POINT ( 'NONE',  ( 734.4714523656225500, 1065.864392067390300, -27.89104049550945800 ) ) ;
#563 = CARTESIAN_POINT ( 'NONE',  ( 734.1500081223249500, 1067.629721715758700, 35.59890654286351700 ) ) ;
#564 = AXIS2_PLACEMENT_3D ( 'NONE', #1585, #197, #2198 ) ;
#565 = CARTESIAN_POINT ( 'NONE',  ( -1.763034163104748600E-012, -1985.000000000000200, 0.0000000000000000000 ) ) ;
#566 = CARTESIAN_POINT ( 'NONE',  ( -734.0331889477081400, -1342.093715706791700, 37.97197170562653000 ) ) ;
#567 = CYLINDRICAL_SURFACE ( 'NONE', #1040, 10.00000000000000900 ) ;
#568 = CIRCLE ( 'NONE', #943, 10.00000000000000400 ) ;
#569 = CARTESIAN_POINT ( 'NONE',  ( 729.0145982921648100, 1099.965623763624100, 93.61299590347434200 ) ) ;
#570 = CARTESIAN_POINT ( 'NONE',  ( -729.6555636529394600, -1317.395686216947500, 88.48004250609584200 ) ) ;
#571 = CARTESIAN_POINT ( 'NONE',  ( 734.9466151630440400, 1063.286651873557700, 9.140535294256235200 ) ) ;
#572 = CYLINDRICAL_SURFACE ( 'NONE', #1932, 136.9999999999998300 ) ;
#573 = ORIENTED_EDGE ( 'NONE', *, *, #1241, .T. ) ;
#574 = CARTESIAN_POINT ( 'NONE',  ( -723.6757891141739900, -1271.380106842962500, -128.5289117656256800 ) ) ;
#575 = ORIENTED_EDGE ( 'NONE', *, *, #1638, .F. ) ;
#576 = ORIENTED_EDGE ( 'NONE', *, *, #980, .T. ) ;
#577 = CARTESIAN_POINT ( 'NONE',  ( 722.6960410938835400, 1228.892638643112400, 133.9234694216674200 ) ) ;
#578 = AXIS2_PLACEMENT_3D ( 'NONE', #678, #1313, #2088 ) ;
#579 = CARTESIAN_POINT ( 'NONE',  ( -733.4815780257338200, -1339.209786977888100, 47.23460523571142700 ) ) ;
#580 = CARTESIAN_POINT ( 'NONE',  ( 724.6444603200353600, 1139.426563447316100, 122.9634047625786900 ) ) ;
#581 = CARTESIAN_POINT ( 'NONE',  ( -724.9920570150119400, -1116.325557863582400, 120.8856709485265100 ) ) ;
#582 = CARTESIAN_POINT ( 'NONE',  ( -734.9998225031540600, -1346.999112515560500, -1.316465600398952600 ) ) ;
#583 = AXIS2_PLACEMENT_3D ( 'NONE', #2444, #1107, #2487 ) ;
#584 = CARTESIAN_POINT ( 'NONE',  ( 735.4529216748003400, 1204.868417440990900, -146.9999999999999400 ) ) ;
#585 = ORIENTED_EDGE ( 'NONE', *, *, #1001, .F. ) ;
#586 = CARTESIAN_POINT ( 'NONE',  ( 722.3403388925020200, 1181.984829214738700, 135.8291207655441900 ) ) ;
#587 = CARTESIAN_POINT ( 'NONE',  ( -734.6181924419967100, -1345.081838158714200, -24.15037139721981100 ) ) ;
#588 = EDGE_LOOP ( 'NONE', ( #1070 ) ) ;
#589 = CARTESIAN_POINT ( 'NONE',  ( 724.3168572818169700, 1143.468360326554800, 124.8723127349429100 ) ) ;
#590 = CARTESIAN_POINT ( 'NONE',  ( -729.1834591884427300, -1314.425020075861500, 92.28955822456171600 ) ) ;
#591 = VERTEX_POINT ( 'NONE', #1920 ) ;
#592 = CARTESIAN_POINT ( 'NONE',  ( 740.8952424185639500, 1289.711848197696800, -116.5492016017784600 ) ) ;
#593 = CARTESIAN_POINT ( 'NONE',  ( 723.7198587095339200, 1248.284059813853200, 128.2870622464865800 ) ) ;
#594 = CARTESIAN_POINT ( 'NONE',  ( -736.6639036701211600, -1269.590146504027600, -140.8272382079702300 ) ) ;
#595 = FACE_OUTER_BOUND ( 'NONE', #1434, .T. ) ;
#596 = CARTESIAN_POINT ( 'NONE',  ( -734.9532935634995300, -1346.767008905367200, 9.566935409728802900 ) ) ;
#597 = CARTESIAN_POINT ( 'NONE',  ( 731.4452105488419400, 1083.543438356430700, -72.29767441806792800 ) ) ;
#598 = CYLINDRICAL_SURFACE ( 'NONE', #1390, 146.9999999999999100 ) ;
#599 = DIRECTION ( 'NONE',  ( 0.0000000000000000000, 0.5000000000000104400, -0.8660254037844326000 ) ) ;
#600 = VERTEX_POINT ( 'NONE', #275 ) ;
#601 = CARTESIAN_POINT ( 'NONE',  ( 735.4529216748002200, 1199.999999999999800, -146.9999999999999100 ) ) ;
#602 = FACE_OUTER_BOUND ( 'NONE', #1987, .T. ) ;
#603 = CARTESIAN_POINT ( 'NONE',  ( 726.5106922817846000, 1279.847102072216600, 111.4162703657092200 ) ) ;
#604 = CARTESIAN_POINT ( 'NONE',  ( -734.0740105040351900, -1168.136730457442800, 153.7381337229379300 ) ) ;
#605 = ORIENTED_EDGE ( 'NONE', *, *, #324, .T. ) ;
#606 = EDGE_LOOP ( 'NONE', ( #2557 ) ) ;
#607 = CARTESIAN_POINT ( 'NONE',  ( 734.9782853073007800, 1063.116535047723600, 5.761011891213684100 ) ) ;
#608 = CARTESIAN_POINT ( 'NONE',  ( -1025.400000000000100, -1354.585534575521300, -89.25000000000137800 ) ) ;
#609 = CARTESIAN_POINT ( 'NONE',  ( 732.8156632784715600, 1324.762546484661700, 56.77624913522512200 ) ) ;
#610 = CARTESIAN_POINT ( 'NONE',  ( -742.2869501132835200, -1314.628487563968100, 107.2892239256974100 ) ) ;
#611 = CARTESIAN_POINT ( 'NONE',  ( 734.6764199246370000, 1064.744046498749600, -22.24496876377118700 ) ) ;
#612 = CARTESIAN_POINT ( 'NONE',  ( -726.6583429155224400, -1297.107130019041100, 110.4632933616473500 ) ) ;
#613 = ORIENTED_EDGE ( 'NONE', *, *, #905, .T. ) ;
#614 = DIRECTION ( 'NONE',  ( 0.0000000000000000000, 0.0000000000000000000, 1.000000000000000000 ) ) ;
#615 = CARTESIAN_POINT ( 'NONE',  ( 734.6686124072480200, 1335.213581102598900, 22.49981179469540400 ) ) ;
#616 = CARTESIAN_POINT ( 'NONE',  ( -736.2475233898810500, -1264.921586474202100, 142.9715103057080800 ) ) ;
#617 = DIRECTION ( 'NONE',  ( 0.0000000000000000000, 0.0000000000000000000, -1.000000000000000000 ) ) ;
#618 = EDGE_CURVE ( 'NONE', #1473, #1473, #1694, .T. ) ;
#619 = CARTESIAN_POINT ( 'NONE',  ( -721.1657412648590900, -1238.280348057931200, 141.9333768123218500 ) ) ;
#620 = VERTEX_POINT ( 'NONE', #1063 ) ;
#621 = CARTESIAN_POINT ( 'NONE',  ( 749.2687211213033200, 1056.774766124791100, 33.44658154866790800 ) ) ;
#622 = FACE_BOUND ( 'NONE', #862, .T. ) ;
#623 = AXIS2_PLACEMENT_3D ( 'NONE', #1426, #239, #2205 ) ;
#624 = CARTESIAN_POINT ( 'NONE',  ( 729.0162176070055000, 1300.091839917541400, -93.65076144181264800 ) ) ;
#625 = CARTESIAN_POINT ( 'NONE',  ( -733.4362013547443000, -1189.813946591553800, 156.7533095064749500 ) ) ;
#626 = VERTEX_POINT ( 'NONE', #95 ) ;
#627 = CARTESIAN_POINT ( 'NONE',  ( 722.7012177222904900, 1170.915085085835500, -133.8960503953724400 ) ) ;
#628 = AXIS2_PLACEMENT_3D ( 'NONE', #2490, #2090, #1695 ) ;
#629 = CARTESIAN_POINT ( 'NONE',  ( -1025.400000000000100, -1119.410254037844900, 159.5855345755221300 ) ) ;
#630 = CARTESIAN_POINT ( 'NONE',  ( 738.3318210255969200, 1134.853706459665800, 131.7817503133991000 ) ) ;
#631 = CYLINDRICAL_SURFACE ( 'NONE', #1610, 146.9999999999998600 ) ;
#632 = ORIENTED_EDGE ( 'NONE', *, *, #1399, .F. ) ;
#633 = DIRECTION ( 'NONE',  ( 0.0000000000000000000, 0.5000000000000104400, 0.8660254037844326000 ) ) ;
#634 = CARTESIAN_POINT ( 'NONE',  ( -737.2187933331830400, -1124.887924620200200, 137.8725178778757100 ) ) ;
#635 = EDGE_LOOP ( 'NONE', ( #738 ) ) ;
#636 = DIRECTION ( 'NONE',  ( 1.000000000000000000, 0.0000000000000000000, 0.0000000000000000000 ) ) ;
#637 = CARTESIAN_POINT ( 'NONE',  ( 722.1191037495139000, 1204.536086091750600, -136.9999999999998900 ) ) ;
#638 = CARTESIAN_POINT ( 'NONE',  ( 746.9831125729990600, 1069.255891355184500, 67.23670181739305500 ) ) ;
#639 = CARTESIAN_POINT ( 'NONE',  ( -739.2149501646779300, -1107.324279679387500, -126.7354060885802200 ) ) ;
#640 = AXIS2_PLACEMENT_3D ( 'NONE', #1644, #1062, #1840 ) ;
#641 = ORIENTED_EDGE ( 'NONE', *, *, #1201, .F. ) ;
#642 = DIRECTION ( 'NONE',  ( 0.0000000000000000000, 0.0000000000000000000, 1.000000000000000000 ) ) ;
#643 = CARTESIAN_POINT ( 'NONE',  ( -734.7636778209245000, -1054.185472439712800, 19.23968176319080200 ) ) ;
#644 = CARTESIAN_POINT ( 'NONE',  ( 1025.400000000000100, 1054.744592443400700, 95.41025403784556100 ) ) ;
#645 = EDGE_LOOP ( 'NONE', ( #1112 ) ) ;
#646 = CARTESIAN_POINT ( 'NONE',  ( 749.8389877534095800, 1053.823664226066500, 15.58701831700592600 ) ) ;
#647 = CARTESIAN_POINT ( 'NONE',  ( -925.4000000000000900, -1354.585534575521300, -89.25000000000137800 ) ) ;
#648 = UNCERTAINTY_MEASURE_WITH_UNIT (LENGTH_MEASURE( 1.000000000000000100E-005 ), #961, 'distance_accuracy_value', 'NONE');
#649 = CARTESIAN_POINT ( 'NONE',  ( -733.6555259413512400, -1179.365933355421700, -155.7236025089258100 ) ) ;
#650 = VERTEX_POINT ( 'NONE', #1120 ) ;
#651 = DIRECTION ( 'NONE',  ( 0.0000000000000000000, 1.000000000000000000, 0.0000000000000000000 ) ) ;
#652 = ADVANCED_FACE ( 'NONE', ( #2189, #542, #2499, #1657 ), #41, .T. ) ;
#653 = FACE_OUTER_BOUND ( 'NONE', #176, .T. ) ;
#654 = CARTESIAN_POINT ( 'NONE',  ( 722.4545293699565000, 1222.451630682424600, -135.2230107188765400 ) ) ;
#655 = CARTESIAN_POINT ( 'NONE',  ( 746.5905871789228700, 1071.517515439115200, -71.46337927191467500 ) ) ;
#656 = CARTESIAN_POINT ( 'NONE',  ( -925.4000000000000900, -1110.750000000000500, 154.5855345755221600 ) ) ;
#657 = AXIS2_PLACEMENT_3D ( 'NONE', #2470, #1917, #907 ) ;
#658 = CARTESIAN_POINT ( 'NONE',  ( -745.8961784604316600, -1063.927562810397400, -78.48192150835532700 ) ) ;
#659 = CIRCLE ( 'NONE', #2567, 250.0000000000000000 ) ;
#660 = DIRECTION ( 'NONE',  ( 1.000000000000000000, -0.0000000000000000000, -0.0000000000000000000 ) ) ;
#661 = DIRECTION ( 'NONE',  ( -1.000000000000000000, 0.0000000000000000000, 0.0000000000000000000 ) ) ;
#662 = CARTESIAN_POINT ( 'NONE',  ( -730.8830167760771700, -1075.202593654010600, 77.69217515553488300 ) ) ;
#663 = FACE_OUTER_BOUND ( 'NONE', #1047, .T. ) ;
#664 = EDGE_LOOP ( 'NONE', ( #2469 ) ) ;
#665 = CARTESIAN_POINT ( 'NONE',  ( 744.6372495208378300, 1316.631259058908200, 89.60777391713031600 ) ) ;
#666 = CARTESIAN_POINT ( 'NONE',  ( 1000.000000000000000, 1200.000000000000000, 0.0000000000000000000 ) ) ;
#667 = CARTESIAN_POINT ( 'NONE',  ( -723.0787642051358300, -1134.849988159691500, 131.8611394582697500 ) ) ;
#668 = CARTESIAN_POINT ( 'NONE',  ( -749.9996289400953600, -1043.001772579541200, 2.696494166725443600 ) ) ;
#669 = EDGE_CURVE ( 'NONE', #407, #407, #659, .T. ) ;
#670 = DIRECTION ( 'NONE',  ( 0.0000000000000000000, 0.4999999999999890100, -0.8660254037844450400 ) ) ;
#671 = CARTESIAN_POINT ( 'NONE',  ( 1025.400000000000100, 1121.910254037845800, 155.2554075566008600 ) ) ;
#672 = CARTESIAN_POINT ( 'NONE',  ( 739.7536801363244200, 1279.677240896639400, 123.5569902902647400 ) ) ;
#673 = AXIS2_PLACEMENT_3D ( 'NONE', #298, #2148, #1354 ) ;
#674 = ORIENTED_EDGE ( 'NONE', *, *, #2269, .T. ) ;
#675 = CARTESIAN_POINT ( 'NONE',  ( 1025.400000000000100, 1286.749999999999500, -150.2554075566002600 ) ) ;
#676 = ORIENTED_EDGE ( 'NONE', *, *, #1716, .T. ) ;
#677 = CARTESIAN_POINT ( 'NONE',  ( -747.2068548488150600, -1056.923801792781400, -64.84243018349332000 ) ) ;
#678 = CARTESIAN_POINT ( 'NONE',  ( -1000.000000000000000, -1110.750000000000500, 154.5855345755221600 ) ) ;
#679 = CARTESIAN_POINT ( 'NONE',  ( -735.0005641115265000, -1052.997179441893200, -4.719909396105972400 ) ) ;
#680 = CARTESIAN_POINT ( 'NONE',  ( -723.0656908717505800, -1265.006776011472500, -131.9330221092107500 ) ) ;
#681 = CARTESIAN_POINT ( 'NONE',  ( 726.9352225721721700, 1283.609338207908600, -108.6204108374569300 ) ) ;
#682 = DIRECTION ( 'NONE',  ( -1.000000000000000000, 0.0000000000000000000, 0.0000000000000000000 ) ) ;
#683 = FACE_OUTER_BOUND ( 'NONE', #2369, .T. ) ;
#684 = CARTESIAN_POINT ( 'NONE',  ( 739.5339826748686400, 1122.313196520867000, -124.8871212118047800 ) ) ;
#685 = FACE_BOUND ( 'NONE', #927, .T. ) ;
#686 = DIRECTION ( 'NONE',  ( 0.0000000000000000000, 0.0000000000000000000, -1.000000000000000000 ) ) ;
#687 = CARTESIAN_POINT ( 'NONE',  ( 0.0000000000000000000, -1985.000000000000200, -250.0000000000000000 ) ) ;
#688 = VERTEX_POINT ( 'NONE', #1671 ) ;
#689 = CARTESIAN_POINT ( 'NONE',  ( -732.4906603377303300, -1066.108999931307400, -60.69319430553219500 ) ) ;
#690 = CARTESIAN_POINT ( 'NONE',  ( 743.9332467421065800, 1312.010202515815800, 95.20595329688545400 ) ) ;
#691 = DIRECTION ( 'NONE',  ( 0.0000000000000000000, 0.0000000000000000000, -1.000000000000000000 ) ) ;
#692 = CARTESIAN_POINT ( 'NONE',  ( -1000.000000000000000, -1045.414465424476700, -89.24999999999805300 ) ) ;
#693 = CARTESIAN_POINT ( 'NONE',  ( -1025.400000000000100, -1199.999999999998200, -178.5000000000001100 ) ) ;
#694 = AXIS2_PLACEMENT_3D ( 'NONE', #1591, #31, #2064 ) ;
#695 = EDGE_LOOP ( 'NONE', ( #2139 ) ) ;
#696 = PLANE ( 'NONE',  #1079 ) ;
#697 = DIRECTION ( 'NONE',  ( 0.0000000000000000000, 0.0000000000000000000, 1.000000000000000000 ) ) ;
#698 = ORIENTED_EDGE ( 'NONE', *, *, #2141, .T. ) ;
#699 = CARTESIAN_POINT ( 'NONE',  ( -730.8907242839441100, -1075.131620414327200, -77.71579947553937000 ) ) ;
#700 =( NAMED_UNIT ( * ) SI_UNIT ( $, .STERADIAN. ) SOLID_ANGLE_UNIT ( ) );
#701 = CARTESIAN_POINT ( 'NONE',  ( -720.1988397179724200, -1190.323671716138700, -146.7612665855340600 ) ) ;
#702 = CARTESIAN_POINT ( 'NONE',  ( 736.4342406617541900, 1238.077303299284900, 142.0034073653275800 ) ) ;
#703 = DIRECTION ( 'NONE',  ( 1.000000000000000000, 0.0000000000000000000, 0.0000000000000000000 ) ) ;
#704 = DIRECTION ( 'NONE',  ( 1.000000000000000000, 0.0000000000000000000, 0.0000000000000000000 ) ) ;
#705 = CARTESIAN_POINT ( 'NONE',  ( -734.8089777163111200, -1053.958037008463000, -16.79934212355757600 ) ) ;
#706 = CARTESIAN_POINT ( 'NONE',  ( -720.1988397179729900, -1190.323671716138100, -146.7612665855339700 ) ) ;
#707 = DIRECTION ( 'NONE',  ( -1.000000000000000000, 0.0000000000000000000, 0.0000000000000000000 ) ) ;
#708 = EDGE_CURVE ( 'NONE', #1, #1, #838, .T. ) ;
#709 = CARTESIAN_POINT ( 'NONE',  ( -1000.000000000000000, -1021.500000000000100, 9.999999999999856100 ) ) ;
#710 = ORIENTED_EDGE ( 'NONE', *, *, #1652, .T. ) ;
#711 = CARTESIAN_POINT ( 'NONE',  ( -723.8995880773728700, -1126.294068026923700, -127.2782749602710500 ) ) ;
#712 = CARTESIAN_POINT ( 'NONE',  ( 726.9193065074547300, 1283.420012324884700, -108.6975487860954100 ) ) ;
#713 = AXIS2_PLACEMENT_3D ( 'NONE', #656, #81, #2257 ) ;
#714 = EDGE_LOOP ( 'NONE', ( #641 ) ) ;
#715 = CARTESIAN_POINT ( 'NONE',  ( -725.9282249868413100, -1108.571288420050200, 115.1330355424553900 ) ) ;
#716 = DIRECTION ( 'NONE',  ( -1.000000000000000000, -0.0000000000000000000, 0.0000000000000000000 ) ) ;
#717 = VERTEX_POINT ( 'NONE', #1430 ) ;
#718 = CARTESIAN_POINT ( 'NONE',  ( -728.1038980942967100, -1092.668894909203300, -100.4514594153747000 ) ) ;
#719 = CARTESIAN_POINT ( 'NONE',  ( -729.5269695384922700, -1316.631048027815700, -89.60796723180980900 ) ) ;
#720 = CARTESIAN_POINT ( 'NONE',  ( 732.8236698929980500, 1324.801600919026700, 56.55679985464120600 ) ) ;
#721 = FACE_OUTER_BOUND ( 'NONE', #664, .T. ) ;
#722 = CARTESIAN_POINT ( 'NONE',  ( -730.6626719343695400, -1076.499600902427800, 79.73780868461871300 ) ) ;
#723 = EDGE_CURVE ( 'NONE', #1409, #1409, #1031, .T. ) ;
#724 = CARTESIAN_POINT ( 'NONE',  ( -745.3959964611083300, -1333.284116929618000, -82.98202303258986500 ) ) ;
#725 = CARTESIAN_POINT ( 'NONE',  ( 734.6730816552901600, 1064.762103998047500, -22.36190445673071600 ) ) ;
#726 = CIRCLE ( 'NONE', #2175, 10.00000000000000900 ) ;
#727 = EDGE_LOOP ( 'NONE', ( #1199 ) ) ;
#728 = CARTESIAN_POINT ( 'NONE',  ( 731.4328894747569600, 1316.378931168721700, 72.42103528150173000 ) ) ;
#729 = EDGE_LOOP ( 'NONE', ( #956 ) ) ;
#730 = CARTESIAN_POINT ( 'NONE',  ( -749.8161822639816600, -1356.119577967473100, 16.65422571313988700 ) ) ;
#731 = CARTESIAN_POINT ( 'NONE',  ( 733.4254223048981200, 1071.704561246089500, 48.26473310704618300 ) ) ;
#732 = CARTESIAN_POINT ( 'NONE',  ( -733.1610528764334700, -1337.511143118285200, -51.97263457637760100 ) ) ;
#733 = CARTESIAN_POINT ( 'NONE',  ( 731.9793981325110500, 1319.745243007228300, -66.59643118408608600 ) ) ;
#734 = EDGE_CURVE ( 'NONE', #2449, #2449, #1627, .T. ) ;
#735 = EDGE_LOOP ( 'NONE', ( #2568 ) ) ;
#736 = ORIENTED_EDGE ( 'NONE', *, *, #987, .F. ) ;
#737 = CARTESIAN_POINT ( 'NONE',  ( -736.2397896918805600, -1264.964867689318700, -143.0210250420147400 ) ) ;
#738 = ORIENTED_EDGE ( 'NONE', *, *, #408, .T. ) ;
#739 = CARTESIAN_POINT ( 'NONE',  ( 733.6912741158104200, 1070.198173486601900, 44.05044145517815200 ) ) ;
#740 = CARTESIAN_POINT ( 'NONE',  ( 734.9600517867227200, 1336.786209057040000, 8.890084671429507400 ) ) ;
#741 = AXIS2_PLACEMENT_3D ( 'NONE', #908, #2281, #1918 ) ;
#742 = CARTESIAN_POINT ( 'NONE',  ( -727.8415045513091900, -1305.546537301494900, -102.3458197997297700 ) ) ;
#743 = VERTEX_POINT ( 'NONE', #2448 ) ;
#744 = CARTESIAN_POINT ( 'NONE',  ( -746.7816782160060700, -1340.845746034131900, -69.55399322665407200 ) ) ;
#745 = CARTESIAN_POINT ( 'NONE',  ( 733.6823472147400500, 1070.248542080303400, -44.20063413605650000 ) ) ;
#746 = PRODUCT_CONTEXT ( 'NONE', #77, 'mechanical' ) ;
#747 = FACE_OUTER_BOUND ( 'NONE', #1778, .T. ) ;
#748 = CARTESIAN_POINT ( 'NONE',  ( 723.7257949557123300, 1248.374377278091300, 128.2537207988069700 ) ) ;
#749 = VERTEX_POINT ( 'NONE', #2472 ) ;
#750 = DIRECTION ( 'NONE',  ( 1.000000000000000000, 0.0000000000000000000, 0.0000000000000000000 ) ) ;
#751 = CARTESIAN_POINT ( 'NONE',  ( -733.1763486655141800, -1337.594323414950800, 51.79427492229859800 ) ) ;
#752 = CIRCLE ( 'NONE', #42, 10.00000000000009400 ) ;
#753 = FACE_BOUND ( 'NONE', #1128, .T. ) ;
#754 = CARTESIAN_POINT ( 'NONE',  ( 722.9777438780272400, 1164.513050431860200, -132.4007120516338900 ) ) ;
#755 = AXIS2_PLACEMENT_3D ( 'NONE', #693, #2277, #1287 ) ;
#756 = CARTESIAN_POINT ( 'NONE',  ( -734.5305182695760800, -1055.364960059304200, -26.37216561660216000 ) ) ;
#757 = EDGE_LOOP ( 'NONE', ( #115 ) ) ;
#758 = CARTESIAN_POINT ( 'NONE',  ( 732.8156632784712200, 1075.237453515337400, 56.77624913522534200 ) ) ;
#759 = DIRECTION ( 'NONE',  ( 0.0000000000000000000, 0.0000000000000000000, 1.000000000000000000 ) ) ;
#760 = CARTESIAN_POINT ( 'NONE',  ( -720.8165805060216400, -1231.015197085761200, -143.6959663682473000 ) ) ;
#761 =( GEOMETRIC_REPRESENTATION_CONTEXT ( 3 ) GLOBAL_UNCERTAINTY_ASSIGNED_CONTEXT ( ( #1291 ) ) GLOBAL_UNIT_ASSIGNED_CONTEXT ( ( #1664, #1110, #476 ) ) REPRESENTATION_CONTEXT ( 'NONE', 'WORKASPACE' ) );
#762 = CARTESIAN_POINT ( 'NONE',  ( 731.8032825411899000, 1081.322257908422000, 68.59111110649303100 ) ) ;
#763 = CARTESIAN_POINT ( 'NONE',  ( -732.5025371337067100, -1333.967290711579400, 60.70311180601434800 ) ) ;
#764 = UNCERTAINTY_MEASURE_WITH_UNIT (LENGTH_MEASURE( 1.000000000000000100E-005 ), #1240, 'distance_accuracy_value', 'NONE');
#765 = CARTESIAN_POINT ( 'NONE',  ( 722.5379531484095400, 1224.696670049881000, 134.7742814046868300 ) ) ;
#766 = CARTESIAN_POINT ( 'NONE',  ( -724.3175578751188400, -1122.310600632331000, 124.8854997826225700 ) ) ;
#767 = EDGE_LOOP ( 'NONE', ( #1264 ) ) ;
#768 = CARTESIAN_POINT ( 'NONE',  ( -730.8824020401518700, -1324.819777752806000, -77.79417923316410100 ) ) ;
#769 = EDGE_LOOP ( 'NONE', ( #576 ) ) ;
#770 = CARTESIAN_POINT ( 'NONE',  ( 736.6375325934482100, 1241.775380518501800, -140.9442242226648100 ) ) ;
#771 = CARTESIAN_POINT ( 'NONE',  ( 724.6444603200351400, 1260.573436552683900, 122.9634047625788000 ) ) ;
#772 = CARTESIAN_POINT ( 'NONE',  ( -728.1060310173528500, -1307.394388810325200, 100.4901398787710700 ) ) ;
#773 = CARTESIAN_POINT ( 'NONE',  ( 725.1730111181022900, 1133.488475510507200, 119.7925379217566900 ) ) ;
#774 = FACE_OUTER_BOUND ( 'NONE', #769, .T. ) ;
#775 = STYLED_ITEM ( 'NONE', ( #938 ), #2228 ) ;
#776 = CARTESIAN_POINT ( 'NONE',  ( -733.4727782830359500, -1339.165239486229400, -47.41213321405493300 ) ) ;
#777 = TOROIDAL_SURFACE ( 'NONE', #1818, 250.0000000000000000, 500.0000000000003400 ) ;
#778 = CARTESIAN_POINT ( 'NONE',  ( 1025.400999999999800, -1200.000000000000000, -1.469576158976823800E-013 ) ) ;
#779 = FACE_OUTER_BOUND ( 'NONE', #2440, .T. ) ;
#780 = CARTESIAN_POINT ( 'NONE',  ( 722.2875695070393900, 1184.239758967171200, 136.1092147874316000 ) ) ;
#781 = CARTESIAN_POINT ( 'NONE',  ( 725.9239065454366900, 1125.750679992471500, 115.1567398431527200 ) ) ;
#782 = FACE_OUTER_BOUND ( 'NONE', #1348, .T. ) ;
#783 = DIRECTION ( 'NONE',  ( 0.0000000000000000000, 1.000000000000000000, 0.0000000000000000000 ) ) ;
#784 = ORIENTED_EDGE ( 'NONE', *, *, #2027, .T. ) ;
#785 = CARTESIAN_POINT ( 'NONE',  ( -925.4000000000000900, -1045.414465424477600, 89.25000000000005700 ) ) ;
#786 = FACE_BOUND ( 'NONE', #1341, .T. ) ;
#787 = EDGE_LOOP ( 'NONE', ( #1045 ) ) ;
#788 = CARTESIAN_POINT ( 'NONE',  ( 736.4475924141384000, 1238.280731016114300, -141.9332703043206700 ) ) ;
#789 = CARTESIAN_POINT ( 'NONE',  ( 724.1762792306075200, 1145.414773761783900, 125.6760812385081200 ) ) ;
#790 = CARTESIAN_POINT ( 'NONE',  ( -735.6568128853407400, -1257.840711196389700, -145.9796699468306300 ) ) ;
#791 = AXIS2_PLACEMENT_3D ( 'NONE', #445, #2224, #2406 ) ;
#792 = CARTESIAN_POINT ( 'NONE',  ( -734.0331889477076900, -1342.093715706791300, 37.97197170562658600 ) ) ;
#793 = CARTESIAN_POINT ( 'NONE',  ( 729.0162176070052700, 1099.908160082459500, -93.65076144181247700 ) ) ;
#794 = CARTESIAN_POINT ( 'NONE',  ( -728.5886722174212800, -1310.609865423354900, 96.94133327619081800 ) ) ;
#795 = ORIENTED_EDGE ( 'NONE', *, *, #1638, .T. ) ;
#796 = CARTESIAN_POINT ( 'NONE',  ( 729.9517933985573600, 1306.649503602814500, -86.00083383199675800 ) ) ;
#797 = CARTESIAN_POINT ( 'NONE',  ( -742.8065480003323300, -1082.053988690072200, 103.6310952935480600 ) ) ;
#798 = EDGE_LOOP ( 'NONE', ( #365 ) ) ;
#799 = DIRECTION ( 'NONE',  ( 1.000000000000000000, -0.0000000000000000000, 0.0000000000000000000 ) ) ;
#800 = EDGE_CURVE ( 'NONE', #2056, #2056, #382, .T. ) ;
#801 =( GEOMETRIC_REPRESENTATION_CONTEXT ( 3 ) GLOBAL_UNCERTAINTY_ASSIGNED_CONTEXT ( ( #648 ) ) GLOBAL_UNIT_ASSIGNED_CONTEXT ( ( #961, #1088, #146 ) ) REPRESENTATION_CONTEXT ( 'NONE', 'WORKASPACE' ) );
#802 = CARTESIAN_POINT ( 'NONE',  ( 733.4032104513100900, 1328.157833634368000, 48.43391357577594600 ) ) ;
#803 = CARTESIAN_POINT ( 'NONE',  ( -740.6529416625682000, -1303.590869823958900, 118.0847371616106900 ) ) ;
#804 = CYLINDRICAL_SURFACE ( 'NONE', #1727, 10.00000000000000900 ) ;
#805 = CARTESIAN_POINT ( 'NONE',  ( 726.5289255788191000, 1119.986274493158800, -111.2977708840994400 ) ) ;
#806 = PRODUCT_RELATED_PRODUCT_CATEGORY ( 'part', '', ( #952 ) ) ;
#807 = FACE_OUTER_BOUND ( 'NONE', #2022, .T. ) ;
#808 = CARTESIAN_POINT ( 'NONE',  ( -732.6705808058610500, -1065.128163074021600, -58.48120500310988500 ) ) ;
#809 = DIRECTION ( 'NONE',  ( 0.0000000000000000000, 0.0000000000000000000, -1.000000000000000000 ) ) ;
#810 = AXIS2_PLACEMENT_3D ( 'NONE', #1607, #415, #1071 ) ;
#811 = CIRCLE ( 'NONE', #2353, 10.00000000000002500 ) ;
#812 = CARTESIAN_POINT ( 'NONE',  ( 734.9998359257869000, 1336.999119747599900, 1.233120302311731000 ) ) ;
#813 = CARTESIAN_POINT ( 'NONE',  ( -739.0701224726369700, -1291.604590486885200, 127.6075309947521700 ) ) ;
#814 = ORIENTED_EDGE ( 'NONE', *, *, #1547, .F. ) ;
#815 = EDGE_LOOP ( 'NONE', ( #455 ) ) ;
#816 = DIRECTION ( 'NONE',  ( 1.000000000000000000, 0.0000000000000000000, 0.0000000000000000000 ) ) ;
#817 = CARTESIAN_POINT ( 'NONE',  ( -725.0106933389802200, -1283.836168437953300, 120.7740202460065300 ) ) ;
#818 = EDGE_LOOP ( 'NONE', ( #1897 ) ) ;
#819 = CARTESIAN_POINT ( 'NONE',  ( 740.4261706210861600, 1114.235714856527700, 119.4837205694582600 ) ) ;
#820 = ADVANCED_FACE ( 'NONE', ( #417, #1259 ), #1543, .T. ) ;
#821 = ORIENTED_EDGE ( 'NONE', *, *, #835, .F. ) ;
#822 = CARTESIAN_POINT ( 'NONE',  ( 733.6842943031914500, 1329.758245158989900, -44.01000172167364600 ) ) ;
#823 = CARTESIAN_POINT ( 'NONE',  ( -734.2488551458943700, -1164.335213608640500, 152.9009577352019000 ) ) ;
#824 = AXIS2_PLACEMENT_3D ( 'NONE', #865, #1286, #1078 ) ;
#825 = CARTESIAN_POINT ( 'NONE',  ( 729.4352303197085800, 1096.909310998070600, -90.34085707759429300 ) ) ;
#826 = CARTESIAN_POINT ( 'NONE',  ( 0.0000000000000000000, 1499.999999999999300, -750.0000000000000000 ) ) ;
#827 = CARTESIAN_POINT ( 'NONE',  ( 737.9568498555900100, 1139.221273551824400, 133.8685759484833400 ) ) ;
#828 = EDGE_LOOP ( 'NONE', ( #325 ) ) ;
#829 = DIRECTION ( 'NONE',  ( 0.0000000000000000000, 0.0000000000000000000, 1.000000000000000000 ) ) ;
#830 = EDGE_LOOP ( 'NONE', ( #82 ) ) ;
#831 = CARTESIAN_POINT ( 'NONE',  ( -741.1951720419050400, -1307.388425034231700, 114.6442841257568700 ) ) ;
#832 = CARTESIAN_POINT ( 'NONE',  ( -1.763034163104748600E-012, -1985.000000000000200, 0.0000000000000000000 ) ) ;
#833 = CARTESIAN_POINT ( 'NONE',  ( -1000.000000000000000, -1021.500000000000100, -1.469576158976823800E-013 ) ) ;
#834 = CARTESIAN_POINT ( 'NONE',  ( 1025.400000000000100, 1210.000000000001800, 173.4999999999998900 ) ) ;
#835 = EDGE_CURVE ( 'NONE', #122, #122, #1338, .T. ) ;
#836 = CARTESIAN_POINT ( 'NONE',  ( 749.0457914087123800, 1057.942029076513100, 38.09874981911169600 ) ) ;
#837 = DIRECTION ( 'NONE',  ( -1.000000000000000000, 0.0000000000000000000, 0.0000000000000000000 ) ) ;
#838 = B_SPLINE_CURVE_WITH_KNOTS ( 'NONE', 3,
 ( #1158, #395, #949, #554, #1796, #2328, #142, #1943, #2534, #339, #1751, #1541, #790, #737, #594, #1357, #1998, #2335, #545, #149, #1366, #2184, #1526, #1744, #1948, #991, #326, #2136, #941, #724, #934, #531, #2375, #744, #1550, #2527, #1936, #1197, #4, #2122, #120, #924, #1956, #1149, #352, #1555, #1729, #538, #2319, #730, #1136, #2142, #2512, #1344, #129, #1533, #332, #2129, #1737, #2323, #1143, #2519, #1349, #135, #201, #1619, #1612, #2017, #1438, #2196, #16, #1411, #610, #1030, #225, #831, #803, #2200, #813, #2407, #217, #1015, #2010, #616, #424, #2226, #1817, #1008, #27, #37, #1828, #999, #1428, #2207, #2401, #2025, #2414, #1238, #625, #2389, #2381, #604, #430, #823, #438, #2217, #1837, #1626, #1215, #1221, #1024, #634, #2034, #1231, #1403, #194, #1206, #1595, #207, #404, #1606, #414, #1803, #2004, #797, #1811, #22, #1420, #1481, #1069, #269, #866, #471, #1666, #2250, #65, #1856, #2455, #251, #1660, #1463, #74, #2468, #485, #1875, #1472, #668, #1039, #2068, #2259, #43, #1846, #1277, #1048, #851, #1883, #2055, #2443, #1866, #677, #55, #658, #858, #2078, #2268, #1445, #877, #2238, #2234, #233, #1081, #1246, #1651, #639, #2435, #1633, #1258, #1058, #447, #2042, #1268, #841, #2423, #47, #1455, #258, #461, #241, #1643, #454, #649, #2048, #112, #886 ),
 .UNSPECIFIED., .T., .F.,
 ( 4, 2, 2, 2, 2, 2, 2, 2, 2, 2, 2, 2, 2, 2, 2, 2, 2, 2, 2, 2, 2, 2, 2, 2, 2, 2, 2, 2, 2, 2, 2, 2, 2, 2, 2, 2, 2, 2, 2, 2, 2, 2, 2, 2, 2, 2, 2, 2, 2, 2, 2, 2, 2, 2, 2, 2, 2, 2, 2, 2, 2, 2, 2, 2, 2, 2, 2, 2, 2, 2, 2, 2, 2, 2, 2, 2, 2, 2, 2, 2, 2, 2, 2, 2, 2, 2, 2, 2, 2, 2, 2, 2, 2, 2, 2, 2, 4 ),
 ( 0.0000000000000000000, 0.01537971611374142200, 0.03075943222748284500, 0.04613914834122426900, 0.04998407736965977700, 0.05382900639809527800, 0.06151886445496566200, 0.07689858056870585400, 0.09227829668244605400, 0.09996815473931590400, 0.1076580127961857800, 0.1230377289099254800, 0.1384174450236652100, 0.1537971611374049900, 0.1576420901658399700, 0.1614870191942749400, 0.1691768772511448300, 0.1845565933648850600, 0.1999363094786252300, 0.2076261675354953200, 0.2114710965639302600, 0.2153160255923652100, 0.2306957417061049900, 0.2460754578198447700, 0.2614551739335845800, 0.2653001029620194500, 0.2691450319904544200, 0.2768348900473240900, 0.2922146061610637600, 0.3075943222748033200, 0.3114392513032381800, 0.3152841803316731600, 0.3229740383885430500, 0.3383537545022828300, 0.3537334706160227300, 0.3614233286728924500, 0.3652682577013273100, 0.3691131867297621800, 0.3844929028435016300, 0.3998726189572410800, 0.4152523350709805300, 0.4229421931278502500, 0.4306320511847199800, 0.4460117672984587600, 0.4613914834121974300, 0.4690813414690672100, 0.4729262704975020800, 0.4767711995259369400, 0.4921509156396763300, 0.5075306317534157300, 0.5229103478671550700, 0.5267552768955894300, 0.5306002059240240200, 0.5382900639808924100, 0.5536697800946297500, 0.5690494962083670900, 0.5728944252368012300, 0.5767393542652352600, 0.5844292123221032100, 0.5998089284358387700, 0.6151886445495742300, 0.6228785026064419500, 0.6267234316348762000, 0.6305683606633103500, 0.6459480767770461300, 0.6613277928907819200, 0.6767075090045174800, 0.6805524380329515100, 0.6843973670613854300, 0.6920872251182530500, 0.7074669412319885000, 0.7228466573457239500, 0.7305365154025916800, 0.7382263734594594100, 0.7536060895731948600, 0.7689858056869303100, 0.7843655218006656500, 0.7882104508290995700, 0.7920553798575334900, 0.7997452379144010000, 0.8151249540281363400, 0.8305046701418716800, 0.8381945281987394100, 0.8458843862556070200, 0.8612641023693428100, 0.8766438184830787100, 0.8843336765399465400, 0.8881786055683804600, 0.8920235345968144900, 0.9074032507105511700, 0.9227829668242878400, 0.9381626829380245200, 0.9420076119664588800, 0.9458525409948931300, 0.9535423990517615200, 0.9689221151654983100, 0.9843018312792351000 ),
 .UNSPECIFIED. ) ;
#839 = FACE_OUTER_BOUND ( 'NONE', #357, .T. ) ;
#840 = AXIS2_PLACEMENT_3D ( 'NONE', #647, #2422, #829 ) ;
#841 = CARTESIAN_POINT ( 'NONE',  ( -735.4739569641483300, -1144.384583794220100, -146.9083717233001800 ) ) ;
#842 = SURFACE_STYLE_FILL_AREA ( #2295 ) ;
#843 = DIRECTION ( 'NONE',  ( 0.0000000000000000000, 0.0000000000000000000, -1.000000000000000000 ) ) ;
#844 = FILL_AREA_STYLE ('',( #450 ) ) ;
#845 = CARTESIAN_POINT ( 'NONE',  ( -1.763034163104748600E-012, 1985.000000000000200, 0.0000000000000000000 ) ) ;
#846 = CARTESIAN_POINT ( 'NONE',  ( 749.9549131847302300, 1053.229467624836800, 9.541033028285973200 ) ) ;
#847 = CYLINDRICAL_SURFACE ( 'NONE', #657, 10.00000000000000900 ) ;
#848 = EDGE_LOOP ( 'NONE', ( #1456 ) ) ;
#849 = CARTESIAN_POINT ( 'NONE',  ( -1025.400999999999800, 1200.000000000000000, 0.0000000000000000000 ) ) ;
#850 = ORIENTED_EDGE ( 'NONE', *, *, #1849, .T. ) ;
#851 = CARTESIAN_POINT ( 'NONE',  ( -748.4632815386150900, -1050.512735322130500, -48.00245862040798500 ) ) ;
#852 = DIRECTION ( 'NONE',  ( -0.0000000000000000000, -1.000000000000000000, -0.0000000000000000000 ) ) ;
#853 = EDGE_CURVE ( 'NONE', #2517, #2517, #1141, .T. ) ;
#854 = DIRECTION ( 'NONE',  ( 1.000000000000000000, 0.0000000000000000000, 0.0000000000000000000 ) ) ;
#855 = CARTESIAN_POINT ( 'NONE',  ( 748.9079032424778000, 1058.675825428944800, -40.52499724302136700 ) ) ;
#856 = CARTESIAN_POINT ( 'NONE',  ( 1000.000000000000000, 1026.500000000000000, 0.0000000000000000000 ) ) ;
#857 = DIRECTION ( 'NONE',  ( 1.000000000000000000, 0.0000000000000000000, 0.0000000000000000000 ) ) ;
#858 = CARTESIAN_POINT ( 'NONE',  ( -745.4196150898089900, -1066.556035867601400, -82.87414247812542100 ) ) ;
#859 = EDGE_LOOP ( 'NONE', ( #1520 ) ) ;
#860 = DIRECTION ( 'NONE',  ( 0.0000000000000000000, 0.0000000000000000000, -1.000000000000000000 ) ) ;
#861 = PLANE ( 'NONE',  #1289 ) ;
#862 = EDGE_LOOP ( 'NONE', ( #1156 ) ) ;
#863 = CARTESIAN_POINT ( 'NONE',  ( 748.2762513312105700, 1337.936617489699500, 50.83265339829534200 ) ) ;
#864 = DIRECTION ( 'NONE',  ( 1.000000000000000000, 0.0000000000000000000, 0.0000000000000000000 ) ) ;
#865 = CARTESIAN_POINT ( 'NONE',  ( 1000.000000000000000, 1049.744592443399100, -86.74999999999921800 ) ) ;
#866 = CARTESIAN_POINT ( 'NONE',  ( -746.7668390514410200, -1059.233007692533400, 69.71201936193838800 ) ) ;
#867 = VERTEX_POINT ( 'NONE', #1637 ) ;
#868 = CARTESIAN_POINT ( 'NONE',  ( 0.0000000000000000000, 1985.000000000000200, 0.0000000000000000000 ) ) ;
#869 = DIRECTION ( 'NONE',  ( 0.0000000000000000000, 0.0000000000000000000, -1.000000000000000000 ) ) ;
#870 = CARTESIAN_POINT ( 'NONE',  ( -729.9894261540256400, -1080.519542381441200, 85.77155533246762800 ) ) ;
#871 = CARTESIAN_POINT ( 'NONE',  ( -720.1499843782552300, -1200.000000000000000, 146.9999999999998000 ) ) ;
#872 = CARTESIAN_POINT ( 'NONE',  ( -732.3984070778003600, -1066.614517673171600, -61.79630272703132500 ) ) ;
#873 = CARTESIAN_POINT ( 'NONE',  ( 743.6970497408935900, 1310.430573903655600, 97.03374339945941100 ) ) ;
#874 = CARTESIAN_POINT ( 'NONE',  ( 723.3356127949206200, 1241.947043381442200, -130.4251551676301500 ) ) ;
#875 = FACE_BOUND ( 'NONE', #2108, .T. ) ;
#876 = VERTEX_POINT ( 'NONE', #518 ) ;
#877 = CARTESIAN_POINT ( 'NONE',  ( -743.6272334248523100, -1076.983559198155300, -97.58356301799582900 ) ) ;
#878 = CIRCLE ( 'NONE', #1023, 9.999999999999996400 ) ;
#879 = CARTESIAN_POINT ( 'NONE',  ( 925.4000000000000900, 1113.250000000001400, 150.2554075566009400 ) ) ;
#880 = CARTESIAN_POINT ( 'NONE',  ( -734.9539868877933500, -1053.229498968268400, -9.541921286006113300 ) ) ;
#881 = FACE_OUTER_BOUND ( 'NONE', #250, .T. ) ;
#882 = CARTESIAN_POINT ( 'NONE',  ( 1000.000000000000000, 1200.000000000000000, -199.9999999999999700 ) ) ;
#883 = CARTESIAN_POINT ( 'NONE',  ( -724.3202964288010400, -1277.641279958199200, -124.8467376861286200 ) ) ;
#884 = EDGE_LOOP ( 'NONE', ( #2564 ) ) ;
#885 = CARTESIAN_POINT ( 'NONE',  ( 748.6452747746724300, 1339.925774400655900, 45.11741431351558200 ) ) ;
#886 = CARTESIAN_POINT ( 'NONE',  ( -733.3832558764892200, -1200.000000000000500, -157.0000000000000900 ) ) ;
#887 = ADVANCED_FACE ( 'NONE', ( #1109, #1003 ), #631, .T. ) ;
#888 = CARTESIAN_POINT ( 'NONE',  ( 1000.000000000000000, 1200.000000000001800, 173.5000000000000000 ) ) ;
#889 = DIRECTION ( 'NONE',  ( 1.000000000000000000, 0.0000000000000000000, 0.0000000000000000000 ) ) ;
#890 = CARTESIAN_POINT ( 'NONE',  ( -1000.000000000000000, -1045.414465424476700, -79.24999999999803900 ) ) ;
#891 = CARTESIAN_POINT ( 'NONE',  ( -728.8085449183664700, -1312.011180407895800, -95.20480441975905700 ) ) ;
#892 = CARTESIAN_POINT ( 'NONE',  ( 925.4000000000000900, 1049.744592443400500, 86.75000000000122200 ) ) ;
#893 = AXIS2_PLACEMENT_3D ( 'NONE', #2248, #2084, #2453 ) ;
#894 = DIRECTION ( 'NONE',  ( -0.0000000000000000000, -1.000000000000000000, -0.0000000000000000000 ) ) ;
#895 = EDGE_LOOP ( 'NONE', ( #2412 ) ) ;
#896 = CARTESIAN_POINT ( 'NONE',  ( 737.2778070405358900, 1148.108275219817400, -137.5577277897895700 ) ) ;
#897 = DIRECTION ( 'NONE',  ( 0.0000000000000000000, 0.0000000000000000000, -1.000000000000000000 ) ) ;
#898 = EDGE_LOOP ( 'NONE', ( #2434 ) ) ;
#899 = ADVANCED_FACE ( 'NONE', ( #14, #66 ), #1170, .F. ) ;
#900 = FILL_AREA_STYLE_COLOUR ( '', #1161 ) ;
#901 = CARTESIAN_POINT ( 'NONE',  ( -728.5883597803207300, -1089.421721821697200, -96.88782482675587500 ) ) ;
#902 = CARTESIAN_POINT ( 'NONE',  ( 735.6853320344210900, 1219.098779226066200, 145.8331918842263200 ) ) ;
#903 = CARTESIAN_POINT ( 'NONE',  ( -734.0261498652961300, -1057.942772655988600, -38.10156080702399400 ) ) ;
#904 = DIRECTION ( 'NONE',  ( 0.0000000000000000000, 0.0000000000000000000, 1.000000000000000000 ) ) ;
#905 = EDGE_CURVE ( 'NONE', #536, #536, #479, .T. ) ;
#906 = FACE_BOUND ( 'NONE', #1871, .T. ) ;
#907 = DIRECTION ( 'NONE',  ( 0.0000000000000000000, 0.0000000000000000000, 1.000000000000000000 ) ) ;
#908 = CARTESIAN_POINT ( 'NONE',  ( 1000.000000000000000, 1286.750000000001800, 150.2554075565989500 ) ) ;
#909 = CARTESIAN_POINT ( 'NONE',  ( -1000.000000000000000, -1200.000000000000700, 188.4999999999996600 ) ) ;
#910 = CIRCLE ( 'NONE', #564, 10.00000000000000400 ) ;
#911 = CARTESIAN_POINT ( 'NONE',  ( -724.3315229999403800, -1122.181339306287300, -124.8043522798988800 ) ) ;
#912 = CARTESIAN_POINT ( 'NONE',  ( 729.0085816539070700, 1300.036334074970200, -93.71019014318292800 ) ) ;
#913 = CARTESIAN_POINT ( 'NONE',  ( -730.5511619142204200, -1077.160923297101800, 80.75283246323435500 ) ) ;
#914 = ADVANCED_FACE ( 'NONE', ( #1858 ), #1835, .F. ) ;
#915 = PRESENTATION_LAYER_ASSIGNMENT (  '', '', ( #775 ) ) ;
#916 = CIRCLE ( 'NONE', #1565, 250.0000000000000000 ) ;
#917 = ORIENTED_EDGE ( 'NONE', *, *, #1177, .F. ) ;
#918 = CIRCLE ( 'NONE', #2261, 250.0000000000000000 ) ;
#919 = CARTESIAN_POINT ( 'NONE',  ( 722.1191037495139000, 1199.999999999999800, -136.9999999999999100 ) ) ;
#920 = EDGE_LOOP ( 'NONE', ( #159 ) ) ;
#921 = CARTESIAN_POINT ( 'NONE',  ( -728.8282517424391900, -1087.853331905532300, -95.06772182493986600 ) ) ;
#922 = CARTESIAN_POINT ( 'NONE',  ( 728.8030974530315700, 1298.481200048780900, 95.24559133092137100 ) ) ;
#923 = CARTESIAN_POINT ( 'NONE',  ( -728.0975636156554200, -1092.662892873642200, 100.5514898818049500 ) ) ;
#924 = CARTESIAN_POINT ( 'NONE',  ( -749.2639436554151200, -1353.445544563811200, -33.24375472892369000 ) ) ;
#925 = CARTESIAN_POINT ( 'NONE',  ( 724.3276464596203800, 1143.328745162222300, -124.8099034138912900 ) ) ;
#926 = ADVANCED_FACE ( 'NONE', ( #602, #2158 ), #2246, .F. ) ;
#927 = EDGE_LOOP ( 'NONE', ( #1464 ) ) ;
#928 = CARTESIAN_POINT ( 'NONE',  ( -729.9918143175857500, -1319.494519861615300, -85.74946625993419500 ) ) ;
#929 = CARTESIAN_POINT ( 'NONE',  ( 734.2904582017810100, 1333.141091936138800, -32.30673994077738300 ) ) ;
#930 = AXIS2_PLACEMENT_3D ( 'NONE', #2432, #428, #1255 ) ;
#931 = CLOSED_SHELL ( 'NONE', ( #1925, #652, #338, #2312, #1734, #267, #1305, #1739, #1322, #1525, #2562, #315, #300, #2476, #899, #1271, #502, #1907, #1950, #2508, #1720, #1083, #1325, #2489, #1336, #1894, #1090, #341, #1939, #329, #2121, #114, #1705, #1682, #1148, #2506, #983, #2110, #2282, #926, #1352, #8, #522, #2242 ) ) ;
#932 = B_SPLINE_CURVE_WITH_KNOTS ( 'NONE', 3,
 ( #919, #1335, #546, #1534, #353, #1527, #754, #2324, #333, #2137, #2144, #144, #1144, #925, #1760, #2130, #533, #327, #1752, #1150, #539, #2528, #121, #2329, #555, #2535, #1957, #1367, #950, #1738, #340, #1351, #2336, #1345, #745, #1937, #1945, #1159, #150, #1745, #562, #725, #2123, #1557, #360, #1964, #1949, #2311, #1129, #2507, #1730, #2320, #1137, #2514, #130, #739, #731, #935, #2520, #136, #1542, #762, #2183, #2003, #990, #1188, #2174, #2565, #569, #1396, #184, #1594, #957, #1180, #2558, #160, #374, #2541, #3, #1588, #982, #973, #789, #2367, #1389, #1776, #1166, #1971, #394, #586, #780, #1795, #1402, #2549, #2374, #1381, #1996, #2360, #577, #1196, #1980, #1990, #168, #193, #593, #385, #771, #403, #1785, #1802, #964, #603, #177, #1580, #2151, #366, #2159, #2352, #1572, #2345, #1372, #1563, #1769, #1175, #2167, #1618, #609, #1427, #1214, #802, #216, #1007, #1419, #1605, #2009, #615, #15, #2195, #2388, #2199, #21, #413, #812, #206, #1611, #429, #1410, #200, #1810, #423, #822, #1827, #2024, #1816, #2016, #2206, #26, #1014, #2400, #2216, #2380, #1205, #796, #1220, #624, #998, #299, #681, #2164, #2169, #1185, #2429, #51, #1645, #1028, #1654, #1461, #458, #1832, #245, #1863, #654, #464, #60, #637, #2045 ),
 .UNSPECIFIED., .T., .F.,
 ( 4, 2, 2, 2, 2, 2, 2, 2, 2, 2, 2, 2, 2, 2, 2, 2, 2, 2, 2, 2, 2, 2, 2, 2, 2, 2, 2, 2, 2, 2, 2, 2, 2, 2, 2, 2, 2, 2, 2, 2, 2, 2, 2, 2, 2, 2, 2, 2, 2, 2, 2, 2, 2, 2, 2, 2, 2, 2, 2, 2, 2, 2, 2, 2, 2, 2, 2, 2, 2, 2, 2, 2, 2, 2, 2, 2, 2, 2, 2, 2, 2, 2, 2, 2, 2, 2, 2, 2, 2, 2, 2, 2, 4 ),
 ( 0.0000000000000000000, 0.01341275987589303500, 0.02682551975178607000, 0.04023827962767910500, 0.04359146959665267200, 0.04694465956562624000, 0.05365103950357402000, 0.06706379937946956000, 0.08047655925536509300, 0.08718293919331286700, 0.09388931913126062600, 0.1073020790071556700, 0.1207148388830507100, 0.1341275987589457500, 0.1408339786968932600, 0.1475403586348408000, 0.1609531185107361300, 0.1743658783866314800, 0.1810722583245790700, 0.1844254482935528700, 0.1877786382625266600, 0.2011913981384220200, 0.2146041580143173400, 0.2280169178902126400, 0.2313701078591865500, 0.2347232978281604500, 0.2414296777661082400, 0.2548424376420037100, 0.2682551975178991700, 0.2749615774558467600, 0.2816679573937943500, 0.2950807172696893700, 0.3084934771455842800, 0.3151998570835319900, 0.3185530470525056400, 0.3219062370214792500, 0.3353189968973732700, 0.3487317567732672300, 0.3621445166491612500, 0.3654977066181343000, 0.3688508965871074600, 0.3755572765250542700, 0.3889700364009479000, 0.4023827962768415900, 0.4090891762147883500, 0.4157955561527352200, 0.4292083160286288000, 0.4426210759045223800, 0.4560338357804159500, 0.4593870257493888900, 0.4627402157183617700, 0.4694465956563076400, 0.4828593555321993300, 0.4962721154080910200, 0.5029784953460368900, 0.5096848752839826500, 0.5230976351598744000, 0.5365103950357659200, 0.5432167749737114600, 0.5465699649426842800, 0.5499231549116570000, 0.5633359147875489600, 0.5767486746634409300, 0.5901614345393331200, 0.5935146245083061700, 0.5968678144772792100, 0.6035741944152250800, 0.6169869542911168300, 0.6303997141670084600, 0.6371060941049543300, 0.6404592840739271600, 0.6438124740429001000, 0.6572252339187917300, 0.6706379937946833600, 0.6840507536705748800, 0.6907571336085208700, 0.6974635135464667400, 0.7108762734223589300, 0.7242890332982510100, 0.7309954132361967700, 0.7343486032051697000, 0.7377017931741425300, 0.7511145530500346100, 0.7645273129259266800, 0.7779400728018188700, 0.7846464527397648500, 0.7913528326777109500, 0.8047655925536030300, 0.8181783524294949900, 0.8248847323674410900, 0.8315911123053871800, 0.8450038721812792600, 0.8584166320571712200 ),
 .UNSPECIFIED. ) ;
#933 = ADVANCED_FACE ( 'NONE', ( #1571, #101 ), #572, .T. ) ;
#934 = CARTESIAN_POINT ( 'NONE',  ( -745.5174804079488200, -1333.961706163547400, -81.88358384703121800 ) ) ;
#935 = CARTESIAN_POINT ( 'NONE',  ( 732.9800354931678600, 1074.284249944370000, 54.49404742436209400 ) ) ;
#936 = VERTEX_POINT ( 'NONE', #629 ) ;
#937 = CARTESIAN_POINT ( 'NONE',  ( 731.7991082376307800, 1318.639117159041500, -68.54795952386599800 ) ) ;
#938 = PRESENTATION_STYLE_ASSIGNMENT (( #1460 ) ) ;
#939 = FACE_OUTER_BOUND ( 'NONE', #161, .T. ) ;
#940 = EDGE_CURVE ( 'NONE', #2178, #2178, #1929, .T. ) ;
#941 = CARTESIAN_POINT ( 'NONE',  ( -745.1496151070299400, -1331.899253900898700, -85.16606596923240600 ) ) ;
#942 = CIRCLE ( 'NONE', #500, 10.00000000000000400 ) ;
#943 = AXIS2_PLACEMENT_3D ( 'NONE', #1756, #2524, #156 ) ;
#944 = CARTESIAN_POINT ( 'NONE',  ( 734.8573751405091300, 1336.232792041833800, 14.52266021052596500 ) ) ;
#945 = CIRCLE ( 'NONE', #437, 250.0000000000000000 ) ;
#946 = CARTESIAN_POINT ( 'NONE',  ( -723.8995880773729800, -1126.294068026924200, -127.2782749602711000 ) ) ;
#947 = CARTESIAN_POINT ( 'NONE',  ( -722.6875447111630100, -1260.669187319158700, -133.9820498256667900 ) ) ;
#948 = MECHANICAL_DESIGN_GEOMETRIC_PRESENTATION_REPRESENTATION (  '', ( #1678 ), #761 ) ;
#949 = CARTESIAN_POINT ( 'NONE',  ( -733.4385840376144200, -1210.357828695294800, -156.7421812139439800 ) ) ;
#950 = CARTESIAN_POINT ( 'NONE',  ( 731.4273619383726600, 1083.675922118367000, -72.40698709482366300 ) ) ;
#951 = AXIS2_PLACEMENT_3D ( 'NONE', #1223, #2197, #1406 ) ;
#952 = PRODUCT ( 'pressure_vessel_and_fluid', 'pressure_vessel_and_fluid', '', ( #746 ) ) ;
#953 = CARTESIAN_POINT ( 'NONE',  ( 725.7313959743755700, 1127.655150761083000, 116.3628952957994800 ) ) ;
#954 = CARTESIAN_POINT ( 'NONE',  ( 1025.400000000000100, 1113.249999999998900, -150.2554075565996100 ) ) ;
#955 = CARTESIAN_POINT ( 'NONE',  ( -724.3202964288009300, -1277.641279958199000, -124.8467376861284800 ) ) ;
#956 = ORIENTED_EDGE ( 'NONE', *, *, #1209, .F. ) ;
#957 = CARTESIAN_POINT ( 'NONE',  ( 727.7467267657025300, 1109.606390458511400, 103.0431028047171900 ) ) ;
#958 = CARTESIAN_POINT ( 'NONE',  ( 734.6686124072480200, 1064.786418897402000, 22.49981179469539700 ) ) ;
#959 = AXIS2_PLACEMENT_3D ( 'NONE', #491, #1913, #1892 ) ;
#960 = EDGE_LOOP ( 'NONE', ( #263 ) ) ;
#961 =( LENGTH_UNIT ( ) NAMED_UNIT ( * ) SI_UNIT ( .MILLI., .METRE. ) );
#962 = CARTESIAN_POINT ( 'NONE',  ( -734.9532935634993000, -1346.767008905367000, 9.566935409728929000 ) ) ;
#963 = FACE_OUTER_BOUND ( 'NONE', #2351, .T. ) ;
#964 = CARTESIAN_POINT ( 'NONE',  ( 725.9239065454369200, 1274.249320007528900, 115.1567398431527200 ) ) ;
#965 = FACE_OUTER_BOUND ( 'NONE', #1379, .T. ) ;
#966 = CARTESIAN_POINT ( 'NONE',  ( -729.5379761788292400, -1316.662744769855400, 89.44418223832045100 ) ) ;
#967 = CARTESIAN_POINT ( 'NONE',  ( 722.9868656068288100, 1164.520722794538000, 132.3453905078451700 ) ) ;
#968 = FACE_BOUND ( 'NONE', #328, .T. ) ;
#969 = CARTESIAN_POINT ( 'NONE',  ( -725.2218009753536300, -1114.359124094158000, 119.5008769160050700 ) ) ;
#970 = CARTESIAN_POINT ( 'NONE',  ( -734.9966389248074800, -1346.983196844238600, -2.533570891629292700 ) ) ;
#971 = CARTESIAN_POINT ( 'NONE',  ( 743.2453202582157700, 1307.395440719053100, -100.4890460918319000 ) ) ;
#972 = FACE_OUTER_BOUND ( 'NONE', #2555, .T. ) ;
#973 = CARTESIAN_POINT ( 'NONE',  ( 724.3340950307455200, 1143.360742719086800, 124.7640918961720600 ) ) ;
#974 = EDGE_LOOP ( 'NONE', ( #2232 ) ) ;
#975 = ORIENTED_EDGE ( 'NONE', *, *, #1782, .F. ) ;
#976 = AXIS2_PLACEMENT_3D ( 'NONE', #2032, #1641, #1244 ) ;
#977 = CARTESIAN_POINT ( 'NONE',  ( 724.8377787601416500, 1262.728102284074800, 121.8009061570182000 ) ) ;
#978 = CARTESIAN_POINT ( 'NONE',  ( -725.6895865179117200, -1110.484219287755000, 116.6265159090819700 ) ) ;
#979 = CARTESIAN_POINT ( 'NONE',  ( -720.7663026087724300, -1229.824110806819400, -143.9478903581301700 ) ) ;
#980 = EDGE_CURVE ( 'NONE', #466, #466, #2552, .T. ) ;
#981 = CARTESIAN_POINT ( 'NONE',  ( 737.9571352439289700, 1260.902788815387600, -133.8759279396158500 ) ) ;
#982 = CARTESIAN_POINT ( 'NONE',  ( 724.5816209510006700, 1140.304468506346000, 123.3155081191843000 ) ) ;
#983 = ADVANCED_FACE ( 'NONE', ( #782, #384 ), #1735, .F. ) ;
#984 = CARTESIAN_POINT ( 'NONE',  ( -734.0208365706371300, -1342.029873773001100, -38.20633182621921300 ) ) ;
#985 = CARTESIAN_POINT ( 'NONE',  ( 723.7198587095338100, 1151.715940186147000, 128.2870622464864700 ) ) ;
#986 = CLOSED_SHELL ( 'NONE', ( #820, #1256, #1106, #914, #1514, #1311, #933, #1788, #887 ) ) ;
#987 = EDGE_CURVE ( 'NONE', #2002, #2002, #517, .T. ) ;
#988 = EDGE_LOOP ( 'NONE', ( #1659 ) ) ;
#989 = CARTESIAN_POINT ( 'NONE',  ( 748.0540675703886100, 1336.728586041514300, -54.03767894818592100 ) ) ;
#990 = CARTESIAN_POINT ( 'NONE',  ( 730.2598812470673700, 1091.227976243688100, 83.41231946648281300 ) ) ;
#991 = CARTESIAN_POINT ( 'NONE',  ( -743.8768509682197400, -1324.547177584708200, -95.72397031837461200 ) ) ;
#992 = CARTESIAN_POINT ( 'NONE',  ( 730.8636435057227300, 1087.273897977398500, -77.88996752994509600 ) ) ;
#993 = VERTEX_POINT ( 'NONE', #255 ) ;
#994 = CARTESIAN_POINT ( 'NONE',  ( -720.1993619057527700, -1209.706064280166600, 146.7586991964722600 ) ) ;
#995 = CIRCLE ( 'NONE', #2258, 10.00000000000000900 ) ;
#996 = CARTESIAN_POINT ( 'NONE',  ( 739.5456301711535600, 1277.799422510159300, -124.8188133750050600 ) ) ;
#997 = CYLINDRICAL_SURFACE ( 'NONE', #1123, 735.0000000000008000 ) ;
#998 = CARTESIAN_POINT ( 'NONE',  ( 728.1786495261868600, 1293.796996272989000, -99.95481492591883900 ) ) ;
#999 = CARTESIAN_POINT ( 'NONE',  ( -733.7099689214047700, -1221.930738195571600, 155.4661371631285900 ) ) ;
#1000 = VERTEX_POINT ( 'NONE', #1684 ) ;
#1001 = EDGE_CURVE ( 'NONE', #237, #237, #1519, .T. ) ;
#1002 = CARTESIAN_POINT ( 'NONE',  ( 734.3582022781752100, 1066.483333559123100, -31.02114400452309800 ) ) ;
#1003 = FACE_OUTER_BOUND ( 'NONE', #305, .T. ) ;
#1004 = DIRECTION ( 'NONE',  ( -1.000000000000000000, -0.0000000000000000000, -0.0000000000000000000 ) ) ;
#1005 = CIRCLE ( 'NONE', #810, 199.9999999999999700 ) ;
#1006 = DIRECTION ( 'NONE',  ( -0.0000000000000000000, -1.000000000000000000, -0.0000000000000000000 ) ) ;
#1007 = CARTESIAN_POINT ( 'NONE',  ( 733.6739770440718800, 1329.699923822506200, 44.18187604102511300 ) ) ;
#1008 = CARTESIAN_POINT ( 'NONE',  ( -734.5039178309798400, -1240.851642555280300, 151.6783070648010900 ) ) ;
#1009 = AXIS2_PLACEMENT_3D ( 'NONE', #1280, #1108, #526 ) ;
#1010 = CARTESIAN_POINT ( 'NONE',  ( 748.6542661338345400, 1339.972675600708000, -44.92352829407342100 ) ) ;
#1011 = CARTESIAN_POINT ( 'NONE',  ( 734.1609415113767900, 1067.569098482685400, -35.37552055232414700 ) ) ;
#1012 = DIRECTION ( 'NONE',  ( -1.000000000000000000, -0.0000000000000000000, -0.0000000000000000000 ) ) ;
#1013 = DIRECTION ( 'NONE',  ( -1.000000000000000000, -0.0000000000000000000, -0.0000000000000000000 ) ) ;
#1014 = CARTESIAN_POINT ( 'NONE',  ( 730.8636435057227300, 1312.726102022601500, -77.88996752994515300 ) ) ;
#1015 = CARTESIAN_POINT ( 'NONE',  ( -736.8963300949017100, -1271.904918607267100, 139.5898862160243500 ) ) ;
#1016 = EDGE_LOOP ( 'NONE', ( #68 ) ) ;
#1017 = CARTESIAN_POINT ( 'NONE',  ( 734.9862770116325200, 1063.073639487957500, 4.631826595844998500 ) ) ;
#1018 = EDGE_CURVE ( 'NONE', #1247, #1247, #1195, .T. ) ;
#1019 = DIRECTION ( 'NONE',  ( -1.000000000000000000, 0.0000000000000000000, -0.0000000000000000000 ) ) ;
#1020 = CARTESIAN_POINT ( 'NONE',  ( 743.7178982086754800, 1089.420291626987800, 96.88619155232920800 ) ) ;
#1021 = EDGE_LOOP ( 'NONE', ( #814 ) ) ;
#1022 = DIRECTION ( 'NONE',  ( -0.0000000000000000000, -1.000000000000000000, -0.0000000000000000000 ) ) ;
#1023 = AXIS2_PLACEMENT_3D ( 'NONE', #2063, #864, #1077 ) ;
#1024 = CARTESIAN_POINT ( 'NONE',  ( -736.6493783515190900, -1130.561533619343700, 140.9034429963933800 ) ) ;
#1025 = VERTEX_POINT ( 'NONE', #236 ) ;
#1026 = DIRECTION ( 'NONE',  ( 0.0000000000000000000, 0.0000000000000000000, 1.000000000000000000 ) ) ;
#1027 = FACE_BOUND ( 'NONE', #2344, .T. ) ;
#1028 = CARTESIAN_POINT ( 'NONE',  ( 724.3342169788378400, 1256.753242394469700, -124.7716676452011800 ) ) ;
#1029 = CARTESIAN_POINT ( 'NONE',  ( 749.2529589354943500, 1056.859980868612000, -33.48745488144003000 ) ) ;
#1030 = CARTESIAN_POINT ( 'NONE',  ( -742.0140932841104600, -1312.848077010478800, 109.1603373337507600 ) ) ;
#1031 = CIRCLE ( 'NONE', #397, 10.00000000000000900 ) ;
#1032 = EDGE_CURVE ( 'NONE', #1187, #1187, #448, .T. ) ;
#1033 = EDGE_LOOP ( 'NONE', ( #1860 ) ) ;
#1034 = DIRECTION ( 'NONE',  ( 0.0000000000000000000, 0.0000000000000000000, -1.000000000000000000 ) ) ;
#1035 = CARTESIAN_POINT ( 'NONE',  ( -1025.400000000000100, -1359.585534575522600, 80.58974596215441000 ) ) ;
#1036 = ORIENTED_EDGE ( 'NONE', *, *, #359, .T. ) ;
#1037 = CARTESIAN_POINT ( 'NONE',  ( 745.1025327333989000, 1080.443929246263700, 85.66333245084992100 ) ) ;
#1038 = DIRECTION ( 'NONE',  ( 0.0000000000000000000, 0.0000000000000000000, 1.000000000000000000 ) ) ;
#1039 = CARTESIAN_POINT ( 'NONE',  ( -750.0007199601855100, -1042.996560699010800, -5.077206268169640600 ) ) ;
#1040 = AXIS2_PLACEMENT_3D ( 'NONE', #1589, #1407, #617 ) ;
#1041 = DIRECTION ( 'NONE',  ( 0.0000000000000000000, 0.0000000000000000000, -1.000000000000000000 ) ) ;
#1042 = CARTESIAN_POINT ( 'NONE',  ( -1000.000000000000000, -1289.250000000000500, 154.5855345755218200 ) ) ;
#1043 = CARTESIAN_POINT ( 'NONE',  ( 1025.400000000000100, 1278.089745962155100, -155.2554075566002600 ) ) ;
#1044 = CARTESIAN_POINT ( 'NONE',  ( 749.8128420926359500, 1053.957816308627800, 16.79742030667790300 ) ) ;
#1045 = ORIENTED_EDGE ( 'NONE', *, *, #2027, .F. ) ;
#1046 = DIRECTION ( 'NONE',  ( 1.000000000000000000, 0.0000000000000000000, 0.0000000000000000000 ) ) ;
#1047 = EDGE_LOOP ( 'NONE', ( #1468 ) ) ;
#1048 = CARTESIAN_POINT ( 'NONE',  ( -748.5417066775319200, -1050.120641942899300, -46.76382378216179300 ) ) ;
#1049 = CARTESIAN_POINT ( 'NONE',  ( -1025.400000000000100, -1200.000000000000000, -1.469576158976823800E-013 ) ) ;
#1050 = CARTESIAN_POINT ( 'NONE',  ( -728.5788879992686600, -1089.455038017790500, 97.01381656420764400 ) ) ;
#1051 = DIRECTION ( 'NONE',  ( 1.000000000000000000, 0.0000000000000000000, 0.0000000000000000000 ) ) ;
#1052 = VERTEX_POINT ( 'NONE', #221 ) ;
#1053 = CARTESIAN_POINT ( 'NONE',  ( 747.5413621794431300, 1066.107054580085100, 60.68890040674827400 ) ) ;
#1054 = CARTESIAN_POINT ( 'NONE',  ( 0.0000000000000000000, 0.0000000000000000000, 0.0000000000000000000 ) ) ;
#1055 = CARTESIAN_POINT ( 'NONE',  ( -720.3918015113541700, -1180.732295319810900, 145.8111314674699200 ) ) ;
#1056 = FACE_BOUND ( 'NONE', #2074, .T. ) ;
#1057 = AXIS2_PLACEMENT_3D ( 'NONE', #293, #2098, #504 ) ;
#1058 = CARTESIAN_POINT ( 'NONE',  ( -738.0630199118886600, -1116.908446281667900, -133.3098467190481500 ) ) ;
#1059 = FACE_BOUND ( 'NONE', #402, .T. ) ;
#1060 = CARTESIAN_POINT ( 'NONE',  ( -726.6583429155226700, -1297.107130019041100, 110.4632933616475400 ) ) ;
#1061 = CARTESIAN_POINT ( 'NONE',  ( 1025.400000000000100, 1200.000000000001800, 173.5000000000000000 ) ) ;
#1062 = DIRECTION ( 'NONE',  ( -1.000000000000000000, -0.0000000000000000000, -0.0000000000000000000 ) ) ;
#1063 = CARTESIAN_POINT ( 'NONE',  ( 0.0000000000000000000, 1500.000000000000000, -735.0000000000008000 ) ) ;
#1064 = CARTESIAN_POINT ( 'NONE',  ( 747.1671853115093400, 1331.805775413961600, 65.26199557791498800 ) ) ;
#1065 = FACE_OUTER_BOUND ( 'NONE', #884, .T. ) ;
#1066 = DIRECTION ( 'NONE',  ( 0.0000000000000000000, 0.0000000000000000000, -1.000000000000000000 ) ) ;
#1067 = DIRECTION ( 'NONE',  ( 0.0000000000000000000, -0.8660254037844407100, -0.4999999999999964500 ) ) ;
#1068 = EDGE_LOOP ( 'NONE', ( #1556 ) ) ;
#1069 = CARTESIAN_POINT ( 'NONE',  ( -745.3951341676300900, -1066.693060898856400, 83.09257029562391500 ) ) ;
#1070 = ORIENTED_EDGE ( 'NONE', *, *, #2545, .F. ) ;
#1071 = DIRECTION ( 'NONE',  ( 0.0000000000000000000, 0.0000000000000000000, 1.000000000000000000 ) ) ;
#1072 = EDGE_CURVE ( 'NONE', #867, #867, #916, .T. ) ;
#1073 = DIRECTION ( 'NONE',  ( 0.0000000000000000000, 0.8660254037844347100, -0.5000000000000068800 ) ) ;
#1074 = CARTESIAN_POINT ( 'NONE',  ( -733.4820157182209600, -1060.781595447550000, 47.43869477039270100 ) ) ;
#1075 = CARTESIAN_POINT ( 'NONE',  ( -1025.400000000000100, -1378.499999999999800, -10.00000000000015100 ) ) ;
#1076 = CARTESIAN_POINT ( 'NONE',  ( -721.6874555728435300, -1247.306275741531400, -139.2632126467385100 ) ) ;
#1077 = DIRECTION ( 'NONE',  ( 0.0000000000000000000, 0.8660254037844431500, 0.4999999999999922800 ) ) ;
#1078 = DIRECTION ( 'NONE',  ( 0.0000000000000000000, 0.0000000000000000000, -1.000000000000000000 ) ) ;
#1079 = AXIS2_PLACEMENT_3D ( 'NONE', #1093, #2301, #1885 ) ;
#1080 = DIRECTION ( 'NONE',  ( 0.0000000000000000000, 0.0000000000000000000, -1.000000000000000000 ) ) ;
#1081 = CARTESIAN_POINT ( 'NONE',  ( -740.6699897131022700, -1096.287170933385400, -117.9780271676223600 ) ) ;
#1082 = DIRECTION ( 'NONE',  ( 0.0000000000000000000, 0.0000000000000000000, 1.000000000000000000 ) ) ;
#1083 = ADVANCED_FACE ( 'NONE', ( #2424, #1392 ), #2106, .F. ) ;
#1084 = CARTESIAN_POINT ( 'NONE',  ( -1000.000000000000000, -1199.999999999998200, -168.5000000000000900 ) ) ;
#1085 = EDGE_LOOP ( 'NONE', ( #2040 ) ) ;
#1086 = CARTESIAN_POINT ( 'NONE',  ( -725.2183799042811600, -1285.682581891342600, -119.5435304607149600 ) ) ;
#1087 = CARTESIAN_POINT ( 'NONE',  ( 749.9755205935575800, 1346.875066137120000, 6.179123581345515400 ) ) ;
#1088 =( NAMED_UNIT ( * ) PLANE_ANGLE_UNIT ( ) SI_UNIT ( $, .RADIAN. ) );
#1089 = CARTESIAN_POINT ( 'NONE',  ( 723.5292378974793300, 1245.162870640816000, -129.3467892472139300 ) ) ;
#1090 = ADVANCED_FACE ( 'NONE', ( #1983, #247 ), #2337, .F. ) ;
#1091 = DIRECTION ( 'NONE',  ( -0.0000000000000000000, -1.000000000000000000, -0.0000000000000000000 ) ) ;
#1092 = CARTESIAN_POINT ( 'NONE',  ( 741.8158969002704500, 1102.976680199597000, -110.5386052496249600 ) ) ;
#1093 = CARTESIAN_POINT ( 'NONE',  ( -3.552713678800508200E-012, -2000.000000000000000, 0.0000000000000000000 ) ) ;
#1094 = CIRCLE ( 'NONE', #346, 10.00000000000009400 ) ;
#1095 = CARTESIAN_POINT ( 'NONE',  ( -729.5392511746921400, -1083.292941466528200, -89.50670410178329900 ) ) ;
#1096 = CARTESIAN_POINT ( 'NONE',  ( 722.1191037495139000, 1200.000000000000000, -136.9999999999998900 ) ) ;
#1097 = CARTESIAN_POINT ( 'NONE',  ( -728.5674196326111800, -1310.431401061765000, -97.03280363109388400 ) ) ;
#1098 = CARTESIAN_POINT ( 'NONE',  ( 743.2233604417576800, 1307.203204238405500, 100.6094869950467100 ) ) ;
#1099 = DIRECTION ( 'NONE',  ( 0.0000000000000000000, 0.0000000000000000000, -1.000000000000000000 ) ) ;
#1100 = CARTESIAN_POINT ( 'NONE',  ( 722.1618362886491700, 1209.032979312093200, -136.7753043709980400 ) ) ;
#1101 = CIRCLE ( 'NONE', #1552, 10.00000000000000900 ) ;
#1102 = DIRECTION ( 'NONE',  ( 0.0000000000000000000, 0.0000000000000000000, -1.000000000000000000 ) ) ;
#1103 = AXIS2_PLACEMENT_3D ( 'NONE', #692, #2083, #2465 ) ;
#1104 = FACE_BOUND ( 'NONE', #767, .T. ) ;
#1105 = CARTESIAN_POINT ( 'NONE',  ( 735.4529216748002200, 1199.999999999999800, -146.9999999999999100 ) ) ;
#1106 = ADVANCED_FACE ( 'NONE', ( #2317, #1226 ), #1451, .T. ) ;
#1107 = DIRECTION ( 'NONE',  ( -1.000000000000000000, 0.0000000000000000000, 0.0000000000000000000 ) ) ;
#1108 = DIRECTION ( 'NONE',  ( 1.000000000000000000, 0.0000000000000000000, 0.0000000000000000000 ) ) ;
#1109 = FACE_OUTER_BOUND ( 'NONE', #2299, .T. ) ;
#1110 =( NAMED_UNIT ( * ) PLANE_ANGLE_UNIT ( ) SI_UNIT ( $, .RADIAN. ) );
#1111 = CARTESIAN_POINT ( 'NONE',  ( -729.5392511746920300, -1083.292941466528200, -89.50670410178344100 ) ) ;
#1112 = ORIENTED_EDGE ( 'NONE', *, *, #1812, .T. ) ;
#1113 = CARTESIAN_POINT ( 'NONE',  ( 742.2748207455180100, 1300.459852689049700, 107.4233260234600800 ) ) ;
#1114 = CARTESIAN_POINT ( 'NONE',  ( 925.4000000000000900, 1200.000000000001800, 173.5000000000000000 ) ) ;
#1115 = CARTESIAN_POINT ( 'NONE',  ( -733.4923442660436900, -1060.727295382424000, -47.27682862782558000 ) ) ;
#1116 = ORIENTED_EDGE ( 'NONE', *, *, #2532, .T. ) ;
#1117 = CARTESIAN_POINT ( 'NONE',  ( 736.8284838536574200, 1154.982964661750400, -139.9426149242339100 ) ) ;
#1118 = EDGE_CURVE ( 'NONE', #1590, #1590, #811, .T. ) ;
#1119 = DIRECTION ( 'NONE',  ( -1.000000000000000000, 0.0000000000000000000, 0.0000000000000000000 ) ) ;
#1120 = CARTESIAN_POINT ( 'NONE',  ( 1000.000000000000000, 1286.749999999999500, -160.2554075566002900 ) ) ;
#1121 = CARTESIAN_POINT ( 'NONE',  ( -728.1038980942970500, -1092.668894909203100, -100.4514594153747000 ) ) ;
#1122 = CARTESIAN_POINT ( 'NONE',  ( 734.9580979730897100, 1336.775701803289400, -9.022827782879177900 ) ) ;
#1123 = AXIS2_PLACEMENT_3D ( 'NONE', #1054, #265, #480 ) ;
#1124 = CARTESIAN_POINT ( 'NONE',  ( -734.9539868877936900, -1053.229498968268400, -9.541921286006090200 ) ) ;
#1125 = ORIENTED_EDGE ( 'NONE', *, *, #2015, .F. ) ;
#1126 = B_SPLINE_CURVE_WITH_KNOTS ( 'NONE', 3,
 ( #1780, #172, #2554, #369, #1393, #1577, #2179, #1791, #2372, #1376, #1984, #165, #1569, #2356, #1772, #1975, #766, #581, #969, #978, #2561, #2364, #1583, #391, #1050, #2243, #870, #2060, #2447, #662, #2458, #1270, #262, #1466, #1448, #2071, #1074, #2427, #1670, #1281, #274, #487, #1861, #1653, #643, #2436, #44, #679, #880, #2271, #1636, #451, #1852, #2044, #756, #1724, #1153, #557, #2014, #227, #808, #211, #1615, #2403, #1908, #1721, #699, #1928, #1095, #921, #1683, #307, #718, #1710, #1337, #2152, #396, #2185, #350, #551, #946, #558, #1154, #1962, #1630, #196, #2203, #1821, #1498, #2485, #2267, #1294, #1491, #706, #2208, #1616, #1578, #358, #1781, #979, #760, #2556, #1773, #1560, #1363, #2171, #2539, #947, #1953, #574, #1570, #955, #2333, #1355, #2357, #2531, #1371, #742, #1163, #140, #157, #2157, #1766, #1385, #174, #768, #1976, #1549, #2140, #166, #364, #2365, #147, #776, #1157, #561, #1186, #1554, #371, #1757, #2165, #1178, #381, #970, #582, #1986, #962, #1378, #1963, #348, #566, #1749, #1968, #553, #2349, #751, #2546, #2149, #2343, #1173, #24, #1813, #2020, #1394, #1601, #409, #590, #794, #392, #427, #612, #19, #2384, #1792, #817, #1822, #1994, #213, #1807, #2191, #205, #1210, #2204, #619, #401, #1617, #1801, #2395, #1408, #994, #1217, #2378 ),
 .UNSPECIFIED., .T., .F.,
 ( 4, 2, 2, 2, 2, 2, 2, 2, 2, 2, 2, 2, 2, 2, 2, 2, 2, 2, 2, 2, 2, 2, 2, 2, 2, 2, 2, 2, 2, 2, 2, 2, 2, 2, 2, 2, 2, 2, 2, 2, 2, 2, 2, 2, 2, 2, 2, 2, 2, 2, 2, 2, 2, 2, 2, 2, 2, 2, 2, 2, 2, 2, 2, 2, 2, 2, 2, 2, 2, 2, 2, 2, 2, 2, 2, 2, 2, 2, 2, 2, 2, 2, 2, 2, 2, 2, 2, 2, 2, 2, 2, 2, 2, 2, 2, 4 ),
 ( 0.0000000000000000000, 0.01439660509870266200, 0.02879321019740532400, 0.04318981529610798500, 0.04678896657078364400, 0.05038811784545928900, 0.05758642039480999600, 0.07198302549351084900, 0.08637963059221166800, 0.09357793314156211100, 0.1007762356909125400, 0.1151728407896134300, 0.1295694458883143200, 0.1439660509870152300, 0.1475652022616901200, 0.1511643535363650600, 0.1583626560857152300, 0.1727592611844158400, 0.1871558662831164800, 0.1943541688324667800, 0.1979533201071419500, 0.2015524713818170900, 0.2159490764805177300, 0.2303456815792183100, 0.2447422866779189700, 0.2483414379525940900, 0.2519405892272692000, 0.2591388917766195300, 0.2735354968753202500, 0.2879321019740208600, 0.2915312532486959400, 0.2951304045233709700, 0.3023287070727207500, 0.3167253121714200800, 0.3311219172701194700, 0.3383202198194692500, 0.3419193710941443300, 0.3455185223688193000, 0.3599151274675186400, 0.3743117325662179100, 0.3887083376649172500, 0.3959066402142669100, 0.4031049427636165200, 0.4175015478623164100, 0.4318981529610163600, 0.4390964555103663000, 0.4462947580597162500, 0.4606913631584161300, 0.4750879682571160800, 0.4894845733558159100, 0.4930837246304909400, 0.4966828759051658500, 0.5038811784545158500, 0.5182777835532150800, 0.5326743886519144100, 0.5398726912012636900, 0.5470709937506130800, 0.5614675988493115200, 0.5758642039480101900, 0.5830625064973594700, 0.5866616577720342700, 0.5902608090467090800, 0.6046574141454079700, 0.6190540192441069700, 0.6334506243428057500, 0.6370497756174805500, 0.6406489268921552500, 0.6478472294415047500, 0.6622438345402036400, 0.6766404396389027500, 0.6838387421882521400, 0.6874378934629268300, 0.6910370447376015200, 0.7054336498363004100, 0.7198302549349993000, 0.7342268600336981900, 0.7378260113083727800, 0.7414251625830472500, 0.7486234651323965300, 0.7630200702310946400, 0.7774166753297929700, 0.7846149778791421400, 0.7882141291538167200, 0.7918132804284913100, 0.8062098855271894200, 0.8206064906258876400, 0.8278047931752367000, 0.8350030957245856400, 0.8493997008232838700, 0.8637963059219820900, 0.8781929110206802000, 0.8817920622953550100, 0.8853912135700297000, 0.8925895161193790900, 0.9069861212180778700, 0.9213827263167766500 ),
 .UNSPECIFIED. ) ;
#1127 = DIRECTION ( 'NONE',  ( 0.0000000000000000000, 0.0000000000000000000, -1.000000000000000000 ) ) ;
#1128 = EDGE_LOOP ( 'NONE', ( #547 ) ) ;
#1129 = CARTESIAN_POINT ( 'NONE',  ( 734.8342122391803700, 1063.892182473712200, 15.65059072956705100 ) ) ;
#1130 = ORIENTED_EDGE ( 'NONE', *, *, #1849, .F. ) ;
#1131 = CARTESIAN_POINT ( 'NONE',  ( 727.7467267657024200, 1290.393609541489200, 103.0431028047171100 ) ) ;
#1132 = CARTESIAN_POINT ( 'NONE',  ( -734.2375861302332400, -1056.860552625776300, 33.48989948159953700 ) ) ;
#1133 = VERTEX_POINT ( 'NONE', #671 ) ;
#1134 = EDGE_CURVE ( 'NONE', #1535, #1535, #752, .T. ) ;
#1135 = CIRCLE ( 'NONE', #1596, 10.00000000000000900 ) ;
#1136 = CARTESIAN_POINT ( 'NONE',  ( -749.7863411352194600, -1355.976220887494700, 17.94711291077471700 ) ) ;
#1137 = CARTESIAN_POINT ( 'NONE',  ( 734.5924707985694800, 1065.202805857052900, 24.57112914241231400 ) ) ;
#1138 = CIRCLE ( 'NONE', #673, 735.0000000000008000 ) ;
#1139 = CARTESIAN_POINT ( 'NONE',  ( 728.1674203221975900, 1293.711029996229600, 100.0376996983996100 ) ) ;
#1140 = VERTEX_POINT ( 'NONE', #2304 ) ;
#1141 = CIRCLE ( 'NONE', #2495, 136.9999999999998600 ) ;
#1142 = FACE_OUTER_BOUND ( 'NONE', #1806, .T. ) ;
#1143 = CARTESIAN_POINT ( 'NONE',  ( -747.3947278318600000, -1344.042159197656200, 62.47020709251337700 ) ) ;
#1144 = CARTESIAN_POINT ( 'NONE',  ( 723.8765697762871700, 1149.546445161204200, -127.3910302293567400 ) ) ;
#1145 = EDGE_LOOP ( 'NONE', ( #433 ) ) ;
#1146 = CARTESIAN_POINT ( 'NONE',  ( 725.3568934176453200, 1268.570802427465900, -118.6883556944698900 ) ) ;
#1147 = EDGE_CURVE ( 'NONE', #1947, #1947, #2393, .T. ) ;
#1148 = ADVANCED_FACE ( 'NONE', ( #1761, #1299 ), #1418, .F. ) ;
#1149 = CARTESIAN_POINT ( 'NONE',  ( -749.5787674718486600, -1354.978411435653500, -25.64014578233201600 ) ) ;
#1150 = CARTESIAN_POINT ( 'NONE',  ( 726.9193065074549600, 1116.579987675115500, -108.6975487860953500 ) ) ;
#1151 = APPLICATION_CONTEXT ( 'automotive_design' ) ;
#1152 = CARTESIAN_POINT ( 'NONE',  ( 726.9150147620733800, 1116.566592469806000, 108.7552791383596000 ) ) ;
#1153 = CARTESIAN_POINT ( 'NONE',  ( -734.0261498652962500, -1057.942772655988800, -38.10156080702385900 ) ) ;
#1154 = CARTESIAN_POINT ( 'NONE',  ( -723.0877766976941500, -1134.848859174140200, -131.7959645596438600 ) ) ;
#1155 = DIRECTION ( 'NONE',  ( 1.000000000000000000, 0.0000000000000000000, 0.0000000000000000000 ) ) ;
#1156 = ORIENTED_EDGE ( 'NONE', *, *, #1001, .T. ) ;
#1157 = CARTESIAN_POINT ( 'NONE',  ( -733.6174556678225800, -1339.925142099471900, -45.11936188976837800 ) ) ;
#1158 = CARTESIAN_POINT ( 'NONE',  ( -733.3832558764892200, -1200.000000000000500, -157.0000000000000900 ) ) ;
#1159 = CARTESIAN_POINT ( 'NONE',  ( 734.2904582017810100, 1066.858908063860800, -32.30673994077737600 ) ) ;
#1160 = CARTESIAN_POINT ( 'NONE',  ( 733.2611432278600900, 1072.657684215365600, 50.53918199502615500 ) ) ;
#1161 = COLOUR_RGB ( '',0.3803921568627450800, 0.4784313725490195700, 0.7882352941176470300 ) ;
#1162 = FILL_AREA_STYLE_COLOUR ( '', #1333 ) ;
#1163 = CARTESIAN_POINT ( 'NONE',  ( -728.0838516609934500, -1307.203808325006500, -100.6088475347970800 ) ) ;
#1164 = FACE_BOUND ( 'NONE', #280, .T. ) ;
#1165 = CARTESIAN_POINT ( 'NONE',  ( -723.8965207422993400, -1273.673912687752100, 127.2953931600530400 ) ) ;
#1166 = CARTESIAN_POINT ( 'NONE',  ( 722.7835702142725700, 1168.704369980306400, 133.4530378091116600 ) ) ;
#1167 = MECHANICAL_DESIGN_GEOMETRIC_PRESENTATION_REPRESENTATION (  '', ( #535 ), #801 ) ;
#1168 = CARTESIAN_POINT ( 'NONE',  ( -733.6174556678225800, -1339.925142099472200, -45.11936188976849800 ) ) ;
#1169 = CARTESIAN_POINT ( 'NONE',  ( 734.9152423432684600, 1063.455276924615400, 11.38284588589980300 ) ) ;
#1170 = CYLINDRICAL_SURFACE ( 'NONE', #976, 136.9999999999998900 ) ;
#1171 = DIRECTION ( 'NONE',  ( 1.000000000000000000, 0.0000000000000000000, 0.0000000000000000000 ) ) ;
#1172 = EDGE_LOOP ( 'NONE', ( #106 ) ) ;
#1173 = CARTESIAN_POINT ( 'NONE',  ( -731.3306060129834800, -1327.410273694908300, 73.47462132634839800 ) ) ;
#1174 = EDGE_LOOP ( 'NONE', ( #219 ) ) ;
#1175 = CARTESIAN_POINT ( 'NONE',  ( 731.4256315556697200, 1316.333436298158200, 72.49450008138684600 ) ) ;
#1176 = CARTESIAN_POINT ( 'NONE',  ( 722.6525287720917300, 1172.216829603913500, 134.1580141363353100 ) ) ;
#1177 = EDGE_CURVE ( 'NONE', #342, #342, #1954, .T. ) ;
#1178 = CARTESIAN_POINT ( 'NONE',  ( -734.9750311538557500, -1346.875116946963300, -6.177982324540419500 ) ) ;
#1179 = ORIENTED_EDGE ( 'NONE', *, *, #2350, .T. ) ;
#1180 = CARTESIAN_POINT ( 'NONE',  ( 726.9228005308415300, 1116.498717019758000, 108.7033643555535200 ) ) ;
#1181 = CARTESIAN_POINT ( 'NONE',  ( -731.3306060129837100, -1327.410273694907800, 73.47462132634862500 ) ) ;
#1182 = EDGE_LOOP ( 'NONE', ( #1970 ) ) ;
#1183 = CARTESIAN_POINT ( 'NONE',  ( 722.7876833080157400, 1168.899326425988200, 133.4279893161119300 ) ) ;
#1184 = AXIS2_PLACEMENT_3D ( 'NONE', #189, #1004, #12 ) ;
#1185 = CARTESIAN_POINT ( 'NONE',  ( 725.7453113834524200, 1272.483951189014500, -116.2760261446219200 ) ) ;
#1186 = CARTESIAN_POINT ( 'NONE',  ( -734.2488884397656600, -1343.200144105361900, -33.55143708305825400 ) ) ;
#1187 = VERTEX_POINT ( 'NONE', #452 ) ;
#1188 = CARTESIAN_POINT ( 'NONE',  ( 729.6429735099768500, 1095.478071483799100, 88.59547678611843900 ) ) ;
#1189 = CIRCLE ( 'NONE', #1103, 10.00000000000000900 ) ;
#1190 = CARTESIAN_POINT ( 'NONE',  ( 730.0547447860593600, 1092.648243432630100, -85.12267285730844400 ) ) ;
#1191 = FACE_OUTER_BOUND ( 'NONE', #1229, .T. ) ;
#1192 = DIRECTION ( 'NONE',  ( 0.0000000000000000000, 0.8660254037844431500, -0.4999999999999922800 ) ) ;
#1193 = VERTEX_POINT ( 'NONE', #2480 ) ;
#1194 = CARTESIAN_POINT ( 'NONE',  ( 736.5726028351952000, 1240.614741682805100, -141.2830858399067300 ) ) ;
#1195 = CIRCLE ( 'NONE', #1436, 10.00000000000000900 ) ;
#1196 = CARTESIAN_POINT ( 'NONE',  ( 722.7876833080156300, 1231.100673574011800, 133.4279893161120500 ) ) ;
#1197 = CARTESIAN_POINT ( 'NONE',  ( -748.7534789277187900, -1350.934792238973200, -43.29324233744852500 ) ) ;
#1198 = AXIS2_PLACEMENT_3D ( 'NONE', #440, #1269, #1026 ) ;
#1199 = ORIENTED_EDGE ( 'NONE', *, *, #1018, .F. ) ;
#1200 = CARTESIAN_POINT ( 'NONE',  ( -734.9023936498863300, -1346.511375739562700, -12.21540673139720400 ) ) ;
#1201 = EDGE_CURVE ( 'NONE', #179, #179, #2502, .T. ) ;
#1202 = EDGE_LOOP ( 'NONE', ( #605 ) ) ;
#1203 = CARTESIAN_POINT ( 'NONE',  ( 733.4172941652078600, 1071.760045772840200, -48.25553417068655200 ) ) ;
#1204 = CARTESIAN_POINT ( 'NONE',  ( 0.0000000000000000000, -1499.999999999999800, 0.0000000000000000000 ) ) ;
#1205 = CARTESIAN_POINT ( 'NONE',  ( 730.0547447860597000, 1307.351756567370100, -85.12267285730872900 ) ) ;
#1206 = CARTESIAN_POINT ( 'NONE',  ( -738.3022836564111900, -1114.889724750255300, 131.9539280944835300 ) ) ;
#1207 = CARTESIAN_POINT ( 'NONE',  ( 724.6620202008505200, 1139.218163591572900, -122.8598241902995800 ) ) ;
#1208 = EDGE_LOOP ( 'NONE', ( #1339 ) ) ;
#1209 = EDGE_CURVE ( 'NONE', #2235, #2235, #214, .T. ) ;
#1210 = CARTESIAN_POINT ( 'NONE',  ( -721.3597645747047400, -1241.776050717224700, 140.9440281978991200 ) ) ;
#1211 = EDGE_LOOP ( 'NONE', ( #2263 ) ) ;
#1212 = CARTESIAN_POINT ( 'NONE',  ( 736.3874534042302000, 1237.106148211710000, -142.2448942989667300 ) ) ;
#1213 = AXIS2_PLACEMENT_3D ( 'NONE', #283, #1707, #1692 ) ;
#1214 = CARTESIAN_POINT ( 'NONE',  ( 733.2611432278599800, 1327.342315784634800, 50.53918199502600600 ) ) ;
#1215 = CARTESIAN_POINT ( 'NONE',  ( -735.4540684868920800, -1144.647699586934800, 147.0078041630886200 ) ) ;
#1216 = CARTESIAN_POINT ( 'NONE',  ( 722.3295535305233000, 1181.998966127197500, -135.8867928821676400 ) ) ;
#1217 = CARTESIAN_POINT ( 'NONE',  ( -720.1499843782552300, -1204.868949373637200, 146.9999999999997200 ) ) ;
#1218 = DIRECTION ( 'NONE',  ( 1.000000000000000000, 0.0000000000000000000, 0.0000000000000000000 ) ) ;
#1219 = FACE_BOUND ( 'NONE', #1276, .T. ) ;
#1220 = CARTESIAN_POINT ( 'NONE',  ( 729.4352303197083500, 1303.090689001928900, -90.34085707759449200 ) ) ;
#1221 = CARTESIAN_POINT ( 'NONE',  ( -736.2258626181072700, -1135.194822005703400, 143.0924894989207400 ) ) ;
#1222 = VERTEX_POINT ( 'NONE', #1900 ) ;
#1223 = CARTESIAN_POINT ( 'NONE',  ( -925.4000000000000900, -1199.999999999998200, -178.5000000000001100 ) ) ;
#1224 = EDGE_CURVE ( 'NONE', #650, #650, #1820, .T. ) ;
#1225 = CARTESIAN_POINT ( 'NONE',  ( 734.9594803352248400, 1063.216879728875900, -8.911879310541326800 ) ) ;
#1226 = FACE_OUTER_BOUND ( 'NONE', #606, .T. ) ;
#1227 = CARTESIAN_POINT ( 'NONE',  ( 742.8845611727243700, 1095.180220606839200, 103.0692624473476400 ) ) ;
#1228 = EDGE_LOOP ( 'NONE', ( #585 ) ) ;
#1229 = EDGE_LOOP ( 'NONE', ( #1838 ) ) ;
#1230 = CARTESIAN_POINT ( 'NONE',  ( 1025.400000000000100, 1200.000000000000000, 0.0000000000000000000 ) ) ;
#1231 = CARTESIAN_POINT ( 'NONE',  ( -737.5702652348452400, -1121.513421084215700, 135.9798589038931300 ) ) ;
#1232 = EDGE_LOOP ( 'NONE', ( #1488 ) ) ;
#1233 = AXIS2_PLACEMENT_3D ( 'NONE', #2475, #2288, #1432 ) ;
#1234 = DIRECTION ( 'NONE',  ( 1.000000000000000000, 0.0000000000000000000, 0.0000000000000000000 ) ) ;
#1235 = DIRECTION ( 'NONE',  ( 0.0000000000000000000, 0.0000000000000000000, 1.000000000000000000 ) ) ;
#1236 = CARTESIAN_POINT ( 'NONE',  ( 736.4320973909139000, 1161.761894129007700, 142.0203609443370900 ) ) ;
#1237 = CARTESIAN_POINT ( 'NONE',  ( -720.8219537507848100, -1231.207448908537300, 143.6695691442316700 ) ) ;
#1238 = CARTESIAN_POINT ( 'NONE',  ( -733.3828072855367300, -1194.933932187137100, 157.0020954721179900 ) ) ;
#1239 = EDGE_LOOP ( 'NONE', ( #1965 ) ) ;
#1240 =( LENGTH_UNIT ( ) NAMED_UNIT ( * ) SI_UNIT ( .MILLI., .METRE. ) );
#1241 = EDGE_CURVE ( 'NONE', #1646, #1646, #2279, .T. ) ;
#1242 = ORIENTED_EDGE ( 'NONE', *, *, #723, .T. ) ;
#1243 = CARTESIAN_POINT ( 'NONE',  ( 737.2695121835212100, 1148.087118818450100, 137.6124290576353000 ) ) ;
#1244 = DIRECTION ( 'NONE',  ( 0.0000000000000000000, 0.0000000000000000000, 1.000000000000000000 ) ) ;
#1245 = AXIS2_PLACEMENT_3D ( 'NONE', #2466, #100, #1080 ) ;
#1246 = CARTESIAN_POINT ( 'NONE',  ( -739.8714060104123300, -1102.211827173867300, -122.8536312331374300 ) ) ;
#1247 = VERTEX_POINT ( 'NONE', #38 ) ;
#1248 = CARTESIAN_POINT ( 'NONE',  ( -727.1408779474197700, -1300.643026217644500, 107.2511269616905700 ) ) ;
#1249 = DIRECTION ( 'NONE',  ( 0.0000000000000000000, 0.0000000000000000000, 1.000000000000000000 ) ) ;
#1250 = FACE_OUTER_BOUND ( 'NONE', #714, .T. ) ;
#1251 = EDGE_CURVE ( 'NONE', #1133, #1133, #878, .T. ) ;
#1252 = DIRECTION ( 'NONE',  ( -1.000000000000000000, 0.0000000000000000000, 0.0000000000000000000 ) ) ;
#1253 = CARTESIAN_POINT ( 'NONE',  ( 749.7232867857679800, 1054.418280215137700, 20.40649189716094700 ) ) ;
#1254 = FACE_BOUND ( 'NONE', #163, .T. ) ;
#1255 = DIRECTION ( 'NONE',  ( 0.0000000000000000000, 0.0000000000000000000, -1.000000000000000000 ) ) ;
#1256 = ADVANCED_FACE ( 'NONE', ( #1890, #323, #1364, #354 ), #997, .T. ) ;
#1257 = VERTEX_POINT ( 'NONE', #1315 ) ;
#1258 = CARTESIAN_POINT ( 'NONE',  ( -738.6981713553367400, -1111.540263835259600, -129.7133191826825400 ) ) ;
#1259 = FACE_OUTER_BOUND ( 'NONE', #645, .T. ) ;
#1260 = DIRECTION ( 'NONE',  ( 0.0000000000000000000, 0.0000000000000000000, -1.000000000000000000 ) ) ;
#1261 = DIRECTION ( 'NONE',  ( 1.000000000000000000, -0.0000000000000000000, -0.0000000000000000000 ) ) ;
#1262 = FACE_BOUND ( 'NONE', #2302, .T. ) ;
#1263 = DIRECTION ( 'NONE',  ( 0.0000000000000000000, 0.0000000000000000000, -1.000000000000000000 ) ) ;
#1264 = ORIENTED_EDGE ( 'NONE', *, *, #1431, .F. ) ;
#1265 = CARTESIAN_POINT ( 'NONE',  ( 749.5399931204714200, 1055.364547641320100, 26.36989343882647300 ) ) ;
#1266 = CARTESIAN_POINT ( 'NONE',  ( -720.3930101144720800, -1219.317759087094800, 145.8051702015546300 ) ) ;
#1267 = EDGE_LOOP ( 'NONE', ( #1715 ) ) ;
#1268 = CARTESIAN_POINT ( 'NONE',  ( -736.2480557344516700, -1134.943618914047000, -142.9783601882912200 ) ) ;
#1269 = DIRECTION ( 'NONE',  ( -1.000000000000000000, 0.0000000000000000000, 0.0000000000000000000 ) ) ;
#1270 = CARTESIAN_POINT ( 'NONE',  ( -731.3127793986965300, -1072.705549407184200, 73.55914136944555500 ) ) ;
#1271 = ADVANCED_FACE ( 'NONE', ( #2182, #10 ), #2313, .F. ) ;
#1272 = CARTESIAN_POINT ( 'NONE',  ( -1025.400000000000100, -1200.000000000000000, 199.9999999999998600 ) ) ;
#1273 = CARTESIAN_POINT ( 'NONE',  ( 744.0512763997898000, 1312.791302803621900, 94.27929117979643100 ) ) ;
#1274 = ORIENTED_EDGE ( 'NONE', *, *, #1278, .F. ) ;
#1275 = CARTESIAN_POINT ( 'NONE',  ( -721.1417147518232000, -1161.912265674395900, 142.0622163497702100 ) ) ;
#1276 = EDGE_LOOP ( 'NONE', ( #573 ) ) ;
#1277 = CARTESIAN_POINT ( 'NONE',  ( -748.9185615220718500, -1048.243032559823000, -40.56670820717629800 ) ) ;
#1278 = EDGE_CURVE ( 'NONE', #591, #591, #1138, .T. ) ;
#1279 = DIRECTION ( 'NONE',  ( -0.0000000000000000000, -1.000000000000000000, -0.0000000000000000000 ) ) ;
#1280 = CARTESIAN_POINT ( 'NONE',  ( 1025.400000000000100, 1200.000000000000000, 0.0000000000000000000 ) ) ;
#1281 = CARTESIAN_POINT ( 'NONE',  ( -734.1826305640125800, -1057.142661561641300, 34.67348774113415300 ) ) ;
#1282 =( NAMED_UNIT ( * ) PLANE_ANGLE_UNIT ( ) SI_UNIT ( $, .RADIAN. ) );
#1283 = CARTESIAN_POINT ( 'NONE',  ( -728.8282517424393100, -1087.853331905532300, -95.06772182493996600 ) ) ;
#1284 = CARTESIAN_POINT ( 'NONE',  ( 745.9654567438572000, 1324.821327305175400, 77.79173876307037000 ) ) ;
#1285 = DIRECTION ( 'NONE',  ( 1.000000000000000000, -0.0000000000000000000, -0.0000000000000000000 ) ) ;
#1286 = DIRECTION ( 'NONE',  ( 1.000000000000000000, 0.0000000000000000000, 0.0000000000000000000 ) ) ;
#1287 = DIRECTION ( 'NONE',  ( 0.0000000000000000000, 1.000000000000000000, 1.110223024625155600E-014 ) ) ;
#1288 = TOROIDAL_SURFACE ( 'NONE', #2005, 250.0000000000000000, 485.0000000000006300 ) ;
#1289 = AXIS2_PLACEMENT_3D ( 'NONE', #845, #1449, #1263 ) ;
#1290 = DIRECTION ( 'NONE',  ( -1.000000000000000000, 0.0000000000000000000, 0.0000000000000000000 ) ) ;
#1291 = UNCERTAINTY_MEASURE_WITH_UNIT (LENGTH_MEASURE( 1.000000000000000100E-005 ), #1664, 'distance_accuracy_value', 'NONE');
#1292 = CYLINDRICAL_SURFACE ( 'NONE', #2085, 10.00000000000000900 ) ;
#1293 = CARTESIAN_POINT ( 'NONE',  ( -725.9448702533542200, -1291.560452653475500, 115.0278965299276900 ) ) ;
#1294 = CARTESIAN_POINT ( 'NONE',  ( -720.4054536021940300, -1180.667145726711200, -145.7433224349434200 ) ) ;
#1295 = ORIENTED_EDGE ( 'NONE', *, *, #1812, .F. ) ;
#1296 = FILL_AREA_STYLE ('',( #900 ) ) ;
#1297 = CARTESIAN_POINT ( 'NONE',  ( -726.6330279206331400, -1296.917394078635900, -110.6293342889686800 ) ) ;
#1298 = CARTESIAN_POINT ( 'NONE',  ( 735.8248062650250200, 1223.869876898609200, 145.1302249874076400 ) ) ;
#1299 = FACE_OUTER_BOUND ( 'NONE', #173, .T. ) ;
#1300 = DIRECTION ( 'NONE',  ( 0.0000000000000000000, 0.8660254037844347100, 0.5000000000000068800 ) ) ;
#1301 = FACE_BOUND ( 'NONE', #859, .T. ) ;
#1302 = CARTESIAN_POINT ( 'NONE',  ( 737.0473821936466300, 1151.532070551266800, -138.7851926856415600 ) ) ;
#1303 = EDGE_LOOP ( 'NONE', ( #496 ) ) ;
#1304 = DIRECTION ( 'NONE',  ( 1.000000000000000000, -0.0000000000000000000, -0.0000000000000000000 ) ) ;
#1305 = ADVANCED_FACE ( 'NONE', ( #939, #1593 ), #598, .T. ) ;
#1306 = CARTESIAN_POINT ( 'NONE',  ( -1025.400000000000100, -1102.089745962153800, -149.5855345755213600 ) ) ;
#1307 = CARTESIAN_POINT ( 'NONE',  ( -728.9290321407542000, -1312.792326989288300, -94.27806104581898700 ) ) ;
#1308 = CARTESIAN_POINT ( 'NONE',  ( 742.9859611675285600, 1305.545992886583900, 102.3463806377494900 ) ) ;
#1309 = DIRECTION ( 'NONE',  ( -0.0000000000000000000, -1.000000000000000000, -0.0000000000000000000 ) ) ;
#1310 = AXIS2_PLACEMENT_3D ( 'NONE', #1114, #1505, #1687 ) ;
#1311 = ADVANCED_FACE ( 'NONE', ( #62 ), #2484, .T. ) ;
#1312 = CARTESIAN_POINT ( 'NONE',  ( 735.8297482384077700, 1175.989196045354700, -145.1051116256445300 ) ) ;
#1313 = DIRECTION ( 'NONE',  ( -1.000000000000000000, 0.0000000000000000000, 0.0000000000000000000 ) ) ;
#1314 = DIRECTION ( 'NONE',  ( -0.0000000000000000000, -1.000000000000000000, -0.0000000000000000000 ) ) ;
#1315 = CARTESIAN_POINT ( 'NONE',  ( 0.0000000000000000000, -1500.000000000000000, -735.0000000000008000 ) ) ;
#1316 = EDGE_LOOP ( 'NONE', ( #302 ) ) ;
#1317 = CARTESIAN_POINT ( 'NONE',  ( -721.1501199332393500, -1161.758510439551200, -142.0194526758388600 ) ) ;
#1318 = CARTESIAN_POINT ( 'NONE',  ( 735.6433899891147800, 1183.088076407278800, 146.0440419541237100 ) ) ;
#1319 = CARTESIAN_POINT ( 'NONE',  ( 726.5136735514514600, 1279.808133296232000, -111.3764671201254300 ) ) ;
#1320 = EDGE_LOOP ( 'NONE', ( #1914 ) ) ;
#1321 = CARTESIAN_POINT ( 'NONE',  ( -726.6471072710344300, -1102.975753649599700, 110.5377596918670800 ) ) ;
#1322 = ADVANCED_FACE ( 'NONE', ( #2127, #1790, #1538, #2036, #1254, #1926, #968, #875, #2387, #2239, #1104, #1059, #1388, #2065 ), #1553, .T. ) ;
#1323 = CARTESIAN_POINT ( 'NONE',  ( 737.9497756374091800, 1139.184417257854900, -133.9165928282938000 ) ) ;
#1324 = MANIFOLD_SOLID_BREP ( 'Ressalto-extrusão6', #986 ) ;
#1325 = ADVANCED_FACE ( 'NONE', ( #444, #2006 ), #1479, .F. ) ;
#1326 = DIRECTION ( 'NONE',  ( 0.0000000000000000000, 0.0000000000000000000, -1.000000000000000000 ) ) ;
#1327 = CIRCLE ( 'NONE', #73, 10.00000000000000900 ) ;
#1328 = CARTESIAN_POINT ( 'NONE',  ( -720.4054536021938000, -1180.667145726710700, -145.7433224349434800 ) ) ;
#1329 = CARTESIAN_POINT ( 'NONE',  ( 732.3273435851191400, 1321.854128756107700, 62.65467303230080600 ) ) ;
#1330 = FACE_OUTER_BOUND ( 'NONE', #1368, .T. ) ;
#1331 = CARTESIAN_POINT ( 'NONE',  ( -734.7175807306961100, -1054.418566497478900, -20.40853694617459600 ) ) ;
#1332 = AXIS2_PLACEMENT_3D ( 'NONE', #2270, #1483, #1082 ) ;
#1333 = COLOUR_RGB ( '',0.3803921568627450800, 0.4784313725490195700, 0.7882352941176470300 ) ;
#1334 = CARTESIAN_POINT ( 'NONE',  ( -1000.000000000000000, -1378.499999999999800, -1.469576158976823800E-013 ) ) ;
#1335 = CARTESIAN_POINT ( 'NONE',  ( 722.1191037495139000, 1195.463913908248700, -136.9999999999999400 ) ) ;
#1336 = ADVANCED_FACE ( 'NONE', ( #779, #1951 ), #349, .F. ) ;
#1337 = CARTESIAN_POINT ( 'NONE',  ( -727.7377052255163800, -1095.181673311180700, -103.0707364653686800 ) ) ;
#1338 = CIRCLE ( 'NONE', #1523, 10.00000000000002100 ) ;
#1339 = ORIENTED_EDGE ( 'NONE', *, *, #800, .F. ) ;
#1340 = CARTESIAN_POINT ( 'NONE',  ( 730.6611983653182300, 1311.426076890577600, 79.83164385125515100 ) ) ;
#1341 = EDGE_LOOP ( 'NONE', ( #1830 ) ) ;
#1342 = CARTESIAN_POINT ( 'NONE',  ( -734.7636778209245000, -1054.185472439713100, 19.23968176319083100 ) ) ;
#1343 = ORIENTED_EDGE ( 'NONE', *, *, #370, .F. ) ;
#1344 = CARTESIAN_POINT ( 'NONE',  ( -749.5661357470875100, -1354.914588951738300, 25.63479753097817200 ) ) ;
#1345 = CARTESIAN_POINT ( 'NONE',  ( 733.4159447126776300, 1071.758881419348700, -48.40563574242325700 ) ) ;
#1346 = CARTESIAN_POINT ( 'NONE',  ( 727.1262794210326800, 1285.203333100856500, -107.3054368030360200 ) ) ;
#1347 = AXIS2_PLACEMENT_3D ( 'NONE', #2115, #1906, #697 ) ;
#1348 = EDGE_LOOP ( 'NONE', ( #2327 ) ) ;
#1349 = CARTESIAN_POINT ( 'NONE',  ( -747.0902464419132200, -1342.453964815310000, 66.01169316566129900 ) ) ;
#1350 = ORIENTED_EDGE ( 'NONE', *, *, #2332, .F. ) ;
#1351 = CARTESIAN_POINT ( 'NONE',  ( 732.5018947061418000, 1077.087992946993800, -60.67676655417172100 ) ) ;
#1352 = ADVANCED_FACE ( 'NONE', ( #2548, #1415 ), #1358, .F. ) ;
#1353 = CARTESIAN_POINT ( 'NONE',  ( 732.5018947061414600, 1322.912007053005700, -60.67676655417165000 ) ) ;
#1354 = DIRECTION ( 'NONE',  ( 0.0000000000000000000, 0.0000000000000000000, -1.000000000000000000 ) ) ;
#1355 = CARTESIAN_POINT ( 'NONE',  ( -725.2183799042807100, -1285.682581891342600, -119.5435304607148600 ) ) ;
#1356 = CIRCLE ( 'NONE', #1457, 199.9999999999999700 ) ;
#1357 = CARTESIAN_POINT ( 'NONE',  ( -737.5693891865256500, -1278.598253065417600, -136.0051988962221400 ) ) ;
#1358 = CYLINDRICAL_SURFACE ( 'NONE', #2276, 10.00000000000000900 ) ;
#1359 = AXIS2_PLACEMENT_3D ( 'NONE', #270, #84, #897 ) ;
#1360 = CARTESIAN_POINT ( 'NONE',  ( 729.6248495171615800, 1095.611534706389600, 88.73170212330758500 ) ) ;
#1361 = VERTEX_POINT ( 'NONE', #1084 ) ;
#1362 = CARTESIAN_POINT ( 'NONE',  ( 1025.400000000000100, 1200.000000000000000, 0.0000000000000000000 ) ) ;
#1363 = CARTESIAN_POINT ( 'NONE',  ( -721.2788659660849400, -1240.403929730321800, -141.3587775578629900 ) ) ;
#1364 = FACE_OUTER_BOUND ( 'NONE', #288, .T. ) ;
#1365 = ORIENTED_EDGE ( 'NONE', *, *, #1072, .T. ) ;
#1366 = CARTESIAN_POINT ( 'NONE',  ( -739.8535186677905800, -1297.653071537606600, -122.9614467530735300 ) ) ;
#1367 = CARTESIAN_POINT ( 'NONE',  ( 731.2354011233676400, 1084.888135287031700, -74.31908901590104200 ) ) ;
#1368 = EDGE_LOOP ( 'NONE', ( #1365 ) ) ;
#1369 = EDGE_LOOP ( 'NONE', ( #1343 ) ) ;
#1370 = CARTESIAN_POINT ( 'NONE',  ( 733.6739770440719900, 1070.300076177493100, 44.18187604102507700 ) ) ;
#1371 = CARTESIAN_POINT ( 'NONE',  ( -727.1155496522466100, -1300.460368809700600, -107.4228456422468000 ) ) ;
#1372 = CARTESIAN_POINT ( 'NONE',  ( 729.7293317370024400, 1305.116125672673400, 87.86849533104853500 ) ) ;
#1373 = CARTESIAN_POINT ( 'NONE',  ( -732.1295635855716500, -1331.918991914330700, 65.03289471005011500 ) ) ;
#1374 = CARTESIAN_POINT ( 'NONE',  ( 722.8358062566391000, 1167.800689068806800, 133.1670933469688100 ) ) ;
#1375 = AXIS2_PLACEMENT_3D ( 'NONE', #2241, #661, #261 ) ;
#1376 = CARTESIAN_POINT ( 'NONE',  ( -721.7021926040067700, -1152.677980116059900, 139.1800831407153700 ) ) ;
#1377 = ORIENTED_EDGE ( 'NONE', *, *, #560, .T. ) ;
#1378 = CARTESIAN_POINT ( 'NONE',  ( -734.7665802312471900, -1345.829141833567500, 19.12962488516310700 ) ) ;
#1379 = EDGE_LOOP ( 'NONE', ( #1935 ) ) ;
#1380 = AXIS2_PLACEMENT_3D ( 'NONE', #1459, #852, #860 ) ;
#1381 = CARTESIAN_POINT ( 'NONE',  ( 722.3246124664872200, 1217.795665917961500, 135.9130273071065500 ) ) ;
#1382 = CARTESIAN_POINT ( 'NONE',  ( -734.9385469843622300, -1346.692474509704900, -9.807532684927853200 ) ) ;
#1383 = CARTESIAN_POINT ( 'NONE',  ( 723.4560929999743200, 1244.168917129485000, 129.7614216258168700 ) ) ;
#1384 = CIRCLE ( 'NONE', #2133, 9.999999999999982200 ) ;
#1385 = CARTESIAN_POINT ( 'NONE',  ( -729.5269695384921500, -1316.631048027815500, -89.60796723180968100 ) ) ;
#1386 = FACE_OUTER_BOUND ( 'NONE', #2049, .T. ) ;
#1387 = CARTESIAN_POINT ( 'NONE',  ( 744.7638021668760800, 1317.399433064931800, -88.47506774208322600 ) ) ;
#1388 = FACE_OUTER_BOUND ( 'NONE', #133, .T. ) ;
#1389 = CARTESIAN_POINT ( 'NONE',  ( 723.4560929999742000, 1155.831082870514800, 129.7614216258169200 ) ) ;
#1390 = AXIS2_PLACEMENT_3D ( 'NONE', #666, #290, #759 ) ;
#1391 = CARTESIAN_POINT ( 'NONE',  ( 725.3675608397757100, 1268.685534276918100, 118.6235465128193600 ) ) ;
#1392 = FACE_OUTER_BOUND ( 'NONE', #1603, .T. ) ;
#1393 = CARTESIAN_POINT ( 'NONE',  ( -720.5348873156729000, -1175.986966456294300, 145.1047542789443100 ) ) ;
#1394 = CARTESIAN_POINT ( 'NONE',  ( -729.6555636529394600, -1317.395686216947100, 88.48004250609589900 ) ) ;
#1395 = FACE_BOUND ( 'NONE', #1320, .T. ) ;
#1396 = CARTESIAN_POINT ( 'NONE',  ( 728.8030974530314600, 1101.518799951219500, 95.24559133092147100 ) ) ;
#1397 = CARTESIAN_POINT ( 'NONE',  ( -734.7665802312477600, -1345.829141833568400, 19.12962488516300400 ) ) ;
#1398 = CARTESIAN_POINT ( 'NONE',  ( 722.4545293699567300, 1177.548369317575400, -135.2230107188764800 ) ) ;
#1399 = EDGE_CURVE ( 'NONE', #56, #56, #568, .T. ) ;
#1400 = CARTESIAN_POINT ( 'NONE',  ( 736.9738667731871800, 1247.547115372568000, -139.1818234068622400 ) ) ;
#1401 = ORIENTED_EDGE ( 'NONE', *, *, #2409, .T. ) ;
#1402 = CARTESIAN_POINT ( 'NONE',  ( 722.1194460287634900, 1195.469681487668600, 136.9981958656551900 ) ) ;
#1403 = CARTESIAN_POINT ( 'NONE',  ( -737.6900783028615900, -1120.395551713605500, 135.3285093948409500 ) ) ;
#1404 = CARTESIAN_POINT ( 'NONE',  ( -733.4069085474471900, -1338.815897517190300, 48.37982827773311800 ) ) ;
#1405 = ORIENTED_EDGE ( 'NONE', *, *, #85, .F. ) ;
#1406 = DIRECTION ( 'NONE',  ( 0.0000000000000000000, 0.0000000000000000000, 1.000000000000000000 ) ) ;
#1407 = DIRECTION ( 'NONE',  ( 1.000000000000000000, -0.0000000000000000000, -0.0000000000000000000 ) ) ;
#1408 = CARTESIAN_POINT ( 'NONE',  ( -720.3930101144725300, -1219.317759087095700, 145.8051702015546600 ) ) ;
#1409 = VERTEX_POINT ( 'NONE', #2419 ) ;
#1410 = CARTESIAN_POINT ( 'NONE',  ( 734.6764199246371200, 1335.255953501250400, -22.24496876377130400 ) ) ;
#1411 = CARTESIAN_POINT ( 'NONE',  ( -742.4229080930213100, -1315.505421108053700, 106.3445042630363600 ) ) ;
#1412 = VERTEX_POINT ( 'NONE', #834 ) ;
#1413 = EDGE_CURVE ( 'NONE', #2124, #2124, #1855, .T. ) ;
#1414 = CARTESIAN_POINT ( 'NONE',  ( 722.9968335039762900, 1164.317557309041100, -132.2909510047811100 ) ) ;
#1415 = FACE_OUTER_BOUND ( 'NONE', #1228, .T. ) ;
#1416 = VERTEX_POINT ( 'NONE', #1877 ) ;
#1417 = CARTESIAN_POINT ( 'NONE',  ( 739.1217789609791000, 1273.672857337446000, -127.2960351873972700 ) ) ;
#1418 = CYLINDRICAL_SURFACE ( 'NONE', #713, 10.00000000000000900 ) ;
#1419 = CARTESIAN_POINT ( 'NONE',  ( 733.7996519373560900, 1330.408370974195100, 42.04402406859308200 ) ) ;
#1420 = CARTESIAN_POINT ( 'NONE',  ( -743.8796047524268700, -1075.435472197638300, 95.70432786992965600 ) ) ;
#1421 = AXIS2_PLACEMENT_3D ( 'NONE', #1546, #1559, #2348 ) ;
#1422 = FACE_OUTER_BOUND ( 'NONE', #52, .T. ) ;
#1423 = EDGE_LOOP ( 'NONE', ( #2289 ) ) ;
#1424 = CARTESIAN_POINT ( 'NONE',  ( 729.9517933985571300, 1093.350496397185500, -86.00083383199653000 ) ) ;
#1425 = DIRECTION ( 'NONE',  ( 0.0000000000000000000, 0.0000000000000000000, 1.000000000000000000 ) ) ;
#1426 = CARTESIAN_POINT ( 'NONE',  ( -1025.400000000000100, -1200.000000000000700, 178.4999999999996600 ) ) ;
#1427 = CARTESIAN_POINT ( 'NONE',  ( 733.1883187438736500, 1326.922384880126200, 51.58461915427066200 ) ) ;
#1428 = CARTESIAN_POINT ( 'NONE',  ( -733.6726189540916000, -1220.643962630767400, 155.6422661437323700 ) ) ;
#1429 = CARTESIAN_POINT ( 'NONE',  ( 723.4643974645542800, 1155.692269519794300, -129.7152520998330100 ) ) ;
#1430 = CARTESIAN_POINT ( 'NONE',  ( -1025.400000000000100, -1297.910254037844900, 149.5855345755217900 ) ) ;
#1431 = EDGE_CURVE ( 'NONE', #1000, #1000, #2497, .T. ) ;
#1432 = DIRECTION ( 'NONE',  ( 0.0000000000000000000, 0.0000000000000000000, -1.000000000000000000 ) ) ;
#1433 = CARTESIAN_POINT ( 'NONE',  ( 739.1246903833050500, 1126.296111837572900, 127.2794448360428100 ) ) ;
#1434 = EDGE_LOOP ( 'NONE', ( #2026 ) ) ;
#1435 = CARTESIAN_POINT ( 'NONE',  ( -720.5372862310908900, -1224.092411302925700, 145.0929205009100000 ) ) ;
#1436 = AXIS2_PLACEMENT_3D ( 'NONE', #1443, #231, #1453 ) ;
#1437 = ORIENTED_EDGE ( 'NONE', *, *, #2058, .T. ) ;
#1438 = CARTESIAN_POINT ( 'NONE',  ( -743.8928296394567500, -1324.642707994948800, 95.60028944264179500 ) ) ;
#1439 = DIRECTION ( 'NONE',  ( 0.0000000000000000000, 0.0000000000000000000, -1.000000000000000000 ) ) ;
#1440 = PRODUCT_DEFINITION_FORMATION_WITH_SPECIFIED_SOURCE ( 'ANY', '', #952, .NOT_KNOWN. ) ;
#1441 = CARTESIAN_POINT ( 'NONE',  ( 1025.400000000000100, 1026.500000000000000, 10.00000000000000700 ) ) ;
#1442 = CARTESIAN_POINT ( 'NONE',  ( 744.6494691351746300, 1083.291562748205700, 89.50490969304958400 ) ) ;
#1443 = CARTESIAN_POINT ( 'NONE',  ( -1000.000000000000000, -1354.585534575522600, 89.24999999999883500 ) ) ;
#1444 = CYLINDRICAL_SURFACE ( 'NONE', #640, 10.00000000000000900 ) ;
#1445 = CARTESIAN_POINT ( 'NONE',  ( -743.8913274345447900, -1075.398191656677900, -95.55145439856663400 ) ) ;
#1446 = CYLINDRICAL_SURFACE ( 'NONE', #1421, 199.9999999999999700 ) ;
#1447 = CARTESIAN_POINT ( 'NONE',  ( -1000.000000000000000, -1200.000000000000000, -1.469576158976823800E-013 ) ) ;
#1448 = CARTESIAN_POINT ( 'NONE',  ( -732.4952370588184700, -1066.072691746631800, 60.78958838123051600 ) ) ;
#1449 = DIRECTION ( 'NONE',  ( 0.0000000000000000000, -1.000000000000000000, -0.0000000000000000000 ) ) ;
#1450 = CARTESIAN_POINT ( 'NONE',  ( 749.0303477516389400, 1058.028880584626700, -38.19790020164179400 ) ) ;
#1451 = TOROIDAL_SURFACE ( 'NONE', #446, 250.0000000000000000, 485.0000000000005700 ) ;
#1452 = EDGE_LOOP ( 'NONE', ( #420 ) ) ;
#1453 = DIRECTION ( 'NONE',  ( 0.0000000000000000000, 0.0000000000000000000, 1.000000000000000000 ) ) ;
#1454 = EDGE_LOOP ( 'NONE', ( #486 ) ) ;
#1455 = CARTESIAN_POINT ( 'NONE',  ( -734.6639598219427400, -1156.621599907746000, -150.8939762532818600 ) ) ;
#1456 = ORIENTED_EDGE ( 'NONE', *, *, #2190, .T. ) ;
#1457 = AXIS2_PLACEMENT_3D ( 'NONE', #2410, #1234, #1439 ) ;
#1458 = CARTESIAN_POINT ( 'NONE',  ( -725.7087693158627000, -1289.671014116621800, 116.5070791017047800 ) ) ;
#1459 = CARTESIAN_POINT ( 'NONE',  ( 0.0000000000000000000, 1500.000000000000000, 0.0000000000000000000 ) ) ;
#1460 = SURFACE_STYLE_USAGE ( .BOTH. , #50 ) ;
#1461 = CARTESIAN_POINT ( 'NONE',  ( 723.4643974645540500, 1244.307730480205200, -129.7152520998331200 ) ) ;
#1462 = CARTESIAN_POINT ( 'NONE',  ( 749.6198954074238800, 1054.951355961897700, 23.99456294614300900 ) ) ;
#1463 = CARTESIAN_POINT ( 'NONE',  ( -749.1599710408992200, -1047.060044535465700, 35.84116938632549700 ) ) ;
#1464 = ORIENTED_EDGE ( 'NONE', *, *, #2015, .T. ) ;
#1465 = CARTESIAN_POINT ( 'NONE',  ( -1000.000000000000000, -1200.000000000000000, -1.469576158976823800E-013 ) ) ;
#1466 = CARTESIAN_POINT ( 'NONE',  ( -732.1222346375241200, -1068.121512371169000, 65.11616054415711100 ) ) ;
#1467 = CARTESIAN_POINT ( 'NONE',  ( -733.3832558764891000, -1200.000000000000000, -157.0000000000000900 ) ) ;
#1468 = ORIENTED_EDGE ( 'NONE', *, *, #2394, .F. ) ;
#1469 = CARTESIAN_POINT ( 'NONE',  ( 743.9529104647377800, 1087.851928908388300, 95.06606753547860900 ) ) ;
#1470 = CARTESIAN_POINT ( 'NONE',  ( -721.4838895729501500, -1156.132764672930800, 140.3072520079631700 ) ) ;
#1471 = AXIS2_PLACEMENT_3D ( 'NONE', #76, #113, #1709 ) ;
#1472 = CARTESIAN_POINT ( 'NONE',  ( -749.9857182116580800, -1043.068187717070900, 5.301984135388647000 ) ) ;
#1473 = VERTEX_POINT ( 'NONE', #826 ) ;
#1474 = CARTESIAN_POINT ( 'NONE',  ( -1025.400000000000100, -1200.000000000000000, -1.469576158976823800E-013 ) ) ;
#1475 = DIRECTION ( 'NONE',  ( 0.0000000000000000000, 0.0000000000000000000, -1.000000000000000000 ) ) ;
#1476 = SHAPE_DEFINITION_REPRESENTATION ( #432, #7 ) ;
#1477 = CARTESIAN_POINT ( 'NONE',  ( 739.5364601165551900, 1277.636682411617400, 124.8495965662525400 ) ) ;
#1478 = CARTESIAN_POINT ( 'NONE',  ( 722.4523106307995000, 1222.372608045409800, -135.2347860330724800 ) ) ;
#1479 = CYLINDRICAL_SURFACE ( 'NONE', #2399, 10.00000000000000900 ) ;
#1480 = CARTESIAN_POINT ( 'NONE',  ( -721.7784975280890200, -1151.528402387079500, 138.7839114856635100 ) ) ;
#1481 = CARTESIAN_POINT ( 'NONE',  ( -744.3993139500178100, -1072.378792589187200, 91.58571214908766900 ) ) ;
#1482 = CYLINDRICAL_SURFACE ( 'NONE', #1213, 156.9999999999999400 ) ;
#1483 = DIRECTION ( 'NONE',  ( -1.000000000000000000, -0.0000000000000000000, -0.0000000000000000000 ) ) ;
#1484 = EDGE_LOOP ( 'NONE', ( #795 ) ) ;
#1485 = CYLINDRICAL_SURFACE ( 'NONE', #1842, 199.9999999999999700 ) ;
#1486 = SURFACE_SIDE_STYLE ('',( #321 ) ) ;
#1487 = CARTESIAN_POINT ( 'NONE',  ( -720.9223781743861500, -1233.383754589428200, -143.1642348154244100 ) ) ;
#1488 = ORIENTED_EDGE ( 'NONE', *, *, #2532, .F. ) ;
#1489 = DIRECTION ( 'NONE',  ( 0.0000000000000000000, 0.0000000000000000000, -1.000000000000000000 ) ) ;
#1490 = DIRECTION ( 'NONE',  ( 0.0000000000000000000, 0.0000000000000000000, -1.000000000000000000 ) ) ;
#1491 = CARTESIAN_POINT ( 'NONE',  ( -720.3445125338332700, -1183.087507957413200, -146.0439755266243400 ) ) ;
#1492 = DIRECTION ( 'NONE',  ( 0.0000000000000000000, -0.4999999999999902300, 0.8660254037844443700 ) ) ;
#1493 = CARTESIAN_POINT ( 'NONE',  ( 1025.400000000000100, 1373.500000000000000, -10.00000000000000700 ) ) ;
#1494 = CARTESIAN_POINT ( 'NONE',  ( -731.9209426807352700, -1069.257826014112900, -67.24045464681566400 ) ) ;
#1495 = CARTESIAN_POINT ( 'NONE',  ( 749.7712920381733300, 1345.829358613840400, -19.12793260895013600 ) ) ;
#1496 = DIRECTION ( 'NONE',  ( 0.0000000000000000000, 0.0000000000000000000, 1.000000000000000000 ) ) ;
#1497 = DIRECTION ( 'NONE',  ( 0.0000000000000000000, -1.000000000000000000, 2.775557561562889000E-015 ) ) ;
#1498 = CARTESIAN_POINT ( 'NONE',  ( -720.9174952837074700, -1166.409806519968500, -143.1918130895702200 ) ) ;
#1499 = ORIENTED_EDGE ( 'NONE', *, *, #49, .F. ) ;
#1500 = CARTESIAN_POINT ( 'NONE',  ( 740.4196648380616400, 1114.361330734363000, -119.5024599716497600 ) ) ;
#1501 = DIRECTION ( 'NONE',  ( -1.000000000000000000, 0.0000000000000000000, 0.0000000000000000000 ) ) ;
#1502 = CARTESIAN_POINT ( 'NONE',  ( 1000.000000000000000, 1113.249999999998900, -160.2554075565996100 ) ) ;
#1503 = CARTESIAN_POINT ( 'NONE',  ( -725.6933316091286800, -1110.399521226103800, -116.6345890146785000 ) ) ;
#1504 = CARTESIAN_POINT ( 'NONE',  ( 738.9053057946349600, 1271.375932601883500, 128.5312252553630100 ) ) ;
#1505 = DIRECTION ( 'NONE',  ( 1.000000000000000000, -0.0000000000000000000, -0.0000000000000000000 ) ) ;
#1506 = CARTESIAN_POINT ( 'NONE',  ( 722.7769612810496900, 1231.140459432073800, -133.4887737996113800 ) ) ;
#1507 = CARTESIAN_POINT ( 'NONE',  ( -734.3911206278279500, -1056.075117175789500, 29.93479946644171400 ) ) ;
#1508 = FACE_OUTER_BOUND ( 'NONE', #2233, .T. ) ;
#1509 = AXIS2_PLACEMENT_3D ( 'NONE', #785, #1012, #1425 ) ;
#1510 = CARTESIAN_POINT ( 'NONE',  ( 735.5012530076254500, 1190.305349064282600, -146.7587820189866100 ) ) ;
#1511 = CYLINDRICAL_SURFACE ( 'NONE', #1184, 10.00000000000000400 ) ;
#1512 = DIRECTION ( 'NONE',  ( 0.0000000000000000000, 0.0000000000000000000, -1.000000000000000000 ) ) ;
#1513 = AXIS2_PLACEMENT_3D ( 'NONE', #1061, #636, #1867 ) ;
#1514 = ADVANCED_FACE ( 'NONE', ( #540 ), #1764, .F. ) ;
#1515 = CARTESIAN_POINT ( 'NONE',  ( -1025.400000000000100, -1200.000000000000000, 146.9999999999997200 ) ) ;
#1516 = CARTESIAN_POINT ( 'NONE',  ( -720.3445125338332700, -1183.087507957413000, -146.0439755266243400 ) ) ;
#1517 = CARTESIAN_POINT ( 'NONE',  ( 734.6632636904947700, 1335.182161978186500, 22.35758838695933500 ) ) ;
#1518 = CARTESIAN_POINT ( 'NONE',  ( -729.5248073867999200, -1083.383375224005200, 89.62383639332104200 ) ) ;
#1519 = CIRCLE ( 'NONE', #1972, 10.00000000000000900 ) ;
#1520 = ORIENTED_EDGE ( 'NONE', *, *, #734, .F. ) ;
#1521 = CARTESIAN_POINT ( 'NONE',  ( -720.3873761448363700, -1219.100608221774600, -145.8329742864969200 ) ) ;
#1522 = CARTESIAN_POINT ( 'NONE',  ( 730.2598812470676000, 1308.772023756311900, 83.41231946648278500 ) ) ;
#1523 = AXIS2_PLACEMENT_3D ( 'NONE', #20, #1046, #633 ) ;
#1524 = CARTESIAN_POINT ( 'NONE',  ( -734.7499528609897700, -1054.255310727429100, -19.20828985224298400 ) ) ;
#1525 = ADVANCED_FACE ( 'NONE', ( #183, #1731 ), #1446, .T. ) ;
#1526 = CARTESIAN_POINT ( 'NONE',  ( -741.1998860668499000, -1307.419761004771300, -114.6126202606722700 ) ) ;
#1527 = CARTESIAN_POINT ( 'NONE',  ( 722.7769612810503800, 1168.859540567926200, -133.4887737996114700 ) ) ;
#1528 = ORIENTED_EDGE ( 'NONE', *, *, #1032, .T. ) ;
#1529 = CARTESIAN_POINT ( 'NONE',  ( 733.6912741158107600, 1329.801826513397800, 44.05044145517818800 ) ) ;
#1530 = ORIENTED_EDGE ( 'NONE', *, *, #1969, .F. ) ;
#1531 = CARTESIAN_POINT ( 'NONE',  ( -727.1316850853585300, -1099.423263732241400, 107.3134511859145400 ) ) ;
#1532 = EDGE_CURVE ( 'NONE', #1540, #1540, #1126, .T. ) ;
#1533 = CARTESIAN_POINT ( 'NONE',  ( -749.1653449419484300, -1352.966272667403500, 35.73128762330488000 ) ) ;
#1534 = CARTESIAN_POINT ( 'NONE',  ( 722.3284365485234300, 1182.048755750833200, -135.8927203014887100 ) ) ;
#1535 = VERTEX_POINT ( 'NONE', #1306 ) ;
#1536 = CARTESIAN_POINT ( 'NONE',  ( 731.2354011233677500, 1315.111864712967900, -74.31908901590102800 ) ) ;
#1537 = CYLINDRICAL_SURFACE ( 'NONE', #202, 10.00000000000000900 ) ;
#1538 = FACE_BOUND ( 'NONE', #2526, .T. ) ;
#1539 = CARTESIAN_POINT ( 'NONE',  ( -723.0856836447417200, -1265.227130550864300, 131.8233058703790400 ) ) ;
#1540 = VERTEX_POINT ( 'NONE', #1909 ) ;
#1541 = CARTESIAN_POINT ( 'NONE',  ( -735.4713567305090000, -1255.434896698451200, -146.9104436762721100 ) ) ;
#1542 = CARTESIAN_POINT ( 'NONE',  ( 732.3273435851195900, 1078.145871243892800, 62.65467303230094800 ) ) ;
#1543 = TOROIDAL_SURFACE ( 'NONE', #2225, 250.0000000000000000, 485.0000000000006300 ) ;
#1544 = CARTESIAN_POINT ( 'NONE',  ( 734.1409577720672800, 1332.314924712050900, -35.59303202367279100 ) ) ;
#1545 = CYLINDRICAL_SURFACE ( 'NONE', #951, 10.00000000000000900 ) ;
#1546 = CARTESIAN_POINT ( 'NONE',  ( 1025.400000000000100, 1200.000000000000000, 0.0000000000000000000 ) ) ;
#1547 = EDGE_CURVE ( 'NONE', #876, #876, #1979, .T. ) ;
#1548 = EDGE_LOOP ( 'NONE', ( #484 ) ) ;
#1549 = CARTESIAN_POINT ( 'NONE',  ( -732.1088926196497400, -1331.804341050181600, -65.26489349946692200 ) ) ;
#1550 = CARTESIAN_POINT ( 'NONE',  ( -747.1987862233646600, -1343.033993907683500, -64.93377016661141000 ) ) ;
#1551 = CARTESIAN_POINT ( 'NONE',  ( 729.4157242109176900, 1097.083386280191900, 90.43471274075211900 ) ) ;
#1552 = AXIS2_PLACEMENT_3D ( 'NONE', #2296, #222, #278 ) ;
#1553 = PLANE ( 'NONE',  #2146 ) ;
#1554 = CARTESIAN_POINT ( 'NONE',  ( -734.6181924419969400, -1345.081838158713900, -24.15037139721981400 ) ) ;
#1555 = CARTESIAN_POINT ( 'NONE',  ( -749.9459731166587100, -1356.742483675872600, -10.34825126620253000 ) ) ;
#1556 = ORIENTED_EDGE ( 'NONE', *, *, #708, .T. ) ;
#1557 = CARTESIAN_POINT ( 'NONE',  ( 734.9580979730897100, 1063.224298196710400, -9.022827782879209800 ) ) ;
#1558 = CARTESIAN_POINT ( 'NONE',  ( 725.7419383354621200, 1272.518474014348600, 116.3182733252774700 ) ) ;
#1559 = DIRECTION ( 'NONE',  ( -1.000000000000000000, -0.0000000000000000000, -0.0000000000000000000 ) ) ;
#1560 = CARTESIAN_POINT ( 'NONE',  ( -721.1523172991375100, -1238.080883254569000, -142.0024449221185700 ) ) ;
#1561 = CIRCLE ( 'NONE', #1198, 10.00000000000000900 ) ;
#1562 = CARTESIAN_POINT ( 'NONE',  ( -722.7074760085859000, -1260.905732214911000, 133.8745948304365400 ) ) ;
#1563 = CARTESIAN_POINT ( 'NONE',  ( 730.2486725140973900, 1308.697562871684800, 83.51166024315341500 ) ) ;
#1564 = FACE_BOUND ( 'NONE', #1239, .T. ) ;
#1565 = AXIS2_PLACEMENT_3D ( 'NONE', #501, #1091, #2094 ) ;
#1566 = CARTESIAN_POINT ( 'NONE',  ( -730.0054279618992700, -1319.557296492006300, 85.56233465980736200 ) ) ;
#1567 = CARTESIAN_POINT ( 'NONE',  ( 728.7861157274344400, 1101.635092972728700, 95.38516112332767700 ) ) ;
#1568 = CYLINDRICAL_SURFACE ( 'NONE', #1509, 10.00000000000000900 ) ;
#1569 = CARTESIAN_POINT ( 'NONE',  ( -722.1794071898464200, -1145.851956913169000, 136.6849897999284200 ) ) ;
#1570 = CARTESIAN_POINT ( 'NONE',  ( -723.8863299346053300, -1273.482618359949400, -127.3388434978991500 ) ) ;
#1571 = FACE_OUTER_BOUND ( 'NONE', #1145, .T. ) ;
#1572 = CARTESIAN_POINT ( 'NONE',  ( 729.4157242109179200, 1302.916613719808300, 90.43471274075217500 ) ) ;
#1573 = ORIENTED_EDGE ( 'NONE', *, *, #2156, .F. ) ;
#1574 = CARTESIAN_POINT ( 'NONE',  ( -734.2605479010853700, -1343.259871181454200, 33.29671197727919500 ) ) ;
#1575 = EDGE_LOOP ( 'NONE', ( #2219 ) ) ;
#1576 = CARTESIAN_POINT ( 'NONE',  ( 724.3340950307452900, 1256.639257280913600, 124.7640918961719200 ) ) ;
#1577 = CARTESIAN_POINT ( 'NONE',  ( -720.9098405012669000, -1166.576952973673800, 143.2302880741359000 ) ) ;
#1578 = CARTESIAN_POINT ( 'NONE',  ( -720.1972460725962700, -1209.535972742782900, -146.7690527581910900 ) ) ;
#1579 = CARTESIAN_POINT ( 'NONE',  ( 744.3011102503940000, 1314.427757370433500, -92.28616899167767000 ) ) ;
#1580 = CARTESIAN_POINT ( 'NONE',  ( 727.7378760928486400, 1290.322262514201600, 103.1054466402113800 ) ) ;
#1581 = CARTESIAN_POINT ( 'NONE',  ( 722.3246124664871100, 1182.204334082037100, 135.9130273071063500 ) ) ;
#1582 = AXIS2_PLACEMENT_3D ( 'NONE', #1042, #2426, #1249 ) ;
#1583 = CARTESIAN_POINT ( 'NONE',  ( -727.1316850853585300, -1099.423263732241800, 107.3134511859145000 ) ) ;
#1584 = ORIENTED_EDGE ( 'NONE', *, *, #618, .F. ) ;
#1585 = CARTESIAN_POINT ( 'NONE',  ( -1025.400000000000100, -1378.499999999999800, -1.469576158976823800E-013 ) ) ;
#1586 = ORIENTED_EDGE ( 'NONE', *, *, #2350, .F. ) ;
#1587 = CARTESIAN_POINT ( 'NONE',  ( 747.5529583659197200, 1333.969020638626900, -60.69933654665050700 ) ) ;
#1588 = CARTESIAN_POINT ( 'NONE',  ( 724.6660450968970500, 1139.288500145332100, 122.8185219835705300 ) ) ;
#1589 = CARTESIAN_POINT ( 'NONE',  ( 925.4000000000000900, 1286.750000000001800, 150.2554075565989500 ) ) ;
#1590 = VERTEX_POINT ( 'NONE', #1043 ) ;
#1591 = CARTESIAN_POINT ( 'NONE',  ( -1025.400000000000100, -1200.000000000000000, -1.469576158976823800E-013 ) ) ;
#1592 = FACE_BOUND ( 'NONE', #48, .T. ) ;
#1593 = FACE_OUTER_BOUND ( 'NONE', #1208, .T. ) ;
#1594 = CARTESIAN_POINT ( 'NONE',  ( 728.1674203221975900, 1106.288970003769700, 100.0376996983995100 ) ) ;
#1595 = CARTESIAN_POINT ( 'NONE',  ( -739.0591018036924400, -1108.483096850125300, 127.6716444965852700 ) ) ;
#1596 = AXIS2_PLACEMENT_3D ( 'NONE', #1675, #2266, #1497 ) ;
#1597 = VERTEX_POINT ( 'NONE', #1096 ) ;
#1598 = CARTESIAN_POINT ( 'NONE',  ( -734.9998225031539500, -1346.999112515560500, -1.316465600399092900 ) ) ;
#1599 = CARTESIAN_POINT ( 'NONE',  ( 730.3618969070507800, 1090.579067659948100, -82.44592450471108700 ) ) ;
#1600 = FACE_OUTER_BOUND ( 'NONE', #830, .T. ) ;
#1601 = CARTESIAN_POINT ( 'NONE',  ( -729.5379761788292400, -1316.662744769855400, 89.44418223832055000 ) ) ;
#1602 = CIRCLE ( 'NONE', #271, 146.9999999999999100 ) ;
#1603 = EDGE_LOOP ( 'NONE', ( #1999 ) ) ;
#1604 = CARTESIAN_POINT ( 'NONE',  ( 744.4172692753344300, 1315.180766635384100, -91.34467551605696700 ) ) ;
#1605 = CARTESIAN_POINT ( 'NONE',  ( 734.1500081223249500, 1332.370278284241500, 35.59890654286351000 ) ) ;
#1606 = CARTESIAN_POINT ( 'NONE',  ( -741.1818746420214000, -1092.704178274158900, 114.7292069584817300 ) ) ;
#1607 = CARTESIAN_POINT ( 'NONE',  ( -1000.000000000000000, -1200.000000000000000, -1.469576158976823800E-013 ) ) ;
#1608 = CARTESIAN_POINT ( 'NONE',  ( -1000.000000000000000, -1200.000000000000000, -1.469576158976823800E-013 ) ) ;
#1609 = DIRECTION ( 'NONE',  ( 0.0000000000000000000, 0.0000000000000000000, -1.000000000000000000 ) ) ;
#1610 = AXIS2_PLACEMENT_3D ( 'NONE', #778, #1809, #422 ) ;
#1611 = CARTESIAN_POINT ( 'NONE',  ( 734.9594803352249500, 1336.783120271124300, -8.911879310541408500 ) ) ;
#1612 = CARTESIAN_POINT ( 'NONE',  ( -745.4043986328918000, -1333.358618323851000, 83.00930388374554500 ) ) ;
#1613 = EDGE_LOOP ( 'NONE', ( #1036 ) ) ;
#1614 = CARTESIAN_POINT ( 'NONE',  ( 722.1618430490417500, 1190.956722227333300, -136.7752785682314700 ) ) ;
#1615 = CARTESIAN_POINT ( 'NONE',  ( -732.3984070778002400, -1066.614517673171300, -61.79630272703132500 ) ) ;
#1616 = CARTESIAN_POINT ( 'NONE',  ( -720.1495880007582900, -1204.743272341256200, -147.0019418453937900 ) ) ;
#1617 = CARTESIAN_POINT ( 'NONE',  ( -720.9282176884859200, -1233.571291089170900, 143.1358491655692800 ) ) ;
#1618 = CARTESIAN_POINT ( 'NONE',  ( 732.4902534119160000, 1322.842546305106200, 60.81604150291548900 ) ) ;
#1619 = CARTESIAN_POINT ( 'NONE',  ( -745.8814987771012300, -1335.992253870156000, 78.62273060734442300 ) ) ;
#1620 = FACE_OUTER_BOUND ( 'NONE', #1910, .T. ) ;
#1621 = FACE_BOUND ( 'NONE', #2099, .T. ) ;
#1622 = CARTESIAN_POINT ( 'NONE',  ( 1000.000000000000000, 1200.000000000000000, -146.9999999999999100 ) ) ;
#1623 = CARTESIAN_POINT ( 'NONE',  ( 738.5259329716713000, 1132.689411718905600, 130.6895327979997000 ) ) ;
#1624 = VERTEX_POINT ( 'NONE', #1711 ) ;
#1625 = DIRECTION ( 'NONE',  ( 1.000000000000000000, 0.0000000000000000000, 0.0000000000000000000 ) ) ;
#1626 = CARTESIAN_POINT ( 'NONE',  ( -735.1057736940028900, -1149.467291263914800, 148.7340627481694900 ) ) ;
#1627 = CIRCLE ( 'NONE', #361, 10.00000000000000700 ) ;
#1628 = DIRECTION ( 'NONE',  ( 1.000000000000000000, 0.0000000000000000000, 0.0000000000000000000 ) ) ;
#1629 = ORIENTED_EDGE ( 'NONE', *, *, #2290, .T. ) ;
#1630 = CARTESIAN_POINT ( 'NONE',  ( -722.5250728398282300, -1141.422000442147200, -134.8458335302133000 ) ) ;
#1631 = CARTESIAN_POINT ( 'NONE',  ( -1000.000000000000000, -1289.249999999998200, -144.5855345755230400 ) ) ;
#1632 = CARTESIAN_POINT ( 'NONE',  ( 736.2043421548461300, 1166.412873409992700, 143.1925104669805100 ) ) ;
#1633 = CARTESIAN_POINT ( 'NONE',  ( -738.8266500524117600, -1110.473957541797700, -128.9796562926386500 ) ) ;
#1634 = CARTESIAN_POINT ( 'NONE',  ( -1025.400000000000100, -1354.585534575522600, 89.24999999999883500 ) ) ;
#1635 = DIRECTION ( 'NONE',  ( 1.000000000000000000, 0.0000000000000000000, 0.0000000000000000000 ) ) ;
#1636 = CARTESIAN_POINT ( 'NONE',  ( -734.8089777163108900, -1053.958037008463000, -16.79934212355758700 ) ) ;
#1637 = CARTESIAN_POINT ( 'NONE',  ( 0.0000000000000000000, 2000.000000000000000, -250.0000000000000000 ) ) ;
#1638 = EDGE_CURVE ( 'NONE', #351, #351, #411, .T. ) ;
#1639 = CARTESIAN_POINT ( 'NONE',  ( 749.6309713688376600, 1054.891572134906000, -23.99934764782615900 ) ) ;
#1640 = EDGE_LOOP ( 'NONE', ( #1401 ) ) ;
#1641 = DIRECTION ( 'NONE',  ( -1.000000000000000000, -0.0000000000000000000, -0.0000000000000000000 ) ) ;
#1642 = EDGE_LOOP ( 'NONE', ( #363 ) ) ;
#1643 = CARTESIAN_POINT ( 'NONE',  ( -734.1358799419201700, -1166.669955027226900, -153.4430764769428200 ) ) ;
#1644 = CARTESIAN_POINT ( 'NONE',  ( -925.4000000000000900, -1354.585534575522600, 89.24999999999883500 ) ) ;
#1645 = CARTESIAN_POINT ( 'NONE',  ( 724.6620202008506300, 1260.781836408426900, -122.8598241902996900 ) ) ;
#1646 = VERTEX_POINT ( 'NONE', #2262 ) ;
#1647 = CARTESIAN_POINT ( 'NONE',  ( 747.1802821970956100, 1068.119940843175500, -65.11300684495206800 ) ) ;
#1648 = DIRECTION ( 'NONE',  ( 1.000000000000000000, 0.0000000000000000000, 0.0000000000000000000 ) ) ;
#1649 = CARTESIAN_POINT ( 'NONE',  ( 0.0000000000000000000, 1500.000000000000000, 0.0000000000000000000 ) ) ;
#1650 = CYLINDRICAL_SURFACE ( 'NONE', #1916, 10.00000000000000900 ) ;
#1651 = CARTESIAN_POINT ( 'NONE',  ( -739.6070989703106300, -1104.230238555243900, -124.4337653787797500 ) ) ;
#1652 = EDGE_CURVE ( 'NONE', #128, #128, #910, .T. ) ;
#1653 = CARTESIAN_POINT ( 'NONE',  ( -734.6233647632401500, -1054.891938612858900, 24.00159080995595000 ) ) ;
#1654 = CARTESIAN_POINT ( 'NONE',  ( 723.7354126997734100, 1248.516185254518400, -128.1993733900412700 ) ) ;
#1655 = VERTEX_POINT ( 'NONE', #1515 ) ;
#1656 = CARTESIAN_POINT ( 'NONE',  ( 749.9994393506341300, 1053.002860456424500, -4.893097065583858400 ) ) ;
#1657 = FACE_BOUND ( 'NONE', #230, .T. ) ;
#1658 = CARTESIAN_POINT ( 'NONE',  ( -720.9098405012670100, -1166.576952973674700, 143.2302880741361500 ) ) ;
#1659 = ORIENTED_EDGE ( 'NONE', *, *, #2222, .F. ) ;
#1660 = CARTESIAN_POINT ( 'NONE',  ( -748.9049729671440900, -1048.310140616547900, 40.81234497113289400 ) ) ;
#1661 = EDGE_LOOP ( 'NONE', ( #104 ) ) ;
#1662 = CARTESIAN_POINT ( 'NONE',  ( -725.2417749594823100, -1285.809702581584600, 119.3795845041115600 ) ) ;
#1663 = CARTESIAN_POINT ( 'NONE',  ( -3.552713678800508200E-012, 1999.999999999999800, 0.0000000000000000000 ) ) ;
#1664 =( LENGTH_UNIT ( ) NAMED_UNIT ( * ) SI_UNIT ( .MILLI., .METRE. ) );
#1665 = CARTESIAN_POINT ( 'NONE',  ( -720.1499843782552300, -1199.999999999999800, 146.9999999999998300 ) ) ;
#1666 = CARTESIAN_POINT ( 'NONE',  ( -747.6667859148454900, -1054.552899111051800, 59.12533358016412400 ) ) ;
#1667 = EDGE_CURVE ( 'NONE', #600, #600, #379, .T. ) ;
#1668 = DIRECTION ( 'NONE',  ( -0.0000000000000000000, -1.000000000000000000, -0.0000000000000000000 ) ) ;
#1669 = DIRECTION ( 'NONE',  ( 1.000000000000000000, 0.0000000000000000000, 0.0000000000000000000 ) ) ;
#1670 = CARTESIAN_POINT ( 'NONE',  ( -734.0103800566112100, -1058.029670261536900, 38.20085163000988600 ) ) ;
#1671 = CARTESIAN_POINT ( 'NONE',  ( 1000.000000000000000, 1350.255407556599900, -96.75000000000011400 ) ) ;
#1672 = ORIENTED_EDGE ( 'NONE', *, *, #2332, .T. ) ;
#1673 = CARTESIAN_POINT ( 'NONE',  ( -720.6337670179042300, -1173.493534951117000, -144.6105335689225300 ) ) ;
#1674 = CARTESIAN_POINT ( 'NONE',  ( 745.0927722563354800, 1319.495357080460500, 85.74834112809838900 ) ) ;
#1675 = CARTESIAN_POINT ( 'NONE',  ( 1025.400000000000100, 1199.999999999999300, -173.5000000000000000 ) ) ;
#1676 = EDGE_LOOP ( 'NONE', ( #2249 ) ) ;
#1677 = CARTESIAN_POINT ( 'NONE',  ( -1025.400000000000100, -1110.749999999998200, -154.5855345755214800 ) ) ;
#1678 = STYLED_ITEM ( 'NONE', ( #2007 ), #7 ) ;
#1679 = CARTESIAN_POINT ( 'NONE',  ( 735.6896627220488700, 1180.734151535398500, -145.8113625181551100 ) ) ;
#1680 = CARTESIAN_POINT ( 'NONE',  ( 748.2132534659983800, 1337.596196435236800, -51.78931805467583200 ) ) ;
#1681 = VERTEX_POINT ( 'NONE', #1035 ) ;
#1682 = ADVANCED_FACE ( 'NONE', ( #127, #1191 ), #1568, .F. ) ;
#1683 = CARTESIAN_POINT ( 'NONE',  ( -728.5883597803199300, -1089.421721821697000, -96.88782482675581800 ) ) ;
#1684 = CARTESIAN_POINT ( 'NONE',  ( 1025.400000000000100, 1345.255407556599900, -95.41025403784449600 ) ) ;
#1685 = CARTESIAN_POINT ( 'NONE',  ( -727.8415045513091900, -1305.546537301495200, -102.3458197997300800 ) ) ;
#1686 = CARTESIAN_POINT ( 'NONE',  ( 737.9375802074505400, 1260.665799699648500, 133.9835780152380900 ) ) ;
#1687 = DIRECTION ( 'NONE',  ( 0.0000000000000000000, 0.0000000000000000000, -1.000000000000000000 ) ) ;
#1688 = PLANE ( 'NONE',  #28 ) ;
#1689 = FACE_BOUND ( 'NONE', #1640, .T. ) ;
#1690 = DIRECTION ( 'NONE',  ( 0.0000000000000000000, 0.0000000000000000000, -1.000000000000000000 ) ) ;
#1691 = CARTESIAN_POINT ( 'NONE',  ( 743.2369244582535000, 1092.662540081210000, -100.5511394126065200 ) ) ;
#1692 = DIRECTION ( 'NONE',  ( 0.0000000000000000000, 0.0000000000000000000, -1.000000000000000000 ) ) ;
#1693 = EDGE_CURVE ( 'NONE', #1655, #1655, #242, .T. ) ;
#1694 = CIRCLE ( 'NONE', #1359, 750.0000000000000000 ) ;
#1695 = DIRECTION ( 'NONE',  ( 1.000000000000000000, 0.0000000000000000000, 0.0000000000000000000 ) ) ;
#1696 = CARTESIAN_POINT ( 'NONE',  ( -730.8907242839442200, -1075.131620414327200, -77.71579947553939900 ) ) ;
#1697 = ORIENTED_EDGE ( 'NONE', *, *, #359, .F. ) ;
#1698 = CARTESIAN_POINT ( 'NONE',  ( 736.1054874377980500, 1231.011106016379000, 143.6968500859900100 ) ) ;
#1699 = CARTESIAN_POINT ( 'NONE',  ( 1025.400000000000100, 1200.000000000000000, 0.0000000000000000000 ) ) ;
#1700 = CARTESIAN_POINT ( 'NONE',  ( 722.1191037495139000, 1204.536086091750800, -136.9999999999998300 ) ) ;
#1701 = AXIS2_PLACEMENT_3D ( 'NONE', #139, #1171, #380 ) ;
#1702 = ORIENTED_EDGE ( 'NONE', *, *, #2222, .T. ) ;
#1703 = CARTESIAN_POINT ( 'NONE',  ( -734.9994255803998200, -1053.002872098485800, 4.893994835759366800 ) ) ;
#1704 = EDGE_LOOP ( 'NONE', ( #1125 ) ) ;
#1705 = ADVANCED_FACE ( 'NONE', ( #2421, #1884 ), #1511, .F. ) ;
#1706 = CARTESIAN_POINT ( 'NONE',  ( 741.1116291456593200, 1108.573134267230900, -115.1345090804147700 ) ) ;
#1707 = DIRECTION ( 'NONE',  ( 1.000000000000000000, 0.0000000000000000000, 0.0000000000000000000 ) ) ;
#1708 = ORIENTED_EDGE ( 'NONE', *, *, #1652, .F. ) ;
#1709 = DIRECTION ( 'NONE',  ( 0.0000000000000000000, 0.0000000000000000000, -1.000000000000000000 ) ) ;
#1710 = CARTESIAN_POINT ( 'NONE',  ( -727.8600575766893100, -1094.335705579211200, -102.2033204120454400 ) ) ;
#1711 = CARTESIAN_POINT ( 'NONE',  ( 1000.000000000000000, 1199.999999999999300, -183.5000000000000000 ) ) ;
#1712 = CARTESIAN_POINT ( 'NONE',  ( -720.7663026087720900, -1229.824110806818200, -143.9478903581301900 ) ) ;
#1713 = CARTESIAN_POINT ( 'NONE',  ( 734.3521292940911300, 1333.483299997509000, 31.16575630965617800 ) ) ;
#1714 = CARTESIAN_POINT ( 'NONE',  ( -732.4952370588183600, -1066.072691746632000, 60.78958838123059400 ) ) ;
#1715 = ORIENTED_EDGE ( 'NONE', *, *, #1251, .F. ) ;
#1716 = EDGE_CURVE ( 'NONE', #64, #64, #1189, .T. ) ;
#1717 = CARTESIAN_POINT ( 'NONE',  ( 925.4000000000000900, 1350.255407556599900, -86.75000000000009900 ) ) ;
#1718 = ORIENTED_EDGE ( 'NONE', *, *, #1800, .T. ) ;
#1719 = DIRECTION ( 'NONE',  ( 0.0000000000000000000, 0.0000000000000000000, 1.000000000000000000 ) ) ;
#1720 = ADVANCED_FACE ( 'NONE', ( #2361, #653 ), #375, .F. ) ;
#1721 = CARTESIAN_POINT ( 'NONE',  ( -731.3173673778521800, -1072.665437825871800, -73.60766586836783200 ) ) ;
#1722 = CARTESIAN_POINT ( 'NONE',  ( -721.6940256737754000, -1152.595540955556500, -139.2291410763222900 ) ) ;
#1723 = CARTESIAN_POINT ( 'NONE',  ( 734.4286578006854100, 1333.901132099044400, -28.99599311569905800 ) ) ;
#1724 = CARTESIAN_POINT ( 'NONE',  ( -734.2536668216630500, -1056.775360785371300, -33.44916013391775800 ) ) ;
#1725 = CARTESIAN_POINT ( 'NONE',  ( -734.5305182695760800, -1055.364960059303700, -26.37216561660218500 ) ) ;
#1726 = VERTEX_POINT ( 'NONE', #2051 ) ;
#1727 = AXIS2_PLACEMENT_3D ( 'NONE', #1850, #2050, #1719 ) ;
#1728 = CYLINDRICAL_SURFACE ( 'NONE', #378, 146.9999999999999400 ) ;
#1729 = CARTESIAN_POINT ( 'NONE',  ( -749.9993516700874400, -1356.996902882057400, -5.229228509235714000 ) ) ;
#1730 = CARTESIAN_POINT ( 'NONE',  ( 734.7548675373391200, 1064.321181295700400, 19.01388502910898400 ) ) ;
#1731 = FACE_OUTER_BOUND ( 'NONE', #2160, .T. ) ;
#1732 = CARTESIAN_POINT ( 'NONE',  ( 733.4254223048981200, 1328.295438753911000, 48.26473310704613300 ) ) ;
#1733 = VERTEX_POINT ( 'NONE', #2459 ) ;
#1734 = ADVANCED_FACE ( 'NONE', ( #1330, #1386 ), #777, .T. ) ;
#1735 = CYLINDRICAL_SURFACE ( 'NONE', #1753, 10.00000000000000900 ) ;
#1736 = CIRCLE ( 'NONE', #1513, 10.00000000000000900 ) ;
#1737 = CARTESIAN_POINT ( 'NONE',  ( -747.9713132769896900, -1347.016428441714900, 55.33289635531985300 ) ) ;
#1738 = CARTESIAN_POINT ( 'NONE',  ( 731.7991082376310000, 1081.360882840958300, -68.54795952386599800 ) ) ;
#1739 = ADVANCED_FACE ( 'NONE', ( #240, #1056, #316, #2126, #1164, #1219, #1621, #1851, #2309, #1786, #685, #124, #965, #2180 ), #1688, .F. ) ;
#1740 = ORIENTED_EDGE ( 'NONE', *, *, #103, .T. ) ;
#1741 = CARTESIAN_POINT ( 'NONE',  ( 734.0324893673139300, 1331.712220394365900, -37.76142504415128800 ) ) ;
#1742 = AXIS2_PLACEMENT_3D ( 'NONE', #306, #1501, #494 ) ;
#1743 = CARTESIAN_POINT ( 'NONE',  ( -721.3597645747044000, -1241.776050717224500, 140.9440281978991200 ) ) ;
#1744 = CARTESIAN_POINT ( 'NONE',  ( -742.2803656156496600, -1314.638017809597800, -107.3926564064122600 ) ) ;
#1745 = CARTESIAN_POINT ( 'NONE',  ( 734.4286578006854100, 1066.098867900955400, -28.99599311569912900 ) ) ;
#1746 = ORIENTED_EDGE ( 'NONE', *, *, #2445, .F. ) ;
#1747 = CARTESIAN_POINT ( 'NONE',  ( 730.6503906526578500, 1311.355788028558200, -79.93223399817762200 ) ) ;
#1748 = ORIENTED_EDGE ( 'NONE', *, *, #1833, .F. ) ;
#1749 = CARTESIAN_POINT ( 'NONE',  ( -733.6964433181486800, -1340.337414062016700, 43.77075087083791500 ) ) ;
#1750 = EDGE_CURVE ( 'NONE', #1222, #1222, #1135, .T. ) ;
#1751 = CARTESIAN_POINT ( 'NONE',  ( -735.2078136899348200, -1251.778442531347100, -148.2216902052791500 ) ) ;
#1752 = CARTESIAN_POINT ( 'NONE',  ( 726.5136735514513500, 1120.191866703768300, -111.3764671201254300 ) ) ;
#1753 = AXIS2_PLACEMENT_3D ( 'NONE', #2041, #1013, #1845 ) ;
#1754 = CARTESIAN_POINT ( 'NONE',  ( 728.9963167574035200, 1100.090738628163500, 93.76658242961382000 ) ) ;
#1755 = CIRCLE ( 'NONE', #1582, 10.00000000000000900 ) ;
#1756 = CARTESIAN_POINT ( 'NONE',  ( -1025.400000000000100, -1021.500000000000100, -1.469576158976823800E-013 ) ) ;
#1757 = CARTESIAN_POINT ( 'NONE',  ( -734.9023936498862200, -1346.511375739562500, -12.21540673139704900 ) ) ;
#1758 = CIRCLE ( 'NONE', #824, 10.00000000000000900 ) ;
#1759 = VERTEX_POINT ( 'NONE', #1493 ) ;
#1760 = CARTESIAN_POINT ( 'NONE',  ( 724.6558896403912500, 1139.291759146242800, -122.8958510912628100 ) ) ;
#1761 = FACE_OUTER_BOUND ( 'NONE', #2019, .T. ) ;
#1762 = CARTESIAN_POINT ( 'NONE',  ( 722.6960410938839900, 1171.107361356887600, 133.9234694216673300 ) ) ;
#1763 = CIRCLE ( 'NONE', #34, 9.999999999999969800 ) ;
#1764 = PLANE ( 'NONE',  #2210 ) ;
#1765 = EDGE_LOOP ( 'NONE', ( #1130 ) ) ;
#1766 = CARTESIAN_POINT ( 'NONE',  ( -728.9290321407540900, -1312.792326989288100, -94.27806104581881600 ) ) ;
#1767 = ORIENTED_EDGE ( 'NONE', *, *, #1399, .T. ) ;
#1768 = ORIENTED_EDGE ( 'NONE', *, *, #1209, .T. ) ;
#1769 = CARTESIAN_POINT ( 'NONE',  ( 730.6523536996854800, 1311.368199550937600, 79.91273410270909500 ) ) ;
#1770 = CARTESIAN_POINT ( 'NONE',  ( 732.4902534119161100, 1077.157453694894500, 60.81604150291556700 ) ) ;
#1771 = AXIS2_PLACEMENT_3D ( 'NONE', #71, #704, #1066 ) ;
#1772 = CARTESIAN_POINT ( 'NONE',  ( -723.0787642051356000, -1134.849988159691100, 131.8611394582697200 ) ) ;
#1773 = CARTESIAN_POINT ( 'NONE',  ( -720.9779329241546300, -1234.562291510677600, -142.8842539045428200 ) ) ;
#1774 = CARTESIAN_POINT ( 'NONE',  ( 747.1874902834031200, 1331.920711146179000, -65.02940579369129600 ) ) ;
#1775 = EDGE_LOOP ( 'NONE', ( #2119 ) ) ;
#1776 = CARTESIAN_POINT ( 'NONE',  ( 722.9849857371443700, 1164.370456879958500, 132.3610797772574900 ) ) ;
#1777 = CARTESIAN_POINT ( 'NONE',  ( -729.1834591884426100, -1314.425020075861300, 92.28955822456197200 ) ) ;
#1778 = EDGE_LOOP ( 'NONE', ( #1768 ) ) ;
#1779 = CARTESIAN_POINT ( 'NONE',  ( 722.3403388925019000, 1218.015170785261300, 135.8291207655440500 ) ) ;
#1780 = CARTESIAN_POINT ( 'NONE',  ( -720.1499843782552300, -1200.000000000000200, 146.9999999999997400 ) ) ;
#1781 = CARTESIAN_POINT ( 'NONE',  ( -720.5298499382925000, -1223.872544851168400, -145.1298218351660100 ) ) ;
#1782 = EDGE_CURVE ( 'NONE', #1759, #1759, #59, .T. ) ;
#1783 = VERTEX_POINT ( 'NONE', #1853 ) ;
#1784 = CARTESIAN_POINT ( 'NONE',  ( 736.2149975227466700, 1233.571735033911900, -143.1357515219292500 ) ) ;
#1785 = CARTESIAN_POINT ( 'NONE',  ( 725.3553846690747400, 1268.470082349206000, 118.6842383643075600 ) ) ;
#1786 = FACE_BOUND ( 'NONE', #1661, .T. ) ;
#1787 = AXIS2_PLACEMENT_3D ( 'NONE', #2310, #1668, #1127 ) ;
#1788 = ADVANCED_FACE ( 'NONE', ( #721 ), #291, .T. ) ;
#1789 = CARTESIAN_POINT ( 'NONE',  ( 723.4504502264063600, 1155.921724487960500, 129.7928982103407800 ) ) ;
#1790 = FACE_BOUND ( 'NONE', #898, .T. ) ;
#1791 = CARTESIAN_POINT ( 'NONE',  ( -721.4838895729499200, -1156.132764672930300, 140.3072520079632600 ) ) ;
#1792 = CARTESIAN_POINT ( 'NONE',  ( -725.2417749594830000, -1285.809702581584400, 119.3795845041114500 ) ) ;
#1793 = CARTESIAN_POINT ( 'NONE',  ( 742.2997252236660900, 1300.643214717300200, -107.2509785645496800 ) ) ;
#1794 = CIRCLE ( 'NONE', #1057, 10.00000000000002500 ) ;
#1795 = CARTESIAN_POINT ( 'NONE',  ( 722.1613942064927900, 1190.984024491144700, 136.7776530558993500 ) ) ;
#1796 = CARTESIAN_POINT ( 'NONE',  ( -733.8145721262210400, -1225.652329631965600, -154.9749032145824100 ) ) ;
#1797 = FACE_BOUND ( 'NONE', #1303, .T. ) ;
#1798 = EDGE_LOOP ( 'NONE', ( #917 ) ) ;
#1799 = CARTESIAN_POINT ( 'NONE',  ( 925.4000000000000900, 1286.749999999999500, -150.2554075566002600 ) ) ;
#1800 = EDGE_CURVE ( 'NONE', #1624, #1624, #1101, .T. ) ;
#1801 = CARTESIAN_POINT ( 'NONE',  ( -720.8219537507848100, -1231.207448908537100, 143.6695691442315900 ) ) ;
#1802 = CARTESIAN_POINT ( 'NONE',  ( 725.7313959743758000, 1272.344849238917300, 116.3628952957994600 ) ) ;
#1803 = CARTESIAN_POINT ( 'NONE',  ( -742.2654080639337100, -1085.501736803292900, 107.4512092107615800 ) ) ;
#1804 = CARTESIAN_POINT ( 'NONE',  ( -733.0139081963481000, -1336.726759003511500, 54.04228958213438700 ) ) ;
#1805 = CARTESIAN_POINT ( 'NONE',  ( 724.3342169788375000, 1143.246757605530100, -124.7716676452009600 ) ) ;
#1806 = EDGE_LOOP ( 'NONE', ( #1959 ) ) ;
#1807 = CARTESIAN_POINT ( 'NONE',  ( -722.7074760085863500, -1260.905732214911500, 133.8745948304364800 ) ) ;
#1808 = EDGE_LOOP ( 'NONE', ( #676 ) ) ;
#1809 = DIRECTION ( 'NONE',  ( -1.000000000000000000, 0.0000000000000000000, 0.0000000000000000000 ) ) ;
#1810 = CARTESIAN_POINT ( 'NONE',  ( 734.1609415113773600, 1332.430901517314900, -35.37552055232414000 ) ) ;
#1811 = CARTESIAN_POINT ( 'NONE',  ( -743.0763874002390100, -1080.366345272155100, 101.6781891662163100 ) ) ;
#1812 = EDGE_CURVE ( 'NONE', #1257, #1257, #2418, .T. ) ;
#1813 = CARTESIAN_POINT ( 'NONE',  ( -730.2341510289310200, -1320.944812417810500, 83.58910215092736000 ) ) ;
#1814 = CIRCLE ( 'NONE', #741, 10.00000000000000900 ) ;
#1815 = FACE_OUTER_BOUND ( 'NONE', #190, .T. ) ;
#1816 = CARTESIAN_POINT ( 'NONE',  ( 732.8321508778371900, 1324.859176602932600, -56.56207066453963300 ) ) ;
#1817 = CARTESIAN_POINT ( 'NONE',  ( -735.1131723395748200, -1250.638202353149800, 148.6974713838464500 ) ) ;
#1818 = AXIS2_PLACEMENT_3D ( 'NONE', #511, #1309, #2076 ) ;
#1819 = CARTESIAN_POINT ( 'NONE',  ( 734.7973830066848700, 1064.090550990910500, -17.82316621692322300 ) ) ;
#1820 = CIRCLE ( 'NONE', #1893, 10.00000000000000900 ) ;
#1821 = CARTESIAN_POINT ( 'NONE',  ( -721.1501199332393500, -1161.758510439550700, -142.0194526758388600 ) ) ;
#1822 = CARTESIAN_POINT ( 'NONE',  ( -724.3291671714538300, -1277.799313269771800, 124.8188097752525700 ) ) ;
#1823 = CARTESIAN_POINT ( 'NONE',  ( 740.8816184642810200, 1110.400781827711900, 116.6355850045805500 ) ) ;
#1824 = FACE_BOUND ( 'NONE', #1021, .T. ) ;
#1825 = ORIENTED_EDGE ( 'NONE', *, *, #723, .F. ) ;
#1826 = CARTESIAN_POINT ( 'NONE',  ( -1000.000000000000000, -1289.249999999998200, -154.5855345755230400 ) ) ;
#1827 = CARTESIAN_POINT ( 'NONE',  ( 733.4172941652079800, 1328.239954227159400, -48.25553417068665100 ) ) ;
#1828 = CARTESIAN_POINT ( 'NONE',  ( -733.8315188636904600, -1225.773110219904500, 154.8917529066754900 ) ) ;
#1829 = EDGE_LOOP ( 'NONE', ( #118 ) ) ;
#1830 = ORIENTED_EDGE ( 'NONE', *, *, #1667, .F. ) ;
#1831 = CARTESIAN_POINT ( 'NONE',  ( 733.6842943031912200, 1070.241754841009700, -44.01000172167347600 ) ) ;
#1832 = CARTESIAN_POINT ( 'NONE',  ( 722.9968335039761800, 1235.682442690958900, -132.2909510047811600 ) ) ;
#1833 = EDGE_CURVE ( 'NONE', #477, #477, #1758, .T. ) ;
#1834 = CARTESIAN_POINT ( 'NONE',  ( 738.6245315300190000, 1131.616370543144700, 130.1312289010956200 ) ) ;
#1835 = PLANE ( 'NONE',  #930 ) ;
#1836 = AXIS2_PLACEMENT_3D ( 'NONE', #1049, #2079, #2280 ) ;
#1837 = CARTESIAN_POINT ( 'NONE',  ( -734.6481437700548400, -1156.838568394059200, 150.9724638474555700 ) ) ;
#1838 = ORIENTED_EDGE ( 'NONE', *, *, #2553, .F. ) ;
#1839 = PLANE ( 'NONE',  #418 ) ;
#1840 = DIRECTION ( 'NONE',  ( 0.0000000000000000000, 0.0000000000000000000, 1.000000000000000000 ) ) ;
#1841 = PRODUCT_DEFINITION ( 'UNKNOWN', '', #1440, #92 ) ;
#1842 = AXIS2_PLACEMENT_3D ( 'NONE', #1474, #660, #2417 ) ;
#1843 = EDGE_LOOP ( 'NONE', ( #613 ) ) ;
#1844 = CARTESIAN_POINT ( 'NONE',  ( 735.8446219705259600, 1175.874343444373400, 145.0269824810364700 ) ) ;
#1845 = DIRECTION ( 'NONE',  ( 0.0000000000000000000, 0.0000000000000000000, 1.000000000000000000 ) ) ;
#1846 = CARTESIAN_POINT ( 'NONE',  ( -749.1729290254894500, -1046.996629065588200, -35.57096655442958200 ) ) ;
#1847 = FACE_OUTER_BOUND ( 'NONE', #1016, .T. ) ;
#1848 = DIRECTION ( 'NONE',  ( 0.0000000000000000000, -0.0000000000000000000, 1.000000000000000000 ) ) ;
#1849 = EDGE_CURVE ( 'NONE', #155, #155, #181, .T. ) ;
#1850 = CARTESIAN_POINT ( 'NONE',  ( -925.4000000000000900, -1045.414465424476700, -89.24999999999805300 ) ) ;
#1851 = FACE_BOUND ( 'NONE', #1484, .T. ) ;
#1852 = CARTESIAN_POINT ( 'NONE',  ( -734.7175807306960000, -1054.418566497479600, -20.40853694617463200 ) ) ;
#1853 = CARTESIAN_POINT ( 'NONE',  ( -1000.000000000000000, -1110.750000000000500, 164.5855345755221600 ) ) ;
#1854 = CARTESIAN_POINT ( 'NONE',  ( 749.1991151609357800, 1057.142034237822600, -34.67089846340347500 ) ) ;
#1855 = CIRCLE ( 'NONE', #2536, 10.00000000000005300 ) ;
#1856 = CARTESIAN_POINT ( 'NONE',  ( -748.0331668712259400, -1052.681289145589700, 54.29430130485339800 ) ) ;
#1857 = AXIS2_PLACEMENT_3D ( 'NONE', #1880, #1904, #1870 ) ;
#1858 = FACE_OUTER_BOUND ( 'NONE', #1316, .T. ) ;
#1859 = DIRECTION ( 'NONE',  ( 1.000000000000000000, 0.0000000000000000000, 0.0000000000000000000 ) ) ;
#1860 = ORIENTED_EDGE ( 'NONE', *, *, #1782, .T. ) ;
#1861 = CARTESIAN_POINT ( 'NONE',  ( -734.3911206278281700, -1056.075117175789500, 29.93479946644168200 ) ) ;
#1862 = FACE_OUTER_BOUND ( 'NONE', #1995, .T. ) ;
#1863 = CARTESIAN_POINT ( 'NONE',  ( 722.7012177222904900, 1229.084914914165000, -133.8960503953724700 ) ) ;
#1864 = CARTESIAN_POINT ( 'NONE',  ( 749.9526876401623700, 1053.240849787837500, -9.684540977942184300 ) ) ;
#1865 = CARTESIAN_POINT ( 'NONE',  ( 1025.400000000000100, 1200.000000000000000, 0.0000000000000000000 ) ) ;
#1866 = CARTESIAN_POINT ( 'NONE',  ( -747.7786023938745100, -1053.976827735356700, -57.73056359636051100 ) ) ;
#1867 = DIRECTION ( 'NONE',  ( 0.0000000000000000000, 1.000000000000000000, -1.110223024625155600E-014 ) ) ;
#1868 = DIRECTION ( 'NONE',  ( 0.0000000000000000000, 0.0000000000000000000, 1.000000000000000000 ) ) ;
#1869 = CARTESIAN_POINT ( 'NONE',  ( 741.8021365539491400, 1296.916695865545300, 110.6299674169287500 ) ) ;
#1870 = DIRECTION ( 'NONE',  ( 0.0000000000000000000, 0.0000000000000000000, -1.000000000000000000 ) ) ;
#1871 = EDGE_LOOP ( 'NONE', ( #232 ) ) ;
#1872 = CARTESIAN_POINT ( 'NONE',  ( -722.6999955967376100, -1139.181078275338200, 133.9150730396291600 ) ) ;
#1873 = AXIS2_PLACEMENT_3D ( 'NONE', #879, #1304, #272 ) ;
#1874 = ORIENTED_EDGE ( 'NONE', *, *, #167, .T. ) ;
#1875 = CARTESIAN_POINT ( 'NONE',  ( -749.9313173886639600, -1043.328378494238900, 10.47414707419624400 ) ) ;
#1876 = CARTESIAN_POINT ( 'NONE',  ( 1025.400000000000100, 1350.255407556601100, 86.74999999999811000 ) ) ;
#1877 = CARTESIAN_POINT ( 'NONE',  ( 1000.000000000000000, 1113.250000000001400, 140.2554075566009400 ) ) ;
#1878 = CARTESIAN_POINT ( 'NONE',  ( 749.9397723343897700, 1346.692455094937300, 9.807655290046964700 ) ) ;
#1879 = CARTESIAN_POINT ( 'NONE',  ( 925.4000000000000900, 1373.500000000000000, 0.0000000000000000000 ) ) ;
#1880 = CARTESIAN_POINT ( 'NONE',  ( 925.4000000000000900, 1049.744592443399100, -86.74999999999921800 ) ) ;
#1881 = CARTESIAN_POINT ( 'NONE',  ( -724.9920570150116000, -1116.325557863583100, 120.8856709485266500 ) ) ;
#1882 = VERTEX_POINT ( 'NONE', #2437 ) ;
#1883 = CARTESIAN_POINT ( 'NONE',  ( -748.3014283168579400, -1051.325233780680000, -50.46278058238574000 ) ) ;
#1884 = FACE_OUTER_BOUND ( 'NONE', #386, .T. ) ;
#1885 = DIRECTION ( 'NONE',  ( 0.0000000000000000000, 0.0000000000000000000, -1.000000000000000000 ) ) ;
#1886 = CARTESIAN_POINT ( 'NONE',  ( -1025.400000000000100, -1050.414465424477800, 97.91025403784443900 ) ) ;
#1887 = VERTEX_POINT ( 'NONE', #2284 ) ;
#1888 = CARTESIAN_POINT ( 'NONE',  ( -723.8863299346055600, -1273.482618359949400, -127.3388434978992600 ) ) ;
#1889 = CARTESIAN_POINT ( 'NONE',  ( 736.0562669776094300, 1229.820165178549400, 143.9487055359551300 ) ) ;
#1890 = FACE_BOUND ( 'NONE', #2370, .T. ) ;
#1891 = CARTESIAN_POINT ( 'NONE',  ( -720.1993619057526500, -1209.706064280165500, 146.7586991964722900 ) ) ;
#1892 = DIRECTION ( 'NONE',  ( 0.0000000000000000000, 0.0000000000000000000, 1.000000000000000000 ) ) ;
#1893 = AXIS2_PLACEMENT_3D ( 'NONE', #2047, #1648, #2464 ) ;
#1894 = ADVANCED_FACE ( 'NONE', ( #2494, #441 ), #567, .F. ) ;
#1895 = FACE_BOUND ( 'NONE', #1829, .T. ) ;
#1896 = CARTESIAN_POINT ( 'NONE',  ( 739.1128093930489100, 1126.417542519898000, -127.3479781756607700 ) ) ;
#1897 = ORIENTED_EDGE ( 'NONE', *, *, #11, .F. ) ;
#1898 = DIRECTION ( 'NONE',  ( -0.0000000000000000000, -1.000000000000000000, -0.0000000000000000000 ) ) ;
#1899 = CARTESIAN_POINT ( 'NONE',  ( 0.0000000000000000000, -1499.999999999999800, 0.0000000000000000000 ) ) ;
#1900 = CARTESIAN_POINT ( 'NONE',  ( 1025.400000000000100, 1189.999999999999300, -173.4999999999999700 ) ) ;
#1901 = CARTESIAN_POINT ( 'NONE',  ( -728.0838516609933300, -1307.203808325008800, -100.6088475347971100 ) ) ;
#1902 = CARTESIAN_POINT ( 'NONE',  ( 743.5787200273379100, 1309.630989007010400, 97.93617930796401100 ) ) ;
#1903 = DIRECTION ( 'NONE',  ( 0.0000000000000000000, 0.0000000000000000000, -1.000000000000000000 ) ) ;
#1904 = DIRECTION ( 'NONE',  ( 1.000000000000000000, 0.0000000000000000000, -0.0000000000000000000 ) ) ;
#1905 = CARTESIAN_POINT ( 'NONE',  ( 745.0904686703044000, 1080.518487034467600, -85.77008823979898000 ) ) ;
#1906 = DIRECTION ( 'NONE',  ( -1.000000000000000000, -0.0000000000000000000, -0.0000000000000000000 ) ) ;
#1907 = ADVANCED_FACE ( 'NONE', ( #182, #1923 ), #1650, .F. ) ;
#1908 = CARTESIAN_POINT ( 'NONE',  ( -731.9209426807353800, -1069.257826014112400, -67.24045464681562100 ) ) ;
#1909 = CARTESIAN_POINT ( 'NONE',  ( -720.1499843782552300, -1200.000000000000000, 146.9999999999997200 ) ) ;
#1910 = EDGE_LOOP ( 'NONE', ( #1274 ) ) ;
#1911 = CARTESIAN_POINT ( 'NONE',  ( -723.0877766976942700, -1134.848859174140900, -131.7959645596440100 ) ) ;
#1912 = CARTESIAN_POINT ( 'NONE',  ( 749.9043518291067600, 1346.511405637369100, 12.21495309130937900 ) ) ;
#1913 = DIRECTION ( 'NONE',  ( -1.000000000000000000, 0.0000000000000000000, 0.0000000000000000000 ) ) ;
#1914 = ORIENTED_EDGE ( 'NONE', *, *, #1134, .F. ) ;
#1915 = CARTESIAN_POINT ( 'NONE',  ( -735.0005641115266100, -1052.997179441893200, -4.719909396105941300 ) ) ;
#1916 = AXIS2_PLACEMENT_3D ( 'NONE', #1799, #799, #2000 ) ;
#1917 = DIRECTION ( 'NONE',  ( -1.000000000000000000, -0.0000000000000000000, -0.0000000000000000000 ) ) ;
#1918 = DIRECTION ( 'NONE',  ( 0.0000000000000000000, 0.0000000000000000000, -1.000000000000000000 ) ) ;
#1919 = CIRCLE ( 'NONE', #431, 10.00000000000000400 ) ;
#1920 = CARTESIAN_POINT ( 'NONE',  ( 0.0000000000000000000, -1500.000000000000000, -735.0000000000008000 ) ) ;
#1921 = CARTESIAN_POINT ( 'NONE',  ( -732.1160667722141400, -1068.170655588875000, -65.08382024204885900 ) ) ;
#1922 = CARTESIAN_POINT ( 'NONE',  ( 732.9800354931679700, 1325.715750055630000, 54.49404742436200900 ) ) ;
#1923 = FACE_OUTER_BOUND ( 'NONE', #1454, .T. ) ;
#1924 = CARTESIAN_POINT ( 'NONE',  ( -734.6233647632398100, -1054.891938612859300, 24.00159080995595700 ) ) ;
#1925 = ADVANCED_FACE ( 'NONE', ( #595, #839, #2237, #1592 ), #94, .F. ) ;
#1926 = FACE_BOUND ( 'NONE', #25, .T. ) ;
#1927 = DIRECTION ( 'NONE',  ( 0.0000000000000000000, -0.8660254037844381500, -0.5000000000000005600 ) ) ;
#1928 = CARTESIAN_POINT ( 'NONE',  ( -730.0016772304362600, -1080.445367570744300, -85.66532304952622200 ) ) ;
#1929 = CIRCLE ( 'NONE', #169, 735.0000000000008000 ) ;
#1930 = CARTESIAN_POINT ( 'NONE',  ( -722.7071258955373900, -1139.219014803274800, -133.8675437274973500 ) ) ;
#1931 = CARTESIAN_POINT ( 'NONE',  ( 729.0145982921646900, 1300.034376236376800, 93.61299590347434200 ) ) ;
#1932 = AXIS2_PLACEMENT_3D ( 'NONE', #849, #2023, #54 ) ;
#1933 = FACE_OUTER_BOUND ( 'NONE', #69, .T. ) ;
#1934 = CARTESIAN_POINT ( 'NONE',  ( -725.6895865179116100, -1110.484219287754300, 116.6265159090819300 ) ) ;
#1935 = ORIENTED_EDGE ( 'NONE', *, *, #2141, .F. ) ;
#1936 = CARTESIAN_POINT ( 'NONE',  ( -748.3023161068737200, -1348.685955955331600, -50.67496288004409200 ) ) ;
#1937 = CARTESIAN_POINT ( 'NONE',  ( 734.0324893673138100, 1068.287779605634600, -37.76142504415143700 ) ) ;
#1938 = CARTESIAN_POINT ( 'NONE',  ( 723.8765697762871700, 1250.453554838796000, -127.3910302293566900 ) ) ;
#1939 = ADVANCED_FACE ( 'NONE', ( #1250, #747 ), #1728, .F. ) ;
#1940 = ORIENTED_EDGE ( 'NONE', *, *, #39, .T. ) ;
#1941 = EDGE_CURVE ( 'NONE', #626, #626, #210, .T. ) ;
#1942 = CARTESIAN_POINT ( 'NONE',  ( -722.0162998449573000, -1252.066780001619200, 137.5535015109067300 ) ) ;
#1943 = CARTESIAN_POINT ( 'NONE',  ( -734.8777952810646600, -1246.860351846357200, -149.8491658383430000 ) ) ;
#1944 = ORIENTED_EDGE ( 'NONE', *, *, #1716, .F. ) ;
#1945 = CARTESIAN_POINT ( 'NONE',  ( 734.1409577720675100, 1067.685075287949500, -35.59303202367278400 ) ) ;
#1946 = CARTESIAN_POINT ( 'NONE',  ( 725.7296702563080500, 1272.396372470551600, -116.3949051887856000 ) ) ;
#1947 = VERTEX_POINT ( 'NONE', #308 ) ;
#1948 = CARTESIAN_POINT ( 'NONE',  ( -742.8187738537968700, -1318.063376317892600, -103.6152358982488400 ) ) ;
#1949 = CARTESIAN_POINT ( 'NONE',  ( 734.9600517867230600, 1063.213790942960900, 8.890084671429585600 ) ) ;
#1950 = ADVANCED_FACE ( 'NONE', ( #2547, #807 ), #1292, .F. ) ;
#1951 = FACE_OUTER_BOUND ( 'NONE', #1775, .T. ) ;
#1952 = CARTESIAN_POINT ( 'NONE',  ( 734.9995078342216200, 1336.997359548123100, -4.558290915856414200 ) ) ;
#1953 = CARTESIAN_POINT ( 'NONE',  ( -723.0656908717506900, -1265.006776011471600, -131.9330221092106400 ) ) ;
#1954 = CIRCLE ( 'NONE', #893, 250.0000000000000000 ) ;
#1955 = EDGE_LOOP ( 'NONE', ( #2511 ) ) ;
#1956 = CARTESIAN_POINT ( 'NONE',  ( -749.3190627293591900, -1353.714407197282100, -31.97735664367365500 ) ) ;
#1957 = CARTESIAN_POINT ( 'NONE',  ( 730.6503906526571700, 1088.644211971441800, -79.93223399817760800 ) ) ;
#1958 = EDGE_LOOP ( 'NONE', ( #1825 ) ) ;
#1959 = ORIENTED_EDGE ( 'NONE', *, *, #1147, .T. ) ;
#1960 = CARTESIAN_POINT ( 'NONE',  ( 733.1883187438736500, 1073.077615119874100, 51.58461915427063400 ) ) ;
#1961 =( GEOMETRIC_REPRESENTATION_CONTEXT ( 3 ) GLOBAL_UNCERTAINTY_ASSIGNED_CONTEXT ( ( #764 ) ) GLOBAL_UNIT_ASSIGNED_CONTEXT ( ( #1240, #1282, #700 ) ) REPRESENTATION_CONTEXT ( 'NONE', 'WORKASPACE' ) );
#1962 = CARTESIAN_POINT ( 'NONE',  ( -722.7071258955371600, -1139.219014803275100, -133.8675437274972100 ) ) ;
#1963 = CARTESIAN_POINT ( 'NONE',  ( -734.6272400240466100, -1345.127599967315100, 23.87554077191586200 ) ) ;
#1964 = CARTESIAN_POINT ( 'NONE',  ( 735.0004834447504400, 1062.997406336132100, 4.398166504850323100 ) ) ;
#1965 = ORIENTED_EDGE ( 'NONE', *, *, #1018, .T. ) ;
#1966 = CARTESIAN_POINT ( 'NONE',  ( 729.3109553827896400, 1097.828441790982700, 91.27557622518814600 ) ) ;
#1967 = EDGE_LOOP ( 'NONE', ( #1437 ) ) ;
#1968 = CARTESIAN_POINT ( 'NONE',  ( -733.6263649610714300, -1339.970649970997100, 44.92983272725229700 ) ) ;
#1969 = EDGE_CURVE ( 'NONE', #2128, #2128, #2334, .T. ) ;
#1970 = ORIENTED_EDGE ( 'NONE', *, *, #2394, .T. ) ;
#1971 = CARTESIAN_POINT ( 'NONE',  ( 722.5379531484098800, 1175.303329950118500, 134.7742814046868600 ) ) ;
#1972 = AXIS2_PLACEMENT_3D ( 'NONE', #1826, #837, #1038 ) ;
#1973 = CARTESIAN_POINT ( 'NONE',  ( 730.2486725140975100, 1091.302437128315200, 83.51166024315345700 ) ) ;
#1974 = CIRCLE ( 'NONE', #1742, 10.00000000000000900 ) ;
#1975 = CARTESIAN_POINT ( 'NONE',  ( -723.8875359916706900, -1126.414746297517200, 127.3463567581222000 ) ) ;
#1976 = CARTESIAN_POINT ( 'NONE',  ( -731.3081661735910800, -1327.281528821286400, -73.69737487920051000 ) ) ;
#1977 = CIRCLE ( 'NONE', #154, 10.00000000000000700 ) ;
#1978 = CARTESIAN_POINT ( 'NONE',  ( 741.8270269854565400, 1297.107123501137000, -110.4632910354998200 ) ) ;
#1979 = CIRCLE ( 'NONE', #2477, 10.00000000000002100 ) ;
#1980 = CARTESIAN_POINT ( 'NONE',  ( 722.8358062566392200, 1232.199310931193400, 133.1670933469689500 ) ) ;
#1981 = CARTESIAN_POINT ( 'NONE',  ( -728.5886722174217300, -1310.609865423354900, 96.94133327619100300 ) ) ;
#1982 = CARTESIAN_POINT ( 'NONE',  ( 722.1187656427088100, 1195.579463122533800, 137.0017821416295200 ) ) ;
#1983 = FACE_OUTER_BOUND ( 'NONE', #449, .T. ) ;
#1984 = CARTESIAN_POINT ( 'NONE',  ( -721.7784975280890200, -1151.528402387080000, 138.7839114856634500 ) ) ;
#1985 = EDGE_LOOP ( 'NONE', ( #2397 ) ) ;
#1986 = CARTESIAN_POINT ( 'NONE',  ( -735.0006738048578000, -1347.003369025084300, 4.750167145003945100 ) ) ;
#1987 = EDGE_LOOP ( 'NONE', ( #2481 ) ) ;
#1988 = ORIENTED_EDGE ( 'NONE', *, *, #2290, .F. ) ;
#1989 = CARTESIAN_POINT ( 'NONE',  ( -720.9282176884860300, -1233.571291089170900, 143.1358491655694000 ) ) ;
#1990 = CARTESIAN_POINT ( 'NONE',  ( 722.9868656068285900, 1235.479277205461600, 132.3453905078452200 ) ) ;
#1991 = CARTESIAN_POINT ( 'NONE',  ( -734.9966389248074800, -1346.983196844239300, -2.533570891629436200 ) ) ;
#1992 = CARTESIAN_POINT ( 'NONE',  ( 725.3553846690746200, 1131.529917650794200, 118.6842383643075700 ) ) ;
#1993 = PRESENTATION_LAYER_ASSIGNMENT (  '', '', ( #1678 ) ) ;
#1994 = CARTESIAN_POINT ( 'NONE',  ( -723.8965207422998000, -1273.673912687752100, 127.2953931600532200 ) ) ;
#1995 = EDGE_LOOP ( 'NONE', ( #367 ) ) ;
#1996 = CARTESIAN_POINT ( 'NONE',  ( 722.4479220196434400, 1222.240402322271800, 135.2582771321400800 ) ) ;
#1997 = EDGE_LOOP ( 'NONE', ( #389 ) ) ;
#1998 = CARTESIAN_POINT ( 'NONE',  ( -738.0507816405806800, -1282.981074187541300, -133.3769381155563300 ) ) ;
#1999 = ORIENTED_EDGE ( 'NONE', *, *, #1241, .F. ) ;
#2000 = DIRECTION ( 'NONE',  ( 0.0000000000000000000, 0.0000000000000000000, -1.000000000000000000 ) ) ;
#2001 = DIRECTION ( 'NONE',  ( 1.000000000000000000, 0.0000000000000000000, 0.0000000000000000000 ) ) ;
#2002 = VERTEX_POINT ( 'NONE', #1441 ) ;
#2003 = CARTESIAN_POINT ( 'NONE',  ( 730.6611983653182300, 1088.573923109422100, 79.83164385125526500 ) ) ;
#2004 = CARTESIAN_POINT ( 'NONE',  ( -742.6713668828040200, -1082.908205862840300, 104.5952456124099500 ) ) ;
#2005 = AXIS2_PLACEMENT_3D ( 'NONE', #1899, #1314, #1326 ) ;
#2006 = FACE_OUTER_BOUND ( 'NONE', #2396, .T. ) ;
#2007 = PRESENTATION_STYLE_ASSIGNMENT (( #2292 ) ) ;
#2008 = FACE_OUTER_BOUND ( 'NONE', #1955, .T. ) ;
#2009 = CARTESIAN_POINT ( 'NONE',  ( 734.3480199830099800, 1333.460694255519200, 31.26015249835951300 ) ) ;
#2010 = CARTESIAN_POINT ( 'NONE',  ( -736.6735960118019200, -1269.587238438907400, 140.7596582685150400 ) ) ;
#2011 = CIRCLE ( 'NONE', #509, 10.00000000000000900 ) ;
#2012 = EDGE_LOOP ( 'NONE', ( #632 ) ) ;
#2013 = CARTESIAN_POINT ( 'NONE',  ( 733.8104768836234400, 1069.530731997436800, -41.85526119419794400 ) ) ;
#2014 = CARTESIAN_POINT ( 'NONE',  ( -733.1860431929771900, -1062.344394970439700, -51.79969825672547800 ) ) ;
#2015 = EDGE_CURVE ( 'NONE', #688, #688, #2275, .T. ) ;
#2016 = CARTESIAN_POINT ( 'NONE',  ( 732.5083273531731700, 1322.950161317248300, -60.59823559861233400 ) ) ;
#2017 = CARTESIAN_POINT ( 'NONE',  ( -744.4100764692376500, -1327.683849914231800, 91.49808786849297300 ) ) ;
#2018 = DIRECTION ( 'NONE',  ( 0.0000000000000000000, 0.0000000000000000000, -1.000000000000000000 ) ) ;
#2019 = EDGE_LOOP ( 'NONE', ( #1377 ) ) ;
#2020 = CARTESIAN_POINT ( 'NONE',  ( -730.0054279618995000, -1319.557296492005400, 85.56233465980737700 ) ) ;
#2021 = CARTESIAN_POINT ( 'NONE',  ( 741.8119857497893000, 1103.007889388471300, 110.5640541295726800 ) ) ;
#2022 = EDGE_LOOP ( 'NONE', ( #2529 ) ) ;
#2023 = DIRECTION ( 'NONE',  ( 1.000000000000000000, 0.0000000000000000000, 0.0000000000000000000 ) ) ;
#2024 = CARTESIAN_POINT ( 'NONE',  ( 733.2762180480770000, 1327.431256410352300, -50.35171640207273900 ) ) ;
#2025 = CARTESIAN_POINT ( 'NONE',  ( -733.4380051749622000, -1210.336331663157800, 156.7449050959695900 ) ) ;
#2026 = ORIENTED_EDGE ( 'NONE', *, *, #167, .F. ) ;
#2027 = EDGE_CURVE ( 'NONE', #96, #96, #1977, .T. ) ;
#2028 = CARTESIAN_POINT ( 'NONE',  ( 730.2597321904153200, 1091.262951519375100, -83.34580589444402700 ) ) ;
#2029 = CARTESIAN_POINT ( 'NONE',  ( 0.0000000000000000000, 1985.000000000000200, -250.0000000000000000 ) ) ;
#2030 = CYLINDRICAL_SURFACE ( 'NONE', #1332, 10.00000000000000900 ) ;
#2031 = CARTESIAN_POINT ( 'NONE',  ( 738.2364776229163700, 1135.943132857907600, 132.3147009055478500 ) ) ;
#2032 = CARTESIAN_POINT ( 'NONE',  ( 1000.000000000000000, 1200.000000000000000, 0.0000000000000000000 ) ) ;
#2033 = FACE_BOUND ( 'NONE', #1613, .T. ) ;
#2034 = CARTESIAN_POINT ( 'NONE',  ( -737.3346766766731000, -1123.759116340392700, 137.2515674090048200 ) ) ;
#2035 = AXIS2_PLACEMENT_3D ( 'NONE', #1465, #1261, #642 ) ;
#2036 = FACE_BOUND ( 'NONE', #1267, .T. ) ;
#2037 = DIRECTION ( 'NONE',  ( 1.000000000000000000, 0.0000000000000000000, 0.0000000000000000000 ) ) ;
#2038 = CARTESIAN_POINT ( 'NONE',  ( 749.4034033882391000, 1056.074620297507600, -29.93240902944275600 ) ) ;
#2039 = FACE_OUTER_BOUND ( 'NONE', #1068, .T. ) ;
#2040 = ORIENTED_EDGE ( 'NONE', *, *, #734, .T. ) ;
#2041 = CARTESIAN_POINT ( 'NONE',  ( -925.4000000000000900, -1289.250000000000500, 154.5855345755218200 ) ) ;
#2042 = CARTESIAN_POINT ( 'NONE',  ( -736.6715062799171400, -1130.329120382474700, -140.7875714315127900 ) ) ;
#2043 = PLANE ( 'NONE',  #2358 ) ;
#2044 = CARTESIAN_POINT ( 'NONE',  ( -734.6120634232735300, -1054.951714555010800, -23.99674005355995400 ) ) ;
#2045 = CARTESIAN_POINT ( 'NONE',  ( 722.1191037495139000, 1199.999999999999800, -136.9999999999999100 ) ) ;
#2046 = CARTESIAN_POINT ( 'NONE',  ( 745.9736240810167400, 1075.129997225464900, 77.71320986643550600 ) ) ;
#2047 = CARTESIAN_POINT ( 'NONE',  ( 1000.000000000000000, 1286.749999999999500, -150.2554075566002600 ) ) ;
#2048 = CARTESIAN_POINT ( 'NONE',  ( -733.4385937286251600, -1189.631551097884800, -156.7421460616609200 ) ) ;
#2049 = EDGE_LOOP ( 'NONE', ( #1584 ) ) ;
#2050 = DIRECTION ( 'NONE',  ( -1.000000000000000000, -0.0000000000000000000, -0.0000000000000000000 ) ) ;
#2051 = CARTESIAN_POINT ( 'NONE',  ( 1000.000000000000000, 1200.000000000001800, 163.4999999999999700 ) ) ;
#2052 = ORIENTED_EDGE ( 'NONE', *, *, #1134, .T. ) ;
#2053 = CARTESIAN_POINT ( 'NONE',  ( 747.5457737970868900, 1066.071139140740800, -60.78617190141117300 ) ) ;
#2054 = CARTESIAN_POINT ( 'NONE',  ( -720.1993536731760100, -1190.304341686683500, 146.7587295984065200 ) ) ;
#2055 = CARTESIAN_POINT ( 'NONE',  ( -748.2179558495261100, -1051.745856202856200, -51.68533903172702500 ) ) ;
#2056 = VERTEX_POINT ( 'NONE', #45 ) ;
#2057 = DIRECTION ( 'NONE',  ( 0.0000000000000000000, 1.000000000000000000, 0.0000000000000000000 ) ) ;
#2058 = EDGE_CURVE ( 'NONE', #2186, #2186, #279, .T. ) ;
#2059 = VERTEX_POINT ( 'NONE', #1622 ) ;
#2060 = CARTESIAN_POINT ( 'NONE',  ( -730.5511619142203000, -1077.160923297102500, 80.75283246323449800 ) ) ;
#2061 = CARTESIAN_POINT ( 'NONE',  ( -1000.000000000000000, -1045.414465424477600, 89.25000000000005700 ) ) ;
#2062 = CARTESIAN_POINT ( 'NONE',  ( 740.4163093006279700, 1285.680411092776900, 119.5451271316879300 ) ) ;
#2063 = CARTESIAN_POINT ( 'NONE',  ( 1025.400000000000100, 1113.250000000001400, 150.2554075566009400 ) ) ;
#2064 = DIRECTION ( 'NONE',  ( 0.0000000000000000000, 0.0000000000000000000, 1.000000000000000000 ) ) ;
#2065 = FACE_BOUND ( 'NONE', #1985, .T. ) ;
#2066 = CARTESIAN_POINT ( 'NONE',  ( -722.1794071898464200, -1145.851956913168800, 136.6849897999285600 ) ) ;
#2067 = VERTEX_POINT ( 'NONE', #709 ) ;
#2068 = CARTESIAN_POINT ( 'NONE',  ( -749.9477421333768900, -1043.249063661128500, -10.22138863727956300 ) ) ;
#2069 = CIRCLE ( 'NONE', #2104, 10.00000000000005300 ) ;
#2070 = DIRECTION ( 'NONE',  ( 0.0000000000000000000, 0.0000000000000000000, -1.000000000000000000 ) ) ;
#2071 = CARTESIAN_POINT ( 'NONE',  ( -733.1751190625900600, -1062.402736965517500, 51.95085328434315400 ) ) ;
#2072 = EDGE_LOOP ( 'NONE', ( #337 ) ) ;
#2073 = CARTESIAN_POINT ( 'NONE',  ( -721.2788659660850500, -1240.403929730322000, -141.3587775578629600 ) ) ;
#2074 = EDGE_LOOP ( 'NONE', ( #520 ) ) ;
#2075 = CARTESIAN_POINT ( 'NONE',  ( 749.9845394007186300, 1346.921102179917400, 4.966680814368655400 ) ) ;
#2076 = DIRECTION ( 'NONE',  ( 0.0000000000000000000, 0.0000000000000000000, -1.000000000000000000 ) ) ;
#2077 = CARTESIAN_POINT ( 'NONE',  ( 925.4000000000000900, 1026.500000000000000, 0.0000000000000000000 ) ) ;
#2078 = CARTESIAN_POINT ( 'NONE',  ( -744.6694018562828900, -1070.835413864028400, -89.28669246890407900 ) ) ;
#2079 = DIRECTION ( 'NONE',  ( -1.000000000000000000, 0.0000000000000000000, 0.0000000000000000000 ) ) ;
#2080 = CARTESIAN_POINT ( 'NONE',  ( 1025.400000000000100, 1355.255407556601100, 78.08974596215365700 ) ) ;
#2081 = CARTESIAN_POINT ( 'NONE',  ( -732.6705808058610500, -1065.128163074021400, -58.48120500310975700 ) ) ;
#2082 = CARTESIAN_POINT ( 'NONE',  ( 735.4991974429231000, 1209.535462050312800, 146.7690641332658000 ) ) ;
#2083 = DIRECTION ( 'NONE',  ( -1.000000000000000000, 0.0000000000000000000, 0.0000000000000000000 ) ) ;
#2084 = DIRECTION ( 'NONE',  ( -0.0000000000000000000, -1.000000000000000000, -0.0000000000000000000 ) ) ;
#2085 = AXIS2_PLACEMENT_3D ( 'NONE', #434, #253, #1475 ) ;
#2086 = EDGE_LOOP ( 'NONE', ( #1530 ) ) ;
#2087 = CARTESIAN_POINT ( 'NONE',  ( 740.1946331121683900, 1116.327860885355200, -120.8872667232733300 ) ) ;
#2088 = DIRECTION ( 'NONE',  ( 0.0000000000000000000, 0.0000000000000000000, 1.000000000000000000 ) ) ;
#2089 = DIRECTION ( 'NONE',  ( 0.0000000000000000000, 0.0000000000000000000, -1.000000000000000000 ) ) ;
#2090 = DIRECTION ( 'NONE',  ( 0.0000000000000000000, 0.0000000000000000000, 1.000000000000000000 ) ) ;
#2091 = CARTESIAN_POINT ( 'NONE',  ( -728.4466216723241100, -1309.631751756916600, -97.93532655342544000 ) ) ;
#2092 = CARTESIAN_POINT ( 'NONE',  ( 738.3078751233564400, 1265.003151942541300, 131.9347896472687300 ) ) ;
#2093 = DIRECTION ( 'NONE',  ( 0.0000000000000000000, 0.0000000000000000000, -1.000000000000000000 ) ) ;
#2094 = DIRECTION ( 'NONE',  ( 0.0000000000000000000, 0.0000000000000000000, -1.000000000000000000 ) ) ;
#2095 = FACE_OUTER_BOUND ( 'NONE', #2072, .T. ) ;
#2096 = CARTESIAN_POINT ( 'NONE',  ( 737.4399712289531400, 1145.855497957778000, -136.6863933731196400 ) ) ;
#2097 = FACE_BOUND ( 'NONE', #960, .T. ) ;
#2098 = DIRECTION ( 'NONE',  ( -1.000000000000000000, 0.0000000000000000000, 0.0000000000000000000 ) ) ;
#2099 = EDGE_LOOP ( 'NONE', ( #203 ) ) ;
#2100 = CARTESIAN_POINT ( 'NONE',  ( 1025.400000000000100, 1049.744592443399100, -86.74999999999921800 ) ) ;
#2101 = CARTESIAN_POINT ( 'NONE',  ( -730.0016772304366000, -1080.445367570744800, -85.66532304952625100 ) ) ;
#2102 = CARTESIAN_POINT ( 'NONE',  ( 739.1114461613771000, 1273.477945404856400, 127.3415397964048000 ) ) ;
#2103 = DIRECTION ( 'NONE',  ( -1.000000000000000000, -0.0000000000000000000, -0.0000000000000000000 ) ) ;
#2104 = AXIS2_PLACEMENT_3D ( 'NONE', #525, #716, #1927 ) ;
#2105 = CARTESIAN_POINT ( 'NONE',  ( -734.6120634232734100, -1054.951714555010100, -23.99674005355991500 ) ) ;
#2106 = CYLINDRICAL_SURFACE ( 'NONE', #2315, 10.00000000000000700 ) ;
#2107 = CARTESIAN_POINT ( 'NONE',  ( -1000.000000000000000, -1354.585534575521300, -89.25000000000137800 ) ) ;
#2108 = EDGE_LOOP ( 'NONE', ( #2260 ) ) ;
#2109 = EDGE_LOOP ( 'NONE', ( #1746 ) ) ;
#2110 = ADVANCED_FACE ( 'NONE', ( #1815, #2212 ), #1444, .F. ) ;
#2111 = CARTESIAN_POINT ( 'NONE',  ( -1025.400000000000100, -1200.000000000000000, 146.9999999999997400 ) ) ;
#2112 = CARTESIAN_POINT ( 'NONE',  ( -727.1277717737428900, -1099.450407600226100, -107.3411043075274000 ) ) ;
#2113 = CARTESIAN_POINT ( 'NONE',  ( 729.4262738580181300, 1303.026834479778200, -90.41207893204706600 ) ) ;
#2114 = CARTESIAN_POINT ( 'NONE',  ( -734.1826305640128100, -1057.142661561641000, 34.67348774113416700 ) ) ;
#2115 = CARTESIAN_POINT ( 'NONE',  ( -925.4000000000000900, -1378.499999999999800, -1.469576158976823800E-013 ) ) ;
#2116 = ORIENTED_EDGE ( 'NONE', *, *, #1532, .F. ) ;
#2117 = CARTESIAN_POINT ( 'NONE',  ( 749.2754999193035700, 1343.260651223426700, -33.29325394112173300 ) ) ;
#2118 = CARTESIAN_POINT ( 'NONE',  ( 729.1199946955871400, 1300.799422657664500, 92.78866870048806000 ) ) ;
#2119 = ORIENTED_EDGE ( 'NONE', *, *, #408, .F. ) ;
#2120 = CARTESIAN_POINT ( 'NONE',  ( -732.1222346375242300, -1068.121512371169300, 65.11616054415708300 ) ) ;
#2121 = ADVANCED_FACE ( 'NONE', ( #36, #151, #1689, #622, #2153, #2097, #1564, #1027, #512, #2033, #906, #2359, #5, #2518 ), #58, .F. ) ;
#2122 = CARTESIAN_POINT ( 'NONE',  ( -749.0859108283257200, -1352.573908269982000, -37.03889950023037900 ) ) ;
#2123 = CARTESIAN_POINT ( 'NONE',  ( 734.7948861404248600, 1064.104041540300200, -17.92463386798230100 ) ) ;
#2124 = VERTEX_POINT ( 'NONE', #506 ) ;
#2125 = CARTESIAN_POINT ( 'NONE',  ( 731.4273619383728800, 1316.324077881633900, -72.40698709482363400 ) ) ;
#2126 = FACE_BOUND ( 'NONE', #460, .T. ) ;
#2127 = FACE_BOUND ( 'NONE', #787, .T. ) ;
#2128 = VERTEX_POINT ( 'NONE', #295 ) ;
#2129 = CARTESIAN_POINT ( 'NONE',  ( -748.3138998757489200, -1348.744129941678200, 50.50158702989003200 ) ) ;
#2130 = CARTESIAN_POINT ( 'NONE',  ( 725.3568934176446400, 1131.429197572534100, -118.6883556944699800 ) ) ;
#2131 = FACE_OUTER_BOUND ( 'NONE', #1182, .T. ) ;
#2132 = CARTESIAN_POINT ( 'NONE',  ( 733.6823472147397100, 1329.751457919696100, -44.20063413605639400 ) ) ;
#2133 = AXIS2_PLACEMENT_3D ( 'NONE', #2100, #2291, #1492 ) ;
#2134 = FACE_BOUND ( 'NONE', #1548, .T. ) ;
#2135 = EDGE_LOOP ( 'NONE', ( #400 ) ) ;
#2136 = CARTESIAN_POINT ( 'NONE',  ( -745.0248692036746000, -1331.192814784803900, -86.25027068617231400 ) ) ;
#2137 = CARTESIAN_POINT ( 'NONE',  ( 723.4631456998738500, 1155.908403328998700, -129.7158689287738900 ) ) ;
#2138 = CARTESIAN_POINT ( 'NONE',  ( 727.7499859820997000, 1290.421065489384800, -103.0208225151996700 ) ) ;
#2139 = ORIENTED_EDGE ( 'NONE', *, *, #853, .T. ) ;
#2140 = CARTESIAN_POINT ( 'NONE',  ( -732.4838759039124600, -1333.865426262231300, -60.92923260234542900 ) ) ;
#2141 = EDGE_CURVE ( 'NONE', #2460, #2460, #1356, .T. ) ;
#2142 = CARTESIAN_POINT ( 'NONE',  ( -749.7203343911877500, -1355.658613411011900, 20.52014656715999400 ) ) ;
#2143 = EDGE_LOOP ( 'NONE', ( #1629 ) ) ;
#2144 = CARTESIAN_POINT ( 'NONE',  ( 723.5292378974793300, 1154.837129359183300, -129.3467892472138800 ) ) ;
#2145 = APPLICATION_PROTOCOL_DEFINITION ( 'draft international standard', 'automotive_design', 1998, #1151 ) ;
#2146 = AXIS2_PLACEMENT_3D ( 'NONE', #1362, #703, #691 ) ;
#2147 = CARTESIAN_POINT ( 'NONE',  ( 724.1762792306074100, 1254.585226238216100, 125.6760812385081700 ) ) ;
#2148 = DIRECTION ( 'NONE',  ( -0.0000000000000000000, -1.000000000000000000, -0.0000000000000000000 ) ) ;
#2149 = CARTESIAN_POINT ( 'NONE',  ( -732.5025371337069400, -1333.967290711579800, 60.70311180601442700 ) ) ;
#2150 = CYLINDRICAL_SURFACE ( 'NONE', #1347, 10.00000000000000400 ) ;
#2151 = CARTESIAN_POINT ( 'NONE',  ( 728.1564346626069000, 1293.624799974000800, 100.1165941183401300 ) ) ;
#2152 = CARTESIAN_POINT ( 'NONE',  ( -727.1277717737427800, -1099.450407600226100, -107.3411043075275000 ) ) ;
#2153 = FACE_BOUND ( 'NONE', #532, .T. ) ;
#2154 = CARTESIAN_POINT ( 'NONE',  ( 749.0527629866124900, 1342.094843936204400, -37.96758457056745300 ) ) ;
#2155 = CARTESIAN_POINT ( 'NONE',  ( 734.3480199830098600, 1066.539305744481500, 31.26015249835953500 ) ) ;
#2156 = EDGE_CURVE ( 'NONE', #2067, #2067, #1919, .T. ) ;
#2157 = CARTESIAN_POINT ( 'NONE',  ( -728.8085449183665800, -1312.011180407895600, -95.20480441975890100 ) ) ;
#2158 = FACE_OUTER_BOUND ( 'NONE', #1958, .T. ) ;
#2159 = CARTESIAN_POINT ( 'NONE',  ( 728.9963167574036300, 1299.909261371836200, 93.76658242961393300 ) ) ;
#2160 = EDGE_LOOP ( 'NONE', ( #698 ) ) ;
#2161 = CARTESIAN_POINT ( 'NONE',  ( -734.9750311538558700, -1346.875116946962900, -6.177982324540605100 ) ) ;
#2162 = CARTESIAN_POINT ( 'NONE',  ( 722.4479220196439000, 1177.759597677729700, 135.2582771321398500 ) ) ;
#2163 = MECHANICAL_DESIGN_GEOMETRIC_PRESENTATION_REPRESENTATION (  '', ( #775 ), #2298 ) ;
#2164 = CARTESIAN_POINT ( 'NONE',  ( 726.5289255788189800, 1280.013725506842100, -111.2977708840995800 ) ) ;
#2165 = CARTESIAN_POINT ( 'NONE',  ( -734.9385469843618900, -1346.692474509703300, -9.807532684927734200 ) ) ;
#2166 = CARTESIAN_POINT ( 'NONE',  ( 735.5012609251546100, 1209.705250032845200, -146.7587525239703700 ) ) ;
#2167 = CARTESIAN_POINT ( 'NONE',  ( 731.7952464960259200, 1318.628001051390800, 68.67517348618537200 ) ) ;
#2168 = CARTESIAN_POINT ( 'NONE',  ( 722.4654995076191400, 1222.480639801428700, 135.1618187968826400 ) ) ;
#2169 = CARTESIAN_POINT ( 'NONE',  ( 725.9379637252391100, 1274.386869266277500, -115.0682023804801300 ) ) ;
#2170 = ORIENTED_EDGE ( 'NONE', *, *, #1941, .T. ) ;
#2171 = CARTESIAN_POINT ( 'NONE',  ( -721.6874555728436500, -1247.306275741531600, -139.2632126467384800 ) ) ;
#2172 = EDGE_LOOP ( 'NONE', ( #1767 ) ) ;
#2173 = CARTESIAN_POINT ( 'NONE',  ( 735.6908700616930900, 1219.316918694198000, -145.8052810180542700 ) ) ;
#2174 = CARTESIAN_POINT ( 'NONE',  ( 729.4348498925089600, 1096.939687509630200, 90.29183007723715100 ) ) ;
#2175 = AXIS2_PLACEMENT_3D ( 'NONE', #888, #105, #1512 ) ;
#2176 = CARTESIAN_POINT ( 'NONE',  ( -734.6272400240467300, -1345.127599967315500, 23.87554077191605400 ) ) ;
#2177 = CARTESIAN_POINT ( 'NONE',  ( 726.5106922817844900, 1120.152897927783900, 111.4162703657092800 ) ) ;
#2178 = VERTEX_POINT ( 'NONE', #2221 ) ;
#2179 = CARTESIAN_POINT ( 'NONE',  ( -721.1417147518233200, -1161.912265674395000, 142.0622163497703200 ) ) ;
#2180 = FACE_BOUND ( 'NONE', #2379, .T. ) ;
#2181 = CARTESIAN_POINT ( 'NONE',  ( 740.4360062413637700, 1285.851560127504200, -119.4235987522236800 ) ) ;
#2182 = FACE_OUTER_BOUND ( 'NONE', #1033, .T. ) ;
#2183 = CARTESIAN_POINT ( 'NONE',  ( 731.4328894747566200, 1083.621068831278300, 72.42103528150184400 ) ) ;
#2184 = CARTESIAN_POINT ( 'NONE',  ( -740.6577881860463300, -1303.626890251127200, -118.0551849358277800 ) ) ;
#2185 = CARTESIAN_POINT ( 'NONE',  ( -725.6933316091284500, -1110.399521226103800, -116.6345890146784300 ) ) ;
#2186 = VERTEX_POINT ( 'NONE', #1886 ) ;
#2187 = CARTESIAN_POINT ( 'NONE',  ( -733.6964433181483400, -1340.337414062017200, 43.77075087083789400 ) ) ;
#2188 = CARTESIAN_POINT ( 'NONE',  ( 722.1191037495137800, 1195.463913908249700, -136.9999999999998000 ) ) ;
#2189 = FACE_BOUND ( 'NONE', #798, .T. ) ;
#2190 = EDGE_CURVE ( 'NONE', #185, #185, #1561, .T. ) ;
#2191 = CARTESIAN_POINT ( 'NONE',  ( -722.0162998449573000, -1252.066780001619700, 137.5535015109067000 ) ) ;
#2192 = ORIENTED_EDGE ( 'NONE', *, *, #1532, .T. ) ;
#2193 = ORIENTED_EDGE ( 'NONE', *, *, #1118, .F. ) ;
#2194 = CARTESIAN_POINT ( 'NONE',  ( 745.3305440063329600, 1320.947730605479600, -83.58487088505555100 ) ) ;
#2195 = CARTESIAN_POINT ( 'NONE',  ( 734.9152423432685700, 1336.544723075384400, 11.38284588589983800 ) ) ;
#2196 = CARTESIAN_POINT ( 'NONE',  ( -743.0974155899782500, -1319.772011435619100, 101.5392548531037400 ) ) ;
#2197 = DIRECTION ( 'NONE',  ( -1.000000000000000000, -0.0000000000000000000, -0.0000000000000000000 ) ) ;
#2198 = DIRECTION ( 'NONE',  ( 0.0000000000000000000, 0.0000000000000000000, -1.000000000000000000 ) ) ;
#2199 = CARTESIAN_POINT ( 'NONE',  ( 734.9782853073011200, 1336.883464952276400, 5.761011891213625400 ) ) ;
#2200 = CARTESIAN_POINT ( 'NONE',  ( -739.5904292859390800, -1295.698962422944300, 124.5663760915557500 ) ) ;
#2201 = ORIENTED_EDGE ( 'NONE', *, *, #1693, .F. ) ;
#2202 = CARTESIAN_POINT ( 'NONE',  ( 734.9998359257871200, 1063.000880252400300, 1.233120302311599100 ) ) ;
#2203 = CARTESIAN_POINT ( 'NONE',  ( -721.6940256737756300, -1152.595540955556300, -139.2291410763222900 ) ) ;
#2204 = CARTESIAN_POINT ( 'NONE',  ( -721.2934399544467400, -1240.615085801483500, 141.2829901514086800 ) ) ;
#2205 = DIRECTION ( 'NONE',  ( 0.0000000000000000000, -1.000000000000000000, -2.775557561562889000E-015 ) ) ;
#2206 = CARTESIAN_POINT ( 'NONE',  ( 731.8148655869883900, 1318.748852711491100, -68.46603760483679900 ) ) ;
#2207 = CARTESIAN_POINT ( 'NONE',  ( -733.6045861727267300, -1218.065166586603300, 155.9626171864758800 ) ) ;
#2208 = CARTESIAN_POINT ( 'NONE',  ( -720.1503857219772700, -1195.137121186566000, -146.9980338251695900 ) ) ;
#2209 = CIRCLE ( 'NONE', #2522, 199.9999999999999700 ) ;
#2210 = AXIS2_PLACEMENT_3D ( 'NONE', #565, #783, #180 ) ;
#2211 = DIRECTION ( 'NONE',  ( 0.0000000000000000000, 0.0000000000000000000, -1.000000000000000000 ) ) ;
#2212 = FACE_OUTER_BOUND ( 'NONE', #727, .T. ) ;
#2213 = CARTESIAN_POINT ( 'NONE',  ( 1000.000000000000000, 1113.249999999998900, -150.2554075565996100 ) ) ;
#2214 = CARTESIAN_POINT ( 'NONE',  ( 747.7176348884625000, 1065.126376977115800, 58.47708336161676400 ) ) ;
#2215 = VERTEX_POINT ( 'NONE', #87 ) ;
#2216 = CARTESIAN_POINT ( 'NONE',  ( 730.3618969070510000, 1309.420932340051900, -82.44592450471115800 ) ) ;
#2217 = CARTESIAN_POINT ( 'NONE',  ( -734.5064040573479400, -1159.319350573776800, 151.6599935945979500 ) ) ;
#2218 = CIRCLE ( 'NONE', #578, 10.00000000000000900 ) ;
#2219 = ORIENTED_EDGE ( 'NONE', *, *, #940, .F. ) ;
#2220 = CARTESIAN_POINT ( 'NONE',  ( 725.1893907358630700, 1133.310424617093800, -119.6933270678054000 ) ) ;
#2221 = CARTESIAN_POINT ( 'NONE',  ( 0.0000000000000000000, 1500.000000000000000, -735.0000000000008000 ) ) ;
#2222 = EDGE_CURVE ( 'NONE', #1140, #1140, #1755, .T. ) ;
#2223 = CARTESIAN_POINT ( 'NONE',  ( 737.7785438072985500, 1141.424551971592800, 134.8469460321572100 ) ) ;
#2224 = DIRECTION ( 'NONE',  ( -0.0000000000000000000, -1.000000000000000000, -0.0000000000000000000 ) ) ;
#2225 = AXIS2_PLACEMENT_3D ( 'NONE', #1204, #1006, #13 ) ;
#2226 = CARTESIAN_POINT ( 'NONE',  ( -735.4617967085529200, -1255.456218632247300, 146.9692896934827200 ) ) ;
#2227 = CARTESIAN_POINT ( 'NONE',  ( 0.0000000000000000000, -1499.999999999999300, 0.0000000000000000000 ) ) ;
#2228 = MANIFOLD_SOLID_BREP ( 'PadrãoCircular2', #931 ) ;
#2229 = CARTESIAN_POINT ( 'NONE',  ( -1025.400000000000100, -1040.414465424476900, -80.58974596215360000 ) ) ;
#2230 = AXIS2_PLACEMENT_3D ( 'NONE', #226, #1628, #843 ) ;
#2231 = CARTESIAN_POINT ( 'NONE',  ( 748.5227647006789800, 1060.726173489267900, 47.27349246391388200 ) ) ;
#2232 = ORIENTED_EDGE ( 'NONE', *, *, #1750, .T. ) ;
#2233 = EDGE_LOOP ( 'NONE', ( #421 ) ) ;
#2234 = CARTESIAN_POINT ( 'NONE',  ( -742.2895523193199100, -1085.302664481826200, -107.3291147000237900 ) ) ;
#2235 = VERTEX_POINT ( 'NONE', #2111 ) ;
#2236 = CARTESIAN_POINT ( 'NONE',  ( 748.5126572529760600, 1060.780399424175100, -47.43515251852345200 ) ) ;
#2237 = FACE_BOUND ( 'NONE', #1232, .T. ) ;
#2238 = CARTESIAN_POINT ( 'NONE',  ( -742.8292797419289900, -1081.870120173894100, -103.5408972707579100 ) ) ;
#2239 = FACE_BOUND ( 'NONE', #259, .T. ) ;
#2240 = CARTESIAN_POINT ( 'NONE',  ( 748.4391986618621800, 1338.817845561829000, -48.37424354008454900 ) ) ;
#2241 = CARTESIAN_POINT ( 'NONE',  ( -1025.400000000000100, -1045.414465424477600, 89.25000000000005700 ) ) ;
#2242 = ADVANCED_FACE ( 'NONE', ( #470, #32 ), #804, .F. ) ;
#2243 = CARTESIAN_POINT ( 'NONE',  ( -729.5248073867996900, -1083.383375224005700, 89.62383639332090000 ) ) ;
#2244 = CARTESIAN_POINT ( 'NONE',  ( 0.0000000000000000000, -2000.000000000000000, -250.0000000000000000 ) ) ;
#2245 = CARTESIAN_POINT ( 'NONE',  ( 750.0005506261745700, 1052.997190682309300, 4.719691260385324000 ) ) ;
#2246 = CYLINDRICAL_SURFACE ( 'NONE', #840, 10.00000000000000900 ) ;
#2247 = DIRECTION ( 'NONE',  ( 1.000000000000000000, 0.0000000000000000000, 0.0000000000000000000 ) ) ;
#2248 = CARTESIAN_POINT ( 'NONE',  ( 0.0000000000000000000, -1985.000000000000200, 0.0000000000000000000 ) ) ;
#2249 = ORIENTED_EDGE ( 'NONE', *, *, #2545, .T. ) ;
#2250 = CARTESIAN_POINT ( 'NONE',  ( -747.7606898781625700, -1054.071045039228500, 57.92596844862519100 ) ) ;
#2251 = ORIENTED_EDGE ( 'NONE', *, *, #905, .F. ) ;
#2252 = DIRECTION ( 'NONE',  ( -0.0000000000000000000, -1.000000000000000000, -0.0000000000000000000 ) ) ;
#2253 = CARTESIAN_POINT ( 'NONE',  ( 1025.400000000000100, 1200.000000000000000, -136.9999999999998600 ) ) ;
#2254 = CARTESIAN_POINT ( 'NONE',  ( 736.2634826691175900, 1234.558478900702500, 142.8851766928498800 ) ) ;
#2255 = DIRECTION ( 'NONE',  ( -1.000000000000000000, 0.0000000000000000000, 0.0000000000000000000 ) ) ;
#2256 = CARTESIAN_POINT ( 'NONE',  ( 1000.000000000000000, 1200.000000000000000, 0.0000000000000000000 ) ) ;
#2257 = DIRECTION ( 'NONE',  ( 0.0000000000000000000, 0.0000000000000000000, 1.000000000000000000 ) ) ;
#2258 = AXIS2_PLACEMENT_3D ( 'NONE', #228, #1051, #442 ) ;
#2259 = CARTESIAN_POINT ( 'NONE',  ( -749.7389443391960000, -1044.251084205972600, -20.43546079177963300 ) ) ;
#2260 = ORIENTED_EDGE ( 'NONE', *, *, #1413, .F. ) ;
#2261 = AXIS2_PLACEMENT_3D ( 'NONE', #252, #1279, #2070 ) ;
#2262 = CARTESIAN_POINT ( 'NONE',  ( 1000.000000000000000, 1026.500000000000000, -10.00000000000000700 ) ) ;
#2263 = ORIENTED_EDGE ( 'NONE', *, *, #543, .F. ) ;
#2264 = CARTESIAN_POINT ( 'NONE',  ( -721.1523172991376200, -1238.080883254569000, -142.0024449221188000 ) ) ;
#2265 = CARTESIAN_POINT ( 'NONE',  ( 746.3826392153249600, 1327.283163647775200, 73.69455034872837000 ) ) ;
#2266 = DIRECTION ( 'NONE',  ( 1.000000000000000000, 0.0000000000000000000, 0.0000000000000000000 ) ) ;
#2267 = CARTESIAN_POINT ( 'NONE',  ( -720.5500603411268200, -1175.872606187771000, -145.0267015296070100 ) ) ;
#2268 = CARTESIAN_POINT ( 'NONE',  ( -744.4134382909541000, -1072.318087740444800, -91.39485960299137400 ) ) ;
#2269 = EDGE_CURVE ( 'NONE', #1887, #1887, #1094, .T. ) ;
#2270 = CARTESIAN_POINT ( 'NONE',  ( -925.4000000000000900, -1200.000000000000700, 178.4999999999996600 ) ) ;
#2271 = CARTESIAN_POINT ( 'NONE',  ( -734.8356616648950400, -1053.823862326437400, -15.58889154247473600 ) ) ;
#2272 = CARTESIAN_POINT ( 'NONE',  ( -724.5419756771095800, -1279.680776164846700, -123.5547005921354200 ) ) ;
#2273 = CARTESIAN_POINT ( 'NONE',  ( 749.9998226975865200, 1346.999095395631000, 1.318467991617799900 ) ) ;
#2274 = CARTESIAN_POINT ( 'NONE',  ( 723.4631456998740800, 1244.091596671001100, -129.7158689287739400 ) ) ;
#2275 = CIRCLE ( 'NONE', #2339, 10.00000000000000900 ) ;
#2276 = AXIS2_PLACEMENT_3D ( 'NONE', #510, #2103, #1496 ) ;
#2277 = DIRECTION ( 'NONE',  ( -1.000000000000000000, 0.0000000000000000000, 0.0000000000000000000 ) ) ;
#2278 = CARTESIAN_POINT ( 'NONE',  ( 740.8778655063400700, 1110.486240209047800, -116.6280687525633200 ) ) ;
#2279 = CIRCLE ( 'NONE', #312, 10.00000000000000700 ) ;
#2280 = DIRECTION ( 'NONE',  ( 0.0000000000000000000, 0.0000000000000000000, 1.000000000000000000 ) ) ;
#2281 = DIRECTION ( 'NONE',  ( 1.000000000000000000, 0.0000000000000000000, 0.0000000000000000000 ) ) ;
#2282 = ADVANCED_FACE ( 'NONE', ( #2415, #410 ), #2150, .F. ) ;
#2283 = ORIENTED_EDGE ( 'NONE', *, *, #49, .T. ) ;
#2284 = CARTESIAN_POINT ( 'NONE',  ( 1025.400000000000100, 1295.410254037846200, 145.2554075565988100 ) ) ;
#2285 = CARTESIAN_POINT ( 'NONE',  ( -732.7583578619348800, -1064.652237752299000, -57.37105455289441400 ) ) ;
#2286 = ORIENTED_EDGE ( 'NONE', *, *, #835, .T. ) ;
#2287 = DIRECTION ( 'NONE',  ( 1.000000000000000000, -0.0000000000000000000, -0.0000000000000000000 ) ) ;
#2288 = DIRECTION ( 'NONE',  ( -0.0000000000000000000, -1.000000000000000000, -0.0000000000000000000 ) ) ;
#2289 = ORIENTED_EDGE ( 'NONE', *, *, #1750, .F. ) ;
#2290 = EDGE_CURVE ( 'NONE', #2215, #2215, #1384, .T. ) ;
#2291 = DIRECTION ( 'NONE',  ( 1.000000000000000000, 0.0000000000000000000, 0.0000000000000000000 ) ) ;
#2292 = SURFACE_STYLE_USAGE ( .BOTH. , #1486 ) ;
#2293 = CARTESIAN_POINT ( 'NONE',  ( -728.2254030994942000, -1091.847898222941000, -99.56693443276887500 ) ) ;
#2294 = CARTESIAN_POINT ( 'NONE',  ( 736.2090835376225200, 1233.379855356591200, 143.1651447712315000 ) ) ;
#2295 = FILL_AREA_STYLE ('',( #1162 ) ) ;
#2296 = CARTESIAN_POINT ( 'NONE',  ( 1000.000000000000000, 1199.999999999999300, -173.5000000000000000 ) ) ;
#2297 = CARTESIAN_POINT ( 'NONE',  ( -734.3418291018763300, -1056.326792765891000, 31.12048015295505400 ) ) ;
#2298 =( GEOMETRIC_REPRESENTATION_CONTEXT ( 3 ) GLOBAL_UNCERTAINTY_ASSIGNED_CONTEXT ( ( #465 ) ) GLOBAL_UNIT_ASSIGNED_CONTEXT ( ( #244, #317, #294 ) ) REPRESENTATION_CONTEXT ( 'NONE', 'WORKASPACE' ) );
#2299 = EDGE_LOOP ( 'NONE', ( #2201 ) ) ;
#2300 = CARTESIAN_POINT ( 'NONE',  ( 736.4238797570293400, 1161.915432413382200, -142.0630555389378500 ) ) ;
#2301 = DIRECTION ( 'NONE',  ( 0.0000000000000000000, -1.000000000000000000, -0.0000000000000000000 ) ) ;
#2302 = EDGE_LOOP ( 'NONE', ( #1708 ) ) ;
#2303 = CARTESIAN_POINT ( 'NONE',  ( -1025.400000000000100, -1200.000000000000000, -1.469576158976823800E-013 ) ) ;
#2304 = CARTESIAN_POINT ( 'NONE',  ( -1000.000000000000000, -1289.250000000000500, 164.5855345755218200 ) ) ;
#2305 = CARTESIAN_POINT ( 'NONE',  ( -720.1972460725965000, -1209.535972742783100, -146.7690527581911500 ) ) ;
#2306 = CARTESIAN_POINT ( 'NONE',  ( 734.7548675373396900, 1335.678818704299800, 19.01388502910913700 ) ) ;
#2307 = CARTESIAN_POINT ( 'NONE',  ( -733.8854097322715700, -1058.676722321057700, 40.52813427722344400 ) ) ;
#2308 = VERTEX_POINT ( 'NONE', #30 ) ;
#2309 = FACE_BOUND ( 'NONE', #559, .T. ) ;
#2310 = CARTESIAN_POINT ( 'NONE',  ( 0.0000000000000000000, 0.0000000000000000000, 0.0000000000000000000 ) ) ;
#2311 = CARTESIAN_POINT ( 'NONE',  ( 734.8573751405091300, 1063.767207958166600, 14.52266021052593800 ) ) ;
#2312 = ADVANCED_FACE ( 'NONE', ( #683, #372 ), #2331, .T. ) ;
#2313 = CYLINDRICAL_SURFACE ( 'NONE', #548, 10.00000000000000700 ) ;
#2314 = CARTESIAN_POINT ( 'NONE',  ( 728.6968993322466300, 1297.692343183568700, 96.05454044342512500 ) ) ;
#2315 = AXIS2_PLACEMENT_3D ( 'NONE', #2077, #91, #1490 ) ;
#2316 = CARTESIAN_POINT ( 'NONE',  ( -733.4820157182213100, -1060.781595447550400, 47.43869477039276500 ) ) ;
#2317 = FACE_OUTER_BOUND ( 'NONE', #1575, .T. ) ;
#2318 = FACE_BOUND ( 'NONE', #2430, .T. ) ;
#2319 = CARTESIAN_POINT ( 'NONE',  ( -749.9485464913453800, -1356.754806693251600, 10.19334685477128000 ) ) ;
#2320 = CARTESIAN_POINT ( 'NONE',  ( 734.6632636904944300, 1064.817838021813300, 22.35758838695919300 ) ) ;
#2321 = ORIENTED_EDGE ( 'NONE', *, *, #800, .T. ) ;
#2322 = CARTESIAN_POINT ( 'NONE',  ( 734.7948861404248600, 1335.895958459700500, -17.92463386798225900 ) ) ;
#2323 = CARTESIAN_POINT ( 'NONE',  ( -747.4929151905455500, -1344.550656541966600, 61.28431831605055900 ) ) ;
#2324 = CARTESIAN_POINT ( 'NONE',  ( 723.2740785372723200, 1159.127646576723900, -130.7658890325845700 ) ) ;
#2325 = ORIENTED_EDGE ( 'NONE', *, *, #39, .F. ) ;
#2326 = CARTESIAN_POINT ( 'NONE',  ( 732.8257257795315800, 1324.821396003746700, -56.64370367587788700 ) ) ;
#2327 = ORIENTED_EDGE ( 'NONE', *, *, #543, .T. ) ;
#2328 = CARTESIAN_POINT ( 'NONE',  ( -734.2346845622648700, -1235.704170134693400, -152.9721375836431000 ) ) ;
#2329 = CARTESIAN_POINT ( 'NONE',  ( 729.0085816539070700, 1099.963665925030200, -93.71019014318301300 ) ) ;
#2330 = CARTESIAN_POINT ( 'NONE',  ( 735.0004834447501000, 1337.002593663867400, 4.398166504850356900 ) ) ;
#2331 = TOROIDAL_SURFACE ( 'NONE', #1471, 250.0000000000000000, 500.0000000000003400 ) ;
#2332 = EDGE_CURVE ( 'NONE', #749, #749, #2385, .T. ) ;
#2333 = CARTESIAN_POINT ( 'NONE',  ( -724.5419756771095800, -1279.680776164847000, -123.5547005921353800 ) ) ;
#2334 = CIRCLE ( 'NONE', #2382, 750.0000000000000000 ) ;
#2335 = CARTESIAN_POINT ( 'NONE',  ( -738.8057722805433500, -1289.372505578120400, -129.1050805363163900 ) ) ;
#2336 = CARTESIAN_POINT ( 'NONE',  ( 732.8257257795311300, 1075.178603996253300, -56.64370367587798700 ) ) ;
#2337 = CYLINDRICAL_SURFACE ( 'NONE', #1245, 10.00000000000000900 ) ;
#2338 = CARTESIAN_POINT ( 'NONE',  ( 723.0964915533925300, 1162.355329638098300, 131.7455938270138300 ) ) ;
#2339 = AXIS2_PLACEMENT_3D ( 'NONE', #475, #854, #1034 ) ;
#2340 = CIRCLE ( 'NONE', #583, 10.00000000000000900 ) ;
#2341 = DIRECTION ( 'NONE',  ( 0.0000000000000000000, -0.8660254037844381500, 0.5000000000000005600 ) ) ;
#2342 = ORIENTED_EDGE ( 'NONE', *, *, #1969, .T. ) ;
#2343 = CARTESIAN_POINT ( 'NONE',  ( -732.1295635855717600, -1331.918991914330000, 65.03289471005007300 ) ) ;
#2344 = EDGE_LOOP ( 'NONE', ( #1702 ) ) ;
#2345 = CARTESIAN_POINT ( 'NONE',  ( 729.6248495171619200, 1304.388465293610400, 88.73170212330772700 ) ) ;
#2346 = CARTESIAN_POINT ( 'NONE',  ( 748.7229015859716100, 1340.339240032064500, -43.76488708638147800 ) ) ;
#2347 = CARTESIAN_POINT ( 'NONE',  ( 734.7912004351468300, 1064.123953096942200, 18.07822443661667600 ) ) ;
#2348 = DIRECTION ( 'NONE',  ( 0.0000000000000000000, 0.0000000000000000000, 1.000000000000000000 ) ) ;
#2349 = CARTESIAN_POINT ( 'NONE',  ( -733.4069085474474200, -1338.815897517190500, 48.37982827773306800 ) ) ;
#2350 = EDGE_CURVE ( 'NONE', #1416, #1416, #314, .T. ) ;
#2351 = EDGE_LOOP ( 'NONE', ( #575 ) ) ;
#2352 = CARTESIAN_POINT ( 'NONE',  ( 729.3109553827899800, 1302.171558209017800, 91.27557622518813200 ) ) ;
#2353 = AXIS2_PLACEMENT_3D ( 'NONE', #675, #857, #1067 ) ;
#2354 = EDGE_LOOP ( 'NONE', ( #1944 ) ) ;
#2355 = CARTESIAN_POINT ( 'NONE',  ( 733.4725445718887600, 1071.446061698854700, 47.37258753522276300 ) ) ;
#2356 = CARTESIAN_POINT ( 'NONE',  ( -722.6999955967377200, -1139.181078275338500, 133.9150730396291100 ) ) ;
#2357 = CARTESIAN_POINT ( 'NONE',  ( -725.6844544202468800, -1289.528494889041200, -116.6896717071260400 ) ) ;
#2358 = AXIS2_PLACEMENT_3D ( 'NONE', #1663, #651, #1848 ) ;
#2359 = FACE_BOUND ( 'NONE', #920, .T. ) ;
#2360 = CARTESIAN_POINT ( 'NONE',  ( 722.6525287720918400, 1227.783170396086200, 134.1580141363353400 ) ) ;
#2361 = FACE_OUTER_BOUND ( 'NONE', #2143, .T. ) ;
#2362 = CARTESIAN_POINT ( 'NONE',  ( -734.2488884397657800, -1343.200144105362100, -33.55143708305855200 ) ) ;
#2363 = CARTESIAN_POINT ( 'NONE',  ( 722.1613942064929000, 1209.015975508854800, 136.7776530558992100 ) ) ;
#2364 = CARTESIAN_POINT ( 'NONE',  ( -726.6471072710346600, -1102.975753649599700, 110.5377596918669800 ) ) ;
#2365 = CARTESIAN_POINT ( 'NONE',  ( -733.1610528764338100, -1337.511143118284500, -51.97263457637746600 ) ) ;
#2366 = CARTESIAN_POINT ( 'NONE',  ( 745.9873225130855900, 1324.952071569859300, -77.58296545215010600 ) ) ;
#2367 = CARTESIAN_POINT ( 'NONE',  ( 723.7257949557125600, 1151.625622721908700, 128.2537207988070000 ) ) ;
#2368 = ORIENTED_EDGE ( 'NONE', *, *, #254, .T. ) ;
#2369 = EDGE_LOOP ( 'NONE', ( #2342 ) ) ;
#2370 = EDGE_LOOP ( 'NONE', ( #2116 ) ) ;
#2371 = CARTESIAN_POINT ( 'NONE',  ( 727.7600741238926500, 1109.499010456655700, -102.9489484052063500 ) ) ;
#2372 = CARTESIAN_POINT ( 'NONE',  ( -721.5549405511599200, -1154.979438139296900, 139.9414810508274900 ) ) ;
#2373 = CARTESIAN_POINT ( 'NONE',  ( -1025.400000000000100, -1289.249999999998200, -154.5855345755230400 ) ) ;
#2374 = CARTESIAN_POINT ( 'NONE',  ( 722.1600351146439600, 1208.885733924995500, 136.7847961209878100 ) ) ;
#2375 = CARTESIAN_POINT ( 'NONE',  ( -746.1087378026551300, -1337.217567897373300, -76.33419677805629500 ) ) ;
#2376 = CARTESIAN_POINT ( 'NONE',  ( 730.6652752187834500, 1088.566143688076400, -79.72815860074065600 ) ) ;
#2377 = EDGE_LOOP ( 'NONE', ( #2052 ) ) ;
#2378 = CARTESIAN_POINT ( 'NONE',  ( -720.1499843782552300, -1200.000000000000200, 146.9999999999997400 ) ) ;
#2379 = EDGE_LOOP ( 'NONE', ( #2368 ) ) ;
#2380 = CARTESIAN_POINT ( 'NONE',  ( 730.2597321904150900, 1308.737048480624500, -83.34580589444435400 ) ) ;
#2381 = CARTESIAN_POINT ( 'NONE',  ( -733.8089591701068500, -1174.496483894894300, 155.0015418347042600 ) ) ;
#2382 = AXIS2_PLACEMENT_3D ( 'NONE', #2227, #235, #869 ) ;
#2383 = DIRECTION ( 'NONE',  ( -0.0000000000000000000, -1.000000000000000000, -0.0000000000000000000 ) ) ;
#2384 = CARTESIAN_POINT ( 'NONE',  ( -725.7087693158627000, -1289.671014116622000, 116.5070791017047800 ) ) ;
#2385 = CIRCLE ( 'NONE', #1009, 199.9999999999999700 ) ;
#2386 = CARTESIAN_POINT ( 'NONE',  ( 736.1109264740478000, 1231.207586613668800, -143.6695434283638200 ) ) ;
#2387 = FACE_BOUND ( 'NONE', #1423, .T. ) ;
#2388 = CARTESIAN_POINT ( 'NONE',  ( 734.9466151630438200, 1336.713348126441600, 9.140535294256212100 ) ) ;
#2389 = CARTESIAN_POINT ( 'NONE',  ( -733.6492763488563500, -1179.595223266021500, 155.7530122074978200 ) ) ;
#2390 = VERTEX_POINT ( 'NONE', #1272 ) ;
#2391 = CARTESIAN_POINT ( 'NONE',  ( 748.5123744443599200, 1339.211761036070800, -47.22879310807150000 ) ) ;
#2392 = CARTESIAN_POINT ( 'NONE',  ( 723.7354126997735200, 1151.483814745481800, -128.1993733900412700 ) ) ;
#2393 = CIRCLE ( 'NONE', #755, 10.00000000000000900 ) ;
#2394 = EDGE_CURVE ( 'NONE', #2390, #2390, #2209, .T. ) ;
#2395 = CARTESIAN_POINT ( 'NONE',  ( -720.5372862310906600, -1224.092411302924800, 145.0929205009098600 ) ) ;
#2396 = EDGE_LOOP ( 'NONE', ( #1499 ) ) ;
#2397 = ORIENTED_EDGE ( 'NONE', *, *, #853, .F. ) ;
#2398 = CARTESIAN_POINT ( 'NONE',  ( 1025.400000000000100, 1026.500000000000000, 0.0000000000000000000 ) ) ;
#2399 = AXIS2_PLACEMENT_3D ( 'NONE', #892, #2287, #1099 ) ;
#2400 = CARTESIAN_POINT ( 'NONE',  ( 730.6652752187833400, 1311.433856311923400, -79.72815860074088300 ) ) ;
#2401 = CARTESIAN_POINT ( 'NONE',  ( -733.5739848825088500, -1216.776458691566200, 156.1064564580283300 ) ) ;
#2402 = CARTESIAN_POINT ( 'NONE',  ( 731.8148655869882800, 1081.251147288508500, -68.46603760483670000 ) ) ;
#2403 = CARTESIAN_POINT ( 'NONE',  ( -732.1160667722141400, -1068.170655588874800, -65.08382024204880200 ) ) ;
#2404 = DIRECTION ( 'NONE',  ( 0.0000000000000000000, 0.0000000000000000000, -1.000000000000000000 ) ) ;
#2405 = CARTESIAN_POINT ( 'NONE',  ( 748.2226555436947100, 1062.343043893111400, 51.79606929282976300 ) ) ;
#2406 = DIRECTION ( 'NONE',  ( 0.0000000000000000000, 0.0000000000000000000, -1.000000000000000000 ) ) ;
#2407 = CARTESIAN_POINT ( 'NONE',  ( -738.0662504018685000, -1283.117657864169100, 133.2911771874702800 ) ) ;
#2408 = EDGE_LOOP ( 'NONE', ( #850 ) ) ;
#2409 = EDGE_CURVE ( 'NONE', #1361, #1361, #1974, .T. ) ;
#2410 = CARTESIAN_POINT ( 'NONE',  ( 1000.000000000000000, 1200.000000000000000, 0.0000000000000000000 ) ) ;
#2411 = CARTESIAN_POINT ( 'NONE',  ( -1025.400000000000100, -1210.000000000000700, 178.4999999999996300 ) ) ;
#2412 = ORIENTED_EDGE ( 'NONE', *, *, #940, .T. ) ;
#2413 = CARTESIAN_POINT ( 'NONE',  ( 736.9646766272003300, 1152.599016157316600, 139.2303213890804700 ) ) ;
#2414 = CARTESIAN_POINT ( 'NONE',  ( -733.3837101451848600, -1205.195125348531100, 156.9978780058303300 ) ) ;
#2415 = FACE_OUTER_BOUND ( 'NONE', #199, .T. ) ;
#2416 = AXIS2_PLACEMENT_3D ( 'NONE', #516, #1669, #2089 ) ;
#2417 = DIRECTION ( 'NONE',  ( 0.0000000000000000000, 0.0000000000000000000, -1.000000000000000000 ) ) ;
#2418 = CIRCLE ( 'NONE', #1233, 735.0000000000008000 ) ;
#2419 = CARTESIAN_POINT ( 'NONE',  ( -1000.000000000000000, -1354.585534575521300, -79.25000000000137800 ) ) ;
#2420 = CARTESIAN_POINT ( 'NONE',  ( 743.2433094208954600, 1092.667352440010100, 100.4498108169080600 ) ) ;
#2421 = FACE_OUTER_BOUND ( 'NONE', #2172, .T. ) ;
#2422 = DIRECTION ( 'NONE',  ( -1.000000000000000000, -0.0000000000000000000, -0.0000000000000000000 ) ) ;
#2423 = CARTESIAN_POINT ( 'NONE',  ( -735.1232899832235700, -1149.211036458134000, -148.6476209673892600 ) ) ;
#2424 = FACE_OUTER_BOUND ( 'NONE', #1997, .T. ) ;
#2425 = DIRECTION ( 'NONE',  ( 0.0000000000000000000, -0.0000000000000000000, 1.000000000000000000 ) ) ;
#2426 = DIRECTION ( 'NONE',  ( -1.000000000000000000, 0.0000000000000000000, 0.0000000000000000000 ) ) ;
#2427 = CARTESIAN_POINT ( 'NONE',  ( -733.8854097322715700, -1058.676722321057700, 40.52813427722343000 ) ) ;
#2428 = TOROIDAL_SURFACE ( 'NONE', #175, 250.0000000000000000, 485.0000000000005700 ) ;
#2429 = CARTESIAN_POINT ( 'NONE',  ( 725.3711253658198100, 1268.636256449368100, -118.5879493733353900 ) ) ;
#2430 = EDGE_LOOP ( 'NONE', ( #425 ) ) ;
#2431 = CARTESIAN_POINT ( 'NONE',  ( 746.3871131886617100, 1072.704200089240900, -73.55681557206850100 ) ) ;
#2432 = CARTESIAN_POINT ( 'NONE',  ( -1.763034163104748600E-012, 1985.000000000000200, 0.0000000000000000000 ) ) ;
#2433 = AXIS2_PLACEMENT_3D ( 'NONE', #1717, #515, #304 ) ;
#2434 = ORIENTED_EDGE ( 'NONE', *, *, #2269, .F. ) ;
#2435 = CARTESIAN_POINT ( 'NONE',  ( -739.0849529715925400, -1108.366702779065900, -127.4911873660888100 ) ) ;
#2436 = CARTESIAN_POINT ( 'NONE',  ( -734.9517067405371300, -1053.240927219040700, 9.685884495057203800 ) ) ;
#2437 = CARTESIAN_POINT ( 'NONE',  ( -1000.000000000000000, -1200.000000000000000, 199.9999999999998600 ) ) ;
#2438 = CARTESIAN_POINT ( 'NONE',  ( 747.4509895582408500, 1066.612435441603600, 61.79181104889946100 ) ) ;
#2439 = DIRECTION ( 'NONE',  ( 0.0000000000000000000, 0.0000000000000000000, -1.000000000000000000 ) ) ;
#2440 = EDGE_LOOP ( 'NONE', ( #1940 ) ) ;
#2441 = CARTESIAN_POINT ( 'NONE',  ( -720.5348873156730200, -1175.986966456294800, 145.1047542789444000 ) ) ;
#2442 = EDGE_LOOP ( 'NONE', ( #674 ) ) ;
#2443 = CARTESIAN_POINT ( 'NONE',  ( -747.9602075707496200, -1053.050352505346200, -55.33048704459457000 ) ) ;
#2444 = CARTESIAN_POINT ( 'NONE',  ( -1000.000000000000000, -1110.749999999998200, -154.5855345755214800 ) ) ;
#2445 = EDGE_CURVE ( 'NONE', #2523, #2523, #1814, .T. ) ;
#2446 = DIRECTION ( 'NONE',  ( -1.000000000000000000, 0.0000000000000000000, 0.0000000000000000000 ) ) ;
#2447 = CARTESIAN_POINT ( 'NONE',  ( -730.6626719343698800, -1076.499600902428000, 79.73780868461864200 ) ) ;
#2448 = CARTESIAN_POINT ( 'NONE',  ( 1000.000000000000000, 1049.744592443400500, 76.75000000000120800 ) ) ;
#2449 = VERTEX_POINT ( 'NONE', #2229 ) ;
#2450 = CARTESIAN_POINT ( 'NONE',  ( 749.0405840444213900, 1342.030616918756100, 38.20363230793969900 ) ) ;
#2451 = CARTESIAN_POINT ( 'NONE',  ( -1025.400000000000100, -1200.000000000000000, -1.469576158976823800E-013 ) ) ;
#2452 = CARTESIAN_POINT ( 'NONE',  ( 722.1191037495137800, 1199.999999999999800, -136.9999999999998000 ) ) ;
#2453 = DIRECTION ( 'NONE',  ( 0.0000000000000000000, 0.0000000000000000000, -1.000000000000000000 ) ) ;
#2454 = VERTEX_POINT ( 'NONE', #2244 ) ;
#2455 = CARTESIAN_POINT ( 'NONE',  ( -748.2923113351305300, -1051.369187188819300, 50.64164660670447700 ) ) ;
#2456 = DIRECTION ( 'NONE',  ( 0.0000000000000000000, 0.0000000000000000000, -1.000000000000000000 ) ) ;
#2457 = DIRECTION ( 'NONE',  ( 0.0000000000000000000, 0.0000000000000000000, 1.000000000000000000 ) ) ;
#2458 = CARTESIAN_POINT ( 'NONE',  ( -730.9916623291350100, -1074.568009046014400, 76.66336643406253900 ) ) ;
#2459 = CARTESIAN_POINT ( 'NONE',  ( 1000.000000000000000, 1350.255407556601100, 76.74999999999809600 ) ) ;
#2460 = VERTEX_POINT ( 'NONE', #882 ) ;
#2461 = CARTESIAN_POINT ( 'NONE',  ( -721.9984344459351200, -1251.818938156813100, -137.6471489488793600 ) ) ;
#2462 = CARTESIAN_POINT ( 'NONE',  ( 735.5007508381196400, 1190.324351021480000, 146.7613137596555100 ) ) ;
#2463 = CYLINDRICAL_SURFACE ( 'NONE', #2433, 10.00000000000000900 ) ;
#2464 = DIRECTION ( 'NONE',  ( 0.0000000000000000000, 0.0000000000000000000, -1.000000000000000000 ) ) ;
#2465 = DIRECTION ( 'NONE',  ( 0.0000000000000000000, 0.0000000000000000000, 1.000000000000000000 ) ) ;
#2466 = CARTESIAN_POINT ( 'NONE',  ( 925.4000000000000900, 1350.255407556601100, 86.74999999999811000 ) ) ;
#2467 = ORIENTED_EDGE ( 'NONE', *, *, #2409, .F. ) ;
#2468 = CARTESIAN_POINT ( 'NONE',  ( -749.7309840061964200, -1044.289374842039300, 20.72892310023994300 ) ) ;
#2469 = ORIENTED_EDGE ( 'NONE', *, *, #1693, .T. ) ;
#2470 = CARTESIAN_POINT ( 'NONE',  ( -925.4000000000000900, -1110.749999999998200, -154.5855345755214800 ) ) ;
#2471 = CARTESIAN_POINT ( 'NONE',  ( 925.4000000000000900, 1113.249999999998900, -150.2554075565996100 ) ) ;
#2472 = CARTESIAN_POINT ( 'NONE',  ( 1025.400000000000100, 1200.000000000000000, -199.9999999999999700 ) ) ;
#2473 = CARTESIAN_POINT ( 'NONE',  ( -725.6844544202465400, -1289.528494889041200, -116.6896717071261400 ) ) ;
#2474 = CARTESIAN_POINT ( 'NONE',  ( 750.0006724307071400, 1347.003430769760800, -4.748665242167185800 ) ) ;
#2475 = CARTESIAN_POINT ( 'NONE',  ( 0.0000000000000000000, -1500.000000000000000, 0.0000000000000000000 ) ) ;
#2476 = ADVANCED_FACE ( 'NONE', ( #208, #1620 ), #1288, .F. ) ;
#2477 = AXIS2_PLACEMENT_3D ( 'NONE', #608, #1019, #599 ) ;
#2478 = CARTESIAN_POINT ( 'NONE',  ( 743.7084951936592500, 1089.454405601206600, -97.01311206320015400 ) ) ;
#2479 = DIRECTION ( 'NONE',  ( 0.0000000000000000000, 0.0000000000000000000, 1.000000000000000000 ) ) ;
#2480 = CARTESIAN_POINT ( 'NONE',  ( -1000.000000000000000, -1045.414465424477600, 99.25000000000005700 ) ) ;
#2481 = ORIENTED_EDGE ( 'NONE', *, *, #1547, .T. ) ;
#2482 = CARTESIAN_POINT ( 'NONE',  ( -725.2283836965613100, -1114.234055360673400, -119.4825219029638000 ) ) ;
#2483 = CARTESIAN_POINT ( 'NONE',  ( 747.5345693769486400, 1333.866574002376600, 60.92664469332876100 ) ) ;
#2484 = PLANE ( 'NONE',  #90 ) ;
#2485 = CARTESIAN_POINT ( 'NONE',  ( -720.6337670179045700, -1173.493534951117500, -144.6105335689225300 ) ) ;
#2486 = CARTESIAN_POINT ( 'NONE',  ( 735.4529216748002200, 1195.131582559008200, -146.9999999999998900 ) ) ;
#2487 = DIRECTION ( 'NONE',  ( 0.0000000000000000000, 0.0000000000000000000, 1.000000000000000000 ) ) ;
#2488 = CYLINDRICAL_SURFACE ( 'NONE', #1873, 10.00000000000000900 ) ;
#2489 = ADVANCED_FACE ( 'NONE', ( #1847, #273 ), #2488, .F. ) ;
#2490 = CARTESIAN_POINT ( 'NONE',  ( 0.0000000000000000000, 0.0000000000000000000, 0.0000000000000000000 ) ) ;
#2491 = CARTESIAN_POINT ( 'NONE',  ( -727.8600575766892000, -1094.335705579211700, -102.2033204120454300 ) ) ;
#2492 = CARTESIAN_POINT ( 'NONE',  ( 748.0375684994098700, 1336.635972901972500, 54.23172037299786300 ) ) ;
#2493 = CARTESIAN_POINT ( 'NONE',  ( 734.8342122391804900, 1336.107817526288000, 15.65059072956718600 ) ) ;
#2494 = FACE_OUTER_BOUND ( 'NONE', #2442, .T. ) ;
#2495 = AXIS2_PLACEMENT_3D ( 'NONE', #1230, #1218, #1609 ) ;
#2496 = CARTESIAN_POINT ( 'NONE',  ( -734.8356616648948100, -1053.823862326437400, -15.58889154247469500 ) ) ;
#2497 = CIRCLE ( 'NONE', #1701, 10.00000000000005900 ) ;
#2498 = CARTESIAN_POINT ( 'NONE',  ( 736.9726660263043000, 1152.681617499283400, -139.1813192206248900 ) ) ;
#2499 = FACE_OUTER_BOUND ( 'NONE', #2086, .T. ) ;
#2500 = CARTESIAN_POINT ( 'NONE',  ( -727.7377052255164900, -1095.181673311180700, -103.0707364653686100 ) ) ;
#2501 = ORIENTED_EDGE ( 'NONE', *, *, #1278, .T. ) ;
#2502 = B_SPLINE_CURVE_WITH_KNOTS ( 'NONE', 3,
 ( #1665, #63, #2054, #1055, #2441, #1658, #1275, #1470, #257, #469, #1480, #72, #2066, #1872, #667, #268, #482, #1881, #2510, #1934, #715, #1321, #1531, #923, #126, #1518, #313, #913, #722, #119, #322, #331, #513, #2120, #1714, #523, #2316, #2307, #2505, #2114, #1132, #2297, #1507, #1924, #1342, #301, #1703, #1915, #1124, #2496, #705, #1524, #1331, #2105, #1725, #529, #903, #1115, #111, #2285, #2081, #689, #872, #1921, #1494, #116, #1696, #2101, #1111, #1283, #901, #2293, #1121, #2491, #2500, #2112, #88, #1503, #2482, #911, #711, #507, #1911, #1930, #296, #97, #1722, #1317, #489, #1673, #108, #1328, #1516, #701, #519, #309, #2305, #1521, #319, #1712, #527, #1487, #497, #2264, #2073, #1076, #2461, #78, #680, #276, #1888, #883, #2272, #1086, #2473, #1297, #287, #1685, #1901, #2091, #1097, #891, #1307, #719, #928, #137, #152, #343, #549, #2515, #335, #732, #170, #186, #1168, #984, #2362, #587, #398, #1200, #1382, #2161, #2542, #1991, #1598, #6, #596, #1397, #2176, #1574, #792, #2187, #388, #579, #1404, #405, #1804, #763, #1373, #1181, #2559, #162, #1566, #570, #966, #376, #1777, #1981, #772, #1248, #1060, #1293, #1458, #1662, #473, #141, #1165, #1539, #1562, #1942, #2533, #1743, #148, #2540, #158, #1989, #1237, #1435, #1266, #1891, #468, #80 ),
 .UNSPECIFIED., .T., .F.,
 ( 4, 2, 2, 2, 2, 2, 2, 2, 2, 2, 2, 2, 2, 2, 2, 2, 2, 2, 2, 2, 2, 2, 2, 2, 2, 2, 2, 2, 2, 2, 2, 2, 2, 2, 2, 2, 2, 2, 2, 2, 2, 2, 2, 2, 2, 2, 2, 2, 2, 2, 2, 2, 2, 2, 2, 2, 2, 2, 2, 2, 2, 2, 2, 2, 2, 2, 2, 2, 2, 2, 2, 2, 2, 2, 2, 2, 2, 2, 2, 2, 2, 2, 2, 2, 2, 2, 2, 2, 2, 2, 2, 2, 2, 2, 2, 4 ),
 ( 0.0000000000000000000, 0.01439660509870118800, 0.02879321019740237500, 0.04318981529610355800, 0.04678896657077884900, 0.05038811784545413300, 0.05758642039480405000, 0.07198302549350327200, 0.08637963059220248000, 0.09357793314155210500, 0.1007762356909017300, 0.1151728407896009400, 0.1295694458883001600, 0.1439660509869994100, 0.1475652022616743800, 0.1511643535363493800, 0.1583626560856997200, 0.1727592611844006900, 0.1871558662831016900, 0.1943541688324521800, 0.1979533201071274300, 0.2015524713818026800, 0.2159490764805036800, 0.2303456815792046300, 0.2447422866779056500, 0.2483414379525808700, 0.2519405892272560400, 0.2591388917766063700, 0.2735354968753070400, 0.2879321019740076500, 0.2915312532486826800, 0.2951304045233577000, 0.3023287070727074300, 0.3167253121714068700, 0.3311219172701063700, 0.3383202198194561500, 0.3419193710941312900, 0.3455185223688063100, 0.3599151274675072000, 0.3743117325662080300, 0.3887083376649088700, 0.3959066402142592500, 0.4031049427636096400, 0.4175015478623097500, 0.4318981529610099700, 0.4390964555103600300, 0.4462947580597101400, 0.4606913631584103100, 0.4750879682571104200, 0.4894845733558105800, 0.4930837246304857200, 0.4966828759051608000, 0.5038811784545108600, 0.5182777835532105200, 0.5326743886519101900, 0.5398726912012596900, 0.5470709937506091900, 0.5614675988493081900, 0.5758642039480071900, 0.5830625064973566900, 0.5866616577720316100, 0.5902608090467066400, 0.6046574141454059700, 0.6190540192441053000, 0.6334506243428046400, 0.6370497756174794400, 0.6406489268921542500, 0.6478472294415038600, 0.6622438345402030800, 0.6766404396389021900, 0.6838387421882518000, 0.6874378934629266100, 0.6910370447376013000, 0.7054336498363005200, 0.7198302549349996400, 0.7342268600336988600, 0.7378260113083735500, 0.7414251625830481400, 0.7486234651323974100, 0.7630200702310959700, 0.7774166753297944200, 0.7846149778791438000, 0.7882141291538182800, 0.7918132804284928600, 0.8062098855271913100, 0.8206064906258897500, 0.8278047931752390300, 0.8350030957245882000, 0.8493997008232862000, 0.8637963059219842000, 0.8781929110206820900, 0.8817920622953565600, 0.8853912135700311400, 0.8925895161193804200, 0.9069861212180788700, 0.9213827263167772000 ),
 .UNSPECIFIED. ) ;
#2503 = CARTESIAN_POINT ( 'NONE',  ( 732.4967733359588900, 1322.867535924267300, 60.64387700047517200 ) ) ;
#2504 = EDGE_LOOP ( 'NONE', ( #1528 ) ) ;
#2505 = CARTESIAN_POINT ( 'NONE',  ( -734.0103800566114400, -1058.029670261537600, 38.20085163000991500 ) ) ;
#2506 = ADVANCED_FACE ( 'NONE', ( #774, #1508 ), #2030, .F. ) ;
#2507 = CARTESIAN_POINT ( 'NONE',  ( 734.7829710379562600, 1064.169101298863600, 17.89541673153421500 ) ) ;
#2508 = ADVANCED_FACE ( 'NONE', ( #537, #963 ), #1537, .F. ) ;
#2509 = CARTESIAN_POINT ( 'NONE',  ( 726.9228005308411900, 1283.501282980241700, 108.7033643555534000 ) ) ;
#2510 = CARTESIAN_POINT ( 'NONE',  ( -725.2218009753532900, -1114.359124094156900, 119.5008769160049300 ) ) ;
#2511 = ORIENTED_EDGE ( 'NONE', *, *, #85, .T. ) ;
#2512 = CARTESIAN_POINT ( 'NONE',  ( -749.6841333328511600, -1355.484193003159800, 21.80215367323229000 ) ) ;
#2513 = ORIENTED_EDGE ( 'NONE', *, *, #260, .F. ) ;
#2514 = CARTESIAN_POINT ( 'NONE',  ( 734.3521292940912400, 1066.516700002491000, 31.16575630965618200 ) ) ;
#2515 = CARTESIAN_POINT ( 'NONE',  ( -732.9133691443247500, -1336.184486684631600, -55.35560784428925300 ) ) ;
#2516 = CARTESIAN_POINT ( 'NONE',  ( 734.3381531979977100, 1333.403834355448000, -31.20413071110440500 ) ) ;
#2517 = VERTEX_POINT ( 'NONE', #2253 ) ;
#2518 = FACE_OUTER_BOUND ( 'NONE', #818, .T. ) ;
#2519 = CARTESIAN_POINT ( 'NONE',  ( -747.1934639944892100, -1342.994185446635800, 64.83311907472706500 ) ) ;
#2520 = CARTESIAN_POINT ( 'NONE',  ( 732.8236698929984000, 1075.198399080973300, 56.55679985464122700 ) ) ;
#2521 = CARTESIAN_POINT ( 'NONE',  ( 724.6558896403921600, 1260.708240853756900, -122.8958510912628000 ) ) ;
#2522 = AXIS2_PLACEMENT_3D ( 'NONE', #2303, #1119, #2457 ) ;
#2523 = VERTEX_POINT ( 'NONE', #488 ) ;
#2524 = DIRECTION ( 'NONE',  ( -1.000000000000000000, 0.0000000000000000000, 0.0000000000000000000 ) ) ;
#2525 = FACE_BOUND ( 'NONE', #729, .T. ) ;
#2526 = EDGE_LOOP ( 'NONE', ( #2325 ) ) ;
#2527 = CARTESIAN_POINT ( 'NONE',  ( -747.9590955379285300, -1346.954094456160000, -55.49425234926257400 ) ) ;
#2528 = CARTESIAN_POINT ( 'NONE',  ( 727.7499859820995900, 1109.578934510615500, -103.0208225151997800 ) ) ;
#2529 = ORIENTED_EDGE ( 'NONE', *, *, #1800, .F. ) ;
#2530 = CARTESIAN_POINT ( 'NONE',  ( 727.7378760928485200, 1109.677737485798400, 103.1054466402115000 ) ) ;
#2531 = CARTESIAN_POINT ( 'NONE',  ( -726.6330279206330300, -1296.917394078635700, -110.6293342889685400 ) ) ;
#2532 = EDGE_CURVE ( 'NONE', #1597, #1597, #932, .T. ) ;
#2533 = CARTESIAN_POINT ( 'NONE',  ( -721.7033147395563900, -1247.549237282613800, 139.1811409807222600 ) ) ;
#2534 = CARTESIAN_POINT ( 'NONE',  ( -734.9573891483122500, -1248.092285010687900, -149.4583833943874500 ) ) ;
#2535 = CARTESIAN_POINT ( 'NONE',  ( 730.2471681260891500, 1091.313449844498300, -83.52308935278877300 ) ) ;
#2536 = AXIS2_PLACEMENT_3D ( 'NONE', #954, #750, #2341 ) ;
#2537 = CARTESIAN_POINT ( 'NONE',  ( 733.4032104513099700, 1071.842166365632500, 48.43391357577614500 ) ) ;
#2538 = EDGE_LOOP ( 'NONE', ( #2286 ) ) ;
#2539 = CARTESIAN_POINT ( 'NONE',  ( -721.9984344459350000, -1251.818938156813100, -137.6471489488792500 ) ) ;
#2540 = CARTESIAN_POINT ( 'NONE',  ( -721.1657412648592100, -1238.280348057931000, 141.9333768123219400 ) ) ;
#2541 = CARTESIAN_POINT ( 'NONE',  ( 724.9250149618604800, 1136.272042350166400, 121.2807195689717600 ) ) ;
#2542 = CARTESIAN_POINT ( 'NONE',  ( -734.9842346993568800, -1346.921156340358000, -4.965174279632793600 ) ) ;
#2543 = CARTESIAN_POINT ( 'NONE',  ( 724.5816209510005600, 1259.695531493654200, 123.3155081191841000 ) ) ;
#2544 = SURFACE_STYLE_FILL_AREA ( #844 ) ;
#2545 = EDGE_CURVE ( 'NONE', #1733, #1733, #995, .T. ) ;
#2546 = CARTESIAN_POINT ( 'NONE',  ( -733.0139081963482100, -1336.726759003511500, 54.04228958213442300 ) ) ;
#2547 = FACE_OUTER_BOUND ( 'NONE', #974, .T. ) ;
#2548 = FACE_OUTER_BOUND ( 'NONE', #1172, .T. ) ;
#2549 = CARTESIAN_POINT ( 'NONE',  ( 722.1187656427089200, 1204.420536877466200, 137.0017821416295800 ) ) ;
#2550 = CARTESIAN_POINT ( 'NONE',  ( 724.6660450968966000, 1260.711499854667400, 122.8185219835703900 ) ) ;
#2551 = AXIS2_PLACEMENT_3D ( 'NONE', #2213, #2001, #2404 ) ;
#2552 = CIRCLE ( 'NONE', #623, 10.00000000000000900 ) ;
#2553 = EDGE_CURVE ( 'NONE', #1193, #1193, #1327, .T. ) ;
#2554 = CARTESIAN_POINT ( 'NONE',  ( -720.1993536731758900, -1190.304341686683500, 146.7587295984063800 ) ) ;
#2555 = EDGE_LOOP ( 'NONE', ( #2170 ) ) ;
#2556 = CARTESIAN_POINT ( 'NONE',  ( -720.9223781743862700, -1233.383754589427600, -143.1642348154243500 ) ) ;
#2557 = ORIENTED_EDGE ( 'NONE', *, *, #212, .T. ) ;
#2558 = CARTESIAN_POINT ( 'NONE',  ( 726.5195486607586900, 1120.073642640937100, 111.3581931518965300 ) ) ;
#2559 = CARTESIAN_POINT ( 'NONE',  ( -730.9046025935609800, -1324.949859462897400, 77.58656595643974200 ) ) ;
#2560 = CARTESIAN_POINT ( 'NONE',  ( 722.2875695070391700, 1215.760241032828600, 136.1092147874314800 ) ) ;
#2561 = CARTESIAN_POINT ( 'NONE',  ( -725.9282249868410900, -1108.571288420050000, 115.1330355424553000 ) ) ;
#2562 = ADVANCED_FACE ( 'NONE', ( #2095 ), #861, .T. ) ;
#2563 = CARTESIAN_POINT ( 'NONE',  ( 745.1064963634138400, 1319.560505128512900, -85.55783773068233700 ) ) ;
#2564 = ORIENTED_EDGE ( 'NONE', *, *, #324, .F. ) ;
#2565 = CARTESIAN_POINT ( 'NONE',  ( 729.1199946955871400, 1099.200577342335900, 92.78866870048807400 ) ) ;
#2566 = EDGE_LOOP ( 'NONE', ( #1586 ) ) ;
#2567 = AXIS2_PLACEMENT_3D ( 'NONE', #493, #1898, #686 ) ;
#2568 = ORIENTED_EDGE ( 'NONE', *, *, #1072, .F. ) ;
#2569 = CARTESIAN_POINT ( 'NONE',  ( 734.9970568689709600, 1063.015787720979500, 2.368038636539926400 ) ) ;
ENDSEC;
END-ISO-10303-21;
//+
Recursive Delete {
  Curve{7}; 
}
