$ Generated by COMSOL 6.1.0.282
$ May 17 2025, 13:41
BEGIN BULK
$ Grid data section
GRID*                  1                 1000.0000000000 69.629150623750*CONT
*CONT    4.0449150971927
GRID*                  2                 1000.0000000000-109.49372908998*CONT
*CONT   -61.654908413484
GRID*                  3                 1000.0000000000 21.483799415753*CONT
*CONT    1.7454703068119
GRID*                  4                 990.00000000000 0.0000000000000*CONT
*CONT    0.0000000000000
GRID*                  5                 1000.0000000000-52.030826694134*CONT
*CONT    3.1833340073631
GRID*                  6                 1000.0000000000-107.69197203217*CONT
*CONT   -22.682765135288
GRID*                  7                 1000.0000000000-150.00000000001*CONT
*CONT   -50.000000000000
GRID*                  8                 1000.0000000000-150.00000000001*CONT
*CONT   1.2434497875E-14
GRID*                  9                 1000.0000000000-110.30828376398*CONT
*CONT    24.478828641079
GRID*                 10                 1000.0000000000-150.00000000001*CONT
*CONT    50.000000000000
GRID*                 11                 1000.0000000000-74.224556312881*CONT
*CONT    57.457975085931
GRID*                 12                 1000.0000000000-30.000000000000*CONT
*CONT    100.00000000001
GRID*                 13                 1000.0000000000-115.40688485937*CONT
*CONT    63.833725298794
GRID*                 14                 1000.0000000000-90.000000000000*CONT
*CONT    100.00000000001
GRID*                 15                 1000.0000000000-150.00000000000*CONT
*CONT    100.00000000000
GRID*                 16                 1000.0000000000-150.00000000000*CONT
*CONT   -100.00000000000
GRID*                 17                 963.75534210536-126.26191156921*CONT
*CONT   -50.919923818745
GRID*                 18                 959.57087799274-150.00000000000*CONT
*CONT   -62.295587582488
GRID*                 19                 1000.0000000000-66.767601799508*CONT
*CONT   -52.152880253211
GRID*                 20                 1000.0000000000-4.6886306155540*CONT
*CONT   -48.656105635565
GRID*                 21                 963.00906762042-94.019549004839*CONT
*CONT   -43.863165292919
GRID*                 22                 965.58490989617-67.961608107507*CONT
*CONT   -22.999054609363
GRID*                 23                 970.85202441398-78.064560428865*CONT
*CONT    11.588301067759
GRID*                 24                 1000.0000000000-30.000000000000*CONT
*CONT   -100.00000000001
GRID*                 25                 1000.0000000000-90.000000000000*CONT
*CONT   -100.00000000001
GRID*                 26                 963.50764500057-66.951321606405*CONT
*CONT   -62.284839149013
GRID*                 27                 956.18232770823-33.483812757281*CONT
*CONT   -21.491593597338
GRID*                 28                 961.99263526535 9.5192146615892*CONT
*CONT   -24.494385612851
GRID*                 29                 1000.0000000000 106.87209355833*CONT
*CONT    26.281355357929
GRID*                 30                 1000.0000000000 111.58550050448*CONT
*CONT    63.039405012307
GRID*                 31                 1000.0000000000 150.00000000001*CONT
*CONT    50.000000000000
GRID*                 32                 1000.0000000000 30.000000000000*CONT
*CONT   -100.00000000001
GRID*                 33                 1000.0000000000 58.146596185044*CONT
*CONT    50.726837350786
GRID*                 34                 969.10857033163 77.298444876798*CONT
*CONT    25.893862599957
GRID*                 35                 968.03648631478 29.539166217415*CONT
*CONT    19.565344999916
GRID*                 36                 968.28121465698 82.531117644572*CONT
*CONT    59.044690368836
GRID*                 37                 1000.0000000000 90.000000000000*CONT
*CONT    100.00000000001
GRID*                 38                 1000.0000000000 30.000000000000*CONT
*CONT    100.00000000001
GRID*                 39                 973.01121572165 48.890992700348*CONT
*CONT   -20.708935956033
GRID*                 40                 1000.0000000000 61.483942116448*CONT
*CONT   -38.352875355595
GRID*                 41                 968.37781783149 47.495149318342*CONT
*CONT   -61.642677447806
GRID*                 42                 1000.0000000000 90.000000000000*CONT
*CONT   -100.00000000001
GRID*                 43                 1000.0000000000 93.839731849065*CONT
*CONT   -13.049023047126
GRID*                 44                 1000.0000000000 112.61869286201*CONT
*CONT   -49.994991084190
GRID*                 45                 1000.0000000000 150.00000000001*CONT
*CONT   -50.000000000000
GRID*                 46                 973.97337664509 128.43604677916*CONT
*CONT    5.3481672899195
GRID*                 47                 1000.0000000000 150.00000000001*CONT
*CONT   -1.243449787E-14
GRID*                 48                 932.38724305562-84.938631995197*CONT
*CONT   -51.692606250578
GRID*                 49                 955.47579000087-110.41008793027*CONT
*CONT   -100.00000000000
GRID*                 50                 1000.0000000000-10.586756726925*CONT
*CONT    54.290212348665
GRID*                 51                 943.69070559129-7.8615523596360*CONT
*CONT    15.768837796575
GRID*                 52                 971.96650474162-21.041555329737*CONT
*CONT    16.891859568543
GRID*                 53                 949.73419571113-49.455418374848*CONT
*CONT    14.111791977338
GRID*                 54                 966.40524009451-46.389985877599*CONT
*CONT    50.969770960503
GRID*                 55                 956.40466065707-111.82827696901*CONT
*CONT   -7.2934575674105
GRID*                 56                 930.03332617268-115.61478059529*CONT
*CONT   -30.346957103351
GRID*                 57                 957.15283523033-150.00000000000*CONT
*CONT   -22.358025505275
GRID*                 58                 957.04910564250-150.00000000000*CONT
*CONT    25.477799496389
GRID*                 59                 959.53336294859-3.3633132771630*CONT
*CONT    100.00000000000
GRID*                 60                 945.22300164695-93.296015963670*CONT
*CONT    40.673914064892
GRID*                 61                 959.53741947731-150.00000000000*CONT
*CONT    62.715266678068
GRID*                 62                 964.30260794504-80.516940008684*CONT
*CONT    77.069132964961
GRID*                 63                 956.77155285444-60.178045015170*CONT
*CONT    100.00000000000
GRID*                 64                 962.00591275697-108.73710076376*CONT
*CONT    100.00000000000
GRID*                 65                 908.94949708623-108.26912743677*CONT
*CONT    12.903740569840
GRID*                 66                 917.32106824996-150.00000000000*CONT
*CONT    54.026209872287
GRID*                 67                 941.17647058824-150.00000000001*CONT
*CONT    100.00000000001
GRID*                 68                 1000.0000000000 150.00000000000*CONT
*CONT    100.00000000000
GRID*                 69                 926.61289636741-110.89555050502*CONT
*CONT   -68.428451099441
GRID*                 70                 941.17647058824-150.00000000001*CONT
*CONT   -100.00000000001
GRID*                 71                 917.40871657554-150.00000000000*CONT
*CONT   -53.882373799165
GRID*                 72                 953.82386725444-14.102709997093*CONT
*CONT   -61.754748021935
GRID*                 73                 933.98527053070 19.038429323178*CONT
*CONT   -48.988771225702
GRID*                 74                 954.21580971697 2.8262408693349*CONT
*CONT   -100.00000000000
GRID*                 75                 928.56095998313-64.012189585884*CONT
*CONT   -25.627033978121
GRID*                 76                 946.04901315517-56.529086313659*CONT
*CONT   -100.00000000000
GRID*                 77                 924.60135387381-48.784750606063*CONT
*CONT   -68.447683413095
GRID*                 78                 1000.0000000000 150.00000000000*CONT
*CONT   -100.00000000000
GRID*                 79                 918.96962688364-5.1297977622243*CONT
*CONT   -19.897388159606
GRID*                 80                 928.60879438939 30.894912068507*CONT
*CONT   -4.7683752369290
GRID*                 81                 910.75268695100-58.120982993037*CONT
*CONT    4.9748626475654
GRID*                 82                 959.89015366266 112.22177713960*CONT
*CONT    100.00000000000
GRID*                 83                 908.93853621835 48.528537209699*CONT
*CONT   -29.198369520235
GRID*                 84                 953.98800905956 119.50499023315*CONT
*CONT    49.267717270212
GRID*                 85                 958.19422584007 150.00000000000*CONT
*CONT    25.324173575891
GRID*                 86                 962.23391721808 150.00000000000*CONT
*CONT    62.989655780955
GRID*                 87                 956.07038429437 59.971063081376*CONT
*CONT   -100.00000000000
GRID*                 88                 962.11297577265 108.63380150051*CONT
*CONT   -100.00000000000
GRID*                 89                 959.75951737509 45.630963976312*CONT
*CONT    64.121025587753
GRID*                 90                 936.64404714650 15.943652249929*CONT
*CONT    51.011228774298
GRID*                 91                 941.28480387196 83.941948953129*CONT
*CONT    57.972107455167
GRID*                 92                 936.97423241525 93.601149010039*CONT
*CONT    4.5125721665545
GRID*                 93                 930.70586011729 56.743349070232*CONT
*CONT    28.018126405420
GRID*                 94                 909.64615944635 15.816228375007*CONT
*CONT    21.910903162055
GRID*                 95                 901.48646039295 53.948422153423*CONT
*CONT    3.4298252082020
GRID*                 96                 947.98114792711 59.962609888791*CONT
*CONT    100.00000000000
GRID*                 97                 942.62535026155 79.179163600141*CONT
*CONT   -37.199200158308
GRID*                 98                 927.27193371434 58.841852703687*CONT
*CONT   -68.246261101164
GRID*                 99                 954.54878406969 110.89144724649*CONT
*CONT   -64.687090749242
GRID*                100                 946.98459236674 113.14909299247*CONT
*CONT   -29.374181498484
GRID*                101                 967.48016595381 150.00000000000*CONT
*CONT   -51.722006935521
GRID*                102                 947.94675329017 150.00000000000*CONT
*CONT   -15.585020778090
GRID*                103                 888.93892081157-103.34203789097*CONT
*CONT   -40.602775752711
GRID*                104                 905.04811573754-73.991443940928*CONT
*CONT   -68.124457517722
GRID*                105                 908.10948027363-106.20074731358*CONT
*CONT   -100.00000000000
GRID*                106                 888.70661576253-27.200650301580*CONT
*CONT   -2.6813599196210
GRID*                107                 933.19860626620-30.369002194326*CONT
*CONT    50.818556773911
GRID*                108                 887.06911114389-60.032621637959*CONT
*CONT    29.102558071473
GRID*                109                 933.15814215599-65.202439016727*CONT
*CONT    61.561184211114
GRID*                110                 867.98249005980-105.34323361999*CONT
*CONT    3.4402985317786
GRID*                111                 899.97296782321-150.00000000000*CONT
*CONT    1.2517695470492
GRID*                112                 904.42841032331-7.0596565173395*CONT
*CONT    59.997665633302
GRID*                113                 910.95786487935-34.358626366943*CONT
*CONT    100.00000000000
GRID*                114                 912.22153652294 12.551663376599*CONT
*CONT    100.00000000000
GRID*                115                 873.84770241910-94.008943020473*CONT
*CONT    55.655752130438
GRID*                116                 913.62913423417-98.336105483805*CONT
*CONT    100.00000000000
GRID*                117                 830.80394806687-104.87479498979*CONT
*CONT   -12.371250295142
GRID*                118                 856.61703050719-150.00000000000*CONT
*CONT    51.732560445370
GRID*                119                 882.35294117647-150.00000000001*CONT
*CONT    100.00000000001
GRID*                120                 941.17647058824 150.00000000001*CONT
*CONT    100.00000000001
GRID*                121                 882.35294117647-150.00000000001*CONT
*CONT   -100.00000000001
GRID*                122                 856.25947731685-150.00000000000*CONT
*CONT   -50.328495948924
GRID*                123                 899.03217296711-24.521144567129*CONT
*CONT   -49.938115300605
GRID*                124                 847.71197836022-26.939675773203*CONT
*CONT   -21.421218337772
GRID*                125                 895.57840549613 23.133070802365*CONT
*CONT   -56.359957375665
GRID*                126                 910.59352472584-12.307715833846*CONT
*CONT   -100.00000000000
GRID*                127                 909.22881751093 34.949495249976*CONT
*CONT   -100.00000000000
GRID*                128                 865.32367104799-59.756590421702*CONT
*CONT   -44.691977779341
GRID*                129                 883.59869332102-52.710353525089*CONT
*CONT   -100.00000000000
GRID*                130                 890.03357920672 65.252743088784*CONT
*CONT   -59.940477052906
GRID*                131                 941.17647058824 150.00000000001*CONT
*CONT   -100.00000000001
GRID*                132                 869.04815316085 9.8933925307666*CONT
*CONT   -10.665678472586
GRID*                133                 880.35403447752-14.748458632016*CONT
*CONT    25.409278386956
GRID*                134                 848.25323240075-63.997380316540*CONT
*CONT    2.1545510657039
GRID*                135                 913.46105566875 106.46194715468*CONT
*CONT    100.00000000000
GRID*                136                 868.26202020721 57.299409374869*CONT
*CONT   -31.129274169672
GRID*                137                 890.73060852504 83.897878586490*CONT
*CONT   -20.485925876218
GRID*                138                 905.90765675362 115.27495093252*CONT
*CONT   -7.7814346881577
GRID*                139                 912.26739119351 110.10565823114*CONT
*CONT    45.677226940370
GRID*                140                 919.34913096220 150.00000000000*CONT
*CONT    3.2758225841826
GRID*                141                 908.61335572160 150.00000000000*CONT
*CONT    49.763693795618
GRID*                142                 907.57752974272 96.957466546807*CONT
*CONT   -100.00000000000
GRID*                143                 833.75839189615 7.8643843727559*CONT
*CONT   -28.757577047469
GRID*                144                 906.16389609919 56.722241651452*CONT
*CONT    53.132517368544
GRID*                145                 864.69091214031 24.370102397104*CONT
*CONT    50.551260288896
GRID*                146                 876.44924810336 108.01138698972*CONT
*CONT    49.988502665178
GRID*                147                 897.55420497776 84.670039007267*CONT
*CONT    19.503215157787
GRID*                148                 875.15390680102 54.524008760052*CONT
*CONT    10.603412970002
GRID*                149                 885.56521150727 52.821304606656*CONT
*CONT    100.00000000000
GRID*                150                 837.80849735132 41.783005715056*CONT
*CONT   -1.4996799687094
GRID*                151                 903.43383561142 114.29597808330*CONT
*CONT   -55.156215169814
GRID*                152                 865.75510887567 95.589825270314*CONT
*CONT   -60.559984975264
GRID*                153                 909.89928439042 150.00000000000*CONT
*CONT   -46.387292570070
GRID*                154                 829.82613324819-102.03364437963*CONT
*CONT   -50.120119206326
GRID*                155                 852.29220146429-102.72000156626*CONT
*CONT   -100.00000000000
GRID*                156                 818.56205174630-66.464820646760*CONT
*CONT   -31.239103490457
GRID*                157                 828.46573802297-104.86763637460*CONT
*CONT    25.892698895416
GRID*                158                 823.80069063849-1.7196131692738*CONT
*CONT    1.0393649408184
GRID*                159                 845.97950968276-30.218233380551*CONT
*CONT    25.275595306184
GRID*                160                 871.77376898182-34.026238503977*CONT
*CONT    60.209735413941
GRID*                161                 833.70520723587-62.452284736806*CONT
*CONT    44.862304607917
GRID*                162                 868.89262154780-56.299824864990*CONT
*CONT    100.00000000000
GRID*                163                 795.48062900851-112.28197876743*CONT
*CONT   -25.245573142459
GRID*                164                 830.90036902642-150.00000000000*CONT
*CONT   0.47141278125982
GRID*                165                 807.29797024441-30.895996913893*CONT
*CONT   -12.358087774589
GRID*                166                 796.43369194154-74.563957534853*CONT
*CONT   0.56764890164526
GRID*                167                 858.62071887664-2.2458384933215*CONT
*CONT    100.00000000000
GRID*                168                 816.22108430891-104.10692102472*CONT
*CONT    59.538471137516
GRID*                169                 850.67663061065-99.273163260488*CONT
*CONT    100.00000000000
GRID*                170                 782.06150587790-109.18919257209*CONT
*CONT    9.8146802992234
GRID*                171                 794.59795715416-150.00000000000*CONT
*CONT    51.848636098969
GRID*                172                 823.52941176471-150.00000000001*CONT
*CONT    100.00000000001
GRID*                173                 882.35294117647 150.00000000001*CONT
*CONT    100.00000000001
GRID*                174                 843.69108248451 36.135581221864*CONT
*CONT   -52.097604468463
GRID*                175                 867.19859696334 56.331373934279*CONT
*CONT   -100.00000000000
GRID*                176                 823.52941176471-150.00000000001*CONT
*CONT   -100.00000000001
GRID*                177                 794.52756607549-150.00000000000*CONT
*CONT   -51.058795186563
GRID*                178                 854.26345053715-11.706370273082*CONT
*CONT   -61.282422941917
GRID*                179                 818.50692278150-24.557727197322*CONT
*CONT   -43.902997761785
GRID*                180                 817.37845547385 8.2057087307989*CONT
*CONT   -50.000000000000
GRID*                181                 857.73022039063 2.4274630945459*CONT
*CONT   -100.00000000000
GRID*                182                 793.32478601285-0.1526325697374*CONT
*CONT   -24.213592953326
GRID*                183                 823.38555125797-50.759886407019*CONT
*CONT   -100.00000000000
GRID*                184                 838.12056119192 69.830084069767*CONT
*CONT   -70.413321913129
GRID*                185                 882.35294117647 150.00000000001*CONT
*CONT   -100.00000000001
GRID*                186                 843.06509078274-0.6868767815138*CONT
*CONT    50.000000000000
GRID*                187                 789.14843351541-36.848093089423*CONT
*CONT    25.283824450823
GRID*                188                 855.00510622532 98.515159094394*CONT
*CONT    100.00000000000
GRID*                189                 825.86040289559 48.832706275473*CONT
*CONT    100.00000000000
GRID*                190                 785.148517034300.79272610982339*CONT
*CONT    12.500000000000
GRID*                191                 820.91498482566 87.320797542159*CONT
*CONT   -48.524564161416
GRID*                192                 851.66874666822 83.635614200653*CONT
*CONT   -11.907195663598
GRID*                193                 866.81146816732 114.10506582673*CONT
*CONT   -29.104970836375
GRID*                194                 856.42777719098 114.09921329297*CONT
*CONT   -2.2474561297796
GRID*                195                 874.32087072548 150.00000000000*CONT
*CONT    2.5395409880046
GRID*                196                 803.43479308067 31.571810757894*CONT
*CONT    25.392191304426
GRID*                197                 813.03234114961 36.360302686600*CONT
*CONT    69.176777593139
GRID*                198                 849.65301282952 150.00000000000*CONT
*CONT    49.891305933859
GRID*                199                 846.11967268107 100.25074779389*CONT
*CONT   -100.00000000000
GRID*                200                 801.19019336973 32.907383797145*CONT
*CONT   -14.792213836346
GRID*                201                 835.48636017071 85.834479401983*CONT
*CONT    40.468295016811
GRID*                202                 795.00312839814 75.436042465147*CONT
*CONT    1.5687652177025
GRID*                203                 849.75700010143 150.00000000000*CONT
*CONT   -48.170299615922
GRID*                204                 757.16210883968-112.21379404791*CONT
*CONT   -37.628166210439
GRID*                205                 794.79913803366-105.33852661802*CONT
*CONT   -62.622786571230
GRID*                206                 794.11764705880-98.395074468611*CONT
*CONT   -100.00000000000
GRID*                207                 779.69845775224-63.619947275580*CONT
*CONT   -46.053707738726
GRID*                208                 781.66721621300-23.286743004094*CONT
*CONT   -51.760647780431
GRID*                209                 756.54159403529-80.021785177657*CONT
*CONT    4.4830781790712
GRID*                210                 787.95277433213-69.189233149358*CONT
*CONT    47.508422983159
GRID*                211                 807.26316591698-32.282059921957*CONT
*CONT    50.141912225411
GRID*                212                 768.64238274729-106.09640637676*CONT
*CONT    44.874933740906
GRID*                213                 821.76053132085-50.837367300478*CONT
*CONT    100.00000000000
GRID*                214                 729.97622281197-113.68038292672*CONT
*CONT   -10.801659330850
GRID*                215                 765.35792119424-150.00000000000*CONT
*CONT    1.1352978032905
GRID*                216                 755.94270741923 16.317566997879*CONT
*CONT   -3.0246921542893
GRID*                217                 761.59502057938-28.756665603597*CONT
*CONT   -1.2175046186240
GRID*                218                 797.28870498706-0.6832932339582*CONT
*CONT    100.00000000000
GRID*                219                 762.27499171485-30.662520698755*CONT
*CONT    43.950615691421
GRID*                220                 742.68680834041-62.192812753517*CONT
*CONT    37.901231382843
GRID*                221                 793.91660451769-100.18441240824*CONT
*CONT    100.00000000000
GRID*                222                 741.39680975362-118.60165170036*CONT
*CONT    24.834225214966
GRID*                223                 738.34546370033-108.49836308448*CONT
*CONT    62.417112607483
GRID*                224                 732.86916091718-150.00000000000*CONT
*CONT    49.531917843729
GRID*                225                 764.70588235294-150.00000000001*CONT
*CONT    100.00000000001
GRID*                226                 823.52941176471 150.00000000001*CONT
*CONT    100.00000000001
GRID*                227                 785.89442753911 41.251723282242*CONT
*CONT   -48.098900087125
GRID*                228                 818.18629965787 50.239548265516*CONT
*CONT   -100.00000000000
GRID*                229                 764.70588235294-150.00000000001*CONT
*CONT   -100.00000000001
GRID*                230                 718.55563587032-108.75911415308*CONT
*CONT   -46.437543876666
GRID*                231                 735.29411764704-150.00000000000*CONT
*CONT   -48.395074468628
GRID*                232                 794.41732497890-0.0182702143900*CONT
*CONT   -100.00000000000
GRID*                233                 747.706011508350.04102075480969*CONT
*CONT   -50.183048442472
GRID*                234                 745.00011691193-62.981348411070*CONT
*CONT   -64.330947437393
GRID*                235                 764.73020915517-49.284045935174*CONT
*CONT   -100.00000000000
GRID*                236                 719.46851979314-85.128863519526*CONT
*CONT   -31.124859814849
GRID*                237                 797.98284130335 99.623668686995*CONT
*CONT   -69.502114462300
GRID*                238                 823.52941176471 150.00000000001*CONT
*CONT   -100.00000000001
GRID*                239                 781.863175089280.86777135600707*CONT
*CONT    50.000000000000
GRID*                240                 752.703276779760.89843345243209*CONT
*CONT    31.250000000000
GRID*                241                 794.11764705880 98.395074468611*CONT
*CONT    100.00000000000
GRID*                242                 763.71711854685 49.107030705842*CONT
*CONT    100.00000000000
GRID*                243                 752.97485559786 42.817450947772*CONT
*CONT    13.872104372620
GRID*                244                 768.14250521365 76.221998451855*CONT
*CONT   -43.585180222505
GRID*                245                 807.07209406377 109.00387177876*CONT
*CONT   -19.575128601515
GRID*                246                 820.25513974400 150.00000000000*CONT
*CONT    1.6917392595283
GRID*                247                 775.21082901699 64.600362698476*CONT
*CONT    44.532806914398
GRID*                248                 787.43890486490 119.71409673792*CONT
*CONT    50.367857169574
GRID*                249                 790.91493152449 150.00000000000*CONT
*CONT    48.975168947949
GRID*                250                 790.27978724946 100.49894813338*CONT
*CONT   -100.00000000000
GRID*                251                 726.73689780417 31.842407885936*CONT
*CONT   -18.549384308579
GRID*                252                 710.05420219387 46.620231065269*CONT
*CONT    24.544750498560
GRID*                253                 759.83218876378 71.943536119543*CONT
*CONT   -8.6734129601523
GRID*                254                 773.36918100601 107.68815350331*CONT
*CONT    10.242160481753
GRID*                255                 755.62953275288 93.472900878692*CONT
*CONT   -71.460727697234
GRID*                256                 758.27651682534 113.98126529055*CONT
*CONT   -38.677892301249
GRID*                257                 794.11764705880 150.00000000000*CONT
*CONT   -48.395074468610
GRID*                258                 735.29411764704-98.395074468611*CONT
*CONT   -100.00000000000
GRID*                259                 708.79854822481-80.781787738338*CONT
*CONT   -65.934596083414
GRID*                260                 722.01427518004-48.463384725714*CONT
*CONT   -18.691188941672
GRID*                261                 713.34530502933-91.760607211788*CONT
*CONT    17.495214188592
GRID*                262                 681.45499449468-70.723692280460*CONT
*CONT   -13.795791018464
GRID*                263                 699.20390328748-68.468573976563*CONT
*CONT    39.656179711439
GRID*                264                 765.57696507695-49.958037411215*CONT
*CONT    100.00000000000
GRID*                265                 683.42773756664-112.21379404791*CONT
*CONT   -10.493843085785
GRID*                266                 705.06416410152-150.00000000000*CONT
*CONT    3.1773884811561
GRID*                267                 707.52244507889 2.5682912441359*CONT
*CONT   0.65886416728663
GRID*                268                 713.51458290850-29.550985674678*CONT
*CONT    31.768970220684
GRID*                269                 736.216887489730.86345778172033*CONT
*CONT    100.00000000000
GRID*                270                 713.55888817619-34.176281033907*CONT
*CONT    65.199732276399
GRID*                271                 713.63204928062 2.1190241003489*CONT
*CONT    50.573752226333
GRID*                272                 715.83587555219-82.662242365370*CONT
*CONT    69.650127276447
GRID*                273                 735.29411764704-98.395074468611*CONT
*CONT    100.00000000000
GRID*                274                 695.37975014437-114.75098574628*CONT
*CONT    46.741266767575
GRID*                275                 650.44499133114-115.24149536308*CONT
*CONT    22.341051160794
GRID*                276                 676.47058823528-150.00000000000*CONT
*CONT    48.395074468628
GRID*                277                 705.88235294118-150.00000000001*CONT
*CONT    100.00000000001
GRID*                278                 764.70588235294 150.00000000001*CONT
*CONT    100.00000000001
GRID*                279                 735.45555436104 57.916016789384*CONT
*CONT   -63.572373791048
GRID*                280                 761.54237776693 50.671476322629*CONT
*CONT   -100.00000000000
GRID*                281                 679.94916290096-105.30443425826*CONT
*CONT   -55.246921542892
GRID*                282                 705.88235294118-150.00000000001*CONT
*CONT   -100.00000000001
GRID*                283                 676.47058823528-150.00000000000*CONT
*CONT   -48.395074468628
GRID*                284                 702.64388226175 25.464724141777*CONT
*CONT   -50.000000000000
GRID*                285                 734.01502649447 1.1128663938066*CONT
*CONT   -100.00000000000
GRID*                286                 699.59123044714-20.949517858002*CONT
*CONT   -55.049025482885
GRID*                287                 678.96652238395-29.331658213959*CONT
*CONT   -19.564896042688
GRID*                288                 705.88235294116-46.790148937221*CONT
*CONT   -100.00000000000
GRID*                289                 677.05134453007-59.339364445189*CONT
*CONT   -55.765543980040
GRID*                290                 764.70588235294 150.00000000001*CONT
*CONT   -100.00000000001
GRID*                291                 727.32505224656 47.733956464138*CONT
*CONT    54.581471057725
GRID*                292                 693.57747673208 22.470774269059*CONT
*CONT    53.225307845711
GRID*                293                 735.29411764704 98.395074468611*CONT
*CONT    100.00000000000
GRID*                294                 703.43959435672 51.036739880651*CONT
*CONT    100.00000000000
GRID*                295                 719.78242234443 71.442183012593*CONT
*CONT    13.498694606908
GRID*                296                 721.65968385971 76.994268319328*CONT
*CONT   -34.455689776149
GRID*                297                 739.73991788893 103.17971872200*CONT
*CONT    24.084782017371
GRID*                298                 762.49679410744 150.00000000000*CONT
*CONT    3.1375304354050
GRID*                299                 711.00523661131 93.903435770400*CONT
*CONT    59.452116854017
GRID*                300                 735.29411764704 150.00000000000*CONT
*CONT    48.395074468628
GRID*                301                 694.85773238350 100.92160017609*CONT
*CONT    30.439808842831
GRID*                302                 735.29411764704 98.395074468611*CONT
*CONT   -100.00000000000
GRID*                303                 683.42773756664 61.181280420701*CONT
*CONT    37.901231382843
GRID*                304                 666.15064946829 21.651680846150*CONT
*CONT    9.4753078457107
GRID*                305                 692.97365053608 48.612046375165*CONT
*CONT   -7.3611146943017
GRID*                306                 682.19405418277 11.402037998962*CONT
*CONT   -28.125000000000
GRID*                307                 723.48035398668 110.48845507672*CONT
*CONT   -19.825831866054
GRID*                308                 698.13361991958 86.983743186396*CONT
*CONT   -62.098768617157
GRID*                309                 723.91268999813 111.50046346180*CONT
*CONT   -65.188051728492
GRID*                310                 735.29411764704 150.00000000000*CONT
*CONT   -48.395074468628
GRID*                311                 676.47058823528-98.395074468611*CONT
*CONT   -100.00000000000
GRID*                312                 645.12164027400-101.84975436344*CONT
*CONT   -52.222229388603
GRID*                313                 671.88986779358-31.842946642327*CONT
*CONT    12.139927505838
GRID*                314                 639.31009050782-60.608868516520*CONT
*CONT   -12.098768617157
GRID*                315                 657.89033937155-79.501971492566*CONT
*CONT    43.950615691421
GRID*                316                 672.26897965597-44.069185433875*CONT
*CONT    58.917772949163
GRID*                317                 705.88235294116-46.790148937221*CONT
*CONT    100.00000000000
GRID*                318                 619.40186639309-103.63956873537*CONT
*CONT   -13.904264702404
GRID*                319                 647.05882352940-150.00000000000*CONT
*CONT    3.2098510627449
GRID*                320                 661.029914218350.07987273248795*CONT
*CONT    49.978137767624
GRID*                321                 674.58334462695 1.1767812229159*CONT
*CONT    100.00000000000
GRID*                322                 676.47058823528-98.395074468611*CONT
*CONT    100.00000000000
GRID*                323                 620.87170581892-83.894453691125*CONT
*CONT    22.381980085276
GRID*                324                 606.73787589859-120.26700110692*CONT
*CONT    26.937281847863
GRID*                325                 636.07989558304-108.02130102026*CONT
*CONT    61.400957461585
GRID*                326                 617.64705882352-150.00000000000*CONT
*CONT    48.395074468628
GRID*                327                 647.05882352941-150.00000000001*CONT
*CONT    100.00000000001
GRID*                328                 705.88235294118 150.00000000001*CONT
*CONT    100.00000000001
GRID*                329                 671.17488230734 61.929899305194*CONT
*CONT   -56.049384308579
GRID*                330                 700.98857896279 49.784624475193*CONT
*CONT   -100.00000000000
GRID*                331                 647.05882352941-150.00000000001*CONT
*CONT   -100.00000000001
GRID*                332                 617.64705882352-150.00000000000*CONT
*CONT   -48.395074468628
GRID*                333                 660.08892280483 21.659252189563*CONT
*CONT   -56.250000000000
GRID*                334                 675.44799570320 1.0826184362850*CONT
*CONT   -100.00000000000
GRID*                335                 646.83263257817-11.082588462526*CONT
*CONT   -25.000000000000
GRID*                336                 646.94572805379-28.936368699874*CONT
*CONT   -62.500000000000
GRID*                337                 647.05882352940-46.790148937221*CONT
*CONT   -100.00000000000
GRID*                338                 617.24385993482-62.579877548424*CONT
*CONT   -51.111114694302
GRID*                339                 705.88235294118 150.00000000001*CONT
*CONT   -100.00000000001
GRID*                340                 665.24328054802 53.985714678961*CONT
*CONT    68.950615691421
GRID*                341                 676.47058823528 98.395074468611*CONT
*CONT    100.00000000000
GRID*                342                 647.05882352940 46.790148937222*CONT
*CONT    100.00000000000
GRID*                343                 637.53046845263 44.474343410580*CONT
*CONT    59.475307845711
GRID*                344                 629.15238791066 4.8837446446198*CONT
*CONT    14.212961768566
GRID*                345                 628.00211337587 42.158537883938*CONT
*CONT    18.950615691421
GRID*                346                 679.97388112678 100.07623221048*CONT
*CONT   -4.4962561045623
GRID*                347                 705.88235294116 150.00000000000*CONT
*CONT    3.2098510627450
GRID*                348                 635.83151584214 79.788177444656*CONT
*CONT    43.950615691421
GRID*                349                 656.15105203871 114.89408872233*CONT
*CONT    46.172845080025
GRID*                350                 676.47058823528 150.00000000000*CONT
*CONT    48.395074468628
GRID*                351                 676.47058823528 98.395074468611*CONT
*CONT   -100.00000000000
GRID*                352                 622.76803836189 30.006159060643*CONT
*CONT   -21.774692154289
GRID*                353                 654.01597286076 61.181280420701*CONT
*CONT   -12.098768617157
GRID*                354                 639.70588235293 98.395074468611*CONT
*CONT   -62.098768617157
GRID*                355                 676.47058823528 150.00000000000*CONT
*CONT   -48.395074468628
GRID*                356                 641.44516968577 101.99285733948*CONT
*CONT   -14.320998005760
GRID*                357                 617.64705882352-98.395074468611*CONT
*CONT   -100.00000000000
GRID*                358                 595.58823529411-98.395074468611*CONT
*CONT   -68.950615691421
GRID*                359                 573.71458739117-97.799490926336*CONT
*CONT   -37.110852465045
GRID*                360                 630.30266244545-32.391048594698*CONT
*CONT    9.4753078457107
GRID*                361                 598.99236106528-5.2029738257325*CONT
*CONT   0.74090198467895
GRID*                362                 599.06680995979-53.699508726871*CONT
*CONT   -6.0493843085785
GRID*                363                 587.15226200384-94.405568207354*CONT
*CONT    13.683846914176
GRID*                364                 613.77269231273-53.699508726871*CONT
*CONT    43.950615691421
GRID*                365                 621.56698511221-6.6206919798456*CONT
*CONT    49.243826961428
GRID*                366                 647.05882352940-46.790148937221*CONT
*CONT    100.00000000000
GRID*                367                 588.23529411764-150.00000000000*CONT
*CONT    3.2098510627573
GRID*                368                 599.93066784258 22.606242185660*CONT
*CONT    49.001834719343
GRID*                369                 615.74121366431-0.5185582428720*CONT
*CONT    100.00000000000
GRID*                370                 617.64705882352-98.395074468611*CONT
*CONT    100.00000000000
GRID*                371                 589.42779093940-101.36342495370*CONT
*CONT    56.512129528309
GRID*                372                 557.52002132649-85.372886749788*CONT
*CONT    1.1760803230450
GRID*                373                 555.57491410223-117.21887638238*CONT
*CONT   -7.4295792589247
GRID*                374                 557.03507664386-115.38810081173*CONT
*CONT    26.144077326337
GRID*                375                 558.82352941176-150.00000000000*CONT
*CONT    48.395074468610
GRID*                376                 588.23529411765-150.00000000001*CONT
*CONT    100.00000000001
GRID*                377                 647.05882352941 150.00000000001*CONT
*CONT    100.00000000001
GRID*                378                 629.70508821249 54.360024121208*CONT
*CONT   -53.024692154289
GRID*                379                 647.05882352940 46.790148937221*CONT
*CONT   -100.00000000000
GRID*                380                 588.23529411765-150.00000000001*CONT
*CONT   -100.00000000001
GRID*                381                 558.82352941176-150.00000000000*CONT
*CONT   -48.395074468628
GRID*                382                 557.25867698102-41.837671220892*CONT
*CONT   -4.7416563311684
GRID*                383                 617.53396334790 17.853780237348*CONT
*CONT   -62.500000000000
GRID*                384                 619.908629779500.17014747039644*CONT
*CONT   -100.00000000000
GRID*                385                 589.36607959563-23.310000733412*CONT
*CONT   -50.000000000000
GRID*                386                 546.49773012366-48.895005146575*CONT
*CONT   -48.437181484677
GRID*                387                 588.23529411764-46.790148937221*CONT
*CONT   -100.00000000000
GRID*                388                 580.88235294117-72.592611702916*CONT
*CONT   -68.950615691421
GRID*                389                 647.05882352941 150.00000000001*CONT
*CONT   -100.00000000001
GRID*                390                 617.64705882352 98.395074468611*CONT
*CONT    100.00000000000
GRID*                391                 588.23529411764 46.790148937222*CONT
*CONT    100.00000000000
GRID*                392                 573.21027046631 9.2350244460019*CONT
*CONT   -29.243879174904
GRID*                393                 565.49247545553 31.805715891091*CONT
*CONT    17.311716435069
GRID*                394                 583.57349054524 66.477122406382*CONT
*CONT    46.764894466716
GRID*                395                 588.74717098849 47.010025551038*CONT
*CONT    1.6941028347521
GRID*                396                 600.13434954877 80.842118829775*CONT
*CONT    11.790116688548
GRID*                397                 612.03340497990 114.89408872233*CONT
*CONT    23.580233377096
GRID*                398                 647.05882352940 150.00000000000*CONT
*CONT    3.2098510627449
GRID*                399                 595.58823529411 111.29630585146*CONT
*CONT    49.197537234314
GRID*                400                 617.64705882352 150.00000000000*CONT
*CONT    48.395074468628
GRID*                401                 588.23529411764 46.790148937221*CONT
*CONT   -50.000000000000
GRID*                402                 617.64705882352 98.395074468611*CONT
*CONT   -100.00000000000
GRID*                403                 577.20588235293 72.592611702916*CONT
*CONT   -25.000000000000
GRID*                404                 602.94117647058 98.395074468611*CONT
*CONT   -24.197537234314
GRID*                405                 580.88235294117 98.395074468611*CONT
*CONT   -62.098768617157
GRID*                406                 617.64705882352 150.00000000000*CONT
*CONT   -48.395074468628
GRID*                407                 535.60590568657-104.40867979964*CONT
*CONT   -44.814130113854
GRID*                408                 558.82352941176-98.395074468611*CONT
*CONT   -100.00000000000
GRID*                409                 527.31641311760-72.971816975493*CONT
*CONT   -21.907698304966
GRID*                410                 520.43582481002-53.637146848320*CONT
*CONT   -28.422927009530
GRID*                411                 583.11377061190-13.554516742436*CONT
*CONT    48.487653922855
GRID*                412                 559.51429460964 1.5930141648403*CONT
*CONT    24.478007201868
GRID*                413                 531.75509882018 20.263656981872*CONT
*CONT    8.6021049539354
GRID*                414                 533.23093722040 44.383456867029*CONT
*CONT    42.488147066989
GRID*                415                 555.74918133229 35.227265016415*CONT
*CONT    62.597354218555
GRID*                416                 529.41176470588-23.365979489573*CONT
*CONT   1.0408340855E-14
GRID*                417                 536.76470588235-66.141996011492*CONT
*CONT    25.000000000001
GRID*                418                 564.23928733283-50.244828832046*CONT
*CONT    46.975307845711
GRID*                419                 588.23529411764-46.790148937221*CONT
*CONT    100.00000000000
GRID*                420                 529.41176470590-150.00000000000*CONT
*CONT    3.2098510627552
GRID*                421                 556.85827046845-0.3698105529202*CONT
*CONT    100.00000000000
GRID*                422                 558.82352941176-98.395074468611*CONT
*CONT    100.00000000000
GRID*                423                 536.76470588235-98.395074468611*CONT
*CONT    50.802462765691
GRID*                424                 509.23996734326-103.60284314280*CONT
*CONT    2.6234019278647
GRID*                425                 500.00000000000-150.00000000000*CONT
*CONT    48.395074468608
GRID*                426                 529.41176470588-150.00000000001*CONT
*CONT    100.00000000001
GRID*                427                 588.23529411765 150.00000000001*CONT
*CONT    100.00000000001
GRID*                428                 588.23529411764 46.790148937221*CONT
*CONT   -100.00000000000
GRID*                429                 529.41176470588-150.00000000001*CONT
*CONT   -100.00000000001
GRID*                430                 500.00000000000-150.00000000000*CONT
*CONT   -48.395074468608
GRID*                431                 526.852199521570.05818995807444*CONT
*CONT   -37.500000000000
GRID*                432                 552.59954118140 23.476617231755*CONT
*CONT   -62.500000000000
GRID*                433                 561.081435303980.16308552628958*CONT
*CONT   -100.00000000000
GRID*                434                 528.13198211372-23.365979489573*CONT
*CONT   -68.750000000000
GRID*                435                 517.62288713650-72.745151087768*CONT
*CONT   -56.628331311342
GRID*                436                 529.41176470588-46.790148937221*CONT
*CONT   -100.00000000000
GRID*                437                 588.23529411765 150.00000000001*CONT
*CONT   -100.00000000001
GRID*                438                 484.68854286836-98.757789733066*CONT
*CONT   -43.842038406080
GRID*                439                 491.10595434279-41.610852956601*CONT
*CONT   -48.705944349871
GRID*                440                 483.26807197923-67.555484850174*CONT
*CONT   -20.455654560706
GRID*                441                 544.11764705882 98.395074468611*CONT
*CONT    62.098768617157
GRID*                442                 558.82352941176 98.395074468611*CONT
*CONT    100.00000000000
GRID*                443                 529.41176470588 46.790148937221*CONT
*CONT    100.00000000000
GRID*                444                 500.000000000000.05818995807445*CONT
*CONT    0.0000000000000
GRID*                445                 536.89022770865 48.578660688426*CONT
*CONT   -29.194587486172
GRID*                446                 558.82352941176 59.691380320069*CONT
*CONT    12.500000000000
GRID*                447                 500.00000000000 46.790148937221*CONT
*CONT   2.7755575615E-14
GRID*                448                 566.17647058823 98.395074468611*CONT
*CONT   -1.561251128E-14
GRID*                449                 588.23529411766 150.00000000000*CONT
*CONT    3.2098510627699
GRID*                450                 500.00000000000 72.592611702916*CONT
*CONT    62.098768617157
GRID*                451                 529.41176470588 98.395074468611*CONT
*CONT    24.197537234314
GRID*                452                 558.82352941176 150.00000000000*CONT
*CONT    48.395074468628
GRID*                453                 536.76470588235 72.592611702916*CONT
*CONT   -68.950615691421
GRID*                454                 558.82352941176 98.395074468611*CONT
*CONT   -100.00000000000
GRID*                455                 544.11764705882 98.395074468611*CONT
*CONT   -37.901231382843
GRID*                456                 558.82352941176 150.00000000000*CONT
*CONT   -48.395074468610
GRID*                457                 500.00000000000-98.395074468611*CONT
*CONT   -100.00000000000
GRID*                458                 500.99383071052-45.011075589426*CONT
*CONT    6.8819814361623
GRID*                459                 470.54493262044-23.337900095447*CONT
*CONT   -0.9427965124679
GRID*                460                 488.97058823529-72.592611702916*CONT
*CONT    25.401231382846
GRID*                461                 520.22058823529-5.2469215428817*CONT
*CONT    46.774692154289
GRID*                462                 486.56787646812 29.886461541607*CONT
*CONT    53.024692154289
GRID*                463                 511.75074165489 18.206342883803*CONT
*CONT    71.774692154289
GRID*                464                 514.70588235294-46.790148937221*CONT
*CONT    50.000000000000
GRID*                465                 529.41176470588-46.790148937221*CONT
*CONT    100.00000000000
GRID*                466                 470.58823529411-150.00000000000*CONT
*CONT    3.2098510627642
GRID*                467                 460.97545017535-124.28700668794*CONT
*CONT   -23.431571412098
GRID*                468                 473.147800478420.05818995807446*CONT
*CONT    37.500000000000
GRID*                469                 497.766189192140.11637991614894*CONT
*CONT    100.00000000000
GRID*                470                 500.00000000000-98.395074468611*CONT
*CONT    100.00000000000
GRID*                471                 477.94117647059-98.395074468611*CONT
*CONT    50.802462765691
GRID*                472                 433.82352941177-72.592611702916*CONT
*CONT    37.098768617157
GRID*                473                 454.08052860525-102.53921208908*CONT
*CONT    11.952852232234
GRID*                474                 441.17647058824-150.00000000000*CONT
*CONT    48.395074468628
GRID*                475                 470.58823529412-150.00000000001*CONT
*CONT    100.00000000001
GRID*                476                 529.41176470588 150.00000000001*CONT
*CONT    100.00000000001
GRID*                477                 500.00000000000 72.592611702916*CONT
*CONT   -62.098768617157
GRID*                478                 506.71304988039 35.107159192435*CONT
*CONT   -71.875000000000
GRID*                479                 529.41176470588 46.790148937221*CONT
*CONT   -100.00000000000
GRID*                480                 470.58823529412-150.00000000001*CONT
*CONT   -100.00000000001
GRID*                481                 444.30185154274-116.55507125100*CONT
*CONT   -65.942185097118
GRID*                482                 441.17647058824-150.00000000000*CONT
*CONT   -48.395074468610
GRID*                483                 485.53767304514 19.348955016859*CONT
*CONT   -41.732548707634
GRID*                484                 502.233810807850.11637991614890*CONT
*CONT   -100.00000000000
GRID*                485                 455.06522299265-78.212534316215*CONT
*CONT   -65.349390622459
GRID*                486                 470.58823529412-46.790148937221*CONT
*CONT   -100.00000000000
GRID*                487                 529.41176470588 150.00000000001*CONT
*CONT   -100.00000000001
GRID*                488                 432.93874945383-97.128143975467*CONT
*CONT   -25.305726554080
GRID*                489                 448.73943362080-58.819185940990*CONT
*CONT    5.2883405708385
GRID*                490                 416.71944425322-84.717893562989*CONT
*CONT    16.594640679035
GRID*                491                 500.00000000000 98.395074468611*CONT
*CONT   -100.00000000000
GRID*                492                 451.78223209103-22.076728141740*CONT
*CONT   -46.440754745174
GRID*                493                 500.00000000000 111.29630585146*CONT
*CONT    55.246921542883
GRID*                494                 500.00000000000 98.395074468611*CONT
*CONT    100.00000000000
GRID*                495                 470.58823529412 46.790148937221*CONT
*CONT    100.00000000000
GRID*                496                 447.40045881859 23.476617231755*CONT
*CONT    62.500000000000
GRID*                497                 477.30128517451 60.909621958129*CONT
*CONT   -33.973768617157
GRID*                498                 426.49953714882-11.411096953514*CONT
*CONT    6.8673587576050
GRID*                499                 459.00037082745 18.177247904766*CONT
*CONT    9.4753078457107
GRID*                500                 447.85098801008 33.873378161723*CONT
*CONT   -17.074433812465
GRID*                501                 455.88235294118 46.790148937221*CONT
*CONT    25.000000000000
GRID*                502                 514.70588235294 104.84569016003*CONT
*CONT   -15.524692154284
GRID*                503                 485.29411764706 101.62038231432*CONT
*CONT    11.188269614279
GRID*                504                 529.41176470588 150.00000000000*CONT
*CONT    3.2098510627642
GRID*                505                 463.23529411765 72.592611702916*CONT
*CONT    68.950615691421
GRID*                506                 455.88235294118 98.395074468611*CONT
*CONT    37.901231382843
GRID*                507                 500.00000000000 150.00000000000*CONT
*CONT    48.395074468608
GRID*                508                 500.00000000000 111.29630585146*CONT
*CONT   -55.246921542883
GRID*                509                 470.58823529412 98.395074468611*CONT
*CONT   -24.197537234314
GRID*                510                 500.00000000000 150.00000000000*CONT
*CONT   -48.395074468608
GRID*                511                 404.79055764815-83.507964361128*CONT
*CONT   -62.316086498418
GRID*                512                 441.17647058824-98.395074468611*CONT
*CONT   -100.00000000000
GRID*                513                 455.88235294118-46.790148937221*CONT
*CONT    50.000000000000
GRID*                514                 471.86801788627-23.365979489573*CONT
*CONT    68.750000000000
GRID*                515                 470.58823529412-46.790148937221*CONT
*CONT    100.00000000000
GRID*                516                 406.51551147761-51.692965281979*CONT
*CONT    24.043211270007
GRID*                517                 385.53911385182-93.536761843507*CONT
*CONT   -12.639419822751
GRID*                518                 411.76470588234-150.00000000000*CONT
*CONT    3.2098510627540
GRID*                519                 410.63392040436-23.310000733412*CONT
*CONT    50.000000000000
GRID*                520                 438.918564696010.16308552628938*CONT
*CONT    100.00000000000
GRID*                521                 441.17647058824-98.395074468611*CONT
*CONT    100.00000000000
GRID*                522                 411.76470588235-72.592611702916*CONT
*CONT    62.098768617157
GRID*                523                 419.41982161640-111.96609524714*CONT
*CONT    54.416614575627
GRID*                524                 397.96044292958-119.82193753891*CONT
*CONT    14.535883921329
GRID*                525                 382.88858013159-88.525721220555*CONT
*CONT    33.143080179717
GRID*                526                 382.35294117647-150.00000000000*CONT
*CONT    48.395074468628
GRID*                527                 411.76470588235-150.00000000001*CONT
*CONT    100.00000000001
GRID*                528                 470.58823529412 150.00000000001*CONT
*CONT    100.00000000001
GRID*                529                 455.88235294118 98.395074468611*CONT
*CONT   -62.098768617157
GRID*                530                 470.58823529412 46.790148937221*CONT
*CONT   -100.00000000000
GRID*                531                 441.17647058824 46.790148937221*CONT
*CONT   -50.000000000000
GRID*                532                 406.13615605798 21.497651368763*CONT
*CONT   -34.323783638463
GRID*                533                 411.76470588235-150.00000000001*CONT
*CONT   -100.00000000001
GRID*                534                 382.35294117647-150.00000000000*CONT
*CONT   -48.395074468628
GRID*                535                 443.14172953155-0.3698105529204*CONT
*CONT   -100.00000000000
GRID*                536                 411.76470588235-46.790148937221*CONT
*CONT   -100.00000000000
GRID*                537                 470.58823529412 150.00000000001*CONT
*CONT   -100.00000000001
GRID*                538                 403.73424642029-53.673433623158*CONT
*CONT   -19.247622437056
GRID*                539                 399.58295408173 4.1426971035399*CONT
*CONT    29.737653922856
GRID*                540                 386.22730768727-6.9093597896495*CONT
*CONT   -6.0493843085763
GRID*                541                 379.04093002712-31.752570708193*CONT
*CONT    21.018519115718
GRID*                542                 360.68990949218-60.608868516520*CONT
*CONT   -12.098768617153
GRID*                543                 346.86564210339-102.17609707423*CONT
*CONT    8.4494065937502
GRID*                544                 365.94578531247-64.605878124870*CONT
*CONT   -44.772832418167
GRID*                545                 412.73141900868 6.0116474641619*CONT
*CONT   -72.175739693469
GRID*                546                 441.17647058824 98.395074468611*CONT
*CONT   -100.00000000000
GRID*                547                 391.49173034016-23.382612766534*CONT
*CONT   -50.326425691144
GRID*                548                 383.75765937163 11.252174631121*CONT
*CONT   -45.061730385723
GRID*                549                 411.71727265143 47.477651684605*CONT
*CONT    49.758583260887
GRID*                550                 441.17647058824 98.395074468611*CONT
*CONT    100.00000000000
GRID*                551                 411.76470588235 46.790148937221*CONT
*CONT    100.00000000000
GRID*                552                 392.86282569123 6.8080823860531*CONT
*CONT    67.178887977851
GRID*                553                 441.17647058824 72.592611702916*CONT
*CONT   -12.098768617157
GRID*                554                 411.76470588235 46.790148937221*CONT
*CONT   1.3877787807E-14
GRID*                555                 361.63973842639 27.135960315526*CONT
*CONT   -2.6481919121062
GRID*                556                 426.47058823529 98.395074468611*CONT
*CONT    6.8518470742644
GRID*                557                 470.58823529410 150.00000000000*CONT
*CONT    3.2098510627552
GRID*                558                 396.84057421629 98.395074468611*CONT
*CONT    26.596904495744
GRID*                559                 419.00852240226 98.395074468611*CONT
*CONT    63.298452247872
GRID*                560                 441.17647058824 150.00000000000*CONT
*CONT    48.395074468610
GRID*                561                 360.16047095426 21.602744190364*CONT
*CONT    44.840858235958
GRID*                562                 368.77645675889 56.737552311673*CONT
*CONT    33.462771579797
GRID*                563                 422.79411764706 111.29630585146*CONT
*CONT   -55.246921542893
GRID*                564                 441.17647058824 150.00000000000*CONT
*CONT   -48.395074468628
GRID*                565                 353.29050909772-101.64317837723*CONT
*CONT   -50.440117160823
GRID*                566                 382.35294117647-98.395074468611*CONT
*CONT   -100.00000000000
GRID*                567                 411.76470588235-46.790148937221*CONT
*CONT    100.00000000000
GRID*                568                 371.85455236698-56.595781626736*CONT
*CONT    48.086422540013
GRID*                569                 352.94117647059-150.00000000000*CONT
*CONT    3.2098510627451
GRID*                570                 361.35616355749-14.796488784861*CONT
*CONT    71.975307845712
GRID*                571                 380.091370220490.17014747039640*CONT
*CONT    100.00000000000
GRID*                572                 342.62095689449-29.763125040118*CONT
*CONT    43.950615691424
GRID*                573                 333.07518432960-89.881562520059*CONT
*CONT    46.172845080026
GRID*                574                 382.35294117647-98.395074468611*CONT
*CONT    100.00000000000
GRID*                575                 360.98843970228-119.76742821208*CONT
*CONT    48.656529359819
GRID*                576                 308.15026124277-107.18764276804*CONT
*CONT    24.891963762811
GRID*                577                 323.52941176471-150.00000000000*CONT
*CONT    48.395074468628
GRID*                578                 352.94117647059-150.00000000001*CONT
*CONT    100.00000000001
GRID*                579                 411.76470588235 150.00000000001*CONT
*CONT    100.00000000001
GRID*                580                 404.41176470588 72.592611702916*CONT
*CONT   -62.098768617157
GRID*                581                 368.51931195845 49.354103625678*CONT
*CONT   -37.098768617157
GRID*                582                 411.76470588235 46.790148937221*CONT
*CONT   -100.00000000000
GRID*                583                 390.14200892040 48.072126281450*CONT
*CONT   -68.549384308579
GRID*                584                 352.94117647059-150.00000000001*CONT
*CONT   -100.00000000001
GRID*                585                 313.17796176796-107.20932889365*CONT
*CONT   -15.354084160728
GRID*                586                 323.52941176471-150.00000000000*CONT
*CONT   -48.395074468628
GRID*                587                 384.25878633568-0.5185582428719*CONT
*CONT   -100.00000000000
GRID*                588                 352.94117647059-46.790148937221*CONT
*CONT   -100.00000000000
GRID*                589                 383.81172964482 104.34092337966*CONT
*CONT   -66.746373736261
GRID*                590                 411.76470588235 150.00000000001*CONT
*CONT   -100.00000000001
GRID*                591                 350.33485493983-30.147867866888*CONT
*CONT   -31.049384308576
GRID*                592                 322.38095350285-80.557333089801*CONT
*CONT   -32.776969940846
GRID*                593                 286.83389015250-68.849400905671*CONT
*CONT   -25.936734585529
GRID*                594                 340.96406106327-2.8822679906441*CONT
*CONT   -3.0246921542881
GRID*                595                 311.41215264530-52.095356567969*CONT
*CONT    9.8765392285593
GRID*                596                 327.40377827550-53.699508726871*CONT
*CONT   -56.049384308576
GRID*                597                 368.34941792111 29.021161784171*CONT
*CONT   -72.530865192861
GRID*                598                 382.35294117647 98.395074468611*CONT
*CONT   -100.00000000000
GRID*                599                 339.979800387480.31313278274463*CONT
*CONT   -50.000000000000
GRID*                600                 329.49792808232 26.300342228652*CONT
*CONT    23.675904043947
GRID*                601                 342.63458039909 36.281588266413*CONT
*CONT   -32.479970895508
GRID*                602                 372.31620646949 61.987220178479*CONT
*CONT    66.091574126741
GRID*                603                 383.49430915015 86.198179061712*CONT
*CONT    59.844675103868
GRID*                604                 329.35614064787 5.3341176784583*CONT
*CONT    60.987653922856
GRID*                605                 382.35294117647 98.395074468611*CONT
*CONT    100.00000000000
GRID*                606                 352.94117647059 46.790148937221*CONT
*CONT    100.00000000000
GRID*                607                 341.36963548953 66.609230765886*CONT
*CONT    67.434252978600
GRID*                608                 337.05216916552 61.181280420701*CONT
*CONT   0.75300048436393
GRID*                609                 397.05882352941 98.395074468611*CONT
*CONT   -24.197537234314
GRID*                610                 370.97318584545 95.542241648057*CONT
*CONT    7.2387076278699
GRID*                611                 412.10995358278 150.00000000000*CONT
*CONT   0.71572785061485
GRID*                612                 344.88754816150 92.689408827503*CONT
*CONT    38.674952490054
GRID*                613                 381.91644255023 150.00000000000*CONT
*CONT    53.193808991488
GRID*                614                 321.12183294987 59.077066484640*CONT
*CONT    44.337476245027
GRID*                615                 344.99667281806 92.689408827503*CONT
*CONT   -36.722268374975
GRID*                616                 382.35294117647 150.00000000000*CONT
*CONT   -48.395074468628
GRID*                617                 348.52574520087 111.49244041324*CONT
*CONT   -69.078174291689
GRID*                618                 295.28707069118-71.841122993919*CONT
*CONT   -59.696327995493
GRID*                619                 312.94395279337-106.31602644873*CONT
*CONT   -63.639571184366
GRID*                620                 323.52941176471-98.395074468611*CONT
*CONT   -100.00000000000
GRID*                621                 352.94117647059-46.790148937221*CONT
*CONT    100.00000000000
GRID*                622                 318.36930197666-38.276636988670*CONT
*CONT    71.975307845712
GRID*                623                 294.23490928608-20.901249062709*CONT
*CONT    44.138865812515
GRID*                624                 294.11764705885-150.00000000000*CONT
*CONT    3.2098510627611
GRID*                625                 324.55200429680 1.0826184362850*CONT
*CONT    100.00000000000
GRID*                626                 276.91234856559-92.755099517606*CONT
*CONT    17.630941073351
GRID*                627                 296.98158466914-61.531370275444*CONT
*CONT    52.208318211958
GRID*                628                 299.72826005219-102.16149148818*CONT
*CONT    60.277770611402
GRID*                629                 323.52941176471-98.395074468611*CONT
*CONT    100.00000000000
GRID*                630                 264.70588235295-150.00000000000*CONT
*CONT    48.395074468628
GRID*                631                 294.11764705882-150.00000000001*CONT
*CONT    100.00000000001
GRID*                632                 352.94117647059 150.00000000001*CONT
*CONT    100.00000000001
GRID*                633                 348.96892464432 69.739778882362*CONT
*CONT   -68.361134187488
GRID*                634                 352.94117647059 46.790148937221*CONT
*CONT   -100.00000000000
GRID*                635                 294.11764705882-150.00000000001*CONT
*CONT   -100.00000000001
GRID*                636                 264.70588235295-150.00000000000*CONT
*CONT   -48.395074468610
GRID*                637                 272.02437932161-107.73302662137*CONT
*CONT   -37.324132742043
GRID*                638                 325.41665537304 1.1767812229160*CONT
*CONT   -100.00000000000
GRID*                639                 294.11764705883-46.790148937221*CONT
*CONT   -100.00000000000
GRID*                640                 254.46608940886-72.365726516973*CONT
*CONT   -60.823603810861
GRID*                641                 352.94117647059 150.00000000001*CONT
*CONT   -100.00000000001
GRID*                642                 251.57706916464-68.322914134299*CONT
*CONT   -18.592712129285
GRID*                643                 297.35611773824 25.464724141777*CONT
*CONT    50.000000000000
GRID*                644                 271.99323045319-36.782065157049*CONT
*CONT   -62.098768617153
GRID*                645                 274.67442495545-41.294689698857*CONT
*CONT    1.9135774599915
GRID*                646                 311.55229635739-26.277342459255*CONT
*CONT   -28.024692154288
GRID*                647                 295.70081443928 1.1448238083612*CONT
*CONT   1.3877787807E-14
GRID*                648                 297.81132641249 4.3225755301253*CONT
*CONT   -62.205259248031
GRID*                649                 323.62942237179 45.427216217300*CONT
*CONT   -62.311749878909
GRID*                650                 323.52941176471 98.395074468611*CONT
*CONT   -100.00000000000
GRID*                651                 295.91878026550 50.936377066416*CONT
*CONT    12.590952506337
GRID*                652                 294.31766827299 44.064283497378*CONT
*CONT   -24.623499757818
GRID*                653                 344.43723410930 111.69396792889*CONT
*CONT    65.881639454526
GRID*                654                 299.01142103720 49.784624475193*CONT
*CONT    100.00000000000
GRID*                655                 323.52941176471 98.395074468611*CONT
*CONT    100.00000000000
GRID*                656                 292.93452210670 86.983743186396*CONT
*CONT    50.753000484364
GRID*                657                 314.27825087903 105.59064021035*CONT
*CONT    1.9389805469097
GRID*                658                 350.05399163888 150.00000000000*CONT
*CONT    3.1233666246618
GRID*                659                 321.91885680228 150.00000000000*CONT
*CONT    50.578958481296
GRID*                660                 267.28858295947 60.074133751962*CONT
*CONT    53.569048834457
GRID*                661                 261.70255353052 22.393572621114*CONT
*CONT    25.188250121091
GRID*                662                 294.24849734763 89.871703692436*CONT
*CONT   -53.083643389209
GRID*                663                 323.52941176471 150.00000000000*CONT
*CONT   -48.395074468628
GRID*                664                 264.70588235295-98.395074468611*CONT
*CONT   -100.00000000000
GRID*                665                 235.29411764706-150.00000000001*CONT
*CONT   -100.00000000001
GRID*                666                 237.93669726559-30.494022829745*CONT
*CONT   -6.0493843085763
GRID*                667                 249.50787756552-14.347072335560*CONT
*CONT    42.014001423227
GRID*                668                 269.98325436826-29.414761011261*CONT
*CONT    72.163557966803
GRID*                669                 294.11764705883-46.790148937221*CONT
*CONT    100.00000000000
GRID*                670                 256.21189595900-63.478458125633*CONT
*CONT    32.969550027769
GRID*                671                 236.49943828174-150.00000000000*CONT
*CONT   0.57967087265455
GRID*                672                 244.13901346576-105.34980497284*CONT
*CONT    6.0055927234436
GRID*                673                 265.98497350552 1.1128663938065*CONT
*CONT    100.00000000000
GRID*                674                 236.16135908443-116.14535114538*CONT
*CONT    49.918411613923
GRID*                675                 261.22122598671-80.125445742054*CONT
*CONT    68.950615691424
GRID*                676                 264.70588235295-98.395074468611*CONT
*CONT    100.00000000000
GRID*                677                 207.11407967523-150.00000000000*CONT
*CONT    50.977981292823
GRID*                678                 235.29411764706-150.00000000001*CONT
*CONT    100.00000000001
GRID*                679                 294.11764705882 150.00000000001*CONT
*CONT    100.00000000001
GRID*                680                 296.56040564328 51.036739880651*CONT
*CONT   -100.00000000000
GRID*                681                 231.04394128535-119.12015067471*CONT
*CONT   -68.277057958688
GRID*                682                 207.43600952558-112.85461947074*CONT
*CONT   -18.049304510189
GRID*                683                 205.88235294119-150.00000000000*CONT
*CONT   -48.395074468628
GRID*                684                 222.56461859536-85.257877097084*CONT
*CONT   -39.323929875753
GRID*                685                 222.46529491718-43.686264996699*CONT
*CONT   -43.277057958683
GRID*                686                 244.85052312419 1.9801256503072*CONT
*CONT   -71.367829890701
GRID*                687                 263.783112510270.86345778172063*CONT
*CONT   -100.00000000000
GRID*                688                 212.58829496506-22.184779115329*CONT
*CONT   -71.638528979342
GRID*                689                 234.42303492304-49.958037411216*CONT
*CONT   -100.00000000000
GRID*                690                 214.27434519974-71.935338702469*CONT
*CONT   -71.638528979342
GRID*                691                 294.11764705882 150.00000000001*CONT
*CONT   -100.00000000001
GRID*                692                 264.70588235295 98.395074468611*CONT
*CONT    100.00000000000
GRID*                693                 208.03534834679-71.184477739560*CONT
*CONT   -1.6881761469143
GRID*                694                 202.01176450235-38.780562901260*CONT
*CONT   -2.8638649399944
GRID*                695                 233.10487638149 26.324674606394*CONT
*CONT    53.919451182925
GRID*                696                 238.45762223306 50.671476322629*CONT
*CONT    100.00000000000
GRID*                697                 256.91881967500 1.0062975821842*CONT
*CONT   -25.000000000000
GRID*                698                 214.57927219476-0.7091622276761*CONT
*CONT   -41.390522385671
GRID*                699                 226.04898932280 19.322421100451*CONT
*CONT   0.37650024218195
GRID*                700                 260.18332879790 31.693352298915*CONT
*CONT   -12.123499757818
GRID*                701                 255.78613363857 40.047586201379*CONT
*CONT   -54.106483060556
GRID*                702                 250.86032752604 83.658524356724*CONT
*CONT   -65.229594798485
GRID*                703                 264.70588235295 98.395074468611*CONT
*CONT   -100.00000000000
GRID*                704                 206.39979588102 5.3138460947542*CONT
*CONT    32.394683110948
GRID*                705                 262.33963244868 75.572411904181*CONT
*CONT    1.5060009687278
GRID*                706                 237.01477269914 68.921974244838*CONT
*CONT   -30.459189596970
GRID*                707                 273.44618029379 108.33124907166*CONT
*CONT    71.356319410278
GRID*                708                 232.83500207900 81.566008862498*CONT
*CONT    52.412799055027
GRID*                709                 262.07026494782 112.78620595209*CONT
*CONT    26.760179337502
GRID*                710                 263.52275740082 112.78620595209*CONT
*CONT   -23.444536749950
GRID*                711                 291.50433259253 150.00000000000*CONT
*CONT    3.1249606094555
GRID*                712                 261.80089744696 150.00000000000*CONT
*CONT    52.014357706276
GRID*                713                 210.92770272825 55.402164021044*CONT
*CONT    12.989461056262
GRID*                714                 264.70588235295 150.00000000000*CONT
*CONT   -48.395074468628
GRID*                715                 206.08339548230-100.18441240824*CONT
*CONT   -100.00000000000
GRID*                716                 176.47058823529-150.00000000001*CONT
*CONT   -100.00000000001
GRID*                717                 152.42323578200-122.50314543792*CONT
*CONT   -23.925640610742
GRID*                718                 177.27720396963-150.00000000000*CONT
*CONT   0.46745986311641
GRID*                719                 145.16334539696-150.00000000000*CONT
*CONT   -48.494590078659
GRID*                720                 228.98105042977-61.657683281101*CONT
*CONT    53.963715652342
GRID*                721                 202.45118422116-40.534378474648*CONT
*CONT    42.506847373431
GRID*                722                 220.30963062462-17.729018340975*CONT
*CONT    68.088206529689
GRID*                723                 235.26979084483-49.284045935174*CONT
*CONT    100.00000000000
GRID*                724                 203.42254536338-96.465622113057*CONT
*CONT    34.341803615160
GRID*                725                 180.26553467363-63.716924433271*CONT
*CONT    27.725815151558
GRID*                726                 180.98606088320-14.487168351587*CONT
*CONT    48.675904043947
GRID*                727                 188.25204670214 14.438611612397*CONT
*CONT    71.871513165107
GRID*                728                 205.58267502110-0.0182702143901*CONT
*CONT    100.00000000000
GRID*                729                 162.54847654855-94.581769693750*CONT
*CONT    9.8571510485422
GRID*                730                 205.88235294119-98.395074468611*CONT
*CONT    100.00000000000
GRID*                731                 174.16638282440-118.11242680053*CONT
*CONT    51.133713776418
GRID*                732                 147.51821977075-150.00000000000*CONT
*CONT    50.394624629553
GRID*                733                 176.47058823529-150.00000000001*CONT
*CONT    100.00000000001
GRID*                734                 235.29411764706 150.00000000001*CONT
*CONT    100.00000000001
GRID*                735                 236.28288145314 49.107030705842*CONT
*CONT   -100.00000000000
GRID*                736                 215.07179533862 28.732240336939*CONT
*CONT   -68.560121035640
GRID*                737                 173.38418145118-102.05301460299*CONT
*CONT   -48.910694600427
GRID*                738                 177.58017758046-63.020683954226*CONT
*CONT   -60.532421855784
GRID*                739                 179.51141743595-26.619128924988*CONT
*CONT   -49.713157366113
GRID*                740                 173.20135441660 18.322285211327*CONT
*CONT   -54.708236298217
GRID*                741                 202.71129501294-0.6832932339586*CONT
*CONT   -100.00000000000
GRID*                742                 178.23946867914-50.837367300478*CONT
*CONT   -100.00000000000
GRID*                743                 235.29411764706 150.00000000001*CONT
*CONT   -100.00000000001
GRID*                744                 209.72021275053 100.49894813338*CONT
*CONT    100.00000000000
GRID*                745                 166.08683173910-47.067102972776*CONT
*CONT   0.32165442858741
GRID*                746                 172.490537311150.87208493029352*CONT
*CONT   -1.387778780E-14
GRID*                747                 196.65544448831 62.573707194324*CONT
*CONT    48.783901373049
GRID*                748                 190.14932283763 95.132615510224*CONT
*CONT    69.953526987842
GRID*                749                 181.81370034213 50.239548265516*CONT
*CONT    100.00000000000
GRID*                750                 200.34669860105 40.064079366994*CONT
*CONT   -36.182883916089
GRID*                751                 218.30304392288 107.59265258580*CONT
*CONT   -43.703334127446
GRID*                752                 213.00958503203 66.130283028947*CONT
*CONT   -62.036846936177
GRID*                753                 190.81140187915 73.160971513954*CONT
*CONT   -22.481095816787
GRID*                754                 205.88235294119 98.395074468611*CONT
*CONT   -100.00000000000
GRID*                755                 140.93576850996 28.286588479914*CONT
*CONT   -49.987836523680
GRID*                756                 157.46727893877 30.962130416061*CONT
*CONT    43.787809918666
GRID*                757                 150.46497092036 28.904412592268*CONT
*CONT   -3.1060950406668
GRID*                758                 213.20934726303 96.353048935708*CONT
*CONT    7.2323360312011
GRID*                759                 218.58247105021 116.45970577557*CONT
*CONT    47.018488390422
GRID*                760                 228.97845045809 150.00000000000*CONT
*CONT    3.0120019374557
GRID*                761                 174.43042641594 96.563946985803*CONT
*CONT    35.390635020842
GRID*                762                 197.91694110982 150.00000000000*CONT
*CONT    50.977410695021
GRID*                763                 151.79225111292 58.629825646758*CONT
*CONT   -24.700176785473
GRID*                764                 165.69701884170 73.193262877711*CONT
*CONT    14.577619382509
GRID*                765                 170.18782518419 108.71651616572*CONT
*CONT   -15.763504265191
GRID*                766                 201.70335158091 150.00000000000*CONT
*CONT   -49.697520650669
GRID*                767                 149.32336938935-99.273163260488*CONT
*CONT   -100.00000000000
GRID*                768                 117.64705882353-150.00000000001*CONT
*CONT   -100.00000000001
GRID*                769                 130.85536895981-77.772933598313*CONT
*CONT   -12.310348672798
GRID*                770                 135.96979444797-117.91349908554*CONT
*CONT    26.354169978073
GRID*                771                 123.05327092201-111.80711183533*CONT
*CONT   -7.1430699344834
GRID*                772                 112.02837314128-102.05301460299*CONT
*CONT   -45.590368057608
GRID*                773                 83.170736321385-150.00000000000*CONT
*CONT   -41.754421382991
GRID*                774                 120.81983383087-150.00000000000*CONT
*CONT   0.27228352250118
GRID*                775                 132.28415570774-51.606668801910*CONT
*CONT    18.875448241566
GRID*                776                 145.00902664724-28.212370620851*CONT
*CONT    48.269659115432
GRID*                777                 176.61444874203-50.759886407019*CONT
*CONT    100.00000000000
GRID*                778                 156.00580434509-82.129708308666*CONT
*CONT    54.752769120074
GRID*                779                 139.00811893190-102.28699630622*CONT
*CONT    59.290334150513
GRID*                780                 142.26977960937 2.4274630945457*CONT
*CONT    100.00000000000
GRID*                781                 119.61615296322-79.979215897797*CONT
*CONT    31.728934852940
GRID*                782                 112.64573604162-112.59026544397*CONT
*CONT    62.617398959319
GRID*                783                 147.70779853570-102.72000156625*CONT
*CONT    100.00000000000
GRID*                784                 90.235199106408-150.00000000000*CONT
*CONT    49.536703488963
GRID*                785                 117.64705882353-150.00000000001*CONT
*CONT    100.00000000001
GRID*                786                 176.47058823529 150.00000000001*CONT
*CONT    100.00000000001
GRID*                787                 174.13959710440 48.832706275473*CONT
*CONT   -100.00000000000
GRID*                788                 148.82890192025 48.359962861078*CONT
*CONT   -68.248403745960
GRID*                789                 116.92619863461-19.113425065622*CONT
*CONT    75.000000000000
GRID*                790                 142.57472635538-13.987648161220*CONT
*CONT   -55.963157366113
GRID*                791                 140.88600996118-54.106029205983*CONT
*CONT   -49.426314732226
GRID*                792                 131.10737845220-56.299824864990*CONT
*CONT   -100.00000000000
GRID*                793                 141.37928112335-2.2458384933191*CONT
*CONT   -100.00000000000
GRID*                794                 123.49760707258-15.263998171507*CONT
*CONT   -24.426314732226
GRID*                795                 100.69659103291-52.416767207778*CONT
*CONT   0.38793651337765
GRID*                796                 176.47058823529 150.00000000001*CONT
*CONT   -100.00000000001
GRID*                797                 163.00169670961 122.08558581572*CONT
*CONT    62.011026754429
GRID*                798                 153.88032731893 100.25074779389*CONT
*CONT    100.00000000000
GRID*                799                 117.61930563831 4.8681408490561*CONT
*CONT    11.486602307128
GRID*                800                 149.92891887256 73.707705725460*CONT
*CONT    57.219242362490
GRID*                801                 111.74100420404 25.000279869619*CONT
*CONT    47.399519346482
GRID*                802                 132.80140303665 56.331373934278*CONT
*CONT    100.00000000000
GRID*                803                 117.48675411936 24.012066229543*CONT
*CONT   -29.163946852872
GRID*                804                 118.23452706719 25.568341145606*CONT
*CONT   -65.232275393061
GRID*                805                 154.62446212596 93.459943620731*CONT
*CONT   -61.554317412014
GRID*                806                 144.99489377467 98.515159094393*CONT
*CONT   -100.00000000000
GRID*                807                 116.46859956691 61.602191815842*CONT
*CONT   -40.522414991716
GRID*                808                 118.87781786622 58.812794379065*CONT
*CONT    24.676777686031
GRID*                809                 165.78399440124 150.00000000000*CONT
*CONT    1.8856145025639
GRID*                810                 144.50816411901 107.35544735212*CONT
*CONT    31.982531390004
GRID*                811                 135.89896910272 150.00000000000*CONT
*CONT    55.234243590191
GRID*                812                 125.37650743917 98.352319877941*CONT
*CONT   -5.5871358200239
GRID*                813                 110.58963344315 117.45297739196*CONT
*CONT   -50.071200795434
GRID*                814                 138.12620677073 150.00000000000*CONT
*CONT   -49.163256440393
GRID*                815                 102.03390268709-62.790255798228*CONT
*CONT   -35.823906746628
GRID*                816                 100.53525413096-68.205820484967*CONT
*CONT   -72.795184028804
GRID*                817                 67.863677292834-112.59063652808*CONT
*CONT   -53.457302290457
GRID*                818                 86.370865765828-98.336105483805*CONT
*CONT   -100.00000000000
GRID*                819                 58.823529411765-150.00000000001*CONT
*CONT   -100.00000000001
GRID*                820                 37.353365168295-150.00000000000*CONT
*CONT   -50.332688199462
GRID*                821                 91.944812615604-108.85609673170*CONT
*CONT    3.7667919522242
GRID*                822                 33.931838646417-110.14130428013*CONT
*CONT   -38.070033712872
GRID*                823                 61.884789383003-90.184501097162*CONT
*CONT   -30.320366395846
GRID*                824                 51.769984618691-150.00000000000*CONT
*CONT   -11.214418059465
GRID*                825                 78.084149661753-150.00000000000*CONT
*CONT    3.2870259130229
GRID*                826                 87.352023952518-20.392420067461*CONT
*CONT    25.363263083891
GRID*                827                 74.474212028686-76.817222725641*CONT
*CONT    10.418596520833
GRID*                828                 99.027199898145-49.511209374901*CONT
*CONT    43.719662795635
GRID*                829                 90.771182489061 34.949495249976*CONT
*CONT    100.00000000000
GRID*                830                 41.909419505297-150.00000000000*CONT
*CONT    25.325471723678
GRID*                831                 116.40130667898-52.710353525089*CONT
*CONT    100.00000000000
GRID*                832                 72.839227105556-31.727651750054*CONT
*CONT    66.876989291755
GRID*                833                 89.406475274158-12.307715833846*CONT
*CONT    100.00000000000
GRID*                834                 74.323051038372-80.459418892014*CONT
*CONT    57.073590287451
GRID*                835                 63.624694708497-124.82481859506*CONT
*CONT    53.370204386123
GRID*                836                 91.890519726363-106.20074731358*CONT
*CONT    100.00000000000
GRID*                837                 48.942293228331-47.313551243224*CONT
*CONT   -27.080394304276
GRID*                838                 30.942394691502-71.107663895648*CONT
*CONT   -13.568516194241
GRID*                839                 36.595331686588-150.00000000000*CONT
*CONT    63.126840812203
GRID*                840                 58.823529411765-150.00000000001*CONT
*CONT    100.00000000001
GRID*                841                 117.64705882353 150.00000000001*CONT
*CONT    100.00000000001
GRID*                842                 89.042135120645-34.358626366943*CONT
*CONT   -100.00000000000
GRID*                843                 114.43478849273 52.821304606656*CONT
*CONT   -100.00000000000
GRID*                844                 68.731240278008 11.736636892791*CONT
*CONT    57.157064013306
GRID*                845                 104.90222726533-7.4967971008334*CONT
*CONT   -61.796380049243
GRID*                846                 71.999594147316-30.369002194324*CONT
*CONT   -49.426314732226
GRID*                847                 87.778463477053 12.551663376603*CONT
*CONT   -100.00000000000
GRID*                848                 79.122431401446 2.4408077913490*CONT
*CONT   -23.701928591815
GRID*                849                 45.915272228822-2.1031232589504*CONT
*CONT    8.3517456485607
GRID*                850                 117.64705882353 150.00000000001*CONT
*CONT   -100.00000000001
GRID*                851                 117.29279530557 96.438028341202*CONT
*CONT    64.816546908263
GRID*                852                 92.422470257277 96.957466546809*CONT
*CONT    100.00000000000
GRID*                853                 86.245268655576 35.250617777022*CONT
*CONT    2.0224575485963
GRID*                854                 91.653762387437 57.738228832190*CONT
*CONT    57.913887841281
GRID*                855                 73.889997453049 46.871609843529*CONT
*CONT   -50.262209179478
GRID*                856                 88.941215278168 82.970902394033*CONT
*CONT   -64.540682380320
GRID*                857                 86.538944331243 106.46194715468*CONT
*CONT   -100.00000000000
GRID*                858                 79.549522478214 90.906845363887*CONT
*CONT   -23.851979740716
GRID*                859                 80.705263292216 92.625308888511*CONT
*CONT    29.633093816526
GRID*                860                 75.165257928856 150.00000000000*CONT
*CONT    57.243730084456
GRID*                861                 93.932758867858 150.00000000000*CONT
*CONT    1.9388127008974
GRID*                862                 67.142695256983 121.61626018439*CONT
*CONT    5.1154240427986
GRID*                863                 78.186496514783 150.00000000000*CONT
*CONT   -53.626830716141
GRID*                864                 35.999797073658-4.4426013892854*CONT
*CONT   -23.840422212707
GRID*                865                 35.999797073658-17.528816404939*CONT
*CONT   -49.041210183895
GRID*                866                 52.556618264282-75.181273056166*CONT
*CONT   -65.160183197923
GRID*                867                 43.228447145561-60.178045015170*CONT
*CONT   -100.00000000000
GRID*                868                 37.994087243027-108.73710076376*CONT
*CONT   -100.00000000000
GRID*                869                 39.955062338227 42.839524982579*CONT
*CONT    65.123037180832
GRID*                870                 43.929615705626 59.971063081376*CONT
*CONT    100.00000000000
GRID*                871                 0.0000000000000-66.767601799508*CONT
*CONT   -52.152880253211
GRID*                872                 0.0000000000000-107.69197203217*CONT
*CONT   -22.682765135288
GRID*                873                 0.0000000000000-150.00000000001*CONT
*CONT   -50.000000000000
GRID*                874                 0.0000000000000-109.49372908998*CONT
*CONT   -61.654908413484
GRID*                875                 0.0000000000000-150.00000000000*CONT
*CONT   -100.00000000000
GRID*                876                 0.0000000000000-150.00000000001*CONT
*CONT   1.2434497875E-14
GRID*                877                 0.0000000000000-150.00000000001*CONT
*CONT    50.000000000000
GRID*                878                 39.691233863644-96.188232601374*CONT
*CONT    17.582803988602
GRID*                879                 50.133814487544-44.877068565150*CONT
*CONT    29.999665326540
GRID*                880                 0.0000000000000-110.30828376398*CONT
*CONT    24.478828641079
GRID*                881                 26.917874574806-5.8011327425913*CONT
*CONT    52.230047987516
GRID*                882                 45.784190283027 2.8262408693340*CONT
*CONT    100.00000000000
GRID*                883                 37.014190310587-99.649637190127*CONT
*CONT    57.203705283284
GRID*                884                 44.830477999261-50.967827531337*CONT
*CONT    62.541928249424
GRID*                885                 53.950986844828-56.529086313659*CONT
*CONT    100.00000000000
GRID*                886                 0.0000000000000-115.40688485937*CONT
*CONT    63.833725298794
GRID*                887                 44.524209999125-110.41008793027*CONT
*CONT    100.00000000000
GRID*                888                 0.0000000000000-52.030826694134*CONT
*CONT    3.1833340073631
GRID*                889                 0.0000000000000-150.00000000000*CONT
*CONT    100.00000000000
GRID*                890                 50.844280246554 86.332019674882*CONT
*CONT    74.355923917028
GRID*                891                 37.887024227348 108.63380150051*CONT
*CONT    100.00000000000
GRID*                892                 58.823529411765 150.00000000001*CONT
*CONT    100.00000000001
GRID*                893                -2.0000000000000 0.0000000000000*CONT
*CONT    0.0000000000000
GRID*                894                 40.466637051410-3.3633132771585*CONT
*CONT   -100.00000000000
GRID*                895                 52.018852072889 59.962609888792*CONT
*CONT   -100.00000000000
GRID*                896                 52.470798990154 71.291267202893*CONT
*CONT   -11.884043285706
GRID*                897                 35.578833901644 42.468021355060*CONT
*CONT    25.996461002751
GRID*                898                 37.516333616763 15.590946673586*CONT
*CONT   -61.810825229722
GRID*                899                 35.191148483742 36.284203079379*CONT
*CONT   -20.091930139842
GRID*                900                 0.0000000000000 21.483799415753*CONT
*CONT    1.7454703068119
GRID*                901                 58.823529411765 150.00000000001*CONT
*CONT   -100.00000000001
GRID*                902                 57.758944787482 112.69297626839*CONT
*CONT    48.711847834056
GRID*                903                 40.352631646108 75.385952536778*CONT
*CONT    40.179965583656
GRID*                904                 0.0000000000000 58.146596185044*CONT
*CONT    50.726837350786
GRID*                905                 32.038718025095 150.00000000000*CONT
*CONT    64.586857328003
GRID*                906                 52.380687159648 112.83069267344*CONT
*CONT   -51.266655375685
GRID*                907                 34.981102646741 71.238478265405*CONT
*CONT   -50.436396107528
GRID*                908                 54.197557710669 87.509468281261*CONT
*CONT   -75.779677967772
GRID*                909                 40.109846337333 112.22177713960*CONT
*CONT   -100.00000000000
GRID*                910                 23.361391325181 81.338617594713*CONT
*CONT   -25.285198196508
GRID*                911                 35.494216666333 106.10983927693*CONT
*CONT   -1.2242197521715
GRID*                912                 37.865181273737 150.00000000000*CONT
*CONT    25.457048116407
GRID*                913                 40.826133816721 150.00000000000*CONT
*CONT   -22.455055919362
GRID*                914                 37.138039258857 150.00000000000*CONT
*CONT   -62.485703205991
GRID*                915                 0.0000000000000-4.6886306155540*CONT
*CONT   -48.656105635565
GRID*                916                 0.0000000000000-30.000000000000*CONT
*CONT   -100.00000000001
GRID*                917                 0.0000000000000-90.000000000000*CONT
*CONT   -100.00000000001
GRID*                918                -32.880645925104-49.777817660195*CONT
*CONT   -58.072506775304
GRID*                919                -26.836109151446-21.185202909284*CONT
*CONT   -44.522080976316
GRID*                920                -37.994087243027-108.73710076376*CONT
*CONT   -100.00000000000
GRID*                921                -35.342814846755-79.234236735567*CONT
*CONT   -78.413655543582
GRID*                922                -29.650861225608-113.90007323303*CONT
*CONT   0.72419580002382
GRID*                923                -31.726515108966-114.77417048407*CONT
*CONT    42.780903339374
GRID*                924                -38.270554275121-87.641284416732*CONT
*CONT    23.643038275880
GRID*                925                -38.318103348182-67.954424258748*CONT
*CONT   -21.285393818694
GRID*                926                -44.153225030240-25.434625267722*CONT
*CONT   -19.414832315756
GRID*                927                 0.0000000000000 90.000000000000*CONT
*CONT    100.00000000001
GRID*                928                 0.0000000000000-10.586756726925*CONT
*CONT    54.290212348665
GRID*                929                 0.0000000000000 30.000000000000*CONT
*CONT    100.00000000001
GRID*                930                -59.236383337150-82.641456837303*CONT
*CONT   -50.990511243242
GRID*                931                -56.771840315288-108.71953738551*CONT
*CONT   -23.832189068513
GRID*                932                -32.519834046191-150.00000000000*CONT
*CONT   -51.722006935527
GRID*                933                -52.053249383946-150.00000000000*CONT
*CONT   -15.585020782170
GRID*                934                -59.986191118855-116.67815305349*CONT
*CONT   -73.776647483539
GRID*                935                -58.823529411765-150.00000000001*CONT
*CONT   -100.00000000001
GRID*                936                -37.766082750938-150.00000000000*CONT
*CONT    62.989655707370
GRID*                937                -41.805774158169-150.00000000000*CONT
*CONT    25.324172869970
GRID*                938                -29.594509229872 32.911258029291*CONT
*CONT    71.227453385262
GRID*                939                -50.456526570514 2.3954275975299*CONT
*CONT    9.7257114641396
GRID*                940                -46.031227287568-24.227792925666*CONT
*CONT    12.638809507574
GRID*                941                 0.0000000000000-74.224556312881*CONT
*CONT    57.457975085931
GRID*                942                 0.0000000000000-30.000000000000*CONT
*CONT    100.00000000001
GRID*                943                -31.824404417283-100.62940677442*CONT
*CONT    67.419591402296
GRID*                944                 0.0000000000000-90.000000000000*CONT
*CONT    100.00000000001
GRID*                945                -41.734877599123-54.310822873860*CONT
*CONT    44.104052314354
GRID*                946                -56.429462242984-19.030185367698*CONT
*CONT    52.807390662106
GRID*                947                -44.524209999125-110.41008793027*CONT
*CONT    100.00000000000
GRID*                948                -58.823529411765-150.00000000001*CONT
*CONT    100.00000000001
GRID*                949                -80.650870069561-150.00000000000*CONT
*CONT    3.2758183535912
GRID*                950                 0.0000000000000 111.58550050448*CONT
*CONT    63.039405012307
GRID*                951                -37.902872179256 62.268293743870*CONT
*CONT    60.977145368022
GRID*                952                 0.0000000000000 150.00000000000*CONT
*CONT    100.00000000000
GRID*                953                -41.582156934214 6.3257529112289*CONT
*CONT   -18.991772423290
GRID*                954                 0.0000000000000 30.000000000000*CONT
*CONT   -100.00000000001
GRID*                955                 0.0000000000000 90.000000000000*CONT
*CONT   -100.00000000001
GRID*                956                 0.0000000000000 69.629150623750*CONT
*CONT    4.0449150971927
GRID*                957                 0.0000000000000 93.839731849065*CONT
*CONT   -13.049023047126
GRID*                958                -29.594509229872 52.725833341166*CONT
*CONT    23.249910933854
GRID*                959                 0.0000000000000 61.483942116448*CONT
*CONT   -38.352875355595
GRID*                960                -33.907200456843 35.669866901538*CONT
*CONT   -46.942878505835
GRID*                961                -31.417711574196 48.840151400404*CONT
*CONT   -13.878350335485
GRID*                962                -28.748223917341 83.527312751240*CONT
*CONT   -65.626473638945
GRID*                963                 0.0000000000000 150.00000000000*CONT
*CONT   -100.00000000000
GRID*                964                 0.0000000000000 106.87209355833*CONT
*CONT    26.281355357929
GRID*                965                -30.974287338253 101.13035899467*CONT
*CONT    47.570913945615
GRID*                966                 0.0000000000000 150.00000000001*CONT
*CONT    50.000000000000
GRID*                967                 0.0000000000000 112.61869286201*CONT
*CONT   -49.994991084190
GRID*                968                 0.0000000000000 150.00000000001*CONT
*CONT   -1.243449787E-14
GRID*                969                 0.0000000000000 150.00000000001*CONT
*CONT   -50.000000000000
GRID*                970                -40.466637051410-3.3633132771583*CONT
*CONT   -100.00000000000
GRID*                971                -43.228447145561-60.178045015170*CONT
*CONT   -100.00000000000
GRID*                972                -64.036457163268-40.355665222896*CONT
*CONT   -55.704177637382
GRID*                973                -64.042318432157 3.1947648946094*CONT
*CONT   -51.867145905112
GRID*                974                -86.370865765828-98.336105483805*CONT
*CONT   -100.00000000000
GRID*                975                -99.392270504395-64.073185143105*CONT
*CONT   -74.337715512227
GRID*                976                -37.887024227348 108.63380150051*CONT
*CONT    100.00000000000
GRID*                977                -68.248745964505-84.864008260962*CONT
*CONT    50.091526961307
GRID*                978                -64.344464071432-117.68037976104*CONT
*CONT    24.387448206812
GRID*                979                -66.022038116785-119.67939693501*CONT
*CONT    64.668184256693
GRID*                980                -102.08475013859-100.49893881298*CONT
*CONT    4.1983732807623
GRID*                981                -75.864941438994-59.571465228069*CONT
*CONT    2.1787588220603
GRID*                982                -89.062124592579-72.478898650350*CONT
*CONT   -33.916968502560
GRID*                983                -79.807803468617-13.099292629663*CONT
*CONT   -16.400785463442
GRID*                984                -80.352971674095 32.244708935761*CONT
*CONT    3.2675762354874
GRID*                985                -59.189018459745 35.822516058581*CONT
*CONT    42.454906770515
GRID*                986                -75.805744358511 66.389991302695*CONT
*CONT    71.227453385257
GRID*                987                -43.929615705626 59.971063081376*CONT
*CONT    100.00000000000
GRID*                988                -45.784190283027 2.8262408693340*CONT
*CONT    100.00000000000
GRID*                989                -131.32833721282-89.905132401202*CONT
*CONT   -48.422865339492
GRID*                990                -101.51029173050-107.86330881176*CONT
*CONT   -55.340320155144
GRID*                991                -90.100715928533-150.00000000000*CONT
*CONT   -46.387292750133
GRID*                992                -117.64705882353-150.00000000001*CONT
*CONT   -100.00000000001
GRID*                993                -91.386645397008-150.00000000000*CONT
*CONT    49.763693568336
GRID*                994                -74.297746866951 11.757400112368*CONT
*CONT    71.227453385257
GRID*                995                -81.657725528242-12.539093205471*CONT
*CONT    30.525140219843
GRID*                996                -83.426512513983-49.688020636277*CONT
*CONT    39.155711219434
GRID*                997                -53.950986844828-56.529086313659*CONT
*CONT    100.00000000000
GRID*                998                -83.404955665398-42.001350161066*CONT
*CONT    75.662284487773
GRID*                999                -91.890519726363-106.20074731358*CONT
*CONT    100.00000000000
GRID*               1000                -104.72391147115-74.409963963026*CONT
*CONT    62.968161288163
GRID*               1001                -117.64705882353-150.00000000001*CONT
*CONT    100.00000000001
GRID*               1002                -125.67912769731-150.00000000000*CONT
*CONT    2.5395376019900
GRID*               1003                -128.50373245506-119.95256620060*CONT
*CONT   -22.941663868751
GRID*               1004                -66.250690166297 90.728955783935*CONT
*CONT    40.080475274645
GRID*               1005                -40.462580522708 150.00000000000*CONT
*CONT    62.715266678080
GRID*               1006                -70.587532389445 110.43648610310*CONT
*CONT    72.987425068052
GRID*               1007                -58.823529411765 150.00000000001*CONT
*CONT    100.00000000001
GRID*               1008                -40.109846337333 112.22177713960*CONT
*CONT   -100.00000000000
GRID*               1009                -81.562946499098 27.041613048270*CONT
*CONT   -32.588429879271
GRID*               1010                -52.018852072889 59.962609888791*CONT
*CONT   -100.00000000000
GRID*               1011                -37.059967845235 100.68043493663*CONT
*CONT   -10.441419157590
GRID*               1012                -94.138473769961 59.376823821961*CONT
*CONT    38.277758069149
GRID*               1013                -75.190351869700 72.799781980923*CONT
*CONT    2.4089486009882
GRID*               1014                -70.596638167159 57.123545229006*CONT
*CONT   -68.285447606467
GRID*               1015                -60.892945515723 71.295150254293*CONT
*CONT   -30.123469184226
GRID*               1016                -89.174424261429 54.284480569221*CONT
*CONT   -36.570895212934
GRID*               1017                -55.669753670900 116.76365637562*CONT
*CONT   -59.754423719053
GRID*               1018                -40.429122007244 150.00000000000*CONT
*CONT   -62.295587582481
GRID*               1019                -58.823529411765 150.00000000001*CONT
*CONT   -100.00000000001
GRID*               1020                -42.950894357506 150.00000000000*CONT
*CONT    25.477799496398
GRID*               1021                -97.899591480955 109.17385689138*CONT
*CONT    43.612872088899
GRID*               1022                -42.847164769664 150.00000000000*CONT
*CONT   -22.358025505265
GRID*               1023                -79.989228423921 110.61778600669*CONT
*CONT    17.973006156416
GRID*               1024                -92.209659871360 30.412347356985*CONT
*CONT   -63.587682108063
GRID*               1025                -87.778463477053 12.551663376603*CONT
*CONT   -100.00000000000
GRID*               1026                -89.042135120645-34.358626366942*CONT
*CONT   -100.00000000000
GRID*               1027                -114.54693606986-28.958044313046*CONT
*CONT   -50.615858344161
GRID*               1028                -131.10737845220-56.299824864990*CONT
*CONT   -100.00000000000
GRID*               1029                -149.32336938935-99.273163260488*CONT
*CONT   -100.00000000000
GRID*               1030                -158.85760929816-73.673084542853*CONT
*CONT   -68.035042886972
GRID*               1031                -170.19516318515-61.786844002891*CONT
*CONT   -33.877058062675
GRID*               1032                -123.95934356059 77.178609818389*CONT
*CONT    37.503755812745
GRID*               1033                -122.91388152070 52.338787531704*CONT
*CONT   -7.7695516804828
GRID*               1034                -111.56297210624 88.689236221895*CONT
*CONT    65.960481408049
GRID*               1035                -92.422470257277 96.957466546809*CONT
*CONT    100.00000000000
GRID*               1036                -158.15062056340-98.361855083094*CONT
*CONT    1.3731063165025
GRID*               1037                -126.04286727690-106.81857776499*CONT
*CONT    50.274038088552
GRID*               1038                -131.29962473839-76.771143965587*CONT
*CONT    25.664256940355
GRID*               1039                -136.55638219988-46.723710166188*CONT
*CONT    1.0544757921574
GRID*               1040                -123.95511904515 2.0424942167796*CONT
*CONT   -3.2632126756025
GRID*               1041                -141.23290356423 33.084536031047*CONT
*CONT    34.139641048971
GRID*               1042                -108.28458846000 18.736145035501*CONT
*CONT    46.227453385257
GRID*               1043                -112.17224347152 55.740901334633*CONT
*CONT    70.094599292608
GRID*               1044                -90.771182489061 34.949495249976*CONT
*CONT    100.00000000000
GRID*               1045                -89.406475274158-12.307715833846*CONT
*CONT    100.00000000000
GRID*               1046                -191.44421900259-96.625525010313*CONT
*CONT   -23.562096652673
GRID*               1047                -177.89156637056-118.68709248577*CONT
*CONT   -48.692958522881
GRID*               1048                -150.24299918267-150.00000000000*CONT
*CONT   -48.170299654530
GRID*               1049                -176.47058823529-150.00000000001*CONT
*CONT   -100.00000000001
GRID*               1050                -150.34698877895-150.00000000000*CONT
*CONT    49.891305169852
GRID*               1051                -112.85892448597-27.473614008472*CONT
*CONT    51.324568975547
GRID*               1052                -116.40130667898-52.710353525089*CONT
*CONT    100.00000000000
GRID*               1053                -156.40338907828-66.395247852875*CONT
*CONT    55.227122029294
GRID*               1054                -147.70779853570-102.72000156625*CONT
*CONT    100.00000000000
GRID*               1055                -176.47058823529-150.00000000001*CONT
*CONT    100.00000000001
GRID*               1056                -179.74485892692-150.00000000000*CONT
*CONT    1.6917368408475
GRID*               1057                -203.20687412205-112.75283512538*CONT
*CONT    13.420366339891
GRID*               1058                -82.678931750074 150.00000000000*CONT
*CONT    54.026209872292
GRID*               1059                -117.64705882353 150.00000000001*CONT
*CONT    100.00000000001
GRID*               1060                -86.538944331243 106.46194715468*CONT
*CONT   -100.00000000000
GRID*               1061                -134.45990809320 32.003370381439*CONT
*CONT   -45.981359396495
GRID*               1062                -117.60930756982 70.973293040383*CONT
*CONT   -62.352176299098
GRID*               1063                -114.43478849273 52.821304606656*CONT
*CONT   -100.00000000000
GRID*               1064                -171.11339957169-39.130324766340*CONT
*CONT    25.723333548271
GRID*               1065                -167.00785859058 3.9331125126341*CONT
*CONT   -1.5701588753370
GRID*               1066                -80.005782526130 115.51878877468*CONT
*CONT   -16.639019634174
GRID*               1067                -110.69635444348 91.477809538046*CONT
*CONT   -24.366351440031
GRID*               1068                -108.78828920831 99.386122034401*CONT
*CONT    10.709545843990
GRID*               1069                -168.15448525927 42.235406959290*CONT
*CONT   -30.365156706752
GRID*               1070                -143.64127683256 76.413750663592*CONT
*CONT   -44.035307920372
GRID*               1071                -98.652562752752 111.36165337379*CONT
*CONT   -57.979441699622
GRID*               1072                -82.591283424458 150.00000000000*CONT
*CONT   -53.882373799161
GRID*               1073                -137.55956612664 111.29424714278*CONT
*CONT   -60.370188771803
GRID*               1074                -117.64705882353 150.00000000001*CONT
*CONT   -100.00000000001
GRID*               1075                -149.85855882910 79.154827096231*CONT
*CONT    8.8330164643119
GRID*               1076                -124.53836562977 116.90199309933*CONT
*CONT    36.829432928869
GRID*               1077                -146.95618873317 103.23547345926*CONT
*CONT    50.827604119484
GRID*               1078                -100.02703217679 150.00000000000*CONT
*CONT    1.2517695470541
GRID*               1079                -174.37222193434-17.653795045444*CONT
*CONT   -43.304664275343
GRID*               1080                -151.38456709989 4.4850343925181*CONT
*CONT   -60.203507760531
GRID*               1081                -141.37928112335-2.2458384933192*CONT
*CONT   -100.00000000000
GRID*               1082                -166.22589728019-41.093268931386*CONT
*CONT   -70.405209427703
GRID*               1083                -205.54013355846-87.374184971546*CONT
*CONT   -49.215617391232
GRID*               1084                -178.23946867914-50.837367300478*CONT
*CONT   -100.00000000000
GRID*               1085                -206.08339548230-100.18441240824*CONT
*CONT   -100.00000000000
GRID*               1086                -211.83847923458-43.253206807769*CONT
*CONT   -49.607808695616
GRID*               1087                -204.99687163462-74.563957534853*CONT
*CONT    1.5687652175359
GRID*               1088                -188.74370447289-36.845936302280*CONT
*CONT   0.78438260876794
GRID*               1089                -153.49131085256 51.882150480436*CONT
*CONT    61.025914356343
GRID*               1090                -132.80140303665 56.331373934278*CONT
*CONT    100.00000000000
GRID*               1091                -173.53232705777 39.257344516248*CONT
*CONT    21.736244403152
GRID*               1092                -153.88032731893 100.25074779389*CONT
*CONT    100.00000000000
GRID*               1093                -196.80294409073-78.000594887172*CONT
*CONT    35.877585442131
GRID*               1094                -184.45233906848-106.94311985905*CONT
*CONT    50.906623942453
GRID*               1095                -165.15214736753-10.732547877631*CONT
*CONT    42.221799142438
GRID*               1096                -181.70747999933 29.296998647091*CONT
*CONT    60.742010908729
GRID*               1097                -142.26977960937 2.4274630945456*CONT
*CONT    100.00000000000
GRID*               1098                -221.52166975827-118.68709248577*CONT
*CONT   -23.039043478080
GRID*               1099                -224.51286244020-118.65300012601*CONT
*CONT   -55.246921542881
GRID*               1100                -205.88235294119-150.00000000000*CONT
*CONT   -48.395074468610
GRID*               1101                -235.29411764706-150.00000000001*CONT
*CONT   -100.00000000001
GRID*               1102                -230.46798277153-103.18676773538*CONT
*CONT    23.817837716621
GRID*               1103                -209.08506781485-150.00000000000*CONT
*CONT    48.975169706956
GRID*               1104                -242.60011001537-74.495772815336*CONT
*CONT   -11.314386008385
GRID*               1105                -224.81779094863-52.671912573992*CONT
*CONT    24.370084357720
GRID*               1106                -201.66119418762-43.752440982457*CONT
*CONT    55.703062076295
GRID*               1107                -176.61444874203-50.759886407019*CONT
*CONT    100.00000000000
GRID*               1108                -193.38706167024-72.387631089313*CONT
*CONT    74.367593895459
GRID*               1109                -205.88235294119-98.395074468611*CONT
*CONT    100.00000000000
GRID*               1110                -235.29411764706-150.00000000001*CONT
*CONT    100.00000000001
GRID*               1111                -237.50320595808-150.00000000000*CONT
*CONT    3.1375304350718
GRID*               1112                -264.91964598641-114.60815112233*CONT
*CONT    24.021541181322
GRID*               1113                -264.08400433828-107.27988817539*CONT
*CONT   -10.985424297666
GRID*               1114                -243.14337193921-87.306000252029*CONT
*CONT   -62.098768617153
GRID*               1115                -179.61247169092 79.168887298001*CONT
*CONT    45.356142940225
GRID*               1116                -143.38296949282 150.00000000000*CONT
*CONT    51.732560445355
GRID*               1117                -176.47058823529 150.00000000001*CONT
*CONT    100.00000000001
GRID*               1118                -144.99489377467 98.515159094393*CONT
*CONT   -100.00000000000
GRID*               1119                -174.13959710440 48.832706275473*CONT
*CONT   -100.00000000000
GRID*               1120                -211.64718900099-0.3241438876851*CONT
*CONT    25.252175879237
GRID*               1121                -204.00581032608 22.030688918919*CONT
*CONT   -12.213776846768
GRID*               1122                -198.11031088781 42.577103410677*CONT
*CONT   -53.399197809900
GRID*               1123                -222.92113708126 41.106059602321*CONT
*CONT   -24.787131661881
GRID*               1124                -142.04626332147 121.31265444426*CONT
*CONT   -11.840803209459
GRID*               1125                -204.72955929898 72.019295009107*CONT
*CONT   -0.8035605263737
GRID*               1126                -176.13677607399 92.761992766181*CONT
*CONT   -48.437452855625
GRID*               1127                -143.74052268316 150.00000000000*CONT
*CONT   -50.328495948928
GRID*               1128                -176.47058823529 150.00000000001*CONT
*CONT   -100.00000000001
GRID*               1129                -177.04504906976 114.52015719926*CONT
*CONT    10.498202590733
GRID*               1130                -181.61240888036 127.57694162092*CONT
*CONT    41.237450045155
GRID*               1131                -169.09963097358 150.00000000000*CONT
*CONT   0.47141278124783
GRID*               1132                -226.49137971204-3.8260260411307*CONT
*CONT   -49.468500763178
GRID*               1133                -202.71129501294-0.6832932339585*CONT
*CONT   -100.00000000000
GRID*               1134                -234.42303492304-49.958037411215*CONT
*CONT   -100.00000000000
GRID*               1135                -254.37839564751-37.727110202292*CONT
*CONT   -52.195371686579
GRID*               1136                -277.62011753612-59.724632984157*CONT
*CONT   -55.951336482480
GRID*               1137                -264.70588235295-98.395074468611*CONT
*CONT   -100.00000000000
GRID*               1138                -239.88963605075-33.066591996420*CONT
*CONT   -12.830667689339
GRID*               1139                -244.17917774276 5.3581628563292*CONT
*CONT   -8.6394476277733
GRID*               1140                -265.02316152363-18.821868352627*CONT
*CONT   -35.975739988650
GRID*               1141                -181.81370034213 50.239548265516*CONT
*CONT    100.00000000000
GRID*               1142                -218.59537718362 46.874641987718*CONT
*CONT    46.073746932525
GRID*               1143                -215.65959659742 103.68710766028*CONT
*CONT    71.320660820847
GRID*               1144                -234.13609520571 86.915558466879*CONT
*CONT    50.283824450825
GRID*               1145                -209.72021275053 100.49894813338*CONT
*CONT    100.00000000000
GRID*               1146                -262.35603590441-68.918937590172*CONT
*CONT    24.384130737981
GRID*               1147                -231.22451118024-74.551847017966*CONT
*CONT    60.490867347432
GRID*               1148                -250.06210766289-107.44522317109*CONT
*CONT    65.751257396292
GRID*               1149                -208.25131416683 1.2852604359702*CONT
*CONT    73.600021350927
GRID*               1150                -252.79358513263 9.5078869461039*CONT
*CONT    50.615084406361
GRID*               1151                -205.58267502110-0.0182702143900*CONT
*CONT    100.00000000000
GRID*               1152                -283.28613121668-118.20566564111*CONT
*CONT   -55.246921542881
GRID*               1153                -264.70588235295-150.00000000000*CONT
*CONT   -48.395074468610
GRID*               1154                -294.11764705882-150.00000000001*CONT
*CONT   -100.00000000001
GRID*               1155                -264.70588235295-150.00000000000*CONT
*CONT    48.395074468628
GRID*               1156                -281.81261388942-65.335943036396*CONT
*CONT   -27.316110969091
GRID*               1157                -270.16976235096-14.817521902384*CONT
*CONT    23.585701748952
GRID*               1158                -283.92188706475-49.999172947822*CONT
*CONT    8.8921888443131
GRID*               1159                -289.47033873505-87.430472824030*CONT
*CONT    13.245558772318
GRID*               1160                -248.99608186893-33.047413372756*CONT
*CONT    51.472051085606
GRID*               1161                -235.26979084483-49.284045935174*CONT
*CONT    100.00000000000
GRID*               1162                -283.60700358177-30.022795859767*CONT
*CONT    43.950615691424
GRID*               1163                -291.50960909569-107.21207060491*CONT
*CONT    45.238054339895
GRID*               1164                -264.70588235295-98.395074468611*CONT
*CONT    100.00000000000
GRID*               1165                -294.11764705882-150.00000000001*CONT
*CONT    100.00000000001
GRID*               1166                -294.11764705885-150.00000000000*CONT
*CONT    3.2098510627541
GRID*               1167                -317.27601291362-104.51546497778*CONT
*CONT   -8.0686627535102
GRID*               1168                -301.86638008041-86.411331282215*CONT
*CONT   -62.098768617153
GRID*               1169                -221.99820880442 112.01107551654*CONT
*CONT    25.860973930143
GRID*               1170                -205.40204284585 150.00000000000*CONT
*CONT    51.848636098971
GRID*               1171                -235.29411764706 150.00000000001*CONT
*CONT    100.00000000001
GRID*               1172                -205.88235294119 98.395074468611*CONT
*CONT   -100.00000000000
GRID*               1173                -236.28288145314 49.107030705842*CONT
*CONT   -100.00000000000
GRID*               1174                -249.63356124887 38.290433136754*CONT
*CONT   0.28382445082483
GRID*               1175                -258.94389534598 78.391152364976*CONT
*CONT    9.9010445219480
GRID*               1176                -257.86011186442 106.76834064366*CONT
*CONT    55.022167370958
GRID*               1177                -261.10736027562 22.004271823604*CONT
*CONT   -48.859667557660
GRID*               1178                -227.24197465634 81.274006341975*CONT
*CONT   -36.956856391745
GRID*               1179                -258.24311492463 62.339721305011*CONT
*CONT   -62.098768617157
GRID*               1180                -204.51937099148 112.71802123257*CONT
*CONT   -25.245573142455
GRID*               1181                -231.26804615170 115.63700317099*CONT
*CONT   -68.478428195877
GRID*               1182                -236.38680021729 115.60494641289*CONT
*CONT   -2.8636542746921
GRID*               1183                -205.47243392450 150.00000000000*CONT
*CONT   -51.058795186561
GRID*               1184                -235.29411764706 150.00000000001*CONT
*CONT   -100.00000000001
GRID*               1185                -268.25422944309 118.49187159320*CONT
*CONT    19.518264593071
GRID*               1186                -234.64207880577 150.00000000000*CONT
*CONT    1.1352978032994
GRID*               1187                -294.90923074906-22.822662564430*CONT
*CONT   -50.000000000000
GRID*               1188                -263.783112510270.86345778172059*CONT
*CONT   -100.00000000000
GRID*               1189                -327.60167419806-60.608868516520*CONT
*CONT   -56.049384308579
GRID*               1190                -294.11764705883-46.790148937221*CONT
*CONT   -100.00000000000
GRID*               1191                -323.52941176471-98.395074468611*CONT
*CONT   -100.00000000000
GRID*               1192                -287.06540454968-0.0208768518427*CONT
*CONT   -9.7975712850711
GRID*               1193                -314.93192306179-26.491996923323*CONT
*CONT   -18.549384308577
GRID*               1194                -238.45762223306 50.671476322629*CONT
*CONT    100.00000000000
GRID*               1195                -276.25406240530 43.773509991691*CONT
*CONT    43.950615691421
GRID*               1196                -298.78359725985 44.064283497378*CONT
*CONT    18.950615691421
GRID*               1197                -270.47997237913 71.084292230151*CONT
*CONT    71.975307845711
GRID*               1198                -264.70588235295 98.395074468611*CONT
*CONT    100.00000000000
GRID*               1199                -300.59457854688-63.481438153513*CONT
*CONT    60.881496973605
GRID*               1200                -304.82855965609-6.5694260527771*CONT
*CONT    47.654225082115
GRID*               1201                -265.98497350552 1.1128663938064*CONT
*CONT    100.00000000000
GRID*               1202                -323.52941176471-150.00000000000*CONT
*CONT   -48.395074468628
GRID*               1203                -352.94117647059-150.00000000001*CONT
*CONT   -100.00000000001
GRID*               1204                -323.52941176471-150.00000000000*CONT
*CONT    48.395074468628
GRID*               1205                -342.41689980261-58.561507339551*CONT
*CONT   -9.4855128578325
GRID*               1206                -334.95461537453-30.161331282215*CONT
*CONT    12.901231382846
GRID*               1207                -318.70446931962-66.162837095109*CONT
*CONT    32.393238332152
GRID*               1208                -316.01597178354-79.255038933455*CONT
*CONT    65.732217517182
GRID*               1209                -349.98912659075-96.275966591925*CONT
*CONT    13.168041961946
GRID*               1210                -294.11764705883-46.790148937221*CONT
*CONT    100.00000000000
GRID*               1211                -343.84894796128-114.75098574628*CONT
*CONT    46.172845080026
GRID*               1212                -323.52941176471-98.395074468611*CONT
*CONT    100.00000000000
GRID*               1213                -340.41274248097-83.208422182907*CONT
*CONT    79.763694929833
GRID*               1214                -352.94117647059-150.00000000001*CONT
*CONT    100.00000000001
GRID*               1215                -352.94117647059-150.00000000000*CONT
*CONT    3.2098510627450
GRID*               1216                -361.99498813969-97.965740362213*CONT
*CONT   -21.047803833768
GRID*               1217                -360.29411764706-98.395074468611*CONT
*CONT   -62.098768617157
GRID*               1218                -267.13083908282 150.00000000000*CONT
*CONT    49.531917843715
GRID*               1219                -297.99201356962 118.49187159320*CONT
*CONT    68.950615691426
GRID*               1220                -294.11764705882 150.00000000001*CONT
*CONT    100.00000000001
GRID*               1221                -264.70588235295 98.395074468611*CONT
*CONT   -100.00000000000
GRID*               1222                -287.35147885280 37.211057744803*CONT
*CONT   -34.103428195872
GRID*               1223                -296.56040564328 51.036739880651*CONT
*CONT   -100.00000000000
GRID*               1224                -280.20334839612 75.572411904181*CONT
*CONT   -24.197537234314
GRID*               1225                -301.86638008041 86.983743186396*CONT
*CONT    37.901231382843
GRID*               1226                -324.94868697949 25.661472916371*CONT
*CONT   -56.049384308577
GRID*               1227                -317.99462082603 54.845170030370*CONT
*CONT   -18.348768617157
GRID*               1228                -272.45461537453 112.78620595209*CONT
*CONT   -36.296305851471
GRID*               1229                -301.86638008041 86.983743186396*CONT
*CONT   -62.098768617157
GRID*               1230                -264.70588235295 150.00000000000*CONT
*CONT   -48.395074468628
GRID*               1231                -294.11764705882 150.00000000001*CONT
*CONT   -100.00000000001
GRID*               1232                -298.40110798945 118.49187159320*CONT
*CONT    20.539309932005
GRID*               1233                -294.93583589848 150.00000000000*CONT
*CONT    3.1773884811679
GRID*               1234                -381.28442547252-119.70973616975*CONT
*CONT    8.4115159087946
GRID*               1235                -372.41634328453-91.750256549704*CONT
*CONT    16.528167972832
GRID*               1236                -338.73003392404-23.037317028498*CONT
*CONT   -53.024692154289
GRID*               1237                -325.41665537304 1.1767812229160*CONT
*CONT   -100.00000000000
GRID*               1238                -371.42247737305-60.823522980588*CONT
*CONT   -59.074076462867
GRID*               1239                -382.55083709903-23.251971492566*CONT
*CONT   -56.049384308577
GRID*               1240                -352.94117647059-46.790148937221*CONT
*CONT   -100.00000000000
GRID*               1241                -382.35294117647-98.395074468611*CONT
*CONT   -100.00000000000
GRID*               1242                -391.59359162770-53.806835958905*CONT
*CONT   -29.537038231434
GRID*               1243                -373.35966062844-38.475740109718*CONT
*CONT    6.4506156914231
GRID*               1244                -353.336968315710.28620595209029*CONT
*CONT   -12.098768617155
GRID*               1245                -326.06028278778 22.175244724734*CONT
*CONT    3.4259235371333
GRID*               1246                -327.79957012062 68.376846162441*CONT
*CONT    25.000000000000
GRID*               1247                -327.40377827550 66.886946061809*CONT
*CONT    68.950615691421
GRID*               1248                -299.01142103720 49.784624475193*CONT
*CONT    100.00000000000
GRID*               1249                -320.81618896584 40.458286951843*CONT
*CONT    71.975307845711
GRID*               1250                -342.62095689449 31.131949428493*CONT
*CONT    43.950615691421
GRID*               1251                -323.52941176471 98.395074468611*CONT
*CONT    100.00000000000
GRID*               1252                -391.63273512908-73.089421770987*CONT
*CONT    9.2130767935734
GRID*               1253                -348.76380582457-13.448595261028*CONT
*CONT    48.487653922856
GRID*               1254                -336.24257629854-40.081343924466*CONT
*CONT    64.851296765716
GRID*               1255                -324.55200429680 1.0826184362850*CONT
*CONT    100.00000000000
GRID*               1256                -382.35294117647-150.00000000000*CONT
*CONT   -48.395074468628
GRID*               1257                -411.76470588235-150.00000000001*CONT
*CONT   -100.00000000001
GRID*               1258                -382.35294117647-150.00000000000*CONT
*CONT    48.395074468628
GRID*               1259                -362.80113050125-65.794874463032*CONT
*CONT    46.354444076134
GRID*               1260                -352.94117647059-46.790148937221*CONT
*CONT    100.00000000000
GRID*               1261                -403.67426176691-111.22489018989*CONT
*CONT    48.384694175276
GRID*               1262                -382.35294117647-98.395074468611*CONT
*CONT    100.00000000000
GRID*               1263                -411.76470588235-150.00000000001*CONT
*CONT    100.00000000001
GRID*               1264                -411.76470588234-150.00000000000*CONT
*CONT    3.2098510627662
GRID*               1265                -400.56858961374-101.65819684626*CONT
*CONT   -24.370001002517
GRID*               1266                -414.87997238231-93.469048985193*CONT
*CONT   -61.360822327735
GRID*               1267                -340.17247737305 95.542241648057*CONT
*CONT    65.524692154289
GRID*               1268                -323.52941176471 150.00000000000*CONT
*CONT    48.395074468628
GRID*               1269                -352.94117647059 150.00000000001*CONT
*CONT    100.00000000001
GRID*               1270                -323.52941176471 98.395074468611*CONT
*CONT   -100.00000000000
GRID*               1271                -367.05223093129 19.614726537067*CONT
*CONT   -55.293211270005
GRID*               1272                -404.60966062844 30.590640210350*CONT
*CONT   -18.549384308579
GRID*               1273                -337.20564439220 65.626056563361*CONT
*CONT   -55.648152925735
GRID*               1274                -352.94117647059 46.790148937222*CONT
*CONT   -100.00000000000
GRID*               1275                -316.57226243335 112.78620595209*CONT
*CONT   -10.493843085785
GRID*               1276                -356.61444909514 91.975102224345*CONT
*CONT    30.128026925021
GRID*               1277                -360.68990949218 61.181280420701*CONT
*CONT   -12.098768617157
GRID*               1278                -349.46260180491 105.59064021035*CONT
*CONT   -55.246921542892
GRID*               1279                -323.52941176471 150.00000000000*CONT
*CONT   -48.395074468628
GRID*               1280                -352.94117647059 150.00000000001*CONT
*CONT   -100.00000000001
GRID*               1281                -352.94117647059 150.00000000000*CONT
*CONT    3.2098510627450
GRID*               1282                -410.46024038272-16.611084389729*CONT
*CONT   -27.268519115717
GRID*               1283                -411.76470588235-46.790148937221*CONT
*CONT   -50.000000000000
GRID*               1284                -432.22465813499-103.18106158094*CONT
*CONT    7.2710285174338
GRID*               1285                -429.70297672496-73.497828381740*CONT
*CONT   -23.040556150542
GRID*               1286                -409.15577488310 13.567980157763*CONT
*CONT   -54.537038231433
GRID*               1287                -384.25878633568-0.5185582428718*CONT
*CONT   -100.00000000000
GRID*               1288                -443.18781073175-5.4862992506576*CONT
*CONT   -60.131173038572
GRID*               1289                -411.76470588235-46.790148937221*CONT
*CONT   -100.00000000000
GRID*               1290                -441.17647058824-98.395074468611*CONT
*CONT   -100.00000000000
GRID*               1291                -411.76470588235-46.790148937221*CONT
*CONT   -2.775557561E-14
GRID*               1292                -387.40120228111-28.010911644378*CONT
*CONT    46.975307845712
GRID*               1293                -396.00543145478 1.2898642829861*CONT
*CONT    14.212961768567
GRID*               1294                -385.66191494827 42.330714312255*CONT
*CONT    18.950615691421
GRID*               1295                -380.76350519326 67.892445324708*CONT
*CONT    60.014969758613
GRID*               1296                -352.94117647059 46.790148937221*CONT
*CONT    100.00000000000
GRID*               1297                -373.90194634731 12.114421371058*CONT
*CONT    57.534721326425
GRID*               1298                -382.35294117647 98.395074468611*CONT
*CONT    100.00000000000
GRID*               1299                -411.19931314336 60.937611336210*CONT
*CONT    37.098768617157
GRID*               1300                -426.47058823529-72.592611702916*CONT
*CONT    50.000000000000
GRID*               1301                -380.091370220490.17014747039631*CONT
*CONT    100.00000000000
GRID*               1302                -405.18293580013-6.9031066863778*CONT
*CONT    71.118826961428
GRID*               1303                -434.59254450567 16.512155048215*CONT
*CONT    14.862243692429
GRID*               1304                -441.17647058824-150.00000000000*CONT
*CONT   -48.395074468610
GRID*               1305                -470.58823529412-150.00000000001*CONT
*CONT   -100.00000000001
GRID*               1306                -444.85294117647-104.84569016003*CONT
*CONT    55.648152925736
GRID*               1307                -441.17647058824-150.00000000000*CONT
*CONT    48.395074468628
GRID*               1308                -456.61021387341-21.708692295252*CONT
*CONT    3.4551448954376
GRID*               1309                -411.76470588235-46.790148937221*CONT
*CONT    100.00000000000
GRID*               1310                -463.23529411765-59.691380320069*CONT
*CONT    25.000000000000
GRID*               1311                -470.58823529412-98.395074468611*CONT
*CONT    24.197537234314
GRID*               1312                -467.86274299200-64.389164679399*CONT
*CONT    66.608797789293
GRID*               1313                -441.17647058824-98.395074468611*CONT
*CONT    100.00000000000
GRID*               1314                -485.29411764706-98.395074468611*CONT
*CONT    62.098768617157
GRID*               1315                -470.58823529412-150.00000000001*CONT
*CONT    100.00000000001
GRID*               1316                -449.39717925661-69.110615877219*CONT
*CONT   -62.920752064732
GRID*               1317                -470.58823529411-150.00000000000*CONT
*CONT    3.2098510627642
GRID*               1318                -482.55094008999-118.13649350576*CONT
*CONT   -12.648694416707
GRID*               1319                -465.66807162488-100.84500978359*CONT
*CONT   -39.633682211004
GRID*               1320                -470.13540944664-102.87393870584*CONT
*CONT   -71.401397994669
GRID*               1321                -382.13952963036 122.73070532613*CONT
*CONT    48.895685436881
GRID*               1322                -420.98058911063 94.963258878459*CONT
*CONT    61.357541619503
GRID*               1323                -382.35294117647 150.00000000000*CONT
*CONT    48.395074468628
GRID*               1324                -411.76470588235 150.00000000001*CONT
*CONT    100.00000000001
GRID*               1325                -382.35294117647 98.395074468611*CONT
*CONT   -100.00000000000
GRID*               1326                -448.52941176471-3.122502256E-14*CONT
*CONT   -25.000000000000
GRID*               1327                -441.17647058824 46.790148937221*CONT
*CONT   -1.387778780E-14
GRID*               1328                -470.12542817724 19.408956800721*CONT
*CONT   -0.9626382316019
GRID*               1329                -411.76470588235 46.790148937221*CONT
*CONT   -100.00000000000
GRID*               1330                -435.76071266716 50.387931808091*CONT
*CONT   -53.024692154289
GRID*               1331                -409.35279437989 73.333501889206*CONT
*CONT   -10.504699116348
GRID*               1332                -391.98912878282 65.306334481981*CONT
*CONT   -57.157644675407
GRID*               1333                -379.53377413895 113.06358272627*CONT
*CONT   -9.1785615168281
GRID*               1334                -407.85556760999 103.23506317020*CONT
*CONT    22.975617171574
GRID*               1335                -386.58530287927 96.978019175738*CONT
*CONT   -41.690424990268
GRID*               1336                -382.35294117647 150.00000000000*CONT
*CONT   -48.395074468628
GRID*               1337                -411.76470588235 150.00000000001*CONT
*CONT   -100.00000000001
GRID*               1338                -446.56027097385 95.347233250135*CONT
*CONT    16.538220794583
GRID*               1339                -411.76470588235 150.00000000000*CONT
*CONT    3.2098510627572
GRID*               1340                -452.20588235294-49.197537234305*CONT
*CONT   -31.450615691421
GRID*               1341                -476.57765415285-78.518430114988*CONT
*CONT   -18.041283714682
GRID*               1342                -489.181121166870.40898772867815*CONT
*CONT   -26.197327559320
GRID*               1343                -481.25698211373 11.124785139072*CONT
*CONT   -57.862653922855
GRID*               1344                -443.14172953155-0.3698105529203*CONT
*CONT   -100.00000000000
GRID*               1345                -477.21984658040-24.540578659078*CONT
*CONT   -65.725307845711
GRID*               1346                -470.58823529412-46.790148937221*CONT
*CONT   -100.00000000000
GRID*               1347                -500.00000000000-98.395074468611*CONT
*CONT   -100.00000000000
GRID*               1348                -502.07519283573 3.8992701506214*CONT
*CONT   -3.6709129395715
GRID*               1349                -430.27450137977-13.976360843152*CONT
*CONT    42.237653922856
GRID*               1350                -410.63392040436 23.480148203809*CONT
*CONT    50.000000000000
GRID*               1351                -411.76470588235 46.790148937221*CONT
*CONT    100.00000000000
GRID*               1352                -441.17647058824 98.395074468611*CONT
*CONT    100.00000000000
GRID*               1353                -455.87082045104 46.547340593907*CONT
*CONT    46.922875720628
GRID*               1354                -486.09617943131 8.1841598354116*CONT
*CONT    19.187904596590
GRID*               1355                -450.43136833694-30.383254890187*CONT
*CONT    71.118826961428
GRID*               1356                -438.918564696010.16308552628938*CONT
*CONT    100.00000000000
GRID*               1357                -476.36206270552 4.4838091953121*CONT
*CONT    45.938986945285
GRID*               1358                -500.00000000000-150.00000000000*CONT
*CONT   -48.395074468608
GRID*               1359                -529.41176470588-150.00000000001*CONT
*CONT   -100.00000000001
GRID*               1360                -500.00000000000-150.00000000000*CONT
*CONT    48.395074468608
GRID*               1361                -500.00000000000-46.790148937221*CONT
*CONT   1.3877787807E-14
GRID*               1362                -486.83513120214-27.322654043312*CONT
*CONT    48.022546836631
GRID*               1363                -509.19117647058-104.84569016003*CONT
*CONT    15.015424534257
GRID*               1364                -513.98754594880-6.6443691542496*CONT
*CONT    27.809860896873
GRID*               1365                -470.58823529412-46.790148937221*CONT
*CONT    100.00000000000
GRID*               1366                -500.00000000000-72.592611702916*CONT
*CONT    62.098768617157
GRID*               1367                -544.11764705882-98.395074468611*CONT
*CONT    37.901231382843
GRID*               1368                -522.05882352941-98.395074468611*CONT
*CONT    68.950615691421
GRID*               1369                -500.00000000000-98.395074468611*CONT
*CONT    100.00000000000
GRID*               1370                -529.41176470588-150.00000000001*CONT
*CONT    100.00000000001
GRID*               1371                -496.37869565801-70.652208249404*CONT
*CONT   -60.918090157759
GRID*               1372                -474.09577232830 72.245709802953*CONT
*CONT   -22.849565502498
GRID*               1373                -529.41176470590-150.00000000000*CONT
*CONT    3.2098510627552
GRID*               1374                -527.26034895831-97.449473956289*CONT
*CONT   -25.175379519591
GRID*               1375                -522.79627861857-101.45381493315*CONT
*CONT   -66.021327905264
GRID*               1376                -488.97058823529 72.592611702916*CONT
*CONT    25.401231382844
GRID*               1377                -477.94117647058 98.395074468611*CONT
*CONT    50.802462765689
GRID*               1378                -441.17647058824 150.00000000000*CONT
*CONT    48.395074468610
GRID*               1379                -470.58823529412 150.00000000001*CONT
*CONT    100.00000000001
GRID*               1380                -537.32315858431-24.569673638115*CONT
*CONT   -3.0246921542893
GRID*               1381                -498.30017596730 44.784245498245*CONT
*CONT   0.63374554406849
GRID*               1382                -514.87341816353 42.844988524239*CONT
*CONT   -26.432099800575
GRID*               1383                -441.17647058824 98.395074468611*CONT
*CONT   -100.00000000000
GRID*               1384                -466.28358761187 74.989814640837*CONT
*CONT   -54.097345245004
GRID*               1385                -485.29411764706 46.790148937221*CONT
*CONT   -50.000000000000
GRID*               1386                -470.58823529412 46.790148937221*CONT
*CONT   -100.00000000000
GRID*               1387                -511.62201124733 66.946182593456*CONT
*CONT   -55.677609716114
GRID*               1388                -436.94833208247 108.95373920879*CONT
*CONT   -40.941729984881
GRID*               1389                -495.04339220193 94.569266858388*CONT
*CONT   -43.536849682875
GRID*               1390                -441.17647058824 150.00000000000*CONT
*CONT   -48.395074468628
GRID*               1391                -470.58823529412 150.00000000001*CONT
*CONT   -100.00000000001
GRID*               1392                -500.19245382558 100.49210580804*CONT
*CONT   0.05070624850194
GRID*               1393                -470.58823529410 150.00000000000*CONT
*CONT    3.2098510627552
GRID*               1394                -513.42609976078-36.267210872421*CONT
*CONT   -49.799384308579
GRID*               1395                -526.699685986340.49986992816261*CONT
*CONT   -37.398640246249
GRID*               1396                -524.03753917082 21.568201921775*CONT
*CONT   -68.604647575859
GRID*               1397                -502.233810807850.11637991614910*CONT
*CONT   -100.00000000000
GRID*               1398                -558.82352941176-72.592611702916*CONT
*CONT   -12.098768617157
GRID*               1399                -529.41176470588-46.790148937221*CONT
*CONT   -100.00000000000
GRID*               1400                -558.82352941176-98.395074468611*CONT
*CONT   -100.00000000000
GRID*               1401                -529.39742488346 23.418834762163*CONT
*CONT   0.20126795555426
GRID*               1402                -471.86801788627 23.424169447648*CONT
*CONT    68.750000000000
GRID*               1403                -470.58823529412 46.790148937221*CONT
*CONT    100.00000000000
GRID*               1404                -500.00000000000 98.395074468611*CONT
*CONT    100.00000000000
GRID*               1405                -508.97352455496 41.577303578457*CONT
*CONT    47.024652062283
GRID*               1406                -551.47058823529-1.387778780E-14*CONT
*CONT    25.000000000000
GRID*               1407                -522.78015341960-24.540578659078*CONT
*CONT    65.725307845711
GRID*               1408                -497.766189192140.11637991614898*CONT
*CONT    100.00000000000
GRID*               1409                -518.74301788627 11.124785139072*CONT
*CONT    57.862653922855
GRID*               1410                -558.82352941176-150.00000000000*CONT
*CONT   -48.395074468628
GRID*               1411                -588.23529411765-150.00000000001*CONT
*CONT   -100.00000000001
GRID*               1412                -573.52941176470-98.395074468611*CONT
*CONT    6.8518470742689
GRID*               1413                -558.82352941176-150.00000000000*CONT
*CONT    48.395074468628
GRID*               1414                -547.79411764705-49.197537234305*CONT
*CONT    31.450615691421
GRID*               1415                -529.41176470588-46.790148937221*CONT
*CONT    100.00000000000
GRID*               1416                -553.30882352941-73.796305851458*CONT
*CONT    65.725307845711
GRID*               1417                -577.20588235293-111.29630585146*CONT
*CONT    55.246921542893
GRID*               1418                -593.32153398570-72.970734939557*CONT
*CONT    60.445870979988
GRID*               1419                -558.82352941176-98.395074468611*CONT
*CONT    100.00000000000
GRID*               1420                -588.23529411765-150.00000000001*CONT
*CONT    100.00000000001
GRID*               1421                -558.82352941176-46.790148937221*CONT
*CONT   -50.000000000000
GRID*               1422                -529.41176470587 72.592611702916*CONT
*CONT   -24.197537234311
GRID*               1423                -588.67449698475-150.00000000000*CONT
*CONT    3.1975430263183
GRID*               1424                -601.97258484288-21.596183033176*CONT
*CONT    23.487653922855
GRID*               1425                -588.23529411764-46.790148937221*CONT
*CONT   -2.081668171E-14
GRID*               1426                -578.81870008792-105.25470169099*CONT
*CONT   -48.337236042897
GRID*               1427                -603.84557328624-93.010859066346*CONT
*CONT   -22.446297643216
GRID*               1428                -536.76470588235 66.141996011492*CONT
*CONT    24.999999999998
GRID*               1429                -526.47973985122 99.031380577185*CONT
*CONT    53.270788871547
GRID*               1430                -500.00000000000 150.00000000000*CONT
*CONT    48.395074468608
GRID*               1431                -529.41176470588 150.00000000001*CONT
*CONT    100.00000000001
GRID*               1432                -570.31244591715 3.6268778499072*CONT
*CONT   -21.774692154289
GRID*               1433                -555.34737301710 48.178294560881*CONT
*CONT   -2.3966763125460
GRID*               1434                -557.51597801128 81.968169562001*CONT
*CONT    2.2300222912996
GRID*               1435                -547.90430075227 45.629835150856*CONT
*CONT   -43.334872642289
GRID*               1436                -500.00000000000 98.395074468611*CONT
*CONT   -100.00000000000
GRID*               1437                -549.17238647786 52.178739508813*CONT
*CONT   -74.185227448375
GRID*               1438                -529.41176470588 46.790148937221*CONT
*CONT   -100.00000000000
GRID*               1439                -534.50266639226 98.610398565107*CONT
*CONT   -44.886751344447
GRID*               1440                -500.00000000000 150.00000000000*CONT
*CONT   -48.395074468608
GRID*               1441                -529.41176470588 150.00000000001*CONT
*CONT   -100.00000000001
GRID*               1442                -529.41176470590 150.00000000000*CONT
*CONT    3.2098510627552
GRID*               1443                -566.15469781299-0.8997937359572*CONT
*CONT   -66.413363960980
GRID*               1444                -561.081435303980.16308552628962*CONT
*CONT   -100.00000000000
GRID*               1445                -595.99939437863-73.483428647561*CONT
*CONT   -58.477794198107
GRID*               1446                -588.23529411764-46.790148937221*CONT
*CONT   -100.00000000000
GRID*               1447                -617.64705882352-98.395074468611*CONT
*CONT   -100.00000000000
GRID*               1448                -589.00598982278 28.791748774916*CONT
*CONT    20.462961768566
GRID*               1449                -561.89428843806 51.005966498602*CONT
*CONT    44.785791404520
GRID*               1450                -529.41176470588 46.790148937221*CONT
*CONT    100.00000000000
GRID*               1451                -558.82352941176 98.395074468611*CONT
*CONT    100.00000000000
GRID*               1452                -567.04611425465 13.496428669740*CONT
*CONT    54.737653922855
GRID*               1453                -569.85294117646-23.395074468611*CONT
*CONT    62.500000000000
GRID*               1454                -556.85827046845-0.3698105529204*CONT
*CONT    100.00000000000
GRID*               1455                -647.05882352941-150.00000000001*CONT
*CONT   -100.00000000001
GRID*               1456                -617.64705882352-150.00000000000*CONT
*CONT   -48.395074468610
GRID*               1457                -610.44538871586-95.177536773287*CONT
*CONT    25.820032428936
GRID*               1458                -625.21434789197-53.699508726871*CONT
*CONT   0.23803741282448
GRID*               1459                -628.78364453422-95.399138672012*CONT
*CONT   -6.3315969850070
GRID*               1460                -617.64705882352-150.00000000000*CONT
*CONT    48.395074468628
GRID*               1461                -616.81230079727-47.375226448443*CONT
*CONT    47.336415396701
GRID*               1462                -588.23529411764-46.790148937221*CONT
*CONT    100.00000000000
GRID*               1463                -620.26268384136-73.676034840835*CONT
*CONT    65.094615529908
GRID*               1464                -617.70179611192-104.96637237360*CONT
*CONT    71.604411096370
GRID*               1465                -617.64705882352-98.395074468611*CONT
*CONT    100.00000000000
GRID*               1466                -647.05882352941-150.00000000001*CONT
*CONT    100.00000000001
GRID*               1467                -592.85697832436 24.607048803144*CONT
*CONT   -51.494314131349
GRID*               1468                -593.97975237033-21.581635543657*CONT
*CONT   -35.887346077145
GRID*               1469                -615.70987556812 3.5977828708699*CONT
*CONT    46.975307845711
GRID*               1470                -575.21274367540 94.517893568480*CONT
*CONT   -27.536387677866
GRID*               1471                -647.94702430806-150.00000000000*CONT
*CONT    3.1851625967944
GRID*               1472                -676.47058823528-150.00000000000*CONT
*CONT   -48.395074468628
GRID*               1473                -613.77269231273 7.1955657417398*CONT
*CONT   -6.0493843085785
GRID*               1474                -638.34149888012-21.309977081085*CONT
*CONT    23.487653922855
GRID*               1475                -620.08890766423-54.653121430620*CONT
*CONT   -41.996415284237
GRID*               1476                -633.57708281468-93.257019374880*CONT
*CONT   -63.026368573505
GRID*               1477                -638.34149888012-21.309977081086*CONT
*CONT   -26.512346077145
GRID*               1478                -575.97459868274 107.66413821088*CONT
*CONT    44.804470807792
GRID*               1479                -558.82352941176 150.00000000000*CONT
*CONT    48.395074468628
GRID*               1480                -588.23529411765 150.00000000001*CONT
*CONT    100.00000000001
GRID*               1481                -603.12492487880 45.764125773280*CONT
*CONT   -15.324076462866
GRID*               1482                -611.74696274421 70.237278264416*CONT
*CONT    14.232549489881
GRID*               1483                -636.40431562472 29.077954727006*CONT
*CONT    20.462961768566
GRID*               1484                -577.44176116277 69.131765000302*CONT
*CONT   -64.224688985003
GRID*               1485                -558.82352941176 98.395074468611*CONT
*CONT   -100.00000000000
GRID*               1486                -588.23529411764 46.790148937221*CONT
*CONT   -100.00000000000
GRID*               1487                -597.28749428310 107.53631335212*CONT
*CONT   -60.589691576018
GRID*               1488                -558.82352941176 150.00000000000*CONT
*CONT   -48.395074468628
GRID*               1489                -588.23529411765 150.00000000001*CONT
*CONT   -100.00000000001
GRID*               1490                -588.23529411764 150.00000000000*CONT
*CONT    3.2098510627572
GRID*               1491                -705.88235294118-150.00000000001*CONT
*CONT   -100.00000000001
GRID*               1492                -629.12506432981-10.569914805344*CONT
*CONT   -63.256173038572
GRID*               1493                -619.908629779500.17014747039654*CONT
*CONT   -100.00000000000
GRID*               1494                -647.05882352940-46.790148937222*CONT
*CONT   -100.00000000000
GRID*               1495                -676.47058823528-98.395074468611*CONT
*CONT   -100.00000000000
GRID*               1496                -614.75695298852 26.733578218045*CONT
*CONT    71.975307845711
GRID*               1497                -613.77269231273 53.985714678961*CONT
*CONT    43.950615691421
GRID*               1498                -588.23529411764 46.790148937221*CONT
*CONT    100.00000000000
GRID*               1499                -617.64705882352 98.395074468611*CONT
*CONT    100.00000000000
GRID*               1500                -615.74121366431-0.5185582428717*CONT
*CONT    100.00000000000
GRID*               1501                -678.29736227294-107.52609611396*CONT
*CONT   -58.262221548225
GRID*               1502                -662.19340166631-60.608868516520*CONT
*CONT   0.47607482564898
GRID*               1503                -653.49988870234-93.609680891444*CONT
*CONT   -26.431651811197
GRID*               1504                -654.62611259785-92.403202875413*CONT
*CONT    37.336806029982
GRID*               1505                -684.69736275860-105.30443425826*CONT
*CONT    1.8194156974668
GRID*               1506                -676.47058823528-150.00000000000*CONT
*CONT    48.395074468610
GRID*               1507                -655.43133383807-34.641771561786*CONT
*CONT    59.334201507495
GRID*               1508                -651.37266747283-69.411197388412*CONT
*CONT    68.072191646292
GRID*               1509                -647.05882352940-46.790148937221*CONT
*CONT    100.00000000000
GRID*               1510                -676.47058823528-98.395074468611*CONT
*CONT    100.00000000000
GRID*               1511                -705.88235294118-150.00000000001*CONT
*CONT    100.00000000001
GRID*               1512                -617.24385993482 62.736502771645*CONT
*CONT   -51.111114694299
GRID*               1513                -639.83661990193 35.000477321776*CONT
*CONT   -66.331019115717
GRID*               1514                -632.61441627445 23.210805706330*CONT
*CONT   -32.662038231433
GRID*               1515                -657.53934047615 7.4108190869881*CONT
*CONT    50.941832594655
GRID*               1516                -616.67846719582 100.19396590405*CONT
*CONT   -14.012346077146
GRID*               1517                -710.76612718523-125.75029623343*CONT
*CONT   -22.745187342672
GRID*               1518                -707.20132385089-150.00000000000*CONT
*CONT    3.1627565692847
GRID*               1519                -735.29411764704-150.00000000000*CONT
*CONT   -48.395074468610
GRID*               1520                -679.49145212997-17.483602158650*CONT
*CONT    15.399453731574
GRID*               1521                -659.03593893672 4.1701947750505*CONT
*CONT   -3.0246921542893
GRID*               1522                -666.48793181982-47.966825856943*CONT
*CONT   -52.000828748987
GRID*               1523                -683.12945334313-18.774916752140*CONT
*CONT   -24.940490646794
GRID*               1524                -662.103907670110.65748563937886*CONT
*CONT   -50.000000000000
GRID*               1525                -639.27259526096 101.36432549772*CONT
*CONT    46.968837825546
GRID*               1526                -617.64705882352 150.00000000000*CONT
*CONT    48.395074468610
GRID*               1527                -647.05882352941 150.00000000001*CONT
*CONT    100.00000000001
GRID*               1528                -639.31009050782 61.181280420701*CONT
*CONT   -12.098768617157
GRID*               1529                -659.58727746465 53.400913773629*CONT
*CONT    45.008206268598
GRID*               1530                -670.04834882298 84.447608051383*CONT
*CONT    28.024692154285
GRID*               1531                -673.78760359723 26.843516527991*CONT
*CONT    14.752664402252
GRID*               1532                -617.64705882352 98.395074468611*CONT
*CONT   -100.00000000000
GRID*               1533                -647.05882352940 46.790148937222*CONT
*CONT   -100.00000000000
GRID*               1534                -645.12164027401 101.99285733948*CONT
*CONT   -52.222229388598
GRID*               1535                -617.64705882352 150.00000000000*CONT
*CONT   -48.395074468628
GRID*               1536                -647.05882352941 150.00000000001*CONT
*CONT   -100.00000000001
GRID*               1537                -647.05882352938 150.00000000000*CONT
*CONT    3.2098510627540
GRID*               1538                -764.70588235294-150.00000000001*CONT
*CONT   -100.00000000001
GRID*               1539                -735.04716236879-105.33525896126*CONT
*CONT   -62.761617939257
GRID*               1540                -735.29411764704-98.395074468611*CONT
*CONT   -100.00000000000
GRID*               1541                -675.44799570320 1.0826184362850*CONT
*CONT   -100.00000000000
GRID*               1542                -705.88235294116-46.790148937221*CONT
*CONT   -100.00000000000
GRID*               1543                -647.05882352940 46.790148937222*CONT
*CONT    100.00000000000
GRID*               1544                -705.58734482272 77.701121231137*CONT
*CONT    70.652559987190
GRID*               1545                -676.47058823528 98.395074468611*CONT
*CONT    100.00000000000
GRID*               1546                -694.88299814210 18.667903946703*CONT
*CONT    71.728853929511
GRID*               1547                -674.58334462695 1.1767812229159*CONT
*CONT    100.00000000000
GRID*               1548                -688.78608055637-34.015883300343*CONT
*CONT    45.823247999008
GRID*               1549                -711.08307756187-76.743280562152*CONT
*CONT   -30.445655238083
GRID*               1550                -699.17245544064-67.518228306170*CONT
*CONT   0.71411223847347
GRID*               1551                -706.31104872513-86.411331282215*CONT
*CONT    50.476074825649
GRID*               1552                -764.70588235294-150.00000000001*CONT
*CONT    100.00000000001
GRID*               1553                -724.00415121745-112.46669087211*CONT
*CONT    9.8779718186309
GRID*               1554                -735.70146639706-150.00000000000*CONT
*CONT    48.411458909451
GRID*               1555                -744.51394262019-105.58277019920*CONT
*CONT   -25.222903221249
GRID*               1556                -705.88235294116-46.790148937221*CONT
*CONT    100.00000000000
GRID*               1557                -735.29411764704-98.395074468611*CONT
*CONT    100.00000000000
GRID*               1558                -800.57220084296-150.00000000000*CONT
*CONT    52.317081567593
GRID*               1559                -823.52941176471-150.00000000001*CONT
*CONT    100.00000000001
GRID*               1560                -670.14933473530 55.482952447947*CONT
*CONT   -56.049384308579
GRID*               1561                -689.54972718018 39.459710083216*CONT
*CONT   -13.595074941822
GRID*               1562                -724.38743072669-31.468607748285*CONT
*CONT    2.8828173752176
GRID*               1563                -702.87754691052 23.819281730280*CONT
*CONT    36.462142232741
GRID*               1564                -724.31572912295-5.2602995195087*CONT
*CONT    44.107973525607
GRID*               1565                -672.59622172450 105.59064021035*CONT
*CONT   -4.4444587771954
GRID*               1566                -768.00383286923-150.00000000000*CONT
*CONT    1.9042993025959
GRID*               1567                -774.47323933202-112.28197876743*CONT
*CONT   -36.795914695133
GRID*               1568                -799.79525934513-150.00000000000*CONT
*CONT   -50.393509843313
GRID*               1569                -823.52941176471-150.00000000001*CONT
*CONT   -100.00000000001
GRID*               1570                -713.615968601880.71033062735710*CONT
*CONT   -8.6148330859716
GRID*               1571                -706.27238342759-30.599165688059*CONT
*CONT   -49.761962587176
GRID*               1572                -709.75379500255 28.023114622466*CONT
*CONT   -53.024692154289
GRID*               1573                -745.25933692167-38.394075883612*CONT
*CONT   -23.522695209885
GRID*               1574                -750.44085918507-61.855817015497*CONT
*CONT   -49.523925174351
GRID*               1575                -709.11373665532 106.16986065251*CONT
*CONT    43.148152925736
GRID*               1576                -676.47058823528 150.00000000000*CONT
*CONT    48.395074468628
GRID*               1577                -705.88235294118 150.00000000001*CONT
*CONT    100.00000000001
GRID*               1578                -701.59089783075 67.540858009680*CONT
*CONT    17.066732230582
GRID*               1579                -739.21277106693 66.979214019883*CONT
*CONT    37.469486762138
GRID*               1580                -698.13361991958 86.983743186396*CONT
*CONT   -62.098768617157
GRID*               1581                -676.47058823528 98.395074468611*CONT
*CONT   -100.00000000000
GRID*               1582                -700.98857896279 49.784624475193*CONT
*CONT   -100.00000000000
GRID*               1583                -676.47058823528 150.00000000000*CONT
*CONT   -48.395074468610
GRID*               1584                -705.88235294118 150.00000000001*CONT
*CONT   -100.00000000001
GRID*               1585                -727.54538462546 112.78620595209*CONT
*CONT   -36.296305851471
GRID*               1586                -705.88235294118 150.00000000000*CONT
*CONT    3.2098510627663
GRID*               1587                -794.11764705880-98.395074468611*CONT
*CONT   -100.00000000000
GRID*               1588                -764.73020915516-49.284045935175*CONT
*CONT   -100.00000000000
GRID*               1589                -734.01502649447 1.1128663938065*CONT
*CONT   -100.00000000000
GRID*               1590                -732.72804431861 47.893208276021*CONT
*CONT    67.740868553088
GRID*               1591                -703.43959435672 51.036739880651*CONT
*CONT    100.00000000000
GRID*               1592                -736.79903410304 92.386580459542*CONT
*CONT    58.006841400351
GRID*               1593                -735.29411764704 98.395074468611*CONT
*CONT    100.00000000000
GRID*               1594                -736.216887489730.86345778172023*CONT
*CONT    100.00000000000
GRID*               1595                -793.91660451769-100.18441240824*CONT
*CONT    100.00000000000
GRID*               1596                -739.41718118054-50.998380116456*CONT
*CONT    48.791941161841
GRID*               1597                -742.88740141068-70.513954319593*CONT
*CONT    1.7808391024056
GRID*               1598                -761.78750581593-109.24054099775*CONT
*CONT    49.324748161138
GRID*               1599                -768.13037257397-110.76125988259*CONT
*CONT    6.2644167330022
GRID*               1600                -775.04431561727-74.923123828252*CONT
*CONT   -21.382654920446
GRID*               1601                -757.00377572259-24.036790696886*CONT
*CONT    23.885897763991
GRID*               1602                -774.60424999846-41.312711243634*CONT
*CONT   -5.7622747491143
GRID*               1603                -834.56928725694-150.00000000000*CONT
*CONT    1.5062935407512
GRID*               1604                -816.37147955481-107.18810971960*CONT
*CONT    24.009157154307
GRID*               1605                -765.57696507695-49.958037411216*CONT
*CONT    100.00000000000
GRID*               1606                -787.87354523480-68.481081995500*CONT
*CONT    50.238037412824
GRID*               1607                -840.32227439733-116.40407590204*CONT
*CONT    61.662908845122
GRID*               1608                -863.05000089461-150.00000000000*CONT
*CONT    54.625006420657
GRID*               1609                -817.59454790004-82.808151804080*CONT
*CONT    68.700811269586
GRID*               1610                -850.67663061065-99.273163260488*CONT
*CONT    100.00000000000
GRID*               1611                -882.35294117647-150.00000000001*CONT
*CONT    100.00000000001
GRID*               1612                -719.79665160388 75.572411904181*CONT
*CONT   -24.197537234314
GRID*               1613                -740.66951468540 63.121944113405*CONT
*CONT   -62.098768617157
GRID*               1614                -765.11632506640-7.0380156559454*CONT
*CONT   -3.1039756109362
GRID*               1615                -746.61401598761 25.279334141048*CONT
*CONT   -26.494231362374
GRID*               1616                -742.49103693914 44.393729326592*CONT
*CONT    5.6392382375637
GRID*               1617                -736.78311010663 10.802433146862*CONT
*CONT    9.3719982382827
GRID*               1618                -754.23782509121 27.960311969712*CONT
*CONT    38.749708081320
GRID*               1619                -775.97036372820-9.4723998213993*CONT
*CONT    51.580209564849
GRID*               1620                -733.03544299333 109.47803330230*CONT
*CONT    3.4259235371322
GRID*               1621                -803.88500403790-86.479516001732*CONT
*CONT   -62.598377460828
GRID*               1622                -819.06660424974-112.27284145306*CONT
*CONT   -15.316825382093
GRID*               1623                -828.87127004458-115.81850899163*CONT
*CONT   -54.454024218475
GRID*               1624                -862.02066510413-150.00000000000*CONT
*CONT   -50.874836691950
GRID*               1625                -882.35294117647-150.00000000001*CONT
*CONT   -100.00000000001
GRID*               1626                -852.29220146429-102.72000156626*CONT
*CONT   -100.00000000000
GRID*               1627                -941.17647058824-150.00000000001*CONT
*CONT   -100.00000000001
GRID*               1628                -757.86568056837 1.2760577896427*CONT
*CONT   -54.731731127684
GRID*               1629                -786.26656732751-28.454435556532*CONT
*CONT   -44.399696937541
GRID*               1630                -804.06751104477-40.038033046954*CONT
*CONT   -68.660735970191
GRID*               1631                -767.32140270007 106.16986065251*CONT
*CONT    44.439606337834
GRID*               1632                -735.29411764704 150.00000000000*CONT
*CONT    48.395074468610
GRID*               1633                -764.70588235294 150.00000000001*CONT
*CONT    100.00000000001
GRID*               1634                -762.62590834856 76.626734332785*CONT
*CONT    7.9484967105375
GRID*               1635                -785.44025992596 75.045773360197*CONT
*CONT    47.256032598457
GRID*               1636                -735.29411764704 98.395074468611*CONT
*CONT   -100.00000000000
GRID*               1637                -761.54237776693 50.671476322629*CONT
*CONT   -100.00000000000
GRID*               1638                -756.95714933134 112.78620595209*CONT
*CONT   -36.296305851471
GRID*               1639                -735.29411764704 150.00000000000*CONT
*CONT   -48.395074468628
GRID*               1640                -764.70588235294 150.00000000001*CONT
*CONT   -100.00000000001
GRID*               1641                -763.50056171826 150.00000000000*CONT
*CONT   0.57967087264814
GRID*               1642                -823.38555125797-50.759886407020*CONT
*CONT   -100.00000000000
GRID*               1643                -794.41732497890-0.0182702143901*CONT
*CONT   -100.00000000000
GRID*               1644                -763.71711854685 49.107030705842*CONT
*CONT    100.00000000000
GRID*               1645                -794.11764705880 98.395074468611*CONT
*CONT    100.00000000000
GRID*               1646                -863.03302063449-117.42667863471*CONT
*CONT   -12.477052878879
GRID*               1647                -797.28870498706-0.6832932339584*CONT
*CONT    100.00000000000
GRID*               1648                -821.76053132086-50.837367300478*CONT
*CONT    100.00000000000
GRID*               1649                -788.71682978800-63.040564077499*CONT
*CONT    13.206570703431
GRID*               1650                -815.68155034408-66.939893012895*CONT
*CONT   -28.883955942493
GRID*               1651                -805.49167168872-26.675531234932*CONT
*CONT    21.904350261335
GRID*               1652                -847.95177147975-85.206634050848*CONT
*CONT   -0.5371436965779
GRID*               1653                -804.59088315977-25.015429466444*CONT
*CONT   -12.497824483364
GRID*               1654                -905.03265005313-150.00000000000*CONT
*CONT    1.6228708823398
GRID*               1655                -871.46559713971-107.32879182978*CONT
*CONT    22.892544735185
GRID*               1656                -840.35742725421-66.634937419738*CONT
*CONT    40.134462754924
GRID*               1657                -818.56411569596-39.436271099861*CONT
*CONT    61.044221523809
GRID*               1658                -872.65428390105-82.472268888505*CONT
*CONT    59.125762497416
GRID*               1659                -896.24318369693-115.14088954888*CONT
*CONT    57.059095460655
GRID*               1660                -923.87530995339-150.00000000000*CONT
*CONT    56.749019936636
GRID*               1661                -941.17647058824-150.00000000001*CONT
*CONT    100.00000000001
GRID*               1662                -967.54371620018-150.00000000000*CONT
*CONT    63.948964982419
GRID*               1663                -868.89262154780-56.299824864990*CONT
*CONT    100.00000000000
GRID*               1664                -913.62913423417-98.336105483805*CONT
*CONT    100.00000000000
GRID*               1665                -1000.0000000000-150.00000000000*CONT
*CONT    100.00000000000
GRID*               1666                -779.18352534697 84.888970711327*CONT
*CONT   -65.452233295208
GRID*               1667                -830.81637045473-22.955713105585*CONT
*CONT   -47.132406568746
GRID*               1668                -768.08726344448 69.278993289276*CONT
*CONT   -30.904466590416
GRID*               1669                -785.08529885606 44.203335963253*CONT
*CONT   -49.927541140919
GRID*               1670                -802.16111585436 11.243094880229*CONT
*CONT   -33.037746758837
GRID*               1671                -785.62895787857 25.707110884030*CONT
*CONT    3.5906438885072
GRID*               1672                -803.55911715186 43.921686067889*CONT
*CONT    50.072458859081
GRID*               1673                -822.31748165667 7.2519618015232*CONT
*CONT    46.747698493636
GRID*               1674                -822.50356353151 88.226067299172*CONT
*CONT    49.993937744737
GRID*               1675                -781.06636616562 109.44394094254*CONT
*CONT    10.193493410841
GRID*               1676                -849.11940864891-56.840353871299*CONT
*CONT   -49.990876146054
GRID*               1677                -865.42800094240-91.701748015508*CONT
*CONT   -45.172565505841
GRID*               1678                -904.48252084921-118.72434456589*CONT
*CONT   -49.788878463062
GRID*               1679                -924.16879915769-150.00000000000*CONT
*CONT   -55.736335433871
GRID*               1680                -959.40574233311-150.00000000000*CONT
*CONT   -24.337715457095
GRID*               1681                -963.53259238377-150.00000000000*CONT
*CONT   -62.695653022803
GRID*               1682                -931.43035623475-120.78676819163*CONT
*CONT   -70.620092039099
GRID*               1683                -908.10948027363-106.20074731358*CONT
*CONT   -100.00000000000
GRID*               1684                -883.59869332102-52.710353525089*CONT
*CONT   -100.00000000000
GRID*               1685                -955.47579000087-110.41008793027*CONT
*CONT   -100.00000000000
GRID*               1686                -1000.0000000000-150.00000000000*CONT
*CONT   -100.00000000000
GRID*               1687                -822.36014582657 12.374475061063*CONT
*CONT   -71.723932363866
GRID*               1688                -792.88592032477 150.00000000000*CONT
*CONT    50.977981292824
GRID*               1689                -823.52941176471 150.00000000001*CONT
*CONT    100.00000000001
GRID*               1690                -804.90093812373 73.616431150810*CONT
*CONT    9.0110203722646
GRID*               1691                -794.81132963118 112.71802123257*CONT
*CONT   -24.052619516152
GRID*               1692                -818.18629965787 50.239548265516*CONT
*CONT   -100.00000000000
GRID*               1693                -790.27978724946 100.49894813338*CONT
*CONT   -100.00000000000
GRID*               1694                -794.11764705880 150.00000000000*CONT
*CONT   -48.395074468628
GRID*               1695                -823.52941176471 150.00000000001*CONT
*CONT   -100.00000000001
GRID*               1696                -822.72279603036 150.00000000000*CONT
*CONT   0.46745986311870
GRID*               1697                -857.73022039063 2.4274630945462*CONT
*CONT   -100.00000000000
GRID*               1698                -832.26409536637 50.766546486119*CONT
*CONT    67.501548188322
GRID*               1699                -825.86040289559 48.832706275473*CONT
*CONT    100.00000000000
GRID*               1700                -855.00510622532 98.515159094394*CONT
*CONT    100.00000000000
GRID*               1701                -853.42440881994-21.679087298154*CONT
*CONT    40.181162234759
GRID*               1702                -899.37779430001-94.131399482213*CONT
*CONT   -13.103295617706
GRID*               1703                -876.55332634551-62.289698409318*CONT
*CONT    22.770742665926
GRID*               1704                -838.772370597420.49568830659854*CONT
*CONT   -0.3100979829646
GRID*               1705                -858.62071887664-2.2458384933210*CONT
*CONT    100.00000000000
GRID*               1706                -857.73450652857-44.812968632297*CONT
*CONT   -7.9708001343264
GRID*               1707                -881.51060803746-23.359340986306*CONT
*CONT   -49.233806196485
GRID*               1708                -927.36281152592-119.32171710358*CONT
*CONT    9.1562569750002
GRID*               1709                -962.15218200166-150.00000000000*CONT
*CONT    24.237874159976
GRID*               1710                -1000.0000000000-150.00000000001*CONT
*CONT    50.000000000000
GRID*               1711                -1000.0000000000-150.00000000001*CONT
*CONT   -50.000000000000
GRID*               1712                -1000.0000000000-150.00000000001*CONT
*CONT   1.2434497875E-14
GRID*               1713                -917.63904866130-86.386676457475*CONT
*CONT    14.940561288658
GRID*               1714                -902.54924305582-62.983206307706*CONT
*CONT    58.392921038026
GRID*               1715                -875.92906772311-35.781911518248*CONT
*CONT    62.955666053867
GRID*               1716                -935.07115254566-90.981570254796*CONT
*CONT    55.548803560272
GRID*               1717                -965.40676915453-113.19691750256*CONT
*CONT    42.233503087789
GRID*               1718                -962.00591275697-108.73710076376*CONT
*CONT    100.00000000000
GRID*               1719                -1000.0000000000-115.40688485937*CONT
*CONT    63.833725298794
GRID*               1720                -965.90823630305-65.215446763867*CONT
*CONT    57.305084192752
GRID*               1721                -910.95786487935-34.358626366944*CONT
*CONT    100.00000000000
GRID*               1722                -956.77155285443-60.178045015170*CONT
*CONT    100.00000000000
GRID*               1723                -1000.0000000000-90.000000000000*CONT
*CONT    100.00000000001
GRID*               1724                -820.81234244231 87.843395129520*CONT
*CONT   -49.855082281838
GRID*               1725                -821.58624413444 50.108935095291*CONT
*CONT   -60.789507322852
GRID*               1726                -854.45604780007 21.871633350596*CONT
*CONT   -44.336100327406
GRID*               1727                -828.93559844915 48.307256635962*CONT
*CONT   -17.634306524734
GRID*               1728                -834.02594731970 40.333554191128*CONT
*CONT    22.614724979757
GRID*               1729                -859.32539717074 99.691735733263*CONT
*CONT    55.485865307569
GRID*               1730                -864.19930776960 25.991376864138*CONT
*CONT    42.793160406174
GRID*               1731                -855.53045390026 70.639181173420*CONT
*CONT    20.836459492896
GRID*               1732                -832.04881080915 116.01352452509*CONT
*CONT    25.421985286139
GRID*               1733                -907.99834794726-55.683001764675*CONT
*CONT   -49.088667892266
GRID*               1734                -922.47610192750-84.287495244600*CONT
*CONT   -39.305292579001
GRID*               1735                -957.10318017040-112.35759414922*CONT
*CONT   -22.574975544848
GRID*               1736                -1000.0000000000-109.49372908998*CONT
*CONT   -61.654908413484
GRID*               1737                -916.98581128665-44.973809802926*CONT
*CONT   -74.553983184715
GRID*               1738                -910.59352472584-12.307715833846*CONT
*CONT   -100.00000000000
GRID*               1739                -956.13319166504-76.160633545092*CONT
*CONT   -67.942858256889
GRID*               1740                -946.04901315517-56.529086313659*CONT
*CONT   -100.00000000000
GRID*               1741                -1000.0000000000-90.000000000000*CONT
*CONT   -100.00000000001
GRID*               1742                -867.19859696334 56.331373934279*CONT
*CONT   -100.00000000000
GRID*               1743                -846.11967268107 100.25074779389*CONT
*CONT   -100.00000000000
GRID*               1744                -852.48178022925 150.00000000000*CONT
*CONT    50.394624629549
GRID*               1745                -882.35294117647 150.00000000001*CONT
*CONT    100.00000000001
GRID*               1746                -846.76734470864 108.71426906949*CONT
*CONT   -16.217271288729
GRID*               1747                -848.77805911677 105.92255401606*CONT
*CONT   -69.733308130686
GRID*               1748                -854.83665460303 150.00000000000*CONT
*CONT   -48.494590078659
GRID*               1749                -882.35294117647 150.00000000001*CONT
*CONT   -100.00000000001
GRID*               1750                -879.18016616913 150.00000000000*CONT
*CONT   0.27228352250169
GRID*               1751                -905.45164006718-0.2063478155022*CONT
*CONT   -64.439259383925
GRID*               1752                -909.22881751093 34.949495249976*CONT
*CONT   -100.00000000000
GRID*               1753                -886.85349101174 44.508113264928*CONT
*CONT   -57.585272431323
GRID*               1754                -893.39573512706 112.40787068676*CONT
*CONT    60.826812896975
GRID*               1755                -877.02666936053 74.815741373510*CONT
*CONT    72.116922304982
GRID*               1756                -885.56521150727 52.821304606656*CONT
*CONT    100.00000000000
GRID*               1757                -913.46105566875 106.46194715468*CONT
*CONT    100.00000000000
GRID*               1758                -897.59352521068-1.3561673974540*CONT
*CONT    62.955666053867
GRID*               1759                -888.07661205519-21.260021605656*CONT
*CONT    25.896575214501
GRID*               1760                -911.29986463820-56.289684720418*CONT
*CONT    2.9484584690363
GRID*               1761                -877.17847172395 8.0839870469831*CONT
*CONT   -2.4042335428813
GRID*               1762                -905.67412827755 16.947225189784*CONT
*CONT    32.489061801232
GRID*               1763                -912.22153652294 12.551663376599*CONT
*CONT    100.00000000000
GRID*               1764                -919.12940044704-22.709529928170*CONT
*CONT   -23.652300315563
GRID*               1765                -900.30975540851 11.895020202841*CONT
*CONT   -28.878518767850
GRID*               1766                -949.48761720251-59.890006754407*CONT
*CONT   -16.450175968608
GRID*               1767                -959.00807601098-80.004337451304*CONT
*CONT    19.924315590653
GRID*               1768                -1000.0000000000-110.30828376398*CONT
*CONT    24.478828641079
GRID*               1769                -1000.0000000000-107.69197203217*CONT
*CONT   -22.682765135288
GRID*               1770                -930.51334939482-32.457741621816*CONT
*CONT    51.528268044577
GRID*               1771                -1000.0000000000-74.224556312881*CONT
*CONT    57.457975085931
GRID*               1772                -966.65415028645-33.046523166696*CONT
*CONT    71.469526297058
GRID*               1773                -965.44833203480-41.008914435218*CONT
*CONT    27.385164924152
GRID*               1774                -959.53336294859-3.3633132771633*CONT
*CONT    100.00000000000
GRID*               1775                -1000.0000000000-30.000000000000*CONT
*CONT    100.00000000001
GRID*               1776                -865.43095636277 71.001197089364*CONT
*CONT   -34.650814064378
GRID*               1777                -873.61065117567 41.468228628521*CONT
*CONT    1.8656844878852
GRID*               1778                -892.48689675802 80.230535697388*CONT
*CONT   -64.856803701509
GRID*               1779                -882.78709683142 91.593263893821*CONT
*CONT    24.532592852269
GRID*               1780                -899.04823249574 51.116323652626*CONT
*CONT    44.233844609965
GRID*               1781                -902.33262811195 120.94309090956*CONT
*CONT    15.314392321896
GRID*               1782                -941.17647058824 150.00000000001*CONT
*CONT    100.00000000001
GRID*               1783                -950.37292925228-37.237266080764*CONT
*CONT   -49.107966369430
GRID*               1784                -1000.0000000000-66.767601799508*CONT
*CONT   -52.152880253211
GRID*               1785                -954.21580971697 2.8262408693351*CONT
*CONT   -100.00000000000
GRID*               1786                -1000.0000000000-30.000000000000*CONT
*CONT   -100.00000000001
GRID*               1787                -928.52569493334 67.195506961473*CONT
*CONT   -72.085094497176
GRID*               1788                -900.65210972259 115.09182166028*CONT
*CONT   -73.290650803882
GRID*               1789                -907.57752974272 96.957466546807*CONT
*CONT   -100.00000000000
GRID*               1790                -956.07038429437 59.971063081376*CONT
*CONT   -100.00000000000
GRID*               1791                -926.11767258358 108.75050003175*CONT
*CONT   -56.025976968381
GRID*               1792                -941.17647058824 150.00000000001*CONT
*CONT   -100.00000000001
GRID*               1793                -909.76480089358 150.00000000000*CONT
*CONT    49.536703488968
GRID*               1794                -901.03732707146 113.26839850771*CONT
*CONT   -26.468631969129
GRID*               1795                -916.82926367861 150.00000000000*CONT
*CONT   -41.754421383003
GRID*               1796                -921.91585033824 150.00000000000*CONT
*CONT    3.2870259130277
GRID*               1797                -963.40466831339 150.00000000000*CONT
*CONT    63.126840812212
GRID*               1798                -1000.0000000000 150.00000000000*CONT
*CONT    100.00000000000
GRID*               1799                -933.98527053070 19.038429323179*CONT
*CONT   -48.988771225702
GRID*               1800                -918.75668253542 48.427730572724*CONT
*CONT   -31.766268663829
GRID*               1801                -929.20919056299 78.095964397859*CONT
*CONT   -48.662246178361
GRID*               1802                -927.51009178108 90.923949845729*CONT
*CONT    69.233844609965
GRID*               1803                -923.51469021142 55.539466770709*CONT
*CONT    72.116922304982
GRID*               1804                -947.98114792711 59.962609888791*CONT
*CONT    100.00000000000
GRID*               1805                -959.89015366266 112.22177713960*CONT
*CONT    100.00000000000
GRID*               1806                -934.20408079354 19.317922507943*CONT
*CONT    45.817721119893
GRID*               1807                -924.47151213253-10.480498158452*CONT
*CONT    14.903887226278
GRID*               1808                -913.75473134442 35.250617777022*CONT
*CONT    2.0224575485964
GRID*               1809                -966.61514714152 32.789351558354*CONT
*CONT    69.737684782761
GRID*               1810                -1000.0000000000 90.000000000000*CONT
*CONT    100.00000000001
GRID*               1811                -1000.0000000000 30.000000000000*CONT
*CONT    100.00000000001
GRID*               1812                -951.03232344446-9.3087941720498*CONT
*CONT   -3.1837860855922
GRID*               1813                -1000.0000000000-52.030826694134*CONT
*CONT    3.1833340073631
GRID*               1814                -970.12157266328-2.6957816861704*CONT
*CONT    36.137522678690
GRID*               1815                -1000.0000000000-10.586756726925*CONT
*CONT    54.290212348665
GRID*               1816                -915.20437471877 77.337038883879*CONT
*CONT   -8.6849257532781
GRID*               1817                -941.55912789342 75.385952536778*CONT
*CONT    38.467689219930
GRID*               1818                -943.31811321354 103.36718708659*CONT
*CONT   -30.870069116886
GRID*               1819                -943.55816735352 114.51535189509*CONT
*CONT    11.082457442315
GRID*               1820                -952.48189810341 112.69297626839*CONT
*CONT    50.797265016071
GRID*               1821                -1000.0000000000 111.58550050448*CONT
*CONT    63.039405012307
GRID*               1822                -957.95505773831 53.412027922647*CONT
*CONT   -55.722735450969
GRID*               1823                -1000.0000000000-4.6886306155540*CONT
*CONT   -48.656105635565
GRID*               1824                -1000.0000000000 30.000000000000*CONT
*CONT   -100.00000000001
GRID*               1825                -967.76688480332 90.824215788722*CONT
*CONT   -68.606046726313
GRID*               1826                -962.11297577265 108.63380150051*CONT
*CONT   -100.00000000000
GRID*               1827                -1000.0000000000 90.000000000000*CONT
*CONT   -100.00000000001
GRID*               1828                -1000.0000000000 150.00000000000*CONT
*CONT   -100.00000000000
GRID*               1829                -962.64663483171 150.00000000000*CONT
*CONT   -50.332688199440
GRID*               1830                -958.09058049471 150.00000000000*CONT
*CONT    25.325471723687
GRID*               1831                -948.23001538131 150.00000000000*CONT
*CONT   -11.214418059457
GRID*               1832                -1000.0000000000 150.00000000001*CONT
*CONT    50.000000000000
GRID*               1833                -1000.0000000000 150.00000000001*CONT
*CONT   -50.000000000000
GRID*               1834                -955.09553071527 50.614146970094*CONT
*CONT   -17.572097073793
GRID*               1835                -976.24094905170 85.419786226717*CONT
*CONT    50.762051183429
GRID*               1836                -964.58229981860 39.435080083625*CONT
*CONT    25.283032209000
GRID*               1837                -1000.0000000000 58.146596185044*CONT
*CONT    50.726837350786
GRID*               1838                -1000.0000000000 21.483799415753*CONT
*CONT    1.7454703068119
GRID*               1839                -965.49618668143 85.143572935634*CONT
*CONT   -15.148464728396
GRID*               1840                -974.11500769066 121.91986592453*CONT
*CONT   -12.131720553292
GRID*               1841                -1000.0000000000 106.87209355833*CONT
*CONT    26.281355357929
GRID*               1842                -1000.0000000000 61.483942116448*CONT
*CONT   -38.352875355595
GRID*               1843                -1000.0000000000 112.61869286201*CONT
*CONT   -49.994991084190
GRID*               1844                -1000.0000000000 150.00000000001*CONT
*CONT   -1.243449787E-14
GRID*               1845                -1000.0000000000 69.629150623750*CONT
*CONT    4.0449150971927
GRID*               1846                -1000.0000000000 93.839731849065*CONT
*CONT   -13.049023047126
$ Element data section
CTETRA         1       2       2      17       7       6
CTETRA         2       2       7       2      16      17
CTETRA         3       2      18      17       7      16
CTETRA         4       2       4       3       5      20
CTETRA         5       2       2       6      19      21
CTETRA         6       2      21      17       2       6
CTETRA         7       2      22      19       5       6
CTETRA         8       2      21      22       6      19
CTETRA         9       2      23      22       5       6
CTETRA        10       2      23       9       5      11
CTETRA        11       2      23       9       6       5
CTETRA        12       2      21      26      19       2
CTETRA        13       2      26      21      19      22
CTETRA        14       2      19      26      24      25
CTETRA        15       2      19       2      26      25
CTETRA        16       2      22      27       5      19
CTETRA        17       2      27       5      19      20
CTETRA        18       2      22      26      27      19
CTETRA        19       2       4      27      20       5
CTETRA        20       2      28       4      27      20
CTETRA        21       2       4       3      20      28
CTETRA        22       2      34       1      29      33
CTETRA        23       2      34       1      33      35
CTETRA        24       2      35       3       1      33
CTETRA        25       2       4       3      28      35
CTETRA        26       2      34      36      33      29
CTETRA        27       2      30      36      29      33
CTETRA        28       2      36      30      37      33
CTETRA        29       2       3      39      35       1
CTETRA        30       2       3      39      28      35
CTETRA        31       2      28       3      20      39
CTETRA        32       2       1      34      39      35
CTETRA        33       2      39       1       3      40
CTETRA        34       2      39       3      20      40
CTETRA        35       2      41      40      20      32
CTETRA        36       2      39      40      20      41
CTETRA        37       2      28      39      20      41
CTETRA        38       2      41      40      32      42
CTETRA        39       2       1      43      34      29
CTETRA        40       2       1      40      39      43
CTETRA        41       2       1      43      39      34
CTETRA        42       2      40      41      44      42
CTETRA        43       2      29      43      34      46
CTETRA        44       2      46      47      31      29
CTETRA        45       2      46      29      43      47
CTETRA        46       2      46      43      44      47
CTETRA        47       2      25       2      49      16
CTETRA        48       2      21      26       2      49
CTETRA        49       2      21      26      49      48
CTETRA        50       2      21      17      48      49
CTETRA        51       2      25       2      26      49
CTETRA        52       2      18      17      16      49
CTETRA        53       2      17      21       2      49
CTETRA        54       2       2      17      49      16
CTETRA        55       2       4       3      50       5
CTETRA        56       2      35       3      33      50
CTETRA        57       2       4       3      35      50
CTETRA        58       2       4      52      50      35
CTETRA        59       2      52       4       5      27
CTETRA        60       2      52       4      50       5
CTETRA        61       2       4      52      35      28
CTETRA        62       2       4      52      28      27
CTETRA        63       2      51      52      28      35
CTETRA        64       2      51      52      27      28
CTETRA        65       2      22      27      53       5
CTETRA        66       2      23      22      53       5
CTETRA        67       2      52      53      51      27
CTETRA        68       2      52      53      27       5
CTETRA        69       2      54      50      12      11
CTETRA        70       2      52      54       5      50
CTETRA        71       2      54      11       5      50
CTETRA        72       2      23      54      11       5
CTETRA        73       2      23      53      54       5
CTETRA        74       2      52      53       5      54
CTETRA        75       2       6       9      55       8
CTETRA        76       2      23      55       6       9
CTETRA        77       2      21      22      55       6
CTETRA        78       2      23      55      22       6
CTETRA        79       2      21      17       6      55
CTETRA        80       2      21      56      17      55
CTETRA        81       2      21      56      48      17
CTETRA        82       2      55      57       6       8
CTETRA        83       2       8       7      57       6
CTETRA        84       2      56      55      57      17
CTETRA        85       2      17       7       6      57
CTETRA        86       2      17      18       7      57
CTETRA        87       2      17      55      57       6
CTETRA        88       2       8      10       9      58
CTETRA        89       2      57      58       8      55
CTETRA        90       2       8      58       9      55
CTETRA        91       2      12      59      38      50
CTETRA        92       2      12      50      54      59
CTETRA        93       2      23       9      11      60
CTETRA        94       2      13       9      60      11
CTETRA        95       2      55      58       9      60
CTETRA        96       2      23      54      60      11
CTETRA        97       2      23      55       9      60
CTETRA        98       2      53      23      54      60
CTETRA        99       2      10      58      61       9
CTETRA       100       2      10      13      61      15
CTETRA       101       2      10      13       9      61
CTETRA       102       2      58      61       9      60
CTETRA       103       2      13       9      61      60
CTETRA       104       2      11      14      12      62
CTETRA       105       2      11      14      62      13
CTETRA       106       2      62      54      11      60
CTETRA       107       2      62      11      13      60
CTETRA       108       2      11      54      62      12
CTETRA       109       2      63      12      54      59
CTETRA       110       2      63      62      12      14
CTETRA       111       2      63      62      54      12
CTETRA       112       2      13      15      64      61
CTETRA       113       2      14      13      15      64
CTETRA       114       2      14      62      13      64
CTETRA       115       2      62      64      14      63
CTETRA       116       2      13      61      64      60
CTETRA       117       2      62      64      60      13
CTETRA       118       2      55      60      65      58
CTETRA       119       2      61      58      66      60
CTETRA       120       2      65      60      66      58
CTETRA       121       2      67      61      64      15
CTETRA       122       2      17      18      69      49
CTETRA       123       2      69      48      17      49
CTETRA       124       2      69      56      17      48
CTETRA       125       2      70      49      69      18
CTETRA       126       2      70      18      16      49
CTETRA       127       2      56      69      17      71
CTETRA       128       2      18      71      69      70
CTETRA       129       2      18      17      71      57
CTETRA       130       2      56      17      57      71
CTETRA       131       2      18      17      69      71
CTETRA       132       2      28      72      20      27
CTETRA       133       2      26      19      24      72
CTETRA       134       2      20      24      19      72
CTETRA       135       2      72      27      19      20
CTETRA       136       2      26      27      19      72
CTETRA       137       2      28      72      41      20
CTETRA       138       2      73      28      72      41
CTETRA       139       2      28      39      41      73
CTETRA       140       2      24      32      74      20
CTETRA       141       2      72      74      20      24
CTETRA       142       2      73      72      74      41
CTETRA       143       2      32      41      74      20
CTETRA       144       2      72      74      41      20
CTETRA       145       2      53      23      60      75
CTETRA       146       2      56      55      75      65
CTETRA       147       2      23      55      60      75
CTETRA       148       2      65      55      75      60
CTETRA       149       2      56      21      75      55
CTETRA       150       2      27      26      75      72
CTETRA       151       2      22      21      75      26
CTETRA       152       2      48      21      26      75
CTETRA       153       2      48      21      75      56
CTETRA       154       2      22      21      55      75
CTETRA       155       2      22      23      75      55
CTETRA       156       2      22      53      75      23
CTETRA       157       2      22      75      27      26
CTETRA       158       2      27      22      53      75
CTETRA       159       2      26      48      76      49
CTETRA       160       2      26      76      25      49
CTETRA       161       2      74      72      76      24
CTETRA       162       2      76      26      24      72
CTETRA       163       2      69      48      49      76
CTETRA       164       2      26      76      24      25
CTETRA       165       2      77      76      72      26
CTETRA       166       2      48      77      75      26
CTETRA       167       2      77      26      72      75
CTETRA       168       2      77      26      48      76
CTETRA       169       2      79      28      51      27
CTETRA       170       2      28      27      79      72
CTETRA       171       2      51      27      53      79
CTETRA       172       2      73      28      79      72
CTETRA       173       2      27      79      72      75
CTETRA       174       2      27      75      53      79
CTETRA       175       2      28      39      80      35
CTETRA       176       2      80      51      28      35
CTETRA       177       2      79      80      51      28
CTETRA       178       2      73      79      28      80
CTETRA       179       2      28      80      39      73
CTETRA       180       2      51      53      81      79
CTETRA       181       2      81      65      75      60
CTETRA       182       2      81      53      60      75
CTETRA       183       2      81      75      79      53
CTETRA       184       2      37      30      82      68
CTETRA       185       2      30      37      82      36
CTETRA       186       2      80      83      39      73
CTETRA       187       2      80      73      79      83
CTETRA       188       2      29      46      84      31
CTETRA       189       2      30      29      84      31
CTETRA       190       2      36      34      84      29
CTETRA       191       2      29      46      34      84
CTETRA       192       2      30      36      84      29
CTETRA       193       2      36      84      82      30
CTETRA       194       2      85      46      31      84
CTETRA       195       2      46      85      31      47
CTETRA       196       2      86      68      82      30
CTETRA       197       2      84      86      82      30
CTETRA       198       2      31      86      30      68
CTETRA       199       2      86      31      30      84
CTETRA       200       2      86      85      31      84
CTETRA       201       2      87      41      74      32
CTETRA       202       2      87      41      32      42
CTETRA       203       2      33      89      38      37
CTETRA       204       2      33      34      35      89
CTETRA       205       2      33      89      50      38
CTETRA       206       2      38      59      89      50
CTETRA       207       2      36      34      33      89
CTETRA       208       2      89      35      33      50
CTETRA       209       2      36      33      37      89
CTETRA       210       2      51      35      90      52
CTETRA       211       2      35      52      50      90
CTETRA       212       2      90      89      59      50
CTETRA       213       2      90      35      89      50
CTETRA       214       2      36      91      82      84
CTETRA       215       2      36      91      34      89
CTETRA       216       2      36      91      84      34
CTETRA       217       2      80      83      92      39
CTETRA       218       2      92      34      46      84
CTETRA       219       2      46      85      92      84
CTETRA       220       2      34      91      84      92
CTETRA       221       2      34      92      43      39
CTETRA       222       2      34      46      43      92
CTETRA       223       2      35      34      39      93
CTETRA       224       2      34      93      91      92
CTETRA       225       2      91      93      34      89
CTETRA       226       2      93      34      89      35
CTETRA       227       2      90      89      35      93
CTETRA       228       2      93      80      92      39
CTETRA       229       2      35      80      93      39
CTETRA       230       2      34      92      39      93
CTETRA       231       2      80      51      35      94
CTETRA       232       2      80      93      94      35
CTETRA       233       2      90      93      35      94
CTETRA       234       2      80      94      79      51
CTETRA       235       2      90      51      94      35
CTETRA       236       2      80      95      94      93
CTETRA       237       2      95      83      92      80
CTETRA       238       2      93      95      92      80
CTETRA       239       2      96      89      37      38
CTETRA       240       2      89      96      59      38
CTETRA       241       2      36      89      37      96
CTETRA       242       2      36      91      89      96
CTETRA       243       2      82      36      37      96
CTETRA       244       2      36      91      96      82
CTETRA       245       2      97      92      83      39
CTETRA       246       2      43      40      97      44
CTETRA       247       2      39      41      97      40
CTETRA       248       2      39      40      97      43
CTETRA       249       2      41      39      97      73
CTETRA       250       2      40      41      97      44
CTETRA       251       2      97      39      43      92
CTETRA       252       2      97      83      73      39
CTETRA       253       2      87      41      98      74
CTETRA       254       2      73      41      74      98
CTETRA       255       2      98      41      97      73
CTETRA       256       2      98      83      73      97
CTETRA       257       2      87      41      42      99
CTETRA       258       2      97      98      99      41
CTETRA       259       2      88      42      78      99
CTETRA       260       2      98      87      99      41
CTETRA       261       2      99      44      41      42
CTETRA       262       2      88      42      99      87
CTETRA       263       2      44      42      99      78
CTETRA       264       2      99      97      41      44
CTETRA       265       2      99     100      97      44
CTETRA       266       2     100      43      97      44
CTETRA       267       2      43      46      44     100
CTETRA       268       2     100      97      43      92
CTETRA       269       2      46     100      43      92
CTETRA       270       2      45     101      78      44
CTETRA       271       2      99     101     100      44
CTETRA       272       2     100     101      46      44
CTETRA       273       2     101      44      99      78
CTETRA       274       2      45     101      44      47
CTETRA       275       2      47      46     101      44
CTETRA       276       2      46      85     102      92
CTETRA       277       2     100      46     102      92
CTETRA       278       2      46      85      47     102
CTETRA       279       2     102     100     101      46
CTETRA       280       2     102      46     101      47
CTETRA       281       2      48      56      75     103
CTETRA       282       2      81      75      65     103
CTETRA       283       2      48      69      56     103
CTETRA       284       2      56      69      71     103
CTETRA       285       2      56     103      65      75
CTETRA       286       2      48     104      76      69
CTETRA       287       2      48     104      75      77
CTETRA       288       2      48     104     103      75
CTETRA       289       2      48     104      69     103
CTETRA       290       2      77     104      76      48
CTETRA       291       2     104     105      76      69
CTETRA       292       2      69     104     105     103
CTETRA       293       2      69      49      70     105
CTETRA       294       2      49      69      76     105
CTETRA       295       2     106      79      51      81
CTETRA       296       2      79      94     106      51
CTETRA       297       2      90     107      50      59
CTETRA       298       2      54     107      63      59
CTETRA       299       2      52     107      50      90
CTETRA       300       2      54     107      59      50
CTETRA       301       2      51      52     107      53
CTETRA       302       2      53     107      51      81
CTETRA       303       2      54      52     107      50
CTETRA       304       2      51      94     106     107
CTETRA       305       2      54      53     107      52
CTETRA       306       2      81      51     106     107
CTETRA       307       2      51      90      94     107
CTETRA       308       2      51     107      52      90
CTETRA       309       2      81     108     107     106
CTETRA       310       2      81      65      60     108
CTETRA       311       2      54     107      53     109
CTETRA       312       2      62     109      63      54
CTETRA       313       2     109      54      60      53
CTETRA       314       2     109      54     107      63
CTETRA       315       2     109      62      60      54
CTETRA       316       2     109      81      60     108
CTETRA       317       2      53      60     109      81
CTETRA       318       2     108      81     107     109
CTETRA       319       2      53     107      81     109
CTETRA       320       2      65     110      81     103
CTETRA       321       2     108      65     110      81
CTETRA       322       2      56      71     111     103
CTETRA       323       2      56      65     103     111
CTETRA       324       2      65     110     103     111
CTETRA       325       2      56      71      57     111
CTETRA       326       2      56      55     111      57
CTETRA       327       2      65      55      58     111
CTETRA       328       2      57      55     111      58
CTETRA       329       2     111      66      58      65
CTETRA       330       2      56      65     111      55
CTETRA       331       2     112      90     107      94
CTETRA       332       2      90     107      59     112
CTETRA       333       2     113      63     107      59
CTETRA       334       2     107     112     113      59
CTETRA       335       2     109     107     113      63
CTETRA       336       2      96      89      59     114
CTETRA       337       2      90      59      89     114
CTETRA       338       2     114      90      59     112
CTETRA       339       2     114     113     112      59
CTETRA       340       2      65      60     115      66
CTETRA       341       2     109     108      60     115
CTETRA       342       2      65     108     115      60
CTETRA       343       2     110      65     108     115
CTETRA       344       2      67      61      66     116
CTETRA       345       2      67      64      61     116
CTETRA       346       2     109      63     113     116
CTETRA       347       2     109      60     116     115
CTETRA       348       2     116     115      60      66
CTETRA       349       2      66      61      60     116
CTETRA       350       2      64      60      61     116
CTETRA       351       2      62      64      63     116
CTETRA       352       2      62      63     109     116
CTETRA       353       2      62      64     116      60
CTETRA       354       2     109      62     116      60
CTETRA       355       2     110     115     118      65
CTETRA       356       2     111      66      65     118
CTETRA       357       2      65     110     111     118
CTETRA       358       2     115      66     118      65
CTETRA       359       2      67     119     116      66
CTETRA       360       2     118     119      66     115
CTETRA       361       2     116     119     115      66
CTETRA       362       2     120      86      68      82
CTETRA       363       2      86     120      84      82
CTETRA       364       2      71      69      70     121
CTETRA       365       2     105      69     121      70
CTETRA       366       2     105      69     103     121
CTETRA       367       2      71      69     121     103
CTETRA       368       2     122      71     121     103
CTETRA       369       2     103     110     122     111
CTETRA       370       2      71     103     122     111
CTETRA       371       2     110     117     103     122
CTETRA       372       2      77     123      75      72
CTETRA       373       2      79      73      72     123
CTETRA       374       2      75      79     123      81
CTETRA       375       2     123      79      75      72
CTETRA       376       2      77     104      75     123
CTETRA       377       2     106      79      81     123
CTETRA       378       2      83      73     125      98
CTETRA       379       2      79      73     123     125
CTETRA       380       2      73     125      79      83
CTETRA       381       2      72      73     126     123
CTETRA       382       2      74      72     126      76
CTETRA       383       2      72      74     126      73
CTETRA       384       2      77      76     126      72
CTETRA       385       2     125     123     126      73
CTETRA       386       2      77     123      72     126
CTETRA       387       2     126      74     127      73
CTETRA       388       2     127      87      98      74
CTETRA       389       2     125      98      73     127
CTETRA       390       2     125     127      73     126
CTETRA       391       2     127      98      73      74
CTETRA       392       2     124     128     123     106
CTETRA       393       2     106     123      81     128
CTETRA       394       2     104     103      75     128
CTETRA       395       2      75      81     123     128
CTETRA       396       2     104     123     128      75
CTETRA       397       2      75      81     128     103
CTETRA       398       2     104     129      76     105
CTETRA       399       2      77     126      76     129
CTETRA       400       2      77     104     123     129
CTETRA       401       2      77     126     129     123
CTETRA       402       2      77     104     129      76
CTETRA       403       2     104     128     123     129
CTETRA       404       2      98      83      97     130
CTETRA       405       2     130      83     125      98
CTETRA       406       2      98     130     127     125
CTETRA       407       2     101      99     131      78
CTETRA       408       2      88     131      99      78
CTETRA       409       2     106     132     123     124
CTETRA       410       2     125      83     132      79
CTETRA       411       2      94      80      79     132
CTETRA       412       2      80      79     132      83
CTETRA       413       2      95      83      80     132
CTETRA       414       2      79     123     132     125
CTETRA       415       2     106      79     132      94
CTETRA       416       2     106      79     123     132
CTETRA       417       2      94      80     132      95
CTETRA       418       2     133     106     107     108
CTETRA       419       2     133     106      94     107
CTETRA       420       2     112     133      94     107
CTETRA       421       2     133     106     132      94
CTETRA       422       2     108     134      81     110
CTETRA       423       2     110     134      81     103
CTETRA       424       2     128     134     103      81
CTETRA       425       2     124     134     128     106
CTETRA       426       2     106     134     128      81
CTETRA       427       2     108      81     134     106
CTETRA       428       2     108     110     115     134
CTETRA       429       2     110     117     134     103
CTETRA       430       2     128     134     117     103
CTETRA       431       2      82      91      96     135
CTETRA       432       2      91      82      84     135
CTETRA       433       2      82     120      84     135
CTETRA       434       2      83      95     136     132
CTETRA       435       2     130      83     136     125
CTETRA       436       2      83     136     125     132
CTETRA       437       2      97     137      83      92
CTETRA       438       2      83     137      97     130
CTETRA       439       2     136     130     137      83
CTETRA       440       2      95     137      92      83
CTETRA       441       2      83     137     136      95
CTETRA       442       2     138      92     137      97
CTETRA       443       2     100      92     138      97
CTETRA       444       2     100      92     102     138
CTETRA       445       2      91     139     135      84
CTETRA       446       2      91     139      84      92
CTETRA       447       2      91      93     139      92
CTETRA       448       2     102     140      92      85
CTETRA       449       2      85      84     140      92
CTETRA       450       2     140     138     102      92
CTETRA       451       2     139      84      92     140
CTETRA       452       2     138      92     140     139
CTETRA       453       2      86      84     141      85
CTETRA       454       2     120     141      84     135
CTETRA       455       2      85     140      84     141
CTETRA       456       2     139     141     135      84
CTETRA       457       2     139     141      84     140
CTETRA       458       2      86      84     120     141
CTETRA       459       2      98      87     127     142
CTETRA       460       2      98      87     142      99
CTETRA       461       2      88      99     142      87
CTETRA       462       2      88      99     131     142
CTETRA       463       2      98     130     142     127
CTETRA       464       2      93      90      89     144
CTETRA       465       2      91      89      96     144
CTETRA       466       2      91      96     135     144
CTETRA       467       2      93      91     144      89
CTETRA       468       2      90      94     112     144
CTETRA       469       2      90     112     114     144
CTETRA       470       2      91     139     144     135
CTETRA       471       2      90      89     144     114
CTETRA       472       2      96      89     114     144
CTETRA       473       2      91     144     139      93
CTETRA       474       2      93     144      94      90
CTETRA       475       2      93      95      94     144
CTETRA       476       2     133      94     132     145
CTETRA       477       2     133     112      94     145
CTETRA       478       2      94     145     112     144
CTETRA       479       2     112     145     114     144
CTETRA       480       2     139     146     144     135
CTETRA       481       2     139     146     135     141
CTETRA       482       2     138     147     137      92
CTETRA       483       2     147     139     146     144
CTETRA       484       2     147     144      93     139
CTETRA       485       2     147      92     139      93
CTETRA       486       2     147     139     138     146
CTETRA       487       2     147      92     138     139
CTETRA       488       2     147      95     137      92
CTETRA       489       2      93      95     144     147
CTETRA       490       2     147      95      92      93
CTETRA       491       2      95     148     132      94
CTETRA       492       2     148      94     145     132
CTETRA       493       2     148      95     132     136
CTETRA       494       2     148     144     145      94
CTETRA       495       2      95     147     148     144
CTETRA       496       2      95     148      94     144
CTETRA       497       2      95     148     147     137
CTETRA       498       2      95     148     137     136
CTETRA       499       2     149     144     114     145
CTETRA       500       2     149     114     144      96
CTETRA       501       2     144     149     135     146
CTETRA       502       2     149     144     135      96
CTETRA       503       2     148     150     132     145
CTETRA       504       2     150     148     132     136
CTETRA       505       2      97      99      98     151
CTETRA       506       2     137     138      97     151
CTETRA       507       2     137     130     151      97
CTETRA       508       2     100      99      97     151
CTETRA       509       2     100      97     138     151
CTETRA       510       2      98     130      97     151
CTETRA       511       2      99     151     131     142
CTETRA       512       2     130      98     142     151
CTETRA       513       2     142     151      98      99
CTETRA       514       2     152     130     151     137
CTETRA       515       2     130     136     137     152
CTETRA       516       2     152     151     130     142
CTETRA       517       2     140     102     138     153
CTETRA       518       2     151     153     138     100
CTETRA       519       2     102     100     153     101
CTETRA       520       2     100     102     153     138
CTETRA       521       2     101      99     153     131
CTETRA       522       2     100      99     153     101
CTETRA       523       2     151     153      99     131
CTETRA       524       2     151     100      99     153
CTETRA       525       2     154     117     122     103
CTETRA       526       2     154     117     103     128
CTETRA       527       2     104     103     128     155
CTETRA       528       2     122     121     155     103
CTETRA       529       2     105     155     121     103
CTETRA       530       2     154     122     155     103
CTETRA       531       2     104     129     155     128
CTETRA       532       2     154     128     103     155
CTETRA       533       2     104     105     103     155
CTETRA       534       2     104     105     155     129
CTETRA       535       2     124     134     156     128
CTETRA       536       2     156     134     117     128
CTETRA       537       2     154     156     117     128
CTETRA       538       2     110     157     115     134
CTETRA       539       2     117     110     134     157
CTETRA       540       2     157     110     115     118
CTETRA       541       2     143     158     124     132
CTETRA       542       2     143     158     132     150
CTETRA       543       2     124     159     134     106
CTETRA       544       2     159     134     106     108
CTETRA       545       2     124     158     159     132
CTETRA       546       2     124     106     132     159
CTETRA       547       2     133     106     108     159
CTETRA       548       2     133     106     159     132
CTETRA       549       2     160     133     107     108
CTETRA       550       2     107     108     109     160
CTETRA       551       2     133     112     145     160
CTETRA       552       2     107     109     113     160
CTETRA       553       2     112     133     107     160
CTETRA       554       2     108     115     109     160
CTETRA       555       2     112     107     113     160
CTETRA       556       2     133     160     159     108
CTETRA       557       2     159     160     161     108
CTETRA       558       2     161     157     134     115
CTETRA       559       2     108     160     161     115
CTETRA       560       2     159     134     108     161
CTETRA       561       2     108     161     134     115
CTETRA       562       2     116     115     162     109
CTETRA       563       2     113     116     162     109
CTETRA       564       2     160     162     115     109
CTETRA       565       2     113     162     160     109
CTETRA       566       2     160     161     115     162
CTETRA       567       2     154     117     163     122
CTETRA       568       2     117     154     163     156
CTETRA       569       2     110     164     111     118
CTETRA       570       2     157     164     110     118
CTETRA       571       2     117     164     163     122
CTETRA       572       2     110     164     122     111
CTETRA       573       2     117     157     164     110
CTETRA       574       2     117     164     122     110
CTETRA       575       2     124     156     134     165
CTETRA       576       2     124     134     159     165
CTETRA       577       2     158     124     159     165
CTETRA       578       2     156     166     134     165
CTETRA       579       2     117     157     134     166
CTETRA       580       2     157     134     166     161
CTETRA       581       2     117     166     156     163
CTETRA       582       2     156     117     134     166
CTETRA       583       2     149     167     145     114
CTETRA       584       2     162     160     167     113
CTETRA       585       2     112     114     145     167
CTETRA       586       2     160     112     145     167
CTETRA       587       2     114     112     113     167
CTETRA       588       2     160     112     167     113
CTETRA       589       2     157     168     115     161
CTETRA       590       2     157     168     118     115
CTETRA       591       2     169     115     119     118
CTETRA       592       2     168     115     161     169
CTETRA       593       2     115     168     118     169
CTETRA       594       2     115     169     162     161
CTETRA       595       2     169     115     116     119
CTETRA       596       2     169     162     116     115
CTETRA       597       2     117     157     170     164
CTETRA       598       2     163     117     170     164
CTETRA       599       2     163     170     117     166
CTETRA       600       2     166     157     170     117
CTETRA       601       2     157     168     170     171
CTETRA       602       2     164     157     171     118
CTETRA       603       2     168     157     118     171
CTETRA       604       2     157     170     164     171
CTETRA       605       2     168     172     118     169
CTETRA       606       2     171     168     172     118
CTETRA       607       2     119     172     169     118
CTETRA       608       2     173     141     135     146
CTETRA       609       2     173     120     135     141
CTETRA       610       2     136     150     174     132
CTETRA       611       2     136     174     125     132
CTETRA       612       2     143     132     174     150
CTETRA       613       2     136     130     125     174
CTETRA       614       2     175     130     127     142
CTETRA       615       2     130     125     174     175
CTETRA       616       2     130     127     125     175
CTETRA       617       2     130     152     142     175
CTETRA       618       2     121     176     122     155
CTETRA       619       2     155     154     176     122
CTETRA       620       2     154     163     177     122
CTETRA       621       2     177     164     122     163
CTETRA       622       2     122     177     154     176
CTETRA       623       2     178     128     123     124
CTETRA       624       2     143     174     132     178
CTETRA       625       2     123     128     178     129
CTETRA       626       2     123     126     129     178
CTETRA       627       2     124     178     132     123
CTETRA       628       2     123     125     126     178
CTETRA       629       2     123     125     178     132
CTETRA       630       2     174     178     125     132
CTETRA       631       2     143     124     178     132
CTETRA       632       2     179     165     156     124
CTETRA       633       2     165     124     179     158
CTETRA       634       2     124     179     128     156
CTETRA       635       2     124     178     128     179
CTETRA       636       2     143     124     158     179
CTETRA       637       2     179     124     178     143
CTETRA       638       2     180     143     179     178
CTETRA       639       2     143     180     174     178
CTETRA       640       2     127     175     181     125
CTETRA       641       2     127     126     125     181
CTETRA       642       2     181     126     178     129
CTETRA       643       2     174     175     125     181
CTETRA       644       2     178     181     174     125
CTETRA       645       2     181     178     126     125
CTETRA       646       2     178     180     174     181
CTETRA       647       2     165     182     158     179
CTETRA       648       2     143     182     179     158
CTETRA       649       2     180     143     182     179
CTETRA       650       2     156     154     183     128
CTETRA       651       2     181     178     183     129
CTETRA       652       2     129     183     155     128
CTETRA       653       2     178     128     183     129
CTETRA       654       2     154     155     183     128
CTETRA       655       2     178     179     183     128
CTETRA       656       2     156     179     128     183
CTETRA       657       2     184     175     130     174
CTETRA       658       2     136     174     184     130
CTETRA       659       2     152     184     175     130
CTETRA       660       2     152     130     136     184
CTETRA       661       2     151     142     152     185
CTETRA       662       2     153     151     185     131
CTETRA       663       2     142     151     131     185
CTETRA       664       2     145     186     150     132
CTETRA       665       2     186     133     145     160
CTETRA       666       2     158     150     186     132
CTETRA       667       2     133     159     186     132
CTETRA       668       2     133     145     132     186
CTETRA       669       2     186     145     167     160
CTETRA       670       2     159     133     186     160
CTETRA       671       2     159     158     186     132
CTETRA       672       2     166     161     134     187
CTETRA       673       2     165     166     134     187
CTETRA       674       2     159     161     187     134
CTETRA       675       2     165     159     187     134
CTETRA       676       2     165     158     187     159
CTETRA       677       2     188     135     146     173
CTETRA       678       2     188     135     149     146
CTETRA       679       2     167     149     145     189
CTETRA       680       2     165     190     187     158
CTETRA       681       2     182     158     190     165
CTETRA       682       2     136     174     150     191
CTETRA       683       2     184     174     136     191
CTETRA       684       2     184     152     191     136
CTETRA       685       2     192     136     150     191
CTETRA       686       2     137     148     147     192
CTETRA       687       2     136     192     148     137
CTETRA       688       2     192     136     191     152
CTETRA       689       2     136     137     152     192
CTETRA       690       2     136     192     150     148
CTETRA       691       2     193     152     192     191
CTETRA       692       2     193     137     192     152
CTETRA       693       2     137     193     138     151
CTETRA       694       2     193     152     151     137
CTETRA       695       2     151     138     153     193
CTETRA       696       2     137     138     194     147
CTETRA       697       2     147     138     194     146
CTETRA       698       2     192     137     194     147
CTETRA       699       2     193     137     138     194
CTETRA       700       2     193     194     192     137
CTETRA       701       2     140     138     195     153
CTETRA       702       2     194     195     146     138
CTETRA       703       2     141     140     139     195
CTETRA       704       2     139     141     195     146
CTETRA       705       2     194     193     195     138
CTETRA       706       2     138     193     195     153
CTETRA       707       2     138     140     195     139
CTETRA       708       2     139     146     195     138
CTETRA       709       2     158     196     186     150
CTETRA       710       2     186     145     150     196
CTETRA       711       2     158     196     190     186
CTETRA       712       2     186     145     197     167
CTETRA       713       2     197     189     167     145
CTETRA       714       2     186     197     145     196
CTETRA       715       2     195     194     146     198
CTETRA       716       2     146     198     188     173
CTETRA       717       2     146     141     198     173
CTETRA       718       2     198     146     195     141
CTETRA       719       2     184     199     152     175
CTETRA       720       2     199     152     142     185
CTETRA       721       2     184     152     199     191
CTETRA       722       2     199     152     175     142
CTETRA       723       2     143     180     200     174
CTETRA       724       2     190     196     158     200
CTETRA       725       2     182     190     158     200
CTETRA       726       2     143     150     174     200
CTETRA       727       2     182     158     143     200
CTETRA       728       2     180     143     200     182
CTETRA       729       2     150     200     191     174
CTETRA       730       2     200     150     196     158
CTETRA       731       2     143     158     150     200
CTETRA       732       2     145     189     149     201
CTETRA       733       2     146     147     144     201
CTETRA       734       2     197     196     201     145
CTETRA       735       2     150     196     145     201
CTETRA       736       2     146     201     198     194
CTETRA       737       2     146     201     188     198
CTETRA       738       2     188     189     201     149
CTETRA       739       2     148     145     144     201
CTETRA       740       2     197     189     145     201
CTETRA       741       2     148     192     150     201
CTETRA       742       2     146     144     149     201
CTETRA       743       2     194     192     147     201
CTETRA       744       2     147     148     144     201
CTETRA       745       2     188     146     149     201
CTETRA       746       2     148     150     145     201
CTETRA       747       2     148     192     201     147
CTETRA       748       2     146     147     201     194
CTETRA       749       2     144     145     149     201
CTETRA       750       2     196     150     202     201
CTETRA       751       2     200     196     150     202
CTETRA       752       2     200     202     150     191
CTETRA       753       2     192     150     202     191
CTETRA       754       2     192     150     201     202
CTETRA       755       2     152     191     203     199
CTETRA       756       2     153     151     203     185
CTETRA       757       2     193     194     195     203
CTETRA       758       2     151     193     153     203
CTETRA       759       2     193     152     191     203
CTETRA       760       2     152     199     203     185
CTETRA       761       2     151     152     203     185
CTETRA       762       2     193     203     195     153
CTETRA       763       2     193     152     203     151
CTETRA       764       2     163     205     177     204
CTETRA       765       2     205     163     177     154
CTETRA       766       2     154     205     183     155
CTETRA       767       2     205     177     176     154
CTETRA       768       2     154     205     155     176
CTETRA       769       2     154     205     163     156
CTETRA       770       2     154     205     156     183
CTETRA       771       2     206     205     176     155
CTETRA       772       2     206     205     155     183
CTETRA       773       2     205     163     207     204
CTETRA       774       2     156     166     165     207
CTETRA       775       2     156     165     179     207
CTETRA       776       2     156     179     183     207
CTETRA       777       2     156     166     207     163
CTETRA       778       2     205     206     207     183
CTETRA       779       2     205     207     163     156
CTETRA       780       2     207     156     205     183
CTETRA       781       2     208     179     165     207
CTETRA       782       2     179     182     208     165
CTETRA       783       2     208     179     207     183
CTETRA       784       2     179     182     180     208
CTETRA       785       2     204     163     207     209
CTETRA       786       2     170     166     163     209
CTETRA       787       2     166     209     207     163
CTETRA       788       2     170     163     204     209
CTETRA       789       2     168     161     157     210
CTETRA       790       2     161     210     166     157
CTETRA       791       2     166     170     157     210
CTETRA       792       2     166     170     210     209
CTETRA       793       2     168     157     170     210
CTETRA       794       2     166     210     187     209
CTETRA       795       2     210     187     161     166
CTETRA       796       2     159     186     211     160
CTETRA       797       2     159     161     160     211
CTETRA       798       2     159     186     158     211
CTETRA       799       2     211     187     161     210
CTETRA       800       2     211     161     187     159
CTETRA       801       2     211     187     158     159
CTETRA       802       2     187     190     211     158
CTETRA       803       2     158     211     186     190
CTETRA       804       2     212     170     168     171
CTETRA       805       2     212     210     168     170
CTETRA       806       2     212     170     209     210
CTETRA       807       2     162     160     213     167
CTETRA       808       2     161     210     168     213
CTETRA       809       2     161     211     213     160
CTETRA       810       2     186     211     160     213
CTETRA       811       2     160     167     186     213
CTETRA       812       2     162     160     161     213
CTETRA       813       2     168     161     213     169
CTETRA       814       2     211     161     213     210
CTETRA       815       2     162     213     161     169
CTETRA       816       2     209     214     204     170
CTETRA       817       2     170     163     164     215
CTETRA       818       2     163     204     177     215
CTETRA       819       2     163     177     164     215
CTETRA       820       2     163     170     204     215
CTETRA       821       2     215     170     171     164
CTETRA       822       2     214     204     170     215
CTETRA       823       2     182     190     200     216
CTETRA       824       2     165     166     217     207
CTETRA       825       2     182     190     217     165
CTETRA       826       2     182     165     217     208
CTETRA       827       2     190     216     182     217
CTETRA       828       2     166     209     217     207
CTETRA       829       2     187     165     166     217
CTETRA       830       2     208     165     217     207
CTETRA       831       2     187     190     165     217
CTETRA       832       2     187     166     209     217
CTETRA       833       2     211     218     213     186
CTETRA       834       2     189     197     167     218
CTETRA       835       2     197     186     167     218
CTETRA       836       2     167     218     186     213
CTETRA       837       2     187     211     219     210
CTETRA       838       2     187     217     219     190
CTETRA       839       2     219     187     220     217
CTETRA       840       2     219     187     210     220
CTETRA       841       2     210     220     187     209
CTETRA       842       2     217     220     209     187
CTETRA       843       2     220     212     209     210
CTETRA       844       2     221     168     169     172
CTETRA       845       2     168     221     213     210
CTETRA       846       2     168     212     171     221
CTETRA       847       2     168     210     212     221
CTETRA       848       2     168     221     171     172
CTETRA       849       2     221     169     168     213
CTETRA       850       2     212     170     171     222
CTETRA       851       2     170     215     171     222
CTETRA       852       2     209     212     220     222
CTETRA       853       2     170     212     209     222
CTETRA       854       2     222     215     214     170
CTETRA       855       2     222     209     170     214
CTETRA       856       2     212     223     220     222
CTETRA       857       2     222     212     224     171
CTETRA       858       2     222     224     215     171
CTETRA       859       2     222     223     224     212
CTETRA       860       2     171     212     225     221
CTETRA       861       2     172     225     221     171
CTETRA       862       2     223     224     212     225
CTETRA       863       2     223     212     221     225
CTETRA       864       2     171     224     225     212
CTETRA       865       2     226     173     188     198
CTETRA       866       2     198     188     226     201
CTETRA       867       2     184     191     227     174
CTETRA       868       2     227     200     174     191
CTETRA       869       2     182     180     208     227
CTETRA       870       2     200     182     216     227
CTETRA       871       2     180     200     174     227
CTETRA       872       2     200     227     202     191
CTETRA       873       2     200     182     227     180
CTETRA       874       2     184     228     175     174
CTETRA       875       2     175     228     181     174
CTETRA       876       2     184     174     227     228
CTETRA       877       2     184     175     228     199
CTETRA       878       2     180     174     228     227
CTETRA       879       2     174     180     228     181
CTETRA       880       2     177     205     176     229
CTETRA       881       2     205     177     204     229
CTETRA       882       2     206     205     229     176
CTETRA       883       2     231     177     229     204
CTETRA       884       2     204     231     177     215
CTETRA       885       2     230     204     214     231
CTETRA       886       2     204     214     231     215
CTETRA       887       2     180     208     227     232
CTETRA       888       2     180     179     208     232
CTETRA       889       2     181     178     232     183
CTETRA       890       2     208     179     183     232
CTETRA       891       2     180     179     232     178
CTETRA       892       2     179     178     183     232
CTETRA       893       2     178     180     181     232
CTETRA       894       2     180     227     228     232
CTETRA       895       2     232     228     180     181
CTETRA       896       2     208     233     227     232
CTETRA       897       2     216     182     217     233
CTETRA       898       2     182     208     233     227
CTETRA       899       2     208     182     233     217
CTETRA       900       2     182     216     227     233
CTETRA       901       2     207     204     234     205
CTETRA       902       2     205     207     206     234
CTETRA       903       2     208     232     235     233
CTETRA       904       2     208     207     235     183
CTETRA       905       2     232     235     183     208
CTETRA       906       2     208     234     233     235
CTETRA       907       2     234     235     207     206
CTETRA       908       2     235     206     183     207
CTETRA       909       2     234     207     235     208
CTETRA       910       2     214     236     209     204
CTETRA       911       2     230     236     214     204
CTETRA       912       2     236     230     234     204
CTETRA       913       2     204     209     207     236
CTETRA       914       2     234     204     207     236
CTETRA       915       2     191     184     237     199
CTETRA       916       2     191     184     227     237
CTETRA       917       2     184     228     227     237
CTETRA       918       2     191     237     203     199
CTETRA       919       2     184     199     228     237
CTETRA       920       2     238     185     203     199
CTETRA       921       2     238     199     203     237
CTETRA       922       2     187     219     211     239
CTETRA       923       2     211     239     218     186
CTETRA       924       2     197     239     186     218
CTETRA       925       2     196     197     239     186
CTETRA       926       2     187     219     239     190
CTETRA       927       2     187     239     211     190
CTETRA       928       2     196     239     190     186
CTETRA       929       2     239     211     190     186
CTETRA       930       2     240     190     219     217
CTETRA       931       2     190     216     217     240
CTETRA       932       2     190     239     196     240
CTETRA       933       2     240     239     219     190
CTETRA       934       2     188     241     226     201
CTETRA       935       2     189     197     241     201
CTETRA       936       2     188     189     241     201
CTETRA       937       2     189     197     242     241
CTETRA       938       2     197     189     242     218
CTETRA       939       2     197     218     242     239
CTETRA       940       2     216     240     190     243
CTETRA       941       2     200     196     202     243
CTETRA       942       2     196     190     243     200
CTETRA       943       2     216     190     200     243
CTETRA       944       2     190     240     196     243
CTETRA       945       2     244     237     191     227
CTETRA       946       2     244     227     191     202
CTETRA       947       2     191     245     203     237
CTETRA       948       2     193     191     245     203
CTETRA       949       2     192     194     245     201
CTETRA       950       2     191     237     244     245
CTETRA       951       2     202     245     201     192
CTETRA       952       2     194     192     245     193
CTETRA       953       2     245     191     192     202
CTETRA       954       2     193     194     203     245
CTETRA       955       2     245     191     202     244
CTETRA       956       2     192     191     245     193
CTETRA       957       2     194     245     201     246
CTETRA       958       2     195     194     198     246
CTETRA       959       2     194     195     203     246
CTETRA       960       2     194     246     201     198
CTETRA       961       2     246     194     245     203
CTETRA       962       2     202     247     196     201
CTETRA       963       2     243     196     247     240
CTETRA       964       2     239     196     240     247
CTETRA       965       2     247     196     243     202
CTETRA       966       2     196     197     247     239
CTETRA       967       2     247     197     201     241
CTETRA       968       2     242     247     241     197
CTETRA       969       2     197     247     239     242
CTETRA       970       2     196     197     201     247
CTETRA       971       2     248     247     201     241
CTETRA       972       2     198     248     246     201
CTETRA       973       2     198     248     201     226
CTETRA       974       2     248     241     201     226
CTETRA       975       2     249     248     198     226
CTETRA       976       2     249     248     246     198
CTETRA       977       2     250     237     199     238
CTETRA       978       2     250     237     228     199
CTETRA       979       2     216     251     227     233
CTETRA       980       2     243     216     253     200
CTETRA       981       2     244     253     227     202
CTETRA       982       2     202     253     245     244
CTETRA       983       2     244     253     251     227
CTETRA       984       2     253     243     202     247
CTETRA       985       2     253     202     243     200
CTETRA       986       2     243     216     251     253
CTETRA       987       2     200     202     227     253
CTETRA       988       2     216     251     253     227
CTETRA       989       2     200     227     216     253
CTETRA       990       2     202     254     247     201
CTETRA       991       2     248     254     201     247
CTETRA       992       2     202     253     247     254
CTETRA       993       2     202     254     245     253
CTETRA       994       2     245     254     201     246
CTETRA       995       2     202     245     254     201
CTETRA       996       2     248     254     246     201
CTETRA       997       2     255     244     237     256
CTETRA       998       2     254     253     256     245
CTETRA       999       2     244     256     253     245
CTETRA      1000       2     244     256     245     237
CTETRA      1001       2     245     256     257     237
CTETRA      1002       2     246     257     203     245
CTETRA      1003       2     257     238     203     237
CTETRA      1004       2     257     245     237     203
CTETRA      1005       2     230     204     231     258
CTETRA      1006       2     204     234     205     258
CTETRA      1007       2     206     205     258     229
CTETRA      1008       2     235     234     258     206
CTETRA      1009       2     231     204     229     258
CTETRA      1010       2     205     204     258     229
CTETRA      1011       2     230     234     204     258
CTETRA      1012       2     206     205     234     258
CTETRA      1013       2     259     234     230     258
CTETRA      1014       2     236     259     234     230
CTETRA      1015       2     234     236     207     260
CTETRA      1016       2     207     234     260     208
CTETRA      1017       2     236     259     260     234
CTETRA      1018       2     217     233     208     260
CTETRA      1019       2     236     260     209     207
CTETRA      1020       2     233     208     260     234
CTETRA      1021       2     209     217     260     220
CTETRA      1022       2     217     207     260     208
CTETRA      1023       2     217     209     260     207
CTETRA      1024       2     214     261     209     236
CTETRA      1025       2     214     222     209     261
CTETRA      1026       2     236     260     261     209
CTETRA      1027       2     209     220     260     261
CTETRA      1028       2     222     261     223     220
CTETRA      1029       2     261     209     220     222
CTETRA      1030       2     236     262     261     260
CTETRA      1031       2     261     262     263     260
CTETRA      1032       2     261     263     220     260
CTETRA      1033       2     210     220     212     264
CTETRA      1034       2     213     218     211     264
CTETRA      1035       2     219     220     210     264
CTETRA      1036       2     239     211     218     264
CTETRA      1037       2     210     221     264     212
CTETRA      1038       2     211     210     213     264
CTETRA      1039       2     264     221     210     213
CTETRA      1040       2     212     223     221     264
CTETRA      1041       2     223     212     220     264
CTETRA      1042       2     219     239     264     211
CTETRA      1043       2     210     219     264     211
CTETRA      1044       2     262     265     236     261
CTETRA      1045       2     214     261     236     265
CTETRA      1046       2     236     230     214     265
CTETRA      1047       2     222     224     266     215
CTETRA      1048       2     214     230     231     266
CTETRA      1049       2     214     265     266     261
CTETRA      1050       2     214     222     261     266
CTETRA      1051       2     214     265     230     266
CTETRA      1052       2     214     222     266     215
CTETRA      1053       2     214     266     231     215
CTETRA      1054       2     216     240     243     267
CTETRA      1055       2     216     251     267     243
CTETRA      1056       2     216     240     267     217
CTETRA      1057       2     251     252     267     243
CTETRA      1058       2     251     216     267     233
CTETRA      1059       2     216     217     267     233
CTETRA      1060       2     243     252     267     240
CTETRA      1061       2     260     217     233     267
CTETRA      1062       2     240     268     267     217
CTETRA      1063       2     268     220     263     260
CTETRA      1064       2     268     260     267     217
CTETRA      1065       2     219     220     268     217
CTETRA      1066       2     240     219     268     217
CTETRA      1067       2     268     217     220     260
CTETRA      1068       2     218     269     239     264
CTETRA      1069       2     218     269     242     239
CTETRA      1070       2     239     240     219     269
CTETRA      1071       2     219     239     269     264
CTETRA      1072       2     219     220     264     270
CTETRA      1073       2     268     220     219     270
CTETRA      1074       2     270     219     269     264
CTETRA      1075       2     268     270     263     220
CTETRA      1076       2     240     271     219     269
CTETRA      1077       2     271     268     267     240
CTETRA      1078       2     268     270     219     271
CTETRA      1079       2     271     267     252     240
CTETRA      1080       2     240     268     219     271
CTETRA      1081       2     270     271     269     219
CTETRA      1082       2     272     223     220     264
CTETRA      1083       2     272     270     264     220
CTETRA      1084       2     263     272     220     270
CTETRA      1085       2     272     223     261     220
CTETRA      1086       2     263     261     220     272
CTETRA      1087       2     273     223     221     225
CTETRA      1088       2     273     223     264     221
CTETRA      1089       2     273     272     264     223
CTETRA      1090       2     274     272     223     261
CTETRA      1091       2     223     222     224     274
CTETRA      1092       2     222     224     274     266
CTETRA      1093       2     222     261     274     223
CTETRA      1094       2     261     265     266     274
CTETRA      1095       2     263     261     272     274
CTETRA      1096       2     261     222     274     266
CTETRA      1097       2     265     275     266     274
CTETRA      1098       2     274     276     266     224
CTETRA      1099       2     276     274     266     275
CTETRA      1100       2     224     223     277     225
CTETRA      1101       2     273     223     225     277
CTETRA      1102       2     276     274     277     224
CTETRA      1103       2     224     223     274     277
CTETRA      1104       2     273     223     277     272
CTETRA      1105       2     223     272     274     277
CTETRA      1106       2     249     248     226     278
CTETRA      1107       2     241     278     226     248
CTETRA      1108       2     244     279     227     251
CTETRA      1109       2     233     279     251     227
CTETRA      1110       2     227     280     232     233
CTETRA      1111       2     250     237     280     228
CTETRA      1112       2     255     244     280     237
CTETRA      1113       2     250     255     280     237
CTETRA      1114       2     255     279     280     244
CTETRA      1115       2     228     280     232     227
CTETRA      1116       2     244     227     280     237
CTETRA      1117       2     228     280     227     237
CTETRA      1118       2     279     227     233     280
CTETRA      1119       2     279     244     227     280
CTETRA      1120       2     265     262     236     281
CTETRA      1121       2     230     259     281     236
CTETRA      1122       2     230     236     281     265
CTETRA      1123       2     230     231     282     258
CTETRA      1124       2     282     229     258     231
CTETRA      1125       2     259     230     282     258
CTETRA      1126       2     230     281     259     282
CTETRA      1127       2     281     283     282     230
CTETRA      1128       2     231     230     282     283
CTETRA      1129       2     231     230     283     266
CTETRA      1130       2     281     230     265     283
CTETRA      1131       2     265     266     283     230
CTETRA      1132       2     284     251     233     279
CTETRA      1133       2     251     284     233     267
CTETRA      1134       2     285     232     280     233
CTETRA      1135       2     285     232     233     235
CTETRA      1136       2     235     234     233     285
CTETRA      1137       2     279     280     233     285
CTETRA      1138       2     284     233     285     279
CTETRA      1139       2     233     286     285     234
CTETRA      1140       2     233     286     284     285
CTETRA      1141       2     286     260     234     233
CTETRA      1142       2     284     286     233     267
CTETRA      1143       2     286     260     233     267
CTETRA      1144       2     234     259     260     286
CTETRA      1145       2     287     286     267     260
CTETRA      1146       2     259     288     286     234
CTETRA      1147       2     235     288     234     285
CTETRA      1148       2     234     235     258     288
CTETRA      1149       2     259     234     258     288
CTETRA      1150       2     288     286     234     285
CTETRA      1151       2     262     287     260     289
CTETRA      1152       2     262     289     236     281
CTETRA      1153       2     289     286     260     259
CTETRA      1154       2     259     281     236     289
CTETRA      1155       2     236     259     289     260
CTETRA      1156       2     262     236     289     260
CTETRA      1157       2     289     259     288     286
CTETRA      1158       2     287     286     260     289
CTETRA      1159       2     250     237     238     290
CTETRA      1160       2     257     238     237     290
CTETRA      1161       2     255     256     237     290
CTETRA      1162       2     257     237     256     290
CTETRA      1163       2     250     237     290     255
CTETRA      1164       2     247     291     239     242
CTETRA      1165       2     242     269     291     239
CTETRA      1166       2     271     291     269     240
CTETRA      1167       2     240     239     291     269
CTETRA      1168       2     240     239     247     291
CTETRA      1169       2     243     291     240     247
CTETRA      1170       2     291     271     252     240
CTETRA      1171       2     243     291     252     240
CTETRA      1172       2     292     271     267     252
CTETRA      1173       2     292     291     271     252
CTETRA      1174       2     271     292     269     291
CTETRA      1175       2     241     278     248     293
CTETRA      1176       2     242     241     247     293
CTETRA      1177       2     242     291     293     247
CTETRA      1178       2     241     248     247     293
CTETRA      1179       2     294     242     291     293
CTETRA      1180       2     294     242     269     291
CTETRA      1181       2     291     292     269     294
CTETRA      1182       2     252     295     291     243
CTETRA      1183       2     243     253     295     247
CTETRA      1184       2     252     295     243     251
CTETRA      1185       2     243     291     247     295
CTETRA      1186       2     243     253     251     295
CTETRA      1187       2     244     255     296     256
CTETRA      1188       2     253     296     244     251
CTETRA      1189       2     279     244     255     296
CTETRA      1190       2     279     251     296     284
CTETRA      1191       2     279     296     251     244
CTETRA      1192       2     296     253     295     251
CTETRA      1193       2     244     253     256     296
CTETRA      1194       2     297     295     253     247
CTETRA      1195       2     295     297     291     247
CTETRA      1196       2     254     297     247     248
CTETRA      1197       2     254     297     253     247
CTETRA      1198       2     256     257     298     245
CTETRA      1199       2     246     245     298     257
CTETRA      1200       2     254     256     298     245
CTETRA      1201       2     254     297     248     298
CTETRA      1202       2     254     298     248     246
CTETRA      1203       2     254     245     298     246
CTETRA      1204       2     249     248     298     246
CTETRA      1205       2     297     247     248     299
CTETRA      1206       2     293     299     248     247
CTETRA      1207       2     295     299     291     297
CTETRA      1208       2     299     294     291     293
CTETRA      1209       2     299     291     247     293
CTETRA      1210       2     291     297     299     247
CTETRA      1211       2     252     295     299     291
CTETRA      1212       2     249     248     300     298
CTETRA      1213       2     299     300     293     248
CTETRA      1214       2     249     248     278     300
CTETRA      1215       2     278     300     248     293
CTETRA      1216       2     297     300     248     298
CTETRA      1217       2     297     300     299     248
CTETRA      1218       2     299     297     301     300
CTETRA      1219       2     301     297     299     295
CTETRA      1220       2     255     302     250     280
CTETRA      1221       2     255     302     290     250
CTETRA      1222       2     255     279     302     280
CTETRA      1223       2     301     299     303     295
CTETRA      1224       2     252     303     292     291
CTETRA      1225       2     252     303     291     299
CTETRA      1226       2     252     295     303     299
CTETRA      1227       2     252     292     304     267
CTETRA      1228       2     252     303     304     292
CTETRA      1229       2     305     251     296     295
CTETRA      1230       2     252     305     295     251
CTETRA      1231       2     252     305     304     303
CTETRA      1232       2     251     305     296     284
CTETRA      1233       2     251     305     284     267
CTETRA      1234       2     305     251     252     267
CTETRA      1235       2     305     252     304     267
CTETRA      1236       2     252     295     305     303
CTETRA      1237       2     306     287     286     267
CTETRA      1238       2     306     284     305     267
CTETRA      1239       2     306     304     267     305
CTETRA      1240       2     306     267     304     287
CTETRA      1241       2     306     284     267     286
CTETRA      1242       2     254     297     298     307
CTETRA      1243       2     296     307     295     253
CTETRA      1244       2     307     296     256     253
CTETRA      1245       2     297     254     253     307
CTETRA      1246       2     256     253     254     307
CTETRA      1247       2     297     295     307     253
CTETRA      1248       2     297     295     301     307
CTETRA      1249       2     256     254     298     307
CTETRA      1250       2     296     279     284     308
CTETRA      1251       2     296     305     308     284
CTETRA      1252       2     309     308     302     279
CTETRA      1253       2     308     296     279     309
CTETRA      1254       2     307     296     309     256
CTETRA      1255       2     296     309     308     307
CTETRA      1256       2     255     309     256     290
CTETRA      1257       2     255     279     296     309
CTETRA      1258       2     309     255     256     296
CTETRA      1259       2     302     255     290     309
CTETRA      1260       2     255     302     279     309
CTETRA      1261       2     310     256     290     257
CTETRA      1262       2     256     309     307     310
CTETRA      1263       2     256     310     298     257
CTETRA      1264       2     256     307     298     310
CTETRA      1265       2     310     309     290     256
CTETRA      1266       2     259     289     288     311
CTETRA      1267       2     258     311     282     259
CTETRA      1268       2     259     281     289     311
CTETRA      1269       2     281     311     259     282
CTETRA      1270       2     259     258     311     288
CTETRA      1271       2     281     289     312     262
CTETRA      1272       2     281     265     262     312
CTETRA      1273       2     281     312     283     265
CTETRA      1274       2     281     312     289     311
CTETRA      1275       2     268     267     260     313
CTETRA      1276       2     262     313     263     260
CTETRA      1277       2     313     287     304     267
CTETRA      1278       2     268     313     260     263
CTETRA      1279       2     287     262     260     313
CTETRA      1280       2     287     313     260     267
CTETRA      1281       2     262     289     312     314
CTETRA      1282       2     262     265     314     312
CTETRA      1283       2     287     313     314     262
CTETRA      1284       2     262     287     289     314
CTETRA      1285       2     263     313     262     315
CTETRA      1286       2     262     314     315     313
CTETRA      1287       2     262     265     261     315
CTETRA      1288       2     263     261     315     262
CTETRA      1289       2     263     274     272     315
CTETRA      1290       2     275     274     265     315
CTETRA      1291       2     261     274     315     265
CTETRA      1292       2     262     314     265     315
CTETRA      1293       2     275     315     265     314
CTETRA      1294       2     263     261     274     315
CTETRA      1295       2     263     270     316     272
CTETRA      1296       2     316     263     315     313
CTETRA      1297       2     263     316     315     272
CTETRA      1298       2     263     268     313     316
CTETRA      1299       2     270     268     263     316
CTETRA      1300       2     270     317     316     272
CTETRA      1301       2     272     273     264     317
CTETRA      1302       2     317     270     264     272
CTETRA      1303       2     317     270     269     264
CTETRA      1304       2     318     312     314     265
CTETRA      1305       2     318     275     265     314
CTETRA      1306       2     319     275     276     266
CTETRA      1307       2     265     266     319     283
CTETRA      1308       2     318     265     319     312
CTETRA      1309       2     265     283     319     312
CTETRA      1310       2     265     319     266     275
CTETRA      1311       2     275     319     318     265
CTETRA      1312       2     271     268     320     267
CTETRA      1313       2     313     268     267     320
CTETRA      1314       2     292     271     320     267
CTETRA      1315       2     304     292     320     267
CTETRA      1316       2     271     268     270     320
CTETRA      1317       2     304     313     267     320
CTETRA      1318       2     292     304     320     303
CTETRA      1319       2     313     316     268     320
CTETRA      1320       2     316     270     268     320
CTETRA      1321       2     316     320     321     270
CTETRA      1322       2     271     292     321     269
CTETRA      1323       2     294     321     292     269
CTETRA      1324       2     292     320     271     321
CTETRA      1325       2     270     317     321     316
CTETRA      1326       2     271     270     321     320
CTETRA      1327       2     317     270     321     269
CTETRA      1328       2     271     270     269     321
CTETRA      1329       2     274     276     277     322
CTETRA      1330       2     274     322     277     272
CTETRA      1331       2     274     272     315     322
CTETRA      1332       2     315     316     322     272
CTETRA      1333       2     272     317     316     322
CTETRA      1334       2     272     273     317     322
CTETRA      1335       2     273     272     277     322
CTETRA      1336       2     323     318     314     275
CTETRA      1337       2     323     315     275     314
CTETRA      1338       2     275     324     318     319
CTETRA      1339       2     323     324     318     275
CTETRA      1340       2     315     275     325     323
CTETRA      1341       2     274     276     322     325
CTETRA      1342       2     315     325     274     322
CTETRA      1343       2     315     275     274     325
CTETRA      1344       2     275     276     274     325
CTETRA      1345       2     275     324     325     323
CTETRA      1346       2     324     275     326     319
CTETRA      1347       2     275     319     276     326
CTETRA      1348       2     275     325     326     276
CTETRA      1349       2     324     325     326     275
CTETRA      1350       2     327     277     276     322
CTETRA      1351       2     325     326     276     327
CTETRA      1352       2     325     327     276     322
CTETRA      1353       2     328     278     293     300
CTETRA      1354       2     299     293     300     328
CTETRA      1355       2     284     306     305     329
CTETRA      1356       2     329     284     308     305
CTETRA      1357       2     329     308     284     330
CTETRA      1358       2     280     279     330     285
CTETRA      1359       2     279     280     330     302
CTETRA      1360       2     330     279     284     285
CTETRA      1361       2     279     330     284     308
CTETRA      1362       2     279     308     302     330
CTETRA      1363       2     283     281     282     331
CTETRA      1364       2     281     312     311     331
CTETRA      1365       2     281     312     331     283
CTETRA      1366       2     311     281     331     282
CTETRA      1367       2     332     283     312     319
CTETRA      1368       2     318     332     312     319
CTETRA      1369       2     332     283     331     312
CTETRA      1370       2     329     284     333     330
CTETRA      1371       2     333     284     329     306
CTETRA      1372       2     306     284     286     333
CTETRA      1373       2     330     334     285     284
CTETRA      1374       2     333     284     334     330
CTETRA      1375       2     288     286     285     334
CTETRA      1376       2     286     284     285     334
CTETRA      1377       2     284     333     334     286
CTETRA      1378       2     306     335     287     304
CTETRA      1379       2     287     313     304     335
CTETRA      1380       2     287     313     335     314
CTETRA      1381       2     335     287     336     306
CTETRA      1382       2     335     333     306     336
CTETRA      1383       2     286     334     288     336
CTETRA      1384       2     333     334     286     336
CTETRA      1385       2     289     286     288     336
CTETRA      1386       2     335     287     314     336
CTETRA      1387       2     289     287     336     314
CTETRA      1388       2     289     286     336     287
CTETRA      1389       2     306     333     286     336
CTETRA      1390       2     287     286     336     306
CTETRA      1391       2     289     288     311     337
CTETRA      1392       2     337     334     336     288
CTETRA      1393       2     289     337     336     288
CTETRA      1394       2     289     311     312     337
CTETRA      1395       2     338     318     312     314
CTETRA      1396       2     336     338     289     314
CTETRA      1397       2     338     289     312     337
CTETRA      1398       2     338     312     289     314
CTETRA      1399       2     336     338     314     335
CTETRA      1400       2     336     337     289     338
CTETRA      1401       2     310     309     339     290
CTETRA      1402       2     302     309     290     339
CTETRA      1403       2     303     292     291     340
CTETRA      1404       2     294     291     340     299
CTETRA      1405       2     303     299     340     291
CTETRA      1406       2     292     340     303     320
CTETRA      1407       2     292     294     291     340
CTETRA      1408       2     292     340     321     294
CTETRA      1409       2     292     320     321     340
CTETRA      1410       2     299     293     341     294
CTETRA      1411       2     341     294     340     299
CTETRA      1412       2     293     299     341     328
CTETRA      1413       2     340     342     294     341
CTETRA      1414       2     342     340     294     321
CTETRA      1415       2     340     342     343     321
CTETRA      1416       2     340     343     303     320
CTETRA      1417       2     340     343     320     321
CTETRA      1418       2     304     320     303     343
CTETRA      1419       2     344     304     313     335
CTETRA      1420       2     320     304     344     343
CTETRA      1421       2     304     320     344     313
CTETRA      1422       2     345     344     304     343
CTETRA      1423       2     345     343     304     303
CTETRA      1424       2     295     305     346     296
CTETRA      1425       2     295     305     303     346
CTETRA      1426       2     301     295     303     346
CTETRA      1427       2     296     307     308     346
CTETRA      1428       2     307     296     295     346
CTETRA      1429       2     329     308     346     305
CTETRA      1430       2     296     308     305     346
CTETRA      1431       2     346     301     295     307
CTETRA      1432       2     307     297     298     347
CTETRA      1433       2     307     347     298     310
CTETRA      1434       2     300     298     297     347
CTETRA      1435       2     346     301     307     347
CTETRA      1436       2     297     307     301     347
CTETRA      1437       2     297     301     300     347
CTETRA      1438       2     343     348     303     345
CTETRA      1439       2     340     343     348     303
CTETRA      1440       2     303     340     299     349
CTETRA      1441       2     349     348     346     303
CTETRA      1442       2     341     299     340     349
CTETRA      1443       2     301     346     303     349
CTETRA      1444       2     301     299     349     303
CTETRA      1445       2     348     340     303     349
CTETRA      1446       2     349     350     341     299
CTETRA      1447       2     301     349     350     346
CTETRA      1448       2     341     328     299     350
CTETRA      1449       2     301     349     299     350
CTETRA      1450       2     301     346     350     347
CTETRA      1451       2     300     350     299     328
CTETRA      1452       2     301     299     300     350
CTETRA      1453       2     347     350     301     300
CTETRA      1454       2     309     308     351     302
CTETRA      1455       2     309     302     351     339
CTETRA      1456       2     308     351     302     330
CTETRA      1457       2     308     329     351     330
CTETRA      1458       2     335     306     352     304
CTETRA      1459       2     344     335     352     304
CTETRA      1460       2     333     335     306     352
CTETRA      1461       2     344     345     304     352
CTETRA      1462       2     303     353     348     346
CTETRA      1463       2     305     304     303     353
CTETRA      1464       2     345     348     303     353
CTETRA      1465       2     333     306     353     352
CTETRA      1466       2     305     353     303     346
CTETRA      1467       2     345     353     304     352
CTETRA      1468       2     304     353     345     303
CTETRA      1469       2     353     305     329     346
CTETRA      1470       2     304     353     306     352
CTETRA      1471       2     305     304     353     306
CTETRA      1472       2     333     329     353     306
CTETRA      1473       2     305     353     329     306
CTETRA      1474       2     308     329     354     351
CTETRA      1475       2     329     308     354     346
CTETRA      1476       2     351     308     355     354
CTETRA      1477       2     310     309     355     339
CTETRA      1478       2     307     347     310     355
CTETRA      1479       2     308     309     351     355
CTETRA      1480       2     309     310     355     307
CTETRA      1481       2     307     347     355     346
CTETRA      1482       2     339     309     355     351
CTETRA      1483       2     308     354     346     355
CTETRA      1484       2     307     346     355     308
CTETRA      1485       2     309     308     307     355
CTETRA      1486       2     356     346     354     355
CTETRA      1487       2     356     354     346     329
CTETRA      1488       2     349     356     346     348
CTETRA      1489       2     353     356     346     329
CTETRA      1490       2     356     353     346     348
CTETRA      1491       2     357     311     312     331
CTETRA      1492       2     338     357     337     312
CTETRA      1493       2     312     331     332     357
CTETRA      1494       2     357     311     337     312
CTETRA      1495       2     358     357     338     312
CTETRA      1496       2     312     318     358     332
CTETRA      1497       2     358     312     332     357
CTETRA      1498       2     312     338     358     318
CTETRA      1499       2     358     359     332     318
CTETRA      1500       2     358     359     318     338
CTETRA      1501       2     360     335     344     313
CTETRA      1502       2     360     314     313     315
CTETRA      1503       2     313     316     360     315
CTETRA      1504       2     313     320     360     316
CTETRA      1505       2     360     314     335     313
CTETRA      1506       2     360     344     320     313
CTETRA      1507       2     323     314     360     315
CTETRA      1508       2     344     360     361     335
CTETRA      1509       2     344     361     352     335
CTETRA      1510       2     314     362     338     318
CTETRA      1511       2     360     361     335     362
CTETRA      1512       2     314     362     335     338
CTETRA      1513       2     360     314     362     335
CTETRA      1514       2     318     338     359     362
CTETRA      1515       2     314     362     323     360
CTETRA      1516       2     323     314     318     362
CTETRA      1517       2     323     363     362     318
CTETRA      1518       2     363     323     324     318
CTETRA      1519       2     363     318     359     362
CTETRA      1520       2     323     315     364     325
CTETRA      1521       2     323     363     364     362
CTETRA      1522       2     364     323     362     360
CTETRA      1523       2     364     315     360     316
CTETRA      1524       2     364     323     360     315
CTETRA      1525       2     320     365     360     316
CTETRA      1526       2     364     360     365     316
CTETRA      1527       2     344     365     360     320
CTETRA      1528       2     344     360     365     361
CTETRA      1529       2     365     320     344     343
CTETRA      1530       2     315     325     366     364
CTETRA      1531       2     316     320     366     321
CTETRA      1532       2     316     315     366     364
CTETRA      1533       2     315     325     322     366
CTETRA      1534       2     316     315     322     366
CTETRA      1535       2     366     316     321     317
CTETRA      1536       2     366     316     317     322
CTETRA      1537       2     320     316     366     365
CTETRA      1538       2     316     364     366     365
CTETRA      1539       2     363     318     367     359
CTETRA      1540       2     324     367     318     319
CTETRA      1541       2     318     319     367     332
CTETRA      1542       2     318     367     359     332
CTETRA      1543       2     324     363     318     367
CTETRA      1544       2     324     326     367     319
CTETRA      1545       2     365     368     343     344
CTETRA      1546       2     344     365     368     361
CTETRA      1547       2     345     368     344     343
CTETRA      1548       2     365     369     366     320
CTETRA      1549       2     321     366     369     320
CTETRA      1550       2     320     321     343     369
CTETRA      1551       2     365     320     343     369
CTETRA      1552       2     368     365     343     369
CTETRA      1553       2     342     343     321     369
CTETRA      1554       2     325     370     327     322
CTETRA      1555       2     370     325     364     366
CTETRA      1556       2     370     325     366     322
CTETRA      1557       2     323     371     325     364
CTETRA      1558       2     324     371     325     323
CTETRA      1559       2     323     363     371     364
CTETRA      1560       2     325     371     370     364
CTETRA      1561       2     324     363     371     323
CTETRA      1562       2     324     325     371     326
CTETRA      1563       2     372     363     359     362
CTETRA      1564       2     373     363     367     359
CTETRA      1565       2     372     373     359     363
CTETRA      1566       2     363     324     371     374
CTETRA      1567       2     372     373     363     374
CTETRA      1568       2     324     363     367     374
CTETRA      1569       2     374     373     363     367
CTETRA      1570       2     324     326     371     375
CTETRA      1571       2     374     371     375     324
CTETRA      1572       2     324     367     326     375
CTETRA      1573       2     374     367     324     375
CTETRA      1574       2     370     327     376     325
CTETRA      1575       2     326     375     376     371
CTETRA      1576       2     326     327     325     376
CTETRA      1577       2     326     371     376     325
CTETRA      1578       2     370     371     325     376
CTETRA      1579       2     377     328     341     350
CTETRA      1580       2     349     350     377     341
CTETRA      1581       2     354     378     329     356
CTETRA      1582       2     353     378     356     329
CTETRA      1583       2     329     378     333     353
CTETRA      1584       2     378     352     333     353
CTETRA      1585       2     330     329     351     379
CTETRA      1586       2     329     354     351     379
CTETRA      1587       2     329     378     379     333
CTETRA      1588       2     378     329     379     354
CTETRA      1589       2     334     379     333     330
CTETRA      1590       2     329     379     330     333
CTETRA      1591       2     380     331     357     332
CTETRA      1592       2     358     357     332     380
CTETRA      1593       2     381     367     332     359
CTETRA      1594       2     332     380     381     358
CTETRA      1595       2     359     358     332     381
CTETRA      1596       2     373     359     367     381
CTETRA      1597       2     372     382     362     359
CTETRA      1598       2     333     335     383     336
CTETRA      1599       2     378     383     379     333
CTETRA      1600       2     383     333     352     335
CTETRA      1601       2     378     383     333     352
CTETRA      1602       2     383     333     336     384
CTETRA      1603       2     379     334     333     384
CTETRA      1604       2     383     333     384     379
CTETRA      1605       2     337     336     334     384
CTETRA      1606       2     334     336     333     384
CTETRA      1607       2     362     382     361     385
CTETRA      1608       2     361     352     335     385
CTETRA      1609       2     338     385     362     335
CTETRA      1610       2     361     362     385     335
CTETRA      1611       2     383     352     385     335
CTETRA      1612       2     383     384     336     385
CTETRA      1613       2     336     335     383     385
CTETRA      1614       2     336     338     335     385
CTETRA      1615       2     382     386     362     359
CTETRA      1616       2     382     385     362     386
CTETRA      1617       2     337     384     387     336
CTETRA      1618       2     387     337     338     357
CTETRA      1619       2     336     337     338     387
CTETRA      1620       2     384     385     387     336
CTETRA      1621       2     338     385     336     387
CTETRA      1622       2     388     358     338     359
CTETRA      1623       2     388     385     387     386
CTETRA      1624       2     388     359     362     386
CTETRA      1625       2     388     387     338     357
CTETRA      1626       2     388     338     387     385
CTETRA      1627       2     385     386     388     362
CTETRA      1628       2     338     388     359     362
CTETRA      1629       2     338     385     388     362
CTETRA      1630       2     358     388     338     357
CTETRA      1631       2     389     339     355     351
CTETRA      1632       2     354     389     355     351
CTETRA      1633       2     341     340     390     349
CTETRA      1634       2     348     349     390     340
CTETRA      1635       2     343     348     390     340
CTETRA      1636       2     341     377     349     390
CTETRA      1637       2     342     340     343     390
CTETRA      1638       2     342     340     390     341
CTETRA      1639       2     342     343     369     391
CTETRA      1640       2     342     343     391     390
CTETRA      1641       2     368     343     391     369
CTETRA      1642       2     383     392     385     352
CTETRA      1643       2     392     361     385     352
CTETRA      1644       2     392     361     382     385
CTETRA      1645       2     385     386     382     392
CTETRA      1646       2     368     345     394     343
CTETRA      1647       2     348     343     394     345
CTETRA      1648       2     368     394     391     343
CTETRA      1649       2     391     394     390     343
CTETRA      1650       2     348     343     390     394
CTETRA      1651       2     344     361     368     395
CTETRA      1652       2     345     352     395     353
CTETRA      1653       2     361     352     392     395
CTETRA      1654       2     361     352     395     344
CTETRA      1655       2     345     352     344     395
CTETRA      1656       2     345     344     368     395
CTETRA      1657       2     345     368     394     395
CTETRA      1658       2     395     393     392     361
CTETRA      1659       2     393     395     368     361
CTETRA      1660       2     393     395     394     368
CTETRA      1661       2     396     348     394     345
CTETRA      1662       2     345     396     353     395
CTETRA      1663       2     345     348     353     396
CTETRA      1664       2     356     396     353     348
CTETRA      1665       2     396     395     345     394
CTETRA      1666       2     397     396     356     348
CTETRA      1667       2     397     348     356     349
CTETRA      1668       2     356     346     355     398
CTETRA      1669       2     347     398     346     350
CTETRA      1670       2     347     398     355     346
CTETRA      1671       2     349     350     346     398
CTETRA      1672       2     356     346     398     349
CTETRA      1673       2     397     398     349     356
CTETRA      1674       2     397     399     396     348
CTETRA      1675       2     399     348     390     394
CTETRA      1676       2     396     394     348     399
CTETRA      1677       2     348     399     390     349
CTETRA      1678       2     397     348     349     399
CTETRA      1679       2     377     400     349     390
CTETRA      1680       2     349     350     400     377
CTETRA      1681       2     399     400     390     349
CTETRA      1682       2     397     399     349     400
CTETRA      1683       2     349     350     398     400
CTETRA      1684       2     397     400     349     398
CTETRA      1685       2     401     383     352     392
CTETRA      1686       2     378     383     352     401
CTETRA      1687       2     354     402     389     351
CTETRA      1688       2     354     402     351     379
CTETRA      1689       2     354     378     402     379
CTETRA      1690       2     401     392     352     403
CTETRA      1691       2     395     352     392     403
CTETRA      1692       2     401     378     403     352
CTETRA      1693       2     352     395     353     404
CTETRA      1694       2     378     352     353     404
CTETRA      1695       2     403     395     352     404
CTETRA      1696       2     396     404     397     356
CTETRA      1697       2     356     404     353     396
CTETRA      1698       2     396     404     353     395
CTETRA      1699       2     354     356     404     378
CTETRA      1700       2     356     353     404     378
CTETRA      1701       2     403     378     404     352
CTETRA      1702       2     404     403     405     378
CTETRA      1703       2     354     402     378     405
CTETRA      1704       2     404     354     378     405
CTETRA      1705       2     401     403     378     405
CTETRA      1706       2     404     356     406     397
CTETRA      1707       2     354     402     406     389
CTETRA      1708       2     406     355     354     389
CTETRA      1709       2     356     404     406     354
CTETRA      1710       2     398     356     397     406
CTETRA      1711       2     354     402     405     406
CTETRA      1712       2     404     405     406     354
CTETRA      1713       2     398     406     355     356
CTETRA      1714       2     354     356     355     406
CTETRA      1715       2     359     388     407     386
CTETRA      1716       2     373     359     407     372
CTETRA      1717       2     359     407     381     373
CTETRA      1718       2     359     388     408     407
CTETRA      1719       2     358     357     380     408
CTETRA      1720       2     407     359     381     408
CTETRA      1721       2     388     387     357     408
CTETRA      1722       2     358     388     357     408
CTETRA      1723       2     358     388     408     359
CTETRA      1724       2     358     380     381     408
CTETRA      1725       2     358     359     408     381
CTETRA      1726       2     407     409     372     359
CTETRA      1727       2     409     386     382     359
CTETRA      1728       2     372     409     382     359
CTETRA      1729       2     409     407     386     359
CTETRA      1730       2     410     409     386     382
CTETRA      1731       2     365     411     368     361
CTETRA      1732       2     361     360     411     362
CTETRA      1733       2     365     361     360     411
CTETRA      1734       2     364     360     362     411
CTETRA      1735       2     361     362     411     382
CTETRA      1736       2     365     364     411     360
CTETRA      1737       2     365     368     411     369
CTETRA      1738       2     412     393     361     392
CTETRA      1739       2     411     412     368     361
CTETRA      1740       2     412     361     411     382
CTETRA      1741       2     412     393     368     361
CTETRA      1742       2     361     412     392     382
CTETRA      1743       2     393     412     413     392
CTETRA      1744       2     393     413     412     414
CTETRA      1745       2     411     368     412     415
CTETRA      1746       2     415     394     391     368
CTETRA      1747       2     393     414     412     415
CTETRA      1748       2     393     412     368     415
CTETRA      1749       2     415     414     394     393
CTETRA      1750       2     415     394     368     393
CTETRA      1751       2     413     412     416     392
CTETRA      1752       2     416     382     392     412
CTETRA      1753       2     409     410     417     382
CTETRA      1754       2     372     417     382     409
CTETRA      1755       2     382     416     410     417
CTETRA      1756       2     371     363     418     364
CTETRA      1757       2     411     412     382     418
CTETRA      1758       2     363     372     418     362
CTETRA      1759       2     382     416     418     412
CTETRA      1760       2     417     372     382     418
CTETRA      1761       2     382     372     362     418
CTETRA      1762       2     364     362     363     418
CTETRA      1763       2     418     382     411     362
CTETRA      1764       2     364     418     411     362
CTETRA      1765       2     363     371     418     374
CTETRA      1766       2     417     372     418     374
CTETRA      1767       2     372     363     418     374
CTETRA      1768       2     382     417     418     416
CTETRA      1769       2     419     366     370     364
CTETRA      1770       2     411     365     419     364
CTETRA      1771       2     418     411     419     364
CTETRA      1772       2     369     366     419     365
CTETRA      1773       2     411     365     369     419
CTETRA      1774       2     371     370     364     419
CTETRA      1775       2     418     364     419     371
CTETRA      1776       2     364     365     419     366
CTETRA      1777       2     374     375     420     367
CTETRA      1778       2     373     420     381     367
CTETRA      1779       2     373     374     420     367
CTETRA      1780       2     373     407     381     420
CTETRA      1781       2     391     369     421     368
CTETRA      1782       2     415     391     421     368
CTETRA      1783       2     411     418     419     421
CTETRA      1784       2     411     415     421     368
CTETRA      1785       2     419     421     369     411
CTETRA      1786       2     411     368     421     369
CTETRA      1787       2     370     371     376     422
CTETRA      1788       2     371     376     422     375
CTETRA      1789       2     370     422     419     371
CTETRA      1790       2     371     422     419     418
CTETRA      1791       2     423     371     418     422
CTETRA      1792       2     423     371     422     375
CTETRA      1793       2     374     423     375     371
CTETRA      1794       2     423     374     418     371
CTETRA      1795       2     423     417     418     374
CTETRA      1796       2     373     424     407     420
CTETRA      1797       2     409     372     424     407
CTETRA      1798       2     372     417     424     374
CTETRA      1799       2     372     409     424     417
CTETRA      1800       2     373     372     424     374
CTETRA      1801       2     373     374     424     420
CTETRA      1802       2     423     374     424     417
CTETRA      1803       2     373     372     407     424
CTETRA      1804       2     420     424     425     374
CTETRA      1805       2     423     374     425     424
CTETRA      1806       2     374     423     425     375
CTETRA      1807       2     375     420     425     374
CTETRA      1808       2     426     376     375     422
CTETRA      1809       2     423     422     426     375
CTETRA      1810       2     375     425     426     423
CTETRA      1811       2     427     377     390     400
CTETRA      1812       2     399     400     427     390
CTETRA      1813       2     384     383     379     428
CTETRA      1814       2     383     378     379     428
CTETRA      1815       2     379     378     402     428
CTETRA      1816       2     401     383     428     378
CTETRA      1817       2     402     405     428     378
CTETRA      1818       2     401     378     428     405
CTETRA      1819       2     429     380     408     381
CTETRA      1820       2     407     381     429     408
CTETRA      1821       2     381     430     407     429
CTETRA      1822       2     381     407     430     420
CTETRA      1823       2     424     420     430     407
CTETRA      1824       2     431     416     392     413
CTETRA      1825       2     416     382     410     431
CTETRA      1826       2     431     382     386     392
CTETRA      1827       2     416     431     392     382
CTETRA      1828       2     386     410     382     431
CTETRA      1829       2     401     428     383     432
CTETRA      1830       2     392     385     432     383
CTETRA      1831       2     401     392     432     383
CTETRA      1832       2     387     433     385     384
CTETRA      1833       2     428     432     433     383
CTETRA      1834       2     383     384     385     433
CTETRA      1835       2     384     428     433     383
CTETRA      1836       2     432     385     433     383
CTETRA      1837       2     386     434     410     431
CTETRA      1838       2     431     434     392     386
CTETRA      1839       2     433     387     385     434
CTETRA      1840       2     386     385     387     434
CTETRA      1841       2     433     432     434     385
CTETRA      1842       2     431     432     392     434
CTETRA      1843       2     386     385     434     392
CTETRA      1844       2     392     432     385     434
CTETRA      1845       2     435     386     407     388
CTETRA      1846       2     435     409     407     386
CTETRA      1847       2     407     435     388     408
CTETRA      1848       2     410     409     435     386
CTETRA      1849       2     386     410     434     435
CTETRA      1850       2     434     386     435     436
CTETRA      1851       2     388     387     436     386
CTETRA      1852       2     388     387     408     436
CTETRA      1853       2     436     434     387     433
CTETRA      1854       2     434     436     387     386
CTETRA      1855       2     386     435     436     388
CTETRA      1856       2     408     388     436     435
CTETRA      1857       2     437     389     406     402
CTETRA      1858       2     405     437     406     402
CTETRA      1859       2     438     407     424     430
CTETRA      1860       2     435     407     409     438
CTETRA      1861       2     409     407     424     438
CTETRA      1862       2     410     439     434     435
CTETRA      1863       2     434     439     410     431
CTETRA      1864       2     410     416     431     439
CTETRA      1865       2     440     409     424     438
CTETRA      1866       2     435     440     438     409
CTETRA      1867       2     440     435     438     439
CTETRA      1868       2     410     409     440     435
CTETRA      1869       2     410     439     435     440
CTETRA      1870       2     415     414     441     394
CTETRA      1871       2     441     394     442     415
CTETRA      1872       2     391     442     390     394
CTETRA      1873       2     391     394     415     442
CTETRA      1874       2     390     442     427     399
CTETRA      1875       2     399     394     390     442
CTETRA      1876       2     441     399     442     394
CTETRA      1877       2     443     391     415     442
CTETRA      1878       2     415     443     421     391
CTETRA      1879       2     441     443     415     442
CTETRA      1880       2     415     414     443     441
CTETRA      1881       2     431     416     444     439
CTETRA      1882       2     444     416     431     413
CTETRA      1883       2     401     403     445     392
CTETRA      1884       2     431     445     413     392
CTETRA      1885       2     413     393     392     445
CTETRA      1886       2     403     395     445     392
CTETRA      1887       2     432     431     392     445
CTETRA      1888       2     432     392     401     445
CTETRA      1889       2     393     395     392     445
CTETRA      1890       2     446     393     445     395
CTETRA      1891       2     446     394     441     414
CTETRA      1892       2     393     446     445     413
CTETRA      1893       2     393     446     413     414
CTETRA      1894       2     446     393     395     394
CTETRA      1895       2     446     403     395     445
CTETRA      1896       2     446     393     394     414
CTETRA      1897       2     413     445     447     446
CTETRA      1898       2     413     414     446     447
CTETRA      1899       2     413     444     447     431
CTETRA      1900       2     413     445     431     447
CTETRA      1901       2     446     395     448     394
CTETRA      1902       2     396     394     399     448
CTETRA      1903       2     396     448     404     395
CTETRA      1904       2     397     396     399     448
CTETRA      1905       2     396     404     448     397
CTETRA      1906       2     394     399     448     441
CTETRA      1907       2     446     394     448     441
CTETRA      1908       2     403     446     448     445
CTETRA      1909       2     396     395     394     448
CTETRA      1910       2     446     403     448     395
CTETRA      1911       2     403     448     395     404
CTETRA      1912       2     397     448     449     404
CTETRA      1913       2     397     400     398     449
CTETRA      1914       2     397     399     400     449
CTETRA      1915       2     397     399     449     448
CTETRA      1916       2     449     404     406     397
CTETRA      1917       2     449     398     397     406
CTETRA      1918       2     450     414     441     443
CTETRA      1919       2     451     446     441     414
CTETRA      1920       2     414     446     447     451
CTETRA      1921       2     451     448     441     446
CTETRA      1922       2     441     451     414     450
CTETRA      1923       2     414     450     451     447
CTETRA      1924       2     441     399     452     442
CTETRA      1925       2     399     441     452     448
CTETRA      1926       2     451     441     448     452
CTETRA      1927       2     400     399     452     449
CTETRA      1928       2     399     400     452     427
CTETRA      1929       2     399     427     452     442
CTETRA      1930       2     449     399     452     448
CTETRA      1931       2     403     445     453     401
CTETRA      1932       2     403     405     401     453
CTETRA      1933       2     432     445     401     453
CTETRA      1934       2     401     405     428     453
CTETRA      1935       2     432     401     428     453
CTETRA      1936       2     405     454     402     428
CTETRA      1937       2     454     405     453     428
CTETRA      1938       2     405     454     437     402
CTETRA      1939       2     453     405     454     455
CTETRA      1940       2     403     405     455     404
CTETRA      1941       2     455     405     403     453
CTETRA      1942       2     403     448     404     455
CTETRA      1943       2     455     445     453     403
CTETRA      1944       2     403     455     445     448
CTETRA      1945       2     405     455     404     456
CTETRA      1946       2     405     455     456     454
CTETRA      1947       2     455     448     404     456
CTETRA      1948       2     406     449     456     404
CTETRA      1949       2     448     449     404     456
CTETRA      1950       2     405     404     406     456
CTETRA      1951       2     456     406     405     437
CTETRA      1952       2     405     454     456     437
CTETRA      1953       2     408     457     429     407
CTETRA      1954       2     435     438     457     407
CTETRA      1955       2     430     429     457     407
CTETRA      1956       2     438     407     430     457
CTETRA      1957       2     435     436     408     457
CTETRA      1958       2     435     407     457     408
CTETRA      1959       2     409     410     458     417
CTETRA      1960       2     410     409     458     440
CTETRA      1961       2     458     416     439     444
CTETRA      1962       2     440     409     458     424
CTETRA      1963       2     458     416     417     410
CTETRA      1964       2     410     458     416     439
CTETRA      1965       2     409     417     458     424
CTETRA      1966       2     440     410     439     458
CTETRA      1967       2     459     458     439     444
CTETRA      1968       2     440     458     439     459
CTETRA      1969       2     460     458     417     424
CTETRA      1970       2     460     458     424     440
CTETRA      1971       2     417     424     423     460
CTETRA      1972       2     415     421     461     411
CTETRA      1973       2     412     461     416     418
CTETRA      1974       2     412     411     415     461
CTETRA      1975       2     412     411     461     418
CTETRA      1976       2     411     418     421     461
CTETRA      1977       2     414     415     461     412
CTETRA      1978       2     416     444     458     461
CTETRA      1979       2     413     412     414     461
CTETRA      1980       2     412     413     416     461
CTETRA      1981       2     444     413     461     416
CTETRA      1982       2     414     413     462     447
CTETRA      1983       2     413     447     444     462
CTETRA      1984       2     414     462     450     447
CTETRA      1985       2     414     461     462     413
CTETRA      1986       2     461     413     444     462
CTETRA      1987       2     414     463     461     415
CTETRA      1988       2     463     462     414     461
CTETRA      1989       2     415     414     463     443
CTETRA      1990       2     462     463     414     450
CTETRA      1991       2     463     414     450     443
CTETRA      1992       2     443     415     421     463
CTETRA      1993       2     463     415     421     461
CTETRA      1994       2     458     460     417     464
CTETRA      1995       2     417     418     464     423
CTETRA      1996       2     417     464     460     423
CTETRA      1997       2     417     464     418     416
CTETRA      1998       2     464     461     418     416
CTETRA      1999       2     458     464     416     461
CTETRA      2000       2     458     417     416     464
CTETRA      2001       2     464     418     465     423
CTETRA      2002       2     465     421     418     461
CTETRA      2003       2     419     465     421     418
CTETRA      2004       2     464     461     465     418
CTETRA      2005       2     419     465     418     422
CTETRA      2006       2     423     422     418     465
CTETRA      2007       2     420     466     425     424
CTETRA      2008       2     420     466     424     430
CTETRA      2009       2     438     467     430     424
CTETRA      2010       2     467     466     430     424
CTETRA      2011       2     459     444     468     458
CTETRA      2012       2     461     464     468     458
CTETRA      2013       2     444     468     458     461
CTETRA      2014       2     468     462     461     444
CTETRA      2015       2     464     461     469     465
CTETRA      2016       2     469     421     465     461
CTETRA      2017       2     463     469     421     443
CTETRA      2018       2     463     469     461     421
CTETRA      2019       2     422     470     423     426
CTETRA      2020       2     426     470     423     425
CTETRA      2021       2     422     470     465     423
CTETRA      2022       2     464     465     470     423
CTETRA      2023       2     471     423     464     470
CTETRA      2024       2     425     424     466     471
CTETRA      2025       2     471     423     470     425
CTETRA      2026       2     471     423     425     424
CTETRA      2027       2     460     471     423     464
CTETRA      2028       2     460     471     424     423
CTETRA      2029       2     467     473     466     424
CTETRA      2030       2     460     471     473     424
CTETRA      2031       2     440     438     424     473
CTETRA      2032       2     473     424     471     466
CTETRA      2033       2     460     424     473     440
CTETRA      2034       2     471     473     472     460
CTETRA      2035       2     467     438     473     424
CTETRA      2036       2     425     474     471     466
CTETRA      2037       2     473     466     471     474
CTETRA      2038       2     475     426     425     470
CTETRA      2039       2     425     474     475     471
CTETRA      2040       2     471     470     475     425
CTETRA      2041       2     476     427     442     452
CTETRA      2042       2     441     442     452     476
CTETRA      2043       2     453     455     477     445
CTETRA      2044       2     432     431     445     478
CTETRA      2045       2     431     432     434     478
CTETRA      2046       2     477     453     445     478
CTETRA      2047       2     432     445     453     478
CTETRA      2048       2     479     453     432     428
CTETRA      2049       2     432     433     479     428
CTETRA      2050       2     453     479     454     428
CTETRA      2051       2     478     453     479     477
CTETRA      2052       2     479     478     432     453
CTETRA      2053       2     480     429     457     430
CTETRA      2054       2     480     481     430     457
CTETRA      2055       2     438     481     457     430
CTETRA      2056       2     467     438     430     481
CTETRA      2057       2     467     466     482     430
CTETRA      2058       2     482     467     430     481
CTETRA      2059       2     482     481     430     480
CTETRA      2060       2     444     483     447     431
CTETRA      2061       2     431     483     478     434
CTETRA      2062       2     483     478     445     431
CTETRA      2063       2     445     483     431     447
CTETRA      2064       2     431     483     439     444
CTETRA      2065       2     431     434     439     483
CTETRA      2066       2     444     459     483     439
CTETRA      2067       2     434     433     484     432
CTETRA      2068       2     478     484     434     483
CTETRA      2069       2     434     439     483     484
CTETRA      2070       2     434     436     484     433
CTETRA      2071       2     478     484     432     434
CTETRA      2072       2     478     479     432     484
CTETRA      2073       2     433     479     484     432
CTETRA      2074       2     485     438     481     457
CTETRA      2075       2     440     438     485     439
CTETRA      2076       2     438     435     485     439
CTETRA      2077       2     438     435     457     485
CTETRA      2078       2     439     435     486     434
CTETRA      2079       2     434     439     484     486
CTETRA      2080       2     436     457     435     486
CTETRA      2081       2     436     434     484     486
CTETRA      2082       2     436     434     486     435
CTETRA      2083       2     485     457     486     435
CTETRA      2084       2     439     485     486     435
CTETRA      2085       2     487     437     456     454
CTETRA      2086       2     440     488     438     473
CTETRA      2087       2     467     481     482     488
CTETRA      2088       2     485     481     438     488
CTETRA      2089       2     438     485     488     440
CTETRA      2090       2     467     488     473     438
CTETRA      2091       2     467     488     438     481
CTETRA      2092       2     489     473     488     440
CTETRA      2093       2     489     460     473     440
CTETRA      2094       2     460     458     440     489
CTETRA      2095       2     459     458     489     440
CTETRA      2096       2     489     473     460     472
CTETRA      2097       2     473     490     489     488
CTETRA      2098       2     472     490     489     473
CTETRA      2099       2     453     477     491     479
CTETRA      2100       2     453     479     491     454
CTETRA      2101       2     439     486     492     484
CTETRA      2102       2     459     489     492     440
CTETRA      2103       2     489     440     488     492
CTETRA      2104       2     439     485     492     486
CTETRA      2105       2     439     440     459     492
CTETRA      2106       2     439     492     483     484
CTETRA      2107       2     439     440     492     485
CTETRA      2108       2     492     439     483     459
CTETRA      2109       2     485     440     492     488
CTETRA      2110       2     441     493     476     452
CTETRA      2111       2     493     441     450     451
CTETRA      2112       2     441     451     493     452
CTETRA      2113       2     442     441     494     476
CTETRA      2114       2     493     494     441     476
CTETRA      2115       2     442     441     443     494
CTETRA      2116       2     450     494     443     441
CTETRA      2117       2     493     450     441     494
CTETRA      2118       2     443     463     495     450
CTETRA      2119       2     450     494     495     443
CTETRA      2120       2     463     462     469     495
CTETRA      2121       2     462     463     450     495
CTETRA      2122       2     463     469     443     495
CTETRA      2123       2     462     495     496     469
CTETRA      2124       2     447     497     445     483
CTETRA      2125       2     477     478     445     497
CTETRA      2126       2     483     478     497     445
CTETRA      2127       2     459     489     498     492
CTETRA      2128       2     499     468     496     498
CTETRA      2129       2     468     462     499     496
CTETRA      2130       2     499     459     444     468
CTETRA      2131       2     459     499     483     492
CTETRA      2132       2     459     498     499     492
CTETRA      2133       2     444     447     483     499
CTETRA      2134       2     444     459     499     483
CTETRA      2135       2     499     459     468     498
CTETRA      2136       2     468     499     462     444
CTETRA      2137       2     499     444     447     462
CTETRA      2138       2     499     500     492     498
CTETRA      2139       2     500     499     483     447
CTETRA      2140       2     500     483     499     492
CTETRA      2141       2     497     483     447     500
CTETRA      2142       2     499     501     447     500
CTETRA      2143       2     462     501     450     447
CTETRA      2144       2     501     462     496     499
CTETRA      2145       2     500     447     497     501
CTETRA      2146       2     501     499     447     462
CTETRA      2147       2     451     448     446     502
CTETRA      2148       2     446     448     445     502
CTETRA      2149       2     455     502     448     456
CTETRA      2150       2     447     497     502     445
CTETRA      2151       2     451     502     446     447
CTETRA      2152       2     445     447     446     502
CTETRA      2153       2     477     497     445     502
CTETRA      2154       2     455     502     477     445
CTETRA      2155       2     455     502     445     448
CTETRA      2156       2     503     502     447     497
CTETRA      2157       2     503     451     450     447
CTETRA      2158       2     493     451     450     503
CTETRA      2159       2     447     497     501     503
CTETRA      2160       2     503     502     451     447
CTETRA      2161       2     447     501     450     503
CTETRA      2162       2     502     451     504     503
CTETRA      2163       2     451     502     504     448
CTETRA      2164       2     449     504     448     452
CTETRA      2165       2     449     504     456     448
CTETRA      2166       2     451     504     452     448
CTETRA      2167       2     504     502     456     448
CTETRA      2168       2     462     496     505     501
CTETRA      2169       2     496     495     462     505
CTETRA      2170       2     505     450     494     495
CTETRA      2171       2     450     493     505     494
CTETRA      2172       2     505     462     501     450
CTETRA      2173       2     505     450     495     462
CTETRA      2174       2     493     506     503     450
CTETRA      2175       2     505     506     450     501
CTETRA      2176       2     450     505     493     506
CTETRA      2177       2     506     503     450     501
CTETRA      2178       2     493     451     503     507
CTETRA      2179       2     507     493     452     476
CTETRA      2180       2     493     503     506     507
CTETRA      2181       2     504     507     451     452
CTETRA      2182       2     451     503     507     504
CTETRA      2183       2     493     507     452     451
CTETRA      2184       2     487     456     508     454
CTETRA      2185       2     477     508     453     491
CTETRA      2186       2     508     502     477     455
CTETRA      2187       2     491     487     508     454
CTETRA      2188       2     455     508     456     454
CTETRA      2189       2     455     502     456     508
CTETRA      2190       2     477     453     508     455
CTETRA      2191       2     453     491     508     454
CTETRA      2192       2     453     455     454     508
CTETRA      2193       2     508     509     477     502
CTETRA      2194       2     497     509     502     477
CTETRA      2195       2     509     503     497     502
CTETRA      2196       2     504     510     456     502
CTETRA      2197       2     508     510     502     456
CTETRA      2198       2     510     508     487     456
CTETRA      2199       2     508     502     510     509
CTETRA      2200       2     485     511     488     492
CTETRA      2201       2     481     485     511     488
CTETRA      2202       2     512     485     481     457
CTETRA      2203       2     481     485     512     511
CTETRA      2204       2     485     512     486     457
CTETRA      2205       2     512     481     480     457
CTETRA      2206       2     460     471     464     513
CTETRA      2207       2     460     489     513     458
CTETRA      2208       2     464     458     513     468
CTETRA      2209       2     459     489     458     513
CTETRA      2210       2     460     458     513     464
CTETRA      2211       2     459     468     498     513
CTETRA      2212       2     459     468     513     458
CTETRA      2213       2     489     459     498     513
CTETRA      2214       2     472     489     513     460
CTETRA      2215       2     513     460     471     472
CTETRA      2216       2     514     461     469     464
CTETRA      2217       2     514     469     465     464
CTETRA      2218       2     514     513     468     464
CTETRA      2219       2     461     514     468     464
CTETRA      2220       2     462     514     469     496
CTETRA      2221       2     468     462     496     514
CTETRA      2222       2     463     469     514     461
CTETRA      2223       2     463     469     462     514
CTETRA      2224       2     468     462     514     461
CTETRA      2225       2     463     462     461     514
CTETRA      2226       2     470     471     515     464
CTETRA      2227       2     465     515     464     470
CTETRA      2228       2     514     513     464     515
CTETRA      2229       2     514     515     464     465
CTETRA      2230       2     515     514     469     465
CTETRA      2231       2     513     464     515     471
CTETRA      2232       2     489     516     513     498
CTETRA      2233       2     472     489     516     513
CTETRA      2234       2     472     490     516     489
CTETRA      2235       2     467     482     518     488
CTETRA      2236       2     467     466     518     482
CTETRA      2237       2     466     474     473     518
CTETRA      2238       2     467     466     473     518
CTETRA      2239       2     467     488     518     473
CTETRA      2240       2     513     519     468     498
CTETRA      2241       2     519     516     498     513
CTETRA      2242       2     468     496     498     519
CTETRA      2243       2     513     514     468     519
CTETRA      2244       2     468     514     496     519
CTETRA      2245       2     520     495     469     496
CTETRA      2246       2     514     520     469     496
CTETRA      2247       2     514     515     469     520
CTETRA      2248       2     520     496     514     519
CTETRA      2249       2     470     521     471     475
CTETRA      2250       2     472     513     521     471
CTETRA      2251       2     470     521     515     471
CTETRA      2252       2     513     515     521     471
CTETRA      2253       2     516     519     522     513
CTETRA      2254       2     472     490     522     516
CTETRA      2255       2     472     522     513     516
CTETRA      2256       2     472     522     521     513
CTETRA      2257       2     523     472     521     471
CTETRA      2258       2     521     523     471     475
CTETRA      2259       2     472     473     471     523
CTETRA      2260       2     474     523     475     471
CTETRA      2261       2     523     473     471     474
CTETRA      2262       2     490     472     523     473
CTETRA      2263       2     472     522     490     523
CTETRA      2264       2     522     523     472     521
CTETRA      2265       2     490     517     488     524
CTETRA      2266       2     518     524     474     473
CTETRA      2267       2     490     473     524     488
CTETRA      2268       2     523     524     473     474
CTETRA      2269       2     490     524     473     523
CTETRA      2270       2     524     518     488     473
CTETRA      2271       2     490     516     525     522
CTETRA      2272       2     490     525     516     517
CTETRA      2273       2     524     490     517     525
CTETRA      2274       2     525     490     522     523
CTETRA      2275       2     490     524     523     525
CTETRA      2276       2     523     524     474     526
CTETRA      2277       2     518     524     526     474
CTETRA      2278       2     474     527     475     523
CTETRA      2279       2     521     527     523     475
CTETRA      2280       2     523     474     527     526
CTETRA      2281       2     507     493     476     528
CTETRA      2282       2     494     493     528     476
CTETRA      2283       2     493     507     506     528
CTETRA      2284       2     497     509     477     529
CTETRA      2285       2     508     477     529     491
CTETRA      2286       2     508     529     477     509
CTETRA      2287       2     477     491     479     530
CTETRA      2288       2     478     479     484     530
CTETRA      2289       2     477     497     529     530
CTETRA      2290       2     478     484     483     530
CTETRA      2291       2     478     477     479     530
CTETRA      2292       2     477     478     497     530
CTETRA      2293       2     477     491     530     529
CTETRA      2294       2     478     483     497     530
CTETRA      2295       2     531     497     530     529
CTETRA      2296       2     531     497     483     530
CTETRA      2297       2     500     483     492     531
CTETRA      2298       2     500     497     483     531
CTETRA      2299       2     500     531     492     532
CTETRA      2300       2     500     532     492     498
CTETRA      2301       2     481     482     533     480
CTETRA      2302       2     481     512     533     511
CTETRA      2303       2     481     512     480     533
CTETRA      2304       2     481     511     534     488
CTETRA      2305       2     517     511     488     534
CTETRA      2306       2     518     524     488     534
CTETRA      2307       2     482     481     534     488
CTETRA      2308       2     481     533     534     511
CTETRA      2309       2     482     481     533     534
CTETRA      2310       2     517     524     534     488
CTETRA      2311       2     482     518     488     534
CTETRA      2312       2     530     484     483     535
CTETRA      2313       2     535     486     484     492
CTETRA      2314       2     530     531     535     483
CTETRA      2315       2     483     492     531     535
CTETRA      2316       2     492     483     484     535
CTETRA      2317       2     512     485     536     511
CTETRA      2318       2     485     512     536     486
CTETRA      2319       2     535     486     492     536
CTETRA      2320       2     485     511     492     536
CTETRA      2321       2     486     485     492     536
CTETRA      2322       2     491     508     487     537
CTETRA      2323       2     510     508     537     487
CTETRA      2324       2     508     491     529     537
CTETRA      2325       2     538     511     492     488
CTETRA      2326       2     489     538     492     488
CTETRA      2327       2     490     538     517     516
CTETRA      2328       2     517     538     488     511
CTETRA      2329       2     516     490     538     489
CTETRA      2330       2     516     538     498     489
CTETRA      2331       2     517     490     488     538
CTETRA      2332       2     498     489     538     492
CTETRA      2333       2     490     489     488     538
CTETRA      2334       2     539     519     498     496
CTETRA      2335       2     501     499     496     539
CTETRA      2336       2     498     499     539     496
CTETRA      2337       2     516     541     498     538
CTETRA      2338       2     540     541     538     498
CTETRA      2339       2     540     539     541     498
CTETRA      2340       2     516     519     498     541
CTETRA      2341       2     539     519     541     498
CTETRA      2342       2     541     516     542     538
CTETRA      2343       2     517     525     516     542
CTETRA      2344       2     538     542     517     516
CTETRA      2345       2     541     538     542     540
CTETRA      2346       2     517     525     543     524
CTETRA      2347       2     517     543     525     542
CTETRA      2348       2     542     544     538     517
CTETRA      2349       2     544     538     517     511
CTETRA      2350       2     545     532     492     531
CTETRA      2351       2     545     535     492     536
CTETRA      2352       2     545     535     531     492
CTETRA      2353       2     546     529     491     537
CTETRA      2354       2     529     546     530     531
CTETRA      2355       2     546     529     530     491
CTETRA      2356       2     547     536     492     511
CTETRA      2357       2     540     532     498     547
CTETRA      2358       2     511     544     547     536
CTETRA      2359       2     545     547     536     492
CTETRA      2360       2     540     538     547     498
CTETRA      2361       2     545     547     492     532
CTETRA      2362       2     532     547     492     498
CTETRA      2363       2     538     547     492     511
CTETRA      2364       2     538     547     498     492
CTETRA      2365       2     544     538     511     547
CTETRA      2366       2     548     532     540     547
CTETRA      2367       2     548     532     547     545
CTETRA      2368       2     549     496     539     501
CTETRA      2369       2     496     501     549     505
CTETRA      2370       2     505     501     549     506
CTETRA      2371       2     505     495     494     550
CTETRA      2372       2     494     528     493     550
CTETRA      2373       2     493     506     550     528
CTETRA      2374       2     505     494     493     550
CTETRA      2375       2     505     506     550     493
CTETRA      2376       2     495     505     496     551
CTETRA      2377       2     505     495     550     551
CTETRA      2378       2     496     520     495     551
CTETRA      2379       2     496     549     551     505
CTETRA      2380       2     549     552     539     496
CTETRA      2381       2     552     539     496     519
CTETRA      2382       2     549     496     551     552
CTETRA      2383       2     552     519     496     520
CTETRA      2384       2     520     496     552     551
CTETRA      2385       2     500     531     553     497
CTETRA      2386       2     553     497     503     501
CTETRA      2387       2     500     553     501     497
CTETRA      2388       2     509     497     553     529
CTETRA      2389       2     497     531     553     529
CTETRA      2390       2     509     553     497     503
CTETRA      2391       2     532     540     498     554
CTETRA      2392       2     500     553     554     501
CTETRA      2393       2     500     554     532     498
CTETRA      2394       2     549     554     501     539
CTETRA      2395       2     539     498     540     554
CTETRA      2396       2     500     499     501     554
CTETRA      2397       2     500     499     554     498
CTETRA      2398       2     500     553     531     554
CTETRA      2399       2     500     532     554     531
CTETRA      2400       2     499     501     554     539
CTETRA      2401       2     498     539     499     554
CTETRA      2402       2     532     540     554     555
CTETRA      2403       2     540     539     554     555
CTETRA      2404       2     548     532     555     540
CTETRA      2405       2     506     501     549     556
CTETRA      2406       2     506     503     501     556
CTETRA      2407       2     553     556     501     503
CTETRA      2408       2     509     553     503     556
CTETRA      2409       2     554     501     556     549
CTETRA      2410       2     553     554     501     556
CTETRA      2411       2     557     507     503     504
CTETRA      2412       2     509     502     510     557
CTETRA      2413       2     506     503     556     557
CTETRA      2414       2     503     509     556     557
CTETRA      2415       2     503     557     506     507
CTETRA      2416       2     503     509     557     502
CTETRA      2417       2     504     502     557     510
CTETRA      2418       2     502     503     504     557
CTETRA      2419       2     558     556     549     554
CTETRA      2420       2     550     559     505     551
CTETRA      2421       2     558     559     549     556
CTETRA      2422       2     505     559     550     506
CTETRA      2423       2     549     559     551     505
CTETRA      2424       2     559     506     549     556
CTETRA      2425       2     559     505     549     506
CTETRA      2426       2     560     557     507     506
CTETRA      2427       2     560     550     506     528
CTETRA      2428       2     559     506     560     550
CTETRA      2429       2     506     560     557     556
CTETRA      2430       2     506     559     560     556
CTETRA      2431       2     558     559     556     560
CTETRA      2432       2     560     507     528     506
CTETRA      2433       2     552     539     561     549
CTETRA      2434       2     562     549     554     558
CTETRA      2435       2     561     562     539     555
CTETRA      2436       2     549     554     539     562
CTETRA      2437       2     555     554     562     539
CTETRA      2438       2     561     562     549     539
CTETRA      2439       2     553     556     509     563
CTETRA      2440       2     529     546     563     537
CTETRA      2441       2     529     509     563     553
CTETRA      2442       2     529     508     537     564
CTETRA      2443       2     557     564     510     509
CTETRA      2444       2     508     510     564     509
CTETRA      2445       2     510     508     564     537
CTETRA      2446       2     563     529     537     564
CTETRA      2447       2     529     563     509     564
CTETRA      2448       2     529     509     508     564
CTETRA      2449       2     509     557     564     556
CTETRA      2450       2     563     509     564     556
CTETRA      2451       2     517     542     565     543
CTETRA      2452       2     544     542     565     517
CTETRA      2453       2     565     517     534     511
CTETRA      2454       2     544     565     511     517
CTETRA      2455       2     511     544     566     565
CTETRA      2456       2     511     566     536     512
CTETRA      2457       2     566     512     511     533
CTETRA      2458       2     566     511     534     533
CTETRA      2459       2     565     511     534     566
CTETRA      2460       2     511     566     544     536
CTETRA      2461       2     515     567     513     521
CTETRA      2462       2     522     567     521     513
CTETRA      2463       2     515     514     567     520
CTETRA      2464       2     522     519     567     513
CTETRA      2465       2     519     552     567     520
CTETRA      2466       2     514     515     567     513
CTETRA      2467       2     520     567     519     514
CTETRA      2468       2     513     514     519     567
CTETRA      2469       2     541     516     568     542
CTETRA      2470       2     522     519     568     567
CTETRA      2471       2     516     568     522     519
CTETRA      2472       2     568     525     516     522
CTETRA      2473       2     525     568     516     542
CTETRA      2474       2     541     516     519     568
CTETRA      2475       2     524     517     534     569
CTETRA      2476       2     524     518     526     569
CTETRA      2477       2     543     524     569     517
CTETRA      2478       2     565     534     517     569
CTETRA      2479       2     518     524     534     569
CTETRA      2480       2     543     517     569     565
CTETRA      2481       2     519     539     541     570
CTETRA      2482       2     552     519     567     570
CTETRA      2483       2     552     519     570     539
CTETRA      2484       2     519     568     567     570
CTETRA      2485       2     541     568     519     570
CTETRA      2486       2     552     561     539     570
CTETRA      2487       2     539     561     541     570
CTETRA      2488       2     571     552     520     567
CTETRA      2489       2     571     552     567     570
CTETRA      2490       2     552     571     520     551
CTETRA      2491       2     541     568     572     542
CTETRA      2492       2     572     568     541     570
CTETRA      2493       2     572     570     541     561
CTETRA      2494       2     568     572     542     573
CTETRA      2495       2     525     568     542     573
CTETRA      2496       2     543     525     542     573
CTETRA      2497       2     522     523     574     525
CTETRA      2498       2     568     525     574     573
CTETRA      2499       2     522     567     568     574
CTETRA      2500       2     522     525     574     568
CTETRA      2501       2     522     567     574     521
CTETRA      2502       2     521     523     527     574
CTETRA      2503       2     522     523     521     574
CTETRA      2504       2     523     527     574     526
CTETRA      2505       2     575     543     573     525
CTETRA      2506       2     543     575     569     524
CTETRA      2507       2     525     524     523     575
CTETRA      2508       2     525     575     543     524
CTETRA      2509       2     575     525     573     574
CTETRA      2510       2     575     526     523     574
CTETRA      2511       2     525     575     523     574
CTETRA      2512       2     526     575     524     569
CTETRA      2513       2     526     524     575     523
CTETRA      2514       2     543     576     569     577
CTETRA      2515       2     575     526     577     569
CTETRA      2516       2     575     569     577     543
CTETRA      2517       2     576     573     577     543
CTETRA      2518       2     575     573     543     577
CTETRA      2519       2     578     527     526     574
CTETRA      2520       2     575     526     574     578
CTETRA      2521       2     575     526     578     577
CTETRA      2522       2     579     528     550     560
CTETRA      2523       2     559     550     560     579
CTETRA      2524       2     553     531     554     580
CTETRA      2525       2     563     529     580     546
CTETRA      2526       2     532     531     580     554
CTETRA      2527       2     529     580     546     531
CTETRA      2528       2     531     553     529     580
CTETRA      2529       2     563     529     553     580
CTETRA      2530       2     532     581     555     554
CTETRA      2531       2     532     581     554     580
CTETRA      2532       2     548     532     581     555
CTETRA      2533       2     582     530     546     531
CTETRA      2534       2     530     582     535     531
CTETRA      2535       2     580     582     546     531
CTETRA      2536       2     545     582     531     535
CTETRA      2537       2     583     581     532     580
CTETRA      2538       2     548     532     583     581
CTETRA      2539       2     548     532     545     583
CTETRA      2540       2     583     580     531     582
CTETRA      2541       2     583     582     531     545
CTETRA      2542       2     583     580     532     531
CTETRA      2543       2     532     545     583     531
CTETRA      2544       2     584     533     566     534
CTETRA      2545       2     565     584     566     534
CTETRA      2546       2     543     585     569     576
CTETRA      2547       2     543     585     565     569
CTETRA      2548       2     534     586     569     565
CTETRA      2549       2     585     586     565     569
CTETRA      2550       2     534     586     565     584
CTETRA      2551       2     545     587     582     535
CTETRA      2552       2     545     548     587     547
CTETRA      2553       2     545     587     535     536
CTETRA      2554       2     545     587     536     547
CTETRA      2555       2     587     536     547     588
CTETRA      2556       2     544     565     588     566
CTETRA      2557       2     547     544     588     536
CTETRA      2558       2     588     566     536     544
CTETRA      2559       2     563     580     589     546
CTETRA      2560       2     546     590     563     537
CTETRA      2561       2     564     590     537     563
CTETRA      2562       2     563     589     590     546
CTETRA      2563       2     544     547     591     538
CTETRA      2564       2     544     591     547     588
CTETRA      2565       2     542     544     591     538
CTETRA      2566       2     542     591     540     538
CTETRA      2567       2     547     548     591     540
CTETRA      2568       2     547     540     591     538
CTETRA      2569       2     542     544     592     591
CTETRA      2570       2     544     592     565     542
CTETRA      2571       2     592     542     543     565
CTETRA      2572       2     592     585     565     543
CTETRA      2573       2     541     540     542     594
CTETRA      2574       2     572     541     594     561
CTETRA      2575       2     539     541     561     594
CTETRA      2576       2     540     541     539     594
CTETRA      2577       2     591     594     542     540
CTETRA      2578       2     555     561     594     539
CTETRA      2579       2     541     572     594     542
CTETRA      2580       2     555     540     594     548
CTETRA      2581       2     540     555     594     539
CTETRA      2582       2     540     591     594     548
CTETRA      2583       2     595     572     573     542
CTETRA      2584       2     585     592     595     543
CTETRA      2585       2     592     593     585     595
CTETRA      2586       2     543     573     542     595
CTETRA      2587       2     595     572     542     594
CTETRA      2588       2     542     591     592     595
CTETRA      2589       2     573     576     595     543
CTETRA      2590       2     542     592     543     595
CTETRA      2591       2     591     542     594     595
CTETRA      2592       2     576     585     595     543
CTETRA      2593       2     596     544     591     592
CTETRA      2594       2     544     596     588     565
CTETRA      2595       2     592     544     565     596
CTETRA      2596       2     596     544     588     591
CTETRA      2597       2     587     545     582     597
CTETRA      2598       2     583     597     582     545
CTETRA      2599       2     597     548     545     583
CTETRA      2600       2     597     583     581     548
CTETRA      2601       2     597     545     548     587
CTETRA      2602       2     580     583     598     582
CTETRA      2603       2     580     582     598     546
CTETRA      2604       2     598     589     546     590
CTETRA      2605       2     589     598     546     580
CTETRA      2606       2     587     547     599     588
CTETRA      2607       2     548     547     599     587
CTETRA      2608       2     591     599     547     588
CTETRA      2609       2     548     591     599     547
CTETRA      2610       2     597     548     599     587
CTETRA      2611       2     596     591     588     599
CTETRA      2612       2     599     591     548     594
CTETRA      2613       2     600     555     561     594
CTETRA      2614       2     600     561     572     594
CTETRA      2615       2     561     600     562     555
CTETRA      2616       2     555     601     548     594
CTETRA      2617       2     581     601     548     555
CTETRA      2618       2     599     601     594     548
CTETRA      2619       2     555     594     600     601
CTETRA      2620       2     581     597     548     601
CTETRA      2621       2     597     548     601     599
CTETRA      2622       2     561     552     549     602
CTETRA      2623       2     562     602     561     549
CTETRA      2624       2     549     602     552     551
CTETRA      2625       2     603     559     549     558
CTETRA      2626       2     603     549     559     551
CTETRA      2627       2     603     562     558     549
CTETRA      2628       2     602     603     549     562
CTETRA      2629       2     602     603     551     549
CTETRA      2630       2     604     570     572     561
CTETRA      2631       2     604     561     572     600
CTETRA      2632       2     559     550     605     551
CTETRA      2633       2     603     605     551     559
CTETRA      2634       2     559     550     579     605
CTETRA      2635       2     603     602     551     605
CTETRA      2636       2     571     552     570     606
CTETRA      2637       2     571     552     606     551
CTETRA      2638       2     552     561     570     606
CTETRA      2639       2     604     561     606     570
CTETRA      2640       2     602     561     552     606
CTETRA      2641       2     602     606     551     605
CTETRA      2642       2     602     606     552     551
CTETRA      2643       2     602     607     561     606
CTETRA      2644       2     602     562     561     607
CTETRA      2645       2     602     607     606     605
CTETRA      2646       2     561     607     604     606
CTETRA      2647       2     601     555     581     608
CTETRA      2648       2     608     555     562     600
CTETRA      2649       2     555     608     601     600
CTETRA      2650       2     556     558     609     554
CTETRA      2651       2     553     556     609     554
CTETRA      2652       2     553     609     580     554
CTETRA      2653       2     609     580     554     581
CTETRA      2654       2     609     556     553     563
CTETRA      2655       2     589     563     609     580
CTETRA      2656       2     609     563     553     580
CTETRA      2657       2     580     589     581     609
CTETRA      2658       2     608     555     581     610
CTETRA      2659       2     558     610     554     562
CTETRA      2660       2     610     558     554     609
CTETRA      2661       2     608     562     555     610
CTETRA      2662       2     609     610     581     554
CTETRA      2663       2     581     555     554     610
CTETRA      2664       2     562     555     610     554
CTETRA      2665       2     556     558     611     609
CTETRA      2666       2     609     556     563     611
CTETRA      2667       2     610     558     609     611
CTETRA      2668       2     556     558     560     611
CTETRA      2669       2     611     560     556     557
CTETRA      2670       2     611     557     556     564
CTETRA      2671       2     563     564     611     556
CTETRA      2672       2     612     562     608     610
CTETRA      2673       2     610     558     612     562
CTETRA      2674       2     603     562     612     558
CTETRA      2675       2     602     607     612     562
CTETRA      2676       2     602     603     562     612
CTETRA      2677       2     611     613     558     560
CTETRA      2678       2     610     558     613     612
CTETRA      2679       2     558     610     613     611
CTETRA      2680       2     603     558     612     613
CTETRA      2681       2     579     559     605     613
CTETRA      2682       2     560     579     613     559
CTETRA      2683       2     559     558     613     560
CTETRA      2684       2     603     559     613     605
CTETRA      2685       2     603     558     613     559
CTETRA      2686       2     600     561     614     604
CTETRA      2687       2     600     608     614     562
CTETRA      2688       2     607     614     612     562
CTETRA      2689       2     600     561     562     614
CTETRA      2690       2     607     562     561     614
CTETRA      2691       2     612     614     608     562
CTETRA      2692       2     614     561     607     604
CTETRA      2693       2     609     615     581     610
CTETRA      2694       2     608     615     610     581
CTETRA      2695       2     615     609     581     589
CTETRA      2696       2     601     581     615     608
CTETRA      2697       2     589     609     616     615
CTETRA      2698       2     589     563     590     616
CTETRA      2699       2     589     563     616     609
CTETRA      2700       2     609     563     616     611
CTETRA      2701       2     563     564     590     616
CTETRA      2702       2     564     563     611     616
CTETRA      2703       2     617     589     616     615
CTETRA      2704       2     619     565     585     586
CTETRA      2705       2     619     586     584     565
CTETRA      2706       2     592     565     619     596
CTETRA      2707       2     592     619     565     585
CTETRA      2708       2     618     592     619     596
CTETRA      2709       2     619     565     620     596
CTETRA      2710       2     596     620     588     565
CTETRA      2711       2     618     619     620     596
CTETRA      2712       2     619     620     565     584
CTETRA      2713       2     566     620     565     588
CTETRA      2714       2     566     620     584     565
CTETRA      2715       2     621     567     574     568
CTETRA      2716       2     621     570     567     568
CTETRA      2717       2     568     621     573     574
CTETRA      2718       2     570     572     568     621
CTETRA      2719       2     570     571     621     567
CTETRA      2720       2     568     572     573     621
CTETRA      2721       2     570     622     572     621
CTETRA      2722       2     572     570     604     622
CTETRA      2723       2     622     572     621     573
CTETRA      2724       2     604     572     623     600
CTETRA      2725       2     594     572     600     623
CTETRA      2726       2     572     595     623     594
CTETRA      2727       2     622     572     623     604
CTETRA      2728       2     577     624     576     569
CTETRA      2729       2     585     624     586     569
CTETRA      2730       2     585     576     624     569
CTETRA      2731       2     570     622     621     625
CTETRA      2732       2     570     571     625     621
CTETRA      2733       2     571     570     625     606
CTETRA      2734       2     604     622     625     623
CTETRA      2735       2     604     625     622     570
CTETRA      2736       2     604     625     570     606
CTETRA      2737       2     593     626     585     595
CTETRA      2738       2     576     626     595     585
CTETRA      2739       2     576     585     624     626
CTETRA      2740       2     622     623     572     627
CTETRA      2741       2     623     627     595     572
CTETRA      2742       2     627     595     572     573
CTETRA      2743       2     573     627     595     576
CTETRA      2744       2     626     576     595     627
CTETRA      2745       2     622     627     572     573
CTETRA      2746       2     576     628     577     573
CTETRA      2747       2     628     573     576     627
CTETRA      2748       2     576     628     627     626
CTETRA      2749       2     574     578     629     575
CTETRA      2750       2     575     573     629     574
CTETRA      2751       2     629     621     574     573
CTETRA      2752       2     628     573     629     577
CTETRA      2753       2     628     573     627     629
CTETRA      2754       2     575     578     629     577
CTETRA      2755       2     575     573     577     629
CTETRA      2756       2     622     621     629     573
CTETRA      2757       2     627     573     622     629
CTETRA      2758       2     624     577     576     630
CTETRA      2759       2     576     626     624     630
CTETRA      2760       2     628     576     577     630
CTETRA      2761       2     576     628     626     630
CTETRA      2762       2     631     578     577     629
CTETRA      2763       2     628     629     631     577
CTETRA      2764       2     577     628     630     631
CTETRA      2765       2     632     579     605     613
CTETRA      2766       2     583     597     581     633
CTETRA      2767       2     583     581     580     633
CTETRA      2768       2     581     633     601     615
CTETRA      2769       2     589     598     580     633
CTETRA      2770       2     633     615     581     589
CTETRA      2771       2     580     633     581     589
CTETRA      2772       2     583     580     598     633
CTETRA      2773       2     581     601     633     597
CTETRA      2774       2     589     617     598     633
CTETRA      2775       2     617     615     633     589
CTETRA      2776       2     597     634     582     587
CTETRA      2777       2     583     582     634     598
CTETRA      2778       2     583     597     634     582
CTETRA      2779       2     633     634     598     583
CTETRA      2780       2     597     634     633     583
CTETRA      2781       2     620     619     635     584
CTETRA      2782       2     586     619     584     635
CTETRA      2783       2     619     586     637     635
CTETRA      2784       2     619     585     637     586
CTETRA      2785       2     585     592     637     593
CTETRA      2786       2     636     637     624     586
CTETRA      2787       2     585     624     637     586
CTETRA      2788       2     593     585     626     637
CTETRA      2789       2     593     618     592     637
CTETRA      2790       2     636     586     635     637
CTETRA      2791       2     585     592     619     637
CTETRA      2792       2     585     637     624     626
CTETRA      2793       2     618     619     592     637
CTETRA      2794       2     638     588     587     599
CTETRA      2795       2     597     599     638     587
CTETRA      2796       2     588     596     599     638
CTETRA      2797       2     597     634     587     638
CTETRA      2798       2     588     639     596     638
CTETRA      2799       2     588     596     639     620
CTETRA      2800       2     618     596     620     639
CTETRA      2801       2     618     593     640     637
CTETRA      2802       2     617     589     598     641
CTETRA      2803       2     617     589     641     616
CTETRA      2804       2     598     589     590     641
CTETRA      2805       2     616     589     641     590
CTETRA      2806       2     642     593     637     640
CTETRA      2807       2     593     642     637     626
CTETRA      2808       2     643     600     614     604
CTETRA      2809       2     643     604     623     600
CTETRA      2810       2     604     643     623     625
CTETRA      2811       2     644     618     640     639
CTETRA      2812       2     618     644     596     639
CTETRA      2813       2     618     640     593     644
CTETRA      2814       2     640     593     644     642
CTETRA      2815       2     595     623     645     627
CTETRA      2816       2     593     642     645     644
CTETRA      2817       2     645     593     595     626
CTETRA      2818       2     595     645     626     627
CTETRA      2819       2     642     593     645     626
CTETRA      2820       2     593     595     592     646
CTETRA      2821       2     591     646     599     596
CTETRA      2822       2     645     595     593     646
CTETRA      2823       2     618     596     644     646
CTETRA      2824       2     593     618     644     646
CTETRA      2825       2     591     646     594     599
CTETRA      2826       2     593     646     644     645
CTETRA      2827       2     596     592     646     618
CTETRA      2828       2     593     618     646     592
CTETRA      2829       2     596     646     592     591
CTETRA      2830       2     646     591     595     592
CTETRA      2831       2     646     591     594     595
CTETRA      2832       2     646     647     595     594
CTETRA      2833       2     594     599     647     601
CTETRA      2834       2     645     595     647     623
CTETRA      2835       2     646     594     599     647
CTETRA      2836       2     647     595     594     623
CTETRA      2837       2     645     646     647     595
CTETRA      2838       2     643     600     623     647
CTETRA      2839       2     647     600     623     594
CTETRA      2840       2     594     600     601     647
CTETRA      2841       2     646     644     648     596
CTETRA      2842       2     644     639     648     596
CTETRA      2843       2     646     648     647     599
CTETRA      2844       2     638     648     639     596
CTETRA      2845       2     646     599     596     648
CTETRA      2846       2     599     648     638     596
CTETRA      2847       2     634     597     649     638
CTETRA      2848       2     648     599     638     649
CTETRA      2849       2     599     597     638     649
CTETRA      2850       2     649     633     601     597
CTETRA      2851       2     633     649     601     615
CTETRA      2852       2     601     649     597     599
CTETRA      2853       2     633     634     597     649
CTETRA      2854       2     633     634     650     598
CTETRA      2855       2     617     633     650     598
CTETRA      2856       2     617     650     641     598
CTETRA      2857       2     614     600     643     651
CTETRA      2858       2     600     651     647     643
CTETRA      2859       2     600     614     608     651
CTETRA      2860       2     601     652     599     647
CTETRA      2861       2     648     652     647     599
CTETRA      2862       2     649     648     599     652
CTETRA      2863       2     601     649     599     652
CTETRA      2864       2     649     601     615     652
CTETRA      2865       2     608     601     652     615
CTETRA      2866       2     651     608     600     652
CTETRA      2867       2     651     647     652     600
CTETRA      2868       2     652     647     601     600
CTETRA      2869       2     608     601     600     652
CTETRA      2870       2     603     602     605     653
CTETRA      2871       2     653     632     605     613
CTETRA      2872       2     653     612     613     603
CTETRA      2873       2     603     653     605     613
CTETRA      2874       2     607     602     653     605
CTETRA      2875       2     603     612     602     653
CTETRA      2876       2     607     612     653     602
CTETRA      2877       2     604     625     654     643
CTETRA      2878       2     606     607     604     654
CTETRA      2879       2     614     607     654     604
CTETRA      2880       2     643     614     654     604
CTETRA      2881       2     625     604     654     606
CTETRA      2882       2     653     655     607     605
CTETRA      2883       2     607     606     605     655
CTETRA      2884       2     607     606     655     654
CTETRA      2885       2     653     655     605     632
CTETRA      2886       2     607     655     656     654
CTETRA      2887       2     614     607     656     654
CTETRA      2888       2     653     607     655     656
CTETRA      2889       2     614     607     612     656
CTETRA      2890       2     612     653     656     607
CTETRA      2891       2     608     657     615     652
CTETRA      2892       2     612     614     656     657
CTETRA      2893       2     651     608     652     657
CTETRA      2894       2     608     615     657     610
CTETRA      2895       2     612     610     608     657
CTETRA      2896       2     614     656     657     651
CTETRA      2897       2     612     608     614     657
CTETRA      2898       2     608     651     614     657
CTETRA      2899       2     658     611     613     610
CTETRA      2900       2     616     611     658     609
CTETRA      2901       2     610     609     615     658
CTETRA      2902       2     609     616     615     658
CTETRA      2903       2     653     612     658     613
CTETRA      2904       2     610     612     613     658
CTETRA      2905       2     610     609     658     611
CTETRA      2906       2     610     612     658     657
CTETRA      2907       2     657     610     615     658
CTETRA      2908       2     653     612     659     658
CTETRA      2909       2     653     632     613     659
CTETRA      2910       2     659     613     653     658
CTETRA      2911       2     612     657     656     659
CTETRA      2912       2     657     658     659     612
CTETRA      2913       2     653     612     656     659
CTETRA      2914       2     643     614     660     654
CTETRA      2915       2     656     660     614     654
CTETRA      2916       2     656     614     660     651
CTETRA      2917       2     643     651     660     614
CTETRA      2918       2     643     661     660     651
CTETRA      2919       2     647     623     661     645
CTETRA      2920       2     643     661     647     623
CTETRA      2921       2     661     651     643     647
CTETRA      2922       2     615     617     633     662
CTETRA      2923       2     662     615     657     652
CTETRA      2924       2     649     662     652     615
CTETRA      2925       2     617     650     633     662
CTETRA      2926       2     633     649     615     662
CTETRA      2927       2     617     641     663     616
CTETRA      2928       2     663     658     615     616
CTETRA      2929       2     617     650     662     663
CTETRA      2930       2     617     641     650     663
CTETRA      2931       2     615     657     663     662
CTETRA      2932       2     657     615     663     658
CTETRA      2933       2     617     615     663     662
CTETRA      2934       2     617     615     616     663
CTETRA      2935       2     620     619     664     635
CTETRA      2936       2     640     618     637     664
CTETRA      2937       2     619     618     620     664
CTETRA      2938       2     618     640     639     664
CTETRA      2939       2     618     639     620     664
CTETRA      2940       2     619     664     635     637
CTETRA      2941       2     618     619     637     664
CTETRA      2942       2     642     645     644     666
CTETRA      2943       2     667     623     645     661
CTETRA      2944       2     661     623     643     667
CTETRA      2945       2     667     666     661     645
CTETRA      2946       2     623     668     625     643
CTETRA      2947       2     622     623     668     625
CTETRA      2948       2     623     668     643     667
CTETRA      2949       2     623     627     622     668
CTETRA      2950       2     669     622     668     625
CTETRA      2951       2     622     669     629     621
CTETRA      2952       2     622     669     621     625
CTETRA      2953       2     628     627     669     629
CTETRA      2954       2     622     669     668     627
CTETRA      2955       2     622     669     627     629
CTETRA      2956       2     627     670     623     645
CTETRA      2957       2     645     667     670     623
CTETRA      2958       2     645     666     670     667
CTETRA      2959       2     668     667     623     670
CTETRA      2960       2     670     626     645     627
CTETRA      2961       2     627     623     670     668
CTETRA      2962       2     645     642     670     666
CTETRA      2963       2     670     645     626     642
CTETRA      2964       2     636     637     671     624
CTETRA      2965       2     671     630     624     672
CTETRA      2966       2     672     642     626     637
CTETRA      2967       2     626     672     624     630
CTETRA      2968       2     626     672     670     642
CTETRA      2969       2     672     671     637     624
CTETRA      2970       2     626     672     637     624
CTETRA      2971       2     668     667     673     643
CTETRA      2972       2     673     668     643     625
CTETRA      2973       2     654     625     673     643
CTETRA      2974       2     668     669     625     673
CTETRA      2975       2     643     654     660     673
CTETRA      2976       2     674     672     630     671
CTETRA      2977       2     674     672     626     630
CTETRA      2978       2     674     630     626     628
CTETRA      2979       2     626     672     674     670
CTETRA      2980       2     627     628     675     626
CTETRA      2981       2     668     627     669     675
CTETRA      2982       2     627     675     628     669
CTETRA      2983       2     670     675     626     627
CTETRA      2984       2     675     627     670     668
CTETRA      2985       2     670     675     674     626
CTETRA      2986       2     675     628     674     626
CTETRA      2987       2     628     629     676     631
CTETRA      2988       2     674     630     628     676
CTETRA      2989       2     675     676     674     628
CTETRA      2990       2     629     628     676     669
CTETRA      2991       2     628     631     676     630
CTETRA      2992       2     675     676     628     669
CTETRA      2993       2     674     630     677     671
CTETRA      2994       2     678     631     630     676
CTETRA      2995       2     674     677     630     678
CTETRA      2996       2     674     630     676     678
CTETRA      2997       2     655     653     679     632
CTETRA      2998       2     659     632     679     653
CTETRA      2999       2     649     634     638     680
CTETRA      3000       2     649     648     680     638
CTETRA      3001       2     650     633     662     680
CTETRA      3002       2     649     633     680     662
CTETRA      3003       2     633     634     680     650
CTETRA      3004       2     649     633     634     680
CTETRA      3005       2     665     636     635     681
CTETRA      3006       2     664     681     635     637
CTETRA      3007       2     636     637     681     671
CTETRA      3008       2     636     637     635     681
CTETRA      3009       2     665     664     681     635
CTETRA      3010       2     640     681     664     637
CTETRA      3011       2     672     682     637     671
CTETRA      3012       2     682     681     637     671
CTETRA      3013       2     683     682     671     681
CTETRA      3014       2     681     683     665     636
CTETRA      3015       2     683     636     681     671
CTETRA      3016       2     640     642     684     637
CTETRA      3017       2     642     684     637     672
CTETRA      3018       2     684     682     637     672
CTETRA      3019       2     684     681     637     682
CTETRA      3020       2     640     684     681     637
CTETRA      3021       2     685     642     644     666
CTETRA      3022       2     684     642     640     685
CTETRA      3023       2     640     685     642     644
CTETRA      3024       2     648     638     687     680
CTETRA      3025       2     648     638     639     687
CTETRA      3026       2     644     687     648     639
CTETRA      3027       2     686     687     648     644
CTETRA      3028       2     688     686     685     644
CTETRA      3029       2     644     639     689     687
CTETRA      3030       2     688     686     644     689
CTETRA      3031       2     688     685     689     644
CTETRA      3032       2     686     687     644     689
CTETRA      3033       2     640     664     689     639
CTETRA      3034       2     644     640     689     639
CTETRA      3035       2     640     644     689     685
CTETRA      3036       2     640     690     689     664
CTETRA      3037       2     684     690     685     640
CTETRA      3038       2     640     681     690     664
CTETRA      3039       2     684     690     640     681
CTETRA      3040       2     690     640     689     685
CTETRA      3041       2     690     688     685     689
CTETRA      3042       2     691     641     663     650
CTETRA      3043       2     650     691     662     663
CTETRA      3044       2     642     684     672     693
CTETRA      3045       2     642     672     670     693
CTETRA      3046       2     642     666     685     693
CTETRA      3047       2     682     684     693     672
CTETRA      3048       2     642     666     693     670
CTETRA      3049       2     684     642     685     693
CTETRA      3050       2     694     666     693     685
CTETRA      3051       2     661     660     695     643
CTETRA      3052       2     661     667     643     695
CTETRA      3053       2     667     695     673     643
CTETRA      3054       2     660     643     673     695
CTETRA      3055       2     696     660     692     654
CTETRA      3056       2     696     654     673     660
CTETRA      3057       2     695     696     673     660
CTETRA      3058       2     647     646     697     648
CTETRA      3059       2     666     685     697     644
CTETRA      3060       2     666     697     661     645
CTETRA      3061       2     686     644     697     685
CTETRA      3062       2     666     697     645     644
CTETRA      3063       2     647     697     652     648
CTETRA      3064       2     686     644     648     697
CTETRA      3065       2     648     644     646     697
CTETRA      3066       2     647     645     697     646
CTETRA      3067       2     647     697     645     661
CTETRA      3068       2     646     645     697     644
CTETRA      3069       2     666     698     697     685
CTETRA      3070       2     698     686     697     685
CTETRA      3071       2     666     685     694     698
CTETRA      3072       2     688     698     685     686
CTETRA      3073       2     661     695     699     667
CTETRA      3074       2     697     699     698     666
CTETRA      3075       2     666     698     694     699
CTETRA      3076       2     661     667     699     666
CTETRA      3077       2     699     697     661     666
CTETRA      3078       2     700     697     652     647
CTETRA      3079       2     700     697     647     661
CTETRA      3080       2     700     699     697     661
CTETRA      3081       2     661     700     651     647
CTETRA      3082       2     652     700     647     651
CTETRA      3083       2     701     652     697     648
CTETRA      3084       2     652     649     701     662
CTETRA      3085       2     649     680     701     662
CTETRA      3086       2     648     687     701     680
CTETRA      3087       2     686     697     701     698
CTETRA      3088       2     649     648     701     680
CTETRA      3089       2     700     697     701     652
CTETRA      3090       2     686     687     701     648
CTETRA      3091       2     652     648     701     649
CTETRA      3092       2     686     701     697     648
CTETRA      3093       2     702     662     701     680
CTETRA      3094       2     650     703     662     691
CTETRA      3095       2     650     703     680     662
CTETRA      3096       2     702     703     662     680
CTETRA      3097       2     704     699     667     666
CTETRA      3098       2     704     695     667     699
CTETRA      3099       2     666     699     694     704
CTETRA      3100       2     652     651     705     700
CTETRA      3101       2     651     705     657     652
CTETRA      3102       2     651     661     660     705
CTETRA      3103       2     652     705     657     662
CTETRA      3104       2     651     705     656     657
CTETRA      3105       2     660     651     705     656
CTETRA      3106       2     700     651     705     661
CTETRA      3107       2     700     701     706     652
CTETRA      3108       2     702     706     701     662
CTETRA      3109       2     701     652     662     706
CTETRA      3110       2     705     652     706     662
CTETRA      3111       2     700     705     652     706
CTETRA      3112       2     656     655     653     707
CTETRA      3113       2     707     692     655     679
CTETRA      3114       2     692     707     654     660
CTETRA      3115       2     692     707     655     654
CTETRA      3116       2     656     660     654     707
CTETRA      3117       2     655     707     679     653
CTETRA      3118       2     656     707     653     659
CTETRA      3119       2     656     707     654     655
CTETRA      3120       2     659     679     707     653
CTETRA      3121       2     707     692     708     660
CTETRA      3122       2     660     708     695     696
CTETRA      3123       2     660     708     696     692
CTETRA      3124       2     656     707     709     660
CTETRA      3125       2     709     656     705     657
CTETRA      3126       2     707     656     709     659
CTETRA      3127       2     708     707     660     709
CTETRA      3128       2     656     709     705     660
CTETRA      3129       2     708     709     660     705
CTETRA      3130       2     656     709     659     657
CTETRA      3131       2     710     705     706     662
CTETRA      3132       2     710     705     662     657
CTETRA      3133       2     705     710     709     657
CTETRA      3134       2     662     710     657     663
CTETRA      3135       2     702     710     706     662
CTETRA      3136       2     711     658     657     663
CTETRA      3137       2     711     658     659     657
CTETRA      3138       2     711     657     659     709
CTETRA      3139       2     711     710     657     709
CTETRA      3140       2     711     657     710     663
CTETRA      3141       2     712     679     707     659
CTETRA      3142       2     712     711     659     709
CTETRA      3143       2     712     707     709     659
CTETRA      3144       2     704     699     713     695
CTETRA      3145       2     695     661     713     660
CTETRA      3146       2     708     660     713     705
CTETRA      3147       2     708     695     713     660
CTETRA      3148       2     699     661     713     695
CTETRA      3149       2     661     705     713     660
CTETRA      3150       2     699     700     713     661
CTETRA      3151       2     700     661     705     713
CTETRA      3152       2     706     705     713     700
CTETRA      3153       2     710     714     663     662
CTETRA      3154       2     703     691     714     662
CTETRA      3155       2     714     711     710     663
CTETRA      3156       2     663     714     691     662
CTETRA      3157       2     702     662     703     714
CTETRA      3158       2     710     662     702     714
CTETRA      3159       2     690     689     664     715
CTETRA      3160       2     681     715     664     665
CTETRA      3161       2     715     681     664     690
CTETRA      3162       2     681     715     665     716
CTETRA      3163       2     681     665     683     716
CTETRA      3164       2     718     682     683     717
CTETRA      3165       2     682     683     671     718
CTETRA      3166       2     717     719     683     718
CTETRA      3167       2     670     667     666     720
CTETRA      3168       2     670     720     668     667
CTETRA      3169       2     670     720     675     668
CTETRA      3170       2     670     720     666     693
CTETRA      3171       2     675     720     670     674
CTETRA      3172       2     694     693     666     721
CTETRA      3173       2     721     720     666     667
CTETRA      3174       2     667     704     666     721
CTETRA      3175       2     694     721     666     704
CTETRA      3176       2     721     720     693     666
CTETRA      3177       2     668     667     722     673
CTETRA      3178       2     722     667     704     695
CTETRA      3179       2     722     721     704     667
CTETRA      3180       2     722     667     695     673
CTETRA      3181       2     722     721     667     720
CTETRA      3182       2     667     722     720     668
CTETRA      3183       2     675     720     723     668
CTETRA      3184       2     675     676     669     723
CTETRA      3185       2     668     669     673     723
CTETRA      3186       2     668     669     723     675
CTETRA      3187       2     668     723     673     722
CTETRA      3188       2     723     722     668     720
CTETRA      3189       2     674     672     724     670
CTETRA      3190       2     672     693     724     670
CTETRA      3191       2     720     724     693     670
CTETRA      3192       2     674     677     724     671
CTETRA      3193       2     672     682     671     724
CTETRA      3194       2     682     718     671     724
CTETRA      3195       2     677     718     724     671
CTETRA      3196       2     693     682     672     724
CTETRA      3197       2     672     674     724     671
CTETRA      3198       2     720     724     670     674
CTETRA      3199       2     720     721     693     724
CTETRA      3200       2     725     693     721     724
CTETRA      3201       2     721     726     704     694
CTETRA      3202       2     726     721     704     722
CTETRA      3203       2     726     704     727     722
CTETRA      3204       2     704     695     727     722
CTETRA      3205       2     722     728     673     695
CTETRA      3206       2     696     695     673     728
CTETRA      3207       2     727     722     695     728
CTETRA      3208       2     727     728     695     696
CTETRA      3209       2     722     728     723     673
CTETRA      3210       2     725     724     729     693
CTETRA      3211       2     693     724     729     682
CTETRA      3212       2     729     682     724     718
CTETRA      3213       2     717     718     682     729
CTETRA      3214       2     676     678     730     674
CTETRA      3215       2     674     677     678     730
CTETRA      3216       2     675     720     674     730
CTETRA      3217       2     720     723     730     675
CTETRA      3218       2     674     724     677     730
CTETRA      3219       2     675     676     730     674
CTETRA      3220       2     724     674     720     730
CTETRA      3221       2     676     675     730     723
CTETRA      3222       2     731     724     730     677
CTETRA      3223       2     731     729     724     718
CTETRA      3224       2     731     677     718     724
CTETRA      3225       2     731     732     718     677
CTETRA      3226       2     678     733     730     677
CTETRA      3227       2     731     677     730     733
CTETRA      3228       2     731     732     677     733
CTETRA      3229       2     707     692     679     734
CTETRA      3230       2     712     707     679     734
CTETRA      3231       2     735     701     687     680
CTETRA      3232       2     686     687     735     701
CTETRA      3233       2     703     702     735     680
CTETRA      3234       2     701     735     702     680
CTETRA      3235       2     736     686     701     698
CTETRA      3236       2     698     686     688     736
CTETRA      3237       2     736     701     686     735
CTETRA      3238       2     719     683     716     737
CTETRA      3239       2     715     681     737     716
CTETRA      3240       2     682     684     737     693
CTETRA      3241       2     715     690     737     681
CTETRA      3242       2     683     681     716     737
CTETRA      3243       2     717     737     729     682
CTETRA      3244       2     684     690     681     737
CTETRA      3245       2     682     693     737     729
CTETRA      3246       2     717     737     683     719
CTETRA      3247       2     683     682     681     737
CTETRA      3248       2     684     682     737     681
CTETRA      3249       2     737     682     717     683
CTETRA      3250       2     690     738     715     737
CTETRA      3251       2     694     685     693     738
CTETRA      3252       2     690     738     737     684
CTETRA      3253       2     690     684     685     738
CTETRA      3254       2     684     737     693     738
CTETRA      3255       2     684     685     738     693
CTETRA      3256       2     685     690     738     688
CTETRA      3257       2     688     698     739     685
CTETRA      3258       2     739     685     694     738
CTETRA      3259       2     685     698     739     694
CTETRA      3260       2     739     688     685     738
CTETRA      3261       2     698     739     740     688
CTETRA      3262       2     698     736     688     740
CTETRA      3263       2     688     686     741     736
CTETRA      3264       2     688     741     686     689
CTETRA      3265       2     686     687     689     741
CTETRA      3266       2     686     687     741     735
CTETRA      3267       2     741     736     740     688
CTETRA      3268       2     688     739     740     741
CTETRA      3269       2     736     686     741     735
CTETRA      3270       2     688     741     689     742
CTETRA      3271       2     690     689     715     742
CTETRA      3272       2     688     741     742     739
CTETRA      3273       2     690     738     742     715
CTETRA      3274       2     690     689     742     688
CTETRA      3275       2     739     738     742     688
CTETRA      3276       2     738     690     742     688
CTETRA      3277       2     743     691     714     703
CTETRA      3278       2     703     702     714     743
CTETRA      3279       2     692     707     708     744
CTETRA      3280       2     692     707     744     734
CTETRA      3281       2     744     696     708     692
CTETRA      3282       2     721     694     745     726
CTETRA      3283       2     694     693     745     738
CTETRA      3284       2     725     745     693     729
CTETRA      3285       2     739     745     738     694
CTETRA      3286       2     738     737     693     745
CTETRA      3287       2     729     693     737     745
CTETRA      3288       2     725     745     721     693
CTETRA      3289       2     694     693     721     745
CTETRA      3290       2     739     740     746     698
CTETRA      3291       2     698     746     694     699
CTETRA      3292       2     699     704     713     746
CTETRA      3293       2     745     694     746     726
CTETRA      3294       2     739     694     698     746
CTETRA      3295       2     694     745     746     739
CTETRA      3296       2     704     746     699     694
CTETRA      3297       2     704     746     694     726
CTETRA      3298       2     695     704     727     747
CTETRA      3299       2     708     695     696     747
CTETRA      3300       2     695     713     704     747
CTETRA      3301       2     747     713     708     695
CTETRA      3302       2     695     727     696     747
CTETRA      3303       2     708     747     696     748
CTETRA      3304       2     744     748     708     696
CTETRA      3305       2     744     748     696     749
CTETRA      3306       2     727     728     696     749
CTETRA      3307       2     749     727     747     696
CTETRA      3308       2     747     749     696     748
CTETRA      3309       2     698     750     746     699
CTETRA      3310       2     698     697     701     750
CTETRA      3311       2     750     736     698     740
CTETRA      3312       2     736     750     698     701
CTETRA      3313       2     698     699     697     750
CTETRA      3314       2     699     700     697     750
CTETRA      3315       2     699     713     750     746
CTETRA      3316       2     700     701     697     750
CTETRA      3317       2     750     740     698     746
CTETRA      3318       2     699     713     700     750
CTETRA      3319       2     706     750     700     713
CTETRA      3320       2     706     701     700     750
CTETRA      3321       2     710     751     714     702
CTETRA      3322       2     706     702     751     710
CTETRA      3323       2     751     702     743     714
CTETRA      3324       2     706     752     751     702
CTETRA      3325       2     706     702     701     752
CTETRA      3326       2     706     752     701     750
CTETRA      3327       2     702     752     735     701
CTETRA      3328       2     736     752     750     701
CTETRA      3329       2     736     752     701     735
CTETRA      3330       2     753     750     706     713
CTETRA      3331       2     752     706     751     753
CTETRA      3332       2     750     752     753     706
CTETRA      3333       2     754     751     702     743
CTETRA      3334       2     752     702     754     751
CTETRA      3335       2     703     702     743     754
CTETRA      3336       2     702     703     735     754
CTETRA      3337       2     752     702     735     754
CTETRA      3338       2     727     747     756     749
CTETRA      3339       2     704     746     756     713
CTETRA      3340       2     727     756     747     704
CTETRA      3341       2     747     713     704     756
CTETRA      3342       2     726     727     704     756
CTETRA      3343       2     726     704     746     756
CTETRA      3344       2     746     757     713     750
CTETRA      3345       2     757     746     713     756
CTETRA      3346       2     753     750     713     757
CTETRA      3347       2     746     757     750     740
CTETRA      3348       2     709     705     708     758
CTETRA      3349       2     705     709     710     758
CTETRA      3350       2     753     706     751     758
CTETRA      3351       2     706     758     713     705
CTETRA      3352       2     758     713     705     708
CTETRA      3353       2     753     758     713     706
CTETRA      3354       2     751     706     710     758
CTETRA      3355       2     705     706     758     710
CTETRA      3356       2     713     747     708     758
CTETRA      3357       2     709     712     759     707
CTETRA      3358       2     759     744     707     734
CTETRA      3359       2     712     707     734     759
CTETRA      3360       2     748     759     744     708
CTETRA      3361       2     708     759     758     747
CTETRA      3362       2     708     748     759     747
CTETRA      3363       2     759     708     758     709
CTETRA      3364       2     708     759     744     707
CTETRA      3365       2     708     709     759     707
CTETRA      3366       2     710     714     751     760
CTETRA      3367       2     709     710     760     711
CTETRA      3368       2     710     714     760     711
CTETRA      3369       2     709     712     711     760
CTETRA      3370       2     759     758     760     709
CTETRA      3371       2     751     710     760     758
CTETRA      3372       2     709     760     710     758
CTETRA      3373       2     709     712     760     759
CTETRA      3374       2     761     758     759     747
CTETRA      3375       2     748     761     759     747
CTETRA      3376       2     759     762     744     734
CTETRA      3377       2     759     748     762     761
CTETRA      3378       2     759     762     712     760
CTETRA      3379       2     748     759     762     744
CTETRA      3380       2     759     762     734     712
CTETRA      3381       2     763     753     757     750
CTETRA      3382       2     755     763     757     740
CTETRA      3383       2     763     740     750     757
CTETRA      3384       2     763     764     757     753
CTETRA      3385       2     713     747     758     764
CTETRA      3386       2     764     753     713     757
CTETRA      3387       2     761     764     758     747
CTETRA      3388       2     747     764     713     756
CTETRA      3389       2     764     757     713     756
CTETRA      3390       2     753     713     758     764
CTETRA      3391       2     753     765     764     758
CTETRA      3392       2     753     758     751     765
CTETRA      3393       2     764     761     758     765
CTETRA      3394       2     753     764     765     763
CTETRA      3395       2     758     751     765     760
CTETRA      3396       2     766     751     743     714
CTETRA      3397       2     751     766     743     754
CTETRA      3398       2     766     751     714     760
CTETRA      3399       2     751     766     765     760
CTETRA      3400       2     767     715     737     716
CTETRA      3401       2     742     738     767     715
CTETRA      3402       2     737     767     716     719
CTETRA      3403       2     737     738     715     767
CTETRA      3404       2     716     768     719     767
CTETRA      3405       2     729     769     745     737
CTETRA      3406       2     717     729     737     769
CTETRA      3407       2     732     770     731     718
CTETRA      3408       2     770     729     731     718
CTETRA      3409       2     729     717     718     770
CTETRA      3410       2     771     770     717     729
CTETRA      3411       2     771     769     729     717
CTETRA      3412       2     737     772     767     719
CTETRA      3413       2     719     768     772     767
CTETRA      3414       2     717     719     772     737
CTETRA      3415       2     771     769     717     772
CTETRA      3416       2     717     772     769     737
CTETRA      3417       2     719     773     772     768
CTETRA      3418       2     771     772     717     773
CTETRA      3419       2     719     717     772     773
CTETRA      3420       2     771     774     773     717
CTETRA      3421       2     719     774     717     773
CTETRA      3422       2     717     719     718     774
CTETRA      3423       2     770     732     774     718
CTETRA      3424       2     717     774     718     770
CTETRA      3425       2     771     774     717     770
CTETRA      3426       2     769     775     729     745
CTETRA      3427       2     745     725     775     729
CTETRA      3428       2     726     776     746     745
CTETRA      3429       2     726     776     756     746
CTETRA      3430       2     726     721     776     745
CTETRA      3431       2     725     745     776     721
CTETRA      3432       2     775     745     776     725
CTETRA      3433       2     721     725     777     776
CTETRA      3434       2     726     721     777     776
CTETRA      3435       2     721     726     777     722
CTETRA      3436       2     725     721     777     724
CTETRA      3437       2     728     722     777     727
CTETRA      3438       2     720     730     777     724
CTETRA      3439       2     722     728     777     723
CTETRA      3440       2     721     722     777     720
CTETRA      3441       2     723     722     720     777
CTETRA      3442       2     726     722     727     777
CTETRA      3443       2     720     721     724     777
CTETRA      3444       2     723     730     777     720
CTETRA      3445       2     778     725     777     724
CTETRA      3446       2     725     729     778     775
CTETRA      3447       2     770     731     729     778
CTETRA      3448       2     778     725     776     777
CTETRA      3449       2     725     729     724     778
CTETRA      3450       2     731     778     724     729
CTETRA      3451       2     775     725     776     778
CTETRA      3452       2     778     730     724     777
CTETRA      3453       2     731     724     778     730
CTETRA      3454       2     779     778     731     770
CTETRA      3455       2     770     779     732     731
CTETRA      3456       2     726     776     780     756
CTETRA      3457       2     727     728     749     780
CTETRA      3458       2     727     749     756     780
CTETRA      3459       2     728     727     777     780
CTETRA      3460       2     776     726     780     777
CTETRA      3461       2     727     726     777     780
CTETRA      3462       2     727     726     780     756
CTETRA      3463       2     770     781     778     729
CTETRA      3464       2     770     771     781     729
CTETRA      3465       2     779     778     770     781
CTETRA      3466       2     775     769     729     781
CTETRA      3467       2     775     781     778     776
CTETRA      3468       2     781     775     778     729
CTETRA      3469       2     769     771     729     781
CTETRA      3470       2     779     782     781     770
CTETRA      3471       2     779     770     732     782
CTETRA      3472       2     731     778     783     730
CTETRA      3473       2     783     733     731     730
CTETRA      3474       2     731     732     733     783
CTETRA      3475       2     783     777     730     778
CTETRA      3476       2     779     778     783     731
CTETRA      3477       2     779     782     732     783
CTETRA      3478       2     779     731     783     732
CTETRA      3479       2     770     732     784     774
CTETRA      3480       2     782     770     732     784
CTETRA      3481       2     733     785     783     732
CTETRA      3482       2     782     785     732     783
CTETRA      3483       2     782     784     732     785
CTETRA      3484       2     786     734     744     762
CTETRA      3485       2     748     744     762     786
CTETRA      3486       2     736     741     787     735
CTETRA      3487       2     752     754     735     787
CTETRA      3488       2     736     752     787     750
CTETRA      3489       2     736     740     750     787
CTETRA      3490       2     736     752     735     787
CTETRA      3491       2     736     740     787     741
CTETRA      3492       2     740     788     750     787
CTETRA      3493       2     740     788     763     750
CTETRA      3494       2     755     788     763     740
CTETRA      3495       2     789     776     780     777
CTETRA      3496       2     739     740     741     790
CTETRA      3497       2     755     740     757     790
CTETRA      3498       2     739     746     790     745
CTETRA      3499       2     739     742     790     741
CTETRA      3500       2     739     740     790     746
CTETRA      3501       2     746     740     790     757
CTETRA      3502       2     737     791     767     772
CTETRA      3503       2     739     791     745     790
CTETRA      3504       2     738     742     767     791
CTETRA      3505       2     739     790     742     791
CTETRA      3506       2     738     739     742     791
CTETRA      3507       2     769     791     745     737
CTETRA      3508       2     738     791     737     745
CTETRA      3509       2     739     738     745     791
CTETRA      3510       2     738     737     791     767
CTETRA      3511       2     769     791     737     772
CTETRA      3512       2     792     742     791     767
CTETRA      3513       2     791     792     790     742
CTETRA      3514       2     740     790     793     741
CTETRA      3515       2     740     787     741     793
CTETRA      3516       2     790     755     740     793
CTETRA      3517       2     793     742     741     790
CTETRA      3518       2     793     792     742     790
CTETRA      3519       2     755     788     740     793
CTETRA      3520       2     788     740     793     787
CTETRA      3521       2     794     791     790     745
CTETRA      3522       2     794     746     790     757
CTETRA      3523       2     794     746     745     790
CTETRA      3524       2     791     769     745     794
CTETRA      3525       2     775     745     769     794
CTETRA      3526       2     795     775     769     794
CTETRA      3527       2     775     795     769     781
CTETRA      3528       2     796     743     766     754
CTETRA      3529       2     797     748     761     762
CTETRA      3530       2     797     762     786     748
CTETRA      3531       2     797     798     748     786
CTETRA      3532       2     748     744     786     798
CTETRA      3533       2     748     744     798     749
CTETRA      3534       2     757     799     794     746
CTETRA      3535       2     799     756     776     746
CTETRA      3536       2     794     746     799     745
CTETRA      3537       2     757     746     756     799
CTETRA      3538       2     795     794     799     775
CTETRA      3539       2     775     794     799     745
CTETRA      3540       2     746     776     799     745
CTETRA      3541       2     775     776     745     799
CTETRA      3542       2     800     747     749     756
CTETRA      3543       2     748     798     800     749
CTETRA      3544       2     761     748     797     800
CTETRA      3545       2     761     748     800     747
CTETRA      3546       2     748     797     800     798
CTETRA      3547       2     761     764     747     800
CTETRA      3548       2     800     764     747     756
CTETRA      3549       2     748     747     749     800
CTETRA      3550       2     801     799     756     776
CTETRA      3551       2     756     801     776     780
CTETRA      3552       2     789     776     801     780
CTETRA      3553       2     802     749     780     756
CTETRA      3554       2     801     756     802     780
CTETRA      3555       2     800     802     756     749
CTETRA      3556       2     800     756     802     801
CTETRA      3557       2     802     798     749     800
CTETRA      3558       2     755     803     757     763
CTETRA      3559       2     803     799     794     757
CTETRA      3560       2     755     803     790     757
CTETRA      3561       2     794     803     757     790
CTETRA      3562       2     804     755     790     793
CTETRA      3563       2     755     804     788     793
CTETRA      3564       2     755     804     790     803
CTETRA      3565       2     753     752     805     751
CTETRA      3566       2     752     751     754     805
CTETRA      3567       2     752     750     805     787
CTETRA      3568       2     751     766     754     805
CTETRA      3569       2     753     752     750     805
CTETRA      3570       2     796     754     766     805
CTETRA      3571       2     765     751     805     766
CTETRA      3572       2     753     763     805     750
CTETRA      3573       2     753     765     805     763
CTETRA      3574       2     752     754     787     805
CTETRA      3575       2     753     765     751     805
CTETRA      3576       2     788     787     805     750
CTETRA      3577       2     763     788     805     750
CTETRA      3578       2     806     805     754     796
CTETRA      3579       2     806     805     787     754
CTETRA      3580       2     755     803     807     804
CTETRA      3581       2     755     804     807     788
CTETRA      3582       2     755     803     763     807
CTETRA      3583       2     755     788     807     763
CTETRA      3584       2     763     788     807     805
CTETRA      3585       2     757     763     808     764
CTETRA      3586       2     808     756     800     801
CTETRA      3587       2     807     763     808     803
CTETRA      3588       2     757     756     808     799
CTETRA      3589       2     757     799     808     803
CTETRA      3590       2     800     764     756     808
CTETRA      3591       2     757     756     764     808
CTETRA      3592       2     801     808     756     799
CTETRA      3593       2     757     763     803     808
CTETRA      3594       2     765     758     760     809
CTETRA      3595       2     762     759     761     809
CTETRA      3596       2     761     758     809     759
CTETRA      3597       2     762     759     809     760
CTETRA      3598       2     758     760     809     759
CTETRA      3599       2     765     761     758     809
CTETRA      3600       2     809     765     766     760
CTETRA      3601       2     797     761     809     762
CTETRA      3602       2     761     764     810     765
CTETRA      3603       2     761     810     800     797
CTETRA      3604       2     810     761     765     809
CTETRA      3605       2     761     810     764     800
CTETRA      3606       2     800     764     808     810
CTETRA      3607       2     810     761     809     797
CTETRA      3608       2     810     797     809     811
CTETRA      3609       2     797     762     811     786
CTETRA      3610       2     797     811     762     809
CTETRA      3611       2     765     810     809     812
CTETRA      3612       2     810     812     765     764
CTETRA      3613       2     763     807     812     805
CTETRA      3614       2     763     812     807     808
CTETRA      3615       2     810     812     764     808
CTETRA      3616       2     764     812     763     808
CTETRA      3617       2     764     765     763     812
CTETRA      3618       2     765     763     812     805
CTETRA      3619       2     813     807     805     812
CTETRA      3620       2     813     814     812     805
CTETRA      3621       2     814     796     766     805
CTETRA      3622       2     765     809     814     812
CTETRA      3623       2     809     765     814     766
CTETRA      3624       2     765     805     814     766
CTETRA      3625       2     765     805     812     814
CTETRA      3626       2     815     791     794     769
CTETRA      3627       2     795     815     794     769
CTETRA      3628       2     815     769     772     791
CTETRA      3629       2     815     816     791     772
CTETRA      3630       2     792     816     767     791
CTETRA      3631       2     816     772     767     791
CTETRA      3632       2     773     817     772     768
CTETRA      3633       2     818     817     768     772
CTETRA      3634       2     816     772     817     818
CTETRA      3635       2     818     767     772     768
CTETRA      3636       2     816     818     767     772
CTETRA      3637       2     816     792     767     818
CTETRA      3638       2     773     817     768     819
CTETRA      3639       2     818     819     768     817
CTETRA      3640       2     820     817     773     819
CTETRA      3641       2     817     772     821     773
CTETRA      3642       2     774     770     821     784
CTETRA      3643       2     771     821     772     773
CTETRA      3644       2     771     770     781     821
CTETRA      3645       2     769     795     815     821
CTETRA      3646       2     771     770     821     774
CTETRA      3647       2     771     821     773     774
CTETRA      3648       2     771     769     772     821
CTETRA      3649       2     782     770     784     821
CTETRA      3650       2     771     769     821     781
CTETRA      3651       2     769     772     821     815
CTETRA      3652       2     770     781     821     782
CTETRA      3653       2     769     781     795     821
CTETRA      3654       2     817     772     816     823
CTETRA      3655       2     772     823     821     815
CTETRA      3656       2     815     772     823     816
CTETRA      3657       2     823     817     772     821
CTETRA      3658       2     773     824     821     817
CTETRA      3659       2     822     820     817     824
CTETRA      3660       2     773     820     824     817
CTETRA      3661       2     823     817     821     824
CTETRA      3662       2     822     817     823     824
CTETRA      3663       2     825     774     821     784
CTETRA      3664       2     825     774     773     821
CTETRA      3665       2     825     824     821     773
CTETRA      3666       2     775     799     826     776
CTETRA      3667       2     826     795     799     775
CTETRA      3668       2     789     776     826     801
CTETRA      3669       2     799     826     776     801
CTETRA      3670       2     827     823     815     821
CTETRA      3671       2     827     795     821     815
CTETRA      3672       2     827     795     781     821
CTETRA      3673       2     775     781     828     795
CTETRA      3674       2     828     775     826     776
CTETRA      3675       2     775     828     781     776
CTETRA      3676       2     828     789     776     826
CTETRA      3677       2     828     795     826     775
CTETRA      3678       2     795     828     826     827
CTETRA      3679       2     795     828     827     781
CTETRA      3680       2     829     802     780     801
CTETRA      3681       2     789     780     801     829
CTETRA      3682       2     828     781     776     831
CTETRA      3683       2     783     778     831     777
CTETRA      3684       2     778     777     776     831
CTETRA      3685       2     779     782     783     831
CTETRA      3686       2     789     831     777     780
CTETRA      3687       2     789     831     776     777
CTETRA      3688       2     779     782     831     781
CTETRA      3689       2     789     776     831     828
CTETRA      3690       2     778     781     831     776
CTETRA      3691       2     779     778     831     783
CTETRA      3692       2     779     778     781     831
CTETRA      3693       2     828     832     789     826
CTETRA      3694       2     789     832     828     831
CTETRA      3695       2     789     833     832     831
CTETRA      3696       2     789     833     831     780
CTETRA      3697       2     833     789     829     780
CTETRA      3698       2     828     834     781     831
CTETRA      3699       2     782     834     831     781
CTETRA      3700       2     781     782     834     821
CTETRA      3701       2     828     832     834     831
CTETRA      3702       2     827     821     781     834
CTETRA      3703       2     828     834     827     781
CTETRA      3704       2     784     835     782     821
CTETRA      3705       2     835     834     782     821
CTETRA      3706       2     784     825     835     821
CTETRA      3707       2     835     784     830     825
CTETRA      3708       2     782     834     835     836
CTETRA      3709       2     836     782     834     831
CTETRA      3710       2     782     836     784     785
CTETRA      3711       2     782     836     785     783
CTETRA      3712       2     836     782     831     783
CTETRA      3713       2     782     835     784     836
CTETRA      3714       2     795     827     826     837
CTETRA      3715       2     823     827     815     837
CTETRA      3716       2     795     827     837     815
CTETRA      3717       2     838     823     837     827
CTETRA      3718       2     835     839     830     784
CTETRA      3719       2     835     784     836     840
CTETRA      3720       2     785     836     784     840
CTETRA      3721       2     835     839     784     840
CTETRA      3722       2     797     798     786     841
CTETRA      3723       2     811     797     786     841
CTETRA      3724       2     816     792     818     842
CTETRA      3725       2     788     787     793     843
CTETRA      3726       2     804     788     793     843
CTETRA      3727       2     804     788     843     807
CTETRA      3728       2     806     805     843     787
CTETRA      3729       2     788     807     805     843
CTETRA      3730       2     788     787     843     805
CTETRA      3731       2     833     789     844     829
CTETRA      3732       2     801     844     789     829
CTETRA      3733       2     833     832     844     789
CTETRA      3734       2     832     826     844     789
CTETRA      3735       2     801     844     826     789
CTETRA      3736       2     842     793     845     792
CTETRA      3737       2     842     816     792     845
CTETRA      3738       2     815     816     845     791
CTETRA      3739       2     790     794     845     791
CTETRA      3740       2     790     793     792     845
CTETRA      3741       2     804     845     790     803
CTETRA      3742       2     794     845     803     790
CTETRA      3743       2     816     791     792     845
CTETRA      3744       2     790     791     845     792
CTETRA      3745       2     794     791     815     845
CTETRA      3746       2     845     790     793     804
CTETRA      3747       2     846     815     816     845
CTETRA      3748       2     815     795     794     846
CTETRA      3749       2     842     846     816     845
CTETRA      3750       2     815     846     837     795
CTETRA      3751       2     845     846     815     794
CTETRA      3752       2     845     847     793     842
CTETRA      3753       2     845     842     846     847
CTETRA      3754       2     804     847     843     793
CTETRA      3755       2     804     845     847     793
CTETRA      3756       2     848     794     795     846
CTETRA      3757       2     794     799     848     795
CTETRA      3758       2     795     826     848     837
CTETRA      3759       2     845     848     846     794
CTETRA      3760       2     826     799     795     848
CTETRA      3761       2     794     803     845     848
CTETRA      3762       2     846     837     795     848
CTETRA      3763       2     803     794     799     848
CTETRA      3764       2     849     848     826     837
CTETRA      3765       2     813     814     805     850
CTETRA      3766       2     806     805     796     850
CTETRA      3767       2     814     850     796     805
CTETRA      3768       2     800     851     802     798
CTETRA      3769       2     810     800     797     851
CTETRA      3770       2     811     797     841     851
CTETRA      3771       2     798     797     851     841
CTETRA      3772       2     800     851     798     797
CTETRA      3773       2     797     810     851     811
CTETRA      3774       2     800     851     810     808
CTETRA      3775       2     851     852     798     841
CTETRA      3776       2     851     798     852     802
CTETRA      3777       2     803     853     808     807
CTETRA      3778       2     848     849     826     853
CTETRA      3779       2     801     844     853     826
CTETRA      3780       2     826     849     844     853
CTETRA      3781       2     801     799     853     808
CTETRA      3782       2     853     803     799     848
CTETRA      3783       2     799     801     853     826
CTETRA      3784       2     853     799     803     808
CTETRA      3785       2     799     853     848     826
CTETRA      3786       2     808     854     801     800
CTETRA      3787       2     851     800     802     854
CTETRA      3788       2     829     802     854     852
CTETRA      3789       2     854     801     800     802
CTETRA      3790       2     801     854     853     844
CTETRA      3791       2     854     829     801     802
CTETRA      3792       2     854     801     829     844
CTETRA      3793       2     851     852     854     802
CTETRA      3794       2     808     801     854     853
CTETRA      3795       2     851     808     800     854
CTETRA      3796       2     804     845     855     847
CTETRA      3797       2     803     807     804     855
CTETRA      3798       2     848     803     845     855
CTETRA      3799       2     804     803     855     845
CTETRA      3800       2     848     853     803     855
CTETRA      3801       2     803     807     855     853
CTETRA      3802       2     804     807     843     855
CTETRA      3803       2     804     843     847     855
CTETRA      3804       2     807     856     805     843
CTETRA      3805       2     856     807     855     843
CTETRA      3806       2     813     856     805     807
CTETRA      3807       2     813     856     857     805
CTETRA      3808       2     806     843     805     857
CTETRA      3809       2     806     850     857     805
CTETRA      3810       2     813     857     850     805
CTETRA      3811       2     856     857     805     843
CTETRA      3812       2     855     807     858     853
CTETRA      3813       2     853     807     858     808
CTETRA      3814       2     812     807     808     858
CTETRA      3815       2     856     858     807     813
CTETRA      3816       2     856     807     858     855
CTETRA      3817       2     858     812     807     813
CTETRA      3818       2     851     808     859     810
CTETRA      3819       2     854     859     851     808
CTETRA      3820       2     808     854     859     853
CTETRA      3821       2     808     859     858     853
CTETRA      3822       2     812     859     858     808
CTETRA      3823       2     812     808     810     859
CTETRA      3824       2     811     841     860     851
CTETRA      3825       2     852     851     860     841
CTETRA      3826       2     859     860     851     861
CTETRA      3827       2     814     812     809     861
CTETRA      3828       2     811     860     861     851
CTETRA      3829       2     813     814     861     812
CTETRA      3830       2     811     810     861     809
CTETRA      3831       2     812     810     809     861
CTETRA      3832       2     851     859     861     810
CTETRA      3833       2     810     811     861     851
CTETRA      3834       2     812     810     861     859
CTETRA      3835       2     861     862     813     812
CTETRA      3836       2     862     859     812     861
CTETRA      3837       2     858     812     813     862
CTETRA      3838       2     858     862     859     812
CTETRA      3839       2     862     861     860     859
CTETRA      3840       2     861     863     813     862
CTETRA      3841       2     813     863     861     814
CTETRA      3842       2     858     813     863     862
CTETRA      3843       2     813     863     850     857
CTETRA      3844       2     813     856     863     857
CTETRA      3845       2     813     814     850     863
CTETRA      3846       2     813     856     858     863
CTETRA      3847       2     864     849     837     848
CTETRA      3848       2     846     865     837     848
CTETRA      3849       2     864     865     848     837
CTETRA      3850       2     816     846     842     866
CTETRA      3851       2     816     818     866     842
CTETRA      3852       2     866     817     816     823
CTETRA      3853       2     823     822     838     866
CTETRA      3854       2     823     837     866     838
CTETRA      3855       2     866     818     816     817
CTETRA      3856       2     823     817     822     866
CTETRA      3857       2     837     846     866     865
CTETRA      3858       2     816     815     846     866
CTETRA      3859       2     815     866     816     823
CTETRA      3860       2     823     866     837     815
CTETRA      3861       2     846     837     866     815
CTETRA      3862       2     867     866     818     842
CTETRA      3863       2     866     846     867     865
CTETRA      3864       2     866     867     846     842
CTETRA      3865       2     817     866     868     822
CTETRA      3866       2     866     817     868     818
CTETRA      3867       2     868     818     817     819
CTETRA      3868       2     866     867     818     868
CTETRA      3869       2     819     817     868     820
CTETRA      3870       2     817     822     868     820
CTETRA      3871       2     844     854     869     829
CTETRA      3872       2     869     870     829     854
CTETRA      3873       2     829     854     870     852
CTETRA      3874       2     822     838     866     871
CTETRA      3875       2     837     838     871     866
CTETRA      3876       2     837     865     866     871
CTETRA      3877       2     866     867     871     865
CTETRA      3878       2     872     822     871     838
CTETRA      3879       2     822     874     868     820
CTETRA      3880       2     873     820     874     822
CTETRA      3881       2     822     874     871     866
CTETRA      3882       2     874     872     873     822
CTETRA      3883       2     822     874     866     868
CTETRA      3884       2     874     872     822     871
CTETRA      3885       2     874     875     868     820
CTETRA      3886       2     873     874     820     875
CTETRA      3887       2     819     868     875     820
CTETRA      3888       2     872     873     822     876
CTETRA      3889       2     873     820     822     876
CTETRA      3890       2     824     820     876     822
CTETRA      3891       2     872     822     878     876
CTETRA      3892       2     824     830     825     878
CTETRA      3893       2     821     835     878     825
CTETRA      3894       2     838     878     823     827
CTETRA      3895       2     825     824     878     821
CTETRA      3896       2     827     821     878     823
CTETRA      3897       2     824     822     876     878
CTETRA      3898       2     821     823     824     878
CTETRA      3899       2     830     824     876     878
CTETRA      3900       2     827     878     821     834
CTETRA      3901       2     838     823     878     822
CTETRA      3902       2     838     822     878     872
CTETRA      3903       2     822     823     878     824
CTETRA      3904       2     830     835     825     878
CTETRA      3905       2     835     878     834     821
CTETRA      3906       2     879     827     837     826
CTETRA      3907       2     826     849     879     844
CTETRA      3908       2     827     878     834     879
CTETRA      3909       2     832     826     879     844
CTETRA      3910       2     834     827     879     828
CTETRA      3911       2     879     849     826     837
CTETRA      3912       2     828     832     879     834
CTETRA      3913       2     826     828     832     879
CTETRA      3914       2     838     837     879     827
CTETRA      3915       2     827     878     879     838
CTETRA      3916       2     828     879     826     827
CTETRA      3917       2     876     877     830     880
CTETRA      3918       2     877     839     830     880
CTETRA      3919       2     880     872     878     876
CTETRA      3920       2     880     830     876     878
CTETRA      3921       2     832     881     844     879
CTETRA      3922       2     881     849     844     879
CTETRA      3923       2     870     869     829     882
CTETRA      3924       2     844     882     829     869
CTETRA      3925       2     833     882     829     844
CTETRA      3926       2     833     832     882     844
CTETRA      3927       2     844     881     832     882
CTETRA      3928       2     844     869     881     882
CTETRA      3929       2     835     883     878     830
CTETRA      3930       2     883     835     878     834
CTETRA      3931       2     839     830     880     883
CTETRA      3932       2     878     883     880     830
CTETRA      3933       2     835     839     883     830
CTETRA      3934       2     879     884     878     834
CTETRA      3935       2     832     884     882     881
CTETRA      3936       2     884     879     881     832
CTETRA      3937       2     884     832     834     879
CTETRA      3938       2     883     834     878     884
CTETRA      3939       2     884     834     885     883
CTETRA      3940       2     834     836     831     885
CTETRA      3941       2     832     833     885     831
CTETRA      3942       2     832     885     834     831
CTETRA      3943       2     832     833     882     885
CTETRA      3944       2     884     832     885     834
CTETRA      3945       2     832     884     885     882
CTETRA      3946       2     877     886     839     880
CTETRA      3947       2     886     883     839     880
CTETRA      3948       2     883     886     839     887
CTETRA      3949       2     835     836     834     887
CTETRA      3950       2     887     836     834     885
CTETRA      3951       2     835     883     839     887
CTETRA      3952       2     887     840     835     836
CTETRA      3953       2     883     834     885     887
CTETRA      3954       2     883     835     834     887
CTETRA      3955       2     839     840     835     887
CTETRA      3956       2     880     878     872     888
CTETRA      3957       2     838     837     888     879
CTETRA      3958       2     879     837     888     849
CTETRA      3959       2     864     849     888     837
CTETRA      3960       2     838     878     879     888
CTETRA      3961       2     879     849     888     881
CTETRA      3962       2     838     871     872     888
CTETRA      3963       2     838     837     871     888
CTETRA      3964       2     838     878     888     872
CTETRA      3965       2     864     865     837     888
CTETRA      3966       2     837     865     871     888
CTETRA      3967       2     839     886     889     887
CTETRA      3968       2     840     839     889     887
CTETRA      3969       2     877     886     889     839
CTETRA      3970       2     852     854     890     851
CTETRA      3971       2     854     859     890     851
CTETRA      3972       2     890     870     854     852
CTETRA      3973       2     890     869     854     870
CTETRA      3974       2     890     891     870     852
CTETRA      3975       2     892     860     841     852
CTETRA      3976       2     842     867     846     894
CTETRA      3977       2     842     847     894     846
CTETRA      3978       2     865     846     867     894
CTETRA      3979       2     847     843     895     855
CTETRA      3980       2     856     857     843     895
CTETRA      3981       2     856     855     895     843
CTETRA      3982       2     896     858     859     853
CTETRA      3983       2     896     858     853     855
CTETRA      3984       2     869     844     897     854
CTETRA      3985       2     849     897     844     853
CTETRA      3986       2     844     897     854     853
CTETRA      3987       2     881     849     897     844
CTETRA      3988       2     869     844     881     897
CTETRA      3989       2     864     865     898     848
CTETRA      3990       2     865     898     846     894
CTETRA      3991       2     894     898     846     847
CTETRA      3992       2     865     846     898     848
CTETRA      3993       2     894     898     847     895
CTETRA      3994       2     855     898     895     847
CTETRA      3995       2     846     848     845     898
CTETRA      3996       2     848     855     845     898
CTETRA      3997       2     845     846     898     847
CTETRA      3998       2     847     855     898     845
CTETRA      3999       2     899     897     849     853
CTETRA      4000       2     896     899     853     897
CTETRA      4001       2     896     899     855     853
CTETRA      4002       2     848     849     853     899
CTETRA      4003       2     864     849     848     899
CTETRA      4004       2     848     853     855     899
CTETRA      4005       2     864     899     848     898
CTETRA      4006       2     855     899     898     848
CTETRA      4007       2     864     899     900     849
CTETRA      4008       2     849     897     900     881
CTETRA      4009       2     899     897     900     849
CTETRA      4010       2     864     849     900     888
CTETRA      4011       2     849     881     900     888
CTETRA      4012       2     901     857     850     863
CTETRA      4013       2     890     852     851     902
CTETRA      4014       2     860     902     852     892
CTETRA      4015       2     902     859     851     890
CTETRA      4016       2     890     891     852     902
CTETRA      4017       2     902     851     860     852
CTETRA      4018       2     902     859     860     851
CTETRA      4019       2     891     892     852     902
CTETRA      4020       2     902     859     862     860
CTETRA      4021       2     859     854     903     853
CTETRA      4022       2     903     869     897     854
CTETRA      4023       2     903     890     854     859
CTETRA      4024       2     897     903     854     853
CTETRA      4025       2     902     903     859     890
CTETRA      4026       2     903     890     869     854
CTETRA      4027       2     896     859     903     853
CTETRA      4028       2     897     896     903     853
CTETRA      4029       2     897     903     904     869
CTETRA      4030       2     903     869     890     904
CTETRA      4031       2     897     900     881     904
CTETRA      4032       2     869     897     881     904
CTETRA      4033       2     860     905     902     892
CTETRA      4034       2     905     892     891     902
CTETRA      4035       2     863     901     857     906
CTETRA      4036       2     906     856     857     863
CTETRA      4037       2     906     858     856     863
CTETRA      4038       2     906     858     863     862
CTETRA      4039       2     896     858     907     906
CTETRA      4040       2     896     907     855     899
CTETRA      4041       2     855     907     895     898
CTETRA      4042       2     899     855     898     907
CTETRA      4043       2     896     858     855     907
CTETRA      4044       2     908     856     855     895
CTETRA      4045       2     908     907     895     855
CTETRA      4046       2     908     856     895     857
CTETRA      4047       2     908     856     857     906
CTETRA      4048       2     906     908     858     907
CTETRA      4049       2     856     906     908     858
CTETRA      4050       2     856     855     858     908
CTETRA      4051       2     907     908     858     855
CTETRA      4052       2     909     901     906     857
CTETRA      4053       2     908     909     857     895
CTETRA      4054       2     908     909     906     857
CTETRA      4055       2     910     907     906     896
CTETRA      4056       2     910     896     899     907
CTETRA      4057       2     858     896     911     906
CTETRA      4058       2     896     858     911     859
CTETRA      4059       2     862     858     911     906
CTETRA      4060       2     910     911     896     906
CTETRA      4061       2     862     911     858     859
CTETRA      4062       2     902     859     903     911
CTETRA      4063       2     862     859     902     911
CTETRA      4064       2     911     896     859     903
CTETRA      4065       2     862     912     860     861
CTETRA      4066       2     902     912     860     862
CTETRA      4067       2     905     860     902     912
CTETRA      4068       2     862     911     902     912
CTETRA      4069       2     862     911     912     913
CTETRA      4070       2     913     906     863     862
CTETRA      4071       2     862     913     912     861
CTETRA      4072       2     862     913     861     863
CTETRA      4073       2     911     862     906     913
CTETRA      4074       2     914     863     906     901
CTETRA      4075       2     914     909     901     906
CTETRA      4076       2     914     906     863     913
CTETRA      4077       1     893     900     888     915
CTETRA      4078       2     865     864     898     915
CTETRA      4079       2     898     865     915     894
CTETRA      4080       2     864     915     888     900
CTETRA      4081       2     864     898     915     899
CTETRA      4082       2     864     899     915     900
CTETRA      4083       2     864     865     888     915
CTETRA      4084       2     915     865     888     871
CTETRA      4085       2     894     916     867     865
CTETRA      4086       2     865     915     894     916
CTETRA      4087       2     916     867     865     871
CTETRA      4088       2     915     865     871     916
CTETRA      4089       2     917     868     874     875
CTETRA      4090       2     917     867     916     871
CTETRA      4091       2     867     866     871     917
CTETRA      4092       2     867     868     866     917
CTETRA      4093       2     874     871     866     917
CTETRA      4094       2     868     917     874     866
CTETRA      4095       1     919     915     888     871
CTETRA      4096       1     918     919     871     916
CTETRA      4097       1     919     915     871     916
CTETRA      4098       1     919     915     893     888
CTETRA      4099       1     917     920     875     874
CTETRA      4100       1     921     917     916     871
CTETRA      4101       1     918     871     921     916
CTETRA      4102       1     917     921     920     874
CTETRA      4103       1     874     921     871     917
CTETRA      4104       1     922     880     876     872
CTETRA      4105       1     922     872     888     880
CTETRA      4106       1     886     923     880     877
CTETRA      4107       1     924     922     888     880
CTETRA      4108       1     923     924     880     922
CTETRA      4109       1     918     919     925     871
CTETRA      4110       1     925     871     919     888
CTETRA      4111       1     925     871     888     872
CTETRA      4112       1     872     925     922     888
CTETRA      4113       1     871     872     925     874
CTETRA      4114       1     924     925     888     922
CTETRA      4115       1     926     925     919     888
CTETRA      4116       1     926     919     893     888
CTETRA      4117       2     891     890     870     927
CTETRA      4118       2     870     890     869     927
CTETRA      4119       2     869     890     904     927
CTETRA      4120       2     928     881     888     900
CTETRA      4121       2     928     881     900     904
CTETRA      4122       2     869     870     929     882
CTETRA      4123       2     882     869     881     929
CTETRA      4124       2     869     904     881     929
CTETRA      4125       2     870     869     929     927
CTETRA      4126       2     928     881     904     929
CTETRA      4127       2     904     869     927     929
CTETRA      4128       1     921     871     930     874
CTETRA      4129       1     871     925     930     874
CTETRA      4130       1     918     925     930     871
CTETRA      4131       1     918     921     871     930
CTETRA      4132       1     872     925     874     931
CTETRA      4133       1     922     931     925     872
CTETRA      4134       1     930     931     874     925
CTETRA      4135       1     922     931     924     925
CTETRA      4136       1     873     932     876     872
CTETRA      4137       1     872     922     932     876
CTETRA      4138       1     873     874     932     872
CTETRA      4139       1     873     932     874     875
CTETRA      4140       1     874     875     932     920
CTETRA      4141       1     872     874     932     931
CTETRA      4142       1     922     931     872     932
CTETRA      4143       1     933     922     876     932
CTETRA      4144       1     933     931     922     932
CTETRA      4145       1     932     934     931     874
CTETRA      4146       1     934     920     874     932
CTETRA      4147       1     920     921     934     874
CTETRA      4148       1     921     930     934     874
CTETRA      4149       1     930     934     874     931
CTETRA      4150       1     935     920     932     875
CTETRA      4151       1     934     935     920     932
CTETRA      4152       1     877     886     923     936
CTETRA      4153       1     877     886     936     889
CTETRA      4154       1     923     880     877     937
CTETRA      4155       1     876     877     880     937
CTETRA      4156       1     923     922     880     937
CTETRA      4157       1     936     937     923     877
CTETRA      4158       1     937     922     876     933
CTETRA      4159       1     922     876     880     937
CTETRA      4160       1     938     929     928     904
CTETRA      4161       1     938     929     904     927
CTETRA      4162       1     893     900     940     888
CTETRA      4163       1     940     928     888     900
CTETRA      4164       1     926     940     925     888
CTETRA      4165       1     940     926     893     888
CTETRA      4166       1     939     940     900     928
CTETRA      4167       1     924     880     888     941
CTETRA      4168       1     923     880     924     941
CTETRA      4169       1     886     880     923     941
CTETRA      4170       2     928     881     941     888
CTETRA      4171       2     883     880     941     878
CTETRA      4172       2     884     879     941     881
CTETRA      4173       2     880     878     888     941
CTETRA      4174       2     886     941     883     880
CTETRA      4175       2     883     941     884     878
CTETRA      4176       2     878     879     888     941
CTETRA      4177       2     884     879     878     941
CTETRA      4178       2     879     888     941     881
CTETRA      4179       2     881     882     942     884
CTETRA      4180       2     884     881     941     942
CTETRA      4181       2     882     942     929     881
CTETRA      4182       2     885     884     942     882
CTETRA      4183       2     928     881     942     941
CTETRA      4184       2     928     881     929     942
CTETRA      4185       1     923     943     941     924
CTETRA      4186       1     943     886     923     941
CTETRA      4187       1     886     943     936     889
CTETRA      4188       1     923     943     936     886
CTETRA      4189       1     886     943     889     944
CTETRA      4190       1     886     943     944     941
CTETRA      4191       2     886     883     944     887
CTETRA      4192       2     886     941     944     883
CTETRA      4193       2     887     883     944     885
CTETRA      4194       2     941     944     884     942
CTETRA      4195       2     886     944     889     887
CTETRA      4196       2     884     885     944     883
CTETRA      4197       2     941     883     884     944
CTETRA      4198       2     885     884     944     942
CTETRA      4199       1     941     928     945     942
CTETRA      4200       1     945     924     888     941
CTETRA      4201       1     924     888     925     945
CTETRA      4202       1     924     945     943     941
CTETRA      4203       1     945     941     888     928
CTETRA      4204       1     940     945     888     928
CTETRA      4205       1     940     888     945     925
CTETRA      4206       1     928     946     945     942
CTETRA      4207       1     940     939     946     928
CTETRA      4208       1     946     945     940     928
CTETRA      4209       1     947     943     889     936
CTETRA      4210       1     947     943     944     889
CTETRA      4211       1     948     936     947     889
CTETRA      4212       2     905     912     902     950
CTETRA      4213       2     905     950     902     891
CTETRA      4214       2     890     891     902     950
CTETRA      4215       2     890     903     950     902
CTETRA      4216       2     891     927     950     890
CTETRA      4217       2     950     927     904     890
CTETRA      4218       2     903     890     950     904
CTETRA      4219       1     951     904     927     938
CTETRA      4220       2     927     950     952     891
CTETRA      4221       2     905     950     891     952
CTETRA      4222       2     905     892     952     891
CTETRA      4223       1     893     900     953     940
CTETRA      4224       1     926     953     893     919
CTETRA      4225       1     919     915     953     893
CTETRA      4226       1     893     900     915     953
CTETRA      4227       1     926     953     940     893
CTETRA      4228       1     939     953     900     940
CTETRA      4229       2     916     894     954     915
CTETRA      4230       2     898     894     915     954
CTETRA      4231       2     898     894     954     895
CTETRA      4232       2     898     895     954     907
CTETRA      4233       2     895     955     954     907
CTETRA      4234       2     908     909     895     955
CTETRA      4235       2     908     895     907     955
CTETRA      4236       2     910     896     956     899
CTETRA      4237       2     900     897     899     956
CTETRA      4238       2     897     903     896     956
CTETRA      4239       2     897     956     900     904
CTETRA      4240       2     910     911     956     896
CTETRA      4241       2     897     903     956     904
CTETRA      4242       2     911     896     903     956
CTETRA      4243       2     899     896     956     897
CTETRA      4244       2     957     910     911     956
CTETRA      4245       1     951     904     938     958
CTETRA      4246       1     958     956     904     900
CTETRA      4247       1     958     904     928     900
CTETRA      4248       1     938     904     928     958
CTETRA      4249       1     900     939     928     958
CTETRA      4250       2     899     900     959     915
CTETRA      4251       2     907     959     954     898
CTETRA      4252       2     899     898     915     959
CTETRA      4253       2     899     907     898     959
CTETRA      4254       2     907     959     955     954
CTETRA      4255       2     957     910     956     959
CTETRA      4256       2     898     915     959     954
CTETRA      4257       2     910     959     899     956
CTETRA      4258       2     899     956     959     900
CTETRA      4259       2     910     907     899     959
CTETRA      4260       1     919     953     915     960
CTETRA      4261       1     960     959     915     954
CTETRA      4262       1     960     959     900     915
CTETRA      4263       1     953     960     900     915
CTETRA      4264       1     961     958     900     956
CTETRA      4265       1     956     957     959     961
CTETRA      4266       1     953     939     900     961
CTETRA      4267       1     961     956     900     959
CTETRA      4268       1     961     960     959     900
CTETRA      4269       1     961     953     960     900
CTETRA      4270       1     961     958     939     900
CTETRA      4271       1     959     960     962     954
CTETRA      4272       1     962     955     959     954
CTETRA      4273       2     901     914     963     909
CTETRA      4274       1     956     958     904     964
CTETRA      4275       2     964     950     902     912
CTETRA      4276       2     956     904     903     964
CTETRA      4277       2     964     911     903     956
CTETRA      4278       2     964     950     904     903
CTETRA      4279       2     964     903     902     950
CTETRA      4280       2     911     912     964     902
CTETRA      4281       2     903     911     964     902
CTETRA      4282       2     957     956     911     964
CTETRA      4283       1     965     950     904     964
CTETRA      4284       1     965     904     958     964
CTETRA      4285       1     951     904     958     965
CTETRA      4286       1     950     965     904     927
CTETRA      4287       1     951     904     965     927
CTETRA      4288       1     950     964     965     966
CTETRA      4289       2     966     950     964     912
CTETRA      4290       2     966     905     950     912
CTETRA      4291       2     966     905     952     950
CTETRA      4292       1     962     967     959     955
CTETRA      4293       1     967     959     957     962
CTETRA      4294       2     907     908     955     967
CTETRA      4295       2     955     909     963     967
CTETRA      4296       2     907     959     967     955
CTETRA      4297       2     909     955     908     967
CTETRA      4298       2     914     906     913     967
CTETRA      4299       2     914     963     909     967
CTETRA      4300       2     906     914     909     967
CTETRA      4301       2     910     907     967     906
CTETRA      4302       2     910     907     959     967
CTETRA      4303       2     908     906     909     967
CTETRA      4304       2     906     907     967     908
CTETRA      4305       2     910     957     967     959
CTETRA      4306       2     910     911     906     967
CTETRA      4307       2     906     913     967     911
CTETRA      4308       2     957     910     967     911
CTETRA      4309       2     966     968     912     964
CTETRA      4310       2     968     911     912     964
CTETRA      4311       2     913     968     967     911
CTETRA      4312       2     913     912     968     911
CTETRA      4313       2     964     957     968     911
CTETRA      4314       2     957     911     967     968
CTETRA      4315       2     969     913     968     967
CTETRA      4316       2     969     914     913     967
CTETRA      4317       2     969     914     967     963
CTETRA      4318       1     916     970     915     954
CTETRA      4319       1     954     915     960     970
CTETRA      4320       1     919     915     970     960
CTETRA      4321       1     919     915     916     970
CTETRA      4322       1     918     919     916     970
CTETRA      4323       1     971     916     970     918
CTETRA      4324       1     971     921     917     916
CTETRA      4325       1     921     920     971     917
CTETRA      4326       1     971     921     916     918
CTETRA      4327       1     918     930     972     921
CTETRA      4328       1     918     972     925     919
CTETRA      4329       1     918     930     925     972
CTETRA      4330       1     918     921     972     971
CTETRA      4331       1     926     919     925     972
CTETRA      4332       1     918     972     970     971
CTETRA      4333       1     918     919     970     972
CTETRA      4334       1     926     953     919     973
CTETRA      4335       1     973     919     972     970
CTETRA      4336       1     973     919     970     960
CTETRA      4337       1     919     926     973     972
CTETRA      4338       1     953     973     960     919
CTETRA      4339       1     934     920     935     974
CTETRA      4340       1     920     934     921     974
CTETRA      4341       1     921     920     974     971
CTETRA      4342       1     934     930     921     974
CTETRA      4343       1     971     921     972     975
CTETRA      4344       1     930     972     921     975
CTETRA      4345       1     971     921     975     974
CTETRA      4346       1     930     975     921     974
CTETRA      4347       1     927     950     976     952
CTETRA      4348       1     950     927     976     965
CTETRA      4349       1     976     965     927     951
CTETRA      4350       1     923     943     924     977
CTETRA      4351       1     977     924     945     943
CTETRA      4352       1     922     924     931     978
CTETRA      4353       1     924     923     977     978
CTETRA      4354       1     922     931     933     978
CTETRA      4355       1     937     923     978     936
CTETRA      4356       1     949     937     933     978
CTETRA      4357       1     933     949     978     931
CTETRA      4358       1     937     922     933     978
CTETRA      4359       1     978     923     937     922
CTETRA      4360       1     924     923     978     922
CTETRA      4361       1     943     923     979     977
CTETRA      4362       1     923     943     979     936
CTETRA      4363       1     979     948     936     947
CTETRA      4364       1     979     978     977     923
CTETRA      4365       1     923     979     978     936
CTETRA      4366       1     979     943     947     936
CTETRA      4367       1     978     949     980     931
CTETRA      4368       1     926     925     981     972
CTETRA      4369       1     924     945     981     977
CTETRA      4370       1     981     940     945     925
CTETRA      4371       1     924     981     945     925
CTETRA      4372       1     926     940     981     925
CTETRA      4373       1     925     981     931     924
CTETRA      4374       1     978     980     977     981
CTETRA      4375       1     924     977     981     978
CTETRA      4376       1     980     978     931     981
CTETRA      4377       1     924     978     981     931
CTETRA      4378       1     982     930     975     972
CTETRA      4379       1     925     982     931     981
CTETRA      4380       1     982     981     980     931
CTETRA      4381       1     930     982     925     972
CTETRA      4382       1     982     981     925     972
CTETRA      4383       1     930     931     925     982
CTETRA      4384       1     926     983     973     972
CTETRA      4385       1     926     983     972     981
CTETRA      4386       1     926     953     983     940
CTETRA      4387       1     953     926     983     973
CTETRA      4388       1     926     940     983     981
CTETRA      4389       1     939     940     983     953
CTETRA      4390       1     939     953     983     984
CTETRA      4391       1     961     958     984     939
CTETRA      4392       1     953     939     961     984
CTETRA      4393       1     985     984     958     939
CTETRA      4394       1     951     985     958     938
CTETRA      4395       1     938     985     958     928
CTETRA      4396       1     985     958     928     939
CTETRA      4397       1     938     985     928     946
CTETRA      4398       1     946     939     985     928
CTETRA      4399       1     951     985     938     986
CTETRA      4400       1     951     987     986     938
CTETRA      4401       1     987     976     927     951
CTETRA      4402       1     987     938     927     929
CTETRA      4403       1     951     987     938     927
CTETRA      4404       1     942     929     928     988
CTETRA      4405       1     938     929     987     988
CTETRA      4406       1     938     988     946     928
CTETRA      4407       1     928     988     946     942
CTETRA      4408       1     938     929     988     928
CTETRA      4409       1     990     982     989     980
CTETRA      4410       1     990     989     982     975
CTETRA      4411       1     975     990     974     930
CTETRA      4412       1     934     990     930     974
CTETRA      4413       1     982     930     990     975
CTETRA      4414       1     930     982     990     931
CTETRA      4415       1     930     934     931     990
CTETRA      4416       1     982     990     931     980
CTETRA      4417       1     934     932     931     991
CTETRA      4418       1     933     932     991     931
CTETRA      4419       1     934     935     932     991
CTETRA      4420       1     990     934     931     991
CTETRA      4421       1     990     931     980     991
CTETRA      4422       1     933     949     931     991
CTETRA      4423       1     949     931     991     980
CTETRA      4424       1     934     935     992     974
CTETRA      4425       1     990     991     992     934
CTETRA      4426       1     974     990     992     934
CTETRA      4427       1     935     934     992     991
CTETRA      4428       1     979     936     948     993
CTETRA      4429       1     937     978     993     936
CTETRA      4430       1     978     949     937     993
CTETRA      4431       1     978     949     993     980
CTETRA      4432       1     979     978     936     993
CTETRA      4433       1     985     994     938     986
CTETRA      4434       1     994     985     938     946
CTETRA      4435       1     994     988     946     938
CTETRA      4436       1     938     987     986     994
CTETRA      4437       1     938     988     987     994
CTETRA      4438       1     939     984     995     985
CTETRA      4439       1     940     939     995     946
CTETRA      4440       1     940     983     981     995
CTETRA      4441       1     939     940     995     983
CTETRA      4442       1     939     983     995     984
CTETRA      4443       1     995     939     985     946
CTETRA      4444       1     994     946     995     985
CTETRA      4445       1     946     945     996     940
CTETRA      4446       1     996     995     940     981
CTETRA      4447       1     996     977     981     945
CTETRA      4448       1     996     945     981     940
CTETRA      4449       1     995     946     996     940
CTETRA      4450       1     981     996     980     977
CTETRA      4451       1     977     943     997     979
CTETRA      4452       1     943     945     997     941
CTETRA      4453       1     944     941     997     942
CTETRA      4454       1     945     941     942     997
CTETRA      4455       1     988     997     946     942
CTETRA      4456       1     943     944     941     997
CTETRA      4457       1     945     946     997     942
CTETRA      4458       1     947     943     979     997
CTETRA      4459       1     947     943     997     944
CTETRA      4460       1     977     945     997     943
CTETRA      4461       1     998     945     997     977
CTETRA      4462       1     946     995     998     994
CTETRA      4463       1     998     946     988     997
CTETRA      4464       1     946     994     998     988
CTETRA      4465       1     996     977     945     998
CTETRA      4466       1     998     946     997     945
CTETRA      4467       1     996     946     995     998
CTETRA      4468       1     996     946     998     945
CTETRA      4469       1     947     999     997     979
CTETRA      4470       1     979     948     999     993
CTETRA      4471       1     998     997     999     977
CTETRA      4472       1     947     979     948     999
CTETRA      4473       1     977     979     997     999
CTETRA      4474       1    1000     977     998     999
CTETRA      4475       1     996    1000     977     998
CTETRA      4476       1     977     996     980    1000
CTETRA      4477       1    1001     999     948     993
CTETRA      4478       1     949    1002     980     991
CTETRA      4479       1     949    1002     993     980
CTETRA      4480       1    1003     990     980     991
CTETRA      4481       1    1003    1002     991     980
CTETRA      4482       1    1003     989     980     990
CTETRA      4483       1     951     965     958    1004
CTETRA      4484       1     951     986    1004     985
CTETRA      4485       1     951     985    1004     958
CTETRA      4486       1     966     950     952    1005
CTETRA      4487       1     950     952    1005     976
CTETRA      4488       1     950     966     965    1005
CTETRA      4489       1     965     950    1005     976
CTETRA      4490       1     986    1004    1006     951
CTETRA      4491       1     987     976     951    1006
CTETRA      4492       1    1004     965    1006     951
CTETRA      4493       1    1006     976     965    1005
CTETRA      4494       1     965    1006     951     976
CTETRA      4495       1     986     951    1006     987
CTETRA      4496       1    1007    1005     952     976
CTETRA      4497       1    1007    1006    1005     976
CTETRA      4498       1     962     955    1008     967
CTETRA      4499       1     955    1008     967     963
CTETRA      4500       1     960     953     961    1009
CTETRA      4501       1    1009     984     953     961
CTETRA      4502       1     973    1009     983     953
CTETRA      4503       1     973     953     960    1009
CTETRA      4504       1    1009     983     953     984
CTETRA      4505       1     962     955     954    1010
CTETRA      4506       1     962    1008     955    1010
CTETRA      4507       1     954     970     960    1010
CTETRA      4508       1    1010     962     960     954
CTETRA      4509       1     957     956     964    1011
CTETRA      4510       1     957     964     968    1011
CTETRA      4511       1     957    1011     968     967
CTETRA      4512       1     957     959    1011     962
CTETRA      4513       1     956     957     961    1011
CTETRA      4514       1     957     967     962    1011
CTETRA      4515       1     956     961     958    1011
CTETRA      4516       1     957     959     961    1011
CTETRA      4517       1     965    1004    1011     958
CTETRA      4518       1     956     964    1011     958
CTETRA      4519       1     965     964     958    1011
CTETRA      4520       1    1012     986     985    1004
CTETRA      4521       1     985     986    1012     994
CTETRA      4522       1     985     984    1013     958
CTETRA      4523       1     961    1013     984     958
CTETRA      4524       1    1013    1004     958    1011
CTETRA      4525       1     958     985    1004    1013
CTETRA      4526       1     961     958    1011    1013
CTETRA      4527       1    1012     984    1013     985
CTETRA      4528       1    1012    1004     985    1013
CTETRA      4529       1    1009     973    1014     960
CTETRA      4530       1     973     960     970    1014
CTETRA      4531       1    1014    1010     960     970
CTETRA      4532       1    1014    1010     962     960
CTETRA      4533       1    1015    1013     961    1011
CTETRA      4534       1     961     960    1015     959
CTETRA      4535       1    1014    1015     960     962
CTETRA      4536       1    1013    1015     961     984
CTETRA      4537       1     962    1015     959    1011
CTETRA      4538       1     961    1015    1011     959
CTETRA      4539       1     961     960    1009    1015
CTETRA      4540       1     960     962    1015     959
CTETRA      4541       1    1009    1015     984     961
CTETRA      4542       1    1014    1015    1009     960
CTETRA      4543       1    1013    1015     984    1016
CTETRA      4544       1    1016    1015    1009    1014
CTETRA      4545       1    1016    1009    1015     984
CTETRA      4546       1     962    1008    1010    1017
CTETRA      4547       1    1015     962    1017    1011
CTETRA      4548       1     962    1017    1011     967
CTETRA      4549       1     962    1017     967    1008
CTETRA      4550       1     962    1015    1017    1014
CTETRA      4551       1     962    1014    1017    1010
CTETRA      4552       1     969    1018     963     967
CTETRA      4553       1    1018    1008     963     967
CTETRA      4554       1    1017    1018     967    1008
CTETRA      4555       1    1019    1018    1008     963
CTETRA      4556       1    1018    1017    1019    1008
CTETRA      4557       1     964     965     966    1020
CTETRA      4558       1    1005    1020     966     965
CTETRA      4559       1     966     968     964    1020
CTETRA      4560       1     965    1004    1006    1020
CTETRA      4561       1     965    1004    1020    1011
CTETRA      4562       1     968     964    1020    1011
CTETRA      4563       1     965     964    1011    1020
CTETRA      4564       1    1005     965    1006    1020
CTETRA      4565       1     969    1018     967    1022
CTETRA      4566       1     969     968    1022     967
CTETRA      4567       1    1018    1017     967    1022
CTETRA      4568       1    1022    1020    1011     968
CTETRA      4569       1    1011    1017    1022     967
CTETRA      4570       1    1022    1011     967     968
CTETRA      4571       1    1004    1021    1023    1012
CTETRA      4572       1    1023    1004    1011    1020
CTETRA      4573       1    1023    1013    1011    1004
CTETRA      4574       1    1004    1013    1012    1023
CTETRA      4575       1    1024    1009     973    1014
CTETRA      4576       1    1016    1024    1014    1009
CTETRA      4577       1     973     970     972    1025
CTETRA      4578       1    1010    1025     970    1014
CTETRA      4579       1    1024    1014     973    1025
CTETRA      4580       1    1025     973     970    1014
CTETRA      4581       1    1026    1025     972     970
CTETRA      4582       1     975    1026     971     974
CTETRA      4583       1    1026     971     970     972
CTETRA      4584       1    1026     975     971     972
CTETRA      4585       1    1026     972    1025    1027
CTETRA      4586       1     975     982     972    1027
CTETRA      4587       1     975    1026    1027     972
CTETRA      4588       1     973     972    1027    1025
CTETRA      4589       1    1024     973    1027    1025
CTETRA      4590       1     983     973     972    1027
CTETRA      4591       1     975     982    1027     989
CTETRA      4592       1     983     973    1027    1009
CTETRA      4593       1     983     972     981    1027
CTETRA      4594       1     982     972    1027     981
CTETRA      4595       1    1009     973    1027    1024
CTETRA      4596       1     975    1026    1028    1027
CTETRA      4597       1     975    1028    1026     974
CTETRA      4598       1    1028     975    1029     974
CTETRA      4599       1     974     990    1029     992
CTETRA      4600       1     974     975    1029     990
CTETRA      4601       1     989     990    1029     975
CTETRA      4602       1     989     975    1030    1027
CTETRA      4603       1    1028    1030    1029     975
CTETRA      4604       1    1030     989    1029     975
CTETRA      4605       1    1028     975    1027    1030
CTETRA      4606       1    1030     989    1027    1031
CTETRA      4607       1    1009    1016    1033     984
CTETRA      4608       1     984    1016    1033    1013
CTETRA      4609       1     984    1013    1033    1012
CTETRA      4610       1    1032    1034    1012    1021
CTETRA      4611       1     986    1012    1034    1004
CTETRA      4612       1     986    1006    1004    1034
CTETRA      4613       1    1021    1034    1012    1004
CTETRA      4614       1    1021    1006    1034    1004
CTETRA      4615       1    1006     976    1035     987
CTETRA      4616       1    1006     976    1007    1035
CTETRA      4617       1     986    1035     987    1006
CTETRA      4618       1    1035    1006     986    1034
CTETRA      4619       1    1003    1036     980     989
CTETRA      4620       1    1003     980    1036    1002
CTETRA      4621       1    1001     999     993    1037
CTETRA      4622       1     980    1037    1036    1002
CTETRA      4623       1     979     977    1037     999
CTETRA      4624       1    1037     980     993    1002
CTETRA      4625       1     978     980     993    1037
CTETRA      4626       1     979     993     999    1037
CTETRA      4627       1     979     993    1037     978
CTETRA      4628       1     978     980    1037     977
CTETRA      4629       1    1000    1037     980     977
CTETRA      4630       1    1000     977     999    1037
CTETRA      4631       1     979     977     978    1037
CTETRA      4632       1    1038    1037    1036     980
CTETRA      4633       1    1038    1037     980    1000
CTETRA      4634       1    1038    1000     980     996
CTETRA      4635       1     981     980     996    1038
CTETRA      4636       1    1038    1036    1039     980
CTETRA      4637       1     982     980    1039     989
CTETRA      4638       1     982    1027     989    1039
CTETRA      4639       1    1036     980     989    1039
CTETRA      4640       1    1031    1039     989    1027
CTETRA      4641       1     983    1027     981    1039
CTETRA      4642       1    1031    1036     989    1039
CTETRA      4643       1     982     981    1027    1039
CTETRA      4644       1     981     982     980    1039
CTETRA      4645       1     996     981    1039     995
CTETRA      4646       1     983     981     995    1039
CTETRA      4647       1    1038     980    1039     981
CTETRA      4648       1    1038     996     981    1039
CTETRA      4649       1     984    1009    1040    1033
CTETRA      4650       1    1009     984    1040     983
CTETRA      4651       1    1040    1027     983    1039
CTETRA      4652       1     983     984    1040     995
CTETRA      4653       1    1040     983     995    1039
CTETRA      4654       1     983    1040    1009    1027
CTETRA      4655       1    1033    1040     984    1041
CTETRA      4656       1    1033    1012    1041     984
CTETRA      4657       1    1032    1012    1041    1033
CTETRA      4658       1    1042     984     985     995
CTETRA      4659       1    1042    1012     984    1041
CTETRA      4660       1    1012     985    1042     984
CTETRA      4661       1    1042    1041     984    1040
CTETRA      4662       1     994    1042     985     995
CTETRA      4663       1    1042     995    1040     984
CTETRA      4664       1     985    1042     994    1012
CTETRA      4665       1     986    1043    1012     994
CTETRA      4666       1    1034     986    1035    1043
CTETRA      4667       1    1042    1043     994    1012
CTETRA      4668       1    1043     986    1012    1034
CTETRA      4669       1    1032    1034    1043    1012
CTETRA      4670       1    1042    1043    1012    1041
CTETRA      4671       1    1032    1012    1043    1041
CTETRA      4672       1     986     987    1035    1044
CTETRA      4673       1    1044     986     994    1043
CTETRA      4674       1    1044     986     987     994
CTETRA      4675       1     994    1044     988     987
CTETRA      4676       1     986    1043    1044    1035
CTETRA      4677       1     994    1044    1043    1042
CTETRA      4678       1    1045     998     988     997
CTETRA      4679       1     994    1044    1042    1045
CTETRA      4680       1     994    1045     988    1044
CTETRA      4681       1    1045     994     988     998
CTETRA      4682       1    1031    1030     989    1046
CTETRA      4683       1    1031    1046     989    1036
CTETRA      4684       1    1030     989    1047    1029
CTETRA      4685       1    1003     989    1047    1036
CTETRA      4686       1    1047    1030    1046     989
CTETRA      4687       1    1046    1047     989    1036
CTETRA      4688       1     991     990     992    1048
CTETRA      4689       1     989     990    1048    1029
CTETRA      4690       1    1003    1002    1048     991
CTETRA      4691       1    1003     989     990    1048
CTETRA      4692       1     992     990    1029    1048
CTETRA      4693       1    1047     989    1048    1029
CTETRA      4694       1    1003     990     991    1048
CTETRA      4695       1    1003    1048    1047     989
CTETRA      4696       1    1049     992    1029    1048
CTETRA      4697       1    1047    1048    1049    1029
CTETRA      4698       1    1050     993    1037    1001
CTETRA      4699       1    1050    1037     993    1002
CTETRA      4700       1    1037    1050    1036    1002
CTETRA      4701       1     998    1045     994    1051
CTETRA      4702       1    1051     995     994     998
CTETRA      4703       1     994    1042    1051    1045
CTETRA      4704       1    1051     995    1039    1040
CTETRA      4705       1     996     998    1051    1000
CTETRA      4706       1     995    1042    1040    1051
CTETRA      4707       1     995    1042    1051     994
CTETRA      4708       1    1051     996    1039     995
CTETRA      4709       1     996    1051     998     995
CTETRA      4710       1    1000     996    1038    1051
CTETRA      4711       1    1038    1051     996    1039
CTETRA      4712       1    1000    1052     999     998
CTETRA      4713       1     998    1045    1051    1052
CTETRA      4714       1     998    1045    1052     997
CTETRA      4715       1     998    1000    1052    1051
CTETRA      4716       1     998    1052     999     997
CTETRA      4717       1    1000    1052    1051    1053
CTETRA      4718       1    1038    1037    1000    1053
CTETRA      4719       1    1038    1000    1051    1053
CTETRA      4720       1    1054     999    1001    1037
CTETRA      4721       1    1037    1050    1001    1054
CTETRA      4722       1    1000    1052    1053    1054
CTETRA      4723       1    1037    1000    1053    1054
CTETRA      4724       1    1000    1037     999    1054
CTETRA      4725       1    1000    1052    1054     999
CTETRA      4726       1    1055    1001    1050    1054
CTETRA      4727       1    1056    1002    1036    1050
CTETRA      4728       1    1046    1047    1036    1056
CTETRA      4729       1    1003    1002    1056    1048
CTETRA      4730       1    1003    1002    1036    1056
CTETRA      4731       1    1048    1047    1056    1003
CTETRA      4732       1    1036    1003    1056    1047
CTETRA      4733       1    1057    1046    1036    1056
CTETRA      4734       1    1021    1006    1004    1058
CTETRA      4735       1    1023    1004    1020    1058
CTETRA      4736       1    1021    1023    1058    1004
CTETRA      4737       1    1005    1058    1006    1007
CTETRA      4738       1    1005    1058    1020    1006
CTETRA      4739       1    1006    1058    1020    1004
CTETRA      4740       1    1035    1006    1034    1059
CTETRA      4741       1    1058    1007    1059    1006
CTETRA      4742       1    1021    1034    1006    1059
CTETRA      4743       1    1006    1035    1007    1059
CTETRA      4744       1    1058    1006    1059    1021
CTETRA      4745       1    1008    1060    1010    1017
CTETRA      4746       1    1008    1019    1060    1017
CTETRA      4747       1    1014    1010    1060    1017
CTETRA      4748       1    1024    1009    1061    1027
CTETRA      4749       1    1024    1016    1061    1009
CTETRA      4750       1    1016    1009    1033    1061
CTETRA      4751       1    1033    1061    1009    1040
CTETRA      4752       1    1040    1061    1009    1027
CTETRA      4753       1    1016    1061    1033    1062
CTETRA      4754       1    1016    1024    1062    1014
CTETRA      4755       1    1016    1024    1061    1062
CTETRA      4756       1    1062    1063    1060    1014
CTETRA      4757       1    1014    1010    1063    1060
CTETRA      4758       1    1024    1014    1025    1063
CTETRA      4759       1    1062    1024    1061    1063
CTETRA      4760       1    1014    1010    1025    1063
CTETRA      4761       1    1024    1014    1063    1062
CTETRA      4762       1    1039    1038    1051    1064
CTETRA      4763       1    1038    1039    1036    1064
CTETRA      4764       1    1038    1053    1064    1036
CTETRA      4765       1    1053    1038    1064    1051
CTETRA      4766       1    1040    1061    1065    1033
CTETRA      4767       1    1040    1041    1033    1065
CTETRA      4768       1    1023    1066    1020    1011
CTETRA      4769       1    1022    1011    1020    1066
CTETRA      4770       1    1011    1066    1017    1015
CTETRA      4771       1    1015    1013    1011    1066
CTETRA      4772       1    1066    1011    1017    1022
CTETRA      4773       1    1066    1023    1013    1011
CTETRA      4774       1    1013    1066    1015    1067
CTETRA      4775       1    1015    1016    1013    1067
CTETRA      4776       1    1016    1067    1062    1033
CTETRA      4777       1    1016    1067    1033    1013
CTETRA      4778       1    1067    1068    1033    1013
CTETRA      4779       1    1013    1068    1033    1012
CTETRA      4780       1    1068    1013    1023    1012
CTETRA      4781       1    1068    1067    1066    1013
CTETRA      4782       1    1021    1068    1023    1012
CTETRA      4783       1    1032    1068    1021    1012
CTETRA      4784       1    1032    1012    1033    1068
CTETRA      4785       1    1023    1068    1066    1013
CTETRA      4786       1    1069    1061    1033    1065
CTETRA      4787       1    1061    1069    1033    1070
CTETRA      4788       1    1070    1067    1033    1062
CTETRA      4789       1    1070    1061    1062    1033
CTETRA      4790       1    1067    1062    1071    1016
CTETRA      4791       1    1066    1017    1015    1071
CTETRA      4792       1    1071    1062    1060    1014
CTETRA      4793       1    1067    1016    1071    1015
CTETRA      4794       1    1067    1066    1015    1071
CTETRA      4795       1    1015    1017    1014    1071
CTETRA      4796       1    1062    1016    1014    1071
CTETRA      4797       1    1016    1015    1014    1071
CTETRA      4798       1    1071    1060    1017    1014
CTETRA      4799       1    1017    1019    1060    1072
CTETRA      4800       1    1071    1072    1066    1017
CTETRA      4801       1    1018    1017    1022    1072
CTETRA      4802       1    1018    1017    1072    1019
CTETRA      4803       1    1017    1072    1066    1022
CTETRA      4804       1    1071    1017    1060    1072
CTETRA      4805       1    1071    1073    1062    1067
CTETRA      4806       1    1070    1062    1073    1067
CTETRA      4807       1    1019    1060    1072    1074
CTETRA      4808       1    1071    1060    1074    1072
CTETRA      4809       1    1067    1068    1075    1033
CTETRA      4810       1    1033    1070    1069    1075
CTETRA      4811       1    1075    1032    1033    1068
CTETRA      4812       1    1075    1032    1041    1033
CTETRA      4813       1    1033    1067    1070    1075
CTETRA      4814       1    1021    1034    1076    1032
CTETRA      4815       1    1021    1076    1059    1058
CTETRA      4816       1    1021    1076    1034    1059
CTETRA      4817       1    1076    1021    1032    1068
CTETRA      4818       1    1032    1068    1075    1076
CTETRA      4819       1    1077    1032    1076    1034
CTETRA      4820       1    1077    1032    1075    1076
CTETRA      4821       1    1076    1077    1034    1059
CTETRA      4822       1    1066    1072    1078    1022
CTETRA      4823       1    1023    1021    1058    1078
CTETRA      4824       1    1066    1022    1078    1020
CTETRA      4825       1    1023    1068    1021    1078
CTETRA      4826       1    1023    1066    1068    1078
CTETRA      4827       1    1076    1068    1078    1021
CTETRA      4828       1    1023    1058    1020    1078
CTETRA      4829       1    1021    1076    1058    1078
CTETRA      4830       1    1023    1066    1078    1020
CTETRA      4831       1    1039    1040    1027    1079
CTETRA      4832       1    1031    1079    1039    1027
CTETRA      4833       1    1065    1040    1039    1079
CTETRA      4834       1    1061    1024    1080    1063
CTETRA      4835       1    1061    1080    1024    1027
CTETRA      4836       1    1080    1079    1027    1040
CTETRA      4837       1    1079    1065    1040    1080
CTETRA      4838       1    1061    1069    1080    1065
CTETRA      4839       1    1079    1080    1069    1065
CTETRA      4840       1    1080    1061    1040    1027
CTETRA      4841       1    1061    1080    1040    1065
CTETRA      4842       1    1025    1024    1081    1027
CTETRA      4843       1    1026    1025    1081    1027
CTETRA      4844       1    1080    1081    1024    1027
CTETRA      4845       1    1028    1026    1081    1027
CTETRA      4846       1    1081    1080    1024    1063
CTETRA      4847       1    1025    1063    1081    1024
CTETRA      4848       1    1082    1079    1031    1027
CTETRA      4849       1    1082    1030    1028    1027
CTETRA      4850       1    1082    1030    1027    1031
CTETRA      4851       1    1082    1028    1081    1027
CTETRA      4852       1    1080    1081    1027    1082
CTETRA      4853       1    1079    1080    1027    1082
CTETRA      4854       1    1030    1031    1082    1083
CTETRA      4855       1    1031    1083    1030    1046
CTETRA      4856       1    1083    1046    1047    1030
CTETRA      4857       1    1030    1028    1029    1084
CTETRA      4858       1    1082    1084    1081    1028
CTETRA      4859       1    1030    1082    1084    1083
CTETRA      4860       1    1082    1030    1084    1028
CTETRA      4861       1    1030    1084    1085    1083
CTETRA      4862       1    1030    1029    1085    1084
CTETRA      4863       1    1049    1085    1047    1029
CTETRA      4864       1    1030    1029    1047    1085
CTETRA      4865       1    1083    1047    1085    1030
CTETRA      4866       1    1082    1086    1084    1083
CTETRA      4867       1    1079    1082    1031    1086
CTETRA      4868       1    1031    1086    1082    1083
CTETRA      4869       1    1046    1083    1087    1031
CTETRA      4870       1    1046    1087    1057    1036
CTETRA      4871       1    1046    1087    1036    1031
CTETRA      4872       1    1083    1031    1086    1087
CTETRA      4873       1    1087    1031    1088    1036
CTETRA      4874       1    1088    1087    1036    1064
CTETRA      4875       1    1031    1039    1088    1036
CTETRA      4876       1    1088    1031    1087    1086
CTETRA      4877       1    1031    1088    1039    1079
CTETRA      4878       1    1064    1088    1065    1039
CTETRA      4879       1    1064    1039    1036    1088
CTETRA      4880       1    1088    1065    1039    1079
CTETRA      4881       1    1031    1079    1086    1088
CTETRA      4882       1    1032    1077    1075    1089
CTETRA      4883       1    1032    1041    1089    1075
CTETRA      4884       1    1032    1034    1077    1089
CTETRA      4885       1    1043    1032    1089    1034
CTETRA      4886       1    1089    1032    1043    1041
CTETRA      4887       1    1043    1090    1044    1035
CTETRA      4888       1    1043    1090    1034    1089
CTETRA      4889       1    1043    1034    1090    1035
CTETRA      4890       1    1041    1091    1033    1065
CTETRA      4891       1    1069    1091    1065    1033
CTETRA      4892       1    1075    1033    1091    1069
CTETRA      4893       1    1041    1075    1033    1091
CTETRA      4894       1    1041    1091    1089    1075
CTETRA      4895       1    1035    1034    1092    1059
CTETRA      4896       1    1077    1034    1092    1089
CTETRA      4897       1    1034    1090    1035    1092
CTETRA      4898       1    1090    1089    1092    1034
CTETRA      4899       1    1077    1092    1034    1059
CTETRA      4900       1    1093    1087    1064    1036
CTETRA      4901       1    1093    1053    1036    1064
CTETRA      4902       1    1087    1057    1036    1093
CTETRA      4903       1    1053    1037    1054    1094
CTETRA      4904       1    1057    1036    1094    1056
CTETRA      4905       1    1055    1050    1094    1054
CTETRA      4906       1    1093    1057    1036    1094
CTETRA      4907       1    1038    1037    1094    1036
CTETRA      4908       1    1037    1050    1054    1094
CTETRA      4909       1    1037    1094    1036    1050
CTETRA      4910       1    1038    1053    1036    1094
CTETRA      4911       1    1094    1056    1036    1050
CTETRA      4912       1    1093    1094    1036    1053
CTETRA      4913       1    1053    1038    1037    1094
CTETRA      4914       1    1051    1042    1040    1095
CTETRA      4915       1    1039    1040    1095    1051
CTETRA      4916       1    1065    1041    1095    1040
CTETRA      4917       1    1091    1041    1095    1065
CTETRA      4918       1    1065    1040    1095    1039
CTETRA      4919       1    1064    1095    1039    1065
CTETRA      4920       1    1064    1095    1051    1039
CTETRA      4921       1    1064    1095    1053    1051
CTETRA      4922       1    1041    1042    1095    1040
CTETRA      4923       1    1091    1041    1096    1095
CTETRA      4924       1    1089    1041    1096    1091
CTETRA      4925       1    1089    1041    1043    1097
CTETRA      4926       1    1045    1052    1097    1051
CTETRA      4927       1    1090    1043    1097    1089
CTETRA      4928       1    1044    1045    1097    1042
CTETRA      4929       1    1051    1045    1042    1097
CTETRA      4930       1    1043    1044    1097    1042
CTETRA      4931       1    1042    1041    1097    1043
CTETRA      4932       1    1096    1095    1041    1097
CTETRA      4933       1    1051    1042    1095    1097
CTETRA      4934       1    1041    1042    1097    1095
CTETRA      4935       1    1090    1043    1044    1097
CTETRA      4936       1    1089    1096    1041    1097
CTETRA      4937       1    1046    1057    1087    1098
CTETRA      4938       1    1046    1083    1098    1087
CTETRA      4939       1    1046    1083    1047    1098
CTETRA      4940       1    1046    1098    1047    1056
CTETRA      4941       1    1057    1098    1046    1056
CTETRA      4942       1    1047    1085    1049    1099
CTETRA      4943       1    1099    1083    1098    1047
CTETRA      4944       1    1083    1099    1085    1047
CTETRA      4945       1    1047    1048    1100    1049
CTETRA      4946       1    1047    1100    1048    1056
CTETRA      4947       1    1100    1098    1056    1047
CTETRA      4948       1    1100    1047    1049    1099
CTETRA      4949       1    1099    1100    1047    1098
CTETRA      4950       1    1085    1101    1049    1099
CTETRA      4951       1    1100    1099    1049    1101
CTETRA      4952       1    1057    1102    1093    1087
CTETRA      4953       1    1057    1102    1087    1098
CTETRA      4954       1    1057    1093    1102    1094
CTETRA      4955       1    1103    1050    1056    1094
CTETRA      4956       1    1103    1050    1094    1055
CTETRA      4957       1    1057    1103    1056    1094
CTETRA      4958       1    1057    1102    1103    1094
CTETRA      4959       1    1104    1087    1098    1083
CTETRA      4960       1    1083    1087    1086    1104
CTETRA      4961       1    1104    1087    1102    1098
CTETRA      4962       1    1087    1093    1105    1102
CTETRA      4963       1    1088    1087    1064    1105
CTETRA      4964       1    1093    1087    1105    1064
CTETRA      4965       1    1087    1104    1102    1105
CTETRA      4966       1    1064    1106    1093    1053
CTETRA      4967       1    1064    1095    1106    1053
CTETRA      4968       1    1106    1093    1105    1064
CTETRA      4969       1    1053    1052    1051    1107
CTETRA      4970       1    1107    1053    1052    1054
CTETRA      4971       1    1052    1097    1051    1107
CTETRA      4972       1    1095    1097    1107    1051
CTETRA      4973       1    1106    1053    1095    1107
CTETRA      4974       1    1053    1095    1107    1051
CTETRA      4975       1    1093    1108    1094    1053
CTETRA      4976       1    1108    1053    1054    1094
CTETRA      4977       1    1108    1106    1107    1053
CTETRA      4978       1    1108    1093    1106    1053
CTETRA      4979       1    1108    1107    1054    1053
CTETRA      4980       1    1094    1103    1055    1109
CTETRA      4981       1    1109    1054    1055    1094
CTETRA      4982       1    1108    1109    1054    1107
CTETRA      4983       1    1108    1109    1094    1054
CTETRA      4984       1    1110    1055    1103    1109
CTETRA      4985       1    1057    1098    1056    1111
CTETRA      4986       1    1057    1102    1098    1111
CTETRA      4987       1    1098    1100    1056    1111
CTETRA      4988       1    1057    1056    1103    1111
CTETRA      4989       1    1057    1102    1111    1103
CTETRA      4990       1    1098    1113    1111    1102
CTETRA      4991       1    1112    1102    1111    1113
CTETRA      4992       1    1113    1104    1102    1098
CTETRA      4993       1    1104    1113    1114    1098
CTETRA      4994       1    1083    1114    1098    1104
CTETRA      4995       1    1099    1083    1114    1098
CTETRA      4996       1    1099    1083    1085    1114
CTETRA      4997       1    1083    1114    1104    1086
CTETRA      4998       1    1115    1091    1075    1089
CTETRA      4999       1    1077    1115    1089    1092
CTETRA      5000       1    1089    1096    1115    1091
CTETRA      5001       1    1115    1077    1089    1075
CTETRA      5002       1    1077    1116    1092    1059
CTETRA      5003       1    1076    1116    1077    1059
CTETRA      5004       1    1116    1076    1058    1059
CTETRA      5005       1    1076    1116    1058    1078
CTETRA      5006       1    1117    1059    1092    1116
CTETRA      5007       1    1062    1063    1118    1060
CTETRA      5008       1    1073    1071    1118    1074
CTETRA      5009       1    1073    1062    1118    1071
CTETRA      5010       1    1073    1062    1070    1118
CTETRA      5011       1    1060    1071    1074    1118
CTETRA      5012       1    1071    1062    1118    1060
CTETRA      5013       1    1069    1061    1119    1070
CTETRA      5014       1    1063    1118    1119    1062
CTETRA      5015       1    1081    1080    1063    1119
CTETRA      5016       1    1062    1063    1061    1119
CTETRA      5017       1    1061    1080    1119    1063
CTETRA      5018       1    1062    1070    1118    1119
CTETRA      5019       1    1070    1062    1061    1119
CTETRA      5020       1    1061    1080    1069    1119
CTETRA      5021       1    1095    1064    1120    1065
CTETRA      5022       1    1064    1095    1120    1106
CTETRA      5023       1    1088    1064    1120    1105
CTETRA      5024       1    1088    1064    1065    1120
CTETRA      5025       1    1106    1105    1120    1064
CTETRA      5026       1    1096    1091    1095    1120
CTETRA      5027       1    1065    1095    1091    1120
CTETRA      5028       1    1065    1121    1069    1079
CTETRA      5029       1    1065    1120    1121    1088
CTETRA      5030       1    1121    1065    1091    1120
CTETRA      5031       1    1065    1079    1088    1121
CTETRA      5032       1    1065    1121    1091    1069
CTETRA      5033       1    1080    1069    1122    1079
CTETRA      5034       1    1069    1122    1079    1121
CTETRA      5035       1    1122    1069    1080    1119
CTETRA      5036       1    1067    1124    1070    1075
CTETRA      5037       1    1078    1066    1124    1072
CTETRA      5038       1    1067    1068    1066    1124
CTETRA      5039       1    1068    1078    1066    1124
CTETRA      5040       1    1067    1066    1071    1124
CTETRA      5041       1    1071    1066    1072    1124
CTETRA      5042       1    1068    1067    1075    1124
CTETRA      5043       1    1067    1070    1124    1073
CTETRA      5044       1    1067    1073    1124    1071
CTETRA      5045       1    1076    1078    1124    1116
CTETRA      5046       1    1068    1076    1124    1075
CTETRA      5047       1    1068    1076    1078    1124
CTETRA      5048       1    1069    1121    1125    1122
CTETRA      5049       1    1091    1115    1075    1125
CTETRA      5050       1    1121    1091    1069    1125
CTETRA      5051       1    1091    1075    1069    1125
CTETRA      5052       1    1123    1121    1122    1125
CTETRA      5053       1    1126    1070    1119    1118
CTETRA      5054       1    1069    1125    1075    1126
CTETRA      5055       1    1070    1126    1119    1069
CTETRA      5056       1    1070    1126    1075    1124
CTETRA      5057       1    1070    1069    1075    1126
CTETRA      5058       1    1070    1073    1126    1124
CTETRA      5059       1    1073    1070    1126    1118
CTETRA      5060       1    1122    1069    1119    1126
CTETRA      5061       1    1069    1122    1125    1126
CTETRA      5062       1    1072    1071    1127    1074
CTETRA      5063       1    1073    1127    1071    1074
CTETRA      5064       1    1127    1078    1124    1072
CTETRA      5065       1    1071    1127    1124    1072
CTETRA      5066       1    1073    1127    1126    1124
CTETRA      5067       1    1073    1127    1124    1071
CTETRA      5068       1    1073    1127    1128    1126
CTETRA      5069       1    1118    1073    1074    1128
CTETRA      5070       1    1127    1073    1128    1074
CTETRA      5071       1    1073    1118    1126    1128
CTETRA      5072       1    1077    1076    1075    1129
CTETRA      5073       1    1129    1075    1115    1125
CTETRA      5074       1    1115    1075    1129    1077
CTETRA      5075       1    1077    1076    1129    1116
CTETRA      5076       1    1129    1075    1125    1126
CTETRA      5077       1    1124    1129    1126    1075
CTETRA      5078       1    1076    1124    1129    1116
CTETRA      5079       1    1124    1129    1075    1076
CTETRA      5080       1    1077    1115    1092    1130
CTETRA      5081       1    1130    1077    1129    1116
CTETRA      5082       1    1077    1130    1092    1116
CTETRA      5083       1    1116    1117    1130    1092
CTETRA      5084       1    1130    1129    1077    1115
CTETRA      5085       1    1124    1131    1078    1127
CTETRA      5086       1    1124    1131    1116    1078
CTETRA      5087       1    1131    1129    1124    1116
CTETRA      5088       1    1130    1129    1131    1116
CTETRA      5089       1    1121    1132    1122    1079
CTETRA      5090       1    1123    1121    1132    1122
CTETRA      5091       1    1079    1121    1132    1088
CTETRA      5092       1    1086    1079    1132    1088
CTETRA      5093       1    1082    1084    1133    1081
CTETRA      5094       1    1079    1082    1133    1080
CTETRA      5095       1    1082    1084    1086    1133
CTETRA      5096       1    1132    1086    1133    1079
CTETRA      5097       1    1081    1080    1119    1133
CTETRA      5098       1    1132    1122    1079    1133
CTETRA      5099       1    1119    1122    1133    1080
CTETRA      5100       1    1080    1081    1082    1133
CTETRA      5101       1    1079    1082    1086    1133
CTETRA      5102       1    1080    1079    1122    1133
CTETRA      5103       1    1085    1084    1134    1083
CTETRA      5104       1    1114    1083    1085    1134
CTETRA      5105       1    1114    1083    1134    1086
CTETRA      5106       1    1086    1132    1133    1134
CTETRA      5107       1    1086    1134    1084    1083
CTETRA      5108       1    1134    1084    1133    1086
CTETRA      5109       1    1135    1086    1114    1134
CTETRA      5110       1    1135    1086    1134    1132
CTETRA      5111       1    1135    1086    1104    1114
CTETRA      5112       1    1135    1136    1134    1114
CTETRA      5113       1    1114    1137    1134    1085
CTETRA      5114       1    1085    1099    1137    1101
CTETRA      5115       1    1114    1099    1137    1085
CTETRA      5116       1    1114    1137    1136    1134
CTETRA      5117       1    1086    1138    1088    1132
CTETRA      5118       1    1088    1138    1086    1087
CTETRA      5119       1    1104    1105    1087    1138
CTETRA      5120       1    1135    1086    1132    1138
CTETRA      5121       1    1120    1088    1138    1121
CTETRA      5122       1    1138    1135    1086    1104
CTETRA      5123       1    1104    1138    1087    1086
CTETRA      5124       1    1138    1132    1121    1088
CTETRA      5125       1    1105    1088    1138    1120
CTETRA      5126       1    1105    1087    1138    1088
CTETRA      5127       1    1139    1132    1121    1138
CTETRA      5128       1    1121    1123    1132    1139
CTETRA      5129       1    1139    1120    1138    1121
CTETRA      5130       1    1140    1135    1132    1138
CTETRA      5131       1    1140    1138    1132    1139
CTETRA      5132       1    1089    1115    1141    1092
CTETRA      5133       1    1089    1096    1141    1115
CTETRA      5134       1    1090    1089    1141    1092
CTETRA      5135       1    1090    1089    1097    1141
CTETRA      5136       1    1096    1089    1141    1097
CTETRA      5137       1    1096    1142    1091    1120
CTETRA      5138       1    1091    1115    1125    1142
CTETRA      5139       1    1091    1125    1121    1142
CTETRA      5140       1    1120    1091    1121    1142
CTETRA      5141       1    1096    1142    1141    1115
CTETRA      5142       1    1096    1091    1142    1115
CTETRA      5143       1    1115    1143    1092    1130
CTETRA      5144       1    1117    1130    1092    1143
CTETRA      5145       1    1115    1143    1141    1092
CTETRA      5146       1    1142    1115    1125    1144
CTETRA      5147       1    1143    1115    1141    1144
CTETRA      5148       1    1142    1115    1144    1141
CTETRA      5149       1    1145    1143    1117    1092
CTETRA      5150       1    1145    1143    1092    1141
CTETRA      5151       1    1104    1105    1138    1146
CTETRA      5152       1    1112    1102    1113    1146
CTETRA      5153       1    1146    1104    1105    1102
CTETRA      5154       1    1104    1113    1102    1146
CTETRA      5155       1    1093    1108    1147    1094
CTETRA      5156       1    1093    1105    1147    1106
CTETRA      5157       1    1093    1147    1105    1102
CTETRA      5158       1    1108    1106    1093    1147
CTETRA      5159       1    1093    1102    1094    1147
CTETRA      5160       1    1108    1109    1147    1094
CTETRA      5161       1    1105    1146    1102    1147
CTETRA      5162       1    1147    1102    1148    1146
CTETRA      5163       1    1112    1102    1146    1148
CTETRA      5164       1    1110    1148    1109    1103
CTETRA      5165       1    1102    1103    1094    1148
CTETRA      5166       1    1147    1102    1094    1148
CTETRA      5167       1    1094    1109    1148    1103
CTETRA      5168       1    1147    1148    1094    1109
CTETRA      5169       1    1096    1149    1120    1095
CTETRA      5170       1    1149    1120    1095    1106
CTETRA      5171       1    1096    1149    1141    1142
CTETRA      5172       1    1096    1095    1097    1149
CTETRA      5173       1    1096    1149    1142    1120
CTETRA      5174       1    1095    1149    1107    1097
CTETRA      5175       1    1106    1149    1107    1095
CTETRA      5176       1    1096    1141    1149    1097
CTETRA      5177       1    1120    1150    1149    1142
CTETRA      5178       1    1151    1149    1141    1097
CTETRA      5179       1    1151    1149    1097    1107
CTETRA      5180       1    1114    1099    1152    1137
CTETRA      5181       1    1137    1099    1152    1101
CTETRA      5182       1    1113    1114    1098    1152
CTETRA      5183       1    1099    1114    1152    1098
CTETRA      5184       1    1098    1100    1111    1153
CTETRA      5185       1    1099    1100    1153    1101
CTETRA      5186       1    1153    1099    1101    1152
CTETRA      5187       1    1098    1111    1113    1153
CTETRA      5188       1    1099    1098    1153    1100
CTETRA      5189       1    1113    1153    1152    1098
CTETRA      5190       1    1099    1153    1098    1152
CTETRA      5191       1    1153    1152    1101    1154
CTETRA      5192       1    1137    1154    1101    1152
CTETRA      5193       1    1148    1102    1103    1155
CTETRA      5194       1    1111    1103    1102    1155
CTETRA      5195       1    1155    1148    1110    1103
CTETRA      5196       1    1112    1102    1155    1111
CTETRA      5197       1    1112    1148    1155    1102
CTETRA      5198       1    1140    1135    1138    1156
CTETRA      5199       1    1156    1104    1114    1135
CTETRA      5200       1    1104    1113    1156    1114
CTETRA      5201       1    1104    1113    1146    1156
CTETRA      5202       1    1138    1104    1156    1135
CTETRA      5203       1    1104    1138    1156    1146
CTETRA      5204       1    1136    1135    1156    1114
CTETRA      5205       1    1113    1152    1156    1114
CTETRA      5206       1    1139    1138    1120    1157
CTETRA      5207       1    1157    1150    1120    1139
CTETRA      5208       1    1158    1146    1156    1138
CTETRA      5209       1    1138    1156    1158    1140
CTETRA      5210       1    1158    1146    1138    1157
CTETRA      5211       1    1159    1112    1113    1146
CTETRA      5212       1    1159    1113    1156    1146
CTETRA      5213       1    1158    1159    1156    1146
CTETRA      5214       1    1105    1160    1146    1147
CTETRA      5215       1    1157    1160    1138    1120
CTETRA      5216       1    1105    1160    1120    1138
CTETRA      5217       1    1105    1106    1160    1147
CTETRA      5218       1    1150    1160    1157    1120
CTETRA      5219       1    1150    1120    1149    1160
CTETRA      5220       1    1105    1106    1120    1160
CTETRA      5221       1    1106    1149    1120    1160
CTETRA      5222       1    1157    1160    1146    1138
CTETRA      5223       1    1105    1146    1160    1138
CTETRA      5224       1    1108    1109    1107    1161
CTETRA      5225       1    1106    1107    1149    1161
CTETRA      5226       1    1151    1149    1107    1161
CTETRA      5227       1    1108    1147    1161    1106
CTETRA      5228       1    1108    1106    1161    1107
CTETRA      5229       1    1147    1106    1160    1161
CTETRA      5230       1    1106    1160    1161    1149
CTETRA      5231       1    1108    1147    1109    1161
CTETRA      5232       1    1157    1162    1160    1150
CTETRA      5233       1    1158    1162    1146    1157
CTETRA      5234       1    1162    1160    1146    1157
CTETRA      5235       1    1112    1163    1148    1146
CTETRA      5236       1    1159    1112    1146    1163
CTETRA      5237       1    1112    1163    1155    1148
CTETRA      5238       1    1148    1147    1164    1109
CTETRA      5239       1    1147    1161    1164    1109
CTETRA      5240       1    1148    1164    1110    1109
CTETRA      5241       1    1148    1164    1163    1165
CTETRA      5242       1    1164    1148    1110    1165
CTETRA      5243       1    1155    1110    1148    1165
CTETRA      5244       1    1155    1148    1163    1165
CTETRA      5245       1    1112    1113    1166    1159
CTETRA      5246       1    1113    1111    1166    1153
CTETRA      5247       1    1112    1163    1159    1166
CTETRA      5248       1    1112    1113    1111    1166
CTETRA      5249       1    1153    1152    1166    1113
CTETRA      5250       1    1112    1155    1166    1111
CTETRA      5251       1    1112    1163    1166    1155
CTETRA      5252       1    1159    1167    1113    1166
CTETRA      5253       1    1159    1167    1166    1163
CTETRA      5254       1    1159    1113    1167    1156
CTETRA      5255       1    1113    1167    1152    1166
CTETRA      5256       1    1113    1156    1152    1167
CTETRA      5257       1    1136    1114    1168    1137
CTETRA      5258       1    1168    1152    1114    1156
CTETRA      5259       1    1152    1168    1114    1137
CTETRA      5260       1    1136    1156    1168    1114
CTETRA      5261       1    1168    1152    1156    1167
CTETRA      5262       1    1130    1143    1169    1115
CTETRA      5263       1    1169    1144    1125    1115
CTETRA      5264       1    1129    1169    1125    1115
CTETRA      5265       1    1144    1143    1115    1169
CTETRA      5266       1    1130    1129    1115    1169
CTETRA      5267       1    1130    1170    1117    1116
CTETRA      5268       1    1170    1130    1117    1143
CTETRA      5269       1    1130    1170    1169    1143
CTETRA      5270       1    1130    1170    1116    1131
CTETRA      5271       1    1145    1143    1171    1117
CTETRA      5272       1    1170    1171    1143    1117
CTETRA      5273       1    1118    1172    1119    1126
CTETRA      5274       1    1172    1118    1128    1126
CTETRA      5275       1    1119    1122    1126    1172
CTETRA      5276       1    1119    1122    1173    1133
CTETRA      5277       1    1119    1173    1122    1172
CTETRA      5278       1    1122    1133    1132    1173
CTETRA      5279       1    1123    1174    1139    1121
CTETRA      5280       1    1123    1121    1125    1174
CTETRA      5281       1    1150    1142    1120    1174
CTETRA      5282       1    1120    1121    1174    1142
CTETRA      5283       1    1174    1125    1142    1121
CTETRA      5284       1    1139    1121    1174    1120
CTETRA      5285       1    1139    1174    1150    1120
CTETRA      5286       1    1139    1157    1150    1174
CTETRA      5287       1    1144    1142    1175    1125
CTETRA      5288       1    1174    1175    1142    1125
CTETRA      5289       1    1169    1144    1175    1125
CTETRA      5290       1    1144    1176    1143    1169
CTETRA      5291       1    1144    1176    1169    1175
CTETRA      5292       1    1143    1170    1176    1171
CTETRA      5293       1    1169    1143    1170    1176
CTETRA      5294       1    1123    1132    1177    1122
CTETRA      5295       1    1132    1177    1122    1173
CTETRA      5296       1    1174    1139    1177    1123
CTETRA      5297       1    1139    1177    1123    1132
CTETRA      5298       1    1140    1132    1177    1139
CTETRA      5299       1    1178    1125    1122    1126
CTETRA      5300       1    1123    1178    1125    1122
CTETRA      5301       1    1126    1178    1172    1122
CTETRA      5302       1    1175    1125    1174    1178
CTETRA      5303       1    1123    1125    1178    1174
CTETRA      5304       1    1123    1177    1174    1179
CTETRA      5305       1    1173    1179    1122    1172
CTETRA      5306       1    1123    1178    1122    1179
CTETRA      5307       1    1179    1173    1122    1177
CTETRA      5308       1    1123    1177    1179    1122
CTETRA      5309       1    1178    1179    1172    1122
CTETRA      5310       1    1123    1178    1179    1174
CTETRA      5311       1    1180    1125    1126    1129
CTETRA      5312       1    1124    1131    1127    1180
CTETRA      5313       1    1126    1124    1127    1180
CTETRA      5314       1    1180    1178    1126    1125
CTETRA      5315       1    1129    1180    1124    1126
CTETRA      5316       1    1129    1131    1124    1180
CTETRA      5317       1    1172    1181    1126    1128
CTETRA      5318       1    1180    1178    1181    1126
CTETRA      5319       1    1181    1178    1172    1126
CTETRA      5320       1    1181    1178    1179    1172
CTETRA      5321       1    1180    1125    1129    1182
CTETRA      5322       1    1169    1182    1129    1125
CTETRA      5323       1    1180    1178    1125    1182
CTETRA      5324       1    1182    1178    1125    1175
CTETRA      5325       1    1182    1169    1175    1125
CTETRA      5326       1    1180    1183    1127    1126
CTETRA      5327       1    1180    1183    1126    1181
CTETRA      5328       1    1183    1127    1126    1128
CTETRA      5329       1    1183    1131    1180    1127
CTETRA      5330       1    1183    1181    1128    1126
CTETRA      5331       1    1181    1172    1184    1128
CTETRA      5332       1    1183    1184    1128    1181
CTETRA      5333       1    1185    1176    1175    1169
CTETRA      5334       1    1182    1185    1175    1169
CTETRA      5335       1    1130    1170    1131    1186
CTETRA      5336       1    1180    1183    1186    1131
CTETRA      5337       1    1182    1169    1186    1185
CTETRA      5338       1    1182    1180    1186    1129
CTETRA      5339       1    1129    1131    1186    1130
CTETRA      5340       1    1169    1182    1186    1129
CTETRA      5341       1    1169    1129    1186    1130
CTETRA      5342       1    1129    1180    1186    1131
CTETRA      5343       1    1170    1169    1186    1130
CTETRA      5344       1    1136    1135    1187    1156
CTETRA      5345       1    1140    1135    1156    1187
CTETRA      5346       1    1177    1188    1173    1132
CTETRA      5347       1    1133    1188    1134    1132
CTETRA      5348       1    1133    1188    1132    1173
CTETRA      5349       1    1135    1140    1132    1188
CTETRA      5350       1    1135    1132    1134    1188
CTETRA      5351       1    1140    1135    1187    1188
CTETRA      5352       1    1177    1132    1140    1188
CTETRA      5353       1    1140    1187    1177    1188
CTETRA      5354       1    1168    1156    1189    1167
CTETRA      5355       1    1136    1168    1156    1189
CTETRA      5356       1    1136    1156    1187    1189
CTETRA      5357       1    1136    1135    1134    1190
CTETRA      5358       1    1134    1188    1190    1135
CTETRA      5359       1    1187    1135    1190    1188
CTETRA      5360       1    1136    1168    1190    1137
CTETRA      5361       1    1136    1135    1190    1187
CTETRA      5362       1    1190    1136    1137    1134
CTETRA      5363       1    1136    1187    1190    1189
CTETRA      5364       1    1168    1136    1190    1189
CTETRA      5365       1    1168    1189    1190    1191
CTETRA      5366       1    1137    1152    1191    1154
CTETRA      5367       1    1168    1152    1191    1137
CTETRA      5368       1    1168    1191    1190    1137
CTETRA      5369       1    1157    1158    1192    1138
CTETRA      5370       1    1140    1138    1192    1158
CTETRA      5371       1    1139    1157    1192    1138
CTETRA      5372       1    1139    1174    1177    1192
CTETRA      5373       1    1140    1187    1192    1177
CTETRA      5374       1    1139    1192    1157    1174
CTETRA      5375       1    1140    1139    1192    1138
CTETRA      5376       1    1140    1139    1177    1192
CTETRA      5377       1    1187    1140    1193    1156
CTETRA      5378       1    1187    1192    1193    1140
CTETRA      5379       1    1187    1193    1189    1156
CTETRA      5380       1    1192    1193    1140    1158
CTETRA      5381       1    1156    1158    1140    1193
CTETRA      5382       1    1142    1194    1141    1144
CTETRA      5383       1    1143    1144    1141    1194
CTETRA      5384       1    1145    1143    1141    1194
CTETRA      5385       1    1142    1194    1149    1141
CTETRA      5386       1    1151    1149    1194    1141
CTETRA      5387       1    1142    1150    1149    1194
CTETRA      5388       1    1150    1142    1195    1194
CTETRA      5389       1    1150    1195    1142    1174
CTETRA      5390       1    1150    1195    1174    1157
CTETRA      5391       1    1174    1175    1195    1142
CTETRA      5392       1    1144    1175    1142    1195
CTETRA      5393       1    1192    1157    1174    1196
CTETRA      5394       1    1195    1196    1174    1157
CTETRA      5395       1    1195    1196    1175    1174
CTETRA      5396       1    1197    1195    1142    1194
CTETRA      5397       1    1144    1176    1175    1197
CTETRA      5398       1    1197    1144    1142    1195
CTETRA      5399       1    1144    1197    1142    1194
CTETRA      5400       1    1197    1195    1175    1144
CTETRA      5401       1    1176    1197    1144    1198
CTETRA      5402       1    1176    1144    1143    1198
CTETRA      5403       1    1144    1143    1198    1194
CTETRA      5404       1    1176    1143    1171    1198
CTETRA      5405       1    1197    1198    1194    1144
CTETRA      5406       1    1145    1143    1198    1171
CTETRA      5407       1    1145    1143    1194    1198
CTETRA      5408       1    1163    1146    1199    1148
CTETRA      5409       1    1160    1147    1161    1199
CTETRA      5410       1    1148    1164    1147    1199
CTETRA      5411       1    1159    1163    1146    1199
CTETRA      5412       1    1147    1146    1148    1199
CTETRA      5413       1    1146    1158    1159    1199
CTETRA      5414       1    1158    1162    1199    1146
CTETRA      5415       1    1147    1164    1161    1199
CTETRA      5416       1    1148    1163    1164    1199
CTETRA      5417       1    1162    1160    1199    1146
CTETRA      5418       1    1146    1160    1199    1147
CTETRA      5419       1    1195    1196    1157    1200
CTETRA      5420       1    1150    1157    1200    1195
CTETRA      5421       1    1162    1157    1200    1150
CTETRA      5422       1    1157    1192    1200    1196
CTETRA      5423       1    1151    1149    1201    1194
CTETRA      5424       1    1162    1200    1201    1150
CTETRA      5425       1    1150    1201    1194    1195
CTETRA      5426       1    1150    1195    1200    1201
CTETRA      5427       1    1160    1161    1149    1201
CTETRA      5428       1    1150    1201    1149    1194
CTETRA      5429       1    1160    1150    1162    1201
CTETRA      5430       1    1150    1160    1149    1201
CTETRA      5431       1    1151    1149    1161    1201
CTETRA      5432       1    1153    1152    1202    1166
CTETRA      5433       1    1152    1154    1202    1191
CTETRA      5434       1    1152    1168    1202    1167
CTETRA      5435       1    1152    1153    1202    1154
CTETRA      5436       1    1168    1152    1202    1191
CTETRA      5437       1    1202    1167    1166    1152
CTETRA      5438       1    1203    1154    1191    1202
CTETRA      5439       1    1155    1204    1165    1163
CTETRA      5440       1    1166    1163    1167    1204
CTETRA      5441       1    1155    1163    1166    1204
CTETRA      5442       1    1205    1189    1156    1167
CTETRA      5443       1    1158    1159    1205    1156
CTETRA      5444       1    1167    1159    1156    1205
CTETRA      5445       1    1193    1158    1205    1156
CTETRA      5446       1    1193    1189    1156    1205
CTETRA      5447       1    1193    1206    1158    1192
CTETRA      5448       1    1162    1200    1157    1206
CTETRA      5449       1    1157    1200    1192    1206
CTETRA      5450       1    1193    1206    1205    1158
CTETRA      5451       1    1162    1158    1206    1157
CTETRA      5452       1    1157    1158    1206    1192
CTETRA      5453       1    1158    1207    1162    1206
CTETRA      5454       1    1206    1207    1205    1158
CTETRA      5455       1    1207    1159    1158    1199
CTETRA      5456       1    1162    1200    1206    1207
CTETRA      5457       1    1207    1159    1199    1163
CTETRA      5458       1    1159    1207    1205    1167
CTETRA      5459       1    1207    1159    1205    1158
CTETRA      5460       1    1159    1207    1167    1163
CTETRA      5461       1    1162    1199    1200    1207
CTETRA      5462       1    1207    1199    1158    1162
CTETRA      5463       1    1208    1199    1164    1163
CTETRA      5464       1    1208    1199    1163    1207
CTETRA      5465       1    1209    1205    1207    1167
CTETRA      5466       1    1162    1200    1210    1201
CTETRA      5467       1    1210    1164    1199    1161
CTETRA      5468       1    1162    1199    1160    1210
CTETRA      5469       1    1162    1199    1210    1200
CTETRA      5470       1    1161    1201    1160    1210
CTETRA      5471       1    1162    1160    1201    1210
CTETRA      5472       1    1210    1199    1160    1161
CTETRA      5473       1    1199    1208    1164    1210
CTETRA      5474       1    1211    1163    1204    1167
CTETRA      5475       1    1163    1207    1167    1211
CTETRA      5476       1    1208    1207    1163    1211
CTETRA      5477       1    1209    1211    1167    1207
CTETRA      5478       1    1164    1212    1163    1165
CTETRA      5479       1    1211    1204    1163    1212
CTETRA      5480       1    1204    1163    1212    1165
CTETRA      5481       1    1208    1163    1212    1211
CTETRA      5482       1    1208    1212    1163    1164
CTETRA      5483       1    1208    1212    1164    1210
CTETRA      5484       1    1213    1208    1212    1211
CTETRA      5485       1    1208    1213    1212    1210
CTETRA      5486       1    1211    1204    1212    1214
CTETRA      5487       1    1214    1165    1204    1212
CTETRA      5488       1    1213    1212    1214    1211
CTETRA      5489       1    1166    1167    1202    1215
CTETRA      5490       1    1166    1215    1204    1167
CTETRA      5491       1    1209    1211    1215    1167
CTETRA      5492       1    1211    1204    1215    1167
CTETRA      5493       1    1205    1216    1189    1167
CTETRA      5494       1    1167    1216    1202    1215
CTETRA      5495       1    1209    1216    1205    1167
CTETRA      5496       1    1209    1216    1167    1215
CTETRA      5497       1    1216    1217    1189    1167
CTETRA      5498       1    1216    1217    1167    1202
CTETRA      5499       1    1168    1167    1217    1202
CTETRA      5500       1    1217    1203    1191    1202
CTETRA      5501       1    1191    1168    1217    1202
CTETRA      5502       1    1168    1189    1191    1217
CTETRA      5503       1    1189    1168    1167    1217
CTETRA      5504       1    1185    1176    1169    1218
CTETRA      5505       1    1169    1176    1170    1218
CTETRA      5506       1    1218    1176    1170    1171
CTETRA      5507       1    1185    1186    1218    1169
CTETRA      5508       1    1169    1186    1218    1170
CTETRA      5509       1    1176    1198    1219    1197
CTETRA      5510       1    1176    1218    1185    1219
CTETRA      5511       1    1218    1176    1171    1219
CTETRA      5512       1    1198    1176    1219    1171
CTETRA      5513       1    1220    1198    1219    1171
CTETRA      5514       1    1220    1218    1171    1219
CTETRA      5515       1    1181    1172    1221    1184
CTETRA      5516       1    1181    1221    1172    1179
CTETRA      5517       1    1173    1221    1179    1172
CTETRA      5518       1    1222    1177    1174    1192
CTETRA      5519       1    1177    1222    1174    1179
CTETRA      5520       1    1222    1192    1174    1196
CTETRA      5521       1    1222    1177    1192    1187
CTETRA      5522       1    1179    1173    1223    1221
CTETRA      5523       1    1188    1173    1223    1177
CTETRA      5524       1    1179    1173    1177    1223
CTETRA      5525       1    1177    1179    1223    1222
CTETRA      5526       1    1175    1182    1178    1224
CTETRA      5527       1    1175    1185    1182    1224
CTETRA      5528       1    1175    1224    1178    1174
CTETRA      5529       1    1222    1224    1174    1179
CTETRA      5530       1    1224    1179    1178    1174
CTETRA      5531       1    1175    1174    1196    1224
CTETRA      5532       1    1222    1224    1196    1174
CTETRA      5533       1    1175    1196    1225    1224
CTETRA      5534       1    1175    1185    1224    1225
CTETRA      5535       1    1196    1195    1175    1225
CTETRA      5536       1    1176    1219    1225    1197
CTETRA      5537       1    1195    1225    1197    1175
CTETRA      5538       1    1176    1225    1219    1185
CTETRA      5539       1    1185    1176    1225    1175
CTETRA      5540       1    1176    1225    1175    1197
CTETRA      5541       1    1177    1187    1226    1188
CTETRA      5542       1    1223    1177    1226    1188
CTETRA      5543       1    1222    1177    1226    1223
CTETRA      5544       1    1222    1192    1226    1187
CTETRA      5545       1    1187    1193    1192    1226
CTETRA      5546       1    1222    1177    1187    1226
CTETRA      5547       1    1227    1222    1224    1196
CTETRA      5548       1    1224    1179    1228    1178
CTETRA      5549       1    1178    1181    1228    1180
CTETRA      5550       1    1178    1181    1179    1228
CTETRA      5551       1    1182    1178    1228    1180
CTETRA      5552       1    1181    1221    1179    1228
CTETRA      5553       1    1228    1224    1178    1182
CTETRA      5554       1    1228    1182    1185    1224
CTETRA      5555       1    1229    1179    1223    1221
CTETRA      5556       1    1224    1222    1227    1229
CTETRA      5557       1    1224    1229    1228    1179
CTETRA      5558       1    1224    1179    1222    1229
CTETRA      5559       1    1229    1179    1221    1228
CTETRA      5560       1    1179    1229    1223    1222
CTETRA      5561       1    1181    1183    1184    1230
CTETRA      5562       1    1181    1184    1221    1230
CTETRA      5563       1    1181    1228    1180    1230
CTETRA      5564       1    1181    1183    1230    1180
CTETRA      5565       1    1182    1228    1230    1180
CTETRA      5566       1    1183    1186    1230    1180
CTETRA      5567       1    1182    1186    1180    1230
CTETRA      5568       1    1182    1186    1230    1185
CTETRA      5569       1    1181    1228    1230    1221
CTETRA      5570       1    1228    1182    1230    1185
CTETRA      5571       1    1231    1184    1230    1221
CTETRA      5572       1    1230    1228    1231    1221
CTETRA      5573       1    1229    1221    1231    1228
CTETRA      5574       1    1232    1225    1185    1219
CTETRA      5575       1    1185    1232    1219    1218
CTETRA      5576       1    1232    1185    1225    1224
CTETRA      5577       1    1185    1232    1228    1224
CTETRA      5578       1    1233    1186    1185    1230
CTETRA      5579       1    1228    1233    1185    1230
CTETRA      5580       1    1185    1218    1186    1233
CTETRA      5581       1    1185    1232    1218    1233
CTETRA      5582       1    1232    1185    1228    1233
CTETRA      5583       1    1209    1234    1215    1211
CTETRA      5584       1    1234    1209    1215    1216
CTETRA      5585       1    1235    1209    1211    1234
CTETRA      5586       1    1209    1235    1205    1216
CTETRA      5587       1    1235    1209    1234    1216
CTETRA      5588       1    1189    1187    1190    1236
CTETRA      5589       1    1236    1187    1193    1189
CTETRA      5590       1    1193    1236    1189    1205
CTETRA      5591       1    1236    1187    1226    1193
CTETRA      5592       1    1187    1236    1237    1190
CTETRA      5593       1    1237    1187    1188    1226
CTETRA      5594       1    1236    1226    1187    1237
CTETRA      5595       1    1190    1188    1237    1187
CTETRA      5596       1    1237    1223    1226    1188
CTETRA      5597       1    1205    1189    1216    1238
CTETRA      5598       1    1189    1236    1238    1205
CTETRA      5599       1    1217    1238    1216    1189
CTETRA      5600       1    1238    1236    1239    1205
CTETRA      5601       1    1189    1238    1236    1240
CTETRA      5602       1    1237    1240    1190    1236
CTETRA      5603       1    1189    1236    1190    1240
CTETRA      5604       1    1189    1240    1190    1191
CTETRA      5605       1    1189    1217    1240    1191
CTETRA      5606       1    1238    1189    1217    1240
CTETRA      5607       1    1238    1239    1236    1240
CTETRA      5608       1    1217    1241    1191    1203
CTETRA      5609       1    1217    1241    1240    1191
CTETRA      5610       1    1238    1217    1241    1240
CTETRA      5611       1    1242    1238    1239    1205
CTETRA      5612       1    1242    1238    1205    1216
CTETRA      5613       1    1243    1205    1242    1244
CTETRA      5614       1    1206    1193    1205    1244
CTETRA      5615       1    1242    1239    1244    1205
CTETRA      5616       1    1193    1236    1205    1244
CTETRA      5617       1    1206    1243    1244    1205
CTETRA      5618       1    1236    1193    1226    1244
CTETRA      5619       1    1236    1244    1239    1205
CTETRA      5620       1    1227    1245    1222    1196
CTETRA      5621       1    1227    1222    1245    1226
CTETRA      5622       1    1245    1192    1222    1196
CTETRA      5623       1    1244    1206    1193    1245
CTETRA      5624       1    1192    1193    1245    1226
CTETRA      5625       1    1245    1206    1192    1200
CTETRA      5626       1    1245    1196    1200    1192
CTETRA      5627       1    1222    1192    1245    1226
CTETRA      5628       1    1193    1192    1245    1206
CTETRA      5629       1    1244    1245    1193    1226
CTETRA      5630       1    1196    1245    1246    1227
CTETRA      5631       1    1246    1196    1224    1225
CTETRA      5632       1    1227    1196    1224    1246
CTETRA      5633       1    1225    1197    1247    1195
CTETRA      5634       1    1225    1196    1195    1247
CTETRA      5635       1    1246    1225    1247    1196
CTETRA      5636       1    1225    1219    1247    1197
CTETRA      5637       1    1197    1198    1248    1194
CTETRA      5638       1    1248    1194    1201    1195
CTETRA      5639       1    1197    1248    1195    1194
CTETRA      5640       1    1248    1249    1195    1201
CTETRA      5641       1    1249    1247    1197    1195
CTETRA      5642       1    1248    1197    1195    1249
CTETRA      5643       1    1200    1249    1201    1195
CTETRA      5644       1    1249    1248    1197    1247
CTETRA      5645       1    1195    1196    1200    1249
CTETRA      5646       1    1249    1195    1196    1247
CTETRA      5647       1    1245    1196    1250    1200
CTETRA      5648       1    1196    1246    1245    1250
CTETRA      5649       1    1250    1249    1200    1196
CTETRA      5650       1    1246    1250    1196    1247
CTETRA      5651       1    1249    1250    1247    1196
CTETRA      5652       1    1219    1251    1198    1220
CTETRA      5653       1    1197    1198    1251    1248
CTETRA      5654       1    1198    1219    1197    1251
CTETRA      5655       1    1248    1247    1251    1197
CTETRA      5656       1    1251    1219    1197    1247
CTETRA      5657       1    1235    1252    1205    1216
CTETRA      5658       1    1243    1252    1242    1205
CTETRA      5659       1    1252    1216    1242    1205
CTETRA      5660       1    1245    1250    1244    1253
CTETRA      5661       1    1206    1243    1253    1244
CTETRA      5662       1    1206    1244    1253    1245
CTETRA      5663       1    1250    1253    1245    1200
CTETRA      5664       1    1206    1253    1200    1245
CTETRA      5665       1    1199    1254    1200    1207
CTETRA      5666       1    1208    1213    1210    1254
CTETRA      5667       1    1254    1206    1200    1207
CTETRA      5668       1    1253    1254    1206    1200
CTETRA      5669       1    1199    1208    1210    1254
CTETRA      5670       1    1199    1254    1210    1200
CTETRA      5671       1    1199    1208    1254    1207
CTETRA      5672       1    1248    1249    1201    1255
CTETRA      5673       1    1255    1249    1201    1200
CTETRA      5674       1    1249    1250    1200    1255
CTETRA      5675       1    1253    1200    1250    1255
CTETRA      5676       1    1255    1210    1200    1201
CTETRA      5677       1    1254    1255    1210    1200
CTETRA      5678       1    1253    1254    1200    1255
CTETRA      5679       1    1217    1241    1203    1256
CTETRA      5680       1    1234    1215    1256    1216
CTETRA      5681       1    1256    1202    1203    1217
CTETRA      5682       1    1215    1256    1216    1202
CTETRA      5683       1    1217    1216    1256    1202
CTETRA      5684       1    1257    1203    1241    1256
CTETRA      5685       1    1234    1215    1211    1258
CTETRA      5686       1    1211    1204    1214    1258
CTETRA      5687       1    1211    1204    1258    1215
CTETRA      5688       1    1209    1235    1259    1205
CTETRA      5689       1    1206    1207    1259    1205
CTETRA      5690       1    1208    1207    1211    1259
CTETRA      5691       1    1207    1254    1259    1208
CTETRA      5692       1    1243    1252    1205    1259
CTETRA      5693       1    1243    1206    1259    1205
CTETRA      5694       1    1235    1252    1259    1205
CTETRA      5695       1    1254    1253    1206    1259
CTETRA      5696       1    1207    1254    1206    1259
CTETRA      5697       1    1206    1243    1259    1253
CTETRA      5698       1    1213    1208    1259    1254
CTETRA      5699       1    1213    1208    1211    1259
CTETRA      5700       1    1209    1235    1211    1259
CTETRA      5701       1    1209    1259    1211    1207
CTETRA      5702       1    1209    1207    1205    1259
CTETRA      5703       1    1213    1212    1210    1260
CTETRA      5704       1    1254    1213    1260    1259
CTETRA      5705       1    1254    1260    1210    1255
CTETRA      5706       1    1254    1260    1213    1210
CTETRA      5707       1    1258    1234    1261    1211
CTETRA      5708       1    1235    1252    1261    1259
CTETRA      5709       1    1235    1234    1211    1261
CTETRA      5710       1    1235    1259    1261    1211
CTETRA      5711       1    1261    1258    1211    1262
CTETRA      5712       1    1213    1212    1260    1262
CTETRA      5713       1    1214    1258    1262    1211
CTETRA      5714       1    1261    1259    1262    1211
CTETRA      5715       1    1212    1213    1214    1262
CTETRA      5716       1    1213    1260    1259    1262
CTETRA      5717       1    1213    1259    1211    1262
CTETRA      5718       1    1213    1262    1211    1214
CTETRA      5719       1    1263    1214    1258    1262
CTETRA      5720       1    1261    1258    1262    1263
CTETRA      5721       1    1234    1258    1261    1264
CTETRA      5722       1    1234    1215    1258    1264
CTETRA      5723       1    1234    1215    1264    1256
CTETRA      5724       1    1235    1252    1216    1265
CTETRA      5725       1    1265    1216    1234    1256
CTETRA      5726       1    1216    1217    1265    1238
CTETRA      5727       1    1216    1265    1217    1256
CTETRA      5728       1    1234    1265    1256    1264
CTETRA      5729       1    1242    1216    1265    1238
CTETRA      5730       1    1265    1252    1216    1242
CTETRA      5731       1    1234    1216    1265    1235
CTETRA      5732       1    1217    1266    1265    1238
CTETRA      5733       1    1242    1265    1266    1238
CTETRA      5734       1    1241    1266    1257    1256
CTETRA      5735       1    1265    1266    1217    1256
CTETRA      5736       1    1217    1241    1256    1266
CTETRA      5737       1    1217    1238    1241    1266
CTETRA      5738       1    1267    1251    1247    1219
CTETRA      5739       1    1267    1247    1225    1219
CTETRA      5740       1    1225    1219    1232    1267
CTETRA      5741       1    1219    1220    1218    1268
CTETRA      5742       1    1232    1233    1268    1218
CTETRA      5743       1    1219    1232    1268    1218
CTETRA      5744       1    1219    1268    1232    1267
CTETRA      5745       1    1219    1220    1269    1251
CTETRA      5746       1    1251    1267    1269    1219
CTETRA      5747       1    1219    1268    1267    1269
CTETRA      5748       1    1219    1220    1268    1269
CTETRA      5749       1    1229    1270    1221    1223
CTETRA      5750       1    1270    1221    1231    1229
CTETRA      5751       1    1236    1271    1239    1244
CTETRA      5752       1    1226    1236    1271    1237
CTETRA      5753       1    1271    1236    1226    1244
CTETRA      5754       1    1226    1273    1222    1223
CTETRA      5755       1    1229    1270    1223    1273
CTETRA      5756       1    1229    1273    1223    1222
CTETRA      5757       1    1227    1273    1229    1222
CTETRA      5758       1    1227    1226    1273    1222
CTETRA      5759       1    1274    1273    1223    1270
CTETRA      5760       1    1273    1226    1274    1223
CTETRA      5761       1    1237    1226    1223    1274
CTETRA      5762       1    1226    1273    1274    1271
CTETRA      5763       1    1226    1271    1274    1237
CTETRA      5764       1    1228    1224    1275    1229
CTETRA      5765       1    1275    1232    1228    1233
CTETRA      5766       1    1224    1227    1275    1229
CTETRA      5767       1    1273    1229    1275    1227
CTETRA      5768       1    1225    1246    1275    1224
CTETRA      5769       1    1227    1224    1275    1246
CTETRA      5770       1    1232    1275    1224    1225
CTETRA      5771       1    1275    1228    1232    1224
CTETRA      5772       1    1267    1247    1276    1225
CTETRA      5773       1    1246    1225    1276    1247
CTETRA      5774       1    1246    1225    1275    1276
CTETRA      5775       1    1225    1267    1232    1276
CTETRA      5776       1    1267    1276    1268    1232
CTETRA      5777       1    1232    1225    1276    1275
CTETRA      5778       1    1273    1226    1277    1271
CTETRA      5779       1    1227    1277    1275    1273
CTETRA      5780       1    1227    1245    1277    1226
CTETRA      5781       1    1271    1272    1244    1277
CTETRA      5782       1    1271    1226    1277    1244
CTETRA      5783       1    1273    1227    1277    1226
CTETRA      5784       1    1245    1244    1277    1226
CTETRA      5785       1    1246    1276    1275    1277
CTETRA      5786       1    1227    1246    1275    1277
CTETRA      5787       1    1227    1245    1246    1277
CTETRA      5788       1    1229    1273    1278    1270
CTETRA      5789       1    1273    1278    1277    1275
CTETRA      5790       1    1278    1273    1229    1275
CTETRA      5791       1    1278    1275    1229    1279
CTETRA      5792       1    1228    1275    1279    1229
CTETRA      5793       1    1228    1229    1279    1231
CTETRA      5794       1    1230    1228    1233    1279
CTETRA      5795       1    1230    1228    1279    1231
CTETRA      5796       1    1270    1229    1231    1279
CTETRA      5797       1    1278    1229    1270    1279
CTETRA      5798       1    1275    1233    1228    1279
CTETRA      5799       1    1280    1231    1279    1270
CTETRA      5800       1    1278    1280    1279    1270
CTETRA      5801       1    1233    1232    1268    1281
CTETRA      5802       1    1275    1279    1278    1281
CTETRA      5803       1    1275    1233    1279    1281
CTETRA      5804       1    1275    1232    1233    1281
CTETRA      5805       1    1268    1232    1276    1281
CTETRA      5806       1    1275    1232    1281    1276
CTETRA      5807       1    1239    1271    1282    1244
CTETRA      5808       1    1272    1271    1244    1282
CTETRA      5809       1    1239    1282    1242    1244
CTETRA      5810       1    1243    1242    1282    1244
CTETRA      5811       1    1283    1242    1266    1238
CTETRA      5812       1    1283    1242    1239    1282
CTETRA      5813       1    1242    1283    1239    1238
CTETRA      5814       1    1252    1235    1284    1265
CTETRA      5815       1    1234    1265    1264    1284
CTETRA      5816       1    1234    1235    1284    1261
CTETRA      5817       1    1234    1264    1261    1284
CTETRA      5818       1    1252    1235    1261    1284
CTETRA      5819       1    1234    1265    1284    1235
CTETRA      5820       1    1285    1265    1266    1242
CTETRA      5821       1    1283    1242    1285    1266
CTETRA      5822       1    1285    1265    1242    1252
CTETRA      5823       1    1265    1285    1284    1252
CTETRA      5824       1    1286    1239    1271    1282
CTETRA      5825       1    1282    1239    1283    1286
CTETRA      5826       1    1286    1272    1282    1271
CTETRA      5827       1    1271    1239    1286    1287
CTETRA      5828       1    1240    1237    1287    1236
CTETRA      5829       1    1239    1271    1236    1287
CTETRA      5830       1    1271    1236    1287    1237
CTETRA      5831       1    1239    1236    1240    1287
CTETRA      5832       1    1274    1287    1237    1271
CTETRA      5833       1    1282    1288    1286    1283
CTETRA      5834       1    1287    1239    1289    1240
CTETRA      5835       1    1239    1283    1286    1289
CTETRA      5836       1    1283    1239    1238    1289
CTETRA      5837       1    1288    1283    1289    1286
CTETRA      5838       1    1239    1287    1289    1286
CTETRA      5839       1    1238    1239    1240    1289
CTETRA      5840       1    1238    1240    1241    1289
CTETRA      5841       1    1266    1241    1289    1238
CTETRA      5842       1    1283    1238    1266    1289
CTETRA      5843       1    1290    1266    1257    1241
CTETRA      5844       1    1266    1290    1289    1241
CTETRA      5845       1    1242    1283    1285    1291
CTETRA      5846       1    1291    1242    1252    1285
CTETRA      5847       1    1291    1252    1242    1243
CTETRA      5848       1    1285    1291    1284    1252
CTETRA      5849       1    1291    1242    1282    1243
CTETRA      5850       1    1242    1283    1291    1282
CTETRA      5851       1    1292    1243    1253    1259
CTETRA      5852       1    1253    1254    1292    1259
CTETRA      5853       1    1243    1259    1292    1252
CTETRA      5854       1    1243    1291    1252    1292
CTETRA      5855       1    1254    1259    1260    1292
CTETRA      5856       1    1293    1243    1282    1244
CTETRA      5857       1    1253    1244    1293    1250
CTETRA      5858       1    1291    1243    1282    1293
CTETRA      5859       1    1243    1293    1291    1292
CTETRA      5860       1    1293    1272    1244    1282
CTETRA      5861       1    1292    1243    1293    1253
CTETRA      5862       1    1243    1293    1253    1244
CTETRA      5863       1    1250    1246    1245    1294
CTETRA      5864       1    1277    1276    1294    1246
CTETRA      5865       1    1294    1272    1277    1244
CTETRA      5866       1    1293    1294    1244    1272
CTETRA      5867       1    1294    1293    1244    1250
CTETRA      5868       1    1245    1250    1294    1244
CTETRA      5869       1    1277    1246    1294    1245
CTETRA      5870       1    1245    1277    1244    1294
CTETRA      5871       1    1267    1276    1247    1295
CTETRA      5872       1    1276    1295    1294    1246
CTETRA      5873       1    1250    1294    1295    1246
CTETRA      5874       1    1276    1246    1247    1295
CTETRA      5875       1    1247    1250    1295    1246
CTETRA      5876       1    1247    1267    1296    1251
CTETRA      5877       1    1247    1248    1251    1296
CTETRA      5878       1    1249    1247    1296    1248
CTETRA      5879       1    1249    1247    1250    1296
CTETRA      5880       1    1249    1248    1296    1255
CTETRA      5881       1    1249    1296    1250    1255
CTETRA      5882       1    1247    1296    1295    1250
CTETRA      5883       1    1247    1267    1295    1296
CTETRA      5884       1    1297    1250    1296    1255
CTETRA      5885       1    1250    1297    1295    1294
CTETRA      5886       1    1297    1294    1250    1293
CTETRA      5887       1    1253    1297    1255    1250
CTETRA      5888       1    1297    1253    1293    1250
CTETRA      5889       1    1250    1297    1296    1295
CTETRA      5890       1    1292    1297    1253    1293
CTETRA      5891       1    1267    1251    1298    1296
CTETRA      5892       1    1251    1267    1298    1269
CTETRA      5893       1    1295    1298    1296    1267
CTETRA      5894       1    1295    1299    1276    1294
CTETRA      5895       1    1261    1300    1262    1259
CTETRA      5896       1    1252    1291    1284    1300
CTETRA      5897       1    1300    1261    1284    1252
CTETRA      5898       1    1252    1291    1300    1292
CTETRA      5899       1    1259    1252    1300    1292
CTETRA      5900       1    1252    1261    1259    1300
CTETRA      5901       1    1253    1254    1255    1301
CTETRA      5902       1    1297    1253    1255    1301
CTETRA      5903       1    1260    1254    1301    1255
CTETRA      5904       1    1253    1292    1254    1301
CTETRA      5905       1    1297    1253    1301    1292
CTETRA      5906       1    1301    1296    1255    1297
CTETRA      5907       1    1260    1254    1292    1301
CTETRA      5908       1    1292    1297    1293    1302
CTETRA      5909       1    1302    1297    1301    1292
CTETRA      5910       1    1293    1272    1303    1294
CTETRA      5911       1    1293    1272    1282    1303
CTETRA      5912       1    1264    1265    1304    1284
CTETRA      5913       1    1256    1264    1265    1304
CTETRA      5914       1    1266    1290    1257    1304
CTETRA      5915       1    1304    1256    1257    1266
CTETRA      5916       1    1265    1266    1256    1304
CTETRA      5917       1    1305    1257    1290    1304
CTETRA      5918       1    1306    1300    1261    1284
CTETRA      5919       1    1258    1261    1264    1307
CTETRA      5920       1    1258    1261    1307    1263
CTETRA      5921       1    1261    1284    1264    1307
CTETRA      5922       1    1306    1261    1307    1284
CTETRA      5923       1    1307    1306    1263    1261
CTETRA      5924       1    1282    1291    1293    1308
CTETRA      5925       1    1303    1293    1308    1282
CTETRA      5926       1    1292    1259    1260    1309
CTETRA      5927       1    1309    1300    1259    1262
CTETRA      5928       1    1260    1262    1309    1259
CTETRA      5929       1    1292    1300    1259    1309
CTETRA      5930       1    1301    1309    1292    1260
CTETRA      5931       1    1302    1301    1309    1292
CTETRA      5932       1    1292    1302    1300    1309
CTETRA      5933       1    1285    1291    1310    1284
CTETRA      5934       1    1300    1310    1291    1284
CTETRA      5935       1    1306    1311    1284    1307
CTETRA      5936       1    1311    1310    1300    1284
CTETRA      5937       1    1306    1311    1300    1284
CTETRA      5938       1    1310    1312    1311    1300
CTETRA      5939       1    1306    1300    1311    1312
CTETRA      5940       1    1261    1300    1313    1262
CTETRA      5941       1    1313    1309    1262    1300
CTETRA      5942       1    1262    1313    1261    1263
CTETRA      5943       1    1306    1313    1263    1261
CTETRA      5944       1    1306    1300    1313    1261
CTETRA      5945       1    1300    1312    1313    1309
CTETRA      5946       1    1306    1300    1312    1313
CTETRA      5947       1    1306    1314    1313    1312
CTETRA      5948       1    1314    1306    1311    1312
CTETRA      5949       1    1307    1306    1315    1263
CTETRA      5950       1    1313    1306    1263    1315
CTETRA      5951       1    1306    1313    1314    1315
CTETRA      5952       1    1316    1266    1290    1289
CTETRA      5953       1    1283    1316    1288    1289
CTETRA      5954       1    1283    1316    1289    1266
CTETRA      5955       1    1285    1316    1283    1266
CTETRA      5956       1    1264    1317    1284    1304
CTETRA      5957       1    1311    1284    1307    1317
CTETRA      5958       1    1264    1307    1284    1317
CTETRA      5959       1    1318    1317    1304    1284
CTETRA      5960       1    1318    1311    1317    1284
CTETRA      5961       1    1284    1265    1304    1319
CTETRA      5962       1    1285    1266    1265    1319
CTETRA      5963       1    1285    1284    1319    1265
CTETRA      5964       1    1319    1318    1304    1284
CTETRA      5965       1    1316    1285    1319    1266
CTETRA      5966       1    1266    1265    1319    1304
CTETRA      5967       1    1319    1320    1266    1304
CTETRA      5968       1    1316    1290    1266    1320
CTETRA      5969       1    1316    1320    1266    1319
CTETRA      5970       1    1320    1290    1304    1305
CTETRA      5971       1    1320    1290    1266    1304
CTETRA      5972       1    1321    1276    1281    1268
CTETRA      5973       1    1295    1267    1321    1298
CTETRA      5974       1    1267    1321    1269    1268
CTETRA      5975       1    1276    1267    1321    1295
CTETRA      5976       1    1267    1276    1321    1268
CTETRA      5977       1    1298    1267    1321    1269
CTETRA      5978       1    1322    1295    1321    1298
CTETRA      5979       1    1323    1321    1281    1268
CTETRA      5980       1    1323    1321    1268    1269
CTETRA      5981       1    1298    1269    1321    1324
CTETRA      5982       1    1323    1321    1269    1324
CTETRA      5983       1    1298    1321    1322    1324
CTETRA      5984       1    1278    1270    1273    1325
CTETRA      5985       1    1274    1270    1325    1273
CTETRA      5986       1    1270    1278    1280    1325
CTETRA      5987       1    1288    1326    1282    1286
CTETRA      5988       1    1282    1286    1326    1272
CTETRA      5989       1    1326    1282    1272    1303
CTETRA      5990       1    1326    1308    1282    1303
CTETRA      5991       1    1299    1327    1294    1303
CTETRA      5992       1    1303    1327    1272    1326
CTETRA      5993       1    1272    1303    1294    1327
CTETRA      5994       1    1328    1303    1326    1327
CTETRA      5995       1    1326    1328    1308    1303
CTETRA      5996       1    1286    1287    1329    1271
CTETRA      5997       1    1287    1274    1329    1271
CTETRA      5998       1    1288    1286    1330    1326
CTETRA      5999       1    1272    1327    1330    1326
CTETRA      6000       1    1286    1272    1330    1326
CTETRA      6001       1    1294    1272    1331    1277
CTETRA      6002       1    1294    1299    1276    1331
CTETRA      6003       1    1272    1327    1331    1330
CTETRA      6004       1    1299    1331    1294    1327
CTETRA      6005       1    1272    1331    1327    1294
CTETRA      6006       1    1277    1294    1276    1331
CTETRA      6007       1    1286    1330    1272    1332
CTETRA      6008       1    1332    1329    1325    1274
CTETRA      6009       1    1273    1271    1332    1274
CTETRA      6010       1    1273    1332    1271    1277
CTETRA      6011       1    1278    1273    1332    1325
CTETRA      6012       1    1332    1274    1325    1273
CTETRA      6013       1    1330    1332    1286    1329
CTETRA      6014       1    1286    1332    1271    1329
CTETRA      6015       1    1332    1272    1271    1277
CTETRA      6016       1    1286    1272    1271    1332
CTETRA      6017       1    1332    1274    1271    1329
CTETRA      6018       1    1272    1331    1332    1330
CTETRA      6019       1    1331    1272    1332    1277
CTETRA      6020       1    1273    1278    1332    1277
CTETRA      6021       1    1333    1281    1276    1275
CTETRA      6022       1    1333    1275    1278    1281
CTETRA      6023       1    1276    1333    1275    1277
CTETRA      6024       1    1333    1278    1275    1277
CTETRA      6025       1    1333    1277    1276    1331
CTETRA      6026       1    1333    1276    1281    1321
CTETRA      6027       1    1299    1322    1295    1334
CTETRA      6028       1    1322    1334    1321    1295
CTETRA      6029       1    1321    1276    1295    1334
CTETRA      6030       1    1334    1333    1276    1331
CTETRA      6031       1    1334    1299    1331    1276
CTETRA      6032       1    1295    1299    1334    1276
CTETRA      6033       1    1334    1321    1276    1333
CTETRA      6034       1    1335    1332    1277    1331
CTETRA      6035       1    1335    1333    1277    1278
CTETRA      6036       1    1335    1333    1331    1277
CTETRA      6037       1    1335    1332    1325    1278
CTETRA      6038       1    1335    1332    1278    1277
CTETRA      6039       1    1278    1335    1336    1325
CTETRA      6040       1    1279    1278    1336    1280
CTETRA      6041       1    1278    1280    1325    1336
CTETRA      6042       1    1279    1336    1278    1281
CTETRA      6043       1    1335    1333    1278    1336
CTETRA      6044       1    1333    1336    1281    1278
CTETRA      6045       1    1336    1325    1335    1337
CTETRA      6046       1    1337    1280    1336    1325
CTETRA      6047       1    1334    1322    1338    1299
CTETRA      6048       1    1334    1338    1331    1299
CTETRA      6049       1    1331    1327    1299    1338
CTETRA      6050       1    1334    1333    1339    1321
CTETRA      6051       1    1333    1281    1339    1321
CTETRA      6052       1    1333    1281    1336    1339
CTETRA      6053       1    1323    1321    1339    1281
CTETRA      6054       1    1285    1340    1291    1283
CTETRA      6055       1    1340    1283    1316    1288
CTETRA      6056       1    1326    1288    1282    1340
CTETRA      6057       1    1285    1340    1310    1291
CTETRA      6058       1    1282    1283    1291    1340
CTETRA      6059       1    1308    1340    1291    1310
CTETRA      6060       1    1291    1340    1308    1282
CTETRA      6061       1    1326    1308    1340    1282
CTETRA      6062       1    1283    1282    1288    1340
CTETRA      6063       1    1340    1285    1316    1283
CTETRA      6064       1    1341    1285    1284    1319
CTETRA      6065       1    1340    1341    1285    1310
CTETRA      6066       1    1319    1341    1318    1284
CTETRA      6067       1    1311    1318    1341    1284
CTETRA      6068       1    1311    1310    1284    1341
CTETRA      6069       1    1285    1341    1284    1310
CTETRA      6070       1    1340    1285    1341    1316
CTETRA      6071       1    1319    1341    1285    1316
CTETRA      6072       1    1326    1328    1342    1308
CTETRA      6073       1    1326    1308    1342    1340
CTETRA      6074       1    1288    1326    1330    1343
CTETRA      6075       1    1287    1344    1289    1286
CTETRA      6076       1    1288    1343    1330    1344
CTETRA      6077       1    1287    1329    1344    1286
CTETRA      6078       1    1288    1344    1286    1289
CTETRA      6079       1    1286    1329    1344    1330
CTETRA      6080       1    1288    1286    1344    1330
CTETRA      6081       1    1326    1342    1345    1340
CTETRA      6082       1    1340    1345    1288    1316
CTETRA      6083       1    1288    1343    1345    1326
CTETRA      6084       1    1343    1342    1345    1326
CTETRA      6085       1    1288    1326    1345    1340
CTETRA      6086       1    1288    1345    1289    1316
CTETRA      6087       1    1288    1345    1343    1344
CTETRA      6088       1    1288    1344    1289    1345
CTETRA      6089       1    1316    1346    1289    1290
CTETRA      6090       1    1346    1316    1289    1345
CTETRA      6091       1    1346    1344    1345    1289
CTETRA      6092       1    1316    1320    1346    1290
CTETRA      6093       1    1320    1290    1305    1347
CTETRA      6094       1    1320    1290    1347    1346
CTETRA      6095       1    1342    1348    1308    1328
CTETRA      6096       1    1300    1310    1349    1291
CTETRA      6097       1    1292    1349    1291    1300
CTETRA      6098       1    1293    1292    1349    1291
CTETRA      6099       1    1292    1349    1302    1293
CTETRA      6100       1    1292    1349    1300    1302
CTETRA      6101       1    1308    1310    1291    1349
CTETRA      6102       1    1303    1349    1308    1293
CTETRA      6103       1    1349    1291    1308    1293
CTETRA      6104       1    1350    1349    1293    1302
CTETRA      6105       1    1350    1294    1295    1297
CTETRA      6106       1    1299    1294    1295    1350
CTETRA      6107       1    1350    1299    1294    1303
CTETRA      6108       1    1350    1297    1302    1293
CTETRA      6109       1    1293    1350    1294    1303
CTETRA      6110       1    1350    1293    1294    1297
CTETRA      6111       1    1303    1350    1349    1293
CTETRA      6112       1    1295    1298    1351    1296
CTETRA      6113       1    1350    1302    1297    1351
CTETRA      6114       1    1295    1296    1351    1297
CTETRA      6115       1    1301    1297    1351    1296
CTETRA      6116       1    1350    1297    1295    1351
CTETRA      6117       1    1295    1298    1322    1351
CTETRA      6118       1    1299    1295    1351    1350
CTETRA      6119       1    1295    1299    1351    1322
CTETRA      6120       1    1302    1301    1297    1351
CTETRA      6121       1    1322    1352    1351    1298
CTETRA      6122       1    1352    1322    1324    1298
CTETRA      6123       1    1322    1352    1353    1351
CTETRA      6124       1    1299    1322    1338    1353
CTETRA      6125       1    1327    1299    1338    1353
CTETRA      6126       1    1303    1327    1328    1353
CTETRA      6127       1    1350    1299    1303    1353
CTETRA      6128       1    1327    1303    1299    1353
CTETRA      6129       1    1350    1299    1353    1351
CTETRA      6130       1    1299    1322    1353    1351
CTETRA      6131       1    1303    1350    1353    1349
CTETRA      6132       1    1328    1354    1303    1353
CTETRA      6133       1    1354    1328    1308    1348
CTETRA      6134       1    1328    1354    1308    1303
CTETRA      6135       1    1312    1310    1355    1300
CTETRA      6136       1    1355    1349    1300    1310
CTETRA      6137       1    1355    1312    1300    1309
CTETRA      6138       1    1349    1355    1300    1302
CTETRA      6139       1    1355    1309    1300    1302
CTETRA      6140       1    1302    1349    1356    1350
CTETRA      6141       1    1302    1301    1356    1309
CTETRA      6142       1    1302    1301    1351    1356
CTETRA      6143       1    1356    1355    1302    1309
CTETRA      6144       1    1302    1350    1356    1351
CTETRA      6145       1    1355    1302    1349    1356
CTETRA      6146       1    1303    1357    1349    1353
CTETRA      6147       1    1354    1357    1308    1303
CTETRA      6148       1    1357    1354    1353    1303
CTETRA      6149       1    1349    1303    1308    1357
CTETRA      6150       1    1318    1319    1304    1358
CTETRA      6151       1    1318    1317    1358    1304
CTETRA      6152       1    1319    1320    1304    1358
CTETRA      6153       1    1320    1305    1358    1347
CTETRA      6154       1    1305    1320    1358    1304
CTETRA      6155       1    1359    1305    1347    1358
CTETRA      6156       1    1314    1306    1315    1360
CTETRA      6157       1    1317    1360    1307    1311
CTETRA      6158       1    1307    1306    1360    1315
CTETRA      6159       1    1306    1307    1360    1311
CTETRA      6160       1    1314    1311    1306    1360
CTETRA      6161       1    1310    1341    1311    1361
CTETRA      6162       1    1348    1354    1361    1308
CTETRA      6163       1    1348    1342    1308    1361
CTETRA      6164       1    1308    1361    1342    1340
CTETRA      6165       1    1308    1310    1361    1340
CTETRA      6166       1    1341    1361    1310    1340
CTETRA      6167       1    1357    1362    1308    1349
CTETRA      6168       1    1355    1362    1349    1310
CTETRA      6169       1    1308    1310    1349    1362
CTETRA      6170       1    1357    1354    1308    1362
CTETRA      6171       1    1310    1308    1361    1362
CTETRA      6172       1    1312    1362    1355    1310
CTETRA      6173       1    1355    1357    1349    1362
CTETRA      6174       1    1308    1354    1361    1362
CTETRA      6175       1    1318    1311    1341    1363
CTETRA      6176       1    1318    1311    1363    1317
CTETRA      6177       1    1311    1314    1363    1360
CTETRA      6178       1    1341    1311    1361    1363
CTETRA      6179       1    1363    1311    1360    1317
CTETRA      6180       1    1357    1354    1362    1364
CTETRA      6181       1    1348    1364    1361    1354
CTETRA      6182       1    1364    1354    1362    1361
CTETRA      6183       1    1355    1365    1312    1309
CTETRA      6184       1    1355    1365    1309    1356
CTETRA      6185       1    1355    1312    1365    1362
CTETRA      6186       1    1365    1312    1309    1313
CTETRA      6187       1    1314    1311    1363    1366
CTETRA      6188       1    1310    1362    1361    1366
CTETRA      6189       1    1312    1366    1365    1362
CTETRA      6190       1    1310    1311    1366    1361
CTETRA      6191       1    1363    1311    1361    1366
CTETRA      6192       1    1312    1366    1362    1310
CTETRA      6193       1    1312    1310    1311    1366
CTETRA      6194       1    1314    1366    1312    1311
CTETRA      6195       1    1368    1367    1366    1363
CTETRA      6196       1    1314    1366    1363    1368
CTETRA      6197       1    1314    1368    1363    1360
CTETRA      6198       1    1367    1368    1360    1363
CTETRA      6199       1    1369    1314    1313    1315
CTETRA      6200       1    1314    1369    1360    1315
CTETRA      6201       1    1312    1366    1369    1365
CTETRA      6202       1    1312    1365    1369    1313
CTETRA      6203       1    1314    1368    1369    1366
CTETRA      6204       1    1314    1366    1369    1312
CTETRA      6205       1    1314    1312    1369    1313
CTETRA      6206       1    1314    1368    1360    1369
CTETRA      6207       1    1370    1315    1360    1369
CTETRA      6208       1    1368    1369    1370    1360
CTETRA      6209       1    1316    1371    1346    1320
CTETRA      6210       1    1316    1340    1345    1371
CTETRA      6211       1    1346    1345    1371    1316
CTETRA      6212       1    1371    1320    1347    1346
CTETRA      6213       1    1340    1316    1341    1371
CTETRA      6214       1    1320    1319    1316    1371
CTETRA      6215       1    1319    1341    1316    1371
CTETRA      6216       1    1327    1338    1331    1372
CTETRA      6217       1    1327    1330    1372    1331
CTETRA      6218       1    1318    1317    1373    1358
CTETRA      6219       1    1373    1360    1317    1363
CTETRA      6220       1    1363    1373    1360    1367
CTETRA      6221       1    1318    1363    1373    1317
CTETRA      6222       1    1341    1319    1374    1371
CTETRA      6223       1    1318    1341    1319    1374
CTETRA      6224       1    1318    1358    1373    1374
CTETRA      6225       1    1318    1363    1341    1374
CTETRA      6226       1    1318    1319    1358    1374
CTETRA      6227       1    1341    1363    1361    1374
CTETRA      6228       1    1363    1318    1373    1374
CTETRA      6229       1    1375    1374    1358    1319
CTETRA      6230       1    1375    1320    1358    1347
CTETRA      6231       1    1347    1371    1375    1320
CTETRA      6232       1    1371    1375    1319    1374
CTETRA      6233       1    1320    1371    1375    1319
CTETRA      6234       1    1375    1347    1358    1359
CTETRA      6235       1    1320    1319    1375    1358
CTETRA      6236       1    1353    1376    1338    1327
CTETRA      6237       1    1372    1338    1376    1327
CTETRA      6238       1    1322    1377    1353    1352
CTETRA      6239       1    1338    1377    1353    1322
CTETRA      6240       1    1376    1377    1353    1338
CTETRA      6241       1    1334    1322    1321    1378
CTETRA      6242       1    1334    1338    1378    1339
CTETRA      6243       1    1323    1321    1324    1378
CTETRA      6244       1    1322    1321    1378    1324
CTETRA      6245       1    1323    1321    1378    1339
CTETRA      6246       1    1334    1339    1378    1321
CTETRA      6247       1    1322    1352    1378    1377
CTETRA      6248       1    1334    1322    1378    1338
CTETRA      6249       1    1338    1377    1322    1378
CTETRA      6250       1    1322    1352    1324    1378
CTETRA      6251       1    1379    1324    1352    1378
CTETRA      6252       1    1379    1352    1377    1378
CTETRA      6253       1    1364    1348    1361    1380
CTETRA      6254       1    1328    1354    1353    1381
CTETRA      6255       1    1376    1381    1327    1353
CTETRA      6256       1    1328    1327    1381    1353
CTETRA      6257       1    1348    1328    1342    1381
CTETRA      6258       1    1354    1328    1348    1381
CTETRA      6259       1    1381    1372    1376    1327
CTETRA      6260       1    1348    1381    1342    1382
CTETRA      6261       1    1329    1330    1332    1383
CTETRA      6262       1    1329    1325    1383    1332
CTETRA      6263       1    1325    1383    1335    1337
CTETRA      6264       1    1332    1325    1383    1335
CTETRA      6265       1    1372    1385    1330    1327
CTETRA      6266       1    1342    1328    1326    1385
CTETRA      6267       1    1328    1342    1381    1385
CTETRA      6268       1    1343    1342    1326    1385
CTETRA      6269       1    1343    1385    1326    1330
CTETRA      6270       1    1328    1381    1327    1385
CTETRA      6271       1    1372    1381    1385    1327
CTETRA      6272       1    1328    1326    1385    1327
CTETRA      6273       1    1330    1327    1385    1326
CTETRA      6274       1    1384    1385    1330    1372
CTETRA      6275       1    1382    1381    1342    1385
CTETRA      6276       1    1382    1381    1385    1372
CTETRA      6277       1    1384    1330    1386    1383
CTETRA      6278       1    1329    1386    1330    1383
CTETRA      6279       1    1329    1386    1344    1330
CTETRA      6280       1    1385    1343    1386    1330
CTETRA      6281       1    1386    1343    1344    1330
CTETRA      6282       1    1384    1385    1386    1330
CTETRA      6283       1    1385    1387    1382    1372
CTETRA      6284       1    1385    1384    1386    1387
CTETRA      6285       1    1385    1384    1387    1372
CTETRA      6286       1    1335    1333    1336    1388
CTETRA      6287       1    1333    1339    1336    1388
CTETRA      6288       1    1330    1388    1372    1331
CTETRA      6289       1    1333    1334    1339    1388
CTETRA      6290       1    1330    1332    1383    1388
CTETRA      6291       1    1331    1330    1388    1332
CTETRA      6292       1    1384    1372    1330    1388
CTETRA      6293       1    1334    1338    1339    1388
CTETRA      6294       1    1331    1338    1334    1388
CTETRA      6295       1    1388    1383    1337    1335
CTETRA      6296       1    1384    1330    1383    1388
CTETRA      6297       1    1338    1388    1331    1372
CTETRA      6298       1    1335    1331    1333    1388
CTETRA      6299       1    1335    1331    1388    1332
CTETRA      6300       1    1336    1335    1388    1337
CTETRA      6301       1    1335    1332    1388    1383
CTETRA      6302       1    1331    1334    1333    1388
CTETRA      6303       1    1384    1372    1388    1389
CTETRA      6304       1    1389    1384    1372    1387
CTETRA      6305       1    1390    1388    1336    1339
CTETRA      6306       1    1390    1388    1337    1336
CTETRA      6307       1    1383    1337    1391    1388
CTETRA      6308       1    1390    1337    1388    1391
CTETRA      6309       1    1383    1388    1391    1384
CTETRA      6310       1    1384    1389    1388    1391
CTETRA      6311       1    1372    1389    1392    1388
CTETRA      6312       1    1376    1377    1338    1392
CTETRA      6313       1    1376    1381    1392    1372
CTETRA      6314       1    1376    1392    1338    1372
CTETRA      6315       1    1372    1338    1388    1392
CTETRA      6316       1    1338    1377    1378    1393
CTETRA      6317       1    1378    1393    1339    1338
CTETRA      6318       1    1338    1393    1339    1388
CTETRA      6319       1    1338    1392    1377    1393
CTETRA      6320       1    1390    1388    1339    1393
CTETRA      6321       1    1338    1393    1388    1392
CTETRA      6322       1    1361    1341    1374    1394
CTETRA      6323       1    1345    1394    1371    1340
CTETRA      6324       1    1371    1341    1394    1374
CTETRA      6325       1    1371    1341    1340    1394
CTETRA      6326       1    1341    1361    1340    1394
CTETRA      6327       1    1361    1342    1340    1394
CTETRA      6328       1    1345    1394    1340    1342
CTETRA      6329       1    1345    1343    1394    1342
CTETRA      6330       1    1342    1348    1382    1395
CTETRA      6331       1    1382    1342    1395    1385
CTETRA      6332       1    1380    1348    1361    1395
CTETRA      6333       1    1343    1342    1385    1395
CTETRA      6334       1    1380    1394    1395    1361
CTETRA      6335       1    1348    1342    1361    1395
CTETRA      6336       1    1394    1342    1395    1361
CTETRA      6337       1    1342    1395    1343    1394
CTETRA      6338       1    1395    1396    1343    1394
CTETRA      6339       1    1387    1385    1382    1396
CTETRA      6340       1    1382    1396    1385    1395
CTETRA      6341       1    1396    1343    1385    1395
CTETRA      6342       1    1343    1385    1386    1396
CTETRA      6343       1    1345    1346    1397    1344
CTETRA      6344       1    1397    1343    1386    1396
CTETRA      6345       1    1345    1343    1344    1397
CTETRA      6346       1    1343    1397    1386    1344
CTETRA      6347       1    1396    1343    1394    1397
CTETRA      6348       1    1345    1343    1397    1394
CTETRA      6349       1    1374    1363    1361    1398
CTETRA      6350       1    1380    1361    1398    1394
CTETRA      6351       1    1374    1398    1361    1394
CTETRA      6352       1    1371    1375    1399    1347
CTETRA      6353       1    1371    1347    1399    1346
CTETRA      6354       1    1345    1394    1397    1399
CTETRA      6355       1    1345    1346    1399    1397
CTETRA      6356       1    1346    1345    1399    1371
CTETRA      6357       1    1394    1371    1399    1345
CTETRA      6358       1    1397    1394    1396    1399
CTETRA      6359       1    1375    1347    1400    1399
CTETRA      6360       1    1375    1347    1359    1400
CTETRA      6361       1    1348    1364    1401    1380
CTETRA      6362       1    1348    1354    1381    1401
CTETRA      6363       1    1348    1401    1395    1380
CTETRA      6364       1    1348    1354    1401    1364
CTETRA      6365       1    1401    1381    1348    1382
CTETRA      6366       1    1401    1348    1395    1382
CTETRA      6367       1    1357    1402    1349    1353
CTETRA      6368       1    1353    1350    1402    1349
CTETRA      6369       1    1356    1351    1350    1402
CTETRA      6370       1    1353    1350    1351    1402
CTETRA      6371       1    1349    1350    1402    1356
CTETRA      6372       1    1355    1356    1349    1402
CTETRA      6373       1    1357    1355    1349    1402
CTETRA      6374       1    1403    1356    1402    1351
CTETRA      6375       1    1402    1403    1351    1353
CTETRA      6376       1    1403    1353    1377    1352
CTETRA      6377       1    1403    1351    1353    1352
CTETRA      6378       1    1404    1352    1377    1379
CTETRA      6379       1    1404    1352    1403    1377
CTETRA      6380       1    1402    1353    1405    1403
CTETRA      6381       1    1402    1357    1405    1353
CTETRA      6382       1    1377    1404    1405    1403
CTETRA      6383       1    1364    1354    1401    1405
CTETRA      6384       1    1357    1354    1405    1353
CTETRA      6385       1    1353    1405    1403    1377
CTETRA      6386       1    1376    1405    1381    1353
CTETRA      6387       1    1376    1353    1377    1405
CTETRA      6388       1    1354    1357    1405    1364
CTETRA      6389       1    1381    1354    1405    1401
CTETRA      6390       1    1354    1405    1353    1381
CTETRA      6391       1    1364    1401    1406    1405
CTETRA      6392       1    1406    1364    1380    1401
CTETRA      6393       1    1362    1366    1365    1407
CTETRA      6394       1    1362    1357    1408    1355
CTETRA      6395       1    1402    1357    1355    1408
CTETRA      6396       1    1402    1403    1408    1356
CTETRA      6397       1    1355    1365    1356    1408
CTETRA      6398       1    1356    1402    1355    1408
CTETRA      6399       1    1407    1362    1408    1365
CTETRA      6400       1    1355    1365    1408    1362
CTETRA      6401       1    1402    1357    1408    1409
CTETRA      6402       1    1357    1409    1362    1408
CTETRA      6403       1    1409    1364    1405    1357
CTETRA      6404       1    1409    1364    1406    1405
CTETRA      6405       1    1357    1402    1405    1409
CTETRA      6406       1    1364    1409    1406    1407
CTETRA      6407       1    1407    1409    1408    1362
CTETRA      6408       1    1364    1407    1362    1409
CTETRA      6409       1    1364    1357    1409    1362
CTETRA      6410       1    1373    1358    1410    1374
CTETRA      6411       1    1375    1359    1410    1400
CTETRA      6412       1    1358    1359    1410    1375
CTETRA      6413       1    1375    1374    1410    1358
CTETRA      6414       1    1411    1359    1400    1410
CTETRA      6415       1    1367    1363    1373    1412
CTETRA      6416       1    1374    1373    1412    1410
CTETRA      6417       1    1412    1367    1363    1398
CTETRA      6418       1    1398    1374    1363    1412
CTETRA      6419       1    1363    1374    1373    1412
CTETRA      6420       1    1360    1370    1368    1413
CTETRA      6421       1    1413    1373    1367    1360
CTETRA      6422       1    1367    1413    1412    1373
CTETRA      6423       1    1367    1368    1413    1360
CTETRA      6424       1    1412    1398    1414    1367
CTETRA      6425       1    1380    1414    1398    1361
CTETRA      6426       1    1362    1366    1414    1361
CTETRA      6427       1    1407    1362    1366    1414
CTETRA      6428       1    1364    1406    1414    1407
CTETRA      6429       1    1380    1406    1414    1364
CTETRA      6430       1    1407    1364    1362    1414
CTETRA      6431       1    1380    1364    1414    1361
CTETRA      6432       1    1364    1362    1414    1361
CTETRA      6433       1    1367    1414    1363    1398
CTETRA      6434       1    1414    1398    1361    1363
CTETRA      6435       1    1361    1366    1414    1363
CTETRA      6436       1    1367    1363    1414    1366
CTETRA      6437       1    1368    1366    1415    1369
CTETRA      6438       1    1415    1407    1365    1366
CTETRA      6439       1    1366    1369    1365    1415
CTETRA      6440       1    1407    1415    1365    1408
CTETRA      6441       1    1368    1366    1416    1415
CTETRA      6442       1    1368    1416    1366    1367
CTETRA      6443       1    1416    1367    1414    1366
CTETRA      6444       1    1415    1407    1366    1416
CTETRA      6445       1    1414    1416    1366    1407
CTETRA      6446       1    1417    1367    1413    1412
CTETRA      6447       1    1367    1416    1417    1368
CTETRA      6448       1    1367    1417    1413    1368
CTETRA      6449       1    1417    1367    1412    1418
CTETRA      6450       1    1367    1412    1418    1414
CTETRA      6451       1    1416    1417    1418    1367
CTETRA      6452       1    1416    1367    1418    1414
CTETRA      6453       1    1368    1369    1415    1419
CTETRA      6454       1    1417    1419    1413    1368
CTETRA      6455       1    1368    1370    1419    1413
CTETRA      6456       1    1416    1419    1417    1368
CTETRA      6457       1    1416    1417    1419    1418
CTETRA      6458       1    1368    1369    1419    1370
CTETRA      6459       1    1416    1368    1415    1419
CTETRA      6460       1    1420    1370    1413    1419
CTETRA      6461       1    1417    1413    1419    1420
CTETRA      6462       1    1371    1375    1421    1399
CTETRA      6463       1    1400    1375    1399    1421
CTETRA      6464       1    1375    1374    1371    1421
CTETRA      6465       1    1394    1371    1421    1399
CTETRA      6466       1    1394    1395    1421    1380
CTETRA      6467       1    1394    1371    1374    1421
CTETRA      6468       1    1421    1380    1398    1394
CTETRA      6469       1    1421    1398    1374    1394
CTETRA      6470       1    1382    1381    1372    1422
CTETRA      6471       1    1389    1387    1372    1422
CTETRA      6472       1    1389    1392    1422    1372
CTETRA      6473       1    1372    1392    1422    1381
CTETRA      6474       1    1382    1387    1422    1372
CTETRA      6475       1    1417    1413    1423    1412
CTETRA      6476       1    1423    1413    1373    1412
CTETRA      6477       1    1423    1373    1410    1412
CTETRA      6478       1    1380    1414    1406    1425
CTETRA      6479       1    1425    1424    1414    1406
CTETRA      6480       1    1398    1425    1412    1414
CTETRA      6481       1    1398    1414    1380    1425
CTETRA      6482       1    1398    1425    1380    1421
CTETRA      6483       1    1414    1425    1412    1418
CTETRA      6484       1    1426    1423    1410    1412
CTETRA      6485       1    1398    1374    1426    1421
CTETRA      6486       1    1398    1412    1426    1374
CTETRA      6487       1    1375    1426    1421    1400
CTETRA      6488       1    1426    1374    1412    1410
CTETRA      6489       1    1426    1410    1411    1400
CTETRA      6490       1    1374    1375    1426    1421
CTETRA      6491       1    1426    1375    1410    1400
CTETRA      6492       1    1375    1374    1426    1410
CTETRA      6493       1    1427    1412    1426    1398
CTETRA      6494       1    1427    1412    1423    1426
CTETRA      6495       1    1398    1412    1425    1427
CTETRA      6496       1    1422    1381    1392    1428
CTETRA      6497       1    1376    1405    1428    1381
CTETRA      6498       1    1376    1381    1428    1392
CTETRA      6499       1    1381    1401    1405    1428
CTETRA      6500       1    1429    1377    1404    1405
CTETRA      6501       1    1376    1377    1429    1405
CTETRA      6502       1    1428    1376    1429    1405
CTETRA      6503       1    1376    1377    1392    1429
CTETRA      6504       1    1376    1428    1429    1392
CTETRA      6505       1    1377    1429    1404    1430
CTETRA      6506       1    1430    1378    1377    1393
CTETRA      6507       1    1430    1377    1392    1393
CTETRA      6508       1    1377    1404    1379    1430
CTETRA      6509       1    1430    1378    1379    1377
CTETRA      6510       1    1377    1429    1430    1392
CTETRA      6511       1    1431    1379    1404    1430
CTETRA      6512       1    1429    1404    1430    1431
CTETRA      6513       1    1395    1380    1401    1432
CTETRA      6514       1    1424    1425    1432    1406
CTETRA      6515       1    1406    1380    1432    1401
CTETRA      6516       1    1380    1395    1421    1432
CTETRA      6517       1    1380    1432    1421    1425
CTETRA      6518       1    1380    1406    1432    1425
CTETRA      6519       1    1433    1428    1381    1422
CTETRA      6520       1    1401    1433    1428    1381
CTETRA      6521       1    1401    1433    1432    1406
CTETRA      6522       1    1401    1382    1433    1381
CTETRA      6523       1    1382    1422    1433    1381
CTETRA      6524       1    1434    1433    1422    1428
CTETRA      6525       1    1434    1422    1392    1428
CTETRA      6526       1    1428    1434    1429    1392
CTETRA      6527       1    1422    1435    1382    1433
CTETRA      6528       1    1433    1401    1432    1435
CTETRA      6529       1    1396    1435    1395    1382
CTETRA      6530       1    1435    1382    1396    1387
CTETRA      6531       1    1395    1401    1435    1432
CTETRA      6532       1    1422    1382    1435    1387
CTETRA      6533       1    1382    1401    1435    1395
CTETRA      6534       1    1382    1401    1433    1435
CTETRA      6535       1    1389    1387    1436    1384
CTETRA      6536       1    1386    1384    1383    1436
CTETRA      6537       1    1384    1387    1436    1386
CTETRA      6538       1    1389    1436    1391    1384
CTETRA      6539       1    1383    1436    1384    1391
CTETRA      6540       1    1437    1435    1396    1387
CTETRA      6541       1    1387    1396    1438    1385
CTETRA      6542       1    1396    1438    1385    1386
CTETRA      6543       1    1438    1387    1386    1436
CTETRA      6544       1    1396    1438    1386    1397
CTETRA      6545       1    1387    1385    1438    1386
CTETRA      6546       1    1438    1437    1387    1436
CTETRA      6547       1    1437    1438    1387    1396
CTETRA      6548       1    1422    1389    1439    1392
CTETRA      6549       1    1387    1439    1422    1389
CTETRA      6550       1    1422    1387    1435    1439
CTETRA      6551       1    1422    1439    1434    1392
CTETRA      6552       1    1387    1389    1436    1439
CTETRA      6553       1    1387    1439    1436    1437
CTETRA      6554       1    1387    1435    1439    1437
CTETRA      6555       1    1393    1392    1440    1388
CTETRA      6556       1    1440    1389    1391    1388
CTETRA      6557       1    1389    1392    1388    1440
CTETRA      6558       1    1389    1439    1392    1440
CTETRA      6559       1    1389    1439    1440    1436
CTETRA      6560       1    1390    1388    1393    1440
CTETRA      6561       1    1390    1440    1391    1388
CTETRA      6562       1    1440    1436    1391    1389
CTETRA      6563       1    1441    1391    1440    1436
CTETRA      6564       1    1441    1440    1439    1436
CTETRA      6565       1    1442    1393    1392    1440
CTETRA      6566       1    1442    1393    1430    1392
CTETRA      6567       1    1392    1442    1440    1439
CTETRA      6568       1    1392    1429    1442    1434
CTETRA      6569       1    1392    1439    1434    1442
CTETRA      6570       1    1430    1442    1392    1429
CTETRA      6571       1    1443    1432    1421    1395
CTETRA      6572       1    1421    1394    1399    1443
CTETRA      6573       1    1432    1395    1443    1435
CTETRA      6574       1    1437    1435    1443    1396
CTETRA      6575       1    1395    1394    1421    1443
CTETRA      6576       1    1396    1395    1435    1443
CTETRA      6577       1    1395    1396    1394    1443
CTETRA      6578       1    1394    1443    1396    1399
CTETRA      6579       1    1438    1437    1444    1396
CTETRA      6580       1    1444    1443    1399    1396
CTETRA      6581       1    1396    1438    1397    1444
CTETRA      6582       1    1397    1444    1399    1396
CTETRA      6583       1    1443    1396    1444    1437
CTETRA      6584       1    1398    1421    1445    1425
CTETRA      6585       1    1445    1426    1400    1421
CTETRA      6586       1    1427    1398    1445    1425
CTETRA      6587       1    1426    1427    1398    1445
CTETRA      6588       1    1445    1426    1421    1398
CTETRA      6589       1    1446    1399    1421    1400
CTETRA      6590       1    1445    1446    1421    1400
CTETRA      6591       1    1444    1443    1446    1399
CTETRA      6592       1    1421    1446    1443    1399
CTETRA      6593       1    1445    1426    1447    1400
CTETRA      6594       1    1400    1447    1411    1426
CTETRA      6595       1    1445    1446    1400    1447
CTETRA      6596       1    1448    1433    1406    1432
CTETRA      6597       1    1448    1406    1424    1432
CTETRA      6598       1    1428    1449    1405    1429
CTETRA      6599       1    1433    1428    1449    1401
CTETRA      6600       1    1448    1449    1406    1433
CTETRA      6601       1    1401    1433    1406    1449
CTETRA      6602       1    1428    1433    1449    1434
CTETRA      6603       1    1401    1406    1405    1449
CTETRA      6604       1    1428    1449    1401    1405
CTETRA      6605       1    1402    1403    1405    1450
CTETRA      6606       1    1429    1450    1405    1404
CTETRA      6607       1    1450    1403    1405    1404
CTETRA      6608       1    1405    1409    1402    1450
CTETRA      6609       1    1405    1449    1450    1429
CTETRA      6610       1    1408    1409    1450    1402
CTETRA      6611       1    1403    1402    1408    1450
CTETRA      6612       1    1404    1451    1431    1429
CTETRA      6613       1    1404    1451    1429    1450
CTETRA      6614       1    1429    1451    1449    1450
CTETRA      6615       1    1449    1452    1405    1450
CTETRA      6616       1    1452    1406    1424    1448
CTETRA      6617       1    1409    1406    1407    1452
CTETRA      6618       1    1409    1405    1452    1450
CTETRA      6619       1    1452    1448    1449    1406
CTETRA      6620       1    1452    1449    1405    1406
CTETRA      6621       1    1409    1406    1452    1405
CTETRA      6622       1    1407    1415    1453    1416
CTETRA      6623       1    1414    1453    1416    1407
CTETRA      6624       1    1453    1414    1406    1407
CTETRA      6625       1    1453    1452    1407    1406
CTETRA      6626       1    1453    1406    1414    1424
CTETRA      6627       1    1416    1414    1418    1453
CTETRA      6628       1    1452    1453    1424    1406
CTETRA      6629       1    1407    1409    1454    1408
CTETRA      6630       1    1409    1408    1450    1454
CTETRA      6631       1    1453    1452    1454    1407
CTETRA      6632       1    1407    1415    1408    1454
CTETRA      6633       1    1407    1453    1415    1454
CTETRA      6634       1    1454    1409    1452    1450
CTETRA      6635       1    1409    1407    1454    1452
CTETRA      6636       1    1410    1426    1411    1456
CTETRA      6637       1    1455    1411    1447    1456
CTETRA      6638       1    1410    1426    1456    1423
CTETRA      6639       1    1426    1427    1456    1423
CTETRA      6640       1    1411    1456    1426    1447
CTETRA      6641       1    1412    1427    1457    1425
CTETRA      6642       1    1457    1417    1412    1418
CTETRA      6643       1    1412    1457    1427    1423
CTETRA      6644       1    1412    1457    1423    1417
CTETRA      6645       1    1457    1412    1425    1418
CTETRA      6646       1    1458    1425    1457    1427
CTETRA      6647       1    1427    1459    1456    1423
CTETRA      6648       1    1459    1427    1457    1423
CTETRA      6649       1    1459    1427    1458    1457
CTETRA      6650       1    1417    1460    1457    1423
CTETRA      6651       1    1417    1413    1420    1460
CTETRA      6652       1    1413    1417    1423    1460
CTETRA      6653       1    1418    1453    1414    1461
CTETRA      6654       1    1424    1453    1461    1414
CTETRA      6655       1    1418    1461    1414    1425
CTETRA      6656       1    1424    1425    1461    1458
CTETRA      6657       1    1458    1425    1461    1457
CTETRA      6658       1    1461    1418    1457    1425
CTETRA      6659       1    1424    1425    1414    1461
CTETRA      6660       1    1416    1418    1419    1462
CTETRA      6661       1    1418    1461    1462    1453
CTETRA      6662       1    1416    1419    1415    1462
CTETRA      6663       1    1453    1454    1462    1415
CTETRA      6664       1    1418    1416    1453    1462
CTETRA      6665       1    1416    1453    1462    1415
CTETRA      6666       1    1418    1463    1462    1461
CTETRA      6667       1    1463    1418    1457    1461
CTETRA      6668       1    1464    1417    1420    1460
CTETRA      6669       1    1464    1417    1460    1457
CTETRA      6670       1    1417    1464    1420    1419
CTETRA      6671       1    1418    1464    1457    1417
CTETRA      6672       1    1417    1418    1464    1419
CTETRA      6673       1    1463    1418    1464    1457
CTETRA      6674       1    1418    1462    1465    1419
CTETRA      6675       1    1463    1464    1418    1465
CTETRA      6676       1    1464    1465    1419    1418
CTETRA      6677       1    1465    1464    1419    1420
CTETRA      6678       1    1463    1418    1462    1465
CTETRA      6679       1    1465    1464    1420    1466
CTETRA      6680       1    1460    1464    1466    1420
CTETRA      6681       1    1467    1443    1435    1432
CTETRA      6682       1    1435    1437    1443    1467
CTETRA      6683       1    1421    1445    1468    1446
CTETRA      6684       1    1468    1421    1425    1445
CTETRA      6685       1    1468    1432    1425    1421
CTETRA      6686       1    1421    1443    1446    1468
CTETRA      6687       1    1468    1443    1432    1421
CTETRA      6688       1    1432    1443    1468    1467
CTETRA      6689       1    1469    1448    1452    1424
CTETRA      6690       1    1469    1453    1424    1452
CTETRA      6691       1    1424    1469    1461    1453
CTETRA      6692       1    1422    1435    1433    1470
CTETRA      6693       1    1434    1433    1470    1422
CTETRA      6694       1    1422    1439    1435    1470
CTETRA      6695       1    1422    1434    1439    1470
CTETRA      6696       1    1470    1434    1439    1442
CTETRA      6697       1    1471    1423    1456    1459
CTETRA      6698       1    1460    1423    1471    1457
CTETRA      6699       1    1459    1457    1471    1423
CTETRA      6700       1    1424    1425    1458    1473
CTETRA      6701       1    1425    1468    1458    1473
CTETRA      6702       1    1424    1469    1448    1473
CTETRA      6703       1    1432    1468    1473    1467
CTETRA      6704       1    1473    1448    1424    1432
CTETRA      6705       1    1424    1473    1432    1425
CTETRA      6706       1    1468    1432    1473    1425
CTETRA      6707       1    1424    1474    1469    1473
CTETRA      6708       1    1424    1474    1461    1469
CTETRA      6709       1    1474    1424    1461    1458
CTETRA      6710       1    1424    1474    1473    1458
CTETRA      6711       1    1475    1445    1425    1427
CTETRA      6712       1    1445    1475    1468    1446
CTETRA      6713       1    1458    1475    1425    1427
CTETRA      6714       1    1475    1468    1425    1445
CTETRA      6715       1    1427    1459    1458    1475
CTETRA      6716       1    1425    1458    1468    1475
CTETRA      6717       1    1427    1459    1476    1456
CTETRA      6718       1    1476    1447    1426    1456
CTETRA      6719       1    1445    1475    1476    1427
CTETRA      6720       1    1427    1426    1456    1476
CTETRA      6721       1    1445    1476    1447    1426
CTETRA      6722       1    1427    1459    1475    1476
CTETRA      6723       1    1445    1427    1476    1426
CTETRA      6724       1    1476    1447    1456    1455
CTETRA      6725       1    1477    1468    1473    1458
CTETRA      6726       1    1475    1477    1458    1468
CTETRA      6727       1    1477    1474    1458    1473
CTETRA      6728       1    1428    1434    1449    1478
CTETRA      6729       1    1428    1449    1429    1478
CTETRA      6730       1    1478    1429    1434    1442
CTETRA      6731       1    1478    1429    1451    1449
CTETRA      6732       1    1434    1470    1478    1442
CTETRA      6733       1    1428    1434    1478    1429
CTETRA      6734       1    1478    1429    1479    1451
CTETRA      6735       1    1429    1431    1479    1451
CTETRA      6736       1    1430    1479    1442    1429
CTETRA      6737       1    1479    1478    1442    1429
CTETRA      6738       1    1430    1479    1429    1431
CTETRA      6739       1    1480    1431    1451    1479
CTETRA      6740       1    1478    1479    1480    1451
CTETRA      6741       1    1467    1432    1435    1481
CTETRA      6742       1    1433    1435    1432    1481
CTETRA      6743       1    1433    1435    1481    1470
CTETRA      6744       1    1473    1448    1432    1481
CTETRA      6745       1    1448    1481    1433    1432
CTETRA      6746       1    1481    1467    1432    1473
CTETRA      6747       1    1434    1478    1482    1449
CTETRA      6748       1    1434    1433    1449    1482
CTETRA      6749       1    1448    1449    1433    1482
CTETRA      6750       1    1481    1482    1433    1470
CTETRA      6751       1    1434    1470    1482    1478
CTETRA      6752       1    1481    1448    1433    1482
CTETRA      6753       1    1434    1433    1482    1470
CTETRA      6754       1    1483    1448    1469    1473
CTETRA      6755       1    1483    1469    1474    1473
CTETRA      6756       1    1473    1448    1481    1483
CTETRA      6757       1    1481    1482    1483    1448
CTETRA      6758       1    1437    1435    1439    1484
CTETRA      6759       1    1484    1470    1481    1435
CTETRA      6760       1    1484    1470    1435    1439
CTETRA      6761       1    1467    1484    1481    1435
CTETRA      6762       1    1437    1435    1484    1467
CTETRA      6763       1    1438    1437    1436    1485
CTETRA      6764       1    1484    1437    1485    1439
CTETRA      6765       1    1485    1436    1441    1439
CTETRA      6766       1    1485    1439    1437    1436
CTETRA      6767       1    1437    1438    1486    1485
CTETRA      6768       1    1467    1443    1486    1437
CTETRA      6769       1    1484    1437    1467    1486
CTETRA      6770       1    1484    1437    1486    1485
CTETRA      6771       1    1437    1438    1444    1486
CTETRA      6772       1    1444    1443    1437    1486
CTETRA      6773       1    1470    1484    1487    1439
CTETRA      6774       1    1484    1487    1439    1485
CTETRA      6775       1    1488    1440    1439    1441
CTETRA      6776       1    1439    1488    1470    1442
CTETRA      6777       1    1488    1440    1442    1439
CTETRA      6778       1    1470    1487    1488    1439
CTETRA      6779       1    1488    1485    1441    1439
CTETRA      6780       1    1487    1439    1485    1488
CTETRA      6781       1    1489    1441    1488    1485
CTETRA      6782       1    1487    1489    1488    1485
CTETRA      6783       1    1470    1487    1490    1488
CTETRA      6784       1    1490    1478    1470    1442
CTETRA      6785       1    1479    1490    1442    1478
CTETRA      6786       1    1488    1490    1470    1442
CTETRA      6787       1    1477    1475    1492    1468
CTETRA      6788       1    1468    1443    1446    1492
CTETRA      6789       1    1468    1475    1492    1446
CTETRA      6790       1    1467    1468    1492    1443
CTETRA      6791       1    1467    1443    1493    1486
CTETRA      6792       1    1444    1443    1486    1493
CTETRA      6793       1    1493    1492    1446    1443
CTETRA      6794       1    1444    1443    1493    1446
CTETRA      6795       1    1467    1492    1493    1443
CTETRA      6796       1    1446    1447    1445    1494
CTETRA      6797       1    1493    1492    1494    1446
CTETRA      6798       1    1492    1494    1446    1475
CTETRA      6799       1    1445    1475    1446    1494
CTETRA      6800       1    1475    1445    1476    1494
CTETRA      6801       1    1476    1447    1494    1445
CTETRA      6802       1    1447    1476    1495    1455
CTETRA      6803       1    1476    1447    1495    1494
CTETRA      6804       1    1469    1483    1496    1448
CTETRA      6805       1    1469    1496    1452    1448
CTETRA      6806       1    1452    1448    1496    1449
CTETRA      6807       1    1497    1482    1478    1449
CTETRA      6808       1    1497    1483    1448    1496
CTETRA      6809       1    1497    1448    1449    1496
CTETRA      6810       1    1497    1448    1482    1449
CTETRA      6811       1    1497    1482    1448    1483
CTETRA      6812       1    1496    1497    1498    1449
CTETRA      6813       1    1498    1450    1449    1451
CTETRA      6814       1    1454    1498    1450    1452
CTETRA      6815       1    1451    1449    1498    1478
CTETRA      6816       1    1452    1496    1498    1449
CTETRA      6817       1    1449    1452    1450    1498
CTETRA      6818       1    1449    1497    1498    1478
CTETRA      6819       1    1496    1498    1497    1499
CTETRA      6820       1    1451    1499    1478    1498
CTETRA      6821       1    1451    1499    1480    1478
CTETRA      6822       1    1497    1499    1498    1478
CTETRA      6823       1    1462    1453    1461    1500
CTETRA      6824       1    1453    1454    1452    1500
CTETRA      6825       1    1496    1498    1500    1452
CTETRA      6826       1    1496    1469    1452    1500
CTETRA      6827       1    1454    1498    1452    1500
CTETRA      6828       1    1453    1462    1454    1500
CTETRA      6829       1    1469    1453    1500    1461
CTETRA      6830       1    1452    1453    1500    1469
CTETRA      6831       1    1495    1501    1491    1455
CTETRA      6832       1    1476    1501    1455    1456
CTETRA      6833       1    1501    1495    1476    1455
CTETRA      6834       1    1472    1501    1456    1455
CTETRA      6835       1    1472    1501    1455    1491
CTETRA      6836       1    1458    1474    1502    1461
CTETRA      6837       1    1458    1459    1502    1475
CTETRA      6838       1    1458    1502    1474    1477
CTETRA      6839       1    1458    1477    1475    1502
CTETRA      6840       1    1472    1471    1456    1503
CTETRA      6841       1    1476    1503    1501    1456
CTETRA      6842       1    1503    1459    1475    1502
CTETRA      6843       1    1459    1503    1456    1471
CTETRA      6844       1    1503    1459    1456    1476
CTETRA      6845       1    1501    1472    1456    1503
CTETRA      6846       1    1503    1459    1476    1475
CTETRA      6847       1    1457    1458    1504    1461
CTETRA      6848       1    1464    1460    1466    1504
CTETRA      6849       1    1463    1461    1457    1504
CTETRA      6850       1    1458    1502    1504    1461
CTETRA      6851       1    1502    1458    1504    1459
CTETRA      6852       1    1457    1504    1471    1460
CTETRA      6853       1    1459    1457    1458    1504
CTETRA      6854       1    1464    1457    1460    1504
CTETRA      6855       1    1459    1457    1504    1471
CTETRA      6856       1    1463    1464    1504    1457
CTETRA      6857       1    1503    1459    1502    1505
CTETRA      6858       1    1501    1503    1505    1472
CTETRA      6859       1    1503    1459    1505    1471
CTETRA      6860       1    1505    1504    1471    1459
CTETRA      6861       1    1502    1504    1505    1459
CTETRA      6862       1    1505    1503    1471    1472
CTETRA      6863       1    1506    1460    1504    1466
CTETRA      6864       1    1506    1471    1504    1460
CTETRA      6865       1    1505    1504    1506    1471
CTETRA      6866       1    1469    1461    1500    1507
CTETRA      6867       1    1474    1461    1469    1507
CTETRA      6868       1    1474    1507    1502    1461
CTETRA      6869       1    1463    1508    1461    1504
CTETRA      6870       1    1463    1508    1504    1464
CTETRA      6871       1    1463    1464    1465    1508
CTETRA      6872       1    1504    1508    1461    1502
CTETRA      6873       1    1507    1508    1502    1461
CTETRA      6874       1    1507    1509    1461    1500
CTETRA      6875       1    1463    1508    1509    1461
CTETRA      6876       1    1462    1509    1500    1461
CTETRA      6877       1    1508    1507    1509    1461
CTETRA      6878       1    1463    1465    1462    1509
CTETRA      6879       1    1508    1463    1509    1465
CTETRA      6880       1    1463    1461    1509    1462
CTETRA      6881       1    1508    1509    1510    1465
CTETRA      6882       1    1465    1464    1466    1510
CTETRA      6883       1    1506    1510    1466    1504
CTETRA      6884       1    1464    1510    1504    1466
CTETRA      6885       1    1508    1504    1464    1510
CTETRA      6886       1    1465    1464    1510    1508
CTETRA      6887       1    1511    1466    1506    1510
CTETRA      6888       1    1512    1484    1470    1481
CTETRA      6889       1    1484    1512    1486    1467
CTETRA      6890       1    1512    1467    1484    1481
CTETRA      6891       1    1484    1487    1512    1470
CTETRA      6892       1    1467    1513    1486    1493
CTETRA      6893       1    1512    1467    1513    1486
CTETRA      6894       1    1492    1513    1467    1493
CTETRA      6895       1    1513    1514    1467    1512
CTETRA      6896       1    1473    1477    1514    1468
CTETRA      6897       1    1481    1514    1512    1467
CTETRA      6898       1    1514    1481    1473    1467
CTETRA      6899       1    1473    1514    1483    1481
CTETRA      6900       1    1477    1492    1514    1468
CTETRA      6901       1    1473    1514    1467    1468
CTETRA      6902       1    1492    1467    1514    1468
CTETRA      6903       1    1514    1513    1467    1492
CTETRA      6904       1    1496    1469    1500    1515
CTETRA      6905       1    1469    1515    1483    1474
CTETRA      6906       1    1469    1515    1496    1483
CTETRA      6907       1    1515    1469    1500    1507
CTETRA      6908       1    1474    1515    1507    1469
CTETRA      6909       1    1512    1516    1481    1470
CTETRA      6910       1    1516    1482    1470    1478
CTETRA      6911       1    1470    1516    1490    1487
CTETRA      6912       1    1482    1516    1470    1481
CTETRA      6913       1    1487    1470    1516    1512
CTETRA      6914       1    1516    1470    1490    1478
CTETRA      6915       1    1517    1501    1505    1472
CTETRA      6916       1    1518    1505    1471    1472
CTETRA      6917       1    1517    1518    1472    1505
CTETRA      6918       1    1518    1471    1505    1506
CTETRA      6919       1    1472    1501    1491    1519
CTETRA      6920       1    1517    1472    1519    1501
CTETRA      6921       1    1517    1518    1519    1472
CTETRA      6922       1    1474    1520    1502    1507
CTETRA      6923       1    1474    1515    1520    1507
CTETRA      6924       1    1474    1520    1477    1502
CTETRA      6925       1    1521    1483    1474    1473
CTETRA      6926       1    1483    1474    1515    1521
CTETRA      6927       1    1521    1477    1473    1474
CTETRA      6928       1    1473    1521    1483    1514
CTETRA      6929       1    1473    1514    1477    1521
CTETRA      6930       1    1521    1474    1520    1477
CTETRA      6931       1    1520    1474    1521    1515
CTETRA      6932       1    1522    1492    1475    1494
CTETRA      6933       1    1501    1476    1495    1522
CTETRA      6934       1    1477    1475    1522    1492
CTETRA      6935       1    1522    1475    1476    1494
CTETRA      6936       1    1476    1475    1522    1503
CTETRA      6937       1    1494    1476    1522    1495
CTETRA      6938       1    1477    1522    1475    1502
CTETRA      6939       1    1503    1522    1502    1475
CTETRA      6940       1    1503    1476    1501    1522
CTETRA      6941       1    1523    1522    1477    1502
CTETRA      6942       1    1521    1523    1477    1520
CTETRA      6943       1    1523    1520    1502    1477
CTETRA      6944       1    1524    1514    1492    1513
CTETRA      6945       1    1477    1524    1521    1514
CTETRA      6946       1    1523    1477    1524    1521
CTETRA      6947       1    1523    1524    1477    1522
CTETRA      6948       1    1477    1524    1492    1522
CTETRA      6949       1    1524    1492    1514    1477
CTETRA      6950       1    1525    1497    1478    1499
CTETRA      6951       1    1482    1516    1525    1478
CTETRA      6952       1    1482    1497    1478    1525
CTETRA      6953       1    1525    1526    1499    1478
CTETRA      6954       1    1479    1478    1526    1490
CTETRA      6955       1    1490    1478    1526    1516
CTETRA      6956       1    1479    1478    1480    1526
CTETRA      6957       1    1525    1526    1478    1516
CTETRA      6958       1    1480    1526    1478    1499
CTETRA      6959       1    1525    1526    1527    1499
CTETRA      6960       1    1527    1480    1499    1526
CTETRA      6961       1    1483    1514    1521    1528
CTETRA      6962       1    1528    1481    1483    1514
CTETRA      6963       1    1482    1528    1516    1481
CTETRA      6964       1    1481    1528    1512    1514
CTETRA      6965       1    1528    1481    1512    1516
CTETRA      6966       1    1528    1482    1483    1481
CTETRA      6967       1    1497    1483    1529    1482
CTETRA      6968       1    1483    1515    1496    1529
CTETRA      6969       1    1497    1483    1496    1529
CTETRA      6970       1    1483    1528    1529    1482
CTETRA      6971       1    1497    1482    1529    1525
CTETRA      6972       1    1482    1525    1516    1530
CTETRA      6973       1    1528    1482    1516    1530
CTETRA      6974       1    1530    1528    1482    1529
CTETRA      6975       1    1530    1525    1529    1482
CTETRA      6976       1    1531    1521    1515    1520
CTETRA      6977       1    1483    1531    1529    1528
CTETRA      6978       1    1483    1531    1528    1521
CTETRA      6979       1    1483    1531    1515    1529
CTETRA      6980       1    1531    1483    1515    1521
CTETRA      6981       1    1487    1532    1489    1485
CTETRA      6982       1    1484    1512    1532    1486
CTETRA      6983       1    1487    1484    1532    1485
CTETRA      6984       1    1484    1486    1532    1485
CTETRA      6985       1    1487    1484    1512    1532
CTETRA      6986       1    1486    1533    1512    1532
CTETRA      6987       1    1533    1513    1493    1486
CTETRA      6988       1    1513    1533    1512    1486
CTETRA      6989       1    1512    1532    1533    1534
CTETRA      6990       1    1516    1512    1528    1534
CTETRA      6991       1    1487    1534    1532    1512
CTETRA      6992       1    1534    1487    1516    1512
CTETRA      6993       1    1487    1489    1532    1535
CTETRA      6994       1    1487    1535    1488    1489
CTETRA      6995       1    1535    1488    1490    1487
CTETRA      6996       1    1487    1534    1516    1535
CTETRA      6997       1    1487    1534    1535    1532
CTETRA      6998       1    1535    1516    1487    1490
CTETRA      6999       1    1536    1489    1535    1532
CTETRA      7000       1    1534    1536    1535    1532
CTETRA      7001       1    1516    1535    1534    1537
CTETRA      7002       1    1490    1537    1516    1526
CTETRA      7003       1    1490    1537    1535    1516
CTETRA      7004       1    1537    1525    1516    1526
CTETRA      7005       1    1519    1539    1491    1538
CTETRA      7006       1    1517    1539    1501    1519
CTETRA      7007       1    1501    1495    1491    1539
CTETRA      7008       1    1539    1519    1491    1501
CTETRA      7009       1    1540    1539    1538    1491
CTETRA      7010       1    1540    1539    1491    1495
CTETRA      7011       1    1524    1492    1541    1513
CTETRA      7012       1    1493    1492    1541    1494
CTETRA      7013       1    1494    1492    1541    1522
CTETRA      7014       1    1524    1492    1522    1541
CTETRA      7015       1    1533    1513    1541    1493
CTETRA      7016       1    1492    1493    1541    1513
CTETRA      7017       1    1495    1501    1542    1539
CTETRA      7018       1    1540    1539    1495    1542
CTETRA      7019       1    1495    1501    1522    1542
CTETRA      7020       1    1494    1542    1522    1541
CTETRA      7021       1    1494    1542    1495    1522
CTETRA      7022       1    1496    1500    1543    1515
CTETRA      7023       1    1496    1543    1499    1497
CTETRA      7024       1    1529    1497    1525    1543
CTETRA      7025       1    1525    1499    1543    1497
CTETRA      7026       1    1496    1500    1498    1543
CTETRA      7027       1    1498    1543    1499    1496
CTETRA      7028       1    1496    1497    1529    1543
CTETRA      7029       1    1496    1515    1543    1529
CTETRA      7030       1    1544    1530    1545    1529
CTETRA      7031       1    1529    1543    1525    1545
CTETRA      7032       1    1499    1545    1527    1525
CTETRA      7033       1    1499    1545    1525    1543
CTETRA      7034       1    1544    1545    1543    1529
CTETRA      7035       1    1530    1525    1545    1529
CTETRA      7036       1    1515    1529    1546    1543
CTETRA      7037       1    1529    1546    1543    1544
CTETRA      7038       1    1547    1546    1543    1515
CTETRA      7039       1    1547    1543    1500    1515
CTETRA      7040       1    1509    1507    1547    1500
CTETRA      7041       1    1515    1507    1500    1547
CTETRA      7042       1    1548    1520    1507    1502
CTETRA      7043       1    1507    1515    1548    1547
CTETRA      7044       1    1546    1515    1547    1548
CTETRA      7045       1    1548    1507    1520    1515
CTETRA      7046       1    1507    1548    1502    1508
CTETRA      7047       1    1504    1508    1502    1548
CTETRA      7048       1    1549    1539    1542    1501
CTETRA      7049       1    1503    1505    1549    1501
CTETRA      7050       1    1522    1549    1542    1501
CTETRA      7051       1    1517    1505    1501    1549
CTETRA      7052       1    1549    1517    1539    1501
CTETRA      7053       1    1501    1503    1522    1549
CTETRA      7054       1    1502    1505    1550    1503
CTETRA      7055       1    1502    1503    1550    1522
CTETRA      7056       1    1549    1550    1503    1522
CTETRA      7057       1    1502    1505    1504    1550
CTETRA      7058       1    1502    1520    1523    1550
CTETRA      7059       1    1550    1505    1549    1503
CTETRA      7060       1    1549    1550    1522    1523
CTETRA      7061       1    1520    1502    1548    1550
CTETRA      7062       1    1502    1523    1522    1550
CTETRA      7063       1    1502    1550    1504    1548
CTETRA      7064       1    1508    1504    1551    1548
CTETRA      7065       1    1504    1551    1506    1510
CTETRA      7066       1    1505    1550    1551    1504
CTETRA      7067       1    1510    1511    1551    1506
CTETRA      7068       1    1508    1504    1510    1551
CTETRA      7069       1    1504    1505    1506    1551
CTETRA      7070       1    1551    1550    1548    1504
CTETRA      7071       1    1505    1553    1506    1551
CTETRA      7072       1    1517    1553    1518    1505
CTETRA      7073       1    1550    1505    1553    1549
CTETRA      7074       1    1505    1553    1551    1550
CTETRA      7075       1    1518    1553    1506    1505
CTETRA      7076       1    1517    1505    1549    1553
CTETRA      7077       1    1554    1506    1551    1511
CTETRA      7078       1    1518    1554    1506    1553
CTETRA      7079       1    1553    1554    1506    1551
CTETRA      7080       1    1555    1539    1549    1517
CTETRA      7081       1    1555    1517    1519    1539
CTETRA      7082       1    1555    1517    1549    1553
CTETRA      7083       1    1548    1551    1508    1556
CTETRA      7084       1    1508    1509    1556    1510
CTETRA      7085       1    1510    1508    1551    1556
CTETRA      7086       1    1509    1508    1556    1507
CTETRA      7087       1    1509    1507    1556    1547
CTETRA      7088       1    1507    1548    1508    1556
CTETRA      7089       1    1547    1546    1548    1556
CTETRA      7090       1    1507    1548    1556    1547
CTETRA      7091       1    1557    1511    1554    1551
CTETRA      7092       1    1552    1511    1554    1557
CTETRA      7093       1    1557    1510    1551    1556
CTETRA      7094       1    1557    1510    1511    1551
CTETRA      7095       1    1513    1533    1541    1560
CTETRA      7096       1    1513    1514    1560    1524
CTETRA      7097       1    1528    1514    1560    1512
CTETRA      7098       1    1560    1512    1533    1534
CTETRA      7099       1    1513    1524    1560    1541
CTETRA      7100       1    1512    1528    1534    1560
CTETRA      7101       1    1513    1514    1512    1560
CTETRA      7102       1    1513    1560    1512    1533
CTETRA      7103       1    1531    1561    1528    1521
CTETRA      7104       1    1514    1521    1528    1561
CTETRA      7105       1    1521    1514    1524    1561
CTETRA      7106       1    1528    1560    1514    1561
CTETRA      7107       1    1524    1514    1560    1561
CTETRA      7108       1    1521    1523    1561    1524
CTETRA      7109       1    1520    1562    1550    1548
CTETRA      7110       1    1562    1520    1550    1523
CTETRA      7111       1    1550    1562    1523    1549
CTETRA      7112       1    1546    1563    1529    1515
CTETRA      7113       1    1546    1515    1548    1563
CTETRA      7114       1    1520    1548    1515    1563
CTETRA      7115       1    1531    1563    1520    1515
CTETRA      7116       1    1546    1563    1544    1529
CTETRA      7117       1    1531    1563    1515    1529
CTETRA      7118       1    1548    1520    1562    1564
CTETRA      7119       1    1564    1563    1546    1548
CTETRA      7120       1    1564    1548    1520    1563
CTETRA      7121       1    1548    1564    1556    1546
CTETRA      7122       1    1565    1516    1534    1537
CTETRA      7123       1    1530    1565    1525    1516
CTETRA      7124       1    1534    1528    1565    1560
CTETRA      7125       1    1528    1561    1565    1560
CTETRA      7126       1    1516    1528    1565    1534
CTETRA      7127       1    1565    1537    1525    1516
CTETRA      7128       1    1565    1528    1516    1530
CTETRA      7129       1    1553    1555    1517    1566
CTETRA      7130       1    1517    1518    1566    1519
CTETRA      7131       1    1553    1518    1566    1517
CTETRA      7132       1    1553    1518    1554    1566
CTETRA      7133       1    1555    1517    1566    1519
CTETRA      7134       1    1555    1539    1519    1567
CTETRA      7135       1    1555    1567    1519    1566
CTETRA      7136       1    1539    1519    1567    1538
CTETRA      7137       1    1568    1567    1519    1538
CTETRA      7138       1    1567    1568    1519    1566
CTETRA      7139       1    1531    1563    1570    1520
CTETRA      7140       1    1562    1570    1564    1520
CTETRA      7141       1    1523    1520    1521    1570
CTETRA      7142       1    1570    1523    1520    1562
CTETRA      7143       1    1531    1561    1521    1570
CTETRA      7144       1    1563    1564    1570    1520
CTETRA      7145       1    1531    1561    1570    1563
CTETRA      7146       1    1523    1570    1521    1561
CTETRA      7147       1    1521    1520    1531    1570
CTETRA      7148       1    1523    1570    1571    1562
CTETRA      7149       1    1571    1522    1549    1542
CTETRA      7150       1    1571    1523    1549    1522
CTETRA      7151       1    1571    1542    1541    1522
CTETRA      7152       1    1523    1571    1524    1522
CTETRA      7153       1    1524    1522    1571    1541
CTETRA      7154       1    1571    1523    1562    1549
CTETRA      7155       1    1524    1572    1560    1541
CTETRA      7156       1    1524    1572    1541    1571
CTETRA      7157       1    1572    1560    1561    1524
CTETRA      7158       1    1523    1524    1571    1572
CTETRA      7159       1    1523    1570    1572    1571
CTETRA      7160       1    1570    1561    1523    1572
CTETRA      7161       1    1524    1523    1561    1572
CTETRA      7162       1    1573    1562    1549    1571
CTETRA      7163       1    1562    1573    1570    1571
CTETRA      7164       1    1555    1539    1567    1574
CTETRA      7165       1    1574    1549    1539    1542
CTETRA      7166       1    1571    1574    1542    1549
CTETRA      7167       1    1573    1574    1571    1549
CTETRA      7168       1    1555    1539    1574    1549
CTETRA      7169       1    1544    1575    1545    1530
CTETRA      7170       1    1537    1565    1525    1576
CTETRA      7171       1    1575    1530    1576    1545
CTETRA      7172       1    1530    1525    1565    1576
CTETRA      7173       1    1525    1530    1545    1576
CTETRA      7174       1    1527    1576    1525    1545
CTETRA      7175       1    1526    1576    1525    1527
CTETRA      7176       1    1526    1537    1525    1576
CTETRA      7177       1    1530    1575    1576    1565
CTETRA      7178       1    1576    1577    1575    1545
CTETRA      7179       1    1577    1527    1545    1576
CTETRA      7180       1    1544    1545    1575    1577
CTETRA      7181       1    1578    1529    1544    1563
CTETRA      7182       1    1578    1561    1565    1528
CTETRA      7183       1    1531    1563    1529    1578
CTETRA      7184       1    1530    1578    1575    1565
CTETRA      7185       1    1530    1565    1528    1578
CTETRA      7186       1    1575    1578    1530    1544
CTETRA      7187       1    1530    1578    1529    1544
CTETRA      7188       1    1531    1561    1563    1578
CTETRA      7189       1    1561    1531    1528    1578
CTETRA      7190       1    1531    1529    1528    1578
CTETRA      7191       1    1530    1529    1578    1528
CTETRA      7192       1    1578    1579    1563    1544
CTETRA      7193       1    1575    1579    1578    1544
CTETRA      7194       1    1534    1580    1560    1565
CTETRA      7195       1    1580    1560    1581    1534
CTETRA      7196       1    1532    1581    1533    1534
CTETRA      7197       1    1532    1581    1534    1536
CTETRA      7198       1    1560    1581    1534    1533
CTETRA      7199       1    1580    1560    1582    1581
CTETRA      7200       1    1582    1572    1541    1560
CTETRA      7201       1    1533    1582    1541    1560
CTETRA      7202       1    1560    1580    1582    1572
CTETRA      7203       1    1582    1533    1581    1560
CTETRA      7204       1    1580    1534    1581    1583
CTETRA      7205       1    1535    1583    1534    1537
CTETRA      7206       1    1534    1536    1581    1583
CTETRA      7207       1    1535    1583    1536    1534
CTETRA      7208       1    1565    1583    1537    1534
CTETRA      7209       1    1534    1565    1583    1580
CTETRA      7210       1    1584    1536    1583    1581
CTETRA      7211       1    1581    1580    1583    1584
CTETRA      7212       1    1585    1580    1583    1565
CTETRA      7213       1    1585    1580    1584    1583
CTETRA      7214       1    1537    1586    1565    1576
CTETRA      7215       1    1586    1575    1565    1576
CTETRA      7216       1    1537    1565    1586    1583
CTETRA      7217       1    1586    1565    1585    1583
CTETRA      7218       1    1569    1538    1587    1568
CTETRA      7219       1    1568    1567    1538    1587
CTETRA      7220       1    1540    1539    1587    1538
CTETRA      7221       1    1539    1567    1587    1538
CTETRA      7222       1    1539    1567    1574    1587
CTETRA      7223       1    1574    1542    1588    1571
CTETRA      7224       1    1540    1539    1542    1588
CTETRA      7225       1    1540    1539    1588    1587
CTETRA      7226       1    1574    1588    1539    1587
CTETRA      7227       1    1574    1588    1542    1539
CTETRA      7228       1    1542    1589    1571    1541
CTETRA      7229       1    1542    1589    1588    1571
CTETRA      7230       1    1572    1589    1541    1571
CTETRA      7231       1    1582    1572    1589    1541
CTETRA      7232       1    1590    1546    1563    1544
CTETRA      7233       1    1563    1546    1590    1564
CTETRA      7234       1    1590    1579    1544    1563
CTETRA      7235       1    1546    1547    1543    1591
CTETRA      7236       1    1591    1546    1544    1543
CTETRA      7237       1    1591    1544    1545    1543
CTETRA      7238       1    1591    1590    1544    1546
CTETRA      7239       1    1592    1579    1544    1590
CTETRA      7240       1    1592    1575    1544    1579
CTETRA      7241       1    1575    1592    1544    1577
CTETRA      7242       1    1593    1592    1577    1544
CTETRA      7243       1    1544    1592    1590    1593
CTETRA      7244       1    1544    1591    1545    1593
CTETRA      7245       1    1544    1591    1593    1590
CTETRA      7246       1    1545    1593    1577    1544
CTETRA      7247       1    1546    1547    1591    1594
CTETRA      7248       1    1546    1591    1590    1594
CTETRA      7249       1    1547    1546    1556    1594
CTETRA      7250       1    1594    1546    1556    1564
CTETRA      7251       1    1546    1564    1594    1590
CTETRA      7252       1    1559    1552    1558    1595
CTETRA      7253       1    1551    1596    1557    1556
CTETRA      7254       1    1564    1596    1556    1594
CTETRA      7255       1    1548    1596    1556    1564
CTETRA      7256       1    1596    1548    1556    1551
CTETRA      7257       1    1564    1596    1562    1548
CTETRA      7258       1    1551    1548    1550    1596
CTETRA      7259       1    1562    1550    1548    1596
CTETRA      7260       1    1597    1550    1596    1551
CTETRA      7261       1    1573    1574    1549    1597
CTETRA      7262       1    1550    1553    1551    1597
CTETRA      7263       1    1549    1555    1597    1574
CTETRA      7264       1    1550    1549    1553    1597
CTETRA      7265       1    1573    1597    1549    1562
CTETRA      7266       1    1597    1562    1596    1550
CTETRA      7267       1    1550    1597    1562    1549
CTETRA      7268       1    1555    1597    1553    1549
CTETRA      7269       1    1557    1595    1598    1552
CTETRA      7270       1    1598    1552    1595    1558
CTETRA      7271       1    1598    1551    1557    1554
CTETRA      7272       1    1598    1554    1552    1558
CTETRA      7273       1    1553    1597    1598    1551
CTETRA      7274       1    1596    1551    1598    1597
CTETRA      7275       1    1598    1554    1557    1552
CTETRA      7276       1    1551    1598    1557    1596
CTETRA      7277       1    1553    1598    1554    1551
CTETRA      7278       1    1566    1599    1558    1554
CTETRA      7279       1    1599    1555    1553    1566
CTETRA      7280       1    1599    1553    1597    1598
CTETRA      7281       1    1598    1599    1554    1558
CTETRA      7282       1    1599    1555    1566    1567
CTETRA      7283       1    1555    1599    1553    1597
CTETRA      7284       1    1599    1566    1553    1554
CTETRA      7285       1    1598    1599    1553    1554
CTETRA      7286       1    1555    1600    1599    1597
CTETRA      7287       1    1600    1597    1555    1574
CTETRA      7288       1    1600    1555    1567    1574
CTETRA      7289       1    1555    1567    1599    1600
CTETRA      7290       1    1573    1600    1574    1597
CTETRA      7291       1    1601    1562    1596    1597
CTETRA      7292       1    1601    1564    1596    1562
CTETRA      7293       1    1602    1573    1597    1600
CTETRA      7294       1    1573    1597    1562    1602
CTETRA      7295       1    1601    1602    1562    1597
CTETRA      7296       1    1604    1558    1603    1566
CTETRA      7297       1    1599    1566    1558    1604
CTETRA      7298       1    1598    1599    1558    1604
CTETRA      7299       1    1605    1556    1596    1594
CTETRA      7300       1    1557    1596    1598    1605
CTETRA      7301       1    1557    1595    1605    1598
CTETRA      7302       1    1605    1556    1557    1596
CTETRA      7303       1    1606    1595    1598    1605
CTETRA      7304       1    1606    1596    1605    1598
CTETRA      7305       1    1559    1607    1595    1558
CTETRA      7306       1    1604    1607    1603    1558
CTETRA      7307       1    1607    1608    1558    1559
CTETRA      7308       1    1607    1608    1603    1558
CTETRA      7309       1    1595    1609    1598    1558
CTETRA      7310       1    1609    1607    1558    1595
CTETRA      7311       1    1606    1609    1604    1598
CTETRA      7312       1    1609    1606    1605    1595
CTETRA      7313       1    1609    1606    1595    1598
CTETRA      7314       1    1604    1598    1609    1558
CTETRA      7315       1    1607    1604    1609    1558
CTETRA      7316       1    1610    1607    1595    1559
CTETRA      7317       1    1609    1607    1595    1610
CTETRA      7318       1    1608    1607    1611    1559
CTETRA      7319       1    1610    1607    1559    1611
CTETRA      7320       1    1578    1612    1565    1561
CTETRA      7321       1    1561    1572    1612    1560
CTETRA      7322       1    1561    1612    1565    1560
CTETRA      7323       1    1580    1612    1560    1565
CTETRA      7324       1    1580    1560    1612    1572
CTETRA      7325       1    1612    1585    1565    1580
CTETRA      7326       1    1613    1572    1582    1580
CTETRA      7327       1    1613    1612    1572    1580
CTETRA      7328       1    1612    1580    1613    1585
CTETRA      7329       1    1572    1582    1589    1613
CTETRA      7330       1    1601    1614    1562    1602
CTETRA      7331       1    1573    1602    1562    1614
CTETRA      7332       1    1562    1573    1614    1570
CTETRA      7333       1    1613    1572    1612    1615
CTETRA      7334       1    1572    1561    1612    1615
CTETRA      7335       1    1570    1572    1615    1561
CTETRA      7336       1    1579    1578    1563    1616
CTETRA      7337       1    1616    1612    1561    1615
CTETRA      7338       1    1578    1612    1561    1616
CTETRA      7339       1    1578    1561    1563    1616
CTETRA      7340       1    1570    1617    1561    1615
CTETRA      7341       1    1617    1570    1564    1562
CTETRA      7342       1    1570    1617    1563    1561
CTETRA      7343       1    1601    1617    1564    1562
CTETRA      7344       1    1616    1617    1615    1561
CTETRA      7345       1    1617    1570    1562    1614
CTETRA      7346       1    1617    1616    1563    1561
CTETRA      7347       1    1617    1564    1570    1563
CTETRA      7348       1    1601    1614    1617    1562
CTETRA      7349       1    1617    1570    1614    1615
CTETRA      7350       1    1617    1564    1618    1601
CTETRA      7351       1    1618    1616    1579    1563
CTETRA      7352       1    1617    1614    1601    1618
CTETRA      7353       1    1564    1617    1618    1563
CTETRA      7354       1    1618    1563    1590    1564
CTETRA      7355       1    1617    1616    1618    1563
CTETRA      7356       1    1590    1579    1563    1618
CTETRA      7357       1    1618    1590    1594    1564
CTETRA      7358       1    1596    1606    1605    1619
CTETRA      7359       1    1601    1564    1619    1596
CTETRA      7360       1    1564    1619    1596    1594
CTETRA      7361       1    1564    1618    1619    1594
CTETRA      7362       1    1605    1619    1594    1596
CTETRA      7363       1    1601    1619    1564    1618
CTETRA      7364       1    1601    1619    1618    1614
CTETRA      7365       1    1601    1596    1619    1606
CTETRA      7366       1    1575    1578    1620    1565
CTETRA      7367       1    1620    1586    1575    1565
CTETRA      7368       1    1612    1578    1565    1620
CTETRA      7369       1    1620    1585    1586    1565
CTETRA      7370       1    1585    1612    1565    1620
CTETRA      7371       1    1575    1578    1579    1620
CTETRA      7372       1    1592    1575    1579    1620
CTETRA      7373       1    1621    1567    1568    1587
CTETRA      7374       1    1621    1587    1588    1574
CTETRA      7375       1    1600    1567    1621    1574
CTETRA      7376       1    1621    1567    1587    1574
CTETRA      7377       1    1567    1600    1622    1599
CTETRA      7378       1    1567    1600    1621    1622
CTETRA      7379       1    1567    1622    1621    1568
CTETRA      7380       1    1622    1604    1603    1566
CTETRA      7381       1    1599    1604    1622    1566
CTETRA      7382       1    1599    1567    1566    1622
CTETRA      7383       1    1622    1603    1568    1566
CTETRA      7384       1    1567    1568    1566    1622
CTETRA      7385       1    1623    1569    1587    1568
CTETRA      7386       1    1623    1622    1568    1621
CTETRA      7387       1    1623    1621    1568    1587
CTETRA      7388       1    1623    1568    1624    1569
CTETRA      7389       1    1603    1622    1568    1624
CTETRA      7390       1    1623    1568    1622    1624
CTETRA      7391       1    1625    1569    1626    1624
CTETRA      7392       1    1626    1623    1569    1587
CTETRA      7393       1    1623    1569    1624    1626
CTETRA      7394       1    1621    1623    1626    1587
CTETRA      7395       1    1589    1628    1588    1571
CTETRA      7396       1    1628    1572    1571    1589
CTETRA      7397       1    1572    1570    1628    1571
CTETRA      7398       1    1573    1574    1628    1571
CTETRA      7399       1    1615    1572    1628    1613
CTETRA      7400       1    1615    1572    1570    1628
CTETRA      7401       1    1574    1628    1571    1588
CTETRA      7402       1    1573    1571    1628    1570
CTETRA      7403       1    1572    1628    1613    1589
CTETRA      7404       1    1573    1614    1570    1628
CTETRA      7405       1    1615    1614    1628    1570
CTETRA      7406       1    1629    1574    1588    1628
CTETRA      7407       1    1602    1573    1629    1614
CTETRA      7408       1    1573    1629    1628    1574
CTETRA      7409       1    1629    1573    1628    1614
CTETRA      7410       1    1602    1573    1600    1629
CTETRA      7411       1    1574    1573    1629    1600
CTETRA      7412       1    1629    1574    1600    1630
CTETRA      7413       1    1600    1621    1630    1574
CTETRA      7414       1    1630    1588    1574    1621
CTETRA      7415       1    1630    1629    1574    1588
CTETRA      7416       1    1592    1579    1631    1620
CTETRA      7417       1    1632    1576    1577    1575
CTETRA      7418       1    1575    1592    1632    1620
CTETRA      7419       1    1632    1575    1586    1576
CTETRA      7420       1    1575    1632    1592    1577
CTETRA      7421       1    1620    1575    1586    1632
CTETRA      7422       1    1631    1592    1620    1632
CTETRA      7423       1    1632    1633    1592    1577
CTETRA      7424       1    1593    1633    1577    1592
CTETRA      7425       1    1631    1592    1632    1633
CTETRA      7426       1    1616    1579    1634    1618
CTETRA      7427       1    1579    1634    1620    1578
CTETRA      7428       1    1620    1612    1578    1634
CTETRA      7429       1    1616    1612    1634    1578
CTETRA      7430       1    1579    1616    1634    1578
CTETRA      7431       1    1634    1579    1620    1631
CTETRA      7432       1    1579    1634    1618    1635
CTETRA      7433       1    1635    1634    1631    1579
CTETRA      7434       1    1579    1592    1635    1590
CTETRA      7435       1    1631    1592    1635    1579
CTETRA      7436       1    1579    1618    1590    1635
CTETRA      7437       1    1581    1636    1580    1584
CTETRA      7438       1    1580    1613    1585    1636
CTETRA      7439       1    1580    1581    1582    1636
CTETRA      7440       1    1580    1636    1585    1584
CTETRA      7441       1    1580    1613    1636    1582
CTETRA      7442       1    1613    1637    1636    1582
CTETRA      7443       1    1637    1589    1613    1628
CTETRA      7444       1    1637    1613    1589    1582
CTETRA      7445       1    1585    1638    1636    1613
CTETRA      7446       1    1585    1612    1638    1613
CTETRA      7447       1    1585    1638    1612    1620
CTETRA      7448       1    1620    1612    1634    1638
CTETRA      7449       1    1639    1585    1636    1584
CTETRA      7450       1    1585    1638    1639    1636
CTETRA      7451       1    1639    1585    1584    1583
CTETRA      7452       1    1639    1585    1583    1586
CTETRA      7453       1    1640    1584    1639    1636
CTETRA      7454       1    1639    1638    1640    1636
CTETRA      7455       1    1638    1585    1641    1620
CTETRA      7456       1    1638    1585    1639    1641
CTETRA      7457       1    1620    1586    1641    1632
CTETRA      7458       1    1620    1641    1631    1632
CTETRA      7459       1    1620    1585    1641    1586
CTETRA      7460       1    1639    1585    1586    1641
CTETRA      7461       1    1587    1621    1588    1642
CTETRA      7462       1    1630    1642    1588    1621
CTETRA      7463       1    1587    1621    1642    1626
CTETRA      7464       1    1589    1628    1637    1643
CTETRA      7465       1    1589    1643    1588    1628
CTETRA      7466       1    1629    1628    1588    1643
CTETRA      7467       1    1630    1629    1588    1643
CTETRA      7468       1    1630    1642    1643    1588
CTETRA      7469       1    1590    1644    1594    1591
CTETRA      7470       1    1618    1619    1594    1644
CTETRA      7471       1    1590    1592    1635    1644
CTETRA      7472       1    1590    1644    1618    1594
CTETRA      7473       1    1590    1591    1593    1644
CTETRA      7474       1    1590    1592    1644    1593
CTETRA      7475       1    1590    1618    1644    1635
CTETRA      7476       1    1593    1645    1633    1592
CTETRA      7477       1    1631    1592    1633    1645
CTETRA      7478       1    1593    1592    1644    1645
CTETRA      7479       1    1635    1644    1592    1645
CTETRA      7480       1    1631    1635    1592    1645
CTETRA      7481       1    1622    1603    1604    1646
CTETRA      7482       1    1646    1603    1624    1622
CTETRA      7483       1    1647    1619    1594    1605
CTETRA      7484       1    1647    1594    1619    1644
CTETRA      7485       1    1609    1595    1605    1648
CTETRA      7486       1    1609    1595    1648    1610
CTETRA      7487       1    1599    1604    1598    1649
CTETRA      7488       1    1602    1600    1597    1649
CTETRA      7489       1    1600    1597    1649    1599
CTETRA      7490       1    1601    1597    1596    1649
CTETRA      7491       1    1597    1649    1598    1596
CTETRA      7492       1    1606    1649    1601    1596
CTETRA      7493       1    1602    1649    1597    1601
CTETRA      7494       1    1600    1599    1649    1622
CTETRA      7495       1    1599    1597    1649    1598
CTETRA      7496       1    1606    1649    1598    1604
CTETRA      7497       1    1604    1599    1622    1649
CTETRA      7498       1    1606    1649    1596    1598
CTETRA      7499       1    1629    1650    1630    1600
CTETRA      7500       1    1600    1649    1602    1650
CTETRA      7501       1    1621    1623    1622    1650
CTETRA      7502       1    1600    1650    1622    1649
CTETRA      7503       1    1600    1602    1629    1650
CTETRA      7504       1    1650    1621    1600    1622
CTETRA      7505       1    1650    1621    1630    1600
CTETRA      7506       1    1601    1619    1614    1651
CTETRA      7507       1    1602    1649    1601    1651
CTETRA      7508       1    1602    1614    1651    1601
CTETRA      7509       1    1619    1601    1606    1651
CTETRA      7510       1    1649    1651    1606    1601
CTETRA      7511       1    1604    1622    1652    1649
CTETRA      7512       1    1650    1652    1622    1649
CTETRA      7513       1    1652    1622    1604    1646
CTETRA      7514       1    1602    1653    1650    1649
CTETRA      7515       1    1653    1629    1602    1650
CTETRA      7516       1    1602    1653    1614    1629
CTETRA      7517       1    1602    1653    1649    1651
CTETRA      7518       1    1653    1602    1614    1651
CTETRA      7519       1    1646    1603    1654    1624
CTETRA      7520       1    1646    1655    1603    1604
CTETRA      7521       1    1608    1607    1603    1655
CTETRA      7522       1    1646    1655    1654    1603
CTETRA      7523       1    1655    1608    1654    1603
CTETRA      7524       1    1652    1655    1646    1604
CTETRA      7525       1    1604    1607    1655    1603
CTETRA      7526       1    1649    1606    1651    1656
CTETRA      7527       1    1609    1607    1656    1604
CTETRA      7528       1    1652    1655    1604    1656
CTETRA      7529       1    1606    1649    1604    1656
CTETRA      7530       1    1607    1604    1655    1656
CTETRA      7531       1    1609    1656    1606    1604
CTETRA      7532       1    1604    1656    1649    1652
CTETRA      7533       1    1657    1656    1651    1606
CTETRA      7534       1    1609    1657    1606    1656
CTETRA      7535       1    1648    1657    1605    1609
CTETRA      7536       1    1606    1609    1605    1657
CTETRA      7537       1    1657    1651    1619    1606
CTETRA      7538       1    1648    1657    1647    1605
CTETRA      7539       1    1619    1647    1657    1605
CTETRA      7540       1    1606    1657    1605    1619
CTETRA      7541       1    1656    1609    1658    1607
CTETRA      7542       1    1607    1610    1609    1658
CTETRA      7543       1    1658    1655    1656    1607
CTETRA      7544       1    1655    1659    1654    1608
CTETRA      7545       1    1608    1659    1607    1655
CTETRA      7546       1    1658    1655    1607    1659
CTETRA      7547       1    1658    1607    1610    1659
CTETRA      7548       1    1608    1659    1611    1607
CTETRA      7549       1    1607    1610    1659    1611
CTETRA      7550       1    1659    1608    1611    1660
CTETRA      7551       1    1659    1660    1654    1608
CTETRA      7552       1    1648    1610    1663    1609
CTETRA      7553       1    1658    1656    1663    1609
CTETRA      7554       1    1656    1609    1657    1663
CTETRA      7555       1    1648    1657    1609    1663
CTETRA      7556       1    1610    1658    1663    1609
CTETRA      7557       1    1661    1660    1664    1611
CTETRA      7558       1    1663    1658    1610    1664
CTETRA      7559       1    1659    1660    1611    1664
CTETRA      7560       1    1659    1664    1611    1610
CTETRA      7561       1    1658    1659    1610    1664
CTETRA      7562       1    1613    1637    1666    1636
CTETRA      7563       1    1666    1636    1640    1638
CTETRA      7564       1    1666    1613    1636    1638
CTETRA      7565       1    1653    1629    1650    1667
CTETRA      7566       1    1630    1629    1667    1650
CTETRA      7567       1    1613    1668    1615    1612
CTETRA      7568       1    1668    1666    1638    1613
CTETRA      7569       1    1668    1613    1638    1612
CTETRA      7570       1    1616    1615    1668    1612
CTETRA      7571       1    1634    1616    1668    1612
CTETRA      7572       1    1668    1634    1612    1638
CTETRA      7573       1    1613    1666    1637    1669
CTETRA      7574       1    1669    1628    1643    1637
CTETRA      7575       1    1615    1669    1613    1628
CTETRA      7576       1    1668    1669    1613    1615
CTETRA      7577       1    1669    1613    1628    1637
CTETRA      7578       1    1668    1666    1613    1669
CTETRA      7579       1    1615    1628    1614    1670
CTETRA      7580       1    1628    1669    1670    1615
CTETRA      7581       1    1653    1629    1670    1614
CTETRA      7582       1    1653    1629    1667    1670
CTETRA      7583       1    1629    1628    1670    1614
CTETRA      7584       1    1671    1618    1619    1614
CTETRA      7585       1    1669    1668    1671    1615
CTETRA      7586       1    1670    1669    1671    1615
CTETRA      7587       1    1616    1617    1618    1671
CTETRA      7588       1    1616    1618    1634    1671
CTETRA      7589       1    1671    1614    1670    1615
CTETRA      7590       1    1614    1617    1615    1671
CTETRA      7591       1    1616    1617    1671    1615
CTETRA      7592       1    1614    1651    1619    1671
CTETRA      7593       1    1634    1616    1671    1668
CTETRA      7594       1    1616    1615    1671    1668
CTETRA      7595       1    1614    1670    1653    1671
CTETRA      7596       1    1634    1618    1635    1671
CTETRA      7597       1    1614    1653    1651    1671
CTETRA      7598       1    1617    1614    1618    1671
CTETRA      7599       1    1647    1619    1672    1644
CTETRA      7600       1    1618    1671    1619    1672
CTETRA      7601       1    1618    1672    1619    1644
CTETRA      7602       1    1672    1618    1671    1635
CTETRA      7603       1    1672    1635    1644    1618
CTETRA      7604       1    1635    1672    1644    1645
CTETRA      7605       1    1673    1672    1619    1671
CTETRA      7606       1    1651    1673    1619    1671
CTETRA      7607       1    1619    1673    1657    1647
CTETRA      7608       1    1673    1619    1672    1647
CTETRA      7609       1    1651    1673    1657    1619
CTETRA      7610       1    1635    1674    1645    1631
CTETRA      7611       1    1635    1674    1672    1645
CTETRA      7612       1    1620    1675    1641    1638
CTETRA      7613       1    1675    1620    1634    1638
CTETRA      7614       1    1635    1631    1675    1674
CTETRA      7615       1    1631    1675    1634    1635
CTETRA      7616       1    1675    1631    1620    1641
CTETRA      7617       1    1675    1634    1620    1631
CTETRA      7618       1    1634    1668    1675    1638
CTETRA      7619       1    1621    1650    1676    1623
CTETRA      7620       1    1642    1621    1676    1626
CTETRA      7621       1    1630    1667    1642    1676
CTETRA      7622       1    1623    1621    1626    1676
CTETRA      7623       1    1630    1642    1621    1676
CTETRA      7624       1    1667    1676    1630    1650
CTETRA      7625       1    1650    1621    1676    1630
CTETRA      7626       1    1677    1676    1650    1623
CTETRA      7627       1    1677    1623    1626    1676
CTETRA      7628       1    1646    1652    1622    1677
CTETRA      7629       1    1623    1677    1624    1622
CTETRA      7630       1    1623    1622    1650    1677
CTETRA      7631       1    1646    1677    1622    1624
CTETRA      7632       1    1652    1622    1677    1650
CTETRA      7633       1    1623    1677    1626    1624
CTETRA      7634       1    1624    1626    1625    1677
CTETRA      7635       1    1678    1624    1625    1677
CTETRA      7636       1    1646    1677    1624    1678
CTETRA      7637       1    1646    1678    1624    1654
CTETRA      7638       1    1678    1679    1625    1624
CTETRA      7639       1    1678    1679    1624    1654
CTETRA      7640       1    1679    1682    1678    1625
CTETRA      7641       1    1682    1679    1627    1625
CTETRA      7642       1    1682    1679    1681    1627
CTETRA      7643       1    1682    1683    1678    1625
CTETRA      7644       1    1626    1683    1625    1677
CTETRA      7645       1    1678    1683    1677    1625
CTETRA      7646       1    1683    1682    1627    1625
CTETRA      7647       1    1626    1683    1677    1684
CTETRA      7648       1    1642    1684    1626    1676
CTETRA      7649       1    1677    1676    1626    1684
CTETRA      7650       1    1682    1685    1683    1627
CTETRA      7651       1    1682    1627    1681    1685
CTETRA      7652       1    1627    1681    1685    1686
CTETRA      7653       1    1687    1643    1669    1628
CTETRA      7654       1    1670    1669    1628    1687
CTETRA      7655       1    1643    1629    1628    1687
CTETRA      7656       1    1670    1629    1687    1628
CTETRA      7657       1    1670    1667    1687    1629
CTETRA      7658       1    1630    1643    1642    1687
CTETRA      7659       1    1630    1667    1687    1642
CTETRA      7660       1    1630    1667    1629    1687
CTETRA      7661       1    1630    1629    1643    1687
CTETRA      7662       1    1688    1631    1633    1645
CTETRA      7663       1    1688    1632    1633    1631
CTETRA      7664       1    1688    1632    1631    1641
CTETRA      7665       1    1631    1674    1645    1688
CTETRA      7666       1    1631    1675    1674    1688
CTETRA      7667       1    1675    1631    1641    1688
CTETRA      7668       1    1645    1689    1688    1674
CTETRA      7669       1    1633    1689    1688    1645
CTETRA      7670       1    1672    1635    1671    1690
CTETRA      7671       1    1690    1635    1675    1674
CTETRA      7672       1    1634    1690    1668    1671
CTETRA      7673       1    1634    1690    1635    1675
CTETRA      7674       1    1635    1674    1690    1672
CTETRA      7675       1    1690    1634    1635    1671
CTETRA      7676       1    1634    1675    1668    1690
CTETRA      7677       1    1638    1668    1691    1666
CTETRA      7678       1    1675    1691    1668    1690
CTETRA      7679       1    1691    1638    1675    1668
CTETRA      7680       1    1691    1675    1638    1641
CTETRA      7681       1    1692    1637    1669    1643
CTETRA      7682       1    1687    1692    1669    1643
CTETRA      7683       1    1666    1669    1692    1637
CTETRA      7684       1    1666    1693    1636    1637
CTETRA      7685       1    1693    1636    1640    1666
CTETRA      7686       1    1666    1693    1637    1692
CTETRA      7687       1    1639    1694    1640    1638
CTETRA      7688       1    1638    1639    1694    1641
CTETRA      7689       1    1638    1694    1640    1666
CTETRA      7690       1    1693    1666    1640    1694
CTETRA      7691       1    1691    1638    1694    1641
CTETRA      7692       1    1691    1638    1666    1694
CTETRA      7693       1    1640    1695    1693    1694
CTETRA      7694       1    1675    1691    1696    1641
CTETRA      7695       1    1691    1694    1696    1641
CTETRA      7696       1    1641    1675    1688    1696
CTETRA      7697       1    1687    1643    1642    1697
CTETRA      7698       1    1687    1643    1697    1692
CTETRA      7699       1    1687    1667    1697    1642
CTETRA      7700       1    1642    1684    1676    1697
CTETRA      7701       1    1667    1676    1697    1642
CTETRA      7702       1    1672    1698    1647    1644
CTETRA      7703       1    1698    1674    1645    1672
CTETRA      7704       1    1672    1673    1647    1698
CTETRA      7705       1    1672    1698    1644    1645
CTETRA      7706       1    1699    1698    1644    1647
CTETRA      7707       1    1699    1698    1645    1644
CTETRA      7708       1    1645    1700    1689    1674
CTETRA      7709       1    1699    1698    1700    1645
CTETRA      7710       1    1674    1698    1645    1700
CTETRA      7711       1    1657    1701    1651    1656
CTETRA      7712       1    1657    1673    1651    1701
CTETRA      7713       1    1646    1677    1702    1652
CTETRA      7714       1    1646    1655    1652    1702
CTETRA      7715       1    1702    1677    1646    1678
CTETRA      7716       1    1646    1655    1702    1654
CTETRA      7717       1    1702    1646    1654    1678
CTETRA      7718       1    1658    1703    1656    1655
CTETRA      7719       1    1652    1703    1655    1656
CTETRA      7720       1    1655    1652    1702    1703
CTETRA      7721       1    1653    1651    1671    1704
CTETRA      7722       1    1651    1673    1671    1704
CTETRA      7723       1    1673    1701    1704    1651
CTETRA      7724       1    1653    1670    1667    1704
CTETRA      7725       1    1670    1653    1671    1704
CTETRA      7726       1    1673    1698    1705    1647
CTETRA      7727       1    1648    1663    1705    1657
CTETRA      7728       1    1648    1657    1705    1647
CTETRA      7729       1    1699    1698    1647    1705
CTETRA      7730       1    1673    1657    1647    1705
CTETRA      7731       1    1701    1673    1705    1657
CTETRA      7732       1    1652    1656    1649    1706
CTETRA      7733       1    1652    1706    1650    1677
CTETRA      7734       1    1676    1667    1706    1650
CTETRA      7735       1    1703    1652    1706    1656
CTETRA      7736       1    1667    1653    1706    1650
CTETRA      7737       1    1703    1656    1706    1701
CTETRA      7738       1    1704    1701    1706    1651
CTETRA      7739       1    1653    1704    1667    1706
CTETRA      7740       1    1676    1650    1706    1677
CTETRA      7741       1    1651    1656    1706    1649
CTETRA      7742       1    1701    1656    1706    1651
CTETRA      7743       1    1652    1677    1702    1706
CTETRA      7744       1    1650    1653    1706    1649
CTETRA      7745       1    1650    1652    1649    1706
CTETRA      7746       1    1651    1653    1649    1706
CTETRA      7747       1    1703    1652    1702    1706
CTETRA      7748       1    1653    1704    1706    1651
CTETRA      7749       1    1676    1667    1707    1706
CTETRA      7750       1    1706    1667    1707    1704
CTETRA      7751       1    1707    1684    1697    1676
CTETRA      7752       1    1667    1707    1697    1676
CTETRA      7753       1    1708    1702    1654    1678
CTETRA      7754       1    1654    1680    1708    1679
CTETRA      7755       1    1708    1660    1654    1659
CTETRA      7756       1    1708    1702    1655    1654
CTETRA      7757       1    1708    1655    1659    1654
CTETRA      7758       1    1654    1678    1679    1708
CTETRA      7759       1    1708    1654    1660    1709
CTETRA      7760       1    1708    1709    1680    1654
CTETRA      7761       1    1713    1702    1703    1655
CTETRA      7762       1    1713    1708    1655    1659
CTETRA      7763       1    1713    1702    1655    1708
CTETRA      7764       1    1703    1655    1658    1713
CTETRA      7765       1    1655    1659    1658    1713
CTETRA      7766       1    1658    1714    1664    1663
CTETRA      7767       1    1714    1703    1658    1713
CTETRA      7768       1    1658    1659    1664    1714
CTETRA      7769       1    1658    1714    1713    1659
CTETRA      7770       1    1658    1703    1715    1656
CTETRA      7771       1    1701    1715    1657    1705
CTETRA      7772       1    1658    1715    1663    1656
CTETRA      7773       1    1715    1663    1657    1705
CTETRA      7774       1    1715    1656    1657    1663
CTETRA      7775       1    1714    1715    1663    1658
CTETRA      7776       1    1701    1656    1657    1715
CTETRA      7777       1    1714    1658    1703    1715
CTETRA      7778       1    1701    1715    1703    1656
CTETRA      7779       1    1716    1659    1714    1664
CTETRA      7780       1    1713    1716    1708    1659
CTETRA      7781       1    1659    1716    1660    1664
CTETRA      7782       1    1716    1714    1659    1713
CTETRA      7783       1    1659    1716    1708    1660
CTETRA      7784       1    1662    1709    1717    1660
CTETRA      7785       1    1662    1709    1710    1717
CTETRA      7786       1    1717    1716    1660    1708
CTETRA      7787       1    1709    1717    1660    1708
CTETRA      7788       1    1662    1661    1718    1665
CTETRA      7789       1    1661    1662    1718    1660
CTETRA      7790       1    1661    1718    1664    1660
CTETRA      7791       1    1662    1717    1718    1660
CTETRA      7792       1    1716    1664    1718    1660
CTETRA      7793       1    1716    1717    1660    1718
CTETRA      7794       1    1710    1719    1662    1717
CTETRA      7795       1    1710    1662    1719    1665
CTETRA      7796       1    1719    1717    1718    1662
CTETRA      7797       1    1719    1662    1718    1665
CTETRA      7798       1    1716    1717    1718    1720
CTETRA      7799       1    1714    1721    1664    1663
CTETRA      7800       1    1715    1714    1663    1721
CTETRA      7801       1    1663    1715    1721    1705
CTETRA      7802       1    1716    1664    1714    1722
CTETRA      7803       1    1718    1664    1716    1722
CTETRA      7804       1    1721    1714    1664    1722
CTETRA      7805       1    1720    1722    1718    1716
CTETRA      7806       1    1723    1719    1718    1665
CTETRA      7807       1    1666    1668    1724    1669
CTETRA      7808       1    1691    1724    1694    1666
CTETRA      7809       1    1666    1693    1724    1694
CTETRA      7810       1    1691    1668    1690    1724
CTETRA      7811       1    1666    1724    1668    1691
CTETRA      7812       1    1666    1693    1692    1724
CTETRA      7813       1    1725    1669    1670    1687
CTETRA      7814       1    1725    1687    1692    1669
CTETRA      7815       1    1725    1669    1692    1666
CTETRA      7816       1    1725    1724    1666    1692
CTETRA      7817       1    1725    1669    1666    1724
CTETRA      7818       1    1726    1707    1697    1667
CTETRA      7819       1    1687    1726    1697    1667
CTETRA      7820       1    1667    1670    1726    1704
CTETRA      7821       1    1667    1726    1707    1704
CTETRA      7822       1    1687    1725    1726    1670
CTETRA      7823       1    1687    1667    1670    1726
CTETRA      7824       1    1690    1727    1668    1671
CTETRA      7825       1    1670    1727    1704    1671
CTETRA      7826       1    1670    1669    1727    1671
CTETRA      7827       1    1669    1668    1727    1671
CTETRA      7828       1    1727    1726    1670    1704
CTETRA      7829       1    1725    1669    1727    1670
CTETRA      7830       1    1690    1727    1724    1668
CTETRA      7831       1    1669    1668    1724    1727
CTETRA      7832       1    1727    1725    1670    1726
CTETRA      7833       1    1725    1724    1727    1669
CTETRA      7834       1    1672    1728    1674    1690
CTETRA      7835       1    1698    1672    1728    1674
CTETRA      7836       1    1728    1727    1671    1704
CTETRA      7837       1    1727    1728    1671    1690
CTETRA      7838       1    1728    1672    1671    1690
CTETRA      7839       1    1672    1728    1671    1673
CTETRA      7840       1    1728    1673    1704    1671
CTETRA      7841       1    1672    1698    1728    1673
CTETRA      7842       1    1729    1674    1700    1698
CTETRA      7843       1    1729    1700    1674    1689
CTETRA      7844       1    1673    1701    1705    1730
CTETRA      7845       1    1728    1730    1673    1698
CTETRA      7846       1    1728    1673    1730    1704
CTETRA      7847       1    1673    1701    1730    1704
CTETRA      7848       1    1730    1673    1698    1705
CTETRA      7849       1    1728    1730    1698    1731
CTETRA      7850       1    1674    1729    1731    1698
CTETRA      7851       1    1728    1731    1698    1674
CTETRA      7852       1    1728    1727    1731    1690
CTETRA      7853       1    1731    1728    1690    1674
CTETRA      7854       1    1674    1729    1689    1732
CTETRA      7855       1    1732    1674    1675    1688
CTETRA      7856       1    1690    1732    1674    1675
CTETRA      7857       1    1732    1696    1688    1675
CTETRA      7858       1    1674    1729    1732    1731
CTETRA      7859       1    1675    1691    1732    1696
CTETRA      7860       1    1675    1690    1732    1691
CTETRA      7861       1    1732    1688    1689    1674
CTETRA      7862       1    1674    1732    1690    1731
CTETRA      7863       1    1677    1702    1706    1733
CTETRA      7864       1    1707    1676    1706    1733
CTETRA      7865       1    1676    1677    1706    1733
CTETRA      7866       1    1707    1733    1684    1676
CTETRA      7867       1    1676    1677    1733    1684
CTETRA      7868       1    1733    1684    1677    1683
CTETRA      7869       1    1702    1678    1734    1677
CTETRA      7870       1    1734    1702    1677    1733
CTETRA      7871       1    1678    1734    1677    1683
CTETRA      7872       1    1682    1678    1683    1734
CTETRA      7873       1    1734    1733    1677    1683
CTETRA      7874       1    1702    1708    1735    1678
CTETRA      7875       1    1680    1712    1735    1711
CTETRA      7876       1    1680    1712    1709    1735
CTETRA      7877       1    1678    1734    1682    1735
CTETRA      7878       1    1734    1702    1735    1678
CTETRA      7879       1    1678    1735    1679    1708
CTETRA      7880       1    1708    1713    1702    1735
CTETRA      7881       1    1680    1735    1708    1679
CTETRA      7882       1    1682    1679    1735    1681
CTETRA      7883       1    1708    1709    1717    1735
CTETRA      7884       1    1702    1734    1735    1713
CTETRA      7885       1    1682    1679    1678    1735
CTETRA      7886       1    1680    1681    1735    1679
CTETRA      7887       1    1680    1681    1711    1735
CTETRA      7888       1    1680    1735    1709    1708
CTETRA      7889       1    1711    1681    1686    1736
CTETRA      7890       1    1681    1735    1682    1736
CTETRA      7891       1    1711    1681    1736    1735
CTETRA      7892       1    1681    1686    1736    1685
CTETRA      7893       1    1685    1682    1736    1681
CTETRA      7894       1    1737    1733    1684    1707
CTETRA      7895       1    1737    1733    1683    1684
CTETRA      7896       1    1738    1684    1697    1707
CTETRA      7897       1    1737    1684    1738    1707
CTETRA      7898       1    1685    1739    1736    1682
CTETRA      7899       1    1734    1733    1683    1739
CTETRA      7900       1    1682    1734    1683    1739
CTETRA      7901       1    1734    1739    1682    1735
CTETRA      7902       1    1682    1685    1739    1683
CTETRA      7903       1    1739    1735    1736    1682
CTETRA      7904       1    1737    1733    1739    1683
CTETRA      7905       1    1740    1739    1683    1737
CTETRA      7906       1    1685    1739    1683    1740
CTETRA      7907       1    1737    1684    1683    1740
CTETRA      7908       1    1737    1738    1684    1740
CTETRA      7909       1    1741    1736    1686    1685
CTETRA      7910       1    1739    1685    1741    1740
CTETRA      7911       1    1741    1685    1739    1736
CTETRA      7912       1    1692    1725    1742    1687
CTETRA      7913       1    1725    1687    1726    1742
CTETRA      7914       1    1692    1687    1742    1697
CTETRA      7915       1    1687    1697    1726    1742
CTETRA      7916       1    1725    1692    1742    1724
CTETRA      7917       1    1732    1696    1744    1688
CTETRA      7918       1    1744    1688    1689    1732
CTETRA      7919       1    1744    1729    1732    1689
CTETRA      7920       1    1700    1745    1689    1729
CTETRA      7921       1    1744    1745    1729    1689
CTETRA      7922       1    1691    1724    1746    1694
CTETRA      7923       1    1690    1731    1746    1727
CTETRA      7924       1    1746    1732    1690    1691
CTETRA      7925       1    1691    1724    1690    1746
CTETRA      7926       1    1691    1696    1694    1746
CTETRA      7927       1    1696    1746    1691    1732
CTETRA      7928       1    1727    1724    1746    1690
CTETRA      7929       1    1732    1731    1746    1690
CTETRA      7930       1    1724    1747    1694    1693
CTETRA      7931       1    1743    1742    1692    1747
CTETRA      7932       1    1747    1724    1742    1692
CTETRA      7933       1    1743    1747    1692    1693
CTETRA      7934       1    1724    1747    1693    1692
CTETRA      7935       1    1743    1747    1693    1695
CTETRA      7936       1    1724    1747    1746    1694
CTETRA      7937       1    1695    1693    1694    1747
CTETRA      7938       1    1748    1695    1694    1747
CTETRA      7939       1    1748    1747    1694    1746
CTETRA      7940       1    1696    1748    1694    1746
CTETRA      7941       1    1748    1747    1749    1695
CTETRA      7942       1    1743    1747    1695    1749
CTETRA      7943       1    1746    1696    1748    1750
CTETRA      7944       1    1732    1696    1750    1744
CTETRA      7945       1    1696    1746    1732    1750
CTETRA      7946       1    1751    1737    1738    1707
CTETRA      7947       1    1751    1738    1697    1707
CTETRA      7948       1    1707    1751    1726    1697
CTETRA      7949       1    1738    1751    1697    1752
CTETRA      7950       1    1751    1752    1753    1697
CTETRA      7951       1    1742    1752    1697    1753
CTETRA      7952       1    1753    1726    1697    1742
CTETRA      7953       1    1753    1726    1751    1697
CTETRA      7954       1    1754    1729    1745    1700
CTETRA      7955       1    1754    1729    1744    1745
CTETRA      7956       1    1729    1755    1731    1698
CTETRA      7957       1    1698    1730    1755    1731
CTETRA      7958       1    1729    1755    1700    1754
CTETRA      7959       1    1755    1729    1700    1698
CTETRA      7960       1    1698    1730    1705    1756
CTETRA      7961       1    1699    1698    1756    1700
CTETRA      7962       1    1755    1756    1698    1700
CTETRA      7963       1    1699    1698    1705    1756
CTETRA      7964       1    1755    1698    1756    1730
CTETRA      7965       1    1755    1756    1700    1757
CTETRA      7966       1    1754    1757    1700    1745
CTETRA      7967       1    1755    1754    1757    1700
CTETRA      7968       1    1715    1758    1721    1705
CTETRA      7969       1    1758    1730    1756    1705
CTETRA      7970       1    1758    1730    1705    1701
CTETRA      7971       1    1715    1758    1705    1701
CTETRA      7972       1    1701    1759    1730    1704
CTETRA      7973       1    1715    1759    1758    1701
CTETRA      7974       1    1759    1701    1730    1758
CTETRA      7975       1    1701    1759    1704    1706
CTETRA      7976       1    1759    1703    1706    1701
CTETRA      7977       1    1759    1701    1715    1703
CTETRA      7978       1    1715    1703    1714    1759
CTETRA      7979       1    1760    1702    1733    1706
CTETRA      7980       1    1734    1702    1733    1760
CTETRA      7981       1    1703    1759    1706    1760
CTETRA      7982       1    1703    1760    1706    1702
CTETRA      7983       1    1713    1760    1703    1702
CTETRA      7984       1    1703    1760    1714    1759
CTETRA      7985       1    1702    1713    1760    1734
CTETRA      7986       1    1760    1703    1714    1713
CTETRA      7987       1    1761    1704    1706    1707
CTETRA      7988       1    1704    1728    1761    1730
CTETRA      7989       1    1761    1704    1759    1706
CTETRA      7990       1    1704    1728    1727    1761
CTETRA      7991       1    1761    1704    1730    1759
CTETRA      7992       1    1704    1726    1761    1727
CTETRA      7993       1    1761    1726    1704    1707
CTETRA      7994       1    1762    1761    1730    1759
CTETRA      7995       1    1762    1758    1759    1730
CTETRA      7996       1    1763    1758    1705    1721
CTETRA      7997       1    1763    1758    1756    1705
CTETRA      7998       1    1733    1737    1764    1707
CTETRA      7999       1    1707    1733    1706    1764
CTETRA      8000       1    1707    1764    1706    1761
CTETRA      8001       1    1760    1764    1706    1733
CTETRA      8002       1    1760    1759    1706    1764
CTETRA      8003       1    1759    1761    1706    1764
CTETRA      8004       1    1707    1751    1737    1764
CTETRA      8005       1    1765    1753    1726    1751
CTETRA      8006       1    1765    1761    1707    1726
CTETRA      8007       1    1765    1764    1707    1761
CTETRA      8008       1    1765    1751    1707    1764
CTETRA      8009       1    1765    1751    1726    1707
CTETRA      8010       1    1734    1766    1735    1713
CTETRA      8011       1    1764    1760    1766    1733
CTETRA      8012       1    1734    1733    1766    1760
CTETRA      8013       1    1734    1766    1739    1735
CTETRA      8014       1    1760    1766    1734    1713
CTETRA      8015       1    1767    1766    1713    1735
CTETRA      8016       1    1713    1760    1766    1767
CTETRA      8017       1    1767    1708    1717    1735
CTETRA      8018       1    1708    1713    1735    1767
CTETRA      8019       1    1716    1767    1717    1720
CTETRA      8020       1    1717    1767    1716    1708
CTETRA      8021       1    1713    1767    1708    1716
CTETRA      8022       1    1712    1710    1709    1768
CTETRA      8023       1    1717    1768    1709    1710
CTETRA      8024       1    1717    1767    1735    1768
CTETRA      8025       1    1719    1768    1717    1710
CTETRA      8026       1    1717    1709    1768    1735
CTETRA      8027       1    1712    1709    1735    1768
CTETRA      8028       1    1769    1712    1735    1768
CTETRA      8029       1    1769    1735    1767    1768
CTETRA      8030       1    1735    1767    1766    1769
CTETRA      8031       1    1769    1736    1735    1711
CTETRA      8032       1    1769    1712    1711    1735
CTETRA      8033       1    1716    1767    1770    1713
CTETRA      8034       1    1714    1715    1770    1721
CTETRA      8035       1    1758    1715    1721    1770
CTETRA      8036       1    1713    1760    1767    1770
CTETRA      8037       1    1770    1721    1722    1714
CTETRA      8038       1    1758    1721    1763    1770
CTETRA      8039       1    1758    1759    1715    1770
CTETRA      8040       1    1720    1716    1770    1722
CTETRA      8041       1    1714    1716    1770    1713
CTETRA      8042       1    1760    1714    1770    1713
CTETRA      8043       1    1720    1716    1767    1770
CTETRA      8044       1    1714    1716    1722    1770
CTETRA      8045       1    1714    1715    1759    1770
CTETRA      8046       1    1770    1714    1760    1759
CTETRA      8047       1    1758    1759    1770    1762
CTETRA      8048       1    1719    1768    1771    1717
CTETRA      8049       1    1723    1719    1771    1718
CTETRA      8050       1    1717    1768    1771    1767
CTETRA      8051       1    1723    1718    1771    1722
CTETRA      8052       1    1720    1767    1717    1771
CTETRA      8053       1    1720    1722    1771    1718
CTETRA      8054       1    1719    1717    1771    1718
CTETRA      8055       1    1720    1771    1717    1718
CTETRA      8056       1    1772    1722    1770    1721
CTETRA      8057       1    1720    1772    1771    1722
CTETRA      8058       1    1772    1720    1770    1722
CTETRA      8059       1    1773    1767    1760    1770
CTETRA      8060       1    1766    1767    1760    1773
CTETRA      8061       1    1773    1720    1767    1770
CTETRA      8062       1    1772    1720    1773    1770
CTETRA      8063       1    1720    1772    1773    1771
CTETRA      8064       1    1720    1773    1767    1771
CTETRA      8065       1    1772    1722    1721    1774
CTETRA      8066       1    1772    1770    1774    1721
CTETRA      8067       1    1721    1763    1770    1774
CTETRA      8068       1    1723    1722    1771    1775
CTETRA      8069       1    1772    1775    1722    1774
CTETRA      8070       1    1772    1722    1775    1771
CTETRA      8071       1    1753    1776    1726    1742
CTETRA      8072       1    1727    1726    1776    1725
CTETRA      8073       1    1747    1724    1776    1742
CTETRA      8074       1    1725    1726    1776    1742
CTETRA      8075       1    1776    1724    1746    1727
CTETRA      8076       1    1776    1727    1746    1731
CTETRA      8077       1    1725    1724    1742    1776
CTETRA      8078       1    1725    1724    1776    1727
CTETRA      8079       1    1724    1747    1776    1746
CTETRA      8080       1    1728    1731    1777    1730
CTETRA      8081       1    1727    1776    1726    1777
CTETRA      8082       1    1728    1731    1727    1777
CTETRA      8083       1    1777    1761    1726    1727
CTETRA      8084       1    1777    1728    1761    1727
CTETRA      8085       1    1726    1765    1777    1753
CTETRA      8086       1    1761    1765    1777    1726
CTETRA      8087       1    1776    1753    1726    1777
CTETRA      8088       1    1777    1730    1761    1728
CTETRA      8089       1    1777    1727    1776    1731
CTETRA      8090       1    1777    1761    1730    1762
CTETRA      8091       1    1778    1776    1742    1747
CTETRA      8092       1    1753    1742    1752    1778
CTETRA      8093       1    1753    1778    1776    1742
CTETRA      8094       1    1743    1747    1778    1742
CTETRA      8095       1    1729    1779    1732    1731
CTETRA      8096       1    1731    1777    1779    1776
CTETRA      8097       1    1729    1779    1731    1755
CTETRA      8098       1    1729    1754    1744    1779
CTETRA      8099       1    1731    1779    1746    1776
CTETRA      8100       1    1729    1754    1779    1755
CTETRA      8101       1    1729    1732    1779    1744
CTETRA      8102       1    1731    1779    1732    1746
CTETRA      8103       1    1762    1730    1780    1758
CTETRA      8104       1    1780    1730    1731    1755
CTETRA      8105       1    1779    1731    1755    1780
CTETRA      8106       1    1755    1780    1730    1756
CTETRA      8107       1    1780    1762    1777    1730
CTETRA      8108       1    1780    1730    1756    1758
CTETRA      8109       1    1731    1779    1777    1780
CTETRA      8110       1    1777    1730    1731    1780
CTETRA      8111       1    1779    1746    1781    1732
CTETRA      8112       1    1754    1779    1781    1744
CTETRA      8113       1    1750    1746    1732    1781
CTETRA      8114       1    1779    1732    1781    1744
CTETRA      8115       1    1750    1744    1781    1732
CTETRA      8116       1    1757    1745    1754    1782
CTETRA      8117       1    1734    1733    1739    1783
CTETRA      8118       1    1739    1737    1740    1783
CTETRA      8119       1    1734    1733    1783    1766
CTETRA      8120       1    1733    1737    1783    1764
CTETRA      8121       1    1737    1783    1764    1751
CTETRA      8122       1    1783    1764    1766    1733
CTETRA      8123       1    1737    1733    1783    1739
CTETRA      8124       1    1766    1783    1734    1739
CTETRA      8125       1    1736    1784    1739    1741
CTETRA      8126       1    1769    1735    1784    1766
CTETRA      8127       1    1736    1784    1735    1739
CTETRA      8128       1    1783    1739    1766    1784
CTETRA      8129       1    1739    1766    1784    1735
CTETRA      8130       1    1769    1736    1784    1735
CTETRA      8131       1    1738    1737    1785    1740
CTETRA      8132       1    1737    1783    1751    1785
CTETRA      8133       1    1737    1740    1783    1785
CTETRA      8134       1    1738    1751    1785    1737
CTETRA      8135       1    1738    1751    1752    1785
CTETRA      8136       1    1784    1741    1786    1739
CTETRA      8137       1    1740    1739    1783    1786
CTETRA      8138       1    1740    1739    1786    1741
CTETRA      8139       1    1739    1784    1783    1786
CTETRA      8140       1    1740    1785    1786    1783
CTETRA      8141       1    1753    1787    1778    1752
CTETRA      8142       1    1747    1778    1788    1743
CTETRA      8143       1    1747    1743    1788    1749
CTETRA      8144       1    1788    1747    1749    1748
CTETRA      8145       1    1788    1789    1743    1778
CTETRA      8146       1    1787    1778    1752    1789
CTETRA      8147       1    1778    1742    1789    1743
CTETRA      8148       1    1778    1789    1787    1788
CTETRA      8149       1    1778    1742    1752    1789
CTETRA      8150       1    1788    1789    1749    1743
CTETRA      8151       1    1787    1790    1789    1752
CTETRA      8152       1    1790    1752    1787    1785
CTETRA      8153       1    1778    1791    1788    1787
CTETRA      8154       1    1788    1789    1792    1749
CTETRA      8155       1    1793    1754    1745    1782
CTETRA      8156       1    1781    1750    1793    1744
CTETRA      8157       1    1793    1754    1781    1744
CTETRA      8158       1    1754    1793    1745    1744
CTETRA      8159       1    1788    1778    1747    1794
CTETRA      8160       1    1788    1791    1778    1794
CTETRA      8161       1    1776    1746    1747    1794
CTETRA      8162       1    1788    1747    1748    1794
CTETRA      8163       1    1750    1746    1794    1748
CTETRA      8164       1    1778    1776    1747    1794
CTETRA      8165       1    1750    1781    1794    1746
CTETRA      8166       1    1746    1776    1779    1794
CTETRA      8167       1    1746    1748    1747    1794
CTETRA      8168       1    1781    1779    1794    1746
CTETRA      8169       1    1791    1788    1792    1795
CTETRA      8170       1    1794    1795    1748    1788
CTETRA      8171       1    1794    1750    1748    1795
CTETRA      8172       1    1791    1788    1795    1794
CTETRA      8173       1    1788    1749    1792    1795
CTETRA      8174       1    1788    1749    1795    1748
CTETRA      8175       1    1781    1796    1793    1750
CTETRA      8176       1    1796    1795    1750    1794
CTETRA      8177       1    1781    1796    1750    1794
CTETRA      8178       1    1787    1753    1799    1752
CTETRA      8179       1    1799    1751    1783    1785
CTETRA      8180       1    1752    1799    1787    1785
CTETRA      8181       1    1751    1799    1753    1752
CTETRA      8182       1    1764    1751    1783    1799
CTETRA      8183       1    1765    1751    1764    1799
CTETRA      8184       1    1765    1751    1799    1753
CTETRA      8185       1    1751    1799    1752    1785
CTETRA      8186       1    1753    1778    1800    1776
CTETRA      8187       1    1800    1753    1799    1787
CTETRA      8188       1    1800    1765    1799    1753
CTETRA      8189       1    1753    1778    1787    1800
CTETRA      8190       1    1765    1800    1777    1753
CTETRA      8191       1    1753    1776    1800    1777
CTETRA      8192       1    1791    1801    1778    1794
CTETRA      8193       1    1801    1787    1778    1800
CTETRA      8194       1    1801    1787    1791    1778
CTETRA      8195       1    1757    1802    1782    1754
CTETRA      8196       1    1780    1755    1779    1802
CTETRA      8197       1    1754    1802    1755    1757
CTETRA      8198       1    1754    1793    1802    1782
CTETRA      8199       1    1754    1793    1781    1802
CTETRA      8200       1    1754    1755    1802    1779
CTETRA      8201       1    1754    1779    1802    1781
CTETRA      8202       1    1802    1803    1755    1757
CTETRA      8203       1    1803    1780    1756    1758
CTETRA      8204       1    1755    1803    1780    1756
CTETRA      8205       1    1755    1756    1757    1803
CTETRA      8206       1    1763    1756    1758    1803
CTETRA      8207       1    1803    1780    1802    1755
CTETRA      8208       1    1803    1756    1804    1763
CTETRA      8209       1    1803    1804    1756    1757
CTETRA      8210       1    1802    1803    1757    1804
CTETRA      8211       1    1782    1797    1805    1798
CTETRA      8212       1    1757    1805    1782    1802
CTETRA      8213       1    1802    1757    1805    1804
CTETRA      8214       1    1806    1780    1803    1758
CTETRA      8215       1    1806    1763    1774    1770
CTETRA      8216       1    1806    1758    1803    1763
CTETRA      8217       1    1758    1806    1770    1763
CTETRA      8218       1    1762    1806    1758    1780
CTETRA      8219       1    1772    1770    1806    1774
CTETRA      8220       1    1762    1758    1806    1770
CTETRA      8221       1    1764    1760    1807    1766
CTETRA      8222       1    1807    1760    1764    1759
CTETRA      8223       1    1760    1766    1773    1807
CTETRA      8224       1    1759    1762    1761    1807
CTETRA      8225       1    1807    1759    1762    1770
CTETRA      8226       1    1807    1759    1764    1761
CTETRA      8227       1    1770    1807    1760    1773
CTETRA      8228       1    1807    1759    1770    1760
CTETRA      8229       1    1807    1762    1806    1770
CTETRA      8230       1    1765    1764    1761    1807
CTETRA      8231       1    1762    1806    1780    1808
CTETRA      8232       1    1762    1808    1780    1777
CTETRA      8233       1    1808    1765    1800    1777
CTETRA      8234       1    1808    1777    1762    1761
CTETRA      8235       1    1762    1806    1808    1807
CTETRA      8236       1    1762    1808    1761    1807
CTETRA      8237       1    1765    1761    1808    1807
CTETRA      8238       1    1761    1777    1765    1808
CTETRA      8239       1    1803    1806    1763    1809
CTETRA      8240       1    1809    1774    1763    1804
CTETRA      8241       1    1774    1809    1806    1772
CTETRA      8242       1    1803    1804    1809    1763
CTETRA      8243       1    1809    1774    1806    1763
CTETRA      8244       1    1809    1811    1774    1804
CTETRA      8245       1    1809    1804    1810    1811
CTETRA      8246       1    1812    1807    1773    1766
CTETRA      8247       1    1807    1808    1765    1812
CTETRA      8248       1    1764    1807    1765    1812
CTETRA      8249       1    1764    1783    1766    1812
CTETRA      8250       1    1764    1812    1799    1783
CTETRA      8251       1    1808    1765    1812    1800
CTETRA      8252       1    1799    1765    1800    1812
CTETRA      8253       1    1764    1765    1799    1812
CTETRA      8254       1    1812    1764    1807    1766
CTETRA      8255       1    1767    1766    1769    1813
CTETRA      8256       1    1767    1768    1771    1813
CTETRA      8257       1    1766    1783    1813    1812
CTETRA      8258       1    1773    1767    1771    1813
CTETRA      8259       1    1768    1767    1769    1813
CTETRA      8260       1    1766    1783    1784    1813
CTETRA      8261       1    1773    1766    1813    1812
CTETRA      8262       1    1773    1767    1813    1766
CTETRA      8263       1    1784    1813    1769    1766
CTETRA      8264       1    1812    1814    1773    1807
CTETRA      8265       1    1773    1770    1807    1814
CTETRA      8266       1    1814    1806    1809    1772
CTETRA      8267       1    1814    1770    1806    1772
CTETRA      8268       1    1773    1772    1770    1814
CTETRA      8269       1    1773    1814    1812    1813
CTETRA      8270       1    1807    1806    1814    1770
CTETRA      8271       1    1775    1774    1815    1811
CTETRA      8272       1    1773    1813    1771    1815
CTETRA      8273       1    1772    1775    1774    1815
CTETRA      8274       1    1772    1773    1771    1815
CTETRA      8275       1    1809    1811    1815    1774
CTETRA      8276       1    1774    1772    1815    1809
CTETRA      8277       1    1772    1775    1815    1771
CTETRA      8278       1    1773    1814    1813    1815
CTETRA      8279       1    1814    1815    1772    1809
CTETRA      8280       1    1814    1815    1773    1772
CTETRA      8281       1    1781    1816    1794    1779
CTETRA      8282       1    1779    1780    1816    1777
CTETRA      8283       1    1794    1778    1776    1816
CTETRA      8284       1    1808    1777    1816    1780
CTETRA      8285       1    1808    1800    1816    1777
CTETRA      8286       1    1801    1794    1816    1778
CTETRA      8287       1    1777    1816    1779    1776
CTETRA      8288       1    1816    1800    1776    1777
CTETRA      8289       1    1800    1816    1776    1778
CTETRA      8290       1    1816    1794    1779    1776
CTETRA      8291       1    1801    1800    1778    1816
CTETRA      8292       1    1803    1806    1809    1817
CTETRA      8293       1    1780    1806    1817    1808
CTETRA      8294       1    1779    1781    1816    1817
CTETRA      8295       1    1803    1780    1806    1817
CTETRA      8296       1    1808    1780    1816    1817
CTETRA      8297       1    1780    1779    1816    1817
CTETRA      8298       1    1803    1802    1780    1817
CTETRA      8299       1    1817    1780    1779    1802
CTETRA      8300       1    1779    1817    1802    1781
CTETRA      8301       1    1791    1818    1801    1794
CTETRA      8302       1    1791    1794    1795    1818
CTETRA      8303       1    1818    1801    1794    1816
CTETRA      8304       1    1818    1816    1794    1819
CTETRA      8305       1    1781    1796    1794    1819
CTETRA      8306       1    1781    1794    1816    1819
CTETRA      8307       1    1781    1796    1819    1793
CTETRA      8308       1    1819    1816    1781    1817
CTETRA      8309       1    1820    1802    1793    1782
CTETRA      8310       1    1819    1781    1793    1820
CTETRA      8311       1    1797    1820    1793    1782
CTETRA      8312       1    1819    1820    1817    1781
CTETRA      8313       1    1797    1805    1820    1782
CTETRA      8314       1    1820    1793    1802    1781
CTETRA      8315       1    1805    1820    1782    1802
CTETRA      8316       1    1820    1802    1817    1781
CTETRA      8317       1    1810    1821    1798    1805
CTETRA      8318       1    1820    1797    1821    1805
CTETRA      8319       1    1797    1798    1821    1805
CTETRA      8320       1    1822    1799    1785    1787
CTETRA      8321       1    1822    1800    1799    1787
CTETRA      8322       1    1790    1822    1785    1787
CTETRA      8323       1    1801    1787    1800    1822
CTETRA      8324       1    1784    1783    1823    1813
CTETRA      8325       1    1783    1812    1799    1823
CTETRA      8326       1    1812    1783    1813    1823
CTETRA      8327       1    1786    1823    1783    1785
CTETRA      8328       1    1823    1784    1786    1783
CTETRA      8329       1    1783    1799    1785    1823
CTETRA      8330       1    1799    1822    1785    1823
CTETRA      8331       1    1786    1824    1823    1785
CTETRA      8332       1    1790    1824    1785    1822
CTETRA      8333       1    1824    1785    1822    1823
CTETRA      8334       1    1791    1801    1818    1825
CTETRA      8335       1    1790    1822    1825    1824
CTETRA      8336       1    1801    1825    1822    1818
CTETRA      8337       1    1822    1787    1790    1825
CTETRA      8338       1    1801    1787    1825    1791
CTETRA      8339       1    1787    1801    1825    1822
CTETRA      8340       1    1789    1788    1792    1826
CTETRA      8341       1    1825    1790    1826    1787
CTETRA      8342       1    1787    1790    1826    1789
CTETRA      8343       1    1825    1791    1787    1826
CTETRA      8344       1    1791    1788    1826    1792
CTETRA      8345       1    1791    1788    1787    1826
CTETRA      8346       1    1789    1788    1826    1787
CTETRA      8347       1    1825    1826    1790    1827
CTETRA      8348       1    1790    1827    1824    1825
CTETRA      8349       1    1825    1826    1829    1791
CTETRA      8350       1    1792    1826    1829    1828
CTETRA      8351       1    1791    1818    1795    1829
CTETRA      8352       1    1818    1791    1825    1829
CTETRA      8353       1    1792    1826    1791    1829
CTETRA      8354       1    1795    1829    1792    1791
CTETRA      8355       1    1796    1830    1819    1793
CTETRA      8356       1    1797    1830    1793    1820
CTETRA      8357       1    1830    1820    1819    1793
CTETRA      8358       1    1831    1829    1795    1818
CTETRA      8359       1    1831    1796    1830    1819
CTETRA      8360       1    1795    1794    1831    1818
CTETRA      8361       1    1796    1831    1794    1819
CTETRA      8362       1    1796    1795    1794    1831
CTETRA      8363       1    1818    1819    1794    1831
CTETRA      8364       1    1797    1832    1820    1821
CTETRA      8365       1    1832    1797    1798    1821
CTETRA      8366       1    1797    1830    1820    1832
CTETRA      8367       1    1799    1812    1834    1823
CTETRA      8368       1    1799    1800    1834    1812
CTETRA      8369       1    1822    1799    1834    1823
CTETRA      8370       1    1808    1800    1812    1834
CTETRA      8371       1    1816    1808    1817    1834
CTETRA      8372       1    1800    1808    1816    1834
CTETRA      8373       1    1800    1834    1822    1799
CTETRA      8374       1    1801    1818    1834    1816
CTETRA      8375       1    1801    1822    1834    1818
CTETRA      8376       1    1800    1801    1834    1816
CTETRA      8377       1    1800    1822    1834    1801
CTETRA      8378       1    1820    1802    1805    1835
CTETRA      8379       1    1802    1805    1835    1804
CTETRA      8380       1    1804    1835    1809    1810
CTETRA      8381       1    1820    1817    1802    1835
CTETRA      8382       1    1805    1810    1835    1804
CTETRA      8383       1    1802    1803    1804    1835
CTETRA      8384       1    1817    1802    1835    1803
CTETRA      8385       1    1817    1803    1835    1809
CTETRA      8386       1    1820    1817    1835    1819
CTETRA      8387       1    1804    1809    1835    1803
CTETRA      8388       1    1821    1810    1835    1805
CTETRA      8389       1    1835    1820    1821    1805
CTETRA      8390       1    1806    1808    1807    1836
CTETRA      8391       1    1834    1836    1812    1808
CTETRA      8392       1    1807    1812    1836    1808
CTETRA      8393       1    1806    1836    1814    1809
CTETRA      8394       1    1817    1836    1809    1835
CTETRA      8395       1    1836    1806    1817    1809
CTETRA      8396       1    1812    1814    1807    1836
CTETRA      8397       1    1806    1814    1836    1807
CTETRA      8398       1    1836    1806    1808    1817
CTETRA      8399       1    1836    1834    1817    1808
CTETRA      8400       1    1837    1835    1810    1809
CTETRA      8401       1    1837    1836    1835    1809
CTETRA      8402       1    1836    1809    1837    1814
CTETRA      8403       1    1809    1811    1837    1815
CTETRA      8404       1    1837    1811    1809    1810
CTETRA      8405       1    1809    1814    1815    1837
CTETRA      8406       1    1835    1821    1837    1810
CTETRA      8407       1    1838    1812    1813    1823
CTETRA      8408       1    1836    1838    1834    1812
CTETRA      8409       1    1838    1812    1823    1834
CTETRA      8410       1    1814    1812    1813    1838
CTETRA      8411       1    1814    1836    1812    1838
CTETRA      8412       1    1836    1838    1814    1837
CTETRA      8413       1    1814    1815    1837    1838
CTETRA      8414       1    1814    1815    1838    1813
CTETRA      8415       1    1818    1839    1825    1822
CTETRA      8416       1    1839    1834    1816    1817
CTETRA      8417       1    1818    1839    1816    1819
CTETRA      8418       1    1839    1834    1822    1818
CTETRA      8419       1    1819    1839    1816    1817
CTETRA      8420       1    1839    1818    1816    1834
CTETRA      8421       1    1834    1836    1817    1839
CTETRA      8422       1    1817    1835    1839    1836
CTETRA      8423       1    1817    1819    1839    1835
CTETRA      8424       1    1831    1819    1830    1840
CTETRA      8425       1    1818    1840    1829    1825
CTETRA      8426       1    1840    1831    1818    1829
CTETRA      8427       1    1818    1839    1840    1825
CTETRA      8428       1    1839    1818    1840    1819
CTETRA      8429       1    1840    1819    1818    1831
CTETRA      8430       1    1820    1819    1841    1830
CTETRA      8431       1    1821    1841    1832    1820
CTETRA      8432       1    1840    1839    1819    1841
CTETRA      8433       1    1830    1832    1841    1820
CTETRA      8434       1    1840    1819    1830    1841
CTETRA      8435       1    1835    1821    1820    1841
CTETRA      8436       1    1835    1821    1841    1837
CTETRA      8437       1    1820    1835    1841    1819
CTETRA      8438       1    1841    1819    1835    1839
CTETRA      8439       1    1827    1825    1842    1824
CTETRA      8440       1    1838    1842    1834    1823
CTETRA      8441       1    1822    1842    1823    1834
CTETRA      8442       1    1822    1842    1839    1825
CTETRA      8443       1    1822    1842    1825    1824
CTETRA      8444       1    1842    1822    1823    1824
CTETRA      8445       1    1834    1839    1822    1842
CTETRA      8446       1    1843    1829    1826    1828
CTETRA      8447       1    1833    1829    1843    1828
CTETRA      8448       1    1827    1826    1828    1843
CTETRA      8449       1    1833    1843    1829    1840
CTETRA      8450       1    1825    1843    1827    1842
CTETRA      8451       1    1825    1826    1827    1843
CTETRA      8452       1    1843    1840    1825    1829
CTETRA      8453       1    1825    1843    1829    1826
CTETRA      8454       1    1825    1843    1842    1839
CTETRA      8455       1    1843    1839    1825    1840
CTETRA      8456       1    1832    1844    1830    1841
CTETRA      8457       1    1840    1831    1844    1830
CTETRA      8458       1    1840    1831    1829    1844
CTETRA      8459       1    1840    1833    1843    1844
CTETRA      8460       1    1833    1840    1829    1844
CTETRA      8461       1    1840    1844    1841    1830
CTETRA      8462       1    1836    1845    1838    1837
CTETRA      8463       1    1845    1842    1834    1838
CTETRA      8464       1    1835    1841    1845    1837
CTETRA      8465       1    1836    1838    1845    1834
CTETRA      8466       1    1839    1845    1842    1834
CTETRA      8467       1    1834    1839    1845    1836
CTETRA      8468       1    1837    1835    1836    1845
CTETRA      8469       1    1845    1836    1839    1835
CTETRA      8470       1    1845    1841    1835    1839
CTETRA      8471       1    1846    1840    1841    1839
CTETRA      8472       1    1846    1840    1839    1843
CTETRA      8473       1    1840    1846    1844    1843
CTETRA      8474       1    1846    1845    1842    1839
CTETRA      8475       1    1840    1846    1841    1844
CTETRA      8476       1    1846    1839    1842    1843
CTETRA      8477       1    1846    1845    1839    1841
CTRIA3      8478      11       2       6       7
CTRIA3      8479      11       8       7       6
CTRIA3      8480      11       9       8       6
CTRIA3      8481      11       6       5       9
CTRIA3      8482      11       9      10       8
CTRIA3      8483      11      11       9       5
CTRIA3      8484      11      13      10       9
CTRIA3      8485      11      13       9      11
CTRIA3      8486      11      14      11      12
CTRIA3      8487      11      13      11      14
CTRIA3      8488      11      10      13      15
CTRIA3      8489      11      13      14      15
CTRIA3      8490      11       7      16       2
CTRIA3      8491       7       7      18      16
CTRIA3      8492      11       2      19       6
CTRIA3      8493      11      19       5       6
CTRIA3      8494      11      19      20       5
CTRIA3      8495      11      20       3       5
CTRIA3      8496      11      24      20      19
CTRIA3      8497      11       2      16      25
CTRIA3      8498      11      25      24      19
CTRIA3      8499      11       2      25      19
CTRIA3      8500      11      30      29      31
CTRIA3      8501      11      24      32      20
CTRIA3      8502      11      29      30      33
CTRIA3      8503      11       1      29      33
CTRIA3      8504      11       1      33       3
CTRIA3      8505      11      30      37      33
CTRIA3      8506      11      33      37      38
CTRIA3      8507      11      20      32      40
CTRIA3      8508      11       3      20      40
CTRIA3      8509      11       1       3      40
CTRIA3      8510      11      42      40      32
CTRIA3      8511      11      43      29       1
CTRIA3      8512      11      43       1      40
CTRIA3      8513      11      44      40      42
CTRIA3      8514      11      43      40      44
CTRIA3      8515      11      45      47      44
CTRIA3      8516      11      31      29      47
CTRIA3      8517      11      29      43      47
CTRIA3      8518      11      43      44      47
CTRIA3      8519       8      49      25      16
CTRIA3      8520      11      12      50      38
CTRIA3      8521      11      38      50      33
CTRIA3      8522      11      12      11      50
CTRIA3      8523      11       3      33      50
CTRIA3      8524      11      11       5      50
CTRIA3      8525      11      50       5       3
CTRIA3      8526       7       8      57       7
CTRIA3      8527       7      18       7      57
CTRIA3      8528       7      58       8      10
CTRIA3      8529       7      57       8      58
CTRIA3      8530       9      59      12      38
CTRIA3      8531       7      10      15      61
CTRIA3      8532       7      61      58      10
CTRIA3      8533       9      63      14      12
CTRIA3      8534       9      12      59      63
CTRIA3      8535       9      64      15      14
CTRIA3      8536       9      64      14      63
CTRIA3      8537       7      61      66      58
CTRIA3      8538       7      61      15      67
CTRIA3      8539       7      61      67      66
CTRIA3      8540       9      64      67      15
CTRIA3      8541      11      31      68      30
CTRIA3      8542      11      30      68      37
CTRIA3      8543       7      18      70      16
CTRIA3      8544       8      70      49      16
CTRIA3      8545       7      18      71      70
CTRIA3      8546       7      18      57      71
CTRIA3      8547       8      74      32      24
CTRIA3      8548       8      24      25      76
CTRIA3      8549       8      49      76      25
CTRIA3      8550       8      74      24      76
CTRIA3      8551      11      42      78      44
CTRIA3      8552      11      45      44      78
CTRIA3      8553       9      82      37      68
CTRIA3      8554      10      85      31      47
CTRIA3      8555      10      31      86      68
CTRIA3      8556      10      86      31      85
CTRIA3      8557       8      87      42      32
CTRIA3      8558       8      32      74      87
CTRIA3      8559       8      88      78      42
CTRIA3      8560       8      88      42      87
CTRIA3      8561       9      38      37      96
CTRIA3      8562       9      82      96      37
CTRIA3      8563       9      38      96      59
CTRIA3      8564      10      45      78     101
CTRIA3      8565      10      45     101      47
CTRIA3      8566      10      85      47     102
CTRIA3      8567      10     102      47     101
CTRIA3      8568       8      49      70     105
CTRIA3      8569       8      49     105      76
CTRIA3      8570       7      57      58     111
CTRIA3      8571       7      71      57     111
CTRIA3      8572       7      66     111      58
CTRIA3      8573       9      63      59     113
CTRIA3      8574       9     114      59      96
CTRIA3      8575       9     114     113      59
CTRIA3      8576       9      64     116      67
CTRIA3      8577       9      64      63     116
CTRIA3      8578       9      63     113     116
CTRIA3      8579       7      66     118     111
CTRIA3      8580       7      66      67     119
CTRIA3      8581       7     119     118      66
CTRIA3      8582       9      67     116     119
CTRIA3      8583       9      82      68     120
CTRIA3      8584      10      86     120      68
CTRIA3      8585       7      71     121      70
CTRIA3      8586       8     105      70     121
CTRIA3      8587       7     121      71     122
CTRIA3      8588       7      71     111     122
CTRIA3      8589       8     126      74      76
CTRIA3      8590       8     127      87      74
CTRIA3      8591       8     126     127      74
CTRIA3      8592       8     105     129      76
CTRIA3      8593       8     126      76     129
CTRIA3      8594       8      88     131      78
CTRIA3      8595      10     101      78     131
CTRIA3      8596       9      82     120     135
CTRIA3      8597       9      82     135      96
CTRIA3      8598      10     102     140      85
CTRIA3      8599      10      86     141     120
CTRIA3      8600      10      86      85     141
CTRIA3      8601      10     140     141      85
CTRIA3      8602       8      88     142     131
CTRIA3      8603       8      88      87     142
CTRIA3      8604       8      87     127     142
CTRIA3      8605       9     135     149      96
CTRIA3      8606       9     114      96     149
CTRIA3      8607      10     101     131     153
CTRIA3      8608      10     102     101     153
CTRIA3      8609      10     102     153     140
CTRIA3      8610       8     105     121     155
CTRIA3      8611       8     105     155     129
CTRIA3      8612       9     162     116     113
CTRIA3      8613       7     118     164     111
CTRIA3      8614       7     122     111     164
CTRIA3      8615       9     114     167     113
CTRIA3      8616       9     114     149     167
CTRIA3      8617       9     162     113     167
CTRIA3      8618       9     119     116     169
CTRIA3      8619       9     162     169     116
CTRIA3      8620       7     118     171     164
CTRIA3      8621       7     118     119     172
CTRIA3      8622       7     172     171     118
CTRIA3      8623       9     172     119     169
CTRIA3      8624       9     135     120     173
CTRIA3      8625      10     173     120     141
CTRIA3      8626       8     175     142     127
CTRIA3      8627       7     121     122     176
CTRIA3      8628       8     155     121     176
CTRIA3      8629       7     176     122     177
CTRIA3      8630       7     122     164     177
CTRIA3      8631       8     126     181     127
CTRIA3      8632       8     126     129     181
CTRIA3      8633       8     175     127     181
CTRIA3      8634       8     155     183     129
CTRIA3      8635       8     129     183     181
CTRIA3      8636       8     185     131     142
CTRIA3      8637      10     185     153     131
CTRIA3      8638       9     173     188     135
CTRIA3      8639       9     188     149     135
CTRIA3      8640       9     188     189     149
CTRIA3      8641       9     189     167     149
CTRIA3      8642      10     140     153     195
CTRIA3      8643      10     140     195     141
CTRIA3      8644      10     141     198     173
CTRIA3      8645      10     195     198     141
CTRIA3      8646       8     185     142     199
CTRIA3      8647       8     175     199     142
CTRIA3      8648      10     153     185     203
CTRIA3      8649      10     203     195     153
CTRIA3      8650       8     155     176     206
CTRIA3      8651       8     206     183     155
CTRIA3      8652       9     162     213     169
CTRIA3      8653       9     162     167     213
CTRIA3      8654       7     177     164     215
CTRIA3      8655       7     171     215     164
CTRIA3      8656       9     189     218     167
CTRIA3      8657       9     213     167     218
CTRIA3      8658       9     169     221     172
CTRIA3      8659       9     213     221     169
CTRIA3      8660       7     215     171     224
CTRIA3      8661       7     171     172     225
CTRIA3      8662       7     225     224     171
CTRIA3      8663       9     221     225     172
CTRIA3      8664       9     173     226     188
CTRIA3      8665      10     226     173     198
CTRIA3      8666       8     175     228     199
CTRIA3      8667       8     175     181     228
CTRIA3      8668       7     177     229     176
CTRIA3      8669       8     229     206     176
CTRIA3      8670       7     177     231     229
CTRIA3      8671       7     231     177     215
CTRIA3      8672       8     183     232     181
CTRIA3      8673       8     228     181     232
CTRIA3      8674       8     206     235     183
CTRIA3      8675       8     232     183     235
CTRIA3      8676       8     238     185     199
CTRIA3      8677      10     238     203     185
CTRIA3      8678       9     226     241     188
CTRIA3      8679       9     189     188     241
CTRIA3      8680       9     241     242     189
CTRIA3      8681       9     218     189     242
CTRIA3      8682      10     195     203     246
CTRIA3      8683      10     195     246     198
CTRIA3      8684      10     198     249     226
CTRIA3      8685      10     246     249     198
CTRIA3      8686       8     199     250     238
CTRIA3      8687       8     199     228     250
CTRIA3      8688      10     203     238     257
CTRIA3      8689      10     257     246     203
CTRIA3      8690       8     258     206     229
CTRIA3      8691       8     235     206     258
CTRIA3      8692       9     213     264     221
CTRIA3      8693       9     213     218     264
CTRIA3      8694       7     231     215     266
CTRIA3      8695       7     224     266     215
CTRIA3      8696       9     264     218     269
CTRIA3      8697       9     242     269     218
CTRIA3      8698       9     221     273     225
CTRIA3      8699       9     264     273     221
CTRIA3      8700       7     266     224     276
CTRIA3      8701       7     277     224     225
CTRIA3      8702       7     224     277     276
CTRIA3      8703       9     277     225     273
CTRIA3      8704       9     278     241     226
CTRIA3      8705      10     278     226     249
CTRIA3      8706       8     228     280     250
CTRIA3      8707       8     228     232     280
CTRIA3      8708       7     282     229     231
CTRIA3      8709       8     282     258     229
CTRIA3      8710       7     283     282     231
CTRIA3      8711       7     283     231     266
CTRIA3      8712       8     235     285     232
CTRIA3      8713       8     285     280     232
CTRIA3      8714       8     235     258     288
CTRIA3      8715       8     288     285     235
CTRIA3      8716       8     290     238     250
CTRIA3      8717      10     290     257     238
CTRIA3      8718       9     293     241     278
CTRIA3      8719       9     242     241     293
CTRIA3      8720       9     293     294     242
CTRIA3      8721       9     269     242     294
CTRIA3      8722      10     246     257     298
CTRIA3      8723      10     249     246     298
CTRIA3      8724      10     249     300     278
CTRIA3      8725      10     298     300     249
CTRIA3      8726       8     250     302     290
CTRIA3      8727       8     302     250     280
CTRIA3      8728      10     310     257     290
CTRIA3      8729      10     310     298     257
CTRIA3      8730       8     311     258     282
CTRIA3      8731       8     311     288     258
CTRIA3      8732       9     273     264     317
CTRIA3      8733       9     269     317     264
CTRIA3      8734       7     266     319     283
CTRIA3      8735       7     276     319     266
CTRIA3      8736       9     317     269     321
CTRIA3      8737       9     294     321     269
CTRIA3      8738       9     322     277     273
CTRIA3      8739       9     322     273     317
CTRIA3      8740       7     319     276     326
CTRIA3      8741       7     327     276     277
CTRIA3      8742       7     326     276     327
CTRIA3      8743       9     327     277     322
CTRIA3      8744       9     328     293     278
CTRIA3      8745      10     328     278     300
CTRIA3      8746       8     302     280     330
CTRIA3      8747       8     285     330     280
CTRIA3      8748       7     331     282     283
CTRIA3      8749       8     331     311     282
CTRIA3      8750       7     332     331     283
CTRIA3      8751       7     332     283     319
CTRIA3      8752       8     288     334     285
CTRIA3      8753       8     334     330     285
CTRIA3      8754       8     337     288     311
CTRIA3      8755       8     334     288     337
CTRIA3      8756       8     339     290     302
CTRIA3      8757      10     339     310     290
CTRIA3      8758       9     341     293     328
CTRIA3      8759       9     294     293     341
CTRIA3      8760       9     294     341     342
CTRIA3      8761       9     342     321     294
CTRIA3      8762      10     298     310     347
CTRIA3      8763      10     300     298     347
CTRIA3      8764      10     350     328     300
CTRIA3      8765      10     347     350     300
CTRIA3      8766       8     351     339     302
CTRIA3      8767       8     351     302     330
CTRIA3      8768      10     355     310     339
CTRIA3      8769      10     355     347     310
CTRIA3      8770       8     357     311     331
CTRIA3      8771       8     357     337     311
CTRIA3      8772       9     366     322     317
CTRIA3      8773       9     321     366     317
CTRIA3      8774       7     367     332     319
CTRIA3      8775       7     326     367     319
CTRIA3      8776       9     366     321     369
CTRIA3      8777       9     342     369     321
CTRIA3      8778       9     370     327     322
CTRIA3      8779       9     370     322     366
CTRIA3      8780       7     367     326     375
CTRIA3      8781       7     376     326     327
CTRIA3      8782       7     375     326     376
CTRIA3      8783       9     376     327     370
CTRIA3      8784       9     377     341     328
CTRIA3      8785      10     377     328     350
CTRIA3      8786       8     330     379     351
CTRIA3      8787       8     379     330     334
CTRIA3      8788       7     380     331     332
CTRIA3      8789       8     380     357     331
CTRIA3      8790       7     381     380     332
CTRIA3      8791       7     381     332     367
CTRIA3      8792       8     384     334     337
CTRIA3      8793       8     379     334     384
CTRIA3      8794       8     387     337     357
CTRIA3      8795       8     384     337     387
CTRIA3      8796       8     389     339     351
CTRIA3      8797      10     389     355     339
CTRIA3      8798       9     390     341     377
CTRIA3      8799       9     390     342     341
CTRIA3      8800       9     391     342     390
CTRIA3      8801       9     369     342     391
CTRIA3      8802      10     398     347     355
CTRIA3      8803      10     350     347     398
CTRIA3      8804      10     400     377     350
CTRIA3      8805      10     398     400     350
CTRIA3      8806       8     402     389     351
CTRIA3      8807       8     402     351     379
CTRIA3      8808      10     406     355     389
CTRIA3      8809      10     406     398     355
CTRIA3      8810       8     408     357     380
CTRIA3      8811       8     408     387     357
CTRIA3      8812       9     419     370     366
CTRIA3      8813       9     369     419     366
CTRIA3      8814       7     420     381     367
CTRIA3      8815       7     375     420     367
CTRIA3      8816       9     419     369     421
CTRIA3      8817       9     391     421     369
CTRIA3      8818       9     422     376     370
CTRIA3      8819       9     422     370     419
CTRIA3      8820       7     420     375     425
CTRIA3      8821       7     426     375     376
CTRIA3      8822       7     425     375     426
CTRIA3      8823       9     426     376     422
CTRIA3      8824       9     427     390     377
CTRIA3      8825      10     427     377     400
CTRIA3      8826       8     428     402     379
CTRIA3      8827       8     384     428     379
CTRIA3      8828       7     429     380     381
CTRIA3      8829       8     429     408     380
CTRIA3      8830       7     430     429     381
CTRIA3      8831       7     430     381     420
CTRIA3      8832       8     387     433     384
CTRIA3      8833       8     428     384     433
CTRIA3      8834       8     436     387     408
CTRIA3      8835       8     433     387     436
CTRIA3      8836       8     437     389     402
CTRIA3      8837      10     437     406     389
CTRIA3      8838       9     442     390     427
CTRIA3      8839       9     442     391     390
CTRIA3      8840       9     443     391     442
CTRIA3      8841       9     421     391     443
CTRIA3      8842      10     449     398     406
CTRIA3      8843      10     400     398     449
CTRIA3      8844      10     452     427     400
CTRIA3      8845      10     449     452     400
CTRIA3      8846       8     454     437     402
CTRIA3      8847       8     454     402     428
CTRIA3      8848      10     456     406     437
CTRIA3      8849      10     456     449     406
CTRIA3      8850       8     457     408     429
CTRIA3      8851       8     457     436     408
CTRIA3      8852       9     465     422     419
CTRIA3      8853       9     421     465     419
CTRIA3      8854       7     466     430     420
CTRIA3      8855       7     425     466     420
CTRIA3      8856       9     465     421     469
CTRIA3      8857       9     443     469     421
CTRIA3      8858       9     470     426     422
CTRIA3      8859       9     470     422     465
CTRIA3      8860       7     466     425     474
CTRIA3      8861       7     475     425     426
CTRIA3      8862       7     474     425     475
CTRIA3      8863       9     475     426     470
CTRIA3      8864       9     476     442     427
CTRIA3      8865      10     476     427     452
CTRIA3      8866       8     479     454     428
CTRIA3      8867       8     433     479     428
CTRIA3      8868       7     480     429     430
CTRIA3      8869       8     480     457     429
CTRIA3      8870       7     482     480     430
CTRIA3      8871       7     482     430     466
CTRIA3      8872       8     436     484     433
CTRIA3      8873       8     479     433     484
CTRIA3      8874       8     486     436     457
CTRIA3      8875       8     484     436     486
CTRIA3      8876       8     487     437     454
CTRIA3      8877      10     487     456     437
CTRIA3      8878       8     491     487     454
CTRIA3      8879       8     491     454     479
CTRIA3      8880       9     494     442     476
CTRIA3      8881       9     494     443     442
CTRIA3      8882       9     495     443     494
CTRIA3      8883       9     469     443     495
CTRIA3      8884      10     504     449     456
CTRIA3      8885      10     452     449     504
CTRIA3      8886      10     507     476     452
CTRIA3      8887      10     504     507     452
CTRIA3      8888      10     510     456     487
CTRIA3      8889      10     510     504     456
CTRIA3      8890       8     512     457     480
CTRIA3      8891       8     512     486     457
CTRIA3      8892       9     515     470     465
CTRIA3      8893       9     469     515     465
CTRIA3      8894       7     518     482     466
CTRIA3      8895       7     474     518     466
CTRIA3      8896       9     515     469     520
CTRIA3      8897       9     495     520     469
CTRIA3      8898       9     521     475     470
CTRIA3      8899       9     521     470     515
CTRIA3      8900       7     518     474     526
CTRIA3      8901       7     527     474     475
CTRIA3      8902       7     526     474     527
CTRIA3      8903       9     527     475     521
CTRIA3      8904       9     528     494     476
CTRIA3      8905      10     528     476     507
CTRIA3      8906       8     530     491     479
CTRIA3      8907       8     484     530     479
CTRIA3      8908       7     533     480     482
CTRIA3      8909       8     533     512     480
CTRIA3      8910       7     534     533     482
CTRIA3      8911       7     534     482     518
CTRIA3      8912       8     486     535     484
CTRIA3      8913       8     530     484     535
CTRIA3      8914       8     536     486     512
CTRIA3      8915       8     535     486     536
CTRIA3      8916       8     537     487     491
CTRIA3      8917      10     537     510     487
CTRIA3      8918       8     546     537     491
CTRIA3      8919       8     546     491     530
CTRIA3      8920       9     550     494     528
CTRIA3      8921       9     550     495     494
CTRIA3      8922       9     551     495     550
CTRIA3      8923       9     520     495     551
CTRIA3      8924      10     557     504     510
CTRIA3      8925      10     507     504     557
CTRIA3      8926      10     560     528     507
CTRIA3      8927      10     557     560     507
CTRIA3      8928      10     564     510     537
CTRIA3      8929      10     564     557     510
CTRIA3      8930       8     566     512     533
CTRIA3      8931       8     566     536     512
CTRIA3      8932       9     567     521     515
CTRIA3      8933       9     520     567     515
CTRIA3      8934       7     569     534     518
CTRIA3      8935       7     526     569     518
CTRIA3      8936       9     567     520     571
CTRIA3      8937       9     551     571     520
CTRIA3      8938       9     574     527     521
CTRIA3      8939       9     574     521     567
CTRIA3      8940       7     569     526     577
CTRIA3      8941       7     578     526     527
CTRIA3      8942       7     577     526     578
CTRIA3      8943       9     578     527     574
CTRIA3      8944       9     579     550     528
CTRIA3      8945      10     579     528     560
CTRIA3      8946       8     582     546     530
CTRIA3      8947       8     535     582     530
CTRIA3      8948       7     584     533     534
CTRIA3      8949       8     584     566     533
CTRIA3      8950       7     586     584     534
CTRIA3      8951       7     586     534     569
CTRIA3      8952       8     536     587     535
CTRIA3      8953       8     582     535     587
CTRIA3      8954       8     588     536     566
CTRIA3      8955       8     587     536     588
CTRIA3      8956       8     590     537     546
CTRIA3      8957      10     590     564     537
CTRIA3      8958       8     598     590     546
CTRIA3      8959       8     598     546     582
CTRIA3      8960       9     605     550     579
CTRIA3      8961       9     605     551     550
CTRIA3      8962       9     606     551     605
CTRIA3      8963       9     571     551     606
CTRIA3      8964      10     611     557     564
CTRIA3      8965      10     560     557     611
CTRIA3      8966      10     579     560     613
CTRIA3      8967      10     560     611     613
CTRIA3      8968      10     616     564     590
CTRIA3      8969      10     611     564     616
CTRIA3      8970       8     620     566     584
CTRIA3      8971       8     620     588     566
CTRIA3      8972       9     621     574     567
CTRIA3      8973       9     571     621     567
CTRIA3      8974       7     624     586     569
CTRIA3      8975       7     577     624     569
CTRIA3      8976       9     571     625     621
CTRIA3      8977       9     606     625     571
CTRIA3      8978       9     629     578     574
CTRIA3      8979       9     629     574     621
CTRIA3      8980       7     624     577     630
CTRIA3      8981       7     631     577     578
CTRIA3      8982       7     630     577     631
CTRIA3      8983       9     631     578     629
CTRIA3      8984       9     632     605     579
CTRIA3      8985      10     613     632     579
CTRIA3      8986       8     634     598     582
CTRIA3      8987       8     587     634     582
CTRIA3      8988       7     635     584     586
CTRIA3      8989       8     635     620     584
CTRIA3      8990       7     636     635     586
CTRIA3      8991       7     636     586     624
CTRIA3      8992       8     588     638     587
CTRIA3      8993       8     634     587     638
CTRIA3      8994       8     639     588     620
CTRIA3      8995       8     638     588     639
CTRIA3      8996       8     641     590     598
CTRIA3      8997      10     641     616     590
CTRIA3      8998       8     650     641     598
CTRIA3      8999       8     650     598     634
CTRIA3      9000       9     606     654     625
CTRIA3      9001       9     655     605     632
CTRIA3      9002       9     655     606     605
CTRIA3      9003       9     654     606     655
CTRIA3      9004      10     616     658     611
CTRIA3      9005      10     613     611     658
CTRIA3      9006      10     632     613     659
CTRIA3      9007      10     658     659     613
CTRIA3      9008      10     663     616     641
CTRIA3      9009      10     663     658     616
CTRIA3      9010       8     664     620     635
CTRIA3      9011       8     664     639     620
CTRIA3      9012       7     665     635     636
CTRIA3      9013       8     665     664     635
CTRIA3      9014       9     669     629     621
CTRIA3      9015       9     625     669     621
CTRIA3      9016       7     671     636     624
CTRIA3      9017       7     630     671     624
CTRIA3      9018       9     669     625     673
CTRIA3      9019       9     625     654     673
CTRIA3      9020       9     676     631     629
CTRIA3      9021       9     676     629     669
CTRIA3      9022       7     630     677     671
CTRIA3      9023       7     678     630     631
CTRIA3      9024       7     677     630     678
CTRIA3      9025       9     678     631     676
CTRIA3      9026       9     679     655     632
CTRIA3      9027      10     659     679     632
CTRIA3      9028       8     680     650     634
CTRIA3      9029       8     634     638     680
CTRIA3      9030       7     683     665     636
CTRIA3      9031       7     671     683     636
CTRIA3      9032       8     639     687     638
CTRIA3      9033       8     680     638     687
CTRIA3      9034       8     664     689     639
CTRIA3      9035       8     687     639     689
CTRIA3      9036       8     691     641     650
CTRIA3      9037      10     691     663     641
CTRIA3      9038       9     692     655     679
CTRIA3      9039       9     655     692     654
CTRIA3      9040       9     692     696     654
CTRIA3      9041       9     673     654     696
CTRIA3      9042       8     703     691     650
CTRIA3      9043       8     680     703     650
CTRIA3      9044      10     658     663     711
CTRIA3      9045      10     659     658     711
CTRIA3      9046      10     679     659     712
CTRIA3      9047      10     711     712     659
CTRIA3      9048      10     714     663     691
CTRIA3      9049      10     714     711     663
CTRIA3      9050       8     715     664     665
CTRIA3      9051       8     689     664     715
CTRIA3      9052       7     716     665     683
CTRIA3      9053       8     715     665     716
CTRIA3      9054       7     683     671     718
CTRIA3      9055       7     677     718     671
CTRIA3      9056       7     716     683     719
CTRIA3      9057       7     718     719     683
CTRIA3      9058       9     723     676     669
CTRIA3      9059       9     669     673     723
CTRIA3      9060       9     723     673     728
CTRIA3      9061       9     673     696     728
CTRIA3      9062       9     730     678     676
CTRIA3      9063       9     723     730     676
CTRIA3      9064       7     718     677     732
CTRIA3      9065       7     677     678     733
CTRIA3      9066       7     733     732     677
CTRIA3      9067       9     733     678     730
CTRIA3      9068       9     734     692     679
CTRIA3      9069      10     712     734     679
CTRIA3      9070       8     703     680     735
CTRIA3      9071       8     687     735     680
CTRIA3      9072       8     689     741     687
CTRIA3      9073       8     735     687     741
CTRIA3      9074       8     742     689     715
CTRIA3      9075       8     742     741     689
CTRIA3      9076       8     743     691     703
CTRIA3      9077      10     743     714     691
CTRIA3      9078       9     744     692     734
CTRIA3      9079       9     692     744     696
CTRIA3      9080       9     749     696     744
CTRIA3      9081       9     749     728     696
CTRIA3      9082       8     754     743     703
CTRIA3      9083       8     735     754     703
CTRIA3      9084      10     711     714     760
CTRIA3      9085      10     712     711     760
CTRIA3      9086      10     734     712     762
CTRIA3      9087      10     760     762     712
CTRIA3      9088      10     743     766     714
CTRIA3      9089      10     760     714     766
CTRIA3      9090       8     767     715     716
CTRIA3      9091       8     742     715     767
CTRIA3      9092       7     768     716     719
CTRIA3      9093       8     716     768     767
CTRIA3      9094       7     719     773     768
CTRIA3      9095       7     774     773     719
CTRIA3      9096       7     774     719     718
CTRIA3      9097       7     774     718     732
CTRIA3      9098       9     730     723     777
CTRIA3      9099       9     728     777     723
CTRIA3      9100       9     777     728     780
CTRIA3      9101       9     749     780     728
CTRIA3      9102       9     783     733     730
CTRIA3      9103       9     730     777     783
CTRIA3      9104       7     732     784     774
CTRIA3      9105       7     732     733     785
CTRIA3      9106       7     784     732     785
CTRIA3      9107       9     783     785     733
CTRIA3      9108       9     734     786     744
CTRIA3      9109      10     786     734     762
CTRIA3      9110       8     754     735     787
CTRIA3      9111       8     741     787     735
CTRIA3      9112       8     792     742     767
CTRIA3      9113       8     792     793     742
CTRIA3      9114       8     787     741     793
CTRIA3      9115       8     742     793     741
CTRIA3      9116       8     796     743     754
CTRIA3      9117      10     796     766     743
CTRIA3      9118       9     798     744     786
CTRIA3      9119       9     798     749     744
CTRIA3      9120       9     802     749     798
CTRIA3      9121       9     802     780     749
CTRIA3      9122       8     796     754     806
CTRIA3      9123       8     787     806     754
CTRIA3      9124      10     766     809     760
CTRIA3      9125      10     762     760     809
CTRIA3      9126      10     786     762     811
CTRIA3      9127      10     809     811     762
CTRIA3      9128      10     766     796     814
CTRIA3      9129      10     809     766     814
CTRIA3      9130       8     768     818     767
CTRIA3      9131       8     792     767     818
CTRIA3      9132       7     819     768     773
CTRIA3      9133       8     819     818     768
CTRIA3      9134       7     820     819     773
CTRIA3      9135       7     824     820     773
CTRIA3      9136       7     825     773     774
CTRIA3      9137       7     824     773     825
CTRIA3      9138       7     825     774     784
CTRIA3      9139       9     802     829     780
CTRIA3      9140       7     824     825     830
CTRIA3      9141       7     825     784     830
CTRIA3      9142       9     783     777     831
CTRIA3      9143       9     831     777     780
CTRIA3      9144       9     833     780     829
CTRIA3      9145       9     833     831     780
CTRIA3      9146       9     836     785     783
CTRIA3      9147       9     836     783     831
CTRIA3      9148       7     830     784     839
CTRIA3      9149       7     785     840     784
CTRIA3      9150       7     839     784     840
CTRIA3      9151       9     836     840     785
CTRIA3      9152       9     786     841     798
CTRIA3      9153      10     841     786     811
CTRIA3      9154       8     792     818     842
CTRIA3      9155       8     792     842     793
CTRIA3      9156       8     806     787     843
CTRIA3      9157       8     787     793     843
CTRIA3      9158       8     847     793     842
CTRIA3      9159       8     847     843     793
CTRIA3      9160       8     850     796     806
CTRIA3      9161      10     850     814     796
CTRIA3      9162       9     841     852     798
CTRIA3      9163       9     802     798     852
CTRIA3      9164       9     802     852     829
CTRIA3      9165       8     850     806     857
CTRIA3      9166       8     806     843     857
CTRIA3      9167      10     841     811     860
CTRIA3      9168      10     860     811     861
CTRIA3      9169      10     811     809     861
CTRIA3      9170      10     814     861     809
CTRIA3      9171      10     814     850     863
CTRIA3      9172      10     863     861     814
CTRIA3      9173       8     867     842     818
CTRIA3      9174       8     868     818     819
CTRIA3      9175       8     868     867     818
CTRIA3      9176       9     870     829     852
CTRIA3      9177       6     874     873     872
CTRIA3      9178       6     874     872     871
CTRIA3      9179       6     873     874     875
CTRIA3      9180       7     819     820     875
CTRIA3      9181       7     873     875     820
CTRIA3      9182       8     868     819     875
CTRIA3      9183       6     876     872     873
CTRIA3      9184       7     873     820     876
CTRIA3      9185       7     830     876     824
CTRIA3      9186       7     824     876     820
CTRIA3      9187       7     830     877     876
CTRIA3      9188       7     839     877     830
CTRIA3      9189       6     880     876     877
CTRIA3      9190       6     880     872     876
CTRIA3      9191       9     829     870     882
CTRIA3      9192       9     833     829     882
CTRIA3      9193       9     833     882     885
CTRIA3      9194       9     836     831     885
CTRIA3      9195       9     833     885     831
CTRIA3      9196       6     886     880     877
CTRIA3      9197       9     887     840     836
CTRIA3      9198       9     887     836     885
CTRIA3      9199       6     872     880     888
CTRIA3      9200       6     871     872     888
CTRIA3      9201       6     877     889     886
CTRIA3      9202       7     877     839     889
CTRIA3      9203       7     839     840     889
CTRIA3      9204       9     840     887     889
CTRIA3      9205       9     891     870     852
CTRIA3      9206       9     841     892     852
CTRIA3      9207       9     891     852     892
CTRIA3      9208      10     892     841     860
CTRIA3      9209       8     867     894     842
CTRIA3      9210       8     847     842     894
CTRIA3      9211       8     847     894     895
CTRIA3      9212       8     857     843     895
CTRIA3      9213       8     847     895     843
CTRIA3      9214       8     857     901     850
CTRIA3      9215      10     901     863     850
CTRIA3      9216      10     905     892     860
CTRIA3      9217       8     909     901     857
CTRIA3      9218       8     909     857     895
CTRIA3      9219      10     860     861     912
CTRIA3      9220      10     905     860     912
CTRIA3      9221      10     913     912     861
CTRIA3      9222      10     863     913     861
CTRIA3      9223      10     914     863     901
CTRIA3      9224      10     914     913     863
CTRIA3      9225       6     871     888     915
CTRIA3      9226       6     915     888     900
CTRIA3      9227       6     916     871     915
CTRIA3      9228       8     916     894     867
CTRIA3      9229       6     874     917     875
CTRIA3      9230       6     917     871     916
CTRIA3      9231       6     874     871     917
CTRIA3      9232       8     867     917     916
CTRIA3      9233       8     868     875     917
CTRIA3      9234       8     868     917     867
CTRIA3      9235       3     920     917     875
CTRIA3      9236       9     891     927     870
CTRIA3      9237       6     900     928     904
CTRIA3      9238       6     928     900     888
CTRIA3      9239       6     904     929     927
CTRIA3      9240       6     929     904     928
CTRIA3      9241       9     870     927     929
CTRIA3      9242       9     929     882     870
CTRIA3      9243       2     873     932     875
CTRIA3      9244       2     873     876     932
CTRIA3      9245       2     933     932     876
CTRIA3      9246       2     932     935     875
CTRIA3      9247       3     920     875     935
CTRIA3      9248       2     877     889     936
CTRIA3      9249       2     937     876     877
CTRIA3      9250       2     937     933     876
CTRIA3      9251       2     936     937     877
CTRIA3      9252       6     941     928     888
CTRIA3      9253       6     941     888     880
CTRIA3      9254       6     886     941     880
CTRIA3      9255       6     942     929     928
CTRIA3      9256       6     942     928     941
CTRIA3      9257       9     882     929     942
CTRIA3      9258       9     882     942     885
CTRIA3      9259       6     944     942     941
CTRIA3      9260       6     886     889     944
CTRIA3      9261       6     886     944     941
CTRIA3      9262       9     887     944     889
CTRIA3      9263       9     942     944     885
CTRIA3      9264       9     887     885     944
CTRIA3      9265       4     947     889     944
CTRIA3      9266       2     936     889     948
CTRIA3      9267       4     948     889     947
CTRIA3      9268       2     933     937     949
CTRIA3      9269       6     950     904     927
CTRIA3      9270       6     950     927     952
CTRIA3      9271       9     891     952     927
CTRIA3      9272       9     891     892     952
CTRIA3      9273      10     905     952     892
CTRIA3      9274       6     916     915     954
CTRIA3      9275       8     894     916     954
CTRIA3      9276       8     954     895     894
CTRIA3      9277       8     954     955     895
CTRIA3      9278       8     909     895     955
CTRIA3      9279       6     956     900     904
CTRIA3      9280       6     955     954     959
CTRIA3      9281       6     915     959     954
CTRIA3      9282       6     900     959     915
CTRIA3      9283       6     956     959     900
CTRIA3      9284       6     957     959     956
CTRIA3      9285       8     909     955     963
CTRIA3      9286       8     909     963     901
CTRIA3      9287      10     914     901     963
CTRIA3      9288       6     957     956     964
CTRIA3      9289       6     964     904     950
CTRIA3      9290       6     956     904     964
CTRIA3      9291       6     966     950     952
CTRIA3      9292       6     950     966     964
CTRIA3      9293      10     905     966     952
CTRIA3      9294      10     905     912     966
CTRIA3      9295       6     955     967     963
CTRIA3      9296       6     967     955     959
CTRIA3      9297       6     957     967     959
CTRIA3      9298       6     966     968     964
CTRIA3      9299       6     964     968     957
CTRIA3      9300       6     957     968     967
CTRIA3      9301      10     912     968     966
CTRIA3      9302      10     968     912     913
CTRIA3      9303       6     969     963     967
CTRIA3      9304       6     969     967     968
CTRIA3      9305      10     913     969     968
CTRIA3      9306      10     969     914     963
CTRIA3      9307      10     914     969     913
CTRIA3      9308       3     970     954     916
CTRIA3      9309       3     971     916     917
CTRIA3      9310       3     916     971     970
CTRIA3      9311       3     920     971     917
CTRIA3      9312       3     920     935     974
CTRIA3      9313       3     920     974     971
CTRIA3      9314       4     976     927     952
CTRIA3      9315       4     987     929     927
CTRIA3      9316       4     976     987     927
CTRIA3      9317       4     988     942     929
CTRIA3      9318       4     929     987     988
CTRIA3      9319       2     932     991     935
CTRIA3      9320       2     933     991     932
CTRIA3      9321       2     933     949     991
CTRIA3      9322       2     992     935     991
CTRIA3      9323       3     935     992     974
CTRIA3      9324       2     936     948     993
CTRIA3      9325       2     936     993     937
CTRIA3      9326       2     949     937     993
CTRIA3      9327       4     942     997     944
CTRIA3      9328       4     947     944     997
CTRIA3      9329       4     988     997     942
CTRIA3      9330       4     947     999     948
CTRIA3      9331       4     947     997     999
CTRIA3      9332       2    1001     993     948
CTRIA3      9333       4     999    1001     948
CTRIA3      9334       2     949    1002     991
CTRIA3      9335       2     949     993    1002
CTRIA3      9336       5     966    1005     952
CTRIA3      9337       4     976     952    1007
CTRIA3      9338       5    1005    1007     952
CTRIA3      9339       3    1008     963     955
CTRIA3      9340       3     954    1010     955
CTRIA3      9341       3    1008     955    1010
CTRIA3      9342       3     954     970    1010
CTRIA3      9343       5     969     963    1018
CTRIA3      9344       3    1008    1019     963
CTRIA3      9345       5    1018     963    1019
CTRIA3      9346       5    1020     966     968
CTRIA3      9347       5    1005     966    1020
CTRIA3      9348       5     968     969    1022
CTRIA3      9349       5    1022    1020     968
CTRIA3      9350       5    1018    1022     969
CTRIA3      9351       3    1025    1010     970
CTRIA3      9352       3     971    1026     970
CTRIA3      9353       3    1025     970    1026
CTRIA3      9354       3     971     974    1026
CTRIA3      9355       3    1028    1026     974
CTRIA3      9356       3     992    1029     974
CTRIA3      9357       3    1028     974    1029
CTRIA3      9358       4     976    1007    1035
CTRIA3      9359       4     976    1035     987
CTRIA3      9360       4    1044     988     987
CTRIA3      9361       4     987    1035    1044
CTRIA3      9362       4    1045     997     988
CTRIA3      9363       4    1045     988    1044
CTRIA3      9364       2     991    1048     992
CTRIA3      9365       2    1048     991    1002
CTRIA3      9366       2    1049     992    1048
CTRIA3      9367       3    1049    1029     992
CTRIA3      9368       2     993    1001    1050
CTRIA3      9369       2    1002     993    1050
CTRIA3      9370       4     999     997    1052
CTRIA3      9371       4    1045    1052     997
CTRIA3      9372       4     999    1054    1001
CTRIA3      9373       4     999    1052    1054
CTRIA3      9374       2    1055    1050    1001
CTRIA3      9375       4    1054    1055    1001
CTRIA3      9376       2    1002    1056    1048
CTRIA3      9377       2    1002    1050    1056
CTRIA3      9378       5    1005    1058    1007
CTRIA3      9379       5    1005    1020    1058
CTRIA3      9380       4    1059    1035    1007
CTRIA3      9381       5    1058    1059    1007
CTRIA3      9382       3    1008    1060    1019
CTRIA3      9383       3    1008    1010    1060
CTRIA3      9384       3    1060    1010    1063
CTRIA3      9385       3    1025    1063    1010
CTRIA3      9386       5    1018    1019    1072
CTRIA3      9387       5    1018    1072    1022
CTRIA3      9388       3    1060    1074    1019
CTRIA3      9389       5    1072    1019    1074
CTRIA3      9390       5    1022    1078    1020
CTRIA3      9391       5    1072    1078    1022
CTRIA3      9392       5    1058    1020    1078
CTRIA3      9393       3    1025    1026    1081
CTRIA3      9394       3    1025    1081    1063
CTRIA3      9395       3    1028    1081    1026
CTRIA3      9396       3    1028    1029    1084
CTRIA3      9397       3    1028    1084    1081
CTRIA3      9398       3    1029    1049    1085
CTRIA3      9399       3    1084    1029    1085
CTRIA3      9400       4    1090    1044    1035
CTRIA3      9401       4    1059    1092    1035
CTRIA3      9402       4    1090    1035    1092
CTRIA3      9403       4    1045    1044    1097
CTRIA3      9404       4    1045    1097    1052
CTRIA3      9405       4    1090    1097    1044
CTRIA3      9406       2    1048    1100    1049
CTRIA3      9407       2    1100    1048    1056
CTRIA3      9408       2    1101    1049    1100
CTRIA3      9409       3    1085    1049    1101
CTRIA3      9410       2    1050    1055    1103
CTRIA3      9411       2    1056    1050    1103
CTRIA3      9412       4    1054    1052    1107
CTRIA3      9413       4    1052    1097    1107
CTRIA3      9414       4    1054    1109    1055
CTRIA3      9415       4    1109    1054    1107
CTRIA3      9416       2    1110    1103    1055
CTRIA3      9417       4    1110    1055    1109
CTRIA3      9418       2    1056    1111    1100
CTRIA3      9419       2    1103    1111    1056
CTRIA3      9420       5    1059    1058    1116
CTRIA3      9421       5    1058    1078    1116
CTRIA3      9422       4    1117    1092    1059
CTRIA3      9423       5    1116    1117    1059
CTRIA3      9424       3    1074    1060    1118
CTRIA3      9425       3    1118    1060    1063
CTRIA3      9426       3    1118    1063    1119
CTRIA3      9427       3    1119    1063    1081
CTRIA3      9428       5    1074    1127    1072
CTRIA3      9429       5    1072    1127    1078
CTRIA3      9430       3    1074    1118    1128
CTRIA3      9431       5    1074    1128    1127
CTRIA3      9432       5    1116    1078    1131
CTRIA3      9433       5    1127    1131    1078
CTRIA3      9434       3    1119    1081    1133
CTRIA3      9435       3    1084    1133    1081
CTRIA3      9436       3    1084    1085    1134
CTRIA3      9437       3    1084    1134    1133
CTRIA3      9438       3    1085    1101    1137
CTRIA3      9439       3    1134    1085    1137
CTRIA3      9440       4    1090    1092    1141
CTRIA3      9441       4    1090    1141    1097
CTRIA3      9442       4    1092    1117    1145
CTRIA3      9443       4    1092    1145    1141
CTRIA3      9444       4    1107    1097    1151
CTRIA3      9445       4    1141    1151    1097
CTRIA3      9446       2    1153    1101    1100
CTRIA3      9447       2    1153    1100    1111
CTRIA3      9448       2    1154    1101    1153
CTRIA3      9449       3    1154    1137    1101
CTRIA3      9450       2    1103    1110    1155
CTRIA3      9451       2    1111    1103    1155
CTRIA3      9452       4    1109    1107    1161
CTRIA3      9453       4    1151    1161    1107
CTRIA3      9454       4    1164    1110    1109
CTRIA3      9455       4    1161    1164    1109
CTRIA3      9456       2    1165    1155    1110
CTRIA3      9457       4    1165    1110    1164
CTRIA3      9458       2    1111    1166    1153
CTRIA3      9459       2    1155    1166    1111
CTRIA3      9460       5    1117    1116    1170
CTRIA3      9461       5    1116    1131    1170
CTRIA3      9462       4    1171    1145    1117
CTRIA3      9463       5    1170    1171    1117
CTRIA3      9464       3    1128    1118    1172
CTRIA3      9465       3    1119    1172    1118
CTRIA3      9466       3    1172    1119    1173
CTRIA3      9467       3    1133    1173    1119
CTRIA3      9468       5    1128    1183    1127
CTRIA3      9469       5    1127    1183    1131
CTRIA3      9470       3    1184    1128    1172
CTRIA3      9471       5    1183    1128    1184
CTRIA3      9472       5    1183    1186    1131
CTRIA3      9473       5    1170    1131    1186
CTRIA3      9474       3    1134    1188    1133
CTRIA3      9475       3    1173    1133    1188
CTRIA3      9476       3    1137    1190    1134
CTRIA3      9477       3    1188    1134    1190
CTRIA3      9478       3    1191    1137    1154
CTRIA3      9479       3    1191    1190    1137
CTRIA3      9480       4    1141    1145    1194
CTRIA3      9481       4    1141    1194    1151
CTRIA3      9482       4    1145    1171    1198
CTRIA3      9483       4    1198    1194    1145
CTRIA3      9484       4    1161    1151    1201
CTRIA3      9485       4    1201    1151    1194
CTRIA3      9486       2    1202    1154    1153
CTRIA3      9487       2    1202    1153    1166
CTRIA3      9488       2    1203    1154    1202
CTRIA3      9489       3    1203    1191    1154
CTRIA3      9490       2    1204    1155    1165
CTRIA3      9491       2    1166    1155    1204
CTRIA3      9492       4    1161    1210    1164
CTRIA3      9493       4    1210    1161    1201
CTRIA3      9494       4    1212    1165    1164
CTRIA3      9495       4    1212    1164    1210
CTRIA3      9496       2    1214    1204    1165
CTRIA3      9497       4    1214    1165    1212
CTRIA3      9498       2    1215    1202    1166
CTRIA3      9499       2    1204    1215    1166
CTRIA3      9500       5    1171    1170    1218
CTRIA3      9501       5    1186    1218    1170
CTRIA3      9502       4    1220    1198    1171
CTRIA3      9503       5    1220    1171    1218
CTRIA3      9504       3    1221    1184    1172
CTRIA3      9505       3    1173    1221    1172
CTRIA3      9506       3    1221    1173    1223
CTRIA3      9507       3    1188    1223    1173
CTRIA3      9508       5    1183    1184    1230
CTRIA3      9509       5    1230    1186    1183
CTRIA3      9510       3    1231    1184    1221
CTRIA3      9511       5    1231    1230    1184
CTRIA3      9512       5    1230    1233    1186
CTRIA3      9513       5    1218    1186    1233
CTRIA3      9514       3    1190    1237    1188
CTRIA3      9515       3    1223    1188    1237
CTRIA3      9516       3    1240    1190    1191
CTRIA3      9517       3    1237    1190    1240
CTRIA3      9518       3    1241    1191    1203
CTRIA3      9519       3    1241    1240    1191
CTRIA3      9520       4    1198    1248    1194
CTRIA3      9521       4    1201    1194    1248
CTRIA3      9522       4    1251    1198    1220
CTRIA3      9523       4    1251    1248    1198
CTRIA3      9524       4    1210    1201    1255
CTRIA3      9525       4    1255    1201    1248
CTRIA3      9526       2    1256    1203    1202
CTRIA3      9527       2    1256    1202    1215
CTRIA3      9528       2    1257    1203    1256
CTRIA3      9529       3    1257    1241    1203
CTRIA3      9530       2    1258    1204    1214
CTRIA3      9531       2    1215    1204    1258
CTRIA3      9532       4    1260    1212    1210
CTRIA3      9533       4    1255    1260    1210
CTRIA3      9534       4    1262    1214    1212
CTRIA3      9535       4    1262    1212    1260
CTRIA3      9536       2    1263    1258    1214
CTRIA3      9537       4    1263    1214    1262
CTRIA3      9538       2    1264    1256    1215
CTRIA3      9539       2    1258    1264    1215
CTRIA3      9540       5    1218    1268    1220
CTRIA3      9541       5    1233    1268    1218
CTRIA3      9542       4    1269    1251    1220
CTRIA3      9543       5    1269    1220    1268
CTRIA3      9544       3    1270    1231    1221
CTRIA3      9545       3    1223    1270    1221
CTRIA3      9546       3    1223    1274    1270
CTRIA3      9547       3    1274    1223    1237
CTRIA3      9548       5    1279    1230    1231
CTRIA3      9549       5    1279    1233    1230
CTRIA3      9550       3    1280    1231    1270
CTRIA3      9551       5    1280    1279    1231
CTRIA3      9552       5    1233    1279    1281
CTRIA3      9553       5    1268    1233    1281
CTRIA3      9554       3    1240    1287    1237
CTRIA3      9555       3    1274    1237    1287
CTRIA3      9556       3    1289    1240    1241
CTRIA3      9557       3    1287    1240    1289
CTRIA3      9558       3    1290    1241    1257
CTRIA3      9559       3    1290    1289    1241
CTRIA3      9560       4    1248    1251    1296
CTRIA3      9561       4    1296    1255    1248
CTRIA3      9562       4    1298    1251    1269
CTRIA3      9563       4    1298    1296    1251
CTRIA3      9564       4    1301    1260    1255
CTRIA3      9565       4    1296    1301    1255
CTRIA3      9566       2    1304    1257    1256
CTRIA3      9567       2    1304    1256    1264
CTRIA3      9568       2    1305    1257    1304
CTRIA3      9569       3    1305    1290    1257
CTRIA3      9570       2    1307    1258    1263
CTRIA3      9571       2    1264    1258    1307
CTRIA3      9572       4    1309    1262    1260
CTRIA3      9573       4    1301    1309    1260
CTRIA3      9574       4    1313    1263    1262
CTRIA3      9575       4    1313    1262    1309
CTRIA3      9576       2    1315    1307    1263
CTRIA3      9577       4    1315    1263    1313
CTRIA3      9578       2    1317    1304    1264
CTRIA3      9579       2    1307    1317    1264
CTRIA3      9580       5    1323    1269    1268
CTRIA3      9581       5    1281    1323    1268
CTRIA3      9582       4    1324    1298    1269
CTRIA3      9583       5    1324    1269    1323
CTRIA3      9584       3    1325    1280    1270
CTRIA3      9585       3    1325    1270    1274
CTRIA3      9586       3    1329    1325    1274
CTRIA3      9587       3    1287    1329    1274
CTRIA3      9588       5    1336    1279    1280
CTRIA3      9589       5    1336    1281    1279
CTRIA3      9590       3    1337    1280    1325
CTRIA3      9591       5    1337    1336    1280
CTRIA3      9592       5    1339    1281    1336
CTRIA3      9593       5    1323    1281    1339
CTRIA3      9594       3    1289    1344    1287
CTRIA3      9595       3    1329    1287    1344
CTRIA3      9596       3    1346    1289    1290
CTRIA3      9597       3    1344    1289    1346
CTRIA3      9598       3    1347    1290    1305
CTRIA3      9599       3    1347    1346    1290
CTRIA3      9600       4    1351    1296    1298
CTRIA3      9601       4    1301    1296    1351
CTRIA3      9602       4    1352    1298    1324
CTRIA3      9603       4    1352    1351    1298
CTRIA3      9604       4    1309    1301    1356
CTRIA3      9605       4    1351    1356    1301
CTRIA3      9606       2    1358    1305    1304
CTRIA3      9607       2    1358    1304    1317
CTRIA3      9608       2    1359    1305    1358
CTRIA3      9609       3    1359    1347    1305
CTRIA3      9610       2    1360    1307    1315
CTRIA3      9611       2    1317    1307    1360
CTRIA3      9612       4    1365    1313    1309
CTRIA3      9613       4    1356    1365    1309
CTRIA3      9614       4    1369    1315    1313
CTRIA3      9615       4    1369    1313    1365
CTRIA3      9616       2    1370    1360    1315
CTRIA3      9617       4    1370    1315    1369
CTRIA3      9618       2    1373    1358    1317
CTRIA3      9619       2    1360    1373    1317
CTRIA3      9620       5    1378    1324    1323
CTRIA3      9621       5    1339    1378    1323
CTRIA3      9622       4    1379    1352    1324
CTRIA3      9623       5    1379    1324    1378
CTRIA3      9624       3    1383    1337    1325
CTRIA3      9625       3    1383    1325    1329
CTRIA3      9626       3    1386    1383    1329
CTRIA3      9627       3    1344    1386    1329
CTRIA3      9628       5    1390    1336    1337
CTRIA3      9629       5    1390    1339    1336
CTRIA3      9630       3    1391    1337    1383
CTRIA3      9631       5    1391    1390    1337
CTRIA3      9632       5    1393    1339    1390
CTRIA3      9633       5    1378    1339    1393
CTRIA3      9634       3    1346    1397    1344
CTRIA3      9635       3    1386    1344    1397
CTRIA3      9636       3    1399    1346    1347
CTRIA3      9637       3    1397    1346    1399
CTRIA3      9638       3    1400    1347    1359
CTRIA3      9639       3    1400    1399    1347
CTRIA3      9640       4    1403    1351    1352
CTRIA3      9641       4    1356    1351    1403
CTRIA3      9642       4    1404    1352    1379
CTRIA3      9643       4    1404    1403    1352
CTRIA3      9644       4    1365    1356    1408
CTRIA3      9645       4    1403    1408    1356
CTRIA3      9646       2    1410    1359    1358
CTRIA3      9647       2    1410    1358    1373
CTRIA3      9648       2    1411    1359    1410
CTRIA3      9649       3    1411    1400    1359
CTRIA3      9650       2    1413    1360    1370
CTRIA3      9651       2    1373    1360    1413
CTRIA3      9652       4    1415    1369    1365
CTRIA3      9653       4    1408    1415    1365
CTRIA3      9654       4    1419    1370    1369
CTRIA3      9655       4    1419    1369    1415
CTRIA3      9656       2    1420    1413    1370
CTRIA3      9657       4    1420    1370    1419
CTRIA3      9658       2    1373    1423    1410
CTRIA3      9659       2    1413    1423    1373
CTRIA3      9660       5    1430    1379    1378
CTRIA3      9661       5    1393    1430    1378
CTRIA3      9662       4    1431    1404    1379
CTRIA3      9663       5    1431    1379    1430
CTRIA3      9664       3    1436    1391    1383
CTRIA3      9665       3    1436    1383    1386
CTRIA3      9666       3    1438    1436    1386
CTRIA3      9667       3    1397    1438    1386
CTRIA3      9668       5    1440    1390    1391
CTRIA3      9669       5    1440    1393    1390
CTRIA3      9670       3    1441    1391    1436
CTRIA3      9671       5    1441    1440    1391
CTRIA3      9672       5    1442    1393    1440
CTRIA3      9673       5    1430    1393    1442
CTRIA3      9674       3    1399    1444    1397
CTRIA3      9675       3    1438    1397    1444
CTRIA3      9676       3    1446    1399    1400
CTRIA3      9677       3    1444    1399    1446
CTRIA3      9678       3    1447    1400    1411
CTRIA3      9679       3    1447    1446    1400
CTRIA3      9680       4    1450    1403    1404
CTRIA3      9681       4    1408    1403    1450
CTRIA3      9682       4    1451    1404    1431
CTRIA3      9683       4    1451    1450    1404
CTRIA3      9684       4    1415    1408    1454
CTRIA3      9685       4    1450    1454    1408
CTRIA3      9686       3    1455    1447    1411
CTRIA3      9687       2    1455    1411    1456
CTRIA3      9688       2    1456    1411    1410
CTRIA3      9689       2    1456    1410    1423
CTRIA3      9690       2    1460    1413    1420
CTRIA3      9691       2    1423    1413    1460
CTRIA3      9692       4    1462    1419    1415
CTRIA3      9693       4    1454    1462    1415
CTRIA3      9694       4    1465    1420    1419
CTRIA3      9695       4    1465    1419    1462
CTRIA3      9696       2    1466    1460    1420
CTRIA3      9697       4    1466    1420    1465
CTRIA3      9698       2    1423    1471    1456
CTRIA3      9699       2    1460    1471    1423
CTRIA3      9700       2    1472    1455    1456
CTRIA3      9701       2    1472    1456    1471
CTRIA3      9702       5    1479    1431    1430
CTRIA3      9703       5    1442    1479    1430
CTRIA3      9704       4    1480    1451    1431
CTRIA3      9705       5    1480    1431    1479
CTRIA3      9706       3    1485    1441    1436
CTRIA3      9707       3    1485    1436    1438
CTRIA3      9708       3    1486    1485    1438
CTRIA3      9709       3    1444    1486    1438
CTRIA3      9710       5    1488    1440    1441
CTRIA3      9711       5    1488    1442    1440
CTRIA3      9712       3    1489    1441    1485
CTRIA3      9713       5    1489    1488    1441
CTRIA3      9714       5    1490    1442    1488
CTRIA3      9715       5    1479    1442    1490
CTRIA3      9716       2    1491    1455    1472
CTRIA3      9717       3    1446    1493    1444
CTRIA3      9718       3    1486    1444    1493
CTRIA3      9719       3    1494    1446    1447
CTRIA3      9720       3    1493    1446    1494
CTRIA3      9721       3    1491    1495    1455
CTRIA3      9722       3    1495    1447    1455
CTRIA3      9723       3    1495    1494    1447
CTRIA3      9724       4    1498    1450    1451
CTRIA3      9725       4    1454    1450    1498
CTRIA3      9726       4    1499    1451    1480
CTRIA3      9727       4    1499    1498    1451
CTRIA3      9728       4    1462    1454    1500
CTRIA3      9729       4    1498    1500    1454
CTRIA3      9730       2    1506    1460    1466
CTRIA3      9731       2    1471    1460    1506
CTRIA3      9732       4    1509    1465    1462
CTRIA3      9733       4    1500    1509    1462
CTRIA3      9734       4    1510    1466    1465
CTRIA3      9735       4    1510    1465    1509
CTRIA3      9736       2    1511    1506    1466
CTRIA3      9737       4    1511    1466    1510
CTRIA3      9738       2    1471    1518    1472
CTRIA3      9739       2    1506    1518    1471
CTRIA3      9740       2    1519    1491    1472
CTRIA3      9741       2    1519    1472    1518
CTRIA3      9742       5    1526    1480    1479
CTRIA3      9743       5    1490    1526    1479
CTRIA3      9744       4    1527    1499    1480
CTRIA3      9745       5    1527    1480    1526
CTRIA3      9746       3    1532    1489    1485
CTRIA3      9747       3    1532    1485    1486
CTRIA3      9748       3    1533    1532    1486
CTRIA3      9749       3    1493    1533    1486
CTRIA3      9750       5    1535    1488    1489
CTRIA3      9751       5    1535    1490    1488
CTRIA3      9752       3    1536    1489    1532
CTRIA3      9753       5    1536    1535    1489
CTRIA3      9754       5    1537    1490    1535
CTRIA3      9755       5    1526    1490    1537
CTRIA3      9756       2    1538    1491    1519
CTRIA3      9757       3    1538    1540    1491
CTRIA3      9758       3    1540    1495    1491
CTRIA3      9759       3    1493    1494    1541
CTRIA3      9760       3    1533    1493    1541
CTRIA3      9761       3    1540    1542    1495
CTRIA3      9762       3    1542    1494    1495
CTRIA3      9763       3    1541    1494    1542
CTRIA3      9764       4    1543    1498    1499
CTRIA3      9765       4    1500    1498    1543
CTRIA3      9766       4    1545    1499    1527
CTRIA3      9767       4    1545    1543    1499
CTRIA3      9768       4    1509    1500    1547
CTRIA3      9769       4    1543    1547    1500
CTRIA3      9770       2    1552    1554    1511
CTRIA3      9771       2    1506    1511    1554
CTRIA3      9772       2    1518    1506    1554
CTRIA3      9773       4    1556    1510    1509
CTRIA3      9774       4    1547    1556    1509
CTRIA3      9775       4    1552    1511    1557
CTRIA3      9776       4    1557    1511    1510
CTRIA3      9777       4    1557    1510    1556
CTRIA3      9778       2    1552    1558    1554
CTRIA3      9779       2    1559    1558    1552
CTRIA3      9780       2    1566    1554    1558
CTRIA3      9781       2    1519    1518    1566
CTRIA3      9782       2    1554    1566    1518
CTRIA3      9783       2    1538    1519    1568
CTRIA3      9784       2    1566    1568    1519
CTRIA3      9785       2    1569    1538    1568
CTRIA3      9786       5    1576    1527    1526
CTRIA3      9787       5    1537    1576    1526
CTRIA3      9788       4    1577    1545    1527
CTRIA3      9789       5    1577    1527    1576
CTRIA3      9790       3    1581    1536    1532
CTRIA3      9791       3    1581    1532    1533
CTRIA3      9792       3    1582    1581    1533
CTRIA3      9793       3    1533    1541    1582
CTRIA3      9794       5    1583    1535    1536
CTRIA3      9795       5    1583    1537    1535
CTRIA3      9796       3    1584    1536    1581
CTRIA3      9797       5    1584    1583    1536
CTRIA3      9798       5    1586    1537    1583
CTRIA3      9799       5    1576    1537    1586
CTRIA3      9800       3    1569    1587    1538
CTRIA3      9801       3    1587    1540    1538
CTRIA3      9802       3    1588    1540    1587
CTRIA3      9803       3    1588    1542    1540
CTRIA3      9804       3    1542    1588    1589
CTRIA3      9805       3    1542    1589    1541
CTRIA3      9806       3    1541    1589    1582
CTRIA3      9807       4    1591    1543    1545
CTRIA3      9808       4    1543    1591    1547
CTRIA3      9809       4    1593    1545    1577
CTRIA3      9810       4    1591    1545    1593
CTRIA3      9811       4    1556    1547    1594
CTRIA3      9812       4    1591    1594    1547
CTRIA3      9813       4    1595    1559    1552
CTRIA3      9814       4    1595    1552    1557
CTRIA3      9815       2    1568    1566    1603
CTRIA3      9816       2    1558    1603    1566
CTRIA3      9817       4    1605    1595    1557
CTRIA3      9818       4    1557    1556    1605
CTRIA3      9819       4    1594    1605    1556
CTRIA3      9820       2    1559    1608    1558
CTRIA3      9821       2    1603    1558    1608
CTRIA3      9822       4    1610    1559    1595
CTRIA3      9823       2    1611    1608    1559
CTRIA3      9824       4    1559    1610    1611
CTRIA3      9825       2    1568    1624    1569
CTRIA3      9826       2    1624    1568    1603
CTRIA3      9827       2    1625    1569    1624
CTRIA3      9828       3    1626    1569    1625
CTRIA3      9829       3    1626    1587    1569
CTRIA3      9830       5    1632    1577    1576
CTRIA3      9831       5    1586    1632    1576
CTRIA3      9832       4    1633    1593    1577
CTRIA3      9833       5    1633    1577    1632
CTRIA3      9834       3    1636    1584    1581
CTRIA3      9835       3    1581    1582    1636
CTRIA3      9836       3    1636    1582    1637
CTRIA3      9837       3    1589    1637    1582
CTRIA3      9838       5    1639    1583    1584
CTRIA3      9839       5    1639    1586    1583
CTRIA3      9840       3    1640    1584    1636
CTRIA3      9841       5    1640    1639    1584
CTRIA3      9842       5    1641    1586    1639
CTRIA3      9843       5    1632    1586    1641
CTRIA3      9844       3    1587    1626    1642
CTRIA3      9845       3    1587    1642    1588
CTRIA3      9846       3    1643    1588    1642
CTRIA3      9847       3    1588    1643    1589
CTRIA3      9848       3    1589    1643    1637
CTRIA3      9849       4    1593    1644    1591
CTRIA3      9850       4    1594    1591    1644
CTRIA3      9851       4    1645    1593    1633
CTRIA3      9852       4    1644    1593    1645
CTRIA3      9853       4    1605    1594    1647
CTRIA3      9854       4    1644    1647    1594
CTRIA3      9855       4    1648    1610    1595
CTRIA3      9856       4    1648    1595    1605
CTRIA3      9857       4    1648    1605    1647
CTRIA3      9858       2    1608    1654    1603
CTRIA3      9859       2    1624    1603    1654
CTRIA3      9860       2    1611    1660    1608
CTRIA3      9861       2    1660    1654    1608
CTRIA3      9862       2    1661    1660    1611
CTRIA3      9863       2    1662    1660    1661
CTRIA3      9864       4    1663    1610    1648
CTRIA3      9865       4    1661    1611    1664
CTRIA3      9866       4    1611    1610    1664
CTRIA3      9867       4    1663    1664    1610
CTRIA3      9868       2    1662    1661    1665
CTRIA3      9869       2    1627    1625    1679
CTRIA3      9870       2    1625    1624    1679
CTRIA3      9871       2    1679    1624    1654
CTRIA3      9872       2    1680    1679    1654
CTRIA3      9873       2    1681    1627    1679
CTRIA3      9874       2    1681    1679    1680
CTRIA3      9875       3    1683    1625    1627
CTRIA3      9876       3    1683    1626    1625
CTRIA3      9877       3    1683    1684    1626
CTRIA3      9878       3    1626    1684    1642
CTRIA3      9879       3    1685    1683    1627
CTRIA3      9880       2    1681    1686    1627
CTRIA3      9881       3    1627    1686    1685
CTRIA3      9882       5    1688    1633    1632
CTRIA3      9883       5    1632    1641    1688
CTRIA3      9884       4    1689    1645    1633
CTRIA3      9885       5    1688    1689    1633
CTRIA3      9886       3    1692    1637    1643
CTRIA3      9887       3    1693    1640    1636
CTRIA3      9888       3    1636    1637    1693
CTRIA3      9889       3    1692    1693    1637
CTRIA3      9890       5    1694    1639    1640
CTRIA3      9891       5    1641    1639    1694
CTRIA3      9892       3    1640    1693    1695
CTRIA3      9893       5    1695    1694    1640
CTRIA3      9894       5    1694    1696    1641
CTRIA3      9895       5    1688    1641    1696
CTRIA3      9896       3    1684    1697    1642
CTRIA3      9897       3    1642    1697    1643
CTRIA3      9898       3    1692    1643    1697
CTRIA3      9899       4    1645    1699    1644
CTRIA3      9900       4    1647    1644    1699
CTRIA3      9901       4    1689    1700    1645
CTRIA3      9902       4    1699    1645    1700
CTRIA3      9903       4    1663    1648    1705
CTRIA3      9904       4    1699    1705    1647
CTRIA3      9905       4    1648    1647    1705
CTRIA3      9906       2    1662    1709    1660
CTRIA3      9907       2    1680    1654    1709
CTRIA3      9908       2    1660    1709    1654
CTRIA3      9909       2    1662    1665    1710
CTRIA3      9910       2    1662    1710    1709
CTRIA3      9911       2    1711    1686    1681
CTRIA3      9912       2    1681    1680    1711
CTRIA3      9913       2    1709    1710    1712
CTRIA3      9914       2    1680    1712    1711
CTRIA3      9915       2    1712    1680    1709
CTRIA3      9916       4    1718    1665    1661
CTRIA3      9917       4    1718    1661    1664
CTRIA3      9918       1    1710    1665    1719
CTRIA3      9919       4    1663    1721    1664
CTRIA3      9920       4    1663    1705    1721
CTRIA3      9921       4    1718    1664    1722
CTRIA3      9922       4    1722    1664    1721
CTRIA3      9923       1    1719    1665    1723
CTRIA3      9924       4    1718    1723    1665
CTRIA3      9925       4    1718    1722    1723
CTRIA3      9926       1    1711    1736    1686
CTRIA3      9927       3    1738    1697    1684
CTRIA3      9928       3    1685    1740    1683
CTRIA3      9929       3    1683    1740    1684
CTRIA3      9930       3    1738    1684    1740
CTRIA3      9931       1    1736    1741    1686
CTRIA3      9932       3    1685    1686    1741
CTRIA3      9933       3    1685    1741    1740
CTRIA3      9934       3    1742    1692    1697
CTRIA3      9935       3    1743    1695    1693
CTRIA3      9936       3    1743    1693    1692
CTRIA3      9937       3    1742    1743    1692
CTRIA3      9938       5    1689    1688    1744
CTRIA3      9939       5    1696    1744    1688
CTRIA3      9940       4    1745    1700    1689
CTRIA3      9941       5    1744    1745    1689
CTRIA3      9942       5    1695    1748    1694
CTRIA3      9943       5    1696    1694    1748
CTRIA3      9944       3    1695    1743    1749
CTRIA3      9945       5    1749    1748    1695
CTRIA3      9946       5    1750    1696    1748
CTRIA3      9947       5    1750    1744    1696
CTRIA3      9948       3    1738    1752    1697
CTRIA3      9949       3    1742    1697    1752
CTRIA3      9950       4    1700    1756    1699
CTRIA3      9951       4    1699    1756    1705
CTRIA3      9952       4    1745    1757    1700
CTRIA3      9953       4    1700    1757    1756
CTRIA3      9954       4    1763    1721    1705
CTRIA3      9955       4    1763    1705    1756
CTRIA3      9956       1    1768    1712    1710
CTRIA3      9957       1    1719    1768    1710
CTRIA3      9958       1    1712    1769    1711
CTRIA3      9959       1    1768    1769    1712
CTRIA3      9960       1    1736    1711    1769
CTRIA3      9961       1    1719    1723    1771
CTRIA3      9962       1    1719    1771    1768
CTRIA3      9963       4    1722    1721    1774
CTRIA3      9964       4    1763    1774    1721
CTRIA3      9965       1    1723    1775    1771
CTRIA3      9966       4    1722    1775    1723
CTRIA3      9967       4    1775    1722    1774
CTRIA3      9968       4    1757    1745    1782
CTRIA3      9969       1    1736    1784    1741
CTRIA3      9970       1    1736    1769    1784
CTRIA3      9971       3    1738    1740    1785
CTRIA3      9972       3    1738    1785    1752
CTRIA3      9973       1    1741    1784    1786
CTRIA3      9974       3    1786    1740    1741
CTRIA3      9975       3    1785    1740    1786
CTRIA3      9976       3    1749    1743    1789
CTRIA3      9977       3    1742    1789    1743
CTRIA3      9978       3    1742    1752    1789
CTRIA3      9979       3    1752    1785    1790
CTRIA3      9980       3    1790    1789    1752
CTRIA3      9981       3    1749    1789    1792
CTRIA3      9982       5    1745    1793    1782
CTRIA3      9983       5    1793    1745    1744
CTRIA3      9984       5    1744    1750    1793
CTRIA3      9985       5    1792    1795    1749
CTRIA3      9986       5    1748    1749    1795
CTRIA3      9987       5    1750    1748    1795
CTRIA3      9988       5    1796    1750    1795
CTRIA3      9989       5    1796    1793    1750
CTRIA3      9990       5    1797    1782    1793
CTRIA3      9991       5    1797    1798    1782
CTRIA3      9992       4    1763    1804    1774
CTRIA3      9993       4    1757    1804    1756
CTRIA3      9994       4    1763    1756    1804
CTRIA3      9995       4    1805    1782    1798
CTRIA3      9996       4    1805    1757    1782
CTRIA3      9997       4    1805    1804    1757
CTRIA3      9998       4    1805    1798    1810
CTRIA3      9999       4    1805    1810    1804
CTRIA3     10000       4    1811    1804    1810
CTRIA3     10001       4    1774    1811    1775
CTRIA3     10002       4    1811    1774    1804
CTRIA3     10003       1    1769    1768    1813
CTRIA3     10004       1    1771    1813    1768
CTRIA3     10005       1    1784    1769    1813
CTRIA3     10006       1    1775    1811    1815
CTRIA3     10007       1    1775    1815    1771
CTRIA3     10008       1    1771    1815    1813
CTRIA3     10009       1    1821    1810    1798
CTRIA3     10010       1    1786    1784    1823
CTRIA3     10011       1    1784    1813    1823
CTRIA3     10012       1    1786    1823    1824
CTRIA3     10013       3    1785    1786    1824
CTRIA3     10014       3    1824    1790    1785
CTRIA3     10015       3    1826    1792    1789
CTRIA3     10016       3    1826    1789    1790
CTRIA3     10017       3    1790    1824    1827
CTRIA3     10018       3    1826    1790    1827
CTRIA3     10019       3    1826    1827    1828
CTRIA3     10020       3    1826    1828    1792
CTRIA3     10021       5    1792    1828    1829
CTRIA3     10022       5    1829    1795    1792
CTRIA3     10023       5    1830    1797    1793
CTRIA3     10024       5    1796    1830    1793
CTRIA3     10025       5    1831    1795    1829
CTRIA3     10026       5    1831    1830    1796
CTRIA3     10027       5    1831    1796    1795
CTRIA3     10028       1    1832    1821    1798
CTRIA3     10029       5    1832    1798    1797
CTRIA3     10030       5    1797    1830    1832
CTRIA3     10031       5    1833    1829    1828
CTRIA3     10032       1    1837    1811    1810
CTRIA3     10033       1    1821    1837    1810
CTRIA3     10034       1    1811    1837    1815
CTRIA3     10035       1    1838    1815    1837
CTRIA3     10036       1    1815    1838    1813
CTRIA3     10037       1    1823    1813    1838
CTRIA3     10038       1    1821    1832    1841
CTRIA3     10039       1    1841    1837    1821
CTRIA3     10040       1    1827    1824    1842
CTRIA3     10041       1    1823    1842    1824
CTRIA3     10042       1    1838    1842    1823
CTRIA3     10043       1    1827    1843    1828
CTRIA3     10044       1    1833    1828    1843
CTRIA3     10045       1    1843    1827    1842
CTRIA3     10046       1    1833    1843    1844
CTRIA3     10047       1    1832    1844    1841
CTRIA3     10048       5    1833    1844    1829
CTRIA3     10049       5    1830    1844    1832
CTRIA3     10050       5    1830    1831    1844
CTRIA3     10051       5    1831    1829    1844
CTRIA3     10052       1    1845    1842    1838
CTRIA3     10053       1    1845    1837    1841
CTRIA3     10054       1    1845    1838    1837
CTRIA3     10055       1    1841    1844    1846
CTRIA3     10056       1    1846    1843    1842
CTRIA3     10057       1    1846    1844    1843
CTRIA3     10058       1    1846    1845    1841
CTRIA3     10059       1    1846    1842    1845
$ Property data section
PSOLID         1
PSOLID         2
PSHELL         1
PSHELL         2
PSHELL         3
PSHELL         4
PSHELL         5
PSHELL         6
PSHELL         7
PSHELL         8
PSHELL         9
PSHELL        10
PSHELL        11
ENDDATA
